2026-09-11 14:36:40.351348: I tensorflow/core/util/util.cc:169] oneDNN custom operations are on. You may see slightly different numerical results due to floating-point round-off errors from different computation orders. To turn them off, set the environment variable `TF_ENABLE_ONEDNN_OPTS=0`.
2026-09-11 14:36:40.356394: W tensorflow/stream_executor/platform/default/dso_loader.cc:64] Could not load dynamic library 'libcudart.so.11.0'; dlerror: libcudart.so.11.0: cannot open shared object file: No such file or directory; LD_LIBRARY_PATH: /usr/local/cuda-12.2/lib64:/usr/local/cuda-12.2/lib64:/usr/local/cuda-12.2/lib64
2026-09-11 14:36:40.356416: I tensorflow/stream_executor/cuda/cudart_stub.cc:29] Ignore above cudart dlerror if you do not have a GPU set up on your machine.
/home/xzy/miniconda3/envs/warpgan/lib/python3.9/site-packages/sklearn/utils/fixes.py:28: UserWarning: pkg_resources is deprecated as an API. See https://setuptools.pypa.io/en/latest/pkg_resources.html. The pkg_resources package is slated for removal as early as 2025-11-30. Refrain from using this package or pin to Setuptools<81.
  from pkg_resources import parse_version  # type: ignore
W0911 14:36:46.695388 118725 site-packages/torch/utils/cpp_extension.py:2425] TORCH_CUDA_ARCH_LIST is not set, all archs for visible cards are included for compilation. 
W0911 14:36:46.695388 118725 site-packages/torch/utils/cpp_extension.py:2425] If this is not desired, please set os.environ['TORCH_CUDA_ARCH_LIST'] to specific architectures.
W0911 14:37:18.017720 118725 site-packages/torch/utils/cpp_extension.py:2425] TORCH_CUDA_ARCH_LIST is not set, all archs for visible cards are included for compilation. 
W0911 14:37:18.017720 118725 site-packages/torch/utils/cpp_extension.py:2425] If this is not desired, please set os.environ['TORCH_CUDA_ARCH_LIST'] to specific architectures.
[compat] patched models/goae WindowAttention.forward (torch>=2.6 CPU-bound clamp fix; numerically identical)
device: cuda:0
exp_dir: /home/xzy/warpgan-diffusiong-inpainting/warpgan-diffusion-inpainting-main/experiments/train_inpainting_diffusion/[20260911-143749]_v18w3_w3d_30k
checkpoint_path: null
max_steps: 30000
paths:
  sd: ./pretrained_models/AI-ModelScope/stable-diffusion-v1-5
  brushnet: ./pretrained_models/brushnet
  wplus_stage_c: /data/xzy/warpgan20260803/20260803/experiments/_wplus_identity_pretrain/checkpoints/iteration_50000.pt
  dataset:
    train: ./data/FFHQ-EG3D_all_static_rebalanced
    test: ./data/celeba-hq_1000_static_rebalanced
    synth: ./data/SynthData100000_rebalanced
data:
  batch_size: 1
  workers: 4
  test_batch_size: 2
  test_workers: 2
  rebalanced: false
  add_LPFF: false
  synth:
    able: true
    zplus: false
    batch_size: ${data.batch_size}
gan:
  device: ${device}
  eg3d_type: plus_r
  encoder_type: goae
  psp:
    n_styles: 14
  goae:
    mlp_layer: 2
    cfg: ./configs/swinv2.yaml
  state_dict_key: psp_state_dict
  checkpoint_path: ./pretrained_models/inversion/gan_encoder.pt
warp:
  warp_ori_train: true
  warp_ori_val: true
  warp_pred: false
  hybrid: true
  cond_erode_kernel: 3
  cond_gaussian_blur_kernel: 21
wplus:
  mode: s1_mapper
  gate_value: 3.0
  init_from_stage_c: false
reference:
  use: true
  use_mirror: true
  real_primary: mirror
  gate_init: 0.5
  lr: 5.0e-06
  local_window_k: 0
  local_gate_init: 0.25
brushnet:
  init: pretrained
  lr: 1.0e-05
  use_8bit_adam: true
  gradient_checkpointing: true
losses:
  eps_weight: 1.0
  synth_texture: full
  synth_lowpass_sigma: 2.0
  real_pass1:
    forward: false
    visible_weight: 1.0
    hole_weight: 0
    blind_struct_weight: 0
    mirror_anchor: true
  pixel:
    max_timestep: 200
    x0_clip: 3.0
    resolution: 256
    patch_latent: 32
    apply_to_synth: false
    l1_weight: 0
    resnet_pl_weight: 0
    id_weight: 0
    weights_path: ./pretrained_models/LaMa_perceptual_loss_models
  latent:
    weight: 0
  lpips:
    weight: 0
  adversarial:
    weight: 0
    kind: r1
    gp_coef: 0.001
    mask_as_fake_target: false
    allow_scale_mask: true
  feature_matching:
    weight: 0
  x0:
    enable: true
    mode: invsr
    t_max: 300
    w_ldif: 1.0
    w_lfm: 2.0
    w_ldis: 0.1
    dis_warmup: 3000
    latent_bound: 10.0
    l1_weight: 1.0
    clip: 8.0
    res_latent: 32
    d_real: paired_target
  preserve:
    weight: 0
    teacher_wplus: true
  discriminator:
    kind: pix2pixhd_nlayer
    input_nc: 3
    ndf: 64
    n_layers: 4
  optimizers:
    discriminator:
      lr: 0.0001
log:
  image_interval: 500
  board_interval: 50
  val_interval: 2000
  save_interval: 5000
  use_wandb: false
smoke:
  check: true
  fix_timestep: null

==============================================================================
[EFFECTIVE CONFIG — verify line by line before trusting any run]
  exp_dir               : /home/xzy/warpgan-diffusiong-inpainting/warpgan-diffusion-inpainting-main/experiments/train_inpainting_diffusion/[20260911-143749]_v18w3_w3d_30k
  max_steps             : 30000
  device                : cuda:0
  synth/real 1:1        : use_synth=True
  batch_size (real/synth): 1 / 1
  warp: 512=True hybrid=True warp_pred=False mask=raw_splatting (NO erode/blur)
  warp cond soften     : erode=3px blur_k=21 (v10: CONDITION-side only, supervision keeps raw mask; orig port)
  wplus: mode=s1_mapper gate=fixed tanh(3.0) stage_c_init=False
  reference: use=True use_mirror=True gate_init=0.5 lr=5e-06
  reference real_primary : mirror (user plan: real photo = PRIMARY bank source, render -> extra)
  reference LOCAL       : window=0 gate_init=0.25 (v11 texture-band retrieval from PRIMARY (real-photo) source; activates the formerly-dead reference_local_scale)
  real pass1 dual-band  : visible/mirror FULL-band x1.0 + blind LOW-band x0.0 (v12: target=FULL SHARP render, only low-freq error penalized; hole_weight=0.0 ignored when dual-band active; 0=off -> single-band v11 path)
  loss synth_texture     : full (sigma=2.0 latent px; user plan: structure-only supervision, texture band = 0)
  brushnet: init=pretrained lr=1e-05 8bit=True grad_ckpt=True
  loss eps_weight       : 1.0
  real pass1 FORWARD    : False (False = STRUCT arm: real batch trains pass2 only; inference unchanged)
  loss real_p1 anchor   : visible=1.0 (target=inv_warp) hole=0 (target=y_hat_novel) mirror_anchor=True (hole real-photo coverage via inv_warp(x_mirror))
  loss pixel (t<200)   : L1*0 PL*0 ID*0 x0_clip=3.0 res=256
  loss latent closure   : *0 (orig L1195-1200)
  loss lpips/gan/fm     : 0 / 0 / 0  (orig GAN/FM 10/100 -> default 0)
  timestep range        : [0, 1000) FULL RANGE (no low-t clamp; v3.1 lesson)
  smoke: check=True fix_timestep=None
  path [OK ] sd            : ./pretrained_models/AI-ModelScope/stable-diffusion-v1-5
  path [OK ] brushnet      : ./pretrained_models/brushnet
  path [OK ] train         : ./data/FFHQ-EG3D_all_static_rebalanced
  path [OK ] test          : ./data/celeba-hq_1000_static_rebalanced
  path [OK ] synth         : ./data/SynthData100000_rebalanced
  path [OK ] LaMa_PL       : ./pretrained_models/LaMa_perceptual_loss_models
  path [OK ] gan_encoder   : ./pretrained_models/inversion/gan_encoder.pt
==============================================================================
[BrushNet] init: official pretrained inpainting checkpoint
[v18.3] InvSR x0 SUPERVISION ACTIVE: latent-space MSE+FM+adv on the single-step x0, t<=300, w=ldif:1.0/lfm:2.0/ldis:0.1
[v18.3 InvSR] latent UNet-D 106,176,612 params | t_max=300 | w ldif:lfm:ldis = 1.0:2.0:0.1 | latent clamp ±10.0 | dis_warmup=3000 (their 10K/100K iters scaled to our 30K budget)
[params] bank-retrieval adapters trainable: 37,183,696 | W+ QKV (s2) trainable: 0 | W+ mapper trainable: 1,967,616 | mirror: own K/V 24,780,800 + softmax competition (16 gauged layers) | RefNet DELETED (860M saved, bank=main-UNet self-read)
[optim] 8-bit AdamW (bitsandbytes)
Synth dataset: ./data/SynthData100000_rebalanced -> 100000 samples
Real train dataset: ./data/FFHQ-EG3D_all_static_rebalanced -> 139914 samples
Test dataset: ./data/celeba-hq_1000_static_rebalanced -> 1000 samples
Start diffusion-port training (orig semantics, BrushNet+SD1.5).
[bank input check] source=warp_warp_img shape=(1, 3, 512, 512) mean=0.3581 std=0.2558 finite=True
[bank input check] source=x_mirror shape=(1, 3, 512, 512) mean=0.4346 std=0.2181 finite=True
/home/xzy/warpgan-diffusiong-inpainting/warpgan-diffusion-inpainting-main/./training/coach_inpainting_diffusion.py:1677: UserWarning: Converting a tensor with requires_grad=True to a scalar may lead to unexpected behavior.
Consider using tensor.detach() first. (Triggered internally at /pytorch/torch/csrc/autograd/generated/python_variable_methods.cpp:835.)
  metrics['p2_eps'] = float(loss_p2_eps)
[bank input check] source=target_hat shape=(1, 3, 512, 512) mean=0.4255 std=0.2378 finite=True
[bank input check] source=x_mirror shape=(1, 3, 512, 512) mean=0.4395 std=0.2618 finite=True
[step 0] real_p1_mirror_hole_cov=0.0731 real_p1_skipped=1.0000 real_p1_hole_frac=0.1827 real_p2_eps=0.0640 real_p2_hit=0.0000 real_total=0.0640 synth_eps=0.0352 synth_eps_raw=0.0352 synth_x0_hit=0.0000 synth_total=0.0352
[images] real: anchor | cond1 | cond2 | inv_warp_mirror | mask | mask_inv | warp_img | warp_warp_img | x | y_hat | y_hat_novel -> /home/xzy/warpgan-diffusiong-inpainting/warpgan-diffusion-inpainting-main/experiments/train_inpainting_diffusion/[20260911-143749]_v18w3_w3d_30k/logs/images/train/real_step0000000.png
[images] synth: cond | mask | target | warp_img | x | y_hat_novel -> /home/xzy/warpgan-diffusiong-inpainting/warpgan-diffusion-inpainting-main/experiments/train_inpainting_diffusion/[20260911-143749]_v18w3_w3d_30k/logs/images/train/synth_step0000000.png
[bank input check] source=warp_warp_img shape=(1, 3, 512, 512) mean=0.1934 std=0.2840 finite=True
[bank input check] source=x_mirror shape=(1, 3, 512, 512) mean=0.3892 std=0.2675 finite=True
[bank input check] source=target_hat shape=(1, 3, 512, 512) mean=0.4091 std=0.2325 finite=True
[bank input check] source=x_mirror shape=(1, 3, 512, 512) mean=0.3940 std=0.2394 finite=True
[bank input check] source=warp_warp_img shape=(1, 3, 512, 512) mean=0.3790 std=0.3006 finite=True
[bank input check] source=x_mirror shape=(1, 3, 512, 512) mean=0.4897 std=0.2534 finite=True
[bank input check] source=target_hat shape=(1, 3, 512, 512) mean=0.5369 std=0.2372 finite=True
[bank input check] source=x_mirror shape=(1, 3, 512, 512) mean=0.5356 std=0.2688 finite=True
[step 50] real_p1_mirror_hole_cov=0.0959 real_p1_skipped=1.0000 real_p1_hole_frac=0.1659 real_p2_eps=0.0305 real_p2_hit=0.0000 real_total=0.0305 synth_eps=0.1147 synth_eps_raw=0.1147 synth_x0_hit=0.0000 synth_total=0.1147
[step 100] real_p1_mirror_hole_cov=0.0117 real_p1_skipped=1.0000 real_p1_hole_frac=0.1018 real_p2_eps=0.0021 real_p2_hit=0.0000 real_total=0.0021 synth_eps=0.0379 synth_eps_raw=0.0379 synth_x0_hit=0.0000 synth_total=0.0379
[step 150] real_p1_mirror_hole_cov=0.2684 real_p1_skipped=1.0000 real_p1_hole_frac=0.6729 real_p2_eps=0.1304 real_p2_hit=0.0000 real_total=0.1304 synth_eps=0.2312 synth_eps_raw=0.2312 synth_x0_hit=1.0000 synth_x0_t=219.0000 synth_x0_ldif=0.0882 synth_x0_lfm=0.0326 synth_total=0.3846
[step 200] real_p1_mirror_hole_cov=0.0540 real_p1_skipped=1.0000 real_p1_hole_frac=0.2798 real_p2_eps=0.0027 real_p2_hit=0.0000 real_total=0.0027 discr_adv=0.9938 x0_d_real=0.6762 x0_d_fake=0.6511 g_grad_abs=49.9222 d_grad_abs=2578.3792 synth_eps=0.0380 synth_eps_raw=0.0380 synth_x0_hit=0.0000 synth_total=0.0380
[step 250] real_p1_mirror_hole_cov=0.0975 real_p1_skipped=1.0000 real_p1_hole_frac=0.0968 real_p2_eps=0.0667 real_p2_hit=0.0000 real_total=0.0667 synth_eps=0.1664 synth_eps_raw=0.1664 synth_x0_hit=0.0000 synth_total=0.1664
[step 300] real_p1_mirror_hole_cov=0.1774 real_p1_skipped=1.0000 real_p1_hole_frac=0.3583 real_p2_eps=0.0072 real_p2_hit=0.0000 real_total=0.0072 discr_adv=0.9908 x0_d_real=0.5131 x0_d_fake=0.4946 g_grad_abs=93.2567 d_grad_abs=338.0181 synth_eps=0.0081 synth_eps_raw=0.0081 synth_x0_hit=0.0000 synth_total=0.0081
[step 350] real_p1_mirror_hole_cov=0.0031 real_p1_skipped=1.0000 real_p1_hole_frac=0.1035 real_p2_eps=0.0030 real_p2_hit=0.0000 real_total=0.0030 synth_eps=0.0296 synth_eps_raw=0.0296 synth_x0_hit=0.0000 synth_total=0.0296
[step 400] real_p1_mirror_hole_cov=0.1549 real_p1_skipped=1.0000 real_p1_hole_frac=0.1999 real_p2_eps=0.0502 real_p2_hit=0.0000 real_total=0.0502 synth_eps=0.0261 synth_eps_raw=0.0261 synth_x0_hit=0.0000 synth_total=0.0261
[step 450] real_p1_mirror_hole_cov=0.1375 real_p1_skipped=1.0000 real_p1_hole_frac=0.0783 real_p2_eps=0.0149 real_p2_hit=0.0000 real_total=0.0149 synth_eps=0.0015 synth_eps_raw=0.0015 synth_x0_hit=0.0000 synth_total=0.0015
[step 500] real_p1_mirror_hole_cov=0.1388 real_p1_skipped=1.0000 real_p1_hole_frac=0.4723 real_p2_eps=0.0751 real_p2_hit=0.0000 real_total=0.0751 synth_eps=0.2123 synth_eps_raw=0.2123 synth_x0_hit=1.0000 synth_x0_t=283.0000 synth_x0_ldif=0.1307 synth_x0_lfm=0.0677 synth_total=0.4785
[images] real: anchor | cond1 | cond2 | inv_warp_mirror | mask | mask_inv | warp_img | warp_warp_img | x | y_hat | y_hat_novel -> /home/xzy/warpgan-diffusiong-inpainting/warpgan-diffusion-inpainting-main/experiments/train_inpainting_diffusion/[20260911-143749]_v18w3_w3d_30k/logs/images/train/real_step0000500.png
[images] synth: cond | mask | target | warp_img | x | y_hat_novel -> /home/xzy/warpgan-diffusiong-inpainting/warpgan-diffusion-inpainting-main/experiments/train_inpainting_diffusion/[20260911-143749]_v18w3_w3d_30k/logs/images/train/synth_step0000500.png
[step 550] real_p1_mirror_hole_cov=0.0774 real_p1_skipped=1.0000 real_p1_hole_frac=0.3809 real_p2_eps=0.6368 real_p2_hit=1.0000 real_p2_t=25.0000 real_p2_ldif=0.0153 real_p2_lfm=0.0021 real_total=0.6563 discr_adv=0.9982 p2_d_real=0.4338 p2_d_fake=0.4300 g_grad_abs=1365.6490 d_grad_abs=105.9050 synth_eps=0.1811 synth_eps_raw=0.1811 synth_x0_hit=1.0000 synth_x0_t=275.0000 synth_x0_ldif=0.1053 synth_x0_lfm=0.1395 synth_total=0.5654
[step 600] real_p1_mirror_hole_cov=0.0471 real_p1_skipped=1.0000 real_p1_hole_frac=0.0821 real_p2_eps=0.0056 real_p2_hit=0.0000 real_total=0.0056 discr_adv=0.9962 x0_d_real=0.0410 x0_d_fake=0.0333 g_grad_abs=186.1817 d_grad_abs=130.6565 synth_eps=0.3912 synth_eps_raw=0.3912 synth_x0_hit=1.0000 synth_x0_t=85.0000 synth_x0_ldif=0.0376 synth_x0_lfm=0.0125 synth_total=0.4537
[step 650] real_p1_mirror_hole_cov=0.1019 real_p1_skipped=1.0000 real_p1_hole_frac=0.1753 real_p2_eps=0.0496 real_p2_hit=0.0000 real_total=0.0496 discr_adv=1.0068 x0_d_real=-0.3631 x0_d_fake=-0.3511 g_grad_abs=462.8579 d_grad_abs=724.8991 synth_eps=0.0464 synth_eps_raw=0.0464 synth_x0_hit=0.0000 synth_total=0.0464
[step 700] real_p1_mirror_hole_cov=0.1080 real_p1_skipped=1.0000 real_p1_hole_frac=0.2035 real_p2_eps=0.0124 real_p2_hit=0.0000 real_total=0.0124 synth_eps=0.0030 synth_eps_raw=0.0030 synth_x0_hit=0.0000 synth_total=0.0030
[step 750] real_p1_mirror_hole_cov=0.1315 real_p1_skipped=1.0000 real_p1_hole_frac=0.3380 real_p2_eps=0.0034 real_p2_hit=0.0000 real_total=0.0034 synth_eps=0.0180 synth_eps_raw=0.0180 synth_x0_hit=0.0000 synth_total=0.0180
[step 800] real_p1_mirror_hole_cov=0.0961 real_p1_skipped=1.0000 real_p1_hole_frac=0.3023 real_p2_eps=0.0024 real_p2_hit=0.0000 real_total=0.0024 synth_eps=0.4653 synth_eps_raw=0.4653 synth_x0_hit=1.0000 synth_x0_t=142.0000 synth_x0_ldif=0.0893 synth_x0_lfm=0.0079 synth_total=0.5704
[step 850] real_p1_mirror_hole_cov=0.0504 real_p1_skipped=1.0000 real_p1_hole_frac=0.3161 real_p2_eps=0.1871 real_p2_hit=1.0000 real_p2_t=300.0000 real_p2_ldif=0.1298 real_p2_lfm=0.0124 real_total=0.3417 discr_adv=1.0196 p2_d_real=0.7175 p2_d_fake=0.7565 g_grad_abs=3331.9471 d_grad_abs=724.2500 synth_eps=0.4421 synth_eps_raw=0.4421 synth_x0_hit=1.0000 synth_x0_t=85.0000 synth_x0_ldif=0.0425 synth_x0_lfm=0.0055 synth_total=0.4955
[step 900] real_p1_mirror_hole_cov=0.2914 real_p1_skipped=1.0000 real_p1_hole_frac=0.4262 real_p2_eps=0.3643 real_p2_hit=1.0000 real_p2_t=129.0000 real_p2_ldif=0.0609 real_p2_lfm=0.0046 real_total=0.4345 discr_adv=0.9937 p2_d_real=0.7184 p2_d_fake=0.7058 g_grad_abs=938.9352 d_grad_abs=424.8292 synth_eps=0.0494 synth_eps_raw=0.0494 synth_x0_hit=0.0000 synth_total=0.0494
[step 950] real_p1_mirror_hole_cov=0.0081 real_p1_skipped=1.0000 real_p1_hole_frac=0.1942 real_p2_eps=0.2909 real_p2_hit=1.0000 real_p2_t=126.0000 real_p2_ldif=0.0471 real_p2_lfm=0.0085 real_total=0.3549 discr_adv=1.0158 p2_d_real=0.5238 p2_d_fake=0.5555 g_grad_abs=2631.0521 d_grad_abs=1131.8179 synth_eps=0.4327 synth_eps_raw=0.4327 synth_x0_hit=1.0000 synth_x0_t=73.0000 synth_x0_ldif=0.0344 synth_x0_lfm=0.0245 synth_total=0.5161
[step 1000] real_p1_mirror_hole_cov=0.0513 real_p1_skipped=1.0000 real_p1_hole_frac=0.0751 real_p2_eps=0.0036 real_p2_hit=0.0000 real_total=0.0036 synth_eps=0.1257 synth_eps_raw=0.1257 synth_x0_hit=0.0000 synth_total=0.1257
[images] real: anchor | cond1 | cond2 | inv_warp_mirror | mask | mask_inv | warp_img | warp_warp_img | x | y_hat | y_hat_novel -> /home/xzy/warpgan-diffusiong-inpainting/warpgan-diffusion-inpainting-main/experiments/train_inpainting_diffusion/[20260911-143749]_v18w3_w3d_30k/logs/images/train/real_step0001000.png
[images] synth: cond | mask | target | warp_img | x | y_hat_novel -> /home/xzy/warpgan-diffusiong-inpainting/warpgan-diffusion-inpainting-main/experiments/train_inpainting_diffusion/[20260911-143749]_v18w3_w3d_30k/logs/images/train/synth_step0001000.png
[step 1050] real_p1_mirror_hole_cov=0.1834 real_p1_skipped=1.0000 real_p1_hole_frac=0.1959 real_p2_eps=0.0041 real_p2_hit=0.0000 real_total=0.0041 synth_eps=0.0036 synth_eps_raw=0.0036 synth_x0_hit=0.0000 synth_total=0.0036
[step 1100] real_p1_mirror_hole_cov=0.0331 real_p1_skipped=1.0000 real_p1_hole_frac=0.1161 real_p2_eps=0.0090 real_p2_hit=0.0000 real_total=0.0090 discr_adv=1.0142 x0_d_real=-0.6451 x0_d_fake=-0.6479 g_grad_abs=259.0201 d_grad_abs=1847.0579 synth_eps=0.0261 synth_eps_raw=0.0261 synth_x0_hit=0.0000 synth_total=0.0261
[step 1150] real_p1_mirror_hole_cov=0.2346 real_p1_skipped=1.0000 real_p1_hole_frac=0.5044 real_p2_eps=0.0119 real_p2_hit=0.0000 real_total=0.0119 discr_adv=0.9924 x0_d_real=0.5199 x0_d_fake=0.5047 g_grad_abs=155.1345 d_grad_abs=319.2870 synth_eps=0.0049 synth_eps_raw=0.0049 synth_x0_hit=0.0000 synth_total=0.0049
[step 1200] real_p1_mirror_hole_cov=0.0148 real_p1_skipped=1.0000 real_p1_hole_frac=0.1724 real_p2_eps=0.0090 real_p2_hit=0.0000 real_total=0.0090 synth_eps=0.2018 synth_eps_raw=0.2018 synth_x0_hit=1.0000 synth_x0_t=250.0000 synth_x0_ldif=0.0977 synth_x0_lfm=0.0158 synth_total=0.3312
[step 1250] real_p1_mirror_hole_cov=0.0707 real_p1_skipped=1.0000 real_p1_hole_frac=0.1943 real_p2_eps=0.0306 real_p2_hit=0.0000 real_total=0.0306 discr_adv=0.9038 x0_d_real=-0.1536 x0_d_fake=-0.3542 g_grad_abs=364.8670 d_grad_abs=4643.7596 synth_eps=0.2550 synth_eps_raw=0.2550 synth_x0_hit=1.0000 synth_x0_t=190.0000 synth_x0_ldif=0.0766 synth_x0_lfm=0.0284 synth_total=0.3884
[step 1300] real_p1_mirror_hole_cov=0.0447 real_p1_skipped=1.0000 real_p1_hole_frac=0.5183 real_p2_eps=0.1963 real_p2_hit=1.0000 real_p2_t=250.0000 real_p2_ldif=0.0950 real_p2_lfm=0.0302 real_total=0.3516 discr_adv=0.9950 p2_d_real=-0.5949 p2_d_fake=-0.6049 g_grad_abs=3409.1890 d_grad_abs=490.7129 synth_eps=0.2177 synth_eps_raw=0.2177 synth_x0_hit=1.0000 synth_x0_t=270.0000 synth_x0_ldif=0.1221 synth_x0_lfm=0.2765 synth_total=0.8929
[step 1350] real_p1_mirror_hole_cov=0.2751 real_p1_skipped=1.0000 real_p1_hole_frac=0.4417 real_p2_eps=0.0404 real_p2_hit=0.0000 real_total=0.0404 synth_eps=0.1030 synth_eps_raw=0.1030 synth_x0_hit=0.0000 synth_total=0.1030
[step 1400] real_p1_mirror_hole_cov=0.0419 real_p1_skipped=1.0000 real_p1_hole_frac=0.2311 real_p2_eps=0.0029 real_p2_hit=0.0000 real_total=0.0029 synth_eps=0.0161 synth_eps_raw=0.0161 synth_x0_hit=0.0000 synth_total=0.0161
[step 1450] real_p1_mirror_hole_cov=0.2160 real_p1_skipped=1.0000 real_p1_hole_frac=0.3145 real_p2_eps=0.0015 real_p2_hit=0.0000 real_total=0.0015 synth_eps=0.1127 synth_eps_raw=0.1127 synth_x0_hit=0.0000 synth_total=0.1127
[step 1500] real_p1_mirror_hole_cov=0.0112 real_p1_skipped=1.0000 real_p1_hole_frac=0.1434 real_p2_eps=0.0038 real_p2_hit=0.0000 real_total=0.0038 synth_eps=0.3588 synth_eps_raw=0.3588 synth_x0_hit=1.0000 synth_x0_t=150.0000 synth_x0_ldif=0.0746 synth_x0_lfm=0.0055 synth_total=0.4444
[images] real: anchor | cond1 | cond2 | inv_warp_mirror | mask | mask_inv | warp_img | warp_warp_img | x | y_hat | y_hat_novel -> /home/xzy/warpgan-diffusiong-inpainting/warpgan-diffusion-inpainting-main/experiments/train_inpainting_diffusion/[20260911-143749]_v18w3_w3d_30k/logs/images/train/real_step0001500.png
[images] synth: cond | mask | target | warp_img | x | y_hat_novel -> /home/xzy/warpgan-diffusiong-inpainting/warpgan-diffusion-inpainting-main/experiments/train_inpainting_diffusion/[20260911-143749]_v18w3_w3d_30k/logs/images/train/synth_step0001500.png
[step 1550] real_p1_mirror_hole_cov=0.0016 real_p1_skipped=1.0000 real_p1_hole_frac=0.2621 real_p2_eps=0.0015 real_p2_hit=0.0000 real_total=0.0015 synth_eps=0.0403 synth_eps_raw=0.0403 synth_x0_hit=0.0000 synth_total=0.0403
[step 1600] real_p1_mirror_hole_cov=0.0437 real_p1_skipped=1.0000 real_p1_hole_frac=0.4711 real_p2_eps=0.2505 real_p2_hit=1.0000 real_p2_t=181.0000 real_p2_ldif=0.0696 real_p2_lfm=0.2135 real_total=0.7470 discr_adv=0.9633 p2_d_real=-0.0499 p2_d_fake=-0.1234 g_grad_abs=20230.5858 d_grad_abs=1228.8955 synth_eps=0.0038 synth_eps_raw=0.0038 synth_x0_hit=0.0000 synth_total=0.0038
[step 1650] real_p1_mirror_hole_cov=0.1541 real_p1_skipped=1.0000 real_p1_hole_frac=0.4672 real_p2_eps=0.0301 real_p2_hit=0.0000 real_total=0.0301 synth_eps=0.0037 synth_eps_raw=0.0037 synth_x0_hit=0.0000 synth_total=0.0037
[step 1700] real_p1_mirror_hole_cov=0.0185 real_p1_skipped=1.0000 real_p1_hole_frac=0.2825 real_p2_eps=0.3087 real_p2_hit=1.0000 real_p2_t=148.0000 real_p2_ldif=0.0630 real_p2_lfm=0.0418 real_total=0.4554 discr_adv=1.0644 p2_d_real=0.3175 p2_d_fake=0.4462 g_grad_abs=7892.8135 d_grad_abs=1810.3238 synth_eps=0.0176 synth_eps_raw=0.0176 synth_x0_hit=0.0000 synth_total=0.0176
[step 1750] real_p1_mirror_hole_cov=0.0127 real_p1_skipped=1.0000 real_p1_hole_frac=0.1519 real_p2_eps=0.0019 real_p2_hit=0.0000 real_total=0.0019 synth_eps=0.0095 synth_eps_raw=0.0095 synth_x0_hit=0.0000 synth_total=0.0095
[step 1800] real_p1_mirror_hole_cov=0.1847 real_p1_skipped=1.0000 real_p1_hole_frac=0.1477 real_p2_eps=0.0737 real_p2_hit=0.0000 real_total=0.0737 synth_eps=0.2163 synth_eps_raw=0.2163 synth_x0_hit=1.0000 synth_x0_t=286.0000 synth_x0_ldif=0.1359 synth_x0_lfm=0.0813 synth_total=0.5149
[step 1850] real_p1_mirror_hole_cov=0.2598 real_p1_skipped=1.0000 real_p1_hole_frac=0.2011 real_p2_eps=0.2996 real_p2_hit=1.0000 real_p2_t=136.0000 real_p2_ldif=0.0540 real_p2_lfm=0.0039 real_total=0.3615 discr_adv=0.9941 p2_d_real=0.7225 p2_d_fake=0.7107 g_grad_abs=1701.1069 d_grad_abs=151.8173 synth_eps=0.0616 synth_eps_raw=0.0616 synth_x0_hit=0.0000 synth_total=0.0616
[step 1900] real_p1_mirror_hole_cov=0.0398 real_p1_skipped=1.0000 real_p1_hole_frac=0.2116 real_p2_eps=0.0425 real_p2_hit=0.0000 real_total=0.0425 synth_eps=0.0111 synth_eps_raw=0.0111 synth_x0_hit=0.0000 synth_total=0.0111
[step 1950] real_p1_mirror_hole_cov=0.1172 real_p1_skipped=1.0000 real_p1_hole_frac=0.1845 real_p2_eps=0.0015 real_p2_hit=0.0000 real_total=0.0015 discr_adv=0.9936 x0_d_real=-0.1425 x0_d_fake=-0.1555 g_grad_abs=74.1969 d_grad_abs=276.6977 synth_eps=0.1412 synth_eps_raw=0.1412 synth_x0_hit=0.0000 synth_total=0.1412
[val step 1999] val_novel_full=0.1165 val_novel_hole=0.1783 val_novel_visible=0.0860
[step 2000] real_p1_mirror_hole_cov=0.2197 real_p1_skipped=1.0000 real_p1_hole_frac=0.4500 real_p2_eps=0.1286 real_p2_hit=0.0000 real_total=0.1286 synth_eps=0.0275 synth_eps_raw=0.0275 synth_x0_hit=0.0000 synth_total=0.0275 extra_render_attn_share=0.4996
[images] real: anchor | cond1 | cond2 | inv_warp_mirror | mask | mask_inv | warp_img | warp_warp_img | x | y_hat | y_hat_novel -> /home/xzy/warpgan-diffusiong-inpainting/warpgan-diffusion-inpainting-main/experiments/train_inpainting_diffusion/[20260911-143749]_v18w3_w3d_30k/logs/images/train/real_step0002000.png
[images] synth: cond | mask | target | warp_img | x | y_hat_novel -> /home/xzy/warpgan-diffusiong-inpainting/warpgan-diffusion-inpainting-main/experiments/train_inpainting_diffusion/[20260911-143749]_v18w3_w3d_30k/logs/images/train/synth_step0002000.png
[step 2050] real_p1_mirror_hole_cov=0.2231 real_p1_skipped=1.0000 real_p1_hole_frac=0.4288 real_p2_eps=0.2167 real_p2_hit=1.0000 real_p2_t=280.0000 real_p2_ldif=0.1306 real_p2_lfm=0.0425 real_total=0.4323 discr_adv=1.0060 p2_d_real=0.0437 p2_d_fake=0.0557 g_grad_abs=6411.7113 d_grad_abs=425.9113 synth_eps=0.0634 synth_eps_raw=0.0634 synth_x0_hit=0.0000 synth_total=0.0634 extra_render_attn_share=0.4996
[step 2100] real_p1_mirror_hole_cov=0.1869 real_p1_skipped=1.0000 real_p1_hole_frac=0.1640 real_p2_eps=0.0237 real_p2_hit=0.0000 real_total=0.0237 synth_eps=0.0016 synth_eps_raw=0.0016 synth_x0_hit=0.0000 synth_total=0.0016 extra_render_attn_share=0.4996
[step 2150] real_p1_mirror_hole_cov=0.0706 real_p1_skipped=1.0000 real_p1_hole_frac=0.2746 real_p2_eps=0.2371 real_p2_hit=1.0000 real_p2_t=217.0000 real_p2_ldif=0.0890 real_p2_lfm=0.0077 real_total=0.3415 discr_adv=1.9797 x0_d_real=-0.1912 x0_d_fake=-0.2272 p2_d_real=-0.3523 p2_d_fake=-0.3570 g_grad_abs=1662.6980 d_grad_abs=781.4410 synth_eps=0.2020 synth_eps_raw=0.2020 synth_x0_hit=1.0000 synth_x0_t=278.0000 synth_x0_ldif=0.1199 synth_x0_lfm=0.0155 synth_total=0.3530 extra_render_attn_share=0.4996
[step 2200] real_p1_mirror_hole_cov=0.0087 real_p1_skipped=1.0000 real_p1_hole_frac=0.2196 real_p2_eps=0.0228 real_p2_hit=0.0000 real_total=0.0228 discr_adv=1.0062 x0_d_real=-0.4016 x0_d_fake=-0.4104 g_grad_abs=510.6883 d_grad_abs=566.0825 synth_eps=0.0978 synth_eps_raw=0.0978 synth_x0_hit=0.0000 synth_total=0.0978 extra_render_attn_share=0.4996
[step 2250] real_p1_mirror_hole_cov=0.0889 real_p1_skipped=1.0000 real_p1_hole_frac=0.5686 real_p2_eps=0.0908 real_p2_hit=0.0000 real_total=0.0908 discr_adv=0.9653 x0_d_real=-0.3080 x0_d_fake=-0.3774 g_grad_abs=676.4053 d_grad_abs=681.8272 synth_eps=0.0310 synth_eps_raw=0.0310 synth_x0_hit=0.0000 synth_total=0.0310 extra_render_attn_share=0.4996
[step 2300] real_p1_mirror_hole_cov=0.1393 real_p1_skipped=1.0000 real_p1_hole_frac=0.2287 real_p2_eps=0.2878 real_p2_hit=1.0000 real_p2_t=277.0000 real_p2_ldif=0.1697 real_p2_lfm=0.0222 real_total=0.5018 discr_adv=0.9712 p2_d_real=0.1893 p2_d_fake=0.1315 g_grad_abs=4079.9366 d_grad_abs=833.3429 synth_eps=0.0499 synth_eps_raw=0.0499 synth_x0_hit=0.0000 synth_total=0.0499 extra_render_attn_share=0.4996
[step 2350] real_p1_mirror_hole_cov=0.0231 real_p1_skipped=1.0000 real_p1_hole_frac=0.1596 real_p2_eps=0.0332 real_p2_hit=0.0000 real_total=0.0332 discr_adv=0.9791 x0_d_real=-0.3784 x0_d_fake=-0.4202 g_grad_abs=376.9159 d_grad_abs=375.7920 synth_eps=0.3710 synth_eps_raw=0.3710 synth_x0_hit=1.0000 synth_x0_t=130.0000 synth_x0_ldif=0.0628 synth_x0_lfm=0.0294 synth_total=0.4927 extra_render_attn_share=0.4996
[step 2400] real_p1_mirror_hole_cov=0.1277 real_p1_skipped=1.0000 real_p1_hole_frac=0.3323 real_p2_eps=0.1789 real_p2_hit=1.0000 real_p2_t=283.0000 real_p2_ldif=0.1101 real_p2_lfm=0.0136 real_total=0.3163 discr_adv=0.9980 p2_d_real=-0.3195 p2_d_fake=-0.3235 g_grad_abs=2322.9311 d_grad_abs=162.3468 synth_eps=0.2894 synth_eps_raw=0.2894 synth_x0_hit=1.0000 synth_x0_t=191.0000 synth_x0_ldif=0.0877 synth_x0_lfm=0.0134 synth_total=0.4039 extra_render_attn_share=0.4996
[step 2450] real_p1_mirror_hole_cov=0.1825 real_p1_skipped=1.0000 real_p1_hole_frac=0.0127 real_p2_eps=0.0011 real_p2_hit=0.0000 real_total=0.0011 synth_eps=0.0104 synth_eps_raw=0.0104 synth_x0_hit=0.0000 synth_total=0.0104 extra_render_attn_share=0.4996
[step 2500] real_p1_mirror_hole_cov=0.0524 real_p1_skipped=1.0000 real_p1_hole_frac=0.5174 real_p2_eps=0.1337 real_p2_hit=0.0000 real_total=0.1337 synth_eps=0.1100 synth_eps_raw=0.1100 synth_x0_hit=0.0000 synth_total=0.1100 extra_render_attn_share=0.4996
[images] real: anchor | cond1 | cond2 | inv_warp_mirror | mask | mask_inv | warp_img | warp_warp_img | x | y_hat | y_hat_novel -> /home/xzy/warpgan-diffusiong-inpainting/warpgan-diffusion-inpainting-main/experiments/train_inpainting_diffusion/[20260911-143749]_v18w3_w3d_30k/logs/images/train/real_step0002500.png
[images] synth: cond | mask | target | warp_img | x | y_hat_novel -> /home/xzy/warpgan-diffusiong-inpainting/warpgan-diffusion-inpainting-main/experiments/train_inpainting_diffusion/[20260911-143749]_v18w3_w3d_30k/logs/images/train/synth_step0002500.png
[step 2550] real_p1_mirror_hole_cov=0.0969 real_p1_skipped=1.0000 real_p1_hole_frac=0.0554 real_p2_eps=0.0026 real_p2_hit=0.0000 real_total=0.0026 synth_eps=0.3996 synth_eps_raw=0.3996 synth_x0_hit=1.0000 synth_x0_t=110.0000 synth_x0_ldif=0.0537 synth_x0_lfm=0.0482 synth_total=0.5497 extra_render_attn_share=0.4996
[step 2600] real_p1_mirror_hole_cov=0.3413 real_p1_skipped=1.0000 real_p1_hole_frac=0.4415 real_p2_eps=0.5671 real_p2_hit=1.0000 real_p2_t=37.0000 real_p2_ldif=0.0207 real_p2_lfm=0.0107 real_total=0.6092 discr_adv=0.9863 p2_d_real=-0.5420 p2_d_fake=-0.5696 g_grad_abs=1654.2792 d_grad_abs=259.5815 synth_eps=0.0025 synth_eps_raw=0.0025 synth_x0_hit=0.0000 synth_total=0.0025 extra_render_attn_share=0.4996
[step 2650] real_p1_mirror_hole_cov=0.0294 real_p1_skipped=1.0000 real_p1_hole_frac=0.0396 real_p2_eps=0.0887 real_p2_hit=0.0000 real_total=0.0887 synth_eps=0.1330 synth_eps_raw=0.1330 synth_x0_hit=0.0000 synth_total=0.1330 extra_render_attn_share=0.4996
[step 2700] real_p1_mirror_hole_cov=0.0978 real_p1_skipped=1.0000 real_p1_hole_frac=0.2430 real_p2_eps=0.0134 real_p2_hit=0.0000 real_total=0.0134 discr_adv=0.9287 x0_d_real=0.5316 x0_d_fake=0.3889 g_grad_abs=200.6406 d_grad_abs=2167.8335 synth_eps=0.0512 synth_eps_raw=0.0512 synth_x0_hit=0.0000 synth_total=0.0512 extra_render_attn_share=0.4996
[step 2750] real_p1_mirror_hole_cov=0.0072 real_p1_skipped=1.0000 real_p1_hole_frac=0.1896 real_p2_eps=0.0036 real_p2_hit=0.0000 real_total=0.0036 synth_eps=0.0068 synth_eps_raw=0.0068 synth_x0_hit=0.0000 synth_total=0.0068 extra_render_attn_share=0.4996
[step 2800] real_p1_mirror_hole_cov=0.1639 real_p1_skipped=1.0000 real_p1_hole_frac=0.5772 real_p2_eps=0.1909 real_p2_hit=1.0000 real_p2_t=280.0000 real_p2_ldif=0.1150 real_p2_lfm=0.0704 real_total=0.4466 discr_adv=0.9955 p2_d_real=-0.5258 p2_d_fake=-0.5348 g_grad_abs=22897.6725 d_grad_abs=543.8969 synth_eps=0.0853 synth_eps_raw=0.0853 synth_x0_hit=0.0000 synth_total=0.0853 extra_render_attn_share=0.4996
[step 2850] real_p1_mirror_hole_cov=0.0120 real_p1_skipped=1.0000 real_p1_hole_frac=0.0349 real_p2_eps=0.0359 real_p2_hit=0.0000 real_total=0.0359 synth_eps=0.1106 synth_eps_raw=0.1106 synth_x0_hit=0.0000 synth_total=0.1106 extra_render_attn_share=0.4996
[step 2900] real_p1_mirror_hole_cov=0.0601 real_p1_skipped=1.0000 real_p1_hole_frac=0.2777 real_p2_eps=0.0536 real_p2_hit=0.0000 real_total=0.0536 synth_eps=0.0344 synth_eps_raw=0.0344 synth_x0_hit=0.0000 synth_total=0.0344 extra_render_attn_share=0.4996
[step 2950] real_p1_mirror_hole_cov=0.1025 real_p1_skipped=1.0000 real_p1_hole_frac=0.3798 real_p2_eps=0.1003 real_p2_hit=0.0000 real_total=0.1003 synth_eps=0.0063 synth_eps_raw=0.0063 synth_x0_hit=0.0000 synth_total=0.0063 extra_render_attn_share=0.4996
[step 3000] real_p1_mirror_hole_cov=0.0633 real_p1_skipped=1.0000 real_p1_hole_frac=0.1928 real_p2_eps=0.1677 real_p2_hit=1.0000 real_p2_t=194.0000 real_p2_ldif=0.0521 real_p2_lfm=0.0291 real_total=0.2779 discr_adv=1.9618 x0_d_real=-0.3488 x0_d_fake=-0.3718 p2_d_real=-0.2369 p2_d_fake=-0.2903 g_grad_abs=6008.6014 d_grad_abs=439.3969 synth_eps=0.0235 synth_eps_raw=0.0235 synth_x0_hit=0.0000 synth_total=0.0235 extra_render_attn_share=0.4996
[images] real: anchor | cond1 | cond2 | inv_warp_mirror | mask | mask_inv | warp_img | warp_warp_img | x | y_hat | y_hat_novel -> /home/xzy/warpgan-diffusiong-inpainting/warpgan-diffusion-inpainting-main/experiments/train_inpainting_diffusion/[20260911-143749]_v18w3_w3d_30k/logs/images/train/real_step0003000.png
[images] synth: cond | mask | target | warp_img | x | y_hat_novel -> /home/xzy/warpgan-diffusiong-inpainting/warpgan-diffusion-inpainting-main/experiments/train_inpainting_diffusion/[20260911-143749]_v18w3_w3d_30k/logs/images/train/synth_step0003000.png
[step 3050] real_p1_mirror_hole_cov=0.1784 real_p1_skipped=1.0000 real_p1_hole_frac=0.1043 real_p2_eps=0.3368 real_p2_hit=1.0000 real_p2_t=55.0000 real_p2_ldif=0.0191 real_p2_gen_adv=-0.0859 real_p2_lfm=0.0112 real_total=0.3697 discr_adv=1.9374 x0_d_real=-0.4544 x0_d_fake=-0.5732 p2_d_real=0.0968 p2_d_fake=0.0859 g_grad_abs=2197.3670 d_grad_abs=1940.2501 synth_eps=0.2749 synth_eps_raw=0.2749 synth_x0_hit=1.0000 synth_x0_t=213.0000 synth_x0_ldif=0.0999 synth_x0_gen_adv=0.4786 synth_x0_lfm=0.0438 synth_total=0.5103 extra_render_attn_share=0.4996
[step 3100] real_p1_mirror_hole_cov=0.0725 real_p1_skipped=1.0000 real_p1_hole_frac=0.1081 real_p2_eps=0.0153 real_p2_hit=0.0000 real_total=0.0153 discr_adv=1.0019 x0_d_real=0.2811 x0_d_fake=0.2847 g_grad_abs=350.5534 d_grad_abs=181.7390 synth_eps=0.1065 synth_eps_raw=0.1065 synth_x0_hit=0.0000 synth_total=0.1065 extra_render_attn_share=0.4996
[step 3150] real_p1_mirror_hole_cov=0.0175 real_p1_skipped=1.0000 real_p1_hole_frac=0.1937 real_p2_eps=0.1775 real_p2_hit=1.0000 real_p2_t=160.0000 real_p2_ldif=0.0407 real_p2_gen_adv=0.3192 real_p2_lfm=0.0078 real_total=0.2657 discr_adv=1.9726 x0_d_real=-0.0417 x0_d_fake=-0.0909 p2_d_real=-0.3136 p2_d_fake=-0.3192 g_grad_abs=1500.3472 d_grad_abs=489.6122 synth_eps=0.0103 synth_eps_raw=0.0103 synth_x0_hit=0.0000 synth_total=0.0103 extra_render_attn_share=0.4996
[step 3200] real_p1_mirror_hole_cov=0.1993 real_p1_skipped=1.0000 real_p1_hole_frac=0.1343 real_p2_eps=0.2671 real_p2_hit=1.0000 real_p2_t=83.0000 real_p2_ldif=0.0249 real_p2_gen_adv=0.0829 real_p2_lfm=0.0914 real_total=0.4830 discr_adv=0.9288 p2_d_real=0.0594 p2_d_fake=-0.0829 g_grad_abs=15989.7068 d_grad_abs=2360.5478 synth_eps=0.0201 synth_eps_raw=0.0201 synth_x0_hit=0.0000 synth_total=0.0201 extra_render_attn_share=0.4996
[step 3250] real_p1_mirror_hole_cov=0.0088 real_p1_skipped=1.0000 real_p1_hole_frac=0.0911 real_p2_eps=0.0263 real_p2_hit=0.0000 real_total=0.0263 synth_eps=0.0450 synth_eps_raw=0.0450 synth_x0_hit=0.0000 synth_total=0.0450 extra_render_attn_share=0.4996
[step 3300] real_p1_mirror_hole_cov=0.0398 real_p1_skipped=1.0000 real_p1_hole_frac=0.0898 real_p2_eps=0.0930 real_p2_hit=1.0000 real_p2_t=260.0000 real_p2_ldif=0.0485 real_p2_gen_adv=0.5174 real_p2_lfm=0.0132 real_total=0.2196 discr_adv=2.0002 x0_d_real=-0.5123 x0_d_fake=-0.5256 p2_d_real=-0.5310 p2_d_fake=-0.5174 g_grad_abs=2385.0076 d_grad_abs=236.5461 synth_eps=0.0428 synth_eps_raw=0.0428 synth_x0_hit=0.0000 synth_total=0.0428 extra_render_attn_share=0.4996
[step 3350] real_p1_mirror_hole_cov=0.3082 real_p1_skipped=1.0000 real_p1_hole_frac=0.4457 real_p2_eps=0.0053 real_p2_hit=0.0000 real_total=0.0053 synth_eps=0.2383 synth_eps_raw=0.2383 synth_x0_hit=1.0000 synth_x0_t=259.0000 synth_x0_ldif=0.1233 synth_x0_gen_adv=-0.3904 synth_x0_lfm=0.0339 synth_total=0.3903 extra_render_attn_share=0.4996
[step 3400] real_p1_mirror_hole_cov=0.0392 real_p1_skipped=1.0000 real_p1_hole_frac=0.3988 real_p2_eps=0.0036 real_p2_hit=0.0000 real_total=0.0036 discr_adv=0.9920 x0_d_real=0.0352 x0_d_fake=0.0191 g_grad_abs=91.5921 d_grad_abs=244.6137 synth_eps=0.0556 synth_eps_raw=0.0556 synth_x0_hit=0.0000 synth_total=0.0556 extra_render_attn_share=0.4996
[step 3450] real_p1_mirror_hole_cov=0.0038 real_p1_skipped=1.0000 real_p1_hole_frac=0.2166 real_p2_eps=0.0025 real_p2_hit=0.0000 real_total=0.0025 synth_eps=0.0081 synth_eps_raw=0.0081 synth_x0_hit=0.0000 synth_total=0.0081 extra_render_attn_share=0.4996
[step 3500] real_p1_mirror_hole_cov=0.1634 real_p1_skipped=1.0000 real_p1_hole_frac=0.5091 real_p2_eps=0.0017 real_p2_hit=0.0000 real_total=0.0017 synth_eps=0.0141 synth_eps_raw=0.0141 synth_x0_hit=0.0000 synth_total=0.0141 extra_render_attn_share=0.4996
[images] real: anchor | cond1 | cond2 | inv_warp_mirror | mask | mask_inv | warp_img | warp_warp_img | x | y_hat | y_hat_novel -> /home/xzy/warpgan-diffusiong-inpainting/warpgan-diffusion-inpainting-main/experiments/train_inpainting_diffusion/[20260911-143749]_v18w3_w3d_30k/logs/images/train/real_step0003500.png
[images] synth: cond | mask | target | warp_img | x | y_hat_novel -> /home/xzy/warpgan-diffusiong-inpainting/warpgan-diffusion-inpainting-main/experiments/train_inpainting_diffusion/[20260911-143749]_v18w3_w3d_30k/logs/images/train/synth_step0003500.png
[step 3550] real_p1_mirror_hole_cov=0.0259 real_p1_skipped=1.0000 real_p1_hole_frac=0.5043 real_p2_eps=0.2979 real_p2_hit=1.0000 real_p2_t=170.0000 real_p2_ldif=0.0749 real_p2_gen_adv=-0.5305 real_p2_lfm=0.0114 real_total=0.3426 discr_adv=1.0110 p2_d_real=0.5084 p2_d_fake=0.5305 g_grad_abs=2172.7160 d_grad_abs=330.4392 synth_eps=0.0421 synth_eps_raw=0.0421 synth_x0_hit=0.0000 synth_total=0.0421 extra_render_attn_share=0.4996
[step 3600] real_p1_mirror_hole_cov=0.0110 real_p1_skipped=1.0000 real_p1_hole_frac=0.1700 real_p2_eps=0.4162 real_p2_hit=1.0000 real_p2_t=33.0000 real_p2_ldif=0.0134 real_p2_gen_adv=-0.6469 real_p2_lfm=0.0020 real_total=0.3689 discr_adv=1.9974 x0_d_real=0.7115 x0_d_fake=0.7105 p2_d_real=0.6511 p2_d_fake=0.6469 g_grad_abs=1003.2156 d_grad_abs=115.2970 synth_eps=0.5179 synth_eps_raw=0.5179 synth_x0_hit=1.0000 synth_x0_t=59.0000 synth_x0_ldif=0.0319 synth_x0_gen_adv=-0.5832 synth_x0_lfm=0.0031 synth_total=0.4976 extra_render_attn_share=0.4996
[step 3650] real_p1_mirror_hole_cov=0.1356 real_p1_skipped=1.0000 real_p1_hole_frac=0.0812 real_p2_eps=0.6103 real_p2_hit=1.0000 real_p2_t=6.0000 real_p2_ldif=0.0037 real_p2_gen_adv=-0.6977 real_p2_lfm=0.0003 real_total=0.5448 discr_adv=1.9905 x0_d_real=0.5343 x0_d_fake=0.5173 p2_d_real=0.6997 p2_d_fake=0.6977 g_grad_abs=1989.1248 d_grad_abs=201.9088 synth_eps=0.0148 synth_eps_raw=0.0148 synth_x0_hit=0.0000 synth_total=0.0148 extra_render_attn_share=0.4996
[step 3700] real_p1_mirror_hole_cov=0.1829 real_p1_skipped=1.0000 real_p1_hole_frac=0.2538 real_p2_eps=0.0706 real_p2_hit=0.0000 real_total=0.0706 synth_eps=0.0019 synth_eps_raw=0.0019 synth_x0_hit=0.0000 synth_total=0.0019 extra_render_attn_share=0.4996
[step 3750] real_p1_mirror_hole_cov=0.0082 real_p1_skipped=1.0000 real_p1_hole_frac=0.3046 real_p2_eps=0.0119 real_p2_hit=0.0000 real_total=0.0119 discr_adv=0.9868 x0_d_real=-0.2072 x0_d_fake=-0.2337 g_grad_abs=385.2683 d_grad_abs=452.1428 synth_eps=0.0143 synth_eps_raw=0.0143 synth_x0_hit=0.0000 synth_total=0.0143 extra_render_attn_share=0.4996
[step 3800] real_p1_mirror_hole_cov=0.1218 real_p1_skipped=1.0000 real_p1_hole_frac=0.4464 real_p2_eps=0.0141 real_p2_hit=0.0000 real_total=0.0141 discr_adv=0.9930 x0_d_real=-0.1999 x0_d_fake=-0.2142 g_grad_abs=168.4020 d_grad_abs=331.3780 synth_eps=0.0061 synth_eps_raw=0.0061 synth_x0_hit=0.0000 synth_total=0.0061 extra_render_attn_share=0.4996
[step 3850] real_p1_mirror_hole_cov=0.1192 real_p1_skipped=1.0000 real_p1_hole_frac=0.4702 real_p2_eps=0.1131 real_p2_hit=0.0000 real_total=0.1131 synth_eps=0.0721 synth_eps_raw=0.0721 synth_x0_hit=0.0000 synth_total=0.0721 extra_render_attn_share=0.4996
[step 3900] real_p1_mirror_hole_cov=0.0580 real_p1_skipped=1.0000 real_p1_hole_frac=0.0360 real_p2_eps=0.0434 real_p2_hit=0.0000 real_total=0.0434 synth_eps=0.5459 synth_eps_raw=0.5459 synth_x0_hit=1.0000 synth_x0_t=41.0000 synth_x0_ldif=0.0222 synth_x0_gen_adv=-0.6803 synth_x0_lfm=0.0017 synth_total=0.5034 extra_render_attn_share=0.4996
[step 3950] real_p1_mirror_hole_cov=0.1138 real_p1_skipped=1.0000 real_p1_hole_frac=0.1749 real_p2_eps=0.0234 real_p2_hit=0.0000 real_total=0.0234 synth_eps=0.3163 synth_eps_raw=0.3163 synth_x0_hit=1.0000 synth_x0_t=143.0000 synth_x0_ldif=0.0613 synth_x0_gen_adv=-0.4000 synth_x0_lfm=0.0082 synth_total=0.3539 extra_render_attn_share=0.4996
[val step 3999] val_novel_full=0.0727 val_novel_hole=0.1247 val_novel_visible=0.0599
[step 4000] real_p1_mirror_hole_cov=0.0108 real_p1_skipped=1.0000 real_p1_hole_frac=0.1222 real_p2_eps=0.0729 real_p2_hit=0.0000 real_total=0.0729 discr_adv=0.8416 x0_d_real=0.0346 x0_d_fake=-0.2822 g_grad_abs=471.7213 d_grad_abs=4941.2098 synth_eps=0.6366 synth_eps_raw=0.6366 synth_x0_hit=1.0000 synth_x0_t=24.0000 synth_x0_ldif=0.0146 synth_x0_gen_adv=0.0582 synth_x0_lfm=0.0019 synth_total=0.6609 extra_render_attn_share=0.5040
[images] real: anchor | cond1 | cond2 | inv_warp_mirror | mask | mask_inv | warp_img | warp_warp_img | x | y_hat | y_hat_novel -> /home/xzy/warpgan-diffusiong-inpainting/warpgan-diffusion-inpainting-main/experiments/train_inpainting_diffusion/[20260911-143749]_v18w3_w3d_30k/logs/images/train/real_step0004000.png
[images] synth: cond | mask | target | warp_img | x | y_hat_novel -> /home/xzy/warpgan-diffusiong-inpainting/warpgan-diffusion-inpainting-main/experiments/train_inpainting_diffusion/[20260911-143749]_v18w3_w3d_30k/logs/images/train/synth_step0004000.png
[step 4050] real_p1_mirror_hole_cov=0.0905 real_p1_skipped=1.0000 real_p1_hole_frac=0.1108 real_p2_eps=0.0227 real_p2_hit=0.0000 real_total=0.0227 synth_eps=0.0076 synth_eps_raw=0.0076 synth_x0_hit=0.0000 synth_total=0.0076 extra_render_attn_share=0.5040
[step 4100] real_p1_mirror_hole_cov=0.2769 real_p1_skipped=1.0000 real_p1_hole_frac=0.1079 real_p2_eps=0.0047 real_p2_hit=0.0000 real_total=0.0047 synth_eps=0.4759 synth_eps_raw=0.4759 synth_x0_hit=1.0000 synth_x0_t=61.0000 synth_x0_ldif=0.0305 synth_x0_gen_adv=-0.5357 synth_x0_lfm=0.0024 synth_total=0.4576 extra_render_attn_share=0.5040
[step 4150] real_p1_mirror_hole_cov=0.3909 real_p1_skipped=1.0000 real_p1_hole_frac=0.4387 real_p2_eps=0.0117 real_p2_hit=0.0000 real_total=0.0117 discr_adv=0.9756 x0_d_real=0.0136 x0_d_fake=-0.0351 g_grad_abs=177.7133 d_grad_abs=353.6585 synth_eps=0.4910 synth_eps_raw=0.4910 synth_x0_hit=1.0000 synth_x0_t=61.0000 synth_x0_ldif=0.0315 synth_x0_gen_adv=-0.2441 synth_x0_lfm=0.0045 synth_total=0.5070 extra_render_attn_share=0.5040
[step 4200] real_p1_mirror_hole_cov=0.0582 real_p1_skipped=1.0000 real_p1_hole_frac=0.2947 real_p2_eps=0.1106 real_p2_hit=0.0000 real_total=0.1106 synth_eps=0.0195 synth_eps_raw=0.0195 synth_x0_hit=0.0000 synth_total=0.0195 extra_render_attn_share=0.5040
[step 4250] real_p1_mirror_hole_cov=0.0243 real_p1_skipped=1.0000 real_p1_hole_frac=0.4069 real_p2_eps=0.0183 real_p2_hit=0.0000 real_total=0.0183 discr_adv=1.0012 x0_d_real=-0.4601 x0_d_fake=-0.4578 g_grad_abs=215.6999 d_grad_abs=95.1932 synth_eps=0.1241 synth_eps_raw=0.1241 synth_x0_hit=0.0000 synth_total=0.1241 extra_render_attn_share=0.5040
[step 4300] real_p1_mirror_hole_cov=0.1452 real_p1_skipped=1.0000 real_p1_hole_frac=0.4082 real_p2_eps=0.0154 real_p2_hit=0.0000 real_total=0.0154 discr_adv=0.9983 x0_d_real=-0.2092 x0_d_fake=-0.2127 g_grad_abs=282.1218 d_grad_abs=151.8785 synth_eps=0.3738 synth_eps_raw=0.3738 synth_x0_hit=1.0000 synth_x0_t=90.0000 synth_x0_ldif=0.0386 synth_x0_gen_adv=0.4077 synth_x0_lfm=0.0105 synth_total=0.4741 extra_render_attn_share=0.5040
[step 4350] real_p1_mirror_hole_cov=0.0528 real_p1_skipped=1.0000 real_p1_hole_frac=0.6354 real_p2_eps=0.2835 real_p2_hit=1.0000 real_p2_t=148.0000 real_p2_ldif=0.0578 real_p2_gen_adv=0.2418 real_p2_lfm=0.0026 real_total=0.3707 discr_adv=1.0098 p2_d_real=-0.2613 p2_d_fake=-0.2418 g_grad_abs=2075.9988 d_grad_abs=176.6347 synth_eps=0.2468 synth_eps_raw=0.2468 synth_x0_hit=1.0000 synth_x0_t=287.0000 synth_x0_ldif=0.1563 synth_x0_gen_adv=0.1544 synth_x0_lfm=0.0531 synth_total=0.5247 extra_render_attn_share=0.5040
[step 4400] real_p1_mirror_hole_cov=0.0247 real_p1_skipped=1.0000 real_p1_hole_frac=0.1055 real_p2_eps=0.0847 real_p2_hit=0.0000 real_total=0.0847 discr_adv=0.9984 x0_d_real=-0.3500 x0_d_fake=-0.3533 g_grad_abs=624.7259 d_grad_abs=109.7441 synth_eps=0.1534 synth_eps_raw=0.1534 synth_x0_hit=0.0000 synth_total=0.1534 extra_render_attn_share=0.5040
[step 4450] real_p1_mirror_hole_cov=0.0642 real_p1_skipped=1.0000 real_p1_hole_frac=0.1143 real_p2_eps=0.0023 real_p2_hit=0.0000 real_total=0.0023 synth_eps=0.4722 synth_eps_raw=0.4722 synth_x0_hit=1.0000 synth_x0_t=73.0000 synth_x0_ldif=0.0375 synth_x0_gen_adv=-0.0601 synth_x0_lfm=0.0038 synth_total=0.5113 extra_render_attn_share=0.5040
[step 4500] real_p1_mirror_hole_cov=0.0217 real_p1_skipped=1.0000 real_p1_hole_frac=0.2262 real_p2_eps=0.0070 real_p2_hit=0.0000 real_total=0.0070 synth_eps=0.0021 synth_eps_raw=0.0021 synth_x0_hit=0.0000 synth_total=0.0021 extra_render_attn_share=0.5040
[images] real: anchor | cond1 | cond2 | inv_warp_mirror | mask | mask_inv | warp_img | warp_warp_img | x | y_hat | y_hat_novel -> /home/xzy/warpgan-diffusiong-inpainting/warpgan-diffusion-inpainting-main/experiments/train_inpainting_diffusion/[20260911-143749]_v18w3_w3d_30k/logs/images/train/real_step0004500.png
[images] synth: cond | mask | target | warp_img | x | y_hat_novel -> /home/xzy/warpgan-diffusiong-inpainting/warpgan-diffusion-inpainting-main/experiments/train_inpainting_diffusion/[20260911-143749]_v18w3_w3d_30k/logs/images/train/synth_step0004500.png
[step 4550] real_p1_mirror_hole_cov=0.0745 real_p1_skipped=1.0000 real_p1_hole_frac=0.5672 real_p2_eps=0.6242 real_p2_hit=1.0000 real_p2_t=20.0000 real_p2_ldif=0.0119 real_p2_gen_adv=0.6104 real_p2_lfm=0.0020 real_total=0.7011 discr_adv=1.9860 x0_d_real=-0.0872 x0_d_fake=-0.1052 p2_d_real=-0.6003 p2_d_fake=-0.6104 g_grad_abs=1065.4718 d_grad_abs=992.9803 synth_eps=0.1343 synth_eps_raw=0.1343 synth_x0_hit=0.0000 synth_total=0.1343 extra_render_attn_share=0.5040
[step 4600] real_p1_mirror_hole_cov=0.0769 real_p1_skipped=1.0000 real_p1_hole_frac=0.2868 real_p2_eps=0.4776 real_p2_hit=1.0000 real_p2_t=45.0000 real_p2_ldif=0.0216 real_p2_gen_adv=-0.4236 real_p2_lfm=0.0029 real_total=0.4626 discr_adv=0.9894 p2_d_real=0.4448 p2_d_fake=0.4236 g_grad_abs=1114.1149 d_grad_abs=322.5598 synth_eps=0.4687 synth_eps_raw=0.4687 synth_x0_hit=1.0000 synth_x0_t=75.0000 synth_x0_ldif=0.0385 synth_x0_gen_adv=-0.2963 synth_x0_lfm=0.0075 synth_total=0.4926 extra_render_attn_share=0.5040
[step 4650] real_p1_mirror_hole_cov=0.0111 real_p1_skipped=1.0000 real_p1_hole_frac=0.0291 real_p2_eps=0.0019 real_p2_hit=0.0000 real_total=0.0019 discr_adv=1.0010 x0_d_real=0.7635 x0_d_fake=0.7655 g_grad_abs=73.1274 d_grad_abs=75.8883 synth_eps=0.0982 synth_eps_raw=0.0982 synth_x0_hit=0.0000 synth_total=0.0982 extra_render_attn_share=0.5040
[step 4700] real_p1_mirror_hole_cov=0.0667 real_p1_skipped=1.0000 real_p1_hole_frac=0.1452 real_p2_eps=0.0812 real_p2_hit=0.0000 real_total=0.0812 synth_eps=0.6286 synth_eps_raw=0.6286 synth_x0_hit=1.0000 synth_x0_t=29.0000 synth_x0_ldif=0.0176 synth_x0_gen_adv=-0.5094 synth_x0_lfm=0.0009 synth_total=0.5969 extra_render_attn_share=0.5040
[step 4750] real_p1_mirror_hole_cov=0.1042 real_p1_skipped=1.0000 real_p1_hole_frac=0.2155 real_p2_eps=0.0722 real_p2_hit=0.0000 real_total=0.0722 synth_eps=0.2414 synth_eps_raw=0.2414 synth_x0_hit=1.0000 synth_x0_t=245.0000 synth_x0_ldif=0.1125 synth_x0_gen_adv=-0.4485 synth_x0_lfm=0.0044 synth_total=0.3179 extra_render_attn_share=0.5040
[step 4800] real_p1_mirror_hole_cov=0.1568 real_p1_skipped=1.0000 real_p1_hole_frac=0.3914 real_p2_eps=0.0068 real_p2_hit=0.0000 real_total=0.0068 synth_eps=0.5715 synth_eps_raw=0.5715 synth_x0_hit=1.0000 synth_x0_t=35.0000 synth_x0_ldif=0.0196 synth_x0_gen_adv=0.3702 synth_x0_lfm=0.0021 synth_total=0.6322 extra_render_attn_share=0.5040
[step 4850] real_p1_mirror_hole_cov=0.1108 real_p1_skipped=1.0000 real_p1_hole_frac=0.2195 real_p2_eps=0.0150 real_p2_hit=0.0000 real_total=0.0150 discr_adv=0.9821 x0_d_real=-0.2731 x0_d_fake=-0.3090 g_grad_abs=287.5965 d_grad_abs=268.7179 synth_eps=0.0747 synth_eps_raw=0.0747 synth_x0_hit=0.0000 synth_total=0.0747 extra_render_attn_share=0.5040
[step 4900] real_p1_mirror_hole_cov=0.1562 real_p1_skipped=1.0000 real_p1_hole_frac=0.4589 real_p2_eps=0.0033 real_p2_hit=0.0000 real_total=0.0033 synth_eps=0.1235 synth_eps_raw=0.1235 synth_x0_hit=0.0000 synth_total=0.1235 extra_render_attn_share=0.5040
[step 4950] real_p1_mirror_hole_cov=0.1500 real_p1_skipped=1.0000 real_p1_hole_frac=0.0725 real_p2_eps=0.1105 real_p2_hit=1.0000 real_p2_t=248.0000 real_p2_ldif=0.0527 real_p2_gen_adv=-0.3962 real_p2_lfm=0.0021 real_total=0.1279 discr_adv=0.9999 p2_d_real=0.3964 p2_d_fake=0.3962 g_grad_abs=1065.8411 d_grad_abs=273.6408 synth_eps=0.0036 synth_eps_raw=0.0036 synth_x0_hit=0.0000 synth_total=0.0036 extra_render_attn_share=0.5040
[ckpt] saved /home/xzy/warpgan-diffusiong-inpainting/warpgan-diffusion-inpainting-main/experiments/train_inpainting_diffusion/[20260911-143749]_v18w3_w3d_30k/checkpoints/iteration_0004999.pt
[step 5000] real_p1_mirror_hole_cov=0.1226 real_p1_skipped=1.0000 real_p1_hole_frac=0.2273 real_p2_eps=0.0073 real_p2_hit=0.0000 real_total=0.0073 synth_eps=0.4985 synth_eps_raw=0.4985 synth_x0_hit=1.0000 synth_x0_t=65.0000 synth_x0_ldif=0.0344 synth_x0_gen_adv=-0.6124 synth_x0_lfm=0.0017 synth_total=0.4751 extra_render_attn_share=0.5040
[images] real: anchor | cond1 | cond2 | inv_warp_mirror | mask | mask_inv | warp_img | warp_warp_img | x | y_hat | y_hat_novel -> /home/xzy/warpgan-diffusiong-inpainting/warpgan-diffusion-inpainting-main/experiments/train_inpainting_diffusion/[20260911-143749]_v18w3_w3d_30k/logs/images/train/real_step0005000.png
[images] synth: cond | mask | target | warp_img | x | y_hat_novel -> /home/xzy/warpgan-diffusiong-inpainting/warpgan-diffusion-inpainting-main/experiments/train_inpainting_diffusion/[20260911-143749]_v18w3_w3d_30k/logs/images/train/synth_step0005000.png
[step 5050] real_p1_mirror_hole_cov=0.0666 real_p1_skipped=1.0000 real_p1_hole_frac=0.4051 real_p2_eps=0.0566 real_p2_hit=0.0000 real_total=0.0566 discr_adv=0.9831 x0_d_real=0.2708 x0_d_fake=0.2371 g_grad_abs=353.6464 d_grad_abs=274.1137 synth_eps=0.1175 synth_eps_raw=0.1175 synth_x0_hit=0.0000 synth_total=0.1175 extra_render_attn_share=0.5040
[step 5100] real_p1_mirror_hole_cov=0.1791 real_p1_skipped=1.0000 real_p1_hole_frac=0.4016 real_p2_eps=0.0034 real_p2_hit=0.0000 real_total=0.0034 synth_eps=0.2934 synth_eps_raw=0.2934 synth_x0_hit=1.0000 synth_x0_t=201.0000 synth_x0_ldif=0.0967 synth_x0_gen_adv=0.7933 synth_x0_lfm=0.0117 synth_total=0.4928 extra_render_attn_share=0.5040
[step 5150] real_p1_mirror_hole_cov=0.0372 real_p1_skipped=1.0000 real_p1_hole_frac=0.4509 real_p2_eps=0.2434 real_p2_hit=1.0000 real_p2_t=256.0000 real_p2_ldif=0.1232 real_p2_gen_adv=-0.3433 real_p2_lfm=0.0517 real_total=0.4356 discr_adv=0.9827 p2_d_real=0.3779 p2_d_fake=0.3433 g_grad_abs=8273.2863 d_grad_abs=366.9198 synth_eps=0.0154 synth_eps_raw=0.0154 synth_x0_hit=0.0000 synth_total=0.0154 extra_render_attn_share=0.5040
[step 5200] real_p1_mirror_hole_cov=0.1343 real_p1_skipped=1.0000 real_p1_hole_frac=0.2684 real_p2_eps=0.0172 real_p2_hit=0.0000 real_total=0.0172 synth_eps=0.0055 synth_eps_raw=0.0055 synth_x0_hit=0.0000 synth_total=0.0055 extra_render_attn_share=0.5040
[step 5250] real_p1_mirror_hole_cov=0.0079 real_p1_skipped=1.0000 real_p1_hole_frac=0.2312 real_p2_eps=0.0633 real_p2_hit=0.0000 real_total=0.0633 discr_adv=0.9676 x0_d_real=-0.2167 x0_d_fake=-0.2815 g_grad_abs=696.5599 d_grad_abs=814.8922 synth_eps=0.3009 synth_eps_raw=0.3009 synth_x0_hit=1.0000 synth_x0_t=270.0000 synth_x0_ldif=0.1687 synth_x0_gen_adv=-0.3329 synth_x0_lfm=0.0239 synth_total=0.4842 extra_render_attn_share=0.5040
[step 5300] real_p1_mirror_hole_cov=0.0032 real_p1_skipped=1.0000 real_p1_hole_frac=0.2035 real_p2_eps=0.0457 real_p2_hit=0.0000 real_total=0.0457 discr_adv=0.9997 x0_d_real=0.3935 x0_d_fake=0.3930 g_grad_abs=474.7917 d_grad_abs=144.4271 synth_eps=0.0294 synth_eps_raw=0.0294 synth_x0_hit=0.0000 synth_total=0.0294 extra_render_attn_share=0.5040
[step 5350] real_p1_mirror_hole_cov=0.2419 real_p1_skipped=1.0000 real_p1_hole_frac=0.4829 real_p2_eps=0.1649 real_p2_hit=0.0000 real_total=0.1649 synth_eps=0.6892 synth_eps_raw=0.6892 synth_x0_hit=1.0000 synth_x0_t=19.0000 synth_x0_ldif=0.0125 synth_x0_gen_adv=-0.3889 synth_x0_lfm=0.0012 synth_total=0.6653 extra_render_attn_share=0.5040
[step 5400] real_p1_mirror_hole_cov=0.0161 real_p1_skipped=1.0000 real_p1_hole_frac=0.1047 real_p2_eps=0.0015 real_p2_hit=0.0000 real_total=0.0015 synth_eps=0.1125 synth_eps_raw=0.1125 synth_x0_hit=0.0000 synth_total=0.1125 extra_render_attn_share=0.5040
[step 5450] real_p1_mirror_hole_cov=0.1166 real_p1_skipped=1.0000 real_p1_hole_frac=0.2389 real_p2_eps=0.2163 real_p2_hit=1.0000 real_p2_t=215.0000 real_p2_ldif=0.0799 real_p2_gen_adv=-0.5934 real_p2_lfm=0.0053 real_total=0.2474 discr_adv=0.9930 p2_d_real=0.6083 p2_d_fake=0.5934 g_grad_abs=1212.1486 d_grad_abs=284.8849 synth_eps=0.0746 synth_eps_raw=0.0746 synth_x0_hit=0.0000 synth_total=0.0746 extra_render_attn_share=0.5040
[step 5500] real_p1_mirror_hole_cov=0.0161 real_p1_skipped=1.0000 real_p1_hole_frac=0.2806 real_p2_eps=0.6920 real_p2_hit=1.0000 real_p2_t=8.0000 real_p2_ldif=0.0054 real_p2_gen_adv=-0.4736 real_p2_lfm=0.0008 real_total=0.6517 discr_adv=0.9960 p2_d_real=0.4815 p2_d_fake=0.4736 g_grad_abs=1326.1096 d_grad_abs=87.5680 synth_eps=0.0339 synth_eps_raw=0.0339 synth_x0_hit=0.0000 synth_total=0.0339 extra_render_attn_share=0.5040
[images] real: anchor | cond1 | cond2 | inv_warp_mirror | mask | mask_inv | warp_img | warp_warp_img | x | y_hat | y_hat_novel -> /home/xzy/warpgan-diffusiong-inpainting/warpgan-diffusion-inpainting-main/experiments/train_inpainting_diffusion/[20260911-143749]_v18w3_w3d_30k/logs/images/train/real_step0005500.png
[images] synth: cond | mask | target | warp_img | x | y_hat_novel -> /home/xzy/warpgan-diffusiong-inpainting/warpgan-diffusion-inpainting-main/experiments/train_inpainting_diffusion/[20260911-143749]_v18w3_w3d_30k/logs/images/train/synth_step0005500.png
[step 5550] real_p1_mirror_hole_cov=0.1466 real_p1_skipped=1.0000 real_p1_hole_frac=0.3173 real_p2_eps=0.1060 real_p2_hit=0.0000 real_total=0.1060 synth_eps=0.3855 synth_eps_raw=0.3855 synth_x0_hit=1.0000 synth_x0_t=96.0000 synth_x0_ldif=0.0432 synth_x0_gen_adv=0.0367 synth_x0_lfm=0.0080 synth_total=0.4484 extra_render_attn_share=0.5040
[step 5600] real_p1_mirror_hole_cov=0.0272 real_p1_skipped=1.0000 real_p1_hole_frac=0.0534 real_p2_eps=0.0019 real_p2_hit=0.0000 real_total=0.0019 discr_adv=0.9999 x0_d_real=0.5885 x0_d_fake=0.5882 g_grad_abs=71.2546 d_grad_abs=105.7476 synth_eps=0.1680 synth_eps_raw=0.1680 synth_x0_hit=0.0000 synth_total=0.1680 extra_render_attn_share=0.5040
[step 5650] real_p1_mirror_hole_cov=0.1279 real_p1_skipped=1.0000 real_p1_hole_frac=0.0278 real_p2_eps=0.0481 real_p2_hit=0.0000 real_total=0.0481 synth_eps=0.3900 synth_eps_raw=0.3900 synth_x0_hit=1.0000 synth_x0_t=96.0000 synth_x0_ldif=0.0437 synth_x0_gen_adv=-0.1579 synth_x0_lfm=0.0058 synth_total=0.4296 extra_render_attn_share=0.5040
[step 5700] real_p1_mirror_hole_cov=0.1758 real_p1_skipped=1.0000 real_p1_hole_frac=0.2150 real_p2_eps=0.0023 real_p2_hit=0.0000 real_total=0.0023 synth_eps=0.0325 synth_eps_raw=0.0325 synth_x0_hit=0.0000 synth_total=0.0325 extra_render_attn_share=0.5040
[step 5750] real_p1_mirror_hole_cov=0.0155 real_p1_skipped=1.0000 real_p1_hole_frac=0.2113 real_p2_eps=0.2909 real_p2_hit=1.0000 real_p2_t=109.0000 real_p2_ldif=0.0386 real_p2_gen_adv=-0.2967 real_p2_lfm=0.0086 real_total=0.3171 discr_adv=2.0105 x0_d_real=0.5002 x0_d_fake=0.4876 p2_d_real=0.2662 p2_d_fake=0.2967 g_grad_abs=2374.4453 d_grad_abs=932.4074 synth_eps=0.3047 synth_eps_raw=0.3047 synth_x0_hit=1.0000 synth_x0_t=144.0000 synth_x0_ldif=0.0597 synth_x0_gen_adv=0.2472 synth_x0_lfm=0.0130 synth_total=0.4152 extra_render_attn_share=0.5040
[step 5800] real_p1_mirror_hole_cov=0.1793 real_p1_skipped=1.0000 real_p1_hole_frac=0.3967 real_p2_eps=0.1217 real_p2_hit=0.0000 real_total=0.1217 discr_adv=0.9863 x0_d_real=-0.0249 x0_d_fake=-0.0523 g_grad_abs=781.0372 d_grad_abs=291.4453 synth_eps=0.0039 synth_eps_raw=0.0039 synth_x0_hit=0.0000 synth_total=0.0039 extra_render_attn_share=0.5040
[step 5850] real_p1_mirror_hole_cov=0.0289 real_p1_skipped=1.0000 real_p1_hole_frac=0.4222 real_p2_eps=0.1652 real_p2_hit=1.0000 real_p2_t=261.0000 real_p2_ldif=0.0868 real_p2_gen_adv=0.1206 real_p2_lfm=0.0323 real_total=0.3287 discr_adv=1.0443 p2_d_real=-0.2091 p2_d_fake=-0.1206 g_grad_abs=5800.9374 d_grad_abs=842.6531 synth_eps=0.0353 synth_eps_raw=0.0353 synth_x0_hit=0.0000 synth_total=0.0353 extra_render_attn_share=0.5040
[step 5900] real_p1_mirror_hole_cov=0.1523 real_p1_skipped=1.0000 real_p1_hole_frac=0.6179 real_p2_eps=0.2244 real_p2_hit=1.0000 real_p2_t=276.0000 real_p2_ldif=0.1314 real_p2_gen_adv=-0.2150 real_p2_lfm=0.0313 real_total=0.3968 discr_adv=0.9614 p2_d_real=0.2923 p2_d_fake=0.2150 g_grad_abs=4237.7270 d_grad_abs=1304.4783 synth_eps=0.1792 synth_eps_raw=0.1792 synth_x0_hit=0.0000 synth_total=0.1792 extra_render_attn_share=0.5040
[step 5950] real_p1_mirror_hole_cov=0.0134 real_p1_skipped=1.0000 real_p1_hole_frac=0.2516 real_p2_eps=0.2732 real_p2_hit=1.0000 real_p2_t=87.0000 real_p2_ldif=0.0270 real_p2_gen_adv=-0.4533 real_p2_lfm=0.0008 real_total=0.2565 discr_adv=0.9975 p2_d_real=0.4583 p2_d_fake=0.4533 g_grad_abs=1406.7589 d_grad_abs=67.6176 synth_eps=0.0188 synth_eps_raw=0.0188 synth_x0_hit=0.0000 synth_total=0.0188 extra_render_attn_share=0.5040
[val step 5999] val_novel_full=0.1382 val_novel_hole=0.1426 val_novel_visible=0.1326
[step 6000] real_p1_mirror_hole_cov=0.0075 real_p1_skipped=1.0000 real_p1_hole_frac=0.1066 real_p2_eps=0.1157 real_p2_hit=1.0000 real_p2_t=252.0000 real_p2_ldif=0.0569 real_p2_gen_adv=-0.4608 real_p2_lfm=0.0018 real_total=0.1301 discr_adv=0.9938 p2_d_real=0.4732 p2_d_fake=0.4608 g_grad_abs=801.9516 d_grad_abs=92.1787 synth_eps=0.0510 synth_eps_raw=0.0510 synth_x0_hit=0.0000 synth_total=0.0510 extra_render_attn_share=0.5092
[images] real: anchor | cond1 | cond2 | inv_warp_mirror | mask | mask_inv | warp_img | warp_warp_img | x | y_hat | y_hat_novel -> /home/xzy/warpgan-diffusiong-inpainting/warpgan-diffusion-inpainting-main/experiments/train_inpainting_diffusion/[20260911-143749]_v18w3_w3d_30k/logs/images/train/real_step0006000.png
[images] synth: cond | mask | target | warp_img | x | y_hat_novel -> /home/xzy/warpgan-diffusiong-inpainting/warpgan-diffusion-inpainting-main/experiments/train_inpainting_diffusion/[20260911-143749]_v18w3_w3d_30k/logs/images/train/synth_step0006000.png
[step 6050] real_p1_mirror_hole_cov=0.0404 real_p1_skipped=1.0000 real_p1_hole_frac=0.1859 real_p2_eps=0.0023 real_p2_hit=0.0000 real_total=0.0023 synth_eps=0.0030 synth_eps_raw=0.0030 synth_x0_hit=0.0000 synth_total=0.0030 extra_render_attn_share=0.5092
[step 6100] real_p1_mirror_hole_cov=0.0132 real_p1_skipped=1.0000 real_p1_hole_frac=0.2654 real_p2_eps=0.2213 real_p2_hit=1.0000 real_p2_t=221.0000 real_p2_ldif=0.0858 real_p2_gen_adv=0.6152 real_p2_lfm=0.0073 real_total=0.3831 discr_adv=1.9942 x0_d_real=-0.7311 x0_d_fake=-0.7313 p2_d_real=-0.6022 p2_d_fake=-0.6152 g_grad_abs=1596.5065 d_grad_abs=376.4000 synth_eps=0.0047 synth_eps_raw=0.0047 synth_x0_hit=0.0000 synth_total=0.0047 extra_render_attn_share=0.5092
[step 6150] real_p1_mirror_hole_cov=0.0279 real_p1_skipped=1.0000 real_p1_hole_frac=0.3905 real_p2_eps=0.2246 real_p2_hit=1.0000 real_p2_t=151.0000 real_p2_ldif=0.0472 real_p2_gen_adv=0.4477 real_p2_lfm=0.0019 real_total=0.3203 discr_adv=1.0056 p2_d_real=-0.4589 p2_d_fake=-0.4477 g_grad_abs=936.6097 d_grad_abs=138.4927 synth_eps=0.6716 synth_eps_raw=0.6716 synth_x0_hit=1.0000 synth_x0_t=12.0000 synth_x0_ldif=0.0077 synth_x0_gen_adv=0.2098 synth_x0_lfm=0.0011 synth_total=0.7025 extra_render_attn_share=0.5092
[step 6200] real_p1_mirror_hole_cov=0.0081 real_p1_skipped=1.0000 real_p1_hole_frac=0.1768 real_p2_eps=0.0036 real_p2_hit=0.0000 real_total=0.0036 synth_eps=0.0385 synth_eps_raw=0.0385 synth_x0_hit=0.0000 synth_total=0.0385 extra_render_attn_share=0.5092
[step 6250] real_p1_mirror_hole_cov=0.2774 real_p1_skipped=1.0000 real_p1_hole_frac=0.5415 real_p2_eps=0.0690 real_p2_hit=0.0000 real_total=0.0690 synth_eps=0.4849 synth_eps_raw=0.4849 synth_x0_hit=1.0000 synth_x0_t=57.0000 synth_x0_ldif=0.0287 synth_x0_gen_adv=-0.2830 synth_x0_lfm=0.0171 synth_total=0.5195 extra_render_attn_share=0.5092
[step 6300] real_p1_mirror_hole_cov=0.2152 real_p1_skipped=1.0000 real_p1_hole_frac=0.1385 real_p2_eps=0.0992 real_p2_hit=1.0000 real_p2_t=264.0000 real_p2_ldif=0.0533 real_p2_gen_adv=0.0718 real_p2_lfm=0.0508 real_total=0.2612 discr_adv=1.9480 x0_d_real=-0.0510 x0_d_fake=-0.1399 p2_d_real=-0.0567 p2_d_fake=-0.0718 g_grad_abs=8097.2061 d_grad_abs=1121.2969 synth_eps=0.7438 synth_eps_raw=0.7438 synth_x0_hit=1.0000 synth_x0_t=7.0000 synth_x0_ldif=0.0052 synth_x0_gen_adv=0.3597 synth_x0_lfm=0.0007 synth_total=0.7863 extra_render_attn_share=0.5092
[step 6350] real_p1_mirror_hole_cov=0.0180 real_p1_skipped=1.0000 real_p1_hole_frac=0.2842 real_p2_eps=0.0085 real_p2_hit=0.0000 real_total=0.0085 discr_adv=0.9908 x0_d_real=0.6225 x0_d_fake=0.6040 g_grad_abs=158.3942 d_grad_abs=224.6144 synth_eps=0.1266 synth_eps_raw=0.1266 synth_x0_hit=0.0000 synth_total=0.1266 extra_render_attn_share=0.5092
[step 6400] real_p1_mirror_hole_cov=0.0766 real_p1_skipped=1.0000 real_p1_hole_frac=0.3293 real_p2_eps=0.3639 real_p2_hit=1.0000 real_p2_t=73.0000 real_p2_ldif=0.0289 real_p2_gen_adv=-0.3363 real_p2_lfm=0.0036 real_total=0.3665 discr_adv=0.9871 p2_d_real=0.3621 p2_d_fake=0.3363 g_grad_abs=1538.1180 d_grad_abs=270.0005 synth_eps=0.0558 synth_eps_raw=0.0558 synth_x0_hit=0.0000 synth_total=0.0558 extra_render_attn_share=0.5092
[step 6450] real_p1_mirror_hole_cov=0.0146 real_p1_skipped=1.0000 real_p1_hole_frac=0.0885 real_p2_eps=0.0444 real_p2_hit=0.0000 real_total=0.0444 synth_eps=0.0567 synth_eps_raw=0.0567 synth_x0_hit=0.0000 synth_total=0.0567 extra_render_attn_share=0.5092
[step 6500] real_p1_mirror_hole_cov=0.1964 real_p1_skipped=1.0000 real_p1_hole_frac=0.5024 real_p2_eps=0.0147 real_p2_hit=0.0000 real_total=0.0147 discr_adv=0.9833 x0_d_real=-0.2902 x0_d_fake=-0.3236 g_grad_abs=190.5076 d_grad_abs=417.0250 synth_eps=0.2500 synth_eps_raw=0.2500 synth_x0_hit=1.0000 synth_x0_t=198.0000 synth_x0_ldif=0.0804 synth_x0_gen_adv=-0.3369 synth_x0_lfm=0.0080 synth_total=0.3128 extra_render_attn_share=0.5092
[images] real: anchor | cond1 | cond2 | inv_warp_mirror | mask | mask_inv | warp_img | warp_warp_img | x | y_hat | y_hat_novel -> /home/xzy/warpgan-diffusiong-inpainting/warpgan-diffusion-inpainting-main/experiments/train_inpainting_diffusion/[20260911-143749]_v18w3_w3d_30k/logs/images/train/real_step0006500.png
[images] synth: cond | mask | target | warp_img | x | y_hat_novel -> /home/xzy/warpgan-diffusiong-inpainting/warpgan-diffusion-inpainting-main/experiments/train_inpainting_diffusion/[20260911-143749]_v18w3_w3d_30k/logs/images/train/synth_step0006500.png
[step 6550] real_p1_mirror_hole_cov=0.0564 real_p1_skipped=1.0000 real_p1_hole_frac=0.2540 real_p2_eps=0.1803 real_p2_hit=0.0000 real_total=0.1803 discr_adv=0.8929 x0_d_real=-0.2604 x0_d_fake=-0.4745 g_grad_abs=1082.5674 d_grad_abs=2706.1402 synth_eps=0.0430 synth_eps_raw=0.0430 synth_x0_hit=0.0000 synth_total=0.0430 extra_render_attn_share=0.5092
[step 6600] real_p1_mirror_hole_cov=0.1608 real_p1_skipped=1.0000 real_p1_hole_frac=0.2318 real_p2_eps=0.0012 real_p2_hit=0.0000 real_total=0.0012 synth_eps=0.0356 synth_eps_raw=0.0356 synth_x0_hit=0.0000 synth_total=0.0356 extra_render_attn_share=0.5092
[step 6650] real_p1_mirror_hole_cov=0.0920 real_p1_skipped=1.0000 real_p1_hole_frac=0.1433 real_p2_eps=0.0016 real_p2_hit=0.0000 real_total=0.0016 synth_eps=0.0035 synth_eps_raw=0.0035 synth_x0_hit=0.0000 synth_total=0.0035 extra_render_attn_share=0.5092
[step 6700] real_p1_mirror_hole_cov=0.0437 real_p1_skipped=1.0000 real_p1_hole_frac=0.1449 real_p2_eps=0.0018 real_p2_hit=0.0000 real_total=0.0018 synth_eps=0.0467 synth_eps_raw=0.0467 synth_x0_hit=0.0000 synth_total=0.0467 extra_render_attn_share=0.5092
[step 6750] real_p1_mirror_hole_cov=0.4230 real_p1_skipped=1.0000 real_p1_hole_frac=0.1373 real_p2_eps=0.1588 real_p2_hit=1.0000 real_p2_t=190.0000 real_p2_ldif=0.0477 real_p2_gen_adv=0.6084 real_p2_lfm=0.0100 real_total=0.2873 discr_adv=0.9886 p2_d_real=-0.5856 p2_d_fake=-0.6084 g_grad_abs=2049.7559 d_grad_abs=190.7080 synth_eps=0.0041 synth_eps_raw=0.0041 synth_x0_hit=0.0000 synth_total=0.0041 extra_render_attn_share=0.5092
[step 6800] real_p1_mirror_hole_cov=0.0508 real_p1_skipped=1.0000 real_p1_hole_frac=0.5205 real_p2_eps=0.0783 real_p2_hit=0.0000 real_total=0.0783 synth_eps=0.0211 synth_eps_raw=0.0211 synth_x0_hit=0.0000 synth_total=0.0211 extra_render_attn_share=0.5092
[step 6850] real_p1_mirror_hole_cov=0.1607 real_p1_skipped=1.0000 real_p1_hole_frac=0.4618 real_p2_eps=0.0049 real_p2_hit=0.0000 real_total=0.0049 synth_eps=0.7525 synth_eps_raw=0.7525 synth_x0_hit=1.0000 synth_x0_t=15.0000 synth_x0_ldif=0.0107 synth_x0_gen_adv=-0.4298 synth_x0_lfm=0.0022 synth_total=0.7247 extra_render_attn_share=0.5092
[step 6900] real_p1_mirror_hole_cov=0.0888 real_p1_skipped=1.0000 real_p1_hole_frac=0.1984 real_p2_eps=0.0442 real_p2_hit=0.0000 real_total=0.0442 synth_eps=0.1283 synth_eps_raw=0.1283 synth_x0_hit=0.0000 synth_total=0.1283 extra_render_attn_share=0.5092
[step 6950] real_p1_mirror_hole_cov=0.2010 real_p1_skipped=1.0000 real_p1_hole_frac=0.4511 real_p2_eps=0.0059 real_p2_hit=0.0000 real_total=0.0059 synth_eps=0.0035 synth_eps_raw=0.0035 synth_x0_hit=0.0000 synth_total=0.0035 extra_render_attn_share=0.5092
[step 7000] real_p1_mirror_hole_cov=0.2195 real_p1_skipped=1.0000 real_p1_hole_frac=0.2305 real_p2_eps=0.3886 real_p2_hit=1.0000 real_p2_t=104.0000 real_p2_ldif=0.0484 real_p2_gen_adv=-0.9717 real_p2_lfm=0.0006 real_total=0.3412 discr_adv=1.0162 p2_d_real=0.9748 p2_d_fake=0.9717 g_grad_abs=1198.3676 d_grad_abs=1204.0426 synth_eps=0.2638 synth_eps_raw=0.2638 synth_x0_hit=1.0000 synth_x0_t=196.0000 synth_x0_ldif=0.0834 synth_x0_gen_adv=0.2027 synth_x0_lfm=0.0024 synth_total=0.3722 extra_render_attn_share=0.5092
[images] real: anchor | cond1 | cond2 | inv_warp_mirror | mask | mask_inv | warp_img | warp_warp_img | x | y_hat | y_hat_novel -> /home/xzy/warpgan-diffusiong-inpainting/warpgan-diffusion-inpainting-main/experiments/train_inpainting_diffusion/[20260911-143749]_v18w3_w3d_30k/logs/images/train/real_step0007000.png
[images] synth: cond | mask | target | warp_img | x | y_hat_novel -> /home/xzy/warpgan-diffusiong-inpainting/warpgan-diffusion-inpainting-main/experiments/train_inpainting_diffusion/[20260911-143749]_v18w3_w3d_30k/logs/images/train/synth_step0007000.png
[step 7050] real_p1_mirror_hole_cov=0.1554 real_p1_skipped=1.0000 real_p1_hole_frac=0.2923 real_p2_eps=0.1555 real_p2_hit=0.0000 real_total=0.1555 discr_adv=0.9962 x0_d_real=0.1993 x0_d_fake=0.1917 g_grad_abs=671.7297 d_grad_abs=441.2078 synth_eps=0.0056 synth_eps_raw=0.0056 synth_x0_hit=0.0000 synth_total=0.0056 extra_render_attn_share=0.5092
[step 7100] real_p1_mirror_hole_cov=0.1070 real_p1_skipped=1.0000 real_p1_hole_frac=0.1538 real_p2_eps=0.0859 real_p2_hit=0.0000 real_total=0.0859 synth_eps=0.0249 synth_eps_raw=0.0249 synth_x0_hit=0.0000 synth_total=0.0249 extra_render_attn_share=0.5092
[step 7150] real_p1_mirror_hole_cov=0.0644 real_p1_skipped=1.0000 real_p1_hole_frac=0.3361 real_p2_eps=0.0060 real_p2_hit=0.0000 real_total=0.0060 synth_eps=0.1798 synth_eps_raw=0.1798 synth_x0_hit=1.0000 synth_x0_t=257.0000 synth_x0_ldif=0.0917 synth_x0_gen_adv=-0.1569 synth_x0_lfm=0.0135 synth_total=0.2828 extra_render_attn_share=0.5092
[step 7200] real_p1_mirror_hole_cov=0.0006 real_p1_skipped=1.0000 real_p1_hole_frac=0.2352 real_p2_eps=0.5293 real_p2_hit=1.0000 real_p2_t=19.0000 real_p2_ldif=0.0096 real_p2_gen_adv=-0.1451 real_p2_lfm=0.0007 real_total=0.5257 discr_adv=1.9927 x0_d_real=-0.2112 x0_d_fake=-0.1998 p2_d_real=0.1744 p2_d_fake=0.1451 g_grad_abs=1218.1703 d_grad_abs=607.6725 synth_eps=0.2147 synth_eps_raw=0.2147 synth_x0_hit=1.0000 synth_x0_t=251.0000 synth_x0_ldif=0.1047 synth_x0_gen_adv=-0.2236 synth_x0_lfm=0.0092 synth_total=0.3155 extra_render_attn_share=0.5092
[step 7250] real_p1_mirror_hole_cov=0.1503 real_p1_skipped=1.0000 real_p1_hole_frac=0.1997 real_p2_eps=0.0243 real_p2_hit=0.0000 real_total=0.0243 discr_adv=0.9924 x0_d_real=-0.4920 x0_d_fake=-0.5075 g_grad_abs=322.2669 d_grad_abs=425.0786 synth_eps=0.3072 synth_eps_raw=0.3072 synth_x0_hit=1.0000 synth_x0_t=202.0000 synth_x0_ldif=0.1021 synth_x0_gen_adv=0.4062 synth_x0_lfm=0.0507 synth_total=0.5513 extra_render_attn_share=0.5092
[step 7300] real_p1_mirror_hole_cov=0.1585 real_p1_skipped=1.0000 real_p1_hole_frac=0.3504 real_p2_eps=0.2467 real_p2_hit=1.0000 real_p2_t=192.0000 real_p2_ldif=0.0754 real_p2_gen_adv=-0.4489 real_p2_lfm=0.0095 real_total=0.2962 discr_adv=0.9985 p2_d_real=0.4524 p2_d_fake=0.4489 g_grad_abs=1568.2964 d_grad_abs=391.3269 synth_eps=0.5748 synth_eps_raw=0.5748 synth_x0_hit=1.0000 synth_x0_t=46.0000 synth_x0_ldif=0.0266 synth_x0_gen_adv=-0.2577 synth_x0_lfm=0.0032 synth_total=0.5821 extra_render_attn_share=0.5092
[step 7350] real_p1_mirror_hole_cov=0.2207 real_p1_skipped=1.0000 real_p1_hole_frac=0.3400 real_p2_eps=0.1948 real_p2_hit=1.0000 real_p2_t=283.0000 real_p2_ldif=0.1199 real_p2_gen_adv=-0.3520 real_p2_lfm=0.0039 real_total=0.2873 discr_adv=1.9741 x0_d_real=0.2981 x0_d_fake=0.2452 p2_d_real=0.3508 p2_d_fake=0.3520 g_grad_abs=1453.0102 d_grad_abs=904.8150 synth_eps=0.0058 synth_eps_raw=0.0058 synth_x0_hit=0.0000 synth_total=0.0058 extra_render_attn_share=0.5092
[step 7400] real_p1_mirror_hole_cov=0.0455 real_p1_skipped=1.0000 real_p1_hole_frac=0.2540 real_p2_eps=0.1500 real_p2_hit=1.0000 real_p2_t=297.0000 real_p2_ldif=0.1019 real_p2_gen_adv=-0.0627 real_p2_lfm=0.0292 real_total=0.3040 discr_adv=1.0110 p2_d_real=0.0407 p2_d_fake=0.0627 g_grad_abs=4760.6119 d_grad_abs=622.1088 synth_eps=0.6224 synth_eps_raw=0.6224 synth_x0_hit=1.0000 synth_x0_t=26.0000 synth_x0_ldif=0.0155 synth_x0_gen_adv=0.1641 synth_x0_lfm=0.0012 synth_total=0.6566 extra_render_attn_share=0.5092
[step 7450] real_p1_mirror_hole_cov=0.0114 real_p1_skipped=1.0000 real_p1_hole_frac=0.3895 real_p2_eps=0.0265 real_p2_hit=0.0000 real_total=0.0265 discr_adv=0.9490 x0_d_real=-0.0723 x0_d_fake=-0.1743 g_grad_abs=231.1460 d_grad_abs=636.9360 synth_eps=0.0654 synth_eps_raw=0.0654 synth_x0_hit=0.0000 synth_total=0.0654 extra_render_attn_share=0.5092
[step 7500] real_p1_mirror_hole_cov=0.3564 real_p1_skipped=1.0000 real_p1_hole_frac=0.2945 real_p2_eps=0.0469 real_p2_hit=0.0000 real_total=0.0469 discr_adv=0.9901 x0_d_real=-0.3201 x0_d_fake=-0.3429 g_grad_abs=395.4244 d_grad_abs=300.4546 synth_eps=0.0431 synth_eps_raw=0.0431 synth_x0_hit=0.0000 synth_total=0.0431 extra_render_attn_share=0.5092
[images] real: anchor | cond1 | cond2 | inv_warp_mirror | mask | mask_inv | warp_img | warp_warp_img | x | y_hat | y_hat_novel -> /home/xzy/warpgan-diffusiong-inpainting/warpgan-diffusion-inpainting-main/experiments/train_inpainting_diffusion/[20260911-143749]_v18w3_w3d_30k/logs/images/train/real_step0007500.png
[images] synth: cond | mask | target | warp_img | x | y_hat_novel -> /home/xzy/warpgan-diffusiong-inpainting/warpgan-diffusion-inpainting-main/experiments/train_inpainting_diffusion/[20260911-143749]_v18w3_w3d_30k/logs/images/train/synth_step0007500.png
[step 7550] real_p1_mirror_hole_cov=0.2494 real_p1_skipped=1.0000 real_p1_hole_frac=0.4776 real_p2_eps=0.8222 real_p2_hit=1.0000 real_p2_t=6.0000 real_p2_ldif=0.0050 real_p2_gen_adv=0.2675 real_p2_lfm=0.0012 real_total=0.8563 discr_adv=0.9964 p2_d_real=-0.2603 p2_d_fake=-0.2675 g_grad_abs=1314.9830 d_grad_abs=61.6270 synth_eps=0.1961 synth_eps_raw=0.1961 synth_x0_hit=1.0000 synth_x0_t=279.0000 synth_x0_ldif=0.1173 synth_x0_gen_adv=0.5403 synth_x0_lfm=0.0337 synth_total=0.4348 extra_render_attn_share=0.5092
[step 7600] real_p1_mirror_hole_cov=0.2069 real_p1_skipped=1.0000 real_p1_hole_frac=0.5739 real_p2_eps=0.0107 real_p2_hit=0.0000 real_total=0.0107 synth_eps=0.0859 synth_eps_raw=0.0859 synth_x0_hit=0.0000 synth_total=0.0859 extra_render_attn_share=0.5092
[step 7650] real_p1_mirror_hole_cov=0.0306 real_p1_skipped=1.0000 real_p1_hole_frac=0.2221 real_p2_eps=0.0160 real_p2_hit=0.0000 real_total=0.0160 synth_eps=0.0669 synth_eps_raw=0.0669 synth_x0_hit=0.0000 synth_total=0.0669 extra_render_attn_share=0.5092
[step 7700] real_p1_mirror_hole_cov=0.1286 real_p1_skipped=1.0000 real_p1_hole_frac=0.3196 real_p2_eps=0.2681 real_p2_hit=1.0000 real_p2_t=98.0000 real_p2_ldif=0.0309 real_p2_gen_adv=-0.4511 real_p2_lfm=0.0067 real_total=0.2672 discr_adv=1.9972 x0_d_real=0.5774 x0_d_fake=0.5711 p2_d_real=0.4575 p2_d_fake=0.4511 g_grad_abs=2224.9519 d_grad_abs=351.5145 synth_eps=0.0533 synth_eps_raw=0.0533 synth_x0_hit=0.0000 synth_total=0.0533 extra_render_attn_share=0.5092
[step 7750] real_p1_mirror_hole_cov=0.2083 real_p1_skipped=1.0000 real_p1_hole_frac=0.6162 real_p2_eps=0.4878 real_p2_hit=1.0000 real_p2_t=88.0000 real_p2_ldif=0.0489 real_p2_gen_adv=-0.6248 real_p2_lfm=0.0029 real_total=0.4800 discr_adv=0.9971 p2_d_real=0.6305 p2_d_fake=0.6248 g_grad_abs=1001.0293 d_grad_abs=61.4608 synth_eps=0.0044 synth_eps_raw=0.0044 synth_x0_hit=0.0000 synth_total=0.0044 extra_render_attn_share=0.5092
[step 7800] real_p1_mirror_hole_cov=0.2450 real_p1_skipped=1.0000 real_p1_hole_frac=0.3204 real_p2_eps=0.2931 real_p2_hit=1.0000 real_p2_t=129.0000 real_p2_ldif=0.0490 real_p2_gen_adv=0.0786 real_p2_lfm=0.0150 real_total=0.3800 discr_adv=1.9855 x0_d_real=0.3311 x0_d_fake=0.3161 p2_d_real=-0.0646 p2_d_fake=-0.0786 g_grad_abs=2678.9385 d_grad_abs=1137.0751 synth_eps=0.1738 synth_eps_raw=0.1738 synth_x0_hit=1.0000 synth_x0_t=238.0000 synth_x0_ldif=0.0769 synth_x0_gen_adv=0.2389 synth_x0_lfm=0.0274 synth_total=0.3293 extra_render_attn_share=0.5092
[step 7850] real_p1_mirror_hole_cov=0.3193 real_p1_skipped=1.0000 real_p1_hole_frac=0.2615 real_p2_eps=0.0032 real_p2_hit=0.0000 real_total=0.0032 discr_adv=1.0116 x0_d_real=-0.2244 x0_d_fake=-0.2012 g_grad_abs=94.5148 d_grad_abs=95.7578 synth_eps=0.8628 synth_eps_raw=0.8628 synth_x0_hit=1.0000 synth_x0_t=6.0000 synth_x0_ldif=0.0052 synth_x0_gen_adv=-0.3592 synth_x0_lfm=0.0008 synth_total=0.8337 extra_render_attn_share=0.5092
[step 7900] real_p1_mirror_hole_cov=0.1922 real_p1_skipped=1.0000 real_p1_hole_frac=0.4918 real_p2_eps=0.2860 real_p2_hit=1.0000 real_p2_t=194.0000 real_p2_ldif=0.0889 real_p2_gen_adv=0.2982 real_p2_lfm=0.0251 real_total=0.4548 discr_adv=0.9923 p2_d_real=-0.2829 p2_d_fake=-0.2982 g_grad_abs=4027.6260 d_grad_abs=112.9205 synth_eps=0.0753 synth_eps_raw=0.0753 synth_x0_hit=0.0000 synth_total=0.0753 extra_render_attn_share=0.5092
[step 7950] real_p1_mirror_hole_cov=0.1360 real_p1_skipped=1.0000 real_p1_hole_frac=0.3827 real_p2_eps=0.0101 real_p2_hit=0.0000 real_total=0.0101 discr_adv=0.9892 x0_d_real=-0.0221 x0_d_fake=-0.0437 g_grad_abs=170.3317 d_grad_abs=194.7065 synth_eps=0.1412 synth_eps_raw=0.1412 synth_x0_hit=0.0000 synth_total=0.1412 extra_render_attn_share=0.5092
[val step 7999] val_novel_full=0.0803 val_novel_hole=0.1276 val_novel_visible=0.0686
[step 8000] real_p1_mirror_hole_cov=0.0106 real_p1_skipped=1.0000 real_p1_hole_frac=0.3023 real_p2_eps=0.0020 real_p2_hit=0.0000 real_total=0.0020 discr_adv=0.9928 x0_d_real=0.6260 x0_d_fake=0.6094 g_grad_abs=61.4040 d_grad_abs=293.0484 synth_eps=0.0242 synth_eps_raw=0.0242 synth_x0_hit=0.0000 synth_total=0.0242 extra_render_attn_share=0.5098
[images] real: anchor | cond1 | cond2 | inv_warp_mirror | mask | mask_inv | warp_img | warp_warp_img | x | y_hat | y_hat_novel -> /home/xzy/warpgan-diffusiong-inpainting/warpgan-diffusion-inpainting-main/experiments/train_inpainting_diffusion/[20260911-143749]_v18w3_w3d_30k/logs/images/train/real_step0008000.png
[images] synth: cond | mask | target | warp_img | x | y_hat_novel -> /home/xzy/warpgan-diffusiong-inpainting/warpgan-diffusion-inpainting-main/experiments/train_inpainting_diffusion/[20260911-143749]_v18w3_w3d_30k/logs/images/train/synth_step0008000.png
[step 8050] real_p1_mirror_hole_cov=0.0414 real_p1_skipped=1.0000 real_p1_hole_frac=0.3775 real_p2_eps=0.2451 real_p2_hit=1.0000 real_p2_t=210.0000 real_p2_ldif=0.0870 real_p2_gen_adv=-0.4473 real_p2_lfm=0.0245 real_total=0.3363 discr_adv=1.9912 x0_d_real=0.0363 x0_d_fake=0.0009 p2_d_real=0.4306 p2_d_fake=0.4473 g_grad_abs=7482.1267 d_grad_abs=1253.6199 synth_eps=0.2668 synth_eps_raw=0.2668 synth_x0_hit=1.0000 synth_x0_t=202.0000 synth_x0_ldif=0.0886 synth_x0_gen_adv=0.1083 synth_x0_lfm=0.0399 synth_total=0.4460 extra_render_attn_share=0.5098
[step 8100] real_p1_mirror_hole_cov=0.0327 real_p1_skipped=1.0000 real_p1_hole_frac=0.0880 real_p2_eps=0.2338 real_p2_hit=1.0000 real_p2_t=76.0000 real_p2_ldif=0.0195 real_p2_gen_adv=0.1550 real_p2_lfm=0.0077 real_total=0.2841 discr_adv=0.9889 p2_d_real=-0.1328 p2_d_fake=-0.1550 g_grad_abs=2390.4376 d_grad_abs=125.9548 synth_eps=0.0554 synth_eps_raw=0.0554 synth_x0_hit=0.0000 synth_total=0.0554 extra_render_attn_share=0.5098
[step 8150] real_p1_mirror_hole_cov=0.3346 real_p1_skipped=1.0000 real_p1_hole_frac=0.5413 real_p2_eps=0.0091 real_p2_hit=0.0000 real_total=0.0091 discr_adv=0.9851 x0_d_real=-0.2340 x0_d_fake=-0.2637 g_grad_abs=158.5692 d_grad_abs=262.4838 synth_eps=0.0064 synth_eps_raw=0.0064 synth_x0_hit=0.0000 synth_total=0.0064 extra_render_attn_share=0.5098
[step 8200] real_p1_mirror_hole_cov=0.0074 real_p1_skipped=1.0000 real_p1_hole_frac=0.1526 real_p2_eps=0.0079 real_p2_hit=0.0000 real_total=0.0079 discr_adv=1.0113 x0_d_real=0.2041 x0_d_fake=0.2267 g_grad_abs=92.8614 d_grad_abs=404.6418 synth_eps=0.0145 synth_eps_raw=0.0145 synth_x0_hit=0.0000 synth_total=0.0145 extra_render_attn_share=0.5098
[step 8250] real_p1_mirror_hole_cov=0.0560 real_p1_skipped=1.0000 real_p1_hole_frac=0.4240 real_p2_eps=0.4106 real_p2_hit=1.0000 real_p2_t=83.0000 real_p2_ldif=0.0382 real_p2_gen_adv=-0.5968 real_p2_lfm=0.0015 real_total=0.3922 discr_adv=0.9981 p2_d_real=0.6006 p2_d_fake=0.5968 g_grad_abs=913.6225 d_grad_abs=24.9167 synth_eps=0.0057 synth_eps_raw=0.0057 synth_x0_hit=0.0000 synth_total=0.0057 extra_render_attn_share=0.5098
[step 8300] real_p1_mirror_hole_cov=0.2775 real_p1_skipped=1.0000 real_p1_hole_frac=0.0177 real_p2_eps=0.1120 real_p2_hit=1.0000 real_p2_t=149.0000 real_p2_ldif=0.0231 real_p2_gen_adv=-0.6851 real_p2_lfm=0.0010 real_total=0.0686 discr_adv=1.0023 p2_d_real=0.6805 p2_d_fake=0.6851 g_grad_abs=814.8788 d_grad_abs=28.2443 synth_eps=0.0766 synth_eps_raw=0.0766 synth_x0_hit=0.0000 synth_total=0.0766 extra_render_attn_share=0.5098
[step 8350] real_p1_mirror_hole_cov=0.1352 real_p1_skipped=1.0000 real_p1_hole_frac=0.5869 real_p2_eps=0.0143 real_p2_hit=0.0000 real_total=0.0143 synth_eps=0.0018 synth_eps_raw=0.0018 synth_x0_hit=0.0000 synth_total=0.0018 extra_render_attn_share=0.5098
[step 8400] real_p1_mirror_hole_cov=0.0003 real_p1_skipped=1.0000 real_p1_hole_frac=0.1915 real_p2_eps=0.3919 real_p2_hit=1.0000 real_p2_t=41.0000 real_p2_ldif=0.0160 real_p2_gen_adv=0.1846 real_p2_lfm=0.0007 real_total=0.4278 discr_adv=1.9827 x0_d_real=0.7026 x0_d_fake=0.6840 p2_d_real=-0.1672 p2_d_fake=-0.1846 g_grad_abs=1023.5864 d_grad_abs=285.6899 synth_eps=0.0031 synth_eps_raw=0.0031 synth_x0_hit=0.0000 synth_total=0.0031 extra_render_attn_share=0.5098
[step 8450] real_p1_mirror_hole_cov=0.1183 real_p1_skipped=1.0000 real_p1_hole_frac=0.2493 real_p2_eps=0.0074 real_p2_hit=0.0000 real_total=0.0074 synth_eps=0.6276 synth_eps_raw=0.6276 synth_x0_hit=1.0000 synth_x0_t=30.0000 synth_x0_ldif=0.0182 synth_x0_gen_adv=0.2185 synth_x0_lfm=0.0031 synth_total=0.6738 extra_render_attn_share=0.5098
[step 8500] real_p1_mirror_hole_cov=0.2954 real_p1_skipped=1.0000 real_p1_hole_frac=0.3781 real_p2_eps=0.0327 real_p2_hit=0.0000 real_total=0.0327 discr_adv=0.9913 x0_d_real=-0.6288 x0_d_fake=-0.6467 g_grad_abs=295.1644 d_grad_abs=280.2565 synth_eps=0.0990 synth_eps_raw=0.0990 synth_x0_hit=0.0000 synth_total=0.0990 extra_render_attn_share=0.5098
[images] real: anchor | cond1 | cond2 | inv_warp_mirror | mask | mask_inv | warp_img | warp_warp_img | x | y_hat | y_hat_novel -> /home/xzy/warpgan-diffusiong-inpainting/warpgan-diffusion-inpainting-main/experiments/train_inpainting_diffusion/[20260911-143749]_v18w3_w3d_30k/logs/images/train/real_step0008500.png
[images] synth: cond | mask | target | warp_img | x | y_hat_novel -> /home/xzy/warpgan-diffusiong-inpainting/warpgan-diffusion-inpainting-main/experiments/train_inpainting_diffusion/[20260911-143749]_v18w3_w3d_30k/logs/images/train/synth_step0008500.png
[step 8550] real_p1_mirror_hole_cov=0.0154 real_p1_skipped=1.0000 real_p1_hole_frac=0.1396 real_p2_eps=0.2768 real_p2_hit=1.0000 real_p2_t=95.0000 real_p2_ldif=0.0306 real_p2_gen_adv=0.4992 real_p2_lfm=0.0068 real_total=0.3710 discr_adv=1.9861 x0_d_real=-0.5500 x0_d_fake=-0.5601 p2_d_real=-0.4815 p2_d_fake=-0.4992 g_grad_abs=1393.7175 d_grad_abs=244.8267 synth_eps=0.0018 synth_eps_raw=0.0018 synth_x0_hit=0.0000 synth_total=0.0018 extra_render_attn_share=0.5098
[step 8600] real_p1_mirror_hole_cov=0.0407 real_p1_skipped=1.0000 real_p1_hole_frac=0.4435 real_p2_eps=0.0034 real_p2_hit=0.0000 real_total=0.0034 synth_eps=0.3745 synth_eps_raw=0.3745 synth_x0_hit=1.0000 synth_x0_t=150.0000 synth_x0_ldif=0.0779 synth_x0_gen_adv=0.4265 synth_x0_lfm=0.0087 synth_total=0.5124 extra_render_attn_share=0.5098
[step 8650] real_p1_mirror_hole_cov=0.1000 real_p1_skipped=1.0000 real_p1_hole_frac=0.3447 real_p2_eps=0.0173 real_p2_hit=0.0000 real_total=0.0173 discr_adv=0.9914 x0_d_real=0.4834 x0_d_fake=0.4661 g_grad_abs=242.7869 d_grad_abs=89.5545 synth_eps=0.3843 synth_eps_raw=0.3843 synth_x0_hit=1.0000 synth_x0_t=80.0000 synth_x0_ldif=0.0342 synth_x0_gen_adv=-0.2456 synth_x0_lfm=0.0205 synth_total=0.4349 extra_render_attn_share=0.5098
[step 8700] real_p1_mirror_hole_cov=0.0118 real_p1_skipped=1.0000 real_p1_hole_frac=0.1910 real_p2_eps=0.0365 real_p2_hit=0.0000 real_total=0.0365 synth_eps=0.1035 synth_eps_raw=0.1035 synth_x0_hit=0.0000 synth_total=0.1035 extra_render_attn_share=0.5098
[step 8750] real_p1_mirror_hole_cov=0.1431 real_p1_skipped=1.0000 real_p1_hole_frac=0.3639 real_p2_eps=0.1614 real_p2_hit=0.0000 real_total=0.1614 synth_eps=0.0096 synth_eps_raw=0.0096 synth_x0_hit=0.0000 synth_total=0.0096 extra_render_attn_share=0.5098
[step 8800] real_p1_mirror_hole_cov=0.0675 real_p1_skipped=1.0000 real_p1_hole_frac=0.1618 real_p2_eps=0.1088 real_p2_hit=1.0000 real_p2_t=255.0000 real_p2_ldif=0.0547 real_p2_gen_adv=-0.6830 real_p2_lfm=0.0027 real_total=0.1006 discr_adv=1.9032 x0_d_real=0.3453 x0_d_fake=0.1785 p2_d_real=0.7097 p2_d_fake=0.6830 g_grad_abs=891.2007 d_grad_abs=1133.8664 synth_eps=0.0356 synth_eps_raw=0.0356 synth_x0_hit=0.0000 synth_total=0.0356 extra_render_attn_share=0.5098
[step 8850] real_p1_mirror_hole_cov=0.0606 real_p1_skipped=1.0000 real_p1_hole_frac=0.4517 real_p2_eps=0.4251 real_p2_hit=1.0000 real_p2_t=48.0000 real_p2_ldif=0.0206 real_p2_gen_adv=0.6907 real_p2_lfm=0.0026 real_total=0.5200 discr_adv=1.9859 x0_d_real=-0.4546 x0_d_fake=-0.4871 p2_d_real=-0.6899 p2_d_fake=-0.6907 g_grad_abs=1195.5972 d_grad_abs=518.5507 synth_eps=0.0062 synth_eps_raw=0.0062 synth_x0_hit=0.0000 synth_total=0.0062 extra_render_attn_share=0.5098
[step 8900] real_p1_mirror_hole_cov=0.1259 real_p1_skipped=1.0000 real_p1_hole_frac=0.2975 real_p2_eps=0.0160 real_p2_hit=0.0000 real_total=0.0160 synth_eps=0.1874 synth_eps_raw=0.1874 synth_x0_hit=1.0000 synth_x0_t=293.0000 synth_x0_ldif=0.1238 synth_x0_gen_adv=0.4779 synth_x0_lfm=0.0232 synth_total=0.4053 extra_render_attn_share=0.5098
[step 8950] real_p1_mirror_hole_cov=0.1144 real_p1_skipped=1.0000 real_p1_hole_frac=0.3793 real_p2_eps=0.0350 real_p2_hit=0.0000 real_total=0.0350 discr_adv=0.9894 x0_d_real=-0.2468 x0_d_fake=-0.2890 g_grad_abs=356.0273 d_grad_abs=468.6060 synth_eps=0.2015 synth_eps_raw=0.2015 synth_x0_hit=1.0000 synth_x0_t=243.0000 synth_x0_ldif=0.0925 synth_x0_gen_adv=0.1436 synth_x0_lfm=0.0175 synth_total=0.3433 extra_render_attn_share=0.5098
[step 9000] real_p1_mirror_hole_cov=0.2239 real_p1_skipped=1.0000 real_p1_hole_frac=0.5885 real_p2_eps=0.0065 real_p2_hit=0.0000 real_total=0.0065 synth_eps=0.0414 synth_eps_raw=0.0414 synth_x0_hit=0.0000 synth_total=0.0414 extra_render_attn_share=0.5098
[images] real: anchor | cond1 | cond2 | inv_warp_mirror | mask | mask_inv | warp_img | warp_warp_img | x | y_hat | y_hat_novel -> /home/xzy/warpgan-diffusiong-inpainting/warpgan-diffusion-inpainting-main/experiments/train_inpainting_diffusion/[20260911-143749]_v18w3_w3d_30k/logs/images/train/real_step0009000.png
[images] synth: cond | mask | target | warp_img | x | y_hat_novel -> /home/xzy/warpgan-diffusiong-inpainting/warpgan-diffusion-inpainting-main/experiments/train_inpainting_diffusion/[20260911-143749]_v18w3_w3d_30k/logs/images/train/synth_step0009000.png
[step 9050] real_p1_mirror_hole_cov=0.1600 real_p1_skipped=1.0000 real_p1_hole_frac=0.3471 real_p2_eps=0.1613 real_p2_hit=1.0000 real_p2_t=296.0000 real_p2_ldif=0.1088 real_p2_gen_adv=-0.2427 real_p2_lfm=0.0104 real_total=0.2666 discr_adv=1.0016 p2_d_real=0.2396 p2_d_fake=0.2427 g_grad_abs=2712.7957 d_grad_abs=55.6131 synth_eps=0.5308 synth_eps_raw=0.5308 synth_x0_hit=1.0000 synth_x0_t=41.0000 synth_x0_ldif=0.0216 synth_x0_gen_adv=-0.1442 synth_x0_lfm=0.0036 synth_total=0.5453 extra_render_attn_share=0.5098
[step 9100] real_p1_mirror_hole_cov=0.0322 real_p1_skipped=1.0000 real_p1_hole_frac=0.3755 real_p2_eps=0.0287 real_p2_hit=0.0000 real_total=0.0287 synth_eps=0.0747 synth_eps_raw=0.0747 synth_x0_hit=0.0000 synth_total=0.0747 extra_render_attn_share=0.5098
[step 9150] real_p1_mirror_hole_cov=0.0943 real_p1_skipped=1.0000 real_p1_hole_frac=0.3577 real_p2_eps=0.1267 real_p2_hit=1.0000 real_p2_t=296.0000 real_p2_ldif=0.0854 real_p2_gen_adv=-0.2221 real_p2_lfm=0.0074 real_total=0.2046 discr_adv=1.0032 p2_d_real=0.2157 p2_d_fake=0.2221 g_grad_abs=1642.3737 d_grad_abs=119.6930 synth_eps=0.4728 synth_eps_raw=0.4728 synth_x0_hit=1.0000 synth_x0_t=81.0000 synth_x0_ldif=0.0427 synth_x0_gen_adv=-0.4720 synth_x0_lfm=0.0024 synth_total=0.4730 extra_render_attn_share=0.5098
[step 9200] real_p1_mirror_hole_cov=0.1897 real_p1_skipped=1.0000 real_p1_hole_frac=0.4485 real_p2_eps=0.0023 real_p2_hit=0.0000 real_total=0.0023 discr_adv=0.9987 x0_d_real=0.7384 x0_d_fake=0.7354 g_grad_abs=86.4934 d_grad_abs=72.7715 synth_eps=0.2469 synth_eps_raw=0.2469 synth_x0_hit=1.0000 synth_x0_t=196.0000 synth_x0_ldif=0.0780 synth_x0_gen_adv=-0.4423 synth_x0_lfm=0.0060 synth_total=0.2926 extra_render_attn_share=0.5098
[step 9250] real_p1_mirror_hole_cov=0.0872 real_p1_skipped=1.0000 real_p1_hole_frac=0.1075 real_p2_eps=0.0201 real_p2_hit=0.0000 real_total=0.0201 synth_eps=0.7780 synth_eps_raw=0.7780 synth_x0_hit=1.0000 synth_x0_t=10.0000 synth_x0_ldif=0.0075 synth_x0_gen_adv=0.1476 synth_x0_lfm=0.0012 synth_total=0.8028 extra_render_attn_share=0.5098
[step 9300] real_p1_mirror_hole_cov=0.0396 real_p1_skipped=1.0000 real_p1_hole_frac=0.5036 real_p2_eps=0.0019 real_p2_hit=0.0000 real_total=0.0019 discr_adv=0.9591 x0_d_real=0.5087 x0_d_fake=0.4268 g_grad_abs=57.6091 d_grad_abs=521.1103 synth_eps=0.0615 synth_eps_raw=0.0615 synth_x0_hit=0.0000 synth_total=0.0615 extra_render_attn_share=0.5098
[step 9350] real_p1_mirror_hole_cov=0.0181 real_p1_skipped=1.0000 real_p1_hole_frac=0.3821 real_p2_eps=0.0226 real_p2_hit=0.0000 real_total=0.0226 synth_eps=0.0632 synth_eps_raw=0.0632 synth_x0_hit=0.0000 synth_total=0.0632 extra_render_attn_share=0.5098
[step 9400] real_p1_mirror_hole_cov=0.0202 real_p1_skipped=1.0000 real_p1_hole_frac=0.2389 real_p2_eps=0.0029 real_p2_hit=0.0000 real_total=0.0029 synth_eps=0.0088 synth_eps_raw=0.0088 synth_x0_hit=0.0000 synth_total=0.0088 extra_render_attn_share=0.5098
[step 9450] real_p1_mirror_hole_cov=0.1493 real_p1_skipped=1.0000 real_p1_hole_frac=0.0382 real_p2_eps=0.0011 real_p2_hit=0.0000 real_total=0.0011 discr_adv=0.9672 x0_d_real=-0.3668 x0_d_fake=-0.4456 g_grad_abs=59.0603 d_grad_abs=1307.2705 synth_eps=0.0232 synth_eps_raw=0.0232 synth_x0_hit=0.0000 synth_total=0.0232 extra_render_attn_share=0.5098
[step 9500] real_p1_mirror_hole_cov=0.1076 real_p1_skipped=1.0000 real_p1_hole_frac=0.2748 real_p2_eps=0.0060 real_p2_hit=0.0000 real_total=0.0060 discr_adv=1.0425 x0_d_real=0.4014 x0_d_fake=0.4865 g_grad_abs=90.9535 d_grad_abs=1736.3378 synth_eps=0.0935 synth_eps_raw=0.0935 synth_x0_hit=0.0000 synth_total=0.0935 extra_render_attn_share=0.5098
[images] real: anchor | cond1 | cond2 | inv_warp_mirror | mask | mask_inv | warp_img | warp_warp_img | x | y_hat | y_hat_novel -> /home/xzy/warpgan-diffusiong-inpainting/warpgan-diffusion-inpainting-main/experiments/train_inpainting_diffusion/[20260911-143749]_v18w3_w3d_30k/logs/images/train/real_step0009500.png
[images] synth: cond | mask | target | warp_img | x | y_hat_novel -> /home/xzy/warpgan-diffusiong-inpainting/warpgan-diffusion-inpainting-main/experiments/train_inpainting_diffusion/[20260911-143749]_v18w3_w3d_30k/logs/images/train/synth_step0009500.png
[step 9550] real_p1_mirror_hole_cov=0.0047 real_p1_skipped=1.0000 real_p1_hole_frac=0.1045 real_p2_eps=0.0096 real_p2_hit=0.0000 real_total=0.0096 discr_adv=0.9960 x0_d_real=-0.4119 x0_d_fake=-0.4202 g_grad_abs=217.9344 d_grad_abs=142.8673 synth_eps=0.0188 synth_eps_raw=0.0188 synth_x0_hit=0.0000 synth_total=0.0188 extra_render_attn_share=0.5098
[step 9600] real_p1_mirror_hole_cov=0.0122 real_p1_skipped=1.0000 real_p1_hole_frac=0.0641 real_p2_eps=0.0497 real_p2_hit=0.0000 real_total=0.0497 synth_eps=0.0026 synth_eps_raw=0.0026 synth_x0_hit=0.0000 synth_total=0.0026 extra_render_attn_share=0.5098
[step 9650] real_p1_mirror_hole_cov=0.0218 real_p1_skipped=1.0000 real_p1_hole_frac=0.3456 real_p2_eps=0.0879 real_p2_hit=0.0000 real_total=0.0879 synth_eps=0.2498 synth_eps_raw=0.2498 synth_x0_hit=1.0000 synth_x0_t=246.0000 synth_x0_ldif=0.1174 synth_x0_gen_adv=0.4499 synth_x0_lfm=0.0980 synth_total=0.6082 extra_render_attn_share=0.5098
[step 9700] real_p1_mirror_hole_cov=0.0423 real_p1_skipped=1.0000 real_p1_hole_frac=0.0965 real_p2_eps=0.1046 real_p2_hit=0.0000 real_total=0.1046 synth_eps=0.0645 synth_eps_raw=0.0645 synth_x0_hit=0.0000 synth_total=0.0645 extra_render_attn_share=0.5098
[step 9750] real_p1_mirror_hole_cov=0.0477 real_p1_skipped=1.0000 real_p1_hole_frac=0.0807 real_p2_eps=0.0735 real_p2_hit=0.0000 real_total=0.0735 synth_eps=0.0063 synth_eps_raw=0.0063 synth_x0_hit=0.0000 synth_total=0.0063 extra_render_attn_share=0.5098
[step 9800] real_p1_mirror_hole_cov=0.0751 real_p1_skipped=1.0000 real_p1_hole_frac=0.1828 real_p2_eps=0.0108 real_p2_hit=0.0000 real_total=0.0108 synth_eps=0.0425 synth_eps_raw=0.0425 synth_x0_hit=0.0000 synth_total=0.0425 extra_render_attn_share=0.5098
[step 9850] real_p1_mirror_hole_cov=0.0412 real_p1_skipped=1.0000 real_p1_hole_frac=0.5406 real_p2_eps=0.0669 real_p2_hit=0.0000 real_total=0.0669 synth_eps=0.0054 synth_eps_raw=0.0054 synth_x0_hit=0.0000 synth_total=0.0054 extra_render_attn_share=0.5098
[step 9900] real_p1_mirror_hole_cov=0.0207 real_p1_skipped=1.0000 real_p1_hole_frac=0.2963 real_p2_eps=0.0586 real_p2_hit=0.0000 real_total=0.0586 synth_eps=0.0271 synth_eps_raw=0.0271 synth_x0_hit=0.0000 synth_total=0.0271 extra_render_attn_share=0.5098
[step 9950] real_p1_mirror_hole_cov=0.1428 real_p1_skipped=1.0000 real_p1_hole_frac=0.4030 real_p2_eps=0.1951 real_p2_hit=1.0000 real_p2_t=272.0000 real_p2_ldif=0.1110 real_p2_gen_adv=0.3379 real_p2_lfm=0.0206 real_total=0.3810 discr_adv=1.9548 x0_d_real=-0.7394 x0_d_fake=-0.7648 p2_d_real=-0.2704 p2_d_fake=-0.3379 g_grad_abs=2824.6002 d_grad_abs=660.1812 synth_eps=0.1524 synth_eps_raw=0.1524 synth_x0_hit=0.0000 synth_total=0.1524 extra_render_attn_share=0.5098
[ckpt] saved /home/xzy/warpgan-diffusiong-inpainting/warpgan-diffusion-inpainting-main/experiments/train_inpainting_diffusion/[20260911-143749]_v18w3_w3d_30k/checkpoints/iteration_0009999.pt
[val step 9999] val_novel_full=0.0538 val_novel_hole=0.0765 val_novel_visible=0.0506
[step 10000] real_p1_mirror_hole_cov=0.1630 real_p1_skipped=1.0000 real_p1_hole_frac=0.3186 real_p2_eps=0.0104 real_p2_hit=0.0000 real_total=0.0104 synth_eps=0.0367 synth_eps_raw=0.0367 synth_x0_hit=0.0000 synth_total=0.0367 extra_render_attn_share=0.5070
[images] real: anchor | cond1 | cond2 | inv_warp_mirror | mask | mask_inv | warp_img | warp_warp_img | x | y_hat | y_hat_novel -> /home/xzy/warpgan-diffusiong-inpainting/warpgan-diffusion-inpainting-main/experiments/train_inpainting_diffusion/[20260911-143749]_v18w3_w3d_30k/logs/images/train/real_step0010000.png
[images] synth: cond | mask | target | warp_img | x | y_hat_novel -> /home/xzy/warpgan-diffusiong-inpainting/warpgan-diffusion-inpainting-main/experiments/train_inpainting_diffusion/[20260911-143749]_v18w3_w3d_30k/logs/images/train/synth_step0010000.png
[step 10050] real_p1_mirror_hole_cov=0.1665 real_p1_skipped=1.0000 real_p1_hole_frac=0.3581 real_p2_eps=0.1805 real_p2_hit=0.0000 real_total=0.1805 synth_eps=0.0046 synth_eps_raw=0.0046 synth_x0_hit=0.0000 synth_total=0.0046 extra_render_attn_share=0.5070
[step 10100] real_p1_mirror_hole_cov=0.1681 real_p1_skipped=1.0000 real_p1_hole_frac=0.3798 real_p2_eps=0.0524 real_p2_hit=0.0000 real_total=0.0524 synth_eps=0.7836 synth_eps_raw=0.7836 synth_x0_hit=1.0000 synth_x0_t=16.0000 synth_x0_ldif=0.0119 synth_x0_gen_adv=-0.2066 synth_x0_lfm=0.0019 synth_total=0.7787 extra_render_attn_share=0.5070
[step 10150] real_p1_mirror_hole_cov=0.0742 real_p1_skipped=1.0000 real_p1_hole_frac=0.5093 real_p2_eps=0.0759 real_p2_hit=0.0000 real_total=0.0759 discr_adv=0.9998 x0_d_real=0.5591 x0_d_fake=0.5587 g_grad_abs=609.1255 d_grad_abs=6.1046 synth_eps=0.1572 synth_eps_raw=0.1572 synth_x0_hit=0.0000 synth_total=0.1572 extra_render_attn_share=0.5070
[step 10200] real_p1_mirror_hole_cov=0.0530 real_p1_skipped=1.0000 real_p1_hole_frac=0.3541 real_p2_eps=0.0585 real_p2_hit=0.0000 real_total=0.0585 synth_eps=0.0479 synth_eps_raw=0.0479 synth_x0_hit=0.0000 synth_total=0.0479 extra_render_attn_share=0.5070
[step 10250] real_p1_mirror_hole_cov=0.1803 real_p1_skipped=1.0000 real_p1_hole_frac=0.3382 real_p2_eps=0.1767 real_p2_hit=1.0000 real_p2_t=258.0000 real_p2_ldif=0.0908 real_p2_gen_adv=-0.5921 real_p2_lfm=0.0162 real_total=0.2406 discr_adv=2.0141 x0_d_real=0.6167 x0_d_fake=0.6091 p2_d_real=0.6063 p2_d_fake=0.5921 g_grad_abs=2635.9161 d_grad_abs=549.7088 synth_eps=0.0456 synth_eps_raw=0.0456 synth_x0_hit=0.0000 synth_total=0.0456 extra_render_attn_share=0.5070
[step 10300] real_p1_mirror_hole_cov=0.1195 real_p1_skipped=1.0000 real_p1_hole_frac=0.3054 real_p2_eps=0.3318 real_p2_hit=1.0000 real_p2_t=123.0000 real_p2_ldif=0.0519 real_p2_gen_adv=-0.3783 real_p2_lfm=0.0077 real_total=0.3612 discr_adv=0.9825 p2_d_real=0.4134 p2_d_fake=0.3783 g_grad_abs=1527.3684 d_grad_abs=334.0457 synth_eps=0.2312 synth_eps_raw=0.2312 synth_x0_hit=1.0000 synth_x0_t=238.0000 synth_x0_ldif=0.1022 synth_x0_gen_adv=0.2294 synth_x0_lfm=0.0112 synth_total=0.3788 extra_render_attn_share=0.5070
[step 10350] real_p1_mirror_hole_cov=0.0609 real_p1_skipped=1.0000 real_p1_hole_frac=0.4880 real_p2_eps=0.0059 real_p2_hit=0.0000 real_total=0.0059 discr_adv=0.9882 x0_d_real=-0.0239 x0_d_fake=-0.0476 g_grad_abs=158.9343 d_grad_abs=359.5757 synth_eps=0.1401 synth_eps_raw=0.1401 synth_x0_hit=0.0000 synth_total=0.1401 extra_render_attn_share=0.5070
[step 10400] real_p1_mirror_hole_cov=0.1166 real_p1_skipped=1.0000 real_p1_hole_frac=0.0550 real_p2_eps=0.0815 real_p2_hit=1.0000 real_p2_t=233.0000 real_p2_ldif=0.0347 real_p2_gen_adv=-0.6604 real_p2_lfm=0.0027 real_total=0.0557 discr_adv=1.9978 x0_d_real=0.7360 x0_d_fake=0.7316 p2_d_real=0.6606 p2_d_fake=0.6604 g_grad_abs=786.8473 d_grad_abs=130.8254 synth_eps=0.1171 synth_eps_raw=0.1171 synth_x0_hit=0.0000 synth_total=0.1171 extra_render_attn_share=0.5070
[step 10450] real_p1_mirror_hole_cov=0.0580 real_p1_skipped=1.0000 real_p1_hole_frac=0.0367 real_p2_eps=0.6043 real_p2_hit=1.0000 real_p2_t=4.0000 real_p2_ldif=0.0026 real_p2_gen_adv=-0.6410 real_p2_lfm=0.0003 real_total=0.5434 discr_adv=0.9970 p2_d_real=0.6471 p2_d_fake=0.6410 g_grad_abs=1527.8032 d_grad_abs=38.3782 synth_eps=0.7480 synth_eps_raw=0.7480 synth_x0_hit=1.0000 synth_x0_t=15.0000 synth_x0_ldif=0.0107 synth_x0_gen_adv=-0.4940 synth_x0_lfm=0.0015 synth_total=0.7122 extra_render_attn_share=0.5070
[step 10500] real_p1_mirror_hole_cov=0.0364 real_p1_skipped=1.0000 real_p1_hole_frac=0.3092 real_p2_eps=0.1100 real_p2_hit=0.0000 real_total=0.1100 discr_adv=0.9795 x0_d_real=0.6132 x0_d_fake=0.5721 g_grad_abs=661.8446 d_grad_abs=280.6236 synth_eps=0.0113 synth_eps_raw=0.0113 synth_x0_hit=0.0000 synth_total=0.0113 extra_render_attn_share=0.5070
[images] real: anchor | cond1 | cond2 | inv_warp_mirror | mask | mask_inv | warp_img | warp_warp_img | x | y_hat | y_hat_novel -> /home/xzy/warpgan-diffusiong-inpainting/warpgan-diffusion-inpainting-main/experiments/train_inpainting_diffusion/[20260911-143749]_v18w3_w3d_30k/logs/images/train/real_step0010500.png
[images] synth: cond | mask | target | warp_img | x | y_hat_novel -> /home/xzy/warpgan-diffusiong-inpainting/warpgan-diffusion-inpainting-main/experiments/train_inpainting_diffusion/[20260911-143749]_v18w3_w3d_30k/logs/images/train/synth_step0010500.png
[step 10550] real_p1_mirror_hole_cov=0.1606 real_p1_skipped=1.0000 real_p1_hole_frac=0.5945 real_p2_eps=0.0037 real_p2_hit=0.0000 real_total=0.0037 synth_eps=0.0036 synth_eps_raw=0.0036 synth_x0_hit=0.0000 synth_total=0.0036 extra_render_attn_share=0.5070
[step 10600] real_p1_mirror_hole_cov=0.2238 real_p1_skipped=1.0000 real_p1_hole_frac=0.3093 real_p2_eps=0.1102 real_p2_hit=0.0000 real_total=0.1102 synth_eps=0.0056 synth_eps_raw=0.0056 synth_x0_hit=0.0000 synth_total=0.0056 extra_render_attn_share=0.5070
[step 10650] real_p1_mirror_hole_cov=0.2171 real_p1_skipped=1.0000 real_p1_hole_frac=0.1789 real_p2_eps=0.0059 real_p2_hit=0.0000 real_total=0.0059 synth_eps=0.0300 synth_eps_raw=0.0300 synth_x0_hit=0.0000 synth_total=0.0300 extra_render_attn_share=0.5070
[step 10700] real_p1_mirror_hole_cov=0.0338 real_p1_skipped=1.0000 real_p1_hole_frac=0.0836 real_p2_eps=0.1158 real_p2_hit=1.0000 real_p2_t=271.0000 real_p2_ldif=0.0654 real_p2_gen_adv=-0.3680 real_p2_lfm=0.0049 real_total=0.1543 discr_adv=2.0156 x0_d_real=-0.0585 x0_d_fake=-0.0539 p2_d_real=0.3414 p2_d_fake=0.3680 g_grad_abs=1038.1733 d_grad_abs=408.3033 synth_eps=0.2566 synth_eps_raw=0.2566 synth_x0_hit=1.0000 synth_x0_t=259.0000 synth_x0_ldif=0.1328 synth_x0_gen_adv=-0.3407 synth_x0_lfm=0.0283 synth_total=0.4119 extra_render_attn_share=0.5070
[step 10750] real_p1_mirror_hole_cov=0.2359 real_p1_skipped=1.0000 real_p1_hole_frac=0.3187 real_p2_eps=0.1587 real_p2_hit=1.0000 real_p2_t=299.0000 real_p2_ldif=0.1093 real_p2_gen_adv=0.5091 real_p2_lfm=0.0479 real_total=0.4148 discr_adv=2.0170 x0_d_real=-0.6289 x0_d_fake=-0.6397 p2_d_real=-0.5532 p2_d_fake=-0.5091 g_grad_abs=7274.1976 d_grad_abs=602.1804 synth_eps=0.0180 synth_eps_raw=0.0180 synth_x0_hit=0.0000 synth_total=0.0180 extra_render_attn_share=0.5070
[step 10800] real_p1_mirror_hole_cov=0.1434 real_p1_skipped=1.0000 real_p1_hole_frac=0.0742 real_p2_eps=0.1077 real_p2_hit=1.0000 real_p2_t=226.0000 real_p2_ldif=0.0434 real_p2_gen_adv=0.4247 real_p2_lfm=0.0059 real_total=0.2054 discr_adv=1.0150 p2_d_real=-0.4547 p2_d_fake=-0.4247 g_grad_abs=1773.8224 d_grad_abs=220.9071 synth_eps=0.0414 synth_eps_raw=0.0414 synth_x0_hit=0.0000 synth_total=0.0414 extra_render_attn_share=0.5070
[step 10850] real_p1_mirror_hole_cov=0.0936 real_p1_skipped=1.0000 real_p1_hole_frac=0.3217 real_p2_eps=0.0856 real_p2_hit=0.0000 real_total=0.0856 discr_adv=0.9833 x0_d_real=-0.3792 x0_d_fake=-0.4126 g_grad_abs=523.5273 d_grad_abs=280.6923 synth_eps=0.3498 synth_eps_raw=0.3498 synth_x0_hit=1.0000 synth_x0_t=155.0000 synth_x0_ldif=0.0764 synth_x0_gen_adv=0.2369 synth_x0_lfm=0.0092 synth_total=0.4682 extra_render_attn_share=0.5070
[step 10900] real_p1_mirror_hole_cov=0.1066 real_p1_skipped=1.0000 real_p1_hole_frac=0.3522 real_p2_eps=0.1001 real_p2_hit=0.0000 real_total=0.1001 discr_adv=0.9856 x0_d_real=-0.1544 x0_d_fake=-0.1833 g_grad_abs=496.0913 d_grad_abs=341.0679 synth_eps=0.0043 synth_eps_raw=0.0043 synth_x0_hit=0.0000 synth_total=0.0043 extra_render_attn_share=0.5070
[step 10950] real_p1_mirror_hole_cov=0.3538 real_p1_skipped=1.0000 real_p1_hole_frac=0.0846 real_p2_eps=0.1145 real_p2_hit=1.0000 real_p2_t=193.0000 real_p2_ldif=0.0353 real_p2_gen_adv=-0.3541 real_p2_lfm=0.0068 real_total=0.1278 discr_adv=0.9817 p2_d_real=0.3907 p2_d_fake=0.3541 g_grad_abs=1540.8269 d_grad_abs=396.4355 synth_eps=0.4454 synth_eps_raw=0.4454 synth_x0_hit=1.0000 synth_x0_t=52.0000 synth_x0_ldif=0.0237 synth_x0_gen_adv=-0.1162 synth_x0_lfm=0.0057 synth_total=0.4689 extra_render_attn_share=0.5070
[step 11000] real_p1_mirror_hole_cov=0.0351 real_p1_skipped=1.0000 real_p1_hole_frac=0.6026 real_p2_eps=0.2056 real_p2_hit=1.0000 real_p2_t=281.0000 real_p2_ldif=0.1247 real_p2_gen_adv=-0.5681 real_p2_lfm=0.0117 real_total=0.2969 discr_adv=1.9857 x0_d_real=-0.6371 x0_d_fake=-0.6281 p2_d_real=0.6057 p2_d_fake=0.5681 g_grad_abs=2741.1466 d_grad_abs=1052.2107 synth_eps=0.0024 synth_eps_raw=0.0024 synth_x0_hit=0.0000 synth_total=0.0024 extra_render_attn_share=0.5070
[images] real: anchor | cond1 | cond2 | inv_warp_mirror | mask | mask_inv | warp_img | warp_warp_img | x | y_hat | y_hat_novel -> /home/xzy/warpgan-diffusiong-inpainting/warpgan-diffusion-inpainting-main/experiments/train_inpainting_diffusion/[20260911-143749]_v18w3_w3d_30k/logs/images/train/real_step0011000.png
[images] synth: cond | mask | target | warp_img | x | y_hat_novel -> /home/xzy/warpgan-diffusiong-inpainting/warpgan-diffusion-inpainting-main/experiments/train_inpainting_diffusion/[20260911-143749]_v18w3_w3d_30k/logs/images/train/synth_step0011000.png
[step 11050] real_p1_mirror_hole_cov=0.0100 real_p1_skipped=1.0000 real_p1_hole_frac=0.1932 real_p2_eps=0.1755 real_p2_hit=1.0000 real_p2_t=213.0000 real_p2_ldif=0.0638 real_p2_gen_adv=0.6150 real_p2_lfm=0.0091 real_total=0.3189 discr_adv=1.0022 p2_d_real=-0.6194 p2_d_fake=-0.6150 g_grad_abs=2289.0922 d_grad_abs=151.0527 synth_eps=0.0070 synth_eps_raw=0.0070 synth_x0_hit=0.0000 synth_total=0.0070 extra_render_attn_share=0.5070
[step 11100] real_p1_mirror_hole_cov=0.0101 real_p1_skipped=1.0000 real_p1_hole_frac=0.3493 real_p2_eps=0.0044 real_p2_hit=0.0000 real_total=0.0044 synth_eps=0.1047 synth_eps_raw=0.1047 synth_x0_hit=0.0000 synth_total=0.1047 extra_render_attn_share=0.5070
[step 11150] real_p1_mirror_hole_cov=0.2104 real_p1_skipped=1.0000 real_p1_hole_frac=0.3700 real_p2_eps=0.5670 real_p2_hit=1.0000 real_p2_t=33.0000 real_p2_ldif=0.0182 real_p2_gen_adv=-0.6296 real_p2_lfm=0.0013 real_total=0.5247 discr_adv=1.9927 x0_d_real=0.7228 x0_d_fake=0.7130 p2_d_real=0.6357 p2_d_fake=0.6296 g_grad_abs=1174.5703 d_grad_abs=323.1618 synth_eps=0.0064 synth_eps_raw=0.0064 synth_x0_hit=0.0000 synth_total=0.0064 extra_render_attn_share=0.5070
[step 11200] real_p1_mirror_hole_cov=0.0594 real_p1_skipped=1.0000 real_p1_hole_frac=0.5423 real_p2_eps=0.5684 real_p2_hit=1.0000 real_p2_t=41.0000 real_p2_ldif=0.0231 real_p2_gen_adv=-0.8071 real_p2_lfm=0.0023 real_total=0.5154 discr_adv=1.9938 x0_d_real=0.7868 x0_d_fake=0.7763 p2_d_real=0.8090 p2_d_fake=0.8071 g_grad_abs=996.0117 d_grad_abs=118.5126 synth_eps=0.0019 synth_eps_raw=0.0019 synth_x0_hit=0.0000 synth_total=0.0019 extra_render_attn_share=0.5070
[step 11250] real_p1_mirror_hole_cov=0.2151 real_p1_skipped=1.0000 real_p1_hole_frac=0.4841 real_p2_eps=0.1632 real_p2_hit=0.0000 real_total=0.1632 discr_adv=0.9914 x0_d_real=0.6657 x0_d_fake=0.6485 g_grad_abs=774.1790 d_grad_abs=214.0630 synth_eps=0.0323 synth_eps_raw=0.0323 synth_x0_hit=0.0000 synth_total=0.0323 extra_render_attn_share=0.5070
[step 11300] real_p1_mirror_hole_cov=0.0098 real_p1_skipped=1.0000 real_p1_hole_frac=0.1850 real_p2_eps=0.0016 real_p2_hit=0.0000 real_total=0.0016 synth_eps=0.0067 synth_eps_raw=0.0067 synth_x0_hit=0.0000 synth_total=0.0067 extra_render_attn_share=0.5070
[step 11350] real_p1_mirror_hole_cov=0.2622 real_p1_skipped=1.0000 real_p1_hole_frac=0.3048 real_p2_eps=0.0111 real_p2_hit=0.0000 real_total=0.0111 synth_eps=0.0022 synth_eps_raw=0.0022 synth_x0_hit=0.0000 synth_total=0.0022 extra_render_attn_share=0.5070
[step 11400] real_p1_mirror_hole_cov=0.0007 real_p1_skipped=1.0000 real_p1_hole_frac=0.1829 real_p2_eps=0.0018 real_p2_hit=0.0000 real_total=0.0018 synth_eps=0.0081 synth_eps_raw=0.0081 synth_x0_hit=0.0000 synth_total=0.0081 extra_render_attn_share=0.5070
[step 11450] real_p1_mirror_hole_cov=0.0382 real_p1_skipped=1.0000 real_p1_hole_frac=0.1541 real_p2_eps=0.0706 real_p2_hit=0.0000 real_total=0.0706 synth_eps=0.0397 synth_eps_raw=0.0397 synth_x0_hit=0.0000 synth_total=0.0397 extra_render_attn_share=0.5070
[step 11500] real_p1_mirror_hole_cov=0.1510 real_p1_skipped=1.0000 real_p1_hole_frac=0.0412 real_p2_eps=0.0006 real_p2_hit=0.0000 real_total=0.0006 synth_eps=0.0051 synth_eps_raw=0.0051 synth_x0_hit=0.0000 synth_total=0.0051 extra_render_attn_share=0.5070
[images] real: anchor | cond1 | cond2 | inv_warp_mirror | mask | mask_inv | warp_img | warp_warp_img | x | y_hat | y_hat_novel -> /home/xzy/warpgan-diffusiong-inpainting/warpgan-diffusion-inpainting-main/experiments/train_inpainting_diffusion/[20260911-143749]_v18w3_w3d_30k/logs/images/train/real_step0011500.png
[images] synth: cond | mask | target | warp_img | x | y_hat_novel -> /home/xzy/warpgan-diffusiong-inpainting/warpgan-diffusion-inpainting-main/experiments/train_inpainting_diffusion/[20260911-143749]_v18w3_w3d_30k/logs/images/train/synth_step0011500.png
[step 11550] real_p1_mirror_hole_cov=0.2564 real_p1_skipped=1.0000 real_p1_hole_frac=0.5814 real_p2_eps=0.0124 real_p2_hit=0.0000 real_total=0.0124 discr_adv=1.0097 x0_d_real=0.2597 x0_d_fake=0.2792 g_grad_abs=121.0426 d_grad_abs=143.0206 synth_eps=0.4441 synth_eps_raw=0.4441 synth_x0_hit=1.0000 synth_x0_t=114.0000 synth_x0_ldif=0.0626 synth_x0_gen_adv=-0.5927 synth_x0_lfm=0.0081 synth_total=0.4636 extra_render_attn_share=0.5070
[step 11600] real_p1_mirror_hole_cov=0.2497 real_p1_skipped=1.0000 real_p1_hole_frac=0.2399 real_p2_eps=0.3546 real_p2_hit=1.0000 real_p2_t=56.0000 real_p2_ldif=0.0206 real_p2_gen_adv=-0.7236 real_p2_lfm=0.0021 real_total=0.3070 discr_adv=0.9932 p2_d_real=0.7374 p2_d_fake=0.7236 g_grad_abs=1137.9830 d_grad_abs=114.6194 synth_eps=0.2368 synth_eps_raw=0.2368 synth_x0_hit=1.0000 synth_x0_t=231.0000 synth_x0_ldif=0.0992 synth_x0_gen_adv=-0.0922 synth_x0_lfm=0.0358 synth_total=0.3983 extra_render_attn_share=0.5070
[step 11650] real_p1_mirror_hole_cov=0.1596 real_p1_skipped=1.0000 real_p1_hole_frac=0.5908 real_p2_eps=0.0039 real_p2_hit=0.0000 real_total=0.0039 discr_adv=1.0046 x0_d_real=0.5935 x0_d_fake=0.6027 g_grad_abs=74.7482 d_grad_abs=81.5049 synth_eps=0.3357 synth_eps_raw=0.3357 synth_x0_hit=1.0000 synth_x0_t=152.0000 synth_x0_ldif=0.0712 synth_x0_gen_adv=-0.5022 synth_x0_lfm=0.0075 synth_total=0.3716 extra_render_attn_share=0.5070
[step 11700] real_p1_mirror_hole_cov=0.1223 real_p1_skipped=1.0000 real_p1_hole_frac=0.2100 real_p2_eps=0.0236 real_p2_hit=0.0000 real_total=0.0236 synth_eps=0.1340 synth_eps_raw=0.1340 synth_x0_hit=1.0000 synth_x0_t=262.0000 synth_x0_ldif=0.0709 synth_x0_gen_adv=-0.7843 synth_x0_lfm=0.0043 synth_total=0.1350 extra_render_attn_share=0.5070
[step 11750] real_p1_mirror_hole_cov=0.0825 real_p1_skipped=1.0000 real_p1_hole_frac=0.3677 real_p2_eps=0.0416 real_p2_hit=0.0000 real_total=0.0416 discr_adv=1.0001 x0_d_real=0.3254 x0_d_fake=0.3256 g_grad_abs=289.0305 d_grad_abs=78.5516 synth_eps=0.0053 synth_eps_raw=0.0053 synth_x0_hit=0.0000 synth_total=0.0053 extra_render_attn_share=0.5070
[step 11800] real_p1_mirror_hole_cov=0.2344 real_p1_skipped=1.0000 real_p1_hole_frac=0.5929 real_p2_eps=0.0761 real_p2_hit=0.0000 real_total=0.0761 synth_eps=0.4537 synth_eps_raw=0.4537 synth_x0_hit=1.0000 synth_x0_t=83.0000 synth_x0_ldif=0.0423 synth_x0_gen_adv=0.6567 synth_x0_lfm=0.0039 synth_total=0.5694 extra_render_attn_share=0.5070
[step 11850] real_p1_mirror_hole_cov=0.3279 real_p1_skipped=1.0000 real_p1_hole_frac=0.6370 real_p2_eps=0.0244 real_p2_hit=0.0000 real_total=0.0244 synth_eps=0.0077 synth_eps_raw=0.0077 synth_x0_hit=0.0000 synth_total=0.0077 extra_render_attn_share=0.5070
[step 11900] real_p1_mirror_hole_cov=0.2246 real_p1_skipped=1.0000 real_p1_hole_frac=0.5097 real_p2_eps=0.0087 real_p2_hit=0.0000 real_total=0.0087 discr_adv=1.0060 x0_d_real=-0.6988 x0_d_fake=-0.6896 g_grad_abs=146.4029 d_grad_abs=192.3745 synth_eps=0.0472 synth_eps_raw=0.0472 synth_x0_hit=0.0000 synth_total=0.0472 extra_render_attn_share=0.5070
[step 11950] real_p1_mirror_hole_cov=0.2396 real_p1_skipped=1.0000 real_p1_hole_frac=0.3598 real_p2_eps=0.0016 real_p2_hit=0.0000 real_total=0.0016 discr_adv=0.9164 x0_d_real=-0.1608 x0_d_fake=-0.3288 g_grad_abs=63.4427 d_grad_abs=1525.2554 synth_eps=0.5910 synth_eps_raw=0.5910 synth_x0_hit=1.0000 synth_x0_t=52.0000 synth_x0_ldif=0.0315 synth_x0_gen_adv=0.1871 synth_x0_lfm=0.0274 synth_total=0.6960 extra_render_attn_share=0.5070
[val step 11999] val_novel_full=0.1747 val_novel_hole=0.1728 val_novel_visible=0.1770
[step 12000] real_p1_mirror_hole_cov=0.0099 real_p1_skipped=1.0000 real_p1_hole_frac=0.2611 real_p2_eps=0.0067 real_p2_hit=0.0000 real_total=0.0067 discr_adv=0.9978 x0_d_real=-0.0965 x0_d_fake=-0.1009 g_grad_abs=104.8487 d_grad_abs=36.4579 synth_eps=0.1089 synth_eps_raw=0.1089 synth_x0_hit=0.0000 synth_total=0.1089 extra_render_attn_share=0.5105
[images] real: anchor | cond1 | cond2 | inv_warp_mirror | mask | mask_inv | warp_img | warp_warp_img | x | y_hat | y_hat_novel -> /home/xzy/warpgan-diffusiong-inpainting/warpgan-diffusion-inpainting-main/experiments/train_inpainting_diffusion/[20260911-143749]_v18w3_w3d_30k/logs/images/train/real_step0012000.png
[images] synth: cond | mask | target | warp_img | x | y_hat_novel -> /home/xzy/warpgan-diffusiong-inpainting/warpgan-diffusion-inpainting-main/experiments/train_inpainting_diffusion/[20260911-143749]_v18w3_w3d_30k/logs/images/train/synth_step0012000.png
[step 12050] real_p1_mirror_hole_cov=0.0126 real_p1_skipped=1.0000 real_p1_hole_frac=0.0253 real_p2_eps=0.0013 real_p2_hit=0.0000 real_total=0.0013 synth_eps=0.2519 synth_eps_raw=0.2519 synth_x0_hit=1.0000 synth_x0_t=212.0000 synth_x0_ldif=0.0908 synth_x0_gen_adv=0.0502 synth_x0_lfm=0.0698 synth_total=0.4873 extra_render_attn_share=0.5105
[step 12100] real_p1_mirror_hole_cov=0.0409 real_p1_skipped=1.0000 real_p1_hole_frac=0.0944 real_p2_eps=0.1081 real_p2_hit=1.0000 real_p2_t=200.0000 real_p2_ldif=0.0353 real_p2_gen_adv=-0.5850 real_p2_lfm=0.0148 real_total=0.1144 discr_adv=1.9976 x0_d_real=0.8554 x0_d_fake=0.8809 p2_d_real=0.6157 p2_d_fake=0.5850 g_grad_abs=4687.4076 d_grad_abs=229.2964 synth_eps=0.0426 synth_eps_raw=0.0426 synth_x0_hit=0.0000 synth_total=0.0426 extra_render_attn_share=0.5105
[step 12150] real_p1_mirror_hole_cov=0.1420 real_p1_skipped=1.0000 real_p1_hole_frac=0.3323 real_p2_eps=0.0885 real_p2_hit=0.0000 real_total=0.0885 synth_eps=0.1167 synth_eps_raw=0.1167 synth_x0_hit=0.0000 synth_total=0.1167 extra_render_attn_share=0.5105
[step 12200] real_p1_mirror_hole_cov=0.0083 real_p1_skipped=1.0000 real_p1_hole_frac=0.1661 real_p2_eps=0.0384 real_p2_hit=0.0000 real_total=0.0384 discr_adv=0.9837 x0_d_real=0.8552 x0_d_fake=0.8225 g_grad_abs=366.7096 d_grad_abs=362.1148 synth_eps=0.3612 synth_eps_raw=0.3612 synth_x0_hit=1.0000 synth_x0_t=123.0000 synth_x0_ldif=0.0565 synth_x0_gen_adv=-0.8374 synth_x0_lfm=0.0120 synth_total=0.3581 extra_render_attn_share=0.5105
[step 12250] real_p1_mirror_hole_cov=0.0018 real_p1_skipped=1.0000 real_p1_hole_frac=0.2560 real_p2_eps=0.0018 real_p2_hit=0.0000 real_total=0.0018 synth_eps=0.0019 synth_eps_raw=0.0019 synth_x0_hit=0.0000 synth_total=0.0019 extra_render_attn_share=0.5105
[step 12300] real_p1_mirror_hole_cov=0.0847 real_p1_skipped=1.0000 real_p1_hole_frac=0.3547 real_p2_eps=0.1533 real_p2_hit=0.0000 real_total=0.1533 synth_eps=0.0985 synth_eps_raw=0.0985 synth_x0_hit=0.0000 synth_total=0.0985 extra_render_attn_share=0.5105
[step 12350] real_p1_mirror_hole_cov=0.1284 real_p1_skipped=1.0000 real_p1_hole_frac=0.1093 real_p2_eps=0.0262 real_p2_hit=0.0000 real_total=0.0262 discr_adv=1.0053 x0_d_real=-0.6709 x0_d_fake=-0.6603 g_grad_abs=318.2843 d_grad_abs=50.5067 synth_eps=0.0317 synth_eps_raw=0.0317 synth_x0_hit=0.0000 synth_total=0.0317 extra_render_attn_share=0.5105
[step 12400] real_p1_mirror_hole_cov=0.0229 real_p1_skipped=1.0000 real_p1_hole_frac=0.3355 real_p2_eps=0.2555 real_p2_hit=1.0000 real_p2_t=180.0000 real_p2_ldif=0.0703 real_p2_gen_adv=0.6594 real_p2_lfm=0.0137 real_total=0.4193 discr_adv=0.9999 p2_d_real=-0.6592 p2_d_fake=-0.6594 g_grad_abs=2048.1844 d_grad_abs=34.3828 synth_eps=0.0025 synth_eps_raw=0.0025 synth_x0_hit=0.0000 synth_total=0.0025 extra_render_attn_share=0.5105
[step 12450] real_p1_mirror_hole_cov=0.2952 real_p1_skipped=1.0000 real_p1_hole_frac=0.4868 real_p2_eps=0.0017 real_p2_hit=0.0000 real_total=0.0017 synth_eps=0.0190 synth_eps_raw=0.0190 synth_x0_hit=0.0000 synth_total=0.0190 extra_render_attn_share=0.5105
[step 12500] real_p1_mirror_hole_cov=0.0597 real_p1_skipped=1.0000 real_p1_hole_frac=0.0999 real_p2_eps=0.0682 real_p2_hit=1.0000 real_p2_t=284.0000 real_p2_ldif=0.0423 real_p2_gen_adv=0.2533 real_p2_lfm=0.0069 real_total=0.1496 discr_adv=0.9834 p2_d_real=-0.2201 p2_d_fake=-0.2533 g_grad_abs=1602.9735 d_grad_abs=228.3358 synth_eps=0.1315 synth_eps_raw=0.1315 synth_x0_hit=0.0000 synth_total=0.1315 extra_render_attn_share=0.5105
[images] real: anchor | cond1 | cond2 | inv_warp_mirror | mask | mask_inv | warp_img | warp_warp_img | x | y_hat | y_hat_novel -> /home/xzy/warpgan-diffusiong-inpainting/warpgan-diffusion-inpainting-main/experiments/train_inpainting_diffusion/[20260911-143749]_v18w3_w3d_30k/logs/images/train/real_step0012500.png
[images] synth: cond | mask | target | warp_img | x | y_hat_novel -> /home/xzy/warpgan-diffusiong-inpainting/warpgan-diffusion-inpainting-main/experiments/train_inpainting_diffusion/[20260911-143749]_v18w3_w3d_30k/logs/images/train/synth_step0012500.png
[step 12550] real_p1_mirror_hole_cov=0.2170 real_p1_skipped=1.0000 real_p1_hole_frac=0.2833 real_p2_eps=0.1566 real_p2_hit=1.0000 real_p2_t=262.0000 real_p2_ldif=0.0828 real_p2_gen_adv=-0.4202 real_p2_lfm=0.0193 real_total=0.2359 discr_adv=2.0256 x0_d_real=-0.0091 x0_d_fake=-0.0232 p2_d_real=0.3549 p2_d_fake=0.4202 g_grad_abs=4392.1904 d_grad_abs=558.6019 synth_eps=0.3406 synth_eps_raw=0.3406 synth_x0_hit=1.0000 synth_x0_t=172.0000 synth_x0_ldif=0.0873 synth_x0_gen_adv=-0.7890 synth_x0_lfm=0.0079 synth_total=0.3648 extra_render_attn_share=0.5105
[step 12600] real_p1_mirror_hole_cov=0.3060 real_p1_skipped=1.0000 real_p1_hole_frac=0.3508 real_p2_eps=0.0669 real_p2_hit=0.0000 real_total=0.0669 synth_eps=0.1992 synth_eps_raw=0.1992 synth_x0_hit=1.0000 synth_x0_t=270.0000 synth_x0_ldif=0.1117 synth_x0_gen_adv=-0.5356 synth_x0_lfm=0.0875 synth_total=0.4323 extra_render_attn_share=0.5105
[step 12650] real_p1_mirror_hole_cov=0.1120 real_p1_skipped=1.0000 real_p1_hole_frac=0.3365 real_p2_eps=0.2153 real_p2_hit=1.0000 real_p2_t=229.0000 real_p2_ldif=0.0888 real_p2_gen_adv=-0.7269 real_p2_lfm=0.0172 real_total=0.2659 discr_adv=0.9923 p2_d_real=0.7423 p2_d_fake=0.7269 g_grad_abs=1794.3692 d_grad_abs=191.7429 synth_eps=0.0071 synth_eps_raw=0.0071 synth_x0_hit=0.0000 synth_total=0.0071 extra_render_attn_share=0.5105
[step 12700] real_p1_mirror_hole_cov=0.1548 real_p1_skipped=1.0000 real_p1_hole_frac=0.3756 real_p2_eps=0.0284 real_p2_hit=0.0000 real_total=0.0284 synth_eps=0.0041 synth_eps_raw=0.0041 synth_x0_hit=0.0000 synth_total=0.0041 extra_render_attn_share=0.5105
[step 12750] real_p1_mirror_hole_cov=0.0160 real_p1_skipped=1.0000 real_p1_hole_frac=0.1771 real_p2_eps=0.0769 real_p2_hit=0.0000 real_total=0.0769 synth_eps=0.0040 synth_eps_raw=0.0040 synth_x0_hit=0.0000 synth_total=0.0040 extra_render_attn_share=0.5105
[step 12800] real_p1_mirror_hole_cov=0.1028 real_p1_skipped=1.0000 real_p1_hole_frac=0.0560 real_p2_eps=0.1323 real_p2_hit=1.0000 real_p2_t=221.0000 real_p2_ldif=0.0513 real_p2_gen_adv=-0.7717 real_p2_lfm=0.0064 real_total=0.1193 discr_adv=1.9820 x0_d_real=0.1232 x0_d_fake=0.1174 p2_d_real=0.8020 p2_d_fake=0.7717 g_grad_abs=1403.2408 d_grad_abs=249.5214 synth_eps=0.0022 synth_eps_raw=0.0022 synth_x0_hit=0.0000 synth_total=0.0022 extra_render_attn_share=0.5105
[step 12850] real_p1_mirror_hole_cov=0.0145 real_p1_skipped=1.0000 real_p1_hole_frac=0.2930 real_p2_eps=0.1493 real_p2_hit=1.0000 real_p2_t=248.0000 real_p2_ldif=0.0712 real_p2_gen_adv=-0.6154 real_p2_lfm=0.0047 real_total=0.1682 discr_adv=1.0111 p2_d_real=0.5932 p2_d_fake=0.6154 g_grad_abs=1477.9802 d_grad_abs=305.4325 synth_eps=0.3971 synth_eps_raw=0.3971 synth_x0_hit=1.0000 synth_x0_t=120.0000 synth_x0_ldif=0.0600 synth_x0_gen_adv=-0.6569 synth_x0_lfm=0.0029 synth_total=0.3973 extra_render_attn_share=0.5105
[step 12900] real_p1_mirror_hole_cov=0.0885 real_p1_skipped=1.0000 real_p1_hole_frac=0.5554 real_p2_eps=0.0841 real_p2_hit=0.0000 real_total=0.0841 discr_adv=0.9831 x0_d_real=0.0835 x0_d_fake=0.0490 g_grad_abs=576.0125 d_grad_abs=294.5721 synth_eps=0.0287 synth_eps_raw=0.0287 synth_x0_hit=0.0000 synth_total=0.0287 extra_render_attn_share=0.5105
[step 12950] real_p1_mirror_hole_cov=0.0104 real_p1_skipped=1.0000 real_p1_hole_frac=0.1630 real_p2_eps=0.0020 real_p2_hit=0.0000 real_total=0.0020 discr_adv=0.8761 x0_d_real=0.2025 x0_d_fake=-0.0453 g_grad_abs=41.4705 d_grad_abs=2695.8878 synth_eps=0.0690 synth_eps_raw=0.0690 synth_x0_hit=0.0000 synth_total=0.0690 extra_render_attn_share=0.5105
[step 13000] real_p1_mirror_hole_cov=0.0440 real_p1_skipped=1.0000 real_p1_hole_frac=0.2642 real_p2_eps=0.5928 real_p2_hit=1.0000 real_p2_t=21.0000 real_p2_ldif=0.0119 real_p2_gen_adv=0.2233 real_p2_lfm=0.0014 real_total=0.6298 discr_adv=0.9904 p2_d_real=-0.2042 p2_d_fake=-0.2233 g_grad_abs=1182.7829 d_grad_abs=81.1586 synth_eps=0.3015 synth_eps_raw=0.3015 synth_x0_hit=1.0000 synth_x0_t=213.0000 synth_x0_ldif=0.1096 synth_x0_gen_adv=0.5291 synth_x0_lfm=0.0115 synth_total=0.4871 extra_render_attn_share=0.5105
[images] real: anchor | cond1 | cond2 | inv_warp_mirror | mask | mask_inv | warp_img | warp_warp_img | x | y_hat | y_hat_novel -> /home/xzy/warpgan-diffusiong-inpainting/warpgan-diffusion-inpainting-main/experiments/train_inpainting_diffusion/[20260911-143749]_v18w3_w3d_30k/logs/images/train/real_step0013000.png
[images] synth: cond | mask | target | warp_img | x | y_hat_novel -> /home/xzy/warpgan-diffusiong-inpainting/warpgan-diffusion-inpainting-main/experiments/train_inpainting_diffusion/[20260911-143749]_v18w3_w3d_30k/logs/images/train/synth_step0013000.png
[step 13050] real_p1_mirror_hole_cov=0.1265 real_p1_skipped=1.0000 real_p1_hole_frac=0.2936 real_p2_eps=0.1325 real_p2_hit=1.0000 real_p2_t=209.0000 real_p2_ldif=0.0466 real_p2_gen_adv=0.5938 real_p2_lfm=0.0019 real_total=0.2424 discr_adv=0.9927 p2_d_real=-0.5791 p2_d_fake=-0.5938 g_grad_abs=830.8420 d_grad_abs=79.3507 synth_eps=0.0780 synth_eps_raw=0.0780 synth_x0_hit=0.0000 synth_total=0.0780 extra_render_attn_share=0.5105
[step 13100] real_p1_mirror_hole_cov=0.0234 real_p1_skipped=1.0000 real_p1_hole_frac=0.0729 real_p2_eps=0.0160 real_p2_hit=0.0000 real_total=0.0160 discr_adv=1.0176 x0_d_real=-0.6880 x0_d_fake=-0.6940 g_grad_abs=167.8824 d_grad_abs=1669.3009 synth_eps=0.0017 synth_eps_raw=0.0017 synth_x0_hit=0.0000 synth_total=0.0017 extra_render_attn_share=0.5105
[step 13150] real_p1_mirror_hole_cov=0.2480 real_p1_skipped=1.0000 real_p1_hole_frac=0.4162 real_p2_eps=0.0520 real_p2_hit=0.0000 real_total=0.0520 synth_eps=0.0091 synth_eps_raw=0.0091 synth_x0_hit=0.0000 synth_total=0.0091 extra_render_attn_share=0.5105
[step 13200] real_p1_mirror_hole_cov=0.0902 real_p1_skipped=1.0000 real_p1_hole_frac=0.1891 real_p2_eps=0.1219 real_p2_hit=1.0000 real_p2_t=298.0000 real_p2_ldif=0.0834 real_p2_gen_adv=0.1223 real_p2_lfm=0.0462 real_total=0.3099 discr_adv=1.0340 p2_d_real=-0.1904 p2_d_fake=-0.1223 g_grad_abs=9587.7405 d_grad_abs=373.1450 synth_eps=0.5578 synth_eps_raw=0.5578 synth_x0_hit=1.0000 synth_x0_t=57.0000 synth_x0_ldif=0.0330 synth_x0_gen_adv=0.2906 synth_x0_lfm=0.0374 synth_total=0.6948 extra_render_attn_share=0.5105
[step 13250] real_p1_mirror_hole_cov=0.0089 real_p1_skipped=1.0000 real_p1_hole_frac=0.1810 real_p2_eps=0.0314 real_p2_hit=0.0000 real_total=0.0314 discr_adv=0.9961 x0_d_real=0.1850 x0_d_fake=0.1772 g_grad_abs=414.2292 d_grad_abs=193.9111 synth_eps=0.0093 synth_eps_raw=0.0093 synth_x0_hit=0.0000 synth_total=0.0093 extra_render_attn_share=0.5105
[step 13300] real_p1_mirror_hole_cov=0.1379 real_p1_skipped=1.0000 real_p1_hole_frac=0.3349 real_p2_eps=0.2053 real_p2_hit=1.0000 real_p2_t=217.0000 real_p2_ldif=0.0771 real_p2_gen_adv=0.3002 real_p2_lfm=0.0900 real_total=0.4924 discr_adv=1.9699 x0_d_real=-0.4633 x0_d_fake=-0.4808 p2_d_real=-0.2555 p2_d_fake=-0.3002 g_grad_abs=16148.8394 d_grad_abs=634.3640 synth_eps=0.0516 synth_eps_raw=0.0516 synth_x0_hit=0.0000 synth_total=0.0516 extra_render_attn_share=0.5105
[step 13350] real_p1_mirror_hole_cov=0.1273 real_p1_skipped=1.0000 real_p1_hole_frac=0.0903 real_p2_eps=0.1385 real_p2_hit=1.0000 real_p2_t=173.0000 real_p2_ldif=0.0358 real_p2_gen_adv=-0.7516 real_p2_lfm=0.0156 real_total=0.1303 discr_adv=1.0006 p2_d_real=0.7504 p2_d_fake=0.7516 g_grad_abs=2461.9146 d_grad_abs=98.9416 synth_eps=0.0041 synth_eps_raw=0.0041 synth_x0_hit=0.0000 synth_total=0.0041 extra_render_attn_share=0.5105
[step 13400] real_p1_mirror_hole_cov=0.3401 real_p1_skipped=1.0000 real_p1_hole_frac=0.4578 real_p2_eps=0.0019 real_p2_hit=0.0000 real_total=0.0019 synth_eps=0.0491 synth_eps_raw=0.0491 synth_x0_hit=0.0000 synth_total=0.0491 extra_render_attn_share=0.5105
[step 13450] real_p1_mirror_hole_cov=0.2176 real_p1_skipped=1.0000 real_p1_hole_frac=0.3472 real_p2_eps=0.0304 real_p2_hit=0.0000 real_total=0.0304 synth_eps=0.0250 synth_eps_raw=0.0250 synth_x0_hit=0.0000 synth_total=0.0250 extra_render_attn_share=0.5105
[step 13500] real_p1_mirror_hole_cov=0.1855 real_p1_skipped=1.0000 real_p1_hole_frac=0.1477 real_p2_eps=0.0517 real_p2_hit=0.0000 real_total=0.0517 discr_adv=0.9997 x0_d_real=-0.1461 x0_d_fake=-0.1468 g_grad_abs=446.3535 d_grad_abs=32.7434 synth_eps=0.1070 synth_eps_raw=0.1070 synth_x0_hit=0.0000 synth_total=0.1070 extra_render_attn_share=0.5105
[images] real: anchor | cond1 | cond2 | inv_warp_mirror | mask | mask_inv | warp_img | warp_warp_img | x | y_hat | y_hat_novel -> /home/xzy/warpgan-diffusiong-inpainting/warpgan-diffusion-inpainting-main/experiments/train_inpainting_diffusion/[20260911-143749]_v18w3_w3d_30k/logs/images/train/real_step0013500.png
[images] synth: cond | mask | target | warp_img | x | y_hat_novel -> /home/xzy/warpgan-diffusiong-inpainting/warpgan-diffusion-inpainting-main/experiments/train_inpainting_diffusion/[20260911-143749]_v18w3_w3d_30k/logs/images/train/synth_step0013500.png
[step 13550] real_p1_mirror_hole_cov=0.0139 real_p1_skipped=1.0000 real_p1_hole_frac=0.0811 real_p2_eps=0.0043 real_p2_hit=0.0000 real_total=0.0043 synth_eps=0.0038 synth_eps_raw=0.0038 synth_x0_hit=0.0000 synth_total=0.0038 extra_render_attn_share=0.5105
[step 13600] real_p1_mirror_hole_cov=0.0011 real_p1_skipped=1.0000 real_p1_hole_frac=0.0485 real_p2_eps=0.0061 real_p2_hit=0.0000 real_total=0.0061 discr_adv=0.9832 x0_d_real=-0.3688 x0_d_fake=-0.4023 g_grad_abs=93.2046 d_grad_abs=208.1229 synth_eps=0.2360 synth_eps_raw=0.2360 synth_x0_hit=1.0000 synth_x0_t=196.0000 synth_x0_ldif=0.0746 synth_x0_gen_adv=0.3144 synth_x0_lfm=0.0042 synth_total=0.3505 extra_render_attn_share=0.5105
[step 13650] real_p1_mirror_hole_cov=0.1080 real_p1_skipped=1.0000 real_p1_hole_frac=0.4512 real_p2_eps=0.0032 real_p2_hit=0.0000 real_total=0.0032 synth_eps=0.0751 synth_eps_raw=0.0751 synth_x0_hit=0.0000 synth_total=0.0751 extra_render_attn_share=0.5105
[step 13700] real_p1_mirror_hole_cov=0.0420 real_p1_skipped=1.0000 real_p1_hole_frac=0.0814 real_p2_eps=0.0697 real_p2_hit=0.0000 real_total=0.0697 discr_adv=0.9849 x0_d_real=0.6561 x0_d_fake=0.6116 g_grad_abs=453.8562 d_grad_abs=718.9995 synth_eps=0.3022 synth_eps_raw=0.3022 synth_x0_hit=1.0000 synth_x0_t=126.0000 synth_x0_ldif=0.0489 synth_x0_gen_adv=0.4125 synth_x0_lfm=0.0046 synth_total=0.4014 extra_render_attn_share=0.5105
[step 13750] real_p1_mirror_hole_cov=0.4190 real_p1_skipped=1.0000 real_p1_hole_frac=0.3004 real_p2_eps=0.0064 real_p2_hit=0.0000 real_total=0.0064 synth_eps=0.0071 synth_eps_raw=0.0071 synth_x0_hit=0.0000 synth_total=0.0071 extra_render_attn_share=0.5105
[step 13800] real_p1_mirror_hole_cov=0.0497 real_p1_skipped=1.0000 real_p1_hole_frac=0.1156 real_p2_eps=0.0032 real_p2_hit=0.0000 real_total=0.0032 synth_eps=0.0589 synth_eps_raw=0.0589 synth_x0_hit=0.0000 synth_total=0.0589 extra_render_attn_share=0.5105
[step 13850] real_p1_mirror_hole_cov=0.2284 real_p1_skipped=1.0000 real_p1_hole_frac=0.2948 real_p2_eps=0.0135 real_p2_hit=0.0000 real_total=0.0135 synth_eps=0.1042 synth_eps_raw=0.1042 synth_x0_hit=0.0000 synth_total=0.1042 extra_render_attn_share=0.5105
[step 13900] real_p1_mirror_hole_cov=0.0573 real_p1_skipped=1.0000 real_p1_hole_frac=0.1444 real_p2_eps=0.1297 real_p2_hit=1.0000 real_p2_t=268.0000 real_p2_ldif=0.0717 real_p2_gen_adv=0.0296 real_p2_lfm=0.0062 real_total=0.2167 discr_adv=0.9905 p2_d_real=-0.0088 p2_d_fake=-0.0296 g_grad_abs=1438.8665 d_grad_abs=270.6238 synth_eps=0.0024 synth_eps_raw=0.0024 synth_x0_hit=0.0000 synth_total=0.0024 extra_render_attn_share=0.5105
[step 13950] real_p1_mirror_hole_cov=0.1112 real_p1_skipped=1.0000 real_p1_hole_frac=0.1687 real_p2_eps=0.0259 real_p2_hit=0.0000 real_total=0.0259 synth_eps=0.0561 synth_eps_raw=0.0561 synth_x0_hit=0.0000 synth_total=0.0561 extra_render_attn_share=0.5105
[val step 13999] val_novel_full=0.1304 val_novel_hole=0.1341 val_novel_visible=0.1257
[step 14000] real_p1_mirror_hole_cov=0.5133 real_p1_skipped=1.0000 real_p1_hole_frac=0.1097 real_p2_eps=0.2884 real_p2_hit=1.0000 real_p2_t=42.0000 real_p2_ldif=0.0121 real_p2_gen_adv=0.4436 real_p2_lfm=0.0010 real_total=0.3468 discr_adv=0.9969 p2_d_real=-0.4374 p2_d_fake=-0.4436 g_grad_abs=934.5806 d_grad_abs=46.7305 synth_eps=0.0996 synth_eps_raw=0.0996 synth_x0_hit=0.0000 synth_total=0.0996 extra_render_attn_share=0.5152
[images] real: anchor | cond1 | cond2 | inv_warp_mirror | mask | mask_inv | warp_img | warp_warp_img | x | y_hat | y_hat_novel -> /home/xzy/warpgan-diffusiong-inpainting/warpgan-diffusion-inpainting-main/experiments/train_inpainting_diffusion/[20260911-143749]_v18w3_w3d_30k/logs/images/train/real_step0014000.png
[images] synth: cond | mask | target | warp_img | x | y_hat_novel -> /home/xzy/warpgan-diffusiong-inpainting/warpgan-diffusion-inpainting-main/experiments/train_inpainting_diffusion/[20260911-143749]_v18w3_w3d_30k/logs/images/train/synth_step0014000.png
[step 14050] real_p1_mirror_hole_cov=0.0820 real_p1_skipped=1.0000 real_p1_hole_frac=0.2279 real_p2_eps=0.1132 real_p2_hit=0.0000 real_total=0.1132 synth_eps=0.0304 synth_eps_raw=0.0304 synth_x0_hit=0.0000 synth_total=0.0304 extra_render_attn_share=0.5152
[step 14100] real_p1_mirror_hole_cov=0.0814 real_p1_skipped=1.0000 real_p1_hole_frac=0.5039 real_p2_eps=0.4148 real_p2_hit=1.0000 real_p2_t=105.0000 real_p2_ldif=0.0523 real_p2_gen_adv=-0.1698 real_p2_lfm=0.0209 real_total=0.4920 discr_adv=1.0402 p2_d_real=0.0895 p2_d_fake=0.1698 g_grad_abs=2808.1054 d_grad_abs=1665.3114 synth_eps=0.0051 synth_eps_raw=0.0051 synth_x0_hit=0.0000 synth_total=0.0051 extra_render_attn_share=0.5152
[step 14150] real_p1_mirror_hole_cov=0.0312 real_p1_skipped=1.0000 real_p1_hole_frac=0.4018 real_p2_eps=0.6858 real_p2_hit=1.0000 real_p2_t=10.0000 real_p2_ldif=0.0066 real_p2_gen_adv=-0.7434 real_p2_lfm=0.0010 real_total=0.6201 discr_adv=0.9997 p2_d_real=0.7441 p2_d_fake=0.7434 g_grad_abs=981.7001 d_grad_abs=25.9346 synth_eps=0.0013 synth_eps_raw=0.0013 synth_x0_hit=0.0000 synth_total=0.0013 extra_render_attn_share=0.5152
[step 14200] real_p1_mirror_hole_cov=0.0268 real_p1_skipped=1.0000 real_p1_hole_frac=0.0687 real_p2_eps=0.0013 real_p2_hit=0.0000 real_total=0.0013 discr_adv=0.9984 x0_d_real=0.6029 x0_d_fake=0.5998 g_grad_abs=56.0978 d_grad_abs=57.0119 synth_eps=0.0295 synth_eps_raw=0.0295 synth_x0_hit=0.0000 synth_total=0.0295 extra_render_attn_share=0.5152
[step 14250] real_p1_mirror_hole_cov=0.2142 real_p1_skipped=1.0000 real_p1_hole_frac=0.3364 real_p2_eps=0.0846 real_p2_hit=0.0000 real_total=0.0846 synth_eps=0.0985 synth_eps_raw=0.0985 synth_x0_hit=0.0000 synth_total=0.0985 extra_render_attn_share=0.5152
[step 14300] real_p1_mirror_hole_cov=0.0316 real_p1_skipped=1.0000 real_p1_hole_frac=0.4340 real_p2_eps=0.0291 real_p2_hit=0.0000 real_total=0.0291 discr_adv=1.0093 x0_d_real=0.6086 x0_d_fake=0.6224 g_grad_abs=223.4196 d_grad_abs=472.7567 synth_eps=0.0062 synth_eps_raw=0.0062 synth_x0_hit=0.0000 synth_total=0.0062 extra_render_attn_share=0.5152
[step 14350] real_p1_mirror_hole_cov=0.0066 real_p1_skipped=1.0000 real_p1_hole_frac=0.2323 real_p2_eps=0.2328 real_p2_hit=1.0000 real_p2_t=129.0000 real_p2_ldif=0.0389 real_p2_gen_adv=-0.0779 real_p2_lfm=0.0047 real_total=0.2734 discr_adv=1.9541 x0_d_real=0.0717 x0_d_fake=0.0155 p2_d_real=0.1136 p2_d_fake=0.0779 g_grad_abs=2123.2868 d_grad_abs=841.8640 synth_eps=0.0028 synth_eps_raw=0.0028 synth_x0_hit=0.0000 synth_total=0.0028 extra_render_attn_share=0.5152
[step 14400] real_p1_mirror_hole_cov=0.2865 real_p1_skipped=1.0000 real_p1_hole_frac=0.3299 real_p2_eps=0.0183 real_p2_hit=0.0000 real_total=0.0183 synth_eps=0.1988 synth_eps_raw=0.1988 synth_x0_hit=0.0000 synth_total=0.1988 extra_render_attn_share=0.5152
[step 14450] real_p1_mirror_hole_cov=0.1550 real_p1_skipped=1.0000 real_p1_hole_frac=0.1551 real_p2_eps=0.0294 real_p2_hit=0.0000 real_total=0.0294 discr_adv=0.9983 x0_d_real=0.6586 x0_d_fake=0.6553 g_grad_abs=484.1368 d_grad_abs=76.4079 synth_eps=0.4198 synth_eps_raw=0.4198 synth_x0_hit=1.0000 synth_x0_t=95.0000 synth_x0_ldif=0.0464 synth_x0_gen_adv=-0.7551 synth_x0_lfm=0.0034 synth_total=0.3976 extra_render_attn_share=0.5152
[step 14500] real_p1_mirror_hole_cov=0.0336 real_p1_skipped=1.0000 real_p1_hole_frac=0.3300 real_p2_eps=0.1398 real_p2_hit=1.0000 real_p2_t=283.0000 real_p2_ldif=0.0861 real_p2_gen_adv=-0.7563 real_p2_lfm=0.0062 real_total=0.1627 discr_adv=1.9981 x0_d_real=0.7442 x0_d_fake=0.7409 p2_d_real=0.7568 p2_d_fake=0.7563 g_grad_abs=1338.7059 d_grad_abs=35.0697 synth_eps=0.1233 synth_eps_raw=0.1233 synth_x0_hit=0.0000 synth_total=0.1233 extra_render_attn_share=0.5152
[images] real: anchor | cond1 | cond2 | inv_warp_mirror | mask | mask_inv | warp_img | warp_warp_img | x | y_hat | y_hat_novel -> /home/xzy/warpgan-diffusiong-inpainting/warpgan-diffusion-inpainting-main/experiments/train_inpainting_diffusion/[20260911-143749]_v18w3_w3d_30k/logs/images/train/real_step0014500.png
[images] synth: cond | mask | target | warp_img | x | y_hat_novel -> /home/xzy/warpgan-diffusiong-inpainting/warpgan-diffusion-inpainting-main/experiments/train_inpainting_diffusion/[20260911-143749]_v18w3_w3d_30k/logs/images/train/synth_step0014500.png
[step 14550] real_p1_mirror_hole_cov=0.0768 real_p1_skipped=1.0000 real_p1_hole_frac=0.0392 real_p2_eps=0.0016 real_p2_hit=0.0000 real_total=0.0016 synth_eps=0.0286 synth_eps_raw=0.0286 synth_x0_hit=0.0000 synth_total=0.0286 extra_render_attn_share=0.5152
[step 14600] real_p1_mirror_hole_cov=0.0055 real_p1_skipped=1.0000 real_p1_hole_frac=0.2115 real_p2_eps=0.0130 real_p2_hit=0.0000 real_total=0.0130 synth_eps=0.4271 synth_eps_raw=0.4271 synth_x0_hit=1.0000 synth_x0_t=91.0000 synth_x0_ldif=0.0447 synth_x0_gen_adv=-0.6013 synth_x0_lfm=0.0187 synth_total=0.4490 extra_render_attn_share=0.5152
[step 14650] real_p1_mirror_hole_cov=0.0067 real_p1_skipped=1.0000 real_p1_hole_frac=0.0221 real_p2_eps=0.1982 real_p2_hit=1.0000 real_p2_t=85.0000 real_p2_ldif=0.0190 real_p2_gen_adv=-0.8681 real_p2_lfm=0.0009 real_total=0.1322 discr_adv=1.9800 x0_d_real=0.3166 x0_d_fake=0.2755 p2_d_real=0.8671 p2_d_fake=0.8681 g_grad_abs=981.2623 d_grad_abs=243.5538 synth_eps=0.4611 synth_eps_raw=0.4611 synth_x0_hit=1.0000 synth_x0_t=60.0000 synth_x0_ldif=0.0290 synth_x0_gen_adv=-0.3652 synth_x0_lfm=0.0062 synth_total=0.4660 extra_render_attn_share=0.5152
[step 14700] real_p1_mirror_hole_cov=0.0293 real_p1_skipped=1.0000 real_p1_hole_frac=0.0547 real_p2_eps=0.0318 real_p2_hit=0.0000 real_total=0.0318 discr_adv=0.9963 x0_d_real=-0.0699 x0_d_fake=-0.0772 g_grad_abs=346.3000 d_grad_abs=46.6940 synth_eps=0.0572 synth_eps_raw=0.0572 synth_x0_hit=0.0000 synth_total=0.0572 extra_render_attn_share=0.5152
[step 14750] real_p1_mirror_hole_cov=0.0025 real_p1_skipped=1.0000 real_p1_hole_frac=0.1694 real_p2_eps=0.1559 real_p2_hit=1.0000 real_p2_t=250.0000 real_p2_ldif=0.0755 real_p2_gen_adv=-0.0321 real_p2_lfm=0.0219 real_total=0.2719 discr_adv=1.0283 p2_d_real=-0.0245 p2_d_fake=0.0321 g_grad_abs=5022.2551 d_grad_abs=331.0702 synth_eps=0.2475 synth_eps_raw=0.2475 synth_x0_hit=1.0000 synth_x0_t=196.0000 synth_x0_ldif=0.0782 synth_x0_gen_adv=0.1197 synth_x0_lfm=0.0220 synth_total=0.3817 extra_render_attn_share=0.5152
[step 14800] real_p1_mirror_hole_cov=0.0818 real_p1_skipped=1.0000 real_p1_hole_frac=0.2613 real_p2_eps=0.7141 real_p2_hit=1.0000 real_p2_t=7.0000 real_p2_ldif=0.0050 real_p2_gen_adv=0.6888 real_p2_lfm=0.0011 real_total=0.7902 discr_adv=1.9832 x0_d_real=-0.8148 x0_d_fake=-0.8367 p2_d_real=-0.6770 p2_d_fake=-0.6888 g_grad_abs=1051.2897 d_grad_abs=317.9384 synth_eps=0.4709 synth_eps_raw=0.4709 synth_x0_hit=1.0000 synth_x0_t=66.0000 synth_x0_ldif=0.0331 synth_x0_gen_adv=0.3388 synth_x0_lfm=0.0084 synth_total=0.5546 extra_render_attn_share=0.5152
[step 14850] real_p1_mirror_hole_cov=0.0079 real_p1_skipped=1.0000 real_p1_hole_frac=0.2332 real_p2_eps=0.0346 real_p2_hit=0.0000 real_total=0.0346 synth_eps=0.0271 synth_eps_raw=0.0271 synth_x0_hit=0.0000 synth_total=0.0271 extra_render_attn_share=0.5152
[step 14900] real_p1_mirror_hole_cov=0.1103 real_p1_skipped=1.0000 real_p1_hole_frac=0.4691 real_p2_eps=0.0036 real_p2_hit=0.0000 real_total=0.0036 synth_eps=0.0111 synth_eps_raw=0.0111 synth_x0_hit=0.0000 synth_total=0.0111 extra_render_attn_share=0.5152
[step 14950] real_p1_mirror_hole_cov=0.0387 real_p1_skipped=1.0000 real_p1_hole_frac=0.1171 real_p2_eps=0.0019 real_p2_hit=0.0000 real_total=0.0019 discr_adv=0.9803 x0_d_real=-0.1660 x0_d_fake=-0.2053 g_grad_abs=86.9941 d_grad_abs=398.5048 synth_eps=0.0232 synth_eps_raw=0.0232 synth_x0_hit=0.0000 synth_total=0.0232 extra_render_attn_share=0.5152
[ckpt] saved /home/xzy/warpgan-diffusiong-inpainting/warpgan-diffusion-inpainting-main/experiments/train_inpainting_diffusion/[20260911-143749]_v18w3_w3d_30k/checkpoints/iteration_0014999.pt
[step 15000] real_p1_mirror_hole_cov=0.0457 real_p1_skipped=1.0000 real_p1_hole_frac=0.1382 real_p2_eps=0.1152 real_p2_hit=1.0000 real_p2_t=265.0000 real_p2_ldif=0.0623 real_p2_gen_adv=0.6487 real_p2_lfm=0.0050 real_total=0.2524 discr_adv=0.9985 p2_d_real=-0.6457 p2_d_fake=-0.6487 g_grad_abs=1274.5563 d_grad_abs=18.1473 synth_eps=0.1058 synth_eps_raw=0.1058 synth_x0_hit=0.0000 synth_total=0.1058 extra_render_attn_share=0.5152
[images] real: anchor | cond1 | cond2 | inv_warp_mirror | mask | mask_inv | warp_img | warp_warp_img | x | y_hat | y_hat_novel -> /home/xzy/warpgan-diffusiong-inpainting/warpgan-diffusion-inpainting-main/experiments/train_inpainting_diffusion/[20260911-143749]_v18w3_w3d_30k/logs/images/train/real_step0015000.png
[images] synth: cond | mask | target | warp_img | x | y_hat_novel -> /home/xzy/warpgan-diffusiong-inpainting/warpgan-diffusion-inpainting-main/experiments/train_inpainting_diffusion/[20260911-143749]_v18w3_w3d_30k/logs/images/train/synth_step0015000.png
[step 15050] real_p1_mirror_hole_cov=0.1107 real_p1_skipped=1.0000 real_p1_hole_frac=0.0925 real_p2_eps=0.0718 real_p2_hit=0.0000 real_total=0.0718 synth_eps=0.0067 synth_eps_raw=0.0067 synth_x0_hit=0.0000 synth_total=0.0067 extra_render_attn_share=0.5152
[step 15100] real_p1_mirror_hole_cov=0.0817 real_p1_skipped=1.0000 real_p1_hole_frac=0.2084 real_p2_eps=0.1866 real_p2_hit=1.0000 real_p2_t=237.0000 real_p2_ldif=0.0819 real_p2_gen_adv=0.4208 real_p2_lfm=0.0184 real_total=0.3473 discr_adv=0.9961 p2_d_real=-0.4130 p2_d_fake=-0.4208 g_grad_abs=3790.9276 d_grad_abs=73.0364 synth_eps=0.0041 synth_eps_raw=0.0041 synth_x0_hit=0.0000 synth_total=0.0041 extra_render_attn_share=0.5152
[step 15150] real_p1_mirror_hole_cov=0.2458 real_p1_skipped=1.0000 real_p1_hole_frac=0.5500 real_p2_eps=0.0508 real_p2_hit=0.0000 real_total=0.0508 discr_adv=1.0011 x0_d_real=-0.6434 x0_d_fake=-0.6414 g_grad_abs=394.6427 d_grad_abs=45.3940 synth_eps=0.0647 synth_eps_raw=0.0647 synth_x0_hit=0.0000 synth_total=0.0647 extra_render_attn_share=0.5152
[step 15200] real_p1_mirror_hole_cov=0.0625 real_p1_skipped=1.0000 real_p1_hole_frac=0.1906 real_p2_eps=0.0462 real_p2_hit=0.0000 real_total=0.0462 synth_eps=0.3538 synth_eps_raw=0.3538 synth_x0_hit=1.0000 synth_x0_t=144.0000 synth_x0_ldif=0.0693 synth_x0_gen_adv=0.3635 synth_x0_lfm=0.0164 synth_total=0.4922 extra_render_attn_share=0.5152
[step 15250] real_p1_mirror_hole_cov=0.0357 real_p1_skipped=1.0000 real_p1_hole_frac=0.2748 real_p2_eps=0.0096 real_p2_hit=0.0000 real_total=0.0096 discr_adv=0.9904 x0_d_real=0.3741 x0_d_fake=0.3548 g_grad_abs=150.2439 d_grad_abs=203.2322 synth_eps=0.0048 synth_eps_raw=0.0048 synth_x0_hit=0.0000 synth_total=0.0048 extra_render_attn_share=0.5152
[step 15300] real_p1_mirror_hole_cov=0.2352 real_p1_skipped=1.0000 real_p1_hole_frac=0.5053 real_p2_eps=0.2472 real_p2_hit=1.0000 real_p2_t=215.0000 real_p2_ldif=0.0913 real_p2_gen_adv=-0.6809 real_p2_lfm=0.0136 real_total=0.2975 discr_adv=0.9976 p2_d_real=0.6856 p2_d_fake=0.6809 g_grad_abs=2245.6749 d_grad_abs=100.4264 synth_eps=0.0074 synth_eps_raw=0.0074 synth_x0_hit=0.0000 synth_total=0.0074 extra_render_attn_share=0.5152
[step 15350] real_p1_mirror_hole_cov=0.1151 real_p1_skipped=1.0000 real_p1_hole_frac=0.3802 real_p2_eps=0.0038 real_p2_hit=0.0000 real_total=0.0038 discr_adv=0.9992 x0_d_real=0.8121 x0_d_fake=0.8104 g_grad_abs=100.1791 d_grad_abs=30.4741 synth_eps=0.2236 synth_eps_raw=0.2236 synth_x0_hit=1.0000 synth_x0_t=267.0000 synth_x0_ldif=0.1227 synth_x0_gen_adv=-0.3620 synth_x0_lfm=0.0498 synth_total=0.4097 extra_render_attn_share=0.5152
[step 15400] real_p1_mirror_hole_cov=0.0787 real_p1_skipped=1.0000 real_p1_hole_frac=0.5192 real_p2_eps=0.0127 real_p2_hit=0.0000 real_total=0.0127 synth_eps=0.0094 synth_eps_raw=0.0094 synth_x0_hit=0.0000 synth_total=0.0094 extra_render_attn_share=0.5152
[step 15450] real_p1_mirror_hole_cov=0.0120 real_p1_skipped=1.0000 real_p1_hole_frac=0.3458 real_p2_eps=0.0229 real_p2_hit=0.0000 real_total=0.0229 synth_eps=0.0759 synth_eps_raw=0.0759 synth_x0_hit=0.0000 synth_total=0.0759 extra_render_attn_share=0.5152
[step 15500] real_p1_mirror_hole_cov=0.2661 real_p1_skipped=1.0000 real_p1_hole_frac=0.0856 real_p2_eps=0.1519 real_p2_hit=1.0000 real_p2_t=123.0000 real_p2_ldif=0.0238 real_p2_gen_adv=-0.4830 real_p2_lfm=0.0067 real_total=0.1408 discr_adv=0.9857 p2_d_real=0.5117 p2_d_fake=0.4830 g_grad_abs=2056.8943 d_grad_abs=201.4947 synth_eps=0.0016 synth_eps_raw=0.0016 synth_x0_hit=0.0000 synth_total=0.0016 extra_render_attn_share=0.5152
[images] real: anchor | cond1 | cond2 | inv_warp_mirror | mask | mask_inv | warp_img | warp_warp_img | x | y_hat | y_hat_novel -> /home/xzy/warpgan-diffusiong-inpainting/warpgan-diffusion-inpainting-main/experiments/train_inpainting_diffusion/[20260911-143749]_v18w3_w3d_30k/logs/images/train/real_step0015500.png
[images] synth: cond | mask | target | warp_img | x | y_hat_novel -> /home/xzy/warpgan-diffusiong-inpainting/warpgan-diffusion-inpainting-main/experiments/train_inpainting_diffusion/[20260911-143749]_v18w3_w3d_30k/logs/images/train/synth_step0015500.png
[step 15550] real_p1_mirror_hole_cov=0.2477 real_p1_skipped=1.0000 real_p1_hole_frac=0.4136 real_p2_eps=0.2037 real_p2_hit=1.0000 real_p2_t=223.0000 real_p2_ldif=0.0802 real_p2_gen_adv=-0.7796 real_p2_lfm=0.0021 real_total=0.2102 discr_adv=0.9991 p2_d_real=0.7814 p2_d_fake=0.7796 g_grad_abs=950.1984 d_grad_abs=26.2834 synth_eps=0.1555 synth_eps_raw=0.1555 synth_x0_hit=0.0000 synth_total=0.1555 extra_render_attn_share=0.5152
[step 15600] real_p1_mirror_hole_cov=0.1273 real_p1_skipped=1.0000 real_p1_hole_frac=0.4683 real_p2_eps=0.0090 real_p2_hit=0.0000 real_total=0.0090 discr_adv=0.9933 x0_d_real=0.1891 x0_d_fake=0.1749 g_grad_abs=150.0747 d_grad_abs=88.3425 synth_eps=0.1211 synth_eps_raw=0.1211 synth_x0_hit=0.0000 synth_total=0.1211 extra_render_attn_share=0.5152
[step 15650] real_p1_mirror_hole_cov=0.1923 real_p1_skipped=1.0000 real_p1_hole_frac=0.6122 real_p2_eps=0.0254 real_p2_hit=0.0000 real_total=0.0254 synth_eps=0.0374 synth_eps_raw=0.0374 synth_x0_hit=0.0000 synth_total=0.0374 extra_render_attn_share=0.5152
[step 15700] real_p1_mirror_hole_cov=0.0505 real_p1_skipped=1.0000 real_p1_hole_frac=0.3297 real_p2_eps=0.0816 real_p2_hit=0.0000 real_total=0.0816 synth_eps=0.2360 synth_eps_raw=0.2360 synth_x0_hit=1.0000 synth_x0_t=220.0000 synth_x0_ldif=0.0907 synth_x0_gen_adv=0.3604 synth_x0_lfm=0.0186 synth_total=0.3999 extra_render_attn_share=0.5152
[step 15750] real_p1_mirror_hole_cov=0.2555 real_p1_skipped=1.0000 real_p1_hole_frac=0.2888 real_p2_eps=0.0029 real_p2_hit=0.0000 real_total=0.0029 discr_adv=1.0591 x0_d_real=-0.5973 x0_d_fake=-0.4792 g_grad_abs=85.1485 d_grad_abs=992.3739 synth_eps=0.0014 synth_eps_raw=0.0014 synth_x0_hit=0.0000 synth_total=0.0014 extra_render_attn_share=0.5152
[step 15800] real_p1_mirror_hole_cov=0.0375 real_p1_skipped=1.0000 real_p1_hole_frac=0.5107 real_p2_eps=0.1724 real_p2_hit=0.0000 real_total=0.1724 synth_eps=0.0139 synth_eps_raw=0.0139 synth_x0_hit=0.0000 synth_total=0.0139 extra_render_attn_share=0.5152
[step 15850] real_p1_mirror_hole_cov=0.1390 real_p1_skipped=1.0000 real_p1_hole_frac=0.5643 real_p2_eps=0.6129 real_p2_hit=1.0000 real_p2_t=33.0000 real_p2_ldif=0.0197 real_p2_gen_adv=0.4972 real_p2_lfm=0.0149 real_total=0.7122 discr_adv=0.9884 p2_d_real=-0.4740 p2_d_fake=-0.4972 g_grad_abs=2212.3418 d_grad_abs=96.5918 synth_eps=0.1189 synth_eps_raw=0.1189 synth_x0_hit=0.0000 synth_total=0.1189 extra_render_attn_share=0.5152
[step 15900] real_p1_mirror_hole_cov=0.0127 real_p1_skipped=1.0000 real_p1_hole_frac=0.0890 real_p2_eps=0.2335 real_p2_hit=1.0000 real_p2_t=85.0000 real_p2_ldif=0.0224 real_p2_gen_adv=-0.3592 real_p2_lfm=0.0205 real_total=0.2610 discr_adv=1.9957 x0_d_real=-0.0958 x0_d_fake=-0.1259 p2_d_real=0.3440 p2_d_fake=0.3592 g_grad_abs=5185.9694 d_grad_abs=383.6142 synth_eps=0.0474 synth_eps_raw=0.0474 synth_x0_hit=0.0000 synth_total=0.0474 extra_render_attn_share=0.5152
[step 15950] real_p1_mirror_hole_cov=0.1708 real_p1_skipped=1.0000 real_p1_hole_frac=0.5319 real_p2_eps=0.0197 real_p2_hit=0.0000 real_total=0.0197 discr_adv=0.9883 x0_d_real=-0.6412 x0_d_fake=-0.6646 g_grad_abs=326.2333 d_grad_abs=88.9451 synth_eps=0.0030 synth_eps_raw=0.0030 synth_x0_hit=0.0000 synth_total=0.0030 extra_render_attn_share=0.5152
[val step 15999] val_novel_full=0.0735 val_novel_hole=0.1228 val_novel_visible=0.0614
[step 16000] real_p1_mirror_hole_cov=0.0109 real_p1_skipped=1.0000 real_p1_hole_frac=0.3320 real_p2_eps=0.0716 real_p2_hit=0.0000 real_total=0.0716 synth_eps=0.1006 synth_eps_raw=0.1006 synth_x0_hit=0.0000 synth_total=0.1006 extra_render_attn_share=0.5130
[images] real: anchor | cond1 | cond2 | inv_warp_mirror | mask | mask_inv | warp_img | warp_warp_img | x | y_hat | y_hat_novel -> /home/xzy/warpgan-diffusiong-inpainting/warpgan-diffusion-inpainting-main/experiments/train_inpainting_diffusion/[20260911-143749]_v18w3_w3d_30k/logs/images/train/real_step0016000.png
[images] synth: cond | mask | target | warp_img | x | y_hat_novel -> /home/xzy/warpgan-diffusiong-inpainting/warpgan-diffusion-inpainting-main/experiments/train_inpainting_diffusion/[20260911-143749]_v18w3_w3d_30k/logs/images/train/synth_step0016000.png
[step 16050] real_p1_mirror_hole_cov=0.1267 real_p1_skipped=1.0000 real_p1_hole_frac=0.2480 real_p2_eps=0.0133 real_p2_hit=0.0000 real_total=0.0133 synth_eps=0.1996 synth_eps_raw=0.1996 synth_x0_hit=1.0000 synth_x0_t=266.0000 synth_x0_ldif=0.1087 synth_x0_gen_adv=-0.3589 synth_x0_lfm=0.0730 synth_total=0.4184 extra_render_attn_share=0.5130
[step 16100] real_p1_mirror_hole_cov=0.1331 real_p1_skipped=1.0000 real_p1_hole_frac=0.4404 real_p2_eps=0.0826 real_p2_hit=0.0000 real_total=0.0826 discr_adv=0.9801 x0_d_real=-0.2922 x0_d_fake=-0.3320 g_grad_abs=496.2719 d_grad_abs=300.9814 synth_eps=0.2129 synth_eps_raw=0.2129 synth_x0_hit=1.0000 synth_x0_t=212.0000 synth_x0_ldif=0.0768 synth_x0_gen_adv=0.2559 synth_x0_lfm=0.0081 synth_total=0.3313 extra_render_attn_share=0.5130
[step 16150] real_p1_mirror_hole_cov=0.0302 real_p1_skipped=1.0000 real_p1_hole_frac=0.2326 real_p2_eps=0.0266 real_p2_hit=0.0000 real_total=0.0266 synth_eps=0.0775 synth_eps_raw=0.0775 synth_x0_hit=0.0000 synth_total=0.0775 extra_render_attn_share=0.5130
[step 16200] real_p1_mirror_hole_cov=0.0656 real_p1_skipped=1.0000 real_p1_hole_frac=0.4202 real_p2_eps=0.0120 real_p2_hit=0.0000 real_total=0.0120 synth_eps=0.0967 synth_eps_raw=0.0967 synth_x0_hit=0.0000 synth_total=0.0967 extra_render_attn_share=0.5130
[step 16250] real_p1_mirror_hole_cov=0.0227 real_p1_skipped=1.0000 real_p1_hole_frac=0.3635 real_p2_eps=0.0202 real_p2_hit=0.0000 real_total=0.0202 discr_adv=0.9985 x0_d_real=-0.6385 x0_d_fake=-0.6416 g_grad_abs=233.8140 d_grad_abs=141.1699 synth_eps=0.0199 synth_eps_raw=0.0199 synth_x0_hit=0.0000 synth_total=0.0199 extra_render_attn_share=0.5130
[step 16300] real_p1_mirror_hole_cov=0.1908 real_p1_skipped=1.0000 real_p1_hole_frac=0.3598 real_p2_eps=0.0874 real_p2_hit=0.0000 real_total=0.0874 synth_eps=0.2322 synth_eps_raw=0.2322 synth_x0_hit=1.0000 synth_x0_t=263.0000 synth_x0_ldif=0.1237 synth_x0_gen_adv=0.2288 synth_x0_lfm=0.0078 synth_total=0.3944 extra_render_attn_share=0.5130
[step 16350] real_p1_mirror_hole_cov=0.1662 real_p1_skipped=1.0000 real_p1_hole_frac=0.3136 real_p2_eps=0.0636 real_p2_hit=0.0000 real_total=0.0636 synth_eps=0.0017 synth_eps_raw=0.0017 synth_x0_hit=0.0000 synth_total=0.0017 extra_render_attn_share=0.5130
[step 16400] real_p1_mirror_hole_cov=0.3007 real_p1_skipped=1.0000 real_p1_hole_frac=0.1316 real_p2_eps=0.3358 real_p2_hit=1.0000 real_p2_t=52.0000 real_p2_ldif=0.0179 real_p2_gen_adv=-0.7403 real_p2_lfm=0.0011 real_total=0.2819 discr_adv=2.0051 x0_d_real=0.6824 x0_d_fake=0.6938 p2_d_real=0.7415 p2_d_fake=0.7403 g_grad_abs=1116.8163 d_grad_abs=147.9154 synth_eps=0.0915 synth_eps_raw=0.0915 synth_x0_hit=0.0000 synth_total=0.0915 extra_render_attn_share=0.5130
[step 16450] real_p1_mirror_hole_cov=0.0067 real_p1_skipped=1.0000 real_p1_hole_frac=0.1872 real_p2_eps=0.2568 real_p2_hit=1.0000 real_p2_t=106.0000 real_p2_ldif=0.0328 real_p2_gen_adv=-0.6622 real_p2_lfm=0.0035 real_total=0.2304 discr_adv=1.9679 x0_d_real=0.8268 x0_d_fake=0.8077 p2_d_real=0.7074 p2_d_fake=0.6622 g_grad_abs=1124.9941 d_grad_abs=544.1110 synth_eps=0.4995 synth_eps_raw=0.4995 synth_x0_hit=1.0000 synth_x0_t=68.0000 synth_x0_ldif=0.0364 synth_x0_gen_adv=-0.6498 synth_x0_lfm=0.0072 synth_total=0.4853 extra_render_attn_share=0.5130
[step 16500] real_p1_mirror_hole_cov=0.0440 real_p1_skipped=1.0000 real_p1_hole_frac=0.4786 real_p2_eps=0.3746 real_p2_hit=1.0000 real_p2_t=123.0000 real_p2_ldif=0.0586 real_p2_gen_adv=-0.3610 real_p2_lfm=0.0056 real_total=0.4083 discr_adv=0.9783 p2_d_real=0.4044 p2_d_fake=0.3610 g_grad_abs=1076.2658 d_grad_abs=247.6906 synth_eps=0.1217 synth_eps_raw=0.1217 synth_x0_hit=0.0000 synth_total=0.1217 extra_render_attn_share=0.5130
[images] real: anchor | cond1 | cond2 | inv_warp_mirror | mask | mask_inv | warp_img | warp_warp_img | x | y_hat | y_hat_novel -> /home/xzy/warpgan-diffusiong-inpainting/warpgan-diffusion-inpainting-main/experiments/train_inpainting_diffusion/[20260911-143749]_v18w3_w3d_30k/logs/images/train/real_step0016500.png
[images] synth: cond | mask | target | warp_img | x | y_hat_novel -> /home/xzy/warpgan-diffusiong-inpainting/warpgan-diffusion-inpainting-main/experiments/train_inpainting_diffusion/[20260911-143749]_v18w3_w3d_30k/logs/images/train/synth_step0016500.png
[step 16550] real_p1_mirror_hole_cov=0.1476 real_p1_skipped=1.0000 real_p1_hole_frac=0.2108 real_p2_eps=0.0884 real_p2_hit=0.0000 real_total=0.0884 synth_eps=0.3820 synth_eps_raw=0.3820 synth_x0_hit=1.0000 synth_x0_t=111.0000 synth_x0_ldif=0.0521 synth_x0_gen_adv=0.3101 synth_x0_lfm=0.0133 synth_total=0.4918 extra_render_attn_share=0.5130
[step 16600] real_p1_mirror_hole_cov=0.1218 real_p1_skipped=1.0000 real_p1_hole_frac=0.2099 real_p2_eps=0.0041 real_p2_hit=0.0000 real_total=0.0041 synth_eps=0.4970 synth_eps_raw=0.4970 synth_x0_hit=1.0000 synth_x0_t=58.0000 synth_x0_ldif=0.0300 synth_x0_gen_adv=0.0264 synth_x0_lfm=0.0048 synth_total=0.5392 extra_render_attn_share=0.5130
[step 16650] real_p1_mirror_hole_cov=0.2485 real_p1_skipped=1.0000 real_p1_hole_frac=0.6177 real_p2_eps=0.0207 real_p2_hit=0.0000 real_total=0.0207 discr_adv=1.0053 x0_d_real=0.0702 x0_d_fake=0.0809 g_grad_abs=190.4316 d_grad_abs=102.9743 synth_eps=0.5449 synth_eps_raw=0.5449 synth_x0_hit=1.0000 synth_x0_t=47.0000 synth_x0_ldif=0.0258 synth_x0_gen_adv=-0.0780 synth_x0_lfm=0.0022 synth_total=0.5674 extra_render_attn_share=0.5130
[step 16700] real_p1_mirror_hole_cov=0.0251 real_p1_skipped=1.0000 real_p1_hole_frac=0.4058 real_p2_eps=0.0487 real_p2_hit=0.0000 real_total=0.0487 synth_eps=0.0850 synth_eps_raw=0.0850 synth_x0_hit=0.0000 synth_total=0.0850 extra_render_attn_share=0.5130
[step 16750] real_p1_mirror_hole_cov=0.3611 real_p1_skipped=1.0000 real_p1_hole_frac=0.1951 real_p2_eps=0.0061 real_p2_hit=0.0000 real_total=0.0061 synth_eps=0.0033 synth_eps_raw=0.0033 synth_x0_hit=0.0000 synth_total=0.0033 extra_render_attn_share=0.5130
[step 16800] real_p1_mirror_hole_cov=0.0108 real_p1_skipped=1.0000 real_p1_hole_frac=0.1443 real_p2_eps=0.0950 real_p2_hit=1.0000 real_p2_t=278.0000 real_p2_ldif=0.0564 real_p2_gen_adv=0.2669 real_p2_lfm=0.0065 real_total=0.1910 discr_adv=1.0144 p2_d_real=-0.2956 p2_d_fake=-0.2669 g_grad_abs=1636.8485 d_grad_abs=206.8926 synth_eps=0.5011 synth_eps_raw=0.5011 synth_x0_hit=1.0000 synth_x0_t=58.0000 synth_x0_ldif=0.0303 synth_x0_gen_adv=-0.5013 synth_x0_lfm=0.0051 synth_total=0.4914 extra_render_attn_share=0.5130
[step 16850] real_p1_mirror_hole_cov=0.0003 real_p1_skipped=1.0000 real_p1_hole_frac=0.0348 real_p2_eps=0.2239 real_p2_hit=1.0000 real_p2_t=57.0000 real_p2_ldif=0.0133 real_p2_gen_adv=-0.3487 real_p2_lfm=0.0018 real_total=0.2059 discr_adv=1.9918 x0_d_real=0.3156 x0_d_fake=0.3011 p2_d_real=0.3507 p2_d_fake=0.3487 g_grad_abs=1116.1529 d_grad_abs=281.0798 synth_eps=0.0947 synth_eps_raw=0.0947 synth_x0_hit=0.0000 synth_total=0.0947 extra_render_attn_share=0.5130
[step 16900] real_p1_mirror_hole_cov=0.0285 real_p1_skipped=1.0000 real_p1_hole_frac=0.1431 real_p2_eps=0.0299 real_p2_hit=0.0000 real_total=0.0299 discr_adv=0.9568 x0_d_real=0.1364 x0_d_fake=0.0500 g_grad_abs=267.0124 d_grad_abs=433.1821 synth_eps=0.0522 synth_eps_raw=0.0522 synth_x0_hit=0.0000 synth_total=0.0522 extra_render_attn_share=0.5130
[step 16950] real_p1_mirror_hole_cov=0.0056 real_p1_skipped=1.0000 real_p1_hole_frac=0.0176 real_p2_eps=0.1957 real_p2_hit=1.0000 real_p2_t=56.0000 real_p2_ldif=0.0113 real_p2_gen_adv=0.0996 real_p2_lfm=0.0107 real_total=0.2383 discr_adv=0.9500 p2_d_real=0.0005 p2_d_fake=-0.0996 g_grad_abs=2586.1372 d_grad_abs=652.0824 synth_eps=0.0014 synth_eps_raw=0.0014 synth_x0_hit=0.0000 synth_total=0.0014 extra_render_attn_share=0.5130
[step 17000] real_p1_mirror_hole_cov=0.0833 real_p1_skipped=1.0000 real_p1_hole_frac=0.4834 real_p2_eps=0.4376 real_p2_hit=1.0000 real_p2_t=61.0000 real_p2_ldif=0.0280 real_p2_gen_adv=-0.3067 real_p2_lfm=0.0011 real_total=0.4372 discr_adv=2.0173 x0_d_real=-0.2342 x0_d_fake=-0.2015 p2_d_real=0.3047 p2_d_fake=0.3067 g_grad_abs=1249.2090 d_grad_abs=192.5599 synth_eps=0.1386 synth_eps_raw=0.1386 synth_x0_hit=0.0000 synth_total=0.1386 extra_render_attn_share=0.5130
[images] real: anchor | cond1 | cond2 | inv_warp_mirror | mask | mask_inv | warp_img | warp_warp_img | x | y_hat | y_hat_novel -> /home/xzy/warpgan-diffusiong-inpainting/warpgan-diffusion-inpainting-main/experiments/train_inpainting_diffusion/[20260911-143749]_v18w3_w3d_30k/logs/images/train/real_step0017000.png
[images] synth: cond | mask | target | warp_img | x | y_hat_novel -> /home/xzy/warpgan-diffusiong-inpainting/warpgan-diffusion-inpainting-main/experiments/train_inpainting_diffusion/[20260911-143749]_v18w3_w3d_30k/logs/images/train/synth_step0017000.png
[step 17050] real_p1_mirror_hole_cov=0.0869 real_p1_skipped=1.0000 real_p1_hole_frac=0.2461 real_p2_eps=0.5911 real_p2_hit=1.0000 real_p2_t=14.0000 real_p2_ldif=0.0079 real_p2_gen_adv=0.2054 real_p2_lfm=0.0006 real_total=0.6207 discr_adv=1.9866 x0_d_real=0.3127 x0_d_fake=0.2867 p2_d_real=-0.2047 p2_d_fake=-0.2054 g_grad_abs=1192.6933 d_grad_abs=397.0227 synth_eps=0.0283 synth_eps_raw=0.0283 synth_x0_hit=0.0000 synth_total=0.0283 extra_render_attn_share=0.5130
[step 17100] real_p1_mirror_hole_cov=0.2484 real_p1_skipped=1.0000 real_p1_hole_frac=0.3554 real_p2_eps=0.0018 real_p2_hit=0.0000 real_total=0.0018 synth_eps=0.3739 synth_eps_raw=0.3739 synth_x0_hit=1.0000 synth_x0_t=80.0000 synth_x0_ldif=0.0334 synth_x0_gen_adv=0.8201 synth_x0_lfm=0.0041 synth_total=0.4975 extra_render_attn_share=0.5130
[step 17150] real_p1_mirror_hole_cov=0.0055 real_p1_skipped=1.0000 real_p1_hole_frac=0.0467 real_p2_eps=0.0061 real_p2_hit=0.0000 real_total=0.0061 synth_eps=0.0098 synth_eps_raw=0.0098 synth_x0_hit=0.0000 synth_total=0.0098 extra_render_attn_share=0.5130
[step 17200] real_p1_mirror_hole_cov=0.0379 real_p1_skipped=1.0000 real_p1_hole_frac=0.3506 real_p2_eps=0.0029 real_p2_hit=0.0000 real_total=0.0029 discr_adv=0.9863 x0_d_real=-0.3388 x0_d_fake=-0.3661 g_grad_abs=73.4207 d_grad_abs=157.3358 synth_eps=0.0289 synth_eps_raw=0.0289 synth_x0_hit=0.0000 synth_total=0.0289 extra_render_attn_share=0.5130
[step 17250] real_p1_mirror_hole_cov=0.0906 real_p1_skipped=1.0000 real_p1_hole_frac=0.0519 real_p2_eps=0.0200 real_p2_hit=0.0000 real_total=0.0200 discr_adv=0.9761 x0_d_real=0.0634 x0_d_fake=0.0155 g_grad_abs=209.0203 d_grad_abs=339.2435 synth_eps=0.0027 synth_eps_raw=0.0027 synth_x0_hit=0.0000 synth_total=0.0027 extra_render_attn_share=0.5130
[step 17300] real_p1_mirror_hole_cov=0.2675 real_p1_skipped=1.0000 real_p1_hole_frac=0.1510 real_p2_eps=0.0482 real_p2_hit=0.0000 real_total=0.0482 discr_adv=0.9388 x0_d_real=0.5831 x0_d_fake=0.4607 g_grad_abs=468.8093 d_grad_abs=996.2972 synth_eps=0.0020 synth_eps_raw=0.0020 synth_x0_hit=0.0000 synth_total=0.0020 extra_render_attn_share=0.5130
[step 17350] real_p1_mirror_hole_cov=0.1025 real_p1_skipped=1.0000 real_p1_hole_frac=0.2562 real_p2_eps=0.0316 real_p2_hit=0.0000 real_total=0.0316 synth_eps=0.0107 synth_eps_raw=0.0107 synth_x0_hit=0.0000 synth_total=0.0107 extra_render_attn_share=0.5130
[step 17400] real_p1_mirror_hole_cov=0.4442 real_p1_skipped=1.0000 real_p1_hole_frac=0.4026 real_p2_eps=0.0922 real_p2_hit=0.0000 real_total=0.0922 synth_eps=0.1541 synth_eps_raw=0.1541 synth_x0_hit=1.0000 synth_x0_t=276.0000 synth_x0_ldif=0.0902 synth_x0_gen_adv=-0.5275 synth_x0_lfm=0.0101 synth_total=0.2117 extra_render_attn_share=0.5130
[step 17450] real_p1_mirror_hole_cov=0.2894 real_p1_skipped=1.0000 real_p1_hole_frac=0.0878 real_p2_eps=0.1015 real_p2_hit=1.0000 real_p2_t=258.0000 real_p2_ldif=0.0522 real_p2_gen_adv=-0.8264 real_p2_lfm=0.0031 real_total=0.0771 discr_adv=1.9886 x0_d_real=0.3519 x0_d_fake=0.3487 p2_d_real=0.8463 p2_d_fake=0.8264 g_grad_abs=1137.5635 d_grad_abs=294.7168 synth_eps=0.2726 synth_eps_raw=0.2726 synth_x0_hit=1.0000 synth_x0_t=206.0000 synth_x0_ldif=0.0937 synth_x0_gen_adv=-0.4966 synth_x0_lfm=0.0197 synth_total=0.3561 extra_render_attn_share=0.5130
[step 17500] real_p1_mirror_hole_cov=0.1535 real_p1_skipped=1.0000 real_p1_hole_frac=0.3255 real_p2_eps=0.0716 real_p2_hit=0.0000 real_total=0.0716 synth_eps=0.2398 synth_eps_raw=0.2398 synth_x0_hit=1.0000 synth_x0_t=287.0000 synth_x0_ldif=0.1518 synth_x0_gen_adv=-0.1832 synth_x0_lfm=0.0237 synth_total=0.4207 extra_render_attn_share=0.5130
[images] real: anchor | cond1 | cond2 | inv_warp_mirror | mask | mask_inv | warp_img | warp_warp_img | x | y_hat | y_hat_novel -> /home/xzy/warpgan-diffusiong-inpainting/warpgan-diffusion-inpainting-main/experiments/train_inpainting_diffusion/[20260911-143749]_v18w3_w3d_30k/logs/images/train/real_step0017500.png
[images] synth: cond | mask | target | warp_img | x | y_hat_novel -> /home/xzy/warpgan-diffusiong-inpainting/warpgan-diffusion-inpainting-main/experiments/train_inpainting_diffusion/[20260911-143749]_v18w3_w3d_30k/logs/images/train/synth_step0017500.png
[step 17550] real_p1_mirror_hole_cov=0.2356 real_p1_skipped=1.0000 real_p1_hole_frac=0.2527 real_p2_eps=0.0085 real_p2_hit=0.0000 real_total=0.0085 synth_eps=0.0089 synth_eps_raw=0.0089 synth_x0_hit=0.0000 synth_total=0.0089 extra_render_attn_share=0.5130
[step 17600] real_p1_mirror_hole_cov=0.3971 real_p1_skipped=1.0000 real_p1_hole_frac=0.3473 real_p2_eps=0.0602 real_p2_hit=0.0000 real_total=0.0602 synth_eps=0.1153 synth_eps_raw=0.1153 synth_x0_hit=0.0000 synth_total=0.1153 extra_render_attn_share=0.5130
[step 17650] real_p1_mirror_hole_cov=0.0813 real_p1_skipped=1.0000 real_p1_hole_frac=0.0776 real_p2_eps=0.0012 real_p2_hit=0.0000 real_total=0.0012 discr_adv=0.9490 x0_d_real=0.6039 x0_d_fake=0.5020 g_grad_abs=53.9704 d_grad_abs=586.2754 synth_eps=0.0075 synth_eps_raw=0.0075 synth_x0_hit=0.0000 synth_total=0.0075 extra_render_attn_share=0.5130
[step 17700] real_p1_mirror_hole_cov=0.0542 real_p1_skipped=1.0000 real_p1_hole_frac=0.1334 real_p2_eps=0.0009 real_p2_hit=0.0000 real_total=0.0009 synth_eps=0.6728 synth_eps_raw=0.6728 synth_x0_hit=1.0000 synth_x0_t=17.0000 synth_x0_ldif=0.0109 synth_x0_gen_adv=-0.2283 synth_x0_lfm=0.0021 synth_total=0.6650 extra_render_attn_share=0.5130
[step 17750] real_p1_mirror_hole_cov=0.0152 real_p1_skipped=1.0000 real_p1_hole_frac=0.0484 real_p2_eps=0.0123 real_p2_hit=0.0000 real_total=0.0123 synth_eps=0.0404 synth_eps_raw=0.0404 synth_x0_hit=0.0000 synth_total=0.0404 extra_render_attn_share=0.5130
[step 17800] real_p1_mirror_hole_cov=0.0177 real_p1_skipped=1.0000 real_p1_hole_frac=0.2280 real_p2_eps=0.0062 real_p2_hit=0.0000 real_total=0.0062 discr_adv=0.9742 x0_d_real=0.5535 x0_d_fake=0.5020 g_grad_abs=140.4271 d_grad_abs=305.1123 synth_eps=0.5082 synth_eps_raw=0.5082 synth_x0_hit=1.0000 synth_x0_t=62.0000 synth_x0_ldif=0.0332 synth_x0_gen_adv=0.0508 synth_x0_lfm=0.0056 synth_total=0.5576 extra_render_attn_share=0.5130
[step 17850] real_p1_mirror_hole_cov=0.1617 real_p1_skipped=1.0000 real_p1_hole_frac=0.3717 real_p2_eps=0.4840 real_p2_hit=1.0000 real_p2_t=46.0000 real_p2_ldif=0.0224 real_p2_gen_adv=-0.6173 real_p2_lfm=0.0027 real_total=0.4500 discr_adv=0.9870 p2_d_real=0.6434 p2_d_fake=0.6173 g_grad_abs=1066.6437 d_grad_abs=267.3760 synth_eps=0.0025 synth_eps_raw=0.0025 synth_x0_hit=0.0000 synth_total=0.0025 extra_render_attn_share=0.5130
[step 17900] real_p1_mirror_hole_cov=0.2849 real_p1_skipped=1.0000 real_p1_hole_frac=0.5541 real_p2_eps=0.0498 real_p2_hit=0.0000 real_total=0.0498 synth_eps=0.0115 synth_eps_raw=0.0115 synth_x0_hit=0.0000 synth_total=0.0115 extra_render_attn_share=0.5130
[step 17950] real_p1_mirror_hole_cov=0.0021 real_p1_skipped=1.0000 real_p1_hole_frac=0.1871 real_p2_eps=0.0074 real_p2_hit=0.0000 real_total=0.0074 discr_adv=0.9472 x0_d_real=0.0771 x0_d_fake=-0.0303 g_grad_abs=183.1077 d_grad_abs=1389.3658 synth_eps=0.2559 synth_eps_raw=0.2559 synth_x0_hit=1.0000 synth_x0_t=200.0000 synth_x0_ldif=0.0836 synth_x0_gen_adv=0.2683 synth_x0_lfm=0.0090 synth_total=0.3843 extra_render_attn_share=0.5130
[val step 17999] val_novel_full=0.0757 val_novel_hole=0.1077 val_novel_visible=0.0662
[step 18000] real_p1_mirror_hole_cov=0.0097 real_p1_skipped=1.0000 real_p1_hole_frac=0.3280 real_p2_eps=0.0045 real_p2_hit=0.0000 real_total=0.0045 synth_eps=0.0587 synth_eps_raw=0.0587 synth_x0_hit=0.0000 synth_total=0.0587 extra_render_attn_share=0.5165
[images] real: anchor | cond1 | cond2 | inv_warp_mirror | mask | mask_inv | warp_img | warp_warp_img | x | y_hat | y_hat_novel -> /home/xzy/warpgan-diffusiong-inpainting/warpgan-diffusion-inpainting-main/experiments/train_inpainting_diffusion/[20260911-143749]_v18w3_w3d_30k/logs/images/train/real_step0018000.png
[images] synth: cond | mask | target | warp_img | x | y_hat_novel -> /home/xzy/warpgan-diffusiong-inpainting/warpgan-diffusion-inpainting-main/experiments/train_inpainting_diffusion/[20260911-143749]_v18w3_w3d_30k/logs/images/train/synth_step0018000.png
[v18w3-w3d] resume from /home/xzy/warpgan-diffusiong-inpainting/warpgan-diffusion-inpainting-main/experiments/train_inpainting_diffusion/[20260911-143749]_v18w3_w3d_30k/checkpoints/iteration_0014999.pt at Sat 12 Sep 2026 02:05:37 AM CST
2026-09-12 02:05:39.781150: I tensorflow/core/util/util.cc:169] oneDNN custom operations are on. You may see slightly different numerical results due to floating-point round-off errors from different computation orders. To turn them off, set the environment variable `TF_ENABLE_ONEDNN_OPTS=0`.
2026-09-12 02:05:39.785482: W tensorflow/stream_executor/platform/default/dso_loader.cc:64] Could not load dynamic library 'libcudart.so.11.0'; dlerror: libcudart.so.11.0: cannot open shared object file: No such file or directory; LD_LIBRARY_PATH: /usr/local/cuda-12.2/lib64:/usr/local/cuda-12.2/lib64:/usr/local/cuda-12.2/lib64
2026-09-12 02:05:39.785505: I tensorflow/stream_executor/cuda/cudart_stub.cc:29] Ignore above cudart dlerror if you do not have a GPU set up on your machine.
/home/xzy/miniconda3/envs/warpgan/lib/python3.9/site-packages/sklearn/utils/fixes.py:28: UserWarning: pkg_resources is deprecated as an API. See https://setuptools.pypa.io/en/latest/pkg_resources.html. The pkg_resources package is slated for removal as early as 2025-11-30. Refrain from using this package or pin to Setuptools<81.
  from pkg_resources import parse_version  # type: ignore
W0912 02:05:45.694818 159624 site-packages/torch/utils/cpp_extension.py:2425] TORCH_CUDA_ARCH_LIST is not set, all archs for visible cards are included for compilation. 
W0912 02:05:45.694818 159624 site-packages/torch/utils/cpp_extension.py:2425] If this is not desired, please set os.environ['TORCH_CUDA_ARCH_LIST'] to specific architectures.
W0912 02:05:45.978945 159624 site-packages/torch/utils/cpp_extension.py:2425] TORCH_CUDA_ARCH_LIST is not set, all archs for visible cards are included for compilation. 
W0912 02:05:45.978945 159624 site-packages/torch/utils/cpp_extension.py:2425] If this is not desired, please set os.environ['TORCH_CUDA_ARCH_LIST'] to specific architectures.
[compat] patched models/goae WindowAttention.forward (torch>=2.6 CPU-bound clamp fix; numerically identical)
Resuming in existing experiment directory: /home/xzy/warpgan-diffusiong-inpainting/warpgan-diffusion-inpainting-main/experiments/train_inpainting_diffusion/[20260911-143749]_v18w3_w3d_30k
device: cuda:0
exp_dir: /home/xzy/warpgan-diffusiong-inpainting/warpgan-diffusion-inpainting-main/experiments/train_inpainting_diffusion/[20260911-143749]_v18w3_w3d_30k
checkpoint_path: /home/xzy/warpgan-diffusiong-inpainting/warpgan-diffusion-inpainting-main/experiments/train_inpainting_diffusion/[20260911-143749]_v18w3_w3d_30k/checkpoints/iteration_0014999.pt
max_steps: 100000
paths:
  sd: ./pretrained_models/AI-ModelScope/stable-diffusion-v1-5
  brushnet: ./pretrained_models/brushnet
  wplus_stage_c: /data/xzy/warpgan20260803/20260803/experiments/_wplus_identity_pretrain/checkpoints/iteration_50000.pt
  dataset:
    train: ./data/FFHQ-EG3D_all_static_rebalanced
    test: ./data/celeba-hq_1000_static_rebalanced
    synth: ./data/SynthData100000_rebalanced
data:
  batch_size: 1
  workers: 4
  test_batch_size: 2
  test_workers: 2
  rebalanced: false
  add_LPFF: false
  synth:
    able: true
    zplus: false
    batch_size: ${data.batch_size}
gan:
  device: ${device}
  eg3d_type: plus_r
  encoder_type: goae
  psp:
    n_styles: 14
  goae:
    mlp_layer: 2
    cfg: ./configs/swinv2.yaml
  state_dict_key: psp_state_dict
  checkpoint_path: ./pretrained_models/inversion/gan_encoder.pt
warp:
  warp_ori_train: true
  warp_ori_val: true
  warp_pred: false
  hybrid: true
  cond_erode_kernel: 3
  cond_gaussian_blur_kernel: 21
wplus:
  mode: s1_mapper
  gate_value: 3.0
  init_from_stage_c: false
reference:
  use: true
  use_mirror: true
  real_primary: mirror
  gate_init: 0.5
  lr: 5.0e-06
  local_window_k: 0
  local_gate_init: 0.25
brushnet:
  init: pretrained
  lr: 1.0e-05
  use_8bit_adam: true
  gradient_checkpointing: true
losses:
  eps_weight: 1.0
  synth_texture: full
  synth_lowpass_sigma: 2.0
  real_pass1:
    forward: false
    visible_weight: 1.0
    hole_weight: 0
    blind_struct_weight: 0
    mirror_anchor: true
  pixel:
    max_timestep: 200
    x0_clip: 3.0
    resolution: 256
    patch_latent: 32
    apply_to_synth: false
    l1_weight: 0
    resnet_pl_weight: 0
    id_weight: 0
    weights_path: ./pretrained_models/LaMa_perceptual_loss_models
  latent:
    weight: 0
  lpips:
    weight: 0
  adversarial:
    weight: 0
    kind: r1
    gp_coef: 0.001
    mask_as_fake_target: false
    allow_scale_mask: true
  feature_matching:
    weight: 0
  x0:
    enable: true
    mode: invsr
    t_max: 300
    w_ldif: 1.0
    w_lfm: 2.0
    w_ldis: 0.1
    dis_warmup: 3000
    latent_bound: 10.0
    l1_weight: 1.0
    clip: 8.0
    res_latent: 32
    d_real: paired_target
  preserve:
    weight: 0
    teacher_wplus: true
  discriminator:
    kind: pix2pixhd_nlayer
    input_nc: 3
    ndf: 64
    n_layers: 4
  optimizers:
    discriminator:
      lr: 0.0001
log:
  image_interval: 500
  board_interval: 50
  val_interval: 2000
  save_interval: 10000
  use_wandb: false
smoke:
  check: true
  fix_timestep: null

==============================================================================
[EFFECTIVE CONFIG — verify line by line before trusting any run]
  exp_dir               : /home/xzy/warpgan-diffusiong-inpainting/warpgan-diffusion-inpainting-main/experiments/train_inpainting_diffusion/[20260911-143749]_v18w3_w3d_30k
  max_steps             : 100000
  device                : cuda:0
  synth/real 1:1        : use_synth=True
  batch_size (real/synth): 1 / 1
  warp: 512=True hybrid=True warp_pred=False mask=raw_splatting (NO erode/blur)
  warp cond soften     : erode=3px blur_k=21 (v10: CONDITION-side only, supervision keeps raw mask; orig port)
  wplus: mode=s1_mapper gate=fixed tanh(3.0) stage_c_init=False
  reference: use=True use_mirror=True gate_init=0.5 lr=5e-06
  reference real_primary : mirror (user plan: real photo = PRIMARY bank source, render -> extra)
  reference LOCAL       : window=0 gate_init=0.25 (v11 texture-band retrieval from PRIMARY (real-photo) source; activates the formerly-dead reference_local_scale)
  real pass1 dual-band  : visible/mirror FULL-band x1.0 + blind LOW-band x0.0 (v12: target=FULL SHARP render, only low-freq error penalized; hole_weight=0.0 ignored when dual-band active; 0=off -> single-band v11 path)
  loss synth_texture     : full (sigma=2.0 latent px; user plan: structure-only supervision, texture band = 0)
  brushnet: init=pretrained lr=1e-05 8bit=True grad_ckpt=True
  loss eps_weight       : 1.0
  real pass1 FORWARD    : False (False = STRUCT arm: real batch trains pass2 only; inference unchanged)
  loss real_p1 anchor   : visible=1.0 (target=inv_warp) hole=0 (target=y_hat_novel) mirror_anchor=True (hole real-photo coverage via inv_warp(x_mirror))
  loss pixel (t<200)   : L1*0 PL*0 ID*0 x0_clip=3.0 res=256
  loss latent closure   : *0 (orig L1195-1200)
  loss lpips/gan/fm     : 0 / 0 / 0  (orig GAN/FM 10/100 -> default 0)
  timestep range        : [0, 1000) FULL RANGE (no low-t clamp; v3.1 lesson)
  smoke: check=True fix_timestep=None
  path [OK ] sd            : ./pretrained_models/AI-ModelScope/stable-diffusion-v1-5
  path [OK ] brushnet      : ./pretrained_models/brushnet
  path [OK ] train         : ./data/FFHQ-EG3D_all_static_rebalanced
  path [OK ] test          : ./data/celeba-hq_1000_static_rebalanced
  path [OK ] synth         : ./data/SynthData100000_rebalanced
  path [OK ] LaMa_PL       : ./pretrained_models/LaMa_perceptual_loss_models
  path [OK ] gan_encoder   : ./pretrained_models/inversion/gan_encoder.pt
==============================================================================
[BrushNet] init: official pretrained inpainting checkpoint
[v18.3] InvSR x0 SUPERVISION ACTIVE: latent-space MSE+FM+adv on the single-step x0, t<=300, w=ldif:1.0/lfm:2.0/ldis:0.1
[v18.3 InvSR] latent UNet-D 106,176,612 params | t_max=300 | w ldif:lfm:ldis = 1.0:2.0:0.1 | latent clamp ±10.0 | dis_warmup=3000 (their 10K/100K iters scaled to our 30K budget)
[params] bank-retrieval adapters trainable: 37,183,696 | W+ QKV (s2) trainable: 0 | W+ mapper trainable: 1,967,616 | mirror: own K/V 24,780,800 + softmax competition (16 gauged layers) | RefNet DELETED (860M saved, bank=main-UNet self-read)
[optim] 8-bit AdamW (bitsandbytes)
Synth dataset: ./data/SynthData100000_rebalanced -> 100000 samples
Real train dataset: ./data/FFHQ-EG3D_all_static_rebalanced -> 139914 samples
Test dataset: ./data/celeba-hq_1000_static_rebalanced -> 1000 samples
[resume] step 14999 from /home/xzy/warpgan-diffusiong-inpainting/warpgan-diffusion-inpainting-main/experiments/train_inpainting_diffusion/[20260911-143749]_v18w3_w3d_30k/checkpoints/iteration_0014999.pt
Start diffusion-port training (orig semantics, BrushNet+SD1.5).
/home/xzy/warpgan-diffusiong-inpainting/warpgan-diffusion-inpainting-main/./training/coach_inpainting_diffusion.py:1677: UserWarning: Converting a tensor with requires_grad=True to a scalar may lead to unexpected behavior.
Consider using tensor.detach() first. (Triggered internally at /pytorch/torch/csrc/autograd/generated/python_variable_methods.cpp:835.)
  metrics['p2_eps'] = float(loss_p2_eps)
[step 15000] real_p1_mirror_hole_cov=0.1241 real_p1_skipped=1.0000 real_p1_hole_frac=0.5486 real_p2_eps=0.0742 real_p2_hit=0.0000 real_total=0.0742 synth_eps=0.0214 synth_eps_raw=0.0214 synth_x0_hit=0.0000 synth_total=0.0214
[images] real: anchor | cond1 | cond2 | inv_warp_mirror | mask | mask_inv | warp_img | warp_warp_img | x | y_hat | y_hat_novel -> /home/xzy/warpgan-diffusiong-inpainting/warpgan-diffusion-inpainting-main/experiments/train_inpainting_diffusion/[20260911-143749]_v18w3_w3d_30k/logs/images/train/real_step0015000.png
[images] synth: cond | mask | target | warp_img | x | y_hat_novel -> /home/xzy/warpgan-diffusiong-inpainting/warpgan-diffusion-inpainting-main/experiments/train_inpainting_diffusion/[20260911-143749]_v18w3_w3d_30k/logs/images/train/synth_step0015000.png
[step 15050] real_p1_mirror_hole_cov=0.2099 real_p1_skipped=1.0000 real_p1_hole_frac=0.2103 real_p2_eps=0.0262 real_p2_hit=0.0000 real_total=0.0262 synth_eps=0.4969 synth_eps_raw=0.4969 synth_x0_hit=1.0000 synth_x0_t=72.0000 synth_x0_ldif=0.0388 synth_x0_gen_adv=0.2235 synth_x0_lfm=0.0057 synth_total=0.5695
[step 15100] real_p1_mirror_hole_cov=0.1727 real_p1_skipped=1.0000 real_p1_hole_frac=0.2838 real_p2_eps=0.3562 real_p2_hit=1.0000 real_p2_t=80.0000 real_p2_ldif=0.0317 real_p2_gen_adv=-0.4177 real_p2_lfm=0.0043 real_total=0.3547 discr_adv=1.0528 p2_d_real=0.4298 p2_d_fake=0.4177 g_grad_abs=1686.7079 d_grad_abs=3110.4778 synth_eps=0.0171 synth_eps_raw=0.0171 synth_x0_hit=0.0000 synth_total=0.0171
[step 15150] real_p1_mirror_hole_cov=0.0020 real_p1_skipped=1.0000 real_p1_hole_frac=0.1673 real_p2_eps=0.0155 real_p2_hit=0.0000 real_total=0.0155 discr_adv=0.9855 x0_d_real=0.2405 x0_d_fake=0.2115 g_grad_abs=248.2295 d_grad_abs=702.6153 synth_eps=0.2114 synth_eps_raw=0.2114 synth_x0_hit=1.0000 synth_x0_t=210.0000 synth_x0_ldif=0.0750 synth_x0_gen_adv=-0.0484 synth_x0_lfm=0.0093 synth_total=0.3002
[step 15200] real_p1_mirror_hole_cov=0.0758 real_p1_skipped=1.0000 real_p1_hole_frac=0.0656 real_p2_eps=0.0009 real_p2_hit=0.0000 real_total=0.0009 synth_eps=0.0058 synth_eps_raw=0.0058 synth_x0_hit=0.0000 synth_total=0.0058
[step 15250] real_p1_mirror_hole_cov=0.1261 real_p1_skipped=1.0000 real_p1_hole_frac=0.2011 real_p2_eps=0.0075 real_p2_hit=0.0000 real_total=0.0075 synth_eps=0.0730 synth_eps_raw=0.0730 synth_x0_hit=0.0000 synth_total=0.0730
[step 15300] real_p1_mirror_hole_cov=0.1237 real_p1_skipped=1.0000 real_p1_hole_frac=0.1594 real_p2_eps=0.0077 real_p2_hit=0.0000 real_total=0.0077 synth_eps=0.0697 synth_eps_raw=0.0697 synth_x0_hit=0.0000 synth_total=0.0697
[step 15350] real_p1_mirror_hole_cov=0.0394 real_p1_skipped=1.0000 real_p1_hole_frac=0.0440 real_p2_eps=0.0024 real_p2_hit=0.0000 real_total=0.0024 synth_eps=0.0596 synth_eps_raw=0.0596 synth_x0_hit=0.0000 synth_total=0.0596
[step 15400] real_p1_mirror_hole_cov=0.1262 real_p1_skipped=1.0000 real_p1_hole_frac=0.0509 real_p2_eps=0.1050 real_p2_hit=1.0000 real_p2_t=258.0000 real_p2_ldif=0.0539 real_p2_gen_adv=-0.3337 real_p2_lfm=0.0059 real_total=0.1374 discr_adv=0.9922 p2_d_real=0.3493 p2_d_fake=0.3337 g_grad_abs=1374.5213 d_grad_abs=239.6079 synth_eps=0.0235 synth_eps_raw=0.0235 synth_x0_hit=0.0000 synth_total=0.0235
[step 15450] real_p1_mirror_hole_cov=0.1759 real_p1_skipped=1.0000 real_p1_hole_frac=0.4394 real_p2_eps=0.4278 real_p2_hit=1.0000 real_p2_t=88.0000 real_p2_ldif=0.0429 real_p2_gen_adv=-0.5651 real_p2_lfm=0.0052 real_total=0.4246 discr_adv=0.9974 p2_d_real=0.5703 p2_d_fake=0.5651 g_grad_abs=1271.5529 d_grad_abs=130.8433 synth_eps=0.0053 synth_eps_raw=0.0053 synth_x0_hit=0.0000 synth_total=0.0053
[step 15500] real_p1_mirror_hole_cov=0.0074 real_p1_skipped=1.0000 real_p1_hole_frac=0.0821 real_p2_eps=0.1030 real_p2_hit=1.0000 real_p2_t=211.0000 real_p2_ldif=0.0369 real_p2_gen_adv=0.0720 real_p2_lfm=0.0042 real_total=0.1554 discr_adv=2.0076 x0_d_real=0.3704 x0_d_fake=0.3948 p2_d_real=-0.0627 p2_d_fake=-0.0720 g_grad_abs=1129.7016 d_grad_abs=844.5451 synth_eps=0.1676 synth_eps_raw=0.1676 synth_x0_hit=0.0000 synth_total=0.1676
[images] real: anchor | cond1 | cond2 | inv_warp_mirror | mask | mask_inv | warp_img | warp_warp_img | x | y_hat | y_hat_novel -> /home/xzy/warpgan-diffusiong-inpainting/warpgan-diffusion-inpainting-main/experiments/train_inpainting_diffusion/[20260911-143749]_v18w3_w3d_30k/logs/images/train/real_step0015500.png
[images] synth: cond | mask | target | warp_img | x | y_hat_novel -> /home/xzy/warpgan-diffusiong-inpainting/warpgan-diffusion-inpainting-main/experiments/train_inpainting_diffusion/[20260911-143749]_v18w3_w3d_30k/logs/images/train/synth_step0015500.png
[step 15550] real_p1_mirror_hole_cov=0.1046 real_p1_skipped=1.0000 real_p1_hole_frac=0.6357 real_p2_eps=0.0192 real_p2_hit=0.0000 real_total=0.0192 discr_adv=0.9943 x0_d_real=0.4871 x0_d_fake=0.4756 g_grad_abs=204.1275 d_grad_abs=187.4578 synth_eps=0.1169 synth_eps_raw=0.1169 synth_x0_hit=0.0000 synth_total=0.1169
[step 15600] real_p1_mirror_hole_cov=0.0391 real_p1_skipped=1.0000 real_p1_hole_frac=0.3749 real_p2_eps=0.0425 real_p2_hit=0.0000 real_total=0.0425 discr_adv=0.9893 x0_d_real=0.1634 x0_d_fake=0.1413 g_grad_abs=507.3728 d_grad_abs=436.1346 synth_eps=0.0075 synth_eps_raw=0.0075 synth_x0_hit=0.0000 synth_total=0.0075
[step 15650] real_p1_mirror_hole_cov=0.1410 real_p1_skipped=1.0000 real_p1_hole_frac=0.4008 real_p2_eps=0.2369 real_p2_hit=1.0000 real_p2_t=195.0000 real_p2_ldif=0.0742 real_p2_gen_adv=-0.1402 real_p2_lfm=0.0094 real_total=0.3160 discr_adv=0.9747 p2_d_real=0.1909 p2_d_fake=0.1402 g_grad_abs=2030.3196 d_grad_abs=662.4217 synth_eps=0.0066 synth_eps_raw=0.0066 synth_x0_hit=0.0000 synth_total=0.0066
[step 15700] real_p1_mirror_hole_cov=0.3822 real_p1_skipped=1.0000 real_p1_hole_frac=0.2444 real_p2_eps=0.0372 real_p2_hit=0.0000 real_total=0.0372 synth_eps=0.0325 synth_eps_raw=0.0325 synth_x0_hit=0.0000 synth_total=0.0325
[step 15750] real_p1_mirror_hole_cov=0.1364 real_p1_skipped=1.0000 real_p1_hole_frac=0.2537 real_p2_eps=0.0587 real_p2_hit=0.0000 real_total=0.0587 synth_eps=0.0125 synth_eps_raw=0.0125 synth_x0_hit=0.0000 synth_total=0.0125
[step 15800] real_p1_mirror_hole_cov=0.1862 real_p1_skipped=1.0000 real_p1_hole_frac=0.0453 real_p2_eps=0.0146 real_p2_hit=0.0000 real_total=0.0146 discr_adv=0.9974 x0_d_real=0.2072 x0_d_fake=0.2020 g_grad_abs=239.6814 d_grad_abs=76.0603 synth_eps=0.0081 synth_eps_raw=0.0081 synth_x0_hit=0.0000 synth_total=0.0081
[step 15850] real_p1_mirror_hole_cov=0.0117 real_p1_skipped=1.0000 real_p1_hole_frac=0.0728 real_p2_eps=0.0368 real_p2_hit=0.0000 real_total=0.0368 discr_adv=0.9803 x0_d_real=0.1104 x0_d_fake=0.0710 g_grad_abs=409.4297 d_grad_abs=622.6801 synth_eps=0.0025 synth_eps_raw=0.0025 synth_x0_hit=0.0000 synth_total=0.0025
[step 15900] real_p1_mirror_hole_cov=0.0168 real_p1_skipped=1.0000 real_p1_hole_frac=0.2799 real_p2_eps=0.0439 real_p2_hit=0.0000 real_total=0.0439 synth_eps=0.0136 synth_eps_raw=0.0136 synth_x0_hit=0.0000 synth_total=0.0136
[step 15950] real_p1_mirror_hole_cov=0.1025 real_p1_skipped=1.0000 real_p1_hole_frac=0.2353 real_p2_eps=0.4999 real_p2_hit=1.0000 real_p2_t=28.0000 real_p2_ldif=0.0135 real_p2_gen_adv=-0.2563 real_p2_lfm=0.0027 real_total=0.4931 discr_adv=2.0004 x0_d_real=0.2052 x0_d_fake=0.2134 p2_d_real=0.2637 p2_d_fake=0.2563 g_grad_abs=1136.3391 d_grad_abs=556.2774 synth_eps=0.0069 synth_eps_raw=0.0069 synth_x0_hit=0.0000 synth_total=0.0069
[val step 15999] val_novel_full=0.0993 val_novel_hole=0.1530 val_novel_visible=0.0728
[step 16000] real_p1_mirror_hole_cov=0.3891 real_p1_skipped=1.0000 real_p1_hole_frac=0.3738 real_p2_eps=0.0118 real_p2_hit=0.0000 real_total=0.0118 synth_eps=0.1436 synth_eps_raw=0.1436 synth_x0_hit=0.0000 synth_total=0.1436 extra_render_attn_share=0.5133
[images] real: anchor | cond1 | cond2 | inv_warp_mirror | mask | mask_inv | warp_img | warp_warp_img | x | y_hat | y_hat_novel -> /home/xzy/warpgan-diffusiong-inpainting/warpgan-diffusion-inpainting-main/experiments/train_inpainting_diffusion/[20260911-143749]_v18w3_w3d_30k/logs/images/train/real_step0016000.png
[images] synth: cond | mask | target | warp_img | x | y_hat_novel -> /home/xzy/warpgan-diffusiong-inpainting/warpgan-diffusion-inpainting-main/experiments/train_inpainting_diffusion/[20260911-143749]_v18w3_w3d_30k/logs/images/train/synth_step0016000.png
[step 16050] real_p1_mirror_hole_cov=0.1609 real_p1_skipped=1.0000 real_p1_hole_frac=0.2395 real_p2_eps=0.1944 real_p2_hit=1.0000 real_p2_t=187.0000 real_p2_ldif=0.0569 real_p2_gen_adv=-0.0179 real_p2_lfm=0.0041 real_total=0.2577 discr_adv=0.9899 p2_d_real=0.0380 p2_d_fake=0.0179 g_grad_abs=1007.9793 d_grad_abs=200.8354 synth_eps=0.3999 synth_eps_raw=0.3999 synth_x0_hit=1.0000 synth_x0_t=114.0000 synth_x0_ldif=0.0564 synth_x0_gen_adv=0.0169 synth_x0_lfm=0.0068 synth_total=0.4716 extra_render_attn_share=0.5133
[step 16100] real_p1_mirror_hole_cov=0.0018 real_p1_skipped=1.0000 real_p1_hole_frac=0.2005 real_p2_eps=0.0408 real_p2_hit=0.0000 real_total=0.0408 synth_eps=0.0149 synth_eps_raw=0.0149 synth_x0_hit=0.0000 synth_total=0.0149 extra_render_attn_share=0.5133
[step 16150] real_p1_mirror_hole_cov=0.0563 real_p1_skipped=1.0000 real_p1_hole_frac=0.1991 real_p2_eps=0.0089 real_p2_hit=0.0000 real_total=0.0089 synth_eps=0.0039 synth_eps_raw=0.0039 synth_x0_hit=0.0000 synth_total=0.0039 extra_render_attn_share=0.5133
[step 16200] real_p1_mirror_hole_cov=0.0080 real_p1_skipped=1.0000 real_p1_hole_frac=0.2065 real_p2_eps=0.0084 real_p2_hit=0.0000 real_total=0.0084 discr_adv=0.9655 x0_d_real=0.0140 x0_d_fake=-0.0574 g_grad_abs=268.3485 d_grad_abs=1213.6514 synth_eps=0.0249 synth_eps_raw=0.0249 synth_x0_hit=0.0000 synth_total=0.0249 extra_render_attn_share=0.5133
[step 16250] real_p1_mirror_hole_cov=0.1783 real_p1_skipped=1.0000 real_p1_hole_frac=0.4859 real_p2_eps=0.5341 real_p2_hit=1.0000 real_p2_t=48.0000 real_p2_ldif=0.0259 real_p2_gen_adv=-0.5499 real_p2_lfm=0.0024 real_total=0.5099 discr_adv=1.9777 x0_d_real=0.4656 x0_d_fake=0.4325 p2_d_real=0.5617 p2_d_fake=0.5499 g_grad_abs=832.4447 d_grad_abs=714.6880 synth_eps=0.0219 synth_eps_raw=0.0219 synth_x0_hit=0.0000 synth_total=0.0219 extra_render_attn_share=0.5133
[step 16300] real_p1_mirror_hole_cov=0.0655 real_p1_skipped=1.0000 real_p1_hole_frac=0.3126 real_p2_eps=0.0642 real_p2_hit=0.0000 real_total=0.0642 discr_adv=0.9802 x0_d_real=0.1360 x0_d_fake=0.0963 g_grad_abs=529.3016 d_grad_abs=427.3707 synth_eps=0.6683 synth_eps_raw=0.6683 synth_x0_hit=1.0000 synth_x0_t=17.0000 synth_x0_ldif=0.0108 synth_x0_gen_adv=-0.5703 synth_x0_lfm=0.0009 synth_total=0.6239 extra_render_attn_share=0.5133
[step 16350] real_p1_mirror_hole_cov=0.2233 real_p1_skipped=1.0000 real_p1_hole_frac=0.2643 real_p2_eps=0.0935 real_p2_hit=0.0000 real_total=0.0935 synth_eps=0.0834 synth_eps_raw=0.0834 synth_x0_hit=0.0000 synth_total=0.0834 extra_render_attn_share=0.5133
[step 16400] real_p1_mirror_hole_cov=0.0326 real_p1_skipped=1.0000 real_p1_hole_frac=0.1236 real_p2_eps=0.0974 real_p2_hit=1.0000 real_p2_t=257.0000 real_p2_ldif=0.0497 real_p2_gen_adv=-0.0578 real_p2_lfm=0.0272 real_total=0.1957 discr_adv=0.9705 p2_d_real=0.1168 p2_d_fake=0.0578 g_grad_abs=4954.1581 d_grad_abs=601.0868 synth_eps=0.3521 synth_eps_raw=0.3521 synth_x0_hit=1.0000 synth_x0_t=88.0000 synth_x0_ldif=0.0353 synth_x0_gen_adv=0.0702 synth_x0_lfm=0.0063 synth_total=0.4069 extra_render_attn_share=0.5133
[step 16450] real_p1_mirror_hole_cov=0.2372 real_p1_skipped=1.0000 real_p1_hole_frac=0.6394 real_p2_eps=0.0018 real_p2_hit=0.0000 real_total=0.0018 synth_eps=0.0370 synth_eps_raw=0.0370 synth_x0_hit=0.0000 synth_total=0.0370 extra_render_attn_share=0.5133
[step 16500] real_p1_mirror_hole_cov=0.2699 real_p1_skipped=1.0000 real_p1_hole_frac=0.4080 real_p2_eps=0.0673 real_p2_hit=0.0000 real_total=0.0673 discr_adv=0.9724 x0_d_real=0.5729 x0_d_fake=0.5177 g_grad_abs=360.4745 d_grad_abs=619.7154 synth_eps=0.6283 synth_eps_raw=0.6283 synth_x0_hit=1.0000 synth_x0_t=16.0000 synth_x0_ldif=0.0096 synth_x0_gen_adv=-0.6698 synth_x0_lfm=0.0009 synth_total=0.5728 extra_render_attn_share=0.5133
[images] real: anchor | cond1 | cond2 | inv_warp_mirror | mask | mask_inv | warp_img | warp_warp_img | x | y_hat | y_hat_novel -> /home/xzy/warpgan-diffusiong-inpainting/warpgan-diffusion-inpainting-main/experiments/train_inpainting_diffusion/[20260911-143749]_v18w3_w3d_30k/logs/images/train/real_step0016500.png
[images] synth: cond | mask | target | warp_img | x | y_hat_novel -> /home/xzy/warpgan-diffusiong-inpainting/warpgan-diffusion-inpainting-main/experiments/train_inpainting_diffusion/[20260911-143749]_v18w3_w3d_30k/logs/images/train/synth_step0016500.png
[step 16550] real_p1_mirror_hole_cov=0.0455 real_p1_skipped=1.0000 real_p1_hole_frac=0.6126 real_p2_eps=0.3673 real_p2_hit=1.0000 real_p2_t=104.0000 real_p2_ldif=0.0458 real_p2_gen_adv=-0.5275 real_p2_lfm=0.0028 real_total=0.3659 discr_adv=0.9993 p2_d_real=0.5289 p2_d_fake=0.5275 g_grad_abs=978.6222 d_grad_abs=181.8701 synth_eps=0.4029 synth_eps_raw=0.4029 synth_x0_hit=1.0000 synth_x0_t=103.0000 synth_x0_ldif=0.0495 synth_x0_gen_adv=0.1097 synth_x0_lfm=0.0115 synth_total=0.4864 extra_render_attn_share=0.5133
[step 16600] real_p1_mirror_hole_cov=0.2241 real_p1_skipped=1.0000 real_p1_hole_frac=0.3010 real_p2_eps=0.2706 real_p2_hit=1.0000 real_p2_t=121.0000 real_p2_ldif=0.0414 real_p2_gen_adv=0.5933 real_p2_lfm=0.0047 real_total=0.3808 discr_adv=1.0005 p2_d_real=-0.5925 p2_d_fake=-0.5933 g_grad_abs=1165.3339 d_grad_abs=467.3859 synth_eps=0.2274 synth_eps_raw=0.2274 synth_x0_hit=1.0000 synth_x0_t=292.0000 synth_x0_ldif=0.1491 synth_x0_gen_adv=0.1993 synth_x0_lfm=0.1218 synth_total=0.6401 extra_render_attn_share=0.5133
[step 16650] real_p1_mirror_hole_cov=0.0248 real_p1_skipped=1.0000 real_p1_hole_frac=0.4928 real_p2_eps=0.0255 real_p2_hit=0.0000 real_total=0.0255 synth_eps=0.0030 synth_eps_raw=0.0030 synth_x0_hit=0.0000 synth_total=0.0030 extra_render_attn_share=0.5133
[step 16700] real_p1_mirror_hole_cov=0.0252 real_p1_skipped=1.0000 real_p1_hole_frac=0.2260 real_p2_eps=0.0138 real_p2_hit=0.0000 real_total=0.0138 synth_eps=0.0460 synth_eps_raw=0.0460 synth_x0_hit=0.0000 synth_total=0.0460 extra_render_attn_share=0.5133
[step 16750] real_p1_mirror_hole_cov=0.2713 real_p1_skipped=1.0000 real_p1_hole_frac=0.2344 real_p2_eps=0.0056 real_p2_hit=0.0000 real_total=0.0056 synth_eps=0.1225 synth_eps_raw=0.1225 synth_x0_hit=0.0000 synth_total=0.1225 extra_render_attn_share=0.5133
[step 16800] real_p1_mirror_hole_cov=0.2852 real_p1_skipped=1.0000 real_p1_hole_frac=0.4342 real_p2_eps=0.0365 real_p2_hit=0.0000 real_total=0.0365 discr_adv=1.0050 x0_d_real=-0.3714 x0_d_fake=-0.3613 g_grad_abs=267.8660 d_grad_abs=521.9712 synth_eps=0.1027 synth_eps_raw=0.1027 synth_x0_hit=0.0000 synth_total=0.1027 extra_render_attn_share=0.5133
[step 16850] real_p1_mirror_hole_cov=0.2271 real_p1_skipped=1.0000 real_p1_hole_frac=0.3772 real_p2_eps=0.0816 real_p2_hit=0.0000 real_total=0.0816 synth_eps=0.0225 synth_eps_raw=0.0225 synth_x0_hit=0.0000 synth_total=0.0225 extra_render_attn_share=0.5133
[step 16900] real_p1_mirror_hole_cov=0.0070 real_p1_skipped=1.0000 real_p1_hole_frac=0.2961 real_p2_eps=0.3400 real_p2_hit=1.0000 real_p2_t=60.0000 real_p2_ldif=0.0214 real_p2_gen_adv=-0.6333 real_p2_lfm=0.0006 real_total=0.2992 discr_adv=0.9983 p2_d_real=0.6367 p2_d_fake=0.6333 g_grad_abs=933.2865 d_grad_abs=42.7566 synth_eps=0.1307 synth_eps_raw=0.1307 synth_x0_hit=0.0000 synth_total=0.1307 extra_render_attn_share=0.5133
[step 16950] real_p1_mirror_hole_cov=0.0176 real_p1_skipped=1.0000 real_p1_hole_frac=0.2173 real_p2_eps=0.0093 real_p2_hit=0.0000 real_total=0.0093 synth_eps=0.0081 synth_eps_raw=0.0081 synth_x0_hit=0.0000 synth_total=0.0081 extra_render_attn_share=0.5133
[step 17000] real_p1_mirror_hole_cov=0.1759 real_p1_skipped=1.0000 real_p1_hole_frac=0.1565 real_p2_eps=0.0172 real_p2_hit=0.0000 real_total=0.0172 synth_eps=0.0498 synth_eps_raw=0.0498 synth_x0_hit=0.0000 synth_total=0.0498 extra_render_attn_share=0.5133
[images] real: anchor | cond1 | cond2 | inv_warp_mirror | mask | mask_inv | warp_img | warp_warp_img | x | y_hat | y_hat_novel -> /home/xzy/warpgan-diffusiong-inpainting/warpgan-diffusion-inpainting-main/experiments/train_inpainting_diffusion/[20260911-143749]_v18w3_w3d_30k/logs/images/train/real_step0017000.png
[images] synth: cond | mask | target | warp_img | x | y_hat_novel -> /home/xzy/warpgan-diffusiong-inpainting/warpgan-diffusion-inpainting-main/experiments/train_inpainting_diffusion/[20260911-143749]_v18w3_w3d_30k/logs/images/train/synth_step0017000.png
[step 17050] real_p1_mirror_hole_cov=0.0011 real_p1_skipped=1.0000 real_p1_hole_frac=0.0587 real_p2_eps=0.0354 real_p2_hit=0.0000 real_total=0.0354 synth_eps=0.0050 synth_eps_raw=0.0050 synth_x0_hit=0.0000 synth_total=0.0050 extra_render_attn_share=0.5133
[step 17100] real_p1_mirror_hole_cov=0.0245 real_p1_skipped=1.0000 real_p1_hole_frac=0.4996 real_p2_eps=0.0297 real_p2_hit=0.0000 real_total=0.0297 synth_eps=0.0603 synth_eps_raw=0.0603 synth_x0_hit=0.0000 synth_total=0.0603 extra_render_attn_share=0.5133
[step 17150] real_p1_mirror_hole_cov=0.0294 real_p1_skipped=1.0000 real_p1_hole_frac=0.0868 real_p2_eps=0.1794 real_p2_hit=1.0000 real_p2_t=163.0000 real_p2_ldif=0.0423 real_p2_gen_adv=-0.9380 real_p2_lfm=0.0014 real_total=0.1306 discr_adv=2.0294 x0_d_real=0.8943 x0_d_fake=0.8929 p2_d_real=0.9382 p2_d_fake=0.9380 g_grad_abs=916.3746 d_grad_abs=1305.7436 synth_eps=0.2251 synth_eps_raw=0.2251 synth_x0_hit=1.0000 synth_x0_t=241.0000 synth_x0_ldif=0.1018 synth_x0_gen_adv=-0.8520 synth_x0_lfm=0.0065 synth_total=0.2546 extra_render_attn_share=0.5133
[step 17200] real_p1_mirror_hole_cov=0.0449 real_p1_skipped=1.0000 real_p1_hole_frac=0.2356 real_p2_eps=0.1623 real_p2_hit=1.0000 real_p2_t=163.0000 real_p2_ldif=0.0383 real_p2_gen_adv=-0.4713 real_p2_lfm=0.0017 real_total=0.1569 discr_adv=0.9981 p2_d_real=0.4752 p2_d_fake=0.4713 g_grad_abs=821.4258 d_grad_abs=80.6316 synth_eps=0.0029 synth_eps_raw=0.0029 synth_x0_hit=0.0000 synth_total=0.0029 extra_render_attn_share=0.5133
[step 17250] real_p1_mirror_hole_cov=0.1625 real_p1_skipped=1.0000 real_p1_hole_frac=0.3763 real_p2_eps=0.2801 real_p2_hit=1.0000 real_p2_t=179.0000 real_p2_ldif=0.0764 real_p2_gen_adv=-0.5686 real_p2_lfm=0.0036 real_total=0.3068 discr_adv=1.0011 p2_d_real=0.5680 p2_d_fake=0.5686 g_grad_abs=1020.3833 d_grad_abs=603.9614 synth_eps=0.0263 synth_eps_raw=0.0263 synth_x0_hit=0.0000 synth_total=0.0263 extra_render_attn_share=0.5133
[step 17300] real_p1_mirror_hole_cov=0.1890 real_p1_skipped=1.0000 real_p1_hole_frac=0.6182 real_p2_eps=0.0433 real_p2_hit=0.0000 real_total=0.0433 synth_eps=0.3439 synth_eps_raw=0.3439 synth_x0_hit=1.0000 synth_x0_t=137.0000 synth_x0_ldif=0.0627 synth_x0_gen_adv=0.4114 synth_x0_lfm=0.0072 synth_total=0.4620 extra_render_attn_share=0.5133
[step 17350] real_p1_mirror_hole_cov=0.1106 real_p1_skipped=1.0000 real_p1_hole_frac=0.0605 real_p2_eps=0.0022 real_p2_hit=0.0000 real_total=0.0022 discr_adv=0.9904 x0_d_real=-0.1908 x0_d_fake=-0.2101 g_grad_abs=47.0523 d_grad_abs=423.1759 synth_eps=0.0520 synth_eps_raw=0.0520 synth_x0_hit=0.0000 synth_total=0.0520 extra_render_attn_share=0.5133
[step 17400] real_p1_mirror_hole_cov=0.1378 real_p1_skipped=1.0000 real_p1_hole_frac=0.1883 real_p2_eps=0.5656 real_p2_hit=1.0000 real_p2_t=14.0000 real_p2_ldif=0.0075 real_p2_gen_adv=0.2009 real_p2_lfm=0.0015 real_total=0.5962 discr_adv=2.0369 x0_d_real=0.3301 x0_d_fake=0.4139 p2_d_real=-0.1904 p2_d_fake=-0.2009 g_grad_abs=1033.5638 d_grad_abs=1985.9730 synth_eps=0.0472 synth_eps_raw=0.0472 synth_x0_hit=0.0000 synth_total=0.0472 extra_render_attn_share=0.5133
[step 17450] real_p1_mirror_hole_cov=0.1032 real_p1_skipped=1.0000 real_p1_hole_frac=0.2182 real_p2_eps=0.0124 real_p2_hit=0.0000 real_total=0.0124 synth_eps=0.1294 synth_eps_raw=0.1294 synth_x0_hit=0.0000 synth_total=0.1294 extra_render_attn_share=0.5133
[step 17500] real_p1_mirror_hole_cov=0.3491 real_p1_skipped=1.0000 real_p1_hole_frac=0.2015 real_p2_eps=0.0019 real_p2_hit=0.0000 real_total=0.0019 synth_eps=0.2790 synth_eps_raw=0.2790 synth_x0_hit=1.0000 synth_x0_t=178.0000 synth_x0_ldif=0.0755 synth_x0_gen_adv=-0.0065 synth_x0_lfm=0.0037 synth_total=0.3613 extra_render_attn_share=0.5133
[images] real: anchor | cond1 | cond2 | inv_warp_mirror | mask | mask_inv | warp_img | warp_warp_img | x | y_hat | y_hat_novel -> /home/xzy/warpgan-diffusiong-inpainting/warpgan-diffusion-inpainting-main/experiments/train_inpainting_diffusion/[20260911-143749]_v18w3_w3d_30k/logs/images/train/real_step0017500.png
[images] synth: cond | mask | target | warp_img | x | y_hat_novel -> /home/xzy/warpgan-diffusiong-inpainting/warpgan-diffusion-inpainting-main/experiments/train_inpainting_diffusion/[20260911-143749]_v18w3_w3d_30k/logs/images/train/synth_step0017500.png
[step 17550] real_p1_mirror_hole_cov=0.2798 real_p1_skipped=1.0000 real_p1_hole_frac=0.0846 real_p2_eps=0.0102 real_p2_hit=0.0000 real_total=0.0102 discr_adv=0.9524 x0_d_real=-0.0894 x0_d_fake=-0.1845 g_grad_abs=241.9407 d_grad_abs=1221.4870 synth_eps=0.0270 synth_eps_raw=0.0270 synth_x0_hit=0.0000 synth_total=0.0270 extra_render_attn_share=0.5133
[step 17600] real_p1_mirror_hole_cov=0.1306 real_p1_skipped=1.0000 real_p1_hole_frac=0.5573 real_p2_eps=0.1507 real_p2_hit=0.0000 real_total=0.1507 synth_eps=0.2763 synth_eps_raw=0.2763 synth_x0_hit=1.0000 synth_x0_t=224.0000 synth_x0_ldif=0.1096 synth_x0_gen_adv=0.1973 synth_x0_lfm=0.1558 synth_total=0.7173 extra_render_attn_share=0.5133
[step 17650] real_p1_mirror_hole_cov=0.0446 real_p1_skipped=1.0000 real_p1_hole_frac=0.2319 real_p2_eps=0.0030 real_p2_hit=0.0000 real_total=0.0030 synth_eps=0.0189 synth_eps_raw=0.0189 synth_x0_hit=0.0000 synth_total=0.0189 extra_render_attn_share=0.5133
[step 17700] real_p1_mirror_hole_cov=0.2642 real_p1_skipped=1.0000 real_p1_hole_frac=0.3295 real_p2_eps=0.0685 real_p2_hit=0.0000 real_total=0.0685 synth_eps=0.0142 synth_eps_raw=0.0142 synth_x0_hit=0.0000 synth_total=0.0142 extra_render_attn_share=0.5133
[step 17750] real_p1_mirror_hole_cov=0.0926 real_p1_skipped=1.0000 real_p1_hole_frac=0.4007 real_p2_eps=0.0275 real_p2_hit=0.0000 real_total=0.0275 synth_eps=0.1271 synth_eps_raw=0.1271 synth_x0_hit=0.0000 synth_total=0.1271 extra_render_attn_share=0.5133
[step 17800] real_p1_mirror_hole_cov=0.0551 real_p1_skipped=1.0000 real_p1_hole_frac=0.2949 real_p2_eps=0.0371 real_p2_hit=0.0000 real_total=0.0371 synth_eps=0.0549 synth_eps_raw=0.0549 synth_x0_hit=0.0000 synth_total=0.0549 extra_render_attn_share=0.5133
[step 17850] real_p1_mirror_hole_cov=0.1228 real_p1_skipped=1.0000 real_p1_hole_frac=0.3115 real_p2_eps=0.0393 real_p2_hit=0.0000 real_total=0.0393 synth_eps=0.1148 synth_eps_raw=0.1148 synth_x0_hit=0.0000 synth_total=0.1148 extra_render_attn_share=0.5133
[step 17900] real_p1_mirror_hole_cov=0.0110 real_p1_skipped=1.0000 real_p1_hole_frac=0.2846 real_p2_eps=0.0074 real_p2_hit=0.0000 real_total=0.0074 synth_eps=0.1662 synth_eps_raw=0.1662 synth_x0_hit=1.0000 synth_x0_t=285.0000 synth_x0_ldif=0.1037 synth_x0_gen_adv=0.5011 synth_x0_lfm=0.0871 synth_total=0.4942 extra_render_attn_share=0.5133
[step 17950] real_p1_mirror_hole_cov=0.0560 real_p1_skipped=1.0000 real_p1_hole_frac=0.4294 real_p2_eps=0.0341 real_p2_hit=0.0000 real_total=0.0341 synth_eps=0.5379 synth_eps_raw=0.5379 synth_x0_hit=1.0000 synth_x0_t=50.0000 synth_x0_ldif=0.0274 synth_x0_gen_adv=-0.5613 synth_x0_lfm=0.0043 synth_total=0.5178 extra_render_attn_share=0.5133
[val step 17999] val_novel_full=0.0908 val_novel_hole=0.1376 val_novel_visible=0.0793
[step 18000] real_p1_mirror_hole_cov=0.2814 real_p1_skipped=1.0000 real_p1_hole_frac=0.2242 real_p2_eps=0.0023 real_p2_hit=0.0000 real_total=0.0023 synth_eps=0.0014 synth_eps_raw=0.0014 synth_x0_hit=0.0000 synth_total=0.0014 extra_render_attn_share=0.5155
[images] real: anchor | cond1 | cond2 | inv_warp_mirror | mask | mask_inv | warp_img | warp_warp_img | x | y_hat | y_hat_novel -> /home/xzy/warpgan-diffusiong-inpainting/warpgan-diffusion-inpainting-main/experiments/train_inpainting_diffusion/[20260911-143749]_v18w3_w3d_30k/logs/images/train/real_step0018000.png
[images] synth: cond | mask | target | warp_img | x | y_hat_novel -> /home/xzy/warpgan-diffusiong-inpainting/warpgan-diffusion-inpainting-main/experiments/train_inpainting_diffusion/[20260911-143749]_v18w3_w3d_30k/logs/images/train/synth_step0018000.png
[step 18050] real_p1_mirror_hole_cov=0.0138 real_p1_skipped=1.0000 real_p1_hole_frac=0.3119 real_p2_eps=0.0757 real_p2_hit=0.0000 real_total=0.0757 discr_adv=0.9874 x0_d_real=0.4359 x0_d_fake=0.4107 g_grad_abs=618.9133 d_grad_abs=248.3482 synth_eps=0.0148 synth_eps_raw=0.0148 synth_x0_hit=0.0000 synth_total=0.0148 extra_render_attn_share=0.5155
[step 18100] real_p1_mirror_hole_cov=0.1961 real_p1_skipped=1.0000 real_p1_hole_frac=0.0720 real_p2_eps=0.0219 real_p2_hit=0.0000 real_total=0.0219 synth_eps=0.0849 synth_eps_raw=0.0849 synth_x0_hit=0.0000 synth_total=0.0849 extra_render_attn_share=0.5155
[step 18150] real_p1_mirror_hole_cov=0.0936 real_p1_skipped=1.0000 real_p1_hole_frac=0.2474 real_p2_eps=0.0020 real_p2_hit=0.0000 real_total=0.0020 synth_eps=0.2539 synth_eps_raw=0.2539 synth_x0_hit=1.0000 synth_x0_t=237.0000 synth_x0_ldif=0.1114 synth_x0_gen_adv=-0.2495 synth_x0_lfm=0.0197 synth_total=0.3797 extra_render_attn_share=0.5155
[step 18200] real_p1_mirror_hole_cov=0.0829 real_p1_skipped=1.0000 real_p1_hole_frac=0.0737 real_p2_eps=0.0212 real_p2_hit=0.0000 real_total=0.0212 synth_eps=0.2903 synth_eps_raw=0.2903 synth_x0_hit=1.0000 synth_x0_t=185.0000 synth_x0_ldif=0.0835 synth_x0_gen_adv=0.4226 synth_x0_lfm=0.0256 synth_total=0.4674 extra_render_attn_share=0.5155
[step 18250] real_p1_mirror_hole_cov=0.0246 real_p1_skipped=1.0000 real_p1_hole_frac=0.3170 real_p2_eps=0.0015 real_p2_hit=0.0000 real_total=0.0015 synth_eps=0.0377 synth_eps_raw=0.0377 synth_x0_hit=0.0000 synth_total=0.0377 extra_render_attn_share=0.5155
[step 18300] real_p1_mirror_hole_cov=0.2140 real_p1_skipped=1.0000 real_p1_hole_frac=0.2119 real_p2_eps=0.0743 real_p2_hit=0.0000 real_total=0.0743 synth_eps=0.3708 synth_eps_raw=0.3708 synth_x0_hit=1.0000 synth_x0_t=117.0000 synth_x0_ldif=0.0541 synth_x0_gen_adv=-0.3972 synth_x0_lfm=0.0047 synth_total=0.3945 extra_render_attn_share=0.5155
[step 18350] real_p1_mirror_hole_cov=0.2806 real_p1_skipped=1.0000 real_p1_hole_frac=0.2922 real_p2_eps=0.0405 real_p2_hit=0.0000 real_total=0.0405 discr_adv=1.1411 x0_d_real=-0.0009 x0_d_fake=0.2813 g_grad_abs=239.6514 d_grad_abs=2941.4689 synth_eps=0.0022 synth_eps_raw=0.0022 synth_x0_hit=0.0000 synth_total=0.0022 extra_render_attn_share=0.5155
[step 18400] real_p1_mirror_hole_cov=0.1783 real_p1_skipped=1.0000 real_p1_hole_frac=0.0729 real_p2_eps=0.0924 real_p2_hit=1.0000 real_p2_t=202.0000 real_p2_ldif=0.0307 real_p2_gen_adv=-0.0852 real_p2_lfm=0.0041 real_total=0.1228 discr_adv=0.9970 p2_d_real=0.0912 p2_d_fake=0.0852 g_grad_abs=984.7624 d_grad_abs=139.7499 synth_eps=0.6913 synth_eps_raw=0.6913 synth_x0_hit=1.0000 synth_x0_t=21.0000 synth_x0_ldif=0.0138 synth_x0_gen_adv=0.1631 synth_x0_lfm=0.0042 synth_total=0.7298 extra_render_attn_share=0.5155
[step 18450] real_p1_mirror_hole_cov=0.0482 real_p1_skipped=1.0000 real_p1_hole_frac=0.0335 real_p2_eps=0.0573 real_p2_hit=1.0000 real_p2_t=236.0000 real_p2_ldif=0.0250 real_p2_gen_adv=0.2096 real_p2_lfm=0.0024 real_total=0.1081 discr_adv=1.0007 p2_d_real=-0.2109 p2_d_fake=-0.2096 g_grad_abs=819.5774 d_grad_abs=102.7582 synth_eps=0.0568 synth_eps_raw=0.0568 synth_x0_hit=0.0000 synth_total=0.0568 extra_render_attn_share=0.5155
[step 18500] real_p1_mirror_hole_cov=0.1290 real_p1_skipped=1.0000 real_p1_hole_frac=0.4200 real_p2_eps=0.0117 real_p2_hit=0.0000 real_total=0.0117 synth_eps=0.0230 synth_eps_raw=0.0230 synth_x0_hit=0.0000 synth_total=0.0230 extra_render_attn_share=0.5155
[images] real: anchor | cond1 | cond2 | inv_warp_mirror | mask | mask_inv | warp_img | warp_warp_img | x | y_hat | y_hat_novel -> /home/xzy/warpgan-diffusiong-inpainting/warpgan-diffusion-inpainting-main/experiments/train_inpainting_diffusion/[20260911-143749]_v18w3_w3d_30k/logs/images/train/real_step0018500.png
[images] synth: cond | mask | target | warp_img | x | y_hat_novel -> /home/xzy/warpgan-diffusiong-inpainting/warpgan-diffusion-inpainting-main/experiments/train_inpainting_diffusion/[20260911-143749]_v18w3_w3d_30k/logs/images/train/synth_step0018500.png
[step 18550] real_p1_mirror_hole_cov=0.0780 real_p1_skipped=1.0000 real_p1_hole_frac=0.3292 real_p2_eps=0.0745 real_p2_hit=0.0000 real_total=0.0745 synth_eps=0.1351 synth_eps_raw=0.1351 synth_x0_hit=0.0000 synth_total=0.1351 extra_render_attn_share=0.5155
[step 18600] real_p1_mirror_hole_cov=0.0518 real_p1_skipped=1.0000 real_p1_hole_frac=0.0839 real_p2_eps=0.0759 real_p2_hit=0.0000 real_total=0.0759 discr_adv=0.9916 x0_d_real=0.1655 x0_d_fake=0.1487 g_grad_abs=545.1616 d_grad_abs=157.0724 synth_eps=0.1151 synth_eps_raw=0.1151 synth_x0_hit=0.0000 synth_total=0.1151 extra_render_attn_share=0.5155
[step 18650] real_p1_mirror_hole_cov=0.0129 real_p1_skipped=1.0000 real_p1_hole_frac=0.1929 real_p2_eps=0.0017 real_p2_hit=0.0000 real_total=0.0017 synth_eps=0.0928 synth_eps_raw=0.0928 synth_x0_hit=0.0000 synth_total=0.0928 extra_render_attn_share=0.5155
[step 18700] real_p1_mirror_hole_cov=0.0580 real_p1_skipped=1.0000 real_p1_hole_frac=0.0881 real_p2_eps=0.1765 real_p2_hit=1.0000 real_p2_t=83.0000 real_p2_ldif=0.0165 real_p2_gen_adv=0.1905 real_p2_lfm=0.0092 real_total=0.2304 discr_adv=1.0079 p2_d_real=-0.2062 p2_d_fake=-0.1905 g_grad_abs=1818.1858 d_grad_abs=161.2909 synth_eps=0.0028 synth_eps_raw=0.0028 synth_x0_hit=0.0000 synth_total=0.0028 extra_render_attn_share=0.5155
[step 18750] real_p1_mirror_hole_cov=0.1535 real_p1_skipped=1.0000 real_p1_hole_frac=0.4368 real_p2_eps=0.1691 real_p2_hit=1.0000 real_p2_t=265.0000 real_p2_ldif=0.0915 real_p2_gen_adv=-0.3417 real_p2_lfm=0.0295 real_total=0.2854 discr_adv=0.9901 p2_d_real=0.3616 p2_d_fake=0.3417 g_grad_abs=2986.2181 d_grad_abs=573.0479 synth_eps=0.0662 synth_eps_raw=0.0662 synth_x0_hit=0.0000 synth_total=0.0662 extra_render_attn_share=0.5155
[step 18800] real_p1_mirror_hole_cov=0.4245 real_p1_skipped=1.0000 real_p1_hole_frac=0.0435 real_p2_eps=0.0157 real_p2_hit=0.0000 real_total=0.0157 synth_eps=0.2968 synth_eps_raw=0.2968 synth_x0_hit=1.0000 synth_x0_t=206.0000 synth_x0_ldif=0.1019 synth_x0_gen_adv=-0.4153 synth_x0_lfm=0.0070 synth_total=0.3713 extra_render_attn_share=0.5155
[step 18850] real_p1_mirror_hole_cov=0.1365 real_p1_skipped=1.0000 real_p1_hole_frac=0.4720 real_p2_eps=0.0273 real_p2_hit=0.0000 real_total=0.0273 synth_eps=0.0089 synth_eps_raw=0.0089 synth_x0_hit=0.0000 synth_total=0.0089 extra_render_attn_share=0.5155
[step 18900] real_p1_mirror_hole_cov=0.1359 real_p1_skipped=1.0000 real_p1_hole_frac=0.6031 real_p2_eps=0.5031 real_p2_hit=1.0000 real_p2_t=38.0000 real_p2_ldif=0.0188 real_p2_gen_adv=0.3676 real_p2_lfm=0.0040 real_total=0.5666 discr_adv=1.9808 x0_d_real=-0.0531 x0_d_fake=-0.0502 p2_d_real=-0.3262 p2_d_fake=-0.3676 g_grad_abs=1058.7115 d_grad_abs=484.2226 synth_eps=0.0021 synth_eps_raw=0.0021 synth_x0_hit=0.0000 synth_total=0.0021 extra_render_attn_share=0.5155
[step 18950] real_p1_mirror_hole_cov=0.1239 real_p1_skipped=1.0000 real_p1_hole_frac=0.2623 real_p2_eps=0.3460 real_p2_hit=1.0000 real_p2_t=81.0000 real_p2_ldif=0.0313 real_p2_gen_adv=-0.5042 real_p2_lfm=0.0036 real_total=0.3339 discr_adv=2.0330 x0_d_real=-0.1109 x0_d_fake=-0.0731 p2_d_real=0.4760 p2_d_fake=0.5042 g_grad_abs=1157.7011 d_grad_abs=543.0479 synth_eps=0.0933 synth_eps_raw=0.0933 synth_x0_hit=0.0000 synth_total=0.0933 extra_render_attn_share=0.5155
[step 19000] real_p1_mirror_hole_cov=0.1736 real_p1_skipped=1.0000 real_p1_hole_frac=0.3777 real_p2_eps=0.0764 real_p2_hit=0.0000 real_total=0.0764 discr_adv=0.9944 x0_d_real=0.2584 x0_d_fake=0.2472 g_grad_abs=459.1529 d_grad_abs=100.9784 synth_eps=0.0879 synth_eps_raw=0.0879 synth_x0_hit=0.0000 synth_total=0.0879 extra_render_attn_share=0.5155
[images] real: anchor | cond1 | cond2 | inv_warp_mirror | mask | mask_inv | warp_img | warp_warp_img | x | y_hat | y_hat_novel -> /home/xzy/warpgan-diffusiong-inpainting/warpgan-diffusion-inpainting-main/experiments/train_inpainting_diffusion/[20260911-143749]_v18w3_w3d_30k/logs/images/train/real_step0019000.png
[images] synth: cond | mask | target | warp_img | x | y_hat_novel -> /home/xzy/warpgan-diffusiong-inpainting/warpgan-diffusion-inpainting-main/experiments/train_inpainting_diffusion/[20260911-143749]_v18w3_w3d_30k/logs/images/train/synth_step0019000.png
[step 19050] real_p1_mirror_hole_cov=0.1259 real_p1_skipped=1.0000 real_p1_hole_frac=0.2885 real_p2_eps=0.0450 real_p2_hit=0.0000 real_total=0.0450 synth_eps=0.0294 synth_eps_raw=0.0294 synth_x0_hit=0.0000 synth_total=0.0294 extra_render_attn_share=0.5155
[step 19100] real_p1_mirror_hole_cov=0.0044 real_p1_skipped=1.0000 real_p1_hole_frac=0.3292 real_p2_eps=0.0075 real_p2_hit=0.0000 real_total=0.0075 discr_adv=1.0066 x0_d_real=0.2952 x0_d_fake=0.3084 g_grad_abs=146.3408 d_grad_abs=250.9168 synth_eps=0.0274 synth_eps_raw=0.0274 synth_x0_hit=0.0000 synth_total=0.0274 extra_render_attn_share=0.5155
[step 19150] real_p1_mirror_hole_cov=0.0774 real_p1_skipped=1.0000 real_p1_hole_frac=0.3288 real_p2_eps=0.0309 real_p2_hit=0.0000 real_total=0.0309 discr_adv=0.9936 x0_d_real=-0.3968 x0_d_fake=-0.4096 g_grad_abs=253.9464 d_grad_abs=118.3428 synth_eps=0.0214 synth_eps_raw=0.0214 synth_x0_hit=0.0000 synth_total=0.0214 extra_render_attn_share=0.5155
[step 19200] real_p1_mirror_hole_cov=0.2349 real_p1_skipped=1.0000 real_p1_hole_frac=0.2763 real_p2_eps=0.0253 real_p2_hit=0.0000 real_total=0.0253 synth_eps=0.2693 synth_eps_raw=0.2693 synth_x0_hit=1.0000 synth_x0_t=145.0000 synth_x0_ldif=0.0534 synth_x0_gen_adv=0.3482 synth_x0_lfm=0.0190 synth_total=0.3955 extra_render_attn_share=0.5155
[step 19250] real_p1_mirror_hole_cov=0.0249 real_p1_skipped=1.0000 real_p1_hole_frac=0.3045 real_p2_eps=0.0673 real_p2_hit=0.0000 real_total=0.0673 synth_eps=0.1594 synth_eps_raw=0.1594 synth_x0_hit=0.0000 synth_total=0.1594 extra_render_attn_share=0.5155
[step 19300] real_p1_mirror_hole_cov=0.2103 real_p1_skipped=1.0000 real_p1_hole_frac=0.4528 real_p2_eps=0.0640 real_p2_hit=0.0000 real_total=0.0640 discr_adv=0.9714 x0_d_real=-0.1944 x0_d_fake=-0.2517 g_grad_abs=572.1687 d_grad_abs=2394.6330 synth_eps=0.0105 synth_eps_raw=0.0105 synth_x0_hit=0.0000 synth_total=0.0105 extra_render_attn_share=0.5155
[step 19350] real_p1_mirror_hole_cov=0.0792 real_p1_skipped=1.0000 real_p1_hole_frac=0.1734 real_p2_eps=0.0031 real_p2_hit=0.0000 real_total=0.0031 discr_adv=0.9795 x0_d_real=0.5079 x0_d_fake=0.4669 g_grad_abs=71.5089 d_grad_abs=677.8424 synth_eps=0.0104 synth_eps_raw=0.0104 synth_x0_hit=0.0000 synth_total=0.0104 extra_render_attn_share=0.5155
[step 19400] real_p1_mirror_hole_cov=0.0237 real_p1_skipped=1.0000 real_p1_hole_frac=0.3409 real_p2_eps=0.0248 real_p2_hit=0.0000 real_total=0.0248 synth_eps=0.2341 synth_eps_raw=0.2341 synth_x0_hit=1.0000 synth_x0_t=259.0000 synth_x0_ldif=0.1212 synth_x0_gen_adv=-0.4822 synth_x0_lfm=0.0028 synth_total=0.3127 extra_render_attn_share=0.5155
[step 19450] real_p1_mirror_hole_cov=0.0160 real_p1_skipped=1.0000 real_p1_hole_frac=0.4193 real_p2_eps=0.0213 real_p2_hit=0.0000 real_total=0.0213 discr_adv=0.9979 x0_d_real=-0.0628 x0_d_fake=-0.0671 g_grad_abs=280.0620 d_grad_abs=83.1270 synth_eps=0.6070 synth_eps_raw=0.6070 synth_x0_hit=1.0000 synth_x0_t=26.0000 synth_x0_ldif=0.0151 synth_x0_gen_adv=-0.0249 synth_x0_lfm=0.0007 synth_total=0.6210 extra_render_attn_share=0.5155
[step 19500] real_p1_mirror_hole_cov=0.0038 real_p1_skipped=1.0000 real_p1_hole_frac=0.1514 real_p2_eps=0.0015 real_p2_hit=0.0000 real_total=0.0015 synth_eps=0.0227 synth_eps_raw=0.0227 synth_x0_hit=0.0000 synth_total=0.0227 extra_render_attn_share=0.5155
[images] real: anchor | cond1 | cond2 | inv_warp_mirror | mask | mask_inv | warp_img | warp_warp_img | x | y_hat | y_hat_novel -> /home/xzy/warpgan-diffusiong-inpainting/warpgan-diffusion-inpainting-main/experiments/train_inpainting_diffusion/[20260911-143749]_v18w3_w3d_30k/logs/images/train/real_step0019500.png
[images] synth: cond | mask | target | warp_img | x | y_hat_novel -> /home/xzy/warpgan-diffusiong-inpainting/warpgan-diffusion-inpainting-main/experiments/train_inpainting_diffusion/[20260911-143749]_v18w3_w3d_30k/logs/images/train/synth_step0019500.png
[step 19550] real_p1_mirror_hole_cov=0.1566 real_p1_skipped=1.0000 real_p1_hole_frac=0.1901 real_p2_eps=0.0708 real_p2_hit=0.0000 real_total=0.0708 synth_eps=0.0082 synth_eps_raw=0.0082 synth_x0_hit=0.0000 synth_total=0.0082 extra_render_attn_share=0.5155
[step 19600] real_p1_mirror_hole_cov=0.1676 real_p1_skipped=1.0000 real_p1_hole_frac=0.0157 real_p2_eps=0.0885 real_p2_hit=1.0000 real_p2_t=147.0000 real_p2_ldif=0.0179 real_p2_gen_adv=-0.0792 real_p2_lfm=0.0036 real_total=0.1056 discr_adv=2.0003 x0_d_real=-0.0864 x0_d_fake=-0.1450 p2_d_real=0.0233 p2_d_fake=0.0792 g_grad_abs=1183.1672 d_grad_abs=911.8054 synth_eps=0.2235 synth_eps_raw=0.2235 synth_x0_hit=1.0000 synth_x0_t=214.0000 synth_x0_ldif=0.0819 synth_x0_gen_adv=0.4152 synth_x0_lfm=0.0320 synth_total=0.4110 extra_render_attn_share=0.5155
[step 19650] real_p1_mirror_hole_cov=0.1152 real_p1_skipped=1.0000 real_p1_hole_frac=0.1793 real_p2_eps=0.0220 real_p2_hit=0.0000 real_total=0.0220 synth_eps=0.1366 synth_eps_raw=0.1366 synth_x0_hit=0.0000 synth_total=0.1366 extra_render_attn_share=0.5155
[step 19700] real_p1_mirror_hole_cov=0.0953 real_p1_skipped=1.0000 real_p1_hole_frac=0.2825 real_p2_eps=0.4014 real_p2_hit=1.0000 real_p2_t=54.0000 real_p2_ldif=0.0223 real_p2_gen_adv=-0.1759 real_p2_lfm=0.0013 real_total=0.4087 discr_adv=1.9818 x0_d_real=0.4350 x0_d_fake=0.4085 p2_d_real=0.1857 p2_d_fake=0.1759 g_grad_abs=1105.9868 d_grad_abs=385.3428 synth_eps=0.1074 synth_eps_raw=0.1074 synth_x0_hit=0.0000 synth_total=0.1074 extra_render_attn_share=0.5155
[step 19750] real_p1_mirror_hole_cov=0.1799 real_p1_skipped=1.0000 real_p1_hole_frac=0.2394 real_p2_eps=0.4584 real_p2_hit=1.0000 real_p2_t=30.0000 real_p2_ldif=0.0133 real_p2_gen_adv=-0.5672 real_p2_lfm=0.0007 real_total=0.4163 discr_adv=1.9923 x0_d_real=0.6379 x0_d_fake=0.6257 p2_d_real=0.5703 p2_d_fake=0.5672 g_grad_abs=1207.7115 d_grad_abs=201.1167 synth_eps=0.8287 synth_eps_raw=0.8287 synth_x0_hit=1.0000 synth_x0_t=5.0000 synth_x0_ldif=0.0043 synth_x0_gen_adv=-0.3234 synth_x0_lfm=0.0004 synth_total=0.8015 extra_render_attn_share=0.5155
[step 19800] real_p1_mirror_hole_cov=0.0416 real_p1_skipped=1.0000 real_p1_hole_frac=0.2492 real_p2_eps=0.0019 real_p2_hit=0.0000 real_total=0.0019 discr_adv=0.9912 x0_d_real=-0.0061 x0_d_fake=-0.0255 g_grad_abs=93.4926 d_grad_abs=320.8458 synth_eps=0.0228 synth_eps_raw=0.0228 synth_x0_hit=0.0000 synth_total=0.0228 extra_render_attn_share=0.5155
[step 19850] real_p1_mirror_hole_cov=0.2818 real_p1_skipped=1.0000 real_p1_hole_frac=0.1932 real_p2_eps=0.0091 real_p2_hit=0.0000 real_total=0.0091 synth_eps=0.0429 synth_eps_raw=0.0429 synth_x0_hit=0.0000 synth_total=0.0429 extra_render_attn_share=0.5155
[step 19900] real_p1_mirror_hole_cov=0.3288 real_p1_skipped=1.0000 real_p1_hole_frac=0.0956 real_p2_eps=0.2001 real_p2_hit=1.0000 real_p2_t=101.0000 real_p2_ldif=0.0240 real_p2_gen_adv=-0.4170 real_p2_lfm=0.0011 real_total=0.1846 discr_adv=0.9931 p2_d_real=0.4308 p2_d_fake=0.4170 g_grad_abs=961.7678 d_grad_abs=109.6496 synth_eps=0.5008 synth_eps_raw=0.5008 synth_x0_hit=1.0000 synth_x0_t=57.0000 synth_x0_ldif=0.0296 synth_x0_gen_adv=-0.4580 synth_x0_lfm=0.0065 synth_total=0.4976 extra_render_attn_share=0.5155
[step 19950] real_p1_mirror_hole_cov=0.1157 real_p1_skipped=1.0000 real_p1_hole_frac=0.2015 real_p2_eps=0.0104 real_p2_hit=0.0000 real_total=0.0104 synth_eps=0.3371 synth_eps_raw=0.3371 synth_x0_hit=1.0000 synth_x0_t=160.0000 synth_x0_ldif=0.0773 synth_x0_gen_adv=-0.5245 synth_x0_lfm=0.0030 synth_total=0.3679 extra_render_attn_share=0.5155
[ckpt] saved /home/xzy/warpgan-diffusiong-inpainting/warpgan-diffusion-inpainting-main/experiments/train_inpainting_diffusion/[20260911-143749]_v18w3_w3d_30k/checkpoints/iteration_0019999.pt
[val step 19999] val_novel_full=0.1358 val_novel_hole=0.1378 val_novel_visible=0.1333
[step 20000] real_p1_mirror_hole_cov=0.4488 real_p1_skipped=1.0000 real_p1_hole_frac=0.3982 real_p2_eps=0.0033 real_p2_hit=0.0000 real_total=0.0033 discr_adv=0.9377 x0_d_real=0.0377 x0_d_fake=-0.0868 g_grad_abs=61.9077 d_grad_abs=1060.1293 synth_eps=0.0617 synth_eps_raw=0.0617 synth_x0_hit=0.0000 synth_total=0.0617 extra_render_attn_share=0.5197
[images] real: anchor | cond1 | cond2 | inv_warp_mirror | mask | mask_inv | warp_img | warp_warp_img | x | y_hat | y_hat_novel -> /home/xzy/warpgan-diffusiong-inpainting/warpgan-diffusion-inpainting-main/experiments/train_inpainting_diffusion/[20260911-143749]_v18w3_w3d_30k/logs/images/train/real_step0020000.png
[images] synth: cond | mask | target | warp_img | x | y_hat_novel -> /home/xzy/warpgan-diffusiong-inpainting/warpgan-diffusion-inpainting-main/experiments/train_inpainting_diffusion/[20260911-143749]_v18w3_w3d_30k/logs/images/train/synth_step0020000.png
[step 20050] real_p1_mirror_hole_cov=0.0102 real_p1_skipped=1.0000 real_p1_hole_frac=0.0617 real_p2_eps=0.1540 real_p2_hit=1.0000 real_p2_t=118.0000 real_p2_ldif=0.0228 real_p2_gen_adv=-0.2112 real_p2_lfm=0.0028 real_total=0.1612 discr_adv=1.0217 p2_d_real=0.1678 p2_d_fake=0.2112 g_grad_abs=899.5467 d_grad_abs=657.0785 synth_eps=0.2136 synth_eps_raw=0.2136 synth_x0_hit=1.0000 synth_x0_t=284.0000 synth_x0_ldif=0.1324 synth_x0_gen_adv=0.2927 synth_x0_lfm=0.0140 synth_total=0.4033 extra_render_attn_share=0.5197
[step 20100] real_p1_mirror_hole_cov=0.0569 real_p1_skipped=1.0000 real_p1_hole_frac=0.5609 real_p2_eps=0.0054 real_p2_hit=0.0000 real_total=0.0054 discr_adv=0.9788 x0_d_real=-0.2521 x0_d_fake=-0.2946 g_grad_abs=110.3107 d_grad_abs=407.7617 synth_eps=0.0493 synth_eps_raw=0.0493 synth_x0_hit=0.0000 synth_total=0.0493 extra_render_attn_share=0.5197
[step 20150] real_p1_mirror_hole_cov=0.0109 real_p1_skipped=1.0000 real_p1_hole_frac=0.0660 real_p2_eps=0.0011 real_p2_hit=0.0000 real_total=0.0011 synth_eps=0.0803 synth_eps_raw=0.0803 synth_x0_hit=0.0000 synth_total=0.0803 extra_render_attn_share=0.5197
[step 20200] real_p1_mirror_hole_cov=0.2197 real_p1_skipped=1.0000 real_p1_hole_frac=0.3293 real_p2_eps=0.3044 real_p2_hit=1.0000 real_p2_t=111.0000 real_p2_ldif=0.0414 real_p2_gen_adv=-0.1972 real_p2_lfm=0.0035 real_total=0.3331 discr_adv=0.9934 p2_d_real=0.2103 p2_d_fake=0.1972 g_grad_abs=1250.3099 d_grad_abs=112.0271 synth_eps=0.0774 synth_eps_raw=0.0774 synth_x0_hit=0.0000 synth_total=0.0774 extra_render_attn_share=0.5197
[step 20250] real_p1_mirror_hole_cov=0.0780 real_p1_skipped=1.0000 real_p1_hole_frac=0.1579 real_p2_eps=0.0167 real_p2_hit=0.0000 real_total=0.0167 discr_adv=1.0067 x0_d_real=0.8958 x0_d_fake=0.8963 g_grad_abs=190.1454 d_grad_abs=706.2712 synth_eps=0.0601 synth_eps_raw=0.0601 synth_x0_hit=0.0000 synth_total=0.0601 extra_render_attn_share=0.5197
[step 20300] real_p1_mirror_hole_cov=0.1760 real_p1_skipped=1.0000 real_p1_hole_frac=0.4398 real_p2_eps=0.0023 real_p2_hit=0.0000 real_total=0.0023 synth_eps=0.0115 synth_eps_raw=0.0115 synth_x0_hit=0.0000 synth_total=0.0115 extra_render_attn_share=0.5197
[step 20350] real_p1_mirror_hole_cov=0.1025 real_p1_skipped=1.0000 real_p1_hole_frac=0.3503 real_p2_eps=0.0020 real_p2_hit=0.0000 real_total=0.0020 discr_adv=0.9910 x0_d_real=0.5772 x0_d_fake=0.5569 g_grad_abs=44.9922 d_grad_abs=304.0460 synth_eps=0.3950 synth_eps_raw=0.3950 synth_x0_hit=1.0000 synth_x0_t=90.0000 synth_x0_ldif=0.0408 synth_x0_gen_adv=-0.0527 synth_x0_lfm=0.0048 synth_total=0.4401 extra_render_attn_share=0.5197
[step 20400] real_p1_mirror_hole_cov=0.0312 real_p1_skipped=1.0000 real_p1_hole_frac=0.5060 real_p2_eps=0.1065 real_p2_hit=0.0000 real_total=0.1065 synth_eps=0.0347 synth_eps_raw=0.0347 synth_x0_hit=0.0000 synth_total=0.0347 extra_render_attn_share=0.5197
[step 20450] real_p1_mirror_hole_cov=0.1425 real_p1_skipped=1.0000 real_p1_hole_frac=0.2332 real_p2_eps=0.7166 real_p2_hit=1.0000 real_p2_t=6.0000 real_p2_ldif=0.0043 real_p2_gen_adv=-0.1212 real_p2_lfm=0.0004 real_total=0.7096 discr_adv=0.9954 p2_d_real=0.1305 p2_d_fake=0.1212 g_grad_abs=1183.3249 d_grad_abs=102.4982 synth_eps=0.0635 synth_eps_raw=0.0635 synth_x0_hit=0.0000 synth_total=0.0635 extra_render_attn_share=0.5197
[step 20500] real_p1_mirror_hole_cov=0.0508 real_p1_skipped=1.0000 real_p1_hole_frac=0.0847 real_p2_eps=0.0315 real_p2_hit=0.0000 real_total=0.0315 synth_eps=0.0110 synth_eps_raw=0.0110 synth_x0_hit=0.0000 synth_total=0.0110 extra_render_attn_share=0.5197
[images] real: anchor | cond1 | cond2 | inv_warp_mirror | mask | mask_inv | warp_img | warp_warp_img | x | y_hat | y_hat_novel -> /home/xzy/warpgan-diffusiong-inpainting/warpgan-diffusion-inpainting-main/experiments/train_inpainting_diffusion/[20260911-143749]_v18w3_w3d_30k/logs/images/train/real_step0020500.png
[images] synth: cond | mask | target | warp_img | x | y_hat_novel -> /home/xzy/warpgan-diffusiong-inpainting/warpgan-diffusion-inpainting-main/experiments/train_inpainting_diffusion/[20260911-143749]_v18w3_w3d_30k/logs/images/train/synth_step0020500.png
[step 20550] real_p1_mirror_hole_cov=0.0104 real_p1_skipped=1.0000 real_p1_hole_frac=0.2277 real_p2_eps=0.0092 real_p2_hit=0.0000 real_total=0.0092 discr_adv=0.9762 x0_d_real=0.3696 x0_d_fake=0.3220 g_grad_abs=160.1048 d_grad_abs=362.9362 synth_eps=0.0059 synth_eps_raw=0.0059 synth_x0_hit=0.0000 synth_total=0.0059 extra_render_attn_share=0.5197
[step 20600] real_p1_mirror_hole_cov=0.2605 real_p1_skipped=1.0000 real_p1_hole_frac=0.4914 real_p2_eps=0.1264 real_p2_hit=0.0000 real_total=0.1264 synth_eps=0.0083 synth_eps_raw=0.0083 synth_x0_hit=0.0000 synth_total=0.0083 extra_render_attn_share=0.5197
[step 20650] real_p1_mirror_hole_cov=0.0283 real_p1_skipped=1.0000 real_p1_hole_frac=0.3505 real_p2_eps=0.0373 real_p2_hit=0.0000 real_total=0.0373 discr_adv=0.9512 x0_d_real=-0.1020 x0_d_fake=-0.1997 g_grad_abs=306.4723 d_grad_abs=839.9554 synth_eps=0.0106 synth_eps_raw=0.0106 synth_x0_hit=0.0000 synth_total=0.0106 extra_render_attn_share=0.5197
[step 20700] real_p1_mirror_hole_cov=0.1948 real_p1_skipped=1.0000 real_p1_hole_frac=0.6054 real_p2_eps=0.1578 real_p2_hit=0.0000 real_total=0.1578 synth_eps=0.0034 synth_eps_raw=0.0034 synth_x0_hit=0.0000 synth_total=0.0034 extra_render_attn_share=0.5197
[step 20750] real_p1_mirror_hole_cov=0.1308 real_p1_skipped=1.0000 real_p1_hole_frac=0.3596 real_p2_eps=0.0303 real_p2_hit=0.0000 real_total=0.0303 discr_adv=1.0083 x0_d_real=-0.3396 x0_d_fake=-0.3230 g_grad_abs=172.6502 d_grad_abs=284.5533 synth_eps=0.0452 synth_eps_raw=0.0452 synth_x0_hit=0.0000 synth_total=0.0452 extra_render_attn_share=0.5197
[step 20800] real_p1_mirror_hole_cov=0.0312 real_p1_skipped=1.0000 real_p1_hole_frac=0.0240 real_p2_eps=0.1352 real_p2_hit=1.0000 real_p2_t=116.0000 real_p2_ldif=0.0195 real_p2_gen_adv=-0.7969 real_p2_lfm=0.0007 real_total=0.0765 discr_adv=1.0032 p2_d_real=0.7905 p2_d_fake=0.7969 g_grad_abs=752.8671 d_grad_abs=117.6230 synth_eps=0.3472 synth_eps_raw=0.3472 synth_x0_hit=1.0000 synth_x0_t=164.0000 synth_x0_ldif=0.0826 synth_x0_gen_adv=-0.7648 synth_x0_lfm=0.0045 synth_total=0.3623 extra_render_attn_share=0.5197
[step 20850] real_p1_mirror_hole_cov=0.0273 real_p1_skipped=1.0000 real_p1_hole_frac=0.0972 real_p2_eps=0.0083 real_p2_hit=0.0000 real_total=0.0083 synth_eps=0.0019 synth_eps_raw=0.0019 synth_x0_hit=0.0000 synth_total=0.0019 extra_render_attn_share=0.5197
[step 20900] real_p1_mirror_hole_cov=0.3991 real_p1_skipped=1.0000 real_p1_hole_frac=0.1690 real_p2_eps=0.0039 real_p2_hit=0.0000 real_total=0.0039 synth_eps=0.0186 synth_eps_raw=0.0186 synth_x0_hit=0.0000 synth_total=0.0186 extra_render_attn_share=0.5197
[step 20950] real_p1_mirror_hole_cov=0.0257 real_p1_skipped=1.0000 real_p1_hole_frac=0.2456 real_p2_eps=0.1662 real_p2_hit=1.0000 real_p2_t=231.0000 real_p2_ldif=0.0696 real_p2_gen_adv=-0.2157 real_p2_lfm=0.0141 real_total=0.2425 discr_adv=1.0236 p2_d_real=0.1685 p2_d_fake=0.2157 g_grad_abs=4187.2698 d_grad_abs=993.3650 synth_eps=0.0054 synth_eps_raw=0.0054 synth_x0_hit=0.0000 synth_total=0.0054 extra_render_attn_share=0.5197
[step 21000] real_p1_mirror_hole_cov=0.0866 real_p1_skipped=1.0000 real_p1_hole_frac=0.4422 real_p2_eps=0.5469 real_p2_hit=1.0000 real_p2_t=30.0000 real_p2_ldif=0.0159 real_p2_gen_adv=-0.4330 real_p2_lfm=0.0015 real_total=0.5224 discr_adv=0.9964 p2_d_real=0.4402 p2_d_fake=0.4330 g_grad_abs=1072.5895 d_grad_abs=107.5938 synth_eps=0.0323 synth_eps_raw=0.0323 synth_x0_hit=0.0000 synth_total=0.0323 extra_render_attn_share=0.5197
[images] real: anchor | cond1 | cond2 | inv_warp_mirror | mask | mask_inv | warp_img | warp_warp_img | x | y_hat | y_hat_novel -> /home/xzy/warpgan-diffusiong-inpainting/warpgan-diffusion-inpainting-main/experiments/train_inpainting_diffusion/[20260911-143749]_v18w3_w3d_30k/logs/images/train/real_step0021000.png
[images] synth: cond | mask | target | warp_img | x | y_hat_novel -> /home/xzy/warpgan-diffusiong-inpainting/warpgan-diffusion-inpainting-main/experiments/train_inpainting_diffusion/[20260911-143749]_v18w3_w3d_30k/logs/images/train/synth_step0021000.png
[step 21050] real_p1_mirror_hole_cov=0.0679 real_p1_skipped=1.0000 real_p1_hole_frac=0.1535 real_p2_eps=0.0838 real_p2_hit=0.0000 real_total=0.0838 synth_eps=0.0022 synth_eps_raw=0.0022 synth_x0_hit=0.0000 synth_total=0.0022 extra_render_attn_share=0.5197
[step 21100] real_p1_mirror_hole_cov=0.2085 real_p1_skipped=1.0000 real_p1_hole_frac=0.3619 real_p2_eps=0.0031 real_p2_hit=0.0000 real_total=0.0031 synth_eps=0.1897 synth_eps_raw=0.1897 synth_x0_hit=1.0000 synth_x0_t=269.0000 synth_x0_ldif=0.1056 synth_x0_gen_adv=0.1371 synth_x0_lfm=0.1993 synth_total=0.7076 extra_render_attn_share=0.5197
[step 21150] real_p1_mirror_hole_cov=0.0164 real_p1_skipped=1.0000 real_p1_hole_frac=0.1660 real_p2_eps=0.0276 real_p2_hit=0.0000 real_total=0.0276 discr_adv=0.9994 x0_d_real=0.5825 x0_d_fake=0.5813 g_grad_abs=201.4685 d_grad_abs=10.3580 synth_eps=0.0157 synth_eps_raw=0.0157 synth_x0_hit=0.0000 synth_total=0.0157 extra_render_attn_share=0.5197
[step 21200] real_p1_mirror_hole_cov=0.0479 real_p1_skipped=1.0000 real_p1_hole_frac=0.3982 real_p2_eps=0.0541 real_p2_hit=0.0000 real_total=0.0541 synth_eps=0.1362 synth_eps_raw=0.1362 synth_x0_hit=1.0000 synth_x0_t=286.0000 synth_x0_ldif=0.0856 synth_x0_gen_adv=-0.4585 synth_x0_lfm=0.0073 synth_total=0.1905 extra_render_attn_share=0.5197
[step 21250] real_p1_mirror_hole_cov=0.0282 real_p1_skipped=1.0000 real_p1_hole_frac=0.1614 real_p2_eps=0.0717 real_p2_hit=0.0000 real_total=0.0717 discr_adv=0.9708 x0_d_real=0.2643 x0_d_fake=0.2022 g_grad_abs=442.0086 d_grad_abs=506.3275 synth_eps=0.1853 synth_eps_raw=0.1853 synth_x0_hit=1.0000 synth_x0_t=235.0000 synth_x0_ldif=0.0801 synth_x0_gen_adv=-0.3166 synth_x0_lfm=0.0032 synth_total=0.2401 extra_render_attn_share=0.5197
[step 21300] real_p1_mirror_hole_cov=0.1487 real_p1_skipped=1.0000 real_p1_hole_frac=0.1733 real_p2_eps=0.0386 real_p2_hit=0.0000 real_total=0.0386 discr_adv=0.9963 x0_d_real=0.2540 x0_d_fake=0.2467 g_grad_abs=286.0236 d_grad_abs=47.8233 synth_eps=0.1045 synth_eps_raw=0.1045 synth_x0_hit=0.0000 synth_total=0.1045 extra_render_attn_share=0.5197
[step 21350] real_p1_mirror_hole_cov=0.0774 real_p1_skipped=1.0000 real_p1_hole_frac=0.0800 real_p2_eps=0.1211 real_p2_hit=1.0000 real_p2_t=173.0000 real_p2_ldif=0.0313 real_p2_gen_adv=0.1276 real_p2_lfm=0.0029 real_total=0.1709 discr_adv=0.9987 p2_d_real=-0.1231 p2_d_fake=-0.1276 g_grad_abs=1082.7060 d_grad_abs=246.9738 synth_eps=0.1828 synth_eps_raw=0.1828 synth_x0_hit=0.0000 synth_total=0.1828 extra_render_attn_share=0.5197
[step 21400] real_p1_mirror_hole_cov=0.1558 real_p1_skipped=1.0000 real_p1_hole_frac=0.4077 real_p2_eps=0.5259 real_p2_hit=1.0000 real_p2_t=21.0000 real_p2_ldif=0.0105 real_p2_gen_adv=0.0171 real_p2_lfm=0.0007 real_total=0.5397 discr_adv=0.9963 p2_d_real=-0.0097 p2_d_fake=-0.0171 g_grad_abs=1131.2954 d_grad_abs=64.7099 synth_eps=0.0570 synth_eps_raw=0.0570 synth_x0_hit=0.0000 synth_total=0.0570 extra_render_attn_share=0.5197
[step 21450] real_p1_mirror_hole_cov=0.1490 real_p1_skipped=1.0000 real_p1_hole_frac=0.1459 real_p2_eps=0.1350 real_p2_hit=1.0000 real_p2_t=233.0000 real_p2_ldif=0.0574 real_p2_gen_adv=-0.3663 real_p2_lfm=0.0281 real_total=0.2120 discr_adv=0.9614 p2_d_real=0.4452 p2_d_fake=0.3663 g_grad_abs=6154.4306 d_grad_abs=843.5925 synth_eps=0.6893 synth_eps_raw=0.6893 synth_x0_hit=1.0000 synth_x0_t=21.0000 synth_x0_ldif=0.0138 synth_x0_gen_adv=-0.1413 synth_x0_lfm=0.0054 synth_total=0.6998 extra_render_attn_share=0.5197
[step 21500] real_p1_mirror_hole_cov=0.2171 real_p1_skipped=1.0000 real_p1_hole_frac=0.2230 real_p2_eps=0.0794 real_p2_hit=0.0000 real_total=0.0794 discr_adv=1.0000 x0_d_real=0.5068 x0_d_fake=0.5068 g_grad_abs=626.1638 d_grad_abs=150.4819 synth_eps=0.4509 synth_eps_raw=0.4509 synth_x0_hit=1.0000 synth_x0_t=115.0000 synth_x0_ldif=0.0643 synth_x0_gen_adv=-0.4744 synth_x0_lfm=0.0028 synth_total=0.4733 extra_render_attn_share=0.5197
[images] real: anchor | cond1 | cond2 | inv_warp_mirror | mask | mask_inv | warp_img | warp_warp_img | x | y_hat | y_hat_novel -> /home/xzy/warpgan-diffusiong-inpainting/warpgan-diffusion-inpainting-main/experiments/train_inpainting_diffusion/[20260911-143749]_v18w3_w3d_30k/logs/images/train/real_step0021500.png
[images] synth: cond | mask | target | warp_img | x | y_hat_novel -> /home/xzy/warpgan-diffusiong-inpainting/warpgan-diffusion-inpainting-main/experiments/train_inpainting_diffusion/[20260911-143749]_v18w3_w3d_30k/logs/images/train/synth_step0021500.png
[step 21550] real_p1_mirror_hole_cov=0.0618 real_p1_skipped=1.0000 real_p1_hole_frac=0.4299 real_p2_eps=0.1875 real_p2_hit=1.0000 real_p2_t=214.0000 real_p2_ldif=0.0687 real_p2_gen_adv=0.1907 real_p2_lfm=0.0068 real_total=0.2888 discr_adv=1.0012 p2_d_real=-0.1931 p2_d_fake=-0.1907 g_grad_abs=1420.0780 d_grad_abs=130.3205 synth_eps=0.0242 synth_eps_raw=0.0242 synth_x0_hit=0.0000 synth_total=0.0242 extra_render_attn_share=0.5197
[step 21600] real_p1_mirror_hole_cov=0.1539 real_p1_skipped=1.0000 real_p1_hole_frac=0.3220 real_p2_eps=0.6369 real_p2_hit=1.0000 real_p2_t=15.0000 real_p2_ldif=0.0091 real_p2_gen_adv=0.0219 real_p2_lfm=0.0004 real_total=0.6490 discr_adv=0.9974 p2_d_real=-0.0167 p2_d_fake=-0.0219 g_grad_abs=1274.6069 d_grad_abs=58.9668 synth_eps=0.4374 synth_eps_raw=0.4374 synth_x0_hit=1.0000 synth_x0_t=117.0000 synth_x0_ldif=0.0639 synth_x0_gen_adv=-0.0655 synth_x0_lfm=0.0170 synth_total=0.5288 extra_render_attn_share=0.5197
[step 21650] real_p1_mirror_hole_cov=0.0028 real_p1_skipped=1.0000 real_p1_hole_frac=0.3384 real_p2_eps=0.0062 real_p2_hit=0.0000 real_total=0.0062 synth_eps=0.0603 synth_eps_raw=0.0603 synth_x0_hit=0.0000 synth_total=0.0603 extra_render_attn_share=0.5197
[step 21700] real_p1_mirror_hole_cov=0.0390 real_p1_skipped=1.0000 real_p1_hole_frac=0.5735 real_p2_eps=0.0211 real_p2_hit=0.0000 real_total=0.0211 synth_eps=0.0480 synth_eps_raw=0.0480 synth_x0_hit=0.0000 synth_total=0.0480 extra_render_attn_share=0.5197
[step 21750] real_p1_mirror_hole_cov=0.0258 real_p1_skipped=1.0000 real_p1_hole_frac=0.3404 real_p2_eps=0.0084 real_p2_hit=0.0000 real_total=0.0084 synth_eps=0.1035 synth_eps_raw=0.1035 synth_x0_hit=0.0000 synth_total=0.1035 extra_render_attn_share=0.5197
[step 21800] real_p1_mirror_hole_cov=0.0547 real_p1_skipped=1.0000 real_p1_hole_frac=0.3963 real_p2_eps=0.3992 real_p2_hit=1.0000 real_p2_t=47.0000 real_p2_ldif=0.0189 real_p2_gen_adv=-0.3517 real_p2_lfm=0.0006 real_total=0.3842 discr_adv=0.9897 p2_d_real=0.3723 p2_d_fake=0.3517 g_grad_abs=989.2919 d_grad_abs=221.1777 synth_eps=0.0058 synth_eps_raw=0.0058 synth_x0_hit=0.0000 synth_total=0.0058 extra_render_attn_share=0.5197
[step 21850] real_p1_mirror_hole_cov=0.0774 real_p1_skipped=1.0000 real_p1_hole_frac=0.3947 real_p2_eps=0.0173 real_p2_hit=0.0000 real_total=0.0173 discr_adv=1.0041 x0_d_real=0.6924 x0_d_fake=0.7003 g_grad_abs=188.6682 d_grad_abs=118.4514 synth_eps=0.0359 synth_eps_raw=0.0359 synth_x0_hit=0.0000 synth_total=0.0359 extra_render_attn_share=0.5197
[step 21900] real_p1_mirror_hole_cov=0.0064 real_p1_skipped=1.0000 real_p1_hole_frac=0.1904 real_p2_eps=0.1546 real_p2_hit=1.0000 real_p2_t=162.0000 real_p2_ldif=0.0361 real_p2_gen_adv=-0.0400 real_p2_lfm=0.0021 real_total=0.1910 discr_adv=1.0044 p2_d_real=0.0312 p2_d_fake=0.0400 g_grad_abs=975.1748 d_grad_abs=380.0903 synth_eps=0.0111 synth_eps_raw=0.0111 synth_x0_hit=0.0000 synth_total=0.0111 extra_render_attn_share=0.5197
[step 21950] real_p1_mirror_hole_cov=0.0184 real_p1_skipped=1.0000 real_p1_hole_frac=0.4286 real_p2_eps=0.2887 real_p2_hit=1.0000 real_p2_t=123.0000 real_p2_ldif=0.0452 real_p2_gen_adv=0.5176 real_p2_lfm=0.0118 real_total=0.4092 discr_adv=0.9785 p2_d_real=-0.4716 p2_d_fake=-0.5176 g_grad_abs=2378.2306 d_grad_abs=625.1947 synth_eps=0.0024 synth_eps_raw=0.0024 synth_x0_hit=0.0000 synth_total=0.0024 extra_render_attn_share=0.5197
[val step 21999] val_novel_full=0.0598 val_novel_hole=0.0917 val_novel_visible=0.0519
[step 22000] real_p1_mirror_hole_cov=0.3412 real_p1_skipped=1.0000 real_p1_hole_frac=0.3984 real_p2_eps=0.0291 real_p2_hit=0.0000 real_total=0.0291 discr_adv=1.0014 x0_d_real=-0.5550 x0_d_fake=-0.5522 g_grad_abs=273.4841 d_grad_abs=248.9898 synth_eps=0.0234 synth_eps_raw=0.0234 synth_x0_hit=0.0000 synth_total=0.0234 extra_render_attn_share=0.5220
[images] real: anchor | cond1 | cond2 | inv_warp_mirror | mask | mask_inv | warp_img | warp_warp_img | x | y_hat | y_hat_novel -> /home/xzy/warpgan-diffusiong-inpainting/warpgan-diffusion-inpainting-main/experiments/train_inpainting_diffusion/[20260911-143749]_v18w3_w3d_30k/logs/images/train/real_step0022000.png
[images] synth: cond | mask | target | warp_img | x | y_hat_novel -> /home/xzy/warpgan-diffusiong-inpainting/warpgan-diffusion-inpainting-main/experiments/train_inpainting_diffusion/[20260911-143749]_v18w3_w3d_30k/logs/images/train/synth_step0022000.png
[step 22050] real_p1_mirror_hole_cov=0.0225 real_p1_skipped=1.0000 real_p1_hole_frac=0.3347 real_p2_eps=0.0524 real_p2_hit=0.0000 real_total=0.0524 synth_eps=0.3786 synth_eps_raw=0.3786 synth_x0_hit=1.0000 synth_x0_t=86.0000 synth_x0_ldif=0.0369 synth_x0_gen_adv=0.4923 synth_x0_lfm=0.0134 synth_total=0.4915 extra_render_attn_share=0.5220
[step 22100] real_p1_mirror_hole_cov=0.0759 real_p1_skipped=1.0000 real_p1_hole_frac=0.1730 real_p2_eps=0.1157 real_p2_hit=0.0000 real_total=0.1157 synth_eps=0.0112 synth_eps_raw=0.0112 synth_x0_hit=0.0000 synth_total=0.0112 extra_render_attn_share=0.5220
[step 22150] real_p1_mirror_hole_cov=0.1554 real_p1_skipped=1.0000 real_p1_hole_frac=0.1897 real_p2_eps=0.1247 real_p2_hit=1.0000 real_p2_t=237.0000 real_p2_ldif=0.0550 real_p2_gen_adv=0.5116 real_p2_lfm=0.0085 real_total=0.2479 discr_adv=1.9815 x0_d_real=-0.6194 x0_d_fake=-0.6336 p2_d_real=-0.4889 p2_d_fake=-0.5116 g_grad_abs=1550.6246 d_grad_abs=273.7710 synth_eps=0.1800 synth_eps_raw=0.1800 synth_x0_hit=1.0000 synth_x0_t=245.0000 synth_x0_ldif=0.0839 synth_x0_gen_adv=0.4401 synth_x0_lfm=0.0224 synth_total=0.3527 extra_render_attn_share=0.5220
[step 22200] real_p1_mirror_hole_cov=0.2232 real_p1_skipped=1.0000 real_p1_hole_frac=0.1306 real_p2_eps=0.1498 real_p2_hit=1.0000 real_p2_t=167.0000 real_p2_ldif=0.0367 real_p2_gen_adv=0.5311 real_p2_lfm=0.0075 real_total=0.2546 discr_adv=2.0292 x0_d_real=-0.4074 x0_d_fake=-0.3706 p2_d_real=-0.5526 p2_d_fake=-0.5311 g_grad_abs=1558.8098 d_grad_abs=513.9434 synth_eps=0.0087 synth_eps_raw=0.0087 synth_x0_hit=0.0000 synth_total=0.0087 extra_render_attn_share=0.5220
[step 22250] real_p1_mirror_hole_cov=0.1855 real_p1_skipped=1.0000 real_p1_hole_frac=0.0941 real_p2_eps=0.0146 real_p2_hit=0.0000 real_total=0.0146 discr_adv=1.0002 x0_d_real=0.4475 x0_d_fake=0.4479 g_grad_abs=279.7566 d_grad_abs=75.8340 synth_eps=0.0032 synth_eps_raw=0.0032 synth_x0_hit=0.0000 synth_total=0.0032 extra_render_attn_share=0.5220
[step 22300] real_p1_mirror_hole_cov=0.1275 real_p1_skipped=1.0000 real_p1_hole_frac=0.2700 real_p2_eps=0.1986 real_p2_hit=1.0000 real_p2_t=153.0000 real_p2_ldif=0.0425 real_p2_gen_adv=-0.2088 real_p2_lfm=0.0070 real_total=0.2342 discr_adv=1.9904 x0_d_real=0.2977 x0_d_fake=0.2852 p2_d_real=0.2154 p2_d_fake=0.2088 g_grad_abs=1632.2824 d_grad_abs=123.9056 synth_eps=0.2879 synth_eps_raw=0.2879 synth_x0_hit=1.0000 synth_x0_t=169.0000 synth_x0_ldif=0.0718 synth_x0_gen_adv=-0.2026 synth_x0_lfm=0.0073 synth_total=0.3540 extra_render_attn_share=0.5220
[step 22350] real_p1_mirror_hole_cov=0.0366 real_p1_skipped=1.0000 real_p1_hole_frac=0.0773 real_p2_eps=0.0880 real_p2_hit=1.0000 real_p2_t=219.0000 real_p2_ldif=0.0335 real_p2_gen_adv=0.1410 real_p2_lfm=0.0065 real_total=0.1485 discr_adv=1.0017 p2_d_real=-0.1444 p2_d_fake=-0.1410 g_grad_abs=1905.9795 d_grad_abs=224.8119 synth_eps=0.0245 synth_eps_raw=0.0245 synth_x0_hit=0.0000 synth_total=0.0245 extra_render_attn_share=0.5220
[step 22400] real_p1_mirror_hole_cov=0.1003 real_p1_skipped=1.0000 real_p1_hole_frac=0.1452 real_p2_eps=0.0154 real_p2_hit=0.0000 real_total=0.0154 discr_adv=0.9926 x0_d_real=0.4128 x0_d_fake=0.3979 g_grad_abs=170.3231 d_grad_abs=260.9096 synth_eps=0.1225 synth_eps_raw=0.1225 synth_x0_hit=0.0000 synth_total=0.1225 extra_render_attn_share=0.5220
[step 22450] real_p1_mirror_hole_cov=0.1133 real_p1_skipped=1.0000 real_p1_hole_frac=0.1675 real_p2_eps=0.0042 real_p2_hit=0.0000 real_total=0.0042 synth_eps=0.2512 synth_eps_raw=0.2512 synth_x0_hit=1.0000 synth_x0_t=218.0000 synth_x0_ldif=0.0950 synth_x0_gen_adv=-0.0345 synth_x0_lfm=0.0540 synth_total=0.4507 extra_render_attn_share=0.5220
[step 22500] real_p1_mirror_hole_cov=0.0851 real_p1_skipped=1.0000 real_p1_hole_frac=0.2463 real_p2_eps=0.0209 real_p2_hit=0.0000 real_total=0.0209 synth_eps=0.0491 synth_eps_raw=0.0491 synth_x0_hit=0.0000 synth_total=0.0491 extra_render_attn_share=0.5220
[images] real: anchor | cond1 | cond2 | inv_warp_mirror | mask | mask_inv | warp_img | warp_warp_img | x | y_hat | y_hat_novel -> /home/xzy/warpgan-diffusiong-inpainting/warpgan-diffusion-inpainting-main/experiments/train_inpainting_diffusion/[20260911-143749]_v18w3_w3d_30k/logs/images/train/real_step0022500.png
[images] synth: cond | mask | target | warp_img | x | y_hat_novel -> /home/xzy/warpgan-diffusiong-inpainting/warpgan-diffusion-inpainting-main/experiments/train_inpainting_diffusion/[20260911-143749]_v18w3_w3d_30k/logs/images/train/synth_step0022500.png
[step 22550] real_p1_mirror_hole_cov=0.1379 real_p1_skipped=1.0000 real_p1_hole_frac=0.3225 real_p2_eps=0.2319 real_p2_hit=1.0000 real_p2_t=159.0000 real_p2_ldif=0.0527 real_p2_gen_adv=-0.1831 real_p2_lfm=0.2209 real_total=0.7080 discr_adv=1.9623 x0_d_real=-0.4848 x0_d_fake=-0.5340 p2_d_real=0.2129 p2_d_fake=0.1831 g_grad_abs=27214.5605 d_grad_abs=2126.0302 synth_eps=0.0020 synth_eps_raw=0.0020 synth_x0_hit=0.0000 synth_total=0.0020 extra_render_attn_share=0.5220
[step 22600] real_p1_mirror_hole_cov=0.1459 real_p1_skipped=1.0000 real_p1_hole_frac=0.2253 real_p2_eps=0.0040 real_p2_hit=0.0000 real_total=0.0040 synth_eps=0.2494 synth_eps_raw=0.2494 synth_x0_hit=1.0000 synth_x0_t=220.0000 synth_x0_ldif=0.0959 synth_x0_gen_adv=0.3193 synth_x0_lfm=0.0680 synth_total=0.5133 extra_render_attn_share=0.5220
[step 22650] real_p1_mirror_hole_cov=0.0039 real_p1_skipped=1.0000 real_p1_hole_frac=0.3459 real_p2_eps=0.2710 real_p2_hit=1.0000 real_p2_t=162.0000 real_p2_ldif=0.0633 real_p2_gen_adv=-0.4910 real_p2_lfm=0.0168 real_total=0.3188 discr_adv=1.0040 p2_d_real=0.4834 p2_d_fake=0.4910 g_grad_abs=2733.2780 d_grad_abs=191.7646 synth_eps=0.2442 synth_eps_raw=0.2442 synth_x0_hit=1.0000 synth_x0_t=195.0000 synth_x0_ldif=0.0766 synth_x0_gen_adv=0.0508 synth_x0_lfm=0.0130 synth_total=0.3519 extra_render_attn_share=0.5220
[step 22700] real_p1_mirror_hole_cov=0.0669 real_p1_skipped=1.0000 real_p1_hole_frac=0.1647 real_p2_eps=0.0262 real_p2_hit=0.0000 real_total=0.0262 synth_eps=0.0765 synth_eps_raw=0.0765 synth_x0_hit=0.0000 synth_total=0.0765 extra_render_attn_share=0.5220
[step 22750] real_p1_mirror_hole_cov=0.1626 real_p1_skipped=1.0000 real_p1_hole_frac=0.1231 real_p2_eps=0.0086 real_p2_hit=0.0000 real_total=0.0086 synth_eps=0.7162 synth_eps_raw=0.7162 synth_x0_hit=1.0000 synth_x0_t=12.0000 synth_x0_ldif=0.0082 synth_x0_gen_adv=0.3106 synth_x0_lfm=0.0013 synth_total=0.7580 extra_render_attn_share=0.5220
[step 22800] real_p1_mirror_hole_cov=0.0527 real_p1_skipped=1.0000 real_p1_hole_frac=0.3183 real_p2_eps=0.0693 real_p2_hit=0.0000 real_total=0.0693 discr_adv=0.9899 x0_d_real=-0.3281 x0_d_fake=-0.3483 g_grad_abs=435.5172 d_grad_abs=155.9826 synth_eps=0.0035 synth_eps_raw=0.0035 synth_x0_hit=0.0000 synth_total=0.0035 extra_render_attn_share=0.5220
[step 22850] real_p1_mirror_hole_cov=0.2841 real_p1_skipped=1.0000 real_p1_hole_frac=0.2369 real_p2_eps=0.1160 real_p2_hit=0.0000 real_total=0.1160 discr_adv=0.9982 x0_d_real=-0.1106 x0_d_fake=-0.1141 g_grad_abs=617.0672 d_grad_abs=15.5537 synth_eps=0.0018 synth_eps_raw=0.0018 synth_x0_hit=0.0000 synth_total=0.0018 extra_render_attn_share=0.5220
[step 22900] real_p1_mirror_hole_cov=0.0013 real_p1_skipped=1.0000 real_p1_hole_frac=0.2394 real_p2_eps=0.0208 real_p2_hit=0.0000 real_total=0.0208 synth_eps=0.0078 synth_eps_raw=0.0078 synth_x0_hit=0.0000 synth_total=0.0078 extra_render_attn_share=0.5220
[step 22950] real_p1_mirror_hole_cov=0.0055 real_p1_skipped=1.0000 real_p1_hole_frac=0.1203 real_p2_eps=0.0011 real_p2_hit=0.0000 real_total=0.0011 synth_eps=0.1380 synth_eps_raw=0.1380 synth_x0_hit=0.0000 synth_total=0.1380 extra_render_attn_share=0.5220
[step 23000] real_p1_mirror_hole_cov=0.0426 real_p1_skipped=1.0000 real_p1_hole_frac=0.0553 real_p2_eps=0.0012 real_p2_hit=0.0000 real_total=0.0012 synth_eps=0.3045 synth_eps_raw=0.3045 synth_x0_hit=1.0000 synth_x0_t=192.0000 synth_x0_ldif=0.0930 synth_x0_gen_adv=0.5521 synth_x0_lfm=0.0084 synth_total=0.4696 extra_render_attn_share=0.5220
[images] real: anchor | cond1 | cond2 | inv_warp_mirror | mask | mask_inv | warp_img | warp_warp_img | x | y_hat | y_hat_novel -> /home/xzy/warpgan-diffusiong-inpainting/warpgan-diffusion-inpainting-main/experiments/train_inpainting_diffusion/[20260911-143749]_v18w3_w3d_30k/logs/images/train/real_step0023000.png
[images] synth: cond | mask | target | warp_img | x | y_hat_novel -> /home/xzy/warpgan-diffusiong-inpainting/warpgan-diffusion-inpainting-main/experiments/train_inpainting_diffusion/[20260911-143749]_v18w3_w3d_30k/logs/images/train/synth_step0023000.png
[step 23050] real_p1_mirror_hole_cov=0.1927 real_p1_skipped=1.0000 real_p1_hole_frac=0.1591 real_p2_eps=0.0132 real_p2_hit=0.0000 real_total=0.0132 discr_adv=0.9908 x0_d_real=0.0107 x0_d_fake=-0.0077 g_grad_abs=161.0836 d_grad_abs=125.6439 synth_eps=0.1602 synth_eps_raw=0.1602 synth_x0_hit=1.0000 synth_x0_t=256.0000 synth_x0_ldif=0.0813 synth_x0_gen_adv=-0.0585 synth_x0_lfm=0.0158 synth_total=0.2672 extra_render_attn_share=0.5220
[step 23100] real_p1_mirror_hole_cov=0.4559 real_p1_skipped=1.0000 real_p1_hole_frac=0.0407 real_p2_eps=0.0048 real_p2_hit=0.0000 real_total=0.0048 synth_eps=0.0050 synth_eps_raw=0.0050 synth_x0_hit=0.0000 synth_total=0.0050 extra_render_attn_share=0.5220
[step 23150] real_p1_mirror_hole_cov=0.0870 real_p1_skipped=1.0000 real_p1_hole_frac=0.0839 real_p2_eps=0.4131 real_p2_hit=1.0000 real_p2_t=28.0000 real_p2_ldif=0.0111 real_p2_gen_adv=-0.1808 real_p2_lfm=0.0009 real_total=0.4079 discr_adv=1.0017 p2_d_real=0.1773 p2_d_fake=0.1808 g_grad_abs=1103.2378 d_grad_abs=77.5636 synth_eps=0.0195 synth_eps_raw=0.0195 synth_x0_hit=0.0000 synth_total=0.0195 extra_render_attn_share=0.5220
[step 23200] real_p1_mirror_hole_cov=0.1393 real_p1_skipped=1.0000 real_p1_hole_frac=0.0992 real_p2_eps=0.0473 real_p2_hit=0.0000 real_total=0.0473 synth_eps=0.1035 synth_eps_raw=0.1035 synth_x0_hit=0.0000 synth_total=0.1035 extra_render_attn_share=0.5220
[step 23250] real_p1_mirror_hole_cov=0.0101 real_p1_skipped=1.0000 real_p1_hole_frac=0.2832 real_p2_eps=0.0702 real_p2_hit=0.0000 real_total=0.0702 synth_eps=0.4359 synth_eps_raw=0.4359 synth_x0_hit=1.0000 synth_x0_t=111.0000 synth_x0_ldif=0.0592 synth_x0_gen_adv=-0.4837 synth_x0_lfm=0.0059 synth_total=0.4587 extra_render_attn_share=0.5220
[step 23300] real_p1_mirror_hole_cov=0.0713 real_p1_skipped=1.0000 real_p1_hole_frac=0.4345 real_p2_eps=0.0125 real_p2_hit=0.0000 real_total=0.0125 synth_eps=0.0232 synth_eps_raw=0.0232 synth_x0_hit=0.0000 synth_total=0.0232 extra_render_attn_share=0.5220
[step 23350] real_p1_mirror_hole_cov=0.2973 real_p1_skipped=1.0000 real_p1_hole_frac=0.4004 real_p2_eps=0.0035 real_p2_hit=0.0000 real_total=0.0035 synth_eps=0.0755 synth_eps_raw=0.0755 synth_x0_hit=0.0000 synth_total=0.0755 extra_render_attn_share=0.5220
[step 23400] real_p1_mirror_hole_cov=0.0514 real_p1_skipped=1.0000 real_p1_hole_frac=0.4098 real_p2_eps=0.0037 real_p2_hit=0.0000 real_total=0.0037 synth_eps=0.1110 synth_eps_raw=0.1110 synth_x0_hit=0.0000 synth_total=0.1110 extra_render_attn_share=0.5220
[step 23450] real_p1_mirror_hole_cov=0.2056 real_p1_skipped=1.0000 real_p1_hole_frac=0.5025 real_p2_eps=0.2401 real_p2_hit=1.0000 real_p2_t=273.0000 real_p2_ldif=0.1376 real_p2_gen_adv=-0.0254 real_p2_lfm=0.0110 real_total=0.3972 discr_adv=1.9762 x0_d_real=0.4396 x0_d_fake=0.4256 p2_d_real=0.0590 p2_d_fake=0.0254 g_grad_abs=1279.2437 d_grad_abs=353.9846 synth_eps=0.0378 synth_eps_raw=0.0378 synth_x0_hit=0.0000 synth_total=0.0378 extra_render_attn_share=0.5220
[step 23500] real_p1_mirror_hole_cov=0.0644 real_p1_skipped=1.0000 real_p1_hole_frac=0.3199 real_p2_eps=0.2354 real_p2_hit=1.0000 real_p2_t=123.0000 real_p2_ldif=0.0368 real_p2_gen_adv=0.0117 real_p2_lfm=0.0064 real_total=0.2862 discr_adv=1.0720 p2_d_real=-0.1556 p2_d_fake=-0.0117 g_grad_abs=1183.7015 d_grad_abs=3232.0008 synth_eps=0.2212 synth_eps_raw=0.2212 synth_x0_hit=1.0000 synth_x0_t=243.0000 synth_x0_ldif=0.1016 synth_x0_gen_adv=-0.3435 synth_x0_lfm=0.0194 synth_total=0.3273 extra_render_attn_share=0.5220
[images] real: anchor | cond1 | cond2 | inv_warp_mirror | mask | mask_inv | warp_img | warp_warp_img | x | y_hat | y_hat_novel -> /home/xzy/warpgan-diffusiong-inpainting/warpgan-diffusion-inpainting-main/experiments/train_inpainting_diffusion/[20260911-143749]_v18w3_w3d_30k/logs/images/train/real_step0023500.png
[images] synth: cond | mask | target | warp_img | x | y_hat_novel -> /home/xzy/warpgan-diffusiong-inpainting/warpgan-diffusion-inpainting-main/experiments/train_inpainting_diffusion/[20260911-143749]_v18w3_w3d_30k/logs/images/train/synth_step0023500.png
[step 23550] real_p1_mirror_hole_cov=0.2074 real_p1_skipped=1.0000 real_p1_hole_frac=0.1977 real_p2_eps=0.1099 real_p2_hit=0.0000 real_total=0.1099 synth_eps=0.0349 synth_eps_raw=0.0349 synth_x0_hit=0.0000 synth_total=0.0349 extra_render_attn_share=0.5220
[step 23600] real_p1_mirror_hole_cov=0.0088 real_p1_skipped=1.0000 real_p1_hole_frac=0.2418 real_p2_eps=0.0047 real_p2_hit=0.0000 real_total=0.0047 discr_adv=0.9739 x0_d_real=0.4857 x0_d_fake=0.4335 g_grad_abs=63.6860 d_grad_abs=380.3399 synth_eps=0.1687 synth_eps_raw=0.1687 synth_x0_hit=1.0000 synth_x0_t=247.0000 synth_x0_ldif=0.0799 synth_x0_gen_adv=-0.2647 synth_x0_lfm=0.0264 synth_total=0.2749 extra_render_attn_share=0.5220
[step 23650] real_p1_mirror_hole_cov=0.0629 real_p1_skipped=1.0000 real_p1_hole_frac=0.0802 real_p2_eps=0.0018 real_p2_hit=0.0000 real_total=0.0018 discr_adv=0.9805 x0_d_real=0.4839 x0_d_fake=0.4444 g_grad_abs=48.5230 d_grad_abs=244.2162 synth_eps=0.1422 synth_eps_raw=0.1422 synth_x0_hit=0.0000 synth_total=0.1422 extra_render_attn_share=0.5220
[step 23700] real_p1_mirror_hole_cov=0.0256 real_p1_skipped=1.0000 real_p1_hole_frac=0.2847 real_p2_eps=0.0047 real_p2_hit=0.0000 real_total=0.0047 synth_eps=0.0104 synth_eps_raw=0.0104 synth_x0_hit=0.0000 synth_total=0.0104 extra_render_attn_share=0.5220
[step 23750] real_p1_mirror_hole_cov=0.0989 real_p1_skipped=1.0000 real_p1_hole_frac=0.2569 real_p2_eps=0.3437 real_p2_hit=1.0000 real_p2_t=78.0000 real_p2_ldif=0.0296 real_p2_gen_adv=0.4348 real_p2_lfm=0.0008 real_total=0.4184 discr_adv=1.0009 p2_d_real=-0.4366 p2_d_fake=-0.4348 g_grad_abs=1209.2002 d_grad_abs=40.3049 synth_eps=0.0484 synth_eps_raw=0.0484 synth_x0_hit=0.0000 synth_total=0.0484 extra_render_attn_share=0.5220
[step 23800] real_p1_mirror_hole_cov=0.2979 real_p1_skipped=1.0000 real_p1_hole_frac=0.6187 real_p2_eps=0.0982 real_p2_hit=0.0000 real_total=0.0982 synth_eps=0.0288 synth_eps_raw=0.0288 synth_x0_hit=0.0000 synth_total=0.0288 extra_render_attn_share=0.5220
[step 23850] real_p1_mirror_hole_cov=0.1897 real_p1_skipped=1.0000 real_p1_hole_frac=0.5090 real_p2_eps=0.0231 real_p2_hit=0.0000 real_total=0.0231 synth_eps=0.0474 synth_eps_raw=0.0474 synth_x0_hit=0.0000 synth_total=0.0474 extra_render_attn_share=0.5220
[step 23900] real_p1_mirror_hole_cov=0.0714 real_p1_skipped=1.0000 real_p1_hole_frac=0.0960 real_p2_eps=0.0225 real_p2_hit=0.0000 real_total=0.0225 discr_adv=1.0185 x0_d_real=-0.3598 x0_d_fake=-0.3228 g_grad_abs=219.6867 d_grad_abs=344.2059 synth_eps=0.2457 synth_eps_raw=0.2457 synth_x0_hit=1.0000 synth_x0_t=199.0000 synth_x0_ldif=0.0796 synth_x0_gen_adv=0.3920 synth_x0_lfm=0.0066 synth_total=0.3777 extra_render_attn_share=0.5220
[step 23950] real_p1_mirror_hole_cov=0.1947 real_p1_skipped=1.0000 real_p1_hole_frac=0.3642 real_p2_eps=0.0865 real_p2_hit=0.0000 real_total=0.0865 discr_adv=0.9962 x0_d_real=0.4109 x0_d_fake=0.4032 g_grad_abs=368.6050 d_grad_abs=231.8174 synth_eps=0.1009 synth_eps_raw=0.1009 synth_x0_hit=0.0000 synth_total=0.1009 extra_render_attn_share=0.5220
[val step 23999] val_novel_full=0.0581 val_novel_hole=0.0742 val_novel_visible=0.0558
[step 24000] real_p1_mirror_hole_cov=0.1041 real_p1_skipped=1.0000 real_p1_hole_frac=0.2213 real_p2_eps=0.0482 real_p2_hit=0.0000 real_total=0.0482 synth_eps=0.1455 synth_eps_raw=0.1455 synth_x0_hit=0.0000 synth_total=0.1455 extra_render_attn_share=0.5197
[images] real: anchor | cond1 | cond2 | inv_warp_mirror | mask | mask_inv | warp_img | warp_warp_img | x | y_hat | y_hat_novel -> /home/xzy/warpgan-diffusiong-inpainting/warpgan-diffusion-inpainting-main/experiments/train_inpainting_diffusion/[20260911-143749]_v18w3_w3d_30k/logs/images/train/real_step0024000.png
[images] synth: cond | mask | target | warp_img | x | y_hat_novel -> /home/xzy/warpgan-diffusiong-inpainting/warpgan-diffusion-inpainting-main/experiments/train_inpainting_diffusion/[20260911-143749]_v18w3_w3d_30k/logs/images/train/synth_step0024000.png
[step 24050] real_p1_mirror_hole_cov=0.1694 real_p1_skipped=1.0000 real_p1_hole_frac=0.2905 real_p2_eps=0.0064 real_p2_hit=0.0000 real_total=0.0064 discr_adv=1.0023 x0_d_real=-0.6776 x0_d_fake=-0.6734 g_grad_abs=68.1602 d_grad_abs=117.2639 synth_eps=0.1958 synth_eps_raw=0.1958 synth_x0_hit=0.0000 synth_total=0.1958 extra_render_attn_share=0.5197
[step 24100] real_p1_mirror_hole_cov=0.3515 real_p1_skipped=1.0000 real_p1_hole_frac=0.1805 real_p2_eps=0.0269 real_p2_hit=0.0000 real_total=0.0269 synth_eps=0.6795 synth_eps_raw=0.6795 synth_x0_hit=1.0000 synth_x0_t=29.0000 synth_x0_ldif=0.0190 synth_x0_gen_adv=0.4994 synth_x0_lfm=0.0010 synth_total=0.7504 extra_render_attn_share=0.5197
[step 24150] real_p1_mirror_hole_cov=0.0857 real_p1_skipped=1.0000 real_p1_hole_frac=0.4092 real_p2_eps=0.0124 real_p2_hit=0.0000 real_total=0.0124 discr_adv=0.9958 x0_d_real=-0.5237 x0_d_fake=-0.5321 g_grad_abs=125.5443 d_grad_abs=67.9210 synth_eps=0.0182 synth_eps_raw=0.0182 synth_x0_hit=0.0000 synth_total=0.0182 extra_render_attn_share=0.5197
[step 24200] real_p1_mirror_hole_cov=0.0008 real_p1_skipped=1.0000 real_p1_hole_frac=0.0234 real_p2_eps=0.0730 real_p2_hit=1.0000 real_p2_t=180.0000 real_p2_ldif=0.0201 real_p2_gen_adv=0.5804 real_p2_lfm=0.0004 real_total=0.1520 discr_adv=1.9609 x0_d_real=-0.7102 x0_d_fake=-0.7773 p2_d_real=-0.5662 p2_d_fake=-0.5804 g_grad_abs=672.2763 d_grad_abs=1640.9748 synth_eps=0.0103 synth_eps_raw=0.0103 synth_x0_hit=0.0000 synth_total=0.0103 extra_render_attn_share=0.5197
[step 24250] real_p1_mirror_hole_cov=0.2857 real_p1_skipped=1.0000 real_p1_hole_frac=0.3238 real_p2_eps=0.0015 real_p2_hit=0.0000 real_total=0.0015 discr_adv=0.9995 x0_d_real=0.5324 x0_d_fake=0.5294 g_grad_abs=43.7405 d_grad_abs=235.2711 synth_eps=0.2575 synth_eps_raw=0.2575 synth_x0_hit=1.0000 synth_x0_t=189.0000 synth_x0_ldif=0.0767 synth_x0_gen_adv=-0.0888 synth_x0_lfm=0.1504 synth_total=0.6261 extra_render_attn_share=0.5197
[step 24300] real_p1_mirror_hole_cov=0.0463 real_p1_skipped=1.0000 real_p1_hole_frac=0.1285 real_p2_eps=0.0033 real_p2_hit=0.0000 real_total=0.0033 synth_eps=0.8391 synth_eps_raw=0.8391 synth_x0_hit=1.0000 synth_x0_t=4.0000 synth_x0_ldif=0.0036 synth_x0_gen_adv=-0.3836 synth_x0_lfm=0.0001 synth_total=0.8046 extra_render_attn_share=0.5197
[step 24350] real_p1_mirror_hole_cov=0.0842 real_p1_skipped=1.0000 real_p1_hole_frac=0.4677 real_p2_eps=0.0754 real_p2_hit=0.0000 real_total=0.0754 synth_eps=0.1054 synth_eps_raw=0.1054 synth_x0_hit=0.0000 synth_total=0.1054 extra_render_attn_share=0.5197
[step 24400] real_p1_mirror_hole_cov=0.3084 real_p1_skipped=1.0000 real_p1_hole_frac=0.1190 real_p2_eps=0.0034 real_p2_hit=0.0000 real_total=0.0034 synth_eps=0.3030 synth_eps_raw=0.3030 synth_x0_hit=1.0000 synth_x0_t=167.0000 synth_x0_ldif=0.0742 synth_x0_gen_adv=0.1727 synth_x0_lfm=0.0236 synth_total=0.4416 extra_render_attn_share=0.5197
[step 24450] real_p1_mirror_hole_cov=0.0311 real_p1_skipped=1.0000 real_p1_hole_frac=0.1439 real_p2_eps=0.0092 real_p2_hit=0.0000 real_total=0.0092 synth_eps=0.0023 synth_eps_raw=0.0023 synth_x0_hit=0.0000 synth_total=0.0023 extra_render_attn_share=0.5197
[step 24500] real_p1_mirror_hole_cov=0.0408 real_p1_skipped=1.0000 real_p1_hole_frac=0.1751 real_p2_eps=0.0056 real_p2_hit=0.0000 real_total=0.0056 synth_eps=0.0030 synth_eps_raw=0.0030 synth_x0_hit=0.0000 synth_total=0.0030 extra_render_attn_share=0.5197
[images] real: anchor | cond1 | cond2 | inv_warp_mirror | mask | mask_inv | warp_img | warp_warp_img | x | y_hat | y_hat_novel -> /home/xzy/warpgan-diffusiong-inpainting/warpgan-diffusion-inpainting-main/experiments/train_inpainting_diffusion/[20260911-143749]_v18w3_w3d_30k/logs/images/train/real_step0024500.png
[images] synth: cond | mask | target | warp_img | x | y_hat_novel -> /home/xzy/warpgan-diffusiong-inpainting/warpgan-diffusion-inpainting-main/experiments/train_inpainting_diffusion/[20260911-143749]_v18w3_w3d_30k/logs/images/train/synth_step0024500.png
[step 24550] real_p1_mirror_hole_cov=0.2629 real_p1_skipped=1.0000 real_p1_hole_frac=0.3697 real_p2_eps=0.1942 real_p2_hit=1.0000 real_p2_t=251.0000 real_p2_ldif=0.0947 real_p2_gen_adv=-0.3546 real_p2_lfm=0.0056 real_total=0.2648 discr_adv=1.0049 p2_d_real=0.3495 p2_d_fake=0.3546 g_grad_abs=1273.3355 d_grad_abs=949.4611 synth_eps=0.0706 synth_eps_raw=0.0706 synth_x0_hit=0.0000 synth_total=0.0706 extra_render_attn_share=0.5197
[step 24600] real_p1_mirror_hole_cov=0.0101 real_p1_skipped=1.0000 real_p1_hole_frac=0.2724 real_p2_eps=0.3075 real_p2_hit=1.0000 real_p2_t=110.0000 real_p2_ldif=0.0413 real_p2_gen_adv=0.5280 real_p2_lfm=0.0226 real_total=0.4468 discr_adv=0.9989 p2_d_real=-0.5258 p2_d_fake=-0.5280 g_grad_abs=4910.9346 d_grad_abs=45.4994 synth_eps=0.0036 synth_eps_raw=0.0036 synth_x0_hit=0.0000 synth_total=0.0036 extra_render_attn_share=0.5197
[step 24650] real_p1_mirror_hole_cov=0.1655 real_p1_skipped=1.0000 real_p1_hole_frac=0.2946 real_p2_eps=0.0406 real_p2_hit=0.0000 real_total=0.0406 discr_adv=0.9824 x0_d_real=-0.3779 x0_d_fake=-0.4132 g_grad_abs=387.9738 d_grad_abs=247.7799 synth_eps=0.5740 synth_eps_raw=0.5740 synth_x0_hit=1.0000 synth_x0_t=39.0000 synth_x0_ldif=0.0221 synth_x0_gen_adv=0.5043 synth_x0_lfm=0.0016 synth_total=0.6498 extra_render_attn_share=0.5197
[step 24700] real_p1_mirror_hole_cov=0.0058 real_p1_skipped=1.0000 real_p1_hole_frac=0.0454 real_p2_eps=0.0054 real_p2_hit=0.0000 real_total=0.0054 synth_eps=0.2082 synth_eps_raw=0.2082 synth_x0_hit=1.0000 synth_x0_t=241.0000 synth_x0_ldif=0.0945 synth_x0_gen_adv=0.6195 synth_x0_lfm=0.0803 synth_total=0.5253 extra_render_attn_share=0.5197
[step 24750] real_p1_mirror_hole_cov=0.1083 real_p1_skipped=1.0000 real_p1_hole_frac=0.5551 real_p2_eps=0.0513 real_p2_hit=0.0000 real_total=0.0513 synth_eps=0.0276 synth_eps_raw=0.0276 synth_x0_hit=0.0000 synth_total=0.0276 extra_render_attn_share=0.5197
[step 24800] real_p1_mirror_hole_cov=0.0087 real_p1_skipped=1.0000 real_p1_hole_frac=0.3177 real_p2_eps=0.4307 real_p2_hit=1.0000 real_p2_t=61.0000 real_p2_ldif=0.0276 real_p2_gen_adv=-0.1890 real_p2_lfm=0.0015 real_total=0.4424 discr_adv=0.9985 p2_d_real=0.1920 p2_d_fake=0.1890 g_grad_abs=1071.1687 d_grad_abs=28.4357 synth_eps=0.0037 synth_eps_raw=0.0037 synth_x0_hit=0.0000 synth_total=0.0037 extra_render_attn_share=0.5197
[step 24850] real_p1_mirror_hole_cov=0.2163 real_p1_skipped=1.0000 real_p1_hole_frac=0.2973 real_p2_eps=0.7848 real_p2_hit=1.0000 real_p2_t=7.0000 real_p2_ldif=0.0055 real_p2_gen_adv=-0.0845 real_p2_lfm=0.0002 real_total=0.7823 discr_adv=0.9978 p2_d_real=0.0889 p2_d_fake=0.0845 g_grad_abs=780.3591 d_grad_abs=18.8065 synth_eps=0.2171 synth_eps_raw=0.2171 synth_x0_hit=1.0000 synth_x0_t=235.0000 synth_x0_ldif=0.0938 synth_x0_gen_adv=-0.0690 synth_x0_lfm=0.0172 synth_total=0.3386 extra_render_attn_share=0.5197
[step 24900] real_p1_mirror_hole_cov=0.2756 real_p1_skipped=1.0000 real_p1_hole_frac=0.4607 real_p2_eps=0.7600 real_p2_hit=1.0000 real_p2_t=6.0000 real_p2_ldif=0.0046 real_p2_gen_adv=-0.0410 real_p2_lfm=0.0004 real_total=0.7613 discr_adv=0.9930 p2_d_real=0.0551 p2_d_fake=0.0410 g_grad_abs=871.9124 d_grad_abs=67.1717 synth_eps=0.0439 synth_eps_raw=0.0439 synth_x0_hit=0.0000 synth_total=0.0439 extra_render_attn_share=0.5197
[step 24950] real_p1_mirror_hole_cov=0.2089 real_p1_skipped=1.0000 real_p1_hole_frac=0.1177 real_p2_eps=0.0018 real_p2_hit=0.0000 real_total=0.0018 synth_eps=0.3637 synth_eps_raw=0.3637 synth_x0_hit=1.0000 synth_x0_t=128.0000 synth_x0_ldif=0.0602 synth_x0_gen_adv=0.2139 synth_x0_lfm=0.0083 synth_total=0.4618 extra_render_attn_share=0.5197
[step 25000] real_p1_mirror_hole_cov=0.0011 real_p1_skipped=1.0000 real_p1_hole_frac=0.1916 real_p2_eps=0.0032 real_p2_hit=0.0000 real_total=0.0032 synth_eps=0.0018 synth_eps_raw=0.0018 synth_x0_hit=0.0000 synth_total=0.0018 extra_render_attn_share=0.5197
[images] real: anchor | cond1 | cond2 | inv_warp_mirror | mask | mask_inv | warp_img | warp_warp_img | x | y_hat | y_hat_novel -> /home/xzy/warpgan-diffusiong-inpainting/warpgan-diffusion-inpainting-main/experiments/train_inpainting_diffusion/[20260911-143749]_v18w3_w3d_30k/logs/images/train/real_step0025000.png
[images] synth: cond | mask | target | warp_img | x | y_hat_novel -> /home/xzy/warpgan-diffusiong-inpainting/warpgan-diffusion-inpainting-main/experiments/train_inpainting_diffusion/[20260911-143749]_v18w3_w3d_30k/logs/images/train/synth_step0025000.png
[step 25050] real_p1_mirror_hole_cov=0.0353 real_p1_skipped=1.0000 real_p1_hole_frac=0.1427 real_p2_eps=0.0467 real_p2_hit=0.0000 real_total=0.0467 synth_eps=0.0384 synth_eps_raw=0.0384 synth_x0_hit=0.0000 synth_total=0.0384 extra_render_attn_share=0.5197
[step 25100] real_p1_mirror_hole_cov=0.1973 real_p1_skipped=1.0000 real_p1_hole_frac=0.1153 real_p2_eps=0.0009 real_p2_hit=0.0000 real_total=0.0009 discr_adv=0.9994 x0_d_real=0.4521 x0_d_fake=0.4509 g_grad_abs=35.1774 d_grad_abs=38.9812 synth_eps=0.1002 synth_eps_raw=0.1002 synth_x0_hit=0.0000 synth_total=0.1002 extra_render_attn_share=0.5197
[step 25150] real_p1_mirror_hole_cov=0.1118 real_p1_skipped=1.0000 real_p1_hole_frac=0.2572 real_p2_eps=0.0012 real_p2_hit=0.0000 real_total=0.0012 synth_eps=0.1549 synth_eps_raw=0.1549 synth_x0_hit=1.0000 synth_x0_t=263.0000 synth_x0_ldif=0.0826 synth_x0_gen_adv=-0.6864 synth_x0_lfm=0.0014 synth_total=0.1717 extra_render_attn_share=0.5197
[step 25200] real_p1_mirror_hole_cov=0.0049 real_p1_skipped=1.0000 real_p1_hole_frac=0.1751 real_p2_eps=0.0256 real_p2_hit=0.0000 real_total=0.0256 synth_eps=0.0159 synth_eps_raw=0.0159 synth_x0_hit=0.0000 synth_total=0.0159 extra_render_attn_share=0.5197
[step 25250] real_p1_mirror_hole_cov=0.1040 real_p1_skipped=1.0000 real_p1_hole_frac=0.3191 real_p2_eps=0.7077 real_p2_hit=1.0000 real_p2_t=8.0000 real_p2_ldif=0.0056 real_p2_gen_adv=-0.4417 real_p2_lfm=0.0001 real_total=0.6694 discr_adv=1.0000 p2_d_real=0.4417 p2_d_fake=0.4417 g_grad_abs=1221.8689 d_grad_abs=20.4465 synth_eps=0.0952 synth_eps_raw=0.0952 synth_x0_hit=0.0000 synth_total=0.0952 extra_render_attn_share=0.5197
[step 25300] real_p1_mirror_hole_cov=0.0687 real_p1_skipped=1.0000 real_p1_hole_frac=0.0891 real_p2_eps=0.0268 real_p2_hit=0.0000 real_total=0.0268 discr_adv=0.9956 x0_d_real=0.3808 x0_d_fake=0.3720 g_grad_abs=382.2999 d_grad_abs=77.7224 synth_eps=0.0069 synth_eps_raw=0.0069 synth_x0_hit=0.0000 synth_total=0.0069 extra_render_attn_share=0.5197
[step 25350] real_p1_mirror_hole_cov=0.0009 real_p1_skipped=1.0000 real_p1_hole_frac=0.1917 real_p2_eps=0.3129 real_p2_hit=1.0000 real_p2_t=60.0000 real_p2_ldif=0.0197 real_p2_gen_adv=-0.8534 real_p2_lfm=0.0007 real_total=0.2485 discr_adv=1.0119 p2_d_real=0.8555 p2_d_fake=0.8534 g_grad_abs=910.4108 d_grad_abs=755.9266 synth_eps=0.0293 synth_eps_raw=0.0293 synth_x0_hit=0.0000 synth_total=0.0293 extra_render_attn_share=0.5197
[step 25400] real_p1_mirror_hole_cov=0.0047 real_p1_skipped=1.0000 real_p1_hole_frac=0.1388 real_p2_eps=0.0026 real_p2_hit=0.0000 real_total=0.0026 synth_eps=0.0898 synth_eps_raw=0.0898 synth_x0_hit=0.0000 synth_total=0.0898 extra_render_attn_share=0.5197
[step 25450] real_p1_mirror_hole_cov=0.2501 real_p1_skipped=1.0000 real_p1_hole_frac=0.0967 real_p2_eps=0.0015 real_p2_hit=0.0000 real_total=0.0015 discr_adv=0.9879 x0_d_real=0.0905 x0_d_fake=0.0663 g_grad_abs=48.3877 d_grad_abs=137.7463 synth_eps=0.0458 synth_eps_raw=0.0458 synth_x0_hit=0.0000 synth_total=0.0458 extra_render_attn_share=0.5197
[step 25500] real_p1_mirror_hole_cov=0.0679 real_p1_skipped=1.0000 real_p1_hole_frac=0.3461 real_p2_eps=0.3440 real_p2_hit=1.0000 real_p2_t=126.0000 real_p2_ldif=0.0557 real_p2_gen_adv=-0.5718 real_p2_lfm=0.0016 real_total=0.3457 discr_adv=0.9950 p2_d_real=0.5818 p2_d_fake=0.5718 g_grad_abs=924.6455 d_grad_abs=134.3751 synth_eps=0.4155 synth_eps_raw=0.4155 synth_x0_hit=1.0000 synth_x0_t=118.0000 synth_x0_ldif=0.0614 synth_x0_gen_adv=-0.1210 synth_x0_lfm=0.0078 synth_total=0.4804 extra_render_attn_share=0.5197
[images] real: anchor | cond1 | cond2 | inv_warp_mirror | mask | mask_inv | warp_img | warp_warp_img | x | y_hat | y_hat_novel -> /home/xzy/warpgan-diffusiong-inpainting/warpgan-diffusion-inpainting-main/experiments/train_inpainting_diffusion/[20260911-143749]_v18w3_w3d_30k/logs/images/train/real_step0025500.png
[images] synth: cond | mask | target | warp_img | x | y_hat_novel -> /home/xzy/warpgan-diffusiong-inpainting/warpgan-diffusion-inpainting-main/experiments/train_inpainting_diffusion/[20260911-143749]_v18w3_w3d_30k/logs/images/train/synth_step0025500.png
[step 25550] real_p1_mirror_hole_cov=0.0845 real_p1_skipped=1.0000 real_p1_hole_frac=0.0242 real_p2_eps=0.0009 real_p2_hit=0.0000 real_total=0.0009 synth_eps=0.3593 synth_eps_raw=0.3593 synth_x0_hit=1.0000 synth_x0_t=188.0000 synth_x0_ldif=0.1061 synth_x0_gen_adv=-0.3651 synth_x0_lfm=0.0068 synth_total=0.4426 extra_render_attn_share=0.5197
[step 25600] real_p1_mirror_hole_cov=0.1317 real_p1_skipped=1.0000 real_p1_hole_frac=0.2954 real_p2_eps=0.0058 real_p2_hit=0.0000 real_total=0.0058 synth_eps=0.0779 synth_eps_raw=0.0779 synth_x0_hit=0.0000 synth_total=0.0779 extra_render_attn_share=0.5197
[step 25650] real_p1_mirror_hole_cov=0.0652 real_p1_skipped=1.0000 real_p1_hole_frac=0.2981 real_p2_eps=0.0051 real_p2_hit=0.0000 real_total=0.0051 synth_eps=0.0734 synth_eps_raw=0.0734 synth_x0_hit=0.0000 synth_total=0.0734 extra_render_attn_share=0.5197
[step 25700] real_p1_mirror_hole_cov=0.0852 real_p1_skipped=1.0000 real_p1_hole_frac=0.5473 real_p2_eps=0.4527 real_p2_hit=1.0000 real_p2_t=29.0000 real_p2_ldif=0.0127 real_p2_gen_adv=-0.5010 real_p2_lfm=0.0024 real_total=0.4201 discr_adv=1.9932 x0_d_real=0.6535 x0_d_fake=0.6629 p2_d_real=0.5240 p2_d_fake=0.5010 g_grad_abs=874.5335 d_grad_abs=225.2333 synth_eps=0.1719 synth_eps_raw=0.1719 synth_x0_hit=1.0000 synth_x0_t=287.0000 synth_x0_ldif=0.1088 synth_x0_gen_adv=-0.5626 synth_x0_lfm=0.0142 synth_total=0.2529 extra_render_attn_share=0.5197
[step 25750] real_p1_mirror_hole_cov=0.1044 real_p1_skipped=1.0000 real_p1_hole_frac=0.0592 real_p2_eps=0.4591 real_p2_hit=1.0000 real_p2_t=15.0000 real_p2_ldif=0.0066 real_p2_gen_adv=-0.5861 real_p2_lfm=0.0011 real_total=0.4093 discr_adv=0.9999 p2_d_real=0.5862 p2_d_fake=0.5861 g_grad_abs=997.9518 d_grad_abs=36.8761 synth_eps=0.4965 synth_eps_raw=0.4965 synth_x0_hit=1.0000 synth_x0_t=59.0000 synth_x0_ldif=0.0306 synth_x0_gen_adv=-0.5429 synth_x0_lfm=0.0114 synth_total=0.4956 extra_render_attn_share=0.5197
[step 25800] real_p1_mirror_hole_cov=0.0980 real_p1_skipped=1.0000 real_p1_hole_frac=0.5949 real_p2_eps=0.1203 real_p2_hit=0.0000 real_total=0.1203 synth_eps=0.0423 synth_eps_raw=0.0423 synth_x0_hit=0.0000 synth_total=0.0423 extra_render_attn_share=0.5197
[step 25850] real_p1_mirror_hole_cov=0.0284 real_p1_skipped=1.0000 real_p1_hole_frac=0.3349 real_p2_eps=0.0030 real_p2_hit=0.0000 real_total=0.0030 discr_adv=1.0107 x0_d_real=0.1146 x0_d_fake=0.1361 g_grad_abs=62.3690 d_grad_abs=309.8841 synth_eps=0.2569 synth_eps_raw=0.2569 synth_x0_hit=1.0000 synth_x0_t=189.0000 synth_x0_ldif=0.0765 synth_x0_gen_adv=0.3462 synth_x0_lfm=0.0202 synth_total=0.4085 extra_render_attn_share=0.5197
[step 25900] real_p1_mirror_hole_cov=0.0162 real_p1_skipped=1.0000 real_p1_hole_frac=0.4648 real_p2_eps=0.3264 real_p2_hit=1.0000 real_p2_t=114.0000 real_p2_ldif=0.0460 real_p2_gen_adv=-0.6602 real_p2_lfm=0.0047 real_total=0.3156 discr_adv=1.0165 p2_d_real=0.6272 p2_d_fake=0.6602 g_grad_abs=1153.3537 d_grad_abs=246.7439 synth_eps=0.0017 synth_eps_raw=0.0017 synth_x0_hit=0.0000 synth_total=0.0017 extra_render_attn_share=0.5197
[step 25950] real_p1_mirror_hole_cov=0.1479 real_p1_skipped=1.0000 real_p1_hole_frac=0.1006 real_p2_eps=0.0227 real_p2_hit=0.0000 real_total=0.0227 discr_adv=0.9905 x0_d_real=0.6318 x0_d_fake=0.6127 g_grad_abs=220.8286 d_grad_abs=164.1148 synth_eps=0.1383 synth_eps_raw=0.1383 synth_x0_hit=0.0000 synth_total=0.1383 extra_render_attn_share=0.5197
[val step 25999] val_novel_full=0.1402 val_novel_hole=0.1475 val_novel_visible=0.1311
[step 26000] real_p1_mirror_hole_cov=0.1109 real_p1_skipped=1.0000 real_p1_hole_frac=0.3223 real_p2_eps=0.0455 real_p2_hit=0.0000 real_total=0.0455 synth_eps=0.2727 synth_eps_raw=0.2727 synth_x0_hit=1.0000 synth_x0_t=205.0000 synth_x0_ldif=0.0929 synth_x0_gen_adv=0.3219 synth_x0_lfm=0.0119 synth_total=0.4215 extra_render_attn_share=0.5236
[images] real: anchor | cond1 | cond2 | inv_warp_mirror | mask | mask_inv | warp_img | warp_warp_img | x | y_hat | y_hat_novel -> /home/xzy/warpgan-diffusiong-inpainting/warpgan-diffusion-inpainting-main/experiments/train_inpainting_diffusion/[20260911-143749]_v18w3_w3d_30k/logs/images/train/real_step0026000.png
[images] synth: cond | mask | target | warp_img | x | y_hat_novel -> /home/xzy/warpgan-diffusiong-inpainting/warpgan-diffusion-inpainting-main/experiments/train_inpainting_diffusion/[20260911-143749]_v18w3_w3d_30k/logs/images/train/synth_step0026000.png
[step 26050] real_p1_mirror_hole_cov=0.1494 real_p1_skipped=1.0000 real_p1_hole_frac=0.2214 real_p2_eps=0.4035 real_p2_hit=1.0000 real_p2_t=44.0000 real_p2_ldif=0.0178 real_p2_gen_adv=-0.2561 real_p2_lfm=0.0013 real_total=0.3983 discr_adv=0.9871 p2_d_real=0.2820 p2_d_fake=0.2561 g_grad_abs=875.6833 d_grad_abs=136.8864 synth_eps=0.0224 synth_eps_raw=0.0224 synth_x0_hit=0.0000 synth_total=0.0224 extra_render_attn_share=0.5236
[step 26100] real_p1_mirror_hole_cov=0.2018 real_p1_skipped=1.0000 real_p1_hole_frac=0.2331 real_p2_eps=0.4035 real_p2_hit=1.0000 real_p2_t=28.0000 real_p2_ldif=0.0109 real_p2_gen_adv=-0.6761 real_p2_lfm=0.0005 real_total=0.3477 discr_adv=0.9923 p2_d_real=0.6914 p2_d_fake=0.6761 g_grad_abs=1223.0093 d_grad_abs=161.7790 synth_eps=0.4783 synth_eps_raw=0.4783 synth_x0_hit=1.0000 synth_x0_t=58.0000 synth_x0_ldif=0.0289 synth_x0_gen_adv=0.1769 synth_x0_lfm=0.0011 synth_total=0.5270 extra_render_attn_share=0.5236
[step 26150] real_p1_mirror_hole_cov=0.0226 real_p1_skipped=1.0000 real_p1_hole_frac=0.0722 real_p2_eps=0.0027 real_p2_hit=0.0000 real_total=0.0027 synth_eps=0.1025 synth_eps_raw=0.1025 synth_x0_hit=0.0000 synth_total=0.1025 extra_render_attn_share=0.5236
[step 26200] real_p1_mirror_hole_cov=0.0172 real_p1_skipped=1.0000 real_p1_hole_frac=0.3939 real_p2_eps=0.4995 real_p2_hit=1.0000 real_p2_t=21.0000 real_p2_ldif=0.0100 real_p2_gen_adv=0.2574 real_p2_lfm=0.0011 real_total=0.5374 discr_adv=0.9987 p2_d_real=-0.2548 p2_d_fake=-0.2574 g_grad_abs=1291.3443 d_grad_abs=59.1457 synth_eps=0.4471 synth_eps_raw=0.4471 synth_x0_hit=1.0000 synth_x0_t=83.0000 synth_x0_ldif=0.0417 synth_x0_gen_adv=0.3349 synth_x0_lfm=0.0098 synth_total=0.5420 extra_render_attn_share=0.5236
[step 26250] real_p1_mirror_hole_cov=0.0328 real_p1_skipped=1.0000 real_p1_hole_frac=0.1165 real_p2_eps=0.3043 real_p2_hit=1.0000 real_p2_t=60.0000 real_p2_ldif=0.0191 real_p2_gen_adv=-0.8402 real_p2_lfm=0.0007 real_total=0.2407 discr_adv=1.0003 p2_d_real=0.8400 p2_d_fake=0.8402 g_grad_abs=1008.0884 d_grad_abs=56.1411 synth_eps=0.2978 synth_eps_raw=0.2978 synth_x0_hit=1.0000 synth_x0_t=127.0000 synth_x0_ldif=0.0487 synth_x0_gen_adv=-0.7442 synth_x0_lfm=0.0016 synth_total=0.2754 extra_render_attn_share=0.5236
[step 26300] real_p1_mirror_hole_cov=0.0165 real_p1_skipped=1.0000 real_p1_hole_frac=0.2081 real_p2_eps=0.0014 real_p2_hit=0.0000 real_total=0.0014 synth_eps=0.3246 synth_eps_raw=0.3246 synth_x0_hit=1.0000 synth_x0_t=123.0000 synth_x0_ldif=0.0508 synth_x0_gen_adv=-0.4223 synth_x0_lfm=0.0026 synth_total=0.3384 extra_render_attn_share=0.5236
[step 26350] real_p1_mirror_hole_cov=0.0264 real_p1_skipped=1.0000 real_p1_hole_frac=0.4088 real_p2_eps=0.0429 real_p2_hit=0.0000 real_total=0.0429 synth_eps=0.0480 synth_eps_raw=0.0480 synth_x0_hit=0.0000 synth_total=0.0480 extra_render_attn_share=0.5236
[step 26400] real_p1_mirror_hole_cov=0.0167 real_p1_skipped=1.0000 real_p1_hole_frac=0.1786 real_p2_eps=0.0054 real_p2_hit=0.0000 real_total=0.0054 synth_eps=0.1689 synth_eps_raw=0.1689 synth_x0_hit=1.0000 synth_x0_t=282.0000 synth_x0_ldif=0.1032 synth_x0_gen_adv=0.1328 synth_x0_lfm=0.0106 synth_total=0.3066 extra_render_attn_share=0.5236
[step 26450] real_p1_mirror_hole_cov=0.1797 real_p1_skipped=1.0000 real_p1_hole_frac=0.2530 real_p2_eps=0.0845 real_p2_hit=0.0000 real_total=0.0845 synth_eps=0.1574 synth_eps_raw=0.1574 synth_x0_hit=0.0000 synth_total=0.1574 extra_render_attn_share=0.5236
[step 26500] real_p1_mirror_hole_cov=0.1996 real_p1_skipped=1.0000 real_p1_hole_frac=0.2754 real_p2_eps=0.0018 real_p2_hit=0.0000 real_total=0.0018 synth_eps=0.0105 synth_eps_raw=0.0105 synth_x0_hit=0.0000 synth_total=0.0105 extra_render_attn_share=0.5236
[images] real: anchor | cond1 | cond2 | inv_warp_mirror | mask | mask_inv | warp_img | warp_warp_img | x | y_hat | y_hat_novel -> /home/xzy/warpgan-diffusiong-inpainting/warpgan-diffusion-inpainting-main/experiments/train_inpainting_diffusion/[20260911-143749]_v18w3_w3d_30k/logs/images/train/real_step0026500.png
[images] synth: cond | mask | target | warp_img | x | y_hat_novel -> /home/xzy/warpgan-diffusiong-inpainting/warpgan-diffusion-inpainting-main/experiments/train_inpainting_diffusion/[20260911-143749]_v18w3_w3d_30k/logs/images/train/synth_step0026500.png
[step 26550] real_p1_mirror_hole_cov=0.2153 real_p1_skipped=1.0000 real_p1_hole_frac=0.4701 real_p2_eps=0.0015 real_p2_hit=0.0000 real_total=0.0015 discr_adv=0.9855 x0_d_real=0.6821 x0_d_fake=0.6530 g_grad_abs=52.2009 d_grad_abs=127.5708 synth_eps=0.0016 synth_eps_raw=0.0016 synth_x0_hit=0.0000 synth_total=0.0016 extra_render_attn_share=0.5236
[step 26600] real_p1_mirror_hole_cov=0.0732 real_p1_skipped=1.0000 real_p1_hole_frac=0.0809 real_p2_eps=0.0591 real_p2_hit=0.0000 real_total=0.0591 discr_adv=0.9985 x0_d_real=-0.5828 x0_d_fake=-0.5867 g_grad_abs=456.9346 d_grad_abs=231.5933 synth_eps=0.1130 synth_eps_raw=0.1130 synth_x0_hit=0.0000 synth_total=0.1130 extra_render_attn_share=0.5236
[step 26650] real_p1_mirror_hole_cov=0.1656 real_p1_skipped=1.0000 real_p1_hole_frac=0.1097 real_p2_eps=0.0089 real_p2_hit=0.0000 real_total=0.0089 discr_adv=1.0233 x0_d_real=0.2465 x0_d_fake=0.2930 g_grad_abs=132.9147 d_grad_abs=656.9328 synth_eps=0.2468 synth_eps_raw=0.2468 synth_x0_hit=1.0000 synth_x0_t=242.0000 synth_x0_ldif=0.1125 synth_x0_gen_adv=-0.1705 synth_x0_lfm=0.0073 synth_total=0.3569 extra_render_attn_share=0.5236
[step 26700] real_p1_mirror_hole_cov=0.1434 real_p1_skipped=1.0000 real_p1_hole_frac=0.2357 real_p2_eps=0.3015 real_p2_hit=1.0000 real_p2_t=96.0000 real_p2_ldif=0.0338 real_p2_gen_adv=-0.5446 real_p2_lfm=0.0014 real_total=0.2836 discr_adv=2.0394 x0_d_real=0.3083 x0_d_fake=0.3930 p2_d_real=0.5505 p2_d_fake=0.5446 g_grad_abs=934.5487 d_grad_abs=390.7349 synth_eps=0.1034 synth_eps_raw=0.1034 synth_x0_hit=0.0000 synth_total=0.1034 extra_render_attn_share=0.5236
[step 26750] real_p1_mirror_hole_cov=0.0008 real_p1_skipped=1.0000 real_p1_hole_frac=0.0371 real_p2_eps=0.3689 real_p2_hit=1.0000 real_p2_t=9.0000 real_p2_ldif=0.0032 real_p2_gen_adv=0.1085 real_p2_lfm=0.0004 real_total=0.3837 discr_adv=1.0055 p2_d_real=-0.1195 p2_d_fake=-0.1085 g_grad_abs=1406.4360 d_grad_abs=63.4850 synth_eps=0.0093 synth_eps_raw=0.0093 synth_x0_hit=0.0000 synth_total=0.0093 extra_render_attn_share=0.5236
[step 26800] real_p1_mirror_hole_cov=0.0295 real_p1_skipped=1.0000 real_p1_hole_frac=0.1706 real_p2_eps=0.0900 real_p2_hit=0.0000 real_total=0.0900 discr_adv=1.0113 x0_d_real=-0.3009 x0_d_fake=-0.2784 g_grad_abs=504.7368 d_grad_abs=702.6178 synth_eps=0.0168 synth_eps_raw=0.0168 synth_x0_hit=0.0000 synth_total=0.0168 extra_render_attn_share=0.5236
[step 26850] real_p1_mirror_hole_cov=0.0941 real_p1_skipped=1.0000 real_p1_hole_frac=0.1138 real_p2_eps=0.1344 real_p2_hit=1.0000 real_p2_t=151.0000 real_p2_ldif=0.0282 real_p2_gen_adv=-0.5426 real_p2_lfm=0.0015 real_total=0.1113 discr_adv=0.9877 p2_d_real=0.5673 p2_d_fake=0.5426 g_grad_abs=749.3892 d_grad_abs=172.9359 synth_eps=0.0036 synth_eps_raw=0.0036 synth_x0_hit=0.0000 synth_total=0.0036 extra_render_attn_share=0.5236
[step 26900] real_p1_mirror_hole_cov=0.2247 real_p1_skipped=1.0000 real_p1_hole_frac=0.4859 real_p2_eps=0.0083 real_p2_hit=0.0000 real_total=0.0083 synth_eps=0.0522 synth_eps_raw=0.0522 synth_x0_hit=0.0000 synth_total=0.0522 extra_render_attn_share=0.5236
[step 26950] real_p1_mirror_hole_cov=0.0802 real_p1_skipped=1.0000 real_p1_hole_frac=0.1825 real_p2_eps=0.0084 real_p2_hit=0.0000 real_total=0.0084 discr_adv=0.9967 x0_d_real=0.2293 x0_d_fake=0.2227 g_grad_abs=165.8080 d_grad_abs=47.0113 synth_eps=0.9281 synth_eps_raw=0.9281 synth_x0_hit=1.0000 synth_x0_t=1.0000 synth_x0_ldif=0.0016 synth_x0_gen_adv=-0.2020 synth_x0_lfm=0.0006 synth_total=0.9107 extra_render_attn_share=0.5236
[step 27000] real_p1_mirror_hole_cov=0.1557 real_p1_skipped=1.0000 real_p1_hole_frac=0.4078 real_p2_eps=0.3269 real_p2_hit=1.0000 real_p2_t=136.0000 real_p2_ldif=0.0589 real_p2_gen_adv=-0.1587 real_p2_lfm=0.0342 real_total=0.4384 discr_adv=0.9915 p2_d_real=0.1758 p2_d_fake=0.1587 g_grad_abs=4032.9799 d_grad_abs=97.9731 synth_eps=0.1709 synth_eps_raw=0.1709 synth_x0_hit=1.0000 synth_x0_t=259.0000 synth_x0_ldif=0.0885 synth_x0_gen_adv=0.3145 synth_x0_lfm=0.0836 synth_total=0.4581 extra_render_attn_share=0.5236
[images] real: anchor | cond1 | cond2 | inv_warp_mirror | mask | mask_inv | warp_img | warp_warp_img | x | y_hat | y_hat_novel -> /home/xzy/warpgan-diffusiong-inpainting/warpgan-diffusion-inpainting-main/experiments/train_inpainting_diffusion/[20260911-143749]_v18w3_w3d_30k/logs/images/train/real_step0027000.png
[images] synth: cond | mask | target | warp_img | x | y_hat_novel -> /home/xzy/warpgan-diffusiong-inpainting/warpgan-diffusion-inpainting-main/experiments/train_inpainting_diffusion/[20260911-143749]_v18w3_w3d_30k/logs/images/train/synth_step0027000.png
[step 27050] real_p1_mirror_hole_cov=0.0115 real_p1_skipped=1.0000 real_p1_hole_frac=0.2527 real_p2_eps=0.0082 real_p2_hit=0.0000 real_total=0.0082 discr_adv=0.9867 x0_d_real=-0.2237 x0_d_fake=-0.2503 g_grad_abs=109.7704 d_grad_abs=184.1566 synth_eps=0.0090 synth_eps_raw=0.0090 synth_x0_hit=0.0000 synth_total=0.0090 extra_render_attn_share=0.5236
[step 27100] real_p1_mirror_hole_cov=0.0116 real_p1_skipped=1.0000 real_p1_hole_frac=0.5232 real_p2_eps=0.0564 real_p2_hit=0.0000 real_total=0.0564 synth_eps=0.2806 synth_eps_raw=0.2806 synth_x0_hit=1.0000 synth_x0_t=225.0000 synth_x0_ldif=0.1122 synth_x0_gen_adv=-0.4692 synth_x0_lfm=0.0074 synth_total=0.3606 extra_render_attn_share=0.5236
[step 27150] real_p1_mirror_hole_cov=0.1089 real_p1_skipped=1.0000 real_p1_hole_frac=0.2162 real_p2_eps=0.0274 real_p2_hit=0.0000 real_total=0.0274 synth_eps=0.0089 synth_eps_raw=0.0089 synth_x0_hit=0.0000 synth_total=0.0089 extra_render_attn_share=0.5236
[step 27200] real_p1_mirror_hole_cov=0.2604 real_p1_skipped=1.0000 real_p1_hole_frac=0.5997 real_p2_eps=0.0058 real_p2_hit=0.0000 real_total=0.0058 discr_adv=1.0030 x0_d_real=-0.3481 x0_d_fake=-0.3421 g_grad_abs=62.2992 d_grad_abs=100.0782 synth_eps=0.6823 synth_eps_raw=0.6823 synth_x0_hit=1.0000 synth_x0_t=29.0000 synth_x0_ldif=0.0191 synth_x0_gen_adv=0.2774 synth_x0_lfm=0.0020 synth_total=0.7332 extra_render_attn_share=0.5236
[step 27250] real_p1_mirror_hole_cov=0.1136 real_p1_skipped=1.0000 real_p1_hole_frac=0.2634 real_p2_eps=0.0802 real_p2_hit=0.0000 real_total=0.0802 synth_eps=0.0330 synth_eps_raw=0.0330 synth_x0_hit=0.0000 synth_total=0.0330 extra_render_attn_share=0.5236
[step 27300] real_p1_mirror_hole_cov=0.1255 real_p1_skipped=1.0000 real_p1_hole_frac=0.4805 real_p2_eps=0.0320 real_p2_hit=0.0000 real_total=0.0320 synth_eps=0.0034 synth_eps_raw=0.0034 synth_x0_hit=0.0000 synth_total=0.0034 extra_render_attn_share=0.5236
[step 27350] real_p1_mirror_hole_cov=0.2284 real_p1_skipped=1.0000 real_p1_hole_frac=0.3732 real_p2_eps=0.3165 real_p2_hit=1.0000 real_p2_t=138.0000 real_p2_ldif=0.0583 real_p2_gen_adv=0.1402 real_p2_lfm=0.0047 real_total=0.3981 discr_adv=1.0041 p2_d_real=-0.1485 p2_d_fake=-0.1402 g_grad_abs=1171.0352 d_grad_abs=100.9097 synth_eps=0.0258 synth_eps_raw=0.0258 synth_x0_hit=0.0000 synth_total=0.0258 extra_render_attn_share=0.5236
[step 27400] real_p1_mirror_hole_cov=0.1006 real_p1_skipped=1.0000 real_p1_hole_frac=0.4590 real_p2_eps=0.0992 real_p2_hit=0.0000 real_total=0.0992 synth_eps=0.0122 synth_eps_raw=0.0122 synth_x0_hit=0.0000 synth_total=0.0122 extra_render_attn_share=0.5236
[step 27450] real_p1_mirror_hole_cov=0.1791 real_p1_skipped=1.0000 real_p1_hole_frac=0.3101 real_p2_eps=0.2072 real_p2_hit=1.0000 real_p2_t=260.0000 real_p2_ldif=0.1080 real_p2_gen_adv=-0.7176 real_p2_lfm=0.0014 real_total=0.2464 discr_adv=1.0039 p2_d_real=0.7145 p2_d_fake=0.7176 g_grad_abs=1083.8646 d_grad_abs=248.5711 synth_eps=0.0617 synth_eps_raw=0.0617 synth_x0_hit=0.0000 synth_total=0.0617 extra_render_attn_share=0.5236
[step 27500] real_p1_mirror_hole_cov=0.2082 real_p1_skipped=1.0000 real_p1_hole_frac=0.5033 real_p2_eps=0.0228 real_p2_hit=0.0000 real_total=0.0228 synth_eps=0.0062 synth_eps_raw=0.0062 synth_x0_hit=0.0000 synth_total=0.0062 extra_render_attn_share=0.5236
[images] real: anchor | cond1 | cond2 | inv_warp_mirror | mask | mask_inv | warp_img | warp_warp_img | x | y_hat | y_hat_novel -> /home/xzy/warpgan-diffusiong-inpainting/warpgan-diffusion-inpainting-main/experiments/train_inpainting_diffusion/[20260911-143749]_v18w3_w3d_30k/logs/images/train/real_step0027500.png
[images] synth: cond | mask | target | warp_img | x | y_hat_novel -> /home/xzy/warpgan-diffusiong-inpainting/warpgan-diffusion-inpainting-main/experiments/train_inpainting_diffusion/[20260911-143749]_v18w3_w3d_30k/logs/images/train/synth_step0027500.png
[step 27550] real_p1_mirror_hole_cov=0.1627 real_p1_skipped=1.0000 real_p1_hole_frac=0.2215 real_p2_eps=0.0186 real_p2_hit=0.0000 real_total=0.0186 discr_adv=0.9999 x0_d_real=0.8817 x0_d_fake=0.8786 g_grad_abs=167.3609 d_grad_abs=260.9189 synth_eps=0.1238 synth_eps_raw=0.1238 synth_x0_hit=0.0000 synth_total=0.1238 extra_render_attn_share=0.5236
[step 27600] real_p1_mirror_hole_cov=0.3877 real_p1_skipped=1.0000 real_p1_hole_frac=0.3496 real_p2_eps=0.0687 real_p2_hit=0.0000 real_total=0.0687 discr_adv=0.9936 x0_d_real=0.6256 x0_d_fake=0.6128 g_grad_abs=454.1957 d_grad_abs=261.0984 synth_eps=0.1104 synth_eps_raw=0.1104 synth_x0_hit=0.0000 synth_total=0.1104 extra_render_attn_share=0.5236
[step 27650] real_p1_mirror_hole_cov=0.1231 real_p1_skipped=1.0000 real_p1_hole_frac=0.2145 real_p2_eps=0.1722 real_p2_hit=1.0000 real_p2_t=201.0000 real_p2_ldif=0.0567 real_p2_gen_adv=-0.1520 real_p2_lfm=0.0045 real_total=0.2228 discr_adv=0.9806 p2_d_real=0.1953 p2_d_fake=0.1520 g_grad_abs=1360.5065 d_grad_abs=488.2336 synth_eps=0.3033 synth_eps_raw=0.3033 synth_x0_hit=1.0000 synth_x0_t=176.0000 synth_x0_ldif=0.0806 synth_x0_gen_adv=-0.0943 synth_x0_lfm=0.0032 synth_total=0.3808 extra_render_attn_share=0.5236
[step 27700] real_p1_mirror_hole_cov=0.1336 real_p1_skipped=1.0000 real_p1_hole_frac=0.3888 real_p2_eps=0.2886 real_p2_hit=1.0000 real_p2_t=196.0000 real_p2_ldif=0.0912 real_p2_gen_adv=0.4030 real_p2_lfm=0.0135 real_total=0.4473 discr_adv=0.9843 p2_d_real=-0.3691 p2_d_fake=-0.4030 g_grad_abs=2358.5466 d_grad_abs=890.9308 synth_eps=0.3748 synth_eps_raw=0.3748 synth_x0_hit=1.0000 synth_x0_t=108.0000 synth_x0_ldif=0.0491 synth_x0_gen_adv=0.3995 synth_x0_lfm=0.0067 synth_total=0.4773 extra_render_attn_share=0.5236
[step 27750] real_p1_mirror_hole_cov=0.2375 real_p1_skipped=1.0000 real_p1_hole_frac=0.5308 real_p2_eps=0.0015 real_p2_hit=0.0000 real_total=0.0015 synth_eps=0.1336 synth_eps_raw=0.1336 synth_x0_hit=0.0000 synth_total=0.1336 extra_render_attn_share=0.5236
[step 27800] real_p1_mirror_hole_cov=0.0378 real_p1_skipped=1.0000 real_p1_hole_frac=0.4351 real_p2_eps=0.0058 real_p2_hit=0.0000 real_total=0.0058 synth_eps=0.0573 synth_eps_raw=0.0573 synth_x0_hit=0.0000 synth_total=0.0573 extra_render_attn_share=0.5236
[step 27850] real_p1_mirror_hole_cov=0.1093 real_p1_skipped=1.0000 real_p1_hole_frac=0.1449 real_p2_eps=0.1412 real_p2_hit=1.0000 real_p2_t=277.0000 real_p2_ldif=0.0833 real_p2_gen_adv=-0.7172 real_p2_lfm=0.0024 real_total=0.1576 discr_adv=1.9879 x0_d_real=0.3552 x0_d_fake=0.3263 p2_d_real=0.7125 p2_d_fake=0.7172 g_grad_abs=1068.2324 d_grad_abs=183.2856 synth_eps=0.6455 synth_eps_raw=0.6455 synth_x0_hit=1.0000 synth_x0_t=23.0000 synth_x0_ldif=0.0142 synth_x0_gen_adv=-0.2488 synth_x0_lfm=0.0007 synth_total=0.6362 extra_render_attn_share=0.5236
[step 27900] real_p1_mirror_hole_cov=0.3356 real_p1_skipped=1.0000 real_p1_hole_frac=0.2811 real_p2_eps=0.0262 real_p2_hit=0.0000 real_total=0.0262 synth_eps=0.0281 synth_eps_raw=0.0281 synth_x0_hit=0.0000 synth_total=0.0281 extra_render_attn_share=0.5236
[step 27950] real_p1_mirror_hole_cov=0.4425 real_p1_skipped=1.0000 real_p1_hole_frac=0.0236 real_p2_eps=0.0044 real_p2_hit=0.0000 real_total=0.0044 synth_eps=0.1533 synth_eps_raw=0.1533 synth_x0_hit=1.0000 synth_x0_t=253.0000 synth_x0_ldif=0.0759 synth_x0_gen_adv=-0.5388 synth_x0_lfm=0.0020 synth_total=0.1794 extra_render_attn_share=0.5236
[val step 27999] val_novel_full=0.1393 val_novel_hole=0.1443 val_novel_visible=0.1330
[step 28000] real_p1_mirror_hole_cov=0.4724 real_p1_skipped=1.0000 real_p1_hole_frac=0.1506 real_p2_eps=0.0026 real_p2_hit=0.0000 real_total=0.0026 discr_adv=0.9778 x0_d_real=0.5902 x0_d_fake=0.5458 g_grad_abs=92.6363 d_grad_abs=283.4443 synth_eps=0.0067 synth_eps_raw=0.0067 synth_x0_hit=0.0000 synth_total=0.0067 extra_render_attn_share=0.5264
[images] real: anchor | cond1 | cond2 | inv_warp_mirror | mask | mask_inv | warp_img | warp_warp_img | x | y_hat | y_hat_novel -> /home/xzy/warpgan-diffusiong-inpainting/warpgan-diffusion-inpainting-main/experiments/train_inpainting_diffusion/[20260911-143749]_v18w3_w3d_30k/logs/images/train/real_step0028000.png
[images] synth: cond | mask | target | warp_img | x | y_hat_novel -> /home/xzy/warpgan-diffusiong-inpainting/warpgan-diffusion-inpainting-main/experiments/train_inpainting_diffusion/[20260911-143749]_v18w3_w3d_30k/logs/images/train/synth_step0028000.png
[step 28050] real_p1_mirror_hole_cov=0.0742 real_p1_skipped=1.0000 real_p1_hole_frac=0.1982 real_p2_eps=0.5680 real_p2_hit=1.0000 real_p2_t=10.0000 real_p2_ldif=0.0055 real_p2_gen_adv=0.3227 real_p2_lfm=0.0069 real_total=0.6196 discr_adv=0.9841 p2_d_real=-0.2909 p2_d_fake=-0.3227 g_grad_abs=1807.9103 d_grad_abs=394.3083 synth_eps=0.0637 synth_eps_raw=0.0637 synth_x0_hit=0.0000 synth_total=0.0637 extra_render_attn_share=0.5264
[step 28100] real_p1_mirror_hole_cov=0.0540 real_p1_skipped=1.0000 real_p1_hole_frac=0.5196 real_p2_eps=0.5398 real_p2_hit=1.0000 real_p2_t=35.0000 real_p2_ldif=0.0185 real_p2_gen_adv=0.3682 real_p2_lfm=0.0027 real_total=0.6006 discr_adv=1.0023 p2_d_real=-0.3727 p2_d_fake=-0.3682 g_grad_abs=1006.2894 d_grad_abs=52.0871 synth_eps=0.3082 synth_eps_raw=0.3082 synth_x0_hit=1.0000 synth_x0_t=175.0000 synth_x0_ldif=0.0811 synth_x0_gen_adv=0.3106 synth_x0_lfm=0.0242 synth_total=0.4688 extra_render_attn_share=0.5264
[step 28150] real_p1_mirror_hole_cov=0.0484 real_p1_skipped=1.0000 real_p1_hole_frac=0.5283 real_p2_eps=0.0095 real_p2_hit=0.0000 real_total=0.0095 synth_eps=0.0658 synth_eps_raw=0.0658 synth_x0_hit=0.0000 synth_total=0.0658 extra_render_attn_share=0.5264
[step 28200] real_p1_mirror_hole_cov=0.1602 real_p1_skipped=1.0000 real_p1_hole_frac=0.2397 real_p2_eps=0.0677 real_p2_hit=0.0000 real_total=0.0677 discr_adv=0.9918 x0_d_real=-0.2227 x0_d_fake=-0.2396 g_grad_abs=375.2944 d_grad_abs=166.7633 synth_eps=0.5702 synth_eps_raw=0.5702 synth_x0_hit=1.0000 synth_x0_t=51.0000 synth_x0_ldif=0.0297 synth_x0_gen_adv=-0.0880 synth_x0_lfm=0.0041 synth_total=0.5993 extra_render_attn_share=0.5264
[step 28250] real_p1_mirror_hole_cov=0.1067 real_p1_skipped=1.0000 real_p1_hole_frac=0.2782 real_p2_eps=0.3970 real_p2_hit=1.0000 real_p2_t=63.0000 real_p2_ldif=0.0264 real_p2_gen_adv=0.3106 real_p2_lfm=0.0014 real_total=0.4573 discr_adv=0.9962 p2_d_real=-0.3030 p2_d_fake=-0.3106 g_grad_abs=961.3554 d_grad_abs=66.1251 synth_eps=0.1702 synth_eps_raw=0.1702 synth_x0_hit=1.0000 synth_x0_t=215.0000 synth_x0_ldif=0.0629 synth_x0_gen_adv=0.4040 synth_x0_lfm=0.0054 synth_total=0.2843 extra_render_attn_share=0.5264
[step 28300] real_p1_mirror_hole_cov=0.1844 real_p1_skipped=1.0000 real_p1_hole_frac=0.3521 real_p2_eps=0.0797 real_p2_hit=0.0000 real_total=0.0797 synth_eps=0.0246 synth_eps_raw=0.0246 synth_x0_hit=0.0000 synth_total=0.0246 extra_render_attn_share=0.5264
[step 28350] real_p1_mirror_hole_cov=0.0449 real_p1_skipped=1.0000 real_p1_hole_frac=0.1626 real_p2_eps=0.1022 real_p2_hit=0.0000 real_total=0.1022 synth_eps=0.0266 synth_eps_raw=0.0266 synth_x0_hit=0.0000 synth_total=0.0266 extra_render_attn_share=0.5264
[step 28400] real_p1_mirror_hole_cov=0.1974 real_p1_skipped=1.0000 real_p1_hole_frac=0.2868 real_p2_eps=0.0949 real_p2_hit=0.0000 real_total=0.0949 synth_eps=0.1597 synth_eps_raw=0.1597 synth_x0_hit=0.0000 synth_total=0.1597 extra_render_attn_share=0.5264
[step 28450] real_p1_mirror_hole_cov=0.0089 real_p1_skipped=1.0000 real_p1_hole_frac=0.3928 real_p2_eps=0.1219 real_p2_hit=0.0000 real_total=0.1219 synth_eps=0.0463 synth_eps_raw=0.0463 synth_x0_hit=0.0000 synth_total=0.0463 extra_render_attn_share=0.5264
[step 28500] real_p1_mirror_hole_cov=0.3150 real_p1_skipped=1.0000 real_p1_hole_frac=0.1685 real_p2_eps=0.0174 real_p2_hit=0.0000 real_total=0.0174 synth_eps=0.0382 synth_eps_raw=0.0382 synth_x0_hit=0.0000 synth_total=0.0382 extra_render_attn_share=0.5264
[images] real: anchor | cond1 | cond2 | inv_warp_mirror | mask | mask_inv | warp_img | warp_warp_img | x | y_hat | y_hat_novel -> /home/xzy/warpgan-diffusiong-inpainting/warpgan-diffusion-inpainting-main/experiments/train_inpainting_diffusion/[20260911-143749]_v18w3_w3d_30k/logs/images/train/real_step0028500.png
[images] synth: cond | mask | target | warp_img | x | y_hat_novel -> /home/xzy/warpgan-diffusiong-inpainting/warpgan-diffusion-inpainting-main/experiments/train_inpainting_diffusion/[20260911-143749]_v18w3_w3d_30k/logs/images/train/synth_step0028500.png
[step 28550] real_p1_mirror_hole_cov=0.1276 real_p1_skipped=1.0000 real_p1_hole_frac=0.3277 real_p2_eps=0.0098 real_p2_hit=0.0000 real_total=0.0098 synth_eps=0.0043 synth_eps_raw=0.0043 synth_x0_hit=0.0000 synth_total=0.0043 extra_render_attn_share=0.5264
[step 28600] real_p1_mirror_hole_cov=0.0256 real_p1_skipped=1.0000 real_p1_hole_frac=0.1238 real_p2_eps=0.0115 real_p2_hit=0.0000 real_total=0.0115 discr_adv=0.9786 x0_d_real=-0.1601 x0_d_fake=-0.2028 g_grad_abs=123.4216 d_grad_abs=206.6985 synth_eps=0.7256 synth_eps_raw=0.7256 synth_x0_hit=1.0000 synth_x0_t=11.0000 synth_x0_ldif=0.0077 synth_x0_gen_adv=-0.3486 synth_x0_lfm=0.0006 synth_total=0.6997 extra_render_attn_share=0.5264
[step 28650] real_p1_mirror_hole_cov=0.0056 real_p1_skipped=1.0000 real_p1_hole_frac=0.0749 real_p2_eps=0.0517 real_p2_hit=0.0000 real_total=0.0517 synth_eps=0.1144 synth_eps_raw=0.1144 synth_x0_hit=0.0000 synth_total=0.1144 extra_render_attn_share=0.5264
[step 28700] real_p1_mirror_hole_cov=0.0344 real_p1_skipped=1.0000 real_p1_hole_frac=0.3021 real_p2_eps=0.1670 real_p2_hit=1.0000 real_p2_t=217.0000 real_p2_ldif=0.0627 real_p2_gen_adv=0.0665 real_p2_lfm=0.0031 real_total=0.2426 discr_adv=1.9821 x0_d_real=-0.4907 x0_d_fake=-0.5185 p2_d_real=-0.0467 p2_d_fake=-0.0665 g_grad_abs=1030.9595 d_grad_abs=568.9449 synth_eps=0.0153 synth_eps_raw=0.0153 synth_x0_hit=0.0000 synth_total=0.0153 extra_render_attn_share=0.5264
[step 28750] real_p1_mirror_hole_cov=0.3638 real_p1_skipped=1.0000 real_p1_hole_frac=0.1718 real_p2_eps=0.0361 real_p2_hit=0.0000 real_total=0.0361 synth_eps=0.0215 synth_eps_raw=0.0215 synth_x0_hit=0.0000 synth_total=0.0215 extra_render_attn_share=0.5264
[step 28800] real_p1_mirror_hole_cov=0.0417 real_p1_skipped=1.0000 real_p1_hole_frac=0.3132 real_p2_eps=0.1473 real_p2_hit=0.0000 real_total=0.1473 synth_eps=0.6866 synth_eps_raw=0.6866 synth_x0_hit=1.0000 synth_x0_t=17.0000 synth_x0_ldif=0.0111 synth_x0_gen_adv=0.4634 synth_x0_lfm=0.0020 synth_total=0.7480 extra_render_attn_share=0.5264
[step 28850] real_p1_mirror_hole_cov=0.0878 real_p1_skipped=1.0000 real_p1_hole_frac=0.1953 real_p2_eps=0.0986 real_p2_hit=1.0000 real_p2_t=298.0000 real_p2_ldif=0.0674 real_p2_gen_adv=0.0494 real_p2_lfm=0.0168 real_total=0.2045 discr_adv=0.9743 p2_d_real=0.0020 p2_d_fake=-0.0494 g_grad_abs=3521.8064 d_grad_abs=363.7270 synth_eps=0.0767 synth_eps_raw=0.0767 synth_x0_hit=0.0000 synth_total=0.0767 extra_render_attn_share=0.5264
[step 28900] real_p1_mirror_hole_cov=0.0668 real_p1_skipped=1.0000 real_p1_hole_frac=0.0147 real_p2_eps=0.0700 real_p2_hit=1.0000 real_p2_t=185.0000 real_p2_ldif=0.0201 real_p2_gen_adv=0.4108 real_p2_lfm=0.0086 real_total=0.1484 discr_adv=1.0168 p2_d_real=-0.4439 p2_d_fake=-0.4108 g_grad_abs=2379.2801 d_grad_abs=256.1511 synth_eps=0.0065 synth_eps_raw=0.0065 synth_x0_hit=0.0000 synth_total=0.0065 extra_render_attn_share=0.5264
[step 28950] real_p1_mirror_hole_cov=0.2583 real_p1_skipped=1.0000 real_p1_hole_frac=0.0825 real_p2_eps=0.1410 real_p2_hit=1.0000 real_p2_t=118.0000 real_p2_ldif=0.0208 real_p2_gen_adv=-0.0742 real_p2_lfm=0.0011 real_total=0.1567 discr_adv=1.0087 p2_d_real=0.0569 p2_d_fake=0.0742 g_grad_abs=754.1106 d_grad_abs=131.8122 synth_eps=0.0019 synth_eps_raw=0.0019 synth_x0_hit=0.0000 synth_total=0.0019 extra_render_attn_share=0.5264
[step 29000] real_p1_mirror_hole_cov=0.0660 real_p1_skipped=1.0000 real_p1_hole_frac=0.1597 real_p2_eps=0.0113 real_p2_hit=0.0000 real_total=0.0113 synth_eps=0.0048 synth_eps_raw=0.0048 synth_x0_hit=0.0000 synth_total=0.0048 extra_render_attn_share=0.5264
[images] real: anchor | cond1 | cond2 | inv_warp_mirror | mask | mask_inv | warp_img | warp_warp_img | x | y_hat | y_hat_novel -> /home/xzy/warpgan-diffusiong-inpainting/warpgan-diffusion-inpainting-main/experiments/train_inpainting_diffusion/[20260911-143749]_v18w3_w3d_30k/logs/images/train/real_step0029000.png
[images] synth: cond | mask | target | warp_img | x | y_hat_novel -> /home/xzy/warpgan-diffusiong-inpainting/warpgan-diffusion-inpainting-main/experiments/train_inpainting_diffusion/[20260911-143749]_v18w3_w3d_30k/logs/images/train/synth_step0029000.png
[step 29050] real_p1_mirror_hole_cov=0.0391 real_p1_skipped=1.0000 real_p1_hole_frac=0.1280 real_p2_eps=0.0012 real_p2_hit=0.0000 real_total=0.0012 synth_eps=0.1798 synth_eps_raw=0.1798 synth_x0_hit=1.0000 synth_x0_t=283.0000 synth_x0_ldif=0.1114 synth_x0_gen_adv=0.3951 synth_x0_lfm=0.0651 synth_total=0.4609 extra_render_attn_share=0.5264
[step 29100] real_p1_mirror_hole_cov=0.1771 real_p1_skipped=1.0000 real_p1_hole_frac=0.3646 real_p2_eps=0.0364 real_p2_hit=0.0000 real_total=0.0364 synth_eps=0.1238 synth_eps_raw=0.1238 synth_x0_hit=0.0000 synth_total=0.1238 extra_render_attn_share=0.5264
[step 29150] real_p1_mirror_hole_cov=0.1611 real_p1_skipped=1.0000 real_p1_hole_frac=0.3175 real_p2_eps=0.4778 real_p2_hit=1.0000 real_p2_t=34.0000 real_p2_ldif=0.0159 real_p2_gen_adv=-0.2669 real_p2_lfm=0.0014 real_total=0.4697 discr_adv=0.9895 p2_d_real=0.2880 p2_d_fake=0.2669 g_grad_abs=950.6982 d_grad_abs=141.1094 synth_eps=0.1721 synth_eps_raw=0.1721 synth_x0_hit=1.0000 synth_x0_t=290.0000 synth_x0_ldif=0.1113 synth_x0_gen_adv=-0.2623 synth_x0_lfm=0.0187 synth_total=0.2945 extra_render_attn_share=0.5264
[step 29200] real_p1_mirror_hole_cov=0.2384 real_p1_skipped=1.0000 real_p1_hole_frac=0.5577 real_p2_eps=0.4024 real_p2_hit=1.0000 real_p2_t=76.0000 real_p2_ldif=0.0336 real_p2_gen_adv=-0.2859 real_p2_lfm=0.0032 real_total=0.4138 discr_adv=0.9764 p2_d_real=0.3355 p2_d_fake=0.2859 g_grad_abs=862.3600 d_grad_abs=520.4123 synth_eps=0.1876 synth_eps_raw=0.1876 synth_x0_hit=1.0000 synth_x0_t=291.0000 synth_x0_ldif=0.1222 synth_x0_gen_adv=-0.1778 synth_x0_lfm=0.0067 synth_total=0.3054 extra_render_attn_share=0.5264
[step 29250] real_p1_mirror_hole_cov=0.1877 real_p1_skipped=1.0000 real_p1_hole_frac=0.3393 real_p2_eps=0.2801 real_p2_hit=1.0000 real_p2_t=116.0000 real_p2_ldif=0.0404 real_p2_gen_adv=-0.4160 real_p2_lfm=0.0024 real_total=0.2836 discr_adv=0.9789 p2_d_real=0.4581 p2_d_fake=0.4160 g_grad_abs=864.5318 d_grad_abs=253.7598 synth_eps=0.0574 synth_eps_raw=0.0574 synth_x0_hit=0.0000 synth_total=0.0574 extra_render_attn_share=0.5264
[step 29300] real_p1_mirror_hole_cov=0.0868 real_p1_skipped=1.0000 real_p1_hole_frac=0.4344 real_p2_eps=0.3153 real_p2_hit=1.0000 real_p2_t=111.0000 real_p2_ldif=0.0429 real_p2_gen_adv=0.1947 real_p2_lfm=0.0031 real_total=0.3838 discr_adv=0.9846 p2_d_real=-0.1638 p2_d_fake=-0.1947 g_grad_abs=932.4102 d_grad_abs=321.7077 synth_eps=0.3082 synth_eps_raw=0.3082 synth_x0_hit=1.0000 synth_x0_t=137.0000 synth_x0_ldif=0.0561 synth_x0_gen_adv=0.3866 synth_x0_lfm=0.0057 synth_total=0.4143 extra_render_attn_share=0.5264
[step 29350] real_p1_mirror_hole_cov=0.1359 real_p1_skipped=1.0000 real_p1_hole_frac=0.4951 real_p2_eps=0.2775 real_p2_hit=1.0000 real_p2_t=162.0000 real_p2_ldif=0.0648 real_p2_gen_adv=-0.2176 real_p2_lfm=0.0051 real_total=0.3307 discr_adv=0.9964 p2_d_real=0.2248 p2_d_fake=0.2176 g_grad_abs=900.5244 d_grad_abs=164.1412 synth_eps=0.6016 synth_eps_raw=0.6016 synth_x0_hit=1.0000 synth_x0_t=35.0000 synth_x0_ldif=0.0206 synth_x0_gen_adv=-0.1435 synth_x0_lfm=0.0036 synth_total=0.6150 extra_render_attn_share=0.5264
[step 29400] real_p1_mirror_hole_cov=0.0021 real_p1_skipped=1.0000 real_p1_hole_frac=0.2545 real_p2_eps=0.0023 real_p2_hit=0.0000 real_total=0.0023 synth_eps=0.0520 synth_eps_raw=0.0520 synth_x0_hit=0.0000 synth_total=0.0520 extra_render_attn_share=0.5264
[step 29450] real_p1_mirror_hole_cov=0.0600 real_p1_skipped=1.0000 real_p1_hole_frac=0.3225 real_p2_eps=0.1806 real_p2_hit=1.0000 real_p2_t=291.0000 real_p2_ldif=0.1176 real_p2_gen_adv=-0.5618 real_p2_lfm=0.0065 real_total=0.2551 discr_adv=1.9584 x0_d_real=0.5815 x0_d_fake=0.5523 p2_d_real=0.6158 p2_d_fake=0.5618 g_grad_abs=1403.0996 d_grad_abs=653.6410 synth_eps=0.0214 synth_eps_raw=0.0214 synth_x0_hit=0.0000 synth_total=0.0214 extra_render_attn_share=0.5264
[step 29500] real_p1_mirror_hole_cov=0.0825 real_p1_skipped=1.0000 real_p1_hole_frac=0.3396 real_p2_eps=0.0017 real_p2_hit=0.0000 real_total=0.0017 synth_eps=0.0226 synth_eps_raw=0.0226 synth_x0_hit=0.0000 synth_total=0.0226 extra_render_attn_share=0.5264
[images] real: anchor | cond1 | cond2 | inv_warp_mirror | mask | mask_inv | warp_img | warp_warp_img | x | y_hat | y_hat_novel -> /home/xzy/warpgan-diffusiong-inpainting/warpgan-diffusion-inpainting-main/experiments/train_inpainting_diffusion/[20260911-143749]_v18w3_w3d_30k/logs/images/train/real_step0029500.png
[images] synth: cond | mask | target | warp_img | x | y_hat_novel -> /home/xzy/warpgan-diffusiong-inpainting/warpgan-diffusion-inpainting-main/experiments/train_inpainting_diffusion/[20260911-143749]_v18w3_w3d_30k/logs/images/train/synth_step0029500.png
[step 29550] real_p1_mirror_hole_cov=0.0470 real_p1_skipped=1.0000 real_p1_hole_frac=0.1663 real_p2_eps=0.0143 real_p2_hit=0.0000 real_total=0.0143 synth_eps=0.0946 synth_eps_raw=0.0946 synth_x0_hit=0.0000 synth_total=0.0946 extra_render_attn_share=0.5264
[step 29600] real_p1_mirror_hole_cov=0.0340 real_p1_skipped=1.0000 real_p1_hole_frac=0.2021 real_p2_eps=0.2663 real_p2_hit=1.0000 real_p2_t=108.0000 real_p2_ldif=0.0349 real_p2_gen_adv=-0.7931 real_p2_lfm=0.0014 real_total=0.2246 discr_adv=1.9708 x0_d_real=0.3547 x0_d_fake=0.2920 p2_d_real=0.7888 p2_d_fake=0.7931 g_grad_abs=1029.4243 d_grad_abs=629.2109 synth_eps=0.1971 synth_eps_raw=0.1971 synth_x0_hit=1.0000 synth_x0_t=269.0000 synth_x0_ldif=0.1097 synth_x0_gen_adv=-0.4990 synth_x0_lfm=0.0082 synth_total=0.2733 extra_render_attn_share=0.5264
[step 29650] real_p1_mirror_hole_cov=0.1952 real_p1_skipped=1.0000 real_p1_hole_frac=0.4565 real_p2_eps=0.0170 real_p2_hit=0.0000 real_total=0.0170 discr_adv=0.9975 x0_d_real=0.7525 x0_d_fake=0.7475 g_grad_abs=123.1549 d_grad_abs=54.4221 synth_eps=0.3320 synth_eps_raw=0.3320 synth_x0_hit=1.0000 synth_x0_t=148.0000 synth_x0_ldif=0.0677 synth_x0_gen_adv=-0.6720 synth_x0_lfm=0.0031 synth_total=0.3387 extra_render_attn_share=0.5264
[step 29700] real_p1_mirror_hole_cov=0.1227 real_p1_skipped=1.0000 real_p1_hole_frac=0.3062 real_p2_eps=0.0072 real_p2_hit=0.0000 real_total=0.0072 synth_eps=0.8040 synth_eps_raw=0.8040 synth_x0_hit=1.0000 synth_x0_t=8.0000 synth_x0_ldif=0.0063 synth_x0_gen_adv=-0.2863 synth_x0_lfm=0.0004 synth_total=0.7823 extra_render_attn_share=0.5264
[step 29750] real_p1_mirror_hole_cov=0.1699 real_p1_skipped=1.0000 real_p1_hole_frac=0.3874 real_p2_eps=0.0320 real_p2_hit=0.0000 real_total=0.0320 discr_adv=0.9413 x0_d_real=0.6984 x0_d_fake=0.5807 g_grad_abs=173.3265 d_grad_abs=649.3827 synth_eps=0.0037 synth_eps_raw=0.0037 synth_x0_hit=0.0000 synth_total=0.0037 extra_render_attn_share=0.5264
[step 29800] real_p1_mirror_hole_cov=0.3815 real_p1_skipped=1.0000 real_p1_hole_frac=0.1073 real_p2_eps=0.0008 real_p2_hit=0.0000 real_total=0.0008 discr_adv=1.0168 x0_d_real=0.9205 x0_d_fake=0.9175 g_grad_abs=56.8450 d_grad_abs=651.7942 synth_eps=0.1843 synth_eps_raw=0.1843 synth_x0_hit=1.0000 synth_x0_t=264.0000 synth_x0_ldif=0.0989 synth_x0_gen_adv=-0.1780 synth_x0_lfm=0.0099 synth_total=0.2851 extra_render_attn_share=0.5264
[step 29850] real_p1_mirror_hole_cov=0.0219 real_p1_skipped=1.0000 real_p1_hole_frac=0.1621 real_p2_eps=0.0023 real_p2_hit=0.0000 real_total=0.0023 synth_eps=0.2161 synth_eps_raw=0.2161 synth_x0_hit=1.0000 synth_x0_t=266.0000 synth_x0_ldif=0.1177 synth_x0_gen_adv=-0.4320 synth_x0_lfm=0.0098 synth_total=0.3103 extra_render_attn_share=0.5264
[step 29900] real_p1_mirror_hole_cov=0.0420 real_p1_skipped=1.0000 real_p1_hole_frac=0.1569 real_p2_eps=0.1079 real_p2_hit=0.0000 real_total=0.1079 synth_eps=0.2411 synth_eps_raw=0.2411 synth_x0_hit=1.0000 synth_x0_t=218.0000 synth_x0_ldif=0.0912 synth_x0_gen_adv=-0.2817 synth_x0_lfm=0.0134 synth_total=0.3309 extra_render_attn_share=0.5264
[step 29950] real_p1_mirror_hole_cov=0.1306 real_p1_skipped=1.0000 real_p1_hole_frac=0.5412 real_p2_eps=0.1011 real_p2_hit=0.0000 real_total=0.1011 synth_eps=0.0093 synth_eps_raw=0.0093 synth_x0_hit=0.0000 synth_total=0.0093 extra_render_attn_share=0.5264
[ckpt] saved /home/xzy/warpgan-diffusiong-inpainting/warpgan-diffusion-inpainting-main/experiments/train_inpainting_diffusion/[20260911-143749]_v18w3_w3d_30k/checkpoints/iteration_0029999.pt
[val step 29999] val_novel_full=0.0738 val_novel_hole=0.1118 val_novel_visible=0.0644
[step 30000] real_p1_mirror_hole_cov=0.1742 real_p1_skipped=1.0000 real_p1_hole_frac=0.5629 real_p2_eps=0.8066 real_p2_hit=1.0000 real_p2_t=8.0000 real_p2_ldif=0.0063 real_p2_gen_adv=-0.4820 real_p2_lfm=0.0006 real_total=0.7660 discr_adv=0.9932 p2_d_real=0.4955 p2_d_fake=0.4820 g_grad_abs=831.7141 d_grad_abs=71.7076 synth_eps=0.0666 synth_eps_raw=0.0666 synth_x0_hit=0.0000 synth_total=0.0666 extra_render_attn_share=0.5277
[images] real: anchor | cond1 | cond2 | inv_warp_mirror | mask | mask_inv | warp_img | warp_warp_img | x | y_hat | y_hat_novel -> /home/xzy/warpgan-diffusiong-inpainting/warpgan-diffusion-inpainting-main/experiments/train_inpainting_diffusion/[20260911-143749]_v18w3_w3d_30k/logs/images/train/real_step0030000.png
[images] synth: cond | mask | target | warp_img | x | y_hat_novel -> /home/xzy/warpgan-diffusiong-inpainting/warpgan-diffusion-inpainting-main/experiments/train_inpainting_diffusion/[20260911-143749]_v18w3_w3d_30k/logs/images/train/synth_step0030000.png
[step 30050] real_p1_mirror_hole_cov=0.0464 real_p1_skipped=1.0000 real_p1_hole_frac=0.0444 real_p2_eps=0.0008 real_p2_hit=0.0000 real_total=0.0008 synth_eps=0.0260 synth_eps_raw=0.0260 synth_x0_hit=0.0000 synth_total=0.0260 extra_render_attn_share=0.5277
[step 30100] real_p1_mirror_hole_cov=0.0215 real_p1_skipped=1.0000 real_p1_hole_frac=0.2483 real_p2_eps=0.0735 real_p2_hit=0.0000 real_total=0.0735 synth_eps=0.0048 synth_eps_raw=0.0048 synth_x0_hit=0.0000 synth_total=0.0048 extra_render_attn_share=0.5277
[step 30150] real_p1_mirror_hole_cov=0.1485 real_p1_skipped=1.0000 real_p1_hole_frac=0.2366 real_p2_eps=0.4811 real_p2_hit=1.0000 real_p2_t=41.0000 real_p2_ldif=0.0196 real_p2_gen_adv=-0.1233 real_p2_lfm=0.0018 real_total=0.4919 discr_adv=0.9891 p2_d_real=0.1451 p2_d_fake=0.1233 g_grad_abs=1119.5829 d_grad_abs=93.6005 synth_eps=0.0496 synth_eps_raw=0.0496 synth_x0_hit=0.0000 synth_total=0.0496 extra_render_attn_share=0.5277
[step 30200] real_p1_mirror_hole_cov=0.2562 real_p1_skipped=1.0000 real_p1_hole_frac=0.3905 real_p2_eps=0.2555 real_p2_hit=1.0000 real_p2_t=219.0000 real_p2_ldif=0.0975 real_p2_gen_adv=-0.3666 real_p2_lfm=0.0203 real_total=0.3569 discr_adv=2.0497 x0_d_real=-0.3564 x0_d_fake=-0.3623 p2_d_real=0.2614 p2_d_fake=0.3666 g_grad_abs=2653.6342 d_grad_abs=502.5338 synth_eps=0.4393 synth_eps_raw=0.4393 synth_x0_hit=1.0000 synth_x0_t=115.0000 synth_x0_ldif=0.0626 synth_x0_gen_adv=0.2928 synth_x0_lfm=0.0039 synth_total=0.5391 extra_render_attn_share=0.5277
[step 30250] real_p1_mirror_hole_cov=0.1541 real_p1_skipped=1.0000 real_p1_hole_frac=0.3130 real_p2_eps=0.0111 real_p2_hit=0.0000 real_total=0.0111 synth_eps=0.4953 synth_eps_raw=0.4953 synth_x0_hit=1.0000 synth_x0_t=86.0000 synth_x0_ldif=0.0482 synth_x0_gen_adv=-0.2035 synth_x0_lfm=0.0075 synth_total=0.5382 extra_render_attn_share=0.5277
[step 30300] real_p1_mirror_hole_cov=0.0428 real_p1_skipped=1.0000 real_p1_hole_frac=0.4521 real_p2_eps=0.3437 real_p2_hit=1.0000 real_p2_t=100.0000 real_p2_ldif=0.0407 real_p2_gen_adv=-0.5735 real_p2_lfm=0.0031 real_total=0.3331 discr_adv=0.9941 p2_d_real=0.5852 p2_d_fake=0.5735 g_grad_abs=890.3883 d_grad_abs=157.5107 synth_eps=0.0048 synth_eps_raw=0.0048 synth_x0_hit=0.0000 synth_total=0.0048 extra_render_attn_share=0.5277
[step 30350] real_p1_mirror_hole_cov=0.1488 real_p1_skipped=1.0000 real_p1_hole_frac=0.3583 real_p2_eps=0.7426 real_p2_hit=1.0000 real_p2_t=6.0000 real_p2_ldif=0.0045 real_p2_gen_adv=-0.2948 real_p2_lfm=0.0005 real_total=0.7187 discr_adv=1.9435 x0_d_real=0.5988 x0_d_fake=0.5017 p2_d_real=0.3111 p2_d_fake=0.2948 g_grad_abs=871.4011 d_grad_abs=869.2336 synth_eps=0.0042 synth_eps_raw=0.0042 synth_x0_hit=0.0000 synth_total=0.0042 extra_render_attn_share=0.5277
[step 30400] real_p1_mirror_hole_cov=0.1628 real_p1_skipped=1.0000 real_p1_hole_frac=0.5523 real_p2_eps=0.3569 real_p2_hit=1.0000 real_p2_t=145.0000 real_p2_ldif=0.0706 real_p2_gen_adv=0.5074 real_p2_lfm=0.0106 real_total=0.4995 discr_adv=0.9798 p2_d_real=-0.4669 p2_d_fake=-0.5074 g_grad_abs=1341.6092 d_grad_abs=387.2070 synth_eps=0.0573 synth_eps_raw=0.0573 synth_x0_hit=0.0000 synth_total=0.0573 extra_render_attn_share=0.5277
[step 30450] real_p1_mirror_hole_cov=0.0655 real_p1_skipped=1.0000 real_p1_hole_frac=0.3859 real_p2_eps=0.0067 real_p2_hit=0.0000 real_total=0.0067 synth_eps=0.0312 synth_eps_raw=0.0312 synth_x0_hit=0.0000 synth_total=0.0312 extra_render_attn_share=0.5277
[step 30500] real_p1_mirror_hole_cov=0.1239 real_p1_skipped=1.0000 real_p1_hole_frac=0.3984 real_p2_eps=0.0504 real_p2_hit=0.0000 real_total=0.0504 synth_eps=0.0164 synth_eps_raw=0.0164 synth_x0_hit=0.0000 synth_total=0.0164 extra_render_attn_share=0.5277
[images] real: anchor | cond1 | cond2 | inv_warp_mirror | mask | mask_inv | warp_img | warp_warp_img | x | y_hat | y_hat_novel -> /home/xzy/warpgan-diffusiong-inpainting/warpgan-diffusion-inpainting-main/experiments/train_inpainting_diffusion/[20260911-143749]_v18w3_w3d_30k/logs/images/train/real_step0030500.png
[images] synth: cond | mask | target | warp_img | x | y_hat_novel -> /home/xzy/warpgan-diffusiong-inpainting/warpgan-diffusion-inpainting-main/experiments/train_inpainting_diffusion/[20260911-143749]_v18w3_w3d_30k/logs/images/train/synth_step0030500.png
[step 30550] real_p1_mirror_hole_cov=0.1162 real_p1_skipped=1.0000 real_p1_hole_frac=0.3898 real_p2_eps=0.0018 real_p2_hit=0.0000 real_total=0.0018 synth_eps=0.0034 synth_eps_raw=0.0034 synth_x0_hit=0.0000 synth_total=0.0034 extra_render_attn_share=0.5277
[step 30600] real_p1_mirror_hole_cov=0.3676 real_p1_skipped=1.0000 real_p1_hole_frac=0.3505 real_p2_eps=0.1050 real_p2_hit=0.0000 real_total=0.1050 synth_eps=0.0683 synth_eps_raw=0.0683 synth_x0_hit=0.0000 synth_total=0.0683 extra_render_attn_share=0.5277
[step 30650] real_p1_mirror_hole_cov=0.0735 real_p1_skipped=1.0000 real_p1_hole_frac=0.4551 real_p2_eps=0.0971 real_p2_hit=0.0000 real_total=0.0971 synth_eps=0.0119 synth_eps_raw=0.0119 synth_x0_hit=0.0000 synth_total=0.0119 extra_render_attn_share=0.5277
[step 30700] real_p1_mirror_hole_cov=0.0527 real_p1_skipped=1.0000 real_p1_hole_frac=0.0939 real_p2_eps=0.0505 real_p2_hit=0.0000 real_total=0.0505 discr_adv=1.0155 x0_d_real=-0.1241 x0_d_fake=-0.0931 g_grad_abs=592.7687 d_grad_abs=198.3435 synth_eps=0.0209 synth_eps_raw=0.0209 synth_x0_hit=0.0000 synth_total=0.0209 extra_render_attn_share=0.5277
[step 30750] real_p1_mirror_hole_cov=0.0720 real_p1_skipped=1.0000 real_p1_hole_frac=0.1307 real_p2_eps=0.0188 real_p2_hit=0.0000 real_total=0.0188 synth_eps=0.1040 synth_eps_raw=0.1040 synth_x0_hit=0.0000 synth_total=0.1040 extra_render_attn_share=0.5277
[step 30800] real_p1_mirror_hole_cov=0.0161 real_p1_skipped=1.0000 real_p1_hole_frac=0.1312 real_p2_eps=0.0630 real_p2_hit=0.0000 real_total=0.0630 synth_eps=0.1331 synth_eps_raw=0.1331 synth_x0_hit=1.0000 synth_x0_t=251.0000 synth_x0_ldif=0.0649 synth_x0_gen_adv=-0.2606 synth_x0_lfm=0.0196 synth_total=0.2111 extra_render_attn_share=0.5277
[step 30850] real_p1_mirror_hole_cov=0.1283 real_p1_skipped=1.0000 real_p1_hole_frac=0.3736 real_p2_eps=0.0031 real_p2_hit=0.0000 real_total=0.0031 synth_eps=0.3689 synth_eps_raw=0.3689 synth_x0_hit=1.0000 synth_x0_t=137.0000 synth_x0_ldif=0.0672 synth_x0_gen_adv=-0.6254 synth_x0_lfm=0.0028 synth_total=0.3790 extra_render_attn_share=0.5277
[step 30900] real_p1_mirror_hole_cov=0.0462 real_p1_skipped=1.0000 real_p1_hole_frac=0.0937 real_p2_eps=0.0024 real_p2_hit=0.0000 real_total=0.0024 synth_eps=0.9533 synth_eps_raw=0.9533 synth_x0_hit=1.0000 synth_x0_t=0.0000 synth_x0_ldif=0.0008 synth_x0_gen_adv=0.1575 synth_x0_lfm=0.0000 synth_total=0.9700 extra_render_attn_share=0.5277
[step 30950] real_p1_mirror_hole_cov=0.2031 real_p1_skipped=1.0000 real_p1_hole_frac=0.1601 real_p2_eps=0.2628 real_p2_hit=1.0000 real_p2_t=66.0000 real_p2_ldif=0.0185 real_p2_gen_adv=0.1802 real_p2_lfm=0.0011 real_total=0.3015 discr_adv=0.9997 p2_d_real=-0.1797 p2_d_fake=-0.1802 g_grad_abs=843.7940 d_grad_abs=29.6150 synth_eps=0.0538 synth_eps_raw=0.0538 synth_x0_hit=0.0000 synth_total=0.0538 extra_render_attn_share=0.5277
[step 31000] real_p1_mirror_hole_cov=0.1908 real_p1_skipped=1.0000 real_p1_hole_frac=0.2382 real_p2_eps=0.0597 real_p2_hit=0.0000 real_total=0.0597 synth_eps=0.0381 synth_eps_raw=0.0381 synth_x0_hit=0.0000 synth_total=0.0381 extra_render_attn_share=0.5277
[images] real: anchor | cond1 | cond2 | inv_warp_mirror | mask | mask_inv | warp_img | warp_warp_img | x | y_hat | y_hat_novel -> /home/xzy/warpgan-diffusiong-inpainting/warpgan-diffusion-inpainting-main/experiments/train_inpainting_diffusion/[20260911-143749]_v18w3_w3d_30k/logs/images/train/real_step0031000.png
[images] synth: cond | mask | target | warp_img | x | y_hat_novel -> /home/xzy/warpgan-diffusiong-inpainting/warpgan-diffusion-inpainting-main/experiments/train_inpainting_diffusion/[20260911-143749]_v18w3_w3d_30k/logs/images/train/synth_step0031000.png
[step 31050] real_p1_mirror_hole_cov=0.0675 real_p1_skipped=1.0000 real_p1_hole_frac=0.1207 real_p2_eps=0.0534 real_p2_hit=0.0000 real_total=0.0534 discr_adv=0.9990 x0_d_real=0.0919 x0_d_fake=0.0899 g_grad_abs=343.0351 d_grad_abs=99.2001 synth_eps=0.5209 synth_eps_raw=0.5209 synth_x0_hit=1.0000 synth_x0_t=42.0000 synth_x0_ldif=0.0218 synth_x0_gen_adv=0.1502 synth_x0_lfm=0.0021 synth_total=0.5619 extra_render_attn_share=0.5277
[step 31100] real_p1_mirror_hole_cov=0.0816 real_p1_skipped=1.0000 real_p1_hole_frac=0.2494 real_p2_eps=0.0626 real_p2_hit=0.0000 real_total=0.0626 discr_adv=1.0240 x0_d_real=-0.6845 x0_d_fake=-0.6801 g_grad_abs=386.4232 d_grad_abs=1110.9824 synth_eps=0.0046 synth_eps_raw=0.0046 synth_x0_hit=0.0000 synth_total=0.0046 extra_render_attn_share=0.5277
[step 31150] real_p1_mirror_hole_cov=0.0089 real_p1_skipped=1.0000 real_p1_hole_frac=0.0607 real_p2_eps=0.0008 real_p2_hit=0.0000 real_total=0.0008 synth_eps=0.0917 synth_eps_raw=0.0917 synth_x0_hit=0.0000 synth_total=0.0917 extra_render_attn_share=0.5277
[step 31200] real_p1_mirror_hole_cov=0.0232 real_p1_skipped=1.0000 real_p1_hole_frac=0.2379 real_p2_eps=0.0050 real_p2_hit=0.0000 real_total=0.0050 synth_eps=0.0202 synth_eps_raw=0.0202 synth_x0_hit=0.0000 synth_total=0.0202 extra_render_attn_share=0.5277
[step 31250] real_p1_mirror_hole_cov=0.0458 real_p1_skipped=1.0000 real_p1_hole_frac=0.0402 real_p2_eps=0.0692 real_p2_hit=1.0000 real_p2_t=293.0000 real_p2_ldif=0.0457 real_p2_gen_adv=-0.0629 real_p2_lfm=0.0040 real_total=0.1167 discr_adv=1.0264 p2_d_real=0.0101 p2_d_fake=0.0629 g_grad_abs=1053.1725 d_grad_abs=443.4870 synth_eps=0.0270 synth_eps_raw=0.0270 synth_x0_hit=0.0000 synth_total=0.0270 extra_render_attn_share=0.5277
[step 31300] real_p1_mirror_hole_cov=0.0278 real_p1_skipped=1.0000 real_p1_hole_frac=0.0774 real_p2_eps=0.0390 real_p2_hit=0.0000 real_total=0.0390 discr_adv=0.9879 x0_d_real=0.2205 x0_d_fake=0.1963 g_grad_abs=452.4578 d_grad_abs=266.4364 synth_eps=0.4263 synth_eps_raw=0.4263 synth_x0_hit=1.0000 synth_x0_t=70.0000 synth_x0_ldif=0.0322 synth_x0_gen_adv=0.4202 synth_x0_lfm=0.0026 synth_total=0.5057 extra_render_attn_share=0.5277
[step 31350] real_p1_mirror_hole_cov=0.1003 real_p1_skipped=1.0000 real_p1_hole_frac=0.0899 real_p2_eps=0.0167 real_p2_hit=0.0000 real_total=0.0167 synth_eps=0.0473 synth_eps_raw=0.0473 synth_x0_hit=0.0000 synth_total=0.0473 extra_render_attn_share=0.5277
[step 31400] real_p1_mirror_hole_cov=0.0282 real_p1_skipped=1.0000 real_p1_hole_frac=0.4088 real_p2_eps=0.0015 real_p2_hit=0.0000 real_total=0.0015 synth_eps=0.0042 synth_eps_raw=0.0042 synth_x0_hit=0.0000 synth_total=0.0042 extra_render_attn_share=0.5277
[step 31450] real_p1_mirror_hole_cov=0.0630 real_p1_skipped=1.0000 real_p1_hole_frac=0.2283 real_p2_eps=0.0142 real_p2_hit=0.0000 real_total=0.0142 discr_adv=0.9373 x0_d_real=0.2427 x0_d_fake=0.1172 g_grad_abs=266.6847 d_grad_abs=853.3873 synth_eps=0.3015 synth_eps_raw=0.3015 synth_x0_hit=1.0000 synth_x0_t=169.0000 synth_x0_ldif=0.0751 synth_x0_gen_adv=0.4070 synth_x0_lfm=0.0075 synth_total=0.4323 extra_render_attn_share=0.5277
[step 31500] real_p1_mirror_hole_cov=0.0277 real_p1_skipped=1.0000 real_p1_hole_frac=0.0396 real_p2_eps=0.0069 real_p2_hit=0.0000 real_total=0.0069 synth_eps=0.6408 synth_eps_raw=0.6408 synth_x0_hit=1.0000 synth_x0_t=33.0000 synth_x0_ldif=0.0206 synth_x0_gen_adv=-0.3781 synth_x0_lfm=0.0023 synth_total=0.6281 extra_render_attn_share=0.5277
[images] real: anchor | cond1 | cond2 | inv_warp_mirror | mask | mask_inv | warp_img | warp_warp_img | x | y_hat | y_hat_novel -> /home/xzy/warpgan-diffusiong-inpainting/warpgan-diffusion-inpainting-main/experiments/train_inpainting_diffusion/[20260911-143749]_v18w3_w3d_30k/logs/images/train/real_step0031500.png
[images] synth: cond | mask | target | warp_img | x | y_hat_novel -> /home/xzy/warpgan-diffusiong-inpainting/warpgan-diffusion-inpainting-main/experiments/train_inpainting_diffusion/[20260911-143749]_v18w3_w3d_30k/logs/images/train/synth_step0031500.png
[step 31550] real_p1_mirror_hole_cov=0.3736 real_p1_skipped=1.0000 real_p1_hole_frac=0.1721 real_p2_eps=0.0065 real_p2_hit=0.0000 real_total=0.0065 discr_adv=0.9836 x0_d_real=-0.2438 x0_d_fake=-0.2767 g_grad_abs=82.0224 d_grad_abs=234.2811 synth_eps=0.0117 synth_eps_raw=0.0117 synth_x0_hit=0.0000 synth_total=0.0117 extra_render_attn_share=0.5277
[step 31600] real_p1_mirror_hole_cov=0.2287 real_p1_skipped=1.0000 real_p1_hole_frac=0.6032 real_p2_eps=0.2195 real_p2_hit=1.0000 real_p2_t=193.0000 real_p2_ldif=0.0676 real_p2_gen_adv=0.7376 real_p2_lfm=0.0058 real_total=0.3725 discr_adv=1.9857 x0_d_real=-0.4993 x0_d_fake=-0.5095 p2_d_real=-0.7194 p2_d_fake=-0.7376 g_grad_abs=950.8110 d_grad_abs=154.4571 synth_eps=0.0607 synth_eps_raw=0.0607 synth_x0_hit=0.0000 synth_total=0.0607 extra_render_attn_share=0.5277
[step 31650] real_p1_mirror_hole_cov=0.0374 real_p1_skipped=1.0000 real_p1_hole_frac=0.4560 real_p2_eps=0.0510 real_p2_hit=0.0000 real_total=0.0510 discr_adv=0.9958 x0_d_real=0.4297 x0_d_fake=0.4185 g_grad_abs=279.8290 d_grad_abs=144.7846 synth_eps=0.0149 synth_eps_raw=0.0149 synth_x0_hit=0.0000 synth_total=0.0149 extra_render_attn_share=0.5277
[step 31700] real_p1_mirror_hole_cov=0.1472 real_p1_skipped=1.0000 real_p1_hole_frac=0.3386 real_p2_eps=0.1082 real_p2_hit=1.0000 real_p2_t=282.0000 real_p2_ldif=0.0661 real_p2_gen_adv=-0.1409 real_p2_lfm=0.0120 real_total=0.1842 discr_adv=1.0139 p2_d_real=0.1132 p2_d_fake=0.1409 g_grad_abs=4177.0998 d_grad_abs=283.3445 synth_eps=0.0251 synth_eps_raw=0.0251 synth_x0_hit=0.0000 synth_total=0.0251 extra_render_attn_share=0.5277
[step 31750] real_p1_mirror_hole_cov=0.0091 real_p1_skipped=1.0000 real_p1_hole_frac=0.1678 real_p2_eps=0.2355 real_p2_hit=1.0000 real_p2_t=118.0000 real_p2_ldif=0.0348 real_p2_gen_adv=-0.8232 real_p2_lfm=0.0004 real_total=0.1888 discr_adv=0.9999 p2_d_real=0.8234 p2_d_fake=0.8232 g_grad_abs=882.2414 d_grad_abs=25.0520 synth_eps=0.0061 synth_eps_raw=0.0061 synth_x0_hit=0.0000 synth_total=0.0061 extra_render_attn_share=0.5277
[step 31800] real_p1_mirror_hole_cov=0.1811 real_p1_skipped=1.0000 real_p1_hole_frac=0.2724 real_p2_eps=0.0514 real_p2_hit=0.0000 real_total=0.0514 discr_adv=0.9952 x0_d_real=0.5055 x0_d_fake=0.4958 g_grad_abs=565.1125 d_grad_abs=92.0930 synth_eps=0.1550 synth_eps_raw=0.1550 synth_x0_hit=0.0000 synth_total=0.1550 extra_render_attn_share=0.5277
[step 31850] real_p1_mirror_hole_cov=0.3077 real_p1_skipped=1.0000 real_p1_hole_frac=0.3443 real_p2_eps=0.0049 real_p2_hit=0.0000 real_total=0.0049 synth_eps=0.0179 synth_eps_raw=0.0179 synth_x0_hit=0.0000 synth_total=0.0179 extra_render_attn_share=0.5277
[step 31900] real_p1_mirror_hole_cov=0.1107 real_p1_skipped=1.0000 real_p1_hole_frac=0.0821 real_p2_eps=0.1134 real_p2_hit=1.0000 real_p2_t=280.0000 real_p2_ldif=0.0683 real_p2_gen_adv=-0.6805 real_p2_lfm=0.0010 real_total=0.1157 discr_adv=0.9903 p2_d_real=0.6999 p2_d_fake=0.6805 g_grad_abs=986.1745 d_grad_abs=120.3400 synth_eps=0.0268 synth_eps_raw=0.0268 synth_x0_hit=0.0000 synth_total=0.0268 extra_render_attn_share=0.5277
[step 31950] real_p1_mirror_hole_cov=0.1264 real_p1_skipped=1.0000 real_p1_hole_frac=0.2528 real_p2_eps=0.1468 real_p2_hit=1.0000 real_p2_t=263.0000 real_p2_ldif=0.0782 real_p2_gen_adv=0.0678 real_p2_lfm=0.0812 real_total=0.3942 discr_adv=0.9585 p2_d_real=0.0153 p2_d_fake=-0.0678 g_grad_abs=17409.6737 d_grad_abs=1317.2966 synth_eps=0.0404 synth_eps_raw=0.0404 synth_x0_hit=0.0000 synth_total=0.0404 extra_render_attn_share=0.5277
[val step 31999] val_novel_full=0.0801 val_novel_hole=0.1132 val_novel_visible=0.0703
[step 32000] real_p1_mirror_hole_cov=0.0892 real_p1_skipped=1.0000 real_p1_hole_frac=0.2699 real_p2_eps=0.7020 real_p2_hit=1.0000 real_p2_t=7.0000 real_p2_ldif=0.0049 real_p2_gen_adv=-0.0265 real_p2_lfm=0.0008 real_total=0.7058 discr_adv=0.9919 p2_d_real=0.0429 p2_d_fake=0.0265 g_grad_abs=1267.2068 d_grad_abs=97.4203 synth_eps=0.0486 synth_eps_raw=0.0486 synth_x0_hit=0.0000 synth_total=0.0486 extra_render_attn_share=0.5298
[images] real: anchor | cond1 | cond2 | inv_warp_mirror | mask | mask_inv | warp_img | warp_warp_img | x | y_hat | y_hat_novel -> /home/xzy/warpgan-diffusiong-inpainting/warpgan-diffusion-inpainting-main/experiments/train_inpainting_diffusion/[20260911-143749]_v18w3_w3d_30k/logs/images/train/real_step0032000.png
[images] synth: cond | mask | target | warp_img | x | y_hat_novel -> /home/xzy/warpgan-diffusiong-inpainting/warpgan-diffusion-inpainting-main/experiments/train_inpainting_diffusion/[20260911-143749]_v18w3_w3d_30k/logs/images/train/synth_step0032000.png
[step 32050] real_p1_mirror_hole_cov=0.2971 real_p1_skipped=1.0000 real_p1_hole_frac=0.3255 real_p2_eps=0.1833 real_p2_hit=1.0000 real_p2_t=240.0000 real_p2_ldif=0.0823 real_p2_gen_adv=-0.6105 real_p2_lfm=0.0023 real_total=0.2091 discr_adv=0.9810 p2_d_real=0.6485 p2_d_fake=0.6105 g_grad_abs=1048.9401 d_grad_abs=229.8157 synth_eps=0.0091 synth_eps_raw=0.0091 synth_x0_hit=0.0000 synth_total=0.0091 extra_render_attn_share=0.5298
[step 32100] real_p1_mirror_hole_cov=0.0593 real_p1_skipped=1.0000 real_p1_hole_frac=0.2075 real_p2_eps=0.0803 real_p2_hit=0.0000 real_total=0.0803 discr_adv=0.9958 x0_d_real=-0.5083 x0_d_fake=-0.5168 g_grad_abs=465.7738 d_grad_abs=328.3253 synth_eps=0.1073 synth_eps_raw=0.1073 synth_x0_hit=0.0000 synth_total=0.1073 extra_render_attn_share=0.5298
[step 32150] real_p1_mirror_hole_cov=0.0960 real_p1_skipped=1.0000 real_p1_hole_frac=0.0966 real_p2_eps=0.3201 real_p2_hit=1.0000 real_p2_t=34.0000 real_p2_ldif=0.0106 real_p2_gen_adv=0.1625 real_p2_lfm=0.0018 real_total=0.3507 discr_adv=0.9847 p2_d_real=-0.1320 p2_d_fake=-0.1625 g_grad_abs=1001.5918 d_grad_abs=234.9473 synth_eps=0.0032 synth_eps_raw=0.0032 synth_x0_hit=0.0000 synth_total=0.0032 extra_render_attn_share=0.5298
[step 32200] real_p1_mirror_hole_cov=0.1296 real_p1_skipped=1.0000 real_p1_hole_frac=0.4040 real_p2_eps=0.0882 real_p2_hit=0.0000 real_total=0.0882 synth_eps=0.0142 synth_eps_raw=0.0142 synth_x0_hit=0.0000 synth_total=0.0142 extra_render_attn_share=0.5298
[step 32250] real_p1_mirror_hole_cov=0.0036 real_p1_skipped=1.0000 real_p1_hole_frac=0.0758 real_p2_eps=0.1192 real_p2_hit=1.0000 real_p2_t=218.0000 real_p2_ldif=0.0451 real_p2_gen_adv=-0.6505 real_p2_lfm=0.0013 real_total=0.1018 discr_adv=1.0117 p2_d_real=0.6270 p2_d_fake=0.6505 g_grad_abs=792.6602 d_grad_abs=259.7617 synth_eps=0.1967 synth_eps_raw=0.1967 synth_x0_hit=1.0000 synth_x0_t=248.0000 synth_x0_ldif=0.0938 synth_x0_gen_adv=-0.2051 synth_x0_lfm=0.0068 synth_total=0.2836 extra_render_attn_share=0.5298
[step 32300] real_p1_mirror_hole_cov=0.2181 real_p1_skipped=1.0000 real_p1_hole_frac=0.1923 real_p2_eps=0.1692 real_p2_hit=1.0000 real_p2_t=198.0000 real_p2_ldif=0.0544 real_p2_gen_adv=-0.5450 real_p2_lfm=0.0023 real_total=0.1737 discr_adv=1.0209 p2_d_real=0.5031 p2_d_fake=0.5450 g_grad_abs=914.3009 d_grad_abs=340.0084 synth_eps=0.4802 synth_eps_raw=0.4802 synth_x0_hit=1.0000 synth_x0_t=56.0000 synth_x0_ldif=0.0278 synth_x0_gen_adv=-0.5282 synth_x0_lfm=0.0012 synth_total=0.4576 extra_render_attn_share=0.5298
[step 32350] real_p1_mirror_hole_cov=0.1711 real_p1_skipped=1.0000 real_p1_hole_frac=0.2666 real_p2_eps=0.0133 real_p2_hit=0.0000 real_total=0.0133 synth_eps=0.0902 synth_eps_raw=0.0902 synth_x0_hit=0.0000 synth_total=0.0902 extra_render_attn_share=0.5298
[step 32400] real_p1_mirror_hole_cov=0.2864 real_p1_skipped=1.0000 real_p1_hole_frac=0.4140 real_p2_eps=0.0137 real_p2_hit=0.0000 real_total=0.0137 discr_adv=0.9958 x0_d_real=-0.6989 x0_d_fake=-0.7079 g_grad_abs=162.7029 d_grad_abs=147.3886 synth_eps=0.0096 synth_eps_raw=0.0096 synth_x0_hit=0.0000 synth_total=0.0096 extra_render_attn_share=0.5298
[step 32450] real_p1_mirror_hole_cov=0.1873 real_p1_skipped=1.0000 real_p1_hole_frac=0.3320 real_p2_eps=0.1900 real_p2_hit=1.0000 real_p2_t=178.0000 real_p2_ldif=0.0514 real_p2_gen_adv=0.6459 real_p2_lfm=0.0034 real_total=0.3128 discr_adv=1.9853 x0_d_real=-0.7607 x0_d_fake=-0.7699 p2_d_real=-0.6256 p2_d_fake=-0.6459 g_grad_abs=1133.3993 d_grad_abs=137.5102 synth_eps=0.1078 synth_eps_raw=0.1078 synth_x0_hit=0.0000 synth_total=0.1078 extra_render_attn_share=0.5298
[step 32500] real_p1_mirror_hole_cov=0.1793 real_p1_skipped=1.0000 real_p1_hole_frac=0.6114 real_p2_eps=0.2783 real_p2_hit=1.0000 real_p2_t=205.0000 real_p2_ldif=0.0948 real_p2_gen_adv=-0.2566 real_p2_lfm=0.0067 real_total=0.3609 discr_adv=1.9048 x0_d_real=-0.4899 x0_d_fake=-0.5970 p2_d_real=0.3461 p2_d_fake=0.2566 g_grad_abs=1357.8283 d_grad_abs=1886.1861 synth_eps=0.0161 synth_eps_raw=0.0161 synth_x0_hit=0.0000 synth_total=0.0161 extra_render_attn_share=0.5298
[images] real: anchor | cond1 | cond2 | inv_warp_mirror | mask | mask_inv | warp_img | warp_warp_img | x | y_hat | y_hat_novel -> /home/xzy/warpgan-diffusiong-inpainting/warpgan-diffusion-inpainting-main/experiments/train_inpainting_diffusion/[20260911-143749]_v18w3_w3d_30k/logs/images/train/real_step0032500.png
[images] synth: cond | mask | target | warp_img | x | y_hat_novel -> /home/xzy/warpgan-diffusiong-inpainting/warpgan-diffusion-inpainting-main/experiments/train_inpainting_diffusion/[20260911-143749]_v18w3_w3d_30k/logs/images/train/synth_step0032500.png
[step 32550] real_p1_mirror_hole_cov=0.0284 real_p1_skipped=1.0000 real_p1_hole_frac=0.0989 real_p2_eps=0.0097 real_p2_hit=0.0000 real_total=0.0097 synth_eps=0.0026 synth_eps_raw=0.0026 synth_x0_hit=0.0000 synth_total=0.0026 extra_render_attn_share=0.5298
[step 32600] real_p1_mirror_hole_cov=0.0449 real_p1_skipped=1.0000 real_p1_hole_frac=0.1652 real_p2_eps=0.0050 real_p2_hit=0.0000 real_total=0.0050 synth_eps=0.0811 synth_eps_raw=0.0811 synth_x0_hit=0.0000 synth_total=0.0811 extra_render_attn_share=0.5298
[step 32650] real_p1_mirror_hole_cov=0.2229 real_p1_skipped=1.0000 real_p1_hole_frac=0.3813 real_p2_eps=0.0853 real_p2_hit=0.0000 real_total=0.0853 synth_eps=0.2076 synth_eps_raw=0.2076 synth_x0_hit=1.0000 synth_x0_t=279.0000 synth_x0_ldif=0.1242 synth_x0_gen_adv=-0.0917 synth_x0_lfm=0.0221 synth_total=0.3669 extra_render_attn_share=0.5298
[step 32700] real_p1_mirror_hole_cov=0.0130 real_p1_skipped=1.0000 real_p1_hole_frac=0.2898 real_p2_eps=0.0204 real_p2_hit=0.0000 real_total=0.0204 discr_adv=0.9804 x0_d_real=0.2863 x0_d_fake=0.2471 g_grad_abs=253.4683 d_grad_abs=195.4757 synth_eps=0.3112 synth_eps_raw=0.3112 synth_x0_hit=1.0000 synth_x0_t=182.0000 synth_x0_ldif=0.0872 synth_x0_gen_adv=-0.4482 synth_x0_lfm=0.0088 synth_total=0.3712 extra_render_attn_share=0.5298
[step 32750] real_p1_mirror_hole_cov=0.1963 real_p1_skipped=1.0000 real_p1_hole_frac=0.2617 real_p2_eps=0.0547 real_p2_hit=0.0000 real_total=0.0547 synth_eps=0.0652 synth_eps_raw=0.0652 synth_x0_hit=0.0000 synth_total=0.0652 extra_render_attn_share=0.5298
[step 32800] real_p1_mirror_hole_cov=0.0975 real_p1_skipped=1.0000 real_p1_hole_frac=0.0912 real_p2_eps=0.0547 real_p2_hit=0.0000 real_total=0.0547 discr_adv=0.9599 x0_d_real=0.1063 x0_d_fake=0.0261 g_grad_abs=485.6706 d_grad_abs=777.6533 synth_eps=0.0057 synth_eps_raw=0.0057 synth_x0_hit=0.0000 synth_total=0.0057 extra_render_attn_share=0.5298
[step 32850] real_p1_mirror_hole_cov=0.0320 real_p1_skipped=1.0000 real_p1_hole_frac=0.0564 real_p2_eps=0.3882 real_p2_hit=1.0000 real_p2_t=20.0000 real_p2_ldif=0.0074 real_p2_gen_adv=-0.6728 real_p2_lfm=0.0001 real_total=0.3284 discr_adv=1.0009 p2_d_real=0.6710 p2_d_fake=0.6728 g_grad_abs=1329.2411 d_grad_abs=22.2582 synth_eps=0.4674 synth_eps_raw=0.4674 synth_x0_hit=1.0000 synth_x0_t=71.0000 synth_x0_ldif=0.0359 synth_x0_gen_adv=-0.5118 synth_x0_lfm=0.0012 synth_total=0.4546 extra_render_attn_share=0.5298
[step 32900] real_p1_mirror_hole_cov=0.2557 real_p1_skipped=1.0000 real_p1_hole_frac=0.3597 real_p2_eps=0.0330 real_p2_hit=0.0000 real_total=0.0330 synth_eps=0.1034 synth_eps_raw=0.1034 synth_x0_hit=0.0000 synth_total=0.1034 extra_render_attn_share=0.5298
[step 32950] real_p1_mirror_hole_cov=0.0166 real_p1_skipped=1.0000 real_p1_hole_frac=0.1143 real_p2_eps=0.0067 real_p2_hit=0.0000 real_total=0.0067 discr_adv=0.9654 x0_d_real=-0.3511 x0_d_fake=-0.4204 g_grad_abs=97.3015 d_grad_abs=582.8456 synth_eps=0.3713 synth_eps_raw=0.3713 synth_x0_hit=1.0000 synth_x0_t=126.0000 synth_x0_ldif=0.0601 synth_x0_gen_adv=0.1825 synth_x0_lfm=0.0077 synth_total=0.4650 extra_render_attn_share=0.5298
[step 33000] real_p1_mirror_hole_cov=0.0136 real_p1_skipped=1.0000 real_p1_hole_frac=0.2659 real_p2_eps=0.0089 real_p2_hit=0.0000 real_total=0.0089 synth_eps=0.0700 synth_eps_raw=0.0700 synth_x0_hit=0.0000 synth_total=0.0700 extra_render_attn_share=0.5298
[images] real: anchor | cond1 | cond2 | inv_warp_mirror | mask | mask_inv | warp_img | warp_warp_img | x | y_hat | y_hat_novel -> /home/xzy/warpgan-diffusiong-inpainting/warpgan-diffusion-inpainting-main/experiments/train_inpainting_diffusion/[20260911-143749]_v18w3_w3d_30k/logs/images/train/real_step0033000.png
[images] synth: cond | mask | target | warp_img | x | y_hat_novel -> /home/xzy/warpgan-diffusiong-inpainting/warpgan-diffusion-inpainting-main/experiments/train_inpainting_diffusion/[20260911-143749]_v18w3_w3d_30k/logs/images/train/synth_step0033000.png
[step 33050] real_p1_mirror_hole_cov=0.1352 real_p1_skipped=1.0000 real_p1_hole_frac=0.4405 real_p2_eps=0.1034 real_p2_hit=0.0000 real_total=0.1034 synth_eps=0.4865 synth_eps_raw=0.4865 synth_x0_hit=1.0000 synth_x0_t=71.0000 synth_x0_ldif=0.0374 synth_x0_gen_adv=0.2612 synth_x0_lfm=0.0050 synth_total=0.5600 extra_render_attn_share=0.5298
[step 33100] real_p1_mirror_hole_cov=0.0957 real_p1_skipped=1.0000 real_p1_hole_frac=0.2340 real_p2_eps=0.1195 real_p2_hit=1.0000 real_p2_t=287.0000 real_p2_ldif=0.0756 real_p2_gen_adv=-0.1248 real_p2_lfm=0.0061 real_total=0.1948 discr_adv=0.9865 p2_d_real=0.1518 p2_d_fake=0.1248 g_grad_abs=1243.9327 d_grad_abs=230.2894 synth_eps=0.0074 synth_eps_raw=0.0074 synth_x0_hit=0.0000 synth_total=0.0074 extra_render_attn_share=0.5298
[step 33150] real_p1_mirror_hole_cov=0.0413 real_p1_skipped=1.0000 real_p1_hole_frac=0.4099 real_p2_eps=0.2896 real_p2_hit=1.0000 real_p2_t=154.0000 real_p2_ldif=0.0627 real_p2_gen_adv=-0.0032 real_p2_lfm=0.0098 real_total=0.3715 discr_adv=1.0306 p2_d_real=-0.0580 p2_d_fake=0.0032 g_grad_abs=2126.6791 d_grad_abs=438.5554 synth_eps=0.2452 synth_eps_raw=0.2452 synth_x0_hit=1.0000 synth_x0_t=229.0000 synth_x0_ldif=0.1012 synth_x0_gen_adv=-0.3496 synth_x0_lfm=0.0121 synth_total=0.3357 extra_render_attn_share=0.5298
[step 33200] real_p1_mirror_hole_cov=0.0317 real_p1_skipped=1.0000 real_p1_hole_frac=0.0625 real_p2_eps=0.0032 real_p2_hit=0.0000 real_total=0.0032 discr_adv=0.9911 x0_d_real=0.0704 x0_d_fake=0.0527 g_grad_abs=62.3855 d_grad_abs=193.1268 synth_eps=0.0942 synth_eps_raw=0.0942 synth_x0_hit=0.0000 synth_total=0.0942 extra_render_attn_share=0.5298
[step 33250] real_p1_mirror_hole_cov=0.0307 real_p1_skipped=1.0000 real_p1_hole_frac=0.3453 real_p2_eps=0.0056 real_p2_hit=0.0000 real_total=0.0056 synth_eps=0.0410 synth_eps_raw=0.0410 synth_x0_hit=0.0000 synth_total=0.0410 extra_render_attn_share=0.5298
[step 33300] real_p1_mirror_hole_cov=0.0031 real_p1_skipped=1.0000 real_p1_hole_frac=0.1820 real_p2_eps=0.2894 real_p2_hit=1.0000 real_p2_t=69.0000 real_p2_ldif=0.0215 real_p2_gen_adv=-0.2697 real_p2_lfm=0.0007 real_total=0.2852 discr_adv=0.9991 p2_d_real=0.2715 p2_d_fake=0.2697 g_grad_abs=868.2625 d_grad_abs=81.8253 synth_eps=0.0015 synth_eps_raw=0.0015 synth_x0_hit=0.0000 synth_total=0.0015 extra_render_attn_share=0.5298
[step 33350] real_p1_mirror_hole_cov=0.1167 real_p1_skipped=1.0000 real_p1_hole_frac=0.4623 real_p2_eps=0.0063 real_p2_hit=0.0000 real_total=0.0063 synth_eps=0.0061 synth_eps_raw=0.0061 synth_x0_hit=0.0000 synth_total=0.0061 extra_render_attn_share=0.5298
[step 33400] real_p1_mirror_hole_cov=0.0921 real_p1_skipped=1.0000 real_p1_hole_frac=0.2521 real_p2_eps=0.0241 real_p2_hit=0.0000 real_total=0.0241 synth_eps=0.0036 synth_eps_raw=0.0036 synth_x0_hit=0.0000 synth_total=0.0036 extra_render_attn_share=0.5298
[step 33450] real_p1_mirror_hole_cov=0.0371 real_p1_skipped=1.0000 real_p1_hole_frac=0.3070 real_p2_eps=0.0024 real_p2_hit=0.0000 real_total=0.0024 discr_adv=0.9366 x0_d_real=-0.0432 x0_d_fake=-0.1781 g_grad_abs=48.1059 d_grad_abs=1542.9251 synth_eps=0.3541 synth_eps_raw=0.3541 synth_x0_hit=1.0000 synth_x0_t=127.0000 synth_x0_ldif=0.0579 synth_x0_gen_adv=-0.0263 synth_x0_lfm=0.0040 synth_total=0.4175 extra_render_attn_share=0.5298
[step 33500] real_p1_mirror_hole_cov=0.0116 real_p1_skipped=1.0000 real_p1_hole_frac=0.1507 real_p2_eps=0.1734 real_p2_hit=1.0000 real_p2_t=210.0000 real_p2_ldif=0.0615 real_p2_gen_adv=-0.7227 real_p2_lfm=0.0053 real_total=0.1734 discr_adv=0.9946 p2_d_real=0.7334 p2_d_fake=0.7227 g_grad_abs=1232.5282 d_grad_abs=191.6120 synth_eps=0.2848 synth_eps_raw=0.2848 synth_x0_hit=1.0000 synth_x0_t=233.0000 synth_x0_ldif=0.1212 synth_x0_gen_adv=-0.8404 synth_x0_lfm=0.0093 synth_total=0.3406 extra_render_attn_share=0.5298
[images] real: anchor | cond1 | cond2 | inv_warp_mirror | mask | mask_inv | warp_img | warp_warp_img | x | y_hat | y_hat_novel -> /home/xzy/warpgan-diffusiong-inpainting/warpgan-diffusion-inpainting-main/experiments/train_inpainting_diffusion/[20260911-143749]_v18w3_w3d_30k/logs/images/train/real_step0033500.png
[images] synth: cond | mask | target | warp_img | x | y_hat_novel -> /home/xzy/warpgan-diffusiong-inpainting/warpgan-diffusion-inpainting-main/experiments/train_inpainting_diffusion/[20260911-143749]_v18w3_w3d_30k/logs/images/train/synth_step0033500.png
[step 33550] real_p1_mirror_hole_cov=0.0137 real_p1_skipped=1.0000 real_p1_hole_frac=0.0145 real_p2_eps=0.0659 real_p2_hit=1.0000 real_p2_t=223.0000 real_p2_ldif=0.0259 real_p2_gen_adv=-0.3042 real_p2_lfm=0.0028 real_total=0.0669 discr_adv=1.0142 p2_d_real=0.2759 p2_d_fake=0.3042 g_grad_abs=711.3953 d_grad_abs=172.3848 synth_eps=0.0318 synth_eps_raw=0.0318 synth_x0_hit=0.0000 synth_total=0.0318 extra_render_attn_share=0.5298
[step 33600] real_p1_mirror_hole_cov=0.1110 real_p1_skipped=1.0000 real_p1_hole_frac=0.3628 real_p2_eps=0.0740 real_p2_hit=0.0000 real_total=0.0740 discr_adv=1.0177 x0_d_real=0.3611 x0_d_fake=0.3965 g_grad_abs=522.2303 d_grad_abs=199.3936 synth_eps=0.2254 synth_eps_raw=0.2254 synth_x0_hit=1.0000 synth_x0_t=231.0000 synth_x0_ldif=0.0945 synth_x0_gen_adv=-0.3734 synth_x0_lfm=0.0198 synth_total=0.3221 extra_render_attn_share=0.5298
[step 33650] real_p1_mirror_hole_cov=0.0265 real_p1_skipped=1.0000 real_p1_hole_frac=0.2000 real_p2_eps=0.0650 real_p2_hit=0.0000 real_total=0.0650 discr_adv=1.0157 x0_d_real=-0.0618 x0_d_fake=-0.0306 g_grad_abs=426.1635 d_grad_abs=247.9459 synth_eps=0.1517 synth_eps_raw=0.1517 synth_x0_hit=0.0000 synth_total=0.1517 extra_render_attn_share=0.5298
[step 33700] real_p1_mirror_hole_cov=0.0471 real_p1_skipped=1.0000 real_p1_hole_frac=0.0638 real_p2_eps=0.1247 real_p2_hit=1.0000 real_p2_t=174.0000 real_p2_ldif=0.0325 real_p2_gen_adv=-0.8076 real_p2_lfm=0.0040 real_total=0.0845 discr_adv=1.9671 x0_d_real=0.2158 x0_d_fake=0.1550 p2_d_real=0.8125 p2_d_fake=0.8076 g_grad_abs=948.5065 d_grad_abs=420.7518 synth_eps=0.7845 synth_eps_raw=0.7845 synth_x0_hit=1.0000 synth_x0_t=9.0000 synth_x0_ldif=0.0069 synth_x0_gen_adv=-0.4899 synth_x0_lfm=0.0012 synth_total=0.7447 extra_render_attn_share=0.5298
[step 33750] real_p1_mirror_hole_cov=0.1093 real_p1_skipped=1.0000 real_p1_hole_frac=0.1750 real_p2_eps=0.0462 real_p2_hit=0.0000 real_total=0.0462 synth_eps=0.0598 synth_eps_raw=0.0598 synth_x0_hit=0.0000 synth_total=0.0598 extra_render_attn_share=0.5298
[step 33800] real_p1_mirror_hole_cov=0.2811 real_p1_skipped=1.0000 real_p1_hole_frac=0.6004 real_p2_eps=0.1213 real_p2_hit=0.0000 real_total=0.1213 discr_adv=0.9939 x0_d_real=-0.6361 x0_d_fake=-0.6482 g_grad_abs=610.7473 d_grad_abs=76.6132 synth_eps=0.2039 synth_eps_raw=0.2039 synth_x0_hit=0.0000 synth_total=0.2039 extra_render_attn_share=0.5298
[step 33850] real_p1_mirror_hole_cov=0.0202 real_p1_skipped=1.0000 real_p1_hole_frac=0.4697 real_p2_eps=0.0305 real_p2_hit=0.0000 real_total=0.0305 synth_eps=0.0021 synth_eps_raw=0.0021 synth_x0_hit=0.0000 synth_total=0.0021 extra_render_attn_share=0.5298
[step 33900] real_p1_mirror_hole_cov=0.1358 real_p1_skipped=1.0000 real_p1_hole_frac=0.4104 real_p2_eps=0.0637 real_p2_hit=0.0000 real_total=0.0637 synth_eps=0.7267 synth_eps_raw=0.7267 synth_x0_hit=1.0000 synth_x0_t=14.0000 synth_x0_ldif=0.0097 synth_x0_gen_adv=-0.6200 synth_x0_lfm=0.0003 synth_total=0.6750 extra_render_attn_share=0.5298
[step 33950] real_p1_mirror_hole_cov=0.0238 real_p1_skipped=1.0000 real_p1_hole_frac=0.0314 real_p2_eps=0.1719 real_p2_hit=1.0000 real_p2_t=108.0000 real_p2_ldif=0.0225 real_p2_gen_adv=-0.5479 real_p2_lfm=0.0011 real_total=0.1418 discr_adv=0.9889 p2_d_real=0.5700 p2_d_fake=0.5479 g_grad_abs=897.4190 d_grad_abs=111.6217 synth_eps=0.2498 synth_eps_raw=0.2498 synth_x0_hit=1.0000 synth_x0_t=270.0000 synth_x0_ldif=0.1401 synth_x0_gen_adv=-0.3859 synth_x0_lfm=0.0079 synth_total=0.3671 extra_render_attn_share=0.5298
[val step 33999] val_novel_full=0.0762 val_novel_hole=0.1045 val_novel_visible=0.0679
[step 34000] real_p1_mirror_hole_cov=0.1236 real_p1_skipped=1.0000 real_p1_hole_frac=0.4216 real_p2_eps=0.1686 real_p2_hit=1.0000 real_p2_t=209.0000 real_p2_ldif=0.0593 real_p2_gen_adv=0.1343 real_p2_lfm=0.0021 real_total=0.2455 discr_adv=1.0136 p2_d_real=-0.1614 p2_d_fake=-0.1343 g_grad_abs=897.9606 d_grad_abs=141.9923 synth_eps=0.0580 synth_eps_raw=0.0580 synth_x0_hit=0.0000 synth_total=0.0580 extra_render_attn_share=0.5368
[images] real: anchor | cond1 | cond2 | inv_warp_mirror | mask | mask_inv | warp_img | warp_warp_img | x | y_hat | y_hat_novel -> /home/xzy/warpgan-diffusiong-inpainting/warpgan-diffusion-inpainting-main/experiments/train_inpainting_diffusion/[20260911-143749]_v18w3_w3d_30k/logs/images/train/real_step0034000.png
[images] synth: cond | mask | target | warp_img | x | y_hat_novel -> /home/xzy/warpgan-diffusiong-inpainting/warpgan-diffusion-inpainting-main/experiments/train_inpainting_diffusion/[20260911-143749]_v18w3_w3d_30k/logs/images/train/synth_step0034000.png
[step 34050] real_p1_mirror_hole_cov=0.0064 real_p1_skipped=1.0000 real_p1_hole_frac=0.2558 real_p2_eps=0.0357 real_p2_hit=0.0000 real_total=0.0357 synth_eps=0.0269 synth_eps_raw=0.0269 synth_x0_hit=0.0000 synth_total=0.0269 extra_render_attn_share=0.5368
[step 34100] real_p1_mirror_hole_cov=0.0401 real_p1_skipped=1.0000 real_p1_hole_frac=0.3027 real_p2_eps=0.0850 real_p2_hit=0.0000 real_total=0.0850 synth_eps=0.0794 synth_eps_raw=0.0794 synth_x0_hit=0.0000 synth_total=0.0794 extra_render_attn_share=0.5368
[step 34150] real_p1_mirror_hole_cov=0.1390 real_p1_skipped=1.0000 real_p1_hole_frac=0.2566 real_p2_eps=0.0333 real_p2_hit=0.0000 real_total=0.0333 synth_eps=0.1030 synth_eps_raw=0.1030 synth_x0_hit=0.0000 synth_total=0.1030 extra_render_attn_share=0.5368
[step 34200] real_p1_mirror_hole_cov=0.0838 real_p1_skipped=1.0000 real_p1_hole_frac=0.3191 real_p2_eps=0.1162 real_p2_hit=0.0000 real_total=0.1162 synth_eps=0.7767 synth_eps_raw=0.7767 synth_x0_hit=1.0000 synth_x0_t=11.0000 synth_x0_ldif=0.0082 synth_x0_gen_adv=-0.5552 synth_x0_lfm=0.0010 synth_total=0.7313 extra_render_attn_share=0.5368
[step 34250] real_p1_mirror_hole_cov=0.0497 real_p1_skipped=1.0000 real_p1_hole_frac=0.1242 real_p2_eps=0.2419 real_p2_hit=1.0000 real_p2_t=35.0000 real_p2_ldif=0.0083 real_p2_gen_adv=0.6197 real_p2_lfm=0.0083 real_total=0.3287 discr_adv=0.9656 p2_d_real=-0.5509 p2_d_fake=-0.6197 g_grad_abs=2364.2287 d_grad_abs=781.0402 synth_eps=0.0091 synth_eps_raw=0.0091 synth_x0_hit=0.0000 synth_total=0.0091 extra_render_attn_share=0.5368
[step 34300] real_p1_mirror_hole_cov=0.0253 real_p1_skipped=1.0000 real_p1_hole_frac=0.0756 real_p2_eps=0.0007 real_p2_hit=0.0000 real_total=0.0007 synth_eps=0.0692 synth_eps_raw=0.0692 synth_x0_hit=0.0000 synth_total=0.0692 extra_render_attn_share=0.5368
[step 34350] real_p1_mirror_hole_cov=0.0036 real_p1_skipped=1.0000 real_p1_hole_frac=0.0658 real_p2_eps=0.0316 real_p2_hit=0.0000 real_total=0.0316 synth_eps=0.4145 synth_eps_raw=0.4145 synth_x0_hit=1.0000 synth_x0_t=116.0000 synth_x0_ldif=0.0598 synth_x0_gen_adv=-0.6048 synth_x0_lfm=0.0024 synth_total=0.4187 extra_render_attn_share=0.5368
[step 34400] real_p1_mirror_hole_cov=0.1612 real_p1_skipped=1.0000 real_p1_hole_frac=0.5726 real_p2_eps=0.0069 real_p2_hit=0.0000 real_total=0.0069 synth_eps=0.0426 synth_eps_raw=0.0426 synth_x0_hit=0.0000 synth_total=0.0426 extra_render_attn_share=0.5368
[step 34450] real_p1_mirror_hole_cov=0.4165 real_p1_skipped=1.0000 real_p1_hole_frac=0.4685 real_p2_eps=0.2034 real_p2_hit=1.0000 real_p2_t=204.0000 real_p2_ldif=0.0687 real_p2_gen_adv=0.6096 real_p2_lfm=0.0041 real_total=0.3412 discr_adv=1.0010 p2_d_real=-0.6117 p2_d_fake=-0.6096 g_grad_abs=1244.0546 d_grad_abs=200.3596 synth_eps=0.0270 synth_eps_raw=0.0270 synth_x0_hit=0.0000 synth_total=0.0270 extra_render_attn_share=0.5368
[step 34500] real_p1_mirror_hole_cov=0.0224 real_p1_skipped=1.0000 real_p1_hole_frac=0.2788 real_p2_eps=0.0015 real_p2_hit=0.0000 real_total=0.0015 synth_eps=0.2786 synth_eps_raw=0.2786 synth_x0_hit=1.0000 synth_x0_t=171.0000 synth_x0_ldif=0.0707 synth_x0_gen_adv=-0.1280 synth_x0_lfm=0.0033 synth_total=0.3433 extra_render_attn_share=0.5368
[images] real: anchor | cond1 | cond2 | inv_warp_mirror | mask | mask_inv | warp_img | warp_warp_img | x | y_hat | y_hat_novel -> /home/xzy/warpgan-diffusiong-inpainting/warpgan-diffusion-inpainting-main/experiments/train_inpainting_diffusion/[20260911-143749]_v18w3_w3d_30k/logs/images/train/real_step0034500.png
[images] synth: cond | mask | target | warp_img | x | y_hat_novel -> /home/xzy/warpgan-diffusiong-inpainting/warpgan-diffusion-inpainting-main/experiments/train_inpainting_diffusion/[20260911-143749]_v18w3_w3d_30k/logs/images/train/synth_step0034500.png
[step 34550] real_p1_mirror_hole_cov=0.0248 real_p1_skipped=1.0000 real_p1_hole_frac=0.4108 real_p2_eps=0.0730 real_p2_hit=0.0000 real_total=0.0730 synth_eps=0.0019 synth_eps_raw=0.0019 synth_x0_hit=0.0000 synth_total=0.0019 extra_render_attn_share=0.5368
[step 34600] real_p1_mirror_hole_cov=0.0886 real_p1_skipped=1.0000 real_p1_hole_frac=0.3953 real_p2_eps=0.2976 real_p2_hit=1.0000 real_p2_t=137.0000 real_p2_ldif=0.0542 real_p2_gen_adv=-0.1815 real_p2_lfm=0.0031 real_total=0.3398 discr_adv=1.9502 x0_d_real=0.3583 x0_d_fake=0.2854 p2_d_real=0.2082 p2_d_fake=0.1815 g_grad_abs=1039.2541 d_grad_abs=814.3556 synth_eps=0.2851 synth_eps_raw=0.2851 synth_x0_hit=1.0000 synth_x0_t=150.0000 synth_x0_ldif=0.0593 synth_x0_gen_adv=0.1073 synth_x0_lfm=0.0100 synth_total=0.3752 extra_render_attn_share=0.5368
[step 34650] real_p1_mirror_hole_cov=0.3009 real_p1_skipped=1.0000 real_p1_hole_frac=0.2325 real_p2_eps=0.0760 real_p2_hit=0.0000 real_total=0.0760 synth_eps=0.0638 synth_eps_raw=0.0638 synth_x0_hit=0.0000 synth_total=0.0638 extra_render_attn_share=0.5368
[step 34700] real_p1_mirror_hole_cov=0.1602 real_p1_skipped=1.0000 real_p1_hole_frac=0.2140 real_p2_eps=0.0090 real_p2_hit=0.0000 real_total=0.0090 synth_eps=0.2777 synth_eps_raw=0.2777 synth_x0_hit=1.0000 synth_x0_t=209.0000 synth_x0_ldif=0.0978 synth_x0_gen_adv=-0.0618 synth_x0_lfm=0.0079 synth_total=0.3850 extra_render_attn_share=0.5368
[step 34750] real_p1_mirror_hole_cov=0.0324 real_p1_skipped=1.0000 real_p1_hole_frac=0.1755 real_p2_eps=0.0017 real_p2_hit=0.0000 real_total=0.0017 synth_eps=0.0329 synth_eps_raw=0.0329 synth_x0_hit=0.0000 synth_total=0.0329 extra_render_attn_share=0.5368
[step 34800] real_p1_mirror_hole_cov=0.0142 real_p1_skipped=1.0000 real_p1_hole_frac=0.0528 real_p2_eps=0.0026 real_p2_hit=0.0000 real_total=0.0026 discr_adv=0.9828 x0_d_real=0.4665 x0_d_fake=0.4321 g_grad_abs=71.4945 d_grad_abs=274.2464 synth_eps=0.0017 synth_eps_raw=0.0017 synth_x0_hit=0.0000 synth_total=0.0017 extra_render_attn_share=0.5368
[step 34850] real_p1_mirror_hole_cov=0.0125 real_p1_skipped=1.0000 real_p1_hole_frac=0.0796 real_p2_eps=0.0104 real_p2_hit=0.0000 real_total=0.0104 synth_eps=0.4875 synth_eps_raw=0.4875 synth_x0_hit=1.0000 synth_x0_t=84.0000 synth_x0_ldif=0.0461 synth_x0_gen_adv=-0.0772 synth_x0_lfm=0.0065 synth_total=0.5388 extra_render_attn_share=0.5368
[step 34900] real_p1_mirror_hole_cov=0.1719 real_p1_skipped=1.0000 real_p1_hole_frac=0.3870 real_p2_eps=0.1951 real_p2_hit=1.0000 real_p2_t=251.0000 real_p2_ldif=0.0952 real_p2_gen_adv=-0.5011 real_p2_lfm=0.0038 real_total=0.2478 discr_adv=0.9786 p2_d_real=0.5439 p2_d_fake=0.5011 g_grad_abs=1155.1052 d_grad_abs=319.9532 synth_eps=0.0014 synth_eps_raw=0.0014 synth_x0_hit=0.0000 synth_total=0.0014 extra_render_attn_share=0.5368
[step 34950] real_p1_mirror_hole_cov=0.0206 real_p1_skipped=1.0000 real_p1_hole_frac=0.0605 real_p2_eps=0.0044 real_p2_hit=0.0000 real_total=0.0044 discr_adv=1.0512 x0_d_real=-0.0959 x0_d_fake=0.0065 g_grad_abs=255.2635 d_grad_abs=656.8555 synth_eps=0.0079 synth_eps_raw=0.0079 synth_x0_hit=0.0000 synth_total=0.0079 extra_render_attn_share=0.5368
[step 35000] real_p1_mirror_hole_cov=0.3061 real_p1_skipped=1.0000 real_p1_hole_frac=0.2092 real_p2_eps=0.0983 real_p2_hit=1.0000 real_p2_t=291.0000 real_p2_ldif=0.0640 real_p2_gen_adv=-0.1686 real_p2_lfm=0.0068 real_total=0.1591 discr_adv=1.0391 p2_d_real=0.0938 p2_d_fake=0.1686 g_grad_abs=1302.3939 d_grad_abs=467.3397 synth_eps=0.4418 synth_eps_raw=0.4418 synth_x0_hit=1.0000 synth_x0_t=116.0000 synth_x0_ldif=0.0637 synth_x0_gen_adv=-0.4351 synth_x0_lfm=0.0030 synth_total=0.4681 extra_render_attn_share=0.5368
[images] real: anchor | cond1 | cond2 | inv_warp_mirror | mask | mask_inv | warp_img | warp_warp_img | x | y_hat | y_hat_novel -> /home/xzy/warpgan-diffusiong-inpainting/warpgan-diffusion-inpainting-main/experiments/train_inpainting_diffusion/[20260911-143749]_v18w3_w3d_30k/logs/images/train/real_step0035000.png
[images] synth: cond | mask | target | warp_img | x | y_hat_novel -> /home/xzy/warpgan-diffusiong-inpainting/warpgan-diffusion-inpainting-main/experiments/train_inpainting_diffusion/[20260911-143749]_v18w3_w3d_30k/logs/images/train/synth_step0035000.png
[step 35050] real_p1_mirror_hole_cov=0.0221 real_p1_skipped=1.0000 real_p1_hole_frac=0.1124 real_p2_eps=0.0645 real_p2_hit=0.0000 real_total=0.0645 discr_adv=1.0026 x0_d_real=0.1227 x0_d_fake=0.1278 g_grad_abs=457.0521 d_grad_abs=221.5185 synth_eps=0.9460 synth_eps_raw=0.9460 synth_x0_hit=1.0000 synth_x0_t=0.0000 synth_x0_ldif=0.0008 synth_x0_gen_adv=0.0161 synth_x0_lfm=0.0001 synth_total=0.9485 extra_render_attn_share=0.5368
[step 35100] real_p1_mirror_hole_cov=0.2730 real_p1_skipped=1.0000 real_p1_hole_frac=0.1789 real_p2_eps=0.3901 real_p2_hit=1.0000 real_p2_t=37.0000 real_p2_ldif=0.0142 real_p2_gen_adv=0.0455 real_p2_lfm=0.0022 real_total=0.4133 discr_adv=0.9850 p2_d_real=-0.0156 p2_d_fake=-0.0455 g_grad_abs=1023.5413 d_grad_abs=202.3818 synth_eps=0.0255 synth_eps_raw=0.0255 synth_x0_hit=0.0000 synth_total=0.0255 extra_render_attn_share=0.5368
[step 35150] real_p1_mirror_hole_cov=0.0905 real_p1_skipped=1.0000 real_p1_hole_frac=0.1090 real_p2_eps=0.1534 real_p2_hit=1.0000 real_p2_t=205.0000 real_p2_ldif=0.0523 real_p2_gen_adv=-0.5336 real_p2_lfm=0.0018 real_total=0.1560 discr_adv=0.9842 p2_d_real=0.5652 p2_d_fake=0.5336 g_grad_abs=991.1361 d_grad_abs=289.0456 synth_eps=0.1913 synth_eps_raw=0.1913 synth_x0_hit=1.0000 synth_x0_t=231.0000 synth_x0_ldif=0.0802 synth_x0_gen_adv=-0.1857 synth_x0_lfm=0.0092 synth_total=0.2713 extra_render_attn_share=0.5368
[step 35200] real_p1_mirror_hole_cov=0.0254 real_p1_skipped=1.0000 real_p1_hole_frac=0.2329 real_p2_eps=0.1788 real_p2_hit=1.0000 real_p2_t=208.0000 real_p2_ldif=0.0624 real_p2_gen_adv=-0.2095 real_p2_lfm=0.0031 real_total=0.2264 discr_adv=1.0173 p2_d_real=0.1748 p2_d_fake=0.2095 g_grad_abs=1136.1871 d_grad_abs=182.2626 synth_eps=0.0093 synth_eps_raw=0.0093 synth_x0_hit=0.0000 synth_total=0.0093 extra_render_attn_share=0.5368
[step 35250] real_p1_mirror_hole_cov=0.0869 real_p1_skipped=1.0000 real_p1_hole_frac=0.4114 real_p2_eps=0.0103 real_p2_hit=0.0000 real_total=0.0103 synth_eps=0.0101 synth_eps_raw=0.0101 synth_x0_hit=0.0000 synth_total=0.0101 extra_render_attn_share=0.5368
[step 35300] real_p1_mirror_hole_cov=0.2289 real_p1_skipped=1.0000 real_p1_hole_frac=0.1100 real_p2_eps=0.0811 real_p2_hit=1.0000 real_p2_t=238.0000 real_p2_ldif=0.0359 real_p2_gen_adv=0.3269 real_p2_lfm=0.0540 real_total=0.2578 discr_adv=1.0979 p2_d_real=-0.5219 p2_d_fake=-0.3269 g_grad_abs=8323.5977 d_grad_abs=1268.7790 synth_eps=0.0745 synth_eps_raw=0.0745 synth_x0_hit=0.0000 synth_total=0.0745 extra_render_attn_share=0.5368
[step 35350] real_p1_mirror_hole_cov=0.1881 real_p1_skipped=1.0000 real_p1_hole_frac=0.3890 real_p2_eps=0.0039 real_p2_hit=0.0000 real_total=0.0039 discr_adv=0.9948 x0_d_real=-0.0321 x0_d_fake=-0.0426 g_grad_abs=68.9799 d_grad_abs=189.7561 synth_eps=0.0169 synth_eps_raw=0.0169 synth_x0_hit=0.0000 synth_total=0.0169 extra_render_attn_share=0.5368
[step 35400] real_p1_mirror_hole_cov=0.0284 real_p1_skipped=1.0000 real_p1_hole_frac=0.5443 real_p2_eps=0.0064 real_p2_hit=0.0000 real_total=0.0064 synth_eps=0.0080 synth_eps_raw=0.0080 synth_x0_hit=0.0000 synth_total=0.0080 extra_render_attn_share=0.5368
[step 35450] real_p1_mirror_hole_cov=0.0689 real_p1_skipped=1.0000 real_p1_hole_frac=0.0803 real_p2_eps=0.0021 real_p2_hit=0.0000 real_total=0.0021 discr_adv=0.9927 x0_d_real=0.8623 x0_d_fake=0.8477 g_grad_abs=56.4520 d_grad_abs=193.9524 synth_eps=0.2522 synth_eps_raw=0.2522 synth_x0_hit=1.0000 synth_x0_t=238.0000 synth_x0_ldif=0.1115 synth_x0_gen_adv=-0.9082 synth_x0_lfm=0.0009 synth_total=0.2748 extra_render_attn_share=0.5368
[step 35500] real_p1_mirror_hole_cov=0.0268 real_p1_skipped=1.0000 real_p1_hole_frac=0.2713 real_p2_eps=0.1056 real_p2_hit=0.0000 real_total=0.1056 synth_eps=0.0136 synth_eps_raw=0.0136 synth_x0_hit=0.0000 synth_total=0.0136 extra_render_attn_share=0.5368
[images] real: anchor | cond1 | cond2 | inv_warp_mirror | mask | mask_inv | warp_img | warp_warp_img | x | y_hat | y_hat_novel -> /home/xzy/warpgan-diffusiong-inpainting/warpgan-diffusion-inpainting-main/experiments/train_inpainting_diffusion/[20260911-143749]_v18w3_w3d_30k/logs/images/train/real_step0035500.png
[images] synth: cond | mask | target | warp_img | x | y_hat_novel -> /home/xzy/warpgan-diffusiong-inpainting/warpgan-diffusion-inpainting-main/experiments/train_inpainting_diffusion/[20260911-143749]_v18w3_w3d_30k/logs/images/train/synth_step0035500.png
[step 35550] real_p1_mirror_hole_cov=0.0208 real_p1_skipped=1.0000 real_p1_hole_frac=0.0515 real_p2_eps=0.0013 real_p2_hit=0.0000 real_total=0.0013 synth_eps=0.0114 synth_eps_raw=0.0114 synth_x0_hit=0.0000 synth_total=0.0114 extra_render_attn_share=0.5368
[step 35600] real_p1_mirror_hole_cov=0.0071 real_p1_skipped=1.0000 real_p1_hole_frac=0.2537 real_p2_eps=0.1072 real_p2_hit=0.0000 real_total=0.1072 synth_eps=0.1114 synth_eps_raw=0.1114 synth_x0_hit=0.0000 synth_total=0.1114 extra_render_attn_share=0.5368
[step 35650] real_p1_mirror_hole_cov=0.2920 real_p1_skipped=1.0000 real_p1_hole_frac=0.1610 real_p2_eps=0.0162 real_p2_hit=0.0000 real_total=0.0162 synth_eps=0.1232 synth_eps_raw=0.1232 synth_x0_hit=0.0000 synth_total=0.1232 extra_render_attn_share=0.5368
[step 35700] real_p1_mirror_hole_cov=0.3689 real_p1_skipped=1.0000 real_p1_hole_frac=0.1459 real_p2_eps=0.0026 real_p2_hit=0.0000 real_total=0.0026 synth_eps=0.7837 synth_eps_raw=0.7837 synth_x0_hit=1.0000 synth_x0_t=7.0000 synth_x0_ldif=0.0055 synth_x0_gen_adv=-0.2236 synth_x0_lfm=0.0017 synth_total=0.7702 extra_render_attn_share=0.5368
[step 35750] real_p1_mirror_hole_cov=0.1689 real_p1_skipped=1.0000 real_p1_hole_frac=0.3864 real_p2_eps=0.0017 real_p2_hit=0.0000 real_total=0.0017 synth_eps=0.2873 synth_eps_raw=0.2873 synth_x0_hit=1.0000 synth_x0_t=185.0000 synth_x0_ldif=0.0826 synth_x0_gen_adv=0.3228 synth_x0_lfm=0.0371 synth_total=0.4765 extra_render_attn_share=0.5368
[step 35800] real_p1_mirror_hole_cov=0.0532 real_p1_skipped=1.0000 real_p1_hole_frac=0.3905 real_p2_eps=0.5954 real_p2_hit=1.0000 real_p2_t=18.0000 real_p2_ldif=0.0102 real_p2_gen_adv=-0.2328 real_p2_lfm=0.0019 real_total=0.5862 discr_adv=0.9908 p2_d_real=0.2512 p2_d_fake=0.2328 g_grad_abs=1156.7495 d_grad_abs=87.4820 synth_eps=0.0184 synth_eps_raw=0.0184 synth_x0_hit=0.0000 synth_total=0.0184 extra_render_attn_share=0.5368
[step 35850] real_p1_mirror_hole_cov=0.1027 real_p1_skipped=1.0000 real_p1_hole_frac=0.0829 real_p2_eps=0.0027 real_p2_hit=0.0000 real_total=0.0027 discr_adv=0.9843 x0_d_real=0.4552 x0_d_fake=0.4239 g_grad_abs=59.5839 d_grad_abs=302.5721 synth_eps=0.0055 synth_eps_raw=0.0055 synth_x0_hit=0.0000 synth_total=0.0055 extra_render_attn_share=0.5368
[step 35900] real_p1_mirror_hole_cov=0.0175 real_p1_skipped=1.0000 real_p1_hole_frac=0.3051 real_p2_eps=0.0202 real_p2_hit=0.0000 real_total=0.0202 synth_eps=0.0038 synth_eps_raw=0.0038 synth_x0_hit=0.0000 synth_total=0.0038 extra_render_attn_share=0.5368
[step 35950] real_p1_mirror_hole_cov=0.0432 real_p1_skipped=1.0000 real_p1_hole_frac=0.1758 real_p2_eps=0.1246 real_p2_hit=1.0000 real_p2_t=246.0000 real_p2_ldif=0.0585 real_p2_gen_adv=-0.0152 real_p2_lfm=0.0038 real_total=0.1892 discr_adv=0.9968 p2_d_real=0.0216 p2_d_fake=0.0152 g_grad_abs=1093.9007 d_grad_abs=102.9390 synth_eps=0.0103 synth_eps_raw=0.0103 synth_x0_hit=0.0000 synth_total=0.0103 extra_render_attn_share=0.5368
[val step 35999] val_novel_full=0.1199 val_novel_hole=0.1133 val_novel_visible=0.1254
[step 36000] real_p1_mirror_hole_cov=0.0035 real_p1_skipped=1.0000 real_p1_hole_frac=0.1157 real_p2_eps=0.0281 real_p2_hit=0.0000 real_total=0.0281 synth_eps=0.0804 synth_eps_raw=0.0804 synth_x0_hit=0.0000 synth_total=0.0804 extra_render_attn_share=0.5418
[images] real: anchor | cond1 | cond2 | inv_warp_mirror | mask | mask_inv | warp_img | warp_warp_img | x | y_hat | y_hat_novel -> /home/xzy/warpgan-diffusiong-inpainting/warpgan-diffusion-inpainting-main/experiments/train_inpainting_diffusion/[20260911-143749]_v18w3_w3d_30k/logs/images/train/real_step0036000.png
[images] synth: cond | mask | target | warp_img | x | y_hat_novel -> /home/xzy/warpgan-diffusiong-inpainting/warpgan-diffusion-inpainting-main/experiments/train_inpainting_diffusion/[20260911-143749]_v18w3_w3d_30k/logs/images/train/synth_step0036000.png
[step 36050] real_p1_mirror_hole_cov=0.1021 real_p1_skipped=1.0000 real_p1_hole_frac=0.3433 real_p2_eps=0.1767 real_p2_hit=1.0000 real_p2_t=237.0000 real_p2_ldif=0.0776 real_p2_gen_adv=-0.3783 real_p2_lfm=0.0043 real_total=0.2252 discr_adv=1.0034 p2_d_real=0.3714 p2_d_fake=0.3783 g_grad_abs=1090.2115 d_grad_abs=109.6003 synth_eps=0.0605 synth_eps_raw=0.0605 synth_x0_hit=0.0000 synth_total=0.0605 extra_render_attn_share=0.5418
[step 36100] real_p1_mirror_hole_cov=0.2578 real_p1_skipped=1.0000 real_p1_hole_frac=0.0404 real_p2_eps=0.1586 real_p2_hit=1.0000 real_p2_t=129.0000 real_p2_ldif=0.0265 real_p2_gen_adv=-0.5258 real_p2_lfm=0.0019 real_total=0.1364 discr_adv=0.9808 p2_d_real=0.5642 p2_d_fake=0.5258 g_grad_abs=1177.8752 d_grad_abs=208.5786 synth_eps=0.2413 synth_eps_raw=0.2413 synth_x0_hit=1.0000 synth_x0_t=230.0000 synth_x0_ldif=0.1003 synth_x0_gen_adv=-0.1634 synth_x0_lfm=0.0141 synth_total=0.3535 extra_render_attn_share=0.5418
[step 36150] real_p1_mirror_hole_cov=0.0993 real_p1_skipped=1.0000 real_p1_hole_frac=0.2296 real_p2_eps=0.1471 real_p2_hit=1.0000 real_p2_t=246.0000 real_p2_ldif=0.0691 real_p2_gen_adv=0.1386 real_p2_lfm=0.0130 real_total=0.2561 discr_adv=1.9879 x0_d_real=0.0785 x0_d_fake=0.0760 p2_d_real=-0.1169 p2_d_fake=-0.1386 g_grad_abs=2457.1926 d_grad_abs=234.7361 synth_eps=0.0876 synth_eps_raw=0.0876 synth_x0_hit=0.0000 synth_total=0.0876 extra_render_attn_share=0.5418
[step 36200] real_p1_mirror_hole_cov=0.2016 real_p1_skipped=1.0000 real_p1_hole_frac=0.6193 real_p2_eps=0.4968 real_p2_hit=1.0000 real_p2_t=61.0000 real_p2_ldif=0.0318 real_p2_gen_adv=-0.0789 real_p2_lfm=0.0022 real_total=0.5251 discr_adv=0.9963 p2_d_real=0.0863 p2_d_fake=0.0789 g_grad_abs=1123.2140 d_grad_abs=154.1656 synth_eps=0.0417 synth_eps_raw=0.0417 synth_x0_hit=0.0000 synth_total=0.0417 extra_render_attn_share=0.5418
[step 36250] real_p1_mirror_hole_cov=0.0159 real_p1_skipped=1.0000 real_p1_hole_frac=0.3430 real_p2_eps=0.0350 real_p2_hit=0.0000 real_total=0.0350 synth_eps=0.3587 synth_eps_raw=0.3587 synth_x0_hit=1.0000 synth_x0_t=107.0000 synth_x0_ldif=0.0465 synth_x0_gen_adv=0.2797 synth_x0_lfm=0.0018 synth_total=0.4369 extra_render_attn_share=0.5418
[step 36300] real_p1_mirror_hole_cov=0.3110 real_p1_skipped=1.0000 real_p1_hole_frac=0.4652 real_p2_eps=0.0058 real_p2_hit=0.0000 real_total=0.0058 synth_eps=0.0797 synth_eps_raw=0.0797 synth_x0_hit=0.0000 synth_total=0.0797 extra_render_attn_share=0.5418
[step 36350] real_p1_mirror_hole_cov=0.1650 real_p1_skipped=1.0000 real_p1_hole_frac=0.6647 real_p2_eps=0.0711 real_p2_hit=0.0000 real_total=0.0711 synth_eps=0.4094 synth_eps_raw=0.4094 synth_x0_hit=1.0000 synth_x0_t=84.0000 synth_x0_ldif=0.0387 synth_x0_gen_adv=0.5647 synth_x0_lfm=0.0014 synth_total=0.5074 extra_render_attn_share=0.5418
[step 36400] real_p1_mirror_hole_cov=0.0855 real_p1_skipped=1.0000 real_p1_hole_frac=0.2057 real_p2_eps=0.0021 real_p2_hit=0.0000 real_total=0.0021 discr_adv=0.9946 x0_d_real=-0.7327 x0_d_fake=-0.7436 g_grad_abs=40.6258 d_grad_abs=73.0079 synth_eps=0.2132 synth_eps_raw=0.2132 synth_x0_hit=1.0000 synth_x0_t=261.0000 synth_x0_ldif=0.1120 synth_x0_gen_adv=0.5250 synth_x0_lfm=0.0068 synth_total=0.3913 extra_render_attn_share=0.5418
[step 36450] real_p1_mirror_hole_cov=0.2037 real_p1_skipped=1.0000 real_p1_hole_frac=0.2232 real_p2_eps=0.3177 real_p2_hit=1.0000 real_p2_t=79.0000 real_p2_ldif=0.0278 real_p2_gen_adv=-0.7626 real_p2_lfm=0.0005 real_total=0.2703 discr_adv=1.9862 x0_d_real=0.7676 x0_d_fake=0.7349 p2_d_real=0.7582 p2_d_fake=0.7626 g_grad_abs=1097.5669 d_grad_abs=503.6460 synth_eps=0.3439 synth_eps_raw=0.3439 synth_x0_hit=1.0000 synth_x0_t=180.0000 synth_x0_ldif=0.0947 synth_x0_gen_adv=-0.8270 synth_x0_lfm=0.0017 synth_total=0.3593 extra_render_attn_share=0.5418
[step 36500] real_p1_mirror_hole_cov=0.0481 real_p1_skipped=1.0000 real_p1_hole_frac=0.4467 real_p2_eps=0.5102 real_p2_hit=1.0000 real_p2_t=31.0000 real_p2_ldif=0.0153 real_p2_gen_adv=-0.6709 real_p2_lfm=0.0003 real_total=0.4591 discr_adv=0.9962 p2_d_real=0.6785 p2_d_fake=0.6709 g_grad_abs=1007.0384 d_grad_abs=66.9777 synth_eps=0.5115 synth_eps_raw=0.5115 synth_x0_hit=1.0000 synth_x0_t=44.0000 synth_x0_ldif=0.0225 synth_x0_gen_adv=-0.4081 synth_x0_lfm=0.0031 synth_total=0.4993 extra_render_attn_share=0.5418
[images] real: anchor | cond1 | cond2 | inv_warp_mirror | mask | mask_inv | warp_img | warp_warp_img | x | y_hat | y_hat_novel -> /home/xzy/warpgan-diffusiong-inpainting/warpgan-diffusion-inpainting-main/experiments/train_inpainting_diffusion/[20260911-143749]_v18w3_w3d_30k/logs/images/train/real_step0036500.png
[images] synth: cond | mask | target | warp_img | x | y_hat_novel -> /home/xzy/warpgan-diffusiong-inpainting/warpgan-diffusion-inpainting-main/experiments/train_inpainting_diffusion/[20260911-143749]_v18w3_w3d_30k/logs/images/train/synth_step0036500.png
[step 36550] real_p1_mirror_hole_cov=0.0641 real_p1_skipped=1.0000 real_p1_hole_frac=0.4049 real_p2_eps=0.0590 real_p2_hit=0.0000 real_total=0.0590 synth_eps=0.0016 synth_eps_raw=0.0016 synth_x0_hit=0.0000 synth_total=0.0016 extra_render_attn_share=0.5418
[step 36600] real_p1_mirror_hole_cov=0.0627 real_p1_skipped=1.0000 real_p1_hole_frac=0.3777 real_p2_eps=0.0021 real_p2_hit=0.0000 real_total=0.0021 discr_adv=0.9922 x0_d_real=0.6196 x0_d_fake=0.6040 g_grad_abs=54.4853 d_grad_abs=66.0338 synth_eps=0.4624 synth_eps_raw=0.4624 synth_x0_hit=1.0000 synth_x0_t=73.0000 synth_x0_ldif=0.0367 synth_x0_gen_adv=-0.7447 synth_x0_lfm=0.0009 synth_total=0.4264 extra_render_attn_share=0.5418
[step 36650] real_p1_mirror_hole_cov=0.0124 real_p1_skipped=1.0000 real_p1_hole_frac=0.1682 real_p2_eps=0.0019 real_p2_hit=0.0000 real_total=0.0019 discr_adv=0.9629 x0_d_real=0.3845 x0_d_fake=0.3104 g_grad_abs=47.3498 d_grad_abs=516.3077 synth_eps=0.0080 synth_eps_raw=0.0080 synth_x0_hit=0.0000 synth_total=0.0080 extra_render_attn_share=0.5418
[step 36700] real_p1_mirror_hole_cov=0.2610 real_p1_skipped=1.0000 real_p1_hole_frac=0.4969 real_p2_eps=0.3277 real_p2_hit=1.0000 real_p2_t=69.0000 real_p2_ldif=0.0243 real_p2_gen_adv=0.5175 real_p2_lfm=0.0079 real_total=0.4196 discr_adv=1.9330 x0_d_real=-0.0640 x0_d_fake=-0.0968 p2_d_real=-0.4119 p2_d_fake=-0.5175 g_grad_abs=1508.3065 d_grad_abs=952.4817 synth_eps=0.0382 synth_eps_raw=0.0382 synth_x0_hit=0.0000 synth_total=0.0382 extra_render_attn_share=0.5418
[step 36750] real_p1_mirror_hole_cov=0.1814 real_p1_skipped=1.0000 real_p1_hole_frac=0.3438 real_p2_eps=0.2412 real_p2_hit=1.0000 real_p2_t=123.0000 real_p2_ldif=0.0377 real_p2_gen_adv=0.5530 real_p2_lfm=0.0024 real_total=0.3391 discr_adv=0.9828 p2_d_real=-0.5186 p2_d_fake=-0.5530 g_grad_abs=1045.1572 d_grad_abs=194.6948 synth_eps=0.0085 synth_eps_raw=0.0085 synth_x0_hit=0.0000 synth_total=0.0085 extra_render_attn_share=0.5418
[step 36800] real_p1_mirror_hole_cov=0.1156 real_p1_skipped=1.0000 real_p1_hole_frac=0.2701 real_p2_eps=0.0656 real_p2_hit=0.0000 real_total=0.0656 synth_eps=0.0012 synth_eps_raw=0.0012 synth_x0_hit=0.0000 synth_total=0.0012 extra_render_attn_share=0.5418
[step 36850] real_p1_mirror_hole_cov=0.0021 real_p1_skipped=1.0000 real_p1_hole_frac=0.2908 real_p2_eps=0.0243 real_p2_hit=0.0000 real_total=0.0243 synth_eps=0.0288 synth_eps_raw=0.0288 synth_x0_hit=0.0000 synth_total=0.0288 extra_render_attn_share=0.5418
[step 36900] real_p1_mirror_hole_cov=0.0184 real_p1_skipped=1.0000 real_p1_hole_frac=0.1850 real_p2_eps=0.0283 real_p2_hit=0.0000 real_total=0.0283 synth_eps=0.2883 synth_eps_raw=0.2883 synth_x0_hit=1.0000 synth_x0_t=140.0000 synth_x0_ldif=0.0542 synth_x0_gen_adv=0.0765 synth_x0_lfm=0.0242 synth_total=0.3985 extra_render_attn_share=0.5418
[step 36950] real_p1_mirror_hole_cov=0.0837 real_p1_skipped=1.0000 real_p1_hole_frac=0.4890 real_p2_eps=0.0199 real_p2_hit=0.0000 real_total=0.0199 synth_eps=0.0063 synth_eps_raw=0.0063 synth_x0_hit=0.0000 synth_total=0.0063 extra_render_attn_share=0.5418
[step 37000] real_p1_mirror_hole_cov=0.0599 real_p1_skipped=1.0000 real_p1_hole_frac=0.0807 real_p2_eps=0.1908 real_p2_hit=1.0000 real_p2_t=97.0000 real_p2_ldif=0.0217 real_p2_gen_adv=0.3756 real_p2_lfm=0.0462 real_total=0.3425 discr_adv=1.9734 x0_d_real=0.5397 x0_d_fake=0.5805 p2_d_real=-0.2816 p2_d_fake=-0.3756 g_grad_abs=8896.8571 d_grad_abs=1125.7026 synth_eps=0.1217 synth_eps_raw=0.1217 synth_x0_hit=0.0000 synth_total=0.1217 extra_render_attn_share=0.5418
[images] real: anchor | cond1 | cond2 | inv_warp_mirror | mask | mask_inv | warp_img | warp_warp_img | x | y_hat | y_hat_novel -> /home/xzy/warpgan-diffusiong-inpainting/warpgan-diffusion-inpainting-main/experiments/train_inpainting_diffusion/[20260911-143749]_v18w3_w3d_30k/logs/images/train/real_step0037000.png
[images] synth: cond | mask | target | warp_img | x | y_hat_novel -> /home/xzy/warpgan-diffusiong-inpainting/warpgan-diffusion-inpainting-main/experiments/train_inpainting_diffusion/[20260911-143749]_v18w3_w3d_30k/logs/images/train/synth_step0037000.png
[step 37050] real_p1_mirror_hole_cov=0.1361 real_p1_skipped=1.0000 real_p1_hole_frac=0.2408 real_p2_eps=0.0041 real_p2_hit=0.0000 real_total=0.0041 synth_eps=0.0078 synth_eps_raw=0.0078 synth_x0_hit=0.0000 synth_total=0.0078 extra_render_attn_share=0.5418
[step 37100] real_p1_mirror_hole_cov=0.0825 real_p1_skipped=1.0000 real_p1_hole_frac=0.4164 real_p2_eps=0.3882 real_p2_hit=1.0000 real_p2_t=65.0000 real_p2_ldif=0.0268 real_p2_gen_adv=0.2741 real_p2_lfm=0.0081 real_total=0.4587 discr_adv=0.9973 p2_d_real=-0.2686 p2_d_fake=-0.2741 g_grad_abs=1301.9198 d_grad_abs=81.2747 synth_eps=0.0455 synth_eps_raw=0.0455 synth_x0_hit=0.0000 synth_total=0.0455 extra_render_attn_share=0.5418
[step 37150] real_p1_mirror_hole_cov=0.1398 real_p1_skipped=1.0000 real_p1_hole_frac=0.2894 real_p2_eps=0.1905 real_p2_hit=1.0000 real_p2_t=285.0000 real_p2_ldif=0.1189 real_p2_gen_adv=-0.8036 real_p2_lfm=0.0143 real_total=0.2576 discr_adv=0.9902 p2_d_real=0.8247 p2_d_fake=0.8036 g_grad_abs=3190.8591 d_grad_abs=574.7440 synth_eps=0.3964 synth_eps_raw=0.3964 synth_x0_hit=1.0000 synth_x0_t=103.0000 synth_x0_ldif=0.0488 synth_x0_gen_adv=0.2714 synth_x0_lfm=0.0228 synth_total=0.5179 extra_render_attn_share=0.5418
[step 37200] real_p1_mirror_hole_cov=0.2262 real_p1_skipped=1.0000 real_p1_hole_frac=0.3771 real_p2_eps=0.0045 real_p2_hit=0.0000 real_total=0.0045 discr_adv=0.9935 x0_d_real=0.3931 x0_d_fake=0.3801 g_grad_abs=79.9561 d_grad_abs=342.5645 synth_eps=0.0058 synth_eps_raw=0.0058 synth_x0_hit=0.0000 synth_total=0.0058 extra_render_attn_share=0.5418
[step 37250] real_p1_mirror_hole_cov=0.0136 real_p1_skipped=1.0000 real_p1_hole_frac=0.1387 real_p2_eps=0.3987 real_p2_hit=1.0000 real_p2_t=24.0000 real_p2_ldif=0.0092 real_p2_gen_adv=-0.2790 real_p2_lfm=0.0013 real_total=0.3826 discr_adv=1.0026 p2_d_real=0.2738 p2_d_fake=0.2790 g_grad_abs=1051.3927 d_grad_abs=70.0109 synth_eps=0.3215 synth_eps_raw=0.3215 synth_x0_hit=1.0000 synth_x0_t=161.0000 synth_x0_ldif=0.0744 synth_x0_gen_adv=-0.1158 synth_x0_lfm=0.0128 synth_total=0.4098 extra_render_attn_share=0.5418
[step 37300] real_p1_mirror_hole_cov=0.0536 real_p1_skipped=1.0000 real_p1_hole_frac=0.4471 real_p2_eps=0.0025 real_p2_hit=0.0000 real_total=0.0025 discr_adv=0.9936 x0_d_real=-0.0097 x0_d_fake=-0.0225 g_grad_abs=42.8555 d_grad_abs=199.4366 synth_eps=0.8705 synth_eps_raw=0.8705 synth_x0_hit=1.0000 synth_x0_t=5.0000 synth_x0_ldif=0.0045 synth_x0_gen_adv=-0.2500 synth_x0_lfm=0.0002 synth_total=0.8505 extra_render_attn_share=0.5418
[step 37350] real_p1_mirror_hole_cov=0.1258 real_p1_skipped=1.0000 real_p1_hole_frac=0.3088 real_p2_eps=0.0369 real_p2_hit=0.0000 real_total=0.0369 synth_eps=0.0017 synth_eps_raw=0.0017 synth_x0_hit=0.0000 synth_total=0.0017 extra_render_attn_share=0.5418
[step 37400] real_p1_mirror_hole_cov=0.4100 real_p1_skipped=1.0000 real_p1_hole_frac=0.0355 real_p2_eps=0.1448 real_p2_hit=1.0000 real_p2_t=109.0000 real_p2_ldif=0.0192 real_p2_gen_adv=-0.3453 real_p2_lfm=0.0008 real_total=0.1310 discr_adv=1.9543 x0_d_real=0.4914 x0_d_fake=0.4115 p2_d_real=0.3569 p2_d_fake=0.3453 g_grad_abs=819.6186 d_grad_abs=611.7643 synth_eps=0.3664 synth_eps_raw=0.3664 synth_x0_hit=1.0000 synth_x0_t=128.0000 synth_x0_ldif=0.0606 synth_x0_gen_adv=-0.5516 synth_x0_lfm=0.0034 synth_total=0.3787 extra_render_attn_share=0.5418
[step 37450] real_p1_mirror_hole_cov=0.0346 real_p1_skipped=1.0000 real_p1_hole_frac=0.2153 real_p2_eps=0.0078 real_p2_hit=0.0000 real_total=0.0078 discr_adv=0.9716 x0_d_real=-0.0263 x0_d_fake=-0.0831 g_grad_abs=109.9443 d_grad_abs=355.5146 synth_eps=0.1988 synth_eps_raw=0.1988 synth_x0_hit=1.0000 synth_x0_t=188.0000 synth_x0_ldif=0.0587 synth_x0_gen_adv=0.2269 synth_x0_lfm=0.0029 synth_total=0.2860 extra_render_attn_share=0.5418
[step 37500] real_p1_mirror_hole_cov=0.0093 real_p1_skipped=1.0000 real_p1_hole_frac=0.2675 real_p2_eps=0.2557 real_p2_hit=1.0000 real_p2_t=130.0000 real_p2_ldif=0.0432 real_p2_gen_adv=0.2426 real_p2_lfm=0.0029 real_total=0.3289 discr_adv=0.9950 p2_d_real=-0.2327 p2_d_fake=-0.2426 g_grad_abs=1038.3527 d_grad_abs=101.4908 synth_eps=0.2235 synth_eps_raw=0.2235 synth_x0_hit=1.0000 synth_x0_t=234.0000 synth_x0_ldif=0.0959 synth_x0_gen_adv=0.4722 synth_x0_lfm=0.0039 synth_total=0.3745 extra_render_attn_share=0.5418
[images] real: anchor | cond1 | cond2 | inv_warp_mirror | mask | mask_inv | warp_img | warp_warp_img | x | y_hat | y_hat_novel -> /home/xzy/warpgan-diffusiong-inpainting/warpgan-diffusion-inpainting-main/experiments/train_inpainting_diffusion/[20260911-143749]_v18w3_w3d_30k/logs/images/train/real_step0037500.png
[images] synth: cond | mask | target | warp_img | x | y_hat_novel -> /home/xzy/warpgan-diffusiong-inpainting/warpgan-diffusion-inpainting-main/experiments/train_inpainting_diffusion/[20260911-143749]_v18w3_w3d_30k/logs/images/train/synth_step0037500.png
[step 37550] real_p1_mirror_hole_cov=0.0078 real_p1_skipped=1.0000 real_p1_hole_frac=0.0964 real_p2_eps=0.0027 real_p2_hit=0.0000 real_total=0.0027 synth_eps=0.0547 synth_eps_raw=0.0547 synth_x0_hit=0.0000 synth_total=0.0547 extra_render_attn_share=0.5418
[step 37600] real_p1_mirror_hole_cov=0.1012 real_p1_skipped=1.0000 real_p1_hole_frac=0.3778 real_p2_eps=0.1873 real_p2_hit=1.0000 real_p2_t=222.0000 real_p2_ldif=0.0732 real_p2_gen_adv=0.1093 real_p2_lfm=0.0134 real_total=0.2982 discr_adv=0.9926 p2_d_real=-0.0946 p2_d_fake=-0.1093 g_grad_abs=2305.7123 d_grad_abs=451.5904 synth_eps=0.2618 synth_eps_raw=0.2618 synth_x0_hit=1.0000 synth_x0_t=239.0000 synth_x0_ldif=0.1167 synth_x0_gen_adv=-0.7707 synth_x0_lfm=0.0330 synth_total=0.3674 extra_render_attn_share=0.5418
[step 37650] real_p1_mirror_hole_cov=0.0728 real_p1_skipped=1.0000 real_p1_hole_frac=0.0487 real_p2_eps=0.7143 real_p2_hit=1.0000 real_p2_t=2.0000 real_p2_ldif=0.0018 real_p2_gen_adv=-0.6285 real_p2_lfm=0.0000 real_total=0.6534 discr_adv=1.0008 p2_d_real=0.6280 p2_d_fake=0.6285 g_grad_abs=1336.0569 d_grad_abs=39.8605 synth_eps=0.2322 synth_eps_raw=0.2322 synth_x0_hit=1.0000 synth_x0_t=248.0000 synth_x0_ldif=0.1108 synth_x0_gen_adv=-0.6035 synth_x0_lfm=0.0050 synth_total=0.2927 extra_render_attn_share=0.5418
[step 37700] real_p1_mirror_hole_cov=0.0229 real_p1_skipped=1.0000 real_p1_hole_frac=0.1209 real_p2_eps=0.0336 real_p2_hit=0.0000 real_total=0.0336 discr_adv=0.9950 x0_d_real=0.4097 x0_d_fake=0.3998 g_grad_abs=436.9024 d_grad_abs=170.7252 synth_eps=0.0046 synth_eps_raw=0.0046 synth_x0_hit=0.0000 synth_total=0.0046 extra_render_attn_share=0.5418
[step 37750] real_p1_mirror_hole_cov=0.0673 real_p1_skipped=1.0000 real_p1_hole_frac=0.2860 real_p2_eps=0.1662 real_p2_hit=1.0000 real_p2_t=243.0000 real_p2_ldif=0.0763 real_p2_gen_adv=-0.6286 real_p2_lfm=0.0056 real_total=0.1907 discr_adv=1.0107 p2_d_real=0.6077 p2_d_fake=0.6286 g_grad_abs=1826.1738 d_grad_abs=634.5255 synth_eps=0.0469 synth_eps_raw=0.0469 synth_x0_hit=0.0000 synth_total=0.0469 extra_render_attn_share=0.5418
[step 37800] real_p1_mirror_hole_cov=0.0175 real_p1_skipped=1.0000 real_p1_hole_frac=0.3430 real_p2_eps=0.1546 real_p2_hit=0.0000 real_total=0.1546 discr_adv=0.9981 x0_d_real=0.5209 x0_d_fake=0.5169 g_grad_abs=606.9238 d_grad_abs=174.0193 synth_eps=0.2338 synth_eps_raw=0.2338 synth_x0_hit=1.0000 synth_x0_t=216.0000 synth_x0_ldif=0.0871 synth_x0_gen_adv=-0.5911 synth_x0_lfm=0.0024 synth_total=0.2665 extra_render_attn_share=0.5418
[step 37850] real_p1_mirror_hole_cov=0.1272 real_p1_skipped=1.0000 real_p1_hole_frac=0.1629 real_p2_eps=0.0044 real_p2_hit=0.0000 real_total=0.0044 discr_adv=0.9967 x0_d_real=-0.1602 x0_d_fake=-0.1668 g_grad_abs=56.2710 d_grad_abs=152.8212 synth_eps=0.0052 synth_eps_raw=0.0052 synth_x0_hit=0.0000 synth_total=0.0052 extra_render_attn_share=0.5418
[step 37900] real_p1_mirror_hole_cov=0.0490 real_p1_skipped=1.0000 real_p1_hole_frac=0.1676 real_p2_eps=0.0126 real_p2_hit=0.0000 real_total=0.0126 discr_adv=0.9607 x0_d_real=0.1293 x0_d_fake=0.0508 g_grad_abs=139.0748 d_grad_abs=366.8909 synth_eps=0.0022 synth_eps_raw=0.0022 synth_x0_hit=0.0000 synth_total=0.0022 extra_render_attn_share=0.5418
[step 37950] real_p1_mirror_hole_cov=0.1764 real_p1_skipped=1.0000 real_p1_hole_frac=0.3674 real_p2_eps=0.0556 real_p2_hit=0.0000 real_total=0.0556 synth_eps=0.2013 synth_eps_raw=0.2013 synth_x0_hit=1.0000 synth_x0_t=247.0000 synth_x0_ldif=0.0953 synth_x0_gen_adv=0.3361 synth_x0_lfm=0.0045 synth_total=0.3392 extra_render_attn_share=0.5418
[val step 37999] val_novel_full=0.1366 val_novel_hole=0.1416 val_novel_visible=0.1303
[step 38000] real_p1_mirror_hole_cov=0.2111 real_p1_skipped=1.0000 real_p1_hole_frac=0.0794 real_p2_eps=0.0094 real_p2_hit=0.0000 real_total=0.0094 synth_eps=0.0045 synth_eps_raw=0.0045 synth_x0_hit=0.0000 synth_total=0.0045 extra_render_attn_share=0.5436
[images] real: anchor | cond1 | cond2 | inv_warp_mirror | mask | mask_inv | warp_img | warp_warp_img | x | y_hat | y_hat_novel -> /home/xzy/warpgan-diffusiong-inpainting/warpgan-diffusion-inpainting-main/experiments/train_inpainting_diffusion/[20260911-143749]_v18w3_w3d_30k/logs/images/train/real_step0038000.png
[images] synth: cond | mask | target | warp_img | x | y_hat_novel -> /home/xzy/warpgan-diffusiong-inpainting/warpgan-diffusion-inpainting-main/experiments/train_inpainting_diffusion/[20260911-143749]_v18w3_w3d_30k/logs/images/train/synth_step0038000.png
[step 38050] real_p1_mirror_hole_cov=0.0385 real_p1_skipped=1.0000 real_p1_hole_frac=0.3025 real_p2_eps=0.0557 real_p2_hit=0.0000 real_total=0.0557 synth_eps=0.2649 synth_eps_raw=0.2649 synth_x0_hit=1.0000 synth_x0_t=219.0000 synth_x0_ldif=0.1010 synth_x0_gen_adv=0.1380 synth_x0_lfm=0.0055 synth_total=0.3907 extra_render_attn_share=0.5436
[step 38100] real_p1_mirror_hole_cov=0.0417 real_p1_skipped=1.0000 real_p1_hole_frac=0.2771 real_p2_eps=0.0041 real_p2_hit=0.0000 real_total=0.0041 discr_adv=1.0082 x0_d_real=-0.3050 x0_d_fake=-0.2997 g_grad_abs=71.1602 d_grad_abs=244.1527 synth_eps=0.9864 synth_eps_raw=0.9864 synth_x0_hit=1.0000 synth_x0_t=0.0000 synth_x0_ldif=0.0008 synth_x0_gen_adv=0.3497 synth_x0_lfm=0.0001 synth_total=1.0223 extra_render_attn_share=0.5436
[step 38150] real_p1_mirror_hole_cov=0.0344 real_p1_skipped=1.0000 real_p1_hole_frac=0.1021 real_p2_eps=0.0783 real_p2_hit=0.0000 real_total=0.0783 synth_eps=0.0018 synth_eps_raw=0.0018 synth_x0_hit=0.0000 synth_total=0.0018 extra_render_attn_share=0.5436
[step 38200] real_p1_mirror_hole_cov=0.2856 real_p1_skipped=1.0000 real_p1_hole_frac=0.2220 real_p2_eps=0.3115 real_p2_hit=1.0000 real_p2_t=63.0000 real_p2_ldif=0.0207 real_p2_gen_adv=0.4054 real_p2_lfm=0.0032 real_total=0.3792 discr_adv=1.9733 x0_d_real=-0.4241 x0_d_fake=-0.4499 p2_d_real=-0.3778 p2_d_fake=-0.4054 g_grad_abs=1016.5494 d_grad_abs=304.5429 synth_eps=0.2665 synth_eps_raw=0.2665 synth_x0_hit=1.0000 synth_x0_t=192.0000 synth_x0_ldif=0.0814 synth_x0_gen_adv=0.5827 synth_x0_lfm=0.0076 synth_total=0.4214 extra_render_attn_share=0.5436
[step 38250] real_p1_mirror_hole_cov=0.0329 real_p1_skipped=1.0000 real_p1_hole_frac=0.0865 real_p2_eps=0.0033 real_p2_hit=0.0000 real_total=0.0033 synth_eps=0.1017 synth_eps_raw=0.1017 synth_x0_hit=0.0000 synth_total=0.1017 extra_render_attn_share=0.5436
[step 38300] real_p1_mirror_hole_cov=0.4416 real_p1_skipped=1.0000 real_p1_hole_frac=0.3385 real_p2_eps=0.1452 real_p2_hit=1.0000 real_p2_t=278.0000 real_p2_ldif=0.0862 real_p2_gen_adv=0.3456 real_p2_lfm=0.0632 real_total=0.3923 discr_adv=2.0134 x0_d_real=-0.4225 x0_d_fake=-0.4304 p2_d_real=-0.3802 p2_d_fake=-0.3456 g_grad_abs=7839.3467 d_grad_abs=212.4491 synth_eps=0.6883 synth_eps_raw=0.6883 synth_x0_hit=1.0000 synth_x0_t=18.0000 synth_x0_ldif=0.0118 synth_x0_gen_adv=0.3748 synth_x0_lfm=0.0093 synth_total=0.7561 extra_render_attn_share=0.5436
[step 38350] real_p1_mirror_hole_cov=0.0703 real_p1_skipped=1.0000 real_p1_hole_frac=0.2804 real_p2_eps=0.1864 real_p2_hit=1.0000 real_p2_t=252.0000 real_p2_ldif=0.0916 real_p2_gen_adv=0.3141 real_p2_lfm=0.1781 real_total=0.6657 discr_adv=0.9496 p2_d_real=-0.2133 p2_d_fake=-0.3141 g_grad_abs=25667.5794 d_grad_abs=520.1068 synth_eps=0.0171 synth_eps_raw=0.0171 synth_x0_hit=0.0000 synth_total=0.0171 extra_render_attn_share=0.5436
[step 38400] real_p1_mirror_hole_cov=0.1127 real_p1_skipped=1.0000 real_p1_hole_frac=0.1366 real_p2_eps=0.0031 real_p2_hit=0.0000 real_total=0.0031 discr_adv=0.9889 x0_d_real=-0.4318 x0_d_fake=-0.4541 g_grad_abs=51.9560 d_grad_abs=164.5108 synth_eps=0.0280 synth_eps_raw=0.0280 synth_x0_hit=0.0000 synth_total=0.0280 extra_render_attn_share=0.5436
[step 38450] real_p1_mirror_hole_cov=0.0089 real_p1_skipped=1.0000 real_p1_hole_frac=0.0986 real_p2_eps=0.0285 real_p2_hit=0.0000 real_total=0.0285 synth_eps=0.1266 synth_eps_raw=0.1266 synth_x0_hit=0.0000 synth_total=0.1266 extra_render_attn_share=0.5436
[step 38500] real_p1_mirror_hole_cov=0.1274 real_p1_skipped=1.0000 real_p1_hole_frac=0.4153 real_p2_eps=0.0059 real_p2_hit=0.0000 real_total=0.0059 discr_adv=1.0012 x0_d_real=0.6537 x0_d_fake=0.6562 g_grad_abs=117.2485 d_grad_abs=74.4628 synth_eps=0.9218 synth_eps_raw=0.9218 synth_x0_hit=1.0000 synth_x0_t=1.0000 synth_x0_ldif=0.0016 synth_x0_gen_adv=-0.6655 synth_x0_lfm=0.0002 synth_total=0.8573 extra_render_attn_share=0.5436
[images] real: anchor | cond1 | cond2 | inv_warp_mirror | mask | mask_inv | warp_img | warp_warp_img | x | y_hat | y_hat_novel -> /home/xzy/warpgan-diffusiong-inpainting/warpgan-diffusion-inpainting-main/experiments/train_inpainting_diffusion/[20260911-143749]_v18w3_w3d_30k/logs/images/train/real_step0038500.png
[images] synth: cond | mask | target | warp_img | x | y_hat_novel -> /home/xzy/warpgan-diffusiong-inpainting/warpgan-diffusion-inpainting-main/experiments/train_inpainting_diffusion/[20260911-143749]_v18w3_w3d_30k/logs/images/train/synth_step0038500.png
[step 38550] real_p1_mirror_hole_cov=0.2012 real_p1_skipped=1.0000 real_p1_hole_frac=0.2567 real_p2_eps=0.0078 real_p2_hit=0.0000 real_total=0.0078 synth_eps=0.0313 synth_eps_raw=0.0313 synth_x0_hit=0.0000 synth_total=0.0313 extra_render_attn_share=0.5436
[step 38600] real_p1_mirror_hole_cov=0.0203 real_p1_skipped=1.0000 real_p1_hole_frac=0.1465 real_p2_eps=0.0609 real_p2_hit=0.0000 real_total=0.0609 discr_adv=1.0033 x0_d_real=-0.0065 x0_d_fake=0.0001 g_grad_abs=411.3688 d_grad_abs=137.0567 synth_eps=0.2499 synth_eps_raw=0.2499 synth_x0_hit=1.0000 synth_x0_t=186.0000 synth_x0_ldif=0.0725 synth_x0_gen_adv=0.0354 synth_x0_lfm=0.0132 synth_total=0.3523 extra_render_attn_share=0.5436
[step 38650] real_p1_mirror_hole_cov=0.1472 real_p1_skipped=1.0000 real_p1_hole_frac=0.2495 real_p2_eps=0.0067 real_p2_hit=0.0000 real_total=0.0067 synth_eps=0.1716 synth_eps_raw=0.1716 synth_x0_hit=1.0000 synth_x0_t=220.0000 synth_x0_ldif=0.0660 synth_x0_gen_adv=0.2373 synth_x0_lfm=0.0168 synth_total=0.2948 extra_render_attn_share=0.5436
[step 38700] real_p1_mirror_hole_cov=0.0891 real_p1_skipped=1.0000 real_p1_hole_frac=0.0559 real_p2_eps=0.0869 real_p2_hit=0.0000 real_total=0.0869 synth_eps=0.0115 synth_eps_raw=0.0115 synth_x0_hit=0.0000 synth_total=0.0115 extra_render_attn_share=0.5436
[step 38750] real_p1_mirror_hole_cov=0.0420 real_p1_skipped=1.0000 real_p1_hole_frac=0.0602 real_p2_eps=0.0565 real_p2_hit=0.0000 real_total=0.0565 synth_eps=0.0085 synth_eps_raw=0.0085 synth_x0_hit=0.0000 synth_total=0.0085 extra_render_attn_share=0.5436
[step 38800] real_p1_mirror_hole_cov=0.0017 real_p1_skipped=1.0000 real_p1_hole_frac=0.2378 real_p2_eps=0.0024 real_p2_hit=0.0000 real_total=0.0024 synth_eps=0.3897 synth_eps_raw=0.3897 synth_x0_hit=1.0000 synth_x0_t=140.0000 synth_x0_ldif=0.0733 synth_x0_gen_adv=0.2311 synth_x0_lfm=0.0412 synth_total=0.5684 extra_render_attn_share=0.5436
[step 38850] real_p1_mirror_hole_cov=0.0057 real_p1_skipped=1.0000 real_p1_hole_frac=0.1935 real_p2_eps=0.0160 real_p2_hit=0.0000 real_total=0.0160 synth_eps=0.3563 synth_eps_raw=0.3563 synth_x0_hit=1.0000 synth_x0_t=128.0000 synth_x0_ldif=0.0589 synth_x0_gen_adv=0.1501 synth_x0_lfm=0.0176 synth_total=0.4654 extra_render_attn_share=0.5436
[step 38900] real_p1_mirror_hole_cov=0.0346 real_p1_skipped=1.0000 real_p1_hole_frac=0.1351 real_p2_eps=0.5496 real_p2_hit=1.0000 real_p2_t=12.0000 real_p2_ldif=0.0063 real_p2_gen_adv=0.5117 real_p2_lfm=0.0104 real_total=0.6279 discr_adv=1.9960 x0_d_real=-0.5484 x0_d_fake=-0.5520 p2_d_real=-0.5073 p2_d_fake=-0.5117 g_grad_abs=1961.1398 d_grad_abs=51.3316 synth_eps=0.1372 synth_eps_raw=0.1372 synth_x0_hit=0.0000 synth_total=0.1372 extra_render_attn_share=0.5436
[step 38950] real_p1_mirror_hole_cov=0.0486 real_p1_skipped=1.0000 real_p1_hole_frac=0.0534 real_p2_eps=0.0434 real_p2_hit=0.0000 real_total=0.0434 discr_adv=0.9975 x0_d_real=-0.4049 x0_d_fake=-0.4099 g_grad_abs=346.8071 d_grad_abs=39.3800 synth_eps=0.9070 synth_eps_raw=0.9070 synth_x0_hit=1.0000 synth_x0_t=3.0000 synth_x0_ldif=0.0031 synth_x0_gen_adv=0.3878 synth_x0_lfm=0.0032 synth_total=0.9554 extra_render_attn_share=0.5436
[step 39000] real_p1_mirror_hole_cov=0.0272 real_p1_skipped=1.0000 real_p1_hole_frac=0.3734 real_p2_eps=0.0021 real_p2_hit=0.0000 real_total=0.0021 synth_eps=0.0345 synth_eps_raw=0.0345 synth_x0_hit=0.0000 synth_total=0.0345 extra_render_attn_share=0.5436
[images] real: anchor | cond1 | cond2 | inv_warp_mirror | mask | mask_inv | warp_img | warp_warp_img | x | y_hat | y_hat_novel -> /home/xzy/warpgan-diffusiong-inpainting/warpgan-diffusion-inpainting-main/experiments/train_inpainting_diffusion/[20260911-143749]_v18w3_w3d_30k/logs/images/train/real_step0039000.png
[images] synth: cond | mask | target | warp_img | x | y_hat_novel -> /home/xzy/warpgan-diffusiong-inpainting/warpgan-diffusion-inpainting-main/experiments/train_inpainting_diffusion/[20260911-143749]_v18w3_w3d_30k/logs/images/train/synth_step0039000.png
[step 39050] real_p1_mirror_hole_cov=0.2227 real_p1_skipped=1.0000 real_p1_hole_frac=0.4386 real_p2_eps=0.9299 real_p2_hit=1.0000 real_p2_t=0.0000 real_p2_ldif=0.0008 real_p2_gen_adv=0.5408 real_p2_lfm=0.0001 real_total=0.9850 discr_adv=0.9983 p2_d_real=-0.5374 p2_d_fake=-0.5408 g_grad_abs=678.8891 d_grad_abs=25.4079 synth_eps=0.0019 synth_eps_raw=0.0019 synth_x0_hit=0.0000 synth_total=0.0019 extra_render_attn_share=0.5436
[step 39100] real_p1_mirror_hole_cov=0.0143 real_p1_skipped=1.0000 real_p1_hole_frac=0.2700 real_p2_eps=0.4259 real_p2_hit=1.0000 real_p2_t=34.0000 real_p2_ldif=0.0141 real_p2_gen_adv=0.6185 real_p2_lfm=0.0012 real_total=0.5042 discr_adv=0.9969 p2_d_real=-0.6085 p2_d_fake=-0.6185 g_grad_abs=1020.5219 d_grad_abs=159.1035 synth_eps=0.0389 synth_eps_raw=0.0389 synth_x0_hit=0.0000 synth_total=0.0389 extra_render_attn_share=0.5436
[step 39150] real_p1_mirror_hole_cov=0.0756 real_p1_skipped=1.0000 real_p1_hole_frac=0.0687 real_p2_eps=0.0540 real_p2_hit=0.0000 real_total=0.0540 synth_eps=0.1091 synth_eps_raw=0.1091 synth_x0_hit=0.0000 synth_total=0.1091 extra_render_attn_share=0.5436
[step 39200] real_p1_mirror_hole_cov=0.0189 real_p1_skipped=1.0000 real_p1_hole_frac=0.1506 real_p2_eps=0.0783 real_p2_hit=0.0000 real_total=0.0783 discr_adv=0.9323 x0_d_real=-0.0115 x0_d_fake=-0.1479 g_grad_abs=449.2909 d_grad_abs=1474.5908 synth_eps=0.0366 synth_eps_raw=0.0366 synth_x0_hit=0.0000 synth_total=0.0366 extra_render_attn_share=0.5436
[step 39250] real_p1_mirror_hole_cov=0.2481 real_p1_skipped=1.0000 real_p1_hole_frac=0.5015 real_p2_eps=0.2598 real_p2_hit=1.0000 real_p2_t=182.0000 real_p2_ldif=0.0728 real_p2_gen_adv=0.3315 real_p2_lfm=0.0140 real_total=0.3937 discr_adv=0.9539 p2_d_real=-0.2393 p2_d_fake=-0.3315 g_grad_abs=1623.7640 d_grad_abs=473.4551 synth_eps=0.0020 synth_eps_raw=0.0020 synth_x0_hit=0.0000 synth_total=0.0020 extra_render_attn_share=0.5436
[step 39300] real_p1_mirror_hole_cov=0.1847 real_p1_skipped=1.0000 real_p1_hole_frac=0.3732 real_p2_eps=0.4868 real_p2_hit=1.0000 real_p2_t=44.0000 real_p2_ldif=0.0214 real_p2_gen_adv=-0.7468 real_p2_lfm=0.0072 real_total=0.4480 discr_adv=2.0036 x0_d_real=0.9381 x0_d_fake=0.9455 p2_d_real=0.7641 p2_d_fake=0.7468 g_grad_abs=1969.8805 d_grad_abs=756.4320 synth_eps=0.5886 synth_eps_raw=0.5886 synth_x0_hit=1.0000 synth_x0_t=49.0000 synth_x0_ldif=0.0293 synth_x0_gen_adv=-0.9447 synth_x0_lfm=0.0128 synth_total=0.5491 extra_render_attn_share=0.5436
[step 39350] real_p1_mirror_hole_cov=0.1710 real_p1_skipped=1.0000 real_p1_hole_frac=0.0345 real_p2_eps=0.0007 real_p2_hit=0.0000 real_total=0.0007 synth_eps=0.2790 synth_eps_raw=0.2790 synth_x0_hit=1.0000 synth_x0_t=188.0000 synth_x0_ldif=0.0823 synth_x0_gen_adv=-0.0725 synth_x0_lfm=0.0225 synth_total=0.3990 extra_render_attn_share=0.5436
[step 39400] real_p1_mirror_hole_cov=0.0977 real_p1_skipped=1.0000 real_p1_hole_frac=0.1245 real_p2_eps=0.2040 real_p2_hit=1.0000 real_p2_t=148.0000 real_p2_ldif=0.0416 real_p2_gen_adv=0.0299 real_p2_lfm=0.0082 real_total=0.2649 discr_adv=1.0041 p2_d_real=-0.0381 p2_d_fake=-0.0299 g_grad_abs=1308.3353 d_grad_abs=153.6202 synth_eps=0.1188 synth_eps_raw=0.1188 synth_x0_hit=0.0000 synth_total=0.1188 extra_render_attn_share=0.5436
[step 39450] real_p1_mirror_hole_cov=0.0072 real_p1_skipped=1.0000 real_p1_hole_frac=0.1636 real_p2_eps=0.1360 real_p2_hit=1.0000 real_p2_t=147.0000 real_p2_ldif=0.0275 real_p2_gen_adv=0.1016 real_p2_lfm=0.0011 real_total=0.1759 discr_adv=0.9999 p2_d_real=-0.1014 p2_d_fake=-0.1016 g_grad_abs=715.9643 d_grad_abs=23.7687 synth_eps=0.1207 synth_eps_raw=0.1207 synth_x0_hit=0.0000 synth_total=0.1207 extra_render_attn_share=0.5436
[step 39500] real_p1_mirror_hole_cov=0.0521 real_p1_skipped=1.0000 real_p1_hole_frac=0.4120 real_p2_eps=0.0086 real_p2_hit=0.0000 real_total=0.0086 discr_adv=0.9971 x0_d_real=-0.0933 x0_d_fake=-0.0991 g_grad_abs=145.2894 d_grad_abs=80.0863 synth_eps=0.0113 synth_eps_raw=0.0113 synth_x0_hit=0.0000 synth_total=0.0113 extra_render_attn_share=0.5436
[images] real: anchor | cond1 | cond2 | inv_warp_mirror | mask | mask_inv | warp_img | warp_warp_img | x | y_hat | y_hat_novel -> /home/xzy/warpgan-diffusiong-inpainting/warpgan-diffusion-inpainting-main/experiments/train_inpainting_diffusion/[20260911-143749]_v18w3_w3d_30k/logs/images/train/real_step0039500.png
[images] synth: cond | mask | target | warp_img | x | y_hat_novel -> /home/xzy/warpgan-diffusiong-inpainting/warpgan-diffusion-inpainting-main/experiments/train_inpainting_diffusion/[20260911-143749]_v18w3_w3d_30k/logs/images/train/synth_step0039500.png
[step 39550] real_p1_mirror_hole_cov=0.1293 real_p1_skipped=1.0000 real_p1_hole_frac=0.1371 real_p2_eps=0.0072 real_p2_hit=0.0000 real_total=0.0072 synth_eps=0.2311 synth_eps_raw=0.2311 synth_x0_hit=1.0000 synth_x0_t=204.0000 synth_x0_ldif=0.0781 synth_x0_gen_adv=0.3177 synth_x0_lfm=0.0054 synth_total=0.3518 extra_render_attn_share=0.5436
[step 39600] real_p1_mirror_hole_cov=0.0552 real_p1_skipped=1.0000 real_p1_hole_frac=0.0558 real_p2_eps=0.1424 real_p2_hit=1.0000 real_p2_t=93.0000 real_p2_ldif=0.0153 real_p2_gen_adv=-0.6637 real_p2_lfm=0.0070 real_total=0.1055 discr_adv=1.0016 p2_d_real=0.6610 p2_d_fake=0.6637 g_grad_abs=1518.9589 d_grad_abs=296.3426 synth_eps=0.0017 synth_eps_raw=0.0017 synth_x0_hit=0.0000 synth_total=0.0017 extra_render_attn_share=0.5436
[step 39650] real_p1_mirror_hole_cov=0.1834 real_p1_skipped=1.0000 real_p1_hole_frac=0.3326 real_p2_eps=0.0310 real_p2_hit=0.0000 real_total=0.0310 synth_eps=0.0086 synth_eps_raw=0.0086 synth_x0_hit=0.0000 synth_total=0.0086 extra_render_attn_share=0.5436
[step 39700] real_p1_mirror_hole_cov=0.1503 real_p1_skipped=1.0000 real_p1_hole_frac=0.3826 real_p2_eps=0.6058 real_p2_hit=1.0000 real_p2_t=21.0000 real_p2_ldif=0.0121 real_p2_gen_adv=-0.8410 real_p2_lfm=0.0020 real_total=0.5379 discr_adv=1.0012 p2_d_real=0.8406 p2_d_fake=0.8410 g_grad_abs=1160.4329 d_grad_abs=269.9881 synth_eps=0.0503 synth_eps_raw=0.0503 synth_x0_hit=0.0000 synth_total=0.0503 extra_render_attn_share=0.5436
[step 39750] real_p1_mirror_hole_cov=0.0054 real_p1_skipped=1.0000 real_p1_hole_frac=0.2736 real_p2_eps=0.0043 real_p2_hit=0.0000 real_total=0.0043 discr_adv=0.9861 x0_d_real=0.3544 x0_d_fake=0.3267 g_grad_abs=80.4876 d_grad_abs=184.7538 synth_eps=0.0067 synth_eps_raw=0.0067 synth_x0_hit=0.0000 synth_total=0.0067 extra_render_attn_share=0.5436
[step 39800] real_p1_mirror_hole_cov=0.1529 real_p1_skipped=1.0000 real_p1_hole_frac=0.2597 real_p2_eps=0.0050 real_p2_hit=0.0000 real_total=0.0050 synth_eps=0.0027 synth_eps_raw=0.0027 synth_x0_hit=0.0000 synth_total=0.0027 extra_render_attn_share=0.5436
[step 39850] real_p1_mirror_hole_cov=0.0533 real_p1_skipped=1.0000 real_p1_hole_frac=0.1811 real_p2_eps=0.0011 real_p2_hit=0.0000 real_total=0.0011 synth_eps=0.0137 synth_eps_raw=0.0137 synth_x0_hit=0.0000 synth_total=0.0137 extra_render_attn_share=0.5436
[step 39900] real_p1_mirror_hole_cov=0.1245 real_p1_skipped=1.0000 real_p1_hole_frac=0.2301 real_p2_eps=0.0099 real_p2_hit=0.0000 real_total=0.0099 synth_eps=0.0630 synth_eps_raw=0.0630 synth_x0_hit=0.0000 synth_total=0.0630 extra_render_attn_share=0.5436
[step 39950] real_p1_mirror_hole_cov=0.1204 real_p1_skipped=1.0000 real_p1_hole_frac=0.1778 real_p2_eps=0.0959 real_p2_hit=0.0000 real_total=0.0959 synth_eps=0.0031 synth_eps_raw=0.0031 synth_x0_hit=0.0000 synth_total=0.0031 extra_render_attn_share=0.5436
[ckpt] saved /home/xzy/warpgan-diffusiong-inpainting/warpgan-diffusion-inpainting-main/experiments/train_inpainting_diffusion/[20260911-143749]_v18w3_w3d_30k/checkpoints/iteration_0039999.pt
[val step 39999] val_novel_full=0.1160 val_novel_hole=0.1195 val_novel_visible=0.1130
[step 40000] real_p1_mirror_hole_cov=0.2937 real_p1_skipped=1.0000 real_p1_hole_frac=0.4806 real_p2_eps=0.0953 real_p2_hit=0.0000 real_total=0.0953 synth_eps=0.0852 synth_eps_raw=0.0852 synth_x0_hit=0.0000 synth_total=0.0852 extra_render_attn_share=0.5427
[images] real: anchor | cond1 | cond2 | inv_warp_mirror | mask | mask_inv | warp_img | warp_warp_img | x | y_hat | y_hat_novel -> /home/xzy/warpgan-diffusiong-inpainting/warpgan-diffusion-inpainting-main/experiments/train_inpainting_diffusion/[20260911-143749]_v18w3_w3d_30k/logs/images/train/real_step0040000.png
[images] synth: cond | mask | target | warp_img | x | y_hat_novel -> /home/xzy/warpgan-diffusiong-inpainting/warpgan-diffusion-inpainting-main/experiments/train_inpainting_diffusion/[20260911-143749]_v18w3_w3d_30k/logs/images/train/synth_step0040000.png
[step 40050] real_p1_mirror_hole_cov=0.1381 real_p1_skipped=1.0000 real_p1_hole_frac=0.4232 real_p2_eps=0.3571 real_p2_hit=1.0000 real_p2_t=64.0000 real_p2_ldif=0.0242 real_p2_gen_adv=-0.1617 real_p2_lfm=0.0027 real_total=0.3706 discr_adv=1.9726 x0_d_real=-0.3145 x0_d_fake=-0.3554 p2_d_real=0.1757 p2_d_fake=0.1617 g_grad_abs=970.7482 d_grad_abs=510.7509 synth_eps=0.0180 synth_eps_raw=0.0180 synth_x0_hit=0.0000 synth_total=0.0180 extra_render_attn_share=0.5427
[step 40100] real_p1_mirror_hole_cov=0.0839 real_p1_skipped=1.0000 real_p1_hole_frac=0.0847 real_p2_eps=0.0846 real_p2_hit=1.0000 real_p2_t=275.0000 real_p2_ldif=0.0492 real_p2_gen_adv=-0.8714 real_p2_lfm=0.0045 real_total=0.0557 discr_adv=1.0155 p2_d_real=0.8431 p2_d_fake=0.8714 g_grad_abs=1651.9879 d_grad_abs=355.5684 synth_eps=0.0020 synth_eps_raw=0.0020 synth_x0_hit=0.0000 synth_total=0.0020 extra_render_attn_share=0.5427
[step 40150] real_p1_mirror_hole_cov=0.0934 real_p1_skipped=1.0000 real_p1_hole_frac=0.1180 real_p2_eps=0.0319 real_p2_hit=0.0000 real_total=0.0319 discr_adv=0.9998 x0_d_real=0.8606 x0_d_fake=0.8602 g_grad_abs=240.8184 d_grad_abs=43.4556 synth_eps=0.2710 synth_eps_raw=0.2710 synth_x0_hit=1.0000 synth_x0_t=194.0000 synth_x0_ldif=0.0842 synth_x0_gen_adv=-0.8709 synth_x0_lfm=0.0022 synth_total=0.2725 extra_render_attn_share=0.5427
[step 40200] real_p1_mirror_hole_cov=0.1623 real_p1_skipped=1.0000 real_p1_hole_frac=0.2150 real_p2_eps=0.1121 real_p2_hit=1.0000 real_p2_t=295.0000 real_p2_ldif=0.0751 real_p2_gen_adv=-0.2177 real_p2_lfm=0.0075 real_total=0.1804 discr_adv=1.0108 p2_d_real=0.1960 p2_d_fake=0.2177 g_grad_abs=1309.2004 d_grad_abs=232.0952 synth_eps=0.0469 synth_eps_raw=0.0469 synth_x0_hit=0.0000 synth_total=0.0469 extra_render_attn_share=0.5427
[step 40250] real_p1_mirror_hole_cov=0.0017 real_p1_skipped=1.0000 real_p1_hole_frac=0.1598 real_p2_eps=0.0009 real_p2_hit=0.0000 real_total=0.0009 discr_adv=0.9873 x0_d_real=0.8133 x0_d_fake=0.7879 g_grad_abs=27.7944 d_grad_abs=314.3208 synth_eps=0.0036 synth_eps_raw=0.0036 synth_x0_hit=0.0000 synth_total=0.0036 extra_render_attn_share=0.5427
[step 40300] real_p1_mirror_hole_cov=0.1752 real_p1_skipped=1.0000 real_p1_hole_frac=0.1365 real_p2_eps=0.0200 real_p2_hit=0.0000 real_total=0.0200 synth_eps=0.2766 synth_eps_raw=0.2766 synth_x0_hit=1.0000 synth_x0_t=207.0000 synth_x0_ldif=0.0958 synth_x0_gen_adv=0.3719 synth_x0_lfm=0.0099 synth_total=0.4295 extra_render_attn_share=0.5427
[step 40350] real_p1_mirror_hole_cov=0.0155 real_p1_skipped=1.0000 real_p1_hole_frac=0.3117 real_p2_eps=0.0922 real_p2_hit=0.0000 real_total=0.0922 synth_eps=0.7780 synth_eps_raw=0.7780 synth_x0_hit=1.0000 synth_x0_t=12.0000 synth_x0_ldif=0.0089 synth_x0_gen_adv=-0.5135 synth_x0_lfm=0.0006 synth_total=0.7368 extra_render_attn_share=0.5427
[step 40400] real_p1_mirror_hole_cov=0.1904 real_p1_skipped=1.0000 real_p1_hole_frac=0.2889 real_p2_eps=0.4484 real_p2_hit=1.0000 real_p2_t=34.0000 real_p2_ldif=0.0149 real_p2_gen_adv=-0.6193 real_p2_lfm=0.0018 real_total=0.4050 discr_adv=0.9895 p2_d_real=0.6404 p2_d_fake=0.6193 g_grad_abs=1069.3595 d_grad_abs=241.3356 synth_eps=0.0055 synth_eps_raw=0.0055 synth_x0_hit=0.0000 synth_total=0.0055 extra_render_attn_share=0.5427
[step 40450] real_p1_mirror_hole_cov=0.0762 real_p1_skipped=1.0000 real_p1_hole_frac=0.4749 real_p2_eps=0.5327 real_p2_hit=1.0000 real_p2_t=33.0000 real_p2_ldif=0.0171 real_p2_gen_adv=-0.6125 real_p2_lfm=0.0005 real_total=0.4896 discr_adv=0.9993 p2_d_real=0.6140 p2_d_fake=0.6125 g_grad_abs=1136.1996 d_grad_abs=24.4536 synth_eps=0.1091 synth_eps_raw=0.1091 synth_x0_hit=0.0000 synth_total=0.1091 extra_render_attn_share=0.5427
[step 40500] real_p1_mirror_hole_cov=0.0888 real_p1_skipped=1.0000 real_p1_hole_frac=0.1517 real_p2_eps=0.5721 real_p2_hit=1.0000 real_p2_t=11.0000 real_p2_ldif=0.0060 real_p2_gen_adv=-0.6967 real_p2_lfm=0.0002 real_total=0.5089 discr_adv=0.9999 p2_d_real=0.6990 p2_d_fake=0.6967 g_grad_abs=1121.3389 d_grad_abs=202.2442 synth_eps=0.3373 synth_eps_raw=0.3373 synth_x0_hit=1.0000 synth_x0_t=149.0000 synth_x0_ldif=0.0695 synth_x0_gen_adv=-0.5571 synth_x0_lfm=0.0058 synth_total=0.3627 extra_render_attn_share=0.5427
[images] real: anchor | cond1 | cond2 | inv_warp_mirror | mask | mask_inv | warp_img | warp_warp_img | x | y_hat | y_hat_novel -> /home/xzy/warpgan-diffusiong-inpainting/warpgan-diffusion-inpainting-main/experiments/train_inpainting_diffusion/[20260911-143749]_v18w3_w3d_30k/logs/images/train/real_step0040500.png
[images] synth: cond | mask | target | warp_img | x | y_hat_novel -> /home/xzy/warpgan-diffusiong-inpainting/warpgan-diffusion-inpainting-main/experiments/train_inpainting_diffusion/[20260911-143749]_v18w3_w3d_30k/logs/images/train/synth_step0040500.png
[step 40550] real_p1_mirror_hole_cov=0.0015 real_p1_skipped=1.0000 real_p1_hole_frac=0.2758 real_p2_eps=0.1529 real_p2_hit=1.0000 real_p2_t=242.0000 real_p2_ldif=0.0697 real_p2_gen_adv=-0.4163 real_p2_lfm=0.0034 real_total=0.1879 discr_adv=1.9278 x0_d_real=0.4855 x0_d_fake=0.3850 p2_d_real=0.4604 p2_d_fake=0.4163 g_grad_abs=1293.3443 d_grad_abs=745.9153 synth_eps=0.2229 synth_eps_raw=0.2229 synth_x0_hit=1.0000 synth_x0_t=276.0000 synth_x0_ldif=0.1305 synth_x0_gen_adv=-0.5209 synth_x0_lfm=0.0094 synth_total=0.3201 extra_render_attn_share=0.5427
[step 40600] real_p1_mirror_hole_cov=0.0663 real_p1_skipped=1.0000 real_p1_hole_frac=0.1543 real_p2_eps=0.0611 real_p2_hit=0.0000 real_total=0.0611 synth_eps=0.0015 synth_eps_raw=0.0015 synth_x0_hit=0.0000 synth_total=0.0015 extra_render_attn_share=0.5427
[step 40650] real_p1_mirror_hole_cov=0.0069 real_p1_skipped=1.0000 real_p1_hole_frac=0.2954 real_p2_eps=0.1543 real_p2_hit=1.0000 real_p2_t=174.0000 real_p2_ldif=0.0403 real_p2_gen_adv=0.1530 real_p2_lfm=0.0026 real_total=0.2151 discr_adv=0.9885 p2_d_real=-0.1275 p2_d_fake=-0.1530 g_grad_abs=1103.5662 d_grad_abs=206.5221 synth_eps=0.0103 synth_eps_raw=0.0103 synth_x0_hit=0.0000 synth_total=0.0103 extra_render_attn_share=0.5427
[step 40700] real_p1_mirror_hole_cov=0.0080 real_p1_skipped=1.0000 real_p1_hole_frac=0.1807 real_p2_eps=0.0107 real_p2_hit=0.0000 real_total=0.0107 synth_eps=0.1110 synth_eps_raw=0.1110 synth_x0_hit=0.0000 synth_total=0.1110 extra_render_attn_share=0.5427
[step 40750] real_p1_mirror_hole_cov=0.0276 real_p1_skipped=1.0000 real_p1_hole_frac=0.1088 real_p2_eps=0.0764 real_p2_hit=0.0000 real_total=0.0764 synth_eps=0.1921 synth_eps_raw=0.1921 synth_x0_hit=1.0000 synth_x0_t=254.0000 synth_x0_ldif=0.0958 synth_x0_gen_adv=0.0569 synth_x0_lfm=0.0063 synth_total=0.3061 extra_render_attn_share=0.5427
[step 40800] real_p1_mirror_hole_cov=0.0157 real_p1_skipped=1.0000 real_p1_hole_frac=0.1070 real_p2_eps=0.0029 real_p2_hit=0.0000 real_total=0.0029 synth_eps=0.2521 synth_eps_raw=0.2521 synth_x0_hit=1.0000 synth_x0_t=197.0000 synth_x0_ldif=0.0803 synth_x0_gen_adv=-0.1994 synth_x0_lfm=0.0046 synth_total=0.3217 extra_render_attn_share=0.5427
[step 40850] real_p1_mirror_hole_cov=0.0563 real_p1_skipped=1.0000 real_p1_hole_frac=0.0612 real_p2_eps=0.3041 real_p2_hit=1.0000 real_p2_t=35.0000 real_p2_ldif=0.0104 real_p2_gen_adv=0.0706 real_p2_lfm=0.0004 real_total=0.3223 discr_adv=2.0025 x0_d_real=-0.1469 x0_d_fake=-0.1468 p2_d_real=-0.0755 p2_d_fake=-0.0706 g_grad_abs=903.2962 d_grad_abs=170.7434 synth_eps=0.2644 synth_eps_raw=0.2644 synth_x0_hit=1.0000 synth_x0_t=217.0000 synth_x0_ldif=0.0993 synth_x0_gen_adv=0.1430 synth_x0_lfm=0.0065 synth_total=0.3911 extra_render_attn_share=0.5427
[step 40900] real_p1_mirror_hole_cov=0.0042 real_p1_skipped=1.0000 real_p1_hole_frac=0.0096 real_p2_eps=0.0005 real_p2_hit=0.0000 real_total=0.0005 discr_adv=0.9948 x0_d_real=-0.6376 x0_d_fake=-0.6479 g_grad_abs=47.4541 d_grad_abs=250.3254 synth_eps=0.0141 synth_eps_raw=0.0141 synth_x0_hit=0.0000 synth_total=0.0141 extra_render_attn_share=0.5427
[step 40950] real_p1_mirror_hole_cov=0.0562 real_p1_skipped=1.0000 real_p1_hole_frac=0.4517 real_p2_eps=0.0059 real_p2_hit=0.0000 real_total=0.0059 discr_adv=0.9800 x0_d_real=0.5004 x0_d_fake=0.4604 g_grad_abs=111.3640 d_grad_abs=294.1602 synth_eps=0.5489 synth_eps_raw=0.5489 synth_x0_hit=1.0000 synth_x0_t=56.0000 synth_x0_ldif=0.0318 synth_x0_gen_adv=-0.5535 synth_x0_lfm=0.0009 synth_total=0.5271 extra_render_attn_share=0.5427
[step 41000] real_p1_mirror_hole_cov=0.0331 real_p1_skipped=1.0000 real_p1_hole_frac=0.1173 real_p2_eps=0.0650 real_p2_hit=0.0000 real_total=0.0650 synth_eps=0.0034 synth_eps_raw=0.0034 synth_x0_hit=0.0000 synth_total=0.0034 extra_render_attn_share=0.5427
[images] real: anchor | cond1 | cond2 | inv_warp_mirror | mask | mask_inv | warp_img | warp_warp_img | x | y_hat | y_hat_novel -> /home/xzy/warpgan-diffusiong-inpainting/warpgan-diffusion-inpainting-main/experiments/train_inpainting_diffusion/[20260911-143749]_v18w3_w3d_30k/logs/images/train/real_step0041000.png
[images] synth: cond | mask | target | warp_img | x | y_hat_novel -> /home/xzy/warpgan-diffusiong-inpainting/warpgan-diffusion-inpainting-main/experiments/train_inpainting_diffusion/[20260911-143749]_v18w3_w3d_30k/logs/images/train/synth_step0041000.png
[step 41050] real_p1_mirror_hole_cov=0.0915 real_p1_skipped=1.0000 real_p1_hole_frac=0.3688 real_p2_eps=0.0042 real_p2_hit=0.0000 real_total=0.0042 discr_adv=0.9969 x0_d_real=0.1608 x0_d_fake=0.1546 g_grad_abs=89.7721 d_grad_abs=473.1523 synth_eps=0.3758 synth_eps_raw=0.3758 synth_x0_hit=1.0000 synth_x0_t=144.0000 synth_x0_ldif=0.0736 synth_x0_gen_adv=-0.7876 synth_x0_lfm=0.0019 synth_total=0.3745 extra_render_attn_share=0.5427
[step 41100] real_p1_mirror_hole_cov=0.0138 real_p1_skipped=1.0000 real_p1_hole_frac=0.0878 real_p2_eps=0.0065 real_p2_hit=0.0000 real_total=0.0065 synth_eps=0.1963 synth_eps_raw=0.1963 synth_x0_hit=1.0000 synth_x0_t=270.0000 synth_x0_ldif=0.1101 synth_x0_gen_adv=0.2024 synth_x0_lfm=0.0036 synth_total=0.3339 extra_render_attn_share=0.5427
[step 41150] real_p1_mirror_hole_cov=0.0137 real_p1_skipped=1.0000 real_p1_hole_frac=0.2035 real_p2_eps=0.0016 real_p2_hit=0.0000 real_total=0.0016 discr_adv=0.9861 x0_d_real=0.8351 x0_d_fake=0.8057 g_grad_abs=38.6509 d_grad_abs=449.8962 synth_eps=0.2876 synth_eps_raw=0.2876 synth_x0_hit=1.0000 synth_x0_t=176.0000 synth_x0_ldif=0.0764 synth_x0_gen_adv=-0.1830 synth_x0_lfm=0.0096 synth_total=0.3649 extra_render_attn_share=0.5427
[step 41200] real_p1_mirror_hole_cov=0.0002 real_p1_skipped=1.0000 real_p1_hole_frac=0.2234 real_p2_eps=0.0321 real_p2_hit=0.0000 real_total=0.0321 discr_adv=1.0446 x0_d_real=0.6436 x0_d_fake=0.7328 g_grad_abs=292.1394 d_grad_abs=687.9241 synth_eps=0.4586 synth_eps_raw=0.4586 synth_x0_hit=1.0000 synth_x0_t=74.0000 synth_x0_ldif=0.0371 synth_x0_gen_adv=-0.2083 synth_x0_lfm=0.0030 synth_total=0.4809 extra_render_attn_share=0.5427
[step 41250] real_p1_mirror_hole_cov=0.0381 real_p1_skipped=1.0000 real_p1_hole_frac=0.1197 real_p2_eps=0.0121 real_p2_hit=0.0000 real_total=0.0121 discr_adv=0.9750 x0_d_real=-0.2043 x0_d_fake=-0.2543 g_grad_abs=187.4554 d_grad_abs=308.7959 synth_eps=0.2596 synth_eps_raw=0.2596 synth_x0_hit=1.0000 synth_x0_t=235.0000 synth_x0_ldif=0.1122 synth_x0_gen_adv=-0.2920 synth_x0_lfm=0.0045 synth_total=0.3515 extra_render_attn_share=0.5427
[step 41300] real_p1_mirror_hole_cov=0.0205 real_p1_skipped=1.0000 real_p1_hole_frac=0.0605 real_p2_eps=0.1159 real_p2_hit=1.0000 real_p2_t=141.0000 real_p2_ldif=0.0220 real_p2_gen_adv=-0.0449 real_p2_lfm=0.0012 real_total=0.1357 discr_adv=1.9805 x0_d_real=-0.7388 x0_d_fake=-0.7527 p2_d_real=0.0701 p2_d_fake=0.0449 g_grad_abs=1573.3440 d_grad_abs=307.0363 synth_eps=0.0169 synth_eps_raw=0.0169 synth_x0_hit=0.0000 synth_total=0.0169 extra_render_attn_share=0.5427
[step 41350] real_p1_mirror_hole_cov=0.0453 real_p1_skipped=1.0000 real_p1_hole_frac=0.0243 real_p2_eps=0.0092 real_p2_hit=0.0000 real_total=0.0092 synth_eps=0.0360 synth_eps_raw=0.0360 synth_x0_hit=0.0000 synth_total=0.0360 extra_render_attn_share=0.5427
[step 41400] real_p1_mirror_hole_cov=0.1458 real_p1_skipped=1.0000 real_p1_hole_frac=0.3054 real_p2_eps=0.0908 real_p2_hit=0.0000 real_total=0.0908 discr_adv=0.9817 x0_d_real=0.5109 x0_d_fake=0.4744 g_grad_abs=502.7003 d_grad_abs=190.9615 synth_eps=0.0108 synth_eps_raw=0.0108 synth_x0_hit=0.0000 synth_total=0.0108 extra_render_attn_share=0.5427
[step 41450] real_p1_mirror_hole_cov=0.0026 real_p1_skipped=1.0000 real_p1_hole_frac=0.0394 real_p2_eps=0.0365 real_p2_hit=0.0000 real_total=0.0365 synth_eps=0.0130 synth_eps_raw=0.0130 synth_x0_hit=0.0000 synth_total=0.0130 extra_render_attn_share=0.5427
[step 41500] real_p1_mirror_hole_cov=0.1169 real_p1_skipped=1.0000 real_p1_hole_frac=0.3919 real_p2_eps=0.0068 real_p2_hit=0.0000 real_total=0.0068 synth_eps=0.0074 synth_eps_raw=0.0074 synth_x0_hit=0.0000 synth_total=0.0074 extra_render_attn_share=0.5427
[images] real: anchor | cond1 | cond2 | inv_warp_mirror | mask | mask_inv | warp_img | warp_warp_img | x | y_hat | y_hat_novel -> /home/xzy/warpgan-diffusiong-inpainting/warpgan-diffusion-inpainting-main/experiments/train_inpainting_diffusion/[20260911-143749]_v18w3_w3d_30k/logs/images/train/real_step0041500.png
[images] synth: cond | mask | target | warp_img | x | y_hat_novel -> /home/xzy/warpgan-diffusiong-inpainting/warpgan-diffusion-inpainting-main/experiments/train_inpainting_diffusion/[20260911-143749]_v18w3_w3d_30k/logs/images/train/synth_step0041500.png
[step 41550] real_p1_mirror_hole_cov=0.0266 real_p1_skipped=1.0000 real_p1_hole_frac=0.0536 real_p2_eps=0.0009 real_p2_hit=0.0000 real_total=0.0009 synth_eps=0.0810 synth_eps_raw=0.0810 synth_x0_hit=0.0000 synth_total=0.0810 extra_render_attn_share=0.5427
[step 41600] real_p1_mirror_hole_cov=0.0920 real_p1_skipped=1.0000 real_p1_hole_frac=0.4837 real_p2_eps=0.0021 real_p2_hit=0.0000 real_total=0.0021 discr_adv=0.9979 x0_d_real=-0.4465 x0_d_fake=-0.4507 g_grad_abs=46.9756 d_grad_abs=16.2640 synth_eps=0.0077 synth_eps_raw=0.0077 synth_x0_hit=0.0000 synth_total=0.0077 extra_render_attn_share=0.5427
[step 41650] real_p1_mirror_hole_cov=0.1237 real_p1_skipped=1.0000 real_p1_hole_frac=0.1717 real_p2_eps=0.0014 real_p2_hit=0.0000 real_total=0.0014 discr_adv=0.9930 x0_d_real=-0.8257 x0_d_fake=-0.8582 g_grad_abs=39.0451 d_grad_abs=826.0499 synth_eps=0.4538 synth_eps_raw=0.4538 synth_x0_hit=1.0000 synth_x0_t=61.0000 synth_x0_ldif=0.0291 synth_x0_gen_adv=0.6153 synth_x0_lfm=0.0023 synth_total=0.5491 extra_render_attn_share=0.5427
[step 41700] real_p1_mirror_hole_cov=0.1606 real_p1_skipped=1.0000 real_p1_hole_frac=0.6230 real_p2_eps=0.0066 real_p2_hit=0.0000 real_total=0.0066 synth_eps=0.7194 synth_eps_raw=0.7194 synth_x0_hit=1.0000 synth_x0_t=8.0000 synth_x0_ldif=0.0057 synth_x0_gen_adv=0.6484 synth_x0_lfm=0.0005 synth_total=0.7908 extra_render_attn_share=0.5427
[step 41750] real_p1_mirror_hole_cov=0.4620 real_p1_skipped=1.0000 real_p1_hole_frac=0.1455 real_p2_eps=0.0042 real_p2_hit=0.0000 real_total=0.0042 synth_eps=0.0188 synth_eps_raw=0.0188 synth_x0_hit=0.0000 synth_total=0.0188 extra_render_attn_share=0.5427
[step 41800] real_p1_mirror_hole_cov=0.0025 real_p1_skipped=1.0000 real_p1_hole_frac=0.2221 real_p2_eps=0.0384 real_p2_hit=0.0000 real_total=0.0384 synth_eps=0.0231 synth_eps_raw=0.0231 synth_x0_hit=0.0000 synth_total=0.0231 extra_render_attn_share=0.5427
[step 41850] real_p1_mirror_hole_cov=0.1087 real_p1_skipped=1.0000 real_p1_hole_frac=0.1507 real_p2_eps=0.0941 real_p2_hit=0.0000 real_total=0.0941 discr_adv=0.9678 x0_d_real=-0.1966 x0_d_fake=-0.2611 g_grad_abs=506.8597 d_grad_abs=585.5007 synth_eps=0.0992 synth_eps_raw=0.0992 synth_x0_hit=0.0000 synth_total=0.0992 extra_render_attn_share=0.5427
[step 41900] real_p1_mirror_hole_cov=0.2056 real_p1_skipped=1.0000 real_p1_hole_frac=0.3188 real_p2_eps=0.0707 real_p2_hit=0.0000 real_total=0.0707 synth_eps=0.0018 synth_eps_raw=0.0018 synth_x0_hit=0.0000 synth_total=0.0018 extra_render_attn_share=0.5427
[step 41950] real_p1_mirror_hole_cov=0.0010 real_p1_skipped=1.0000 real_p1_hole_frac=0.0744 real_p2_eps=0.0779 real_p2_hit=1.0000 real_p2_t=287.0000 real_p2_ldif=0.0493 real_p2_gen_adv=-0.0652 real_p2_lfm=0.0083 real_total=0.1374 discr_adv=1.0257 p2_d_real=0.0139 p2_d_fake=0.0652 g_grad_abs=1632.7159 d_grad_abs=273.1863 synth_eps=0.0673 synth_eps_raw=0.0673 synth_x0_hit=0.0000 synth_total=0.0673 extra_render_attn_share=0.5427
[val step 41999] val_novel_full=0.0476 val_novel_hole=0.0565 val_novel_visible=0.0460
[step 42000] real_p1_mirror_hole_cov=0.0518 real_p1_skipped=1.0000 real_p1_hole_frac=0.2059 real_p2_eps=0.0327 real_p2_hit=0.0000 real_total=0.0327 synth_eps=0.3884 synth_eps_raw=0.3884 synth_x0_hit=1.0000 synth_x0_t=115.0000 synth_x0_ldif=0.0554 synth_x0_gen_adv=-0.3214 synth_x0_lfm=0.0156 synth_total=0.4428 extra_render_attn_share=0.5481
[images] real: anchor | cond1 | cond2 | inv_warp_mirror | mask | mask_inv | warp_img | warp_warp_img | x | y_hat | y_hat_novel -> /home/xzy/warpgan-diffusiong-inpainting/warpgan-diffusion-inpainting-main/experiments/train_inpainting_diffusion/[20260911-143749]_v18w3_w3d_30k/logs/images/train/real_step0042000.png
[images] synth: cond | mask | target | warp_img | x | y_hat_novel -> /home/xzy/warpgan-diffusiong-inpainting/warpgan-diffusion-inpainting-main/experiments/train_inpainting_diffusion/[20260911-143749]_v18w3_w3d_30k/logs/images/train/synth_step0042000.png
[step 42050] real_p1_mirror_hole_cov=0.1149 real_p1_skipped=1.0000 real_p1_hole_frac=0.4559 real_p2_eps=0.1016 real_p2_hit=0.0000 real_total=0.1016 synth_eps=0.0035 synth_eps_raw=0.0035 synth_x0_hit=0.0000 synth_total=0.0035 extra_render_attn_share=0.5481
[step 42100] real_p1_mirror_hole_cov=0.0049 real_p1_skipped=1.0000 real_p1_hole_frac=0.2595 real_p2_eps=0.0929 real_p2_hit=0.0000 real_total=0.0929 discr_adv=0.9964 x0_d_real=0.5220 x0_d_fake=0.5107 g_grad_abs=611.7722 d_grad_abs=870.2275 synth_eps=0.0688 synth_eps_raw=0.0688 synth_x0_hit=0.0000 synth_total=0.0688 extra_render_attn_share=0.5481
[step 42150] real_p1_mirror_hole_cov=0.0365 real_p1_skipped=1.0000 real_p1_hole_frac=0.4280 real_p2_eps=0.0856 real_p2_hit=0.0000 real_total=0.0856 discr_adv=1.0101 x0_d_real=-0.9749 x0_d_fake=-0.9941 g_grad_abs=550.0171 d_grad_abs=1449.1089 synth_eps=0.1879 synth_eps_raw=0.1879 synth_x0_hit=1.0000 synth_x0_t=295.0000 synth_x0_ldif=0.1259 synth_x0_gen_adv=0.6998 synth_x0_lfm=0.0106 synth_total=0.4051 extra_render_attn_share=0.5481
[step 42200] real_p1_mirror_hole_cov=0.0385 real_p1_skipped=1.0000 real_p1_hole_frac=0.0469 real_p2_eps=0.0192 real_p2_hit=0.0000 real_total=0.0192 discr_adv=1.0204 x0_d_real=-0.4463 x0_d_fake=-0.4054 g_grad_abs=237.4425 d_grad_abs=430.2533 synth_eps=0.0024 synth_eps_raw=0.0024 synth_x0_hit=0.0000 synth_total=0.0024 extra_render_attn_share=0.5481
[step 42250] real_p1_mirror_hole_cov=0.0119 real_p1_skipped=1.0000 real_p1_hole_frac=0.3271 real_p2_eps=0.1520 real_p2_hit=0.0000 real_total=0.1520 discr_adv=0.9650 x0_d_real=0.2973 x0_d_fake=0.2267 g_grad_abs=991.7327 d_grad_abs=593.2371 synth_eps=0.0259 synth_eps_raw=0.0259 synth_x0_hit=0.0000 synth_total=0.0259 extra_render_attn_share=0.5481
[step 42300] real_p1_mirror_hole_cov=0.0013 real_p1_skipped=1.0000 real_p1_hole_frac=0.0882 real_p2_eps=0.0329 real_p2_hit=0.0000 real_total=0.0329 synth_eps=0.0233 synth_eps_raw=0.0233 synth_x0_hit=0.0000 synth_total=0.0233 extra_render_attn_share=0.5481
[step 42350] real_p1_mirror_hole_cov=0.1783 real_p1_skipped=1.0000 real_p1_hole_frac=0.4858 real_p2_eps=0.0335 real_p2_hit=0.0000 real_total=0.0335 synth_eps=0.0043 synth_eps_raw=0.0043 synth_x0_hit=0.0000 synth_total=0.0043 extra_render_attn_share=0.5481
[step 42400] real_p1_mirror_hole_cov=0.0233 real_p1_skipped=1.0000 real_p1_hole_frac=0.2304 real_p2_eps=0.0038 real_p2_hit=0.0000 real_total=0.0038 synth_eps=0.0658 synth_eps_raw=0.0658 synth_x0_hit=0.0000 synth_total=0.0658 extra_render_attn_share=0.5481
[step 42450] real_p1_mirror_hole_cov=0.1289 real_p1_skipped=1.0000 real_p1_hole_frac=0.1069 real_p2_eps=0.0273 real_p2_hit=0.0000 real_total=0.0273 discr_adv=1.0032 x0_d_real=-0.7858 x0_d_fake=-0.8005 g_grad_abs=273.2541 d_grad_abs=231.0642 synth_eps=0.0098 synth_eps_raw=0.0098 synth_x0_hit=0.0000 synth_total=0.0098 extra_render_attn_share=0.5481
[step 42500] real_p1_mirror_hole_cov=0.0284 real_p1_skipped=1.0000 real_p1_hole_frac=0.1474 real_p2_eps=0.0009 real_p2_hit=0.0000 real_total=0.0009 synth_eps=0.0165 synth_eps_raw=0.0165 synth_x0_hit=0.0000 synth_total=0.0165 extra_render_attn_share=0.5481
[images] real: anchor | cond1 | cond2 | inv_warp_mirror | mask | mask_inv | warp_img | warp_warp_img | x | y_hat | y_hat_novel -> /home/xzy/warpgan-diffusiong-inpainting/warpgan-diffusion-inpainting-main/experiments/train_inpainting_diffusion/[20260911-143749]_v18w3_w3d_30k/logs/images/train/real_step0042500.png
[images] synth: cond | mask | target | warp_img | x | y_hat_novel -> /home/xzy/warpgan-diffusiong-inpainting/warpgan-diffusion-inpainting-main/experiments/train_inpainting_diffusion/[20260911-143749]_v18w3_w3d_30k/logs/images/train/synth_step0042500.png
[step 42550] real_p1_mirror_hole_cov=0.0480 real_p1_skipped=1.0000 real_p1_hole_frac=0.2778 real_p2_eps=0.0575 real_p2_hit=0.0000 real_total=0.0575 synth_eps=0.0577 synth_eps_raw=0.0577 synth_x0_hit=0.0000 synth_total=0.0577 extra_render_attn_share=0.5481
[step 42600] real_p1_mirror_hole_cov=0.0601 real_p1_skipped=1.0000 real_p1_hole_frac=0.3920 real_p2_eps=0.0075 real_p2_hit=0.0000 real_total=0.0075 synth_eps=0.4376 synth_eps_raw=0.4376 synth_x0_hit=1.0000 synth_x0_t=82.0000 synth_x0_ldif=0.0401 synth_x0_gen_adv=-0.3998 synth_x0_lfm=0.0140 synth_total=0.4657 extra_render_attn_share=0.5481
[step 42650] real_p1_mirror_hole_cov=0.0996 real_p1_skipped=1.0000 real_p1_hole_frac=0.1213 real_p2_eps=0.0247 real_p2_hit=0.0000 real_total=0.0247 discr_adv=0.9983 x0_d_real=0.3960 x0_d_fake=0.3925 g_grad_abs=219.4329 d_grad_abs=92.2267 synth_eps=0.0250 synth_eps_raw=0.0250 synth_x0_hit=0.0000 synth_total=0.0250 extra_render_attn_share=0.5481
[step 42700] real_p1_mirror_hole_cov=0.1287 real_p1_skipped=1.0000 real_p1_hole_frac=0.1533 real_p2_eps=0.0078 real_p2_hit=0.0000 real_total=0.0078 discr_adv=0.9979 x0_d_real=0.8041 x0_d_fake=0.7944 g_grad_abs=123.7832 d_grad_abs=743.6993 synth_eps=0.3091 synth_eps_raw=0.3091 synth_x0_hit=1.0000 synth_x0_t=191.0000 synth_x0_ldif=0.0936 synth_x0_gen_adv=-0.8450 synth_x0_lfm=0.0040 synth_total=0.3263 extra_render_attn_share=0.5481
[step 42750] real_p1_mirror_hole_cov=0.0298 real_p1_skipped=1.0000 real_p1_hole_frac=0.1033 real_p2_eps=0.0210 real_p2_hit=0.0000 real_total=0.0210 synth_eps=0.0030 synth_eps_raw=0.0030 synth_x0_hit=0.0000 synth_total=0.0030 extra_render_attn_share=0.5481
[step 42800] real_p1_mirror_hole_cov=0.1750 real_p1_skipped=1.0000 real_p1_hole_frac=0.4345 real_p2_eps=0.0031 real_p2_hit=0.0000 real_total=0.0031 discr_adv=1.0186 x0_d_real=0.1501 x0_d_fake=0.1872 g_grad_abs=49.2142 d_grad_abs=346.2256 synth_eps=0.3102 synth_eps_raw=0.3102 synth_x0_hit=1.0000 synth_x0_t=147.0000 synth_x0_ldif=0.0626 synth_x0_gen_adv=-0.0897 synth_x0_lfm=0.0087 synth_total=0.3813 extra_render_attn_share=0.5481
[step 42850] real_p1_mirror_hole_cov=0.0842 real_p1_skipped=1.0000 real_p1_hole_frac=0.1910 real_p2_eps=0.1216 real_p2_hit=1.0000 real_p2_t=229.0000 real_p2_ldif=0.0502 real_p2_gen_adv=0.2296 real_p2_lfm=0.0208 real_total=0.2364 discr_adv=0.9171 p2_d_real=-0.0638 p2_d_fake=-0.2296 g_grad_abs=4061.9384 d_grad_abs=1591.6976 synth_eps=0.0360 synth_eps_raw=0.0360 synth_x0_hit=0.0000 synth_total=0.0360 extra_render_attn_share=0.5481
[step 42900] real_p1_mirror_hole_cov=0.3191 real_p1_skipped=1.0000 real_p1_hole_frac=0.5182 real_p2_eps=0.0469 real_p2_hit=0.0000 real_total=0.0469 synth_eps=0.4673 synth_eps_raw=0.4673 synth_x0_hit=1.0000 synth_x0_t=65.0000 synth_x0_ldif=0.0323 synth_x0_gen_adv=-0.6498 synth_x0_lfm=0.0066 synth_total=0.4479 extra_render_attn_share=0.5481
[step 42950] real_p1_mirror_hole_cov=0.0008 real_p1_skipped=1.0000 real_p1_hole_frac=0.1707 real_p2_eps=0.1619 real_p2_hit=1.0000 real_p2_t=178.0000 real_p2_ldif=0.0438 real_p2_gen_adv=-0.7911 real_p2_lfm=0.0024 real_total=0.1314 discr_adv=0.9999 p2_d_real=0.7914 p2_d_fake=0.7911 g_grad_abs=876.3215 d_grad_abs=24.3195 synth_eps=0.0021 synth_eps_raw=0.0021 synth_x0_hit=0.0000 synth_total=0.0021 extra_render_attn_share=0.5481
[step 43000] real_p1_mirror_hole_cov=0.0223 real_p1_skipped=1.0000 real_p1_hole_frac=0.0768 real_p2_eps=0.2171 real_p2_hit=1.0000 real_p2_t=76.0000 real_p2_ldif=0.0181 real_p2_gen_adv=-0.7728 real_p2_lfm=0.0013 real_total=0.1606 discr_adv=0.9941 p2_d_real=0.7846 p2_d_fake=0.7728 g_grad_abs=950.6529 d_grad_abs=74.8661 synth_eps=0.0886 synth_eps_raw=0.0886 synth_x0_hit=0.0000 synth_total=0.0886 extra_render_attn_share=0.5481
[images] real: anchor | cond1 | cond2 | inv_warp_mirror | mask | mask_inv | warp_img | warp_warp_img | x | y_hat | y_hat_novel -> /home/xzy/warpgan-diffusiong-inpainting/warpgan-diffusion-inpainting-main/experiments/train_inpainting_diffusion/[20260911-143749]_v18w3_w3d_30k/logs/images/train/real_step0043000.png
[images] synth: cond | mask | target | warp_img | x | y_hat_novel -> /home/xzy/warpgan-diffusiong-inpainting/warpgan-diffusion-inpainting-main/experiments/train_inpainting_diffusion/[20260911-143749]_v18w3_w3d_30k/logs/images/train/synth_step0043000.png
[step 43050] real_p1_mirror_hole_cov=0.1048 real_p1_skipped=1.0000 real_p1_hole_frac=0.1838 real_p2_eps=0.1113 real_p2_hit=1.0000 real_p2_t=289.0000 real_p2_ldif=0.0715 real_p2_gen_adv=-0.1225 real_p2_lfm=0.0057 real_total=0.1821 discr_adv=2.0323 x0_d_real=-0.5459 x0_d_fake=-0.5020 p2_d_real=0.1017 p2_d_fake=0.1225 g_grad_abs=1044.5784 d_grad_abs=398.7397 synth_eps=0.0100 synth_eps_raw=0.0100 synth_x0_hit=0.0000 synth_total=0.0100 extra_render_attn_share=0.5481
[step 43100] real_p1_mirror_hole_cov=0.0024 real_p1_skipped=1.0000 real_p1_hole_frac=0.1543 real_p2_eps=0.0014 real_p2_hit=0.0000 real_total=0.0014 discr_adv=0.9977 x0_d_real=-0.6709 x0_d_fake=-0.6755 g_grad_abs=76.0934 d_grad_abs=76.6052 synth_eps=0.0377 synth_eps_raw=0.0377 synth_x0_hit=0.0000 synth_total=0.0377 extra_render_attn_share=0.5481
[step 43150] real_p1_mirror_hole_cov=0.0117 real_p1_skipped=1.0000 real_p1_hole_frac=0.2581 real_p2_eps=0.0034 real_p2_hit=0.0000 real_total=0.0034 discr_adv=0.9694 x0_d_real=-0.0179 x0_d_fake=-0.0792 g_grad_abs=61.5284 d_grad_abs=406.1109 synth_eps=0.0039 synth_eps_raw=0.0039 synth_x0_hit=0.0000 synth_total=0.0039 extra_render_attn_share=0.5481
[step 43200] real_p1_mirror_hole_cov=0.1783 real_p1_skipped=1.0000 real_p1_hole_frac=0.3405 real_p2_eps=0.1091 real_p2_hit=0.0000 real_total=0.1091 synth_eps=0.0341 synth_eps_raw=0.0341 synth_x0_hit=0.0000 synth_total=0.0341 extra_render_attn_share=0.5481
[step 43250] real_p1_mirror_hole_cov=0.1060 real_p1_skipped=1.0000 real_p1_hole_frac=0.3460 real_p2_eps=0.3086 real_p2_hit=1.0000 real_p2_t=97.0000 real_p2_ldif=0.0351 real_p2_gen_adv=-0.7705 real_p2_lfm=0.0022 real_total=0.2710 discr_adv=0.9928 p2_d_real=0.7849 p2_d_fake=0.7705 g_grad_abs=1139.2639 d_grad_abs=111.8019 synth_eps=0.6245 synth_eps_raw=0.6245 synth_x0_hit=1.0000 synth_x0_t=31.0000 synth_x0_ldif=0.0188 synth_x0_gen_adv=-0.2214 synth_x0_lfm=0.0054 synth_total=0.6320 extra_render_attn_share=0.5481
[step 43300] real_p1_mirror_hole_cov=0.2379 real_p1_skipped=1.0000 real_p1_hole_frac=0.2195 real_p2_eps=0.0015 real_p2_hit=0.0000 real_total=0.0015 synth_eps=0.2903 synth_eps_raw=0.2903 synth_x0_hit=1.0000 synth_x0_t=211.0000 synth_x0_ldif=0.1038 synth_x0_gen_adv=0.6466 synth_x0_lfm=0.0079 synth_total=0.4747 extra_render_attn_share=0.5481
[step 43350] real_p1_mirror_hole_cov=0.1757 real_p1_skipped=1.0000 real_p1_hole_frac=0.0786 real_p2_eps=0.0020 real_p2_hit=0.0000 real_total=0.0020 discr_adv=1.0106 x0_d_real=-0.4392 x0_d_fake=-0.4183 g_grad_abs=64.8352 d_grad_abs=411.8890 synth_eps=0.0350 synth_eps_raw=0.0350 synth_x0_hit=0.0000 synth_total=0.0350 extra_render_attn_share=0.5481
[step 43400] real_p1_mirror_hole_cov=0.1276 real_p1_skipped=1.0000 real_p1_hole_frac=0.2758 real_p2_eps=0.0021 real_p2_hit=0.0000 real_total=0.0021 discr_adv=1.0851 x0_d_real=0.0040 x0_d_fake=0.1743 g_grad_abs=82.3743 d_grad_abs=1403.5854 synth_eps=0.0217 synth_eps_raw=0.0217 synth_x0_hit=0.0000 synth_total=0.0217 extra_render_attn_share=0.5481
[step 43450] real_p1_mirror_hole_cov=0.1378 real_p1_skipped=1.0000 real_p1_hole_frac=0.1302 real_p2_eps=0.0949 real_p2_hit=1.0000 real_p2_t=260.0000 real_p2_ldif=0.0495 real_p2_gen_adv=-0.4680 real_p2_lfm=0.0036 real_total=0.1046 discr_adv=1.9811 x0_d_real=0.4696 x0_d_fake=0.4362 p2_d_real=0.4724 p2_d_fake=0.4680 g_grad_abs=968.6137 d_grad_abs=236.7179 synth_eps=0.0478 synth_eps_raw=0.0478 synth_x0_hit=0.0000 synth_total=0.0478 extra_render_attn_share=0.5481
[step 43500] real_p1_mirror_hole_cov=0.1088 real_p1_skipped=1.0000 real_p1_hole_frac=0.2355 real_p2_eps=0.0624 real_p2_hit=0.0000 real_total=0.0624 synth_eps=0.1208 synth_eps_raw=0.1208 synth_x0_hit=0.0000 synth_total=0.1208 extra_render_attn_share=0.5481
[images] real: anchor | cond1 | cond2 | inv_warp_mirror | mask | mask_inv | warp_img | warp_warp_img | x | y_hat | y_hat_novel -> /home/xzy/warpgan-diffusiong-inpainting/warpgan-diffusion-inpainting-main/experiments/train_inpainting_diffusion/[20260911-143749]_v18w3_w3d_30k/logs/images/train/real_step0043500.png
[images] synth: cond | mask | target | warp_img | x | y_hat_novel -> /home/xzy/warpgan-diffusiong-inpainting/warpgan-diffusion-inpainting-main/experiments/train_inpainting_diffusion/[20260911-143749]_v18w3_w3d_30k/logs/images/train/synth_step0043500.png
[step 43550] real_p1_mirror_hole_cov=0.2257 real_p1_skipped=1.0000 real_p1_hole_frac=0.5555 real_p2_eps=0.0311 real_p2_hit=0.0000 real_total=0.0311 synth_eps=0.0511 synth_eps_raw=0.0511 synth_x0_hit=0.0000 synth_total=0.0511 extra_render_attn_share=0.5481
[step 43600] real_p1_mirror_hole_cov=0.0535 real_p1_skipped=1.0000 real_p1_hole_frac=0.1004 real_p2_eps=0.0132 real_p2_hit=0.0000 real_total=0.0132 synth_eps=0.0105 synth_eps_raw=0.0105 synth_x0_hit=0.0000 synth_total=0.0105 extra_render_attn_share=0.5481
[step 43650] real_p1_mirror_hole_cov=0.1570 real_p1_skipped=1.0000 real_p1_hole_frac=0.3605 real_p2_eps=0.0821 real_p2_hit=0.0000 real_total=0.0821 synth_eps=0.0313 synth_eps_raw=0.0313 synth_x0_hit=0.0000 synth_total=0.0313 extra_render_attn_share=0.5481
[step 43700] real_p1_mirror_hole_cov=0.0491 real_p1_skipped=1.0000 real_p1_hole_frac=0.3833 real_p2_eps=0.0089 real_p2_hit=0.0000 real_total=0.0089 synth_eps=0.0454 synth_eps_raw=0.0454 synth_x0_hit=0.0000 synth_total=0.0454 extra_render_attn_share=0.5481
[step 43750] real_p1_mirror_hole_cov=0.1079 real_p1_skipped=1.0000 real_p1_hole_frac=0.0295 real_p2_eps=0.0051 real_p2_hit=0.0000 real_total=0.0051 synth_eps=0.0870 synth_eps_raw=0.0870 synth_x0_hit=0.0000 synth_total=0.0870 extra_render_attn_share=0.5481
[step 43800] real_p1_mirror_hole_cov=0.2168 real_p1_skipped=1.0000 real_p1_hole_frac=0.2005 real_p2_eps=0.0431 real_p2_hit=0.0000 real_total=0.0431 synth_eps=0.0013 synth_eps_raw=0.0013 synth_x0_hit=0.0000 synth_total=0.0013 extra_render_attn_share=0.5481
[step 43850] real_p1_mirror_hole_cov=0.0117 real_p1_skipped=1.0000 real_p1_hole_frac=0.0460 real_p2_eps=0.0110 real_p2_hit=0.0000 real_total=0.0110 synth_eps=0.0026 synth_eps_raw=0.0026 synth_x0_hit=0.0000 synth_total=0.0026 extra_render_attn_share=0.5481
[step 43900] real_p1_mirror_hole_cov=0.0674 real_p1_skipped=1.0000 real_p1_hole_frac=0.1461 real_p2_eps=0.0122 real_p2_hit=0.0000 real_total=0.0122 synth_eps=0.2312 synth_eps_raw=0.2312 synth_x0_hit=1.0000 synth_x0_t=211.0000 synth_x0_ldif=0.0831 synth_x0_gen_adv=-0.0010 synth_x0_lfm=0.0061 synth_total=0.3263 extra_render_attn_share=0.5481
[step 43950] real_p1_mirror_hole_cov=0.0424 real_p1_skipped=1.0000 real_p1_hole_frac=0.3194 real_p2_eps=0.3140 real_p2_hit=1.0000 real_p2_t=72.0000 real_p2_ldif=0.0245 real_p2_gen_adv=-0.5751 real_p2_lfm=0.0011 real_total=0.2832 discr_adv=1.9756 x0_d_real=0.5035 x0_d_fake=0.4676 p2_d_real=0.5881 p2_d_fake=0.5751 g_grad_abs=1129.9427 d_grad_abs=306.3550 synth_eps=0.2345 synth_eps_raw=0.2345 synth_x0_hit=1.0000 synth_x0_t=269.0000 synth_x0_ldif=0.1305 synth_x0_gen_adv=-0.5917 synth_x0_lfm=0.0052 synth_total=0.3162 extra_render_attn_share=0.5481
[val step 43999] val_novel_full=0.1297 val_novel_hole=0.1330 val_novel_visible=0.1256
[step 44000] real_p1_mirror_hole_cov=0.2165 real_p1_skipped=1.0000 real_p1_hole_frac=0.1433 real_p2_eps=0.1106 real_p2_hit=1.0000 real_p2_t=240.0000 real_p2_ldif=0.0497 real_p2_gen_adv=-0.6720 real_p2_lfm=0.0018 real_total=0.0967 discr_adv=1.0045 p2_d_real=0.6630 p2_d_fake=0.6720 g_grad_abs=815.7820 d_grad_abs=123.8172 synth_eps=0.0480 synth_eps_raw=0.0480 synth_x0_hit=0.0000 synth_total=0.0480 extra_render_attn_share=0.5507
[images] real: anchor | cond1 | cond2 | inv_warp_mirror | mask | mask_inv | warp_img | warp_warp_img | x | y_hat | y_hat_novel -> /home/xzy/warpgan-diffusiong-inpainting/warpgan-diffusion-inpainting-main/experiments/train_inpainting_diffusion/[20260911-143749]_v18w3_w3d_30k/logs/images/train/real_step0044000.png
[images] synth: cond | mask | target | warp_img | x | y_hat_novel -> /home/xzy/warpgan-diffusiong-inpainting/warpgan-diffusion-inpainting-main/experiments/train_inpainting_diffusion/[20260911-143749]_v18w3_w3d_30k/logs/images/train/synth_step0044000.png
[step 44050] real_p1_mirror_hole_cov=0.0437 real_p1_skipped=1.0000 real_p1_hole_frac=0.1462 real_p2_eps=0.0056 real_p2_hit=0.0000 real_total=0.0056 synth_eps=0.0082 synth_eps_raw=0.0082 synth_x0_hit=0.0000 synth_total=0.0082 extra_render_attn_share=0.5507
[step 44100] real_p1_mirror_hole_cov=0.0634 real_p1_skipped=1.0000 real_p1_hole_frac=0.1244 real_p2_eps=0.0324 real_p2_hit=0.0000 real_total=0.0324 synth_eps=0.0068 synth_eps_raw=0.0068 synth_x0_hit=0.0000 synth_total=0.0068 extra_render_attn_share=0.5507
[step 44150] real_p1_mirror_hole_cov=0.0973 real_p1_skipped=1.0000 real_p1_hole_frac=0.5890 real_p2_eps=0.0021 real_p2_hit=0.0000 real_total=0.0021 synth_eps=0.1640 synth_eps_raw=0.1640 synth_x0_hit=1.0000 synth_x0_t=295.0000 synth_x0_ldif=0.1099 synth_x0_gen_adv=0.6606 synth_x0_lfm=0.0093 synth_total=0.3586 extra_render_attn_share=0.5507
[step 44200] real_p1_mirror_hole_cov=0.0720 real_p1_skipped=1.0000 real_p1_hole_frac=0.1609 real_p2_eps=0.0041 real_p2_hit=0.0000 real_total=0.0041 synth_eps=0.0020 synth_eps_raw=0.0020 synth_x0_hit=0.0000 synth_total=0.0020 extra_render_attn_share=0.5507
[step 44250] real_p1_mirror_hole_cov=0.0405 real_p1_skipped=1.0000 real_p1_hole_frac=0.1182 real_p2_eps=0.0011 real_p2_hit=0.0000 real_total=0.0011 discr_adv=0.9505 x0_d_real=-0.5317 x0_d_fake=-0.6306 g_grad_abs=65.6066 d_grad_abs=576.2336 synth_eps=0.0567 synth_eps_raw=0.0567 synth_x0_hit=0.0000 synth_total=0.0567 extra_render_attn_share=0.5507
[step 44300] real_p1_mirror_hole_cov=0.0090 real_p1_skipped=1.0000 real_p1_hole_frac=0.3130 real_p2_eps=0.0165 real_p2_hit=0.0000 real_total=0.0165 synth_eps=0.0038 synth_eps_raw=0.0038 synth_x0_hit=0.0000 synth_total=0.0038 extra_render_attn_share=0.5507
[step 44350] real_p1_mirror_hole_cov=0.0151 real_p1_skipped=1.0000 real_p1_hole_frac=0.1965 real_p2_eps=0.2379 real_p2_hit=1.0000 real_p2_t=95.0000 real_p2_ldif=0.0263 real_p2_gen_adv=0.5612 real_p2_lfm=0.0025 real_total=0.3252 discr_adv=0.9780 p2_d_real=-0.5161 p2_d_fake=-0.5612 g_grad_abs=983.9499 d_grad_abs=169.5917 synth_eps=0.0772 synth_eps_raw=0.0772 synth_x0_hit=0.0000 synth_total=0.0772 extra_render_attn_share=0.5507
[step 44400] real_p1_mirror_hole_cov=0.0938 real_p1_skipped=1.0000 real_p1_hole_frac=0.0267 real_p2_eps=0.0330 real_p2_hit=0.0000 real_total=0.0330 discr_adv=0.9896 x0_d_real=0.1784 x0_d_fake=0.1575 g_grad_abs=268.6493 d_grad_abs=202.8098 synth_eps=0.0054 synth_eps_raw=0.0054 synth_x0_hit=0.0000 synth_total=0.0054 extra_render_attn_share=0.5507
[step 44450] real_p1_mirror_hole_cov=0.0944 real_p1_skipped=1.0000 real_p1_hole_frac=0.4197 real_p2_eps=0.0639 real_p2_hit=0.0000 real_total=0.0639 synth_eps=0.0014 synth_eps_raw=0.0014 synth_x0_hit=0.0000 synth_total=0.0014 extra_render_attn_share=0.5507
[step 44500] real_p1_mirror_hole_cov=0.0834 real_p1_skipped=1.0000 real_p1_hole_frac=0.2997 real_p2_eps=0.1679 real_p2_hit=1.0000 real_p2_t=197.0000 real_p2_ldif=0.0535 real_p2_gen_adv=-0.6266 real_p2_lfm=0.0063 real_total=0.1715 discr_adv=1.9849 x0_d_real=0.5166 x0_d_fake=0.4805 p2_d_real=0.6206 p2_d_fake=0.6266 g_grad_abs=1504.5006 d_grad_abs=224.6679 synth_eps=0.4376 synth_eps_raw=0.4376 synth_x0_hit=1.0000 synth_x0_t=99.0000 synth_x0_ldif=0.0519 synth_x0_gen_adv=-0.5346 synth_x0_lfm=0.0107 synth_total=0.4575 extra_render_attn_share=0.5507
[images] real: anchor | cond1 | cond2 | inv_warp_mirror | mask | mask_inv | warp_img | warp_warp_img | x | y_hat | y_hat_novel -> /home/xzy/warpgan-diffusiong-inpainting/warpgan-diffusion-inpainting-main/experiments/train_inpainting_diffusion/[20260911-143749]_v18w3_w3d_30k/logs/images/train/real_step0044500.png
[images] synth: cond | mask | target | warp_img | x | y_hat_novel -> /home/xzy/warpgan-diffusiong-inpainting/warpgan-diffusion-inpainting-main/experiments/train_inpainting_diffusion/[20260911-143749]_v18w3_w3d_30k/logs/images/train/synth_step0044500.png
[step 44550] real_p1_mirror_hole_cov=0.1441 real_p1_skipped=1.0000 real_p1_hole_frac=0.3290 real_p2_eps=0.0080 real_p2_hit=0.0000 real_total=0.0080 synth_eps=0.0085 synth_eps_raw=0.0085 synth_x0_hit=0.0000 synth_total=0.0085 extra_render_attn_share=0.5507
[step 44600] real_p1_mirror_hole_cov=0.3286 real_p1_skipped=1.0000 real_p1_hole_frac=0.5488 real_p2_eps=0.0030 real_p2_hit=0.0000 real_total=0.0030 synth_eps=0.0491 synth_eps_raw=0.0491 synth_x0_hit=0.0000 synth_total=0.0491 extra_render_attn_share=0.5507
[step 44650] real_p1_mirror_hole_cov=0.1176 real_p1_skipped=1.0000 real_p1_hole_frac=0.2937 real_p2_eps=0.0015 real_p2_hit=0.0000 real_total=0.0015 discr_adv=0.9756 x0_d_real=-0.1365 x0_d_fake=-0.1854 g_grad_abs=30.6527 d_grad_abs=293.2419 synth_eps=0.0700 synth_eps_raw=0.0700 synth_x0_hit=0.0000 synth_total=0.0700 extra_render_attn_share=0.5507
[step 44700] real_p1_mirror_hole_cov=0.0875 real_p1_skipped=1.0000 real_p1_hole_frac=0.0993 real_p2_eps=0.1303 real_p2_hit=1.0000 real_p2_t=151.0000 real_p2_ldif=0.0274 real_p2_gen_adv=-0.2431 real_p2_lfm=0.0018 real_total=0.1369 discr_adv=0.9911 p2_d_real=0.2608 p2_d_fake=0.2431 g_grad_abs=1270.8807 d_grad_abs=154.3390 synth_eps=0.0198 synth_eps_raw=0.0198 synth_x0_hit=0.0000 synth_total=0.0198 extra_render_attn_share=0.5507
[step 44750] real_p1_mirror_hole_cov=0.1996 real_p1_skipped=1.0000 real_p1_hole_frac=0.0197 real_p2_eps=0.0614 real_p2_hit=1.0000 real_p2_t=209.0000 real_p2_ldif=0.0216 real_p2_gen_adv=-0.6858 real_p2_lfm=0.0039 real_total=0.0222 discr_adv=1.0211 p2_d_real=0.6435 p2_d_fake=0.6858 g_grad_abs=958.7540 d_grad_abs=343.2559 synth_eps=0.2603 synth_eps_raw=0.2603 synth_x0_hit=1.0000 synth_x0_t=191.0000 synth_x0_ldif=0.0788 synth_x0_gen_adv=-0.2659 synth_x0_lfm=0.0051 synth_total=0.3228 extra_render_attn_share=0.5507
[step 44800] real_p1_mirror_hole_cov=0.1570 real_p1_skipped=1.0000 real_p1_hole_frac=0.2245 real_p2_eps=0.0370 real_p2_hit=0.0000 real_total=0.0370 discr_adv=0.9752 x0_d_real=-0.1061 x0_d_fake=-0.1558 g_grad_abs=343.1860 d_grad_abs=264.8258 synth_eps=0.0485 synth_eps_raw=0.0485 synth_x0_hit=0.0000 synth_total=0.0485 extra_render_attn_share=0.5507
[step 44850] real_p1_mirror_hole_cov=0.4866 real_p1_skipped=1.0000 real_p1_hole_frac=0.0748 real_p2_eps=0.0152 real_p2_hit=0.0000 real_total=0.0152 synth_eps=0.0567 synth_eps_raw=0.0567 synth_x0_hit=0.0000 synth_total=0.0567 extra_render_attn_share=0.5507
[step 44900] real_p1_mirror_hole_cov=0.1698 real_p1_skipped=1.0000 real_p1_hole_frac=0.3562 real_p2_eps=0.0877 real_p2_hit=0.0000 real_total=0.0877 synth_eps=0.0581 synth_eps_raw=0.0581 synth_x0_hit=0.0000 synth_total=0.0581 extra_render_attn_share=0.5507
[step 44950] real_p1_mirror_hole_cov=0.1777 real_p1_skipped=1.0000 real_p1_hole_frac=0.2169 real_p2_eps=0.0036 real_p2_hit=0.0000 real_total=0.0036 discr_adv=0.9824 x0_d_real=0.5923 x0_d_fake=0.5570 g_grad_abs=65.9140 d_grad_abs=233.7508 synth_eps=0.0861 synth_eps_raw=0.0861 synth_x0_hit=0.0000 synth_total=0.0861 extra_render_attn_share=0.5507
[step 45000] real_p1_mirror_hole_cov=0.0179 real_p1_skipped=1.0000 real_p1_hole_frac=0.3870 real_p2_eps=0.3068 real_p2_hit=1.0000 real_p2_t=91.0000 real_p2_ldif=0.0321 real_p2_gen_adv=-0.4850 real_p2_lfm=0.0011 real_total=0.2927 discr_adv=1.0004 p2_d_real=0.4841 p2_d_fake=0.4850 g_grad_abs=1505.1130 d_grad_abs=150.7184 synth_eps=0.6062 synth_eps_raw=0.6062 synth_x0_hit=1.0000 synth_x0_t=30.0000 synth_x0_ldif=0.0176 synth_x0_gen_adv=-0.0590 synth_x0_lfm=0.0013 synth_total=0.6205 extra_render_attn_share=0.5507
[images] real: anchor | cond1 | cond2 | inv_warp_mirror | mask | mask_inv | warp_img | warp_warp_img | x | y_hat | y_hat_novel -> /home/xzy/warpgan-diffusiong-inpainting/warpgan-diffusion-inpainting-main/experiments/train_inpainting_diffusion/[20260911-143749]_v18w3_w3d_30k/logs/images/train/real_step0045000.png
[images] synth: cond | mask | target | warp_img | x | y_hat_novel -> /home/xzy/warpgan-diffusiong-inpainting/warpgan-diffusion-inpainting-main/experiments/train_inpainting_diffusion/[20260911-143749]_v18w3_w3d_30k/logs/images/train/synth_step0045000.png
[step 45050] real_p1_mirror_hole_cov=0.1315 real_p1_skipped=1.0000 real_p1_hole_frac=0.1978 real_p2_eps=0.1137 real_p2_hit=0.0000 real_total=0.1137 discr_adv=0.9688 x0_d_real=0.2231 x0_d_fake=0.1607 g_grad_abs=561.4228 d_grad_abs=345.9582 synth_eps=0.0886 synth_eps_raw=0.0886 synth_x0_hit=0.0000 synth_total=0.0886 extra_render_attn_share=0.5507
[step 45100] real_p1_mirror_hole_cov=0.0871 real_p1_skipped=1.0000 real_p1_hole_frac=0.5888 real_p2_eps=0.0468 real_p2_hit=0.0000 real_total=0.0468 synth_eps=0.3699 synth_eps_raw=0.3699 synth_x0_hit=1.0000 synth_x0_t=138.0000 synth_x0_ldif=0.0681 synth_x0_gen_adv=0.2182 synth_x0_lfm=0.0030 synth_total=0.4657 extra_render_attn_share=0.5507
[step 45150] real_p1_mirror_hole_cov=0.3276 real_p1_skipped=1.0000 real_p1_hole_frac=0.4116 real_p2_eps=0.2433 real_p2_hit=1.0000 real_p2_t=185.0000 real_p2_ldif=0.0700 real_p2_gen_adv=-0.4563 real_p2_lfm=0.0045 real_total=0.2766 discr_adv=1.0212 p2_d_real=0.4138 p2_d_fake=0.4563 g_grad_abs=1515.7481 d_grad_abs=344.6810 synth_eps=0.0255 synth_eps_raw=0.0255 synth_x0_hit=0.0000 synth_total=0.0255 extra_render_attn_share=0.5507
[step 45200] real_p1_mirror_hole_cov=0.1701 real_p1_skipped=1.0000 real_p1_hole_frac=0.3263 real_p2_eps=0.0345 real_p2_hit=0.0000 real_total=0.0345 synth_eps=0.4169 synth_eps_raw=0.4169 synth_x0_hit=1.0000 synth_x0_t=109.0000 synth_x0_ldif=0.0553 synth_x0_gen_adv=-0.1047 synth_x0_lfm=0.0074 synth_total=0.4766 extra_render_attn_share=0.5507
[step 45250] real_p1_mirror_hole_cov=0.0545 real_p1_skipped=1.0000 real_p1_hole_frac=0.0328 real_p2_eps=0.0727 real_p2_hit=1.0000 real_p2_t=246.0000 real_p2_ldif=0.0341 real_p2_gen_adv=-0.6422 real_p2_lfm=0.0037 real_total=0.0500 discr_adv=1.0273 p2_d_real=0.5875 p2_d_fake=0.6422 g_grad_abs=984.3434 d_grad_abs=371.0630 synth_eps=0.2924 synth_eps_raw=0.2924 synth_x0_hit=1.0000 synth_x0_t=165.0000 synth_x0_ldif=0.0702 synth_x0_gen_adv=-0.1288 synth_x0_lfm=0.0097 synth_total=0.3693 extra_render_attn_share=0.5507
[step 45300] real_p1_mirror_hole_cov=0.2130 real_p1_skipped=1.0000 real_p1_hole_frac=0.4053 real_p2_eps=0.0026 real_p2_hit=0.0000 real_total=0.0026 synth_eps=0.3476 synth_eps_raw=0.3476 synth_x0_hit=1.0000 synth_x0_t=107.0000 synth_x0_ldif=0.0450 synth_x0_gen_adv=-0.2621 synth_x0_lfm=0.0080 synth_total=0.3824 extra_render_attn_share=0.5507
[step 45350] real_p1_mirror_hole_cov=0.1057 real_p1_skipped=1.0000 real_p1_hole_frac=0.3367 real_p2_eps=0.1363 real_p2_hit=1.0000 real_p2_t=284.0000 real_p2_ldif=0.0845 real_p2_gen_adv=0.3627 real_p2_lfm=0.0044 real_total=0.2657 discr_adv=1.0320 p2_d_real=-0.4266 p2_d_fake=-0.3627 g_grad_abs=1578.5220 d_grad_abs=353.2224 synth_eps=0.0082 synth_eps_raw=0.0082 synth_x0_hit=0.0000 synth_total=0.0082 extra_render_attn_share=0.5507
[step 45400] real_p1_mirror_hole_cov=0.0120 real_p1_skipped=1.0000 real_p1_hole_frac=0.1918 real_p2_eps=0.0243 real_p2_hit=0.0000 real_total=0.0243 discr_adv=0.9899 x0_d_real=-0.3382 x0_d_fake=-0.3585 g_grad_abs=283.8232 d_grad_abs=107.3129 synth_eps=0.3711 synth_eps_raw=0.3711 synth_x0_hit=1.0000 synth_x0_t=113.0000 synth_x0_ldif=0.0518 synth_x0_gen_adv=0.7226 synth_x0_lfm=0.0053 synth_total=0.5056 extra_render_attn_share=0.5507
[step 45450] real_p1_mirror_hole_cov=0.0478 real_p1_skipped=1.0000 real_p1_hole_frac=0.5743 real_p2_eps=0.5099 real_p2_hit=1.0000 real_p2_t=42.0000 real_p2_ldif=0.0213 real_p2_gen_adv=-0.1062 real_p2_lfm=0.0004 real_total=0.5215 discr_adv=1.0005 p2_d_real=0.1052 p2_d_fake=0.1062 g_grad_abs=1446.6093 d_grad_abs=67.9091 synth_eps=0.0624 synth_eps_raw=0.0624 synth_x0_hit=0.0000 synth_total=0.0624 extra_render_attn_share=0.5507
[step 45500] real_p1_mirror_hole_cov=0.1802 real_p1_skipped=1.0000 real_p1_hole_frac=0.6143 real_p2_eps=0.0734 real_p2_hit=0.0000 real_total=0.0734 synth_eps=0.0737 synth_eps_raw=0.0737 synth_x0_hit=0.0000 synth_total=0.0737 extra_render_attn_share=0.5507
[images] real: anchor | cond1 | cond2 | inv_warp_mirror | mask | mask_inv | warp_img | warp_warp_img | x | y_hat | y_hat_novel -> /home/xzy/warpgan-diffusiong-inpainting/warpgan-diffusion-inpainting-main/experiments/train_inpainting_diffusion/[20260911-143749]_v18w3_w3d_30k/logs/images/train/real_step0045500.png
[images] synth: cond | mask | target | warp_img | x | y_hat_novel -> /home/xzy/warpgan-diffusiong-inpainting/warpgan-diffusion-inpainting-main/experiments/train_inpainting_diffusion/[20260911-143749]_v18w3_w3d_30k/logs/images/train/synth_step0045500.png
[step 45550] real_p1_mirror_hole_cov=0.1344 real_p1_skipped=1.0000 real_p1_hole_frac=0.3196 real_p2_eps=0.1959 real_p2_hit=1.0000 real_p2_t=215.0000 real_p2_ldif=0.0724 real_p2_gen_adv=0.7153 real_p2_lfm=0.0041 real_total=0.3480 discr_adv=0.9880 p2_d_real=-0.6912 p2_d_fake=-0.7153 g_grad_abs=1104.0511 d_grad_abs=107.8666 synth_eps=0.0049 synth_eps_raw=0.0049 synth_x0_hit=0.0000 synth_total=0.0049 extra_render_attn_share=0.5507
[step 45600] real_p1_mirror_hole_cov=0.0145 real_p1_skipped=1.0000 real_p1_hole_frac=0.0629 real_p2_eps=0.0078 real_p2_hit=0.0000 real_total=0.0078 synth_eps=0.1771 synth_eps_raw=0.1771 synth_x0_hit=1.0000 synth_x0_t=218.0000 synth_x0_ldif=0.0673 synth_x0_gen_adv=0.8765 synth_x0_lfm=0.0036 synth_total=0.3393 extra_render_attn_share=0.5507
[step 45650] real_p1_mirror_hole_cov=0.0571 real_p1_skipped=1.0000 real_p1_hole_frac=0.2278 real_p2_eps=0.1653 real_p2_hit=1.0000 real_p2_t=188.0000 real_p2_ldif=0.0488 real_p2_gen_adv=0.4450 real_p2_lfm=0.0398 real_total=0.3382 discr_adv=1.9498 x0_d_real=-0.2898 x0_d_fake=-0.3924 p2_d_real=-0.4472 p2_d_fake=-0.4450 g_grad_abs=4357.9647 d_grad_abs=635.3738 synth_eps=0.5944 synth_eps_raw=0.5944 synth_x0_hit=1.0000 synth_x0_t=32.0000 synth_x0_ldif=0.0185 synth_x0_gen_adv=0.5087 synth_x0_lfm=0.0148 synth_total=0.6934 extra_render_attn_share=0.5507
[step 45700] real_p1_mirror_hole_cov=0.2673 real_p1_skipped=1.0000 real_p1_hole_frac=0.5710 real_p2_eps=0.1513 real_p2_hit=1.0000 real_p2_t=299.0000 real_p2_ldif=0.1042 real_p2_gen_adv=0.6029 real_p2_lfm=0.0855 real_total=0.4868 discr_adv=0.9920 p2_d_real=-0.5870 p2_d_fake=-0.6029 g_grad_abs=7763.3276 d_grad_abs=71.5138 synth_eps=0.0083 synth_eps_raw=0.0083 synth_x0_hit=0.0000 synth_total=0.0083 extra_render_attn_share=0.5507
[step 45750] real_p1_mirror_hole_cov=0.0666 real_p1_skipped=1.0000 real_p1_hole_frac=0.4407 real_p2_eps=0.0761 real_p2_hit=0.0000 real_total=0.0761 discr_adv=1.0390 x0_d_real=-0.3150 x0_d_fake=-0.2371 g_grad_abs=435.4230 d_grad_abs=284.9593 synth_eps=0.3228 synth_eps_raw=0.3228 synth_x0_hit=1.0000 synth_x0_t=172.0000 synth_x0_ldif=0.0827 synth_x0_gen_adv=0.0867 synth_x0_lfm=0.0455 synth_total=0.5051 extra_render_attn_share=0.5507
[step 45800] real_p1_mirror_hole_cov=0.0123 real_p1_skipped=1.0000 real_p1_hole_frac=0.2079 real_p2_eps=0.0510 real_p2_hit=0.0000 real_total=0.0510 synth_eps=0.4861 synth_eps_raw=0.4861 synth_x0_hit=1.0000 synth_x0_t=68.0000 synth_x0_ldif=0.0355 synth_x0_gen_adv=0.2257 synth_x0_lfm=0.0263 synth_total=0.5967 extra_render_attn_share=0.5507
[step 45850] real_p1_mirror_hole_cov=0.2657 real_p1_skipped=1.0000 real_p1_hole_frac=0.3203 real_p2_eps=0.2361 real_p2_hit=1.0000 real_p2_t=200.0000 real_p2_ldif=0.0772 real_p2_gen_adv=-0.7231 real_p2_lfm=0.0182 real_total=0.2774 discr_adv=1.0043 p2_d_real=0.7145 p2_d_fake=0.7231 g_grad_abs=2283.7722 d_grad_abs=127.9211 synth_eps=0.0021 synth_eps_raw=0.0021 synth_x0_hit=0.0000 synth_total=0.0021 extra_render_attn_share=0.5507
[step 45900] real_p1_mirror_hole_cov=0.0033 real_p1_skipped=1.0000 real_p1_hole_frac=0.2816 real_p2_eps=0.0083 real_p2_hit=0.0000 real_total=0.0083 discr_adv=0.9836 x0_d_real=0.7336 x0_d_fake=0.7008 g_grad_abs=191.4178 d_grad_abs=170.4528 synth_eps=0.1148 synth_eps_raw=0.1148 synth_x0_hit=0.0000 synth_total=0.1148 extra_render_attn_share=0.5507
[step 45950] real_p1_mirror_hole_cov=0.0674 real_p1_skipped=1.0000 real_p1_hole_frac=0.2429 real_p2_eps=0.0765 real_p2_hit=0.0000 real_total=0.0765 discr_adv=0.9926 x0_d_real=0.6301 x0_d_fake=0.6154 g_grad_abs=444.8954 d_grad_abs=78.6243 synth_eps=0.0269 synth_eps_raw=0.0269 synth_x0_hit=0.0000 synth_total=0.0269 extra_render_attn_share=0.5507
[val step 45999] val_novel_full=0.0942 val_novel_hole=0.1405 val_novel_visible=0.0713
[step 46000] real_p1_mirror_hole_cov=0.0170 real_p1_skipped=1.0000 real_p1_hole_frac=0.3521 real_p2_eps=0.0160 real_p2_hit=0.0000 real_total=0.0160 synth_eps=0.0020 synth_eps_raw=0.0020 synth_x0_hit=0.0000 synth_total=0.0020 extra_render_attn_share=0.5623
[images] real: anchor | cond1 | cond2 | inv_warp_mirror | mask | mask_inv | warp_img | warp_warp_img | x | y_hat | y_hat_novel -> /home/xzy/warpgan-diffusiong-inpainting/warpgan-diffusion-inpainting-main/experiments/train_inpainting_diffusion/[20260911-143749]_v18w3_w3d_30k/logs/images/train/real_step0046000.png
[images] synth: cond | mask | target | warp_img | x | y_hat_novel -> /home/xzy/warpgan-diffusiong-inpainting/warpgan-diffusion-inpainting-main/experiments/train_inpainting_diffusion/[20260911-143749]_v18w3_w3d_30k/logs/images/train/synth_step0046000.png
[step 46050] real_p1_mirror_hole_cov=0.1216 real_p1_skipped=1.0000 real_p1_hole_frac=0.2787 real_p2_eps=0.1458 real_p2_hit=1.0000 real_p2_t=289.0000 real_p2_ldif=0.0936 real_p2_gen_adv=-0.5247 real_p2_lfm=0.0119 real_total=0.2106 discr_adv=0.9726 p2_d_real=0.5795 p2_d_fake=0.5247 g_grad_abs=2448.8170 d_grad_abs=383.3775 synth_eps=0.3588 synth_eps_raw=0.3588 synth_x0_hit=1.0000 synth_x0_t=149.0000 synth_x0_ldif=0.0739 synth_x0_gen_adv=-0.0764 synth_x0_lfm=0.0178 synth_total=0.4607 extra_render_attn_share=0.5623
[step 46100] real_p1_mirror_hole_cov=0.0222 real_p1_skipped=1.0000 real_p1_hole_frac=0.1894 real_p2_eps=0.0335 real_p2_hit=0.0000 real_total=0.0335 synth_eps=0.1213 synth_eps_raw=0.1213 synth_x0_hit=0.0000 synth_total=0.1213 extra_render_attn_share=0.5623
[step 46150] real_p1_mirror_hole_cov=0.0076 real_p1_skipped=1.0000 real_p1_hole_frac=0.0758 real_p2_eps=0.0590 real_p2_hit=0.0000 real_total=0.0590 synth_eps=0.3609 synth_eps_raw=0.3609 synth_x0_hit=1.0000 synth_x0_t=113.0000 synth_x0_ldif=0.0502 synth_x0_gen_adv=-0.1832 synth_x0_lfm=0.0174 synth_total=0.4277 extra_render_attn_share=0.5623
[step 46200] real_p1_mirror_hole_cov=0.0137 real_p1_skipped=1.0000 real_p1_hole_frac=0.4851 real_p2_eps=0.0136 real_p2_hit=0.0000 real_total=0.0136 discr_adv=0.9714 x0_d_real=0.3798 x0_d_fake=0.3225 g_grad_abs=177.0000 d_grad_abs=422.3934 synth_eps=0.0040 synth_eps_raw=0.0040 synth_x0_hit=0.0000 synth_total=0.0040 extra_render_attn_share=0.5623
[step 46250] real_p1_mirror_hole_cov=0.0212 real_p1_skipped=1.0000 real_p1_hole_frac=0.2292 real_p2_eps=0.0215 real_p2_hit=0.0000 real_total=0.0215 synth_eps=0.1545 synth_eps_raw=0.1545 synth_x0_hit=1.0000 synth_x0_t=289.0000 synth_x0_ldif=0.0992 synth_x0_gen_adv=0.6974 synth_x0_lfm=0.0222 synth_total=0.3679 extra_render_attn_share=0.5623
[step 46300] real_p1_mirror_hole_cov=0.1575 real_p1_skipped=1.0000 real_p1_hole_frac=0.2804 real_p2_eps=0.2469 real_p2_hit=1.0000 real_p2_t=114.0000 real_p2_ldif=0.0348 real_p2_gen_adv=0.6769 real_p2_lfm=0.0038 real_total=0.3570 discr_adv=1.9839 x0_d_real=-0.7140 x0_d_fake=-0.7245 p2_d_real=-0.6549 p2_d_fake=-0.6769 g_grad_abs=1180.1568 d_grad_abs=173.2901 synth_eps=0.0040 synth_eps_raw=0.0040 synth_x0_hit=0.0000 synth_total=0.0040 extra_render_attn_share=0.5623
[step 46350] real_p1_mirror_hole_cov=0.0150 real_p1_skipped=1.0000 real_p1_hole_frac=0.1495 real_p2_eps=0.0195 real_p2_hit=0.0000 real_total=0.0195 synth_eps=0.1769 synth_eps_raw=0.1769 synth_x0_hit=1.0000 synth_x0_t=286.0000 synth_x0_ldif=0.1112 synth_x0_gen_adv=0.0431 synth_x0_lfm=0.0177 synth_total=0.3278 extra_render_attn_share=0.5623
[step 46400] real_p1_mirror_hole_cov=0.2317 real_p1_skipped=1.0000 real_p1_hole_frac=0.1032 real_p2_eps=0.1905 real_p2_hit=1.0000 real_p2_t=73.0000 real_p2_ldif=0.0151 real_p2_gen_adv=-0.1653 real_p2_lfm=0.0014 real_total=0.1919 discr_adv=1.9865 x0_d_real=0.4408 x0_d_fake=0.4193 p2_d_real=0.1711 p2_d_fake=0.1653 g_grad_abs=848.2786 d_grad_abs=154.2162 synth_eps=0.1650 synth_eps_raw=0.1650 synth_x0_hit=0.0000 synth_total=0.1650 extra_render_attn_share=0.5623
[step 46450] real_p1_mirror_hole_cov=0.0076 real_p1_skipped=1.0000 real_p1_hole_frac=0.2082 real_p2_eps=0.0035 real_p2_hit=0.0000 real_total=0.0035 synth_eps=0.4243 synth_eps_raw=0.4243 synth_x0_hit=1.0000 synth_x0_t=160.0000 synth_x0_ldif=0.0972 synth_x0_gen_adv=-0.6674 synth_x0_lfm=0.0047 synth_total=0.4643 extra_render_attn_share=0.5623
[step 46500] real_p1_mirror_hole_cov=0.1265 real_p1_skipped=1.0000 real_p1_hole_frac=0.6395 real_p2_eps=0.0337 real_p2_hit=0.0000 real_total=0.0337 discr_adv=0.9799 x0_d_real=-0.3547 x0_d_fake=-0.3949 g_grad_abs=236.8934 d_grad_abs=409.9865 synth_eps=0.0024 synth_eps_raw=0.0024 synth_x0_hit=0.0000 synth_total=0.0024 extra_render_attn_share=0.5623
[images] real: anchor | cond1 | cond2 | inv_warp_mirror | mask | mask_inv | warp_img | warp_warp_img | x | y_hat | y_hat_novel -> /home/xzy/warpgan-diffusiong-inpainting/warpgan-diffusion-inpainting-main/experiments/train_inpainting_diffusion/[20260911-143749]_v18w3_w3d_30k/logs/images/train/real_step0046500.png
[images] synth: cond | mask | target | warp_img | x | y_hat_novel -> /home/xzy/warpgan-diffusiong-inpainting/warpgan-diffusion-inpainting-main/experiments/train_inpainting_diffusion/[20260911-143749]_v18w3_w3d_30k/logs/images/train/synth_step0046500.png
[step 46550] real_p1_mirror_hole_cov=0.2670 real_p1_skipped=1.0000 real_p1_hole_frac=0.3026 real_p2_eps=0.1294 real_p2_hit=0.0000 real_total=0.1294 synth_eps=0.1901 synth_eps_raw=0.1901 synth_x0_hit=1.0000 synth_x0_t=228.0000 synth_x0_ldif=0.0778 synth_x0_gen_adv=0.2432 synth_x0_lfm=0.0086 synth_total=0.3094 extra_render_attn_share=0.5623
[step 46600] real_p1_mirror_hole_cov=0.1181 real_p1_skipped=1.0000 real_p1_hole_frac=0.3220 real_p2_eps=0.0019 real_p2_hit=0.0000 real_total=0.0019 synth_eps=0.1416 synth_eps_raw=0.1416 synth_x0_hit=0.0000 synth_total=0.1416 extra_render_attn_share=0.5623
[step 46650] real_p1_mirror_hole_cov=0.0090 real_p1_skipped=1.0000 real_p1_hole_frac=0.0860 real_p2_eps=0.0295 real_p2_hit=0.0000 real_total=0.0295 synth_eps=0.0875 synth_eps_raw=0.0875 synth_x0_hit=0.0000 synth_total=0.0875 extra_render_attn_share=0.5623
[step 46700] real_p1_mirror_hole_cov=0.0188 real_p1_skipped=1.0000 real_p1_hole_frac=0.1852 real_p2_eps=0.5538 real_p2_hit=1.0000 real_p2_t=14.0000 real_p2_ldif=0.0074 real_p2_gen_adv=-0.7875 real_p2_lfm=0.0002 real_total=0.4828 discr_adv=1.9384 x0_d_real=-0.1516 x0_d_fake=-0.2760 p2_d_real=0.7906 p2_d_fake=0.7875 g_grad_abs=1362.1199 d_grad_abs=605.1919 synth_eps=0.1385 synth_eps_raw=0.1385 synth_x0_hit=0.0000 synth_total=0.1385 extra_render_attn_share=0.5623
[step 46750] real_p1_mirror_hole_cov=0.0059 real_p1_skipped=1.0000 real_p1_hole_frac=0.1868 real_p2_eps=0.2702 real_p2_hit=1.0000 real_p2_t=67.0000 real_p2_ldif=0.0194 real_p2_gen_adv=-0.7886 real_p2_lfm=0.0008 real_total=0.2124 discr_adv=0.9939 p2_d_real=0.8007 p2_d_fake=0.7886 g_grad_abs=1109.0573 d_grad_abs=86.8437 synth_eps=0.0261 synth_eps_raw=0.0261 synth_x0_hit=0.0000 synth_total=0.0261 extra_render_attn_share=0.5623
[step 46800] real_p1_mirror_hole_cov=0.0310 real_p1_skipped=1.0000 real_p1_hole_frac=0.3017 real_p2_eps=0.2355 real_p2_hit=1.0000 real_p2_t=122.0000 real_p2_ldif=0.0364 real_p2_gen_adv=-0.8434 real_p2_lfm=0.0009 real_total=0.1894 discr_adv=1.9784 x0_d_real=0.7134 x0_d_fake=0.6690 p2_d_real=0.8519 p2_d_fake=0.8434 g_grad_abs=1178.7576 d_grad_abs=677.9623 synth_eps=0.3074 synth_eps_raw=0.3074 synth_x0_hit=1.0000 synth_x0_t=191.0000 synth_x0_ldif=0.0931 synth_x0_gen_adv=-0.5135 synth_x0_lfm=0.0032 synth_total=0.3555 extra_render_attn_share=0.5623
[step 46850] real_p1_mirror_hole_cov=0.2600 real_p1_skipped=1.0000 real_p1_hole_frac=0.4101 real_p2_eps=0.0581 real_p2_hit=0.0000 real_total=0.0581 synth_eps=0.0075 synth_eps_raw=0.0075 synth_x0_hit=0.0000 synth_total=0.0075 extra_render_attn_share=0.5623
[step 46900] real_p1_mirror_hole_cov=0.0694 real_p1_skipped=1.0000 real_p1_hole_frac=0.1824 real_p2_eps=0.0142 real_p2_hit=0.0000 real_total=0.0142 synth_eps=0.0047 synth_eps_raw=0.0047 synth_x0_hit=0.0000 synth_total=0.0047 extra_render_attn_share=0.5623
[step 46950] real_p1_mirror_hole_cov=0.0322 real_p1_skipped=1.0000 real_p1_hole_frac=0.5472 real_p2_eps=0.2131 real_p2_hit=1.0000 real_p2_t=211.0000 real_p2_ldif=0.0762 real_p2_gen_adv=0.5775 real_p2_lfm=0.0040 real_total=0.3551 discr_adv=2.0283 x0_d_real=-0.8611 x0_d_fake=-0.8491 p2_d_real=-0.6049 p2_d_fake=-0.5775 g_grad_abs=1575.7795 d_grad_abs=306.0337 synth_eps=0.0364 synth_eps_raw=0.0364 synth_x0_hit=0.0000 synth_total=0.0364 extra_render_attn_share=0.5623
[step 47000] real_p1_mirror_hole_cov=0.1161 real_p1_skipped=1.0000 real_p1_hole_frac=0.4158 real_p2_eps=0.0070 real_p2_hit=0.0000 real_total=0.0070 synth_eps=0.0514 synth_eps_raw=0.0514 synth_x0_hit=0.0000 synth_total=0.0514 extra_render_attn_share=0.5623
[images] real: anchor | cond1 | cond2 | inv_warp_mirror | mask | mask_inv | warp_img | warp_warp_img | x | y_hat | y_hat_novel -> /home/xzy/warpgan-diffusiong-inpainting/warpgan-diffusion-inpainting-main/experiments/train_inpainting_diffusion/[20260911-143749]_v18w3_w3d_30k/logs/images/train/real_step0047000.png
[images] synth: cond | mask | target | warp_img | x | y_hat_novel -> /home/xzy/warpgan-diffusiong-inpainting/warpgan-diffusion-inpainting-main/experiments/train_inpainting_diffusion/[20260911-143749]_v18w3_w3d_30k/logs/images/train/synth_step0047000.png
[step 47050] real_p1_mirror_hole_cov=0.0355 real_p1_skipped=1.0000 real_p1_hole_frac=0.4397 real_p2_eps=0.0109 real_p2_hit=0.0000 real_total=0.0109 synth_eps=0.0025 synth_eps_raw=0.0025 synth_x0_hit=0.0000 synth_total=0.0025 extra_render_attn_share=0.5623
[step 47100] real_p1_mirror_hole_cov=0.0030 real_p1_skipped=1.0000 real_p1_hole_frac=0.3664 real_p2_eps=0.0338 real_p2_hit=0.0000 real_total=0.0338 discr_adv=0.9707 x0_d_real=0.2671 x0_d_fake=0.2086 g_grad_abs=316.8091 d_grad_abs=252.7569 synth_eps=0.0609 synth_eps_raw=0.0609 synth_x0_hit=0.0000 synth_total=0.0609 extra_render_attn_share=0.5623
[step 47150] real_p1_mirror_hole_cov=0.2242 real_p1_skipped=1.0000 real_p1_hole_frac=0.3500 real_p2_eps=0.0020 real_p2_hit=0.0000 real_total=0.0020 synth_eps=0.0023 synth_eps_raw=0.0023 synth_x0_hit=0.0000 synth_total=0.0023 extra_render_attn_share=0.5623
[step 47200] real_p1_mirror_hole_cov=0.1961 real_p1_skipped=1.0000 real_p1_hole_frac=0.4940 real_p2_eps=0.0562 real_p2_hit=0.0000 real_total=0.0562 synth_eps=0.4023 synth_eps_raw=0.4023 synth_x0_hit=1.0000 synth_x0_t=79.0000 synth_x0_ldif=0.0352 synth_x0_gen_adv=-0.6912 synth_x0_lfm=0.0014 synth_total=0.3712 extra_render_attn_share=0.5623
[step 47250] real_p1_mirror_hole_cov=0.1271 real_p1_skipped=1.0000 real_p1_hole_frac=0.4782 real_p2_eps=0.0435 real_p2_hit=0.0000 real_total=0.0435 synth_eps=0.0021 synth_eps_raw=0.0021 synth_x0_hit=0.0000 synth_total=0.0021 extra_render_attn_share=0.5623
[step 47300] real_p1_mirror_hole_cov=0.0178 real_p1_skipped=1.0000 real_p1_hole_frac=0.1721 real_p2_eps=0.4102 real_p2_hit=1.0000 real_p2_t=30.0000 real_p2_ldif=0.0119 real_p2_gen_adv=-0.8613 real_p2_lfm=0.0002 real_total=0.3363 discr_adv=0.9986 p2_d_real=0.8642 p2_d_fake=0.8613 g_grad_abs=1384.1022 d_grad_abs=33.6561 synth_eps=0.1301 synth_eps_raw=0.1301 synth_x0_hit=0.0000 synth_total=0.1301 extra_render_attn_share=0.5623
[step 47350] real_p1_mirror_hole_cov=0.2041 real_p1_skipped=1.0000 real_p1_hole_frac=0.4247 real_p2_eps=0.0016 real_p2_hit=0.0000 real_total=0.0016 discr_adv=1.1061 x0_d_real=0.2486 x0_d_fake=0.4607 g_grad_abs=52.4757 d_grad_abs=2895.3713 synth_eps=0.0628 synth_eps_raw=0.0628 synth_x0_hit=0.0000 synth_total=0.0628 extra_render_attn_share=0.5623
[step 47400] real_p1_mirror_hole_cov=0.3566 real_p1_skipped=1.0000 real_p1_hole_frac=0.5357 real_p2_eps=0.1843 real_p2_hit=1.0000 real_p2_t=260.0000 real_p2_ldif=0.0961 real_p2_gen_adv=-0.7612 real_p2_lfm=0.0044 real_total=0.2129 discr_adv=1.9892 x0_d_real=0.7400 x0_d_fake=0.7278 p2_d_real=0.7706 p2_d_fake=0.7612 g_grad_abs=1173.1762 d_grad_abs=94.9854 synth_eps=0.0279 synth_eps_raw=0.0279 synth_x0_hit=0.0000 synth_total=0.0279 extra_render_attn_share=0.5623
[step 47450] real_p1_mirror_hole_cov=0.0869 real_p1_skipped=1.0000 real_p1_hole_frac=0.4431 real_p2_eps=0.0173 real_p2_hit=0.0000 real_total=0.0173 synth_eps=0.0905 synth_eps_raw=0.0905 synth_x0_hit=0.0000 synth_total=0.0905 extra_render_attn_share=0.5623
[step 47500] real_p1_mirror_hole_cov=0.0907 real_p1_skipped=1.0000 real_p1_hole_frac=0.2769 real_p2_eps=0.1772 real_p2_hit=1.0000 real_p2_t=191.0000 real_p2_ldif=0.0537 real_p2_gen_adv=-0.5516 real_p2_lfm=0.0021 real_total=0.1799 discr_adv=0.9782 p2_d_real=0.5952 p2_d_fake=0.5516 g_grad_abs=1090.9230 d_grad_abs=216.2475 synth_eps=0.0222 synth_eps_raw=0.0222 synth_x0_hit=0.0000 synth_total=0.0222 extra_render_attn_share=0.5623
[images] real: anchor | cond1 | cond2 | inv_warp_mirror | mask | mask_inv | warp_img | warp_warp_img | x | y_hat | y_hat_novel -> /home/xzy/warpgan-diffusiong-inpainting/warpgan-diffusion-inpainting-main/experiments/train_inpainting_diffusion/[20260911-143749]_v18w3_w3d_30k/logs/images/train/real_step0047500.png
[images] synth: cond | mask | target | warp_img | x | y_hat_novel -> /home/xzy/warpgan-diffusiong-inpainting/warpgan-diffusion-inpainting-main/experiments/train_inpainting_diffusion/[20260911-143749]_v18w3_w3d_30k/logs/images/train/synth_step0047500.png
[step 47550] real_p1_mirror_hole_cov=0.0998 real_p1_skipped=1.0000 real_p1_hole_frac=0.2567 real_p2_eps=0.0152 real_p2_hit=0.0000 real_total=0.0152 synth_eps=0.1386 synth_eps_raw=0.1386 synth_x0_hit=0.0000 synth_total=0.1386 extra_render_attn_share=0.5623
[step 47600] real_p1_mirror_hole_cov=0.0761 real_p1_skipped=1.0000 real_p1_hole_frac=0.3223 real_p2_eps=0.0019 real_p2_hit=0.0000 real_total=0.0019 synth_eps=0.1672 synth_eps_raw=0.1672 synth_x0_hit=1.0000 synth_x0_t=243.0000 synth_x0_ldif=0.0768 synth_x0_gen_adv=-0.1862 synth_x0_lfm=0.0017 synth_total=0.2288 extra_render_attn_share=0.5623
[step 47650] real_p1_mirror_hole_cov=0.1064 real_p1_skipped=1.0000 real_p1_hole_frac=0.6159 real_p2_eps=0.0630 real_p2_hit=0.0000 real_total=0.0630 synth_eps=0.2681 synth_eps_raw=0.2681 synth_x0_hit=1.0000 synth_x0_t=174.0000 synth_x0_ldif=0.0699 synth_x0_gen_adv=0.7354 synth_x0_lfm=0.0012 synth_total=0.4140 extra_render_attn_share=0.5623
[step 47700] real_p1_mirror_hole_cov=0.2431 real_p1_skipped=1.0000 real_p1_hole_frac=0.0117 real_p2_eps=0.0128 real_p2_hit=0.0000 real_total=0.0128 discr_adv=0.9972 x0_d_real=-0.2039 x0_d_fake=-0.2096 g_grad_abs=167.1824 d_grad_abs=47.3159 synth_eps=0.3609 synth_eps_raw=0.3609 synth_x0_hit=1.0000 synth_x0_t=76.0000 synth_x0_ldif=0.0301 synth_x0_gen_adv=0.2422 synth_x0_lfm=0.0007 synth_total=0.4166 extra_render_attn_share=0.5623
[step 47750] real_p1_mirror_hole_cov=0.0317 real_p1_skipped=1.0000 real_p1_hole_frac=0.2117 real_p2_eps=0.0687 real_p2_hit=0.0000 real_total=0.0687 synth_eps=0.0518 synth_eps_raw=0.0518 synth_x0_hit=0.0000 synth_total=0.0518 extra_render_attn_share=0.5623
[step 47800] real_p1_mirror_hole_cov=0.0250 real_p1_skipped=1.0000 real_p1_hole_frac=0.2533 real_p2_eps=0.0231 real_p2_hit=0.0000 real_total=0.0231 synth_eps=0.0782 synth_eps_raw=0.0782 synth_x0_hit=0.0000 synth_total=0.0782 extra_render_attn_share=0.5623
[step 47850] real_p1_mirror_hole_cov=0.0222 real_p1_skipped=1.0000 real_p1_hole_frac=0.0478 real_p2_eps=0.0014 real_p2_hit=0.0000 real_total=0.0014 synth_eps=0.0831 synth_eps_raw=0.0831 synth_x0_hit=0.0000 synth_total=0.0831 extra_render_attn_share=0.5623
[step 47900] real_p1_mirror_hole_cov=0.2356 real_p1_skipped=1.0000 real_p1_hole_frac=0.6605 real_p2_eps=0.0230 real_p2_hit=0.0000 real_total=0.0230 discr_adv=0.9811 x0_d_real=-0.3411 x0_d_fake=-0.3789 g_grad_abs=142.9453 d_grad_abs=195.3739 synth_eps=0.0337 synth_eps_raw=0.0337 synth_x0_hit=0.0000 synth_total=0.0337 extra_render_attn_share=0.5623
[step 47950] real_p1_mirror_hole_cov=0.0693 real_p1_skipped=1.0000 real_p1_hole_frac=0.2660 real_p2_eps=0.0018 real_p2_hit=0.0000 real_total=0.0018 discr_adv=1.0094 x0_d_real=0.2300 x0_d_fake=0.2268 g_grad_abs=80.0158 d_grad_abs=558.9258 synth_eps=0.0672 synth_eps_raw=0.0672 synth_x0_hit=0.0000 synth_total=0.0672 extra_render_attn_share=0.5623
[val step 47999] val_novel_full=0.1420 val_novel_hole=0.1457 val_novel_visible=0.1374
[step 48000] real_p1_mirror_hole_cov=0.0346 real_p1_skipped=1.0000 real_p1_hole_frac=0.0178 real_p2_eps=0.0015 real_p2_hit=0.0000 real_total=0.0015 discr_adv=1.0012 x0_d_real=-0.8668 x0_d_fake=-0.8646 g_grad_abs=50.0854 d_grad_abs=22.8550 synth_eps=0.0126 synth_eps_raw=0.0126 synth_x0_hit=0.0000 synth_total=0.0126 extra_render_attn_share=0.5537
[images] real: anchor | cond1 | cond2 | inv_warp_mirror | mask | mask_inv | warp_img | warp_warp_img | x | y_hat | y_hat_novel -> /home/xzy/warpgan-diffusiong-inpainting/warpgan-diffusion-inpainting-main/experiments/train_inpainting_diffusion/[20260911-143749]_v18w3_w3d_30k/logs/images/train/real_step0048000.png
[images] synth: cond | mask | target | warp_img | x | y_hat_novel -> /home/xzy/warpgan-diffusiong-inpainting/warpgan-diffusion-inpainting-main/experiments/train_inpainting_diffusion/[20260911-143749]_v18w3_w3d_30k/logs/images/train/synth_step0048000.png
[step 48050] real_p1_mirror_hole_cov=0.0923 real_p1_skipped=1.0000 real_p1_hole_frac=0.2324 real_p2_eps=0.0196 real_p2_hit=0.0000 real_total=0.0196 discr_adv=0.9913 x0_d_real=-0.5305 x0_d_fake=-0.5480 g_grad_abs=223.0235 d_grad_abs=104.5483 synth_eps=0.5403 synth_eps_raw=0.5403 synth_x0_hit=1.0000 synth_x0_t=38.0000 synth_x0_ldif=0.0202 synth_x0_gen_adv=0.5996 synth_x0_lfm=0.0021 synth_total=0.6247 extra_render_attn_share=0.5537
[step 48100] real_p1_mirror_hole_cov=0.0875 real_p1_skipped=1.0000 real_p1_hole_frac=0.5089 real_p2_eps=0.0058 real_p2_hit=0.0000 real_total=0.0058 synth_eps=0.0122 synth_eps_raw=0.0122 synth_x0_hit=0.0000 synth_total=0.0122 extra_render_attn_share=0.5537
[step 48150] real_p1_mirror_hole_cov=0.0544 real_p1_skipped=1.0000 real_p1_hole_frac=0.2594 real_p2_eps=0.0431 real_p2_hit=0.0000 real_total=0.0431 synth_eps=0.0022 synth_eps_raw=0.0022 synth_x0_hit=0.0000 synth_total=0.0022 extra_render_attn_share=0.5537
[step 48200] real_p1_mirror_hole_cov=0.1231 real_p1_skipped=1.0000 real_p1_hole_frac=0.4066 real_p2_eps=0.0974 real_p2_hit=0.0000 real_total=0.0974 discr_adv=0.9996 x0_d_real=0.1471 x0_d_fake=0.1462 g_grad_abs=505.3744 d_grad_abs=69.9672 synth_eps=0.0013 synth_eps_raw=0.0013 synth_x0_hit=0.0000 synth_total=0.0013 extra_render_attn_share=0.5537
[step 48250] real_p1_mirror_hole_cov=0.0799 real_p1_skipped=1.0000 real_p1_hole_frac=0.3977 real_p2_eps=0.3251 real_p2_hit=1.0000 real_p2_t=91.0000 real_p2_ldif=0.0340 real_p2_gen_adv=0.2317 real_p2_lfm=0.0033 real_total=0.3888 discr_adv=2.0124 x0_d_real=0.0071 x0_d_fake=0.0253 p2_d_real=-0.2383 p2_d_fake=-0.2317 g_grad_abs=1208.8542 d_grad_abs=284.1509 synth_eps=0.0015 synth_eps_raw=0.0015 synth_x0_hit=0.0000 synth_total=0.0015 extra_render_attn_share=0.5537
[step 48300] real_p1_mirror_hole_cov=0.0217 real_p1_skipped=1.0000 real_p1_hole_frac=0.4851 real_p2_eps=0.3306 real_p2_hit=1.0000 real_p2_t=110.0000 real_p2_ldif=0.0444 real_p2_gen_adv=0.3823 real_p2_lfm=0.0042 real_total=0.4215 discr_adv=0.9930 p2_d_real=-0.3684 p2_d_fake=-0.3823 g_grad_abs=1146.1280 d_grad_abs=94.2692 synth_eps=0.0012 synth_eps_raw=0.0012 synth_x0_hit=0.0000 synth_total=0.0012 extra_render_attn_share=0.5537
[step 48350] real_p1_mirror_hole_cov=0.1301 real_p1_skipped=1.0000 real_p1_hole_frac=0.2778 real_p2_eps=0.0756 real_p2_hit=0.0000 real_total=0.0756 discr_adv=0.9965 x0_d_real=-0.7947 x0_d_fake=-0.8017 g_grad_abs=406.7265 d_grad_abs=97.8916 synth_eps=0.7260 synth_eps_raw=0.7260 synth_x0_hit=1.0000 synth_x0_t=13.0000 synth_x0_ldif=0.0090 synth_x0_gen_adv=0.5893 synth_x0_lfm=0.0030 synth_total=0.7998 extra_render_attn_share=0.5537
[step 48400] real_p1_mirror_hole_cov=0.0247 real_p1_skipped=1.0000 real_p1_hole_frac=0.0644 real_p2_eps=0.0956 real_p2_hit=1.0000 real_p2_t=171.0000 real_p2_ldif=0.0246 real_p2_gen_adv=0.5957 real_p2_lfm=0.0076 real_total=0.1949 discr_adv=0.9461 p2_d_real=-0.4877 p2_d_fake=-0.5957 g_grad_abs=1837.0647 d_grad_abs=1149.9421 synth_eps=0.0035 synth_eps_raw=0.0035 synth_x0_hit=0.0000 synth_total=0.0035 extra_render_attn_share=0.5537
[step 48450] real_p1_mirror_hole_cov=0.0301 real_p1_skipped=1.0000 real_p1_hole_frac=0.0691 real_p2_eps=0.0834 real_p2_hit=1.0000 real_p2_t=248.0000 real_p2_ldif=0.0398 real_p2_gen_adv=-0.8140 real_p2_lfm=0.0026 real_total=0.0470 discr_adv=1.0027 p2_d_real=0.8086 p2_d_fake=0.8140 g_grad_abs=1056.5939 d_grad_abs=54.0182 synth_eps=0.0792 synth_eps_raw=0.0792 synth_x0_hit=0.0000 synth_total=0.0792 extra_render_attn_share=0.5537
[step 48500] real_p1_mirror_hole_cov=0.0657 real_p1_skipped=1.0000 real_p1_hole_frac=0.4729 real_p2_eps=0.0021 real_p2_hit=0.0000 real_total=0.0021 synth_eps=0.0155 synth_eps_raw=0.0155 synth_x0_hit=0.0000 synth_total=0.0155 extra_render_attn_share=0.5537
[images] real: anchor | cond1 | cond2 | inv_warp_mirror | mask | mask_inv | warp_img | warp_warp_img | x | y_hat | y_hat_novel -> /home/xzy/warpgan-diffusiong-inpainting/warpgan-diffusion-inpainting-main/experiments/train_inpainting_diffusion/[20260911-143749]_v18w3_w3d_30k/logs/images/train/real_step0048500.png
[images] synth: cond | mask | target | warp_img | x | y_hat_novel -> /home/xzy/warpgan-diffusiong-inpainting/warpgan-diffusion-inpainting-main/experiments/train_inpainting_diffusion/[20260911-143749]_v18w3_w3d_30k/logs/images/train/synth_step0048500.png
[step 48550] real_p1_mirror_hole_cov=0.0234 real_p1_skipped=1.0000 real_p1_hole_frac=0.2835 real_p2_eps=0.0292 real_p2_hit=0.0000 real_total=0.0292 discr_adv=0.9886 x0_d_real=0.5960 x0_d_fake=0.5731 g_grad_abs=262.6909 d_grad_abs=206.4833 synth_eps=0.7329 synth_eps_raw=0.7329 synth_x0_hit=1.0000 synth_x0_t=12.0000 synth_x0_ldif=0.0084 synth_x0_gen_adv=-0.5436 synth_x0_lfm=0.0021 synth_total=0.6911 extra_render_attn_share=0.5537
[step 48600] real_p1_mirror_hole_cov=0.0523 real_p1_skipped=1.0000 real_p1_hole_frac=0.2078 real_p2_eps=0.0054 real_p2_hit=0.0000 real_total=0.0054 synth_eps=0.0160 synth_eps_raw=0.0160 synth_x0_hit=0.0000 synth_total=0.0160 extra_render_attn_share=0.5537
[step 48650] real_p1_mirror_hole_cov=0.0188 real_p1_skipped=1.0000 real_p1_hole_frac=0.4181 real_p2_eps=0.3483 real_p2_hit=1.0000 real_p2_t=63.0000 real_p2_ldif=0.0232 real_p2_gen_adv=-0.8444 real_p2_lfm=0.0006 real_total=0.2882 discr_adv=0.9998 p2_d_real=0.8449 p2_d_fake=0.8444 g_grad_abs=1220.3894 d_grad_abs=9.2347 synth_eps=0.0080 synth_eps_raw=0.0080 synth_x0_hit=0.0000 synth_total=0.0080 extra_render_attn_share=0.5537
[step 48700] real_p1_mirror_hole_cov=0.0065 real_p1_skipped=1.0000 real_p1_hole_frac=0.1776 real_p2_eps=0.0012 real_p2_hit=0.0000 real_total=0.0012 synth_eps=0.0383 synth_eps_raw=0.0383 synth_x0_hit=0.0000 synth_total=0.0383 extra_render_attn_share=0.5537
[step 48750] real_p1_mirror_hole_cov=0.0303 real_p1_skipped=1.0000 real_p1_hole_frac=0.2149 real_p2_eps=0.0042 real_p2_hit=0.0000 real_total=0.0042 synth_eps=0.6080 synth_eps_raw=0.6080 synth_x0_hit=1.0000 synth_x0_t=39.0000 synth_x0_ldif=0.0234 synth_x0_gen_adv=-0.5103 synth_x0_lfm=0.0015 synth_total=0.5834 extra_render_attn_share=0.5537
[step 48800] real_p1_mirror_hole_cov=0.0991 real_p1_skipped=1.0000 real_p1_hole_frac=0.1319 real_p2_eps=0.0018 real_p2_hit=0.0000 real_total=0.0018 discr_adv=0.9890 x0_d_real=0.7353 x0_d_fake=0.7134 g_grad_abs=47.5501 d_grad_abs=310.9392 synth_eps=0.2188 synth_eps_raw=0.2188 synth_x0_hit=1.0000 synth_x0_t=229.0000 synth_x0_ldif=0.0903 synth_x0_gen_adv=-0.4777 synth_x0_lfm=0.0042 synth_total=0.2698 extra_render_attn_share=0.5537
[step 48850] real_p1_mirror_hole_cov=0.0244 real_p1_skipped=1.0000 real_p1_hole_frac=0.4578 real_p2_eps=0.1630 real_p2_hit=1.0000 real_p2_t=198.0000 real_p2_ldif=0.0524 real_p2_gen_adv=0.2661 real_p2_lfm=0.0027 real_total=0.2473 discr_adv=0.9778 p2_d_real=-0.2218 p2_d_fake=-0.2661 g_grad_abs=955.1702 d_grad_abs=707.5694 synth_eps=0.1762 synth_eps_raw=0.1762 synth_x0_hit=1.0000 synth_x0_t=265.0000 synth_x0_ldif=0.0953 synth_x0_gen_adv=0.2075 synth_x0_lfm=0.0046 synth_total=0.3014 extra_render_attn_share=0.5537
[step 48900] real_p1_mirror_hole_cov=0.0483 real_p1_skipped=1.0000 real_p1_hole_frac=0.0417 real_p2_eps=0.0423 real_p2_hit=0.0000 real_total=0.0423 synth_eps=0.0293 synth_eps_raw=0.0293 synth_x0_hit=0.0000 synth_total=0.0293 extra_render_attn_share=0.5537
[step 48950] real_p1_mirror_hole_cov=0.2121 real_p1_skipped=1.0000 real_p1_hole_frac=0.3363 real_p2_eps=0.0172 real_p2_hit=0.0000 real_total=0.0172 synth_eps=0.0020 synth_eps_raw=0.0020 synth_x0_hit=0.0000 synth_total=0.0020 extra_render_attn_share=0.5537
[step 49000] real_p1_mirror_hole_cov=0.1211 real_p1_skipped=1.0000 real_p1_hole_frac=0.2475 real_p2_eps=0.0034 real_p2_hit=0.0000 real_total=0.0034 discr_adv=0.9756 x0_d_real=-0.0272 x0_d_fake=-0.0761 g_grad_abs=111.3337 d_grad_abs=640.5120 synth_eps=0.0797 synth_eps_raw=0.0797 synth_x0_hit=0.0000 synth_total=0.0797 extra_render_attn_share=0.5537
[images] real: anchor | cond1 | cond2 | inv_warp_mirror | mask | mask_inv | warp_img | warp_warp_img | x | y_hat | y_hat_novel -> /home/xzy/warpgan-diffusiong-inpainting/warpgan-diffusion-inpainting-main/experiments/train_inpainting_diffusion/[20260911-143749]_v18w3_w3d_30k/logs/images/train/real_step0049000.png
[images] synth: cond | mask | target | warp_img | x | y_hat_novel -> /home/xzy/warpgan-diffusiong-inpainting/warpgan-diffusion-inpainting-main/experiments/train_inpainting_diffusion/[20260911-143749]_v18w3_w3d_30k/logs/images/train/synth_step0049000.png
[step 49050] real_p1_mirror_hole_cov=0.2220 real_p1_skipped=1.0000 real_p1_hole_frac=0.2668 real_p2_eps=0.1338 real_p2_hit=1.0000 real_p2_t=267.0000 real_p2_ldif=0.0734 real_p2_gen_adv=0.3626 real_p2_lfm=0.0008 real_total=0.2450 discr_adv=0.9974 p2_d_real=-0.3569 p2_d_fake=-0.3626 g_grad_abs=990.5811 d_grad_abs=142.1763 synth_eps=0.0754 synth_eps_raw=0.0754 synth_x0_hit=0.0000 synth_total=0.0754 extra_render_attn_share=0.5537
[step 49100] real_p1_mirror_hole_cov=0.0035 real_p1_skipped=1.0000 real_p1_hole_frac=0.1785 real_p2_eps=0.2854 real_p2_hit=1.0000 real_p2_t=62.0000 real_p2_ldif=0.0186 real_p2_gen_adv=-0.6773 real_p2_lfm=0.0006 real_total=0.2375 discr_adv=1.9462 x0_d_real=0.3307 x0_d_fake=0.2026 p2_d_real=0.6569 p2_d_fake=0.6773 g_grad_abs=1221.8956 d_grad_abs=580.5399 synth_eps=0.1693 synth_eps_raw=0.1693 synth_x0_hit=1.0000 synth_x0_t=289.0000 synth_x0_ldif=0.1087 synth_x0_gen_adv=0.2667 synth_x0_lfm=0.0066 synth_total=0.3179 extra_render_attn_share=0.5537
[step 49150] real_p1_mirror_hole_cov=0.0039 real_p1_skipped=1.0000 real_p1_hole_frac=0.2336 real_p2_eps=0.0576 real_p2_hit=0.0000 real_total=0.0576 synth_eps=0.0607 synth_eps_raw=0.0607 synth_x0_hit=0.0000 synth_total=0.0607 extra_render_attn_share=0.5537
[step 49200] real_p1_mirror_hole_cov=0.0089 real_p1_skipped=1.0000 real_p1_hole_frac=0.2186 real_p2_eps=0.0222 real_p2_hit=0.0000 real_total=0.0222 discr_adv=0.9976 x0_d_real=0.7658 x0_d_fake=0.7610 g_grad_abs=179.5268 d_grad_abs=40.3791 synth_eps=0.0699 synth_eps_raw=0.0699 synth_x0_hit=0.0000 synth_total=0.0699 extra_render_attn_share=0.5537
[step 49250] real_p1_mirror_hole_cov=0.4320 real_p1_skipped=1.0000 real_p1_hole_frac=0.3551 real_p2_eps=0.1257 real_p2_hit=1.0000 real_p2_t=245.0000 real_p2_ldif=0.0586 real_p2_gen_adv=-0.6957 real_p2_lfm=0.0040 real_total=0.1226 discr_adv=1.9964 x0_d_real=0.7558 x0_d_fake=0.7474 p2_d_real=0.6944 p2_d_fake=0.6957 g_grad_abs=1083.1507 d_grad_abs=60.8789 synth_eps=0.0710 synth_eps_raw=0.0710 synth_x0_hit=0.0000 synth_total=0.0710 extra_render_attn_share=0.5537
[step 49300] real_p1_mirror_hole_cov=0.1366 real_p1_skipped=1.0000 real_p1_hole_frac=0.1516 real_p2_eps=0.0019 real_p2_hit=0.0000 real_total=0.0019 discr_adv=0.9982 x0_d_real=0.6745 x0_d_fake=0.6708 g_grad_abs=43.4312 d_grad_abs=21.5883 synth_eps=0.0045 synth_eps_raw=0.0045 synth_x0_hit=0.0000 synth_total=0.0045 extra_render_attn_share=0.5537
[step 49350] real_p1_mirror_hole_cov=0.0382 real_p1_skipped=1.0000 real_p1_hole_frac=0.1074 real_p2_eps=0.0064 real_p2_hit=0.0000 real_total=0.0064 synth_eps=0.0148 synth_eps_raw=0.0148 synth_x0_hit=0.0000 synth_total=0.0148 extra_render_attn_share=0.5537
[step 49400] real_p1_mirror_hole_cov=0.1986 real_p1_skipped=1.0000 real_p1_hole_frac=0.6234 real_p2_eps=0.2814 real_p2_hit=1.0000 real_p2_t=119.0000 real_p2_ldif=0.0421 real_p2_gen_adv=-0.4071 real_p2_lfm=0.0026 real_total=0.2879 discr_adv=1.0005 p2_d_real=0.4061 p2_d_fake=0.4071 g_grad_abs=997.0471 d_grad_abs=67.9360 synth_eps=0.0886 synth_eps_raw=0.0886 synth_x0_hit=0.0000 synth_total=0.0886 extra_render_attn_share=0.5537
[step 49450] real_p1_mirror_hole_cov=0.1258 real_p1_skipped=1.0000 real_p1_hole_frac=0.4297 real_p2_eps=0.0204 real_p2_hit=0.0000 real_total=0.0204 synth_eps=0.0137 synth_eps_raw=0.0137 synth_x0_hit=0.0000 synth_total=0.0137 extra_render_attn_share=0.5537
[step 49500] real_p1_mirror_hole_cov=0.1633 real_p1_skipped=1.0000 real_p1_hole_frac=0.3205 real_p2_eps=0.0090 real_p2_hit=0.0000 real_total=0.0090 synth_eps=0.0168 synth_eps_raw=0.0168 synth_x0_hit=0.0000 synth_total=0.0168 extra_render_attn_share=0.5537
[images] real: anchor | cond1 | cond2 | inv_warp_mirror | mask | mask_inv | warp_img | warp_warp_img | x | y_hat | y_hat_novel -> /home/xzy/warpgan-diffusiong-inpainting/warpgan-diffusion-inpainting-main/experiments/train_inpainting_diffusion/[20260911-143749]_v18w3_w3d_30k/logs/images/train/real_step0049500.png
[images] synth: cond | mask | target | warp_img | x | y_hat_novel -> /home/xzy/warpgan-diffusiong-inpainting/warpgan-diffusion-inpainting-main/experiments/train_inpainting_diffusion/[20260911-143749]_v18w3_w3d_30k/logs/images/train/synth_step0049500.png
[step 49550] real_p1_mirror_hole_cov=0.0272 real_p1_skipped=1.0000 real_p1_hole_frac=0.2771 real_p2_eps=0.0329 real_p2_hit=0.0000 real_total=0.0329 synth_eps=0.0014 synth_eps_raw=0.0014 synth_x0_hit=0.0000 synth_total=0.0014 extra_render_attn_share=0.5537
[step 49600] real_p1_mirror_hole_cov=0.1963 real_p1_skipped=1.0000 real_p1_hole_frac=0.2572 real_p2_eps=0.0994 real_p2_hit=0.0000 real_total=0.0994 synth_eps=0.0193 synth_eps_raw=0.0193 synth_x0_hit=0.0000 synth_total=0.0193 extra_render_attn_share=0.5537
[step 49650] real_p1_mirror_hole_cov=0.1199 real_p1_skipped=1.0000 real_p1_hole_frac=0.3914 real_p2_eps=0.3255 real_p2_hit=1.0000 real_p2_t=69.0000 real_p2_ldif=0.0242 real_p2_gen_adv=-0.8801 real_p2_lfm=0.0016 real_total=0.2648 discr_adv=1.0000 p2_d_real=0.8810 p2_d_fake=0.8801 g_grad_abs=1133.6546 d_grad_abs=97.4291 synth_eps=0.7228 synth_eps_raw=0.7228 synth_x0_hit=1.0000 synth_x0_t=11.0000 synth_x0_ldif=0.0076 synth_x0_gen_adv=-0.4113 synth_x0_lfm=0.0012 synth_total=0.6917 extra_render_attn_share=0.5537
[step 49700] real_p1_mirror_hole_cov=0.1149 real_p1_skipped=1.0000 real_p1_hole_frac=0.1148 real_p2_eps=0.0043 real_p2_hit=0.0000 real_total=0.0043 synth_eps=0.3703 synth_eps_raw=0.3703 synth_x0_hit=1.0000 synth_x0_t=85.0000 synth_x0_ldif=0.0355 synth_x0_gen_adv=-0.1358 synth_x0_lfm=0.0021 synth_total=0.3965 extra_render_attn_share=0.5537
[step 49750] real_p1_mirror_hole_cov=0.0296 real_p1_skipped=1.0000 real_p1_hole_frac=0.2129 real_p2_eps=0.0440 real_p2_hit=0.0000 real_total=0.0440 synth_eps=0.0380 synth_eps_raw=0.0380 synth_x0_hit=0.0000 synth_total=0.0380 extra_render_attn_share=0.5537
[step 49800] real_p1_mirror_hole_cov=0.0447 real_p1_skipped=1.0000 real_p1_hole_frac=0.5018 real_p2_eps=0.1656 real_p2_hit=1.0000 real_p2_t=248.0000 real_p2_ldif=0.0790 real_p2_gen_adv=-0.3230 real_p2_lfm=0.0040 real_total=0.2202 discr_adv=1.0237 p2_d_real=0.2756 p2_d_fake=0.3230 g_grad_abs=1119.9241 d_grad_abs=159.1386 synth_eps=0.1251 synth_eps_raw=0.1251 synth_x0_hit=0.0000 synth_total=0.1251 extra_render_attn_share=0.5537
[step 49850] real_p1_mirror_hole_cov=0.0876 real_p1_skipped=1.0000 real_p1_hole_frac=0.2596 real_p2_eps=0.0088 real_p2_hit=0.0000 real_total=0.0088 discr_adv=1.0113 x0_d_real=0.3151 x0_d_fake=0.3376 g_grad_abs=116.9961 d_grad_abs=261.0590 synth_eps=0.0593 synth_eps_raw=0.0593 synth_x0_hit=0.0000 synth_total=0.0593 extra_render_attn_share=0.5537
[step 49900] real_p1_mirror_hole_cov=0.0694 real_p1_skipped=1.0000 real_p1_hole_frac=0.1109 real_p2_eps=0.4378 real_p2_hit=1.0000 real_p2_t=16.0000 real_p2_ldif=0.0067 real_p2_gen_adv=-0.0308 real_p2_lfm=0.0006 real_total=0.4425 discr_adv=0.9803 p2_d_real=0.0701 p2_d_fake=0.0308 g_grad_abs=1120.3418 d_grad_abs=222.9012 synth_eps=0.5029 synth_eps_raw=0.5029 synth_x0_hit=1.0000 synth_x0_t=73.0000 synth_x0_ldif=0.0400 synth_x0_gen_adv=0.0828 synth_x0_lfm=0.0022 synth_total=0.5555 extra_render_attn_share=0.5537
[step 49950] real_p1_mirror_hole_cov=0.1726 real_p1_skipped=1.0000 real_p1_hole_frac=0.2097 real_p2_eps=0.0202 real_p2_hit=0.0000 real_total=0.0202 synth_eps=0.0041 synth_eps_raw=0.0041 synth_x0_hit=0.0000 synth_total=0.0041 extra_render_attn_share=0.5537
[ckpt] saved /home/xzy/warpgan-diffusiong-inpainting/warpgan-diffusion-inpainting-main/experiments/train_inpainting_diffusion/[20260911-143749]_v18w3_w3d_30k/checkpoints/iteration_0049999.pt
[val step 49999] val_novel_full=0.1330 val_novel_hole=0.1371 val_novel_visible=0.1279
[step 50000] real_p1_mirror_hole_cov=0.1605 real_p1_skipped=1.0000 real_p1_hole_frac=0.2468 real_p2_eps=0.0297 real_p2_hit=0.0000 real_total=0.0297 discr_adv=0.9585 x0_d_real=0.1639 x0_d_fake=0.0810 g_grad_abs=177.7681 d_grad_abs=539.6553 synth_eps=0.0984 synth_eps_raw=0.0984 synth_x0_hit=0.0000 synth_total=0.0984 extra_render_attn_share=0.5591
[images] real: anchor | cond1 | cond2 | inv_warp_mirror | mask | mask_inv | warp_img | warp_warp_img | x | y_hat | y_hat_novel -> /home/xzy/warpgan-diffusiong-inpainting/warpgan-diffusion-inpainting-main/experiments/train_inpainting_diffusion/[20260911-143749]_v18w3_w3d_30k/logs/images/train/real_step0050000.png
[images] synth: cond | mask | target | warp_img | x | y_hat_novel -> /home/xzy/warpgan-diffusiong-inpainting/warpgan-diffusion-inpainting-main/experiments/train_inpainting_diffusion/[20260911-143749]_v18w3_w3d_30k/logs/images/train/synth_step0050000.png
[step 50050] real_p1_mirror_hole_cov=0.1698 real_p1_skipped=1.0000 real_p1_hole_frac=0.3245 real_p2_eps=0.1933 real_p2_hit=1.0000 real_p2_t=237.0000 real_p2_ldif=0.0848 real_p2_gen_adv=-0.0677 real_p2_lfm=0.0101 real_total=0.2916 discr_adv=0.9785 p2_d_real=0.1108 p2_d_fake=0.0677 g_grad_abs=4497.4036 d_grad_abs=1602.6359 synth_eps=0.0899 synth_eps_raw=0.0899 synth_x0_hit=0.0000 synth_total=0.0899 extra_render_attn_share=0.5591
[step 50100] real_p1_mirror_hole_cov=0.1854 real_p1_skipped=1.0000 real_p1_hole_frac=0.2843 real_p2_eps=0.0209 real_p2_hit=0.0000 real_total=0.0209 synth_eps=0.0193 synth_eps_raw=0.0193 synth_x0_hit=0.0000 synth_total=0.0193 extra_render_attn_share=0.5591
[step 50150] real_p1_mirror_hole_cov=0.0212 real_p1_skipped=1.0000 real_p1_hole_frac=0.1786 real_p2_eps=0.1285 real_p2_hit=1.0000 real_p2_t=246.0000 real_p2_ldif=0.0604 real_p2_gen_adv=-0.1781 real_p2_lfm=0.0016 real_total=0.1743 discr_adv=0.9995 p2_d_real=0.1792 p2_d_fake=0.1781 g_grad_abs=1211.7285 d_grad_abs=65.5429 synth_eps=0.2262 synth_eps_raw=0.2262 synth_x0_hit=1.0000 synth_x0_t=280.0000 synth_x0_ldif=0.1363 synth_x0_gen_adv=-0.1103 synth_x0_lfm=0.0087 synth_total=0.3688 extra_render_attn_share=0.5591
[step 50200] real_p1_mirror_hole_cov=0.1523 real_p1_skipped=1.0000 real_p1_hole_frac=0.1153 real_p2_eps=0.0008 real_p2_hit=0.0000 real_total=0.0008 synth_eps=0.0526 synth_eps_raw=0.0526 synth_x0_hit=0.0000 synth_total=0.0526 extra_render_attn_share=0.5591
[step 50250] real_p1_mirror_hole_cov=0.2959 real_p1_skipped=1.0000 real_p1_hole_frac=0.2118 real_p2_eps=0.0080 real_p2_hit=0.0000 real_total=0.0080 synth_eps=0.0554 synth_eps_raw=0.0554 synth_x0_hit=0.0000 synth_total=0.0554 extra_render_attn_share=0.5591
[step 50300] real_p1_mirror_hole_cov=0.0868 real_p1_skipped=1.0000 real_p1_hole_frac=0.4701 real_p2_eps=0.3213 real_p2_hit=1.0000 real_p2_t=152.0000 real_p2_ldif=0.0682 real_p2_gen_adv=0.4059 real_p2_lfm=0.0797 real_total=0.5895 discr_adv=0.9954 p2_d_real=-0.3967 p2_d_fake=-0.4059 g_grad_abs=9619.6544 d_grad_abs=57.2345 synth_eps=0.0324 synth_eps_raw=0.0324 synth_x0_hit=0.0000 synth_total=0.0324 extra_render_attn_share=0.5591
[step 50350] real_p1_mirror_hole_cov=0.0195 real_p1_skipped=1.0000 real_p1_hole_frac=0.4616 real_p2_eps=0.0034 real_p2_hit=0.0000 real_total=0.0034 discr_adv=1.0045 x0_d_real=-0.3790 x0_d_fake=-0.3699 g_grad_abs=54.7858 d_grad_abs=111.0910 synth_eps=0.0448 synth_eps_raw=0.0448 synth_x0_hit=0.0000 synth_total=0.0448 extra_render_attn_share=0.5591
[step 50400] real_p1_mirror_hole_cov=0.1583 real_p1_skipped=1.0000 real_p1_hole_frac=0.2940 real_p2_eps=0.0021 real_p2_hit=0.0000 real_total=0.0021 synth_eps=0.0505 synth_eps_raw=0.0505 synth_x0_hit=0.0000 synth_total=0.0505 extra_render_attn_share=0.5591
[step 50450] real_p1_mirror_hole_cov=0.1667 real_p1_skipped=1.0000 real_p1_hole_frac=0.0555 real_p2_eps=0.0055 real_p2_hit=0.0000 real_total=0.0055 synth_eps=0.0125 synth_eps_raw=0.0125 synth_x0_hit=0.0000 synth_total=0.0125 extra_render_attn_share=0.5591
[step 50500] real_p1_mirror_hole_cov=0.2705 real_p1_skipped=1.0000 real_p1_hole_frac=0.3941 real_p2_eps=0.3270 real_p2_hit=1.0000 real_p2_t=87.0000 real_p2_ldif=0.0323 real_p2_gen_adv=0.2673 real_p2_lfm=0.0039 real_total=0.3938 discr_adv=0.9975 p2_d_real=-0.2623 p2_d_fake=-0.2673 g_grad_abs=1479.3877 d_grad_abs=43.4985 synth_eps=0.5013 synth_eps_raw=0.5013 synth_x0_hit=1.0000 synth_x0_t=53.0000 synth_x0_ldif=0.0273 synth_x0_gen_adv=0.2633 synth_x0_lfm=0.0038 synth_total=0.5624 extra_render_attn_share=0.5591
[images] real: anchor | cond1 | cond2 | inv_warp_mirror | mask | mask_inv | warp_img | warp_warp_img | x | y_hat | y_hat_novel -> /home/xzy/warpgan-diffusiong-inpainting/warpgan-diffusion-inpainting-main/experiments/train_inpainting_diffusion/[20260911-143749]_v18w3_w3d_30k/logs/images/train/real_step0050500.png
[images] synth: cond | mask | target | warp_img | x | y_hat_novel -> /home/xzy/warpgan-diffusiong-inpainting/warpgan-diffusion-inpainting-main/experiments/train_inpainting_diffusion/[20260911-143749]_v18w3_w3d_30k/logs/images/train/synth_step0050500.png
[step 50550] real_p1_mirror_hole_cov=0.1597 real_p1_skipped=1.0000 real_p1_hole_frac=0.0397 real_p2_eps=0.0019 real_p2_hit=0.0000 real_total=0.0019 discr_adv=0.9746 x0_d_real=-0.4039 x0_d_fake=-0.4549 g_grad_abs=60.3566 d_grad_abs=606.1657 synth_eps=0.0951 synth_eps_raw=0.0951 synth_x0_hit=0.0000 synth_total=0.0951 extra_render_attn_share=0.5591
[step 50600] real_p1_mirror_hole_cov=0.2297 real_p1_skipped=1.0000 real_p1_hole_frac=0.5308 real_p2_eps=0.0105 real_p2_hit=0.0000 real_total=0.0105 synth_eps=0.0325 synth_eps_raw=0.0325 synth_x0_hit=0.0000 synth_total=0.0325 extra_render_attn_share=0.5591
[step 50650] real_p1_mirror_hole_cov=0.0489 real_p1_skipped=1.0000 real_p1_hole_frac=0.5184 real_p2_eps=0.1657 real_p2_hit=1.0000 real_p2_t=286.0000 real_p2_ldif=0.1041 real_p2_gen_adv=-0.4524 real_p2_lfm=0.0095 real_total=0.2436 discr_adv=2.0380 x0_d_real=0.3509 x0_d_fake=0.3412 p2_d_real=0.4039 p2_d_fake=0.4524 g_grad_abs=2707.3797 d_grad_abs=728.7788 synth_eps=0.0049 synth_eps_raw=0.0049 synth_x0_hit=0.0000 synth_total=0.0049 extra_render_attn_share=0.5591
[step 50700] real_p1_mirror_hole_cov=0.1475 real_p1_skipped=1.0000 real_p1_hole_frac=0.0671 real_p2_eps=0.0322 real_p2_hit=0.0000 real_total=0.0322 synth_eps=0.0533 synth_eps_raw=0.0533 synth_x0_hit=0.0000 synth_total=0.0533 extra_render_attn_share=0.5591
[step 50750] real_p1_mirror_hole_cov=0.2734 real_p1_skipped=1.0000 real_p1_hole_frac=0.3326 real_p2_eps=0.3773 real_p2_hit=1.0000 real_p2_t=48.0000 real_p2_ldif=0.0183 real_p2_gen_adv=0.5488 real_p2_lfm=0.0010 real_total=0.4525 discr_adv=0.9898 p2_d_real=-0.5284 p2_d_fake=-0.5488 g_grad_abs=1102.5140 d_grad_abs=87.1620 synth_eps=0.2390 synth_eps_raw=0.2390 synth_x0_hit=1.0000 synth_x0_t=215.0000 synth_x0_ldif=0.0883 synth_x0_gen_adv=0.6918 synth_x0_lfm=0.0034 synth_total=0.4033 extra_render_attn_share=0.5591
[step 50800] real_p1_mirror_hole_cov=0.0459 real_p1_skipped=1.0000 real_p1_hole_frac=0.1487 real_p2_eps=0.0014 real_p2_hit=0.0000 real_total=0.0014 synth_eps=0.0029 synth_eps_raw=0.0029 synth_x0_hit=0.0000 synth_total=0.0029 extra_render_attn_share=0.5591
[step 50850] real_p1_mirror_hole_cov=0.0088 real_p1_skipped=1.0000 real_p1_hole_frac=0.1818 real_p2_eps=0.0010 real_p2_hit=0.0000 real_total=0.0010 synth_eps=0.0301 synth_eps_raw=0.0301 synth_x0_hit=0.0000 synth_total=0.0301 extra_render_attn_share=0.5591
[step 50900] real_p1_mirror_hole_cov=0.0106 real_p1_skipped=1.0000 real_p1_hole_frac=0.1073 real_p2_eps=0.0018 real_p2_hit=0.0000 real_total=0.0018 synth_eps=0.0609 synth_eps_raw=0.0609 synth_x0_hit=0.0000 synth_total=0.0609 extra_render_attn_share=0.5591
[step 50950] real_p1_mirror_hole_cov=0.0035 real_p1_skipped=1.0000 real_p1_hole_frac=0.1974 real_p2_eps=0.0604 real_p2_hit=0.0000 real_total=0.0604 discr_adv=0.9968 x0_d_real=-0.0923 x0_d_fake=-0.0988 g_grad_abs=418.4031 d_grad_abs=362.1227 synth_eps=0.0735 synth_eps_raw=0.0735 synth_x0_hit=0.0000 synth_total=0.0735 extra_render_attn_share=0.5591
[step 51000] real_p1_mirror_hole_cov=0.0670 real_p1_skipped=1.0000 real_p1_hole_frac=0.3644 real_p2_eps=0.0160 real_p2_hit=0.0000 real_total=0.0160 synth_eps=0.2839 synth_eps_raw=0.2839 synth_x0_hit=1.0000 synth_x0_t=182.0000 synth_x0_ldif=0.0795 synth_x0_gen_adv=0.4910 synth_x0_lfm=0.0047 synth_total=0.4220 extra_render_attn_share=0.5591
[images] real: anchor | cond1 | cond2 | inv_warp_mirror | mask | mask_inv | warp_img | warp_warp_img | x | y_hat | y_hat_novel -> /home/xzy/warpgan-diffusiong-inpainting/warpgan-diffusion-inpainting-main/experiments/train_inpainting_diffusion/[20260911-143749]_v18w3_w3d_30k/logs/images/train/real_step0051000.png
[images] synth: cond | mask | target | warp_img | x | y_hat_novel -> /home/xzy/warpgan-diffusiong-inpainting/warpgan-diffusion-inpainting-main/experiments/train_inpainting_diffusion/[20260911-143749]_v18w3_w3d_30k/logs/images/train/synth_step0051000.png
[step 51050] real_p1_mirror_hole_cov=0.0085 real_p1_skipped=1.0000 real_p1_hole_frac=0.1617 real_p2_eps=0.2629 real_p2_hit=1.0000 real_p2_t=63.0000 real_p2_ldif=0.0175 real_p2_gen_adv=0.1572 real_p2_lfm=0.0015 real_total=0.2992 discr_adv=1.0035 p2_d_real=-0.1643 p2_d_fake=-0.1572 g_grad_abs=1109.5956 d_grad_abs=374.9113 synth_eps=0.5588 synth_eps_raw=0.5588 synth_x0_hit=1.0000 synth_x0_t=35.0000 synth_x0_ldif=0.0191 synth_x0_gen_adv=0.1832 synth_x0_lfm=0.0024 synth_total=0.6011 extra_render_attn_share=0.5591
[step 51100] real_p1_mirror_hole_cov=0.1215 real_p1_skipped=1.0000 real_p1_hole_frac=0.5622 real_p2_eps=0.0181 real_p2_hit=0.0000 real_total=0.0181 synth_eps=0.2701 synth_eps_raw=0.2701 synth_x0_hit=1.0000 synth_x0_t=180.0000 synth_x0_ldif=0.0744 synth_x0_gen_adv=-0.4772 synth_x0_lfm=0.0027 synth_total=0.3021 extra_render_attn_share=0.5591
[step 51150] real_p1_mirror_hole_cov=0.1612 real_p1_skipped=1.0000 real_p1_hole_frac=0.0756 real_p2_eps=0.0114 real_p2_hit=0.0000 real_total=0.0114 synth_eps=0.0404 synth_eps_raw=0.0404 synth_x0_hit=0.0000 synth_total=0.0404 extra_render_attn_share=0.5591
[step 51200] real_p1_mirror_hole_cov=0.1499 real_p1_skipped=1.0000 real_p1_hole_frac=0.5286 real_p2_eps=0.0067 real_p2_hit=0.0000 real_total=0.0067 synth_eps=0.0683 synth_eps_raw=0.0683 synth_x0_hit=0.0000 synth_total=0.0683 extra_render_attn_share=0.5591
[step 51250] real_p1_mirror_hole_cov=0.2942 real_p1_skipped=1.0000 real_p1_hole_frac=0.0740 real_p2_eps=0.0187 real_p2_hit=0.0000 real_total=0.0187 synth_eps=0.0025 synth_eps_raw=0.0025 synth_x0_hit=0.0000 synth_total=0.0025 extra_render_attn_share=0.5591
[step 51300] real_p1_mirror_hole_cov=0.0691 real_p1_skipped=1.0000 real_p1_hole_frac=0.3204 real_p2_eps=0.1016 real_p2_hit=0.0000 real_total=0.1016 synth_eps=0.3828 synth_eps_raw=0.3828 synth_x0_hit=1.0000 synth_x0_t=116.0000 synth_x0_ldif=0.0552 synth_x0_gen_adv=0.0158 synth_x0_lfm=0.0022 synth_total=0.4440 extra_render_attn_share=0.5591
[step 51350] real_p1_mirror_hole_cov=0.0167 real_p1_skipped=1.0000 real_p1_hole_frac=0.0667 real_p2_eps=0.0008 real_p2_hit=0.0000 real_total=0.0008 synth_eps=0.0108 synth_eps_raw=0.0108 synth_x0_hit=0.0000 synth_total=0.0108 extra_render_attn_share=0.5591
[step 51400] real_p1_mirror_hole_cov=0.4126 real_p1_skipped=1.0000 real_p1_hole_frac=0.0861 real_p2_eps=0.0111 real_p2_hit=0.0000 real_total=0.0111 discr_adv=0.9952 x0_d_real=-0.5696 x0_d_fake=-0.5792 g_grad_abs=120.6704 d_grad_abs=67.8151 synth_eps=0.0874 synth_eps_raw=0.0874 synth_x0_hit=0.0000 synth_total=0.0874 extra_render_attn_share=0.5591
[step 51450] real_p1_mirror_hole_cov=0.0104 real_p1_skipped=1.0000 real_p1_hole_frac=0.2600 real_p2_eps=0.0531 real_p2_hit=0.0000 real_total=0.0531 discr_adv=0.9342 x0_d_real=-0.3667 x0_d_fake=-0.4988 g_grad_abs=378.8393 d_grad_abs=1049.8064 synth_eps=0.1651 synth_eps_raw=0.1651 synth_x0_hit=1.0000 synth_x0_t=296.0000 synth_x0_ldif=0.1113 synth_x0_gen_adv=-0.8137 synth_x0_lfm=0.0155 synth_total=0.2259 extra_render_attn_share=0.5591
[step 51500] real_p1_mirror_hole_cov=0.0290 real_p1_skipped=1.0000 real_p1_hole_frac=0.4945 real_p2_eps=0.2632 real_p2_hit=1.0000 real_p2_t=84.0000 real_p2_ldif=0.0249 real_p2_gen_adv=0.7472 real_p2_lfm=0.0016 real_total=0.3659 discr_adv=1.9607 x0_d_real=-0.5299 x0_d_fake=-0.5928 p2_d_real=-0.7316 p2_d_fake=-0.7472 g_grad_abs=1021.7592 d_grad_abs=296.0550 synth_eps=0.0105 synth_eps_raw=0.0105 synth_x0_hit=0.0000 synth_total=0.0105 extra_render_attn_share=0.5591
[images] real: anchor | cond1 | cond2 | inv_warp_mirror | mask | mask_inv | warp_img | warp_warp_img | x | y_hat | y_hat_novel -> /home/xzy/warpgan-diffusiong-inpainting/warpgan-diffusion-inpainting-main/experiments/train_inpainting_diffusion/[20260911-143749]_v18w3_w3d_30k/logs/images/train/real_step0051500.png
[images] synth: cond | mask | target | warp_img | x | y_hat_novel -> /home/xzy/warpgan-diffusiong-inpainting/warpgan-diffusion-inpainting-main/experiments/train_inpainting_diffusion/[20260911-143749]_v18w3_w3d_30k/logs/images/train/synth_step0051500.png
[step 51550] real_p1_mirror_hole_cov=0.0003 real_p1_skipped=1.0000 real_p1_hole_frac=0.0749 real_p2_eps=0.0265 real_p2_hit=0.0000 real_total=0.0265 synth_eps=0.8437 synth_eps_raw=0.8437 synth_x0_hit=1.0000 synth_x0_t=4.0000 synth_x0_ldif=0.0036 synth_x0_gen_adv=-0.1533 synth_x0_lfm=0.0003 synth_total=0.8326 extra_render_attn_share=0.5591
[step 51600] real_p1_mirror_hole_cov=0.0844 real_p1_skipped=1.0000 real_p1_hole_frac=0.3589 real_p2_eps=0.1678 real_p2_hit=1.0000 real_p2_t=193.0000 real_p2_ldif=0.0517 real_p2_gen_adv=-0.7533 real_p2_lfm=0.0024 real_total=0.1490 discr_adv=1.9869 x0_d_real=0.7849 x0_d_fake=0.7578 p2_d_real=0.7525 p2_d_fake=0.7533 g_grad_abs=936.4331 d_grad_abs=230.6220 synth_eps=0.0320 synth_eps_raw=0.0320 synth_x0_hit=0.0000 synth_total=0.0320 extra_render_attn_share=0.5591
[step 51650] real_p1_mirror_hole_cov=0.0154 real_p1_skipped=1.0000 real_p1_hole_frac=0.0887 real_p2_eps=0.0008 real_p2_hit=0.0000 real_total=0.0008 discr_adv=0.9605 x0_d_real=0.2014 x0_d_fake=0.1224 g_grad_abs=40.4379 d_grad_abs=435.1436 synth_eps=0.3137 synth_eps_raw=0.3137 synth_x0_hit=1.0000 synth_x0_t=157.0000 synth_x0_ldif=0.0699 synth_x0_gen_adv=0.1403 synth_x0_lfm=0.0045 synth_total=0.4065 extra_render_attn_share=0.5591
[step 51700] real_p1_mirror_hole_cov=0.0359 real_p1_skipped=1.0000 real_p1_hole_frac=0.0593 real_p2_eps=0.0920 real_p2_hit=1.0000 real_p2_t=173.0000 real_p2_ldif=0.0238 real_p2_gen_adv=0.8344 real_p2_lfm=0.0008 real_total=0.2009 discr_adv=1.0036 p2_d_real=-0.8415 p2_d_fake=-0.8344 g_grad_abs=758.8320 d_grad_abs=46.0177 synth_eps=0.6076 synth_eps_raw=0.6076 synth_x0_hit=1.0000 synth_x0_t=26.0000 synth_x0_ldif=0.0152 synth_x0_gen_adv=0.7847 synth_x0_lfm=0.0006 synth_total=0.7024 extra_render_attn_share=0.5591
[step 51750] real_p1_mirror_hole_cov=0.1831 real_p1_skipped=1.0000 real_p1_hole_frac=0.4013 real_p2_eps=0.0601 real_p2_hit=0.0000 real_total=0.0601 synth_eps=0.0075 synth_eps_raw=0.0075 synth_x0_hit=0.0000 synth_total=0.0075 extra_render_attn_share=0.5591
[step 51800] real_p1_mirror_hole_cov=0.0052 real_p1_skipped=1.0000 real_p1_hole_frac=0.2787 real_p2_eps=0.0920 real_p2_hit=0.0000 real_total=0.0920 synth_eps=0.0014 synth_eps_raw=0.0014 synth_x0_hit=0.0000 synth_total=0.0014 extra_render_attn_share=0.5591
[step 51850] real_p1_mirror_hole_cov=0.0761 real_p1_skipped=1.0000 real_p1_hole_frac=0.0462 real_p2_eps=0.0351 real_p2_hit=0.0000 real_total=0.0351 synth_eps=0.1989 synth_eps_raw=0.1989 synth_x0_hit=1.0000 synth_x0_t=243.0000 synth_x0_ldif=0.0914 synth_x0_gen_adv=-0.5241 synth_x0_lfm=0.0044 synth_total=0.2465 extra_render_attn_share=0.5591
[step 51900] real_p1_mirror_hole_cov=0.2137 real_p1_skipped=1.0000 real_p1_hole_frac=0.3738 real_p2_eps=0.0138 real_p2_hit=0.0000 real_total=0.0138 discr_adv=0.9481 x0_d_real=0.1415 x0_d_fake=0.0377 g_grad_abs=114.7347 d_grad_abs=573.8875 synth_eps=0.0243 synth_eps_raw=0.0243 synth_x0_hit=0.0000 synth_total=0.0243 extra_render_attn_share=0.5591
[step 51950] real_p1_mirror_hole_cov=0.0551 real_p1_skipped=1.0000 real_p1_hole_frac=0.3629 real_p2_eps=0.2299 real_p2_hit=1.0000 real_p2_t=113.0000 real_p2_ldif=0.0320 real_p2_gen_adv=-0.3149 real_p2_lfm=0.0012 real_total=0.2328 discr_adv=1.0223 p2_d_real=0.2704 p2_d_fake=0.3149 g_grad_abs=978.5771 d_grad_abs=240.9630 synth_eps=0.5348 synth_eps_raw=0.5348 synth_x0_hit=1.0000 synth_x0_t=49.0000 synth_x0_ldif=0.0266 synth_x0_gen_adv=-0.1081 synth_x0_lfm=0.0012 synth_total=0.5529 extra_render_attn_share=0.5591
[val step 51999] val_novel_full=0.0483 val_novel_hole=0.0658 val_novel_visible=0.0458
[step 52000] real_p1_mirror_hole_cov=0.3235 real_p1_skipped=1.0000 real_p1_hole_frac=0.4535 real_p2_eps=0.0327 real_p2_hit=0.0000 real_total=0.0327 discr_adv=0.9867 x0_d_real=0.5735 x0_d_fake=0.5470 g_grad_abs=252.2582 d_grad_abs=166.3905 synth_eps=0.0106 synth_eps_raw=0.0106 synth_x0_hit=0.0000 synth_total=0.0106 extra_render_attn_share=0.5673
[images] real: anchor | cond1 | cond2 | inv_warp_mirror | mask | mask_inv | warp_img | warp_warp_img | x | y_hat | y_hat_novel -> /home/xzy/warpgan-diffusiong-inpainting/warpgan-diffusion-inpainting-main/experiments/train_inpainting_diffusion/[20260911-143749]_v18w3_w3d_30k/logs/images/train/real_step0052000.png
[images] synth: cond | mask | target | warp_img | x | y_hat_novel -> /home/xzy/warpgan-diffusiong-inpainting/warpgan-diffusion-inpainting-main/experiments/train_inpainting_diffusion/[20260911-143749]_v18w3_w3d_30k/logs/images/train/synth_step0052000.png
[step 52050] real_p1_mirror_hole_cov=0.0214 real_p1_skipped=1.0000 real_p1_hole_frac=0.3659 real_p2_eps=0.7608 real_p2_hit=1.0000 real_p2_t=3.0000 real_p2_ldif=0.0026 real_p2_gen_adv=-0.7768 real_p2_lfm=0.0002 real_total=0.6861 discr_adv=0.9973 p2_d_real=0.7823 p2_d_fake=0.7768 g_grad_abs=1405.1111 d_grad_abs=38.2664 synth_eps=0.5785 synth_eps_raw=0.5785 synth_x0_hit=1.0000 synth_x0_t=31.0000 synth_x0_ldif=0.0174 synth_x0_gen_adv=-0.7015 synth_x0_lfm=0.0017 synth_total=0.5291 extra_render_attn_share=0.5673
[step 52100] real_p1_mirror_hole_cov=0.1149 real_p1_skipped=1.0000 real_p1_hole_frac=0.2079 real_p2_eps=0.2099 real_p2_hit=1.0000 real_p2_t=105.0000 real_p2_ldif=0.0265 real_p2_gen_adv=-0.2866 real_p2_lfm=0.0010 real_total=0.2097 discr_adv=1.0217 p2_d_real=0.2431 p2_d_fake=0.2866 g_grad_abs=1095.1905 d_grad_abs=215.2816 synth_eps=0.1161 synth_eps_raw=0.1161 synth_x0_hit=0.0000 synth_total=0.1161 extra_render_attn_share=0.5673
[step 52150] real_p1_mirror_hole_cov=0.0445 real_p1_skipped=1.0000 real_p1_hole_frac=0.4565 real_p2_eps=0.0661 real_p2_hit=0.0000 real_total=0.0661 synth_eps=0.1319 synth_eps_raw=0.1319 synth_x0_hit=0.0000 synth_total=0.1319 extra_render_attn_share=0.5673
[step 52200] real_p1_mirror_hole_cov=0.3236 real_p1_skipped=1.0000 real_p1_hole_frac=0.0815 real_p2_eps=0.0478 real_p2_hit=0.0000 real_total=0.0478 synth_eps=0.0019 synth_eps_raw=0.0019 synth_x0_hit=0.0000 synth_total=0.0019 extra_render_attn_share=0.5673
[step 52250] real_p1_mirror_hole_cov=0.0000 real_p1_skipped=1.0000 real_p1_hole_frac=0.0718 real_p2_eps=0.0005 real_p2_hit=0.0000 real_total=0.0005 synth_eps=0.0423 synth_eps_raw=0.0423 synth_x0_hit=0.0000 synth_total=0.0423 extra_render_attn_share=0.5673
[step 52300] real_p1_mirror_hole_cov=0.1353 real_p1_skipped=1.0000 real_p1_hole_frac=0.2152 real_p2_eps=0.0020 real_p2_hit=0.0000 real_total=0.0020 synth_eps=0.0481 synth_eps_raw=0.0481 synth_x0_hit=0.0000 synth_total=0.0481 extra_render_attn_share=0.5673
[step 52350] real_p1_mirror_hole_cov=0.3160 real_p1_skipped=1.0000 real_p1_hole_frac=0.3948 real_p2_eps=0.0138 real_p2_hit=0.0000 real_total=0.0138 synth_eps=0.0867 synth_eps_raw=0.0867 synth_x0_hit=0.0000 synth_total=0.0867 extra_render_attn_share=0.5673
[step 52400] real_p1_mirror_hole_cov=0.0022 real_p1_skipped=1.0000 real_p1_hole_frac=0.1537 real_p2_eps=0.0090 real_p2_hit=0.0000 real_total=0.0090 synth_eps=0.1855 synth_eps_raw=0.1855 synth_x0_hit=1.0000 synth_x0_t=241.0000 synth_x0_ldif=0.0839 synth_x0_gen_adv=0.6992 synth_x0_lfm=0.0075 synth_total=0.3544 extra_render_attn_share=0.5673
[step 52450] real_p1_mirror_hole_cov=0.1166 real_p1_skipped=1.0000 real_p1_hole_frac=0.3942 real_p2_eps=0.0780 real_p2_hit=0.0000 real_total=0.0780 synth_eps=0.0247 synth_eps_raw=0.0247 synth_x0_hit=0.0000 synth_total=0.0247 extra_render_attn_share=0.5673
[step 52500] real_p1_mirror_hole_cov=0.0561 real_p1_skipped=1.0000 real_p1_hole_frac=0.5892 real_p2_eps=0.2620 real_p2_hit=1.0000 real_p2_t=125.0000 real_p2_ldif=0.0419 real_p2_gen_adv=-0.0509 real_p2_lfm=0.0021 real_total=0.3029 discr_adv=1.0043 p2_d_real=0.0423 p2_d_fake=0.0509 g_grad_abs=980.9077 d_grad_abs=105.2722 synth_eps=0.2567 synth_eps_raw=0.2567 synth_x0_hit=1.0000 synth_x0_t=232.0000 synth_x0_ldif=0.1087 synth_x0_gen_adv=-0.2354 synth_x0_lfm=0.0072 synth_total=0.3562 extra_render_attn_share=0.5673
[images] real: anchor | cond1 | cond2 | inv_warp_mirror | mask | mask_inv | warp_img | warp_warp_img | x | y_hat | y_hat_novel -> /home/xzy/warpgan-diffusiong-inpainting/warpgan-diffusion-inpainting-main/experiments/train_inpainting_diffusion/[20260911-143749]_v18w3_w3d_30k/logs/images/train/real_step0052500.png
[images] synth: cond | mask | target | warp_img | x | y_hat_novel -> /home/xzy/warpgan-diffusiong-inpainting/warpgan-diffusion-inpainting-main/experiments/train_inpainting_diffusion/[20260911-143749]_v18w3_w3d_30k/logs/images/train/synth_step0052500.png
[step 52550] real_p1_mirror_hole_cov=0.0768 real_p1_skipped=1.0000 real_p1_hole_frac=0.1157 real_p2_eps=0.1024 real_p2_hit=1.0000 real_p2_t=207.0000 real_p2_ldif=0.0355 real_p2_gen_adv=-0.5415 real_p2_lfm=0.0037 real_total=0.0911 discr_adv=1.0655 p2_d_real=0.4104 p2_d_fake=0.5415 g_grad_abs=860.8812 d_grad_abs=703.5187 synth_eps=0.3947 synth_eps_raw=0.3947 synth_x0_hit=1.0000 synth_x0_t=109.0000 synth_x0_ldif=0.0523 synth_x0_gen_adv=-0.7296 synth_x0_lfm=0.0028 synth_total=0.3796 extra_render_attn_share=0.5673
[step 52600] real_p1_mirror_hole_cov=0.1183 real_p1_skipped=1.0000 real_p1_hole_frac=0.4384 real_p2_eps=0.0074 real_p2_hit=0.0000 real_total=0.0074 synth_eps=0.0085 synth_eps_raw=0.0085 synth_x0_hit=0.0000 synth_total=0.0085 extra_render_attn_share=0.5673
[step 52650] real_p1_mirror_hole_cov=0.0203 real_p1_skipped=1.0000 real_p1_hole_frac=0.0478 real_p2_eps=0.0085 real_p2_hit=0.0000 real_total=0.0085 discr_adv=0.9080 x0_d_real=-0.2230 x0_d_fake=-0.4069 g_grad_abs=160.2639 d_grad_abs=755.2201 synth_eps=0.0013 synth_eps_raw=0.0013 synth_x0_hit=0.0000 synth_total=0.0013 extra_render_attn_share=0.5673
[step 52700] real_p1_mirror_hole_cov=0.0450 real_p1_skipped=1.0000 real_p1_hole_frac=0.3725 real_p2_eps=0.0131 real_p2_hit=0.0000 real_total=0.0131 discr_adv=0.9832 x0_d_real=0.8243 x0_d_fake=0.7900 g_grad_abs=177.4351 d_grad_abs=314.6394 synth_eps=0.0399 synth_eps_raw=0.0399 synth_x0_hit=0.0000 synth_total=0.0399 extra_render_attn_share=0.5673
[step 52750] real_p1_mirror_hole_cov=0.1211 real_p1_skipped=1.0000 real_p1_hole_frac=0.4915 real_p2_eps=0.1559 real_p2_hit=1.0000 real_p2_t=260.0000 real_p2_ldif=0.0813 real_p2_gen_adv=-0.8396 real_p2_lfm=0.0051 real_total=0.1635 discr_adv=0.9901 p2_d_real=0.8595 p2_d_fake=0.8396 g_grad_abs=1131.1245 d_grad_abs=150.3288 synth_eps=0.0595 synth_eps_raw=0.0595 synth_x0_hit=0.0000 synth_total=0.0595 extra_render_attn_share=0.5673
[step 52800] real_p1_mirror_hole_cov=0.0821 real_p1_skipped=1.0000 real_p1_hole_frac=0.3842 real_p2_eps=0.0397 real_p2_hit=0.0000 real_total=0.0397 synth_eps=0.0717 synth_eps_raw=0.0717 synth_x0_hit=0.0000 synth_total=0.0717 extra_render_attn_share=0.5673
[step 52850] real_p1_mirror_hole_cov=0.0044 real_p1_skipped=1.0000 real_p1_hole_frac=0.1703 real_p2_eps=0.0268 real_p2_hit=0.0000 real_total=0.0268 synth_eps=0.0080 synth_eps_raw=0.0080 synth_x0_hit=0.0000 synth_total=0.0080 extra_render_attn_share=0.5673
[step 52900] real_p1_mirror_hole_cov=0.0139 real_p1_skipped=1.0000 real_p1_hole_frac=0.1762 real_p2_eps=0.0251 real_p2_hit=0.0000 real_total=0.0251 discr_adv=0.9990 x0_d_real=-0.4245 x0_d_fake=-0.4265 g_grad_abs=306.2272 d_grad_abs=49.4843 synth_eps=0.1483 synth_eps_raw=0.1483 synth_x0_hit=0.0000 synth_total=0.1483 extra_render_attn_share=0.5673
[step 52950] real_p1_mirror_hole_cov=0.0713 real_p1_skipped=1.0000 real_p1_hole_frac=0.3105 real_p2_eps=0.0430 real_p2_hit=0.0000 real_total=0.0430 synth_eps=0.0030 synth_eps_raw=0.0030 synth_x0_hit=0.0000 synth_total=0.0030 extra_render_attn_share=0.5673
[step 53000] real_p1_mirror_hole_cov=0.0382 real_p1_skipped=1.0000 real_p1_hole_frac=0.4556 real_p2_eps=0.0343 real_p2_hit=0.0000 real_total=0.0343 synth_eps=0.0131 synth_eps_raw=0.0131 synth_x0_hit=0.0000 synth_total=0.0131 extra_render_attn_share=0.5673
[images] real: anchor | cond1 | cond2 | inv_warp_mirror | mask | mask_inv | warp_img | warp_warp_img | x | y_hat | y_hat_novel -> /home/xzy/warpgan-diffusiong-inpainting/warpgan-diffusion-inpainting-main/experiments/train_inpainting_diffusion/[20260911-143749]_v18w3_w3d_30k/logs/images/train/real_step0053000.png
[images] synth: cond | mask | target | warp_img | x | y_hat_novel -> /home/xzy/warpgan-diffusiong-inpainting/warpgan-diffusion-inpainting-main/experiments/train_inpainting_diffusion/[20260911-143749]_v18w3_w3d_30k/logs/images/train/synth_step0053000.png
[step 53050] real_p1_mirror_hole_cov=0.0619 real_p1_skipped=1.0000 real_p1_hole_frac=0.2127 real_p2_eps=0.1002 real_p2_hit=1.0000 real_p2_t=245.0000 real_p2_ldif=0.0467 real_p2_gen_adv=0.1056 real_p2_lfm=0.0005 real_total=0.1584 discr_adv=0.9886 p2_d_real=-0.0826 p2_d_fake=-0.1056 g_grad_abs=784.0376 d_grad_abs=132.8683 synth_eps=0.0329 synth_eps_raw=0.0329 synth_x0_hit=0.0000 synth_total=0.0329 extra_render_attn_share=0.5673
[step 53100] real_p1_mirror_hole_cov=0.1038 real_p1_skipped=1.0000 real_p1_hole_frac=0.3787 real_p2_eps=0.0049 real_p2_hit=0.0000 real_total=0.0049 synth_eps=0.0624 synth_eps_raw=0.0624 synth_x0_hit=0.0000 synth_total=0.0624 extra_render_attn_share=0.5673
[step 53150] real_p1_mirror_hole_cov=0.0360 real_p1_skipped=1.0000 real_p1_hole_frac=0.3280 real_p2_eps=0.3318 real_p2_hit=1.0000 real_p2_t=51.0000 real_p2_ldif=0.0173 real_p2_gen_adv=0.7576 real_p2_lfm=0.0003 real_total=0.4254 discr_adv=0.9980 p2_d_real=-0.7430 p2_d_fake=-0.7576 g_grad_abs=1163.2043 d_grad_abs=854.8275 synth_eps=0.0619 synth_eps_raw=0.0619 synth_x0_hit=0.0000 synth_total=0.0619 extra_render_attn_share=0.5673
[step 53200] real_p1_mirror_hole_cov=0.2108 real_p1_skipped=1.0000 real_p1_hole_frac=0.1817 real_p2_eps=0.0076 real_p2_hit=0.0000 real_total=0.0076 discr_adv=0.9921 x0_d_real=-0.3295 x0_d_fake=-0.3456 g_grad_abs=74.4756 d_grad_abs=242.0721 synth_eps=0.0408 synth_eps_raw=0.0408 synth_x0_hit=0.0000 synth_total=0.0408 extra_render_attn_share=0.5673
[step 53250] real_p1_mirror_hole_cov=0.1645 real_p1_skipped=1.0000 real_p1_hole_frac=0.4034 real_p2_eps=0.1735 real_p2_hit=1.0000 real_p2_t=186.0000 real_p2_ldif=0.0503 real_p2_gen_adv=-0.7641 real_p2_lfm=0.0019 real_total=0.1512 discr_adv=0.9939 p2_d_real=0.7762 p2_d_fake=0.7641 g_grad_abs=903.0020 d_grad_abs=119.4160 synth_eps=0.3511 synth_eps_raw=0.3511 synth_x0_hit=1.0000 synth_x0_t=89.0000 synth_x0_ldif=0.0357 synth_x0_gen_adv=-0.6710 synth_x0_lfm=0.0022 synth_total=0.3240 extra_render_attn_share=0.5673
[step 53300] real_p1_mirror_hole_cov=0.2099 real_p1_skipped=1.0000 real_p1_hole_frac=0.1299 real_p2_eps=0.0841 real_p2_hit=1.0000 real_p2_t=246.0000 real_p2_ldif=0.0395 real_p2_gen_adv=0.3622 real_p2_lfm=0.0010 real_total=0.1618 discr_adv=1.0048 p2_d_real=-0.3717 p2_d_fake=-0.3622 g_grad_abs=828.5488 d_grad_abs=89.3771 synth_eps=0.2482 synth_eps_raw=0.2482 synth_x0_hit=1.0000 synth_x0_t=228.0000 synth_x0_ldif=0.1016 synth_x0_gen_adv=0.3383 synth_x0_lfm=0.0012 synth_total=0.3860 extra_render_attn_share=0.5673
[step 53350] real_p1_mirror_hole_cov=0.4253 real_p1_skipped=1.0000 real_p1_hole_frac=0.1476 real_p2_eps=0.0032 real_p2_hit=0.0000 real_total=0.0032 discr_adv=0.9931 x0_d_real=-0.6494 x0_d_fake=-0.6632 g_grad_abs=66.0761 d_grad_abs=114.7064 synth_eps=0.0048 synth_eps_raw=0.0048 synth_x0_hit=0.0000 synth_total=0.0048 extra_render_attn_share=0.5673
[step 53400] real_p1_mirror_hole_cov=0.0102 real_p1_skipped=1.0000 real_p1_hole_frac=0.1948 real_p2_eps=0.0163 real_p2_hit=0.0000 real_total=0.0163 synth_eps=0.0183 synth_eps_raw=0.0183 synth_x0_hit=0.0000 synth_total=0.0183 extra_render_attn_share=0.5673
[step 53450] real_p1_mirror_hole_cov=0.0321 real_p1_skipped=1.0000 real_p1_hole_frac=0.2799 real_p2_eps=0.0231 real_p2_hit=0.0000 real_total=0.0231 synth_eps=0.0095 synth_eps_raw=0.0095 synth_x0_hit=0.0000 synth_total=0.0095 extra_render_attn_share=0.5673
[step 53500] real_p1_mirror_hole_cov=0.0845 real_p1_skipped=1.0000 real_p1_hole_frac=0.4752 real_p2_eps=0.0911 real_p2_hit=0.0000 real_total=0.0911 synth_eps=0.3619 synth_eps_raw=0.3619 synth_x0_hit=1.0000 synth_x0_t=115.0000 synth_x0_ldif=0.0516 synth_x0_gen_adv=0.1439 synth_x0_lfm=0.0011 synth_total=0.4301 extra_render_attn_share=0.5673
[images] real: anchor | cond1 | cond2 | inv_warp_mirror | mask | mask_inv | warp_img | warp_warp_img | x | y_hat | y_hat_novel -> /home/xzy/warpgan-diffusiong-inpainting/warpgan-diffusion-inpainting-main/experiments/train_inpainting_diffusion/[20260911-143749]_v18w3_w3d_30k/logs/images/train/real_step0053500.png
[images] synth: cond | mask | target | warp_img | x | y_hat_novel -> /home/xzy/warpgan-diffusiong-inpainting/warpgan-diffusion-inpainting-main/experiments/train_inpainting_diffusion/[20260911-143749]_v18w3_w3d_30k/logs/images/train/synth_step0053500.png
[step 53550] real_p1_mirror_hole_cov=0.0695 real_p1_skipped=1.0000 real_p1_hole_frac=0.3213 real_p2_eps=0.0080 real_p2_hit=0.0000 real_total=0.0080 discr_adv=0.9617 x0_d_real=-0.0626 x0_d_fake=-0.1393 g_grad_abs=181.7935 d_grad_abs=607.5696 synth_eps=0.0125 synth_eps_raw=0.0125 synth_x0_hit=0.0000 synth_total=0.0125 extra_render_attn_share=0.5673
[step 53600] real_p1_mirror_hole_cov=0.1573 real_p1_skipped=1.0000 real_p1_hole_frac=0.2275 real_p2_eps=0.1718 real_p2_hit=1.0000 real_p2_t=132.0000 real_p2_ldif=0.0297 real_p2_gen_adv=-0.5766 real_p2_lfm=0.0007 real_total=0.1453 discr_adv=0.9928 p2_d_real=0.5910 p2_d_fake=0.5766 g_grad_abs=838.8449 d_grad_abs=271.8032 synth_eps=0.0834 synth_eps_raw=0.0834 synth_x0_hit=0.0000 synth_total=0.0834 extra_render_attn_share=0.5673
[step 53650] real_p1_mirror_hole_cov=0.2672 real_p1_skipped=1.0000 real_p1_hole_frac=0.0702 real_p2_eps=0.0292 real_p2_hit=0.0000 real_total=0.0292 synth_eps=0.4764 synth_eps_raw=0.4764 synth_x0_hit=1.0000 synth_x0_t=65.0000 synth_x0_ldif=0.0329 synth_x0_gen_adv=0.3923 synth_x0_lfm=0.0044 synth_total=0.5573 extra_render_attn_share=0.5673
[step 53700] real_p1_mirror_hole_cov=0.4719 real_p1_skipped=1.0000 real_p1_hole_frac=0.1399 real_p2_eps=0.1080 real_p2_hit=1.0000 real_p2_t=177.0000 real_p2_ldif=0.0289 real_p2_gen_adv=0.6925 real_p2_lfm=0.0043 real_total=0.2147 discr_adv=0.9948 p2_d_real=-0.6821 p2_d_fake=-0.6925 g_grad_abs=1009.2397 d_grad_abs=45.7803 synth_eps=0.0082 synth_eps_raw=0.0082 synth_x0_hit=0.0000 synth_total=0.0082 extra_render_attn_share=0.5673
[step 53750] real_p1_mirror_hole_cov=0.0304 real_p1_skipped=1.0000 real_p1_hole_frac=0.4229 real_p2_eps=0.0099 real_p2_hit=0.0000 real_total=0.0099 synth_eps=0.0051 synth_eps_raw=0.0051 synth_x0_hit=0.0000 synth_total=0.0051 extra_render_attn_share=0.5673
[step 53800] real_p1_mirror_hole_cov=0.1394 real_p1_skipped=1.0000 real_p1_hole_frac=0.2180 real_p2_eps=0.0036 real_p2_hit=0.0000 real_total=0.0036 synth_eps=0.0164 synth_eps_raw=0.0164 synth_x0_hit=0.0000 synth_total=0.0164 extra_render_attn_share=0.5673
[step 53850] real_p1_mirror_hole_cov=0.1858 real_p1_skipped=1.0000 real_p1_hole_frac=0.3531 real_p2_eps=0.2419 real_p2_hit=1.0000 real_p2_t=98.0000 real_p2_ldif=0.0279 real_p2_gen_adv=0.3604 real_p2_lfm=0.0022 real_total=0.3102 discr_adv=1.9736 x0_d_real=-0.3884 x0_d_fake=-0.4324 p2_d_real=-0.3513 p2_d_fake=-0.3604 g_grad_abs=1132.0023 d_grad_abs=163.2962 synth_eps=0.0023 synth_eps_raw=0.0023 synth_x0_hit=0.0000 synth_total=0.0023 extra_render_attn_share=0.5673
[step 53900] real_p1_mirror_hole_cov=0.1335 real_p1_skipped=1.0000 real_p1_hole_frac=0.2374 real_p2_eps=0.1882 real_p2_hit=1.0000 real_p2_t=161.0000 real_p2_ldif=0.0435 real_p2_gen_adv=-0.1265 real_p2_lfm=0.0023 real_total=0.2236 discr_adv=0.9969 p2_d_real=0.1352 p2_d_fake=0.1265 g_grad_abs=980.8079 d_grad_abs=165.6853 synth_eps=0.2249 synth_eps_raw=0.2249 synth_x0_hit=1.0000 synth_x0_t=281.0000 synth_x0_ldif=0.1364 synth_x0_gen_adv=-0.1249 synth_x0_lfm=0.0100 synth_total=0.3687 extra_render_attn_share=0.5673
[step 53950] real_p1_mirror_hole_cov=0.0044 real_p1_skipped=1.0000 real_p1_hole_frac=0.2595 real_p2_eps=0.0921 real_p2_hit=0.0000 real_total=0.0921 synth_eps=0.1434 synth_eps_raw=0.1434 synth_x0_hit=0.0000 synth_total=0.1434 extra_render_attn_share=0.5673
[val step 53999] val_novel_full=0.0751 val_novel_hole=0.0954 val_novel_visible=0.0692
[step 54000] real_p1_mirror_hole_cov=0.3519 real_p1_skipped=1.0000 real_p1_hole_frac=0.5336 real_p2_eps=0.2073 real_p2_hit=1.0000 real_p2_t=173.0000 real_p2_ldif=0.0536 real_p2_gen_adv=-0.1379 real_p2_lfm=0.0032 real_total=0.2536 discr_adv=0.9966 p2_d_real=0.1447 p2_d_fake=0.1379 g_grad_abs=1100.9553 d_grad_abs=29.4525 synth_eps=0.8582 synth_eps_raw=0.8582 synth_x0_hit=1.0000 synth_x0_t=2.0000 synth_x0_ldif=0.0022 synth_x0_gen_adv=-0.0081 synth_x0_lfm=0.0002 synth_total=0.8599 extra_render_attn_share=0.5725
[images] real: anchor | cond1 | cond2 | inv_warp_mirror | mask | mask_inv | warp_img | warp_warp_img | x | y_hat | y_hat_novel -> /home/xzy/warpgan-diffusiong-inpainting/warpgan-diffusion-inpainting-main/experiments/train_inpainting_diffusion/[20260911-143749]_v18w3_w3d_30k/logs/images/train/real_step0054000.png
[images] synth: cond | mask | target | warp_img | x | y_hat_novel -> /home/xzy/warpgan-diffusiong-inpainting/warpgan-diffusion-inpainting-main/experiments/train_inpainting_diffusion/[20260911-143749]_v18w3_w3d_30k/logs/images/train/synth_step0054000.png
[step 54050] real_p1_mirror_hole_cov=0.1368 real_p1_skipped=1.0000 real_p1_hole_frac=0.3902 real_p2_eps=0.1812 real_p2_hit=1.0000 real_p2_t=165.0000 real_p2_ldif=0.0435 real_p2_gen_adv=0.4190 real_p2_lfm=0.0019 real_total=0.2704 discr_adv=0.9834 p2_d_real=-0.3854 p2_d_fake=-0.4190 g_grad_abs=883.2746 d_grad_abs=241.0873 synth_eps=0.0509 synth_eps_raw=0.0509 synth_x0_hit=0.0000 synth_total=0.0509 extra_render_attn_share=0.5725
[step 54100] real_p1_mirror_hole_cov=0.2751 real_p1_skipped=1.0000 real_p1_hole_frac=0.4522 real_p2_eps=0.0479 real_p2_hit=0.0000 real_total=0.0479 synth_eps=0.0755 synth_eps_raw=0.0755 synth_x0_hit=0.0000 synth_total=0.0755 extra_render_attn_share=0.5725
[step 54150] real_p1_mirror_hole_cov=0.1430 real_p1_skipped=1.0000 real_p1_hole_frac=0.2741 real_p2_eps=0.0146 real_p2_hit=0.0000 real_total=0.0146 synth_eps=0.3359 synth_eps_raw=0.3359 synth_x0_hit=1.0000 synth_x0_t=85.0000 synth_x0_ldif=0.0323 synth_x0_gen_adv=0.7386 synth_x0_lfm=0.0028 synth_total=0.4475 extra_render_attn_share=0.5725
[step 54200] real_p1_mirror_hole_cov=0.1461 real_p1_skipped=1.0000 real_p1_hole_frac=0.3994 real_p2_eps=0.1616 real_p2_hit=1.0000 real_p2_t=161.0000 real_p2_ldif=0.0374 real_p2_gen_adv=0.8238 real_p2_lfm=0.0015 real_total=0.2843 discr_adv=1.0066 p2_d_real=-0.8368 p2_d_fake=-0.8238 g_grad_abs=1185.6231 d_grad_abs=100.1270 synth_eps=0.3240 synth_eps_raw=0.3240 synth_x0_hit=1.0000 synth_x0_t=164.0000 synth_x0_ldif=0.0773 synth_x0_gen_adv=0.7982 synth_x0_lfm=0.0040 synth_total=0.4891 extra_render_attn_share=0.5725
[step 54250] real_p1_mirror_hole_cov=0.0322 real_p1_skipped=1.0000 real_p1_hole_frac=0.2271 real_p2_eps=0.0511 real_p2_hit=0.0000 real_total=0.0511 synth_eps=0.3338 synth_eps_raw=0.3338 synth_x0_hit=1.0000 synth_x0_t=158.0000 synth_x0_ldif=0.0750 synth_x0_gen_adv=0.0204 synth_x0_lfm=0.0049 synth_total=0.4207 extra_render_attn_share=0.5725
[step 54300] real_p1_mirror_hole_cov=0.0672 real_p1_skipped=1.0000 real_p1_hole_frac=0.3411 real_p2_eps=0.0215 real_p2_hit=0.0000 real_total=0.0215 discr_adv=0.9937 x0_d_real=-0.2689 x0_d_fake=-0.2815 g_grad_abs=232.3991 d_grad_abs=202.6033 synth_eps=0.0034 synth_eps_raw=0.0034 synth_x0_hit=0.0000 synth_total=0.0034 extra_render_attn_share=0.5725
[step 54350] real_p1_mirror_hole_cov=0.0650 real_p1_skipped=1.0000 real_p1_hole_frac=0.5050 real_p2_eps=0.0080 real_p2_hit=0.0000 real_total=0.0080 synth_eps=0.0272 synth_eps_raw=0.0272 synth_x0_hit=0.0000 synth_total=0.0272 extra_render_attn_share=0.5725
[step 54400] real_p1_mirror_hole_cov=0.2149 real_p1_skipped=1.0000 real_p1_hole_frac=0.1477 real_p2_eps=0.0051 real_p2_hit=0.0000 real_total=0.0051 synth_eps=0.0162 synth_eps_raw=0.0162 synth_x0_hit=0.0000 synth_total=0.0162 extra_render_attn_share=0.5725
[step 54450] real_p1_mirror_hole_cov=0.0647 real_p1_skipped=1.0000 real_p1_hole_frac=0.2347 real_p2_eps=0.0045 real_p2_hit=0.0000 real_total=0.0045 synth_eps=0.6109 synth_eps_raw=0.6109 synth_x0_hit=1.0000 synth_x0_t=29.0000 synth_x0_ldif=0.0173 synth_x0_gen_adv=0.6724 synth_x0_lfm=0.0019 synth_total=0.6993 extra_render_attn_share=0.5725
[step 54500] real_p1_mirror_hole_cov=0.1382 real_p1_skipped=1.0000 real_p1_hole_frac=0.2607 real_p2_eps=0.0665 real_p2_hit=0.0000 real_total=0.0665 synth_eps=0.0027 synth_eps_raw=0.0027 synth_x0_hit=0.0000 synth_total=0.0027 extra_render_attn_share=0.5725
[images] real: anchor | cond1 | cond2 | inv_warp_mirror | mask | mask_inv | warp_img | warp_warp_img | x | y_hat | y_hat_novel -> /home/xzy/warpgan-diffusiong-inpainting/warpgan-diffusion-inpainting-main/experiments/train_inpainting_diffusion/[20260911-143749]_v18w3_w3d_30k/logs/images/train/real_step0054500.png
[images] synth: cond | mask | target | warp_img | x | y_hat_novel -> /home/xzy/warpgan-diffusiong-inpainting/warpgan-diffusion-inpainting-main/experiments/train_inpainting_diffusion/[20260911-143749]_v18w3_w3d_30k/logs/images/train/synth_step0054500.png
[step 54550] real_p1_mirror_hole_cov=0.4008 real_p1_skipped=1.0000 real_p1_hole_frac=0.1077 real_p2_eps=0.0040 real_p2_hit=0.0000 real_total=0.0040 discr_adv=1.0001 x0_d_real=0.5233 x0_d_fake=0.5066 g_grad_abs=116.9082 d_grad_abs=850.9387 synth_eps=0.2842 synth_eps_raw=0.2842 synth_x0_hit=1.0000 synth_x0_t=168.0000 synth_x0_ldif=0.0702 synth_x0_gen_adv=-0.2013 synth_x0_lfm=0.0033 synth_total=0.3409 extra_render_attn_share=0.5725
[step 54600] real_p1_mirror_hole_cov=0.3543 real_p1_skipped=1.0000 real_p1_hole_frac=0.4820 real_p2_eps=0.0022 real_p2_hit=0.0000 real_total=0.0022 synth_eps=0.0705 synth_eps_raw=0.0705 synth_x0_hit=0.0000 synth_total=0.0705 extra_render_attn_share=0.5725
[step 54650] real_p1_mirror_hole_cov=0.0393 real_p1_skipped=1.0000 real_p1_hole_frac=0.0142 real_p2_eps=0.0051 real_p2_hit=0.0000 real_total=0.0051 synth_eps=0.5308 synth_eps_raw=0.5308 synth_x0_hit=1.0000 synth_x0_t=54.0000 synth_x0_ldif=0.0295 synth_x0_gen_adv=-0.0918 synth_x0_lfm=0.0026 synth_total=0.5563 extra_render_attn_share=0.5725
[step 54700] real_p1_mirror_hole_cov=0.2061 real_p1_skipped=1.0000 real_p1_hole_frac=0.4699 real_p2_eps=0.3322 real_p2_hit=1.0000 real_p2_t=63.0000 real_p2_ldif=0.0221 real_p2_gen_adv=-0.1293 real_p2_lfm=0.0012 real_total=0.3438 discr_adv=0.9890 p2_d_real=0.1512 p2_d_fake=0.1293 g_grad_abs=1142.1872 d_grad_abs=128.6332 synth_eps=0.0040 synth_eps_raw=0.0040 synth_x0_hit=0.0000 synth_total=0.0040 extra_render_attn_share=0.5725
[step 54750] real_p1_mirror_hole_cov=0.1657 real_p1_skipped=1.0000 real_p1_hole_frac=0.5831 real_p2_eps=0.0061 real_p2_hit=0.0000 real_total=0.0061 synth_eps=0.0167 synth_eps_raw=0.0167 synth_x0_hit=0.0000 synth_total=0.0167 extra_render_attn_share=0.5725
[step 54800] real_p1_mirror_hole_cov=0.0718 real_p1_skipped=1.0000 real_p1_hole_frac=0.1192 real_p2_eps=0.1131 real_p2_hit=1.0000 real_p2_t=182.0000 real_p2_ldif=0.0317 real_p2_gen_adv=-0.4365 real_p2_lfm=0.0053 real_total=0.1117 discr_adv=1.0544 p2_d_real=0.3277 p2_d_fake=0.4365 g_grad_abs=1120.0062 d_grad_abs=1532.5196 synth_eps=0.0837 synth_eps_raw=0.0837 synth_x0_hit=0.0000 synth_total=0.0837 extra_render_attn_share=0.5725
[step 54850] real_p1_mirror_hole_cov=0.1975 real_p1_skipped=1.0000 real_p1_hole_frac=0.1544 real_p2_eps=0.0032 real_p2_hit=0.0000 real_total=0.0032 synth_eps=0.0077 synth_eps_raw=0.0077 synth_x0_hit=0.0000 synth_total=0.0077 extra_render_attn_share=0.5725
[step 54900] real_p1_mirror_hole_cov=0.0251 real_p1_skipped=1.0000 real_p1_hole_frac=0.2791 real_p2_eps=0.0030 real_p2_hit=0.0000 real_total=0.0030 synth_eps=0.0014 synth_eps_raw=0.0014 synth_x0_hit=0.0000 synth_total=0.0014 extra_render_attn_share=0.5725
[step 54950] real_p1_mirror_hole_cov=0.0685 real_p1_skipped=1.0000 real_p1_hole_frac=0.0357 real_p2_eps=0.0026 real_p2_hit=0.0000 real_total=0.0026 synth_eps=0.0018 synth_eps_raw=0.0018 synth_x0_hit=0.0000 synth_total=0.0018 extra_render_attn_share=0.5725
[step 55000] real_p1_mirror_hole_cov=0.1310 real_p1_skipped=1.0000 real_p1_hole_frac=0.2219 real_p2_eps=0.0014 real_p2_hit=0.0000 real_total=0.0014 synth_eps=0.0146 synth_eps_raw=0.0146 synth_x0_hit=0.0000 synth_total=0.0146 extra_render_attn_share=0.5725
[images] real: anchor | cond1 | cond2 | inv_warp_mirror | mask | mask_inv | warp_img | warp_warp_img | x | y_hat | y_hat_novel -> /home/xzy/warpgan-diffusiong-inpainting/warpgan-diffusion-inpainting-main/experiments/train_inpainting_diffusion/[20260911-143749]_v18w3_w3d_30k/logs/images/train/real_step0055000.png
[images] synth: cond | mask | target | warp_img | x | y_hat_novel -> /home/xzy/warpgan-diffusiong-inpainting/warpgan-diffusion-inpainting-main/experiments/train_inpainting_diffusion/[20260911-143749]_v18w3_w3d_30k/logs/images/train/synth_step0055000.png
[step 55050] real_p1_mirror_hole_cov=0.3026 real_p1_skipped=1.0000 real_p1_hole_frac=0.3545 real_p2_eps=0.0445 real_p2_hit=0.0000 real_total=0.0445 synth_eps=0.0038 synth_eps_raw=0.0038 synth_x0_hit=0.0000 synth_total=0.0038 extra_render_attn_share=0.5725
[step 55100] real_p1_mirror_hole_cov=0.0737 real_p1_skipped=1.0000 real_p1_hole_frac=0.3877 real_p2_eps=0.0038 real_p2_hit=0.0000 real_total=0.0038 discr_adv=0.9218 x0_d_real=-0.2201 x0_d_fake=-0.3765 g_grad_abs=62.6424 d_grad_abs=717.9519 synth_eps=0.1706 synth_eps_raw=0.1706 synth_x0_hit=0.0000 synth_total=0.1706 extra_render_attn_share=0.5725
[step 55150] real_p1_mirror_hole_cov=0.1397 real_p1_skipped=1.0000 real_p1_hole_frac=0.0520 real_p2_eps=0.0019 real_p2_hit=0.0000 real_total=0.0019 synth_eps=0.0041 synth_eps_raw=0.0041 synth_x0_hit=0.0000 synth_total=0.0041 extra_render_attn_share=0.5725
[step 55200] real_p1_mirror_hole_cov=0.1731 real_p1_skipped=1.0000 real_p1_hole_frac=0.2660 real_p2_eps=0.0060 real_p2_hit=0.0000 real_total=0.0060 discr_adv=0.9859 x0_d_real=0.6488 x0_d_fake=0.6205 g_grad_abs=68.5322 d_grad_abs=521.4689 synth_eps=0.3251 synth_eps_raw=0.3251 synth_x0_hit=1.0000 synth_x0_t=171.0000 synth_x0_ldif=0.0825 synth_x0_gen_adv=-0.6784 synth_x0_lfm=0.0042 synth_total=0.3483 extra_render_attn_share=0.5725
[step 55250] real_p1_mirror_hole_cov=0.1521 real_p1_skipped=1.0000 real_p1_hole_frac=0.4513 real_p2_eps=0.0784 real_p2_hit=0.0000 real_total=0.0784 synth_eps=0.0444 synth_eps_raw=0.0444 synth_x0_hit=0.0000 synth_total=0.0444 extra_render_attn_share=0.5725
[step 55300] real_p1_mirror_hole_cov=0.0426 real_p1_skipped=1.0000 real_p1_hole_frac=0.3448 real_p2_eps=0.0415 real_p2_hit=0.0000 real_total=0.0415 synth_eps=0.0891 synth_eps_raw=0.0891 synth_x0_hit=0.0000 synth_total=0.0891 extra_render_attn_share=0.5725
[step 55350] real_p1_mirror_hole_cov=0.0632 real_p1_skipped=1.0000 real_p1_hole_frac=0.3633 real_p2_eps=0.0278 real_p2_hit=0.0000 real_total=0.0278 discr_adv=1.0008 x0_d_real=-0.0900 x0_d_fake=-0.0884 g_grad_abs=271.3900 d_grad_abs=141.5550 synth_eps=0.0025 synth_eps_raw=0.0025 synth_x0_hit=0.0000 synth_total=0.0025 extra_render_attn_share=0.5725
[step 55400] real_p1_mirror_hole_cov=0.0972 real_p1_skipped=1.0000 real_p1_hole_frac=0.0652 real_p2_eps=0.0019 real_p2_hit=0.0000 real_total=0.0019 synth_eps=0.0266 synth_eps_raw=0.0266 synth_x0_hit=0.0000 synth_total=0.0266 extra_render_attn_share=0.5725
[step 55450] real_p1_mirror_hole_cov=0.0195 real_p1_skipped=1.0000 real_p1_hole_frac=0.1113 real_p2_eps=0.0146 real_p2_hit=0.0000 real_total=0.0146 synth_eps=0.3403 synth_eps_raw=0.3403 synth_x0_hit=1.0000 synth_x0_t=103.0000 synth_x0_ldif=0.0419 synth_x0_gen_adv=0.8016 synth_x0_lfm=0.0050 synth_total=0.4723 extra_render_attn_share=0.5725
[step 55500] real_p1_mirror_hole_cov=0.0576 real_p1_skipped=1.0000 real_p1_hole_frac=0.5490 real_p2_eps=0.0316 real_p2_hit=0.0000 real_total=0.0316 synth_eps=0.0054 synth_eps_raw=0.0054 synth_x0_hit=0.0000 synth_total=0.0054 extra_render_attn_share=0.5725
[images] real: anchor | cond1 | cond2 | inv_warp_mirror | mask | mask_inv | warp_img | warp_warp_img | x | y_hat | y_hat_novel -> /home/xzy/warpgan-diffusiong-inpainting/warpgan-diffusion-inpainting-main/experiments/train_inpainting_diffusion/[20260911-143749]_v18w3_w3d_30k/logs/images/train/real_step0055500.png
[images] synth: cond | mask | target | warp_img | x | y_hat_novel -> /home/xzy/warpgan-diffusiong-inpainting/warpgan-diffusion-inpainting-main/experiments/train_inpainting_diffusion/[20260911-143749]_v18w3_w3d_30k/logs/images/train/synth_step0055500.png
[step 55550] real_p1_mirror_hole_cov=0.0158 real_p1_skipped=1.0000 real_p1_hole_frac=0.3804 real_p2_eps=0.0165 real_p2_hit=0.0000 real_total=0.0165 discr_adv=0.9956 x0_d_real=-0.8253 x0_d_fake=-0.8341 g_grad_abs=168.5119 d_grad_abs=84.0939 synth_eps=0.0820 synth_eps_raw=0.0820 synth_x0_hit=0.0000 synth_total=0.0820 extra_render_attn_share=0.5725
[step 55600] real_p1_mirror_hole_cov=0.0033 real_p1_skipped=1.0000 real_p1_hole_frac=0.1290 real_p2_eps=0.0765 real_p2_hit=1.0000 real_p2_t=296.0000 real_p2_ldif=0.0516 real_p2_gen_adv=-0.5008 real_p2_lfm=0.0022 real_total=0.0824 discr_adv=1.0423 p2_d_real=0.4238 p2_d_fake=0.5008 g_grad_abs=1199.3220 d_grad_abs=844.6209 synth_eps=0.8825 synth_eps_raw=0.8825 synth_x0_hit=1.0000 synth_x0_t=1.0000 synth_x0_ldif=0.0015 synth_x0_gen_adv=0.7235 synth_x0_lfm=0.0001 synth_total=0.9566 extra_render_attn_share=0.5725
[step 55650] real_p1_mirror_hole_cov=0.0380 real_p1_skipped=1.0000 real_p1_hole_frac=0.1073 real_p2_eps=0.0330 real_p2_hit=0.0000 real_total=0.0330 synth_eps=0.0057 synth_eps_raw=0.0057 synth_x0_hit=0.0000 synth_total=0.0057 extra_render_attn_share=0.5725
[step 55700] real_p1_mirror_hole_cov=0.2541 real_p1_skipped=1.0000 real_p1_hole_frac=0.0664 real_p2_eps=0.0171 real_p2_hit=0.0000 real_total=0.0171 synth_eps=0.0113 synth_eps_raw=0.0113 synth_x0_hit=0.0000 synth_total=0.0113 extra_render_attn_share=0.5725
[step 55750] real_p1_mirror_hole_cov=0.1576 real_p1_skipped=1.0000 real_p1_hole_frac=0.4837 real_p2_eps=0.0111 real_p2_hit=0.0000 real_total=0.0111 synth_eps=0.0665 synth_eps_raw=0.0665 synth_x0_hit=0.0000 synth_total=0.0665 extra_render_attn_share=0.5725
[step 55800] real_p1_mirror_hole_cov=0.0254 real_p1_skipped=1.0000 real_p1_hole_frac=0.0650 real_p2_eps=0.0782 real_p2_hit=1.0000 real_p2_t=210.0000 real_p2_ldif=0.0277 real_p2_gen_adv=-0.6740 real_p2_lfm=0.0020 real_total=0.0425 discr_adv=1.0271 p2_d_real=0.6198 p2_d_fake=0.6740 g_grad_abs=799.7713 d_grad_abs=643.2332 synth_eps=0.0310 synth_eps_raw=0.0310 synth_x0_hit=0.0000 synth_total=0.0310 extra_render_attn_share=0.5725
[step 55850] real_p1_mirror_hole_cov=0.1601 real_p1_skipped=1.0000 real_p1_hole_frac=0.3763 real_p2_eps=0.2498 real_p2_hit=1.0000 real_p2_t=131.0000 real_p2_ldif=0.0427 real_p2_gen_adv=0.6293 real_p2_lfm=0.0022 real_total=0.3598 discr_adv=1.0355 p2_d_real=-0.7004 p2_d_fake=-0.6293 g_grad_abs=1289.2427 d_grad_abs=785.1060 synth_eps=0.6602 synth_eps_raw=0.6602 synth_x0_hit=1.0000 synth_x0_t=28.0000 synth_x0_ldif=0.0178 synth_x0_gen_adv=0.8471 synth_x0_lfm=0.0006 synth_total=0.7639 extra_render_attn_share=0.5725
[step 55900] real_p1_mirror_hole_cov=0.0411 real_p1_skipped=1.0000 real_p1_hole_frac=0.0904 real_p2_eps=0.0759 real_p2_hit=1.0000 real_p2_t=191.0000 real_p2_ldif=0.0230 real_p2_gen_adv=0.7672 real_p2_lfm=0.0007 real_total=0.1771 discr_adv=1.0001 p2_d_real=-0.7675 p2_d_fake=-0.7672 g_grad_abs=630.8998 d_grad_abs=3.3555 synth_eps=0.0051 synth_eps_raw=0.0051 synth_x0_hit=0.0000 synth_total=0.0051 extra_render_attn_share=0.5725
[step 55950] real_p1_mirror_hole_cov=0.1433 real_p1_skipped=1.0000 real_p1_hole_frac=0.2747 real_p2_eps=0.1182 real_p2_hit=0.0000 real_total=0.1182 discr_adv=0.9965 x0_d_real=-0.7051 x0_d_fake=-0.7121 g_grad_abs=494.5383 d_grad_abs=55.0504 synth_eps=0.2753 synth_eps_raw=0.2753 synth_x0_hit=1.0000 synth_x0_t=166.0000 synth_x0_ldif=0.0667 synth_x0_gen_adv=0.6823 synth_x0_lfm=0.0060 synth_total=0.4223 extra_render_attn_share=0.5725
[val step 55999] val_novel_full=0.1088 val_novel_hole=0.1024 val_novel_visible=0.1142
[step 56000] real_p1_mirror_hole_cov=0.0409 real_p1_skipped=1.0000 real_p1_hole_frac=0.0680 real_p2_eps=0.0092 real_p2_hit=0.0000 real_total=0.0092 discr_adv=0.9974 x0_d_real=-0.7832 x0_d_fake=-0.7883 g_grad_abs=103.6088 d_grad_abs=74.1228 synth_eps=0.0891 synth_eps_raw=0.0891 synth_x0_hit=0.0000 synth_total=0.0891 extra_render_attn_share=0.5683
[images] real: anchor | cond1 | cond2 | inv_warp_mirror | mask | mask_inv | warp_img | warp_warp_img | x | y_hat | y_hat_novel -> /home/xzy/warpgan-diffusiong-inpainting/warpgan-diffusion-inpainting-main/experiments/train_inpainting_diffusion/[20260911-143749]_v18w3_w3d_30k/logs/images/train/real_step0056000.png
[images] synth: cond | mask | target | warp_img | x | y_hat_novel -> /home/xzy/warpgan-diffusiong-inpainting/warpgan-diffusion-inpainting-main/experiments/train_inpainting_diffusion/[20260911-143749]_v18w3_w3d_30k/logs/images/train/synth_step0056000.png
[step 56050] real_p1_mirror_hole_cov=0.0685 real_p1_skipped=1.0000 real_p1_hole_frac=0.0305 real_p2_eps=0.0115 real_p2_hit=0.0000 real_total=0.0115 discr_adv=0.9960 x0_d_real=-0.4338 x0_d_fake=-0.4419 g_grad_abs=145.8805 d_grad_abs=125.1471 synth_eps=0.0111 synth_eps_raw=0.0111 synth_x0_hit=0.0000 synth_total=0.0111 extra_render_attn_share=0.5683
[step 56100] real_p1_mirror_hole_cov=0.2647 real_p1_skipped=1.0000 real_p1_hole_frac=0.1477 real_p2_eps=0.0012 real_p2_hit=0.0000 real_total=0.0012 synth_eps=0.4462 synth_eps_raw=0.4462 synth_x0_hit=1.0000 synth_x0_t=69.0000 synth_x0_ldif=0.0331 synth_x0_gen_adv=0.8027 synth_x0_lfm=0.0034 synth_total=0.5664 extra_render_attn_share=0.5683
[step 56150] real_p1_mirror_hole_cov=0.0484 real_p1_skipped=1.0000 real_p1_hole_frac=0.3402 real_p2_eps=0.0206 real_p2_hit=0.0000 real_total=0.0206 synth_eps=0.0031 synth_eps_raw=0.0031 synth_x0_hit=0.0000 synth_total=0.0031 extra_render_attn_share=0.5683
[step 56200] real_p1_mirror_hole_cov=0.2755 real_p1_skipped=1.0000 real_p1_hole_frac=0.1459 real_p2_eps=0.0066 real_p2_hit=0.0000 real_total=0.0066 synth_eps=0.0077 synth_eps_raw=0.0077 synth_x0_hit=0.0000 synth_total=0.0077 extra_render_attn_share=0.5683
[step 56250] real_p1_mirror_hole_cov=0.0103 real_p1_skipped=1.0000 real_p1_hole_frac=0.0619 real_p2_eps=0.0077 real_p2_hit=0.0000 real_total=0.0077 synth_eps=0.4534 synth_eps_raw=0.4534 synth_x0_hit=1.0000 synth_x0_t=64.0000 synth_x0_ldif=0.0308 synth_x0_gen_adv=0.7791 synth_x0_lfm=0.0039 synth_total=0.5699 extra_render_attn_share=0.5683
[step 56300] real_p1_mirror_hole_cov=0.1643 real_p1_skipped=1.0000 real_p1_hole_frac=0.3203 real_p2_eps=0.0042 real_p2_hit=0.0000 real_total=0.0042 synth_eps=0.0564 synth_eps_raw=0.0564 synth_x0_hit=0.0000 synth_total=0.0564 extra_render_attn_share=0.5683
[step 56350] real_p1_mirror_hole_cov=0.0129 real_p1_skipped=1.0000 real_p1_hole_frac=0.0826 real_p2_eps=0.0036 real_p2_hit=0.0000 real_total=0.0036 synth_eps=0.0188 synth_eps_raw=0.0188 synth_x0_hit=0.0000 synth_total=0.0188 extra_render_attn_share=0.5683
[step 56400] real_p1_mirror_hole_cov=0.0815 real_p1_skipped=1.0000 real_p1_hole_frac=0.3161 real_p2_eps=0.0273 real_p2_hit=0.0000 real_total=0.0273 discr_adv=0.9830 x0_d_real=-0.4538 x0_d_fake=-0.4878 g_grad_abs=232.0423 d_grad_abs=741.2975 synth_eps=0.0104 synth_eps_raw=0.0104 synth_x0_hit=0.0000 synth_total=0.0104 extra_render_attn_share=0.5683
[step 56450] real_p1_mirror_hole_cov=0.0207 real_p1_skipped=1.0000 real_p1_hole_frac=0.3152 real_p2_eps=0.0535 real_p2_hit=0.0000 real_total=0.0535 synth_eps=0.1770 synth_eps_raw=0.1770 synth_x0_hit=1.0000 synth_x0_t=259.0000 synth_x0_ldif=0.0916 synth_x0_gen_adv=0.4458 synth_x0_lfm=0.0065 synth_total=0.3261 extra_render_attn_share=0.5683
[step 56500] real_p1_mirror_hole_cov=0.3565 real_p1_skipped=1.0000 real_p1_hole_frac=0.3274 real_p2_eps=0.2146 real_p2_hit=1.0000 real_p2_t=108.0000 real_p2_ldif=0.0281 real_p2_gen_adv=0.3473 real_p2_lfm=0.0015 real_total=0.2804 discr_adv=0.9974 p2_d_real=-0.3422 p2_d_fake=-0.3473 g_grad_abs=858.3233 d_grad_abs=22.0771 synth_eps=0.6160 synth_eps_raw=0.6160 synth_x0_hit=1.0000 synth_x0_t=26.0000 synth_x0_ldif=0.0154 synth_x0_gen_adv=0.4041 synth_x0_lfm=0.0019 synth_total=0.6755 extra_render_attn_share=0.5683
[images] real: anchor | cond1 | cond2 | inv_warp_mirror | mask | mask_inv | warp_img | warp_warp_img | x | y_hat | y_hat_novel -> /home/xzy/warpgan-diffusiong-inpainting/warpgan-diffusion-inpainting-main/experiments/train_inpainting_diffusion/[20260911-143749]_v18w3_w3d_30k/logs/images/train/real_step0056500.png
[images] synth: cond | mask | target | warp_img | x | y_hat_novel -> /home/xzy/warpgan-diffusiong-inpainting/warpgan-diffusion-inpainting-main/experiments/train_inpainting_diffusion/[20260911-143749]_v18w3_w3d_30k/logs/images/train/synth_step0056500.png
[step 56550] real_p1_mirror_hole_cov=0.2350 real_p1_skipped=1.0000 real_p1_hole_frac=0.2741 real_p2_eps=0.2284 real_p2_hit=1.0000 real_p2_t=144.0000 real_p2_ldif=0.0447 real_p2_gen_adv=0.2118 real_p2_lfm=0.0022 real_total=0.2987 discr_adv=0.9840 p2_d_real=-0.1798 p2_d_fake=-0.2118 g_grad_abs=991.5169 d_grad_abs=619.3382 synth_eps=0.0037 synth_eps_raw=0.0037 synth_x0_hit=0.0000 synth_total=0.0037 extra_render_attn_share=0.5683
[step 56600] real_p1_mirror_hole_cov=0.0083 real_p1_skipped=1.0000 real_p1_hole_frac=0.0871 real_p2_eps=0.0545 real_p2_hit=1.0000 real_p2_t=282.0000 real_p2_ldif=0.0333 real_p2_gen_adv=0.0098 real_p2_lfm=0.0007 real_total=0.0902 discr_adv=0.9990 p2_d_real=-0.0078 p2_d_fake=-0.0098 g_grad_abs=610.8729 d_grad_abs=78.1266 synth_eps=0.0254 synth_eps_raw=0.0254 synth_x0_hit=0.0000 synth_total=0.0254 extra_render_attn_share=0.5683
[step 56650] real_p1_mirror_hole_cov=0.0157 real_p1_skipped=1.0000 real_p1_hole_frac=0.1062 real_p2_eps=0.0055 real_p2_hit=0.0000 real_total=0.0055 synth_eps=0.0094 synth_eps_raw=0.0094 synth_x0_hit=0.0000 synth_total=0.0094 extra_render_attn_share=0.5683
[step 56700] real_p1_mirror_hole_cov=0.0286 real_p1_skipped=1.0000 real_p1_hole_frac=0.3386 real_p2_eps=0.0386 real_p2_hit=0.0000 real_total=0.0386 synth_eps=0.3283 synth_eps_raw=0.3283 synth_x0_hit=1.0000 synth_x0_t=123.0000 synth_x0_ldif=0.0514 synth_x0_gen_adv=0.1795 synth_x0_lfm=0.0057 synth_total=0.4090 extra_render_attn_share=0.5683
[step 56750] real_p1_mirror_hole_cov=0.0816 real_p1_skipped=1.0000 real_p1_hole_frac=0.4122 real_p2_eps=0.0041 real_p2_hit=0.0000 real_total=0.0041 synth_eps=0.0241 synth_eps_raw=0.0241 synth_x0_hit=0.0000 synth_total=0.0241 extra_render_attn_share=0.5683
[step 56800] real_p1_mirror_hole_cov=0.1679 real_p1_skipped=1.0000 real_p1_hole_frac=0.5528 real_p2_eps=0.0058 real_p2_hit=0.0000 real_total=0.0058 synth_eps=0.0082 synth_eps_raw=0.0082 synth_x0_hit=0.0000 synth_total=0.0082 extra_render_attn_share=0.5683
[step 56850] real_p1_mirror_hole_cov=0.0388 real_p1_skipped=1.0000 real_p1_hole_frac=0.3716 real_p2_eps=0.0072 real_p2_hit=0.0000 real_total=0.0072 synth_eps=0.0545 synth_eps_raw=0.0545 synth_x0_hit=0.0000 synth_total=0.0545 extra_render_attn_share=0.5683
[step 56900] real_p1_mirror_hole_cov=0.1597 real_p1_skipped=1.0000 real_p1_hole_frac=0.1586 real_p2_eps=0.0668 real_p2_hit=0.0000 real_total=0.0668 synth_eps=0.4844 synth_eps_raw=0.4844 synth_x0_hit=1.0000 synth_x0_t=65.0000 synth_x0_ldif=0.0335 synth_x0_gen_adv=-0.3704 synth_x0_lfm=0.0018 synth_total=0.4844 extra_render_attn_share=0.5683
[step 56950] real_p1_mirror_hole_cov=0.0967 real_p1_skipped=1.0000 real_p1_hole_frac=0.2723 real_p2_eps=0.0707 real_p2_hit=0.0000 real_total=0.0707 synth_eps=0.0287 synth_eps_raw=0.0287 synth_x0_hit=0.0000 synth_total=0.0287 extra_render_attn_share=0.5683
[step 57000] real_p1_mirror_hole_cov=0.2902 real_p1_skipped=1.0000 real_p1_hole_frac=0.3745 real_p2_eps=0.1771 real_p2_hit=1.0000 real_p2_t=183.0000 real_p2_ldif=0.0501 real_p2_gen_adv=-0.5141 real_p2_lfm=0.0012 real_total=0.1782 discr_adv=1.9536 x0_d_real=-0.0758 x0_d_fake=-0.1780 p2_d_real=0.5046 p2_d_fake=0.5141 g_grad_abs=1005.3058 d_grad_abs=563.9440 synth_eps=0.2081 synth_eps_raw=0.2081 synth_x0_hit=1.0000 synth_x0_t=273.0000 synth_x0_ldif=0.1193 synth_x0_gen_adv=-0.5792 synth_x0_lfm=0.0037 synth_total=0.2769 extra_render_attn_share=0.5683
[images] real: anchor | cond1 | cond2 | inv_warp_mirror | mask | mask_inv | warp_img | warp_warp_img | x | y_hat | y_hat_novel -> /home/xzy/warpgan-diffusiong-inpainting/warpgan-diffusion-inpainting-main/experiments/train_inpainting_diffusion/[20260911-143749]_v18w3_w3d_30k/logs/images/train/real_step0057000.png
[images] synth: cond | mask | target | warp_img | x | y_hat_novel -> /home/xzy/warpgan-diffusiong-inpainting/warpgan-diffusion-inpainting-main/experiments/train_inpainting_diffusion/[20260911-143749]_v18w3_w3d_30k/logs/images/train/synth_step0057000.png
[step 57050] real_p1_mirror_hole_cov=0.0090 real_p1_skipped=1.0000 real_p1_hole_frac=0.2638 real_p2_eps=0.0376 real_p2_hit=0.0000 real_total=0.0376 synth_eps=0.5172 synth_eps_raw=0.5172 synth_x0_hit=1.0000 synth_x0_t=47.0000 synth_x0_ldif=0.0245 synth_x0_gen_adv=0.0558 synth_x0_lfm=0.0036 synth_total=0.5544 extra_render_attn_share=0.5683
[step 57100] real_p1_mirror_hole_cov=0.4178 real_p1_skipped=1.0000 real_p1_hole_frac=0.5112 real_p2_eps=0.1841 real_p2_hit=1.0000 real_p2_t=156.0000 real_p2_ldif=0.0406 real_p2_gen_adv=-0.3071 real_p2_lfm=0.0038 real_total=0.2016 discr_adv=0.9889 p2_d_real=0.3293 p2_d_fake=0.3071 g_grad_abs=1092.2604 d_grad_abs=186.1063 synth_eps=0.0037 synth_eps_raw=0.0037 synth_x0_hit=0.0000 synth_total=0.0037 extra_render_attn_share=0.5683
[step 57150] real_p1_mirror_hole_cov=0.0620 real_p1_skipped=1.0000 real_p1_hole_frac=0.2248 real_p2_eps=0.1412 real_p2_hit=1.0000 real_p2_t=144.0000 real_p2_ldif=0.0277 real_p2_gen_adv=-0.5388 real_p2_lfm=0.0020 real_total=0.1189 discr_adv=1.0262 p2_d_real=0.4863 p2_d_fake=0.5388 g_grad_abs=904.3435 d_grad_abs=287.2128 synth_eps=0.0025 synth_eps_raw=0.0025 synth_x0_hit=0.0000 synth_total=0.0025 extra_render_attn_share=0.5683
[step 57200] real_p1_mirror_hole_cov=0.3615 real_p1_skipped=1.0000 real_p1_hole_frac=0.0409 real_p2_eps=0.0480 real_p2_hit=1.0000 real_p2_t=247.0000 real_p2_ldif=0.0227 real_p2_gen_adv=0.3586 real_p2_lfm=0.0034 real_total=0.1133 discr_adv=0.9670 p2_d_real=-0.2926 p2_d_fake=-0.3586 g_grad_abs=1921.0555 d_grad_abs=360.8667 synth_eps=0.2327 synth_eps_raw=0.2327 synth_x0_hit=1.0000 synth_x0_t=189.0000 synth_x0_ldif=0.0693 synth_x0_gen_adv=0.0374 synth_x0_lfm=0.0058 synth_total=0.3174 extra_render_attn_share=0.5683
[step 57250] real_p1_mirror_hole_cov=0.0582 real_p1_skipped=1.0000 real_p1_hole_frac=0.1854 real_p2_eps=0.1347 real_p2_hit=1.0000 real_p2_t=184.0000 real_p2_ldif=0.0384 real_p2_gen_adv=-0.2270 real_p2_lfm=0.0022 real_total=0.1548 discr_adv=1.0008 p2_d_real=0.2253 p2_d_fake=0.2270 g_grad_abs=877.8017 d_grad_abs=88.0590 synth_eps=0.0374 synth_eps_raw=0.0374 synth_x0_hit=0.0000 synth_total=0.0374 extra_render_attn_share=0.5683
[step 57300] real_p1_mirror_hole_cov=0.1139 real_p1_skipped=1.0000 real_p1_hole_frac=0.4469 real_p2_eps=0.0555 real_p2_hit=0.0000 real_total=0.0555 synth_eps=0.8540 synth_eps_raw=0.8540 synth_x0_hit=1.0000 synth_x0_t=2.0000 synth_x0_ldif=0.0022 synth_x0_gen_adv=0.1899 synth_x0_lfm=0.0003 synth_total=0.8757 extra_render_attn_share=0.5683
[step 57350] real_p1_mirror_hole_cov=0.1795 real_p1_skipped=1.0000 real_p1_hole_frac=0.4417 real_p2_eps=0.5724 real_p2_hit=1.0000 real_p2_t=10.0000 real_p2_ldif=0.0055 real_p2_gen_adv=-0.4376 real_p2_lfm=0.0002 real_total=0.5347 discr_adv=0.9867 p2_d_real=0.4641 p2_d_fake=0.4376 g_grad_abs=1287.0022 d_grad_abs=148.7584 synth_eps=0.0978 synth_eps_raw=0.0978 synth_x0_hit=0.0000 synth_total=0.0978 extra_render_attn_share=0.5683
[step 57400] real_p1_mirror_hole_cov=0.1348 real_p1_skipped=1.0000 real_p1_hole_frac=0.1218 real_p2_eps=0.0033 real_p2_hit=0.0000 real_total=0.0033 synth_eps=0.2549 synth_eps_raw=0.2549 synth_x0_hit=1.0000 synth_x0_t=178.0000 synth_x0_ldif=0.0689 synth_x0_gen_adv=0.1339 synth_x0_lfm=0.0036 synth_total=0.3446 extra_render_attn_share=0.5683
[step 57450] real_p1_mirror_hole_cov=0.1094 real_p1_skipped=1.0000 real_p1_hole_frac=0.2205 real_p2_eps=0.0240 real_p2_hit=0.0000 real_total=0.0240 discr_adv=0.9247 x0_d_real=-0.3276 x0_d_fake=-0.4789 g_grad_abs=222.6207 d_grad_abs=2599.7472 synth_eps=0.1982 synth_eps_raw=0.1982 synth_x0_hit=1.0000 synth_x0_t=268.0000 synth_x0_ldif=0.1095 synth_x0_gen_adv=0.1232 synth_x0_lfm=0.0047 synth_total=0.3295 extra_render_attn_share=0.5683
[step 57500] real_p1_mirror_hole_cov=0.0969 real_p1_skipped=1.0000 real_p1_hole_frac=0.3287 real_p2_eps=0.0037 real_p2_hit=0.0000 real_total=0.0037 discr_adv=0.9947 x0_d_real=0.7658 x0_d_fake=0.7551 g_grad_abs=54.4097 d_grad_abs=154.3045 synth_eps=0.1696 synth_eps_raw=0.1696 synth_x0_hit=1.0000 synth_x0_t=270.0000 synth_x0_ldif=0.0952 synth_x0_gen_adv=-0.1080 synth_x0_lfm=0.0044 synth_total=0.2629 extra_render_attn_share=0.5683
[images] real: anchor | cond1 | cond2 | inv_warp_mirror | mask | mask_inv | warp_img | warp_warp_img | x | y_hat | y_hat_novel -> /home/xzy/warpgan-diffusiong-inpainting/warpgan-diffusion-inpainting-main/experiments/train_inpainting_diffusion/[20260911-143749]_v18w3_w3d_30k/logs/images/train/real_step0057500.png
[images] synth: cond | mask | target | warp_img | x | y_hat_novel -> /home/xzy/warpgan-diffusiong-inpainting/warpgan-diffusion-inpainting-main/experiments/train_inpainting_diffusion/[20260911-143749]_v18w3_w3d_30k/logs/images/train/synth_step0057500.png
[step 57550] real_p1_mirror_hole_cov=0.1211 real_p1_skipped=1.0000 real_p1_hole_frac=0.4079 real_p2_eps=0.0339 real_p2_hit=0.0000 real_total=0.0339 discr_adv=1.0156 x0_d_real=-0.0622 x0_d_fake=-0.0310 g_grad_abs=384.0630 d_grad_abs=242.6679 synth_eps=0.0881 synth_eps_raw=0.0881 synth_x0_hit=0.0000 synth_total=0.0881 extra_render_attn_share=0.5683
[step 57600] real_p1_mirror_hole_cov=0.0052 real_p1_skipped=1.0000 real_p1_hole_frac=0.3105 real_p2_eps=0.0129 real_p2_hit=0.0000 real_total=0.0129 synth_eps=0.1920 synth_eps_raw=0.1920 synth_x0_hit=1.0000 synth_x0_t=281.0000 synth_x0_ldif=0.1165 synth_x0_gen_adv=0.6981 synth_x0_lfm=0.0058 synth_total=0.3900 extra_render_attn_share=0.5683
[step 57650] real_p1_mirror_hole_cov=0.0509 real_p1_skipped=1.0000 real_p1_hole_frac=0.2585 real_p2_eps=0.0190 real_p2_hit=0.0000 real_total=0.0190 synth_eps=0.3667 synth_eps_raw=0.3667 synth_x0_hit=1.0000 synth_x0_t=131.0000 synth_x0_ldif=0.0627 synth_x0_gen_adv=0.0438 synth_x0_lfm=0.0024 synth_total=0.4385 extra_render_attn_share=0.5683
[step 57700] real_p1_mirror_hole_cov=0.0812 real_p1_skipped=1.0000 real_p1_hole_frac=0.4210 real_p2_eps=0.2676 real_p2_hit=1.0000 real_p2_t=106.0000 real_p2_ldif=0.0342 real_p2_gen_adv=-0.4438 real_p2_lfm=0.0013 real_total=0.2601 discr_adv=0.9885 p2_d_real=0.4668 p2_d_fake=0.4438 g_grad_abs=1014.5879 d_grad_abs=94.3090 synth_eps=0.0257 synth_eps_raw=0.0257 synth_x0_hit=0.0000 synth_total=0.0257 extra_render_attn_share=0.5683
[step 57750] real_p1_mirror_hole_cov=0.0416 real_p1_skipped=1.0000 real_p1_hole_frac=0.1349 real_p2_eps=0.0524 real_p2_hit=0.0000 real_total=0.0524 synth_eps=0.3648 synth_eps_raw=0.3648 synth_x0_hit=1.0000 synth_x0_t=89.0000 synth_x0_ldif=0.0371 synth_x0_gen_adv=-0.1313 synth_x0_lfm=0.0028 synth_total=0.3943 extra_render_attn_share=0.5683
[step 57800] real_p1_mirror_hole_cov=0.1389 real_p1_skipped=1.0000 real_p1_hole_frac=0.5770 real_p2_eps=0.0025 real_p2_hit=0.0000 real_total=0.0025 discr_adv=1.0203 x0_d_real=-0.4751 x0_d_fake=-0.4344 g_grad_abs=56.4576 d_grad_abs=290.0085 synth_eps=0.0384 synth_eps_raw=0.0384 synth_x0_hit=0.0000 synth_total=0.0384 extra_render_attn_share=0.5683
[step 57850] real_p1_mirror_hole_cov=0.0151 real_p1_skipped=1.0000 real_p1_hole_frac=0.0963 real_p2_eps=0.0040 real_p2_hit=0.0000 real_total=0.0040 discr_adv=0.9719 x0_d_real=-0.0545 x0_d_fake=-0.1108 g_grad_abs=82.8395 d_grad_abs=202.9922 synth_eps=0.1423 synth_eps_raw=0.1423 synth_x0_hit=1.0000 synth_x0_t=295.0000 synth_x0_ldif=0.0953 synth_x0_gen_adv=0.2726 synth_x0_lfm=0.0042 synth_total=0.2731 extra_render_attn_share=0.5683
[step 57900] real_p1_mirror_hole_cov=0.0454 real_p1_skipped=1.0000 real_p1_hole_frac=0.2372 real_p2_eps=0.0683 real_p2_hit=0.0000 real_total=0.0683 synth_eps=0.6591 synth_eps_raw=0.6591 synth_x0_hit=1.0000 synth_x0_t=15.0000 synth_x0_ldif=0.0094 synth_x0_gen_adv=0.1293 synth_x0_lfm=0.0006 synth_total=0.6826 extra_render_attn_share=0.5683
[step 57950] real_p1_mirror_hole_cov=0.1343 real_p1_skipped=1.0000 real_p1_hole_frac=0.1133 real_p2_eps=0.0097 real_p2_hit=0.0000 real_total=0.0097 synth_eps=0.0391 synth_eps_raw=0.0391 synth_x0_hit=0.0000 synth_total=0.0391 extra_render_attn_share=0.5683
[val step 57999] val_novel_full=0.0661 val_novel_hole=0.0974 val_novel_visible=0.0584
[step 58000] real_p1_mirror_hole_cov=0.0483 real_p1_skipped=1.0000 real_p1_hole_frac=0.2274 real_p2_eps=0.0054 real_p2_hit=0.0000 real_total=0.0054 discr_adv=1.0126 x0_d_real=0.6816 x0_d_fake=0.7068 g_grad_abs=65.1255 d_grad_abs=346.5241 synth_eps=0.0277 synth_eps_raw=0.0277 synth_x0_hit=0.0000 synth_total=0.0277 extra_render_attn_share=0.5866
[images] real: anchor | cond1 | cond2 | inv_warp_mirror | mask | mask_inv | warp_img | warp_warp_img | x | y_hat | y_hat_novel -> /home/xzy/warpgan-diffusiong-inpainting/warpgan-diffusion-inpainting-main/experiments/train_inpainting_diffusion/[20260911-143749]_v18w3_w3d_30k/logs/images/train/real_step0058000.png
[images] synth: cond | mask | target | warp_img | x | y_hat_novel -> /home/xzy/warpgan-diffusiong-inpainting/warpgan-diffusion-inpainting-main/experiments/train_inpainting_diffusion/[20260911-143749]_v18w3_w3d_30k/logs/images/train/synth_step0058000.png
[step 58050] real_p1_mirror_hole_cov=0.2717 real_p1_skipped=1.0000 real_p1_hole_frac=0.3712 real_p2_eps=0.0024 real_p2_hit=0.0000 real_total=0.0024 discr_adv=0.9933 x0_d_real=-0.7708 x0_d_fake=-0.7843 g_grad_abs=66.2221 d_grad_abs=145.2776 synth_eps=0.0155 synth_eps_raw=0.0155 synth_x0_hit=0.0000 synth_total=0.0155 extra_render_attn_share=0.5866
[step 58100] real_p1_mirror_hole_cov=0.4766 real_p1_skipped=1.0000 real_p1_hole_frac=0.3763 real_p2_eps=0.0820 real_p2_hit=1.0000 real_p2_t=284.0000 real_p2_ldif=0.0508 real_p2_gen_adv=0.5864 real_p2_lfm=0.0023 real_total=0.1959 discr_adv=1.0048 p2_d_real=-0.5960 p2_d_fake=-0.5864 g_grad_abs=963.8543 d_grad_abs=39.7406 synth_eps=0.0094 synth_eps_raw=0.0094 synth_x0_hit=0.0000 synth_total=0.0094 extra_render_attn_share=0.5866
[step 58150] real_p1_mirror_hole_cov=0.3134 real_p1_skipped=1.0000 real_p1_hole_frac=0.1386 real_p2_eps=0.0038 real_p2_hit=0.0000 real_total=0.0038 synth_eps=0.0642 synth_eps_raw=0.0642 synth_x0_hit=0.0000 synth_total=0.0642 extra_render_attn_share=0.5866
[step 58200] real_p1_mirror_hole_cov=0.1225 real_p1_skipped=1.0000 real_p1_hole_frac=0.4340 real_p2_eps=0.0449 real_p2_hit=0.0000 real_total=0.0449 synth_eps=0.0162 synth_eps_raw=0.0162 synth_x0_hit=0.0000 synth_total=0.0162 extra_render_attn_share=0.5866
[step 58250] real_p1_mirror_hole_cov=0.1480 real_p1_skipped=1.0000 real_p1_hole_frac=0.3481 real_p2_eps=0.0053 real_p2_hit=0.0000 real_total=0.0053 synth_eps=0.0017 synth_eps_raw=0.0017 synth_x0_hit=0.0000 synth_total=0.0017 extra_render_attn_share=0.5866
[step 58300] real_p1_mirror_hole_cov=0.0155 real_p1_skipped=1.0000 real_p1_hole_frac=0.1850 real_p2_eps=0.3686 real_p2_hit=1.0000 real_p2_t=16.0000 real_p2_ldif=0.0056 real_p2_gen_adv=0.3696 real_p2_lfm=0.0003 real_total=0.4118 discr_adv=0.9952 p2_d_real=-0.3601 p2_d_fake=-0.3696 g_grad_abs=1224.9275 d_grad_abs=32.1337 synth_eps=0.0451 synth_eps_raw=0.0451 synth_x0_hit=0.0000 synth_total=0.0451 extra_render_attn_share=0.5866
[step 58350] real_p1_mirror_hole_cov=0.0980 real_p1_skipped=1.0000 real_p1_hole_frac=0.0198 real_p2_eps=0.0077 real_p2_hit=0.0000 real_total=0.0077 synth_eps=0.0024 synth_eps_raw=0.0024 synth_x0_hit=0.0000 synth_total=0.0024 extra_render_attn_share=0.5866
[step 58400] real_p1_mirror_hole_cov=0.0770 real_p1_skipped=1.0000 real_p1_hole_frac=0.1255 real_p2_eps=0.0016 real_p2_hit=0.0000 real_total=0.0016 discr_adv=1.0033 x0_d_real=0.4518 x0_d_fake=0.4583 g_grad_abs=65.0028 d_grad_abs=257.2171 synth_eps=0.0572 synth_eps_raw=0.0572 synth_x0_hit=0.0000 synth_total=0.0572 extra_render_attn_share=0.5866
[step 58450] real_p1_mirror_hole_cov=0.1504 real_p1_skipped=1.0000 real_p1_hole_frac=0.3340 real_p2_eps=0.3769 real_p2_hit=1.0000 real_p2_t=41.0000 real_p2_ldif=0.0153 real_p2_gen_adv=-0.2478 real_p2_lfm=0.0010 real_total=0.3695 discr_adv=0.9840 p2_d_real=0.2798 p2_d_fake=0.2478 g_grad_abs=1041.6615 d_grad_abs=319.3934 synth_eps=0.1035 synth_eps_raw=0.1035 synth_x0_hit=0.0000 synth_total=0.1035 extra_render_attn_share=0.5866
[step 58500] real_p1_mirror_hole_cov=0.0479 real_p1_skipped=1.0000 real_p1_hole_frac=0.1346 real_p2_eps=0.0274 real_p2_hit=0.0000 real_total=0.0274 synth_eps=0.2098 synth_eps_raw=0.2098 synth_x0_hit=1.0000 synth_x0_t=219.0000 synth_x0_ldif=0.0800 synth_x0_gen_adv=0.3078 synth_x0_lfm=0.0042 synth_total=0.3290 extra_render_attn_share=0.5866
[images] real: anchor | cond1 | cond2 | inv_warp_mirror | mask | mask_inv | warp_img | warp_warp_img | x | y_hat | y_hat_novel -> /home/xzy/warpgan-diffusiong-inpainting/warpgan-diffusion-inpainting-main/experiments/train_inpainting_diffusion/[20260911-143749]_v18w3_w3d_30k/logs/images/train/real_step0058500.png
[images] synth: cond | mask | target | warp_img | x | y_hat_novel -> /home/xzy/warpgan-diffusiong-inpainting/warpgan-diffusion-inpainting-main/experiments/train_inpainting_diffusion/[20260911-143749]_v18w3_w3d_30k/logs/images/train/synth_step0058500.png
[step 58550] real_p1_mirror_hole_cov=0.1004 real_p1_skipped=1.0000 real_p1_hole_frac=0.3168 real_p2_eps=0.0868 real_p2_hit=0.0000 real_total=0.0868 synth_eps=0.0361 synth_eps_raw=0.0361 synth_x0_hit=0.0000 synth_total=0.0361 extra_render_attn_share=0.5866
[step 58600] real_p1_mirror_hole_cov=0.0059 real_p1_skipped=1.0000 real_p1_hole_frac=0.1682 real_p2_eps=0.0039 real_p2_hit=0.0000 real_total=0.0039 discr_adv=0.9939 x0_d_real=-0.4583 x0_d_fake=-0.4748 g_grad_abs=73.2336 d_grad_abs=246.8286 synth_eps=0.0783 synth_eps_raw=0.0783 synth_x0_hit=0.0000 synth_total=0.0783 extra_render_attn_share=0.5866
[step 58650] real_p1_mirror_hole_cov=0.1136 real_p1_skipped=1.0000 real_p1_hole_frac=0.1114 real_p2_eps=0.0044 real_p2_hit=0.0000 real_total=0.0044 synth_eps=0.1461 synth_eps_raw=0.1461 synth_x0_hit=0.0000 synth_total=0.1461 extra_render_attn_share=0.5866
[step 58700] real_p1_mirror_hole_cov=0.1435 real_p1_skipped=1.0000 real_p1_hole_frac=0.5987 real_p2_eps=0.0024 real_p2_hit=0.0000 real_total=0.0024 discr_adv=0.9934 x0_d_real=0.4963 x0_d_fake=0.4831 g_grad_abs=45.5224 d_grad_abs=136.9647 synth_eps=0.0033 synth_eps_raw=0.0033 synth_x0_hit=0.0000 synth_total=0.0033 extra_render_attn_share=0.5866
[step 58750] real_p1_mirror_hole_cov=0.0749 real_p1_skipped=1.0000 real_p1_hole_frac=0.2915 real_p2_eps=0.0342 real_p2_hit=0.0000 real_total=0.0342 synth_eps=0.0287 synth_eps_raw=0.0287 synth_x0_hit=0.0000 synth_total=0.0287 extra_render_attn_share=0.5866
[step 58800] real_p1_mirror_hole_cov=0.0388 real_p1_skipped=1.0000 real_p1_hole_frac=0.1706 real_p2_eps=0.1632 real_p2_hit=1.0000 real_p2_t=159.0000 real_p2_ldif=0.0371 real_p2_gen_adv=0.2844 real_p2_lfm=0.0011 real_total=0.2310 discr_adv=0.9861 p2_d_real=-0.2566 p2_d_fake=-0.2844 g_grad_abs=1283.4041 d_grad_abs=173.6605 synth_eps=0.0675 synth_eps_raw=0.0675 synth_x0_hit=0.0000 synth_total=0.0675 extra_render_attn_share=0.5866
[step 58850] real_p1_mirror_hole_cov=0.4369 real_p1_skipped=1.0000 real_p1_hole_frac=0.3056 real_p2_eps=0.1441 real_p2_hit=1.0000 real_p2_t=166.0000 real_p2_ldif=0.0349 real_p2_gen_adv=0.3247 real_p2_lfm=0.0008 real_total=0.2130 discr_adv=0.9895 p2_d_real=-0.3037 p2_d_fake=-0.3247 g_grad_abs=818.7621 d_grad_abs=109.8035 synth_eps=0.0369 synth_eps_raw=0.0369 synth_x0_hit=0.0000 synth_total=0.0369 extra_render_attn_share=0.5866
[step 58900] real_p1_mirror_hole_cov=0.1408 real_p1_skipped=1.0000 real_p1_hole_frac=0.3699 real_p2_eps=0.2517 real_p2_hit=1.0000 real_p2_t=87.0000 real_p2_ldif=0.0249 real_p2_gen_adv=-0.2660 real_p2_lfm=0.0005 real_total=0.2510 discr_adv=0.9960 p2_d_real=0.2740 p2_d_fake=0.2660 g_grad_abs=992.0243 d_grad_abs=73.0588 synth_eps=0.1248 synth_eps_raw=0.1248 synth_x0_hit=0.0000 synth_total=0.1248 extra_render_attn_share=0.5866
[step 58950] real_p1_mirror_hole_cov=0.1275 real_p1_skipped=1.0000 real_p1_hole_frac=0.1188 real_p2_eps=0.1143 real_p2_hit=1.0000 real_p2_t=178.0000 real_p2_ldif=0.0309 real_p2_gen_adv=-0.1351 real_p2_lfm=0.0013 real_total=0.1342 discr_adv=1.0404 p2_d_real=0.0543 p2_d_fake=0.1351 g_grad_abs=851.9017 d_grad_abs=552.9461 synth_eps=0.0565 synth_eps_raw=0.0565 synth_x0_hit=0.0000 synth_total=0.0565 extra_render_attn_share=0.5866
[step 59000] real_p1_mirror_hole_cov=0.0174 real_p1_skipped=1.0000 real_p1_hole_frac=0.2523 real_p2_eps=0.0042 real_p2_hit=0.0000 real_total=0.0042 synth_eps=0.0343 synth_eps_raw=0.0343 synth_x0_hit=0.0000 synth_total=0.0343 extra_render_attn_share=0.5866
[images] real: anchor | cond1 | cond2 | inv_warp_mirror | mask | mask_inv | warp_img | warp_warp_img | x | y_hat | y_hat_novel -> /home/xzy/warpgan-diffusiong-inpainting/warpgan-diffusion-inpainting-main/experiments/train_inpainting_diffusion/[20260911-143749]_v18w3_w3d_30k/logs/images/train/real_step0059000.png
[images] synth: cond | mask | target | warp_img | x | y_hat_novel -> /home/xzy/warpgan-diffusiong-inpainting/warpgan-diffusion-inpainting-main/experiments/train_inpainting_diffusion/[20260911-143749]_v18w3_w3d_30k/logs/images/train/synth_step0059000.png
[step 59050] real_p1_mirror_hole_cov=0.0282 real_p1_skipped=1.0000 real_p1_hole_frac=0.3582 real_p2_eps=0.1071 real_p2_hit=1.0000 real_p2_t=295.0000 real_p2_ldif=0.0718 real_p2_gen_adv=-0.4091 real_p2_lfm=0.0034 real_total=0.1447 discr_adv=0.9881 p2_d_real=0.4329 p2_d_fake=0.4091 g_grad_abs=1083.9527 d_grad_abs=160.4433 synth_eps=0.0014 synth_eps_raw=0.0014 synth_x0_hit=0.0000 synth_total=0.0014 extra_render_attn_share=0.5866
[step 59100] real_p1_mirror_hole_cov=0.0602 real_p1_skipped=1.0000 real_p1_hole_frac=0.3092 real_p2_eps=0.0101 real_p2_hit=0.0000 real_total=0.0101 synth_eps=0.0121 synth_eps_raw=0.0121 synth_x0_hit=0.0000 synth_total=0.0121 extra_render_attn_share=0.5866
[step 59150] real_p1_mirror_hole_cov=0.0070 real_p1_skipped=1.0000 real_p1_hole_frac=0.1546 real_p2_eps=0.0391 real_p2_hit=0.0000 real_total=0.0391 synth_eps=0.6034 synth_eps_raw=0.6034 synth_x0_hit=1.0000 synth_x0_t=29.0000 synth_x0_ldif=0.0169 synth_x0_gen_adv=-0.7880 synth_x0_lfm=0.0020 synth_total=0.5454 extra_render_attn_share=0.5866
[step 59200] real_p1_mirror_hole_cov=0.3971 real_p1_skipped=1.0000 real_p1_hole_frac=0.5550 real_p2_eps=0.0339 real_p2_hit=0.0000 real_total=0.0339 synth_eps=0.7475 synth_eps_raw=0.7475 synth_x0_hit=1.0000 synth_x0_t=9.0000 synth_x0_ldif=0.0065 synth_x0_gen_adv=-0.5010 synth_x0_lfm=0.0005 synth_total=0.7049 extra_render_attn_share=0.5866
[step 59250] real_p1_mirror_hole_cov=0.0327 real_p1_skipped=1.0000 real_p1_hole_frac=0.1399 real_p2_eps=0.0454 real_p2_hit=0.0000 real_total=0.0454 synth_eps=0.0269 synth_eps_raw=0.0269 synth_x0_hit=0.0000 synth_total=0.0269 extra_render_attn_share=0.5866
[step 59300] real_p1_mirror_hole_cov=0.0036 real_p1_skipped=1.0000 real_p1_hole_frac=0.0737 real_p2_eps=0.0124 real_p2_hit=0.0000 real_total=0.0124 discr_adv=0.9740 x0_d_real=0.0954 x0_d_fake=0.0434 g_grad_abs=212.2689 d_grad_abs=212.0336 synth_eps=0.1171 synth_eps_raw=0.1171 synth_x0_hit=0.0000 synth_total=0.1171 extra_render_attn_share=0.5866
[step 59350] real_p1_mirror_hole_cov=0.3886 real_p1_skipped=1.0000 real_p1_hole_frac=0.0766 real_p2_eps=0.0006 real_p2_hit=0.0000 real_total=0.0006 synth_eps=0.0478 synth_eps_raw=0.0478 synth_x0_hit=0.0000 synth_total=0.0478 extra_render_attn_share=0.5866
[step 59400] real_p1_mirror_hole_cov=0.0034 real_p1_skipped=1.0000 real_p1_hole_frac=0.3246 real_p2_eps=0.1804 real_p2_hit=1.0000 real_p2_t=107.0000 real_p2_ldif=0.0233 real_p2_gen_adv=0.6375 real_p2_lfm=0.0015 real_total=0.2705 discr_adv=2.0426 x0_d_real=0.0465 x0_d_fake=0.0349 p2_d_real=-0.7232 p2_d_fake=-0.6375 g_grad_abs=1066.9765 d_grad_abs=539.8440 synth_eps=0.5081 synth_eps_raw=0.5081 synth_x0_hit=1.0000 synth_x0_t=57.0000 synth_x0_ldif=0.0301 synth_x0_gen_adv=-0.1388 synth_x0_lfm=0.0010 synth_total=0.5263 extra_render_attn_share=0.5866
[step 59450] real_p1_mirror_hole_cov=0.2868 real_p1_skipped=1.0000 real_p1_hole_frac=0.4506 real_p2_eps=0.0367 real_p2_hit=0.0000 real_total=0.0367 synth_eps=0.0456 synth_eps_raw=0.0456 synth_x0_hit=0.0000 synth_total=0.0456 extra_render_attn_share=0.5866
[step 59500] real_p1_mirror_hole_cov=0.0586 real_p1_skipped=1.0000 real_p1_hole_frac=0.1435 real_p2_eps=0.2247 real_p2_hit=1.0000 real_p2_t=60.0000 real_p2_ldif=0.0141 real_p2_gen_adv=-0.1552 real_p2_lfm=0.0007 real_total=0.2247 discr_adv=2.0708 x0_d_real=-0.4286 x0_d_fake=-0.3683 p2_d_real=0.0753 p2_d_fake=0.1552 g_grad_abs=1005.0518 d_grad_abs=572.8951 synth_eps=0.0468 synth_eps_raw=0.0468 synth_x0_hit=0.0000 synth_total=0.0468 extra_render_attn_share=0.5866
[images] real: anchor | cond1 | cond2 | inv_warp_mirror | mask | mask_inv | warp_img | warp_warp_img | x | y_hat | y_hat_novel -> /home/xzy/warpgan-diffusiong-inpainting/warpgan-diffusion-inpainting-main/experiments/train_inpainting_diffusion/[20260911-143749]_v18w3_w3d_30k/logs/images/train/real_step0059500.png
[images] synth: cond | mask | target | warp_img | x | y_hat_novel -> /home/xzy/warpgan-diffusiong-inpainting/warpgan-diffusion-inpainting-main/experiments/train_inpainting_diffusion/[20260911-143749]_v18w3_w3d_30k/logs/images/train/synth_step0059500.png
[step 59550] real_p1_mirror_hole_cov=0.4057 real_p1_skipped=1.0000 real_p1_hole_frac=0.0867 real_p2_eps=0.0116 real_p2_hit=0.0000 real_total=0.0116 discr_adv=0.9525 x0_d_real=-0.6120 x0_d_fake=-0.7071 g_grad_abs=142.7794 d_grad_abs=463.5717 synth_eps=0.0617 synth_eps_raw=0.0617 synth_x0_hit=0.0000 synth_total=0.0617 extra_render_attn_share=0.5866
[step 59600] real_p1_mirror_hole_cov=0.0855 real_p1_skipped=1.0000 real_p1_hole_frac=0.2299 real_p2_eps=0.0712 real_p2_hit=0.0000 real_total=0.0712 synth_eps=0.0318 synth_eps_raw=0.0318 synth_x0_hit=0.0000 synth_total=0.0318 extra_render_attn_share=0.5866
[step 59650] real_p1_mirror_hole_cov=0.0265 real_p1_skipped=1.0000 real_p1_hole_frac=0.1510 real_p2_eps=0.0236 real_p2_hit=0.0000 real_total=0.0236 discr_adv=0.9310 x0_d_real=0.4219 x0_d_fake=0.2839 g_grad_abs=182.1187 d_grad_abs=823.7268 synth_eps=0.0451 synth_eps_raw=0.0451 synth_x0_hit=0.0000 synth_total=0.0451 extra_render_attn_share=0.5866
[step 59700] real_p1_mirror_hole_cov=0.0443 real_p1_skipped=1.0000 real_p1_hole_frac=0.3786 real_p2_eps=0.1256 real_p2_hit=1.0000 real_p2_t=284.0000 real_p2_ldif=0.0779 real_p2_gen_adv=-0.8797 real_p2_lfm=0.0079 real_total=0.1314 discr_adv=1.0181 p2_d_real=0.8436 p2_d_fake=0.8797 g_grad_abs=2012.7752 d_grad_abs=599.6183 synth_eps=0.0350 synth_eps_raw=0.0350 synth_x0_hit=0.0000 synth_total=0.0350 extra_render_attn_share=0.5866
[step 59750] real_p1_mirror_hole_cov=0.0062 real_p1_skipped=1.0000 real_p1_hole_frac=0.2541 real_p2_eps=0.3474 real_p2_hit=1.0000 real_p2_t=25.0000 real_p2_ldif=0.0083 real_p2_gen_adv=-0.8821 real_p2_lfm=0.0008 real_total=0.2691 discr_adv=0.9987 p2_d_real=0.8847 p2_d_fake=0.8821 g_grad_abs=1096.6842 d_grad_abs=12.2482 synth_eps=0.0143 synth_eps_raw=0.0143 synth_x0_hit=0.0000 synth_total=0.0143 extra_render_attn_share=0.5866
[step 59800] real_p1_mirror_hole_cov=0.0411 real_p1_skipped=1.0000 real_p1_hole_frac=0.1513 real_p2_eps=0.1262 real_p2_hit=1.0000 real_p2_t=166.0000 real_p2_ldif=0.0306 real_p2_gen_adv=-0.8753 real_p2_lfm=0.0026 real_total=0.0745 discr_adv=0.9965 p2_d_real=0.8823 p2_d_fake=0.8753 g_grad_abs=730.0518 d_grad_abs=33.6285 synth_eps=0.0086 synth_eps_raw=0.0086 synth_x0_hit=0.0000 synth_total=0.0086 extra_render_attn_share=0.5866
[step 59850] real_p1_mirror_hole_cov=0.0463 real_p1_skipped=1.0000 real_p1_hole_frac=0.3861 real_p2_eps=0.0485 real_p2_hit=0.0000 real_total=0.0485 discr_adv=0.9990 x0_d_real=0.8770 x0_d_fake=0.8751 g_grad_abs=508.0072 d_grad_abs=11.2444 synth_eps=0.0819 synth_eps_raw=0.0819 synth_x0_hit=0.0000 synth_total=0.0819 extra_render_attn_share=0.5866
[step 59900] real_p1_mirror_hole_cov=0.0473 real_p1_skipped=1.0000 real_p1_hole_frac=0.0961 real_p2_eps=0.0447 real_p2_hit=0.0000 real_total=0.0447 synth_eps=0.0491 synth_eps_raw=0.0491 synth_x0_hit=0.0000 synth_total=0.0491 extra_render_attn_share=0.5866
[step 59950] real_p1_mirror_hole_cov=0.0242 real_p1_skipped=1.0000 real_p1_hole_frac=0.2690 real_p2_eps=0.0059 real_p2_hit=0.0000 real_total=0.0059 synth_eps=0.0200 synth_eps_raw=0.0200 synth_x0_hit=0.0000 synth_total=0.0200 extra_render_attn_share=0.5866
[ckpt] saved /home/xzy/warpgan-diffusiong-inpainting/warpgan-diffusion-inpainting-main/experiments/train_inpainting_diffusion/[20260911-143749]_v18w3_w3d_30k/checkpoints/iteration_0059999.pt
[val step 59999] val_novel_full=0.1085 val_novel_hole=0.1047 val_novel_visible=0.1118
[step 60000] real_p1_mirror_hole_cov=0.0189 real_p1_skipped=1.0000 real_p1_hole_frac=0.3825 real_p2_eps=0.0394 real_p2_hit=0.0000 real_total=0.0394 synth_eps=0.3493 synth_eps_raw=0.3493 synth_x0_hit=1.0000 synth_x0_t=93.0000 synth_x0_ldif=0.0376 synth_x0_gen_adv=-0.6307 synth_x0_lfm=0.0055 synth_total=0.3347 extra_render_attn_share=0.5766
[images] real: anchor | cond1 | cond2 | inv_warp_mirror | mask | mask_inv | warp_img | warp_warp_img | x | y_hat | y_hat_novel -> /home/xzy/warpgan-diffusiong-inpainting/warpgan-diffusion-inpainting-main/experiments/train_inpainting_diffusion/[20260911-143749]_v18w3_w3d_30k/logs/images/train/real_step0060000.png
[images] synth: cond | mask | target | warp_img | x | y_hat_novel -> /home/xzy/warpgan-diffusiong-inpainting/warpgan-diffusion-inpainting-main/experiments/train_inpainting_diffusion/[20260911-143749]_v18w3_w3d_30k/logs/images/train/synth_step0060000.png
[step 60050] real_p1_mirror_hole_cov=0.1919 real_p1_skipped=1.0000 real_p1_hole_frac=0.6053 real_p2_eps=0.0433 real_p2_hit=0.0000 real_total=0.0433 synth_eps=0.0071 synth_eps_raw=0.0071 synth_x0_hit=0.0000 synth_total=0.0071 extra_render_attn_share=0.5766
[step 60100] real_p1_mirror_hole_cov=0.1241 real_p1_skipped=1.0000 real_p1_hole_frac=0.4338 real_p2_eps=0.0016 real_p2_hit=0.0000 real_total=0.0016 synth_eps=0.1002 synth_eps_raw=0.1002 synth_x0_hit=0.0000 synth_total=0.1002 extra_render_attn_share=0.5766
[step 60150] real_p1_mirror_hole_cov=0.0202 real_p1_skipped=1.0000 real_p1_hole_frac=0.3600 real_p2_eps=0.0072 real_p2_hit=0.0000 real_total=0.0072 synth_eps=0.0120 synth_eps_raw=0.0120 synth_x0_hit=0.0000 synth_total=0.0120 extra_render_attn_share=0.5766
[step 60200] real_p1_mirror_hole_cov=0.1737 real_p1_skipped=1.0000 real_p1_hole_frac=0.3852 real_p2_eps=0.0108 real_p2_hit=0.0000 real_total=0.0108 discr_adv=0.9705 x0_d_real=-0.0362 x0_d_fake=-0.0953 g_grad_abs=177.3659 d_grad_abs=309.3133 synth_eps=0.0058 synth_eps_raw=0.0058 synth_x0_hit=0.0000 synth_total=0.0058 extra_render_attn_share=0.5766
[step 60250] real_p1_mirror_hole_cov=0.0137 real_p1_skipped=1.0000 real_p1_hole_frac=0.0798 real_p2_eps=0.0403 real_p2_hit=0.0000 real_total=0.0403 discr_adv=0.9918 x0_d_real=0.2907 x0_d_fake=0.2742 g_grad_abs=297.7410 d_grad_abs=82.4917 synth_eps=0.0164 synth_eps_raw=0.0164 synth_x0_hit=0.0000 synth_total=0.0164 extra_render_attn_share=0.5766
[step 60300] real_p1_mirror_hole_cov=0.0995 real_p1_skipped=1.0000 real_p1_hole_frac=0.1698 real_p2_eps=0.0030 real_p2_hit=0.0000 real_total=0.0030 synth_eps=0.2304 synth_eps_raw=0.2304 synth_x0_hit=1.0000 synth_x0_t=215.0000 synth_x0_ldif=0.0851 synth_x0_gen_adv=0.3679 synth_x0_lfm=0.0043 synth_total=0.3610 extra_render_attn_share=0.5766
[step 60350] real_p1_mirror_hole_cov=0.0187 real_p1_skipped=1.0000 real_p1_hole_frac=0.0484 real_p2_eps=0.0032 real_p2_hit=0.0000 real_total=0.0032 synth_eps=0.0084 synth_eps_raw=0.0084 synth_x0_hit=0.0000 synth_total=0.0084 extra_render_attn_share=0.5766
[step 60400] real_p1_mirror_hole_cov=0.1034 real_p1_skipped=1.0000 real_p1_hole_frac=0.3312 real_p2_eps=0.0115 real_p2_hit=0.0000 real_total=0.0115 synth_eps=0.0040 synth_eps_raw=0.0040 synth_x0_hit=0.0000 synth_total=0.0040 extra_render_attn_share=0.5766
[step 60450] real_p1_mirror_hole_cov=0.1579 real_p1_skipped=1.0000 real_p1_hole_frac=0.1047 real_p2_eps=0.0326 real_p2_hit=0.0000 real_total=0.0326 synth_eps=0.0794 synth_eps_raw=0.0794 synth_x0_hit=0.0000 synth_total=0.0794 extra_render_attn_share=0.5766
[step 60500] real_p1_mirror_hole_cov=0.0026 real_p1_skipped=1.0000 real_p1_hole_frac=0.2791 real_p2_eps=0.0143 real_p2_hit=0.0000 real_total=0.0143 discr_adv=0.9575 x0_d_real=-0.0890 x0_d_fake=-0.1741 g_grad_abs=156.0756 d_grad_abs=344.3933 synth_eps=0.0510 synth_eps_raw=0.0510 synth_x0_hit=0.0000 synth_total=0.0510 extra_render_attn_share=0.5766
[images] real: anchor | cond1 | cond2 | inv_warp_mirror | mask | mask_inv | warp_img | warp_warp_img | x | y_hat | y_hat_novel -> /home/xzy/warpgan-diffusiong-inpainting/warpgan-diffusion-inpainting-main/experiments/train_inpainting_diffusion/[20260911-143749]_v18w3_w3d_30k/logs/images/train/real_step0060500.png
[images] synth: cond | mask | target | warp_img | x | y_hat_novel -> /home/xzy/warpgan-diffusiong-inpainting/warpgan-diffusion-inpainting-main/experiments/train_inpainting_diffusion/[20260911-143749]_v18w3_w3d_30k/logs/images/train/synth_step0060500.png
[step 60550] real_p1_mirror_hole_cov=0.0001 real_p1_skipped=1.0000 real_p1_hole_frac=0.1019 real_p2_eps=0.0399 real_p2_hit=0.0000 real_total=0.0399 synth_eps=0.0036 synth_eps_raw=0.0036 synth_x0_hit=0.0000 synth_total=0.0036 extra_render_attn_share=0.5766
[step 60600] real_p1_mirror_hole_cov=0.0855 real_p1_skipped=1.0000 real_p1_hole_frac=0.2057 real_p2_eps=0.0012 real_p2_hit=0.0000 real_total=0.0012 synth_eps=0.3585 synth_eps_raw=0.3585 synth_x0_hit=1.0000 synth_x0_t=120.0000 synth_x0_ldif=0.0542 synth_x0_gen_adv=-0.2021 synth_x0_lfm=0.0033 synth_total=0.3992 extra_render_attn_share=0.5766
[step 60650] real_p1_mirror_hole_cov=0.0000 real_p1_skipped=1.0000 real_p1_hole_frac=0.0239 real_p2_eps=0.0372 real_p2_hit=0.0000 real_total=0.0372 synth_eps=0.0018 synth_eps_raw=0.0018 synth_x0_hit=0.0000 synth_total=0.0018 extra_render_attn_share=0.5766
[step 60700] real_p1_mirror_hole_cov=0.1668 real_p1_skipped=1.0000 real_p1_hole_frac=0.3579 real_p2_eps=0.0201 real_p2_hit=0.0000 real_total=0.0201 synth_eps=0.2848 synth_eps_raw=0.2848 synth_x0_hit=1.0000 synth_x0_t=193.0000 synth_x0_ldif=0.0878 synth_x0_gen_adv=0.2279 synth_x0_lfm=0.0047 synth_total=0.4048 extra_render_attn_share=0.5766
[step 60750] real_p1_mirror_hole_cov=0.0492 real_p1_skipped=1.0000 real_p1_hole_frac=0.1484 real_p2_eps=0.3872 real_p2_hit=1.0000 real_p2_t=29.0000 real_p2_ldif=0.0108 real_p2_gen_adv=-0.6333 real_p2_lfm=0.0005 real_total=0.3358 discr_adv=0.9946 p2_d_real=0.6441 p2_d_fake=0.6333 g_grad_abs=1143.7119 d_grad_abs=73.0400 synth_eps=0.6709 synth_eps_raw=0.6709 synth_x0_hit=1.0000 synth_x0_t=16.0000 synth_x0_ldif=0.0102 synth_x0_gen_adv=-0.1879 synth_x0_lfm=0.0007 synth_total=0.6638 extra_render_attn_share=0.5766
[step 60800] real_p1_mirror_hole_cov=0.0411 real_p1_skipped=1.0000 real_p1_hole_frac=0.2383 real_p2_eps=0.4819 real_p2_hit=1.0000 real_p2_t=12.0000 real_p2_ldif=0.0055 real_p2_gen_adv=-0.4362 real_p2_lfm=0.0002 real_total=0.4442 discr_adv=1.0016 p2_d_real=0.4329 p2_d_fake=0.4362 g_grad_abs=1304.1625 d_grad_abs=80.6186 synth_eps=0.0014 synth_eps_raw=0.0014 synth_x0_hit=0.0000 synth_total=0.0014 extra_render_attn_share=0.5766
[step 60850] real_p1_mirror_hole_cov=0.0525 real_p1_skipped=1.0000 real_p1_hole_frac=0.3585 real_p2_eps=0.4493 real_p2_hit=1.0000 real_p2_t=26.0000 real_p2_ldif=0.0112 real_p2_gen_adv=-0.5765 real_p2_lfm=0.0005 real_total=0.4039 discr_adv=0.9887 p2_d_real=0.5991 p2_d_fake=0.5765 g_grad_abs=1273.9811 d_grad_abs=96.8427 synth_eps=0.0027 synth_eps_raw=0.0027 synth_x0_hit=0.0000 synth_total=0.0027 extra_render_attn_share=0.5766
[step 60900] real_p1_mirror_hole_cov=0.1030 real_p1_skipped=1.0000 real_p1_hole_frac=0.3661 real_p2_eps=0.5639 real_p2_hit=1.0000 real_p2_t=10.0000 real_p2_ldif=0.0054 real_p2_gen_adv=-0.4000 real_p2_lfm=0.0005 real_total=0.5302 discr_adv=1.9404 x0_d_real=0.0053 x0_d_fake=-0.0791 p2_d_real=0.4348 p2_d_fake=0.4000 g_grad_abs=1249.9084 d_grad_abs=372.2509 synth_eps=0.0048 synth_eps_raw=0.0048 synth_x0_hit=0.0000 synth_total=0.0048 extra_render_attn_share=0.5766
[step 60950] real_p1_mirror_hole_cov=0.0018 real_p1_skipped=1.0000 real_p1_hole_frac=0.3045 real_p2_eps=0.0041 real_p2_hit=0.0000 real_total=0.0041 synth_eps=0.1786 synth_eps_raw=0.1786 synth_x0_hit=1.0000 synth_x0_t=287.0000 synth_x0_ldif=0.1131 synth_x0_gen_adv=0.5197 synth_x0_lfm=0.0026 synth_total=0.3489 extra_render_attn_share=0.5766
[step 61000] real_p1_mirror_hole_cov=0.2639 real_p1_skipped=1.0000 real_p1_hole_frac=0.2289 real_p2_eps=0.0154 real_p2_hit=0.0000 real_total=0.0154 synth_eps=0.0032 synth_eps_raw=0.0032 synth_x0_hit=0.0000 synth_total=0.0032 extra_render_attn_share=0.5766
[images] real: anchor | cond1 | cond2 | inv_warp_mirror | mask | mask_inv | warp_img | warp_warp_img | x | y_hat | y_hat_novel -> /home/xzy/warpgan-diffusiong-inpainting/warpgan-diffusion-inpainting-main/experiments/train_inpainting_diffusion/[20260911-143749]_v18w3_w3d_30k/logs/images/train/real_step0061000.png
[images] synth: cond | mask | target | warp_img | x | y_hat_novel -> /home/xzy/warpgan-diffusiong-inpainting/warpgan-diffusion-inpainting-main/experiments/train_inpainting_diffusion/[20260911-143749]_v18w3_w3d_30k/logs/images/train/synth_step0061000.png
[step 61050] real_p1_mirror_hole_cov=0.0223 real_p1_skipped=1.0000 real_p1_hole_frac=0.0492 real_p2_eps=0.0165 real_p2_hit=0.0000 real_total=0.0165 discr_adv=0.9535 x0_d_real=0.6566 x0_d_fake=0.5637 g_grad_abs=198.0598 d_grad_abs=438.1285 synth_eps=0.4640 synth_eps_raw=0.4640 synth_x0_hit=1.0000 synth_x0_t=86.0000 synth_x0_ldif=0.0452 synth_x0_gen_adv=-0.8279 synth_x0_lfm=0.0020 synth_total=0.4304 extra_render_attn_share=0.5766
[step 61100] real_p1_mirror_hole_cov=0.0563 real_p1_skipped=1.0000 real_p1_hole_frac=0.3590 real_p2_eps=0.1576 real_p2_hit=1.0000 real_p2_t=191.0000 real_p2_ldif=0.0477 real_p2_gen_adv=-0.7296 real_p2_lfm=0.0013 real_total=0.1350 discr_adv=0.9985 p2_d_real=0.7326 p2_d_fake=0.7296 g_grad_abs=911.5334 d_grad_abs=69.4849 synth_eps=0.2436 synth_eps_raw=0.2436 synth_x0_hit=1.0000 synth_x0_t=241.0000 synth_x0_ldif=0.1102 synth_x0_gen_adv=-0.5789 synth_x0_lfm=0.0037 synth_total=0.3032 extra_render_attn_share=0.5766
[step 61150] real_p1_mirror_hole_cov=0.0914 real_p1_skipped=1.0000 real_p1_hole_frac=0.1490 real_p2_eps=0.0081 real_p2_hit=0.0000 real_total=0.0081 discr_adv=0.9635 x0_d_real=0.4969 x0_d_fake=0.4239 g_grad_abs=112.2756 d_grad_abs=288.9950 synth_eps=0.1354 synth_eps_raw=0.1354 synth_x0_hit=0.0000 synth_total=0.1354 extra_render_attn_share=0.5766
[step 61200] real_p1_mirror_hole_cov=0.1176 real_p1_skipped=1.0000 real_p1_hole_frac=0.1374 real_p2_eps=0.0037 real_p2_hit=0.0000 real_total=0.0037 synth_eps=0.6013 synth_eps_raw=0.6013 synth_x0_hit=1.0000 synth_x0_t=48.0000 synth_x0_ldif=0.0293 synth_x0_gen_adv=0.0716 synth_x0_lfm=0.0011 synth_total=0.6400 extra_render_attn_share=0.5766
[step 61250] real_p1_mirror_hole_cov=0.0776 real_p1_skipped=1.0000 real_p1_hole_frac=0.1749 real_p2_eps=0.0024 real_p2_hit=0.0000 real_total=0.0024 synth_eps=0.0243 synth_eps_raw=0.0243 synth_x0_hit=0.0000 synth_total=0.0243 extra_render_attn_share=0.5766
[step 61300] real_p1_mirror_hole_cov=0.0161 real_p1_skipped=1.0000 real_p1_hole_frac=0.2595 real_p2_eps=0.0011 real_p2_hit=0.0000 real_total=0.0011 discr_adv=0.9960 x0_d_real=0.1877 x0_d_fake=0.1797 g_grad_abs=28.3929 d_grad_abs=93.4169 synth_eps=0.0930 synth_eps_raw=0.0930 synth_x0_hit=0.0000 synth_total=0.0930 extra_render_attn_share=0.5766
[step 61350] real_p1_mirror_hole_cov=0.0611 real_p1_skipped=1.0000 real_p1_hole_frac=0.0337 real_p2_eps=0.0546 real_p2_hit=1.0000 real_p2_t=235.0000 real_p2_ldif=0.0236 real_p2_gen_adv=-0.0928 real_p2_lfm=0.0023 real_total=0.0736 discr_adv=1.0914 p2_d_real=-0.0899 p2_d_fake=0.0928 g_grad_abs=505.0489 d_grad_abs=489.9835 synth_eps=0.0011 synth_eps_raw=0.0011 synth_x0_hit=0.0000 synth_total=0.0011 extra_render_attn_share=0.5766
[step 61400] real_p1_mirror_hole_cov=0.0067 real_p1_skipped=1.0000 real_p1_hole_frac=0.1814 real_p2_eps=0.0025 real_p2_hit=0.0000 real_total=0.0025 discr_adv=1.1152 x0_d_real=-0.3293 x0_d_fake=-0.0994 g_grad_abs=50.5756 d_grad_abs=653.4179 synth_eps=0.0028 synth_eps_raw=0.0028 synth_x0_hit=0.0000 synth_total=0.0028 extra_render_attn_share=0.5766
[step 61450] real_p1_mirror_hole_cov=0.0403 real_p1_skipped=1.0000 real_p1_hole_frac=0.4438 real_p2_eps=0.1534 real_p2_hit=1.0000 real_p2_t=204.0000 real_p2_ldif=0.0518 real_p2_gen_adv=-0.3350 real_p2_lfm=0.0011 real_total=0.1739 discr_adv=1.0136 p2_d_real=0.3079 p2_d_fake=0.3350 g_grad_abs=1090.4803 d_grad_abs=119.3154 synth_eps=0.3483 synth_eps_raw=0.3483 synth_x0_hit=1.0000 synth_x0_t=130.0000 synth_x0_ldif=0.0589 synth_x0_gen_adv=-0.3605 synth_x0_lfm=0.0018 synth_total=0.3748 extra_render_attn_share=0.5766
[step 61500] real_p1_mirror_hole_cov=0.0034 real_p1_skipped=1.0000 real_p1_hole_frac=0.1043 real_p2_eps=0.0071 real_p2_hit=0.0000 real_total=0.0071 discr_adv=1.0132 x0_d_real=-0.3268 x0_d_fake=-0.3006 g_grad_abs=97.8368 d_grad_abs=162.9508 synth_eps=0.2237 synth_eps_raw=0.2237 synth_x0_hit=1.0000 synth_x0_t=287.0000 synth_x0_ldif=0.1416 synth_x0_gen_adv=0.0669 synth_x0_lfm=0.0027 synth_total=0.3773 extra_render_attn_share=0.5766
[images] real: anchor | cond1 | cond2 | inv_warp_mirror | mask | mask_inv | warp_img | warp_warp_img | x | y_hat | y_hat_novel -> /home/xzy/warpgan-diffusiong-inpainting/warpgan-diffusion-inpainting-main/experiments/train_inpainting_diffusion/[20260911-143749]_v18w3_w3d_30k/logs/images/train/real_step0061500.png
[images] synth: cond | mask | target | warp_img | x | y_hat_novel -> /home/xzy/warpgan-diffusiong-inpainting/warpgan-diffusion-inpainting-main/experiments/train_inpainting_diffusion/[20260911-143749]_v18w3_w3d_30k/logs/images/train/synth_step0061500.png
[step 61550] real_p1_mirror_hole_cov=0.1805 real_p1_skipped=1.0000 real_p1_hole_frac=0.1325 real_p2_eps=0.0406 real_p2_hit=0.0000 real_total=0.0406 synth_eps=0.4071 synth_eps_raw=0.4071 synth_x0_hit=1.0000 synth_x0_t=92.0000 synth_x0_ldif=0.0432 synth_x0_gen_adv=-0.6793 synth_x0_lfm=0.0017 synth_total=0.3858 extra_render_attn_share=0.5766
[step 61600] real_p1_mirror_hole_cov=0.0568 real_p1_skipped=1.0000 real_p1_hole_frac=0.2353 real_p2_eps=0.0925 real_p2_hit=0.0000 real_total=0.0925 synth_eps=0.0033 synth_eps_raw=0.0033 synth_x0_hit=0.0000 synth_total=0.0033 extra_render_attn_share=0.5766
[step 61650] real_p1_mirror_hole_cov=0.0057 real_p1_skipped=1.0000 real_p1_hole_frac=0.2646 real_p2_eps=0.0251 real_p2_hit=0.0000 real_total=0.0251 synth_eps=0.0414 synth_eps_raw=0.0414 synth_x0_hit=0.0000 synth_total=0.0414 extra_render_attn_share=0.5766
[step 61700] real_p1_mirror_hole_cov=0.0080 real_p1_skipped=1.0000 real_p1_hole_frac=0.1404 real_p2_eps=0.0090 real_p2_hit=0.0000 real_total=0.0090 discr_adv=0.9411 x0_d_real=0.1287 x0_d_fake=0.0108 g_grad_abs=135.0100 d_grad_abs=433.1787 synth_eps=0.1488 synth_eps_raw=0.1488 synth_x0_hit=0.0000 synth_total=0.1488 extra_render_attn_share=0.5766
[step 61750] real_p1_mirror_hole_cov=0.1399 real_p1_skipped=1.0000 real_p1_hole_frac=0.3720 real_p2_eps=0.0229 real_p2_hit=0.0000 real_total=0.0229 synth_eps=0.0459 synth_eps_raw=0.0459 synth_x0_hit=0.0000 synth_total=0.0459 extra_render_attn_share=0.5766
[step 61800] real_p1_mirror_hole_cov=0.2788 real_p1_skipped=1.0000 real_p1_hole_frac=0.3377 real_p2_eps=0.0027 real_p2_hit=0.0000 real_total=0.0027 discr_adv=0.9666 x0_d_real=-0.1106 x0_d_fake=-0.1774 g_grad_abs=61.9607 d_grad_abs=192.9793 synth_eps=0.0061 synth_eps_raw=0.0061 synth_x0_hit=0.0000 synth_total=0.0061 extra_render_attn_share=0.5766
[step 61850] real_p1_mirror_hole_cov=0.3191 real_p1_skipped=1.0000 real_p1_hole_frac=0.3130 real_p2_eps=0.0412 real_p2_hit=0.0000 real_total=0.0412 discr_adv=0.9862 x0_d_real=0.8787 x0_d_fake=0.8506 g_grad_abs=238.5442 d_grad_abs=255.6049 synth_eps=0.0199 synth_eps_raw=0.0199 synth_x0_hit=0.0000 synth_total=0.0199 extra_render_attn_share=0.5766
[step 61900] real_p1_mirror_hole_cov=0.0371 real_p1_skipped=1.0000 real_p1_hole_frac=0.1962 real_p2_eps=0.0196 real_p2_hit=0.0000 real_total=0.0196 synth_eps=0.0215 synth_eps_raw=0.0215 synth_x0_hit=0.0000 synth_total=0.0215 extra_render_attn_share=0.5766
[step 61950] real_p1_mirror_hole_cov=0.1269 real_p1_skipped=1.0000 real_p1_hole_frac=0.3176 real_p2_eps=0.0723 real_p2_hit=0.0000 real_total=0.0723 synth_eps=0.0073 synth_eps_raw=0.0073 synth_x0_hit=0.0000 synth_total=0.0073 extra_render_attn_share=0.5766
[val step 61999] val_novel_full=0.0689 val_novel_hole=0.0827 val_novel_visible=0.0664
[step 62000] real_p1_mirror_hole_cov=0.0288 real_p1_skipped=1.0000 real_p1_hole_frac=0.2714 real_p2_eps=0.1532 real_p2_hit=1.0000 real_p2_t=168.0000 real_p2_ldif=0.0378 real_p2_gen_adv=0.4299 real_p2_lfm=0.0017 real_total=0.2375 discr_adv=2.0133 x0_d_real=-0.3734 x0_d_fake=-0.5563 p2_d_real=-0.6394 p2_d_fake=-0.4299 g_grad_abs=998.8344 d_grad_abs=789.9804 synth_eps=0.0963 synth_eps_raw=0.0963 synth_x0_hit=0.0000 synth_total=0.0963 extra_render_attn_share=0.5841
[images] real: anchor | cond1 | cond2 | inv_warp_mirror | mask | mask_inv | warp_img | warp_warp_img | x | y_hat | y_hat_novel -> /home/xzy/warpgan-diffusiong-inpainting/warpgan-diffusion-inpainting-main/experiments/train_inpainting_diffusion/[20260911-143749]_v18w3_w3d_30k/logs/images/train/real_step0062000.png
[images] synth: cond | mask | target | warp_img | x | y_hat_novel -> /home/xzy/warpgan-diffusiong-inpainting/warpgan-diffusion-inpainting-main/experiments/train_inpainting_diffusion/[20260911-143749]_v18w3_w3d_30k/logs/images/train/synth_step0062000.png
[step 62050] real_p1_mirror_hole_cov=0.2198 real_p1_skipped=1.0000 real_p1_hole_frac=0.0553 real_p2_eps=0.0511 real_p2_hit=1.0000 real_p2_t=270.0000 real_p2_ldif=0.0287 real_p2_gen_adv=-0.3289 real_p2_lfm=0.0017 real_total=0.0502 discr_adv=2.0123 x0_d_real=0.0615 x0_d_fake=-0.0507 p2_d_real=0.1929 p2_d_fake=0.3289 g_grad_abs=720.3015 d_grad_abs=462.2398 synth_eps=0.1543 synth_eps_raw=0.1543 synth_x0_hit=0.0000 synth_total=0.1543 extra_render_attn_share=0.5841
[step 62100] real_p1_mirror_hole_cov=0.2025 real_p1_skipped=1.0000 real_p1_hole_frac=0.1480 real_p2_eps=0.2016 real_p2_hit=1.0000 real_p2_t=64.0000 real_p2_ldif=0.0137 real_p2_gen_adv=-0.3094 real_p2_lfm=0.0003 real_total=0.1849 discr_adv=0.9807 p2_d_real=0.3479 p2_d_fake=0.3094 g_grad_abs=1013.8827 d_grad_abs=206.6254 synth_eps=0.0029 synth_eps_raw=0.0029 synth_x0_hit=0.0000 synth_total=0.0029 extra_render_attn_share=0.5841
[step 62150] real_p1_mirror_hole_cov=0.0849 real_p1_skipped=1.0000 real_p1_hole_frac=0.3236 real_p2_eps=0.0098 real_p2_hit=0.0000 real_total=0.0098 synth_eps=0.1078 synth_eps_raw=0.1078 synth_x0_hit=0.0000 synth_total=0.1078 extra_render_attn_share=0.5841
[step 62200] real_p1_mirror_hole_cov=0.1638 real_p1_skipped=1.0000 real_p1_hole_frac=0.3288 real_p2_eps=0.1579 real_p2_hit=1.0000 real_p2_t=186.0000 real_p2_ldif=0.0458 real_p2_gen_adv=-0.5528 real_p2_lfm=0.0010 real_total=0.1505 discr_adv=1.9973 x0_d_real=-0.0476 x0_d_fake=-0.0298 p2_d_real=0.5759 p2_d_fake=0.5528 g_grad_abs=1101.9508 d_grad_abs=396.6373 synth_eps=0.0025 synth_eps_raw=0.0025 synth_x0_hit=0.0000 synth_total=0.0025 extra_render_attn_share=0.5841
[step 62250] real_p1_mirror_hole_cov=0.2155 real_p1_skipped=1.0000 real_p1_hole_frac=0.1928 real_p2_eps=0.1743 real_p2_hit=1.0000 real_p2_t=95.0000 real_p2_ldif=0.0193 real_p2_gen_adv=-0.2331 real_p2_lfm=0.0005 real_total=0.1713 discr_adv=2.0471 x0_d_real=0.1311 x0_d_fake=0.1543 p2_d_real=0.1622 p2_d_fake=0.2331 g_grad_abs=941.7121 d_grad_abs=360.5157 synth_eps=0.0101 synth_eps_raw=0.0101 synth_x0_hit=0.0000 synth_total=0.0101 extra_render_attn_share=0.5841
[step 62300] real_p1_mirror_hole_cov=0.2064 real_p1_skipped=1.0000 real_p1_hole_frac=0.3076 real_p2_eps=0.1516 real_p2_hit=1.0000 real_p2_t=202.0000 real_p2_ldif=0.0504 real_p2_gen_adv=0.1796 real_p2_lfm=0.0007 real_total=0.2214 discr_adv=0.9983 p2_d_real=-0.1761 p2_d_fake=-0.1796 g_grad_abs=885.7601 d_grad_abs=60.3054 synth_eps=0.0597 synth_eps_raw=0.0597 synth_x0_hit=0.0000 synth_total=0.0597 extra_render_attn_share=0.5841
[step 62350] real_p1_mirror_hole_cov=0.0979 real_p1_skipped=1.0000 real_p1_hole_frac=0.2258 real_p2_eps=0.0137 real_p2_hit=0.0000 real_total=0.0137 synth_eps=0.1028 synth_eps_raw=0.1028 synth_x0_hit=0.0000 synth_total=0.1028 extra_render_attn_share=0.5841
[step 62400] real_p1_mirror_hole_cov=0.1826 real_p1_skipped=1.0000 real_p1_hole_frac=0.2640 real_p2_eps=0.0061 real_p2_hit=0.0000 real_total=0.0061 discr_adv=0.9840 x0_d_real=0.5127 x0_d_fake=0.4807 g_grad_abs=74.7662 d_grad_abs=154.8494 synth_eps=0.0368 synth_eps_raw=0.0368 synth_x0_hit=0.0000 synth_total=0.0368 extra_render_attn_share=0.5841
[step 62450] real_p1_mirror_hole_cov=0.0412 real_p1_skipped=1.0000 real_p1_hole_frac=0.3171 real_p2_eps=0.0441 real_p2_hit=0.0000 real_total=0.0441 synth_eps=0.0620 synth_eps_raw=0.0620 synth_x0_hit=0.0000 synth_total=0.0620 extra_render_attn_share=0.5841
[step 62500] real_p1_mirror_hole_cov=0.0107 real_p1_skipped=1.0000 real_p1_hole_frac=0.2662 real_p2_eps=0.0223 real_p2_hit=0.0000 real_total=0.0223 synth_eps=0.0011 synth_eps_raw=0.0011 synth_x0_hit=0.0000 synth_total=0.0011 extra_render_attn_share=0.5841
[images] real: anchor | cond1 | cond2 | inv_warp_mirror | mask | mask_inv | warp_img | warp_warp_img | x | y_hat | y_hat_novel -> /home/xzy/warpgan-diffusiong-inpainting/warpgan-diffusion-inpainting-main/experiments/train_inpainting_diffusion/[20260911-143749]_v18w3_w3d_30k/logs/images/train/real_step0062500.png
[images] synth: cond | mask | target | warp_img | x | y_hat_novel -> /home/xzy/warpgan-diffusiong-inpainting/warpgan-diffusion-inpainting-main/experiments/train_inpainting_diffusion/[20260911-143749]_v18w3_w3d_30k/logs/images/train/synth_step0062500.png
[step 62550] real_p1_mirror_hole_cov=0.0115 real_p1_skipped=1.0000 real_p1_hole_frac=0.2572 real_p2_eps=0.0296 real_p2_hit=0.0000 real_total=0.0296 synth_eps=0.2748 synth_eps_raw=0.2748 synth_x0_hit=1.0000 synth_x0_t=114.0000 synth_x0_ldif=0.0387 synth_x0_gen_adv=-0.3872 synth_x0_lfm=0.0011 synth_total=0.2770 extra_render_attn_share=0.5841
[step 62600] real_p1_mirror_hole_cov=0.0344 real_p1_skipped=1.0000 real_p1_hole_frac=0.1335 real_p2_eps=0.0288 real_p2_hit=0.0000 real_total=0.0288 synth_eps=0.0197 synth_eps_raw=0.0197 synth_x0_hit=0.0000 synth_total=0.0197 extra_render_attn_share=0.5841
[step 62650] real_p1_mirror_hole_cov=0.1195 real_p1_skipped=1.0000 real_p1_hole_frac=0.2071 real_p2_eps=0.0023 real_p2_hit=0.0000 real_total=0.0023 synth_eps=0.0570 synth_eps_raw=0.0570 synth_x0_hit=0.0000 synth_total=0.0570 extra_render_attn_share=0.5841
[step 62700] real_p1_mirror_hole_cov=0.0995 real_p1_skipped=1.0000 real_p1_hole_frac=0.3473 real_p2_eps=0.3111 real_p2_hit=1.0000 real_p2_t=60.0000 real_p2_ldif=0.0195 real_p2_gen_adv=-0.3965 real_p2_lfm=0.0003 real_total=0.2915 discr_adv=1.0039 p2_d_real=0.3888 p2_d_fake=0.3965 g_grad_abs=1137.6775 d_grad_abs=56.8690 synth_eps=0.0109 synth_eps_raw=0.0109 synth_x0_hit=0.0000 synth_total=0.0109 extra_render_attn_share=0.5841
[step 62750] real_p1_mirror_hole_cov=0.0145 real_p1_skipped=1.0000 real_p1_hole_frac=0.2058 real_p2_eps=0.0078 real_p2_hit=0.0000 real_total=0.0078 synth_eps=0.2322 synth_eps_raw=0.2322 synth_x0_hit=1.0000 synth_x0_t=143.0000 synth_x0_ldif=0.0450 synth_x0_gen_adv=-0.2478 synth_x0_lfm=0.0004 synth_total=0.2532 extra_render_attn_share=0.5841
[step 62800] real_p1_mirror_hole_cov=0.1050 real_p1_skipped=1.0000 real_p1_hole_frac=0.5340 real_p2_eps=0.0775 real_p2_hit=0.0000 real_total=0.0775 discr_adv=0.9800 x0_d_real=0.1673 x0_d_fake=0.1273 g_grad_abs=398.0547 d_grad_abs=193.7666 synth_eps=0.4972 synth_eps_raw=0.4972 synth_x0_hit=1.0000 synth_x0_t=95.0000 synth_x0_ldif=0.0550 synth_x0_gen_adv=-0.4852 synth_x0_lfm=0.0030 synth_total=0.5096 extra_render_attn_share=0.5841
[step 62850] real_p1_mirror_hole_cov=0.1438 real_p1_skipped=1.0000 real_p1_hole_frac=0.1935 real_p2_eps=0.0030 real_p2_hit=0.0000 real_total=0.0030 synth_eps=0.0032 synth_eps_raw=0.0032 synth_x0_hit=0.0000 synth_total=0.0032 extra_render_attn_share=0.5841
[step 62900] real_p1_mirror_hole_cov=0.1276 real_p1_skipped=1.0000 real_p1_hole_frac=0.4286 real_p2_eps=0.0031 real_p2_hit=0.0000 real_total=0.0031 synth_eps=0.2730 synth_eps_raw=0.2730 synth_x0_hit=1.0000 synth_x0_t=255.0000 synth_x0_ldif=0.1372 synth_x0_gen_adv=-0.1389 synth_x0_lfm=0.0081 synth_total=0.4126 extra_render_attn_share=0.5841
[step 62950] real_p1_mirror_hole_cov=0.0406 real_p1_skipped=1.0000 real_p1_hole_frac=0.2813 real_p2_eps=0.0903 real_p2_hit=1.0000 real_p2_t=276.0000 real_p2_ldif=0.0529 real_p2_gen_adv=-0.6263 real_p2_lfm=0.0022 real_total=0.0850 discr_adv=1.0134 p2_d_real=0.5996 p2_d_fake=0.6263 g_grad_abs=1057.6211 d_grad_abs=164.7277 synth_eps=0.0993 synth_eps_raw=0.0993 synth_x0_hit=0.0000 synth_total=0.0993 extra_render_attn_share=0.5841
[step 63000] real_p1_mirror_hole_cov=0.0081 real_p1_skipped=1.0000 real_p1_hole_frac=0.1911 real_p2_eps=0.2381 real_p2_hit=1.0000 real_p2_t=70.0000 real_p2_ldif=0.0180 real_p2_gen_adv=-0.3845 real_p2_lfm=0.0007 real_total=0.2189 discr_adv=1.9760 x0_d_real=0.3662 x0_d_fake=0.3361 p2_d_real=0.4025 p2_d_fake=0.3845 g_grad_abs=1038.8060 d_grad_abs=266.9212 synth_eps=0.0602 synth_eps_raw=0.0602 synth_x0_hit=0.0000 synth_total=0.0602 extra_render_attn_share=0.5841
[images] real: anchor | cond1 | cond2 | inv_warp_mirror | mask | mask_inv | warp_img | warp_warp_img | x | y_hat | y_hat_novel -> /home/xzy/warpgan-diffusiong-inpainting/warpgan-diffusion-inpainting-main/experiments/train_inpainting_diffusion/[20260911-143749]_v18w3_w3d_30k/logs/images/train/real_step0063000.png
[images] synth: cond | mask | target | warp_img | x | y_hat_novel -> /home/xzy/warpgan-diffusiong-inpainting/warpgan-diffusion-inpainting-main/experiments/train_inpainting_diffusion/[20260911-143749]_v18w3_w3d_30k/logs/images/train/synth_step0063000.png
[step 63050] real_p1_mirror_hole_cov=0.1155 real_p1_skipped=1.0000 real_p1_hole_frac=0.1495 real_p2_eps=0.0817 real_p2_hit=0.0000 real_total=0.0817 synth_eps=0.2655 synth_eps_raw=0.2655 synth_x0_hit=1.0000 synth_x0_t=215.0000 synth_x0_ldif=0.0981 synth_x0_gen_adv=0.1094 synth_x0_lfm=0.0038 synth_total=0.3820 extra_render_attn_share=0.5841
[step 63100] real_p1_mirror_hole_cov=0.0485 real_p1_skipped=1.0000 real_p1_hole_frac=0.1269 real_p2_eps=0.0572 real_p2_hit=1.0000 real_p2_t=288.0000 real_p2_ldif=0.0365 real_p2_gen_adv=0.5056 real_p2_lfm=0.0038 real_total=0.1519 discr_adv=1.1148 p2_d_real=-0.7351 p2_d_fake=-0.5056 g_grad_abs=653.9770 d_grad_abs=1054.9465 synth_eps=0.0138 synth_eps_raw=0.0138 synth_x0_hit=0.0000 synth_total=0.0138 extra_render_attn_share=0.5841
[step 63150] real_p1_mirror_hole_cov=0.1038 real_p1_skipped=1.0000 real_p1_hole_frac=0.2542 real_p2_eps=0.0413 real_p2_hit=0.0000 real_total=0.0413 synth_eps=0.0012 synth_eps_raw=0.0012 synth_x0_hit=0.0000 synth_total=0.0012 extra_render_attn_share=0.5841
[step 63200] real_p1_mirror_hole_cov=0.0077 real_p1_skipped=1.0000 real_p1_hole_frac=0.3241 real_p2_eps=0.1117 real_p2_hit=1.0000 real_p2_t=238.0000 real_p2_ldif=0.0494 real_p2_gen_adv=0.8110 real_p2_lfm=0.0032 real_total=0.2486 discr_adv=0.9872 p2_d_real=-0.7855 p2_d_fake=-0.8110 g_grad_abs=992.4902 d_grad_abs=108.9699 synth_eps=0.0125 synth_eps_raw=0.0125 synth_x0_hit=0.0000 synth_total=0.0125 extra_render_attn_share=0.5841
[step 63250] real_p1_mirror_hole_cov=0.1435 real_p1_skipped=1.0000 real_p1_hole_frac=0.1751 real_p2_eps=0.1871 real_p2_hit=1.0000 real_p2_t=95.0000 real_p2_ldif=0.0207 real_p2_gen_adv=0.1620 real_p2_lfm=0.0008 real_total=0.2255 discr_adv=1.9507 x0_d_real=-0.6109 x0_d_fake=-0.6994 p2_d_real=-0.1445 p2_d_fake=-0.1620 g_grad_abs=839.1681 d_grad_abs=517.6618 synth_eps=0.0689 synth_eps_raw=0.0689 synth_x0_hit=0.0000 synth_total=0.0689 extra_render_attn_share=0.5841
[step 63300] real_p1_mirror_hole_cov=0.0090 real_p1_skipped=1.0000 real_p1_hole_frac=0.2593 real_p2_eps=0.0819 real_p2_hit=0.0000 real_total=0.0819 synth_eps=0.0225 synth_eps_raw=0.0225 synth_x0_hit=0.0000 synth_total=0.0225 extra_render_attn_share=0.5841
[step 63350] real_p1_mirror_hole_cov=0.0762 real_p1_skipped=1.0000 real_p1_hole_frac=0.3354 real_p2_eps=0.0300 real_p2_hit=0.0000 real_total=0.0300 discr_adv=1.0068 x0_d_real=-0.3476 x0_d_fake=-0.3340 g_grad_abs=239.3366 d_grad_abs=243.7162 synth_eps=0.1580 synth_eps_raw=0.1580 synth_x0_hit=1.0000 synth_x0_t=293.0000 synth_x0_ldif=0.1044 synth_x0_gen_adv=0.1570 synth_x0_lfm=0.0050 synth_total=0.2882 extra_render_attn_share=0.5841
[step 63400] real_p1_mirror_hole_cov=0.1711 real_p1_skipped=1.0000 real_p1_hole_frac=0.3014 real_p2_eps=0.0023 real_p2_hit=0.0000 real_total=0.0023 synth_eps=0.5865 synth_eps_raw=0.5865 synth_x0_hit=1.0000 synth_x0_t=34.0000 synth_x0_ldif=0.0195 synth_x0_gen_adv=0.5696 synth_x0_lfm=0.0012 synth_total=0.6653 extra_render_attn_share=0.5841
[step 63450] real_p1_mirror_hole_cov=0.0981 real_p1_skipped=1.0000 real_p1_hole_frac=0.1204 real_p2_eps=0.6232 real_p2_hit=1.0000 real_p2_t=4.0000 real_p2_ldif=0.0027 real_p2_gen_adv=-0.7109 real_p2_lfm=0.0001 real_total=0.5550 discr_adv=0.9970 p2_d_real=0.7169 p2_d_fake=0.7109 g_grad_abs=1398.9385 d_grad_abs=49.6791 synth_eps=0.0061 synth_eps_raw=0.0061 synth_x0_hit=0.0000 synth_total=0.0061 extra_render_attn_share=0.5841
[step 63500] real_p1_mirror_hole_cov=0.1624 real_p1_skipped=1.0000 real_p1_hole_frac=0.3355 real_p2_eps=0.0371 real_p2_hit=0.0000 real_total=0.0371 synth_eps=0.2292 synth_eps_raw=0.2292 synth_x0_hit=1.0000 synth_x0_t=281.0000 synth_x0_ldif=0.1390 synth_x0_gen_adv=-0.5914 synth_x0_lfm=0.0046 synth_total=0.3183 extra_render_attn_share=0.5841
[images] real: anchor | cond1 | cond2 | inv_warp_mirror | mask | mask_inv | warp_img | warp_warp_img | x | y_hat | y_hat_novel -> /home/xzy/warpgan-diffusiong-inpainting/warpgan-diffusion-inpainting-main/experiments/train_inpainting_diffusion/[20260911-143749]_v18w3_w3d_30k/logs/images/train/real_step0063500.png
[images] synth: cond | mask | target | warp_img | x | y_hat_novel -> /home/xzy/warpgan-diffusiong-inpainting/warpgan-diffusion-inpainting-main/experiments/train_inpainting_diffusion/[20260911-143749]_v18w3_w3d_30k/logs/images/train/synth_step0063500.png
[step 63550] real_p1_mirror_hole_cov=0.0548 real_p1_skipped=1.0000 real_p1_hole_frac=0.5037 real_p2_eps=0.1762 real_p2_hit=1.0000 real_p2_t=106.0000 real_p2_ldif=0.0225 real_p2_gen_adv=0.6903 real_p2_lfm=0.0014 real_total=0.2705 discr_adv=1.9168 x0_d_real=-0.1289 x0_d_fake=-0.2258 p2_d_real=-0.6207 p2_d_fake=-0.6903 g_grad_abs=870.9694 d_grad_abs=393.8750 synth_eps=0.0268 synth_eps_raw=0.0268 synth_x0_hit=0.0000 synth_total=0.0268 extra_render_attn_share=0.5841
[step 63600] real_p1_mirror_hole_cov=0.1796 real_p1_skipped=1.0000 real_p1_hole_frac=0.1979 real_p2_eps=0.0634 real_p2_hit=0.0000 real_total=0.0634 synth_eps=0.0719 synth_eps_raw=0.0719 synth_x0_hit=0.0000 synth_total=0.0719 extra_render_attn_share=0.5841
[step 63650] real_p1_mirror_hole_cov=0.0373 real_p1_skipped=1.0000 real_p1_hole_frac=0.2436 real_p2_eps=0.0218 real_p2_hit=0.0000 real_total=0.0218 discr_adv=0.9345 x0_d_real=0.5637 x0_d_fake=0.4328 g_grad_abs=209.3659 d_grad_abs=680.8012 synth_eps=0.0580 synth_eps_raw=0.0580 synth_x0_hit=0.0000 synth_total=0.0580 extra_render_attn_share=0.5841
[step 63700] real_p1_mirror_hole_cov=0.0011 real_p1_skipped=1.0000 real_p1_hole_frac=0.1957 real_p2_eps=0.0033 real_p2_hit=0.0000 real_total=0.0033 synth_eps=0.0148 synth_eps_raw=0.0148 synth_x0_hit=0.0000 synth_total=0.0148 extra_render_attn_share=0.5841
[step 63750] real_p1_mirror_hole_cov=0.1142 real_p1_skipped=1.0000 real_p1_hole_frac=0.5563 real_p2_eps=0.0673 real_p2_hit=0.0000 real_total=0.0673 synth_eps=0.0013 synth_eps_raw=0.0013 synth_x0_hit=0.0000 synth_total=0.0013 extra_render_attn_share=0.5841
[step 63800] real_p1_mirror_hole_cov=0.1428 real_p1_skipped=1.0000 real_p1_hole_frac=0.1133 real_p2_eps=0.0447 real_p2_hit=0.0000 real_total=0.0447 discr_adv=0.9394 x0_d_real=0.4627 x0_d_fake=0.3415 g_grad_abs=288.9804 d_grad_abs=564.5094 synth_eps=0.1173 synth_eps_raw=0.1173 synth_x0_hit=0.0000 synth_total=0.1173 extra_render_attn_share=0.5841
[step 63850] real_p1_mirror_hole_cov=0.0960 real_p1_skipped=1.0000 real_p1_hole_frac=0.5322 real_p2_eps=0.0062 real_p2_hit=0.0000 real_total=0.0062 synth_eps=0.1479 synth_eps_raw=0.1479 synth_x0_hit=0.0000 synth_total=0.1479 extra_render_attn_share=0.5841
[step 63900] real_p1_mirror_hole_cov=0.1477 real_p1_skipped=1.0000 real_p1_hole_frac=0.3286 real_p2_eps=0.4980 real_p2_hit=1.0000 real_p2_t=18.0000 real_p2_ldif=0.0085 real_p2_gen_adv=0.7030 real_p2_lfm=0.0004 real_total=0.5776 discr_adv=0.9836 p2_d_real=-0.6701 p2_d_fake=-0.7030 g_grad_abs=1232.3176 d_grad_abs=91.0631 synth_eps=0.0098 synth_eps_raw=0.0098 synth_x0_hit=0.0000 synth_total=0.0098 extra_render_attn_share=0.5841
[step 63950] real_p1_mirror_hole_cov=0.0100 real_p1_skipped=1.0000 real_p1_hole_frac=0.0834 real_p2_eps=0.0109 real_p2_hit=0.0000 real_total=0.0109 synth_eps=0.0018 synth_eps_raw=0.0018 synth_x0_hit=0.0000 synth_total=0.0018 extra_render_attn_share=0.5841
[val step 63999] val_novel_full=0.0793 val_novel_hole=0.1300 val_novel_visible=0.0575
[step 64000] real_p1_mirror_hole_cov=0.2352 real_p1_skipped=1.0000 real_p1_hole_frac=0.2395 real_p2_eps=0.0875 real_p2_hit=1.0000 real_p2_t=291.0000 real_p2_ldif=0.0570 real_p2_gen_adv=-0.7872 real_p2_lfm=0.0024 real_total=0.0705 discr_adv=1.0396 p2_d_real=0.7080 p2_d_fake=0.7872 g_grad_abs=1060.2749 d_grad_abs=593.7533 synth_eps=0.0144 synth_eps_raw=0.0144 synth_x0_hit=0.0000 synth_total=0.0144 extra_render_attn_share=0.5941
[images] real: anchor | cond1 | cond2 | inv_warp_mirror | mask | mask_inv | warp_img | warp_warp_img | x | y_hat | y_hat_novel -> /home/xzy/warpgan-diffusiong-inpainting/warpgan-diffusion-inpainting-main/experiments/train_inpainting_diffusion/[20260911-143749]_v18w3_w3d_30k/logs/images/train/real_step0064000.png
[images] synth: cond | mask | target | warp_img | x | y_hat_novel -> /home/xzy/warpgan-diffusiong-inpainting/warpgan-diffusion-inpainting-main/experiments/train_inpainting_diffusion/[20260911-143749]_v18w3_w3d_30k/logs/images/train/synth_step0064000.png
[step 64050] real_p1_mirror_hole_cov=0.3773 real_p1_skipped=1.0000 real_p1_hole_frac=0.0626 real_p2_eps=0.0946 real_p2_hit=1.0000 real_p2_t=133.0000 real_p2_ldif=0.0165 real_p2_gen_adv=-0.3176 real_p2_lfm=0.0007 real_total=0.0808 discr_adv=1.9327 x0_d_real=0.5988 x0_d_fake=0.4156 p2_d_real=0.2690 p2_d_fake=0.3176 g_grad_abs=816.9842 d_grad_abs=935.2826 synth_eps=0.0191 synth_eps_raw=0.0191 synth_x0_hit=0.0000 synth_total=0.0191 extra_render_attn_share=0.5941
[step 64100] real_p1_mirror_hole_cov=0.1245 real_p1_skipped=1.0000 real_p1_hole_frac=0.5054 real_p2_eps=0.0022 real_p2_hit=0.0000 real_total=0.0022 discr_adv=0.9127 x0_d_real=-0.1922 x0_d_fake=-0.3667 g_grad_abs=48.3245 d_grad_abs=406.6489 synth_eps=0.2283 synth_eps_raw=0.2283 synth_x0_hit=1.0000 synth_x0_t=227.0000 synth_x0_ldif=0.0928 synth_x0_gen_adv=0.3919 synth_x0_lfm=0.0031 synth_total=0.3664 extra_render_attn_share=0.5941
[step 64150] real_p1_mirror_hole_cov=0.1360 real_p1_skipped=1.0000 real_p1_hole_frac=0.2906 real_p2_eps=0.0640 real_p2_hit=0.0000 real_total=0.0640 synth_eps=0.0716 synth_eps_raw=0.0716 synth_x0_hit=0.0000 synth_total=0.0716 extra_render_attn_share=0.5941
[step 64200] real_p1_mirror_hole_cov=0.0354 real_p1_skipped=1.0000 real_p1_hole_frac=0.0583 real_p2_eps=0.0302 real_p2_hit=1.0000 real_p2_t=291.0000 real_p2_ldif=0.0197 real_p2_gen_adv=-0.3584 real_p2_lfm=0.0049 real_total=0.0238 discr_adv=1.1259 p2_d_real=0.1067 p2_d_fake=0.3584 g_grad_abs=539.7266 d_grad_abs=800.7504 synth_eps=0.1354 synth_eps_raw=0.1354 synth_x0_hit=0.0000 synth_total=0.1354 extra_render_attn_share=0.5941
[step 64250] real_p1_mirror_hole_cov=0.0952 real_p1_skipped=1.0000 real_p1_hole_frac=0.1645 real_p2_eps=0.0999 real_p2_hit=1.0000 real_p2_t=268.0000 real_p2_ldif=0.0552 real_p2_gen_adv=-0.2568 real_p2_lfm=0.0020 real_total=0.1333 discr_adv=1.0623 p2_d_real=0.1322 p2_d_fake=0.2568 g_grad_abs=935.7656 d_grad_abs=269.2571 synth_eps=0.2907 synth_eps_raw=0.2907 synth_x0_hit=1.0000 synth_x0_t=121.0000 synth_x0_ldif=0.0444 synth_x0_gen_adv=0.7655 synth_x0_lfm=0.0009 synth_total=0.4136 extra_render_attn_share=0.5941
[step 64300] real_p1_mirror_hole_cov=0.2279 real_p1_skipped=1.0000 real_p1_hole_frac=0.3936 real_p2_eps=0.0131 real_p2_hit=0.0000 real_total=0.0131 synth_eps=0.1358 synth_eps_raw=0.1358 synth_x0_hit=0.0000 synth_total=0.1358 extra_render_attn_share=0.5941
[step 64350] real_p1_mirror_hole_cov=0.0088 real_p1_skipped=1.0000 real_p1_hole_frac=0.3066 real_p2_eps=0.0424 real_p2_hit=0.0000 real_total=0.0424 synth_eps=0.0021 synth_eps_raw=0.0021 synth_x0_hit=0.0000 synth_total=0.0021 extra_render_attn_share=0.5941
[step 64400] real_p1_mirror_hole_cov=0.0477 real_p1_skipped=1.0000 real_p1_hole_frac=0.1094 real_p2_eps=0.0178 real_p2_hit=0.0000 real_total=0.0178 synth_eps=0.0250 synth_eps_raw=0.0250 synth_x0_hit=0.0000 synth_total=0.0250 extra_render_attn_share=0.5941
[step 64450] real_p1_mirror_hole_cov=0.0638 real_p1_skipped=1.0000 real_p1_hole_frac=0.0727 real_p2_eps=0.0017 real_p2_hit=0.0000 real_total=0.0017 synth_eps=0.0020 synth_eps_raw=0.0020 synth_x0_hit=0.0000 synth_total=0.0020 extra_render_attn_share=0.5941
[step 64500] real_p1_mirror_hole_cov=0.1628 real_p1_skipped=1.0000 real_p1_hole_frac=0.1276 real_p2_eps=0.0174 real_p2_hit=0.0000 real_total=0.0174 synth_eps=0.0240 synth_eps_raw=0.0240 synth_x0_hit=0.0000 synth_total=0.0240 extra_render_attn_share=0.5941
[images] real: anchor | cond1 | cond2 | inv_warp_mirror | mask | mask_inv | warp_img | warp_warp_img | x | y_hat | y_hat_novel -> /home/xzy/warpgan-diffusiong-inpainting/warpgan-diffusion-inpainting-main/experiments/train_inpainting_diffusion/[20260911-143749]_v18w3_w3d_30k/logs/images/train/real_step0064500.png
[images] synth: cond | mask | target | warp_img | x | y_hat_novel -> /home/xzy/warpgan-diffusiong-inpainting/warpgan-diffusion-inpainting-main/experiments/train_inpainting_diffusion/[20260911-143749]_v18w3_w3d_30k/logs/images/train/synth_step0064500.png
[step 64550] real_p1_mirror_hole_cov=0.0235 real_p1_skipped=1.0000 real_p1_hole_frac=0.1615 real_p2_eps=0.0286 real_p2_hit=0.0000 real_total=0.0286 synth_eps=0.0349 synth_eps_raw=0.0349 synth_x0_hit=0.0000 synth_total=0.0349 extra_render_attn_share=0.5941
[step 64600] real_p1_mirror_hole_cov=0.1351 real_p1_skipped=1.0000 real_p1_hole_frac=0.5430 real_p2_eps=0.0623 real_p2_hit=0.0000 real_total=0.0623 synth_eps=0.1842 synth_eps_raw=0.1842 synth_x0_hit=1.0000 synth_x0_t=256.0000 synth_x0_ldif=0.0932 synth_x0_gen_adv=0.0557 synth_x0_lfm=0.0017 synth_total=0.2863 extra_render_attn_share=0.5941
[step 64650] real_p1_mirror_hole_cov=0.1538 real_p1_skipped=1.0000 real_p1_hole_frac=0.4785 real_p2_eps=0.0135 real_p2_hit=0.0000 real_total=0.0135 synth_eps=0.0284 synth_eps_raw=0.0284 synth_x0_hit=0.0000 synth_total=0.0284 extra_render_attn_share=0.5941
[step 64700] real_p1_mirror_hole_cov=0.1377 real_p1_skipped=1.0000 real_p1_hole_frac=0.0197 real_p2_eps=0.0026 real_p2_hit=0.0000 real_total=0.0026 discr_adv=0.9757 x0_d_real=-0.6838 x0_d_fake=-0.7323 g_grad_abs=93.4619 d_grad_abs=144.3732 synth_eps=0.0247 synth_eps_raw=0.0247 synth_x0_hit=0.0000 synth_total=0.0247 extra_render_attn_share=0.5941
[step 64750] real_p1_mirror_hole_cov=0.2929 real_p1_skipped=1.0000 real_p1_hole_frac=0.2574 real_p2_eps=0.0231 real_p2_hit=0.0000 real_total=0.0231 synth_eps=0.0330 synth_eps_raw=0.0330 synth_x0_hit=0.0000 synth_total=0.0330 extra_render_attn_share=0.5941
[step 64800] real_p1_mirror_hole_cov=0.1184 real_p1_skipped=1.0000 real_p1_hole_frac=0.1032 real_p2_eps=0.0782 real_p2_hit=1.0000 real_p2_t=214.0000 real_p2_ldif=0.0287 real_p2_gen_adv=-0.2624 real_p2_lfm=0.0016 real_total=0.0838 discr_adv=2.0226 x0_d_real=0.3186 x0_d_fake=0.2624 p2_d_real=0.1610 p2_d_fake=0.2624 g_grad_abs=652.2213 d_grad_abs=163.3748 synth_eps=0.0132 synth_eps_raw=0.0132 synth_x0_hit=0.0000 synth_total=0.0132 extra_render_attn_share=0.5941
[step 64850] real_p1_mirror_hole_cov=0.0270 real_p1_skipped=1.0000 real_p1_hole_frac=0.1099 real_p2_eps=0.0033 real_p2_hit=0.0000 real_total=0.0033 synth_eps=0.0092 synth_eps_raw=0.0092 synth_x0_hit=0.0000 synth_total=0.0092 extra_render_attn_share=0.5941
[step 64900] real_p1_mirror_hole_cov=0.0762 real_p1_skipped=1.0000 real_p1_hole_frac=0.2725 real_p2_eps=0.0160 real_p2_hit=0.0000 real_total=0.0160 synth_eps=0.0922 synth_eps_raw=0.0922 synth_x0_hit=0.0000 synth_total=0.0922 extra_render_attn_share=0.5941
[step 64950] real_p1_mirror_hole_cov=0.0140 real_p1_skipped=1.0000 real_p1_hole_frac=0.3503 real_p2_eps=0.0026 real_p2_hit=0.0000 real_total=0.0026 synth_eps=0.3467 synth_eps_raw=0.3467 synth_x0_hit=1.0000 synth_x0_t=151.0000 synth_x0_ldif=0.0728 synth_x0_gen_adv=0.3296 synth_x0_lfm=0.0013 synth_total=0.4551 extra_render_attn_share=0.5941
[step 65000] real_p1_mirror_hole_cov=0.0957 real_p1_skipped=1.0000 real_p1_hole_frac=0.2040 real_p2_eps=0.3856 real_p2_hit=1.0000 real_p2_t=23.0000 real_p2_ldif=0.0085 real_p2_gen_adv=-0.2705 real_p2_lfm=0.0001 real_total=0.3673 discr_adv=0.9916 p2_d_real=0.2873 p2_d_fake=0.2705 g_grad_abs=1165.9975 d_grad_abs=41.0532 synth_eps=0.0119 synth_eps_raw=0.0119 synth_x0_hit=0.0000 synth_total=0.0119 extra_render_attn_share=0.5941
[images] real: anchor | cond1 | cond2 | inv_warp_mirror | mask | mask_inv | warp_img | warp_warp_img | x | y_hat | y_hat_novel -> /home/xzy/warpgan-diffusiong-inpainting/warpgan-diffusion-inpainting-main/experiments/train_inpainting_diffusion/[20260911-143749]_v18w3_w3d_30k/logs/images/train/real_step0065000.png
[images] synth: cond | mask | target | warp_img | x | y_hat_novel -> /home/xzy/warpgan-diffusiong-inpainting/warpgan-diffusion-inpainting-main/experiments/train_inpainting_diffusion/[20260911-143749]_v18w3_w3d_30k/logs/images/train/synth_step0065000.png
[step 65050] real_p1_mirror_hole_cov=0.0477 real_p1_skipped=1.0000 real_p1_hole_frac=0.0900 real_p2_eps=0.0268 real_p2_hit=0.0000 real_total=0.0268 synth_eps=0.0185 synth_eps_raw=0.0185 synth_x0_hit=0.0000 synth_total=0.0185 extra_render_attn_share=0.5941
[step 65100] real_p1_mirror_hole_cov=0.1006 real_p1_skipped=1.0000 real_p1_hole_frac=0.1732 real_p2_eps=0.0036 real_p2_hit=0.0000 real_total=0.0036 discr_adv=1.0660 x0_d_real=-0.7013 x0_d_fake=-0.5692 g_grad_abs=63.2603 d_grad_abs=650.8990 synth_eps=0.4943 synth_eps_raw=0.4943 synth_x0_hit=1.0000 synth_x0_t=82.0000 synth_x0_ldif=0.0454 synth_x0_gen_adv=-0.6818 synth_x0_lfm=0.0012 synth_total=0.4739 extra_render_attn_share=0.5941
[step 65150] real_p1_mirror_hole_cov=0.1094 real_p1_skipped=1.0000 real_p1_hole_frac=0.2388 real_p2_eps=0.0180 real_p2_hit=0.0000 real_total=0.0180 synth_eps=0.0343 synth_eps_raw=0.0343 synth_x0_hit=0.0000 synth_total=0.0343 extra_render_attn_share=0.5941
[step 65200] real_p1_mirror_hole_cov=0.0622 real_p1_skipped=1.0000 real_p1_hole_frac=0.0853 real_p2_eps=0.0262 real_p2_hit=0.0000 real_total=0.0262 synth_eps=0.2308 synth_eps_raw=0.2308 synth_x0_hit=1.0000 synth_x0_t=298.0000 synth_x0_ldif=0.1578 synth_x0_gen_adv=-0.5738 synth_x0_lfm=0.0042 synth_total=0.3397 extra_render_attn_share=0.5941
[step 65250] real_p1_mirror_hole_cov=0.0014 real_p1_skipped=1.0000 real_p1_hole_frac=0.0620 real_p2_eps=0.0091 real_p2_hit=0.0000 real_total=0.0091 synth_eps=0.0037 synth_eps_raw=0.0037 synth_x0_hit=0.0000 synth_total=0.0037 extra_render_attn_share=0.5941
[step 65300] real_p1_mirror_hole_cov=0.0300 real_p1_skipped=1.0000 real_p1_hole_frac=0.3610 real_p2_eps=0.2577 real_p2_hit=1.0000 real_p2_t=71.0000 real_p2_ldif=0.0198 real_p2_gen_adv=-0.6347 real_p2_lfm=0.0003 real_total=0.2146 discr_adv=0.9854 p2_d_real=0.6638 p2_d_fake=0.6347 g_grad_abs=995.3307 d_grad_abs=83.4077 synth_eps=0.0260 synth_eps_raw=0.0260 synth_x0_hit=0.0000 synth_total=0.0260 extra_render_attn_share=0.5941
[step 65350] real_p1_mirror_hole_cov=0.0036 real_p1_skipped=1.0000 real_p1_hole_frac=0.0417 real_p2_eps=0.0026 real_p2_hit=0.0000 real_total=0.0026 synth_eps=0.0337 synth_eps_raw=0.0337 synth_x0_hit=0.0000 synth_total=0.0337 extra_render_attn_share=0.5941
[step 65400] real_p1_mirror_hole_cov=0.1285 real_p1_skipped=1.0000 real_p1_hole_frac=0.1594 real_p2_eps=0.0009 real_p2_hit=0.0000 real_total=0.0009 synth_eps=0.1024 synth_eps_raw=0.1024 synth_x0_hit=0.0000 synth_total=0.1024 extra_render_attn_share=0.5941
[step 65450] real_p1_mirror_hole_cov=0.1291 real_p1_skipped=1.0000 real_p1_hole_frac=0.2128 real_p2_eps=0.0440 real_p2_hit=0.0000 real_total=0.0440 synth_eps=0.0625 synth_eps_raw=0.0625 synth_x0_hit=0.0000 synth_total=0.0625 extra_render_attn_share=0.5941
[step 65500] real_p1_mirror_hole_cov=0.0061 real_p1_skipped=1.0000 real_p1_hole_frac=0.3434 real_p2_eps=0.0595 real_p2_hit=0.0000 real_total=0.0595 synth_eps=0.0047 synth_eps_raw=0.0047 synth_x0_hit=0.0000 synth_total=0.0047 extra_render_attn_share=0.5941
[images] real: anchor | cond1 | cond2 | inv_warp_mirror | mask | mask_inv | warp_img | warp_warp_img | x | y_hat | y_hat_novel -> /home/xzy/warpgan-diffusiong-inpainting/warpgan-diffusion-inpainting-main/experiments/train_inpainting_diffusion/[20260911-143749]_v18w3_w3d_30k/logs/images/train/real_step0065500.png
[images] synth: cond | mask | target | warp_img | x | y_hat_novel -> /home/xzy/warpgan-diffusiong-inpainting/warpgan-diffusion-inpainting-main/experiments/train_inpainting_diffusion/[20260911-143749]_v18w3_w3d_30k/logs/images/train/synth_step0065500.png
[step 65550] real_p1_mirror_hole_cov=0.1448 real_p1_skipped=1.0000 real_p1_hole_frac=0.2813 real_p2_eps=0.0133 real_p2_hit=0.0000 real_total=0.0133 synth_eps=0.0020 synth_eps_raw=0.0020 synth_x0_hit=0.0000 synth_total=0.0020 extra_render_attn_share=0.5941
[step 65600] real_p1_mirror_hole_cov=0.0228 real_p1_skipped=1.0000 real_p1_hole_frac=0.3367 real_p2_eps=0.1021 real_p2_hit=1.0000 real_p2_t=252.0000 real_p2_ldif=0.0502 real_p2_gen_adv=-0.7997 real_p2_lfm=0.0012 real_total=0.0747 discr_adv=1.0004 p2_d_real=0.7990 p2_d_fake=0.7997 g_grad_abs=953.3845 d_grad_abs=53.9205 synth_eps=0.0220 synth_eps_raw=0.0220 synth_x0_hit=0.0000 synth_total=0.0220 extra_render_attn_share=0.5941
[step 65650] real_p1_mirror_hole_cov=0.4613 real_p1_skipped=1.0000 real_p1_hole_frac=0.3481 real_p2_eps=0.2667 real_p2_hit=1.0000 real_p2_t=62.0000 real_p2_ldif=0.0174 real_p2_gen_adv=-0.6958 real_p2_lfm=0.0007 real_total=0.2160 discr_adv=1.9150 x0_d_real=0.7067 x0_d_fake=0.5664 p2_d_real=0.7255 p2_d_fake=0.6958 g_grad_abs=905.6414 d_grad_abs=605.5838 synth_eps=0.1950 synth_eps_raw=0.1950 synth_x0_hit=1.0000 synth_x0_t=254.0000 synth_x0_ldif=0.0973 synth_x0_gen_adv=-0.7677 synth_x0_lfm=0.0035 synth_total=0.2225 extra_render_attn_share=0.5941
[step 65700] real_p1_mirror_hole_cov=0.1241 real_p1_skipped=1.0000 real_p1_hole_frac=0.1349 real_p2_eps=0.0091 real_p2_hit=0.0000 real_total=0.0091 discr_adv=0.9786 x0_d_real=-0.5677 x0_d_fake=-0.6104 g_grad_abs=145.2291 d_grad_abs=174.7045 synth_eps=0.0021 synth_eps_raw=0.0021 synth_x0_hit=0.0000 synth_total=0.0021 extra_render_attn_share=0.5941
[step 65750] real_p1_mirror_hole_cov=0.0483 real_p1_skipped=1.0000 real_p1_hole_frac=0.1190 real_p2_eps=0.0149 real_p2_hit=0.0000 real_total=0.0149 synth_eps=0.2621 synth_eps_raw=0.2621 synth_x0_hit=1.0000 synth_x0_t=142.0000 synth_x0_ldif=0.0503 synth_x0_gen_adv=0.4145 synth_x0_lfm=0.0019 synth_total=0.3576 extra_render_attn_share=0.5941
[step 65800] real_p1_mirror_hole_cov=0.0115 real_p1_skipped=1.0000 real_p1_hole_frac=0.2959 real_p2_eps=0.1082 real_p2_hit=1.0000 real_p2_t=280.0000 real_p2_ldif=0.0652 real_p2_gen_adv=-0.4553 real_p2_lfm=0.0011 real_total=0.1301 discr_adv=1.0149 p2_d_real=0.4255 p2_d_fake=0.4553 g_grad_abs=926.4088 d_grad_abs=117.2066 synth_eps=0.0148 synth_eps_raw=0.0148 synth_x0_hit=0.0000 synth_total=0.0148 extra_render_attn_share=0.5941
[step 65850] real_p1_mirror_hole_cov=0.1179 real_p1_skipped=1.0000 real_p1_hole_frac=0.3714 real_p2_eps=0.0120 real_p2_hit=0.0000 real_total=0.0120 discr_adv=0.9717 x0_d_real=0.2283 x0_d_fake=0.1717 g_grad_abs=165.9162 d_grad_abs=148.3882 synth_eps=0.0131 synth_eps_raw=0.0131 synth_x0_hit=0.0000 synth_total=0.0131 extra_render_attn_share=0.5941
[step 65900] real_p1_mirror_hole_cov=0.0851 real_p1_skipped=1.0000 real_p1_hole_frac=0.1858 real_p2_eps=0.0192 real_p2_hit=0.0000 real_total=0.0192 synth_eps=0.3080 synth_eps_raw=0.3080 synth_x0_hit=1.0000 synth_x0_t=170.0000 synth_x0_ldif=0.0775 synth_x0_gen_adv=-0.2784 synth_x0_lfm=0.0035 synth_total=0.3646 extra_render_attn_share=0.5941
[step 65950] real_p1_mirror_hole_cov=0.0057 real_p1_skipped=1.0000 real_p1_hole_frac=0.1010 real_p2_eps=0.0122 real_p2_hit=0.0000 real_total=0.0122 discr_adv=0.9320 x0_d_real=-0.1732 x0_d_fake=-0.3093 g_grad_abs=155.5814 d_grad_abs=953.1733 synth_eps=0.4556 synth_eps_raw=0.4556 synth_x0_hit=1.0000 synth_x0_t=65.0000 synth_x0_ldif=0.0315 synth_x0_gen_adv=0.5705 synth_x0_lfm=0.0006 synth_total=0.5453 extra_render_attn_share=0.5941
[val step 65999] val_novel_full=0.0655 val_novel_hole=0.0966 val_novel_visible=0.0598
[step 66000] real_p1_mirror_hole_cov=0.2121 real_p1_skipped=1.0000 real_p1_hole_frac=0.4709 real_p2_eps=0.0435 real_p2_hit=0.0000 real_total=0.0435 synth_eps=0.0222 synth_eps_raw=0.0222 synth_x0_hit=0.0000 synth_total=0.0222 extra_render_attn_share=0.5974
[images] real: anchor | cond1 | cond2 | inv_warp_mirror | mask | mask_inv | warp_img | warp_warp_img | x | y_hat | y_hat_novel -> /home/xzy/warpgan-diffusiong-inpainting/warpgan-diffusion-inpainting-main/experiments/train_inpainting_diffusion/[20260911-143749]_v18w3_w3d_30k/logs/images/train/real_step0066000.png
[images] synth: cond | mask | target | warp_img | x | y_hat_novel -> /home/xzy/warpgan-diffusiong-inpainting/warpgan-diffusion-inpainting-main/experiments/train_inpainting_diffusion/[20260911-143749]_v18w3_w3d_30k/logs/images/train/synth_step0066000.png
[step 66050] real_p1_mirror_hole_cov=0.0089 real_p1_skipped=1.0000 real_p1_hole_frac=0.2227 real_p2_eps=0.0120 real_p2_hit=0.0000 real_total=0.0120 synth_eps=0.0215 synth_eps_raw=0.0215 synth_x0_hit=0.0000 synth_total=0.0215 extra_render_attn_share=0.5974
[step 66100] real_p1_mirror_hole_cov=0.1853 real_p1_skipped=1.0000 real_p1_hole_frac=0.5843 real_p2_eps=0.0032 real_p2_hit=0.0000 real_total=0.0032 synth_eps=0.5234 synth_eps_raw=0.5234 synth_x0_hit=1.0000 synth_x0_t=47.0000 synth_x0_ldif=0.0248 synth_x0_gen_adv=0.3613 synth_x0_lfm=0.0009 synth_total=0.5862 extra_render_attn_share=0.5974
[step 66150] real_p1_mirror_hole_cov=0.0310 real_p1_skipped=1.0000 real_p1_hole_frac=0.3721 real_p2_eps=0.0728 real_p2_hit=0.0000 real_total=0.0728 synth_eps=0.0801 synth_eps_raw=0.0801 synth_x0_hit=0.0000 synth_total=0.0801 extra_render_attn_share=0.5974
[step 66200] real_p1_mirror_hole_cov=0.0067 real_p1_skipped=1.0000 real_p1_hole_frac=0.1300 real_p2_eps=0.1184 real_p2_hit=1.0000 real_p2_t=157.0000 real_p2_ldif=0.0265 real_p2_gen_adv=-0.2639 real_p2_lfm=0.0007 real_total=0.1199 discr_adv=1.0373 p2_d_real=0.1893 p2_d_fake=0.2639 g_grad_abs=703.5762 d_grad_abs=328.3381 synth_eps=0.0189 synth_eps_raw=0.0189 synth_x0_hit=0.0000 synth_total=0.0189 extra_render_attn_share=0.5974
[step 66250] real_p1_mirror_hole_cov=0.1685 real_p1_skipped=1.0000 real_p1_hole_frac=0.3586 real_p2_eps=0.0014 real_p2_hit=0.0000 real_total=0.0014 synth_eps=0.0250 synth_eps_raw=0.0250 synth_x0_hit=0.0000 synth_total=0.0250 extra_render_attn_share=0.5974
[step 66300] real_p1_mirror_hole_cov=0.0519 real_p1_skipped=1.0000 real_p1_hole_frac=0.3232 real_p2_eps=0.1257 real_p2_hit=1.0000 real_p2_t=209.0000 real_p2_ldif=0.0442 real_p2_gen_adv=-0.1352 real_p2_lfm=0.0030 real_total=0.1624 discr_adv=1.1381 p2_d_real=-0.1410 p2_d_fake=0.1352 g_grad_abs=879.0778 d_grad_abs=716.7366 synth_eps=0.0134 synth_eps_raw=0.0134 synth_x0_hit=0.0000 synth_total=0.0134 extra_render_attn_share=0.5974
[step 66350] real_p1_mirror_hole_cov=0.0087 real_p1_skipped=1.0000 real_p1_hole_frac=0.3896 real_p2_eps=0.0381 real_p2_hit=0.0000 real_total=0.0381 synth_eps=0.1269 synth_eps_raw=0.1269 synth_x0_hit=0.0000 synth_total=0.1269 extra_render_attn_share=0.5974
[step 66400] real_p1_mirror_hole_cov=0.0226 real_p1_skipped=1.0000 real_p1_hole_frac=0.2722 real_p2_eps=0.0122 real_p2_hit=0.0000 real_total=0.0122 synth_eps=0.0320 synth_eps_raw=0.0320 synth_x0_hit=0.0000 synth_total=0.0320 extra_render_attn_share=0.5974
[step 66450] real_p1_mirror_hole_cov=0.0501 real_p1_skipped=1.0000 real_p1_hole_frac=0.0281 real_p2_eps=0.2229 real_p2_hit=1.0000 real_p2_t=33.0000 real_p2_ldif=0.0072 real_p2_gen_adv=-0.2427 real_p2_lfm=0.0002 real_total=0.2061 discr_adv=1.0061 p2_d_real=0.2305 p2_d_fake=0.2427 g_grad_abs=907.5471 d_grad_abs=29.9992 synth_eps=0.0021 synth_eps_raw=0.0021 synth_x0_hit=0.0000 synth_total=0.0021 extra_render_attn_share=0.5974
[step 66500] real_p1_mirror_hole_cov=0.2050 real_p1_skipped=1.0000 real_p1_hole_frac=0.6037 real_p2_eps=0.0033 real_p2_hit=0.0000 real_total=0.0033 discr_adv=0.9871 x0_d_real=0.3918 x0_d_fake=0.3661 g_grad_abs=72.1492 d_grad_abs=71.2103 synth_eps=0.0125 synth_eps_raw=0.0125 synth_x0_hit=0.0000 synth_total=0.0125 extra_render_attn_share=0.5974
[images] real: anchor | cond1 | cond2 | inv_warp_mirror | mask | mask_inv | warp_img | warp_warp_img | x | y_hat | y_hat_novel -> /home/xzy/warpgan-diffusiong-inpainting/warpgan-diffusion-inpainting-main/experiments/train_inpainting_diffusion/[20260911-143749]_v18w3_w3d_30k/logs/images/train/real_step0066500.png
[images] synth: cond | mask | target | warp_img | x | y_hat_novel -> /home/xzy/warpgan-diffusiong-inpainting/warpgan-diffusion-inpainting-main/experiments/train_inpainting_diffusion/[20260911-143749]_v18w3_w3d_30k/logs/images/train/synth_step0066500.png
[step 66550] real_p1_mirror_hole_cov=0.0652 real_p1_skipped=1.0000 real_p1_hole_frac=0.1660 real_p2_eps=0.0010 real_p2_hit=0.0000 real_total=0.0010 synth_eps=0.0026 synth_eps_raw=0.0026 synth_x0_hit=0.0000 synth_total=0.0026 extra_render_attn_share=0.5974
[step 66600] real_p1_mirror_hole_cov=0.0656 real_p1_skipped=1.0000 real_p1_hole_frac=0.2389 real_p2_eps=0.0725 real_p2_hit=0.0000 real_total=0.0725 synth_eps=0.0071 synth_eps_raw=0.0071 synth_x0_hit=0.0000 synth_total=0.0071 extra_render_attn_share=0.5974
[step 66650] real_p1_mirror_hole_cov=0.2202 real_p1_skipped=1.0000 real_p1_hole_frac=0.5123 real_p2_eps=0.1372 real_p2_hit=0.0000 real_total=0.1372 synth_eps=0.0952 synth_eps_raw=0.0952 synth_x0_hit=0.0000 synth_total=0.0952 extra_render_attn_share=0.5974
[step 66700] real_p1_mirror_hole_cov=0.0932 real_p1_skipped=1.0000 real_p1_hole_frac=0.1911 real_p2_eps=0.0008 real_p2_hit=0.0000 real_total=0.0008 synth_eps=0.0014 synth_eps_raw=0.0014 synth_x0_hit=0.0000 synth_total=0.0014 extra_render_attn_share=0.5974
[step 66750] real_p1_mirror_hole_cov=0.1065 real_p1_skipped=1.0000 real_p1_hole_frac=0.0692 real_p2_eps=0.0030 real_p2_hit=0.0000 real_total=0.0030 synth_eps=0.1961 synth_eps_raw=0.1961 synth_x0_hit=1.0000 synth_x0_t=236.0000 synth_x0_ldif=0.0854 synth_x0_gen_adv=0.8375 synth_x0_lfm=0.0071 synth_total=0.3794 extra_render_attn_share=0.5974
[step 66800] real_p1_mirror_hole_cov=0.2225 real_p1_skipped=1.0000 real_p1_hole_frac=0.2082 real_p2_eps=0.0345 real_p2_hit=0.0000 real_total=0.0345 synth_eps=0.2172 synth_eps_raw=0.2172 synth_x0_hit=1.0000 synth_x0_t=169.0000 synth_x0_ldif=0.0541 synth_x0_gen_adv=0.3235 synth_x0_lfm=0.0026 synth_total=0.3090 extra_render_attn_share=0.5974
[step 66850] real_p1_mirror_hole_cov=0.1378 real_p1_skipped=1.0000 real_p1_hole_frac=0.4842 real_p2_eps=0.0182 real_p2_hit=0.0000 real_total=0.0182 discr_adv=1.0080 x0_d_real=-0.9220 x0_d_fake=-0.9286 g_grad_abs=180.8023 d_grad_abs=483.4505 synth_eps=0.0022 synth_eps_raw=0.0022 synth_x0_hit=0.0000 synth_total=0.0022 extra_render_attn_share=0.5974
[step 66900] real_p1_mirror_hole_cov=0.0948 real_p1_skipped=1.0000 real_p1_hole_frac=0.0896 real_p2_eps=0.0165 real_p2_hit=0.0000 real_total=0.0165 synth_eps=0.0015 synth_eps_raw=0.0015 synth_x0_hit=0.0000 synth_total=0.0015 extra_render_attn_share=0.5974
[step 66950] real_p1_mirror_hole_cov=0.2864 real_p1_skipped=1.0000 real_p1_hole_frac=0.5980 real_p2_eps=0.0643 real_p2_hit=0.0000 real_total=0.0643 synth_eps=0.1767 synth_eps_raw=0.1767 synth_x0_hit=0.0000 synth_total=0.1767 extra_render_attn_share=0.5974
[step 67000] real_p1_mirror_hole_cov=0.3862 real_p1_skipped=1.0000 real_p1_hole_frac=0.1977 real_p2_eps=0.1675 real_p2_hit=1.0000 real_p2_t=128.0000 real_p2_ldif=0.0277 real_p2_gen_adv=-0.6443 real_p2_lfm=0.0004 real_total=0.1316 discr_adv=1.0057 p2_d_real=0.6328 p2_d_fake=0.6443 g_grad_abs=872.4746 d_grad_abs=105.5669 synth_eps=0.2225 synth_eps_raw=0.2225 synth_x0_hit=1.0000 synth_x0_t=300.0000 synth_x0_ldif=0.1543 synth_x0_gen_adv=0.0044 synth_x0_lfm=0.0051 synth_total=0.3875 extra_render_attn_share=0.5974
[images] real: anchor | cond1 | cond2 | inv_warp_mirror | mask | mask_inv | warp_img | warp_warp_img | x | y_hat | y_hat_novel -> /home/xzy/warpgan-diffusiong-inpainting/warpgan-diffusion-inpainting-main/experiments/train_inpainting_diffusion/[20260911-143749]_v18w3_w3d_30k/logs/images/train/real_step0067000.png
[images] synth: cond | mask | target | warp_img | x | y_hat_novel -> /home/xzy/warpgan-diffusiong-inpainting/warpgan-diffusion-inpainting-main/experiments/train_inpainting_diffusion/[20260911-143749]_v18w3_w3d_30k/logs/images/train/synth_step0067000.png
[step 67050] real_p1_mirror_hole_cov=0.1769 real_p1_skipped=1.0000 real_p1_hole_frac=0.6114 real_p2_eps=0.0023 real_p2_hit=0.0000 real_total=0.0023 synth_eps=0.1388 synth_eps_raw=0.1388 synth_x0_hit=0.0000 synth_total=0.1388 extra_render_attn_share=0.5974
[step 67100] real_p1_mirror_hole_cov=0.0797 real_p1_skipped=1.0000 real_p1_hole_frac=0.1090 real_p2_eps=0.0007 real_p2_hit=0.0000 real_total=0.0007 synth_eps=0.0220 synth_eps_raw=0.0220 synth_x0_hit=0.0000 synth_total=0.0220 extra_render_attn_share=0.5974
[step 67150] real_p1_mirror_hole_cov=0.0225 real_p1_skipped=1.0000 real_p1_hole_frac=0.2148 real_p2_eps=0.8358 real_p2_hit=1.0000 real_p2_t=0.0000 real_p2_ldif=0.0007 real_p2_gen_adv=-0.6272 real_p2_lfm=0.0000 real_total=0.7738 discr_adv=1.9882 x0_d_real=0.3525 x0_d_fake=0.3336 p2_d_real=0.6318 p2_d_fake=0.6272 g_grad_abs=1310.7202 d_grad_abs=85.1591 synth_eps=0.5247 synth_eps_raw=0.5247 synth_x0_hit=1.0000 synth_x0_t=46.0000 synth_x0_ldif=0.0243 synth_x0_gen_adv=-0.2705 synth_x0_lfm=0.0008 synth_total=0.5237 extra_render_attn_share=0.5974
[step 67200] real_p1_mirror_hole_cov=0.0824 real_p1_skipped=1.0000 real_p1_hole_frac=0.2620 real_p2_eps=0.0755 real_p2_hit=1.0000 real_p2_t=285.0000 real_p2_ldif=0.0472 real_p2_gen_adv=0.2129 real_p2_lfm=0.0019 real_total=0.1477 discr_adv=1.1221 p2_d_real=-0.4572 p2_d_fake=-0.2129 g_grad_abs=769.8778 d_grad_abs=514.5484 synth_eps=0.0353 synth_eps_raw=0.0353 synth_x0_hit=0.0000 synth_total=0.0353 extra_render_attn_share=0.5974
[step 67250] real_p1_mirror_hole_cov=0.0243 real_p1_skipped=1.0000 real_p1_hole_frac=0.3055 real_p2_eps=0.0480 real_p2_hit=0.0000 real_total=0.0480 synth_eps=0.1253 synth_eps_raw=0.1253 synth_x0_hit=0.0000 synth_total=0.1253 extra_render_attn_share=0.5974
[step 67300] real_p1_mirror_hole_cov=0.1569 real_p1_skipped=1.0000 real_p1_hole_frac=0.4784 real_p2_eps=0.0086 real_p2_hit=0.0000 real_total=0.0086 discr_adv=0.9342 x0_d_real=0.5347 x0_d_fake=0.4032 g_grad_abs=82.4998 d_grad_abs=340.9704 synth_eps=0.2415 synth_eps_raw=0.2415 synth_x0_hit=1.0000 synth_x0_t=213.0000 synth_x0_ldif=0.0878 synth_x0_gen_adv=0.0956 synth_x0_lfm=0.0017 synth_total=0.3424 extra_render_attn_share=0.5974
[step 67350] real_p1_mirror_hole_cov=0.0903 real_p1_skipped=1.0000 real_p1_hole_frac=0.2740 real_p2_eps=0.0163 real_p2_hit=0.0000 real_total=0.0163 synth_eps=0.0071 synth_eps_raw=0.0071 synth_x0_hit=0.0000 synth_total=0.0071 extra_render_attn_share=0.5974
[step 67400] real_p1_mirror_hole_cov=0.0584 real_p1_skipped=1.0000 real_p1_hole_frac=0.2354 real_p2_eps=0.1120 real_p2_hit=1.0000 real_p2_t=243.0000 real_p2_ldif=0.0514 real_p2_gen_adv=-0.3936 real_p2_lfm=0.0006 real_total=0.1253 discr_adv=2.0284 x0_d_real=0.2221 x0_d_fake=0.1814 p2_d_real=0.3063 p2_d_fake=0.3936 g_grad_abs=1035.0477 d_grad_abs=372.4169 synth_eps=0.0425 synth_eps_raw=0.0425 synth_x0_hit=0.0000 synth_total=0.0425 extra_render_attn_share=0.5974
[step 67450] real_p1_mirror_hole_cov=0.0862 real_p1_skipped=1.0000 real_p1_hole_frac=0.3148 real_p2_eps=0.0181 real_p2_hit=0.0000 real_total=0.0181 synth_eps=0.0143 synth_eps_raw=0.0143 synth_x0_hit=0.0000 synth_total=0.0143 extra_render_attn_share=0.5974
[step 67500] real_p1_mirror_hole_cov=0.2964 real_p1_skipped=1.0000 real_p1_hole_frac=0.3023 real_p2_eps=0.0592 real_p2_hit=0.0000 real_total=0.0592 synth_eps=0.0013 synth_eps_raw=0.0013 synth_x0_hit=0.0000 synth_total=0.0013 extra_render_attn_share=0.5974
[images] real: anchor | cond1 | cond2 | inv_warp_mirror | mask | mask_inv | warp_img | warp_warp_img | x | y_hat | y_hat_novel -> /home/xzy/warpgan-diffusiong-inpainting/warpgan-diffusion-inpainting-main/experiments/train_inpainting_diffusion/[20260911-143749]_v18w3_w3d_30k/logs/images/train/real_step0067500.png
[images] synth: cond | mask | target | warp_img | x | y_hat_novel -> /home/xzy/warpgan-diffusiong-inpainting/warpgan-diffusion-inpainting-main/experiments/train_inpainting_diffusion/[20260911-143749]_v18w3_w3d_30k/logs/images/train/synth_step0067500.png
[step 67550] real_p1_mirror_hole_cov=0.1184 real_p1_skipped=1.0000 real_p1_hole_frac=0.4173 real_p2_eps=0.0065 real_p2_hit=0.0000 real_total=0.0065 synth_eps=0.0478 synth_eps_raw=0.0478 synth_x0_hit=0.0000 synth_total=0.0478 extra_render_attn_share=0.5974
[step 67600] real_p1_mirror_hole_cov=0.0651 real_p1_skipped=1.0000 real_p1_hole_frac=0.1221 real_p2_eps=0.0092 real_p2_hit=0.0000 real_total=0.0092 synth_eps=0.0190 synth_eps_raw=0.0190 synth_x0_hit=0.0000 synth_total=0.0190 extra_render_attn_share=0.5974
[step 67650] real_p1_mirror_hole_cov=0.0746 real_p1_skipped=1.0000 real_p1_hole_frac=0.2051 real_p2_eps=0.0381 real_p2_hit=0.0000 real_total=0.0381 synth_eps=0.3088 synth_eps_raw=0.3088 synth_x0_hit=1.0000 synth_x0_t=152.0000 synth_x0_ldif=0.0655 synth_x0_gen_adv=0.0528 synth_x0_lfm=0.0028 synth_total=0.3852 extra_render_attn_share=0.5974
[step 67700] real_p1_mirror_hole_cov=0.1928 real_p1_skipped=1.0000 real_p1_hole_frac=0.0342 real_p2_eps=0.0025 real_p2_hit=0.0000 real_total=0.0025 synth_eps=0.0263 synth_eps_raw=0.0263 synth_x0_hit=0.0000 synth_total=0.0263 extra_render_attn_share=0.5974
[step 67750] real_p1_mirror_hole_cov=0.0419 real_p1_skipped=1.0000 real_p1_hole_frac=0.0684 real_p2_eps=0.1092 real_p2_hit=1.0000 real_p2_t=177.0000 real_p2_ldif=0.0293 real_p2_gen_adv=-0.9194 real_p2_lfm=0.0009 real_total=0.0483 discr_adv=1.0074 p2_d_real=0.9157 p2_d_fake=0.9194 g_grad_abs=784.8895 d_grad_abs=293.3154 synth_eps=0.0039 synth_eps_raw=0.0039 synth_x0_hit=0.0000 synth_total=0.0039 extra_render_attn_share=0.5974
[step 67800] real_p1_mirror_hole_cov=0.0124 real_p1_skipped=1.0000 real_p1_hole_frac=0.0324 real_p2_eps=0.0014 real_p2_hit=0.0000 real_total=0.0014 discr_adv=1.0144 x0_d_real=0.2765 x0_d_fake=0.3052 g_grad_abs=46.4979 d_grad_abs=310.6856 synth_eps=0.3267 synth_eps_raw=0.3267 synth_x0_hit=1.0000 synth_x0_t=149.0000 synth_x0_ldif=0.0673 synth_x0_gen_adv=-0.3685 synth_x0_lfm=0.0026 synth_total=0.3624 extra_render_attn_share=0.5974
[step 67850] real_p1_mirror_hole_cov=0.1951 real_p1_skipped=1.0000 real_p1_hole_frac=0.4518 real_p2_eps=0.0058 real_p2_hit=0.0000 real_total=0.0058 discr_adv=0.9775 x0_d_real=0.8098 x0_d_fake=0.7648 g_grad_abs=73.2566 d_grad_abs=325.4029 synth_eps=0.5439 synth_eps_raw=0.5439 synth_x0_hit=1.0000 synth_x0_t=31.0000 synth_x0_ldif=0.0163 synth_x0_gen_adv=0.1113 synth_x0_lfm=0.0007 synth_total=0.5726 extra_render_attn_share=0.5974
[step 67900] real_p1_mirror_hole_cov=0.0858 real_p1_skipped=1.0000 real_p1_hole_frac=0.2977 real_p2_eps=0.0462 real_p2_hit=0.0000 real_total=0.0462 synth_eps=0.6120 synth_eps_raw=0.6120 synth_x0_hit=1.0000 synth_x0_t=26.0000 synth_x0_ldif=0.0153 synth_x0_gen_adv=0.3654 synth_x0_lfm=0.0007 synth_total=0.6651 extra_render_attn_share=0.5974
[step 67950] real_p1_mirror_hole_cov=0.0464 real_p1_skipped=1.0000 real_p1_hole_frac=0.2331 real_p2_eps=0.1654 real_p2_hit=1.0000 real_p2_t=156.0000 real_p2_ldif=0.0365 real_p2_gen_adv=-0.3670 real_p2_lfm=0.0008 real_total=0.1668 discr_adv=1.9791 x0_d_real=0.2039 x0_d_fake=0.1369 p2_d_real=0.3419 p2_d_fake=0.3670 g_grad_abs=981.0389 d_grad_abs=219.1793 synth_eps=0.1366 synth_eps_raw=0.1366 synth_x0_hit=0.0000 synth_total=0.1366 extra_render_attn_share=0.5974
[val step 67999] val_novel_full=0.0700 val_novel_hole=0.1000 val_novel_visible=0.0626
[step 68000] real_p1_mirror_hole_cov=0.0178 real_p1_skipped=1.0000 real_p1_hole_frac=0.0926 real_p2_eps=0.0024 real_p2_hit=0.0000 real_total=0.0024 discr_adv=0.9459 x0_d_real=-0.2524 x0_d_fake=-0.3606 g_grad_abs=55.8021 d_grad_abs=364.0212 synth_eps=0.0084 synth_eps_raw=0.0084 synth_x0_hit=0.0000 synth_total=0.0084 extra_render_attn_share=0.6023
[images] real: anchor | cond1 | cond2 | inv_warp_mirror | mask | mask_inv | warp_img | warp_warp_img | x | y_hat | y_hat_novel -> /home/xzy/warpgan-diffusiong-inpainting/warpgan-diffusion-inpainting-main/experiments/train_inpainting_diffusion/[20260911-143749]_v18w3_w3d_30k/logs/images/train/real_step0068000.png
[images] synth: cond | mask | target | warp_img | x | y_hat_novel -> /home/xzy/warpgan-diffusiong-inpainting/warpgan-diffusion-inpainting-main/experiments/train_inpainting_diffusion/[20260911-143749]_v18w3_w3d_30k/logs/images/train/synth_step0068000.png
[step 68050] real_p1_mirror_hole_cov=0.1499 real_p1_skipped=1.0000 real_p1_hole_frac=0.3622 real_p2_eps=0.0533 real_p2_hit=0.0000 real_total=0.0533 synth_eps=0.0804 synth_eps_raw=0.0804 synth_x0_hit=0.0000 synth_total=0.0804 extra_render_attn_share=0.6023
[step 68100] real_p1_mirror_hole_cov=0.0010 real_p1_skipped=1.0000 real_p1_hole_frac=0.2820 real_p2_eps=0.0564 real_p2_hit=0.0000 real_total=0.0564 synth_eps=0.4458 synth_eps_raw=0.4458 synth_x0_hit=1.0000 synth_x0_t=73.0000 synth_x0_ldif=0.0354 synth_x0_gen_adv=0.7209 synth_x0_lfm=0.0012 synth_total=0.5557 extra_render_attn_share=0.6023
[step 68150] real_p1_mirror_hole_cov=0.0235 real_p1_skipped=1.0000 real_p1_hole_frac=0.3403 real_p2_eps=0.0263 real_p2_hit=0.0000 real_total=0.0263 synth_eps=0.2070 synth_eps_raw=0.2070 synth_x0_hit=1.0000 synth_x0_t=294.0000 synth_x0_ldif=0.1376 synth_x0_gen_adv=-0.2426 synth_x0_lfm=0.0049 synth_total=0.3301 extra_render_attn_share=0.6023
[step 68200] real_p1_mirror_hole_cov=0.3750 real_p1_skipped=1.0000 real_p1_hole_frac=0.3263 real_p2_eps=0.1741 real_p2_hit=1.0000 real_p2_t=149.0000 real_p2_ldif=0.0359 real_p2_gen_adv=-0.8895 real_p2_lfm=0.0009 real_total=0.1229 discr_adv=1.0081 p2_d_real=0.8733 p2_d_fake=0.8895 g_grad_abs=1047.2066 d_grad_abs=104.7712 synth_eps=0.0479 synth_eps_raw=0.0479 synth_x0_hit=0.0000 synth_total=0.0479 extra_render_attn_share=0.6023
[step 68250] real_p1_mirror_hole_cov=0.2595 real_p1_skipped=1.0000 real_p1_hole_frac=0.1635 real_p2_eps=0.0427 real_p2_hit=0.0000 real_total=0.0427 synth_eps=0.5533 synth_eps_raw=0.5533 synth_x0_hit=1.0000 synth_x0_t=32.0000 synth_x0_ldif=0.0172 synth_x0_gen_adv=0.2467 synth_x0_lfm=0.0011 synth_total=0.5974 extra_render_attn_share=0.6023
[step 68300] real_p1_mirror_hole_cov=0.1482 real_p1_skipped=1.0000 real_p1_hole_frac=0.4266 real_p2_eps=0.1436 real_p2_hit=1.0000 real_p2_t=232.0000 real_p2_ldif=0.0607 real_p2_gen_adv=0.9060 real_p2_lfm=0.0030 real_total=0.3008 discr_adv=1.9451 x0_d_real=-0.5227 x0_d_fake=-0.5908 p2_d_real=-0.8642 p2_d_fake=-0.9060 g_grad_abs=828.4069 d_grad_abs=282.2583 synth_eps=0.0063 synth_eps_raw=0.0063 synth_x0_hit=0.0000 synth_total=0.0063 extra_render_attn_share=0.6023
[step 68350] real_p1_mirror_hole_cov=0.0018 real_p1_skipped=1.0000 real_p1_hole_frac=0.1300 real_p2_eps=0.0941 real_p2_hit=1.0000 real_p2_t=213.0000 real_p2_ldif=0.0342 real_p2_gen_adv=-0.1509 real_p2_lfm=0.0009 real_total=0.1149 discr_adv=1.9593 x0_d_real=-0.2248 x0_d_fake=-0.2822 p2_d_real=0.1751 p2_d_fake=0.1509 g_grad_abs=824.5884 d_grad_abs=132.6579 synth_eps=0.2859 synth_eps_raw=0.2859 synth_x0_hit=1.0000 synth_x0_t=158.0000 synth_x0_ldif=0.0643 synth_x0_gen_adv=0.3606 synth_x0_lfm=0.0068 synth_total=0.3998 extra_render_attn_share=0.6023
[step 68400] real_p1_mirror_hole_cov=0.0578 real_p1_skipped=1.0000 real_p1_hole_frac=0.0686 real_p2_eps=0.0742 real_p2_hit=1.0000 real_p2_t=218.0000 real_p2_ldif=0.0281 real_p2_gen_adv=-0.6988 real_p2_lfm=0.0009 real_total=0.0342 discr_adv=2.0017 x0_d_real=0.5163 x0_d_fake=0.4503 p2_d_real=0.6295 p2_d_fake=0.6988 g_grad_abs=668.3704 d_grad_abs=179.2098 synth_eps=0.0091 synth_eps_raw=0.0091 synth_x0_hit=0.0000 synth_total=0.0091 extra_render_attn_share=0.6023
[step 68450] real_p1_mirror_hole_cov=0.0472 real_p1_skipped=1.0000 real_p1_hole_frac=0.0871 real_p2_eps=0.0082 real_p2_hit=0.0000 real_total=0.0082 discr_adv=0.9617 x0_d_real=0.6679 x0_d_fake=0.5913 g_grad_abs=121.3685 d_grad_abs=195.8229 synth_eps=0.0203 synth_eps_raw=0.0203 synth_x0_hit=0.0000 synth_total=0.0203 extra_render_attn_share=0.6023
[step 68500] real_p1_mirror_hole_cov=0.0097 real_p1_skipped=1.0000 real_p1_hole_frac=0.2034 real_p2_eps=0.0397 real_p2_hit=0.0000 real_total=0.0397 discr_adv=0.9915 x0_d_real=0.4232 x0_d_fake=0.4062 g_grad_abs=258.6118 d_grad_abs=97.0629 synth_eps=0.4543 synth_eps_raw=0.4543 synth_x0_hit=1.0000 synth_x0_t=69.0000 synth_x0_ldif=0.0337 synth_x0_gen_adv=-0.3185 synth_x0_lfm=0.0010 synth_total=0.4583 extra_render_attn_share=0.6023
[images] real: anchor | cond1 | cond2 | inv_warp_mirror | mask | mask_inv | warp_img | warp_warp_img | x | y_hat | y_hat_novel -> /home/xzy/warpgan-diffusiong-inpainting/warpgan-diffusion-inpainting-main/experiments/train_inpainting_diffusion/[20260911-143749]_v18w3_w3d_30k/logs/images/train/real_step0068500.png
[images] synth: cond | mask | target | warp_img | x | y_hat_novel -> /home/xzy/warpgan-diffusiong-inpainting/warpgan-diffusion-inpainting-main/experiments/train_inpainting_diffusion/[20260911-143749]_v18w3_w3d_30k/logs/images/train/synth_step0068500.png
[step 68550] real_p1_mirror_hole_cov=0.0303 real_p1_skipped=1.0000 real_p1_hole_frac=0.4540 real_p2_eps=0.0205 real_p2_hit=0.0000 real_total=0.0205 synth_eps=0.0450 synth_eps_raw=0.0450 synth_x0_hit=0.0000 synth_total=0.0450 extra_render_attn_share=0.6023
[step 68600] real_p1_mirror_hole_cov=0.3559 real_p1_skipped=1.0000 real_p1_hole_frac=0.3694 real_p2_eps=0.0016 real_p2_hit=0.0000 real_total=0.0016 synth_eps=0.1138 synth_eps_raw=0.1138 synth_x0_hit=0.0000 synth_total=0.1138 extra_render_attn_share=0.6023
[step 68650] real_p1_mirror_hole_cov=0.0195 real_p1_skipped=1.0000 real_p1_hole_frac=0.3379 real_p2_eps=0.0384 real_p2_hit=0.0000 real_total=0.0384 synth_eps=0.1358 synth_eps_raw=0.1358 synth_x0_hit=0.0000 synth_total=0.1358 extra_render_attn_share=0.6023
[step 68700] real_p1_mirror_hole_cov=0.1311 real_p1_skipped=1.0000 real_p1_hole_frac=0.3712 real_p2_eps=0.0192 real_p2_hit=0.0000 real_total=0.0192 synth_eps=0.2633 synth_eps_raw=0.2633 synth_x0_hit=1.0000 synth_x0_t=196.0000 synth_x0_ldif=0.0832 synth_x0_gen_adv=0.1942 synth_x0_lfm=0.0019 synth_total=0.3698 extra_render_attn_share=0.6023
[step 68750] real_p1_mirror_hole_cov=0.1280 real_p1_skipped=1.0000 real_p1_hole_frac=0.2175 real_p2_eps=0.1215 real_p2_hit=1.0000 real_p2_t=220.0000 real_p2_ldif=0.0467 real_p2_gen_adv=-0.2011 real_p2_lfm=0.0009 real_total=0.1499 discr_adv=2.0247 x0_d_real=-0.1439 x0_d_fake=-0.1527 p2_d_real=0.1428 p2_d_fake=0.2011 g_grad_abs=810.7121 d_grad_abs=151.8211 synth_eps=0.1153 synth_eps_raw=0.1153 synth_x0_hit=0.0000 synth_total=0.1153 extra_render_attn_share=0.6023
[step 68800] real_p1_mirror_hole_cov=0.0854 real_p1_skipped=1.0000 real_p1_hole_frac=0.3223 real_p2_eps=0.1745 real_p2_hit=1.0000 real_p2_t=110.0000 real_p2_ldif=0.0234 real_p2_gen_adv=-0.0244 real_p2_lfm=0.0006 real_total=0.1967 discr_adv=1.0324 p2_d_real=-0.0404 p2_d_fake=0.0244 g_grad_abs=846.8626 d_grad_abs=173.5409 synth_eps=0.4778 synth_eps_raw=0.4778 synth_x0_hit=1.0000 synth_x0_t=90.0000 synth_x0_ldif=0.0493 synth_x0_gen_adv=-0.2866 synth_x0_lfm=0.0018 synth_total=0.5021 extra_render_attn_share=0.6023
[step 68850] real_p1_mirror_hole_cov=0.0742 real_p1_skipped=1.0000 real_p1_hole_frac=0.0939 real_p2_eps=0.1116 real_p2_hit=1.0000 real_p2_t=161.0000 real_p2_ldif=0.0258 real_p2_gen_adv=-0.6598 real_p2_lfm=0.0006 real_total=0.0725 discr_adv=1.0234 p2_d_real=0.6131 p2_d_fake=0.6598 g_grad_abs=933.1808 d_grad_abs=168.4438 synth_eps=0.0578 synth_eps_raw=0.0578 synth_x0_hit=0.0000 synth_total=0.0578 extra_render_attn_share=0.6023
[step 68900] real_p1_mirror_hole_cov=0.1747 real_p1_skipped=1.0000 real_p1_hole_frac=0.1978 real_p2_eps=0.0198 real_p2_hit=0.0000 real_total=0.0198 synth_eps=0.1968 synth_eps_raw=0.1968 synth_x0_hit=1.0000 synth_x0_t=299.0000 synth_x0_ldif=0.1356 synth_x0_gen_adv=-0.0721 synth_x0_lfm=0.0018 synth_total=0.3287 extra_render_attn_share=0.6023
[step 68950] real_p1_mirror_hole_cov=0.0101 real_p1_skipped=1.0000 real_p1_hole_frac=0.2866 real_p2_eps=0.0071 real_p2_hit=0.0000 real_total=0.0071 discr_adv=0.9143 x0_d_real=-0.3670 x0_d_fake=-0.5383 g_grad_abs=87.1322 d_grad_abs=407.1925 synth_eps=0.0916 synth_eps_raw=0.0916 synth_x0_hit=0.0000 synth_total=0.0916 extra_render_attn_share=0.6023
[step 69000] real_p1_mirror_hole_cov=0.0591 real_p1_skipped=1.0000 real_p1_hole_frac=0.2365 real_p2_eps=0.0013 real_p2_hit=0.0000 real_total=0.0013 discr_adv=1.1299 x0_d_real=0.3781 x0_d_fake=0.6380 g_grad_abs=24.4429 d_grad_abs=1055.1106 synth_eps=0.0153 synth_eps_raw=0.0153 synth_x0_hit=0.0000 synth_total=0.0153 extra_render_attn_share=0.6023
[images] real: anchor | cond1 | cond2 | inv_warp_mirror | mask | mask_inv | warp_img | warp_warp_img | x | y_hat | y_hat_novel -> /home/xzy/warpgan-diffusiong-inpainting/warpgan-diffusion-inpainting-main/experiments/train_inpainting_diffusion/[20260911-143749]_v18w3_w3d_30k/logs/images/train/real_step0069000.png
[images] synth: cond | mask | target | warp_img | x | y_hat_novel -> /home/xzy/warpgan-diffusiong-inpainting/warpgan-diffusion-inpainting-main/experiments/train_inpainting_diffusion/[20260911-143749]_v18w3_w3d_30k/logs/images/train/synth_step0069000.png
[step 69050] real_p1_mirror_hole_cov=0.0344 real_p1_skipped=1.0000 real_p1_hole_frac=0.0756 real_p2_eps=0.0006 real_p2_hit=0.0000 real_total=0.0006 synth_eps=0.0110 synth_eps_raw=0.0110 synth_x0_hit=0.0000 synth_total=0.0110 extra_render_attn_share=0.6023
[step 69100] real_p1_mirror_hole_cov=0.2270 real_p1_skipped=1.0000 real_p1_hole_frac=0.2982 real_p2_eps=0.0034 real_p2_hit=0.0000 real_total=0.0034 synth_eps=0.2230 synth_eps_raw=0.2230 synth_x0_hit=1.0000 synth_x0_t=286.0000 synth_x0_ldif=0.1402 synth_x0_gen_adv=0.0469 synth_x0_lfm=0.0024 synth_total=0.3727 extra_render_attn_share=0.6023
[step 69150] real_p1_mirror_hole_cov=0.1099 real_p1_skipped=1.0000 real_p1_hole_frac=0.2122 real_p2_eps=0.0289 real_p2_hit=0.0000 real_total=0.0289 synth_eps=0.0428 synth_eps_raw=0.0428 synth_x0_hit=0.0000 synth_total=0.0428 extra_render_attn_share=0.6023
[step 69200] real_p1_mirror_hole_cov=0.1249 real_p1_skipped=1.0000 real_p1_hole_frac=0.2371 real_p2_eps=0.0998 real_p2_hit=1.0000 real_p2_t=247.0000 real_p2_ldif=0.0473 real_p2_gen_adv=-0.5807 real_p2_lfm=0.0010 real_total=0.0911 discr_adv=1.9564 x0_d_real=0.1902 x0_d_fake=0.0391 p2_d_real=0.5169 p2_d_fake=0.5807 g_grad_abs=948.6389 d_grad_abs=1038.9554 synth_eps=0.1062 synth_eps_raw=0.1062 synth_x0_hit=0.0000 synth_total=0.1062 extra_render_attn_share=0.6023
[step 69250] real_p1_mirror_hole_cov=0.4535 real_p1_skipped=1.0000 real_p1_hole_frac=0.1762 real_p2_eps=0.0067 real_p2_hit=0.0000 real_total=0.0067 synth_eps=0.0481 synth_eps_raw=0.0481 synth_x0_hit=0.0000 synth_total=0.0481 extra_render_attn_share=0.6023
[step 69300] real_p1_mirror_hole_cov=0.0742 real_p1_skipped=1.0000 real_p1_hole_frac=0.5316 real_p2_eps=0.1058 real_p2_hit=1.0000 real_p2_t=275.0000 real_p2_ldif=0.0615 real_p2_gen_adv=0.6455 real_p2_lfm=0.0013 real_total=0.2344 discr_adv=1.0213 p2_d_real=-0.6881 p2_d_fake=-0.6455 g_grad_abs=1052.5963 d_grad_abs=103.5338 synth_eps=0.2459 synth_eps_raw=0.2459 synth_x0_hit=1.0000 synth_x0_t=171.0000 synth_x0_ldif=0.0624 synth_x0_gen_adv=0.8401 synth_x0_lfm=0.0010 synth_total=0.3942 extra_render_attn_share=0.6023
[step 69350] real_p1_mirror_hole_cov=0.0041 real_p1_skipped=1.0000 real_p1_hole_frac=0.2464 real_p2_eps=0.1525 real_p2_hit=1.0000 real_p2_t=195.0000 real_p2_ldif=0.0478 real_p2_gen_adv=0.7099 real_p2_lfm=0.0022 real_total=0.2756 discr_adv=0.9857 p2_d_real=-0.6814 p2_d_fake=-0.7099 g_grad_abs=812.9031 d_grad_abs=77.4126 synth_eps=0.0861 synth_eps_raw=0.0861 synth_x0_hit=0.0000 synth_total=0.0861 extra_render_attn_share=0.6023
[step 69400] real_p1_mirror_hole_cov=0.0002 real_p1_skipped=1.0000 real_p1_hole_frac=0.2465 real_p2_eps=0.0019 real_p2_hit=0.0000 real_total=0.0019 discr_adv=0.9269 x0_d_real=-0.4542 x0_d_fake=-0.6003 g_grad_abs=39.7941 d_grad_abs=320.0713 synth_eps=0.0506 synth_eps_raw=0.0506 synth_x0_hit=0.0000 synth_total=0.0506 extra_render_attn_share=0.6023
[step 69450] real_p1_mirror_hole_cov=0.1335 real_p1_skipped=1.0000 real_p1_hole_frac=0.4932 real_p2_eps=0.0162 real_p2_hit=0.0000 real_total=0.0162 discr_adv=0.9323 x0_d_real=0.5040 x0_d_fake=0.3680 g_grad_abs=156.8759 d_grad_abs=444.6912 synth_eps=0.0049 synth_eps_raw=0.0049 synth_x0_hit=0.0000 synth_total=0.0049 extra_render_attn_share=0.6023
[step 69500] real_p1_mirror_hole_cov=0.2439 real_p1_skipped=1.0000 real_p1_hole_frac=0.1402 real_p2_eps=0.0178 real_p2_hit=0.0000 real_total=0.0178 synth_eps=0.2504 synth_eps_raw=0.2504 synth_x0_hit=1.0000 synth_x0_t=232.0000 synth_x0_ldif=0.1058 synth_x0_gen_adv=0.9695 synth_x0_lfm=0.0021 synth_total=0.4574 extra_render_attn_share=0.6023
[images] real: anchor | cond1 | cond2 | inv_warp_mirror | mask | mask_inv | warp_img | warp_warp_img | x | y_hat | y_hat_novel -> /home/xzy/warpgan-diffusiong-inpainting/warpgan-diffusion-inpainting-main/experiments/train_inpainting_diffusion/[20260911-143749]_v18w3_w3d_30k/logs/images/train/real_step0069500.png
[images] synth: cond | mask | target | warp_img | x | y_hat_novel -> /home/xzy/warpgan-diffusiong-inpainting/warpgan-diffusion-inpainting-main/experiments/train_inpainting_diffusion/[20260911-143749]_v18w3_w3d_30k/logs/images/train/synth_step0069500.png
[step 69550] real_p1_mirror_hole_cov=0.2072 real_p1_skipped=1.0000 real_p1_hole_frac=0.4308 real_p2_eps=0.0974 real_p2_hit=0.0000 real_total=0.0974 discr_adv=0.9813 x0_d_real=-0.7868 x0_d_fake=-0.8242 g_grad_abs=481.3089 d_grad_abs=124.4131 synth_eps=0.8143 synth_eps_raw=0.8143 synth_x0_hit=1.0000 synth_x0_t=5.0000 synth_x0_ldif=0.0042 synth_x0_gen_adv=0.6050 synth_x0_lfm=0.0002 synth_total=0.8794 extra_render_attn_share=0.6023
[step 69600] real_p1_mirror_hole_cov=0.0874 real_p1_skipped=1.0000 real_p1_hole_frac=0.2720 real_p2_eps=0.2051 real_p2_hit=1.0000 real_p2_t=74.0000 real_p2_ldif=0.0166 real_p2_gen_adv=-0.4854 real_p2_lfm=0.0005 real_total=0.1741 discr_adv=1.0267 p2_d_real=0.4322 p2_d_fake=0.4854 g_grad_abs=849.2565 d_grad_abs=241.7843 synth_eps=0.0106 synth_eps_raw=0.0106 synth_x0_hit=0.0000 synth_total=0.0106 extra_render_attn_share=0.6023
[step 69650] real_p1_mirror_hole_cov=0.1213 real_p1_skipped=1.0000 real_p1_hole_frac=0.0702 real_p2_eps=0.0287 real_p2_hit=0.0000 real_total=0.0287 synth_eps=0.2378 synth_eps_raw=0.2378 synth_x0_hit=1.0000 synth_x0_t=182.0000 synth_x0_ldif=0.0666 synth_x0_gen_adv=-0.5614 synth_x0_lfm=0.0028 synth_total=0.2540 extra_render_attn_share=0.6023
[step 69700] real_p1_mirror_hole_cov=0.3790 real_p1_skipped=1.0000 real_p1_hole_frac=0.5530 real_p2_eps=0.2271 real_p2_hit=1.0000 real_p2_t=108.0000 real_p2_ldif=0.0297 real_p2_gen_adv=-0.4010 real_p2_lfm=0.0010 real_total=0.2187 discr_adv=1.0462 p2_d_real=0.3086 p2_d_fake=0.4010 g_grad_abs=1015.0748 d_grad_abs=274.6389 synth_eps=0.0016 synth_eps_raw=0.0016 synth_x0_hit=0.0000 synth_total=0.0016 extra_render_attn_share=0.6023
[step 69750] real_p1_mirror_hole_cov=0.2181 real_p1_skipped=1.0000 real_p1_hole_frac=0.0305 real_p2_eps=0.1295 real_p2_hit=1.0000 real_p2_t=85.0000 real_p2_ldif=0.0124 real_p2_gen_adv=0.2979 real_p2_lfm=0.0007 real_total=0.1731 discr_adv=1.0413 p2_d_real=-0.3804 p2_d_fake=-0.2979 g_grad_abs=750.0228 d_grad_abs=172.2760 synth_eps=0.1120 synth_eps_raw=0.1120 synth_x0_hit=0.0000 synth_total=0.1120 extra_render_attn_share=0.6023
[step 69800] real_p1_mirror_hole_cov=0.0703 real_p1_skipped=1.0000 real_p1_hole_frac=0.0574 real_p2_eps=0.0408 real_p2_hit=0.0000 real_total=0.0408 synth_eps=0.2211 synth_eps_raw=0.2211 synth_x0_hit=1.0000 synth_x0_t=185.0000 synth_x0_ldif=0.0636 synth_x0_gen_adv=-0.1213 synth_x0_lfm=0.0011 synth_total=0.2747 extra_render_attn_share=0.6023
[step 69850] real_p1_mirror_hole_cov=0.0110 real_p1_skipped=1.0000 real_p1_hole_frac=0.2896 real_p2_eps=0.0215 real_p2_hit=0.0000 real_total=0.0215 discr_adv=1.0106 x0_d_real=0.9580 x0_d_fake=0.9723 g_grad_abs=132.6509 d_grad_abs=193.9475 synth_eps=0.1985 synth_eps_raw=0.1985 synth_x0_hit=1.0000 synth_x0_t=278.0000 synth_x0_ldif=0.1179 synth_x0_gen_adv=-0.8901 synth_x0_lfm=0.0018 synth_total=0.2309 extra_render_attn_share=0.6023
[step 69900] real_p1_mirror_hole_cov=0.0195 real_p1_skipped=1.0000 real_p1_hole_frac=0.3127 real_p2_eps=0.2212 real_p2_hit=1.0000 real_p2_t=90.0000 real_p2_ldif=0.0228 real_p2_gen_adv=-0.1865 real_p2_lfm=0.0003 real_total=0.2261 discr_adv=0.9837 p2_d_real=0.2191 p2_d_fake=0.1865 g_grad_abs=879.8503 d_grad_abs=109.0858 synth_eps=0.0705 synth_eps_raw=0.0705 synth_x0_hit=0.0000 synth_total=0.0705 extra_render_attn_share=0.6023
[step 69950] real_p1_mirror_hole_cov=0.0948 real_p1_skipped=1.0000 real_p1_hole_frac=0.3104 real_p2_eps=0.0748 real_p2_hit=0.0000 real_total=0.0748 discr_adv=0.9660 x0_d_real=-0.5943 x0_d_fake=-0.6623 g_grad_abs=419.4970 d_grad_abs=265.7901 synth_eps=0.0484 synth_eps_raw=0.0484 synth_x0_hit=0.0000 synth_total=0.0484 extra_render_attn_share=0.6023
[ckpt] saved /home/xzy/warpgan-diffusiong-inpainting/warpgan-diffusion-inpainting-main/experiments/train_inpainting_diffusion/[20260911-143749]_v18w3_w3d_30k/checkpoints/iteration_0069999.pt
[val step 69999] val_novel_full=0.1144 val_novel_hole=0.1248 val_novel_visible=0.1079
[step 70000] real_p1_mirror_hole_cov=0.1644 real_p1_skipped=1.0000 real_p1_hole_frac=0.2394 real_p2_eps=0.1878 real_p2_hit=1.0000 real_p2_t=159.0000 real_p2_ldif=0.0426 real_p2_gen_adv=-0.3267 real_p2_lfm=0.0008 real_total=0.1995 discr_adv=1.0420 p2_d_real=0.2428 p2_d_fake=0.3267 g_grad_abs=1048.1484 d_grad_abs=275.3870 synth_eps=0.4676 synth_eps_raw=0.4676 synth_x0_hit=1.0000 synth_x0_t=56.0000 synth_x0_ldif=0.0271 synth_x0_gen_adv=0.0298 synth_x0_lfm=0.0007 synth_total=0.4991 extra_render_attn_share=0.5737
[images] real: anchor | cond1 | cond2 | inv_warp_mirror | mask | mask_inv | warp_img | warp_warp_img | x | y_hat | y_hat_novel -> /home/xzy/warpgan-diffusiong-inpainting/warpgan-diffusion-inpainting-main/experiments/train_inpainting_diffusion/[20260911-143749]_v18w3_w3d_30k/logs/images/train/real_step0070000.png
[images] synth: cond | mask | target | warp_img | x | y_hat_novel -> /home/xzy/warpgan-diffusiong-inpainting/warpgan-diffusion-inpainting-main/experiments/train_inpainting_diffusion/[20260911-143749]_v18w3_w3d_30k/logs/images/train/synth_step0070000.png
[step 70050] real_p1_mirror_hole_cov=0.0032 real_p1_skipped=1.0000 real_p1_hole_frac=0.2006 real_p2_eps=0.0108 real_p2_hit=0.0000 real_total=0.0108 synth_eps=0.1774 synth_eps_raw=0.1774 synth_x0_hit=1.0000 synth_x0_t=223.0000 synth_x0_ldif=0.0698 synth_x0_gen_adv=-0.4819 synth_x0_lfm=0.0015 synth_total=0.2019 extra_render_attn_share=0.5737
[step 70100] real_p1_mirror_hole_cov=0.0657 real_p1_skipped=1.0000 real_p1_hole_frac=0.3081 real_p2_eps=0.1167 real_p2_hit=0.0000 real_total=0.1167 synth_eps=0.0054 synth_eps_raw=0.0054 synth_x0_hit=0.0000 synth_total=0.0054 extra_render_attn_share=0.5737
[step 70150] real_p1_mirror_hole_cov=0.0292 real_p1_skipped=1.0000 real_p1_hole_frac=0.5164 real_p2_eps=0.0188 real_p2_hit=0.0000 real_total=0.0188 discr_adv=0.9443 x0_d_real=-0.4190 x0_d_fake=-0.5304 g_grad_abs=160.8553 d_grad_abs=256.5501 synth_eps=0.1140 synth_eps_raw=0.1140 synth_x0_hit=0.0000 synth_total=0.1140 extra_render_attn_share=0.5737
[step 70200] real_p1_mirror_hole_cov=0.0161 real_p1_skipped=1.0000 real_p1_hole_frac=0.1966 real_p2_eps=0.0056 real_p2_hit=0.0000 real_total=0.0056 synth_eps=0.0031 synth_eps_raw=0.0031 synth_x0_hit=0.0000 synth_total=0.0031 extra_render_attn_share=0.5737
[step 70250] real_p1_mirror_hole_cov=0.0565 real_p1_skipped=1.0000 real_p1_hole_frac=0.3337 real_p2_eps=0.1624 real_p2_hit=1.0000 real_p2_t=170.0000 real_p2_ldif=0.0409 real_p2_gen_adv=-0.2406 real_p2_lfm=0.0011 real_total=0.1814 discr_adv=1.0690 p2_d_real=0.1026 p2_d_fake=0.2406 g_grad_abs=928.1723 d_grad_abs=334.3672 synth_eps=0.0726 synth_eps_raw=0.0726 synth_x0_hit=0.0000 synth_total=0.0726 extra_render_attn_share=0.5737
[step 70300] real_p1_mirror_hole_cov=0.0027 real_p1_skipped=1.0000 real_p1_hole_frac=0.0558 real_p2_eps=0.0828 real_p2_hit=1.0000 real_p2_t=196.0000 real_p2_ldif=0.0262 real_p2_gen_adv=-0.6657 real_p2_lfm=0.0003 real_total=0.0430 discr_adv=1.9547 x0_d_real=-0.0071 x0_d_fake=-0.1035 p2_d_real=0.6599 p2_d_fake=0.6657 g_grad_abs=705.0962 d_grad_abs=194.8564 synth_eps=0.0429 synth_eps_raw=0.0429 synth_x0_hit=0.0000 synth_total=0.0429 extra_render_attn_share=0.5737
[step 70350] real_p1_mirror_hole_cov=0.1057 real_p1_skipped=1.0000 real_p1_hole_frac=0.2689 real_p2_eps=0.0776 real_p2_hit=0.0000 real_total=0.0776 discr_adv=0.9808 x0_d_real=0.2883 x0_d_fake=0.2498 g_grad_abs=403.9115 d_grad_abs=143.9110 synth_eps=0.0090 synth_eps_raw=0.0090 synth_x0_hit=0.0000 synth_total=0.0090 extra_render_attn_share=0.5737
[step 70400] real_p1_mirror_hole_cov=0.0008 real_p1_skipped=1.0000 real_p1_hole_frac=0.1667 real_p2_eps=0.1201 real_p2_hit=1.0000 real_p2_t=115.0000 real_p2_ldif=0.0171 real_p2_gen_adv=0.3699 real_p2_lfm=0.0004 real_total=0.1751 discr_adv=1.0354 p2_d_real=-0.4407 p2_d_fake=-0.3699 g_grad_abs=702.5474 d_grad_abs=149.4470 synth_eps=0.0599 synth_eps_raw=0.0599 synth_x0_hit=0.0000 synth_total=0.0599 extra_render_attn_share=0.5737
[step 70450] real_p1_mirror_hole_cov=0.1456 real_p1_skipped=1.0000 real_p1_hole_frac=0.3651 real_p2_eps=0.0012 real_p2_hit=0.0000 real_total=0.0012 synth_eps=0.1775 synth_eps_raw=0.1775 synth_x0_hit=1.0000 synth_x0_t=293.0000 synth_x0_ldif=0.1172 synth_x0_gen_adv=0.1162 synth_x0_lfm=0.0025 synth_total=0.3113 extra_render_attn_share=0.5737
[step 70500] real_p1_mirror_hole_cov=0.0434 real_p1_skipped=1.0000 real_p1_hole_frac=0.0167 real_p2_eps=0.0550 real_p2_hit=1.0000 real_p2_t=162.0000 real_p2_ldif=0.0128 real_p2_gen_adv=-0.8645 real_p2_lfm=0.0002 real_total=-0.0182 discr_adv=1.9052 x0_d_real=0.5398 x0_d_fake=0.3422 p2_d_real=0.8565 p2_d_fake=0.8645 g_grad_abs=436.0829 d_grad_abs=639.5923 synth_eps=0.0021 synth_eps_raw=0.0021 synth_x0_hit=0.0000 synth_total=0.0021 extra_render_attn_share=0.5737
[images] real: anchor | cond1 | cond2 | inv_warp_mirror | mask | mask_inv | warp_img | warp_warp_img | x | y_hat | y_hat_novel -> /home/xzy/warpgan-diffusiong-inpainting/warpgan-diffusion-inpainting-main/experiments/train_inpainting_diffusion/[20260911-143749]_v18w3_w3d_30k/logs/images/train/real_step0070500.png
[images] synth: cond | mask | target | warp_img | x | y_hat_novel -> /home/xzy/warpgan-diffusiong-inpainting/warpgan-diffusion-inpainting-main/experiments/train_inpainting_diffusion/[20260911-143749]_v18w3_w3d_30k/logs/images/train/synth_step0070500.png
[step 70550] real_p1_mirror_hole_cov=0.1655 real_p1_skipped=1.0000 real_p1_hole_frac=0.3716 real_p2_eps=0.1263 real_p2_hit=1.0000 real_p2_t=276.0000 real_p2_ldif=0.0739 real_p2_gen_adv=0.7197 real_p2_lfm=0.0011 real_total=0.2745 discr_adv=0.9933 p2_d_real=-0.7063 p2_d_fake=-0.7197 g_grad_abs=1092.7851 d_grad_abs=109.2651 synth_eps=0.0210 synth_eps_raw=0.0210 synth_x0_hit=0.0000 synth_total=0.0210 extra_render_attn_share=0.5737
[step 70600] real_p1_mirror_hole_cov=0.0403 real_p1_skipped=1.0000 real_p1_hole_frac=0.2066 real_p2_eps=0.0031 real_p2_hit=0.0000 real_total=0.0031 synth_eps=0.0870 synth_eps_raw=0.0870 synth_x0_hit=0.0000 synth_total=0.0870 extra_render_attn_share=0.5737
[step 70650] real_p1_mirror_hole_cov=0.1196 real_p1_skipped=1.0000 real_p1_hole_frac=0.0990 real_p2_eps=0.0024 real_p2_hit=0.0000 real_total=0.0024 synth_eps=0.0140 synth_eps_raw=0.0140 synth_x0_hit=0.0000 synth_total=0.0140 extra_render_attn_share=0.5737
[step 70700] real_p1_mirror_hole_cov=0.0495 real_p1_skipped=1.0000 real_p1_hole_frac=0.2714 real_p2_eps=0.0230 real_p2_hit=0.0000 real_total=0.0230 synth_eps=0.1300 synth_eps_raw=0.1300 synth_x0_hit=0.0000 synth_total=0.1300 extra_render_attn_share=0.5737
[step 70750] real_p1_mirror_hole_cov=0.2846 real_p1_skipped=1.0000 real_p1_hole_frac=0.3141 real_p2_eps=0.0987 real_p2_hit=0.0000 real_total=0.0987 synth_eps=0.0072 synth_eps_raw=0.0072 synth_x0_hit=0.0000 synth_total=0.0072 extra_render_attn_share=0.5737
[step 70800] real_p1_mirror_hole_cov=0.3121 real_p1_skipped=1.0000 real_p1_hole_frac=0.1789 real_p2_eps=0.0162 real_p2_hit=0.0000 real_total=0.0162 synth_eps=0.0062 synth_eps_raw=0.0062 synth_x0_hit=0.0000 synth_total=0.0062 extra_render_attn_share=0.5737
[step 70850] real_p1_mirror_hole_cov=0.0689 real_p1_skipped=1.0000 real_p1_hole_frac=0.1141 real_p2_eps=0.0441 real_p2_hit=0.0000 real_total=0.0441 synth_eps=0.2395 synth_eps_raw=0.2395 synth_x0_hit=1.0000 synth_x0_t=241.0000 synth_x0_ldif=0.1084 synth_x0_gen_adv=-0.5069 synth_x0_lfm=0.0014 synth_total=0.3001 extra_render_attn_share=0.5737
[step 70900] real_p1_mirror_hole_cov=0.1326 real_p1_skipped=1.0000 real_p1_hole_frac=0.2641 real_p2_eps=0.0532 real_p2_hit=0.0000 real_total=0.0532 synth_eps=0.1091 synth_eps_raw=0.1091 synth_x0_hit=0.0000 synth_total=0.1091 extra_render_attn_share=0.5737
[step 70950] real_p1_mirror_hole_cov=0.1085 real_p1_skipped=1.0000 real_p1_hole_frac=0.4618 real_p2_eps=0.0106 real_p2_hit=0.0000 real_total=0.0106 discr_adv=0.9954 x0_d_real=-0.2683 x0_d_fake=-0.2774 g_grad_abs=105.2717 d_grad_abs=207.2505 synth_eps=0.0210 synth_eps_raw=0.0210 synth_x0_hit=0.0000 synth_total=0.0210 extra_render_attn_share=0.5737
[step 71000] real_p1_mirror_hole_cov=0.0400 real_p1_skipped=1.0000 real_p1_hole_frac=0.2847 real_p2_eps=0.0633 real_p2_hit=0.0000 real_total=0.0633 synth_eps=0.0017 synth_eps_raw=0.0017 synth_x0_hit=0.0000 synth_total=0.0017 extra_render_attn_share=0.5737
[images] real: anchor | cond1 | cond2 | inv_warp_mirror | mask | mask_inv | warp_img | warp_warp_img | x | y_hat | y_hat_novel -> /home/xzy/warpgan-diffusiong-inpainting/warpgan-diffusion-inpainting-main/experiments/train_inpainting_diffusion/[20260911-143749]_v18w3_w3d_30k/logs/images/train/real_step0071000.png
[images] synth: cond | mask | target | warp_img | x | y_hat_novel -> /home/xzy/warpgan-diffusiong-inpainting/warpgan-diffusion-inpainting-main/experiments/train_inpainting_diffusion/[20260911-143749]_v18w3_w3d_30k/logs/images/train/synth_step0071000.png
[step 71050] real_p1_mirror_hole_cov=0.2469 real_p1_skipped=1.0000 real_p1_hole_frac=0.4337 real_p2_eps=0.0334 real_p2_hit=0.0000 real_total=0.0334 synth_eps=0.0021 synth_eps_raw=0.0021 synth_x0_hit=0.0000 synth_total=0.0021 extra_render_attn_share=0.5737
[step 71100] real_p1_mirror_hole_cov=0.0119 real_p1_skipped=1.0000 real_p1_hole_frac=0.2610 real_p2_eps=0.0362 real_p2_hit=0.0000 real_total=0.0362 discr_adv=0.9398 x0_d_real=0.4126 x0_d_fake=0.2923 g_grad_abs=216.0776 d_grad_abs=323.2906 synth_eps=0.4544 synth_eps_raw=0.4544 synth_x0_hit=1.0000 synth_x0_t=87.0000 synth_x0_ldif=0.0449 synth_x0_gen_adv=-0.2519 synth_x0_lfm=0.0009 synth_total=0.4759 extra_render_attn_share=0.5737
[step 71150] real_p1_mirror_hole_cov=0.4677 real_p1_skipped=1.0000 real_p1_hole_frac=0.1581 real_p2_eps=0.1055 real_p2_hit=1.0000 real_p2_t=188.0000 real_p2_ldif=0.0312 real_p2_gen_adv=0.0476 real_p2_lfm=0.0010 real_total=0.1435 discr_adv=2.0734 x0_d_real=0.0713 x0_d_fake=0.0840 p2_d_real=-0.1817 p2_d_fake=-0.0476 g_grad_abs=661.5319 d_grad_abs=261.4568 synth_eps=0.4177 synth_eps_raw=0.4177 synth_x0_hit=1.0000 synth_x0_t=92.0000 synth_x0_ldif=0.0443 synth_x0_gen_adv=0.3562 synth_x0_lfm=0.0006 synth_total=0.4988 extra_render_attn_share=0.5737
[step 71200] real_p1_mirror_hole_cov=0.0294 real_p1_skipped=1.0000 real_p1_hole_frac=0.0336 real_p2_eps=0.0023 real_p2_hit=0.0000 real_total=0.0023 synth_eps=0.0515 synth_eps_raw=0.0515 synth_x0_hit=0.0000 synth_total=0.0515 extra_render_attn_share=0.5737
[step 71250] real_p1_mirror_hole_cov=0.1492 real_p1_skipped=1.0000 real_p1_hole_frac=0.4096 real_p2_eps=0.0186 real_p2_hit=0.0000 real_total=0.0186 discr_adv=0.9786 x0_d_real=0.8808 x0_d_fake=0.8379 g_grad_abs=159.0931 d_grad_abs=206.2477 synth_eps=0.3340 synth_eps_raw=0.3340 synth_x0_hit=1.0000 synth_x0_t=136.0000 synth_x0_ldif=0.0602 synth_x0_gen_adv=-0.9076 synth_x0_lfm=0.0013 synth_total=0.3060 extra_render_attn_share=0.5737
[step 71300] real_p1_mirror_hole_cov=0.1488 real_p1_skipped=1.0000 real_p1_hole_frac=0.3354 real_p2_eps=0.1120 real_p2_hit=1.0000 real_p2_t=217.0000 real_p2_ldif=0.0420 real_p2_gen_adv=0.3190 real_p2_lfm=0.0017 real_total=0.1894 discr_adv=2.1212 x0_d_real=-0.8326 x0_d_fake=-0.8567 p2_d_real=-0.5707 p2_d_fake=-0.3190 g_grad_abs=922.0960 d_grad_abs=500.8870 synth_eps=0.0777 synth_eps_raw=0.0777 synth_x0_hit=0.0000 synth_total=0.0777 extra_render_attn_share=0.5737
[step 71350] real_p1_mirror_hole_cov=0.0457 real_p1_skipped=1.0000 real_p1_hole_frac=0.0919 real_p2_eps=0.2286 real_p2_hit=1.0000 real_p2_t=50.0000 real_p2_ldif=0.0117 real_p2_gen_adv=0.7304 real_p2_lfm=0.0001 real_total=0.3136 discr_adv=0.9952 p2_d_real=-0.7208 p2_d_fake=-0.7304 g_grad_abs=1030.4367 d_grad_abs=37.3875 synth_eps=0.0479 synth_eps_raw=0.0479 synth_x0_hit=0.0000 synth_total=0.0479 extra_render_attn_share=0.5737
[step 71400] real_p1_mirror_hole_cov=0.0672 real_p1_skipped=1.0000 real_p1_hole_frac=0.1251 real_p2_eps=0.0009 real_p2_hit=0.0000 real_total=0.0009 synth_eps=0.0471 synth_eps_raw=0.0471 synth_x0_hit=0.0000 synth_total=0.0471 extra_render_attn_share=0.5737
[step 71450] real_p1_mirror_hole_cov=0.0258 real_p1_skipped=1.0000 real_p1_hole_frac=0.4446 real_p2_eps=0.0180 real_p2_hit=0.0000 real_total=0.0180 discr_adv=0.9965 x0_d_real=0.4786 x0_d_fake=0.4716 g_grad_abs=195.8177 d_grad_abs=113.9565 synth_eps=0.0016 synth_eps_raw=0.0016 synth_x0_hit=0.0000 synth_total=0.0016 extra_render_attn_share=0.5737
[step 71500] real_p1_mirror_hole_cov=0.0585 real_p1_skipped=1.0000 real_p1_hole_frac=0.5174 real_p2_eps=0.0015 real_p2_hit=0.0000 real_total=0.0015 synth_eps=0.0239 synth_eps_raw=0.0239 synth_x0_hit=0.0000 synth_total=0.0239 extra_render_attn_share=0.5737
[images] real: anchor | cond1 | cond2 | inv_warp_mirror | mask | mask_inv | warp_img | warp_warp_img | x | y_hat | y_hat_novel -> /home/xzy/warpgan-diffusiong-inpainting/warpgan-diffusion-inpainting-main/experiments/train_inpainting_diffusion/[20260911-143749]_v18w3_w3d_30k/logs/images/train/real_step0071500.png
[images] synth: cond | mask | target | warp_img | x | y_hat_novel -> /home/xzy/warpgan-diffusiong-inpainting/warpgan-diffusion-inpainting-main/experiments/train_inpainting_diffusion/[20260911-143749]_v18w3_w3d_30k/logs/images/train/synth_step0071500.png
[step 71550] real_p1_mirror_hole_cov=0.0928 real_p1_skipped=1.0000 real_p1_hole_frac=0.2603 real_p2_eps=0.0030 real_p2_hit=0.0000 real_total=0.0030 synth_eps=0.2610 synth_eps_raw=0.2610 synth_x0_hit=1.0000 synth_x0_t=203.0000 synth_x0_ldif=0.0875 synth_x0_gen_adv=0.0860 synth_x0_lfm=0.0010 synth_total=0.3591 extra_render_attn_share=0.5737
[step 71600] real_p1_mirror_hole_cov=0.0717 real_p1_skipped=1.0000 real_p1_hole_frac=0.2974 real_p2_eps=0.0853 real_p2_hit=0.0000 real_total=0.0853 synth_eps=0.0060 synth_eps_raw=0.0060 synth_x0_hit=0.0000 synth_total=0.0060 extra_render_attn_share=0.5737
[step 71650] real_p1_mirror_hole_cov=0.0102 real_p1_skipped=1.0000 real_p1_hole_frac=0.4398 real_p2_eps=0.6059 real_p2_hit=1.0000 real_p2_t=6.0000 real_p2_ldif=0.0037 real_p2_gen_adv=0.3759 real_p2_lfm=0.0001 real_total=0.6473 discr_adv=0.9910 p2_d_real=-0.3578 p2_d_fake=-0.3759 g_grad_abs=1284.2244 d_grad_abs=38.6692 synth_eps=0.0393 synth_eps_raw=0.0393 synth_x0_hit=0.0000 synth_total=0.0393 extra_render_attn_share=0.5737
[step 71700] real_p1_mirror_hole_cov=0.0173 real_p1_skipped=1.0000 real_p1_hole_frac=0.2474 real_p2_eps=0.0056 real_p2_hit=0.0000 real_total=0.0056 synth_eps=0.0531 synth_eps_raw=0.0531 synth_x0_hit=0.0000 synth_total=0.0531 extra_render_attn_share=0.5737
[step 71750] real_p1_mirror_hole_cov=0.2541 real_p1_skipped=1.0000 real_p1_hole_frac=0.5618 real_p2_eps=0.1186 real_p2_hit=1.0000 real_p2_t=293.0000 real_p2_ldif=0.0783 real_p2_gen_adv=-0.1520 real_p2_lfm=0.0011 real_total=0.1840 discr_adv=1.1226 p2_d_real=-0.0931 p2_d_fake=0.1520 g_grad_abs=957.0296 d_grad_abs=406.8741 synth_eps=0.0075 synth_eps_raw=0.0075 synth_x0_hit=0.0000 synth_total=0.0075 extra_render_attn_share=0.5737
[step 71800] real_p1_mirror_hole_cov=0.1564 real_p1_skipped=1.0000 real_p1_hole_frac=0.3537 real_p2_eps=0.0067 real_p2_hit=0.0000 real_total=0.0067 synth_eps=0.0133 synth_eps_raw=0.0133 synth_x0_hit=0.0000 synth_total=0.0133 extra_render_attn_share=0.5737
[step 71850] real_p1_mirror_hole_cov=0.0545 real_p1_skipped=1.0000 real_p1_hole_frac=0.4225 real_p2_eps=0.0270 real_p2_hit=0.0000 real_total=0.0270 discr_adv=0.9132 x0_d_real=0.2899 x0_d_fake=0.1163 g_grad_abs=218.6527 d_grad_abs=381.4548 synth_eps=0.0052 synth_eps_raw=0.0052 synth_x0_hit=0.0000 synth_total=0.0052 extra_render_attn_share=0.5737
[step 71900] real_p1_mirror_hole_cov=0.1966 real_p1_skipped=1.0000 real_p1_hole_frac=0.4017 real_p2_eps=0.2453 real_p2_hit=1.0000 real_p2_t=85.0000 real_p2_ldif=0.0235 real_p2_gen_adv=-0.7373 real_p2_lfm=0.0009 real_total=0.1970 discr_adv=1.9578 x0_d_real=0.8321 x0_d_fake=0.7927 p2_d_real=0.7824 p2_d_fake=0.7373 g_grad_abs=884.1268 d_grad_abs=352.1036 synth_eps=0.2196 synth_eps_raw=0.2196 synth_x0_hit=1.0000 synth_x0_t=200.0000 synth_x0_ldif=0.0717 synth_x0_gen_adv=-0.7661 synth_x0_lfm=0.0012 synth_total=0.2171 extra_render_attn_share=0.5737
[step 71950] real_p1_mirror_hole_cov=0.1410 real_p1_skipped=1.0000 real_p1_hole_frac=0.5244 real_p2_eps=0.0777 real_p2_hit=0.0000 real_total=0.0777 synth_eps=0.0097 synth_eps_raw=0.0097 synth_x0_hit=0.0000 synth_total=0.0097 extra_render_attn_share=0.5737
[val step 71999] val_novel_full=0.0906 val_novel_hole=0.1022 val_novel_visible=0.0872
[step 72000] real_p1_mirror_hole_cov=0.0516 real_p1_skipped=1.0000 real_p1_hole_frac=0.1352 real_p2_eps=0.5670 real_p2_hit=1.0000 real_p2_t=7.0000 real_p2_ldif=0.0039 real_p2_gen_adv=0.0657 real_p2_lfm=0.0000 real_total=0.5776 discr_adv=0.9926 p2_d_real=-0.0509 p2_d_fake=-0.0657 g_grad_abs=1455.5928 d_grad_abs=25.6879 synth_eps=0.0144 synth_eps_raw=0.0144 synth_x0_hit=0.0000 synth_total=0.0144 extra_render_attn_share=0.6041
[images] real: anchor | cond1 | cond2 | inv_warp_mirror | mask | mask_inv | warp_img | warp_warp_img | x | y_hat | y_hat_novel -> /home/xzy/warpgan-diffusiong-inpainting/warpgan-diffusion-inpainting-main/experiments/train_inpainting_diffusion/[20260911-143749]_v18w3_w3d_30k/logs/images/train/real_step0072000.png
[images] synth: cond | mask | target | warp_img | x | y_hat_novel -> /home/xzy/warpgan-diffusiong-inpainting/warpgan-diffusion-inpainting-main/experiments/train_inpainting_diffusion/[20260911-143749]_v18w3_w3d_30k/logs/images/train/synth_step0072000.png
[step 72050] real_p1_mirror_hole_cov=0.0162 real_p1_skipped=1.0000 real_p1_hole_frac=0.1329 real_p2_eps=0.0180 real_p2_hit=0.0000 real_total=0.0180 discr_adv=0.9862 x0_d_real=0.8387 x0_d_fake=0.8109 g_grad_abs=215.6948 d_grad_abs=160.6305 synth_eps=0.0358 synth_eps_raw=0.0358 synth_x0_hit=0.0000 synth_total=0.0358 extra_render_attn_share=0.6041
[step 72100] real_p1_mirror_hole_cov=0.1474 real_p1_skipped=1.0000 real_p1_hole_frac=0.3156 real_p2_eps=0.0186 real_p2_hit=0.0000 real_total=0.0186 discr_adv=0.9509 x0_d_real=0.7282 x0_d_fake=0.6300 g_grad_abs=139.2755 d_grad_abs=497.1594 synth_eps=0.0032 synth_eps_raw=0.0032 synth_x0_hit=0.0000 synth_total=0.0032 extra_render_attn_share=0.6041
[step 72150] real_p1_mirror_hole_cov=0.0243 real_p1_skipped=1.0000 real_p1_hole_frac=0.0973 real_p2_eps=0.1015 real_p2_hit=1.0000 real_p2_t=211.0000 real_p2_ldif=0.0363 real_p2_gen_adv=-0.2853 real_p2_lfm=0.0006 real_total=0.1105 discr_adv=2.1432 x0_d_real=-0.6452 x0_d_fake=-0.5211 p2_d_real=0.1230 p2_d_fake=0.2853 g_grad_abs=855.6507 d_grad_abs=399.5593 synth_eps=0.0483 synth_eps_raw=0.0483 synth_x0_hit=0.0000 synth_total=0.0483 extra_render_attn_share=0.6041
[step 72200] real_p1_mirror_hole_cov=0.3802 real_p1_skipped=1.0000 real_p1_hole_frac=0.4435 real_p2_eps=0.2776 real_p2_hit=1.0000 real_p2_t=68.0000 real_p2_ldif=0.0202 real_p2_gen_adv=0.3638 real_p2_lfm=0.0003 real_total=0.3347 discr_adv=0.9716 p2_d_real=-0.3069 p2_d_fake=-0.3638 g_grad_abs=955.1106 d_grad_abs=121.4353 synth_eps=0.0036 synth_eps_raw=0.0036 synth_x0_hit=0.0000 synth_total=0.0036 extra_render_attn_share=0.6041
[step 72250] real_p1_mirror_hole_cov=0.0063 real_p1_skipped=1.0000 real_p1_hole_frac=0.1428 real_p2_eps=0.1565 real_p2_hit=1.0000 real_p2_t=82.0000 real_p2_ldif=0.0144 real_p2_gen_adv=-0.1056 real_p2_lfm=0.0001 real_total=0.1605 discr_adv=1.0015 p2_d_real=0.1026 p2_d_fake=0.1056 g_grad_abs=891.5131 d_grad_abs=38.4096 synth_eps=0.0030 synth_eps_raw=0.0030 synth_x0_hit=0.0000 synth_total=0.0030 extra_render_attn_share=0.6041
[step 72300] real_p1_mirror_hole_cov=0.0556 real_p1_skipped=1.0000 real_p1_hole_frac=0.2705 real_p2_eps=0.3777 real_p2_hit=1.0000 real_p2_t=34.0000 real_p2_ldif=0.0125 real_p2_gen_adv=-0.8003 real_p2_lfm=0.0001 real_total=0.3104 discr_adv=2.1053 x0_d_real=0.5225 x0_d_fake=0.7354 p2_d_real=0.8026 p2_d_fake=0.8003 g_grad_abs=1141.0208 d_grad_abs=905.5079 synth_eps=0.0373 synth_eps_raw=0.0373 synth_x0_hit=0.0000 synth_total=0.0373 extra_render_attn_share=0.6041
[step 72350] real_p1_mirror_hole_cov=0.0344 real_p1_skipped=1.0000 real_p1_hole_frac=0.4936 real_p2_eps=0.0041 real_p2_hit=0.0000 real_total=0.0041 synth_eps=0.2162 synth_eps_raw=0.2162 synth_x0_hit=1.0000 synth_x0_t=220.0000 synth_x0_ldif=0.0831 synth_x0_gen_adv=-0.6057 synth_x0_lfm=0.0012 synth_total=0.2411 extra_render_attn_share=0.6041
[step 72400] real_p1_mirror_hole_cov=0.0254 real_p1_skipped=1.0000 real_p1_hole_frac=0.2032 real_p2_eps=0.0052 real_p2_hit=0.0000 real_total=0.0052 synth_eps=0.0472 synth_eps_raw=0.0472 synth_x0_hit=0.0000 synth_total=0.0472 extra_render_attn_share=0.6041
[step 72450] real_p1_mirror_hole_cov=0.0083 real_p1_skipped=1.0000 real_p1_hole_frac=0.2795 real_p2_eps=0.0027 real_p2_hit=0.0000 real_total=0.0027 synth_eps=0.7030 synth_eps_raw=0.7030 synth_x0_hit=1.0000 synth_x0_t=21.0000 synth_x0_ldif=0.0141 synth_x0_gen_adv=-0.3773 synth_x0_lfm=0.0003 synth_total=0.6799 extra_render_attn_share=0.6041
[step 72500] real_p1_mirror_hole_cov=0.1412 real_p1_skipped=1.0000 real_p1_hole_frac=0.3812 real_p2_eps=0.2957 real_p2_hit=1.0000 real_p2_t=50.0000 real_p2_ldif=0.0150 real_p2_gen_adv=0.7525 real_p2_lfm=0.0001 real_total=0.3863 discr_adv=1.9722 x0_d_real=-0.6775 x0_d_fake=-0.7209 p2_d_real=-0.7402 p2_d_fake=-0.7525 g_grad_abs=953.8178 d_grad_abs=181.0881 synth_eps=0.1254 synth_eps_raw=0.1254 synth_x0_hit=0.0000 synth_total=0.1254 extra_render_attn_share=0.6041
[images] real: anchor | cond1 | cond2 | inv_warp_mirror | mask | mask_inv | warp_img | warp_warp_img | x | y_hat | y_hat_novel -> /home/xzy/warpgan-diffusiong-inpainting/warpgan-diffusion-inpainting-main/experiments/train_inpainting_diffusion/[20260911-143749]_v18w3_w3d_30k/logs/images/train/real_step0072500.png
[images] synth: cond | mask | target | warp_img | x | y_hat_novel -> /home/xzy/warpgan-diffusiong-inpainting/warpgan-diffusion-inpainting-main/experiments/train_inpainting_diffusion/[20260911-143749]_v18w3_w3d_30k/logs/images/train/synth_step0072500.png
[step 72550] real_p1_mirror_hole_cov=0.1167 real_p1_skipped=1.0000 real_p1_hole_frac=0.5256 real_p2_eps=0.0828 real_p2_hit=0.0000 real_total=0.0828 synth_eps=0.0013 synth_eps_raw=0.0013 synth_x0_hit=0.0000 synth_total=0.0013 extra_render_attn_share=0.6041
[step 72600] real_p1_mirror_hole_cov=0.1311 real_p1_skipped=1.0000 real_p1_hole_frac=0.3135 real_p2_eps=0.0133 real_p2_hit=0.0000 real_total=0.0133 discr_adv=0.9372 x0_d_real=0.8304 x0_d_fake=0.7048 g_grad_abs=146.2492 d_grad_abs=538.3009 synth_eps=0.0016 synth_eps_raw=0.0016 synth_x0_hit=0.0000 synth_total=0.0016 extra_render_attn_share=0.6041
[step 72650] real_p1_mirror_hole_cov=0.2899 real_p1_skipped=1.0000 real_p1_hole_frac=0.0200 real_p2_eps=0.0100 real_p2_hit=0.0000 real_total=0.0100 discr_adv=0.7691 x0_d_real=-0.0650 x0_d_fake=-0.5279 g_grad_abs=136.5039 d_grad_abs=2252.4652 synth_eps=0.5836 synth_eps_raw=0.5836 synth_x0_hit=1.0000 synth_x0_t=33.0000 synth_x0_ldif=0.0188 synth_x0_gen_adv=0.4144 synth_x0_lfm=0.0002 synth_total=0.6442 extra_render_attn_share=0.6041
[step 72700] real_p1_mirror_hole_cov=0.1616 real_p1_skipped=1.0000 real_p1_hole_frac=0.5059 real_p2_eps=0.1596 real_p2_hit=1.0000 real_p2_t=176.0000 real_p2_ldif=0.0424 real_p2_gen_adv=-0.4838 real_p2_lfm=0.0006 real_total=0.1548 discr_adv=2.0030 x0_d_real=0.7047 x0_d_fake=0.6798 p2_d_real=0.4529 p2_d_fake=0.4838 g_grad_abs=849.0483 d_grad_abs=136.1740 synth_eps=0.3428 synth_eps_raw=0.3428 synth_x0_hit=1.0000 synth_x0_t=117.0000 synth_x0_ldif=0.0501 synth_x0_gen_adv=-0.0213 synth_x0_lfm=0.0009 synth_total=0.3926 extra_render_attn_share=0.6041
[step 72750] real_p1_mirror_hole_cov=0.0414 real_p1_skipped=1.0000 real_p1_hole_frac=0.4808 real_p2_eps=0.0609 real_p2_hit=0.0000 real_total=0.0609 discr_adv=0.9612 x0_d_real=-0.4915 x0_d_fake=-0.5690 g_grad_abs=478.1881 d_grad_abs=252.7689 synth_eps=0.0094 synth_eps_raw=0.0094 synth_x0_hit=0.0000 synth_total=0.0094 extra_render_attn_share=0.6041
[step 72800] real_p1_mirror_hole_cov=0.0714 real_p1_skipped=1.0000 real_p1_hole_frac=0.1427 real_p2_eps=0.2488 real_p2_hit=1.0000 real_p2_t=80.0000 real_p2_ldif=0.0221 real_p2_gen_adv=-0.7934 real_p2_lfm=0.0002 real_total=0.1920 discr_adv=0.9989 p2_d_real=0.7955 p2_d_fake=0.7934 g_grad_abs=957.4820 d_grad_abs=26.1589 synth_eps=0.2846 synth_eps_raw=0.2846 synth_x0_hit=1.0000 synth_x0_t=177.0000 synth_x0_ldif=0.0763 synth_x0_gen_adv=-0.5103 synth_x0_lfm=0.0008 synth_total=0.3115 extra_render_attn_share=0.6041
[step 72850] real_p1_mirror_hole_cov=0.2801 real_p1_skipped=1.0000 real_p1_hole_frac=0.4953 real_p2_eps=0.1461 real_p2_hit=1.0000 real_p2_t=221.0000 real_p2_ldif=0.0566 real_p2_gen_adv=-0.2016 real_p2_lfm=0.0015 real_total=0.1856 discr_adv=2.0783 x0_d_real=-0.7256 x0_d_fake=-0.7565 p2_d_real=0.0142 p2_d_fake=0.2016 g_grad_abs=1037.4243 d_grad_abs=418.9072 synth_eps=0.0036 synth_eps_raw=0.0036 synth_x0_hit=0.0000 synth_total=0.0036 extra_render_attn_share=0.6041
[step 72900] real_p1_mirror_hole_cov=0.3526 real_p1_skipped=1.0000 real_p1_hole_frac=0.4582 real_p2_eps=0.0397 real_p2_hit=0.0000 real_total=0.0397 synth_eps=0.0374 synth_eps_raw=0.0374 synth_x0_hit=0.0000 synth_total=0.0374 extra_render_attn_share=0.6041
[step 72950] real_p1_mirror_hole_cov=0.3647 real_p1_skipped=1.0000 real_p1_hole_frac=0.1325 real_p2_eps=0.0196 real_p2_hit=0.0000 real_total=0.0196 synth_eps=0.0048 synth_eps_raw=0.0048 synth_x0_hit=0.0000 synth_total=0.0048 extra_render_attn_share=0.6041
[step 73000] real_p1_mirror_hole_cov=0.1620 real_p1_skipped=1.0000 real_p1_hole_frac=0.1986 real_p2_eps=0.0641 real_p2_hit=1.0000 real_p2_t=278.0000 real_p2_ldif=0.0381 real_p2_gen_adv=-0.2508 real_p2_lfm=0.0014 real_total=0.0800 discr_adv=1.0562 p2_d_real=0.1384 p2_d_fake=0.2508 g_grad_abs=829.5644 d_grad_abs=196.0438 synth_eps=0.0707 synth_eps_raw=0.0707 synth_x0_hit=0.0000 synth_total=0.0707 extra_render_attn_share=0.6041
[images] real: anchor | cond1 | cond2 | inv_warp_mirror | mask | mask_inv | warp_img | warp_warp_img | x | y_hat | y_hat_novel -> /home/xzy/warpgan-diffusiong-inpainting/warpgan-diffusion-inpainting-main/experiments/train_inpainting_diffusion/[20260911-143749]_v18w3_w3d_30k/logs/images/train/real_step0073000.png
[images] synth: cond | mask | target | warp_img | x | y_hat_novel -> /home/xzy/warpgan-diffusiong-inpainting/warpgan-diffusion-inpainting-main/experiments/train_inpainting_diffusion/[20260911-143749]_v18w3_w3d_30k/logs/images/train/synth_step0073000.png
[step 73050] real_p1_mirror_hole_cov=0.0523 real_p1_skipped=1.0000 real_p1_hole_frac=0.1144 real_p2_eps=0.0727 real_p2_hit=1.0000 real_p2_t=250.0000 real_p2_ldif=0.0352 real_p2_gen_adv=-0.3398 real_p2_lfm=0.0010 real_total=0.0759 discr_adv=2.0810 x0_d_real=0.2914 x0_d_fake=0.2945 p2_d_real=0.1807 p2_d_fake=0.3398 g_grad_abs=840.5663 d_grad_abs=361.6881 synth_eps=0.0146 synth_eps_raw=0.0146 synth_x0_hit=0.0000 synth_total=0.0146 extra_render_attn_share=0.6041
[step 73100] real_p1_mirror_hole_cov=0.1339 real_p1_skipped=1.0000 real_p1_hole_frac=0.5966 real_p2_eps=0.0436 real_p2_hit=0.0000 real_total=0.0436 synth_eps=0.0185 synth_eps_raw=0.0185 synth_x0_hit=0.0000 synth_total=0.0185 extra_render_attn_share=0.6041
[step 73150] real_p1_mirror_hole_cov=0.1374 real_p1_skipped=1.0000 real_p1_hole_frac=0.5464 real_p2_eps=0.0040 real_p2_hit=0.0000 real_total=0.0040 discr_adv=0.9820 x0_d_real=-0.5641 x0_d_fake=-0.6000 g_grad_abs=52.1588 d_grad_abs=133.1985 synth_eps=0.0289 synth_eps_raw=0.0289 synth_x0_hit=0.0000 synth_total=0.0289 extra_render_attn_share=0.6041
[step 73200] real_p1_mirror_hole_cov=0.1280 real_p1_skipped=1.0000 real_p1_hole_frac=0.2674 real_p2_eps=0.0773 real_p2_hit=0.0000 real_total=0.0773 synth_eps=0.0034 synth_eps_raw=0.0034 synth_x0_hit=0.0000 synth_total=0.0034 extra_render_attn_share=0.6041
[step 73250] real_p1_mirror_hole_cov=0.0152 real_p1_skipped=1.0000 real_p1_hole_frac=0.3337 real_p2_eps=0.0259 real_p2_hit=0.0000 real_total=0.0259 synth_eps=0.0441 synth_eps_raw=0.0441 synth_x0_hit=0.0000 synth_total=0.0441 extra_render_attn_share=0.6041
[step 73300] real_p1_mirror_hole_cov=0.1799 real_p1_skipped=1.0000 real_p1_hole_frac=0.2652 real_p2_eps=0.0054 real_p2_hit=0.0000 real_total=0.0054 synth_eps=0.0018 synth_eps_raw=0.0018 synth_x0_hit=0.0000 synth_total=0.0018 extra_render_attn_share=0.6041
[step 73350] real_p1_mirror_hole_cov=0.0259 real_p1_skipped=1.0000 real_p1_hole_frac=0.3006 real_p2_eps=0.0019 real_p2_hit=0.0000 real_total=0.0019 synth_eps=0.0100 synth_eps_raw=0.0100 synth_x0_hit=0.0000 synth_total=0.0100 extra_render_attn_share=0.6041
[step 73400] real_p1_mirror_hole_cov=0.1620 real_p1_skipped=1.0000 real_p1_hole_frac=0.1858 real_p2_eps=0.1558 real_p2_hit=1.0000 real_p2_t=134.0000 real_p2_ldif=0.0275 real_p2_gen_adv=-0.6732 real_p2_lfm=0.0004 real_total=0.1167 discr_adv=1.0173 p2_d_real=0.6386 p2_d_fake=0.6732 g_grad_abs=825.0461 d_grad_abs=91.2017 synth_eps=0.0775 synth_eps_raw=0.0775 synth_x0_hit=0.0000 synth_total=0.0775 extra_render_attn_share=0.6041
[step 73450] real_p1_mirror_hole_cov=0.0912 real_p1_skipped=1.0000 real_p1_hole_frac=0.1391 real_p2_eps=0.0023 real_p2_hit=0.0000 real_total=0.0023 discr_adv=0.9713 x0_d_real=0.6900 x0_d_fake=0.6326 g_grad_abs=48.6668 d_grad_abs=278.5700 synth_eps=0.0017 synth_eps_raw=0.0017 synth_x0_hit=0.0000 synth_total=0.0017 extra_render_attn_share=0.6041
[step 73500] real_p1_mirror_hole_cov=0.1885 real_p1_skipped=1.0000 real_p1_hole_frac=0.4924 real_p2_eps=0.1116 real_p2_hit=1.0000 real_p2_t=238.0000 real_p2_ldif=0.0494 real_p2_gen_adv=0.8826 real_p2_lfm=0.0008 real_total=0.2508 discr_adv=1.9967 x0_d_real=-0.8731 x0_d_fake=-0.8824 p2_d_real=-0.8784 p2_d_fake=-0.8826 g_grad_abs=978.9174 d_grad_abs=123.9632 synth_eps=0.2497 synth_eps_raw=0.2497 synth_x0_hit=1.0000 synth_x0_t=225.0000 synth_x0_ldif=0.0998 synth_x0_gen_adv=0.8528 synth_x0_lfm=0.0030 synth_total=0.4407 extra_render_attn_share=0.6041
[images] real: anchor | cond1 | cond2 | inv_warp_mirror | mask | mask_inv | warp_img | warp_warp_img | x | y_hat | y_hat_novel -> /home/xzy/warpgan-diffusiong-inpainting/warpgan-diffusion-inpainting-main/experiments/train_inpainting_diffusion/[20260911-143749]_v18w3_w3d_30k/logs/images/train/real_step0073500.png
[images] synth: cond | mask | target | warp_img | x | y_hat_novel -> /home/xzy/warpgan-diffusiong-inpainting/warpgan-diffusion-inpainting-main/experiments/train_inpainting_diffusion/[20260911-143749]_v18w3_w3d_30k/logs/images/train/synth_step0073500.png
[step 73550] real_p1_mirror_hole_cov=0.3200 real_p1_skipped=1.0000 real_p1_hole_frac=0.3532 real_p2_eps=0.0041 real_p2_hit=0.0000 real_total=0.0041 synth_eps=0.0513 synth_eps_raw=0.0513 synth_x0_hit=0.0000 synth_total=0.0513 extra_render_attn_share=0.6041
[step 73600] real_p1_mirror_hole_cov=0.2695 real_p1_skipped=1.0000 real_p1_hole_frac=0.2050 real_p2_eps=0.0975 real_p2_hit=1.0000 real_p2_t=238.0000 real_p2_ldif=0.0431 real_p2_gen_adv=0.4381 real_p2_lfm=0.0009 real_total=0.1861 discr_adv=0.9750 p2_d_real=-0.3881 p2_d_fake=-0.4381 g_grad_abs=753.2666 d_grad_abs=147.6316 synth_eps=0.0258 synth_eps_raw=0.0258 synth_x0_hit=0.0000 synth_total=0.0258 extra_render_attn_share=0.6041
[step 73650] real_p1_mirror_hole_cov=0.0469 real_p1_skipped=1.0000 real_p1_hole_frac=0.5612 real_p2_eps=0.0080 real_p2_hit=0.0000 real_total=0.0080 synth_eps=0.2906 synth_eps_raw=0.2906 synth_x0_hit=1.0000 synth_x0_t=119.0000 synth_x0_ldif=0.0434 synth_x0_gen_adv=0.5331 synth_x0_lfm=0.0021 synth_total=0.3916 extra_render_attn_share=0.6041
[step 73700] real_p1_mirror_hole_cov=0.0787 real_p1_skipped=1.0000 real_p1_hole_frac=0.1706 real_p2_eps=0.0048 real_p2_hit=0.0000 real_total=0.0048 discr_adv=0.9761 x0_d_real=-0.8183 x0_d_fake=-0.8738 g_grad_abs=62.0605 d_grad_abs=557.6991 synth_eps=0.0086 synth_eps_raw=0.0086 synth_x0_hit=0.0000 synth_total=0.0086 extra_render_attn_share=0.6041
[step 73750] real_p1_mirror_hole_cov=0.0010 real_p1_skipped=1.0000 real_p1_hole_frac=0.0878 real_p2_eps=0.0009 real_p2_hit=0.0000 real_total=0.0009 synth_eps=0.0128 synth_eps_raw=0.0128 synth_x0_hit=0.0000 synth_total=0.0128 extra_render_attn_share=0.6041
[step 73800] real_p1_mirror_hole_cov=0.0663 real_p1_skipped=1.0000 real_p1_hole_frac=0.3459 real_p2_eps=0.0246 real_p2_hit=0.0000 real_total=0.0246 discr_adv=0.9675 x0_d_real=-0.4303 x0_d_fake=-0.4953 g_grad_abs=158.7159 d_grad_abs=193.1178 synth_eps=0.0789 synth_eps_raw=0.0789 synth_x0_hit=0.0000 synth_total=0.0789 extra_render_attn_share=0.6041
[step 73850] real_p1_mirror_hole_cov=0.0053 real_p1_skipped=1.0000 real_p1_hole_frac=0.3312 real_p2_eps=0.0015 real_p2_hit=0.0000 real_total=0.0015 discr_adv=0.9884 x0_d_real=-0.8177 x0_d_fake=-0.8410 g_grad_abs=37.2249 d_grad_abs=93.7361 synth_eps=0.1402 synth_eps_raw=0.1402 synth_x0_hit=0.0000 synth_total=0.1402 extra_render_attn_share=0.6041
[step 73900] real_p1_mirror_hole_cov=0.1270 real_p1_skipped=1.0000 real_p1_hole_frac=0.6576 real_p2_eps=0.0264 real_p2_hit=0.0000 real_total=0.0264 discr_adv=0.9782 x0_d_real=0.4413 x0_d_fake=0.3976 g_grad_abs=254.5509 d_grad_abs=230.4792 synth_eps=0.7406 synth_eps_raw=0.7406 synth_x0_hit=1.0000 synth_x0_t=14.0000 synth_x0_ldif=0.0099 synth_x0_gen_adv=-0.3224 synth_x0_lfm=0.0005 synth_total=0.7193 extra_render_attn_share=0.6041
[step 73950] real_p1_mirror_hole_cov=0.2303 real_p1_skipped=1.0000 real_p1_hole_frac=0.3930 real_p2_eps=0.1685 real_p2_hit=1.0000 real_p2_t=122.0000 real_p2_ldif=0.0261 real_p2_gen_adv=0.1482 real_p2_lfm=0.0010 real_total=0.2114 discr_adv=1.0253 p2_d_real=-0.1988 p2_d_fake=-0.1482 g_grad_abs=796.8835 d_grad_abs=118.3612 synth_eps=0.1776 synth_eps_raw=0.1776 synth_x0_hit=1.0000 synth_x0_t=262.0000 synth_x0_ldif=0.0940 synth_x0_gen_adv=0.0191 synth_x0_lfm=0.0024 synth_total=0.2784 extra_render_attn_share=0.6041
[val step 73999] val_novel_full=0.0899 val_novel_hole=0.1249 val_novel_visible=0.0727
[step 74000] real_p1_mirror_hole_cov=0.0515 real_p1_skipped=1.0000 real_p1_hole_frac=0.2301 real_p2_eps=0.0087 real_p2_hit=0.0000 real_total=0.0087 synth_eps=0.0043 synth_eps_raw=0.0043 synth_x0_hit=0.0000 synth_total=0.0043 extra_render_attn_share=0.5990
[images] real: anchor | cond1 | cond2 | inv_warp_mirror | mask | mask_inv | warp_img | warp_warp_img | x | y_hat | y_hat_novel -> /home/xzy/warpgan-diffusiong-inpainting/warpgan-diffusion-inpainting-main/experiments/train_inpainting_diffusion/[20260911-143749]_v18w3_w3d_30k/logs/images/train/real_step0074000.png
[images] synth: cond | mask | target | warp_img | x | y_hat_novel -> /home/xzy/warpgan-diffusiong-inpainting/warpgan-diffusion-inpainting-main/experiments/train_inpainting_diffusion/[20260911-143749]_v18w3_w3d_30k/logs/images/train/synth_step0074000.png
[step 74050] real_p1_mirror_hole_cov=0.1162 real_p1_skipped=1.0000 real_p1_hole_frac=0.4216 real_p2_eps=0.0076 real_p2_hit=0.0000 real_total=0.0076 discr_adv=0.9341 x0_d_real=0.2052 x0_d_fake=0.0735 g_grad_abs=342.7449 d_grad_abs=673.6022 synth_eps=0.0059 synth_eps_raw=0.0059 synth_x0_hit=0.0000 synth_total=0.0059 extra_render_attn_share=0.5990
[step 74100] real_p1_mirror_hole_cov=0.1113 real_p1_skipped=1.0000 real_p1_hole_frac=0.3869 real_p2_eps=0.0170 real_p2_hit=0.0000 real_total=0.0170 synth_eps=0.3404 synth_eps_raw=0.3404 synth_x0_hit=1.0000 synth_x0_t=117.0000 synth_x0_ldif=0.0497 synth_x0_gen_adv=-0.4555 synth_x0_lfm=0.0029 synth_total=0.3503 extra_render_attn_share=0.5990
[step 74150] real_p1_mirror_hole_cov=0.0266 real_p1_skipped=1.0000 real_p1_hole_frac=0.3863 real_p2_eps=0.0041 real_p2_hit=0.0000 real_total=0.0041 synth_eps=0.0057 synth_eps_raw=0.0057 synth_x0_hit=0.0000 synth_total=0.0057 extra_render_attn_share=0.5990
[step 74200] real_p1_mirror_hole_cov=0.1486 real_p1_skipped=1.0000 real_p1_hole_frac=0.5226 real_p2_eps=0.0083 real_p2_hit=0.0000 real_total=0.0083 synth_eps=0.1129 synth_eps_raw=0.1129 synth_x0_hit=0.0000 synth_total=0.1129 extra_render_attn_share=0.5990
[step 74250] real_p1_mirror_hole_cov=0.0013 real_p1_skipped=1.0000 real_p1_hole_frac=0.3011 real_p2_eps=0.0257 real_p2_hit=0.0000 real_total=0.0257 discr_adv=0.9089 x0_d_real=0.6332 x0_d_fake=0.4511 g_grad_abs=238.6785 d_grad_abs=500.6315 synth_eps=0.0775 synth_eps_raw=0.0775 synth_x0_hit=0.0000 synth_total=0.0775 extra_render_attn_share=0.5990
[step 74300] real_p1_mirror_hole_cov=0.2827 real_p1_skipped=1.0000 real_p1_hole_frac=0.1857 real_p2_eps=0.0145 real_p2_hit=0.0000 real_total=0.0145 discr_adv=0.9827 x0_d_real=0.6954 x0_d_fake=0.6608 g_grad_abs=123.5293 d_grad_abs=220.9246 synth_eps=0.2739 synth_eps_raw=0.2739 synth_x0_hit=1.0000 synth_x0_t=171.0000 synth_x0_ldif=0.0695 synth_x0_gen_adv=-0.7384 synth_x0_lfm=0.0012 synth_total=0.2720 extra_render_attn_share=0.5990
[step 74350] real_p1_mirror_hole_cov=0.2506 real_p1_skipped=1.0000 real_p1_hole_frac=0.5868 real_p2_eps=0.0018 real_p2_hit=0.0000 real_total=0.0018 synth_eps=0.2159 synth_eps_raw=0.2159 synth_x0_hit=1.0000 synth_x0_t=266.0000 synth_x0_ldif=0.1176 synth_x0_gen_adv=0.1086 synth_x0_lfm=0.0031 synth_total=0.3505 extra_render_attn_share=0.5990
[step 74400] real_p1_mirror_hole_cov=0.1255 real_p1_skipped=1.0000 real_p1_hole_frac=0.0831 real_p2_eps=0.0013 real_p2_hit=0.0000 real_total=0.0013 synth_eps=0.2709 synth_eps_raw=0.2709 synth_x0_hit=1.0000 synth_x0_t=175.0000 synth_x0_ldif=0.0713 synth_x0_gen_adv=0.4005 synth_x0_lfm=0.0013 synth_total=0.3849 extra_render_attn_share=0.5990
[step 74450] real_p1_mirror_hole_cov=0.2375 real_p1_skipped=1.0000 real_p1_hole_frac=0.0937 real_p2_eps=0.0107 real_p2_hit=0.0000 real_total=0.0107 synth_eps=0.3746 synth_eps_raw=0.3746 synth_x0_hit=1.0000 synth_x0_t=68.0000 synth_x0_ldif=0.0273 synth_x0_gen_adv=-0.1815 synth_x0_lfm=0.0005 synth_total=0.3847 extra_render_attn_share=0.5990
[step 74500] real_p1_mirror_hole_cov=0.0079 real_p1_skipped=1.0000 real_p1_hole_frac=0.2929 real_p2_eps=0.1796 real_p2_hit=1.0000 real_p2_t=148.0000 real_p2_ldif=0.0366 real_p2_gen_adv=-0.4873 real_p2_lfm=0.0007 real_total=0.1690 discr_adv=1.0162 p2_d_real=0.4549 p2_d_fake=0.4873 g_grad_abs=839.7861 d_grad_abs=197.1513 synth_eps=0.3526 synth_eps_raw=0.3526 synth_x0_hit=1.0000 synth_x0_t=125.0000 synth_x0_ldif=0.0564 synth_x0_gen_adv=0.8520 synth_x0_lfm=0.0010 synth_total=0.4962 extra_render_attn_share=0.5990
[images] real: anchor | cond1 | cond2 | inv_warp_mirror | mask | mask_inv | warp_img | warp_warp_img | x | y_hat | y_hat_novel -> /home/xzy/warpgan-diffusiong-inpainting/warpgan-diffusion-inpainting-main/experiments/train_inpainting_diffusion/[20260911-143749]_v18w3_w3d_30k/logs/images/train/real_step0074500.png
[images] synth: cond | mask | target | warp_img | x | y_hat_novel -> /home/xzy/warpgan-diffusiong-inpainting/warpgan-diffusion-inpainting-main/experiments/train_inpainting_diffusion/[20260911-143749]_v18w3_w3d_30k/logs/images/train/synth_step0074500.png
[step 74550] real_p1_mirror_hole_cov=0.1387 real_p1_skipped=1.0000 real_p1_hole_frac=0.3655 real_p2_eps=0.0056 real_p2_hit=0.0000 real_total=0.0056 synth_eps=0.1426 synth_eps_raw=0.1426 synth_x0_hit=0.0000 synth_total=0.1426 extra_render_attn_share=0.5990
[step 74600] real_p1_mirror_hole_cov=0.2402 real_p1_skipped=1.0000 real_p1_hole_frac=0.1019 real_p2_eps=0.0693 real_p2_hit=1.0000 real_p2_t=280.0000 real_p2_ldif=0.0418 real_p2_gen_adv=-0.7785 real_p2_lfm=0.0040 real_total=0.0414 discr_adv=1.0860 p2_d_real=0.6066 p2_d_fake=0.7785 g_grad_abs=1060.6582 d_grad_abs=682.9669 synth_eps=0.1301 synth_eps_raw=0.1301 synth_x0_hit=0.0000 synth_total=0.1301 extra_render_attn_share=0.5990
[step 74650] real_p1_mirror_hole_cov=0.1804 real_p1_skipped=1.0000 real_p1_hole_frac=0.4346 real_p2_eps=0.0801 real_p2_hit=0.0000 real_total=0.0801 synth_eps=0.5269 synth_eps_raw=0.5269 synth_x0_hit=1.0000 synth_x0_t=56.0000 synth_x0_ldif=0.0305 synth_x0_gen_adv=-0.7151 synth_x0_lfm=0.0009 synth_total=0.4878 extra_render_attn_share=0.5990
[step 74700] real_p1_mirror_hole_cov=0.1176 real_p1_skipped=1.0000 real_p1_hole_frac=0.2615 real_p2_eps=0.0907 real_p2_hit=0.0000 real_total=0.0907 discr_adv=0.9622 x0_d_real=0.4501 x0_d_fake=0.3745 g_grad_abs=554.2208 d_grad_abs=279.7146 synth_eps=0.0159 synth_eps_raw=0.0159 synth_x0_hit=0.0000 synth_total=0.0159 extra_render_attn_share=0.5990
[step 74750] real_p1_mirror_hole_cov=0.0152 real_p1_skipped=1.0000 real_p1_hole_frac=0.2693 real_p2_eps=0.0154 real_p2_hit=0.0000 real_total=0.0154 synth_eps=0.4474 synth_eps_raw=0.4474 synth_x0_hit=1.0000 synth_x0_t=76.0000 synth_x0_ldif=0.0374 synth_x0_gen_adv=0.1665 synth_x0_lfm=0.0014 synth_total=0.5042 extra_render_attn_share=0.5990
[step 74800] real_p1_mirror_hole_cov=0.1926 real_p1_skipped=1.0000 real_p1_hole_frac=0.4580 real_p2_eps=0.0419 real_p2_hit=0.0000 real_total=0.0419 discr_adv=0.9455 x0_d_real=-0.0743 x0_d_fake=-0.1833 g_grad_abs=234.2065 d_grad_abs=228.7563 synth_eps=0.1756 synth_eps_raw=0.1756 synth_x0_hit=1.0000 synth_x0_t=294.0000 synth_x0_ldif=0.1167 synth_x0_gen_adv=0.0942 synth_x0_lfm=0.0030 synth_total=0.3078 extra_render_attn_share=0.5990
[step 74850] real_p1_mirror_hole_cov=0.0033 real_p1_skipped=1.0000 real_p1_hole_frac=0.0737 real_p2_eps=0.0039 real_p2_hit=0.0000 real_total=0.0039 discr_adv=1.0377 x0_d_real=-0.7340 x0_d_fake=-0.6586 g_grad_abs=63.3711 d_grad_abs=448.7993 synth_eps=0.0301 synth_eps_raw=0.0301 synth_x0_hit=0.0000 synth_total=0.0301 extra_render_attn_share=0.5990
[step 74900] real_p1_mirror_hole_cov=0.2189 real_p1_skipped=1.0000 real_p1_hole_frac=0.3370 real_p2_eps=0.0770 real_p2_hit=0.0000 real_total=0.0770 synth_eps=0.0146 synth_eps_raw=0.0146 synth_x0_hit=0.0000 synth_total=0.0146 extra_render_attn_share=0.5990
[step 74950] real_p1_mirror_hole_cov=0.1444 real_p1_skipped=1.0000 real_p1_hole_frac=0.0483 real_p2_eps=0.0977 real_p2_hit=1.0000 real_p2_t=133.0000 real_p2_ldif=0.0171 real_p2_gen_adv=-0.1424 real_p2_lfm=0.0010 real_total=0.1024 discr_adv=1.0765 p2_d_real=-0.0106 p2_d_fake=0.1424 g_grad_abs=675.9889 d_grad_abs=299.2596 synth_eps=0.0040 synth_eps_raw=0.0040 synth_x0_hit=0.0000 synth_total=0.0040 extra_render_attn_share=0.5990
[step 75000] real_p1_mirror_hole_cov=0.0821 real_p1_skipped=1.0000 real_p1_hole_frac=0.2084 real_p2_eps=0.0343 real_p2_hit=0.0000 real_total=0.0343 synth_eps=0.1623 synth_eps_raw=0.1623 synth_x0_hit=1.0000 synth_x0_t=286.0000 synth_x0_ldif=0.1020 synth_x0_gen_adv=0.0283 synth_x0_lfm=0.0012 synth_total=0.2696 extra_render_attn_share=0.5990
[images] real: anchor | cond1 | cond2 | inv_warp_mirror | mask | mask_inv | warp_img | warp_warp_img | x | y_hat | y_hat_novel -> /home/xzy/warpgan-diffusiong-inpainting/warpgan-diffusion-inpainting-main/experiments/train_inpainting_diffusion/[20260911-143749]_v18w3_w3d_30k/logs/images/train/real_step0075000.png
[images] synth: cond | mask | target | warp_img | x | y_hat_novel -> /home/xzy/warpgan-diffusiong-inpainting/warpgan-diffusion-inpainting-main/experiments/train_inpainting_diffusion/[20260911-143749]_v18w3_w3d_30k/logs/images/train/synth_step0075000.png
[step 75050] real_p1_mirror_hole_cov=0.2878 real_p1_skipped=1.0000 real_p1_hole_frac=0.4241 real_p2_eps=0.0460 real_p2_hit=0.0000 real_total=0.0460 discr_adv=0.9436 x0_d_real=0.6250 x0_d_fake=0.5122 g_grad_abs=303.6434 d_grad_abs=473.9779 synth_eps=0.0460 synth_eps_raw=0.0460 synth_x0_hit=0.0000 synth_total=0.0460 extra_render_attn_share=0.5990
[step 75100] real_p1_mirror_hole_cov=0.0742 real_p1_skipped=1.0000 real_p1_hole_frac=0.3311 real_p2_eps=0.0103 real_p2_hit=0.0000 real_total=0.0103 discr_adv=0.9816 x0_d_real=-0.5495 x0_d_fake=-0.5862 g_grad_abs=112.2227 d_grad_abs=70.1587 synth_eps=0.0077 synth_eps_raw=0.0077 synth_x0_hit=0.0000 synth_total=0.0077 extra_render_attn_share=0.5990
[step 75150] real_p1_mirror_hole_cov=0.1868 real_p1_skipped=1.0000 real_p1_hole_frac=0.6136 real_p2_eps=0.4287 real_p2_hit=1.0000 real_p2_t=23.0000 real_p2_ldif=0.0094 real_p2_gen_adv=0.7695 real_p2_lfm=0.0003 real_total=0.5156 discr_adv=0.9896 p2_d_real=-0.7487 p2_d_fake=-0.7695 g_grad_abs=928.7679 d_grad_abs=49.2802 synth_eps=0.0417 synth_eps_raw=0.0417 synth_x0_hit=0.0000 synth_total=0.0417 extra_render_attn_share=0.5990
[step 75200] real_p1_mirror_hole_cov=0.0618 real_p1_skipped=1.0000 real_p1_hole_frac=0.3897 real_p2_eps=0.2562 real_p2_hit=1.0000 real_p2_t=77.0000 real_p2_ldif=0.0217 real_p2_gen_adv=-0.0102 real_p2_lfm=0.0003 real_total=0.2776 discr_adv=0.9797 p2_d_real=0.0508 p2_d_fake=0.0102 g_grad_abs=938.5925 d_grad_abs=71.1462 synth_eps=0.0966 synth_eps_raw=0.0966 synth_x0_hit=0.0000 synth_total=0.0966 extra_render_attn_share=0.5990
[step 75250] real_p1_mirror_hole_cov=0.2524 real_p1_skipped=1.0000 real_p1_hole_frac=0.1754 real_p2_eps=0.0537 real_p2_hit=0.0000 real_total=0.0537 discr_adv=0.9827 x0_d_real=0.5503 x0_d_fake=0.5157 g_grad_abs=353.2616 d_grad_abs=102.7659 synth_eps=0.2787 synth_eps_raw=0.2787 synth_x0_hit=1.0000 synth_x0_t=161.0000 synth_x0_ldif=0.0645 synth_x0_gen_adv=0.2022 synth_x0_lfm=0.0014 synth_total=0.3663 extra_render_attn_share=0.5990
[step 75300] real_p1_mirror_hole_cov=0.3321 real_p1_skipped=1.0000 real_p1_hole_frac=0.4542 real_p2_eps=0.0019 real_p2_hit=0.0000 real_total=0.0019 synth_eps=0.0128 synth_eps_raw=0.0128 synth_x0_hit=0.0000 synth_total=0.0128 extra_render_attn_share=0.5990
[step 75350] real_p1_mirror_hole_cov=0.1434 real_p1_skipped=1.0000 real_p1_hole_frac=0.2659 real_p2_eps=0.0592 real_p2_hit=0.0000 real_total=0.0592 synth_eps=0.2417 synth_eps_raw=0.2417 synth_x0_hit=1.0000 synth_x0_t=230.0000 synth_x0_ldif=0.1005 synth_x0_gen_adv=-0.4843 synth_x0_lfm=0.0018 synth_total=0.2973 extra_render_attn_share=0.5990
[step 75400] real_p1_mirror_hole_cov=0.1061 real_p1_skipped=1.0000 real_p1_hole_frac=0.3962 real_p2_eps=0.1387 real_p2_hit=1.0000 real_p2_t=185.0000 real_p2_ldif=0.0399 real_p2_gen_adv=0.0025 real_p2_lfm=0.0004 real_total=0.1796 discr_adv=1.0087 p2_d_real=-0.0200 p2_d_fake=-0.0025 g_grad_abs=877.6777 d_grad_abs=47.7229 synth_eps=0.0011 synth_eps_raw=0.0011 synth_x0_hit=0.0000 synth_total=0.0011 extra_render_attn_share=0.5990
[step 75450] real_p1_mirror_hole_cov=0.0137 real_p1_skipped=1.0000 real_p1_hole_frac=0.0938 real_p2_eps=0.0778 real_p2_hit=1.0000 real_p2_t=239.0000 real_p2_ldif=0.0347 real_p2_gen_adv=-0.4407 real_p2_lfm=0.0004 real_total=0.0692 discr_adv=1.9398 x0_d_real=0.0719 x0_d_fake=-0.0650 p2_d_real=0.4242 p2_d_fake=0.4407 g_grad_abs=760.7801 d_grad_abs=239.5840 synth_eps=0.0218 synth_eps_raw=0.0218 synth_x0_hit=0.0000 synth_total=0.0218 extra_render_attn_share=0.5990
[step 75500] real_p1_mirror_hole_cov=0.1543 real_p1_skipped=1.0000 real_p1_hole_frac=0.1338 real_p2_eps=0.0142 real_p2_hit=0.0000 real_total=0.0142 discr_adv=0.9807 x0_d_real=0.6981 x0_d_fake=0.6594 g_grad_abs=122.3375 d_grad_abs=89.0519 synth_eps=0.0820 synth_eps_raw=0.0820 synth_x0_hit=0.0000 synth_total=0.0820 extra_render_attn_share=0.5990
[images] real: anchor | cond1 | cond2 | inv_warp_mirror | mask | mask_inv | warp_img | warp_warp_img | x | y_hat | y_hat_novel -> /home/xzy/warpgan-diffusiong-inpainting/warpgan-diffusion-inpainting-main/experiments/train_inpainting_diffusion/[20260911-143749]_v18w3_w3d_30k/logs/images/train/real_step0075500.png
[images] synth: cond | mask | target | warp_img | x | y_hat_novel -> /home/xzy/warpgan-diffusiong-inpainting/warpgan-diffusion-inpainting-main/experiments/train_inpainting_diffusion/[20260911-143749]_v18w3_w3d_30k/logs/images/train/synth_step0075500.png
[step 75550] real_p1_mirror_hole_cov=0.1121 real_p1_skipped=1.0000 real_p1_hole_frac=0.5605 real_p2_eps=0.0053 real_p2_hit=0.0000 real_total=0.0053 synth_eps=0.0078 synth_eps_raw=0.0078 synth_x0_hit=0.0000 synth_total=0.0078 extra_render_attn_share=0.5990
[step 75600] real_p1_mirror_hole_cov=0.2464 real_p1_skipped=1.0000 real_p1_hole_frac=0.4528 real_p2_eps=0.0052 real_p2_hit=0.0000 real_total=0.0052 discr_adv=0.8288 x0_d_real=0.5810 x0_d_fake=0.2386 g_grad_abs=63.5922 d_grad_abs=929.2407 synth_eps=0.2557 synth_eps_raw=0.2557 synth_x0_hit=1.0000 synth_x0_t=220.0000 synth_x0_ldif=0.0983 synth_x0_gen_adv=-0.2312 synth_x0_lfm=0.0010 synth_total=0.3329 extra_render_attn_share=0.5990
[step 75650] real_p1_mirror_hole_cov=0.0084 real_p1_skipped=1.0000 real_p1_hole_frac=0.3785 real_p2_eps=0.0032 real_p2_hit=0.0000 real_total=0.0032 discr_adv=0.9698 x0_d_real=-0.3142 x0_d_fake=-0.3751 g_grad_abs=61.0420 d_grad_abs=161.1632 synth_eps=0.0015 synth_eps_raw=0.0015 synth_x0_hit=0.0000 synth_total=0.0015 extra_render_attn_share=0.5990
[step 75700] real_p1_mirror_hole_cov=0.0823 real_p1_skipped=1.0000 real_p1_hole_frac=0.3359 real_p2_eps=0.0316 real_p2_hit=0.0000 real_total=0.0316 synth_eps=0.0329 synth_eps_raw=0.0329 synth_x0_hit=0.0000 synth_total=0.0329 extra_render_attn_share=0.5990
[step 75750] real_p1_mirror_hole_cov=0.0704 real_p1_skipped=1.0000 real_p1_hole_frac=0.3922 real_p2_eps=0.2465 real_p2_hit=1.0000 real_p2_t=98.0000 real_p2_ldif=0.0284 real_p2_gen_adv=0.7923 real_p2_lfm=0.0011 real_total=0.3562 discr_adv=1.0711 p2_d_real=-0.9333 p2_d_fake=-0.7923 g_grad_abs=972.5021 d_grad_abs=873.9520 synth_eps=0.0673 synth_eps_raw=0.0673 synth_x0_hit=0.0000 synth_total=0.0673 extra_render_attn_share=0.5990
[step 75800] real_p1_mirror_hole_cov=0.0704 real_p1_skipped=1.0000 real_p1_hole_frac=0.0443 real_p2_eps=0.1666 real_p2_hit=1.0000 real_p2_t=55.0000 real_p2_ldif=0.0095 real_p2_gen_adv=0.7441 real_p2_lfm=0.0001 real_total=0.2506 discr_adv=1.9946 x0_d_real=-0.8144 x0_d_fake=-0.8280 p2_d_real=-0.7470 p2_d_fake=-0.7441 g_grad_abs=891.0974 d_grad_abs=41.6105 synth_eps=0.0716 synth_eps_raw=0.0716 synth_x0_hit=0.0000 synth_total=0.0716 extra_render_attn_share=0.5990
[step 75850] real_p1_mirror_hole_cov=0.0639 real_p1_skipped=1.0000 real_p1_hole_frac=0.1198 real_p2_eps=0.0034 real_p2_hit=0.0000 real_total=0.0034 synth_eps=0.0345 synth_eps_raw=0.0345 synth_x0_hit=0.0000 synth_total=0.0345 extra_render_attn_share=0.5990
[step 75900] real_p1_mirror_hole_cov=0.1626 real_p1_skipped=1.0000 real_p1_hole_frac=0.2297 real_p2_eps=0.0629 real_p2_hit=0.0000 real_total=0.0629 synth_eps=0.0104 synth_eps_raw=0.0104 synth_x0_hit=0.0000 synth_total=0.0104 extra_render_attn_share=0.5990
[step 75950] real_p1_mirror_hole_cov=0.1166 real_p1_skipped=1.0000 real_p1_hole_frac=0.2789 real_p2_eps=0.0315 real_p2_hit=0.0000 real_total=0.0315 synth_eps=0.0169 synth_eps_raw=0.0169 synth_x0_hit=0.0000 synth_total=0.0169 extra_render_attn_share=0.5990
[val step 75999] val_novel_full=0.1321 val_novel_hole=0.1416 val_novel_visible=0.1201
[step 76000] real_p1_mirror_hole_cov=0.0161 real_p1_skipped=1.0000 real_p1_hole_frac=0.1025 real_p2_eps=0.0364 real_p2_hit=0.0000 real_total=0.0364 synth_eps=0.2190 synth_eps_raw=0.2190 synth_x0_hit=1.0000 synth_x0_t=212.0000 synth_x0_ldif=0.0790 synth_x0_gen_adv=-0.7531 synth_x0_lfm=0.0005 synth_total=0.2238 extra_render_attn_share=0.5709
[images] real: anchor | cond1 | cond2 | inv_warp_mirror | mask | mask_inv | warp_img | warp_warp_img | x | y_hat | y_hat_novel -> /home/xzy/warpgan-diffusiong-inpainting/warpgan-diffusion-inpainting-main/experiments/train_inpainting_diffusion/[20260911-143749]_v18w3_w3d_30k/logs/images/train/real_step0076000.png
[images] synth: cond | mask | target | warp_img | x | y_hat_novel -> /home/xzy/warpgan-diffusiong-inpainting/warpgan-diffusion-inpainting-main/experiments/train_inpainting_diffusion/[20260911-143749]_v18w3_w3d_30k/logs/images/train/synth_step0076000.png
[step 76050] real_p1_mirror_hole_cov=0.0214 real_p1_skipped=1.0000 real_p1_hole_frac=0.3138 real_p2_eps=0.1715 real_p2_hit=1.0000 real_p2_t=105.0000 real_p2_ldif=0.0216 real_p2_gen_adv=-0.5292 real_p2_lfm=0.0007 real_total=0.1416 discr_adv=1.9161 x0_d_real=0.8848 x0_d_fake=0.8769 p2_d_real=0.6892 p2_d_fake=0.5292 g_grad_abs=1567.5887 d_grad_abs=1547.6665 synth_eps=0.1094 synth_eps_raw=0.1094 synth_x0_hit=0.0000 synth_total=0.1094 extra_render_attn_share=0.5709
[step 76100] real_p1_mirror_hole_cov=0.0055 real_p1_skipped=1.0000 real_p1_hole_frac=0.1269 real_p2_eps=0.0160 real_p2_hit=0.0000 real_total=0.0160 synth_eps=0.0047 synth_eps_raw=0.0047 synth_x0_hit=0.0000 synth_total=0.0047 extra_render_attn_share=0.5709
[step 76150] real_p1_mirror_hole_cov=0.2750 real_p1_skipped=1.0000 real_p1_hole_frac=0.4032 real_p2_eps=0.0067 real_p2_hit=0.0000 real_total=0.0067 discr_adv=0.8772 x0_d_real=0.5000 x0_d_fake=0.2543 g_grad_abs=92.6397 d_grad_abs=711.0514 synth_eps=0.0049 synth_eps_raw=0.0049 synth_x0_hit=0.0000 synth_total=0.0049 extra_render_attn_share=0.5709
[step 76200] real_p1_mirror_hole_cov=0.2223 real_p1_skipped=1.0000 real_p1_hole_frac=0.0812 real_p2_eps=0.0088 real_p2_hit=0.0000 real_total=0.0088 synth_eps=0.0761 synth_eps_raw=0.0761 synth_x0_hit=0.0000 synth_total=0.0761 extra_render_attn_share=0.5709
[step 76250] real_p1_mirror_hole_cov=0.0306 real_p1_skipped=1.0000 real_p1_hole_frac=0.4405 real_p2_eps=0.0281 real_p2_hit=0.0000 real_total=0.0281 synth_eps=0.0570 synth_eps_raw=0.0570 synth_x0_hit=0.0000 synth_total=0.0570 extra_render_attn_share=0.5709
[step 76300] real_p1_mirror_hole_cov=0.0902 real_p1_skipped=1.0000 real_p1_hole_frac=0.4472 real_p2_eps=0.1255 real_p2_hit=0.0000 real_total=0.1255 discr_adv=0.9950 x0_d_real=-0.1138 x0_d_fake=-0.1238 g_grad_abs=720.2256 d_grad_abs=64.5591 synth_eps=0.2121 synth_eps_raw=0.2121 synth_x0_hit=1.0000 synth_x0_t=269.0000 synth_x0_ldif=0.1180 synth_x0_gen_adv=0.0978 synth_x0_lfm=0.1945 synth_total=0.7290 extra_render_attn_share=0.5709
[step 76350] real_p1_mirror_hole_cov=0.0194 real_p1_skipped=1.0000 real_p1_hole_frac=0.0342 real_p2_eps=0.0086 real_p2_hit=0.0000 real_total=0.0086 discr_adv=0.9956 x0_d_real=-0.1622 x0_d_fake=-0.1710 g_grad_abs=189.0059 d_grad_abs=45.2127 synth_eps=0.0483 synth_eps_raw=0.0483 synth_x0_hit=0.0000 synth_total=0.0483 extra_render_attn_share=0.5709
[step 76400] real_p1_mirror_hole_cov=0.0362 real_p1_skipped=1.0000 real_p1_hole_frac=0.1095 real_p2_eps=0.1276 real_p2_hit=1.0000 real_p2_t=292.0000 real_p2_ldif=0.0837 real_p2_gen_adv=0.1642 real_p2_lfm=0.0203 real_total=0.2684 discr_adv=1.9689 x0_d_real=-0.1358 x0_d_fake=-0.1653 p2_d_real=-0.1315 p2_d_fake=-0.1642 g_grad_abs=3282.6661 d_grad_abs=230.3064 synth_eps=0.0764 synth_eps_raw=0.0764 synth_x0_hit=0.0000 synth_total=0.0764 extra_render_attn_share=0.5709
[step 76450] real_p1_mirror_hole_cov=0.2385 real_p1_skipped=1.0000 real_p1_hole_frac=0.4175 real_p2_eps=0.0059 real_p2_hit=0.0000 real_total=0.0059 discr_adv=0.9721 x0_d_real=-0.0897 x0_d_fake=-0.1455 g_grad_abs=71.1786 d_grad_abs=159.5407 synth_eps=0.0635 synth_eps_raw=0.0635 synth_x0_hit=0.0000 synth_total=0.0635 extra_render_attn_share=0.5709
[step 76500] real_p1_mirror_hole_cov=0.0574 real_p1_skipped=1.0000 real_p1_hole_frac=0.3720 real_p2_eps=0.1801 real_p2_hit=1.0000 real_p2_t=152.0000 real_p2_ldif=0.0382 real_p2_gen_adv=0.2952 real_p2_lfm=0.0004 real_total=0.2486 discr_adv=1.8057 x0_d_real=-0.0892 x0_d_fake=-0.4851 p2_d_real=-0.2998 p2_d_fake=-0.2952 g_grad_abs=1217.9593 d_grad_abs=1329.8768 synth_eps=0.1140 synth_eps_raw=0.1140 synth_x0_hit=0.0000 synth_total=0.1140 extra_render_attn_share=0.5709
[images] real: anchor | cond1 | cond2 | inv_warp_mirror | mask | mask_inv | warp_img | warp_warp_img | x | y_hat | y_hat_novel -> /home/xzy/warpgan-diffusiong-inpainting/warpgan-diffusion-inpainting-main/experiments/train_inpainting_diffusion/[20260911-143749]_v18w3_w3d_30k/logs/images/train/real_step0076500.png
[images] synth: cond | mask | target | warp_img | x | y_hat_novel -> /home/xzy/warpgan-diffusiong-inpainting/warpgan-diffusion-inpainting-main/experiments/train_inpainting_diffusion/[20260911-143749]_v18w3_w3d_30k/logs/images/train/synth_step0076500.png
[step 76550] real_p1_mirror_hole_cov=0.1335 real_p1_skipped=1.0000 real_p1_hole_frac=0.6096 real_p2_eps=0.0246 real_p2_hit=0.0000 real_total=0.0246 synth_eps=0.1066 synth_eps_raw=0.1066 synth_x0_hit=0.0000 synth_total=0.1066 extra_render_attn_share=0.5709
[step 76600] real_p1_mirror_hole_cov=0.0944 real_p1_skipped=1.0000 real_p1_hole_frac=0.4910 real_p2_eps=0.0764 real_p2_hit=0.0000 real_total=0.0764 synth_eps=0.0211 synth_eps_raw=0.0211 synth_x0_hit=0.0000 synth_total=0.0211 extra_render_attn_share=0.5709
[step 76650] real_p1_mirror_hole_cov=0.0500 real_p1_skipped=1.0000 real_p1_hole_frac=0.1222 real_p2_eps=0.0216 real_p2_hit=0.0000 real_total=0.0216 synth_eps=0.5319 synth_eps_raw=0.5319 synth_x0_hit=1.0000 synth_x0_t=54.0000 synth_x0_ldif=0.0296 synth_x0_gen_adv=-0.4450 synth_x0_lfm=0.0007 synth_total=0.5184 extra_render_attn_share=0.5709
[step 76700] real_p1_mirror_hole_cov=0.0675 real_p1_skipped=1.0000 real_p1_hole_frac=0.0870 real_p2_eps=0.0332 real_p2_hit=0.0000 real_total=0.0332 discr_adv=0.9568 x0_d_real=0.5827 x0_d_fake=0.4962 g_grad_abs=287.5085 d_grad_abs=400.8060 synth_eps=0.1125 synth_eps_raw=0.1125 synth_x0_hit=0.0000 synth_total=0.1125 extra_render_attn_share=0.5709
[step 76750] real_p1_mirror_hole_cov=0.1615 real_p1_skipped=1.0000 real_p1_hole_frac=0.4884 real_p2_eps=0.0238 real_p2_hit=0.0000 real_total=0.0238 synth_eps=0.0029 synth_eps_raw=0.0029 synth_x0_hit=0.0000 synth_total=0.0029 extra_render_attn_share=0.5709
[step 76800] real_p1_mirror_hole_cov=0.0078 real_p1_skipped=1.0000 real_p1_hole_frac=0.1793 real_p2_eps=0.1455 real_p2_hit=1.0000 real_p2_t=159.0000 real_p2_ldif=0.0330 real_p2_gen_adv=-0.6378 real_p2_lfm=0.0008 real_total=0.1163 discr_adv=0.9928 p2_d_real=0.6521 p2_d_fake=0.6378 g_grad_abs=1120.2495 d_grad_abs=128.2723 synth_eps=0.0702 synth_eps_raw=0.0702 synth_x0_hit=0.0000 synth_total=0.0702 extra_render_attn_share=0.5709
[step 76850] real_p1_mirror_hole_cov=0.1431 real_p1_skipped=1.0000 real_p1_hole_frac=0.5505 real_p2_eps=0.0377 real_p2_hit=0.0000 real_total=0.0377 synth_eps=0.0050 synth_eps_raw=0.0050 synth_x0_hit=0.0000 synth_total=0.0050 extra_render_attn_share=0.5709
[step 76900] real_p1_mirror_hole_cov=0.0062 real_p1_skipped=1.0000 real_p1_hole_frac=0.3257 real_p2_eps=0.0516 real_p2_hit=0.0000 real_total=0.0516 synth_eps=0.0509 synth_eps_raw=0.0509 synth_x0_hit=0.0000 synth_total=0.0509 extra_render_attn_share=0.5709
[step 76950] real_p1_mirror_hole_cov=0.1036 real_p1_skipped=1.0000 real_p1_hole_frac=0.3506 real_p2_eps=0.0598 real_p2_hit=0.0000 real_total=0.0598 discr_adv=0.9586 x0_d_real=0.2364 x0_d_fake=0.1537 g_grad_abs=402.0524 d_grad_abs=265.0524 synth_eps=0.0466 synth_eps_raw=0.0466 synth_x0_hit=0.0000 synth_total=0.0466 extra_render_attn_share=0.5709
[step 77000] real_p1_mirror_hole_cov=0.2156 real_p1_skipped=1.0000 real_p1_hole_frac=0.4976 real_p2_eps=0.7799 real_p2_hit=1.0000 real_p2_t=2.0000 real_p2_ldif=0.0020 real_p2_gen_adv=0.3115 real_p2_lfm=0.0000 real_total=0.8131 discr_adv=1.0019 p2_d_real=-0.3153 p2_d_fake=-0.3115 g_grad_abs=1455.6440 d_grad_abs=14.7673 synth_eps=0.2501 synth_eps_raw=0.2501 synth_x0_hit=1.0000 synth_x0_t=204.0000 synth_x0_ldif=0.0845 synth_x0_gen_adv=0.4771 synth_x0_lfm=0.0028 synth_total=0.3879 extra_render_attn_share=0.5709
[images] real: anchor | cond1 | cond2 | inv_warp_mirror | mask | mask_inv | warp_img | warp_warp_img | x | y_hat | y_hat_novel -> /home/xzy/warpgan-diffusiong-inpainting/warpgan-diffusion-inpainting-main/experiments/train_inpainting_diffusion/[20260911-143749]_v18w3_w3d_30k/logs/images/train/real_step0077000.png
[images] synth: cond | mask | target | warp_img | x | y_hat_novel -> /home/xzy/warpgan-diffusiong-inpainting/warpgan-diffusion-inpainting-main/experiments/train_inpainting_diffusion/[20260911-143749]_v18w3_w3d_30k/logs/images/train/synth_step0077000.png
[step 77050] real_p1_mirror_hole_cov=0.0832 real_p1_skipped=1.0000 real_p1_hole_frac=0.3872 real_p2_eps=0.0308 real_p2_hit=0.0000 real_total=0.0308 discr_adv=0.9618 x0_d_real=0.1549 x0_d_fake=0.0784 g_grad_abs=250.8321 d_grad_abs=447.6631 synth_eps=0.0360 synth_eps_raw=0.0360 synth_x0_hit=0.0000 synth_total=0.0360 extra_render_attn_share=0.5709
[step 77100] real_p1_mirror_hole_cov=0.0079 real_p1_skipped=1.0000 real_p1_hole_frac=0.1079 real_p2_eps=0.0025 real_p2_hit=0.0000 real_total=0.0025 synth_eps=0.4159 synth_eps_raw=0.4159 synth_x0_hit=1.0000 synth_x0_t=98.0000 synth_x0_ldif=0.0479 synth_x0_gen_adv=0.4350 synth_x0_lfm=0.0008 synth_total=0.5089 extra_render_attn_share=0.5709
[step 77150] real_p1_mirror_hole_cov=0.0262 real_p1_skipped=1.0000 real_p1_hole_frac=0.4780 real_p2_eps=0.1089 real_p2_hit=1.0000 real_p2_t=233.0000 real_p2_ldif=0.0463 real_p2_gen_adv=0.8455 real_p2_lfm=0.0009 real_total=0.2417 discr_adv=1.0018 p2_d_real=-0.8490 p2_d_fake=-0.8455 g_grad_abs=998.4130 d_grad_abs=20.3810 synth_eps=0.0538 synth_eps_raw=0.0538 synth_x0_hit=0.0000 synth_total=0.0538 extra_render_attn_share=0.5709
[step 77200] real_p1_mirror_hole_cov=0.1252 real_p1_skipped=1.0000 real_p1_hole_frac=0.3672 real_p2_eps=0.0043 real_p2_hit=0.0000 real_total=0.0043 synth_eps=0.0100 synth_eps_raw=0.0100 synth_x0_hit=0.0000 synth_total=0.0100 extra_render_attn_share=0.5709
[step 77250] real_p1_mirror_hole_cov=0.1211 real_p1_skipped=1.0000 real_p1_hole_frac=0.1328 real_p2_eps=0.0691 real_p2_hit=0.0000 real_total=0.0691 synth_eps=0.3607 synth_eps_raw=0.3607 synth_x0_hit=1.0000 synth_x0_t=133.0000 synth_x0_ldif=0.0630 synth_x0_gen_adv=0.4998 synth_x0_lfm=0.0019 synth_total=0.4775 extra_render_attn_share=0.5709
[step 77300] real_p1_mirror_hole_cov=0.0112 real_p1_skipped=1.0000 real_p1_hole_frac=0.3943 real_p2_eps=0.0065 real_p2_hit=0.0000 real_total=0.0065 discr_adv=0.8349 x0_d_real=-0.2810 x0_d_fake=-0.6133 g_grad_abs=73.8493 d_grad_abs=1579.5964 synth_eps=0.3070 synth_eps_raw=0.3070 synth_x0_hit=1.0000 synth_x0_t=171.0000 synth_x0_ldif=0.0780 synth_x0_gen_adv=-0.3906 synth_x0_lfm=0.0042 synth_total=0.3543 extra_render_attn_share=0.5709
[step 77350] real_p1_mirror_hole_cov=0.3065 real_p1_skipped=1.0000 real_p1_hole_frac=0.3146 real_p2_eps=0.0475 real_p2_hit=0.0000 real_total=0.0475 discr_adv=0.9759 x0_d_real=-0.8399 x0_d_fake=-0.8882 g_grad_abs=325.1875 d_grad_abs=296.9951 synth_eps=0.0523 synth_eps_raw=0.0523 synth_x0_hit=0.0000 synth_total=0.0523 extra_render_attn_share=0.5709
[step 77400] real_p1_mirror_hole_cov=0.0990 real_p1_skipped=1.0000 real_p1_hole_frac=0.2910 real_p2_eps=0.0156 real_p2_hit=0.0000 real_total=0.0156 synth_eps=0.0244 synth_eps_raw=0.0244 synth_x0_hit=0.0000 synth_total=0.0244 extra_render_attn_share=0.5709
[step 77450] real_p1_mirror_hole_cov=0.0178 real_p1_skipped=1.0000 real_p1_hole_frac=0.1672 real_p2_eps=0.0395 real_p2_hit=0.0000 real_total=0.0395 discr_adv=0.9809 x0_d_real=0.5505 x0_d_fake=0.5123 g_grad_abs=305.9791 d_grad_abs=114.8917 synth_eps=0.0022 synth_eps_raw=0.0022 synth_x0_hit=0.0000 synth_total=0.0022 extra_render_attn_share=0.5709
[step 77500] real_p1_mirror_hole_cov=0.2240 real_p1_skipped=1.0000 real_p1_hole_frac=0.4312 real_p2_eps=0.0752 real_p2_hit=0.0000 real_total=0.0752 discr_adv=0.8621 x0_d_real=0.6005 x0_d_fake=0.3248 g_grad_abs=461.4742 d_grad_abs=1143.6532 synth_eps=0.2850 synth_eps_raw=0.2850 synth_x0_hit=1.0000 synth_x0_t=163.0000 synth_x0_ldif=0.0672 synth_x0_gen_adv=0.0376 synth_x0_lfm=0.0024 synth_total=0.3608 extra_render_attn_share=0.5709
[images] real: anchor | cond1 | cond2 | inv_warp_mirror | mask | mask_inv | warp_img | warp_warp_img | x | y_hat | y_hat_novel -> /home/xzy/warpgan-diffusiong-inpainting/warpgan-diffusion-inpainting-main/experiments/train_inpainting_diffusion/[20260911-143749]_v18w3_w3d_30k/logs/images/train/real_step0077500.png
[images] synth: cond | mask | target | warp_img | x | y_hat_novel -> /home/xzy/warpgan-diffusiong-inpainting/warpgan-diffusion-inpainting-main/experiments/train_inpainting_diffusion/[20260911-143749]_v18w3_w3d_30k/logs/images/train/synth_step0077500.png
[step 77550] real_p1_mirror_hole_cov=0.0377 real_p1_skipped=1.0000 real_p1_hole_frac=0.0948 real_p2_eps=0.0040 real_p2_hit=0.0000 real_total=0.0040 synth_eps=0.0268 synth_eps_raw=0.0268 synth_x0_hit=0.0000 synth_total=0.0268 extra_render_attn_share=0.5709
[step 77600] real_p1_mirror_hole_cov=0.0782 real_p1_skipped=1.0000 real_p1_hole_frac=0.2111 real_p2_eps=0.0124 real_p2_hit=0.0000 real_total=0.0124 discr_adv=0.9832 x0_d_real=0.5290 x0_d_fake=0.4955 g_grad_abs=147.5181 d_grad_abs=97.1563 synth_eps=0.0741 synth_eps_raw=0.0741 synth_x0_hit=0.0000 synth_total=0.0741 extra_render_attn_share=0.5709
[step 77650] real_p1_mirror_hole_cov=0.0630 real_p1_skipped=1.0000 real_p1_hole_frac=0.5342 real_p2_eps=0.0377 real_p2_hit=0.0000 real_total=0.0377 discr_adv=0.9327 x0_d_real=0.3736 x0_d_fake=0.2389 g_grad_abs=183.2712 d_grad_abs=370.0769 synth_eps=0.0501 synth_eps_raw=0.0501 synth_x0_hit=0.0000 synth_total=0.0501 extra_render_attn_share=0.5709
[step 77700] real_p1_mirror_hole_cov=0.2301 real_p1_skipped=1.0000 real_p1_hole_frac=0.4176 real_p2_eps=0.0397 real_p2_hit=0.0000 real_total=0.0397 discr_adv=0.8415 x0_d_real=0.0686 x0_d_fake=-0.2483 g_grad_abs=199.1550 d_grad_abs=820.0949 synth_eps=0.0084 synth_eps_raw=0.0084 synth_x0_hit=0.0000 synth_total=0.0084 extra_render_attn_share=0.5709
[step 77750] real_p1_mirror_hole_cov=0.0276 real_p1_skipped=1.0000 real_p1_hole_frac=0.0544 real_p2_eps=0.0475 real_p2_hit=0.0000 real_total=0.0475 synth_eps=0.5697 synth_eps_raw=0.5697 synth_x0_hit=1.0000 synth_x0_t=34.0000 synth_x0_ldif=0.0189 synth_x0_gen_adv=-0.7658 synth_x0_lfm=0.0009 synth_total=0.5138 extra_render_attn_share=0.5709
[step 77800] real_p1_mirror_hole_cov=0.0552 real_p1_skipped=1.0000 real_p1_hole_frac=0.2716 real_p2_eps=0.1939 real_p2_hit=1.0000 real_p2_t=133.0000 real_p2_ldif=0.0339 real_p2_gen_adv=-0.6745 real_p2_lfm=0.0008 real_total=0.1620 discr_adv=1.8771 x0_d_real=-0.4135 x0_d_fake=-0.6001 p2_d_real=0.7337 p2_d_fake=0.6745 g_grad_abs=1049.0670 d_grad_abs=788.3025 synth_eps=0.1094 synth_eps_raw=0.1094 synth_x0_hit=0.0000 synth_total=0.1094 extra_render_attn_share=0.5709
[step 77850] real_p1_mirror_hole_cov=0.0052 real_p1_skipped=1.0000 real_p1_hole_frac=0.0385 real_p2_eps=0.0623 real_p2_hit=1.0000 real_p2_t=229.0000 real_p2_ldif=0.0257 real_p2_gen_adv=-0.8803 real_p2_lfm=0.0010 real_total=0.0019 discr_adv=1.0166 p2_d_real=0.8470 p2_d_fake=0.8803 g_grad_abs=888.6520 d_grad_abs=191.1224 synth_eps=0.1085 synth_eps_raw=0.1085 synth_x0_hit=0.0000 synth_total=0.1085 extra_render_attn_share=0.5709
[step 77900] real_p1_mirror_hole_cov=0.1401 real_p1_skipped=1.0000 real_p1_hole_frac=0.3509 real_p2_eps=0.1666 real_p2_hit=1.0000 real_p2_t=138.0000 real_p2_ldif=0.0307 real_p2_gen_adv=-0.6017 real_p2_lfm=0.0004 real_total=0.1379 discr_adv=1.9151 x0_d_real=0.3660 x0_d_fake=0.2204 p2_d_real=0.6258 p2_d_fake=0.6017 g_grad_abs=1045.0159 d_grad_abs=570.3108 synth_eps=0.1247 synth_eps_raw=0.1247 synth_x0_hit=0.0000 synth_total=0.1247 extra_render_attn_share=0.5709
[step 77950] real_p1_mirror_hole_cov=0.0839 real_p1_skipped=1.0000 real_p1_hole_frac=0.3152 real_p2_eps=0.0158 real_p2_hit=0.0000 real_total=0.0158 synth_eps=0.0224 synth_eps_raw=0.0224 synth_x0_hit=0.0000 synth_total=0.0224 extra_render_attn_share=0.5709
[val step 77999] val_novel_full=0.0887 val_novel_hole=0.1440 val_novel_visible=0.0650
[step 78000] real_p1_mirror_hole_cov=0.0023 real_p1_skipped=1.0000 real_p1_hole_frac=0.1313 real_p2_eps=0.0436 real_p2_hit=0.0000 real_total=0.0436 synth_eps=0.0010 synth_eps_raw=0.0010 synth_x0_hit=0.0000 synth_total=0.0010 extra_render_attn_share=0.5994
[images] real: anchor | cond1 | cond2 | inv_warp_mirror | mask | mask_inv | warp_img | warp_warp_img | x | y_hat | y_hat_novel -> /home/xzy/warpgan-diffusiong-inpainting/warpgan-diffusion-inpainting-main/experiments/train_inpainting_diffusion/[20260911-143749]_v18w3_w3d_30k/logs/images/train/real_step0078000.png
[images] synth: cond | mask | target | warp_img | x | y_hat_novel -> /home/xzy/warpgan-diffusiong-inpainting/warpgan-diffusion-inpainting-main/experiments/train_inpainting_diffusion/[20260911-143749]_v18w3_w3d_30k/logs/images/train/synth_step0078000.png
[step 78050] real_p1_mirror_hole_cov=0.1914 real_p1_skipped=1.0000 real_p1_hole_frac=0.3281 real_p2_eps=0.0496 real_p2_hit=0.0000 real_total=0.0496 synth_eps=0.0118 synth_eps_raw=0.0118 synth_x0_hit=0.0000 synth_total=0.0118 extra_render_attn_share=0.5994
[step 78100] real_p1_mirror_hole_cov=0.0315 real_p1_skipped=1.0000 real_p1_hole_frac=0.0592 real_p2_eps=0.0012 real_p2_hit=0.0000 real_total=0.0012 synth_eps=0.0298 synth_eps_raw=0.0298 synth_x0_hit=0.0000 synth_total=0.0298 extra_render_attn_share=0.5994
[step 78150] real_p1_mirror_hole_cov=0.0460 real_p1_skipped=1.0000 real_p1_hole_frac=0.0086 real_p2_eps=0.0025 real_p2_hit=0.0000 real_total=0.0025 synth_eps=0.0772 synth_eps_raw=0.0772 synth_x0_hit=0.0000 synth_total=0.0772 extra_render_attn_share=0.5994
[step 78200] real_p1_mirror_hole_cov=0.0154 real_p1_skipped=1.0000 real_p1_hole_frac=0.4740 real_p2_eps=0.0020 real_p2_hit=0.0000 real_total=0.0020 synth_eps=0.0048 synth_eps_raw=0.0048 synth_x0_hit=0.0000 synth_total=0.0048 extra_render_attn_share=0.5994
[step 78250] real_p1_mirror_hole_cov=0.0251 real_p1_skipped=1.0000 real_p1_hole_frac=0.1301 real_p2_eps=0.6749 real_p2_hit=1.0000 real_p2_t=2.0000 real_p2_ldif=0.0017 real_p2_gen_adv=-0.8003 real_p2_lfm=0.0000 real_total=0.5967 discr_adv=1.9949 x0_d_real=0.8577 x0_d_fake=0.8478 p2_d_real=0.8005 p2_d_fake=0.8003 g_grad_abs=1489.0036 d_grad_abs=73.3565 synth_eps=0.0462 synth_eps_raw=0.0462 synth_x0_hit=0.0000 synth_total=0.0462 extra_render_attn_share=0.5994
[step 78300] real_p1_mirror_hole_cov=0.0104 real_p1_skipped=1.0000 real_p1_hole_frac=0.3140 real_p2_eps=0.1189 real_p2_hit=1.0000 real_p2_t=281.0000 real_p2_ldif=0.0722 real_p2_gen_adv=-0.7028 real_p2_lfm=0.0023 real_total=0.1254 discr_adv=0.9873 p2_d_real=0.7282 p2_d_fake=0.7028 g_grad_abs=1053.3109 d_grad_abs=126.1647 synth_eps=0.0035 synth_eps_raw=0.0035 synth_x0_hit=0.0000 synth_total=0.0035 extra_render_attn_share=0.5994
[step 78350] real_p1_mirror_hole_cov=0.2179 real_p1_skipped=1.0000 real_p1_hole_frac=0.5489 real_p2_eps=0.2270 real_p2_hit=1.0000 real_p2_t=109.0000 real_p2_ldif=0.0301 real_p2_gen_adv=-0.8533 real_p2_lfm=0.0005 real_total=0.1728 discr_adv=1.0074 p2_d_real=0.8387 p2_d_fake=0.8533 g_grad_abs=1086.6455 d_grad_abs=98.5716 synth_eps=0.0857 synth_eps_raw=0.0857 synth_x0_hit=0.0000 synth_total=0.0857 extra_render_attn_share=0.5994
[step 78400] real_p1_mirror_hole_cov=0.0088 real_p1_skipped=1.0000 real_p1_hole_frac=0.1537 real_p2_eps=0.0036 real_p2_hit=0.0000 real_total=0.0036 discr_adv=0.9935 x0_d_real=0.8614 x0_d_fake=0.8484 g_grad_abs=49.9434 d_grad_abs=52.1186 synth_eps=0.0177 synth_eps_raw=0.0177 synth_x0_hit=0.0000 synth_total=0.0177 extra_render_attn_share=0.5994
[step 78450] real_p1_mirror_hole_cov=0.0547 real_p1_skipped=1.0000 real_p1_hole_frac=0.2199 real_p2_eps=0.1513 real_p2_hit=1.0000 real_p2_t=153.0000 real_p2_ldif=0.0324 real_p2_gen_adv=-0.6370 real_p2_lfm=0.0006 real_total=0.1211 discr_adv=0.9923 p2_d_real=0.6523 p2_d_fake=0.6370 g_grad_abs=834.8609 d_grad_abs=66.0641 synth_eps=0.0197 synth_eps_raw=0.0197 synth_x0_hit=0.0000 synth_total=0.0197 extra_render_attn_share=0.5994
[step 78500] real_p1_mirror_hole_cov=0.2934 real_p1_skipped=1.0000 real_p1_hole_frac=0.6120 real_p2_eps=0.0017 real_p2_hit=0.0000 real_total=0.0017 synth_eps=0.0237 synth_eps_raw=0.0237 synth_x0_hit=0.0000 synth_total=0.0237 extra_render_attn_share=0.5994
[images] real: anchor | cond1 | cond2 | inv_warp_mirror | mask | mask_inv | warp_img | warp_warp_img | x | y_hat | y_hat_novel -> /home/xzy/warpgan-diffusiong-inpainting/warpgan-diffusion-inpainting-main/experiments/train_inpainting_diffusion/[20260911-143749]_v18w3_w3d_30k/logs/images/train/real_step0078500.png
[images] synth: cond | mask | target | warp_img | x | y_hat_novel -> /home/xzy/warpgan-diffusiong-inpainting/warpgan-diffusion-inpainting-main/experiments/train_inpainting_diffusion/[20260911-143749]_v18w3_w3d_30k/logs/images/train/synth_step0078500.png
[step 78550] real_p1_mirror_hole_cov=0.0281 real_p1_skipped=1.0000 real_p1_hole_frac=0.1120 real_p2_eps=0.0404 real_p2_hit=0.0000 real_total=0.0404 synth_eps=0.0014 synth_eps_raw=0.0014 synth_x0_hit=0.0000 synth_total=0.0014 extra_render_attn_share=0.5994
[step 78600] real_p1_mirror_hole_cov=0.1087 real_p1_skipped=1.0000 real_p1_hole_frac=0.1567 real_p2_eps=0.0145 real_p2_hit=0.0000 real_total=0.0145 synth_eps=0.0018 synth_eps_raw=0.0018 synth_x0_hit=0.0000 synth_total=0.0018 extra_render_attn_share=0.5994
[step 78650] real_p1_mirror_hole_cov=0.3193 real_p1_skipped=1.0000 real_p1_hole_frac=0.2169 real_p2_eps=0.0941 real_p2_hit=1.0000 real_p2_t=285.0000 real_p2_ldif=0.0587 real_p2_gen_adv=0.8355 real_p2_lfm=0.0011 real_total=0.2385 discr_adv=0.9997 p2_d_real=-0.8349 p2_d_fake=-0.8355 g_grad_abs=910.7155 d_grad_abs=2.8981 synth_eps=0.2693 synth_eps_raw=0.2693 synth_x0_hit=1.0000 synth_x0_t=181.0000 synth_x0_ldif=0.0748 synth_x0_gen_adv=0.8321 synth_x0_lfm=0.0016 synth_total=0.4305 extra_render_attn_share=0.5994
[step 78700] real_p1_mirror_hole_cov=0.0284 real_p1_skipped=1.0000 real_p1_hole_frac=0.4368 real_p2_eps=0.0086 real_p2_hit=0.0000 real_total=0.0086 synth_eps=0.1198 synth_eps_raw=0.1198 synth_x0_hit=0.0000 synth_total=0.1198 extra_render_attn_share=0.5994
[step 78750] real_p1_mirror_hole_cov=0.1660 real_p1_skipped=1.0000 real_p1_hole_frac=0.4306 real_p2_eps=0.0443 real_p2_hit=0.0000 real_total=0.0443 discr_adv=0.9992 x0_d_real=-0.8225 x0_d_fake=-0.8240 g_grad_abs=285.2289 d_grad_abs=6.7454 synth_eps=0.0456 synth_eps_raw=0.0456 synth_x0_hit=0.0000 synth_total=0.0456 extra_render_attn_share=0.5994
[step 78800] real_p1_mirror_hole_cov=0.0355 real_p1_skipped=1.0000 real_p1_hole_frac=0.0526 real_p2_eps=0.0006 real_p2_hit=0.0000 real_total=0.0006 synth_eps=0.0280 synth_eps_raw=0.0280 synth_x0_hit=0.0000 synth_total=0.0280 extra_render_attn_share=0.5994
[step 78850] real_p1_mirror_hole_cov=0.1277 real_p1_skipped=1.0000 real_p1_hole_frac=0.3640 real_p2_eps=0.0015 real_p2_hit=0.0000 real_total=0.0015 discr_adv=0.9982 x0_d_real=-0.7884 x0_d_fake=-0.7919 g_grad_abs=29.5230 d_grad_abs=25.2423 synth_eps=0.1796 synth_eps_raw=0.1796 synth_x0_hit=0.0000 synth_total=0.1796 extra_render_attn_share=0.5994
[step 78900] real_p1_mirror_hole_cov=0.0208 real_p1_skipped=1.0000 real_p1_hole_frac=0.1576 real_p2_eps=0.1400 real_p2_hit=1.0000 real_p2_t=125.0000 real_p2_ldif=0.0224 real_p2_gen_adv=0.7702 real_p2_lfm=0.0004 real_total=0.2402 discr_adv=0.9974 p2_d_real=-0.7650 p2_d_fake=-0.7702 g_grad_abs=834.4537 d_grad_abs=29.9610 synth_eps=0.4356 synth_eps_raw=0.4356 synth_x0_hit=1.0000 synth_x0_t=54.0000 synth_x0_ldif=0.0242 synth_x0_gen_adv=0.7656 synth_x0_lfm=0.0007 synth_total=0.5377 extra_render_attn_share=0.5994
[step 78950] real_p1_mirror_hole_cov=0.2073 real_p1_skipped=1.0000 real_p1_hole_frac=0.1503 real_p2_eps=0.0259 real_p2_hit=0.0000 real_total=0.0259 synth_eps=0.1053 synth_eps_raw=0.1053 synth_x0_hit=0.0000 synth_total=0.1053 extra_render_attn_share=0.5994
[step 79000] real_p1_mirror_hole_cov=0.0560 real_p1_skipped=1.0000 real_p1_hole_frac=0.1527 real_p2_eps=0.0585 real_p2_hit=0.0000 real_total=0.0585 synth_eps=0.0339 synth_eps_raw=0.0339 synth_x0_hit=0.0000 synth_total=0.0339 extra_render_attn_share=0.5994
[images] real: anchor | cond1 | cond2 | inv_warp_mirror | mask | mask_inv | warp_img | warp_warp_img | x | y_hat | y_hat_novel -> /home/xzy/warpgan-diffusiong-inpainting/warpgan-diffusion-inpainting-main/experiments/train_inpainting_diffusion/[20260911-143749]_v18w3_w3d_30k/logs/images/train/real_step0079000.png
[images] synth: cond | mask | target | warp_img | x | y_hat_novel -> /home/xzy/warpgan-diffusiong-inpainting/warpgan-diffusion-inpainting-main/experiments/train_inpainting_diffusion/[20260911-143749]_v18w3_w3d_30k/logs/images/train/synth_step0079000.png
[step 79050] real_p1_mirror_hole_cov=0.0023 real_p1_skipped=1.0000 real_p1_hole_frac=0.1671 real_p2_eps=0.0507 real_p2_hit=0.0000 real_total=0.0507 synth_eps=0.0269 synth_eps_raw=0.0269 synth_x0_hit=0.0000 synth_total=0.0269 extra_render_attn_share=0.5994
[step 79100] real_p1_mirror_hole_cov=0.1285 real_p1_skipped=1.0000 real_p1_hole_frac=0.3909 real_p2_eps=0.0540 real_p2_hit=0.0000 real_total=0.0540 synth_eps=0.0732 synth_eps_raw=0.0732 synth_x0_hit=0.0000 synth_total=0.0732 extra_render_attn_share=0.5994
[step 79150] real_p1_mirror_hole_cov=0.0228 real_p1_skipped=1.0000 real_p1_hole_frac=0.3058 real_p2_eps=0.3100 real_p2_hit=1.0000 real_p2_t=48.0000 real_p2_ldif=0.0151 real_p2_gen_adv=-0.3746 real_p2_lfm=0.0003 real_total=0.2881 discr_adv=0.9547 p2_d_real=0.4659 p2_d_fake=0.3746 g_grad_abs=1136.1096 d_grad_abs=246.9413 synth_eps=0.0193 synth_eps_raw=0.0193 synth_x0_hit=0.0000 synth_total=0.0193 extra_render_attn_share=0.5994
[step 79200] real_p1_mirror_hole_cov=0.0948 real_p1_skipped=1.0000 real_p1_hole_frac=0.4567 real_p2_eps=0.0468 real_p2_hit=0.0000 real_total=0.0468 discr_adv=0.9757 x0_d_real=-0.3046 x0_d_fake=-0.3645 g_grad_abs=380.0980 d_grad_abs=489.4376 synth_eps=0.0065 synth_eps_raw=0.0065 synth_x0_hit=0.0000 synth_total=0.0065 extra_render_attn_share=0.5994
[step 79250] real_p1_mirror_hole_cov=0.0146 real_p1_skipped=1.0000 real_p1_hole_frac=0.1892 real_p2_eps=0.0679 real_p2_hit=1.0000 real_p2_t=292.0000 real_p2_ldif=0.0445 real_p2_gen_adv=0.2822 real_p2_lfm=0.0008 real_total=0.1422 discr_adv=1.9536 x0_d_real=-0.3185 x0_d_fake=-0.4416 p2_d_real=-0.3125 p2_d_fake=-0.2822 g_grad_abs=813.2469 d_grad_abs=841.7317 synth_eps=0.0601 synth_eps_raw=0.0601 synth_x0_hit=0.0000 synth_total=0.0601 extra_render_attn_share=0.5994
[step 79300] real_p1_mirror_hole_cov=0.0233 real_p1_skipped=1.0000 real_p1_hole_frac=0.3180 real_p2_eps=0.0639 real_p2_hit=0.0000 real_total=0.0639 synth_eps=0.2641 synth_eps_raw=0.2641 synth_x0_hit=1.0000 synth_x0_t=241.0000 synth_x0_ldif=0.1195 synth_x0_gen_adv=-0.1556 synth_x0_lfm=0.0044 synth_total=0.3768 extra_render_attn_share=0.5994
[step 79350] real_p1_mirror_hole_cov=0.0125 real_p1_skipped=1.0000 real_p1_hole_frac=0.2993 real_p2_eps=0.3327 real_p2_hit=1.0000 real_p2_t=46.0000 real_p2_ldif=0.0154 real_p2_gen_adv=-0.5355 real_p2_lfm=0.0005 real_total=0.2955 discr_adv=0.9825 p2_d_real=0.5705 p2_d_fake=0.5355 g_grad_abs=1189.0953 d_grad_abs=116.5418 synth_eps=0.0587 synth_eps_raw=0.0587 synth_x0_hit=0.0000 synth_total=0.0587 extra_render_attn_share=0.5994
[step 79400] real_p1_mirror_hole_cov=0.1757 real_p1_skipped=1.0000 real_p1_hole_frac=0.1913 real_p2_eps=0.0123 real_p2_hit=0.0000 real_total=0.0123 synth_eps=0.0013 synth_eps_raw=0.0013 synth_x0_hit=0.0000 synth_total=0.0013 extra_render_attn_share=0.5994
[step 79450] real_p1_mirror_hole_cov=0.0906 real_p1_skipped=1.0000 real_p1_hole_frac=0.0722 real_p2_eps=0.0091 real_p2_hit=0.0000 real_total=0.0091 synth_eps=0.0019 synth_eps_raw=0.0019 synth_x0_hit=0.0000 synth_total=0.0019 extra_render_attn_share=0.5994
[step 79500] real_p1_mirror_hole_cov=0.0001 real_p1_skipped=1.0000 real_p1_hole_frac=0.0367 real_p2_eps=0.0614 real_p2_hit=1.0000 real_p2_t=236.0000 real_p2_ldif=0.0267 real_p2_gen_adv=-0.4568 real_p2_lfm=0.0006 real_total=0.0437 discr_adv=1.0344 p2_d_real=0.3880 p2_d_fake=0.4568 g_grad_abs=763.5266 d_grad_abs=178.1139 synth_eps=0.0052 synth_eps_raw=0.0052 synth_x0_hit=0.0000 synth_total=0.0052 extra_render_attn_share=0.5994
[images] real: anchor | cond1 | cond2 | inv_warp_mirror | mask | mask_inv | warp_img | warp_warp_img | x | y_hat | y_hat_novel -> /home/xzy/warpgan-diffusiong-inpainting/warpgan-diffusion-inpainting-main/experiments/train_inpainting_diffusion/[20260911-143749]_v18w3_w3d_30k/logs/images/train/real_step0079500.png
[images] synth: cond | mask | target | warp_img | x | y_hat_novel -> /home/xzy/warpgan-diffusiong-inpainting/warpgan-diffusion-inpainting-main/experiments/train_inpainting_diffusion/[20260911-143749]_v18w3_w3d_30k/logs/images/train/synth_step0079500.png
[step 79550] real_p1_mirror_hole_cov=0.4780 real_p1_skipped=1.0000 real_p1_hole_frac=0.2991 real_p2_eps=0.0563 real_p2_hit=0.0000 real_total=0.0563 synth_eps=0.4151 synth_eps_raw=0.4151 synth_x0_hit=1.0000 synth_x0_t=71.0000 synth_x0_ldif=0.0319 synth_x0_gen_adv=-0.2600 synth_x0_lfm=0.0010 synth_total=0.4230 extra_render_attn_share=0.5994
[step 79600] real_p1_mirror_hole_cov=0.0192 real_p1_skipped=1.0000 real_p1_hole_frac=0.2222 real_p2_eps=0.0165 real_p2_hit=0.0000 real_total=0.0165 discr_adv=0.9839 x0_d_real=0.2826 x0_d_fake=0.2504 g_grad_abs=190.9713 d_grad_abs=68.9352 synth_eps=0.4848 synth_eps_raw=0.4848 synth_x0_hit=1.0000 synth_x0_t=58.0000 synth_x0_ldif=0.0293 synth_x0_gen_adv=-0.2726 synth_x0_lfm=0.0010 synth_total=0.4889 extra_render_attn_share=0.5994
[step 79650] real_p1_mirror_hole_cov=0.0249 real_p1_skipped=1.0000 real_p1_hole_frac=0.5159 real_p2_eps=0.0806 real_p2_hit=0.0000 real_total=0.0806 synth_eps=0.0489 synth_eps_raw=0.0489 synth_x0_hit=0.0000 synth_total=0.0489 extra_render_attn_share=0.5994
[step 79700] real_p1_mirror_hole_cov=0.0562 real_p1_skipped=1.0000 real_p1_hole_frac=0.3367 real_p2_eps=0.1324 real_p2_hit=1.0000 real_p2_t=218.0000 real_p2_ldif=0.0501 real_p2_gen_adv=-0.8719 real_p2_lfm=0.0026 real_total=0.1005 discr_adv=1.9901 x0_d_real=0.9140 x0_d_fake=0.9083 p2_d_real=0.8859 p2_d_fake=0.8719 g_grad_abs=869.0220 d_grad_abs=93.4366 synth_eps=0.0209 synth_eps_raw=0.0209 synth_x0_hit=0.0000 synth_total=0.0209 extra_render_attn_share=0.5994
[step 79750] real_p1_mirror_hole_cov=0.1170 real_p1_skipped=1.0000 real_p1_hole_frac=0.1530 real_p2_eps=0.0019 real_p2_hit=0.0000 real_total=0.0019 synth_eps=0.0066 synth_eps_raw=0.0066 synth_x0_hit=0.0000 synth_total=0.0066 extra_render_attn_share=0.5994
[step 79800] real_p1_mirror_hole_cov=0.1547 real_p1_skipped=1.0000 real_p1_hole_frac=0.5299 real_p2_eps=0.0018 real_p2_hit=0.0000 real_total=0.0018 discr_adv=0.9805 x0_d_real=0.4465 x0_d_fake=0.4076 g_grad_abs=58.1041 d_grad_abs=120.9197 synth_eps=0.0055 synth_eps_raw=0.0055 synth_x0_hit=0.0000 synth_total=0.0055 extra_render_attn_share=0.5994
[step 79850] real_p1_mirror_hole_cov=0.0656 real_p1_skipped=1.0000 real_p1_hole_frac=0.0433 real_p2_eps=0.0471 real_p2_hit=0.0000 real_total=0.0471 discr_adv=0.9210 x0_d_real=0.3734 x0_d_fake=0.2153 g_grad_abs=348.0282 d_grad_abs=457.9486 synth_eps=0.0035 synth_eps_raw=0.0035 synth_x0_hit=0.0000 synth_total=0.0035 extra_render_attn_share=0.5994
[step 79900] real_p1_mirror_hole_cov=0.0846 real_p1_skipped=1.0000 real_p1_hole_frac=0.5266 real_p2_eps=0.0625 real_p2_hit=0.0000 real_total=0.0625 synth_eps=0.0964 synth_eps_raw=0.0964 synth_x0_hit=0.0000 synth_total=0.0964 extra_render_attn_share=0.5994
[step 79950] real_p1_mirror_hole_cov=0.0209 real_p1_skipped=1.0000 real_p1_hole_frac=0.3369 real_p2_eps=0.0140 real_p2_hit=0.0000 real_total=0.0140 synth_eps=0.0801 synth_eps_raw=0.0801 synth_x0_hit=0.0000 synth_total=0.0801 extra_render_attn_share=0.5994
[ckpt] saved /home/xzy/warpgan-diffusiong-inpainting/warpgan-diffusion-inpainting-main/experiments/train_inpainting_diffusion/[20260911-143749]_v18w3_w3d_30k/checkpoints/iteration_0079999.pt
[val step 79999] val_novel_full=0.1195 val_novel_hole=0.1261 val_novel_visible=0.1112
[step 80000] real_p1_mirror_hole_cov=0.0264 real_p1_skipped=1.0000 real_p1_hole_frac=0.0998 real_p2_eps=0.1796 real_p2_hit=1.0000 real_p2_t=63.0000 real_p2_ldif=0.0120 real_p2_gen_adv=-0.0217 real_p2_lfm=0.0002 real_total=0.1898 discr_adv=1.9608 x0_d_real=0.2186 x0_d_fake=0.1595 p2_d_real=0.0409 p2_d_fake=0.0217 g_grad_abs=877.7594 d_grad_abs=151.3067 synth_eps=0.0018 synth_eps_raw=0.0018 synth_x0_hit=0.0000 synth_total=0.0018 extra_render_attn_share=0.5749
[images] real: anchor | cond1 | cond2 | inv_warp_mirror | mask | mask_inv | warp_img | warp_warp_img | x | y_hat | y_hat_novel -> /home/xzy/warpgan-diffusiong-inpainting/warpgan-diffusion-inpainting-main/experiments/train_inpainting_diffusion/[20260911-143749]_v18w3_w3d_30k/logs/images/train/real_step0080000.png
[images] synth: cond | mask | target | warp_img | x | y_hat_novel -> /home/xzy/warpgan-diffusiong-inpainting/warpgan-diffusion-inpainting-main/experiments/train_inpainting_diffusion/[20260911-143749]_v18w3_w3d_30k/logs/images/train/synth_step0080000.png
[step 80050] real_p1_mirror_hole_cov=0.1024 real_p1_skipped=1.0000 real_p1_hole_frac=0.3096 real_p2_eps=0.0358 real_p2_hit=0.0000 real_total=0.0358 synth_eps=0.0082 synth_eps_raw=0.0082 synth_x0_hit=0.0000 synth_total=0.0082 extra_render_attn_share=0.5749
[step 80100] real_p1_mirror_hole_cov=0.0006 real_p1_skipped=1.0000 real_p1_hole_frac=0.0881 real_p2_eps=0.0118 real_p2_hit=0.0000 real_total=0.0118 synth_eps=0.1865 synth_eps_raw=0.1865 synth_x0_hit=1.0000 synth_x0_t=296.0000 synth_x0_ldif=0.1258 synth_x0_gen_adv=-0.8215 synth_x0_lfm=0.0028 synth_total=0.2357 extra_render_attn_share=0.5749
[step 80150] real_p1_mirror_hole_cov=0.2858 real_p1_skipped=1.0000 real_p1_hole_frac=0.2979 real_p2_eps=0.0465 real_p2_hit=0.0000 real_total=0.0465 discr_adv=0.9629 x0_d_real=0.3528 x0_d_fake=0.2786 g_grad_abs=292.5116 d_grad_abs=157.4872 synth_eps=0.0046 synth_eps_raw=0.0046 synth_x0_hit=0.0000 synth_total=0.0046 extra_render_attn_share=0.5749
[step 80200] real_p1_mirror_hole_cov=0.0005 real_p1_skipped=1.0000 real_p1_hole_frac=0.1956 real_p2_eps=0.0038 real_p2_hit=0.0000 real_total=0.0038 synth_eps=0.6167 synth_eps_raw=0.6167 synth_x0_hit=1.0000 synth_x0_t=35.0000 synth_x0_ldif=0.0211 synth_x0_gen_adv=-0.4020 synth_x0_lfm=0.0006 synth_total=0.5987 extra_render_attn_share=0.5749
[step 80250] real_p1_mirror_hole_cov=0.0085 real_p1_skipped=1.0000 real_p1_hole_frac=0.1692 real_p2_eps=0.0028 real_p2_hit=0.0000 real_total=0.0028 synth_eps=0.0145 synth_eps_raw=0.0145 synth_x0_hit=0.0000 synth_total=0.0145 extra_render_attn_share=0.5749
[step 80300] real_p1_mirror_hole_cov=0.0066 real_p1_skipped=1.0000 real_p1_hole_frac=0.3660 real_p2_eps=0.0242 real_p2_hit=0.0000 real_total=0.0242 synth_eps=0.2340 synth_eps_raw=0.2340 synth_x0_hit=1.0000 synth_x0_t=276.0000 synth_x0_ldif=0.1370 synth_x0_gen_adv=-0.0492 synth_x0_lfm=0.0034 synth_total=0.3729 extra_render_attn_share=0.5749
[step 80350] real_p1_mirror_hole_cov=0.1773 real_p1_skipped=1.0000 real_p1_hole_frac=0.3451 real_p2_eps=0.2085 real_p2_hit=1.0000 real_p2_t=128.0000 real_p2_ldif=0.0345 real_p2_gen_adv=-0.4706 real_p2_lfm=0.0006 real_total=0.1972 discr_adv=1.0342 p2_d_real=0.4022 p2_d_fake=0.4706 g_grad_abs=857.2140 d_grad_abs=234.9644 synth_eps=0.2313 synth_eps_raw=0.2313 synth_x0_hit=1.0000 synth_x0_t=168.0000 synth_x0_ldif=0.0571 synth_x0_gen_adv=0.3154 synth_x0_lfm=0.0011 synth_total=0.3222 extra_render_attn_share=0.5749
[step 80400] real_p1_mirror_hole_cov=0.1527 real_p1_skipped=1.0000 real_p1_hole_frac=0.2222 real_p2_eps=0.0088 real_p2_hit=0.0000 real_total=0.0088 discr_adv=0.9435 x0_d_real=0.8571 x0_d_fake=0.7441 g_grad_abs=122.4641 d_grad_abs=552.4001 synth_eps=0.0699 synth_eps_raw=0.0699 synth_x0_hit=0.0000 synth_total=0.0699 extra_render_attn_share=0.5749
[step 80450] real_p1_mirror_hole_cov=0.1926 real_p1_skipped=1.0000 real_p1_hole_frac=0.4291 real_p2_eps=0.2117 real_p2_hit=1.0000 real_p2_t=112.0000 real_p2_ldif=0.0291 real_p2_gen_adv=-0.5396 real_p2_lfm=0.0004 real_total=0.1877 discr_adv=0.9823 p2_d_real=0.5751 p2_d_fake=0.5396 g_grad_abs=1047.7174 d_grad_abs=123.1130 synth_eps=0.0552 synth_eps_raw=0.0552 synth_x0_hit=0.0000 synth_total=0.0552 extra_render_attn_share=0.5749
[step 80500] real_p1_mirror_hole_cov=0.3001 real_p1_skipped=1.0000 real_p1_hole_frac=0.4808 real_p2_eps=0.0119 real_p2_hit=0.0000 real_total=0.0119 synth_eps=0.0018 synth_eps_raw=0.0018 synth_x0_hit=0.0000 synth_total=0.0018 extra_render_attn_share=0.5749
[images] real: anchor | cond1 | cond2 | inv_warp_mirror | mask | mask_inv | warp_img | warp_warp_img | x | y_hat | y_hat_novel -> /home/xzy/warpgan-diffusiong-inpainting/warpgan-diffusion-inpainting-main/experiments/train_inpainting_diffusion/[20260911-143749]_v18w3_w3d_30k/logs/images/train/real_step0080500.png
[images] synth: cond | mask | target | warp_img | x | y_hat_novel -> /home/xzy/warpgan-diffusiong-inpainting/warpgan-diffusion-inpainting-main/experiments/train_inpainting_diffusion/[20260911-143749]_v18w3_w3d_30k/logs/images/train/synth_step0080500.png
[step 80550] real_p1_mirror_hole_cov=0.0853 real_p1_skipped=1.0000 real_p1_hole_frac=0.1149 real_p2_eps=0.0932 real_p2_hit=1.0000 real_p2_t=214.0000 real_p2_ldif=0.0342 real_p2_gen_adv=-0.2203 real_p2_lfm=0.0004 real_total=0.1062 discr_adv=1.0145 p2_d_real=0.1914 p2_d_fake=0.2203 g_grad_abs=871.7189 d_grad_abs=81.8484 synth_eps=0.3638 synth_eps_raw=0.3638 synth_x0_hit=1.0000 synth_x0_t=89.0000 synth_x0_ldif=0.0370 synth_x0_gen_adv=0.6005 synth_x0_lfm=0.0005 synth_total=0.4618 extra_render_attn_share=0.5749
[step 80600] real_p1_mirror_hole_cov=0.2212 real_p1_skipped=1.0000 real_p1_hole_frac=0.5761 real_p2_eps=0.1390 real_p2_hit=1.0000 real_p2_t=202.0000 real_p2_ldif=0.0462 real_p2_gen_adv=0.3882 real_p2_lfm=0.0012 real_total=0.2264 discr_adv=1.9504 x0_d_real=-0.5800 x0_d_fake=-0.6151 p2_d_real=-0.3242 p2_d_fake=-0.3882 g_grad_abs=808.8345 d_grad_abs=244.4827 synth_eps=0.0081 synth_eps_raw=0.0081 synth_x0_hit=0.0000 synth_total=0.0081 extra_render_attn_share=0.5749
[step 80650] real_p1_mirror_hole_cov=0.2024 real_p1_skipped=1.0000 real_p1_hole_frac=0.5368 real_p2_eps=0.0020 real_p2_hit=0.0000 real_total=0.0020 synth_eps=0.2495 synth_eps_raw=0.2495 synth_x0_hit=1.0000 synth_x0_t=236.0000 synth_x0_ldif=0.1086 synth_x0_gen_adv=-0.2440 synth_x0_lfm=0.0014 synth_total=0.3366 extra_render_attn_share=0.5749
[step 80700] real_p1_mirror_hole_cov=0.3122 real_p1_skipped=1.0000 real_p1_hole_frac=0.5586 real_p2_eps=0.0227 real_p2_hit=0.0000 real_total=0.0227 synth_eps=0.0027 synth_eps_raw=0.0027 synth_x0_hit=0.0000 synth_total=0.0027 extra_render_attn_share=0.5749
[step 80750] real_p1_mirror_hole_cov=0.0093 real_p1_skipped=1.0000 real_p1_hole_frac=0.2517 real_p2_eps=0.0148 real_p2_hit=0.0000 real_total=0.0148 discr_adv=0.9744 x0_d_real=0.1623 x0_d_fake=0.1112 g_grad_abs=221.7025 d_grad_abs=157.5210 synth_eps=0.0281 synth_eps_raw=0.0281 synth_x0_hit=0.0000 synth_total=0.0281 extra_render_attn_share=0.5749
[step 80800] real_p1_mirror_hole_cov=0.1115 real_p1_skipped=1.0000 real_p1_hole_frac=0.1964 real_p2_eps=0.0111 real_p2_hit=0.0000 real_total=0.0111 synth_eps=0.0017 synth_eps_raw=0.0017 synth_x0_hit=0.0000 synth_total=0.0017 extra_render_attn_share=0.5749
[step 80850] real_p1_mirror_hole_cov=0.2127 real_p1_skipped=1.0000 real_p1_hole_frac=0.2954 real_p2_eps=0.0039 real_p2_hit=0.0000 real_total=0.0039 discr_adv=0.9460 x0_d_real=0.3272 x0_d_fake=0.2191 g_grad_abs=78.4670 d_grad_abs=228.2591 synth_eps=0.7270 synth_eps_raw=0.7270 synth_x0_hit=1.0000 synth_x0_t=15.0000 synth_x0_ldif=0.0104 synth_x0_gen_adv=-0.1612 synth_x0_lfm=0.0003 synth_total=0.7218 extra_render_attn_share=0.5749
[step 80900] real_p1_mirror_hole_cov=0.0175 real_p1_skipped=1.0000 real_p1_hole_frac=0.2243 real_p2_eps=0.1191 real_p2_hit=1.0000 real_p2_t=155.0000 real_p2_ldif=0.0260 real_p2_gen_adv=-0.2441 real_p2_lfm=0.0004 real_total=0.1216 discr_adv=2.0581 x0_d_real=0.6634 x0_d_fake=0.6890 p2_d_real=0.1535 p2_d_fake=0.2441 g_grad_abs=753.8350 d_grad_abs=285.2143 synth_eps=0.8946 synth_eps_raw=0.8946 synth_x0_hit=1.0000 synth_x0_t=2.0000 synth_x0_ldif=0.0023 synth_x0_gen_adv=-0.2193 synth_x0_lfm=0.0000 synth_total=0.8750 extra_render_attn_share=0.5749
[step 80950] real_p1_mirror_hole_cov=0.2079 real_p1_skipped=1.0000 real_p1_hole_frac=0.2684 real_p2_eps=0.0503 real_p2_hit=0.0000 real_total=0.0503 synth_eps=0.0448 synth_eps_raw=0.0448 synth_x0_hit=0.0000 synth_total=0.0448 extra_render_attn_share=0.5749
[step 81000] real_p1_mirror_hole_cov=0.2619 real_p1_skipped=1.0000 real_p1_hole_frac=0.3475 real_p2_eps=0.1451 real_p2_hit=1.0000 real_p2_t=165.0000 real_p2_ldif=0.0349 real_p2_gen_adv=-0.7907 real_p2_lfm=0.0004 real_total=0.1017 discr_adv=1.9788 x0_d_real=-0.2776 x0_d_fake=-0.3300 p2_d_real=0.7807 p2_d_fake=0.7907 g_grad_abs=781.2475 d_grad_abs=250.5286 synth_eps=0.6227 synth_eps_raw=0.6227 synth_x0_hit=1.0000 synth_x0_t=15.0000 synth_x0_ldif=0.0089 synth_x0_gen_adv=0.0550 synth_x0_lfm=0.0001 synth_total=0.6373 extra_render_attn_share=0.5749
[images] real: anchor | cond1 | cond2 | inv_warp_mirror | mask | mask_inv | warp_img | warp_warp_img | x | y_hat | y_hat_novel -> /home/xzy/warpgan-diffusiong-inpainting/warpgan-diffusion-inpainting-main/experiments/train_inpainting_diffusion/[20260911-143749]_v18w3_w3d_30k/logs/images/train/real_step0081000.png
[images] synth: cond | mask | target | warp_img | x | y_hat_novel -> /home/xzy/warpgan-diffusiong-inpainting/warpgan-diffusion-inpainting-main/experiments/train_inpainting_diffusion/[20260911-143749]_v18w3_w3d_30k/logs/images/train/synth_step0081000.png
[step 81050] real_p1_mirror_hole_cov=0.0136 real_p1_skipped=1.0000 real_p1_hole_frac=0.1857 real_p2_eps=0.0019 real_p2_hit=0.0000 real_total=0.0019 synth_eps=0.0015 synth_eps_raw=0.0015 synth_x0_hit=0.0000 synth_total=0.0015 extra_render_attn_share=0.5749
[step 81100] real_p1_mirror_hole_cov=0.3655 real_p1_skipped=1.0000 real_p1_hole_frac=0.1027 real_p2_eps=0.0535 real_p2_hit=1.0000 real_p2_t=273.0000 real_p2_ldif=0.0306 real_p2_gen_adv=-0.3452 real_p2_lfm=0.0010 real_total=0.0516 discr_adv=1.0313 p2_d_real=0.2825 p2_d_fake=0.3452 g_grad_abs=708.9526 d_grad_abs=78.3057 synth_eps=0.0034 synth_eps_raw=0.0034 synth_x0_hit=0.0000 synth_total=0.0034 extra_render_attn_share=0.5749
[step 81150] real_p1_mirror_hole_cov=0.0803 real_p1_skipped=1.0000 real_p1_hole_frac=0.1279 real_p2_eps=0.0138 real_p2_hit=0.0000 real_total=0.0138 synth_eps=0.2469 synth_eps_raw=0.2469 synth_x0_hit=1.0000 synth_x0_t=195.0000 synth_x0_ldif=0.0774 synth_x0_gen_adv=-0.0063 synth_x0_lfm=0.0017 synth_total=0.3271 extra_render_attn_share=0.5749
[step 81200] real_p1_mirror_hole_cov=0.1854 real_p1_skipped=1.0000 real_p1_hole_frac=0.3907 real_p2_eps=0.0146 real_p2_hit=0.0000 real_total=0.0146 discr_adv=1.0787 x0_d_real=-0.0987 x0_d_fake=0.0587 g_grad_abs=131.1874 d_grad_abs=294.8557 synth_eps=0.0016 synth_eps_raw=0.0016 synth_x0_hit=0.0000 synth_total=0.0016 extra_render_attn_share=0.5749
[step 81250] real_p1_mirror_hole_cov=0.0141 real_p1_skipped=1.0000 real_p1_hole_frac=0.0925 real_p2_eps=0.0309 real_p2_hit=0.0000 real_total=0.0309 discr_adv=0.9965 x0_d_real=0.2352 x0_d_fake=0.2281 g_grad_abs=267.2100 d_grad_abs=49.2944 synth_eps=0.0078 synth_eps_raw=0.0078 synth_x0_hit=0.0000 synth_total=0.0078 extra_render_attn_share=0.5749
[step 81300] real_p1_mirror_hole_cov=0.0980 real_p1_skipped=1.0000 real_p1_hole_frac=0.2288 real_p2_eps=0.2532 real_p2_hit=1.0000 real_p2_t=76.0000 real_p2_ldif=0.0211 real_p2_gen_adv=-0.5130 real_p2_lfm=0.0002 real_total=0.2234 discr_adv=1.9803 x0_d_real=0.2844 x0_d_fake=0.2011 p2_d_real=0.4691 p2_d_fake=0.5130 g_grad_abs=997.9564 d_grad_abs=135.9026 synth_eps=0.0040 synth_eps_raw=0.0040 synth_x0_hit=0.0000 synth_total=0.0040 extra_render_attn_share=0.5749
[step 81350] real_p1_mirror_hole_cov=0.1786 real_p1_skipped=1.0000 real_p1_hole_frac=0.2505 real_p2_eps=0.1459 real_p2_hit=1.0000 real_p2_t=150.0000 real_p2_ldif=0.0304 real_p2_gen_adv=0.3783 real_p2_lfm=0.0010 real_total=0.2160 discr_adv=2.0473 x0_d_real=0.0474 x0_d_fake=0.0339 p2_d_real=-0.4863 p2_d_fake=-0.3783 g_grad_abs=951.0296 d_grad_abs=372.0831 synth_eps=0.0294 synth_eps_raw=0.0294 synth_x0_hit=0.0000 synth_total=0.0294 extra_render_attn_share=0.5749
[step 81400] real_p1_mirror_hole_cov=0.0155 real_p1_skipped=1.0000 real_p1_hole_frac=0.1303 real_p2_eps=0.1244 real_p2_hit=1.0000 real_p2_t=100.0000 real_p2_ldif=0.0147 real_p2_gen_adv=0.0131 real_p2_lfm=0.0002 real_total=0.1408 discr_adv=1.0021 p2_d_real=-0.0174 p2_d_fake=-0.0131 g_grad_abs=856.1783 d_grad_abs=43.8884 synth_eps=0.1927 synth_eps_raw=0.1927 synth_x0_hit=1.0000 synth_x0_t=292.0000 synth_x0_ldif=0.1264 synth_x0_gen_adv=-0.1286 synth_x0_lfm=0.0011 synth_total=0.3084 extra_render_attn_share=0.5749
[step 81450] real_p1_mirror_hole_cov=0.0005 real_p1_skipped=1.0000 real_p1_hole_frac=0.2472 real_p2_eps=0.1249 real_p2_hit=1.0000 real_p2_t=229.0000 real_p2_ldif=0.0515 real_p2_gen_adv=-0.6400 real_p2_lfm=0.0003 real_total=0.1131 discr_adv=2.1121 x0_d_real=-0.6149 x0_d_fake=-0.4054 p2_d_real=0.6252 p2_d_fake=0.6400 g_grad_abs=989.3951 d_grad_abs=586.1502 synth_eps=0.0291 synth_eps_raw=0.0291 synth_x0_hit=0.0000 synth_total=0.0291 extra_render_attn_share=0.5749
[step 81500] real_p1_mirror_hole_cov=0.3792 real_p1_skipped=1.0000 real_p1_hole_frac=0.1034 real_p2_eps=0.0275 real_p2_hit=0.0000 real_total=0.0275 synth_eps=0.3797 synth_eps_raw=0.3797 synth_x0_hit=1.0000 synth_x0_t=125.0000 synth_x0_ldif=0.0607 synth_x0_gen_adv=0.1123 synth_x0_lfm=0.0007 synth_total=0.4531 extra_render_attn_share=0.5749
[images] real: anchor | cond1 | cond2 | inv_warp_mirror | mask | mask_inv | warp_img | warp_warp_img | x | y_hat | y_hat_novel -> /home/xzy/warpgan-diffusiong-inpainting/warpgan-diffusion-inpainting-main/experiments/train_inpainting_diffusion/[20260911-143749]_v18w3_w3d_30k/logs/images/train/real_step0081500.png
[images] synth: cond | mask | target | warp_img | x | y_hat_novel -> /home/xzy/warpgan-diffusiong-inpainting/warpgan-diffusion-inpainting-main/experiments/train_inpainting_diffusion/[20260911-143749]_v18w3_w3d_30k/logs/images/train/synth_step0081500.png
[step 81550] real_p1_mirror_hole_cov=0.0085 real_p1_skipped=1.0000 real_p1_hole_frac=0.3286 real_p2_eps=0.0312 real_p2_hit=0.0000 real_total=0.0312 synth_eps=0.5502 synth_eps_raw=0.5502 synth_x0_hit=1.0000 synth_x0_t=30.0000 synth_x0_ldif=0.0160 synth_x0_gen_adv=0.2967 synth_x0_lfm=0.0002 synth_total=0.5962 extra_render_attn_share=0.5749
[step 81600] real_p1_mirror_hole_cov=0.0362 real_p1_skipped=1.0000 real_p1_hole_frac=0.2404 real_p2_eps=0.0147 real_p2_hit=0.0000 real_total=0.0147 discr_adv=0.9931 x0_d_real=0.8812 x0_d_fake=0.8661 g_grad_abs=150.4553 d_grad_abs=103.6975 synth_eps=0.0034 synth_eps_raw=0.0034 synth_x0_hit=0.0000 synth_total=0.0034 extra_render_attn_share=0.5749
[step 81650] real_p1_mirror_hole_cov=0.2383 real_p1_skipped=1.0000 real_p1_hole_frac=0.0062 real_p2_eps=0.0984 real_p2_hit=1.0000 real_p2_t=71.0000 real_p2_ldif=0.0076 real_p2_gen_adv=0.9170 real_p2_lfm=0.0003 real_total=0.1982 discr_adv=1.0119 p2_d_real=-0.9177 p2_d_fake=-0.9170 g_grad_abs=1109.3891 d_grad_abs=60.8442 synth_eps=0.0299 synth_eps_raw=0.0299 synth_x0_hit=0.0000 synth_total=0.0299 extra_render_attn_share=0.5749
[step 81700] real_p1_mirror_hole_cov=0.2432 real_p1_skipped=1.0000 real_p1_hole_frac=0.2847 real_p2_eps=0.0224 real_p2_hit=0.0000 real_total=0.0224 synth_eps=0.0362 synth_eps_raw=0.0362 synth_x0_hit=0.0000 synth_total=0.0362 extra_render_attn_share=0.5749
[step 81750] real_p1_mirror_hole_cov=0.0134 real_p1_skipped=1.0000 real_p1_hole_frac=0.2739 real_p2_eps=0.1295 real_p2_hit=1.0000 real_p2_t=134.0000 real_p2_ldif=0.0229 real_p2_gen_adv=0.7171 real_p2_lfm=0.0002 real_total=0.2244 discr_adv=1.9983 x0_d_real=-0.6983 x0_d_fake=-0.7014 p2_d_real=-0.7169 p2_d_fake=-0.7171 g_grad_abs=687.9074 d_grad_abs=14.2993 synth_eps=0.0032 synth_eps_raw=0.0032 synth_x0_hit=0.0000 synth_total=0.0032 extra_render_attn_share=0.5749
[step 81800] real_p1_mirror_hole_cov=0.2177 real_p1_skipped=1.0000 real_p1_hole_frac=0.5185 real_p2_eps=0.0012 real_p2_hit=0.0000 real_total=0.0012 synth_eps=0.6207 synth_eps_raw=0.6207 synth_x0_hit=1.0000 synth_x0_t=21.0000 synth_x0_ldif=0.0125 synth_x0_gen_adv=0.7116 synth_x0_lfm=0.0001 synth_total=0.7044 extra_render_attn_share=0.5749
[step 81850] real_p1_mirror_hole_cov=0.0543 real_p1_skipped=1.0000 real_p1_hole_frac=0.1361 real_p2_eps=0.0016 real_p2_hit=0.0000 real_total=0.0016 discr_adv=0.9993 x0_d_real=-0.7044 x0_d_fake=-0.7058 g_grad_abs=19.9905 d_grad_abs=8.5620 synth_eps=0.0564 synth_eps_raw=0.0564 synth_x0_hit=0.0000 synth_total=0.0564 extra_render_attn_share=0.5749
[step 81900] real_p1_mirror_hole_cov=0.0274 real_p1_skipped=1.0000 real_p1_hole_frac=0.4651 real_p2_eps=0.0059 real_p2_hit=0.0000 real_total=0.0059 synth_eps=0.3517 synth_eps_raw=0.3517 synth_x0_hit=1.0000 synth_x0_t=138.0000 synth_x0_ldif=0.0647 synth_x0_gen_adv=0.6810 synth_x0_lfm=0.0010 synth_total=0.4865 extra_render_attn_share=0.5749
[step 81950] real_p1_mirror_hole_cov=0.3695 real_p1_skipped=1.0000 real_p1_hole_frac=0.2006 real_p2_eps=0.0007 real_p2_hit=0.0000 real_total=0.0007 discr_adv=0.9997 x0_d_real=-0.6900 x0_d_fake=-0.6907 g_grad_abs=23.8471 d_grad_abs=3.4478 synth_eps=0.0037 synth_eps_raw=0.0037 synth_x0_hit=0.0000 synth_total=0.0037 extra_render_attn_share=0.5749
[val step 81999] val_novel_full=0.0735 val_novel_hole=0.1032 val_novel_visible=0.0662
[step 82000] real_p1_mirror_hole_cov=0.0315 real_p1_skipped=1.0000 real_p1_hole_frac=0.1048 real_p2_eps=0.0094 real_p2_hit=0.0000 real_total=0.0094 synth_eps=0.0189 synth_eps_raw=0.0189 synth_x0_hit=0.0000 synth_total=0.0189 extra_render_attn_share=0.6101
[images] real: anchor | cond1 | cond2 | inv_warp_mirror | mask | mask_inv | warp_img | warp_warp_img | x | y_hat | y_hat_novel -> /home/xzy/warpgan-diffusiong-inpainting/warpgan-diffusion-inpainting-main/experiments/train_inpainting_diffusion/[20260911-143749]_v18w3_w3d_30k/logs/images/train/real_step0082000.png
[images] synth: cond | mask | target | warp_img | x | y_hat_novel -> /home/xzy/warpgan-diffusiong-inpainting/warpgan-diffusion-inpainting-main/experiments/train_inpainting_diffusion/[20260911-143749]_v18w3_w3d_30k/logs/images/train/synth_step0082000.png
[step 82050] real_p1_mirror_hole_cov=0.1712 real_p1_skipped=1.0000 real_p1_hole_frac=0.4009 real_p2_eps=0.2606 real_p2_hit=1.0000 real_p2_t=74.0000 real_p2_ldif=0.0211 real_p2_gen_adv=0.5899 real_p2_lfm=0.0001 real_total=0.3408 discr_adv=1.9877 x0_d_real=-0.5830 x0_d_fake=-0.6056 p2_d_real=-0.5879 p2_d_fake=-0.5899 g_grad_abs=889.6473 d_grad_abs=254.1766 synth_eps=0.0307 synth_eps_raw=0.0307 synth_x0_hit=0.0000 synth_total=0.0307 extra_render_attn_share=0.6101
[step 82100] real_p1_mirror_hole_cov=0.2376 real_p1_skipped=1.0000 real_p1_hole_frac=0.5780 real_p2_eps=0.1083 real_p2_hit=1.0000 real_p2_t=290.0000 real_p2_ldif=0.0700 real_p2_gen_adv=0.4685 real_p2_lfm=0.0008 real_total=0.2268 discr_adv=1.9899 x0_d_real=-0.4956 x0_d_fake=-0.5026 p2_d_real=-0.4553 p2_d_fake=-0.4685 g_grad_abs=763.3664 d_grad_abs=83.9469 synth_eps=0.0134 synth_eps_raw=0.0134 synth_x0_hit=0.0000 synth_total=0.0134 extra_render_attn_share=0.6101
[step 82150] real_p1_mirror_hole_cov=0.1879 real_p1_skipped=1.0000 real_p1_hole_frac=0.5073 real_p2_eps=0.0808 real_p2_hit=0.0000 real_total=0.0808 discr_adv=0.9854 x0_d_real=-0.5666 x0_d_fake=-0.5958 g_grad_abs=450.5707 d_grad_abs=265.6259 synth_eps=0.6059 synth_eps_raw=0.6059 synth_x0_hit=1.0000 synth_x0_t=27.0000 synth_x0_ldif=0.0164 synth_x0_gen_adv=0.5368 synth_x0_lfm=0.0001 synth_total=0.6762 extra_render_attn_share=0.6101
[step 82200] real_p1_mirror_hole_cov=0.0376 real_p1_skipped=1.0000 real_p1_hole_frac=0.1700 real_p2_eps=0.0232 real_p2_hit=0.0000 real_total=0.0232 discr_adv=0.9833 x0_d_real=-0.7565 x0_d_fake=-0.7899 g_grad_abs=214.6272 d_grad_abs=308.7671 synth_eps=0.0243 synth_eps_raw=0.0243 synth_x0_hit=0.0000 synth_total=0.0243 extra_render_attn_share=0.6101
[step 82250] real_p1_mirror_hole_cov=0.0020 real_p1_skipped=1.0000 real_p1_hole_frac=0.2073 real_p2_eps=0.0814 real_p2_hit=1.0000 real_p2_t=260.0000 real_p2_ldif=0.0424 real_p2_gen_adv=0.7620 real_p2_lfm=0.0006 real_total=0.2013 discr_adv=0.9996 p2_d_real=-0.7612 p2_d_fake=-0.7620 g_grad_abs=702.8939 d_grad_abs=15.6578 synth_eps=0.0061 synth_eps_raw=0.0061 synth_x0_hit=0.0000 synth_total=0.0061 extra_render_attn_share=0.6101
[step 82300] real_p1_mirror_hole_cov=0.0047 real_p1_skipped=1.0000 real_p1_hole_frac=0.1874 real_p2_eps=0.1913 real_p2_hit=1.0000 real_p2_t=75.0000 real_p2_ldif=0.0157 real_p2_gen_adv=0.6947 real_p2_lfm=0.0003 real_total=0.2772 discr_adv=0.9951 p2_d_real=-0.6849 p2_d_fake=-0.6947 g_grad_abs=899.5394 d_grad_abs=61.8340 synth_eps=0.0668 synth_eps_raw=0.0668 synth_x0_hit=0.0000 synth_total=0.0668 extra_render_attn_share=0.6101
[step 82350] real_p1_mirror_hole_cov=0.1345 real_p1_skipped=1.0000 real_p1_hole_frac=0.1709 real_p2_eps=0.0111 real_p2_hit=0.0000 real_total=0.0111 synth_eps=0.0167 synth_eps_raw=0.0167 synth_x0_hit=0.0000 synth_total=0.0167 extra_render_attn_share=0.6101
[step 82400] real_p1_mirror_hole_cov=0.0606 real_p1_skipped=1.0000 real_p1_hole_frac=0.3175 real_p2_eps=0.1045 real_p2_hit=1.0000 real_p2_t=245.0000 real_p2_ldif=0.0487 real_p2_gen_adv=0.4655 real_p2_lfm=0.0005 real_total=0.2008 discr_adv=0.9827 p2_d_real=-0.4309 p2_d_fake=-0.4655 g_grad_abs=813.7519 d_grad_abs=128.0079 synth_eps=0.0770 synth_eps_raw=0.0770 synth_x0_hit=0.0000 synth_total=0.0770 extra_render_attn_share=0.6101
[step 82450] real_p1_mirror_hole_cov=0.0044 real_p1_skipped=1.0000 real_p1_hole_frac=0.2496 real_p2_eps=0.1120 real_p2_hit=1.0000 real_p2_t=205.0000 real_p2_ldif=0.0381 real_p2_gen_adv=-0.3038 real_p2_lfm=0.0003 real_total=0.1203 discr_adv=0.9857 p2_d_real=0.3332 p2_d_fake=0.3038 g_grad_abs=718.8682 d_grad_abs=187.8765 synth_eps=0.0016 synth_eps_raw=0.0016 synth_x0_hit=0.0000 synth_total=0.0016 extra_render_attn_share=0.6101
[step 82500] real_p1_mirror_hole_cov=0.1174 real_p1_skipped=1.0000 real_p1_hole_frac=0.2533 real_p2_eps=0.1907 real_p2_hit=1.0000 real_p2_t=62.0000 real_p2_ldif=0.0125 real_p2_gen_adv=0.0899 real_p2_lfm=0.0001 real_total=0.2124 discr_adv=0.9936 p2_d_real=-0.0772 p2_d_fake=-0.0899 g_grad_abs=828.4542 d_grad_abs=38.8872 synth_eps=0.0836 synth_eps_raw=0.0836 synth_x0_hit=0.0000 synth_total=0.0836 extra_render_attn_share=0.6101
[images] real: anchor | cond1 | cond2 | inv_warp_mirror | mask | mask_inv | warp_img | warp_warp_img | x | y_hat | y_hat_novel -> /home/xzy/warpgan-diffusiong-inpainting/warpgan-diffusion-inpainting-main/experiments/train_inpainting_diffusion/[20260911-143749]_v18w3_w3d_30k/logs/images/train/real_step0082500.png
[images] synth: cond | mask | target | warp_img | x | y_hat_novel -> /home/xzy/warpgan-diffusiong-inpainting/warpgan-diffusion-inpainting-main/experiments/train_inpainting_diffusion/[20260911-143749]_v18w3_w3d_30k/logs/images/train/synth_step0082500.png
[step 82550] real_p1_mirror_hole_cov=0.0260 real_p1_skipped=1.0000 real_p1_hole_frac=0.0884 real_p2_eps=0.0023 real_p2_hit=0.0000 real_total=0.0023 synth_eps=0.1649 synth_eps_raw=0.1649 synth_x0_hit=0.0000 synth_total=0.1649 extra_render_attn_share=0.6101
[step 82600] real_p1_mirror_hole_cov=0.0273 real_p1_skipped=1.0000 real_p1_hole_frac=0.1466 real_p2_eps=0.0006 real_p2_hit=0.0000 real_total=0.0006 discr_adv=0.9862 x0_d_real=-0.8488 x0_d_fake=-0.8773 g_grad_abs=21.1443 d_grad_abs=185.2119 synth_eps=0.3856 synth_eps_raw=0.3856 synth_x0_hit=1.0000 synth_x0_t=117.0000 synth_x0_ldif=0.0563 synth_x0_gen_adv=0.8674 synth_x0_lfm=0.0053 synth_total=0.5393 extra_render_attn_share=0.6101
[step 82650] real_p1_mirror_hole_cov=0.1342 real_p1_skipped=1.0000 real_p1_hole_frac=0.3921 real_p2_eps=0.0213 real_p2_hit=0.0000 real_total=0.0213 synth_eps=0.0543 synth_eps_raw=0.0543 synth_x0_hit=0.0000 synth_total=0.0543 extra_render_attn_share=0.6101
[step 82700] real_p1_mirror_hole_cov=0.0073 real_p1_skipped=1.0000 real_p1_hole_frac=0.1978 real_p2_eps=0.1905 real_p2_hit=1.0000 real_p2_t=90.0000 real_p2_ldif=0.0197 real_p2_gen_adv=0.1234 real_p2_lfm=0.0004 real_total=0.2233 discr_adv=1.0044 p2_d_real=-0.1319 p2_d_fake=-0.1234 g_grad_abs=781.2437 d_grad_abs=62.8595 synth_eps=0.0065 synth_eps_raw=0.0065 synth_x0_hit=0.0000 synth_total=0.0065 extra_render_attn_share=0.6101
[step 82750] real_p1_mirror_hole_cov=0.0696 real_p1_skipped=1.0000 real_p1_hole_frac=0.0411 real_p2_eps=0.0004 real_p2_hit=0.0000 real_total=0.0004 synth_eps=0.1735 synth_eps_raw=0.1735 synth_x0_hit=1.0000 synth_x0_t=298.0000 synth_x0_ldif=0.1187 synth_x0_gen_adv=-0.5421 synth_x0_lfm=0.0019 synth_total=0.2417 extra_render_attn_share=0.6101
[step 82800] real_p1_mirror_hole_cov=0.3080 real_p1_skipped=1.0000 real_p1_hole_frac=0.3870 real_p2_eps=0.0342 real_p2_hit=0.0000 real_total=0.0342 discr_adv=1.0846 x0_d_real=-0.2558 x0_d_fake=-0.0866 g_grad_abs=239.7784 d_grad_abs=918.5519 synth_eps=0.0653 synth_eps_raw=0.0653 synth_x0_hit=0.0000 synth_total=0.0653 extra_render_attn_share=0.6101
[step 82850] real_p1_mirror_hole_cov=0.1189 real_p1_skipped=1.0000 real_p1_hole_frac=0.0244 real_p2_eps=0.0055 real_p2_hit=0.0000 real_total=0.0055 synth_eps=0.1957 synth_eps_raw=0.1957 synth_x0_hit=1.0000 synth_x0_t=287.0000 synth_x0_ldif=0.1239 synth_x0_gen_adv=0.4032 synth_x0_lfm=0.0037 synth_total=0.3673 extra_render_attn_share=0.6101
[step 82900] real_p1_mirror_hole_cov=0.2127 real_p1_skipped=1.0000 real_p1_hole_frac=0.6607 real_p2_eps=0.1821 real_p2_hit=1.0000 real_p2_t=116.0000 real_p2_ldif=0.0263 real_p2_gen_adv=0.3021 real_p2_lfm=0.0007 real_total=0.2401 discr_adv=1.9794 x0_d_real=-0.1727 x0_d_fake=-0.1938 p2_d_real=-0.2821 p2_d_fake=-0.3021 g_grad_abs=717.7649 d_grad_abs=87.4481 synth_eps=0.0016 synth_eps_raw=0.0016 synth_x0_hit=0.0000 synth_total=0.0016 extra_render_attn_share=0.6101
[step 82950] real_p1_mirror_hole_cov=0.1184 real_p1_skipped=1.0000 real_p1_hole_frac=0.3063 real_p2_eps=0.2692 real_p2_hit=1.0000 real_p2_t=73.0000 real_p2_ldif=0.0214 real_p2_gen_adv=-0.2200 real_p2_lfm=0.0003 real_total=0.2693 discr_adv=1.8934 x0_d_real=0.0067 x0_d_fake=-0.1840 p2_d_real=0.2424 p2_d_fake=0.2200 g_grad_abs=924.5788 d_grad_abs=527.8933 synth_eps=0.1424 synth_eps_raw=0.1424 synth_x0_hit=0.0000 synth_total=0.1424 extra_render_attn_share=0.6101
[step 83000] real_p1_mirror_hole_cov=0.2048 real_p1_skipped=1.0000 real_p1_hole_frac=0.6253 real_p2_eps=0.0214 real_p2_hit=0.0000 real_total=0.0214 discr_adv=1.0047 x0_d_real=0.7766 x0_d_fake=0.7842 g_grad_abs=227.7098 d_grad_abs=113.5948 synth_eps=0.4179 synth_eps_raw=0.4179 synth_x0_hit=1.0000 synth_x0_t=49.0000 synth_x0_ldif=0.0208 synth_x0_gen_adv=-0.6506 synth_x0_lfm=0.0007 synth_total=0.3750 extra_render_attn_share=0.6101
[images] real: anchor | cond1 | cond2 | inv_warp_mirror | mask | mask_inv | warp_img | warp_warp_img | x | y_hat | y_hat_novel -> /home/xzy/warpgan-diffusiong-inpainting/warpgan-diffusion-inpainting-main/experiments/train_inpainting_diffusion/[20260911-143749]_v18w3_w3d_30k/logs/images/train/real_step0083000.png
[images] synth: cond | mask | target | warp_img | x | y_hat_novel -> /home/xzy/warpgan-diffusiong-inpainting/warpgan-diffusion-inpainting-main/experiments/train_inpainting_diffusion/[20260911-143749]_v18w3_w3d_30k/logs/images/train/synth_step0083000.png
[step 83050] real_p1_mirror_hole_cov=0.0072 real_p1_skipped=1.0000 real_p1_hole_frac=0.2197 real_p2_eps=0.0360 real_p2_hit=0.0000 real_total=0.0360 synth_eps=0.0032 synth_eps_raw=0.0032 synth_x0_hit=0.0000 synth_total=0.0032 extra_render_attn_share=0.6101
[step 83100] real_p1_mirror_hole_cov=0.0252 real_p1_skipped=1.0000 real_p1_hole_frac=0.1102 real_p2_eps=0.0310 real_p2_hit=0.0000 real_total=0.0310 synth_eps=0.0033 synth_eps_raw=0.0033 synth_x0_hit=0.0000 synth_total=0.0033 extra_render_attn_share=0.6101
[step 83150] real_p1_mirror_hole_cov=0.0187 real_p1_skipped=1.0000 real_p1_hole_frac=0.2121 real_p2_eps=0.0340 real_p2_hit=0.0000 real_total=0.0340 synth_eps=0.3357 synth_eps_raw=0.3357 synth_x0_hit=1.0000 synth_x0_t=135.0000 synth_x0_ldif=0.0599 synth_x0_gen_adv=-0.3401 synth_x0_lfm=0.0015 synth_total=0.3647 extra_render_attn_share=0.6101
[step 83200] real_p1_mirror_hole_cov=0.1322 real_p1_skipped=1.0000 real_p1_hole_frac=0.1591 real_p2_eps=0.1113 real_p2_hit=1.0000 real_p2_t=210.0000 real_p2_ldif=0.0395 real_p2_gen_adv=-0.5199 real_p2_lfm=0.0009 real_total=0.1006 discr_adv=1.0322 p2_d_real=0.4556 p2_d_fake=0.5199 g_grad_abs=837.8096 d_grad_abs=352.1747 synth_eps=0.3160 synth_eps_raw=0.3160 synth_x0_hit=1.0000 synth_x0_t=129.0000 synth_x0_ldif=0.0528 synth_x0_gen_adv=0.0608 synth_x0_lfm=0.0007 synth_total=0.3763 extra_render_attn_share=0.6101
[step 83250] real_p1_mirror_hole_cov=0.1679 real_p1_skipped=1.0000 real_p1_hole_frac=0.3923 real_p2_eps=0.2293 real_p2_hit=1.0000 real_p2_t=93.0000 real_p2_ldif=0.0247 real_p2_gen_adv=-0.5853 real_p2_lfm=0.0003 real_total=0.1961 discr_adv=0.9952 p2_d_real=0.5948 p2_d_fake=0.5853 g_grad_abs=791.8678 d_grad_abs=83.0693 synth_eps=0.0477 synth_eps_raw=0.0477 synth_x0_hit=0.0000 synth_total=0.0477 extra_render_attn_share=0.6101
[step 83300] real_p1_mirror_hole_cov=0.1999 real_p1_skipped=1.0000 real_p1_hole_frac=0.2632 real_p2_eps=0.0395 real_p2_hit=0.0000 real_total=0.0395 discr_adv=0.9518 x0_d_real=-0.2420 x0_d_fake=-0.3385 g_grad_abs=294.4604 d_grad_abs=231.6853 synth_eps=0.0125 synth_eps_raw=0.0125 synth_x0_hit=0.0000 synth_total=0.0125 extra_render_attn_share=0.6101
[step 83350] real_p1_mirror_hole_cov=0.0453 real_p1_skipped=1.0000 real_p1_hole_frac=0.1741 real_p2_eps=0.0287 real_p2_hit=0.0000 real_total=0.0287 synth_eps=0.0255 synth_eps_raw=0.0255 synth_x0_hit=0.0000 synth_total=0.0255 extra_render_attn_share=0.6101
[step 83400] real_p1_mirror_hole_cov=0.0032 real_p1_skipped=1.0000 real_p1_hole_frac=0.2708 real_p2_eps=0.0493 real_p2_hit=0.0000 real_total=0.0493 synth_eps=0.0203 synth_eps_raw=0.0203 synth_x0_hit=0.0000 synth_total=0.0203 extra_render_attn_share=0.6101
[step 83450] real_p1_mirror_hole_cov=0.0434 real_p1_skipped=1.0000 real_p1_hole_frac=0.2826 real_p2_eps=0.0641 real_p2_hit=0.0000 real_total=0.0641 synth_eps=0.2397 synth_eps_raw=0.2397 synth_x0_hit=1.0000 synth_x0_t=202.0000 synth_x0_ldif=0.0796 synth_x0_gen_adv=-0.0991 synth_x0_lfm=0.0015 synth_total=0.3125 extra_render_attn_share=0.6101
[step 83500] real_p1_mirror_hole_cov=0.1531 real_p1_skipped=1.0000 real_p1_hole_frac=0.5796 real_p2_eps=0.0288 real_p2_hit=0.0000 real_total=0.0288 discr_adv=0.9597 x0_d_real=-0.3770 x0_d_fake=-0.4577 g_grad_abs=205.1535 d_grad_abs=374.3086 synth_eps=0.5109 synth_eps_raw=0.5109 synth_x0_hit=1.0000 synth_x0_t=50.0000 synth_x0_ldif=0.0260 synth_x0_gen_adv=-0.2841 synth_x0_lfm=0.0008 synth_total=0.5101 extra_render_attn_share=0.6101
[images] real: anchor | cond1 | cond2 | inv_warp_mirror | mask | mask_inv | warp_img | warp_warp_img | x | y_hat | y_hat_novel -> /home/xzy/warpgan-diffusiong-inpainting/warpgan-diffusion-inpainting-main/experiments/train_inpainting_diffusion/[20260911-143749]_v18w3_w3d_30k/logs/images/train/real_step0083500.png
[images] synth: cond | mask | target | warp_img | x | y_hat_novel -> /home/xzy/warpgan-diffusiong-inpainting/warpgan-diffusion-inpainting-main/experiments/train_inpainting_diffusion/[20260911-143749]_v18w3_w3d_30k/logs/images/train/synth_step0083500.png
[step 83550] real_p1_mirror_hole_cov=0.1548 real_p1_skipped=1.0000 real_p1_hole_frac=0.1621 real_p2_eps=0.0220 real_p2_hit=0.0000 real_total=0.0220 synth_eps=0.1894 synth_eps_raw=0.1894 synth_x0_hit=1.0000 synth_x0_t=286.0000 synth_x0_ldif=0.1190 synth_x0_gen_adv=-0.6237 synth_x0_lfm=0.0015 synth_total=0.2491 extra_render_attn_share=0.6101
[step 83600] real_p1_mirror_hole_cov=0.0350 real_p1_skipped=1.0000 real_p1_hole_frac=0.2192 real_p2_eps=0.0235 real_p2_hit=0.0000 real_total=0.0235 synth_eps=0.0074 synth_eps_raw=0.0074 synth_x0_hit=0.0000 synth_total=0.0074 extra_render_attn_share=0.6101
[step 83650] real_p1_mirror_hole_cov=0.0864 real_p1_skipped=1.0000 real_p1_hole_frac=0.3904 real_p2_eps=0.0088 real_p2_hit=0.0000 real_total=0.0088 synth_eps=0.3904 synth_eps_raw=0.3904 synth_x0_hit=1.0000 synth_x0_t=100.0000 synth_x0_ldif=0.0462 synth_x0_gen_adv=0.0304 synth_x0_lfm=0.0020 synth_total=0.4437 extra_render_attn_share=0.6101
[step 83700] real_p1_mirror_hole_cov=0.2614 real_p1_skipped=1.0000 real_p1_hole_frac=0.1049 real_p2_eps=0.0015 real_p2_hit=0.0000 real_total=0.0015 discr_adv=0.9288 x0_d_real=0.3166 x0_d_fake=0.1742 g_grad_abs=45.4780 d_grad_abs=466.8348 synth_eps=0.0030 synth_eps_raw=0.0030 synth_x0_hit=0.0000 synth_total=0.0030 extra_render_attn_share=0.6101
[step 83750] real_p1_mirror_hole_cov=0.0040 real_p1_skipped=1.0000 real_p1_hole_frac=0.2929 real_p2_eps=0.0287 real_p2_hit=0.0000 real_total=0.0287 synth_eps=0.0197 synth_eps_raw=0.0197 synth_x0_hit=0.0000 synth_total=0.0197 extra_render_attn_share=0.6101
[step 83800] real_p1_mirror_hole_cov=0.2241 real_p1_skipped=1.0000 real_p1_hole_frac=0.4640 real_p2_eps=0.2738 real_p2_hit=1.0000 real_p2_t=53.0000 real_p2_ldif=0.0149 real_p2_gen_adv=0.3154 real_p2_lfm=0.0003 real_total=0.3209 discr_adv=2.0021 x0_d_real=0.3032 x0_d_fake=0.2631 p2_d_real=-0.3598 p2_d_fake=-0.3154 g_grad_abs=918.3790 d_grad_abs=211.1542 synth_eps=0.2248 synth_eps_raw=0.2248 synth_x0_hit=1.0000 synth_x0_t=294.0000 synth_x0_ldif=0.1495 synth_x0_gen_adv=-0.5998 synth_x0_lfm=0.0021 synth_total=0.3185 extra_render_attn_share=0.6101
[step 83850] real_p1_mirror_hole_cov=0.0135 real_p1_skipped=1.0000 real_p1_hole_frac=0.0646 real_p2_eps=0.0026 real_p2_hit=0.0000 real_total=0.0026 synth_eps=0.2833 synth_eps_raw=0.2833 synth_x0_hit=1.0000 synth_x0_t=185.0000 synth_x0_ldif=0.0815 synth_x0_gen_adv=-0.0726 synth_x0_lfm=0.0031 synth_total=0.3638 extra_render_attn_share=0.6101
[step 83900] real_p1_mirror_hole_cov=0.0181 real_p1_skipped=1.0000 real_p1_hole_frac=0.1768 real_p2_eps=0.0018 real_p2_hit=0.0000 real_total=0.0018 synth_eps=0.0017 synth_eps_raw=0.0017 synth_x0_hit=0.0000 synth_total=0.0017 extra_render_attn_share=0.6101
[step 83950] real_p1_mirror_hole_cov=0.0146 real_p1_skipped=1.0000 real_p1_hole_frac=0.2219 real_p2_eps=0.0254 real_p2_hit=0.0000 real_total=0.0254 discr_adv=0.9163 x0_d_real=-0.3901 x0_d_fake=-0.5575 g_grad_abs=299.3425 d_grad_abs=1055.0687 synth_eps=0.2778 synth_eps_raw=0.2778 synth_x0_hit=1.0000 synth_x0_t=186.0000 synth_x0_ldif=0.0806 synth_x0_gen_adv=-0.8429 synth_x0_lfm=0.0010 synth_total=0.2761 extra_render_attn_share=0.6101
[val step 83999] val_novel_full=0.0690 val_novel_hole=0.1033 val_novel_visible=0.0606
[step 84000] real_p1_mirror_hole_cov=0.1005 real_p1_skipped=1.0000 real_p1_hole_frac=0.5987 real_p2_eps=0.1349 real_p2_hit=1.0000 real_p2_t=186.0000 real_p2_ldif=0.0392 real_p2_gen_adv=-0.4226 real_p2_lfm=0.0006 real_total=0.1331 discr_adv=1.8945 x0_d_real=-0.0168 x0_d_fake=-0.2063 p2_d_real=0.4440 p2_d_fake=0.4226 g_grad_abs=696.1573 d_grad_abs=491.6199 synth_eps=0.1225 synth_eps_raw=0.1225 synth_x0_hit=0.0000 synth_total=0.1225 extra_render_attn_share=0.6101
[images] real: anchor | cond1 | cond2 | inv_warp_mirror | mask | mask_inv | warp_img | warp_warp_img | x | y_hat | y_hat_novel -> /home/xzy/warpgan-diffusiong-inpainting/warpgan-diffusion-inpainting-main/experiments/train_inpainting_diffusion/[20260911-143749]_v18w3_w3d_30k/logs/images/train/real_step0084000.png
[images] synth: cond | mask | target | warp_img | x | y_hat_novel -> /home/xzy/warpgan-diffusiong-inpainting/warpgan-diffusion-inpainting-main/experiments/train_inpainting_diffusion/[20260911-143749]_v18w3_w3d_30k/logs/images/train/synth_step0084000.png
[step 84050] real_p1_mirror_hole_cov=0.3261 real_p1_skipped=1.0000 real_p1_hole_frac=0.3073 real_p2_eps=0.0250 real_p2_hit=0.0000 real_total=0.0250 synth_eps=0.1954 synth_eps_raw=0.1954 synth_x0_hit=1.0000 synth_x0_t=265.0000 synth_x0_ldif=0.1056 synth_x0_gen_adv=0.2470 synth_x0_lfm=0.0046 synth_total=0.3348 extra_render_attn_share=0.6101
[step 84100] real_p1_mirror_hole_cov=0.2475 real_p1_skipped=1.0000 real_p1_hole_frac=0.1530 real_p2_eps=0.0787 real_p2_hit=1.0000 real_p2_t=258.0000 real_p2_ldif=0.0404 real_p2_gen_adv=0.4652 real_p2_lfm=0.0006 real_total=0.1668 discr_adv=0.9844 p2_d_real=-0.4339 p2_d_fake=-0.4652 g_grad_abs=748.2262 d_grad_abs=105.8501 synth_eps=0.0051 synth_eps_raw=0.0051 synth_x0_hit=0.0000 synth_total=0.0051 extra_render_attn_share=0.6101
[step 84150] real_p1_mirror_hole_cov=0.3763 real_p1_skipped=1.0000 real_p1_hole_frac=0.2550 real_p2_eps=0.0014 real_p2_hit=0.0000 real_total=0.0014 synth_eps=0.0104 synth_eps_raw=0.0104 synth_x0_hit=0.0000 synth_total=0.0104 extra_render_attn_share=0.6101
[step 84200] real_p1_mirror_hole_cov=0.0425 real_p1_skipped=1.0000 real_p1_hole_frac=0.4023 real_p2_eps=0.0219 real_p2_hit=0.0000 real_total=0.0219 synth_eps=0.0019 synth_eps_raw=0.0019 synth_x0_hit=0.0000 synth_total=0.0019 extra_render_attn_share=0.6101
[step 84250] real_p1_mirror_hole_cov=0.1466 real_p1_skipped=1.0000 real_p1_hole_frac=0.0613 real_p2_eps=0.0318 real_p2_hit=0.0000 real_total=0.0318 discr_adv=0.9739 x0_d_real=0.5800 x0_d_fake=0.5278 g_grad_abs=248.1912 d_grad_abs=305.0107 synth_eps=0.0759 synth_eps_raw=0.0759 synth_x0_hit=0.0000 synth_total=0.0759 extra_render_attn_share=0.6101
[step 84300] real_p1_mirror_hole_cov=0.2199 real_p1_skipped=1.0000 real_p1_hole_frac=0.5360 real_p2_eps=0.0621 real_p2_hit=0.0000 real_total=0.0621 synth_eps=0.0273 synth_eps_raw=0.0273 synth_x0_hit=0.0000 synth_total=0.0273 extra_render_attn_share=0.6101
[step 84350] real_p1_mirror_hole_cov=0.1870 real_p1_skipped=1.0000 real_p1_hole_frac=0.3136 real_p2_eps=0.0267 real_p2_hit=0.0000 real_total=0.0267 synth_eps=0.0205 synth_eps_raw=0.0205 synth_x0_hit=0.0000 synth_total=0.0205 extra_render_attn_share=0.6101
[step 84400] real_p1_mirror_hole_cov=0.0306 real_p1_skipped=1.0000 real_p1_hole_frac=0.2276 real_p2_eps=0.2444 real_p2_hit=1.0000 real_p2_t=56.0000 real_p2_ldif=0.0142 real_p2_gen_adv=0.0804 real_p2_lfm=0.0002 real_total=0.2670 discr_adv=1.9250 x0_d_real=0.3834 x0_d_fake=0.2059 p2_d_real=-0.1078 p2_d_fake=-0.0804 g_grad_abs=1024.0709 d_grad_abs=769.1978 synth_eps=0.0248 synth_eps_raw=0.0248 synth_x0_hit=0.0000 synth_total=0.0248 extra_render_attn_share=0.6101
[step 84450] real_p1_mirror_hole_cov=0.0479 real_p1_skipped=1.0000 real_p1_hole_frac=0.1435 real_p2_eps=0.0061 real_p2_hit=0.0000 real_total=0.0061 synth_eps=0.5715 synth_eps_raw=0.5715 synth_x0_hit=1.0000 synth_x0_t=39.0000 synth_x0_ldif=0.0220 synth_x0_gen_adv=0.7405 synth_x0_lfm=0.0008 synth_total=0.6691 extra_render_attn_share=0.6101
[step 84500] real_p1_mirror_hole_cov=0.1798 real_p1_skipped=1.0000 real_p1_hole_frac=0.2382 real_p2_eps=0.0409 real_p2_hit=0.0000 real_total=0.0409 synth_eps=0.0456 synth_eps_raw=0.0456 synth_x0_hit=0.0000 synth_total=0.0456 extra_render_attn_share=0.6101
[images] real: anchor | cond1 | cond2 | inv_warp_mirror | mask | mask_inv | warp_img | warp_warp_img | x | y_hat | y_hat_novel -> /home/xzy/warpgan-diffusiong-inpainting/warpgan-diffusion-inpainting-main/experiments/train_inpainting_diffusion/[20260911-143749]_v18w3_w3d_30k/logs/images/train/real_step0084500.png
[images] synth: cond | mask | target | warp_img | x | y_hat_novel -> /home/xzy/warpgan-diffusiong-inpainting/warpgan-diffusion-inpainting-main/experiments/train_inpainting_diffusion/[20260911-143749]_v18w3_w3d_30k/logs/images/train/synth_step0084500.png
[step 84550] real_p1_mirror_hole_cov=0.1734 real_p1_skipped=1.0000 real_p1_hole_frac=0.2775 real_p2_eps=0.1325 real_p2_hit=1.0000 real_p2_t=191.0000 real_p2_ldif=0.0401 real_p2_gen_adv=-0.8137 real_p2_lfm=0.0004 real_total=0.0921 discr_adv=0.9924 p2_d_real=0.8289 p2_d_fake=0.8137 g_grad_abs=884.1507 d_grad_abs=92.5234 synth_eps=0.2969 synth_eps_raw=0.2969 synth_x0_hit=1.0000 synth_x0_t=200.0000 synth_x0_ldif=0.0970 synth_x0_gen_adv=-0.6298 synth_x0_lfm=0.0016 synth_total=0.3342 extra_render_attn_share=0.6101
[step 84600] real_p1_mirror_hole_cov=0.1311 real_p1_skipped=1.0000 real_p1_hole_frac=0.3629 real_p2_eps=0.2482 real_p2_hit=1.0000 real_p2_t=86.0000 real_p2_ldif=0.0242 real_p2_gen_adv=0.3279 real_p2_lfm=0.0002 real_total=0.3056 discr_adv=1.0112 p2_d_real=-0.3503 p2_d_fake=-0.3279 g_grad_abs=946.7619 d_grad_abs=55.1165 synth_eps=0.0239 synth_eps_raw=0.0239 synth_x0_hit=0.0000 synth_total=0.0239 extra_render_attn_share=0.6101
[step 84650] real_p1_mirror_hole_cov=0.3616 real_p1_skipped=1.0000 real_p1_hole_frac=0.3863 real_p2_eps=0.0039 real_p2_hit=0.0000 real_total=0.0039 discr_adv=0.9258 x0_d_real=0.0189 x0_d_fake=-0.1296 g_grad_abs=60.1491 d_grad_abs=202.3976 synth_eps=0.0838 synth_eps_raw=0.0838 synth_x0_hit=0.0000 synth_total=0.0838 extra_render_attn_share=0.6101
[step 84700] real_p1_mirror_hole_cov=0.0410 real_p1_skipped=1.0000 real_p1_hole_frac=0.3567 real_p2_eps=0.0270 real_p2_hit=0.0000 real_total=0.0270 synth_eps=0.1172 synth_eps_raw=0.1172 synth_x0_hit=0.0000 synth_total=0.1172 extra_render_attn_share=0.6101
[step 84750] real_p1_mirror_hole_cov=0.3501 real_p1_skipped=1.0000 real_p1_hole_frac=0.7166 real_p2_eps=0.0036 real_p2_hit=0.0000 real_total=0.0036 discr_adv=0.9823 x0_d_real=0.8198 x0_d_fake=0.7836 g_grad_abs=49.7626 d_grad_abs=188.4624 synth_eps=0.3119 synth_eps_raw=0.3119 synth_x0_hit=1.0000 synth_x0_t=157.0000 synth_x0_ldif=0.0695 synth_x0_gen_adv=-0.6190 synth_x0_lfm=0.0008 synth_total=0.3210 extra_render_attn_share=0.6101
[step 84800] real_p1_mirror_hole_cov=0.1810 real_p1_skipped=1.0000 real_p1_hole_frac=0.0850 real_p2_eps=0.0019 real_p2_hit=0.0000 real_total=0.0019 discr_adv=0.9616 x0_d_real=0.8516 x0_d_fake=0.7747 g_grad_abs=40.0316 d_grad_abs=463.1902 synth_eps=0.0128 synth_eps_raw=0.0128 synth_x0_hit=0.0000 synth_total=0.0128 extra_render_attn_share=0.6101
[step 84850] real_p1_mirror_hole_cov=0.0138 real_p1_skipped=1.0000 real_p1_hole_frac=0.0682 real_p2_eps=0.0305 real_p2_hit=0.0000 real_total=0.0305 synth_eps=0.0082 synth_eps_raw=0.0082 synth_x0_hit=0.0000 synth_total=0.0082 extra_render_attn_share=0.6101
[step 84900] real_p1_mirror_hole_cov=0.0373 real_p1_skipped=1.0000 real_p1_hole_frac=0.2855 real_p2_eps=0.0213 real_p2_hit=0.0000 real_total=0.0213 synth_eps=0.9167 synth_eps_raw=0.9167 synth_x0_hit=1.0000 synth_x0_t=2.0000 synth_x0_ldif=0.0024 synth_x0_gen_adv=-0.3248 synth_x0_lfm=0.0000 synth_total=0.8867 extra_render_attn_share=0.6101
[step 84950] real_p1_mirror_hole_cov=0.3848 real_p1_skipped=1.0000 real_p1_hole_frac=0.6092 real_p2_eps=0.0083 real_p2_hit=0.0000 real_total=0.0083 synth_eps=0.0476 synth_eps_raw=0.0476 synth_x0_hit=0.0000 synth_total=0.0476 extra_render_attn_share=0.6101
[step 85000] real_p1_mirror_hole_cov=0.1876 real_p1_skipped=1.0000 real_p1_hole_frac=0.2126 real_p2_eps=0.0388 real_p2_hit=0.0000 real_total=0.0388 synth_eps=0.2273 synth_eps_raw=0.2273 synth_x0_hit=1.0000 synth_x0_t=214.0000 synth_x0_ldif=0.0833 synth_x0_gen_adv=-0.1544 synth_x0_lfm=0.0007 synth_total=0.2966 extra_render_attn_share=0.6101
[images] real: anchor | cond1 | cond2 | inv_warp_mirror | mask | mask_inv | warp_img | warp_warp_img | x | y_hat | y_hat_novel -> /home/xzy/warpgan-diffusiong-inpainting/warpgan-diffusion-inpainting-main/experiments/train_inpainting_diffusion/[20260911-143749]_v18w3_w3d_30k/logs/images/train/real_step0085000.png
[images] synth: cond | mask | target | warp_img | x | y_hat_novel -> /home/xzy/warpgan-diffusiong-inpainting/warpgan-diffusion-inpainting-main/experiments/train_inpainting_diffusion/[20260911-143749]_v18w3_w3d_30k/logs/images/train/synth_step0085000.png
[step 85050] real_p1_mirror_hole_cov=0.2272 real_p1_skipped=1.0000 real_p1_hole_frac=0.3326 real_p2_eps=0.0061 real_p2_hit=0.0000 real_total=0.0061 synth_eps=0.0228 synth_eps_raw=0.0228 synth_x0_hit=0.0000 synth_total=0.0228 extra_render_attn_share=0.6101
[step 85100] real_p1_mirror_hole_cov=0.0623 real_p1_skipped=1.0000 real_p1_hole_frac=0.0460 real_p2_eps=0.0403 real_p2_hit=1.0000 real_p2_t=284.0000 real_p2_ldif=0.0250 real_p2_gen_adv=-0.2755 real_p2_lfm=0.0007 real_total=0.0392 discr_adv=1.0431 p2_d_real=0.1892 p2_d_fake=0.2755 g_grad_abs=725.0502 d_grad_abs=220.6112 synth_eps=0.1726 synth_eps_raw=0.1726 synth_x0_hit=1.0000 synth_x0_t=240.0000 synth_x0_ldif=0.0775 synth_x0_gen_adv=-0.2226 synth_x0_lfm=0.0012 synth_total=0.2303 extra_render_attn_share=0.6101
[step 85150] real_p1_mirror_hole_cov=0.0205 real_p1_skipped=1.0000 real_p1_hole_frac=0.0928 real_p2_eps=0.0125 real_p2_hit=0.0000 real_total=0.0125 synth_eps=0.0121 synth_eps_raw=0.0121 synth_x0_hit=0.0000 synth_total=0.0121 extra_render_attn_share=0.6101
[step 85200] real_p1_mirror_hole_cov=0.1144 real_p1_skipped=1.0000 real_p1_hole_frac=0.1497 real_p2_eps=0.0082 real_p2_hit=0.0000 real_total=0.0082 synth_eps=0.0023 synth_eps_raw=0.0023 synth_x0_hit=0.0000 synth_total=0.0023 extra_render_attn_share=0.6101
[step 85250] real_p1_mirror_hole_cov=0.2277 real_p1_skipped=1.0000 real_p1_hole_frac=0.0838 real_p2_eps=0.0027 real_p2_hit=0.0000 real_total=0.0027 synth_eps=0.0214 synth_eps_raw=0.0214 synth_x0_hit=0.0000 synth_total=0.0214 extra_render_attn_share=0.6101
[step 85300] real_p1_mirror_hole_cov=0.4229 real_p1_skipped=1.0000 real_p1_hole_frac=0.6533 real_p2_eps=0.0155 real_p2_hit=0.0000 real_total=0.0155 discr_adv=0.9680 x0_d_real=0.9268 x0_d_fake=0.8628 g_grad_abs=145.2416 d_grad_abs=450.3390 synth_eps=0.4303 synth_eps_raw=0.4303 synth_x0_hit=1.0000 synth_x0_t=79.0000 synth_x0_ldif=0.0377 synth_x0_gen_adv=0.2551 synth_x0_lfm=0.0003 synth_total=0.4942 extra_render_attn_share=0.6101
[step 85350] real_p1_mirror_hole_cov=0.0059 real_p1_skipped=1.0000 real_p1_hole_frac=0.1054 real_p2_eps=0.0030 real_p2_hit=0.0000 real_total=0.0030 synth_eps=0.0127 synth_eps_raw=0.0127 synth_x0_hit=0.0000 synth_total=0.0127 extra_render_attn_share=0.6101
[step 85400] real_p1_mirror_hole_cov=0.1209 real_p1_skipped=1.0000 real_p1_hole_frac=0.3952 real_p2_eps=0.0388 real_p2_hit=0.0000 real_total=0.0388 synth_eps=0.0073 synth_eps_raw=0.0073 synth_x0_hit=0.0000 synth_total=0.0073 extra_render_attn_share=0.6101
[step 85450] real_p1_mirror_hole_cov=0.0572 real_p1_skipped=1.0000 real_p1_hole_frac=0.3105 real_p2_eps=0.0730 real_p2_hit=0.0000 real_total=0.0730 discr_adv=0.9694 x0_d_real=-0.2623 x0_d_fake=-0.3235 g_grad_abs=435.7275 d_grad_abs=168.6829 synth_eps=0.0030 synth_eps_raw=0.0030 synth_x0_hit=0.0000 synth_total=0.0030 extra_render_attn_share=0.6101
[step 85500] real_p1_mirror_hole_cov=0.1433 real_p1_skipped=1.0000 real_p1_hole_frac=0.3428 real_p2_eps=0.0481 real_p2_hit=0.0000 real_total=0.0481 synth_eps=0.1725 synth_eps_raw=0.1725 synth_x0_hit=1.0000 synth_x0_t=279.0000 synth_x0_ldif=0.1032 synth_x0_gen_adv=-0.7462 synth_x0_lfm=0.0006 synth_total=0.2023 extra_render_attn_share=0.6101
[images] real: anchor | cond1 | cond2 | inv_warp_mirror | mask | mask_inv | warp_img | warp_warp_img | x | y_hat | y_hat_novel -> /home/xzy/warpgan-diffusiong-inpainting/warpgan-diffusion-inpainting-main/experiments/train_inpainting_diffusion/[20260911-143749]_v18w3_w3d_30k/logs/images/train/real_step0085500.png
[images] synth: cond | mask | target | warp_img | x | y_hat_novel -> /home/xzy/warpgan-diffusiong-inpainting/warpgan-diffusion-inpainting-main/experiments/train_inpainting_diffusion/[20260911-143749]_v18w3_w3d_30k/logs/images/train/synth_step0085500.png
[step 85550] real_p1_mirror_hole_cov=0.0480 real_p1_skipped=1.0000 real_p1_hole_frac=0.1153 real_p2_eps=0.0067 real_p2_hit=0.0000 real_total=0.0067 discr_adv=0.9759 x0_d_real=-0.6853 x0_d_fake=-0.7334 g_grad_abs=84.7820 d_grad_abs=125.7823 synth_eps=0.1390 synth_eps_raw=0.1390 synth_x0_hit=0.0000 synth_total=0.1390 extra_render_attn_share=0.6101
[step 85600] real_p1_mirror_hole_cov=0.2252 real_p1_skipped=1.0000 real_p1_hole_frac=0.6036 real_p2_eps=0.0098 real_p2_hit=0.0000 real_total=0.0098 synth_eps=0.0134 synth_eps_raw=0.0134 synth_x0_hit=0.0000 synth_total=0.0134 extra_render_attn_share=0.6101
[step 85650] real_p1_mirror_hole_cov=0.0429 real_p1_skipped=1.0000 real_p1_hole_frac=0.0466 real_p2_eps=0.1671 real_p2_hit=1.0000 real_p2_t=87.0000 real_p2_ldif=0.0165 real_p2_gen_adv=-0.7727 real_p2_lfm=0.0001 real_total=0.1066 discr_adv=1.0066 p2_d_real=0.7595 p2_d_fake=0.7727 g_grad_abs=824.1883 d_grad_abs=34.7063 synth_eps=0.2595 synth_eps_raw=0.2595 synth_x0_hit=1.0000 synth_x0_t=202.0000 synth_x0_ldif=0.0862 synth_x0_gen_adv=-0.2353 synth_x0_lfm=0.0012 synth_total=0.3245 extra_render_attn_share=0.6101
[step 85700] real_p1_mirror_hole_cov=0.0112 real_p1_skipped=1.0000 real_p1_hole_frac=0.2813 real_p2_eps=0.0013 real_p2_hit=0.0000 real_total=0.0013 synth_eps=0.0054 synth_eps_raw=0.0054 synth_x0_hit=0.0000 synth_total=0.0054 extra_render_attn_share=0.6101
[step 85750] real_p1_mirror_hole_cov=0.3283 real_p1_skipped=1.0000 real_p1_hole_frac=0.3551 real_p2_eps=0.1164 real_p2_hit=1.0000 real_p2_t=249.0000 real_p2_ldif=0.0560 real_p2_gen_adv=-0.6165 real_p2_lfm=0.0003 real_total=0.1113 discr_adv=1.9822 x0_d_real=0.2344 x0_d_fake=0.1880 p2_d_real=0.6056 p2_d_fake=0.6165 g_grad_abs=821.3342 d_grad_abs=104.7549 synth_eps=0.2344 synth_eps_raw=0.2344 synth_x0_hit=1.0000 synth_x0_t=222.0000 synth_x0_ldif=0.0915 synth_x0_gen_adv=-0.3331 synth_x0_lfm=0.0006 synth_total=0.2939 extra_render_attn_share=0.6101
[step 85800] real_p1_mirror_hole_cov=0.3677 real_p1_skipped=1.0000 real_p1_hole_frac=0.3313 real_p2_eps=0.0937 real_p2_hit=1.0000 real_p2_t=280.0000 real_p2_ldif=0.0565 real_p2_gen_adv=-0.1959 real_p2_lfm=0.0009 real_total=0.1324 discr_adv=1.1092 p2_d_real=-0.0225 p2_d_fake=0.1959 g_grad_abs=860.1764 d_grad_abs=410.6256 synth_eps=0.1158 synth_eps_raw=0.1158 synth_x0_hit=0.0000 synth_total=0.1158 extra_render_attn_share=0.6101
[step 85850] real_p1_mirror_hole_cov=0.3209 real_p1_skipped=1.0000 real_p1_hole_frac=0.3850 real_p2_eps=0.3652 real_p2_hit=1.0000 real_p2_t=34.0000 real_p2_ldif=0.0121 real_p2_gen_adv=-0.5916 real_p2_lfm=0.0001 real_total=0.3183 discr_adv=0.9908 p2_d_real=0.6101 p2_d_fake=0.5916 g_grad_abs=1051.4724 d_grad_abs=56.6886 synth_eps=0.2952 synth_eps_raw=0.2952 synth_x0_hit=1.0000 synth_x0_t=196.0000 synth_x0_ldif=0.0933 synth_x0_gen_adv=-0.4612 synth_x0_lfm=0.0008 synth_total=0.3440 extra_render_attn_share=0.6101
[step 85900] real_p1_mirror_hole_cov=0.0108 real_p1_skipped=1.0000 real_p1_hole_frac=0.3742 real_p2_eps=0.0015 real_p2_hit=0.0000 real_total=0.0015 discr_adv=0.9387 x0_d_real=-0.2510 x0_d_fake=-0.3736 g_grad_abs=27.5397 d_grad_abs=355.5927 synth_eps=0.4747 synth_eps_raw=0.4747 synth_x0_hit=1.0000 synth_x0_t=63.0000 synth_x0_ldif=0.0316 synth_x0_gen_adv=-0.1263 synth_x0_lfm=0.0003 synth_total=0.4942 extra_render_attn_share=0.6101
[step 85950] real_p1_mirror_hole_cov=0.1780 real_p1_skipped=1.0000 real_p1_hole_frac=0.4548 real_p2_eps=0.0046 real_p2_hit=0.0000 real_total=0.0046 synth_eps=0.0155 synth_eps_raw=0.0155 synth_x0_hit=0.0000 synth_total=0.0155 extra_render_attn_share=0.6101
[val step 85999] val_novel_full=0.0798 val_novel_hole=0.0947 val_novel_visible=0.0754
[step 86000] real_p1_mirror_hole_cov=0.4257 real_p1_skipped=1.0000 real_p1_hole_frac=0.1906 real_p2_eps=0.1505 real_p2_hit=1.0000 real_p2_t=147.0000 real_p2_ldif=0.0304 real_p2_gen_adv=-0.4661 real_p2_lfm=0.0001 real_total=0.1346 discr_adv=1.9577 x0_d_real=-0.0452 x0_d_fake=-0.1394 p2_d_real=0.4566 p2_d_fake=0.4661 g_grad_abs=778.8299 d_grad_abs=185.7584 synth_eps=0.0921 synth_eps_raw=0.0921 synth_x0_hit=0.0000 synth_total=0.0921 extra_render_attn_share=0.6087
[images] real: anchor | cond1 | cond2 | inv_warp_mirror | mask | mask_inv | warp_img | warp_warp_img | x | y_hat | y_hat_novel -> /home/xzy/warpgan-diffusiong-inpainting/warpgan-diffusion-inpainting-main/experiments/train_inpainting_diffusion/[20260911-143749]_v18w3_w3d_30k/logs/images/train/real_step0086000.png
[images] synth: cond | mask | target | warp_img | x | y_hat_novel -> /home/xzy/warpgan-diffusiong-inpainting/warpgan-diffusion-inpainting-main/experiments/train_inpainting_diffusion/[20260911-143749]_v18w3_w3d_30k/logs/images/train/synth_step0086000.png
[step 86050] real_p1_mirror_hole_cov=0.2732 real_p1_skipped=1.0000 real_p1_hole_frac=0.0976 real_p2_eps=0.0007 real_p2_hit=0.0000 real_total=0.0007 synth_eps=0.0047 synth_eps_raw=0.0047 synth_x0_hit=0.0000 synth_total=0.0047 extra_render_attn_share=0.6087
[step 86100] real_p1_mirror_hole_cov=0.1756 real_p1_skipped=1.0000 real_p1_hole_frac=0.5664 real_p2_eps=0.0224 real_p2_hit=0.0000 real_total=0.0224 synth_eps=0.0203 synth_eps_raw=0.0203 synth_x0_hit=0.0000 synth_total=0.0203 extra_render_attn_share=0.6087
[step 86150] real_p1_mirror_hole_cov=0.3248 real_p1_skipped=1.0000 real_p1_hole_frac=0.2504 real_p2_eps=0.1405 real_p2_hit=1.0000 real_p2_t=141.0000 real_p2_ldif=0.0267 real_p2_gen_adv=0.3605 real_p2_lfm=0.0002 real_total=0.2036 discr_adv=1.8672 x0_d_real=0.8251 x0_d_fake=0.6736 p2_d_real=-0.2464 p2_d_fake=-0.3605 g_grad_abs=1750.8734 d_grad_abs=1120.9493 synth_eps=0.0256 synth_eps_raw=0.0256 synth_x0_hit=0.0000 synth_total=0.0256 extra_render_attn_share=0.6087
[step 86200] real_p1_mirror_hole_cov=0.0334 real_p1_skipped=1.0000 real_p1_hole_frac=0.0954 real_p2_eps=0.0324 real_p2_hit=0.0000 real_total=0.0324 synth_eps=0.0224 synth_eps_raw=0.0224 synth_x0_hit=0.0000 synth_total=0.0224 extra_render_attn_share=0.6087
[step 86250] real_p1_mirror_hole_cov=0.1485 real_p1_skipped=1.0000 real_p1_hole_frac=0.3722 real_p2_eps=0.0045 real_p2_hit=0.0000 real_total=0.0045 discr_adv=0.9585 x0_d_real=0.0825 x0_d_fake=-0.0005 g_grad_abs=63.3229 d_grad_abs=139.3812 synth_eps=0.1921 synth_eps_raw=0.1921 synth_x0_hit=1.0000 synth_x0_t=253.0000 synth_x0_ldif=0.0951 synth_x0_gen_adv=-0.6072 synth_x0_lfm=0.0013 synth_total=0.2292 extra_render_attn_share=0.6087
[step 86300] real_p1_mirror_hole_cov=0.0221 real_p1_skipped=1.0000 real_p1_hole_frac=0.2107 real_p2_eps=0.1828 real_p2_hit=1.0000 real_p2_t=104.0000 real_p2_ldif=0.0228 real_p2_gen_adv=-0.3769 real_p2_lfm=0.0001 real_total=0.1681 discr_adv=1.0046 p2_d_real=0.3678 p2_d_fake=0.3769 g_grad_abs=830.1329 d_grad_abs=45.8600 synth_eps=0.0108 synth_eps_raw=0.0108 synth_x0_hit=0.0000 synth_total=0.0108 extra_render_attn_share=0.6087
[step 86350] real_p1_mirror_hole_cov=0.0004 real_p1_skipped=1.0000 real_p1_hole_frac=0.2044 real_p2_eps=0.0074 real_p2_hit=0.0000 real_total=0.0074 synth_eps=0.2158 synth_eps_raw=0.2158 synth_x0_hit=1.0000 synth_x0_t=219.0000 synth_x0_ldif=0.0826 synth_x0_gen_adv=-0.6747 synth_x0_lfm=0.0009 synth_total=0.2327 extra_render_attn_share=0.6087
[step 86400] real_p1_mirror_hole_cov=0.1682 real_p1_skipped=1.0000 real_p1_hole_frac=0.5693 real_p2_eps=0.0247 real_p2_hit=0.0000 real_total=0.0247 synth_eps=0.1095 synth_eps_raw=0.1095 synth_x0_hit=0.0000 synth_total=0.1095 extra_render_attn_share=0.6087
[step 86450] real_p1_mirror_hole_cov=0.2209 real_p1_skipped=1.0000 real_p1_hole_frac=0.3174 real_p2_eps=0.2176 real_p2_hit=1.0000 real_p2_t=89.0000 real_p2_ldif=0.0221 real_p2_gen_adv=0.8369 real_p2_lfm=0.0002 real_total=0.3238 discr_adv=2.0183 x0_d_real=-0.5174 x0_d_fake=-0.4946 p2_d_real=-0.8507 p2_d_fake=-0.8369 g_grad_abs=913.3050 d_grad_abs=251.5681 synth_eps=0.0054 synth_eps_raw=0.0054 synth_x0_hit=0.0000 synth_total=0.0054 extra_render_attn_share=0.6087
[step 86500] real_p1_mirror_hole_cov=0.0691 real_p1_skipped=1.0000 real_p1_hole_frac=0.3591 real_p2_eps=0.0761 real_p2_hit=0.0000 real_total=0.0761 synth_eps=0.1334 synth_eps_raw=0.1334 synth_x0_hit=0.0000 synth_total=0.1334 extra_render_attn_share=0.6087
[images] real: anchor | cond1 | cond2 | inv_warp_mirror | mask | mask_inv | warp_img | warp_warp_img | x | y_hat | y_hat_novel -> /home/xzy/warpgan-diffusiong-inpainting/warpgan-diffusion-inpainting-main/experiments/train_inpainting_diffusion/[20260911-143749]_v18w3_w3d_30k/logs/images/train/real_step0086500.png
[images] synth: cond | mask | target | warp_img | x | y_hat_novel -> /home/xzy/warpgan-diffusiong-inpainting/warpgan-diffusion-inpainting-main/experiments/train_inpainting_diffusion/[20260911-143749]_v18w3_w3d_30k/logs/images/train/synth_step0086500.png
[step 86550] real_p1_mirror_hole_cov=0.0602 real_p1_skipped=1.0000 real_p1_hole_frac=0.1508 real_p2_eps=0.0432 real_p2_hit=0.0000 real_total=0.0432 discr_adv=0.8792 x0_d_real=0.2633 x0_d_fake=0.0217 g_grad_abs=324.8003 d_grad_abs=495.3937 synth_eps=0.0094 synth_eps_raw=0.0094 synth_x0_hit=0.0000 synth_total=0.0094 extra_render_attn_share=0.6087
[step 86600] real_p1_mirror_hole_cov=0.0143 real_p1_skipped=1.0000 real_p1_hole_frac=0.3052 real_p2_eps=0.0242 real_p2_hit=0.0000 real_total=0.0242 synth_eps=0.3206 synth_eps_raw=0.3206 synth_x0_hit=1.0000 synth_x0_t=139.0000 synth_x0_ldif=0.0596 synth_x0_gen_adv=0.3968 synth_x0_lfm=0.0004 synth_total=0.4207 extra_render_attn_share=0.6087
[step 86650] real_p1_mirror_hole_cov=0.1784 real_p1_skipped=1.0000 real_p1_hole_frac=0.2257 real_p2_eps=0.0043 real_p2_hit=0.0000 real_total=0.0043 synth_eps=0.0673 synth_eps_raw=0.0673 synth_x0_hit=0.0000 synth_total=0.0673 extra_render_attn_share=0.6087
[step 86700] real_p1_mirror_hole_cov=0.2085 real_p1_skipped=1.0000 real_p1_hole_frac=0.1536 real_p2_eps=0.0147 real_p2_hit=0.0000 real_total=0.0147 synth_eps=0.0766 synth_eps_raw=0.0766 synth_x0_hit=0.0000 synth_total=0.0766 extra_render_attn_share=0.6087
[step 86750] real_p1_mirror_hole_cov=0.0387 real_p1_skipped=1.0000 real_p1_hole_frac=0.4204 real_p2_eps=0.0619 real_p2_hit=0.0000 real_total=0.0619 synth_eps=0.1323 synth_eps_raw=0.1323 synth_x0_hit=0.0000 synth_total=0.1323 extra_render_attn_share=0.6087
[step 86800] real_p1_mirror_hole_cov=0.0307 real_p1_skipped=1.0000 real_p1_hole_frac=0.5005 real_p2_eps=0.0932 real_p2_hit=0.0000 real_total=0.0932 discr_adv=1.1325 x0_d_real=0.1783 x0_d_fake=0.4434 g_grad_abs=501.5720 d_grad_abs=1171.0009 synth_eps=0.0812 synth_eps_raw=0.0812 synth_x0_hit=0.0000 synth_total=0.0812 extra_render_attn_share=0.6087
[step 86850] real_p1_mirror_hole_cov=0.2516 real_p1_skipped=1.0000 real_p1_hole_frac=0.1507 real_p2_eps=0.1189 real_p2_hit=1.0000 real_p2_t=140.0000 real_p2_ldif=0.0224 real_p2_gen_adv=-0.5918 real_p2_lfm=0.0002 real_total=0.0826 discr_adv=1.0558 p2_d_real=0.4803 p2_d_fake=0.5918 g_grad_abs=702.6203 d_grad_abs=404.5595 synth_eps=0.1798 synth_eps_raw=0.1798 synth_x0_hit=1.0000 synth_x0_t=261.0000 synth_x0_ldif=0.0944 synth_x0_gen_adv=-0.6651 synth_x0_lfm=0.0005 synth_total=0.2087 extra_render_attn_share=0.6087
[step 86900] real_p1_mirror_hole_cov=0.0593 real_p1_skipped=1.0000 real_p1_hole_frac=0.0652 real_p2_eps=0.0088 real_p2_hit=0.0000 real_total=0.0088 synth_eps=0.0046 synth_eps_raw=0.0046 synth_x0_hit=0.0000 synth_total=0.0046 extra_render_attn_share=0.6087
[step 86950] real_p1_mirror_hole_cov=0.0248 real_p1_skipped=1.0000 real_p1_hole_frac=0.3391 real_p2_eps=0.0699 real_p2_hit=0.0000 real_total=0.0699 synth_eps=0.0108 synth_eps_raw=0.0108 synth_x0_hit=0.0000 synth_total=0.0108 extra_render_attn_share=0.6087
[step 87000] real_p1_mirror_hole_cov=0.0437 real_p1_skipped=1.0000 real_p1_hole_frac=0.1842 real_p2_eps=0.0676 real_p2_hit=0.0000 real_total=0.0676 discr_adv=0.8837 x0_d_real=0.3872 x0_d_fake=0.1545 g_grad_abs=390.5354 d_grad_abs=571.5395 synth_eps=0.0072 synth_eps_raw=0.0072 synth_x0_hit=0.0000 synth_total=0.0072 extra_render_attn_share=0.6087
[images] real: anchor | cond1 | cond2 | inv_warp_mirror | mask | mask_inv | warp_img | warp_warp_img | x | y_hat | y_hat_novel -> /home/xzy/warpgan-diffusiong-inpainting/warpgan-diffusion-inpainting-main/experiments/train_inpainting_diffusion/[20260911-143749]_v18w3_w3d_30k/logs/images/train/real_step0087000.png
[images] synth: cond | mask | target | warp_img | x | y_hat_novel -> /home/xzy/warpgan-diffusiong-inpainting/warpgan-diffusion-inpainting-main/experiments/train_inpainting_diffusion/[20260911-143749]_v18w3_w3d_30k/logs/images/train/synth_step0087000.png
[step 87050] real_p1_mirror_hole_cov=0.1293 real_p1_skipped=1.0000 real_p1_hole_frac=0.1138 real_p2_eps=0.0141 real_p2_hit=0.0000 real_total=0.0141 synth_eps=0.0021 synth_eps_raw=0.0021 synth_x0_hit=0.0000 synth_total=0.0021 extra_render_attn_share=0.6087
[step 87100] real_p1_mirror_hole_cov=0.0311 real_p1_skipped=1.0000 real_p1_hole_frac=0.2561 real_p2_eps=0.3420 real_p2_hit=1.0000 real_p2_t=35.0000 real_p2_ldif=0.0117 real_p2_gen_adv=0.1206 real_p2_lfm=0.0001 real_total=0.3660 discr_adv=1.8935 x0_d_real=-0.2273 x0_d_fake=-0.3938 p2_d_real=-0.0741 p2_d_fake=-0.1206 g_grad_abs=973.0600 d_grad_abs=301.3661 synth_eps=0.4780 synth_eps_raw=0.4780 synth_x0_hit=1.0000 synth_x0_t=51.0000 synth_x0_ldif=0.0249 synth_x0_gen_adv=0.3324 synth_x0_lfm=0.0004 synth_total=0.5369 extra_render_attn_share=0.6087
[step 87150] real_p1_mirror_hole_cov=0.2584 real_p1_skipped=1.0000 real_p1_hole_frac=0.5557 real_p2_eps=0.3483 real_p2_hit=1.0000 real_p2_t=55.0000 real_p2_ldif=0.0198 real_p2_gen_adv=-0.4530 real_p2_lfm=0.0003 real_total=0.3233 discr_adv=2.0490 x0_d_real=0.0730 x0_d_fake=-0.0003 p2_d_real=0.2816 p2_d_fake=0.4530 g_grad_abs=1024.9494 d_grad_abs=966.0237 synth_eps=0.4439 synth_eps_raw=0.4439 synth_x0_hit=1.0000 synth_x0_t=63.0000 synth_x0_ldif=0.0296 synth_x0_gen_adv=-0.0318 synth_x0_lfm=0.0002 synth_total=0.4708 extra_render_attn_share=0.6087
[step 87200] real_p1_mirror_hole_cov=0.3536 real_p1_skipped=1.0000 real_p1_hole_frac=0.2496 real_p2_eps=0.0154 real_p2_hit=0.0000 real_total=0.0154 synth_eps=0.8444 synth_eps_raw=0.8444 synth_x0_hit=1.0000 synth_x0_t=5.0000 synth_x0_ldif=0.0044 synth_x0_gen_adv=-0.9023 synth_x0_lfm=0.0000 synth_total=0.7586 extra_render_attn_share=0.6087
[step 87250] real_p1_mirror_hole_cov=0.0859 real_p1_skipped=1.0000 real_p1_hole_frac=0.2537 real_p2_eps=0.4713 real_p2_hit=1.0000 real_p2_t=14.0000 real_p2_ldif=0.0063 real_p2_gen_adv=0.1616 real_p2_lfm=0.0000 real_total=0.4938 discr_adv=1.0044 p2_d_real=-0.1642 p2_d_fake=-0.1616 g_grad_abs=1310.0741 d_grad_abs=116.2001 synth_eps=0.0743 synth_eps_raw=0.0743 synth_x0_hit=0.0000 synth_total=0.0743 extra_render_attn_share=0.6087
[step 87300] real_p1_mirror_hole_cov=0.0362 real_p1_skipped=1.0000 real_p1_hole_frac=0.1033 real_p2_eps=0.0541 real_p2_hit=0.0000 real_total=0.0541 discr_adv=0.9643 x0_d_real=0.7653 x0_d_fake=0.6939 g_grad_abs=400.1735 d_grad_abs=247.7572 synth_eps=0.2747 synth_eps_raw=0.2747 synth_x0_hit=1.0000 synth_x0_t=219.0000 synth_x0_ldif=0.1048 synth_x0_gen_adv=-0.8573 synth_x0_lfm=0.0013 synth_total=0.2963 extra_render_attn_share=0.6087
[step 87350] real_p1_mirror_hole_cov=0.0027 real_p1_skipped=1.0000 real_p1_hole_frac=0.1963 real_p2_eps=0.0536 real_p2_hit=0.0000 real_total=0.0536 synth_eps=0.0056 synth_eps_raw=0.0056 synth_x0_hit=0.0000 synth_total=0.0056 extra_render_attn_share=0.6087
[step 87400] real_p1_mirror_hole_cov=0.0056 real_p1_skipped=1.0000 real_p1_hole_frac=0.0912 real_p2_eps=0.0132 real_p2_hit=0.0000 real_total=0.0132 discr_adv=0.9790 x0_d_real=0.4552 x0_d_fake=0.4131 g_grad_abs=161.2066 d_grad_abs=144.6117 synth_eps=0.4022 synth_eps_raw=0.4022 synth_x0_hit=1.0000 synth_x0_t=98.0000 synth_x0_ldif=0.0463 synth_x0_gen_adv=-0.3315 synth_x0_lfm=0.0008 synth_total=0.4169 extra_render_attn_share=0.6087
[step 87450] real_p1_mirror_hole_cov=0.1630 real_p1_skipped=1.0000 real_p1_hole_frac=0.1288 real_p2_eps=0.0114 real_p2_hit=0.0000 real_total=0.0114 synth_eps=0.0047 synth_eps_raw=0.0047 synth_x0_hit=0.0000 synth_total=0.0047 extra_render_attn_share=0.6087
[step 87500] real_p1_mirror_hole_cov=0.0169 real_p1_skipped=1.0000 real_p1_hole_frac=0.1098 real_p2_eps=0.0968 real_p2_hit=1.0000 real_p2_t=185.0000 real_p2_ldif=0.0278 real_p2_gen_adv=-0.6813 real_p2_lfm=0.0005 real_total=0.0576 discr_adv=1.9688 x0_d_real=0.7497 x0_d_fake=0.7070 p2_d_real=0.7009 p2_d_fake=0.6813 g_grad_abs=723.5663 d_grad_abs=163.5686 synth_eps=0.0030 synth_eps_raw=0.0030 synth_x0_hit=0.0000 synth_total=0.0030 extra_render_attn_share=0.6087
[images] real: anchor | cond1 | cond2 | inv_warp_mirror | mask | mask_inv | warp_img | warp_warp_img | x | y_hat | y_hat_novel -> /home/xzy/warpgan-diffusiong-inpainting/warpgan-diffusion-inpainting-main/experiments/train_inpainting_diffusion/[20260911-143749]_v18w3_w3d_30k/logs/images/train/real_step0087500.png
[images] synth: cond | mask | target | warp_img | x | y_hat_novel -> /home/xzy/warpgan-diffusiong-inpainting/warpgan-diffusion-inpainting-main/experiments/train_inpainting_diffusion/[20260911-143749]_v18w3_w3d_30k/logs/images/train/synth_step0087500.png
[step 87550] real_p1_mirror_hole_cov=0.4559 real_p1_skipped=1.0000 real_p1_hole_frac=0.2296 real_p2_eps=0.0334 real_p2_hit=0.0000 real_total=0.0334 discr_adv=0.9255 x0_d_real=0.6114 x0_d_fake=0.4623 g_grad_abs=273.6861 d_grad_abs=493.1022 synth_eps=0.0019 synth_eps_raw=0.0019 synth_x0_hit=0.0000 synth_total=0.0019 extra_render_attn_share=0.6087
[step 87600] real_p1_mirror_hole_cov=0.0537 real_p1_skipped=1.0000 real_p1_hole_frac=0.1035 real_p2_eps=0.1195 real_p2_hit=1.0000 real_p2_t=125.0000 real_p2_ldif=0.0191 real_p2_gen_adv=-0.5136 real_p2_lfm=0.0008 real_total=0.0888 discr_adv=2.0683 x0_d_real=0.2439 x0_d_fake=0.2275 p2_d_real=0.3607 p2_d_fake=0.5136 g_grad_abs=721.1352 d_grad_abs=351.2164 synth_eps=0.0820 synth_eps_raw=0.0820 synth_x0_hit=0.0000 synth_total=0.0820 extra_render_attn_share=0.6087
[step 87650] real_p1_mirror_hole_cov=0.0441 real_p1_skipped=1.0000 real_p1_hole_frac=0.2469 real_p2_eps=0.0051 real_p2_hit=0.0000 real_total=0.0051 discr_adv=1.1212 x0_d_real=-0.7787 x0_d_fake=-0.5420 g_grad_abs=68.3798 d_grad_abs=1235.8119 synth_eps=0.0171 synth_eps_raw=0.0171 synth_x0_hit=0.0000 synth_total=0.0171 extra_render_attn_share=0.6087
[step 87700] real_p1_mirror_hole_cov=0.0615 real_p1_skipped=1.0000 real_p1_hole_frac=0.3594 real_p2_eps=0.0112 real_p2_hit=0.0000 real_total=0.0112 discr_adv=0.9523 x0_d_real=-0.0567 x0_d_fake=-0.1522 g_grad_abs=139.4302 d_grad_abs=266.8086 synth_eps=0.0366 synth_eps_raw=0.0366 synth_x0_hit=0.0000 synth_total=0.0366 extra_render_attn_share=0.6087
[step 87750] real_p1_mirror_hole_cov=0.0763 real_p1_skipped=1.0000 real_p1_hole_frac=0.1944 real_p2_eps=0.0014 real_p2_hit=0.0000 real_total=0.0014 discr_adv=0.8855 x0_d_real=-0.0525 x0_d_fake=-0.2815 g_grad_abs=39.8597 d_grad_abs=410.7133 synth_eps=0.1198 synth_eps_raw=0.1198 synth_x0_hit=0.0000 synth_total=0.1198 extra_render_attn_share=0.6087
[step 87800] real_p1_mirror_hole_cov=0.3242 real_p1_skipped=1.0000 real_p1_hole_frac=0.3123 real_p2_eps=0.0025 real_p2_hit=0.0000 real_total=0.0025 synth_eps=0.0800 synth_eps_raw=0.0800 synth_x0_hit=0.0000 synth_total=0.0800 extra_render_attn_share=0.6087
[step 87850] real_p1_mirror_hole_cov=0.0295 real_p1_skipped=1.0000 real_p1_hole_frac=0.2198 real_p2_eps=0.0685 real_p2_hit=0.0000 real_total=0.0685 discr_adv=1.0332 x0_d_real=-0.5276 x0_d_fake=-0.4611 g_grad_abs=410.7439 d_grad_abs=206.9641 synth_eps=0.1369 synth_eps_raw=0.1369 synth_x0_hit=0.0000 synth_total=0.1369 extra_render_attn_share=0.6087
[step 87900] real_p1_mirror_hole_cov=0.1281 real_p1_skipped=1.0000 real_p1_hole_frac=0.5301 real_p2_eps=0.0431 real_p2_hit=0.0000 real_total=0.0431 synth_eps=0.0393 synth_eps_raw=0.0393 synth_x0_hit=0.0000 synth_total=0.0393 extra_render_attn_share=0.6087
[step 87950] real_p1_mirror_hole_cov=0.1429 real_p1_skipped=1.0000 real_p1_hole_frac=0.5287 real_p2_eps=0.0012 real_p2_hit=0.0000 real_total=0.0012 synth_eps=0.0620 synth_eps_raw=0.0620 synth_x0_hit=0.0000 synth_total=0.0620 extra_render_attn_share=0.6087
[val step 87999] val_novel_full=0.1182 val_novel_hole=0.1194 val_novel_visible=0.1172
[step 88000] real_p1_mirror_hole_cov=0.0497 real_p1_skipped=1.0000 real_p1_hole_frac=0.4527 real_p2_eps=0.3392 real_p2_hit=1.0000 real_p2_t=40.0000 real_p2_ldif=0.0134 real_p2_gen_adv=0.3201 real_p2_lfm=0.0001 real_total=0.3847 discr_adv=2.0064 x0_d_real=-0.3945 x0_d_fake=-0.3767 p2_d_real=-0.3150 p2_d_fake=-0.3201 g_grad_abs=972.7993 d_grad_abs=86.6280 synth_eps=0.0023 synth_eps_raw=0.0023 synth_x0_hit=0.0000 synth_total=0.0023 extra_render_attn_share=0.5824
[images] real: anchor | cond1 | cond2 | inv_warp_mirror | mask | mask_inv | warp_img | warp_warp_img | x | y_hat | y_hat_novel -> /home/xzy/warpgan-diffusiong-inpainting/warpgan-diffusion-inpainting-main/experiments/train_inpainting_diffusion/[20260911-143749]_v18w3_w3d_30k/logs/images/train/real_step0088000.png
[images] synth: cond | mask | target | warp_img | x | y_hat_novel -> /home/xzy/warpgan-diffusiong-inpainting/warpgan-diffusion-inpainting-main/experiments/train_inpainting_diffusion/[20260911-143749]_v18w3_w3d_30k/logs/images/train/synth_step0088000.png
[step 88050] real_p1_mirror_hole_cov=0.0499 real_p1_skipped=1.0000 real_p1_hole_frac=0.0924 real_p2_eps=0.0212 real_p2_hit=0.0000 real_total=0.0212 synth_eps=0.0036 synth_eps_raw=0.0036 synth_x0_hit=0.0000 synth_total=0.0036 extra_render_attn_share=0.5824
[step 88100] real_p1_mirror_hole_cov=0.1385 real_p1_skipped=1.0000 real_p1_hole_frac=0.3570 real_p2_eps=0.0271 real_p2_hit=0.0000 real_total=0.0271 synth_eps=0.0067 synth_eps_raw=0.0067 synth_x0_hit=0.0000 synth_total=0.0067 extra_render_attn_share=0.5824
[step 88150] real_p1_mirror_hole_cov=0.0133 real_p1_skipped=1.0000 real_p1_hole_frac=0.3223 real_p2_eps=0.0017 real_p2_hit=0.0000 real_total=0.0017 synth_eps=0.6194 synth_eps_raw=0.6194 synth_x0_hit=1.0000 synth_x0_t=16.0000 synth_x0_ldif=0.0094 synth_x0_gen_adv=0.9324 synth_x0_lfm=0.0001 synth_total=0.7223 extra_render_attn_share=0.5824
[step 88200] real_p1_mirror_hole_cov=0.0786 real_p1_skipped=1.0000 real_p1_hole_frac=0.4240 real_p2_eps=0.0069 real_p2_hit=0.0000 real_total=0.0069 synth_eps=0.0018 synth_eps_raw=0.0018 synth_x0_hit=0.0000 synth_total=0.0018 extra_render_attn_share=0.5824
[step 88250] real_p1_mirror_hole_cov=0.0681 real_p1_skipped=1.0000 real_p1_hole_frac=0.0194 real_p2_eps=0.0012 real_p2_hit=0.0000 real_total=0.0012 synth_eps=0.1228 synth_eps_raw=0.1228 synth_x0_hit=0.0000 synth_total=0.1228 extra_render_attn_share=0.5824
[step 88300] real_p1_mirror_hole_cov=0.1058 real_p1_skipped=1.0000 real_p1_hole_frac=0.0751 real_p2_eps=0.0190 real_p2_hit=0.0000 real_total=0.0190 synth_eps=0.0010 synth_eps_raw=0.0010 synth_x0_hit=0.0000 synth_total=0.0010 extra_render_attn_share=0.5824
[step 88350] real_p1_mirror_hole_cov=0.0032 real_p1_skipped=1.0000 real_p1_hole_frac=0.1063 real_p2_eps=0.0775 real_p2_hit=1.0000 real_p2_t=207.0000 real_p2_ldif=0.0268 real_p2_gen_adv=-0.5627 real_p2_lfm=0.0004 real_total=0.0488 discr_adv=1.9555 x0_d_real=0.3236 x0_d_fake=0.2339 p2_d_real=0.5619 p2_d_fake=0.5627 g_grad_abs=699.9481 d_grad_abs=255.3508 synth_eps=0.1155 synth_eps_raw=0.1155 synth_x0_hit=0.0000 synth_total=0.1155 extra_render_attn_share=0.5824
[step 88400] real_p1_mirror_hole_cov=0.1014 real_p1_skipped=1.0000 real_p1_hole_frac=0.3099 real_p2_eps=0.0886 real_p2_hit=1.0000 real_p2_t=239.0000 real_p2_ldif=0.0395 real_p2_gen_adv=0.1185 real_p2_lfm=0.0010 real_total=0.1419 discr_adv=1.1105 p2_d_real=-0.3396 p2_d_fake=-0.1185 g_grad_abs=950.7188 d_grad_abs=511.9128 synth_eps=0.2650 synth_eps_raw=0.2650 synth_x0_hit=1.0000 synth_x0_t=168.0000 synth_x0_ldif=0.0654 synth_x0_gen_adv=0.2033 synth_x0_lfm=0.0005 synth_total=0.3519 extra_render_attn_share=0.5824
[step 88450] real_p1_mirror_hole_cov=0.1738 real_p1_skipped=1.0000 real_p1_hole_frac=0.3042 real_p2_eps=0.0060 real_p2_hit=0.0000 real_total=0.0060 discr_adv=0.9037 x0_d_real=0.4703 x0_d_fake=0.2777 g_grad_abs=76.7614 d_grad_abs=420.6752 synth_eps=0.0117 synth_eps_raw=0.0117 synth_x0_hit=0.0000 synth_total=0.0117 extra_render_attn_share=0.5824
[step 88500] real_p1_mirror_hole_cov=0.0617 real_p1_skipped=1.0000 real_p1_hole_frac=0.2549 real_p2_eps=0.0106 real_p2_hit=0.0000 real_total=0.0106 discr_adv=0.9664 x0_d_real=0.5489 x0_d_fake=0.4817 g_grad_abs=107.3383 d_grad_abs=349.5114 synth_eps=0.0045 synth_eps_raw=0.0045 synth_x0_hit=0.0000 synth_total=0.0045 extra_render_attn_share=0.5824
[images] real: anchor | cond1 | cond2 | inv_warp_mirror | mask | mask_inv | warp_img | warp_warp_img | x | y_hat | y_hat_novel -> /home/xzy/warpgan-diffusiong-inpainting/warpgan-diffusion-inpainting-main/experiments/train_inpainting_diffusion/[20260911-143749]_v18w3_w3d_30k/logs/images/train/real_step0088500.png
[images] synth: cond | mask | target | warp_img | x | y_hat_novel -> /home/xzy/warpgan-diffusiong-inpainting/warpgan-diffusion-inpainting-main/experiments/train_inpainting_diffusion/[20260911-143749]_v18w3_w3d_30k/logs/images/train/synth_step0088500.png
[step 88550] real_p1_mirror_hole_cov=0.1431 real_p1_skipped=1.0000 real_p1_hole_frac=0.2301 real_p2_eps=0.1173 real_p2_hit=1.0000 real_p2_t=171.0000 real_p2_ldif=0.0298 real_p2_gen_adv=-0.6809 real_p2_lfm=0.0005 real_total=0.0801 discr_adv=1.9332 x0_d_real=0.5562 x0_d_fake=0.4476 p2_d_real=0.7057 p2_d_fake=0.6809 g_grad_abs=786.8208 d_grad_abs=401.6875 synth_eps=0.0139 synth_eps_raw=0.0139 synth_x0_hit=0.0000 synth_total=0.0139 extra_render_attn_share=0.5824
[step 88600] real_p1_mirror_hole_cov=0.3464 real_p1_skipped=1.0000 real_p1_hole_frac=0.3535 real_p2_eps=0.2213 real_p2_hit=1.0000 real_p2_t=69.0000 real_p2_ldif=0.0164 real_p2_gen_adv=0.6180 real_p2_lfm=0.0003 real_total=0.3002 discr_adv=1.0540 p2_d_real=-0.7260 p2_d_fake=-0.6180 g_grad_abs=1015.2642 d_grad_abs=319.2140 synth_eps=0.2889 synth_eps_raw=0.2889 synth_x0_hit=1.0000 synth_x0_t=184.0000 synth_x0_ldif=0.0824 synth_x0_gen_adv=0.7805 synth_x0_lfm=0.0007 synth_total=0.4507 extra_render_attn_share=0.5824
[step 88650] real_p1_mirror_hole_cov=0.1542 real_p1_skipped=1.0000 real_p1_hole_frac=0.5818 real_p2_eps=0.1197 real_p2_hit=1.0000 real_p2_t=282.0000 real_p2_ldif=0.0731 real_p2_gen_adv=0.5666 real_p2_lfm=0.0019 real_total=0.2533 discr_adv=1.8313 x0_d_real=-0.5521 x0_d_fake=-0.6953 p2_d_real=-0.3723 p2_d_fake=-0.5666 g_grad_abs=916.7499 d_grad_abs=614.7045 synth_eps=0.0238 synth_eps_raw=0.0238 synth_x0_hit=0.0000 synth_total=0.0238 extra_render_attn_share=0.5824
[step 88700] real_p1_mirror_hole_cov=0.0818 real_p1_skipped=1.0000 real_p1_hole_frac=0.2962 real_p2_eps=0.0561 real_p2_hit=0.0000 real_total=0.0561 discr_adv=0.8924 x0_d_real=0.1341 x0_d_fake=-0.0812 g_grad_abs=400.1563 d_grad_abs=407.0493 synth_eps=0.5103 synth_eps_raw=0.5103 synth_x0_hit=1.0000 synth_x0_t=85.0000 synth_x0_ldif=0.0490 synth_x0_gen_adv=-0.7656 synth_x0_lfm=0.0005 synth_total=0.4838 extra_render_attn_share=0.5824
[step 88750] real_p1_mirror_hole_cov=0.0680 real_p1_skipped=1.0000 real_p1_hole_frac=0.3884 real_p2_eps=0.0735 real_p2_hit=0.0000 real_total=0.0735 synth_eps=0.0103 synth_eps_raw=0.0103 synth_x0_hit=0.0000 synth_total=0.0103 extra_render_attn_share=0.5824
[step 88800] real_p1_mirror_hole_cov=0.4580 real_p1_skipped=1.0000 real_p1_hole_frac=0.4749 real_p2_eps=0.0193 real_p2_hit=0.0000 real_total=0.0193 synth_eps=0.4427 synth_eps_raw=0.4427 synth_x0_hit=1.0000 synth_x0_t=104.0000 synth_x0_ldif=0.0551 synth_x0_gen_adv=0.3938 synth_x0_lfm=0.0005 synth_total=0.5382 extra_render_attn_share=0.5824
[step 88850] real_p1_mirror_hole_cov=0.0087 real_p1_skipped=1.0000 real_p1_hole_frac=0.1193 real_p2_eps=0.0686 real_p2_hit=1.0000 real_p2_t=283.0000 real_p2_ldif=0.0422 real_p2_gen_adv=0.0924 real_p2_lfm=0.0011 real_total=0.1223 discr_adv=1.0940 p2_d_real=-0.2805 p2_d_fake=-0.0924 g_grad_abs=810.1461 d_grad_abs=254.7506 synth_eps=0.0611 synth_eps_raw=0.0611 synth_x0_hit=0.0000 synth_total=0.0611 extra_render_attn_share=0.5824
[step 88900] real_p1_mirror_hole_cov=0.2182 real_p1_skipped=1.0000 real_p1_hole_frac=0.3353 real_p2_eps=0.0027 real_p2_hit=0.0000 real_total=0.0027 synth_eps=0.3445 synth_eps_raw=0.3445 synth_x0_hit=1.0000 synth_x0_t=77.0000 synth_x0_ldif=0.0292 synth_x0_gen_adv=0.6114 synth_x0_lfm=0.0003 synth_total=0.4354 extra_render_attn_share=0.5824
[step 88950] real_p1_mirror_hole_cov=0.0049 real_p1_skipped=1.0000 real_p1_hole_frac=0.0054 real_p2_eps=0.0092 real_p2_hit=0.0000 real_total=0.0092 synth_eps=0.0116 synth_eps_raw=0.0116 synth_x0_hit=0.0000 synth_total=0.0116 extra_render_attn_share=0.5824
[step 89000] real_p1_mirror_hole_cov=0.0329 real_p1_skipped=1.0000 real_p1_hole_frac=0.0616 real_p2_eps=0.0102 real_p2_hit=0.0000 real_total=0.0102 synth_eps=0.0048 synth_eps_raw=0.0048 synth_x0_hit=0.0000 synth_total=0.0048 extra_render_attn_share=0.5824
[images] real: anchor | cond1 | cond2 | inv_warp_mirror | mask | mask_inv | warp_img | warp_warp_img | x | y_hat | y_hat_novel -> /home/xzy/warpgan-diffusiong-inpainting/warpgan-diffusion-inpainting-main/experiments/train_inpainting_diffusion/[20260911-143749]_v18w3_w3d_30k/logs/images/train/real_step0089000.png
[images] synth: cond | mask | target | warp_img | x | y_hat_novel -> /home/xzy/warpgan-diffusiong-inpainting/warpgan-diffusion-inpainting-main/experiments/train_inpainting_diffusion/[20260911-143749]_v18w3_w3d_30k/logs/images/train/synth_step0089000.png
[step 89050] real_p1_mirror_hole_cov=0.1206 real_p1_skipped=1.0000 real_p1_hole_frac=0.4154 real_p2_eps=0.0772 real_p2_hit=0.0000 real_total=0.0772 discr_adv=0.9676 x0_d_real=0.6200 x0_d_fake=0.5552 g_grad_abs=444.7670 d_grad_abs=266.5894 synth_eps=0.0545 synth_eps_raw=0.0545 synth_x0_hit=0.0000 synth_total=0.0545 extra_render_attn_share=0.5824
[step 89100] real_p1_mirror_hole_cov=0.0694 real_p1_skipped=1.0000 real_p1_hole_frac=0.3515 real_p2_eps=0.0577 real_p2_hit=0.0000 real_total=0.0577 synth_eps=0.0017 synth_eps_raw=0.0017 synth_x0_hit=0.0000 synth_total=0.0017 extra_render_attn_share=0.5824
[step 89150] real_p1_mirror_hole_cov=0.0536 real_p1_skipped=1.0000 real_p1_hole_frac=0.1239 real_p2_eps=0.0080 real_p2_hit=0.0000 real_total=0.0080 discr_adv=0.9155 x0_d_real=-0.2738 x0_d_fake=-0.4428 g_grad_abs=114.6783 d_grad_abs=281.9587 synth_eps=0.0016 synth_eps_raw=0.0016 synth_x0_hit=0.0000 synth_total=0.0016 extra_render_attn_share=0.5824
[step 89200] real_p1_mirror_hole_cov=0.0978 real_p1_skipped=1.0000 real_p1_hole_frac=0.2208 real_p2_eps=0.0169 real_p2_hit=0.0000 real_total=0.0169 discr_adv=0.9989 x0_d_real=0.4163 x0_d_fake=0.4141 g_grad_abs=186.5228 d_grad_abs=101.9147 synth_eps=0.0326 synth_eps_raw=0.0326 synth_x0_hit=0.0000 synth_total=0.0326 extra_render_attn_share=0.5824
[step 89250] real_p1_mirror_hole_cov=0.1405 real_p1_skipped=1.0000 real_p1_hole_frac=0.0476 real_p2_eps=0.0512 real_p2_hit=0.0000 real_total=0.0512 synth_eps=0.0293 synth_eps_raw=0.0293 synth_x0_hit=0.0000 synth_total=0.0293 extra_render_attn_share=0.5824
[step 89300] real_p1_mirror_hole_cov=0.2523 real_p1_skipped=1.0000 real_p1_hole_frac=0.1753 real_p2_eps=0.0293 real_p2_hit=0.0000 real_total=0.0293 discr_adv=0.9785 x0_d_real=-0.6710 x0_d_fake=-0.7140 g_grad_abs=213.9759 d_grad_abs=81.4345 synth_eps=0.0011 synth_eps_raw=0.0011 synth_x0_hit=0.0000 synth_total=0.0011 extra_render_attn_share=0.5824
[step 89350] real_p1_mirror_hole_cov=0.0645 real_p1_skipped=1.0000 real_p1_hole_frac=0.2137 real_p2_eps=0.0083 real_p2_hit=0.0000 real_total=0.0083 discr_adv=0.9159 x0_d_real=-0.6342 x0_d_fake=-0.8023 g_grad_abs=102.3772 d_grad_abs=371.7362 synth_eps=0.4821 synth_eps_raw=0.4821 synth_x0_hit=1.0000 synth_x0_t=53.0000 synth_x0_ldif=0.0262 synth_x0_gen_adv=0.4917 synth_x0_lfm=0.0005 synth_total=0.5586 extra_render_attn_share=0.5824
[step 89400] real_p1_mirror_hole_cov=0.0007 real_p1_skipped=1.0000 real_p1_hole_frac=0.1120 real_p2_eps=0.0267 real_p2_hit=0.0000 real_total=0.0267 synth_eps=0.0193 synth_eps_raw=0.0193 synth_x0_hit=0.0000 synth_total=0.0193 extra_render_attn_share=0.5824
[step 89450] real_p1_mirror_hole_cov=0.0160 real_p1_skipped=1.0000 real_p1_hole_frac=0.0296 real_p2_eps=0.0257 real_p2_hit=0.0000 real_total=0.0257 synth_eps=0.0037 synth_eps_raw=0.0037 synth_x0_hit=0.0000 synth_total=0.0037 extra_render_attn_share=0.5824
[step 89500] real_p1_mirror_hole_cov=0.0372 real_p1_skipped=1.0000 real_p1_hole_frac=0.0557 real_p2_eps=0.0008 real_p2_hit=0.0000 real_total=0.0008 discr_adv=0.8643 x0_d_real=-0.3758 x0_d_fake=-0.6472 g_grad_abs=29.6211 d_grad_abs=507.0381 synth_eps=0.1919 synth_eps_raw=0.1919 synth_x0_hit=1.0000 synth_x0_t=217.0000 synth_x0_ldif=0.0720 synth_x0_gen_adv=-0.0822 synth_x0_lfm=0.0011 synth_total=0.2580 extra_render_attn_share=0.5824
[images] real: anchor | cond1 | cond2 | inv_warp_mirror | mask | mask_inv | warp_img | warp_warp_img | x | y_hat | y_hat_novel -> /home/xzy/warpgan-diffusiong-inpainting/warpgan-diffusion-inpainting-main/experiments/train_inpainting_diffusion/[20260911-143749]_v18w3_w3d_30k/logs/images/train/real_step0089500.png
[images] synth: cond | mask | target | warp_img | x | y_hat_novel -> /home/xzy/warpgan-diffusiong-inpainting/warpgan-diffusion-inpainting-main/experiments/train_inpainting_diffusion/[20260911-143749]_v18w3_w3d_30k/logs/images/train/synth_step0089500.png
[step 89550] real_p1_mirror_hole_cov=0.5797 real_p1_skipped=1.0000 real_p1_hole_frac=0.4516 real_p2_eps=0.0265 real_p2_hit=0.0000 real_total=0.0265 discr_adv=0.9775 x0_d_real=-0.4133 x0_d_fake=-0.4582 g_grad_abs=253.4897 d_grad_abs=98.7231 synth_eps=0.1834 synth_eps_raw=0.1834 synth_x0_hit=1.0000 synth_x0_t=240.0000 synth_x0_ldif=0.0824 synth_x0_gen_adv=0.1695 synth_x0_lfm=0.0003 synth_total=0.2834 extra_render_attn_share=0.5824
[step 89600] real_p1_mirror_hole_cov=0.0177 real_p1_skipped=1.0000 real_p1_hole_frac=0.2784 real_p2_eps=0.0170 real_p2_hit=0.0000 real_total=0.0170 synth_eps=0.1963 synth_eps_raw=0.1963 synth_x0_hit=1.0000 synth_x0_t=248.0000 synth_x0_ldif=0.0936 synth_x0_gen_adv=0.2156 synth_x0_lfm=0.0004 synth_total=0.3124 extra_render_attn_share=0.5824
[step 89650] real_p1_mirror_hole_cov=0.1170 real_p1_skipped=1.0000 real_p1_hole_frac=0.1477 real_p2_eps=0.0021 real_p2_hit=0.0000 real_total=0.0021 discr_adv=1.0570 x0_d_real=0.7252 x0_d_fake=0.8393 g_grad_abs=69.4229 d_grad_abs=535.0314 synth_eps=0.0627 synth_eps_raw=0.0627 synth_x0_hit=0.0000 synth_total=0.0627 extra_render_attn_share=0.5824
[step 89700] real_p1_mirror_hole_cov=0.0993 real_p1_skipped=1.0000 real_p1_hole_frac=0.5874 real_p2_eps=0.0063 real_p2_hit=0.0000 real_total=0.0063 synth_eps=0.0085 synth_eps_raw=0.0085 synth_x0_hit=0.0000 synth_total=0.0085 extra_render_attn_share=0.5824
[step 89750] real_p1_mirror_hole_cov=0.0679 real_p1_skipped=1.0000 real_p1_hole_frac=0.0147 real_p2_eps=0.0036 real_p2_hit=0.0000 real_total=0.0036 synth_eps=0.2032 synth_eps_raw=0.2032 synth_x0_hit=1.0000 synth_x0_t=274.0000 synth_x0_ldif=0.1172 synth_x0_gen_adv=-0.3271 synth_x0_lfm=0.0011 synth_total=0.2900 extra_render_attn_share=0.5824
[step 89800] real_p1_mirror_hole_cov=0.2399 real_p1_skipped=1.0000 real_p1_hole_frac=0.3037 real_p2_eps=0.0021 real_p2_hit=0.0000 real_total=0.0021 synth_eps=0.0469 synth_eps_raw=0.0469 synth_x0_hit=0.0000 synth_total=0.0469 extra_render_attn_share=0.5824
[step 89850] real_p1_mirror_hole_cov=0.0364 real_p1_skipped=1.0000 real_p1_hole_frac=0.4449 real_p2_eps=0.0963 real_p2_hit=0.0000 real_total=0.0963 discr_adv=0.9946 x0_d_real=0.3424 x0_d_fake=0.3316 g_grad_abs=468.0504 d_grad_abs=129.7167 synth_eps=0.0141 synth_eps_raw=0.0141 synth_x0_hit=0.0000 synth_total=0.0141 extra_render_attn_share=0.5824
[step 89900] real_p1_mirror_hole_cov=0.2103 real_p1_skipped=1.0000 real_p1_hole_frac=0.3568 real_p2_eps=0.0043 real_p2_hit=0.0000 real_total=0.0043 synth_eps=0.0068 synth_eps_raw=0.0068 synth_x0_hit=0.0000 synth_total=0.0068 extra_render_attn_share=0.5824
[step 89950] real_p1_mirror_hole_cov=0.0795 real_p1_skipped=1.0000 real_p1_hole_frac=0.3839 real_p2_eps=0.0739 real_p2_hit=0.0000 real_total=0.0739 discr_adv=0.8685 x0_d_real=-0.2590 x0_d_fake=-0.5219 g_grad_abs=360.3990 d_grad_abs=696.7761 synth_eps=0.0222 synth_eps_raw=0.0222 synth_x0_hit=0.0000 synth_total=0.0222 extra_render_attn_share=0.5824
[ckpt] saved /home/xzy/warpgan-diffusiong-inpainting/warpgan-diffusion-inpainting-main/experiments/train_inpainting_diffusion/[20260911-143749]_v18w3_w3d_30k/checkpoints/iteration_0089999.pt
[val step 89999] val_novel_full=0.1150 val_novel_hole=0.1369 val_novel_visible=0.1015
[step 90000] real_p1_mirror_hole_cov=0.0137 real_p1_skipped=1.0000 real_p1_hole_frac=0.0892 real_p2_eps=0.0410 real_p2_hit=0.0000 real_total=0.0410 synth_eps=0.0791 synth_eps_raw=0.0791 synth_x0_hit=0.0000 synth_total=0.0791 extra_render_attn_share=0.5755
[images] real: anchor | cond1 | cond2 | inv_warp_mirror | mask | mask_inv | warp_img | warp_warp_img | x | y_hat | y_hat_novel -> /home/xzy/warpgan-diffusiong-inpainting/warpgan-diffusion-inpainting-main/experiments/train_inpainting_diffusion/[20260911-143749]_v18w3_w3d_30k/logs/images/train/real_step0090000.png
[images] synth: cond | mask | target | warp_img | x | y_hat_novel -> /home/xzy/warpgan-diffusiong-inpainting/warpgan-diffusion-inpainting-main/experiments/train_inpainting_diffusion/[20260911-143749]_v18w3_w3d_30k/logs/images/train/synth_step0090000.png
[step 90050] real_p1_mirror_hole_cov=0.4881 real_p1_skipped=1.0000 real_p1_hole_frac=0.3597 real_p2_eps=0.0856 real_p2_hit=0.0000 real_total=0.0856 synth_eps=0.2146 synth_eps_raw=0.2146 synth_x0_hit=1.0000 synth_x0_t=233.0000 synth_x0_ldif=0.0913 synth_x0_gen_adv=-0.2311 synth_x0_lfm=0.0005 synth_total=0.2837 extra_render_attn_share=0.5755
[step 90100] real_p1_mirror_hole_cov=0.0419 real_p1_skipped=1.0000 real_p1_hole_frac=0.1327 real_p2_eps=0.0123 real_p2_hit=0.0000 real_total=0.0123 discr_adv=0.9905 x0_d_real=0.3813 x0_d_fake=0.3623 g_grad_abs=147.8364 d_grad_abs=107.7860 synth_eps=0.0129 synth_eps_raw=0.0129 synth_x0_hit=0.0000 synth_total=0.0129 extra_render_attn_share=0.5755
[step 90150] real_p1_mirror_hole_cov=0.2488 real_p1_skipped=1.0000 real_p1_hole_frac=0.3907 real_p2_eps=0.0593 real_p2_hit=0.0000 real_total=0.0593 synth_eps=0.7902 synth_eps_raw=0.7902 synth_x0_hit=1.0000 synth_x0_t=7.0000 synth_x0_ldif=0.0055 synth_x0_gen_adv=0.1594 synth_x0_lfm=0.0000 synth_total=0.8117 extra_render_attn_share=0.5755
[step 90200] real_p1_mirror_hole_cov=0.2428 real_p1_skipped=1.0000 real_p1_hole_frac=0.4243 real_p2_eps=0.1325 real_p2_hit=1.0000 real_p2_t=246.0000 real_p2_ldif=0.0623 real_p2_gen_adv=-0.7580 real_p2_lfm=0.0002 real_total=0.1194 discr_adv=0.9823 p2_d_real=0.7935 p2_d_fake=0.7580 g_grad_abs=868.7089 d_grad_abs=140.7029 synth_eps=0.0142 synth_eps_raw=0.0142 synth_x0_hit=0.0000 synth_total=0.0142 extra_render_attn_share=0.5755
[step 90250] real_p1_mirror_hole_cov=0.5773 real_p1_skipped=1.0000 real_p1_hole_frac=0.1561 real_p2_eps=0.0008 real_p2_hit=0.0000 real_total=0.0008 synth_eps=0.0451 synth_eps_raw=0.0451 synth_x0_hit=0.0000 synth_total=0.0451 extra_render_attn_share=0.5755
[step 90300] real_p1_mirror_hole_cov=0.0176 real_p1_skipped=1.0000 real_p1_hole_frac=0.0786 real_p2_eps=0.0191 real_p2_hit=0.0000 real_total=0.0191 synth_eps=0.1531 synth_eps_raw=0.1531 synth_x0_hit=0.0000 synth_total=0.1531 extra_render_attn_share=0.5755
[step 90350] real_p1_mirror_hole_cov=0.0650 real_p1_skipped=1.0000 real_p1_hole_frac=0.3725 real_p2_eps=0.1037 real_p2_hit=1.0000 real_p2_t=238.0000 real_p2_ldif=0.0459 real_p2_gen_adv=0.0000 real_p2_lfm=0.0001 real_total=0.1499 discr_adv=0.9791 p2_d_real=0.0424 p2_d_fake=-0.0000 g_grad_abs=945.7767 d_grad_abs=95.4819 synth_eps=0.2057 synth_eps_raw=0.2057 synth_x0_hit=1.0000 synth_x0_t=225.0000 synth_x0_ldif=0.0823 synth_x0_gen_adv=0.0151 synth_x0_lfm=0.0002 synth_total=0.2900 extra_render_attn_share=0.5755
[step 90400] real_p1_mirror_hole_cov=0.0833 real_p1_skipped=1.0000 real_p1_hole_frac=0.1629 real_p2_eps=0.4472 real_p2_hit=1.0000 real_p2_t=12.0000 real_p2_ldif=0.0051 real_p2_gen_adv=-0.1541 real_p2_lfm=0.0000 real_total=0.4370 discr_adv=0.9943 p2_d_real=0.1656 p2_d_fake=0.1541 g_grad_abs=1238.9940 d_grad_abs=29.1747 synth_eps=0.0071 synth_eps_raw=0.0071 synth_x0_hit=0.0000 synth_total=0.0071 extra_render_attn_share=0.5755
[step 90450] real_p1_mirror_hole_cov=0.0749 real_p1_skipped=1.0000 real_p1_hole_frac=0.3353 real_p2_eps=0.0053 real_p2_hit=0.0000 real_total=0.0053 synth_eps=0.2504 synth_eps_raw=0.2504 synth_x0_hit=1.0000 synth_x0_t=243.0000 synth_x0_ldif=0.1150 synth_x0_gen_adv=-0.6100 synth_x0_lfm=0.0010 synth_total=0.3064 extra_render_attn_share=0.5755
[step 90500] real_p1_mirror_hole_cov=0.0002 real_p1_skipped=1.0000 real_p1_hole_frac=0.1782 real_p2_eps=0.0644 real_p2_hit=0.0000 real_total=0.0644 synth_eps=0.0018 synth_eps_raw=0.0018 synth_x0_hit=0.0000 synth_total=0.0018 extra_render_attn_share=0.5755
[images] real: anchor | cond1 | cond2 | inv_warp_mirror | mask | mask_inv | warp_img | warp_warp_img | x | y_hat | y_hat_novel -> /home/xzy/warpgan-diffusiong-inpainting/warpgan-diffusion-inpainting-main/experiments/train_inpainting_diffusion/[20260911-143749]_v18w3_w3d_30k/logs/images/train/real_step0090500.png
[images] synth: cond | mask | target | warp_img | x | y_hat_novel -> /home/xzy/warpgan-diffusiong-inpainting/warpgan-diffusion-inpainting-main/experiments/train_inpainting_diffusion/[20260911-143749]_v18w3_w3d_30k/logs/images/train/synth_step0090500.png
[step 90550] real_p1_mirror_hole_cov=0.1328 real_p1_skipped=1.0000 real_p1_hole_frac=0.2239 real_p2_eps=0.0047 real_p2_hit=0.0000 real_total=0.0047 synth_eps=0.2372 synth_eps_raw=0.2372 synth_x0_hit=1.0000 synth_x0_t=209.0000 synth_x0_ldif=0.0835 synth_x0_gen_adv=0.3368 synth_x0_lfm=0.0003 synth_total=0.3550 extra_render_attn_share=0.5755
[step 90600] real_p1_mirror_hole_cov=0.1368 real_p1_skipped=1.0000 real_p1_hole_frac=0.2234 real_p2_eps=0.1479 real_p2_hit=1.0000 real_p2_t=177.0000 real_p2_ldif=0.0397 real_p2_gen_adv=-0.0168 real_p2_lfm=0.0001 real_total=0.1861 discr_adv=1.0059 p2_d_real=0.0052 p2_d_fake=0.0168 g_grad_abs=1132.1191 d_grad_abs=204.2667 synth_eps=0.0775 synth_eps_raw=0.0775 synth_x0_hit=0.0000 synth_total=0.0775 extra_render_attn_share=0.5755
[step 90650] real_p1_mirror_hole_cov=0.1676 real_p1_skipped=1.0000 real_p1_hole_frac=0.2307 real_p2_eps=0.3058 real_p2_hit=1.0000 real_p2_t=29.0000 real_p2_ldif=0.0088 real_p2_gen_adv=0.1800 real_p2_lfm=0.0000 real_total=0.3326 discr_adv=0.9946 p2_d_real=-0.1692 p2_d_fake=-0.1800 g_grad_abs=970.5320 d_grad_abs=63.6656 synth_eps=0.0448 synth_eps_raw=0.0448 synth_x0_hit=0.0000 synth_total=0.0448 extra_render_attn_share=0.5755
[step 90700] real_p1_mirror_hole_cov=0.1626 real_p1_skipped=1.0000 real_p1_hole_frac=0.1083 real_p2_eps=0.1033 real_p2_hit=1.0000 real_p2_t=217.0000 real_p2_ldif=0.0388 real_p2_gen_adv=0.8217 real_p2_lfm=0.0002 real_total=0.2246 discr_adv=0.9867 p2_d_real=-0.7929 p2_d_fake=-0.8217 g_grad_abs=820.0408 d_grad_abs=214.0080 synth_eps=0.1469 synth_eps_raw=0.1469 synth_x0_hit=0.0000 synth_total=0.1469 extra_render_attn_share=0.5755
[step 90750] real_p1_mirror_hole_cov=0.1241 real_p1_skipped=1.0000 real_p1_hole_frac=0.2262 real_p2_eps=0.0101 real_p2_hit=0.0000 real_total=0.0101 discr_adv=0.9650 x0_d_real=-0.6436 x0_d_fake=-0.7136 g_grad_abs=117.8843 d_grad_abs=457.2538 synth_eps=0.1330 synth_eps_raw=0.1330 synth_x0_hit=0.0000 synth_total=0.1330 extra_render_attn_share=0.5755
[step 90800] real_p1_mirror_hole_cov=0.1495 real_p1_skipped=1.0000 real_p1_hole_frac=0.2343 real_p2_eps=0.0386 real_p2_hit=0.0000 real_total=0.0386 synth_eps=0.0673 synth_eps_raw=0.0673 synth_x0_hit=0.0000 synth_total=0.0673 extra_render_attn_share=0.5755
[step 90850] real_p1_mirror_hole_cov=0.1312 real_p1_skipped=1.0000 real_p1_hole_frac=0.2463 real_p2_eps=0.0045 real_p2_hit=0.0000 real_total=0.0045 synth_eps=0.0133 synth_eps_raw=0.0133 synth_x0_hit=0.0000 synth_total=0.0133 extra_render_attn_share=0.5755
[step 90900] real_p1_mirror_hole_cov=0.3504 real_p1_skipped=1.0000 real_p1_hole_frac=0.2556 real_p2_eps=0.0298 real_p2_hit=0.0000 real_total=0.0298 discr_adv=0.9624 x0_d_real=0.1554 x0_d_fake=0.0801 g_grad_abs=307.1588 d_grad_abs=239.1881 synth_eps=0.3900 synth_eps_raw=0.3900 synth_x0_hit=1.0000 synth_x0_t=85.0000 synth_x0_ldif=0.0374 synth_x0_gen_adv=-0.1678 synth_x0_lfm=0.0042 synth_total=0.4190 extra_render_attn_share=0.5755
[step 90950] real_p1_mirror_hole_cov=0.2256 real_p1_skipped=1.0000 real_p1_hole_frac=0.4549 real_p2_eps=0.0062 real_p2_hit=0.0000 real_total=0.0062 synth_eps=0.3082 synth_eps_raw=0.3082 synth_x0_hit=1.0000 synth_x0_t=142.0000 synth_x0_ldif=0.0591 synth_x0_gen_adv=0.1828 synth_x0_lfm=0.0055 synth_total=0.3967 extra_render_attn_share=0.5755
[step 91000] real_p1_mirror_hole_cov=0.1499 real_p1_skipped=1.0000 real_p1_hole_frac=0.6318 real_p2_eps=0.0991 real_p2_hit=0.0000 real_total=0.0991 synth_eps=0.0677 synth_eps_raw=0.0677 synth_x0_hit=0.0000 synth_total=0.0677 extra_render_attn_share=0.5755
[images] real: anchor | cond1 | cond2 | inv_warp_mirror | mask | mask_inv | warp_img | warp_warp_img | x | y_hat | y_hat_novel -> /home/xzy/warpgan-diffusiong-inpainting/warpgan-diffusion-inpainting-main/experiments/train_inpainting_diffusion/[20260911-143749]_v18w3_w3d_30k/logs/images/train/real_step0091000.png
[images] synth: cond | mask | target | warp_img | x | y_hat_novel -> /home/xzy/warpgan-diffusiong-inpainting/warpgan-diffusion-inpainting-main/experiments/train_inpainting_diffusion/[20260911-143749]_v18w3_w3d_30k/logs/images/train/synth_step0091000.png
[step 91050] real_p1_mirror_hole_cov=0.0838 real_p1_skipped=1.0000 real_p1_hole_frac=0.1743 real_p2_eps=0.0030 real_p2_hit=0.0000 real_total=0.0030 synth_eps=0.0906 synth_eps_raw=0.0906 synth_x0_hit=0.0000 synth_total=0.0906 extra_render_attn_share=0.5755
[step 91100] real_p1_mirror_hole_cov=0.0971 real_p1_skipped=1.0000 real_p1_hole_frac=0.4709 real_p2_eps=0.1328 real_p2_hit=1.0000 real_p2_t=158.0000 real_p2_ldif=0.0299 real_p2_gen_adv=0.4817 real_p2_lfm=0.0050 real_total=0.2209 discr_adv=0.9724 p2_d_real=-0.4266 p2_d_fake=-0.4817 g_grad_abs=1280.2393 d_grad_abs=287.6040 synth_eps=0.0135 synth_eps_raw=0.0135 synth_x0_hit=0.0000 synth_total=0.0135 extra_render_attn_share=0.5755
[step 91150] real_p1_mirror_hole_cov=0.0641 real_p1_skipped=1.0000 real_p1_hole_frac=0.3422 real_p2_eps=0.0557 real_p2_hit=0.0000 real_total=0.0557 discr_adv=1.0237 x0_d_real=-0.1413 x0_d_fake=-0.0938 g_grad_abs=352.6540 d_grad_abs=174.8076 synth_eps=0.2017 synth_eps_raw=0.2017 synth_x0_hit=1.0000 synth_x0_t=232.0000 synth_x0_ldif=0.0852 synth_x0_gen_adv=0.3624 synth_x0_lfm=0.0021 synth_total=0.3274 extra_render_attn_share=0.5755
[step 91200] real_p1_mirror_hole_cov=0.0517 real_p1_skipped=1.0000 real_p1_hole_frac=0.2352 real_p2_eps=0.0009 real_p2_hit=0.0000 real_total=0.0009 synth_eps=0.0601 synth_eps_raw=0.0601 synth_x0_hit=0.0000 synth_total=0.0601 extra_render_attn_share=0.5755
[step 91250] real_p1_mirror_hole_cov=0.0486 real_p1_skipped=1.0000 real_p1_hole_frac=0.2066 real_p2_eps=0.0197 real_p2_hit=0.0000 real_total=0.0197 synth_eps=0.0472 synth_eps_raw=0.0472 synth_x0_hit=0.0000 synth_total=0.0472 extra_render_attn_share=0.5755
[step 91300] real_p1_mirror_hole_cov=0.0560 real_p1_skipped=1.0000 real_p1_hole_frac=0.2433 real_p2_eps=0.0010 real_p2_hit=0.0000 real_total=0.0010 synth_eps=0.1037 synth_eps_raw=0.1037 synth_x0_hit=0.0000 synth_total=0.1037 extra_render_attn_share=0.5755
[step 91350] real_p1_mirror_hole_cov=0.1749 real_p1_skipped=1.0000 real_p1_hole_frac=0.1446 real_p2_eps=0.0740 real_p2_hit=1.0000 real_p2_t=229.0000 real_p2_ldif=0.0305 real_p2_gen_adv=-0.3618 real_p2_lfm=0.0013 real_total=0.0710 discr_adv=1.0427 p2_d_real=0.2763 p2_d_fake=0.3618 g_grad_abs=656.7081 d_grad_abs=407.3380 synth_eps=0.0354 synth_eps_raw=0.0354 synth_x0_hit=0.0000 synth_total=0.0354 extra_render_attn_share=0.5755
[step 91400] real_p1_mirror_hole_cov=0.2722 real_p1_skipped=1.0000 real_p1_hole_frac=0.5906 real_p2_eps=0.0756 real_p2_hit=0.0000 real_total=0.0756 discr_adv=0.9721 x0_d_real=0.2551 x0_d_fake=0.1993 g_grad_abs=413.8969 d_grad_abs=238.9655 synth_eps=0.1804 synth_eps_raw=0.1804 synth_x0_hit=1.0000 synth_x0_t=288.0000 synth_x0_ldif=0.1150 synth_x0_gen_adv=-0.1780 synth_x0_lfm=0.0019 synth_total=0.2815 extra_render_attn_share=0.5755
[step 91450] real_p1_mirror_hole_cov=0.0146 real_p1_skipped=1.0000 real_p1_hole_frac=0.1517 real_p2_eps=0.0042 real_p2_hit=0.0000 real_total=0.0042 synth_eps=0.0688 synth_eps_raw=0.0688 synth_x0_hit=0.0000 synth_total=0.0688 extra_render_attn_share=0.5755
[step 91500] real_p1_mirror_hole_cov=0.0003 real_p1_skipped=1.0000 real_p1_hole_frac=0.2755 real_p2_eps=0.0012 real_p2_hit=0.0000 real_total=0.0012 discr_adv=0.9278 x0_d_real=-0.0322 x0_d_fake=-0.1765 g_grad_abs=22.3439 d_grad_abs=297.7305 synth_eps=0.2092 synth_eps_raw=0.2092 synth_x0_hit=1.0000 synth_x0_t=172.0000 synth_x0_ldif=0.0536 synth_x0_gen_adv=0.0182 synth_x0_lfm=0.0015 synth_total=0.2677 extra_render_attn_share=0.5755
[images] real: anchor | cond1 | cond2 | inv_warp_mirror | mask | mask_inv | warp_img | warp_warp_img | x | y_hat | y_hat_novel -> /home/xzy/warpgan-diffusiong-inpainting/warpgan-diffusion-inpainting-main/experiments/train_inpainting_diffusion/[20260911-143749]_v18w3_w3d_30k/logs/images/train/real_step0091500.png
[images] synth: cond | mask | target | warp_img | x | y_hat_novel -> /home/xzy/warpgan-diffusiong-inpainting/warpgan-diffusion-inpainting-main/experiments/train_inpainting_diffusion/[20260911-143749]_v18w3_w3d_30k/logs/images/train/synth_step0091500.png
[step 91550] real_p1_mirror_hole_cov=0.1176 real_p1_skipped=1.0000 real_p1_hole_frac=0.1027 real_p2_eps=0.0018 real_p2_hit=0.0000 real_total=0.0018 discr_adv=0.9875 x0_d_real=0.0438 x0_d_fake=0.0187 g_grad_abs=53.4167 d_grad_abs=165.3633 synth_eps=0.0278 synth_eps_raw=0.0278 synth_x0_hit=0.0000 synth_total=0.0278 extra_render_attn_share=0.5755
[step 91600] real_p1_mirror_hole_cov=0.0577 real_p1_skipped=1.0000 real_p1_hole_frac=0.0704 real_p2_eps=0.0045 real_p2_hit=0.0000 real_total=0.0045 synth_eps=0.0952 synth_eps_raw=0.0952 synth_x0_hit=0.0000 synth_total=0.0952 extra_render_attn_share=0.5755
[step 91650] real_p1_mirror_hole_cov=0.1933 real_p1_skipped=1.0000 real_p1_hole_frac=0.2619 real_p2_eps=0.0166 real_p2_hit=0.0000 real_total=0.0166 discr_adv=0.9975 x0_d_real=-0.8940 x0_d_fake=-0.8995 g_grad_abs=137.9349 d_grad_abs=48.3499 synth_eps=0.0182 synth_eps_raw=0.0182 synth_x0_hit=0.0000 synth_total=0.0182 extra_render_attn_share=0.5755
[step 91700] real_p1_mirror_hole_cov=0.0197 real_p1_skipped=1.0000 real_p1_hole_frac=0.4455 real_p2_eps=0.0298 real_p2_hit=0.0000 real_total=0.0298 synth_eps=0.0047 synth_eps_raw=0.0047 synth_x0_hit=0.0000 synth_total=0.0047 extra_render_attn_share=0.5755
[step 91750] real_p1_mirror_hole_cov=0.2006 real_p1_skipped=1.0000 real_p1_hole_frac=0.3316 real_p2_eps=0.1551 real_p2_hit=1.0000 real_p2_t=182.0000 real_p2_ldif=0.0435 real_p2_gen_adv=-0.4290 real_p2_lfm=0.0013 real_total=0.1582 discr_adv=1.0545 p2_d_real=0.3199 p2_d_fake=0.4290 g_grad_abs=938.3092 d_grad_abs=311.2328 synth_eps=0.0451 synth_eps_raw=0.0451 synth_x0_hit=0.0000 synth_total=0.0451 extra_render_attn_share=0.5755
[step 91800] real_p1_mirror_hole_cov=0.2478 real_p1_skipped=1.0000 real_p1_hole_frac=0.0578 real_p2_eps=0.0068 real_p2_hit=0.0000 real_total=0.0068 discr_adv=0.9590 x0_d_real=0.0196 x0_d_fake=-0.0624 g_grad_abs=100.7582 d_grad_abs=217.0561 synth_eps=0.0505 synth_eps_raw=0.0505 synth_x0_hit=0.0000 synth_total=0.0505 extra_render_attn_share=0.5755
[step 91850] real_p1_mirror_hole_cov=0.2009 real_p1_skipped=1.0000 real_p1_hole_frac=0.6021 real_p2_eps=0.0029 real_p2_hit=0.0000 real_total=0.0029 synth_eps=0.0191 synth_eps_raw=0.0191 synth_x0_hit=0.0000 synth_total=0.0191 extra_render_attn_share=0.5755
[step 91900] real_p1_mirror_hole_cov=0.0459 real_p1_skipped=1.0000 real_p1_hole_frac=0.6585 real_p2_eps=0.0021 real_p2_hit=0.0000 real_total=0.0021 synth_eps=0.0177 synth_eps_raw=0.0177 synth_x0_hit=0.0000 synth_total=0.0177 extra_render_attn_share=0.5755
[step 91950] real_p1_mirror_hole_cov=0.0510 real_p1_skipped=1.0000 real_p1_hole_frac=0.0751 real_p2_eps=0.0911 real_p2_hit=1.0000 real_p2_t=163.0000 real_p2_ldif=0.0215 real_p2_gen_adv=-0.5918 real_p2_lfm=0.0003 real_total=0.0540 discr_adv=1.0231 p2_d_real=0.5456 p2_d_fake=0.5918 g_grad_abs=650.7569 d_grad_abs=185.2131 synth_eps=0.0020 synth_eps_raw=0.0020 synth_x0_hit=0.0000 synth_total=0.0020 extra_render_attn_share=0.5755
[val step 91999] val_novel_full=0.0749 val_novel_hole=0.1189 val_novel_visible=0.0559
[step 92000] real_p1_mirror_hole_cov=0.0301 real_p1_skipped=1.0000 real_p1_hole_frac=0.2349 real_p2_eps=0.0011 real_p2_hit=0.0000 real_total=0.0011 discr_adv=0.9373 x0_d_real=0.0645 x0_d_fake=-0.0609 g_grad_abs=25.3054 d_grad_abs=262.8901 synth_eps=0.0017 synth_eps_raw=0.0017 synth_x0_hit=0.0000 synth_total=0.0017 extra_render_attn_share=0.6064
[images] real: anchor | cond1 | cond2 | inv_warp_mirror | mask | mask_inv | warp_img | warp_warp_img | x | y_hat | y_hat_novel -> /home/xzy/warpgan-diffusiong-inpainting/warpgan-diffusion-inpainting-main/experiments/train_inpainting_diffusion/[20260911-143749]_v18w3_w3d_30k/logs/images/train/real_step0092000.png
[images] synth: cond | mask | target | warp_img | x | y_hat_novel -> /home/xzy/warpgan-diffusiong-inpainting/warpgan-diffusion-inpainting-main/experiments/train_inpainting_diffusion/[20260911-143749]_v18w3_w3d_30k/logs/images/train/synth_step0092000.png
[step 92050] real_p1_mirror_hole_cov=0.4124 real_p1_skipped=1.0000 real_p1_hole_frac=0.5689 real_p2_eps=0.0660 real_p2_hit=0.0000 real_total=0.0660 synth_eps=0.0036 synth_eps_raw=0.0036 synth_x0_hit=0.0000 synth_total=0.0036 extra_render_attn_share=0.6064
[step 92100] real_p1_mirror_hole_cov=0.1837 real_p1_skipped=1.0000 real_p1_hole_frac=0.6612 real_p2_eps=0.0010 real_p2_hit=0.0000 real_total=0.0010 discr_adv=0.9688 x0_d_real=0.2364 x0_d_fake=0.1741 g_grad_abs=25.2108 d_grad_abs=301.8790 synth_eps=0.0268 synth_eps_raw=0.0268 synth_x0_hit=0.0000 synth_total=0.0268 extra_render_attn_share=0.6064
[step 92150] real_p1_mirror_hole_cov=0.0547 real_p1_skipped=1.0000 real_p1_hole_frac=0.2119 real_p2_eps=0.0476 real_p2_hit=0.0000 real_total=0.0476 discr_adv=0.9679 x0_d_real=0.4173 x0_d_fake=0.3531 g_grad_abs=313.8375 d_grad_abs=237.1336 synth_eps=0.0364 synth_eps_raw=0.0364 synth_x0_hit=0.0000 synth_total=0.0364 extra_render_attn_share=0.6064
[step 92200] real_p1_mirror_hole_cov=0.0178 real_p1_skipped=1.0000 real_p1_hole_frac=0.1968 real_p2_eps=0.0251 real_p2_hit=0.0000 real_total=0.0251 synth_eps=0.1048 synth_eps_raw=0.1048 synth_x0_hit=0.0000 synth_total=0.1048 extra_render_attn_share=0.6064
[step 92250] real_p1_mirror_hole_cov=0.1134 real_p1_skipped=1.0000 real_p1_hole_frac=0.0620 real_p2_eps=0.0004 real_p2_hit=0.0000 real_total=0.0004 synth_eps=0.0537 synth_eps_raw=0.0537 synth_x0_hit=0.0000 synth_total=0.0537 extra_render_attn_share=0.6064
[step 92300] real_p1_mirror_hole_cov=0.1595 real_p1_skipped=1.0000 real_p1_hole_frac=0.2417 real_p2_eps=0.1467 real_p2_hit=1.0000 real_p2_t=194.0000 real_p2_ldif=0.0456 real_p2_gen_adv=-0.8965 real_p2_lfm=0.0006 real_total=0.1037 discr_adv=1.0041 p2_d_real=0.8922 p2_d_fake=0.8965 g_grad_abs=991.0227 d_grad_abs=71.8088 synth_eps=0.0188 synth_eps_raw=0.0188 synth_x0_hit=0.0000 synth_total=0.0188 extra_render_attn_share=0.6064
