[v19-w8_pixeld] resume from /home/xzy/warpgan-diffusiong-inpainting/warpgan-diffusion-inpainting-main/experiments/train_inpainting_diffusion/v19_w8_pixeld_300k/checkpoints/iteration_0129999.pt at Sun 20 Sep 2026 10:48:10 AM CST
2026-09-20 10:48:13.194629: I tensorflow/core/util/util.cc:169] oneDNN custom operations are on. You may see slightly different numerical results due to floating-point round-off errors from different computation orders. To turn them off, set the environment variable `TF_ENABLE_ONEDNN_OPTS=0`.
2026-09-20 10:48:13.199567: W tensorflow/stream_executor/platform/default/dso_loader.cc:64] Could not load dynamic library 'libcudart.so.11.0'; dlerror: libcudart.so.11.0: cannot open shared object file: No such file or directory; LD_LIBRARY_PATH: /usr/local/cuda-12.2/lib64:/usr/local/cuda-12.2/lib64:/usr/local/cuda-12.2/lib64
2026-09-20 10:48:13.199594: I tensorflow/stream_executor/cuda/cudart_stub.cc:29] Ignore above cudart dlerror if you do not have a GPU set up on your machine.
/home/xzy/miniconda3/envs/warpgan/lib/python3.9/site-packages/sklearn/utils/fixes.py:28: UserWarning: pkg_resources is deprecated as an API. See https://setuptools.pypa.io/en/latest/pkg_resources.html. The pkg_resources package is slated for removal as early as 2025-11-30. Refrain from using this package or pin to Setuptools<81.
  from pkg_resources import parse_version  # type: ignore
W0920 10:48:20.469209 527346 site-packages/torch/utils/cpp_extension.py:2425] TORCH_CUDA_ARCH_LIST is not set, all archs for visible cards are included for compilation. 
W0920 10:48:20.469209 527346 site-packages/torch/utils/cpp_extension.py:2425] If this is not desired, please set os.environ['TORCH_CUDA_ARCH_LIST'] to specific architectures.
W0920 10:48:20.776251 527346 site-packages/torch/utils/cpp_extension.py:2425] TORCH_CUDA_ARCH_LIST is not set, all archs for visible cards are included for compilation. 
W0920 10:48:20.776251 527346 site-packages/torch/utils/cpp_extension.py:2425] If this is not desired, please set os.environ['TORCH_CUDA_ARCH_LIST'] to specific architectures.
[compat] patched models/goae WindowAttention.forward (torch>=2.6 CPU-bound clamp fix; numerically identical)
Resuming in existing experiment directory: /home/xzy/warpgan-diffusiong-inpainting/warpgan-diffusion-inpainting-main/experiments/train_inpainting_diffusion/v19_w8_pixeld_300k
device: cuda:0
prompt:
  preset: ''
  text: ''
infer:
  t_start: 0
hf:
  enable: false
  thresh: 50.0
prior_preserve:
  freq: 0
exp_dir: /home/xzy/warpgan-diffusiong-inpainting/warpgan-diffusion-inpainting-main/experiments/train_inpainting_diffusion/v19_w8_pixeld_300k
checkpoint_path: /home/xzy/warpgan-diffusiong-inpainting/warpgan-diffusion-inpainting-main/experiments/train_inpainting_diffusion/v19_w8_pixeld_300k/checkpoints/iteration_0129999.pt
max_steps: 130120
paths:
  sd: ./pretrained_models/AI-ModelScope/stable-diffusion-v1-5
  brushnet: ./pretrained_models/brushnet
  wplus_stage_c: /data/xzy/warpgan20260803/20260803/experiments/_wplus_identity_pretrain/checkpoints/iteration_50000.pt
  dataset:
    train: ./data/FFHQ-EG3D_all_static_rebalanced
    test: ./data/celeba-hq_1000_static_rebalanced
    synth: ./data/SynthData100000_rebalanced
data:
  batch_size: 1
  workers: 4
  test_batch_size: 2
  test_workers: 2
  rebalanced: false
  add_LPFF: false
  synth:
    able: true
    zplus: false
    batch_size: ${data.batch_size}
gan:
  device: ${device}
  eg3d_type: plus_r
  encoder_type: goae
  psp:
    n_styles: 14
  goae:
    mlp_layer: 2
    cfg: ./configs/swinv2.yaml
  state_dict_key: psp_state_dict
  checkpoint_path: ./pretrained_models/inversion/gan_encoder.pt
warp:
  warp_ori_train: true
  warp_ori_val: true
  warp_pred: false
  hybrid: true
  cond_erode_kernel: 3
  cond_gaussian_blur_kernel: 21
wplus:
  mode: s1_mapper
  gate_value: 3.0
  init_from_stage_c: false
reference:
  use: true
  use_mirror: true
  real_primary: mirror
  gate_init: 0.5
  lr: 5.0e-06
  local_window_k: 0
  local_gate_init: 0.25
brushnet:
  init: pretrained
  lr: 1.0e-05
  use_8bit_adam: true
  gradient_checkpointing: true
losses:
  eps_weight: 1.0
  synth_texture: full
  synth_lowpass_sigma: 2.0
  real_pass1:
    forward: true
    t_max: 0
    anchor_median: 5
    visible_weight: 1.0
    hole_weight: 0
    blind_struct_weight: 0
    mirror_anchor: true
  pixel:
    max_timestep: 200
    x0_clip: 3.0
    resolution: 256
    patch_latent: 32
    apply_to_synth: false
    l1_weight: 0
    resnet_pl_weight: 0
    id_weight: 0
    weights_path: ./pretrained_models/LaMa_perceptual_loss_models
  latent:
    weight: 0
  lpips:
    weight: 0
  adversarial:
    weight: 10
    kind: r1
    gp_coef: 0.001
    mask_as_fake_target: false
    allow_scale_mask: true
  feature_matching:
    weight: 100
  x0:
    enable: true
    mode: invsr
    t_max: 300
    w_ldif: 1.0
    w_lfm: 2.0
    w_ldis: 0.1
    dis_warmup: 3000
    latent_bound: 10.0
    hole_d:
      enable: false
      weight: 0.1
      warmup: 2000
    pixel_d:
      enable: true
      warmup: 1000
    l1_weight: 1.0
    llpips_enable: true
    llpips_ckpt: ./weights/vgg16_sdturbo_lpips.pth
    clip: 8.0
    res_latent: 32
    d_real: paired_target
  preserve:
    weight: 0
    teacher_wplus: true
  discriminator:
    kind: pix2pixhd_nlayer
    input_nc: 3
    ndf: 64
    n_layers: 4
  optimizers:
    discriminator:
      lr: 0.0001
log:
  image_interval: 500
  board_interval: 50
  val_interval: 2000
  save_interval: 10000
  use_wandb: false
smoke:
  check: true
  fix_timestep: null

==============================================================================
[EFFECTIVE CONFIG — verify line by line before trusting any run]
  exp_dir               : /home/xzy/warpgan-diffusiong-inpainting/warpgan-diffusion-inpainting-main/experiments/train_inpainting_diffusion/v19_w8_pixeld_300k
  max_steps             : 130120
  device                : cuda:0
  synth/real 1:1        : use_synth=True
  batch_size (real/synth): 1 / 1
  warp: 512=True hybrid=True warp_pred=False mask=raw_splatting (NO erode/blur)
  warp cond soften     : erode=3px blur_k=21 (v10: CONDITION-side only, supervision keeps raw mask; orig port)
  wplus: mode=s1_mapper gate=fixed tanh(3.0) stage_c_init=False
  reference: use=True use_mirror=True gate_init=0.5 lr=5e-06
  reference real_primary : mirror (user plan: real photo = PRIMARY bank source, render -> extra)
  reference LOCAL       : window=0 gate_init=0.25 (v11 texture-band retrieval from PRIMARY (real-photo) source; activates the formerly-dead reference_local_scale)
  real pass1 dual-band  : visible/mirror FULL-band x1.0 + blind LOW-band x0.0 (v12: target=FULL SHARP render, only low-freq error penalized; hole_weight=0.0 ignored when dual-band active; 0=off -> single-band v11 path)
  loss synth_texture     : full (sigma=2.0 latent px; user plan: structure-only supervision, texture band = 0)
  brushnet: init=pretrained lr=1e-05 8bit=True grad_ckpt=True
  loss eps_weight       : 1.0
  real pass1 FORWARD    : True (False = STRUCT arm: real batch trains pass2 only; inference unchanged)
  real pass1 t-domain   : FULL [0,1000) | infer.t_start=0 (0=pure-noise chain; >0=SDEdit from the noised anchor)
  loss real_p1 anchor   : visible=1.0 (target=inv_warp) hole=0 (target=y_hat_novel) mirror_anchor=True (hole real-photo coverage via inv_warp(x_mirror))
  loss pixel (t<200)   : L1*0 PL*0 ID*0 x0_clip=3.0 res=256
  loss latent closure   : *0 (orig L1195-1200)
  loss lpips/gan/fm     : 0 / 10 / 100  (orig GAN/FM 10/100 -> default 0)
  timestep range        : [0, 1000) FULL RANGE (no low-t clamp; v3.1 lesson)
  smoke: check=True fix_timestep=None
  path [OK ] sd            : ./pretrained_models/AI-ModelScope/stable-diffusion-v1-5
  path [OK ] brushnet      : ./pretrained_models/brushnet
  path [OK ] train         : ./data/FFHQ-EG3D_all_static_rebalanced
  path [OK ] test          : ./data/celeba-hq_1000_static_rebalanced
  path [OK ] synth         : ./data/SynthData100000_rebalanced
  path [OK ] LaMa_PL       : ./pretrained_models/LaMa_perceptual_loss_models
  path [OK ] gan_encoder   : ./pretrained_models/inversion/gan_encoder.pt
==============================================================================
[BrushNet] init: official pretrained inpainting checkpoint
[W8] pass1 PIXEL D ACTIVE (orig third layer): adv x10.0 fm x100.0 warmup=+1000 from first pair
[v18.3] InvSR x0 SUPERVISION ACTIVE: latent-space MSE+FM+adv on the single-step x0, t<=300, w=ldif:1.0/lfm:2.0/ldis:0.1
[v14/W8] PIXEL GAN/FM: NLayer D params=6,962,369 | fm_weight=100.0 (orig 100) | g_adv_weight=10.0 (orig 10) | r1 gp_coef=0.001
[v18.3 InvSR] latent UNet-D 106,176,612 params | t_max=300 | w ldif:lfm:ldis = 1.0:2.0:0.1 | latent clamp ±10.0 | dis_warmup=3000 (their 10K/100K iters scaled to our 30K budget)
/home/xzy/miniconda3/envs/warpgan/lib/python3.9/site-packages/torchvision/models/_utils.py:208: UserWarning: The parameter 'pretrained' is deprecated since 0.13 and may be removed in the future, please use 'weights' instead.
  warnings.warn(
/home/xzy/miniconda3/envs/warpgan/lib/python3.9/site-packages/torchvision/models/_utils.py:223: UserWarning: Arguments other than a weight enum or `None` for 'weights' are deprecated since 0.13 and may be removed in the future. The current behavior is equivalent to passing `weights=VGG16_Weights.IMAGENET1K_V1`. You can also use `weights=VGG16_Weights.DEFAULT` to get the most up-to-date weights.
  warnings.warn(msg)
[v18.4] InvSR finetuned latent-LPIPS ACTIVE (w=2.0) <- ./weights/vgg16_sdturbo_lpips.pth
[params] bank-retrieval adapters trainable: 37,183,696 | W+ QKV (s2) trainable: 0 | W+ mapper trainable: 1,967,616 | mirror: own K/V 24,780,800 + softmax competition (16 gauged layers) | RefNet DELETED (860M saved, bank=main-UNet self-read)
[optim] 8-bit AdamW (bitsandbytes)
Synth dataset: ./data/SynthData100000_rebalanced -> 100000 samples
Real train dataset: ./data/FFHQ-EG3D_all_static_rebalanced -> 139914 samples
Test dataset: ./data/celeba-hq_1000_static_rebalanced -> 1000 samples
[resume] v19 discriminator + optimizer_d restored (use_gan_fm or invsr)
[resume] W8 pixel discriminator: FRESH init (ckpt predates W8); G-adv gated for the warmup window
[resume] step 129999 from /home/xzy/warpgan-diffusiong-inpainting/warpgan-diffusion-inpainting-main/experiments/train_inpainting_diffusion/v19_w8_pixeld_300k/checkpoints/iteration_0129999.pt
Start diffusion-port training (orig semantics, BrushNet+SD1.5).
/home/xzy/warpgan-diffusiong-inpainting/warpgan-diffusion-inpainting-main/./training/coach_inpainting_diffusion.py:1893: UserWarning: Converting a tensor with requires_grad=True to a scalar may lead to unexpected behavior.
Consider using tensor.detach() first. (Triggered internally at /pytorch/torch/csrc/autograd/generated/python_variable_methods.cpp:835.)
  metrics['p1_eps'] = float(loss_p1)
[ckpt] saved /home/xzy/warpgan-diffusiong-inpainting/warpgan-diffusion-inpainting-main/experiments/train_inpainting_diffusion/v19_w8_pixeld_300k/checkpoints/iteration_0129999.pt
[val step 129999] val_novel_full=0.0376 val_novel_hole=0.0432 val_novel_visible=0.0369
[step 130000] real_p1_mirror_hole_cov=0.2217 real_p1_eps=0.0136 real_p1_hole_frac=0.2784 real_p2_eps=0.0546 real_p2_hit=0.0000 real_total=0.0682 synth_eps=0.0027 synth_eps_raw=0.0027 synth_x0_hit=0.0000 synth_total=0.0027 extra_render_attn_share=0.5285
[images] real: anchor | cond1 | cond2 | inv_warp_mirror | mask | mask_inv | warp_img | warp_warp_img | x | y_hat | y_hat_novel -> /home/xzy/warpgan-diffusiong-inpainting/warpgan-diffusion-inpainting-main/experiments/train_inpainting_diffusion/v19_w8_pixeld_300k/logs/images/train/real_step0130000.png
[images] synth: cond | mask | target | warp_img | x | y_hat_novel -> /home/xzy/warpgan-diffusiong-inpainting/warpgan-diffusion-inpainting-main/experiments/train_inpainting_diffusion/v19_w8_pixeld_300k/logs/images/train/synth_step0130000.png
[v14 G-side FM FIRED, real data] p1_gen_fm=0.39592 (x100.0) | D preds real -0.143 / fake -0.142 | feats 5 layers @ (129, 129)..(18, 18)
[v18 D-step FIRED] pairs=1 discr_adv=2.0101 | p1_discr_real_out=-0.1426 | p1_discr_fake_out=-0.1419 | p1_discr_real_gp=0.5942
[step 130050] real_p1_mirror_hole_cov=0.0194 real_p1_gen_fm=0.1038 real_p1_eps=10.5337 real_p1_hole_frac=0.2759 real_p2_eps=0.0152 real_p2_hit=0.0000 real_total=10.5489 discr_adv=1.3963 p1_discr_real_out=-0.0295 p1_discr_fake_out=-0.0286 p1_discr_real_gp=0.0013 g_grad_abs=43576.9836 d_grad_abs=1211.9127 synth_eps=0.2018 synth_eps_raw=0.2018 synth_x0_hit=1.0000 synth_x0_t=296.0000 synth_x0_ldif=0.1361 synth_x0_gen_adv=0.1119 synth_x0_lfm=-0.0041 synth_total=0.3410 extra_render_attn_share=0.5285
[step 130100] real_p1_mirror_hole_cov=0.1314 real_p1_eps=0.1829 real_p1_hole_frac=0.2027 real_p2_eps=0.0905 real_p2_hit=0.0000 real_total=0.2734 synth_eps=0.0385 synth_eps_raw=0.0385 synth_x0_hit=0.0000 synth_total=0.0385 extra_render_attn_share=0.5285
[ckpt] saved /home/xzy/warpgan-diffusiong-inpainting/warpgan-diffusion-inpainting-main/experiments/train_inpainting_diffusion/v19_w8_pixeld_300k/checkpoints/iteration_0130119.pt
[done] peak GPU memory: 23.10 GiB (budget <22 GiB on 24GB card)

==============================================================================
[SMOKE AUDIT — Step 0 checks (spec §8)]
  [PASS] real_p1_eps                = 0.0052509550005197525
  [PASS] real_p2_eps                = 0.043670110404491425
  [PASS] synth_eps                  = 0.009565180167555809
  [info] real_p2_pixel_l1           = 0.000000 (weight=0 by recipe — red line, correctly inactive)
  [info] real_p2_pixel_pl           = 0.000000 (weight=0 by recipe — red line, correctly inactive)
  [info] real_p2_pixel_id           = 0.000000 (weight=0 by recipe — red line, correctly inactive)
  [info] real_p2_latent             = 0.000000 (weight=0 by recipe — red line, correctly inactive)
  [info] synth_pixel_l1             = 0.000000 (weight=0 by recipe — red line, correctly inactive)
  [info] synth_pixel_pl             = 0.000000 (weight=0 by recipe — red line, correctly inactive)
  [info] synth_pixel_id             = 0.000000 (weight=0 by recipe — red line, correctly inactive)
  [info] synth_latent               = 0.000000 (weight=0 by recipe — red line, correctly inactive)
  [info] v13 identity layer OFF (latent=0, id=0)
  [PASS] v13: dual-band low-anchor OFF (blind_struct_weight=0.0) -> weighted eps path visible@1.0 + hole@0.0 (orig spec §5.3)
  [info] real_p2_ldif               = 0.000000 (stochastic t<=300 domain; fix_timestep=100 forces it)
  [info] synth_x0_ldif              = 0.000000 (stochastic t<=300 domain; fix_timestep=100 forces it)
  [PASS] v18.3 InvSR latent UNet-D loaded (106,176,612 params), t_max=300, warmup=3000
  [PASS] peak GPU memory = 23.10 GiB (<23.5 on 24G card)
==============================================================================
SMOKE AUDIT PASSED — all Step-0 criteria met.
[v19-w8_pixeld] resume from /home/xzy/warpgan-diffusiong-inpainting/warpgan-diffusion-inpainting-main/experiments/train_inpainting_diffusion/v19_w8_pixeld_300k/checkpoints/iteration_0130119.pt at Sun 20 Sep 2026 11:01:04 AM CST
2026-09-20 11:01:06.933502: I tensorflow/core/util/util.cc:169] oneDNN custom operations are on. You may see slightly different numerical results due to floating-point round-off errors from different computation orders. To turn them off, set the environment variable `TF_ENABLE_ONEDNN_OPTS=0`.
2026-09-20 11:01:06.938781: W tensorflow/stream_executor/platform/default/dso_loader.cc:64] Could not load dynamic library 'libcudart.so.11.0'; dlerror: libcudart.so.11.0: cannot open shared object file: No such file or directory; LD_LIBRARY_PATH: /usr/local/cuda-12.2/lib64:/usr/local/cuda-12.2/lib64:/usr/local/cuda-12.2/lib64
2026-09-20 11:01:06.938814: I tensorflow/stream_executor/cuda/cudart_stub.cc:29] Ignore above cudart dlerror if you do not have a GPU set up on your machine.
/home/xzy/miniconda3/envs/warpgan/lib/python3.9/site-packages/sklearn/utils/fixes.py:28: UserWarning: pkg_resources is deprecated as an API. See https://setuptools.pypa.io/en/latest/pkg_resources.html. The pkg_resources package is slated for removal as early as 2025-11-30. Refrain from using this package or pin to Setuptools<81.
  from pkg_resources import parse_version  # type: ignore
W0920 11:01:13.166167 529464 site-packages/torch/utils/cpp_extension.py:2425] TORCH_CUDA_ARCH_LIST is not set, all archs for visible cards are included for compilation. 
W0920 11:01:13.166167 529464 site-packages/torch/utils/cpp_extension.py:2425] If this is not desired, please set os.environ['TORCH_CUDA_ARCH_LIST'] to specific architectures.
W0920 11:01:13.445316 529464 site-packages/torch/utils/cpp_extension.py:2425] TORCH_CUDA_ARCH_LIST is not set, all archs for visible cards are included for compilation. 
W0920 11:01:13.445316 529464 site-packages/torch/utils/cpp_extension.py:2425] If this is not desired, please set os.environ['TORCH_CUDA_ARCH_LIST'] to specific architectures.
[compat] patched models/goae WindowAttention.forward (torch>=2.6 CPU-bound clamp fix; numerically identical)
Resuming in existing experiment directory: /home/xzy/warpgan-diffusiong-inpainting/warpgan-diffusion-inpainting-main/experiments/train_inpainting_diffusion/v19_w8_pixeld_300k
device: cuda:0
prompt:
  preset: ''
  text: ''
infer:
  t_start: 0
hf:
  enable: false
  thresh: 50.0
prior_preserve:
  freq: 0
exp_dir: /home/xzy/warpgan-diffusiong-inpainting/warpgan-diffusion-inpainting-main/experiments/train_inpainting_diffusion/v19_w8_pixeld_300k
checkpoint_path: /home/xzy/warpgan-diffusiong-inpainting/warpgan-diffusion-inpainting-main/experiments/train_inpainting_diffusion/v19_w8_pixeld_300k/checkpoints/iteration_0130119.pt
max_steps: 300000
paths:
  sd: ./pretrained_models/AI-ModelScope/stable-diffusion-v1-5
  brushnet: ./pretrained_models/brushnet
  wplus_stage_c: /data/xzy/warpgan20260803/20260803/experiments/_wplus_identity_pretrain/checkpoints/iteration_50000.pt
  dataset:
    train: ./data/FFHQ-EG3D_all_static_rebalanced
    test: ./data/celeba-hq_1000_static_rebalanced
    synth: ./data/SynthData100000_rebalanced
data:
  batch_size: 1
  workers: 4
  test_batch_size: 2
  test_workers: 2
  rebalanced: false
  add_LPFF: false
  synth:
    able: true
    zplus: false
    batch_size: ${data.batch_size}
gan:
  device: ${device}
  eg3d_type: plus_r
  encoder_type: goae
  psp:
    n_styles: 14
  goae:
    mlp_layer: 2
    cfg: ./configs/swinv2.yaml
  state_dict_key: psp_state_dict
  checkpoint_path: ./pretrained_models/inversion/gan_encoder.pt
warp:
  warp_ori_train: true
  warp_ori_val: true
  warp_pred: false
  hybrid: true
  cond_erode_kernel: 3
  cond_gaussian_blur_kernel: 21
wplus:
  mode: s1_mapper
  gate_value: 3.0
  init_from_stage_c: false
reference:
  use: true
  use_mirror: true
  real_primary: mirror
  gate_init: 0.5
  lr: 5.0e-06
  local_window_k: 0
  local_gate_init: 0.25
brushnet:
  init: pretrained
  lr: 1.0e-05
  use_8bit_adam: true
  gradient_checkpointing: true
losses:
  eps_weight: 1.0
  synth_texture: full
  synth_lowpass_sigma: 2.0
  real_pass1:
    forward: true
    t_max: 0
    anchor_median: 5
    visible_weight: 1.0
    hole_weight: 0
    blind_struct_weight: 0
    mirror_anchor: true
  pixel:
    max_timestep: 200
    x0_clip: 3.0
    resolution: 256
    patch_latent: 32
    apply_to_synth: false
    l1_weight: 0
    resnet_pl_weight: 0
    id_weight: 0
    weights_path: ./pretrained_models/LaMa_perceptual_loss_models
  latent:
    weight: 0
  lpips:
    weight: 0
  adversarial:
    weight: 10
    kind: r1
    gp_coef: 0.001
    mask_as_fake_target: false
    allow_scale_mask: true
  feature_matching:
    weight: 100
  x0:
    enable: true
    mode: invsr
    t_max: 300
    w_ldif: 1.0
    w_lfm: 2.0
    w_ldis: 0.1
    dis_warmup: 3000
    latent_bound: 10.0
    hole_d:
      enable: false
      weight: 0.1
      warmup: 2000
    pixel_d:
      enable: true
      warmup: 1000
    l1_weight: 1.0
    llpips_enable: true
    llpips_ckpt: ./weights/vgg16_sdturbo_lpips.pth
    clip: 8.0
    res_latent: 32
    d_real: paired_target
  preserve:
    weight: 0
    teacher_wplus: true
  discriminator:
    kind: pix2pixhd_nlayer
    input_nc: 3
    ndf: 64
    n_layers: 4
  optimizers:
    discriminator:
      lr: 0.0001
log:
  image_interval: 500
  board_interval: 50
  val_interval: 2000
  save_interval: 10000
  use_wandb: false
smoke:
  check: true
  fix_timestep: null

==============================================================================
[EFFECTIVE CONFIG — verify line by line before trusting any run]
  exp_dir               : /home/xzy/warpgan-diffusiong-inpainting/warpgan-diffusion-inpainting-main/experiments/train_inpainting_diffusion/v19_w8_pixeld_300k
  max_steps             : 300000
  device                : cuda:0
  synth/real 1:1        : use_synth=True
  batch_size (real/synth): 1 / 1
  warp: 512=True hybrid=True warp_pred=False mask=raw_splatting (NO erode/blur)
  warp cond soften     : erode=3px blur_k=21 (v10: CONDITION-side only, supervision keeps raw mask; orig port)
  wplus: mode=s1_mapper gate=fixed tanh(3.0) stage_c_init=False
  reference: use=True use_mirror=True gate_init=0.5 lr=5e-06
  reference real_primary : mirror (user plan: real photo = PRIMARY bank source, render -> extra)
  reference LOCAL       : window=0 gate_init=0.25 (v11 texture-band retrieval from PRIMARY (real-photo) source; activates the formerly-dead reference_local_scale)
  real pass1 dual-band  : visible/mirror FULL-band x1.0 + blind LOW-band x0.0 (v12: target=FULL SHARP render, only low-freq error penalized; hole_weight=0.0 ignored when dual-band active; 0=off -> single-band v11 path)
  loss synth_texture     : full (sigma=2.0 latent px; user plan: structure-only supervision, texture band = 0)
  brushnet: init=pretrained lr=1e-05 8bit=True grad_ckpt=True
  loss eps_weight       : 1.0
  real pass1 FORWARD    : True (False = STRUCT arm: real batch trains pass2 only; inference unchanged)
  real pass1 t-domain   : FULL [0,1000) | infer.t_start=0 (0=pure-noise chain; >0=SDEdit from the noised anchor)
  loss real_p1 anchor   : visible=1.0 (target=inv_warp) hole=0 (target=y_hat_novel) mirror_anchor=True (hole real-photo coverage via inv_warp(x_mirror))
  loss pixel (t<200)   : L1*0 PL*0 ID*0 x0_clip=3.0 res=256
  loss latent closure   : *0 (orig L1195-1200)
  loss lpips/gan/fm     : 0 / 10 / 100  (orig GAN/FM 10/100 -> default 0)
  timestep range        : [0, 1000) FULL RANGE (no low-t clamp; v3.1 lesson)
  smoke: check=True fix_timestep=None
  path [OK ] sd            : ./pretrained_models/AI-ModelScope/stable-diffusion-v1-5
  path [OK ] brushnet      : ./pretrained_models/brushnet
  path [OK ] train         : ./data/FFHQ-EG3D_all_static_rebalanced
  path [OK ] test          : ./data/celeba-hq_1000_static_rebalanced
  path [OK ] synth         : ./data/SynthData100000_rebalanced
  path [OK ] LaMa_PL       : ./pretrained_models/LaMa_perceptual_loss_models
  path [OK ] gan_encoder   : ./pretrained_models/inversion/gan_encoder.pt
==============================================================================
[BrushNet] init: official pretrained inpainting checkpoint
[W8] pass1 PIXEL D ACTIVE (orig third layer): adv x10.0 fm x100.0 warmup=+1000 from first pair
[v18.3] InvSR x0 SUPERVISION ACTIVE: latent-space MSE+FM+adv on the single-step x0, t<=300, w=ldif:1.0/lfm:2.0/ldis:0.1
[v14/W8] PIXEL GAN/FM: NLayer D params=6,962,369 | fm_weight=100.0 (orig 100) | g_adv_weight=10.0 (orig 10) | r1 gp_coef=0.001
[v18.3 InvSR] latent UNet-D 106,176,612 params | t_max=300 | w ldif:lfm:ldis = 1.0:2.0:0.1 | latent clamp ±10.0 | dis_warmup=3000 (their 10K/100K iters scaled to our 30K budget)
/home/xzy/miniconda3/envs/warpgan/lib/python3.9/site-packages/torchvision/models/_utils.py:208: UserWarning: The parameter 'pretrained' is deprecated since 0.13 and may be removed in the future, please use 'weights' instead.
  warnings.warn(
/home/xzy/miniconda3/envs/warpgan/lib/python3.9/site-packages/torchvision/models/_utils.py:223: UserWarning: Arguments other than a weight enum or `None` for 'weights' are deprecated since 0.13 and may be removed in the future. The current behavior is equivalent to passing `weights=VGG16_Weights.IMAGENET1K_V1`. You can also use `weights=VGG16_Weights.DEFAULT` to get the most up-to-date weights.
  warnings.warn(msg)
[v18.4] InvSR finetuned latent-LPIPS ACTIVE (w=2.0) <- ./weights/vgg16_sdturbo_lpips.pth
[params] bank-retrieval adapters trainable: 37,183,696 | W+ QKV (s2) trainable: 0 | W+ mapper trainable: 1,967,616 | mirror: own K/V 24,780,800 + softmax competition (16 gauged layers) | RefNet DELETED (860M saved, bank=main-UNet self-read)
[optim] 8-bit AdamW (bitsandbytes)
Synth dataset: ./data/SynthData100000_rebalanced -> 100000 samples
Real train dataset: ./data/FFHQ-EG3D_all_static_rebalanced -> 139914 samples
Test dataset: ./data/celeba-hq_1000_static_rebalanced -> 1000 samples
[resume] v19 discriminator + optimizer_d restored (use_gan_fm or invsr)
[resume] W8 pixel discriminator + pixel_optimizer_d restored
[resume] step 130119 from /home/xzy/warpgan-diffusiong-inpainting/warpgan-diffusion-inpainting-main/experiments/train_inpainting_diffusion/v19_w8_pixeld_300k/checkpoints/iteration_0130119.pt
Start diffusion-port training (orig semantics, BrushNet+SD1.5).
/home/xzy/warpgan-diffusiong-inpainting/warpgan-diffusion-inpainting-main/./training/coach_inpainting_diffusion.py:1893: UserWarning: Converting a tensor with requires_grad=True to a scalar may lead to unexpected behavior.
Consider using tensor.detach() first. (Triggered internally at /pytorch/torch/csrc/autograd/generated/python_variable_methods.cpp:835.)
  metrics['p1_eps'] = float(loss_p1)
[v14 G-side FM FIRED, real data] p1_gen_fm=0.32920 (x100.0) | D preds real 0.015 / fake -0.019 | feats 5 layers @ (129, 129)..(18, 18)
[v18 D-step FIRED] pairs=1 discr_adv=1.3734 | p1_discr_real_out=0.0147 | p1_discr_fake_out=-0.0186 | p1_discr_real_gp=0.0003
[step 130150] real_p1_mirror_hole_cov=0.0053 real_p1_gen_fm=0.0485 real_p1_eps=5.0716 real_p1_hole_frac=0.1490 real_p2_eps=0.1477 real_p2_hit=1.0000 real_p2_t=221.0000 real_p2_ldif=0.0572 real_p2_gen_adv=-0.7796 real_p2_lfm=-0.0026 real_total=5.1934 discr_adv=2.0458 p1_discr_real_out=0.0493 p1_discr_fake_out=0.0382 p1_discr_real_gp=0.0007 g_grad_abs=34010.3948 d_grad_abs=857.3976 x0_d_real=-0.0535 x0_d_fake=-0.1609 p2_d_real=0.5806 p2_d_fake=0.7796 synth_eps=0.0511 synth_eps_raw=0.0511 synth_x0_hit=0.0000 synth_total=0.0511
[step 130200] real_p1_mirror_hole_cov=0.1325 real_p1_eps=0.0414 real_p1_hole_frac=0.4536 real_p2_eps=0.0223 real_p2_hit=0.0000 real_total=0.0637 discr_adv=0.8297 x0_d_real=-0.1268 x0_d_fake=-0.4675 g_grad_abs=664.4957 d_grad_abs=1137.9796 synth_eps=0.1491 synth_eps_raw=0.1491 synth_x0_hit=0.0000 synth_total=0.1491
[step 130250] real_p1_mirror_hole_cov=0.0269 real_p1_gen_fm=0.0830 real_p1_eps=8.6055 real_p1_hole_frac=0.0563 real_p2_eps=0.0254 real_p2_hit=0.0000 real_total=8.6309 discr_adv=1.3758 p1_discr_real_out=-0.0149 p1_discr_fake_out=-0.0459 p1_discr_real_gp=0.0020 g_grad_abs=120138.6173 d_grad_abs=611.6081 synth_eps=0.1867 synth_eps_raw=0.1867 synth_x0_hit=1.0000 synth_x0_t=288.0000 synth_x0_ldif=0.1190 synth_x0_gen_adv=-0.7250 synth_x0_lfm=-0.0050 synth_total=0.2232
[step 130300] real_p1_mirror_hole_cov=0.2702 real_p1_eps=0.0083 real_p1_hole_frac=0.3547 real_p2_eps=0.3285 real_p2_hit=1.0000 real_p2_t=161.0000 real_p2_ldif=0.0760 real_p2_gen_adv=-0.5869 real_p2_lfm=-0.0030 real_total=0.3482 discr_adv=1.6516 x0_d_real=0.6089 x0_d_fake=0.1519 p2_d_real=0.8266 p2_d_fake=0.5869 g_grad_abs=8982.0509 d_grad_abs=1757.9264 synth_eps=0.0046 synth_eps_raw=0.0046 synth_x0_hit=0.0000 synth_total=0.0046
[step 130350] real_p1_mirror_hole_cov=0.0543 real_p1_eps=0.2207 real_p1_hole_frac=0.5345 real_p2_eps=0.5934 real_p2_hit=1.0000 real_p2_t=47.0000 real_p2_ldif=0.0281 real_p2_gen_adv=-0.8941 real_p2_lfm=0.0001 real_total=0.7530 discr_adv=1.9421 x0_d_real=0.6471 x0_d_fake=0.5694 p2_d_real=0.9390 p2_d_fake=0.8941 g_grad_abs=10829.9061 d_grad_abs=1235.7396 synth_eps=0.3077 synth_eps_raw=0.3077 synth_x0_hit=1.0000 synth_x0_t=213.0000 synth_x0_ldif=0.1118 synth_x0_gen_adv=-0.2875 synth_x0_lfm=-0.0036 synth_total=0.3837
[step 130400] real_p1_mirror_hole_cov=0.0782 real_p1_eps=0.0036 real_p1_hole_frac=0.0777 real_p2_eps=0.0300 real_p2_hit=0.0000 real_total=0.0336 synth_eps=0.1575 synth_eps_raw=0.1575 synth_x0_hit=0.0000 synth_total=0.1575
[step 130450] real_p1_mirror_hole_cov=0.0472 real_p1_eps=0.0805 real_p1_hole_frac=0.4305 real_p2_eps=0.2879 real_p2_hit=1.0000 real_p2_t=127.0000 real_p2_ldif=0.0471 real_p2_gen_adv=0.1613 real_p2_lfm=-0.0009 real_total=0.4298 discr_adv=1.7791 x0_d_real=0.5423 x0_d_fake=0.4551 p2_d_real=0.1934 p2_d_fake=-0.1613 g_grad_abs=5822.7479 d_grad_abs=1582.6503 synth_eps=0.2278 synth_eps_raw=0.2278 synth_x0_hit=1.0000 synth_x0_t=213.0000 synth_x0_ldif=0.0828 synth_x0_gen_adv=-0.4963 synth_x0_lfm=-0.0021 synth_total=0.2568
[step 130500] real_p1_mirror_hole_cov=0.2179 real_p1_eps=0.0392 real_p1_hole_frac=0.3005 real_p2_eps=0.0485 real_p2_hit=0.0000 real_total=0.0877 synth_eps=0.3521 synth_eps_raw=0.3521 synth_x0_hit=1.0000 synth_x0_t=111.0000 synth_x0_ldif=0.0479 synth_x0_gen_adv=0.9036 synth_x0_lfm=-0.0019 synth_total=0.4866
[images] real: anchor | cond1 | cond2 | inv_warp_mirror | mask | mask_inv | warp_img | warp_warp_img | x | y_hat | y_hat_novel -> /home/xzy/warpgan-diffusiong-inpainting/warpgan-diffusion-inpainting-main/experiments/train_inpainting_diffusion/v19_w8_pixeld_300k/logs/images/train/real_step0130500.png
[images] synth: cond | mask | target | warp_img | x | y_hat_novel -> /home/xzy/warpgan-diffusiong-inpainting/warpgan-diffusion-inpainting-main/experiments/train_inpainting_diffusion/v19_w8_pixeld_300k/logs/images/train/synth_step0130500.png
[step 130550] real_p1_mirror_hole_cov=0.1358 real_p1_eps=0.0823 real_p1_hole_frac=0.5090 real_p2_eps=0.2602 real_p2_hit=1.0000 real_p2_t=181.0000 real_p2_ldif=0.0723 real_p2_gen_adv=0.2617 real_p2_lfm=-0.0044 real_total=0.4322 discr_adv=1.8106 x0_d_real=-0.0599 x0_d_fake=-0.1353 p2_d_real=0.0417 p2_d_fake=-0.2617 g_grad_abs=3269.9445 d_grad_abs=1876.5794 synth_eps=0.2100 synth_eps_raw=0.2100 synth_x0_hit=1.0000 synth_x0_t=275.0000 synth_x0_ldif=0.1221 synth_x0_gen_adv=-0.2402 synth_x0_lfm=-0.0049 synth_total=0.2983
[step 130600] real_p1_mirror_hole_cov=0.0979 real_p1_eps=0.1000 real_p1_hole_frac=0.2388 real_p2_eps=0.0252 real_p2_hit=0.0000 real_total=0.1252 synth_eps=0.0156 synth_eps_raw=0.0156 synth_x0_hit=0.0000 synth_total=0.0156
[step 130650] real_p1_mirror_hole_cov=0.2726 real_p1_eps=0.0596 real_p1_hole_frac=0.2443 real_p2_eps=0.0036 real_p2_hit=0.0000 real_total=0.0632 synth_eps=0.0051 synth_eps_raw=0.0051 synth_x0_hit=0.0000 synth_total=0.0051
[step 130700] real_p1_mirror_hole_cov=0.1071 real_p1_gen_fm=0.2339 real_p1_eps=23.8995 real_p1_hole_frac=0.2189 real_p2_eps=0.0293 real_p2_hit=0.0000 real_total=23.9288 discr_adv=1.1948 p1_discr_real_out=0.2972 p1_discr_fake_out=-0.2163 p1_discr_real_gp=0.0228 g_grad_abs=156468.8301 d_grad_abs=1921.6046 synth_eps=0.0020 synth_eps_raw=0.0020 synth_x0_hit=0.0000 synth_total=0.0020
[step 130750] real_p1_mirror_hole_cov=0.0097 real_p1_eps=0.0693 real_p1_hole_frac=0.2116 real_p2_eps=0.0068 real_p2_hit=0.0000 real_total=0.0761 synth_eps=0.1299 synth_eps_raw=0.1299 synth_x0_hit=0.0000 synth_total=0.1299
[step 130800] real_p1_mirror_hole_cov=0.0423 real_p1_eps=0.0367 real_p1_hole_frac=0.4861 real_p2_eps=0.0207 real_p2_hit=0.0000 real_total=0.0574 synth_eps=0.3033 synth_eps_raw=0.3033 synth_x0_hit=1.0000 synth_x0_t=210.0000 synth_x0_ldif=0.1076 synth_x0_gen_adv=0.1041 synth_x0_lfm=-0.0030 synth_total=0.4153
[step 130850] real_p1_mirror_hole_cov=0.1911 real_p1_eps=0.1115 real_p1_hole_frac=0.1618 real_p2_eps=0.0247 real_p2_hit=0.0000 real_total=0.1362 synth_eps=0.0210 synth_eps_raw=0.0210 synth_x0_hit=0.0000 synth_total=0.0210
[step 130900] real_p1_mirror_hole_cov=0.1588 real_p1_gen_fm=0.2491 real_p1_eps=25.3872 real_p1_hole_frac=0.5637 real_p2_eps=0.6477 real_p2_hit=1.0000 real_p2_t=49.0000 real_p2_ldif=0.0323 real_p2_gen_adv=-0.6512 real_p2_lfm=-0.0016 real_total=25.9989 discr_adv=0.9326 p1_discr_real_out=0.2639 p1_discr_fake_out=-0.7042 p1_discr_real_gp=0.0932 g_grad_abs=290382.1650 d_grad_abs=3640.3499 p2_d_real=0.7861 p2_d_fake=0.6512 synth_eps=0.1660 synth_eps_raw=0.1660 synth_x0_hit=0.0000 synth_total=0.1660
[step 130950] real_p1_mirror_hole_cov=0.2724 real_p1_eps=0.0379 real_p1_hole_frac=0.6896 real_p2_eps=0.0618 real_p2_hit=0.0000 real_total=0.0997 synth_eps=0.0823 synth_eps_raw=0.0823 synth_x0_hit=0.0000 synth_total=0.0823
[step 131000] real_p1_mirror_hole_cov=0.0568 real_p1_eps=0.0136 real_p1_hole_frac=0.1278 real_p2_eps=0.0023 real_p2_hit=0.0000 real_total=0.0159 discr_adv=0.9990 x0_d_real=0.8858 x0_d_fake=0.8837 g_grad_abs=449.3982 d_grad_abs=4250.9140 synth_eps=0.0085 synth_eps_raw=0.0085 synth_x0_hit=0.0000 synth_total=0.0085
[images] real: anchor | cond1 | cond2 | inv_warp_mirror | mask | mask_inv | warp_img | warp_warp_img | x | y_hat | y_hat_novel -> /home/xzy/warpgan-diffusiong-inpainting/warpgan-diffusion-inpainting-main/experiments/train_inpainting_diffusion/v19_w8_pixeld_300k/logs/images/train/real_step0131000.png
[images] synth: cond | mask | target | warp_img | x | y_hat_novel -> /home/xzy/warpgan-diffusiong-inpainting/warpgan-diffusion-inpainting-main/experiments/train_inpainting_diffusion/v19_w8_pixeld_300k/logs/images/train/synth_step0131000.png
[step 131050] real_p1_mirror_hole_cov=0.1740 real_p1_gen_fm=0.2970 real_p1_eps=30.6585 real_p1_hole_frac=0.2569 real_p2_eps=0.1125 real_p2_hit=0.0000 real_total=30.7710 discr_adv=1.2075 p1_discr_real_out=0.1545 p1_discr_fake_out=-0.3291 p1_discr_real_gp=0.0194 g_grad_abs=101754.7295 d_grad_abs=3131.6871 synth_eps=0.1276 synth_eps_raw=0.1276 synth_x0_hit=0.0000 synth_total=0.1276
[step 131100] real_p1_mirror_hole_cov=0.0452 real_p1_gen_fm=0.1900 real_p1_eps=19.1866 real_p1_hole_frac=0.1580 real_p2_eps=0.0203 real_p2_hit=0.0000 real_total=19.2069 discr_adv=1.4682 p1_discr_real_out=0.5009 p1_discr_fake_out=0.4587 p1_discr_real_gp=0.0071 g_grad_abs=129192.3100 d_grad_abs=2930.2054 synth_eps=0.0483 synth_eps_raw=0.0483 synth_x0_hit=0.0000 synth_total=0.0483
[step 131150] real_p1_mirror_hole_cov=0.0534 real_p1_gen_adv=9.6351 real_p1_gen_fm=0.1587 real_p1_eps=26.0446 real_p1_hole_frac=0.2546 real_p2_eps=0.1017 real_p2_hit=0.0000 real_total=26.1463 discr_adv=1.3366 p1_discr_real_out=-0.0861 p1_discr_fake_out=-0.4370 p1_discr_real_gp=0.0416 g_grad_abs=84603.7350 d_grad_abs=3188.7118 synth_eps=0.1012 synth_eps_raw=0.1012 synth_x0_hit=0.0000 synth_total=0.1012
[step 131200] real_p1_mirror_hole_cov=0.1540 real_p1_eps=0.2372 real_p1_hole_frac=0.3321 real_p2_eps=0.2464 real_p2_hit=1.0000 real_p2_t=220.0000 real_p2_ldif=0.0947 real_p2_gen_adv=-0.9222 real_p2_lfm=-0.0018 real_total=0.4824 discr_adv=1.9921 x0_d_real=0.9205 x0_d_fake=0.9221 p2_d_real=0.9399 p2_d_fake=0.9222 g_grad_abs=6867.5575 d_grad_abs=2349.2084 synth_eps=0.0428 synth_eps_raw=0.0428 synth_x0_hit=0.0000 synth_total=0.0428
[step 131250] real_p1_mirror_hole_cov=0.5726 real_p1_eps=0.0105 real_p1_hole_frac=0.0636 real_p2_eps=0.0014 real_p2_hit=0.0000 real_total=0.0119 synth_eps=0.0029 synth_eps_raw=0.0029 synth_x0_hit=0.0000 synth_total=0.0029
[step 131300] real_p1_mirror_hole_cov=0.1620 real_p1_eps=0.0248 real_p1_hole_frac=0.4021 real_p2_eps=0.0364 real_p2_hit=0.0000 real_total=0.0611 discr_adv=0.8799 x0_d_real=0.5105 x0_d_fake=0.2702 g_grad_abs=505.6859 d_grad_abs=2782.4888 synth_eps=0.0362 synth_eps_raw=0.0362 synth_x0_hit=0.0000 synth_total=0.0362
[step 131350] real_p1_mirror_hole_cov=0.4303 real_p1_gen_adv=8.0494 real_p1_gen_fm=0.0905 real_p1_eps=17.4122 real_p1_hole_frac=0.1875 real_p2_eps=0.0769 real_p2_hit=0.0000 real_total=17.4891 discr_adv=1.3520 p1_discr_real_out=0.1070 p1_discr_fake_out=-0.1938 p1_discr_real_gp=0.0942 g_grad_abs=167962.8144 d_grad_abs=1749.9797 synth_eps=0.0066 synth_eps_raw=0.0066 synth_x0_hit=0.0000 synth_total=0.0066
[step 131400] real_p1_mirror_hole_cov=0.1280 real_p1_eps=0.1003 real_p1_hole_frac=0.2877 real_p2_eps=0.0187 real_p2_hit=0.0000 real_total=0.1190 synth_eps=0.1040 synth_eps_raw=0.1040 synth_x0_hit=0.0000 synth_total=0.1040
[step 131450] real_p1_mirror_hole_cov=0.0314 real_p1_eps=0.0076 real_p1_hole_frac=0.1781 real_p2_eps=0.0121 real_p2_hit=0.0000 real_total=0.0197 discr_adv=0.9401 x0_d_real=0.7579 x0_d_fake=0.6379 g_grad_abs=288.5453 d_grad_abs=1669.4089 synth_eps=0.0730 synth_eps_raw=0.0730 synth_x0_hit=0.0000 synth_total=0.0730
[step 131500] real_p1_mirror_hole_cov=0.0083 real_p1_eps=0.0169 real_p1_hole_frac=0.1364 real_p2_eps=0.0727 real_p2_hit=0.0000 real_total=0.0896 discr_adv=0.9861 x0_d_real=0.7303 x0_d_fake=0.7026 g_grad_abs=594.6887 d_grad_abs=1488.0666 synth_eps=0.0047 synth_eps_raw=0.0047 synth_x0_hit=0.0000 synth_total=0.0047
[images] real: anchor | cond1 | cond2 | inv_warp_mirror | mask | mask_inv | warp_img | warp_warp_img | x | y_hat | y_hat_novel -> /home/xzy/warpgan-diffusiong-inpainting/warpgan-diffusion-inpainting-main/experiments/train_inpainting_diffusion/v19_w8_pixeld_300k/logs/images/train/real_step0131500.png
[images] synth: cond | mask | target | warp_img | x | y_hat_novel -> /home/xzy/warpgan-diffusiong-inpainting/warpgan-diffusion-inpainting-main/experiments/train_inpainting_diffusion/v19_w8_pixeld_300k/logs/images/train/synth_step0131500.png
[step 131550] real_p1_mirror_hole_cov=0.1231 real_p1_eps=0.0675 real_p1_hole_frac=0.3696 real_p2_eps=0.4376 real_p2_hit=1.0000 real_p2_t=76.0000 real_p2_ldif=0.0365 real_p2_gen_adv=0.5055 real_p2_lfm=-0.0009 real_total=0.5904 discr_adv=0.9686 p2_d_real=-0.4426 p2_d_fake=-0.5055 g_grad_abs=8148.7793 d_grad_abs=2176.5623 synth_eps=0.0405 synth_eps_raw=0.0405 synth_x0_hit=0.0000 synth_total=0.0405
[step 131600] real_p1_mirror_hole_cov=0.1447 real_p1_eps=0.1299 real_p1_hole_frac=0.2693 real_p2_eps=0.1253 real_p2_hit=0.0000 real_total=0.2552 synth_eps=0.0055 synth_eps_raw=0.0055 synth_x0_hit=0.0000 synth_total=0.0055
[step 131650] real_p1_mirror_hole_cov=0.0883 real_p1_eps=0.0269 real_p1_hole_frac=0.5933 real_p2_eps=0.2446 real_p2_hit=1.0000 real_p2_t=193.0000 real_p2_ldif=0.0754 real_p2_gen_adv=0.6544 real_p2_lfm=-0.0052 real_total=0.4019 discr_adv=0.9900 p2_d_real=-0.6333 p2_d_fake=-0.6544 g_grad_abs=2557.4223 d_grad_abs=1250.4112 synth_eps=0.3860 synth_eps_raw=0.3860 synth_x0_hit=1.0000 synth_x0_t=130.0000 synth_x0_ldif=0.0653 synth_x0_gen_adv=0.9622 synth_x0_lfm=-0.0012 synth_total=0.5450
[step 131700] real_p1_mirror_hole_cov=0.0192 real_p1_eps=0.1551 real_p1_hole_frac=0.0291 real_p2_eps=0.3311 real_p2_hit=1.0000 real_p2_t=36.0000 real_p2_ldif=0.0117 real_p2_gen_adv=-0.8054 real_p2_lfm=-0.0005 real_total=0.4164 discr_adv=2.0421 x0_d_real=-0.5091 x0_d_fake=-0.4279 p2_d_real=0.8023 p2_d_fake=0.8054 g_grad_abs=4662.5493 d_grad_abs=2230.9334 synth_eps=0.0034 synth_eps_raw=0.0034 synth_x0_hit=0.0000 synth_total=0.0034
[step 131750] real_p1_mirror_hole_cov=0.0335 real_p1_eps=0.0023 real_p1_hole_frac=0.2102 real_p2_eps=0.0277 real_p2_hit=0.0000 real_total=0.0300 discr_adv=0.9977 x0_d_real=-0.8323 x0_d_fake=-0.8369 g_grad_abs=363.7673 d_grad_abs=1594.1113 synth_eps=0.0747 synth_eps_raw=0.0747 synth_x0_hit=0.0000 synth_total=0.0747
[step 131800] real_p1_mirror_hole_cov=0.3051 real_p1_eps=0.2272 real_p1_hole_frac=0.1998 real_p2_eps=0.0193 real_p2_hit=0.0000 real_total=0.2465 synth_eps=0.0028 synth_eps_raw=0.0028 synth_x0_hit=0.0000 synth_total=0.0028
[step 131850] real_p1_mirror_hole_cov=0.0224 real_p1_eps=0.2542 real_p1_hole_frac=0.4327 real_p2_eps=0.0105 real_p2_hit=0.0000 real_total=0.2647 discr_adv=0.9962 x0_d_real=-0.8843 x0_d_fake=-0.8918 g_grad_abs=19246.6203 d_grad_abs=1755.1414 synth_eps=0.3239 synth_eps_raw=0.3239 synth_x0_hit=1.0000 synth_x0_t=176.0000 synth_x0_ldif=0.0860 synth_x0_gen_adv=0.7302 synth_x0_lfm=-0.0024 synth_total=0.4782
[step 131900] real_p1_mirror_hole_cov=0.1628 real_p1_gen_adv=8.2513 real_p1_gen_fm=0.3227 real_p1_eps=41.6640 real_p1_hole_frac=0.4464 real_p2_eps=0.0594 real_p2_hit=0.0000 real_total=41.7234 discr_adv=0.8399 p1_discr_real_out=0.2647 p1_discr_fake_out=-0.2403 p1_discr_real_gp=0.0248 g_grad_abs=67866.4952 d_grad_abs=4129.0938 x0_d_real=0.9383 x0_d_fake=0.6065 synth_eps=0.0763 synth_eps_raw=0.0763 synth_x0_hit=0.0000 synth_total=0.0763
[step 131950] real_p1_mirror_hole_cov=0.2339 real_p1_gen_adv=7.6819 real_p1_gen_fm=0.3222 real_p1_eps=40.7773 real_p1_hole_frac=0.3524 real_p2_eps=0.0063 real_p2_hit=0.0000 real_total=40.7836 discr_adv=1.3070 p1_discr_real_out=0.1090 p1_discr_fake_out=-0.1371 p1_discr_real_gp=0.0325 g_grad_abs=164180.6634 d_grad_abs=1737.2533 synth_eps=0.4051 synth_eps_raw=0.4051 synth_x0_hit=1.0000 synth_x0_t=124.0000 synth_x0_ldif=0.0641 synth_x0_gen_adv=-0.9543 synth_x0_lfm=-0.0008 synth_total=0.3722
[val step 131999] val_novel_full=0.0672 val_novel_hole=0.0767 val_novel_visible=0.0659
[step 132000] real_p1_mirror_hole_cov=0.0000 real_p1_eps=0.0059 real_p1_hole_frac=0.0667 real_p2_eps=0.0045 real_p2_hit=0.0000 real_total=0.0104 synth_eps=0.1537 synth_eps_raw=0.1537 synth_x0_hit=0.0000 synth_total=0.1537 extra_render_attn_share=0.5354
[images] real: anchor | cond1 | cond2 | inv_warp_mirror | mask | mask_inv | warp_img | warp_warp_img | x | y_hat | y_hat_novel -> /home/xzy/warpgan-diffusiong-inpainting/warpgan-diffusion-inpainting-main/experiments/train_inpainting_diffusion/v19_w8_pixeld_300k/logs/images/train/real_step0132000.png
[images] synth: cond | mask | target | warp_img | x | y_hat_novel -> /home/xzy/warpgan-diffusiong-inpainting/warpgan-diffusion-inpainting-main/experiments/train_inpainting_diffusion/v19_w8_pixeld_300k/logs/images/train/synth_step0132000.png
[step 132050] real_p1_mirror_hole_cov=0.0261 real_p1_eps=0.1888 real_p1_hole_frac=0.1378 real_p2_eps=0.0793 real_p2_hit=0.0000 real_total=0.2680 discr_adv=0.9424 x0_d_real=0.8529 x0_d_fake=0.7377 g_grad_abs=4501.9668 d_grad_abs=2062.7532 synth_eps=0.0018 synth_eps_raw=0.0018 synth_x0_hit=0.0000 synth_total=0.0018 extra_render_attn_share=0.5354
[step 132100] real_p1_mirror_hole_cov=0.0128 real_p1_eps=0.0025 real_p1_hole_frac=0.2024 real_p2_eps=0.0082 real_p2_hit=0.0000 real_total=0.0107 synth_eps=0.5308 synth_eps_raw=0.5308 synth_x0_hit=1.0000 synth_x0_t=53.0000 synth_x0_ldif=0.0289 synth_x0_gen_adv=-0.7399 synth_x0_lfm=-0.0023 synth_total=0.4810 extra_render_attn_share=0.5354
[step 132150] real_p1_mirror_hole_cov=0.2807 real_p1_gen_adv=6.3483 real_p1_gen_fm=0.1484 real_p1_eps=21.8172 real_p1_hole_frac=0.2355 real_p2_eps=0.0048 real_p2_hit=0.0000 real_total=21.8221 discr_adv=1.0352 p1_discr_real_out=0.1847 p1_discr_fake_out=0.1345 p1_discr_real_gp=0.0427 g_grad_abs=237919.9737 d_grad_abs=2067.5153 x0_d_real=0.1656 x0_d_fake=0.2360 synth_eps=0.0084 synth_eps_raw=0.0084 synth_x0_hit=0.0000 synth_total=0.0084 extra_render_attn_share=0.5354
[step 132200] real_p1_mirror_hole_cov=0.3338 real_p1_eps=0.1806 real_p1_hole_frac=0.5057 real_p2_eps=0.0710 real_p2_hit=0.0000 real_total=0.2517 synth_eps=0.0089 synth_eps_raw=0.0089 synth_x0_hit=0.0000 synth_total=0.0089 extra_render_attn_share=0.5354
[step 132250] real_p1_mirror_hole_cov=0.0371 real_p1_gen_adv=7.1650 real_p1_gen_fm=0.1729 real_p1_eps=25.4269 real_p1_hole_frac=0.2011 real_p2_eps=0.1448 real_p2_hit=1.0000 real_p2_t=259.0000 real_p2_ldif=0.0749 real_p2_gen_adv=-0.4370 real_p2_lfm=-0.0025 real_total=25.5978 discr_adv=1.0609 p1_discr_real_out=0.1503 p1_discr_fake_out=-0.0346 p1_discr_real_gp=0.1125 g_grad_abs=155071.8195 d_grad_abs=2302.2348 p2_d_real=0.3152 p2_d_fake=0.4370 synth_eps=0.0459 synth_eps_raw=0.0459 synth_x0_hit=0.0000 synth_total=0.0459 extra_render_attn_share=0.5354
[step 132300] real_p1_mirror_hole_cov=0.1462 real_p1_eps=0.0131 real_p1_hole_frac=0.3232 real_p2_eps=0.0029 real_p2_hit=0.0000 real_total=0.0160 synth_eps=0.0279 synth_eps_raw=0.0279 synth_x0_hit=0.0000 synth_total=0.0279 extra_render_attn_share=0.5354
[step 132350] real_p1_mirror_hole_cov=0.2239 real_p1_eps=0.0020 real_p1_hole_frac=0.3267 real_p2_eps=0.4445 real_p2_hit=1.0000 real_p2_t=59.0000 real_p2_ldif=0.0274 real_p2_gen_adv=0.3839 real_p2_lfm=-0.0009 real_total=0.5105 discr_adv=0.9276 p2_d_real=-0.2392 p2_d_fake=-0.3839 g_grad_abs=2434.3985 d_grad_abs=1787.3988 synth_eps=0.0151 synth_eps_raw=0.0151 synth_x0_hit=0.0000 synth_total=0.0151 extra_render_attn_share=0.5354
[step 132400] real_p1_mirror_hole_cov=0.1988 real_p1_eps=0.0116 real_p1_hole_frac=0.4957 real_p2_eps=0.3661 real_p2_hit=1.0000 real_p2_t=75.0000 real_p2_ldif=0.0301 real_p2_gen_adv=-0.9676 real_p2_lfm=-0.0005 real_total=0.3099 discr_adv=1.0010 p2_d_real=0.9780 p2_d_fake=0.9676 g_grad_abs=4099.5273 d_grad_abs=1425.2816 synth_eps=0.3182 synth_eps_raw=0.3182 synth_x0_hit=1.0000 synth_x0_t=185.0000 synth_x0_ldif=0.0915 synth_x0_gen_adv=-0.8779 synth_x0_lfm=-0.0034 synth_total=0.3152 extra_render_attn_share=0.5354
[step 132450] real_p1_mirror_hole_cov=0.4484 real_p1_eps=0.0105 real_p1_hole_frac=0.3238 real_p2_eps=0.0470 real_p2_hit=0.0000 real_total=0.0575 synth_eps=0.0043 synth_eps_raw=0.0043 synth_x0_hit=0.0000 synth_total=0.0043 extra_render_attn_share=0.5354
[step 132500] real_p1_mirror_hole_cov=0.2129 real_p1_gen_adv=7.3807 real_p1_gen_fm=0.1628 real_p1_eps=23.8647 real_p1_hole_frac=0.0806 real_p2_eps=0.0347 real_p2_hit=0.0000 real_total=23.8995 discr_adv=1.2751 p1_discr_real_out=0.1852 p1_discr_fake_out=-0.0797 p1_discr_real_gp=0.0075 g_grad_abs=300032.4821 d_grad_abs=1571.0247 synth_eps=0.0237 synth_eps_raw=0.0237 synth_x0_hit=0.0000 synth_total=0.0237 extra_render_attn_share=0.5354
[images] real: anchor | cond1 | cond2 | inv_warp_mirror | mask | mask_inv | p1_pred_x0 | warp_img | warp_warp_img | x | y_hat | y_hat_novel -> /home/xzy/warpgan-diffusiong-inpainting/warpgan-diffusion-inpainting-main/experiments/train_inpainting_diffusion/v19_w8_pixeld_300k/logs/images/train/real_step0132500.png
[images] synth: cond | mask | target | warp_img | x | y_hat_novel -> /home/xzy/warpgan-diffusiong-inpainting/warpgan-diffusion-inpainting-main/experiments/train_inpainting_diffusion/v19_w8_pixeld_300k/logs/images/train/synth_step0132500.png
[step 132550] real_p1_mirror_hole_cov=0.1248 real_p1_eps=0.4168 real_p1_hole_frac=0.3259 real_p2_eps=0.2070 real_p2_hit=1.0000 real_p2_t=244.0000 real_p2_ldif=0.0958 real_p2_gen_adv=-0.8381 real_p2_lfm=-0.0031 real_total=0.6296 discr_adv=0.9809 p2_d_real=0.8763 p2_d_fake=0.8381 g_grad_abs=11644.0450 d_grad_abs=1548.6459 synth_eps=0.1367 synth_eps_raw=0.1367 synth_x0_hit=0.0000 synth_total=0.1367 extra_render_attn_share=0.5354
[step 132600] real_p1_mirror_hole_cov=0.2728 real_p1_eps=0.1480 real_p1_hole_frac=0.3150 real_p2_eps=0.1217 real_p2_hit=0.0000 real_total=0.2697 synth_eps=0.0031 synth_eps_raw=0.0031 synth_x0_hit=0.0000 synth_total=0.0031 extra_render_attn_share=0.5354
[step 132650] real_p1_mirror_hole_cov=0.0774 real_p1_eps=0.0038 real_p1_hole_frac=0.0564 real_p2_eps=0.0019 real_p2_hit=0.0000 real_total=0.0057 synth_eps=0.0047 synth_eps_raw=0.0047 synth_x0_hit=0.0000 synth_total=0.0047 extra_render_attn_share=0.5354
[step 132700] real_p1_mirror_hole_cov=0.0552 real_p1_eps=0.0070 real_p1_hole_frac=0.1306 real_p2_eps=0.1722 real_p2_hit=1.0000 real_p2_t=172.0000 real_p2_ldif=0.0441 real_p2_gen_adv=-0.6069 real_p2_lfm=-0.0019 real_total=0.1589 discr_adv=1.0068 p2_d_real=0.5933 p2_d_fake=0.6069 g_grad_abs=1680.9788 d_grad_abs=1670.1287 synth_eps=0.3461 synth_eps_raw=0.3461 synth_x0_hit=1.0000 synth_x0_t=180.0000 synth_x0_ldif=0.0953 synth_x0_gen_adv=-0.8644 synth_x0_lfm=-0.0035 synth_total=0.3478 extra_render_attn_share=0.5354
[step 132750] real_p1_mirror_hole_cov=0.0136 real_p1_eps=0.0009 real_p1_hole_frac=0.2303 real_p2_eps=0.0501 real_p2_hit=0.0000 real_total=0.0510 discr_adv=0.9312 x0_d_real=-0.7157 x0_d_fake=-0.8574 g_grad_abs=663.1287 d_grad_abs=7656.2586 synth_eps=0.0432 synth_eps_raw=0.0432 synth_x0_hit=0.0000 synth_total=0.0432 extra_render_attn_share=0.5354
[step 132800] real_p1_mirror_hole_cov=0.0345 real_p1_eps=0.3698 real_p1_hole_frac=0.4199 real_p2_eps=0.3806 real_p2_hit=1.0000 real_p2_t=106.0000 real_p2_ldif=0.0486 real_p2_gen_adv=0.8520 real_p2_lfm=-0.0019 real_total=0.8803 discr_adv=1.8709 x0_d_real=0.2889 x0_d_fake=0.0546 p2_d_real=-0.8280 p2_d_fake=-0.8520 g_grad_abs=17734.5192 d_grad_abs=1292.2803 synth_eps=0.3617 synth_eps_raw=0.3617 synth_x0_hit=1.0000 synth_x0_t=110.0000 synth_x0_ldif=0.0486 synth_x0_gen_adv=0.7668 synth_x0_lfm=-0.0015 synth_total=0.4840 extra_render_attn_share=0.5354
[step 132850] real_p1_mirror_hole_cov=0.0455 real_p1_eps=0.0105 real_p1_hole_frac=0.2933 real_p2_eps=0.1239 real_p2_hit=0.0000 real_total=0.1343 discr_adv=1.0678 x0_d_real=-0.1642 x0_d_fake=-0.0286 g_grad_abs=903.5457 d_grad_abs=1139.5310 synth_eps=0.1020 synth_eps_raw=0.1020 synth_x0_hit=0.0000 synth_total=0.1020 extra_render_attn_share=0.5354
[step 132900] real_p1_mirror_hole_cov=0.1207 real_p1_eps=0.0045 real_p1_hole_frac=0.3919 real_p2_eps=0.2096 real_p2_hit=1.0000 real_p2_t=200.0000 real_p2_ldif=0.0685 real_p2_gen_adv=-0.6395 real_p2_lfm=-0.0019 real_total=0.2149 discr_adv=0.9977 p2_d_real=0.6441 p2_d_fake=0.6395 g_grad_abs=1686.9964 d_grad_abs=1290.8117 synth_eps=0.2169 synth_eps_raw=0.2169 synth_x0_hit=1.0000 synth_x0_t=250.0000 synth_x0_ldif=0.1050 synth_x0_gen_adv=-0.7040 synth_x0_lfm=-0.0013 synth_total=0.2488 extra_render_attn_share=0.5354
[step 132950] real_p1_mirror_hole_cov=0.1010 real_p1_gen_adv=8.5303 real_p1_gen_fm=0.1594 real_p1_eps=25.5978 real_p1_hole_frac=0.2655 real_p2_eps=0.0742 real_p2_hit=0.0000 real_total=25.6720 discr_adv=0.9332 p1_discr_real_out=-0.0185 p1_discr_fake_out=-0.2869 p1_discr_real_gp=0.0690 g_grad_abs=147821.3225 d_grad_abs=2219.7993 x0_d_real=0.4002 x0_d_fake=0.2666 synth_eps=0.0074 synth_eps_raw=0.0074 synth_x0_hit=0.0000 synth_total=0.0074 extra_render_attn_share=0.5354
[step 133000] real_p1_mirror_hole_cov=0.1123 real_p1_eps=0.0029 real_p1_hole_frac=0.4444 real_p2_eps=0.0191 real_p2_hit=0.0000 real_total=0.0220 synth_eps=0.0042 synth_eps_raw=0.0042 synth_x0_hit=0.0000 synth_total=0.0042 extra_render_attn_share=0.5354
[images] real: anchor | cond1 | cond2 | inv_warp_mirror | mask | mask_inv | warp_img | warp_warp_img | x | y_hat | y_hat_novel -> /home/xzy/warpgan-diffusiong-inpainting/warpgan-diffusion-inpainting-main/experiments/train_inpainting_diffusion/v19_w8_pixeld_300k/logs/images/train/real_step0133000.png
[images] synth: cond | mask | target | warp_img | x | y_hat_novel -> /home/xzy/warpgan-diffusiong-inpainting/warpgan-diffusion-inpainting-main/experiments/train_inpainting_diffusion/v19_w8_pixeld_300k/logs/images/train/synth_step0133000.png
[step 133050] real_p1_mirror_hole_cov=0.1243 real_p1_eps=0.0650 real_p1_hole_frac=0.0858 real_p2_eps=0.0075 real_p2_hit=0.0000 real_total=0.0725 synth_eps=0.0436 synth_eps_raw=0.0436 synth_x0_hit=0.0000 synth_total=0.0436 extra_render_attn_share=0.5354
[step 133100] real_p1_mirror_hole_cov=0.0184 real_p1_eps=0.6397 real_p1_hole_frac=0.2490 real_p2_eps=0.2226 real_p2_hit=1.0000 real_p2_t=206.0000 real_p2_ldif=0.0765 real_p2_gen_adv=0.7191 real_p2_lfm=-0.0022 real_total=1.0063 discr_adv=0.9815 p2_d_real=-0.6821 p2_d_fake=-0.7191 g_grad_abs=9841.9785 d_grad_abs=1199.7003 synth_eps=0.0079 synth_eps_raw=0.0079 synth_x0_hit=0.0000 synth_total=0.0079 extra_render_attn_share=0.5354
[step 133150] real_p1_mirror_hole_cov=0.0891 real_p1_eps=0.0113 real_p1_hole_frac=0.0869 real_p2_eps=0.6517 real_p2_hit=1.0000 real_p2_t=7.0000 real_p2_ldif=0.0045 real_p2_gen_adv=-0.9871 real_p2_lfm=-0.0002 real_total=0.5685 discr_adv=1.0085 p2_d_real=0.9895 p2_d_fake=0.9871 g_grad_abs=3116.3063 d_grad_abs=1133.0368 synth_eps=0.0437 synth_eps_raw=0.0437 synth_x0_hit=0.0000 synth_total=0.0437 extra_render_attn_share=0.5354
[step 133200] real_p1_mirror_hole_cov=0.0879 real_p1_eps=0.0517 real_p1_hole_frac=0.3480 real_p2_eps=0.0018 real_p2_hit=0.0000 real_total=0.0534 synth_eps=0.0126 synth_eps_raw=0.0126 synth_x0_hit=0.0000 synth_total=0.0126 extra_render_attn_share=0.5354
[step 133250] real_p1_mirror_hole_cov=0.0635 real_p1_eps=0.0179 real_p1_hole_frac=0.0850 real_p2_eps=0.0475 real_p2_hit=0.0000 real_total=0.0655 discr_adv=0.8096 x0_d_real=-0.3125 x0_d_fake=-0.6934 g_grad_abs=668.3448 d_grad_abs=3915.1121 synth_eps=0.2564 synth_eps_raw=0.2564 synth_x0_hit=1.0000 synth_x0_t=151.0000 synth_x0_ldif=0.0539 synth_x0_gen_adv=0.9698 synth_x0_lfm=-0.0025 synth_total=0.4023 extra_render_attn_share=0.5354
[step 133300] real_p1_mirror_hole_cov=0.0168 real_p1_eps=0.0579 real_p1_hole_frac=0.1290 real_p2_eps=0.2747 real_p2_hit=1.0000 real_p2_t=97.0000 real_p2_ldif=0.0312 real_p2_gen_adv=0.7894 real_p2_lfm=-0.0009 real_total=0.4410 discr_adv=2.0078 x0_d_real=-0.9515 x0_d_fake=-0.9540 p2_d_real=-0.8017 p2_d_fake=-0.7894 g_grad_abs=2514.6153 d_grad_abs=1237.2087 synth_eps=0.0039 synth_eps_raw=0.0039 synth_x0_hit=0.0000 synth_total=0.0039 extra_render_attn_share=0.5354
[step 133350] real_p1_mirror_hole_cov=0.3094 real_p1_gen_adv=10.1529 real_p1_gen_fm=0.1728 real_p1_eps=28.1494 real_p1_hole_frac=0.4313 real_p2_eps=0.2466 real_p2_hit=1.0000 real_p2_t=146.0000 real_p2_ldif=0.0493 real_p2_gen_adv=-0.9221 real_p2_lfm=-0.0007 real_total=28.3517 discr_adv=0.9823 p1_discr_real_out=-0.0526 p1_discr_fake_out=-0.5544 p1_discr_real_gp=0.1781 g_grad_abs=367137.8183 d_grad_abs=3138.8001 p2_d_real=0.9679 p2_d_fake=0.9221 synth_eps=0.0168 synth_eps_raw=0.0168 synth_x0_hit=0.0000 synth_total=0.0168 extra_render_attn_share=0.5354
[step 133400] real_p1_mirror_hole_cov=0.0062 real_p1_eps=0.0066 real_p1_hole_frac=0.3738 real_p2_eps=0.0139 real_p2_hit=0.0000 real_total=0.0205 synth_eps=0.0075 synth_eps_raw=0.0075 synth_x0_hit=0.0000 synth_total=0.0075 extra_render_attn_share=0.5354
[step 133450] real_p1_mirror_hole_cov=0.0237 real_p1_eps=0.0083 real_p1_hole_frac=0.1830 real_p2_eps=0.0254 real_p2_hit=0.0000 real_total=0.0337 synth_eps=0.0036 synth_eps_raw=0.0036 synth_x0_hit=0.0000 synth_total=0.0036 extra_render_attn_share=0.5354
[step 133500] real_p1_mirror_hole_cov=0.0113 real_p1_eps=0.0322 real_p1_hole_frac=0.0780 real_p2_eps=0.0595 real_p2_hit=0.0000 real_total=0.0918 synth_eps=0.4476 synth_eps_raw=0.4476 synth_x0_hit=1.0000 synth_x0_t=107.0000 synth_x0_ldif=0.0579 synth_x0_gen_adv=-0.7881 synth_x0_lfm=-0.0029 synth_total=0.4209 extra_render_attn_share=0.5354
[images] real: anchor | cond1 | cond2 | inv_warp_mirror | mask | mask_inv | warp_img | warp_warp_img | x | y_hat | y_hat_novel -> /home/xzy/warpgan-diffusiong-inpainting/warpgan-diffusion-inpainting-main/experiments/train_inpainting_diffusion/v19_w8_pixeld_300k/logs/images/train/real_step0133500.png
[images] synth: cond | mask | target | warp_img | x | y_hat_novel -> /home/xzy/warpgan-diffusiong-inpainting/warpgan-diffusion-inpainting-main/experiments/train_inpainting_diffusion/v19_w8_pixeld_300k/logs/images/train/synth_step0133500.png
[step 133550] real_p1_mirror_hole_cov=0.0411 real_p1_eps=0.0290 real_p1_hole_frac=0.1132 real_p2_eps=0.1375 real_p2_hit=1.0000 real_p2_t=251.0000 real_p2_ldif=0.0671 real_p2_gen_adv=-0.6311 real_p2_lfm=-0.0036 real_total=0.1631 discr_adv=2.2052 x0_d_real=-0.1015 x0_d_fake=-0.2425 p2_d_real=0.0811 p2_d_fake=0.6311 g_grad_abs=2024.1405 d_grad_abs=2329.3615 synth_eps=0.9129 synth_eps_raw=0.9129 synth_x0_hit=1.0000 synth_x0_t=3.0000 synth_x0_ldif=0.0031 synth_x0_gen_adv=-0.6234 synth_x0_lfm=-0.0002 synth_total=0.8533 extra_render_attn_share=0.5354
[step 133600] real_p1_mirror_hole_cov=0.0816 real_p1_gen_adv=9.1396 real_p1_gen_fm=0.2235 real_p1_eps=33.1371 real_p1_hole_frac=0.2330 real_p2_eps=0.1886 real_p2_hit=1.0000 real_p2_t=292.0000 real_p2_ldif=0.1237 real_p2_gen_adv=-0.3614 real_p2_lfm=-0.0013 real_total=33.4105 discr_adv=0.9006 p1_discr_real_out=0.1475 p1_discr_fake_out=-0.3912 p1_discr_real_gp=0.0456 g_grad_abs=31475.1802 d_grad_abs=2345.6260 p2_d_real=0.5603 p2_d_fake=0.3614 synth_eps=0.3720 synth_eps_raw=0.3720 synth_x0_hit=1.0000 synth_x0_t=114.0000 synth_x0_ldif=0.0524 synth_x0_gen_adv=0.7691 synth_x0_lfm=-0.0028 synth_total=0.4957 extra_render_attn_share=0.5354
[step 133650] real_p1_mirror_hole_cov=0.2087 real_p1_gen_adv=7.9230 real_p1_gen_fm=0.1740 real_p1_eps=26.3412 real_p1_hole_frac=0.4806 real_p2_eps=0.3389 real_p2_hit=1.0000 real_p2_t=131.0000 real_p2_ldif=0.0579 real_p2_gen_adv=0.7515 real_p2_lfm=-0.0023 real_total=26.8086 discr_adv=2.0111 p1_discr_real_out=-0.0419 p1_discr_fake_out=-0.1863 p1_discr_real_gp=0.0691 g_grad_abs=281769.4900 d_grad_abs=1126.6150 x0_d_real=-0.7094 x0_d_fake=-0.6669 p2_d_real=-0.7313 p2_d_fake=-0.7515 synth_eps=0.0054 synth_eps_raw=0.0054 synth_x0_hit=0.0000 synth_total=0.0054 extra_render_attn_share=0.5354
[step 133700] real_p1_mirror_hole_cov=0.0123 real_p1_eps=0.0522 real_p1_hole_frac=0.0992 real_p2_eps=0.0152 real_p2_hit=0.0000 real_total=0.0674 synth_eps=0.0049 synth_eps_raw=0.0049 synth_x0_hit=0.0000 synth_total=0.0049 extra_render_attn_share=0.5354
[step 133750] real_p1_mirror_hole_cov=0.1708 real_p1_eps=0.0839 real_p1_hole_frac=0.2793 real_p2_eps=0.0045 real_p2_hit=0.0000 real_total=0.0885 synth_eps=0.0846 synth_eps_raw=0.0846 synth_x0_hit=0.0000 synth_total=0.0846 extra_render_attn_share=0.5354
[step 133800] real_p1_mirror_hole_cov=0.0206 real_p1_eps=0.0028 real_p1_hole_frac=0.3681 real_p2_eps=0.3989 real_p2_hit=1.0000 real_p2_t=81.0000 real_p2_ldif=0.0360 real_p2_gen_adv=-0.6241 real_p2_lfm=-0.0015 real_total=0.3724 discr_adv=0.9840 p2_d_real=0.6560 p2_d_fake=0.6241 g_grad_abs=16874.0276 d_grad_abs=1065.1780 synth_eps=0.0031 synth_eps_raw=0.0031 synth_x0_hit=0.0000 synth_total=0.0031 extra_render_attn_share=0.5354
[step 133850] real_p1_mirror_hole_cov=0.0168 real_p1_eps=0.0020 real_p1_hole_frac=0.0670 real_p2_eps=0.0045 real_p2_hit=0.0000 real_total=0.0065 discr_adv=0.8312 x0_d_real=0.7920 x0_d_fake=0.4539 g_grad_abs=177.2990 d_grad_abs=2502.4940 synth_eps=0.0024 synth_eps_raw=0.0024 synth_x0_hit=0.0000 synth_total=0.0024 extra_render_attn_share=0.5354
[step 133900] real_p1_mirror_hole_cov=0.0221 real_p1_eps=0.0196 real_p1_hole_frac=0.2013 real_p2_eps=0.0232 real_p2_hit=0.0000 real_total=0.0428 synth_eps=0.0111 synth_eps_raw=0.0111 synth_x0_hit=0.0000 synth_total=0.0111 extra_render_attn_share=0.5354
[step 133950] real_p1_mirror_hole_cov=0.0279 real_p1_eps=0.1761 real_p1_hole_frac=0.3951 real_p2_eps=0.8396 real_p2_hit=1.0000 real_p2_t=3.0000 real_p2_ldif=0.0029 real_p2_gen_adv=-0.7825 real_p2_lfm=-0.0004 real_total=0.9395 discr_adv=0.9904 p2_d_real=0.8017 p2_d_fake=0.7825 g_grad_abs=2836.6137 d_grad_abs=676.3861 synth_eps=0.0247 synth_eps_raw=0.0247 synth_x0_hit=0.0000 synth_total=0.0247 extra_render_attn_share=0.5354
[val step 133999] val_novel_full=0.0725 val_novel_hole=0.0905 val_novel_visible=0.0692
[step 134000] real_p1_mirror_hole_cov=0.0011 real_p1_eps=0.0530 real_p1_hole_frac=0.2648 real_p2_eps=0.0145 real_p2_hit=0.0000 real_total=0.0675 synth_eps=0.7099 synth_eps_raw=0.7099 synth_x0_hit=1.0000 synth_x0_t=13.0000 synth_x0_ldif=0.0088 synth_x0_gen_adv=-0.4167 synth_x0_lfm=-0.0004 synth_total=0.6762 extra_render_attn_share=0.5368
[images] real: anchor | cond1 | cond2 | inv_warp_mirror | mask | mask_inv | warp_img | warp_warp_img | x | y_hat | y_hat_novel -> /home/xzy/warpgan-diffusiong-inpainting/warpgan-diffusion-inpainting-main/experiments/train_inpainting_diffusion/v19_w8_pixeld_300k/logs/images/train/real_step0134000.png
[images] synth: cond | mask | target | warp_img | x | y_hat_novel -> /home/xzy/warpgan-diffusiong-inpainting/warpgan-diffusion-inpainting-main/experiments/train_inpainting_diffusion/v19_w8_pixeld_300k/logs/images/train/synth_step0134000.png
[step 134050] real_p1_mirror_hole_cov=0.1559 real_p1_eps=0.0181 real_p1_hole_frac=0.0592 real_p2_eps=0.0249 real_p2_hit=0.0000 real_total=0.0430 synth_eps=0.0719 synth_eps_raw=0.0719 synth_x0_hit=0.0000 synth_total=0.0719 extra_render_attn_share=0.5368
[step 134100] real_p1_mirror_hole_cov=0.0325 real_p1_eps=0.1072 real_p1_hole_frac=0.1857 real_p2_eps=0.0864 real_p2_hit=0.0000 real_total=0.1936 synth_eps=0.1681 synth_eps_raw=0.1681 synth_x0_hit=0.0000 synth_total=0.1681 extra_render_attn_share=0.5368
[step 134150] real_p1_mirror_hole_cov=0.0616 real_p1_eps=0.0298 real_p1_hole_frac=0.2825 real_p2_eps=0.0134 real_p2_hit=0.0000 real_total=0.0433 synth_eps=0.0333 synth_eps_raw=0.0333 synth_x0_hit=0.0000 synth_total=0.0333 extra_render_attn_share=0.5368
[step 134200] real_p1_mirror_hole_cov=0.0696 real_p1_eps=0.0030 real_p1_hole_frac=0.0289 real_p2_eps=0.0054 real_p2_hit=0.0000 real_total=0.0084 synth_eps=0.0041 synth_eps_raw=0.0041 synth_x0_hit=0.0000 synth_total=0.0041 extra_render_attn_share=0.5368
[step 134250] real_p1_mirror_hole_cov=0.2406 real_p1_eps=0.0208 real_p1_hole_frac=0.2476 real_p2_eps=0.2097 real_p2_hit=1.0000 real_p2_t=184.0000 real_p2_ldif=0.0598 real_p2_gen_adv=0.1380 real_p2_lfm=-0.0011 real_total=0.3018 discr_adv=1.1593 p2_d_real=-0.4565 p2_d_fake=-0.1380 g_grad_abs=5959.7426 d_grad_abs=2488.7451 synth_eps=0.4403 synth_eps_raw=0.4403 synth_x0_hit=1.0000 synth_x0_t=79.0000 synth_x0_ldif=0.0386 synth_x0_gen_adv=0.4493 synth_x0_lfm=-0.0020 synth_total=0.5197 extra_render_attn_share=0.5368
[step 134300] real_p1_mirror_hole_cov=0.0709 real_p1_eps=0.0071 real_p1_hole_frac=0.1484 real_p2_eps=0.0017 real_p2_hit=0.0000 real_total=0.0088 synth_eps=0.3117 synth_eps_raw=0.3117 synth_x0_hit=1.0000 synth_x0_t=199.0000 synth_x0_ldif=0.1010 synth_x0_gen_adv=-0.7571 synth_x0_lfm=-0.0022 synth_total=0.3325 extra_render_attn_share=0.5368
[step 134350] real_p1_mirror_hole_cov=0.0069 real_p1_gen_adv=7.5872 real_p1_gen_fm=0.1685 real_p1_eps=26.1965 real_p1_hole_frac=0.3130 real_p2_eps=0.0115 real_p2_hit=0.0000 real_total=26.2080 discr_adv=0.9491 p1_discr_real_out=0.2616 p1_discr_fake_out=-0.1218 p1_discr_real_gp=0.0228 g_grad_abs=54649.7632 d_grad_abs=1790.3500 x0_d_real=-0.4606 x0_d_fake=-0.5623 synth_eps=0.0074 synth_eps_raw=0.0074 synth_x0_hit=0.0000 synth_total=0.0074 extra_render_attn_share=0.5368
[step 134400] real_p1_mirror_hole_cov=0.1369 real_p1_eps=0.0520 real_p1_hole_frac=0.1918 real_p2_eps=0.8858 real_p2_hit=1.0000 real_p2_t=1.0000 real_p2_ldif=0.0015 real_p2_gen_adv=-0.4525 real_p2_lfm=-0.0001 real_total=0.8938 discr_adv=0.9978 p2_d_real=0.4568 p2_d_fake=0.4525 g_grad_abs=2076.7979 d_grad_abs=2202.2217 synth_eps=0.0183 synth_eps_raw=0.0183 synth_x0_hit=0.0000 synth_total=0.0183 extra_render_attn_share=0.5368
[step 134450] real_p1_mirror_hole_cov=0.1271 real_p1_gen_adv=8.4549 real_p1_gen_fm=0.1640 real_p1_eps=26.0347 real_p1_hole_frac=0.2506 real_p2_eps=0.0034 real_p2_hit=0.0000 real_total=26.0380 discr_adv=0.9628 p1_discr_real_out=0.0062 p1_discr_fake_out=-0.2784 p1_discr_real_gp=0.0467 g_grad_abs=147490.2443 d_grad_abs=1052.2429 x0_d_real=0.0549 x0_d_fake=-0.0196 synth_eps=0.0515 synth_eps_raw=0.0515 synth_x0_hit=0.0000 synth_total=0.0515 extra_render_attn_share=0.5368
[step 134500] real_p1_mirror_hole_cov=0.0835 real_p1_eps=0.1370 real_p1_hole_frac=0.0817 real_p2_eps=0.0083 real_p2_hit=0.0000 real_total=0.1453 discr_adv=0.9499 x0_d_real=0.1557 x0_d_fake=0.0555 g_grad_abs=3714.4718 d_grad_abs=1710.8494 synth_eps=0.1826 synth_eps_raw=0.1826 synth_x0_hit=1.0000 synth_x0_t=237.0000 synth_x0_ldif=0.0801 synth_x0_gen_adv=-0.1847 synth_x0_lfm=-0.0017 synth_total=0.2409 extra_render_attn_share=0.5368
[images] real: anchor | cond1 | cond2 | inv_warp_mirror | mask | mask_inv | warp_img | warp_warp_img | x | y_hat | y_hat_novel -> /home/xzy/warpgan-diffusiong-inpainting/warpgan-diffusion-inpainting-main/experiments/train_inpainting_diffusion/v19_w8_pixeld_300k/logs/images/train/real_step0134500.png
[images] synth: cond | mask | target | warp_img | x | y_hat_novel -> /home/xzy/warpgan-diffusiong-inpainting/warpgan-diffusion-inpainting-main/experiments/train_inpainting_diffusion/v19_w8_pixeld_300k/logs/images/train/synth_step0134500.png
[step 134550] real_p1_mirror_hole_cov=0.2150 real_p1_gen_adv=7.4526 real_p1_gen_fm=0.2085 real_p1_eps=29.2892 real_p1_hole_frac=0.4296 real_p2_eps=0.1885 real_p2_hit=1.0000 real_p2_t=260.0000 real_p2_ldif=0.0983 real_p2_gen_adv=-0.7994 real_p2_lfm=-0.0040 real_total=29.4881 discr_adv=1.9745 p1_discr_real_out=0.0179 p1_discr_fake_out=-0.0958 p1_discr_real_gp=0.0157 g_grad_abs=245045.2392 d_grad_abs=945.4512 x0_d_real=0.7074 x0_d_fake=0.6294 p2_d_real=0.7725 p2_d_fake=0.7994 synth_eps=0.0770 synth_eps_raw=0.0770 synth_x0_hit=0.0000 synth_total=0.0770 extra_render_attn_share=0.5368
[step 134600] real_p1_mirror_hole_cov=0.0380 real_p1_eps=0.0078 real_p1_hole_frac=0.4043 real_p2_eps=0.0198 real_p2_hit=0.0000 real_total=0.0275 discr_adv=0.9477 x0_d_real=0.0445 x0_d_fake=-0.0601 g_grad_abs=423.2235 d_grad_abs=1340.0178 synth_eps=0.0258 synth_eps_raw=0.0258 synth_x0_hit=0.0000 synth_total=0.0258 extra_render_attn_share=0.5368
[step 134650] real_p1_mirror_hole_cov=0.1977 real_p1_eps=0.0037 real_p1_hole_frac=0.4105 real_p2_eps=0.0591 real_p2_hit=0.0000 real_total=0.0628 synth_eps=0.2880 synth_eps_raw=0.2880 synth_x0_hit=1.0000 synth_x0_t=191.0000 synth_x0_ldif=0.0872 synth_x0_gen_adv=-0.6887 synth_x0_lfm=-0.0035 synth_total=0.2993 extra_render_attn_share=0.5368
[step 134700] real_p1_mirror_hole_cov=0.2604 real_p1_eps=0.0839 real_p1_hole_frac=0.2291 real_p2_eps=0.3107 real_p2_hit=1.0000 real_p2_t=113.0000 real_p2_ldif=0.0434 real_p2_gen_adv=-0.4431 real_p2_lfm=-0.0023 real_total=0.3892 discr_adv=1.0981 p2_d_real=0.2469 p2_d_fake=0.4431 g_grad_abs=2544.9236 d_grad_abs=1741.5969 synth_eps=0.2798 synth_eps_raw=0.2798 synth_x0_hit=1.0000 synth_x0_t=224.0000 synth_x0_ldif=0.1110 synth_x0_gen_adv=-0.6921 synth_x0_lfm=-0.0039 synth_total=0.3139 extra_render_attn_share=0.5368
[step 134750] real_p1_mirror_hole_cov=0.0134 real_p1_gen_adv=7.1684 real_p1_gen_fm=0.0985 real_p1_eps=18.5354 real_p1_hole_frac=0.0690 real_p2_eps=0.0321 real_p2_hit=0.0000 real_total=18.5675 discr_adv=1.3633 p1_discr_real_out=0.0163 p1_discr_fake_out=-0.0439 p1_discr_real_gp=0.0033 g_grad_abs=58802.1112 d_grad_abs=1055.9130 synth_eps=0.2326 synth_eps_raw=0.2326 synth_x0_hit=1.0000 synth_x0_t=222.0000 synth_x0_ldif=0.0909 synth_x0_gen_adv=-0.4956 synth_x0_lfm=-0.0034 synth_total=0.2673 extra_render_attn_share=0.5368
[step 134800] real_p1_mirror_hole_cov=0.1719 real_p1_eps=0.0016 real_p1_hole_frac=0.4161 real_p2_eps=0.2770 real_p2_hit=1.0000 real_p2_t=166.0000 real_p2_ldif=0.0672 real_p2_gen_adv=-0.4781 real_p2_lfm=-0.0023 real_total=0.2932 discr_adv=0.9376 p2_d_real=0.6029 p2_d_fake=0.4781 g_grad_abs=2175.5423 d_grad_abs=996.2863 synth_eps=0.0044 synth_eps_raw=0.0044 synth_x0_hit=0.0000 synth_total=0.0044 extra_render_attn_share=0.5368
[step 134850] real_p1_mirror_hole_cov=0.0976 real_p1_eps=0.0016 real_p1_hole_frac=0.5094 real_p2_eps=0.2281 real_p2_hit=1.0000 real_p2_t=266.0000 real_p2_ldif=0.1243 real_p2_gen_adv=-0.1648 real_p2_lfm=-0.0048 real_total=0.3279 discr_adv=0.8989 p2_d_real=0.3671 p2_d_fake=0.1648 g_grad_abs=4000.7154 d_grad_abs=1047.6128 synth_eps=0.1478 synth_eps_raw=0.1478 synth_x0_hit=0.0000 synth_total=0.1478 extra_render_attn_share=0.5368
[step 134900] real_p1_mirror_hole_cov=0.1429 real_p1_eps=0.0023 real_p1_hole_frac=0.3838 real_p2_eps=0.0050 real_p2_hit=0.0000 real_total=0.0073 discr_adv=0.9748 x0_d_real=0.6480 x0_d_fake=0.5961 g_grad_abs=96.5219 d_grad_abs=888.3249 synth_eps=0.0517 synth_eps_raw=0.0517 synth_x0_hit=0.0000 synth_total=0.0517 extra_render_attn_share=0.5368
[step 134950] real_p1_mirror_hole_cov=0.0390 real_p1_eps=0.0029 real_p1_hole_frac=0.5275 real_p2_eps=0.1046 real_p2_hit=0.0000 real_total=0.1075 synth_eps=0.0036 synth_eps_raw=0.0036 synth_x0_hit=0.0000 synth_total=0.0036 extra_render_attn_share=0.5368
[step 135000] real_p1_mirror_hole_cov=0.2223 real_p1_eps=0.0179 real_p1_hole_frac=0.5512 real_p2_eps=0.6338 real_p2_hit=1.0000 real_p2_t=19.0000 real_p2_ldif=0.0115 real_p2_gen_adv=-0.4811 real_p2_lfm=-0.0009 real_total=0.6133 discr_adv=2.0342 x0_d_real=0.2266 x0_d_fake=0.4079 p2_d_real=0.5975 p2_d_fake=0.4811 g_grad_abs=2790.2843 d_grad_abs=1887.7392 synth_eps=0.0340 synth_eps_raw=0.0340 synth_x0_hit=0.0000 synth_total=0.0340 extra_render_attn_share=0.5368
[images] real: anchor | cond1 | cond2 | inv_warp_mirror | mask | mask_inv | warp_img | warp_warp_img | x | y_hat | y_hat_novel -> /home/xzy/warpgan-diffusiong-inpainting/warpgan-diffusion-inpainting-main/experiments/train_inpainting_diffusion/v19_w8_pixeld_300k/logs/images/train/real_step0135000.png
[images] synth: cond | mask | target | warp_img | x | y_hat_novel -> /home/xzy/warpgan-diffusiong-inpainting/warpgan-diffusion-inpainting-main/experiments/train_inpainting_diffusion/v19_w8_pixeld_300k/logs/images/train/synth_step0135000.png
[step 135050] real_p1_mirror_hole_cov=0.0308 real_p1_eps=0.0119 real_p1_hole_frac=0.3015 real_p2_eps=0.3101 real_p2_hit=1.0000 real_p2_t=141.0000 real_p2_ldif=0.0589 real_p2_gen_adv=-0.6085 real_p2_lfm=-0.0005 real_total=0.3190 discr_adv=0.9733 p2_d_real=0.6619 p2_d_fake=0.6085 g_grad_abs=6971.6436 d_grad_abs=1262.6635 synth_eps=0.0042 synth_eps_raw=0.0042 synth_x0_hit=0.0000 synth_total=0.0042 extra_render_attn_share=0.5368
[step 135100] real_p1_mirror_hole_cov=0.0213 real_p1_eps=0.0358 real_p1_hole_frac=0.1788 real_p2_eps=0.1972 real_p2_hit=1.0000 real_p2_t=137.0000 real_p2_ldif=0.0359 real_p2_gen_adv=0.7635 real_p2_lfm=-0.0018 real_total=0.3415 discr_adv=1.0722 p2_d_real=-0.9076 p2_d_fake=-0.7635 g_grad_abs=3226.1783 d_grad_abs=2346.7415 synth_eps=0.2844 synth_eps_raw=0.2844 synth_x0_hit=1.0000 synth_x0_t=179.0000 synth_x0_ldif=0.0776 synth_x0_gen_adv=0.1584 synth_x0_lfm=-0.0008 synth_total=0.3761 extra_render_attn_share=0.5368
[step 135150] real_p1_mirror_hole_cov=0.1539 real_p1_gen_adv=7.1489 real_p1_gen_fm=0.0637 real_p1_eps=14.1559 real_p1_hole_frac=0.1090 real_p2_eps=0.1585 real_p2_hit=1.0000 real_p2_t=197.0000 real_p2_ldif=0.0505 real_p2_gen_adv=0.7770 real_p2_lfm=-0.0018 real_total=14.4391 discr_adv=1.8867 p1_discr_real_out=-0.0296 p1_discr_fake_out=-0.0392 p1_discr_real_gp=0.1154 g_grad_abs=182545.6597 d_grad_abs=3104.7959 x0_d_real=-0.5695 x0_d_fake=-0.8209 p2_d_real=-0.8017 p2_d_fake=-0.7770 synth_eps=0.6445 synth_eps_raw=0.6445 synth_x0_hit=1.0000 synth_x0_t=38.0000 synth_x0_ldif=0.0241 synth_x0_gen_adv=0.8400 synth_x0_lfm=-0.0006 synth_total=0.7514 extra_render_attn_share=0.5368
[step 135200] real_p1_mirror_hole_cov=0.1524 real_p1_eps=0.1186 real_p1_hole_frac=0.2481 real_p2_eps=0.0022 real_p2_hit=0.0000 real_total=0.1207 discr_adv=1.0659 x0_d_real=-0.1355 x0_d_fake=-0.0037 g_grad_abs=1163.4300 d_grad_abs=1573.0044 synth_eps=0.0036 synth_eps_raw=0.0036 synth_x0_hit=0.0000 synth_total=0.0036 extra_render_attn_share=0.5368
[step 135250] real_p1_mirror_hole_cov=0.0182 real_p1_eps=0.1498 real_p1_hole_frac=0.4704 real_p2_eps=0.0502 real_p2_hit=0.0000 real_total=0.2000 discr_adv=0.9617 x0_d_real=-0.2846 x0_d_fake=-0.3612 g_grad_abs=1153.4067 d_grad_abs=1309.2665 synth_eps=0.1131 synth_eps_raw=0.1131 synth_x0_hit=0.0000 synth_total=0.1131 extra_render_attn_share=0.5368
[step 135300] real_p1_mirror_hole_cov=0.1416 real_p1_gen_adv=8.3733 real_p1_gen_fm=0.1735 real_p1_eps=26.6686 real_p1_hole_frac=0.4468 real_p2_eps=0.0129 real_p2_hit=0.0000 real_total=26.6816 discr_adv=1.3670 p1_discr_real_out=-0.0808 p1_discr_fake_out=-0.2667 p1_discr_real_gp=0.0602 g_grad_abs=276551.7301 d_grad_abs=1246.3202 synth_eps=0.3543 synth_eps_raw=0.3543 synth_x0_hit=1.0000 synth_x0_t=122.0000 synth_x0_ldif=0.0548 synth_x0_gen_adv=-0.1010 synth_x0_lfm=-0.0028 synth_total=0.3934 extra_render_attn_share=0.5368
[step 135350] real_p1_mirror_hole_cov=0.0205 real_p1_eps=0.1459 real_p1_hole_frac=0.4345 real_p2_eps=0.1670 real_p2_hit=1.0000 real_p2_t=286.0000 real_p2_ldif=0.1050 real_p2_gen_adv=-0.4898 real_p2_lfm=-0.0034 real_total=0.3621 discr_adv=2.0685 x0_d_real=0.3709 x0_d_fake=0.3622 p2_d_real=0.3442 p2_d_fake=0.4898 g_grad_abs=3067.8968 d_grad_abs=1146.4954 synth_eps=0.1059 synth_eps_raw=0.1059 synth_x0_hit=0.0000 synth_total=0.1059 extra_render_attn_share=0.5368
[step 135400] real_p1_mirror_hole_cov=0.0327 real_p1_eps=0.0013 real_p1_hole_frac=0.2947 real_p2_eps=0.0125 real_p2_hit=0.0000 real_total=0.0138 discr_adv=0.9942 x0_d_real=-0.8197 x0_d_fake=-0.8330 g_grad_abs=181.3623 d_grad_abs=684.7882 synth_eps=0.0043 synth_eps_raw=0.0043 synth_x0_hit=0.0000 synth_total=0.0043 extra_render_attn_share=0.5368
[step 135450] real_p1_mirror_hole_cov=0.1013 real_p1_eps=0.0045 real_p1_hole_frac=0.2929 real_p2_eps=0.2312 real_p2_hit=1.0000 real_p2_t=173.0000 real_p2_ldif=0.0598 real_p2_gen_adv=0.8617 real_p2_lfm=-0.0020 real_total=0.3777 discr_adv=0.9846 p2_d_real=-0.8308 p2_d_fake=-0.8617 g_grad_abs=2710.7076 d_grad_abs=941.1797 synth_eps=0.8274 synth_eps_raw=0.8274 synth_x0_hit=1.0000 synth_x0_t=5.0000 synth_x0_ldif=0.0043 synth_x0_gen_adv=0.0966 synth_x0_lfm=-0.0001 synth_total=0.8412 extra_render_attn_share=0.5368
[step 135500] real_p1_mirror_hole_cov=0.2854 real_p1_eps=0.0095 real_p1_hole_frac=0.0145 real_p2_eps=0.0386 real_p2_hit=0.0000 real_total=0.0482 discr_adv=1.0071 x0_d_real=-0.9568 x0_d_fake=-0.9724 g_grad_abs=680.9875 d_grad_abs=1027.2006 synth_eps=0.0018 synth_eps_raw=0.0018 synth_x0_hit=0.0000 synth_total=0.0018 extra_render_attn_share=0.5368
[images] real: anchor | cond1 | cond2 | inv_warp_mirror | mask | mask_inv | warp_img | warp_warp_img | x | y_hat | y_hat_novel -> /home/xzy/warpgan-diffusiong-inpainting/warpgan-diffusion-inpainting-main/experiments/train_inpainting_diffusion/v19_w8_pixeld_300k/logs/images/train/real_step0135500.png
[images] synth: cond | mask | target | warp_img | x | y_hat_novel -> /home/xzy/warpgan-diffusiong-inpainting/warpgan-diffusion-inpainting-main/experiments/train_inpainting_diffusion/v19_w8_pixeld_300k/logs/images/train/synth_step0135500.png
[step 135550] real_p1_mirror_hole_cov=0.2014 real_p1_gen_adv=7.0469 real_p1_gen_fm=0.2128 real_p1_eps=29.5370 real_p1_hole_frac=0.2507 real_p2_eps=0.0329 real_p2_hit=0.0000 real_total=29.5699 discr_adv=1.2899 p1_discr_real_out=0.2717 p1_discr_fake_out=-0.0178 p1_discr_real_gp=0.0335 g_grad_abs=228383.0237 d_grad_abs=1050.5384 synth_eps=0.0039 synth_eps_raw=0.0039 synth_x0_hit=0.0000 synth_total=0.0039 extra_render_attn_share=0.5368
[step 135600] real_p1_mirror_hole_cov=0.1665 real_p1_gen_adv=7.8576 real_p1_gen_fm=0.1763 real_p1_eps=26.4689 real_p1_hole_frac=0.6202 real_p2_eps=0.2244 real_p2_hit=1.0000 real_p2_t=232.0000 real_p2_ldif=0.0948 real_p2_gen_adv=0.3014 real_p2_lfm=-0.0021 real_total=26.8141 discr_adv=0.9661 p1_discr_real_out=0.0367 p1_discr_fake_out=-0.1702 p1_discr_real_gp=0.0464 g_grad_abs=291027.3710 d_grad_abs=1105.5268 p2_d_real=-0.2317 p2_d_fake=-0.3014 synth_eps=0.0554 synth_eps_raw=0.0554 synth_x0_hit=0.0000 synth_total=0.0554 extra_render_attn_share=0.5368
[step 135650] real_p1_mirror_hole_cov=0.1232 real_p1_eps=0.0030 real_p1_hole_frac=0.2797 real_p2_eps=0.1187 real_p2_hit=0.0000 real_total=0.1217 discr_adv=0.9806 x0_d_real=-0.7282 x0_d_fake=-0.7670 g_grad_abs=1169.5352 d_grad_abs=2732.7215 synth_eps=0.0939 synth_eps_raw=0.0939 synth_x0_hit=0.0000 synth_total=0.0939 extra_render_attn_share=0.5368
[step 135700] real_p1_mirror_hole_cov=0.0170 real_p1_eps=0.0013 real_p1_hole_frac=0.1788 real_p2_eps=0.0153 real_p2_hit=0.0000 real_total=0.0166 synth_eps=0.0309 synth_eps_raw=0.0309 synth_x0_hit=0.0000 synth_total=0.0309 extra_render_attn_share=0.5368
[step 135750] real_p1_mirror_hole_cov=0.1007 real_p1_eps=0.0636 real_p1_hole_frac=0.4165 real_p2_eps=0.5529 real_p2_hit=1.0000 real_p2_t=42.0000 real_p2_ldif=0.0231 real_p2_gen_adv=-0.1671 real_p2_lfm=-0.0006 real_total=0.6217 discr_adv=0.8489 p2_d_real=0.4695 p2_d_fake=0.1671 g_grad_abs=4861.4881 d_grad_abs=2312.5835 synth_eps=0.0029 synth_eps_raw=0.0029 synth_x0_hit=0.0000 synth_total=0.0029 extra_render_attn_share=0.5368
[step 135800] real_p1_mirror_hole_cov=0.0821 real_p1_eps=0.1464 real_p1_hole_frac=0.3842 real_p2_eps=0.2238 real_p2_hit=1.0000 real_p2_t=221.0000 real_p2_ldif=0.0867 real_p2_gen_adv=-0.8778 real_p2_lfm=-0.0028 real_total=0.3637 discr_adv=0.9761 p2_d_real=0.9256 p2_d_fake=0.8778 g_grad_abs=2736.6914 d_grad_abs=1312.0866 synth_eps=0.1287 synth_eps_raw=0.1287 synth_x0_hit=0.0000 synth_total=0.1287 extra_render_attn_share=0.5368
[step 135850] real_p1_mirror_hole_cov=0.0862 real_p1_eps=0.1594 real_p1_hole_frac=0.4168 real_p2_eps=0.0135 real_p2_hit=0.0000 real_total=0.1730 synth_eps=0.2450 synth_eps_raw=0.2450 synth_x0_hit=1.0000 synth_x0_t=257.0000 synth_x0_ldif=0.1249 synth_x0_gen_adv=-0.5283 synth_x0_lfm=-0.0037 synth_total=0.3096 extra_render_attn_share=0.5368
[step 135900] real_p1_mirror_hole_cov=0.1264 real_p1_eps=0.0143 real_p1_hole_frac=0.3890 real_p2_eps=0.1431 real_p2_hit=0.0000 real_total=0.1574 discr_adv=1.0026 x0_d_real=-0.3552 x0_d_fake=-0.3501 g_grad_abs=1542.5556 d_grad_abs=801.6035 synth_eps=0.1725 synth_eps_raw=0.1725 synth_x0_hit=0.0000 synth_total=0.1725 extra_render_attn_share=0.5368
[step 135950] real_p1_mirror_hole_cov=0.1693 real_p1_eps=0.0017 real_p1_hole_frac=0.5523 real_p2_eps=0.0075 real_p2_hit=0.0000 real_total=0.0091 synth_eps=0.3074 synth_eps_raw=0.3074 synth_x0_hit=1.0000 synth_x0_t=146.0000 synth_x0_ldif=0.0614 synth_x0_gen_adv=0.9680 synth_x0_lfm=-0.0025 synth_total=0.4606 extra_render_attn_share=0.5368
[val step 135999] val_novel_full=0.0820 val_novel_hole=0.1220 val_novel_visible=0.0649
[step 136000] real_p1_mirror_hole_cov=0.1828 real_p1_eps=0.0047 real_p1_hole_frac=0.4013 real_p2_eps=0.2369 real_p2_hit=1.0000 real_p2_t=276.0000 real_p2_ldif=0.1387 real_p2_gen_adv=0.2441 real_p2_lfm=-0.0021 real_total=0.4006 discr_adv=1.6961 x0_d_real=-0.6240 x0_d_fake=-0.7003 p2_d_real=0.2874 p2_d_fake=-0.2441 g_grad_abs=2543.0330 d_grad_abs=2924.4678 synth_eps=0.0557 synth_eps_raw=0.0557 synth_x0_hit=0.0000 synth_total=0.0557 extra_render_attn_share=0.5376
[images] real: anchor | cond1 | cond2 | inv_warp_mirror | mask | mask_inv | warp_img | warp_warp_img | x | y_hat | y_hat_novel -> /home/xzy/warpgan-diffusiong-inpainting/warpgan-diffusion-inpainting-main/experiments/train_inpainting_diffusion/v19_w8_pixeld_300k/logs/images/train/real_step0136000.png
[images] synth: cond | mask | target | warp_img | x | y_hat_novel -> /home/xzy/warpgan-diffusiong-inpainting/warpgan-diffusion-inpainting-main/experiments/train_inpainting_diffusion/v19_w8_pixeld_300k/logs/images/train/synth_step0136000.png
[step 136050] real_p1_mirror_hole_cov=0.1248 real_p1_gen_adv=6.2565 real_p1_gen_fm=0.2860 real_p1_eps=36.7231 real_p1_hole_frac=0.3216 real_p2_eps=0.0058 real_p2_hit=0.0000 real_total=36.7289 discr_adv=1.0118 p1_discr_real_out=0.4737 p1_discr_fake_out=0.1460 p1_discr_real_gp=0.0089 g_grad_abs=65317.3982 d_grad_abs=1966.7316 x0_d_real=0.0462 x0_d_fake=0.0695 synth_eps=0.0299 synth_eps_raw=0.0299 synth_x0_hit=0.0000 synth_total=0.0299 extra_render_attn_share=0.5376
[step 136100] real_p1_mirror_hole_cov=0.0407 real_p1_eps=0.1824 real_p1_hole_frac=0.3375 real_p2_eps=0.5380 real_p2_hit=1.0000 real_p2_t=55.0000 real_p2_ldif=0.0305 real_p2_gen_adv=-0.8497 real_p2_lfm=-0.0012 real_total=0.6637 discr_adv=1.9992 x0_d_real=-0.2042 x0_d_fake=-0.1836 p2_d_real=0.8720 p2_d_fake=0.8497 g_grad_abs=3839.4200 d_grad_abs=715.2995 synth_eps=0.0790 synth_eps_raw=0.0790 synth_x0_hit=0.0000 synth_total=0.0790 extra_render_attn_share=0.5376
[step 136150] real_p1_mirror_hole_cov=0.2686 real_p1_eps=0.0660 real_p1_hole_frac=0.5774 real_p2_eps=0.0495 real_p2_hit=0.0000 real_total=0.1155 synth_eps=0.0028 synth_eps_raw=0.0028 synth_x0_hit=0.0000 synth_total=0.0028 extra_render_attn_share=0.5376
[step 136200] real_p1_mirror_hole_cov=0.0279 real_p1_eps=0.0013 real_p1_hole_frac=0.0628 real_p2_eps=0.0627 real_p2_hit=0.0000 real_total=0.0640 discr_adv=0.9708 x0_d_real=0.7401 x0_d_fake=0.6817 g_grad_abs=722.6193 d_grad_abs=1214.2977 synth_eps=0.3101 synth_eps_raw=0.3101 synth_x0_hit=1.0000 synth_x0_t=156.0000 synth_x0_ldif=0.0684 synth_x0_gen_adv=-0.2921 synth_x0_lfm=-0.0018 synth_total=0.3457 extra_render_attn_share=0.5376
[step 136250] real_p1_mirror_hole_cov=0.0529 real_p1_eps=0.0284 real_p1_hole_frac=0.1666 real_p2_eps=0.1290 real_p2_hit=1.0000 real_p2_t=228.0000 real_p2_ldif=0.0545 real_p2_gen_adv=-0.1331 real_p2_lfm=-0.0025 real_total=0.1936 discr_adv=1.1673 p2_d_real=-0.2015 p2_d_fake=0.1331 g_grad_abs=3221.4728 d_grad_abs=4921.2881 synth_eps=0.5228 synth_eps_raw=0.5228 synth_x0_hit=1.0000 synth_x0_t=61.0000 synth_x0_ldif=0.0335 synth_x0_gen_adv=0.8882 synth_x0_lfm=-0.0025 synth_total=0.6402 extra_render_attn_share=0.5376
[step 136300] real_p1_mirror_hole_cov=0.2093 real_p1_eps=0.0034 real_p1_hole_frac=0.4403 real_p2_eps=0.4069 real_p2_hit=1.0000 real_p2_t=94.0000 real_p2_ldif=0.0444 real_p2_gen_adv=0.7045 real_p2_lfm=-0.0027 real_total=0.5198 discr_adv=0.9538 p2_d_real=-0.6121 p2_d_fake=-0.7045 g_grad_abs=2463.3437 d_grad_abs=1288.0174 synth_eps=0.0370 synth_eps_raw=0.0370 synth_x0_hit=0.0000 synth_total=0.0370 extra_render_attn_share=0.5376
[step 136350] real_p1_mirror_hole_cov=0.2694 real_p1_eps=0.0387 real_p1_hole_frac=0.0714 real_p2_eps=0.0021 real_p2_hit=0.0000 real_total=0.0408 discr_adv=0.9911 x0_d_real=-0.0437 x0_d_fake=-0.0615 g_grad_abs=375.4114 d_grad_abs=772.9118 synth_eps=0.0031 synth_eps_raw=0.0031 synth_x0_hit=0.0000 synth_total=0.0031 extra_render_attn_share=0.5376
[step 136400] real_p1_mirror_hole_cov=0.0061 real_p1_eps=0.0035 real_p1_hole_frac=0.1609 real_p2_eps=0.1216 real_p2_hit=1.0000 real_p2_t=298.0000 real_p2_ldif=0.0832 real_p2_gen_adv=-0.8610 real_p2_lfm=-0.0033 real_total=0.1156 discr_adv=1.0080 p2_d_real=0.8450 p2_d_fake=0.8610 g_grad_abs=3082.7736 d_grad_abs=851.6820 synth_eps=0.0739 synth_eps_raw=0.0739 synth_x0_hit=0.0000 synth_total=0.0739 extra_render_attn_share=0.5376
[step 136450] real_p1_mirror_hole_cov=0.2259 real_p1_eps=0.2179 real_p1_hole_frac=0.4706 real_p2_eps=0.2756 real_p2_hit=1.0000 real_p2_t=214.0000 real_p2_ldif=0.1010 real_p2_gen_adv=-0.4192 real_p2_lfm=-0.0028 real_total=0.5470 discr_adv=1.6865 x0_d_real=0.3926 x0_d_fake=-0.0117 p2_d_real=0.6418 p2_d_fake=0.4192 g_grad_abs=6732.3276 d_grad_abs=2492.4848 synth_eps=0.1108 synth_eps_raw=0.1108 synth_x0_hit=0.0000 synth_total=0.1108 extra_render_attn_share=0.5376
[step 136500] real_p1_mirror_hole_cov=0.1469 real_p1_eps=0.0032 real_p1_hole_frac=0.2257 real_p2_eps=0.0831 real_p2_hit=0.0000 real_total=0.0863 synth_eps=0.0776 synth_eps_raw=0.0776 synth_x0_hit=0.0000 synth_total=0.0776 extra_render_attn_share=0.5376
[images] real: anchor | cond1 | cond2 | inv_warp_mirror | mask | mask_inv | warp_img | warp_warp_img | x | y_hat | y_hat_novel -> /home/xzy/warpgan-diffusiong-inpainting/warpgan-diffusion-inpainting-main/experiments/train_inpainting_diffusion/v19_w8_pixeld_300k/logs/images/train/real_step0136500.png
[images] synth: cond | mask | target | warp_img | x | y_hat_novel -> /home/xzy/warpgan-diffusiong-inpainting/warpgan-diffusion-inpainting-main/experiments/train_inpainting_diffusion/v19_w8_pixeld_300k/logs/images/train/synth_step0136500.png
[step 136550] real_p1_mirror_hole_cov=0.1602 real_p1_eps=0.0568 real_p1_hole_frac=0.2575 real_p2_eps=0.0064 real_p2_hit=0.0000 real_total=0.0631 synth_eps=0.0088 synth_eps_raw=0.0088 synth_x0_hit=0.0000 synth_total=0.0088 extra_render_attn_share=0.5376
[step 136600] real_p1_mirror_hole_cov=0.1600 real_p1_gen_adv=7.3832 real_p1_gen_fm=0.0634 real_p1_eps=14.2988 real_p1_hole_frac=0.0440 real_p2_eps=0.0150 real_p2_hit=0.0000 real_total=14.3138 discr_adv=1.5182 p1_discr_real_out=-0.0841 p1_discr_fake_out=-0.0850 p1_discr_real_gp=0.1271 g_grad_abs=153044.6612 d_grad_abs=1851.7595 synth_eps=0.0725 synth_eps_raw=0.0725 synth_x0_hit=0.0000 synth_total=0.0725 extra_render_attn_share=0.5376
[step 136650] real_p1_mirror_hole_cov=0.0310 real_p1_eps=0.0054 real_p1_hole_frac=0.1003 real_p2_eps=0.0026 real_p2_hit=0.0000 real_total=0.0080 synth_eps=0.0017 synth_eps_raw=0.0017 synth_x0_hit=0.0000 synth_total=0.0017 extra_render_attn_share=0.5376
[step 136700] real_p1_mirror_hole_cov=0.0923 real_p1_eps=0.0135 real_p1_hole_frac=0.4722 real_p2_eps=0.1893 real_p2_hit=1.0000 real_p2_t=297.0000 real_p2_ldif=0.1286 real_p2_gen_adv=0.9180 real_p2_lfm=-0.0029 real_total=0.4174 discr_adv=0.9870 p2_d_real=-0.8918 p2_d_fake=-0.9180 g_grad_abs=3673.2173 d_grad_abs=1515.0734 synth_eps=0.1464 synth_eps_raw=0.1464 synth_x0_hit=0.0000 synth_total=0.1464 extra_render_attn_share=0.5376
[step 136750] real_p1_mirror_hole_cov=0.0030 real_p1_eps=0.0039 real_p1_hole_frac=0.3621 real_p2_eps=0.0021 real_p2_hit=0.0000 real_total=0.0060 synth_eps=0.0426 synth_eps_raw=0.0426 synth_x0_hit=0.0000 synth_total=0.0426 extra_render_attn_share=0.5376
[step 136800] real_p1_mirror_hole_cov=0.0340 real_p1_gen_adv=7.0797 real_p1_gen_fm=0.1034 real_p1_eps=18.5599 real_p1_hole_frac=0.0592 real_p2_eps=0.0043 real_p2_hit=0.0000 real_total=18.5641 discr_adv=1.3280 p1_discr_real_out=0.1474 p1_discr_fake_out=-0.0250 p1_discr_real_gp=0.0208 g_grad_abs=97934.9820 d_grad_abs=1079.6936 synth_eps=0.0122 synth_eps_raw=0.0122 synth_x0_hit=0.0000 synth_total=0.0122 extra_render_attn_share=0.5376
[step 136850] real_p1_mirror_hole_cov=0.2057 real_p1_eps=0.0460 real_p1_hole_frac=0.5755 real_p2_eps=0.4460 real_p2_hit=1.0000 real_p2_t=67.0000 real_p2_ldif=0.0319 real_p2_gen_adv=0.1900 real_p2_lfm=-0.0009 real_total=0.5412 discr_adv=1.7389 x0_d_real=0.1124 x0_d_fake=-0.1582 p2_d_real=0.0620 p2_d_fake=-0.1900 g_grad_abs=2503.3572 d_grad_abs=2666.3456 synth_eps=0.0084 synth_eps_raw=0.0084 synth_x0_hit=0.0000 synth_total=0.0084 extra_render_attn_share=0.5376
[step 136900] real_p1_mirror_hole_cov=0.0416 real_p1_eps=0.0013 real_p1_hole_frac=0.1308 real_p2_eps=0.0076 real_p2_hit=0.0000 real_total=0.0088 synth_eps=0.4751 synth_eps_raw=0.4751 synth_x0_hit=1.0000 synth_x0_t=66.0000 synth_x0_ldif=0.0334 synth_x0_gen_adv=-0.8512 synth_x0_lfm=-0.0016 synth_total=0.4201 extra_render_attn_share=0.5376
[step 136950] real_p1_mirror_hole_cov=0.0744 real_p1_eps=0.0169 real_p1_hole_frac=0.3159 real_p2_eps=0.0409 real_p2_hit=0.0000 real_total=0.0578 discr_adv=0.9925 x0_d_real=0.9137 x0_d_fake=0.8987 g_grad_abs=548.8351 d_grad_abs=1131.5383 synth_eps=0.0210 synth_eps_raw=0.0210 synth_x0_hit=0.0000 synth_total=0.0210 extra_render_attn_share=0.5376
[step 137000] real_p1_mirror_hole_cov=0.1836 real_p1_eps=0.0056 real_p1_hole_frac=0.3681 real_p2_eps=0.1937 real_p2_hit=1.0000 real_p2_t=255.0000 real_p2_ldif=0.0973 real_p2_gen_adv=-0.7426 real_p2_lfm=-0.0031 real_total=0.2162 discr_adv=1.9463 x0_d_real=-0.7194 x0_d_fake=-0.7475 p2_d_real=0.8220 p2_d_fake=0.7426 g_grad_abs=2313.6963 d_grad_abs=1157.0989 synth_eps=0.0093 synth_eps_raw=0.0093 synth_x0_hit=0.0000 synth_total=0.0093 extra_render_attn_share=0.5376
[images] real: anchor | cond1 | cond2 | inv_warp_mirror | mask | mask_inv | warp_img | warp_warp_img | x | y_hat | y_hat_novel -> /home/xzy/warpgan-diffusiong-inpainting/warpgan-diffusion-inpainting-main/experiments/train_inpainting_diffusion/v19_w8_pixeld_300k/logs/images/train/real_step0137000.png
[images] synth: cond | mask | target | warp_img | x | y_hat_novel -> /home/xzy/warpgan-diffusiong-inpainting/warpgan-diffusion-inpainting-main/experiments/train_inpainting_diffusion/v19_w8_pixeld_300k/logs/images/train/synth_step0137000.png
[step 137050] real_p1_mirror_hole_cov=0.0429 real_p1_eps=0.0026 real_p1_hole_frac=0.5380 real_p2_eps=0.1179 real_p2_hit=0.0000 real_total=0.1206 synth_eps=0.2633 synth_eps_raw=0.2633 synth_x0_hit=1.0000 synth_x0_t=205.0000 synth_x0_ldif=0.0897 synth_x0_gen_adv=0.9246 synth_x0_lfm=-0.0036 synth_total=0.4382 extra_render_attn_share=0.5376
[step 137100] real_p1_mirror_hole_cov=0.0159 real_p1_gen_adv=8.9982 real_p1_gen_fm=0.2451 real_p1_eps=34.5206 real_p1_hole_frac=0.4279 real_p2_eps=0.0374 real_p2_hit=0.0000 real_total=34.5580 discr_adv=1.1840 p1_discr_real_out=0.1480 p1_discr_fake_out=-0.3737 p1_discr_real_gp=0.0342 g_grad_abs=385709.8294 d_grad_abs=2490.0631 synth_eps=0.0613 synth_eps_raw=0.0613 synth_x0_hit=0.0000 synth_total=0.0613 extra_render_attn_share=0.5376
[step 137150] real_p1_mirror_hole_cov=0.1453 real_p1_eps=0.0021 real_p1_hole_frac=0.2691 real_p2_eps=0.1264 real_p2_hit=0.0000 real_total=0.1285 synth_eps=0.0535 synth_eps_raw=0.0535 synth_x0_hit=0.0000 synth_total=0.0535 extra_render_attn_share=0.5376
[step 137200] real_p1_mirror_hole_cov=0.0062 real_p1_eps=0.0021 real_p1_hole_frac=0.3289 real_p2_eps=0.0172 real_p2_hit=0.0000 real_total=0.0193 discr_adv=0.9742 x0_d_real=-0.6959 x0_d_fake=-0.7475 g_grad_abs=291.7705 d_grad_abs=1089.3331 synth_eps=0.0129 synth_eps_raw=0.0129 synth_x0_hit=0.0000 synth_total=0.0129 extra_render_attn_share=0.5376
[step 137250] real_p1_mirror_hole_cov=0.1561 real_p1_gen_adv=8.2303 real_p1_gen_fm=0.1217 real_p1_eps=21.8034 real_p1_hole_frac=0.1686 real_p2_eps=0.0632 real_p2_hit=0.0000 real_total=21.8667 discr_adv=1.2847 p1_discr_real_out=0.0346 p1_discr_fake_out=-0.2424 p1_discr_real_gp=0.0270 g_grad_abs=141137.7955 d_grad_abs=736.1425 synth_eps=0.0029 synth_eps_raw=0.0029 synth_x0_hit=0.0000 synth_total=0.0029 extra_render_attn_share=0.5376
[step 137300] real_p1_mirror_hole_cov=0.1141 real_p1_eps=0.0049 real_p1_hole_frac=0.2599 real_p2_eps=0.0054 real_p2_hit=0.0000 real_total=0.0103 discr_adv=0.9946 x0_d_real=-0.8800 x0_d_fake=-0.8909 g_grad_abs=178.7449 d_grad_abs=866.1944 synth_eps=0.0092 synth_eps_raw=0.0092 synth_x0_hit=0.0000 synth_total=0.0092 extra_render_attn_share=0.5376
[step 137350] real_p1_mirror_hole_cov=0.0420 real_p1_eps=0.0722 real_p1_hole_frac=0.4321 real_p2_eps=0.0103 real_p2_hit=0.0000 real_total=0.0825 synth_eps=0.4977 synth_eps_raw=0.4977 synth_x0_hit=1.0000 synth_x0_t=73.0000 synth_x0_ldif=0.0396 synth_x0_gen_adv=-0.5597 synth_x0_lfm=-0.0021 synth_total=0.4771 extra_render_attn_share=0.5376
[step 137400] real_p1_mirror_hole_cov=0.1099 real_p1_eps=0.0014 real_p1_hole_frac=0.2387 real_p2_eps=0.0488 real_p2_hit=0.0000 real_total=0.0502 synth_eps=0.0382 synth_eps_raw=0.0382 synth_x0_hit=0.0000 synth_total=0.0382 extra_render_attn_share=0.5376
[step 137450] real_p1_mirror_hole_cov=0.0133 real_p1_eps=0.0888 real_p1_hole_frac=0.1728 real_p2_eps=0.1909 real_p2_hit=1.0000 real_p2_t=157.0000 real_p2_ldif=0.0425 real_p2_gen_adv=-0.1428 real_p2_lfm=-0.0008 real_total=0.3063 discr_adv=1.0794 p2_d_real=-0.0161 p2_d_fake=0.1428 g_grad_abs=2319.5902 d_grad_abs=1010.1594 synth_eps=0.0120 synth_eps_raw=0.0120 synth_x0_hit=0.0000 synth_total=0.0120 extra_render_attn_share=0.5376
[step 137500] real_p1_mirror_hole_cov=0.0122 real_p1_eps=0.0729 real_p1_hole_frac=0.0477 real_p2_eps=0.0035 real_p2_hit=0.0000 real_total=0.0764 synth_eps=0.0163 synth_eps_raw=0.0163 synth_x0_hit=0.0000 synth_total=0.0163 extra_render_attn_share=0.5376
[images] real: anchor | cond1 | cond2 | inv_warp_mirror | mask | mask_inv | warp_img | warp_warp_img | x | y_hat | y_hat_novel -> /home/xzy/warpgan-diffusiong-inpainting/warpgan-diffusion-inpainting-main/experiments/train_inpainting_diffusion/v19_w8_pixeld_300k/logs/images/train/real_step0137500.png
[images] synth: cond | mask | target | warp_img | x | y_hat_novel -> /home/xzy/warpgan-diffusiong-inpainting/warpgan-diffusion-inpainting-main/experiments/train_inpainting_diffusion/v19_w8_pixeld_300k/logs/images/train/synth_step0137500.png
[step 137550] real_p1_mirror_hole_cov=0.1908 real_p1_gen_adv=8.3054 real_p1_gen_fm=0.0824 real_p1_eps=18.3906 real_p1_hole_frac=0.0993 real_p2_eps=0.0264 real_p2_hit=0.0000 real_total=18.4170 discr_adv=1.3826 p1_discr_real_out=-0.0324 p1_discr_fake_out=-0.2548 p1_discr_real_gp=0.0962 g_grad_abs=65188.0156 d_grad_abs=1272.1638 synth_eps=0.0418 synth_eps_raw=0.0418 synth_x0_hit=0.0000 synth_total=0.0418 extra_render_attn_share=0.5376
[step 137600] real_p1_mirror_hole_cov=0.0845 real_p1_eps=0.0016 real_p1_hole_frac=0.2115 real_p2_eps=0.0446 real_p2_hit=0.0000 real_total=0.0462 synth_eps=0.0215 synth_eps_raw=0.0215 synth_x0_hit=0.0000 synth_total=0.0215 extra_render_attn_share=0.5376
[step 137650] real_p1_mirror_hole_cov=0.2043 real_p1_eps=0.0753 real_p1_hole_frac=0.3591 real_p2_eps=0.0474 real_p2_hit=0.0000 real_total=0.1228 synth_eps=0.2388 synth_eps_raw=0.2388 synth_x0_hit=1.0000 synth_x0_t=245.0000 synth_x0_ldif=0.1113 synth_x0_gen_adv=-0.8769 synth_x0_lfm=-0.0019 synth_total=0.2586 extra_render_attn_share=0.5376
[step 137700] real_p1_mirror_hole_cov=0.0239 real_p1_gen_adv=5.3392 real_p1_gen_fm=0.2647 real_p1_eps=32.8687 real_p1_hole_frac=0.4726 real_p2_eps=0.0524 real_p2_hit=0.0000 real_total=32.9211 discr_adv=1.4117 p1_discr_real_out=0.4323 p1_discr_fake_out=0.3522 p1_discr_real_gp=0.0236 g_grad_abs=372669.4416 d_grad_abs=1673.2833 synth_eps=0.0022 synth_eps_raw=0.0022 synth_x0_hit=0.0000 synth_total=0.0022 extra_render_attn_share=0.5376
[step 137750] real_p1_mirror_hole_cov=0.0067 real_p1_eps=0.0069 real_p1_hole_frac=0.2087 real_p2_eps=0.2079 real_p2_hit=1.0000 real_p2_t=157.0000 real_p2_ldif=0.0463 real_p2_gen_adv=0.0901 real_p2_lfm=-0.0012 real_total=0.2678 discr_adv=1.9739 x0_d_real=-0.2680 x0_d_fake=-0.3044 p2_d_real=-0.0744 p2_d_fake=-0.0901 g_grad_abs=1391.4898 d_grad_abs=615.4432 synth_eps=0.2561 synth_eps_raw=0.2561 synth_x0_hit=1.0000 synth_x0_t=225.0000 synth_x0_ldif=0.1024 synth_x0_gen_adv=0.2832 synth_x0_lfm=-0.0029 synth_total=0.3810 extra_render_attn_share=0.5376
[step 137800] real_p1_mirror_hole_cov=0.0182 real_p1_eps=0.0018 real_p1_hole_frac=0.4261 real_p2_eps=0.5971 real_p2_hit=1.0000 real_p2_t=23.0000 real_p2_ldif=0.0131 real_p2_gen_adv=-0.1306 real_p2_lfm=-0.0008 real_total=0.5973 discr_adv=1.9081 x0_d_real=-0.6976 x0_d_fake=-0.7915 p2_d_real=0.2214 p2_d_fake=0.1306 g_grad_abs=7192.4704 d_grad_abs=1652.8898 synth_eps=0.1053 synth_eps_raw=0.1053 synth_x0_hit=0.0000 synth_total=0.1053 extra_render_attn_share=0.5376
[step 137850] real_p1_mirror_hole_cov=0.0203 real_p1_eps=0.0017 real_p1_hole_frac=0.1724 real_p2_eps=0.0091 real_p2_hit=0.0000 real_total=0.0108 synth_eps=0.1717 synth_eps_raw=0.1717 synth_x0_hit=1.0000 synth_x0_t=284.0000 synth_x0_ldif=0.1064 synth_x0_gen_adv=0.2756 synth_x0_lfm=-0.0034 synth_total=0.2988 extra_render_attn_share=0.5376
[step 137900] real_p1_mirror_hole_cov=0.1724 real_p1_eps=0.0298 real_p1_hole_frac=0.4836 real_p2_eps=0.3557 real_p2_hit=1.0000 real_p2_t=113.0000 real_p2_ldif=0.0495 real_p2_gen_adv=0.9114 real_p2_lfm=-0.0012 real_total=0.5237 discr_adv=0.9940 p2_d_real=-0.8994 p2_d_fake=-0.9114 g_grad_abs=2920.0325 d_grad_abs=589.8698 synth_eps=0.0459 synth_eps_raw=0.0459 synth_x0_hit=0.0000 synth_total=0.0459 extra_render_attn_share=0.5376
[step 137950] real_p1_mirror_hole_cov=0.2202 real_p1_eps=0.1366 real_p1_hole_frac=0.1449 real_p2_eps=0.0572 real_p2_hit=0.0000 real_total=0.1938 discr_adv=1.0199 x0_d_real=0.0215 x0_d_fake=0.0614 g_grad_abs=2263.1633 d_grad_abs=811.9926 synth_eps=0.1210 synth_eps_raw=0.1210 synth_x0_hit=0.0000 synth_total=0.1210 extra_render_attn_share=0.5376
[val step 137999] val_novel_full=0.0656 val_novel_hole=0.1093 val_novel_visible=0.0549
[step 138000] real_p1_mirror_hole_cov=0.1029 real_p1_eps=0.1526 real_p1_hole_frac=0.3697 real_p2_eps=0.0046 real_p2_hit=0.0000 real_total=0.1572 synth_eps=0.0022 synth_eps_raw=0.0022 synth_x0_hit=0.0000 synth_total=0.0022 extra_render_attn_share=0.5394
[images] real: anchor | cond1 | cond2 | inv_warp_mirror | mask | mask_inv | warp_img | warp_warp_img | x | y_hat | y_hat_novel -> /home/xzy/warpgan-diffusiong-inpainting/warpgan-diffusion-inpainting-main/experiments/train_inpainting_diffusion/v19_w8_pixeld_300k/logs/images/train/real_step0138000.png
[images] synth: cond | mask | target | warp_img | x | y_hat_novel -> /home/xzy/warpgan-diffusiong-inpainting/warpgan-diffusion-inpainting-main/experiments/train_inpainting_diffusion/v19_w8_pixeld_300k/logs/images/train/synth_step0138000.png
[step 138050] real_p1_mirror_hole_cov=0.2765 real_p1_eps=0.1449 real_p1_hole_frac=0.4524 real_p2_eps=0.0882 real_p2_hit=0.0000 real_total=0.2332 discr_adv=0.9679 x0_d_real=-0.0799 x0_d_fake=-0.1443 g_grad_abs=1115.8027 d_grad_abs=1024.1743 synth_eps=0.2950 synth_eps_raw=0.2950 synth_x0_hit=1.0000 synth_x0_t=177.0000 synth_x0_ldif=0.0791 synth_x0_gen_adv=-0.0220 synth_x0_lfm=-0.0032 synth_total=0.3655 extra_render_attn_share=0.5394
[step 138100] real_p1_mirror_hole_cov=0.0104 real_p1_eps=0.0163 real_p1_hole_frac=0.2738 real_p2_eps=0.2250 real_p2_hit=1.0000 real_p2_t=198.0000 real_p2_ldif=0.0723 real_p2_gen_adv=0.1682 real_p2_lfm=-0.0016 real_total=0.3273 discr_adv=2.0342 x0_d_real=-0.6419 x0_d_fake=-0.7280 p2_d_real=-0.3227 p2_d_fake=-0.1682 g_grad_abs=3704.5783 d_grad_abs=2596.4282 synth_eps=0.1894 synth_eps_raw=0.1894 synth_x0_hit=1.0000 synth_x0_t=273.0000 synth_x0_ldif=0.1086 synth_x0_gen_adv=0.5307 synth_x0_lfm=-0.0045 synth_total=0.3422 extra_render_attn_share=0.5394
[step 138150] real_p1_mirror_hole_cov=0.2305 real_p1_eps=0.0586 real_p1_hole_frac=0.3590 real_p2_eps=0.2895 real_p2_hit=1.0000 real_p2_t=150.0000 real_p2_ldif=0.0602 real_p2_gen_adv=0.1251 real_p2_lfm=-0.0034 real_total=0.4140 discr_adv=1.0022 p2_d_real=-0.1294 p2_d_fake=-0.1251 g_grad_abs=2099.1059 d_grad_abs=752.5798 synth_eps=0.3289 synth_eps_raw=0.3289 synth_x0_hit=1.0000 synth_x0_t=153.0000 synth_x0_ldif=0.0705 synth_x0_gen_adv=0.5381 synth_x0_lfm=-0.0006 synth_total=0.4520 extra_render_attn_share=0.5394
[step 138200] real_p1_mirror_hole_cov=0.0594 real_p1_eps=0.0896 real_p1_hole_frac=0.3126 real_p2_eps=0.0296 real_p2_hit=0.0000 real_total=0.1192 synth_eps=0.7929 synth_eps_raw=0.7929 synth_x0_hit=1.0000 synth_x0_t=15.0000 synth_x0_ldif=0.0113 synth_x0_gen_adv=-0.9365 synth_x0_lfm=-0.0005 synth_total=0.7095 extra_render_attn_share=0.5394
[step 138250] real_p1_mirror_hole_cov=0.1907 real_p1_eps=0.0040 real_p1_hole_frac=0.1268 real_p2_eps=0.0267 real_p2_hit=0.0000 real_total=0.0306 discr_adv=0.9967 x0_d_real=-0.9255 x0_d_fake=-0.9364 g_grad_abs=465.2481 d_grad_abs=938.3591 synth_eps=0.5498 synth_eps_raw=0.5498 synth_x0_hit=1.0000 synth_x0_t=38.0000 synth_x0_ldif=0.0206 synth_x0_gen_adv=0.9742 synth_x0_lfm=-0.0006 synth_total=0.6666 extra_render_attn_share=0.5394
[step 138300] real_p1_mirror_hole_cov=0.1379 real_p1_eps=0.1133 real_p1_hole_frac=0.6347 real_p2_eps=0.0251 real_p2_hit=0.0000 real_total=0.1384 discr_adv=0.9337 x0_d_real=0.0922 x0_d_fake=-0.0404 g_grad_abs=1616.8481 d_grad_abs=2165.2180 synth_eps=0.0026 synth_eps_raw=0.0026 synth_x0_hit=0.0000 synth_total=0.0026 extra_render_attn_share=0.5394
[step 138350] real_p1_mirror_hole_cov=0.5779 real_p1_eps=0.0032 real_p1_hole_frac=0.0802 real_p2_eps=0.0063 real_p2_hit=0.0000 real_total=0.0094 synth_eps=0.2874 synth_eps_raw=0.2874 synth_x0_hit=1.0000 synth_x0_t=189.0000 synth_x0_ldif=0.0856 synth_x0_gen_adv=-0.0483 synth_x0_lfm=-0.0024 synth_total=0.3634 extra_render_attn_share=0.5394
[step 138400] real_p1_mirror_hole_cov=0.1742 real_p1_eps=0.0016 real_p1_hole_frac=0.4555 real_p2_eps=0.2483 real_p2_hit=1.0000 real_p2_t=226.0000 real_p2_ldif=0.1001 real_p2_gen_adv=-0.1713 real_p2_lfm=-0.0031 real_total=0.3266 discr_adv=1.9202 x0_d_real=-0.1455 x0_d_fake=-0.1753 p2_d_real=0.3012 p2_d_fake=0.1713 g_grad_abs=2510.5675 d_grad_abs=1385.5733 synth_eps=0.0174 synth_eps_raw=0.0174 synth_x0_hit=0.0000 synth_total=0.0174 extra_render_attn_share=0.5394
[step 138450] real_p1_mirror_hole_cov=0.0607 real_p1_eps=0.0028 real_p1_hole_frac=0.3240 real_p2_eps=0.0133 real_p2_hit=0.0000 real_total=0.0162 synth_eps=0.0042 synth_eps_raw=0.0042 synth_x0_hit=0.0000 synth_total=0.0042 extra_render_attn_share=0.5394
[step 138500] real_p1_mirror_hole_cov=0.0670 real_p1_eps=0.0319 real_p1_hole_frac=0.2002 real_p2_eps=0.0736 real_p2_hit=0.0000 real_total=0.1055 synth_eps=0.0186 synth_eps_raw=0.0186 synth_x0_hit=0.0000 synth_total=0.0186 extra_render_attn_share=0.5394
[images] real: anchor | cond1 | cond2 | inv_warp_mirror | mask | mask_inv | warp_img | warp_warp_img | x | y_hat | y_hat_novel -> /home/xzy/warpgan-diffusiong-inpainting/warpgan-diffusion-inpainting-main/experiments/train_inpainting_diffusion/v19_w8_pixeld_300k/logs/images/train/real_step0138500.png
[images] synth: cond | mask | target | warp_img | x | y_hat_novel -> /home/xzy/warpgan-diffusiong-inpainting/warpgan-diffusion-inpainting-main/experiments/train_inpainting_diffusion/v19_w8_pixeld_300k/logs/images/train/synth_step0138500.png
[step 138550] real_p1_mirror_hole_cov=0.0304 real_p1_eps=0.0029 real_p1_hole_frac=0.3567 real_p2_eps=0.0411 real_p2_hit=0.0000 real_total=0.0440 synth_eps=0.0752 synth_eps_raw=0.0752 synth_x0_hit=0.0000 synth_total=0.0752 extra_render_attn_share=0.5394
[step 138600] real_p1_mirror_hole_cov=0.2754 real_p1_eps=0.0125 real_p1_hole_frac=0.3446 real_p2_eps=0.3981 real_p2_hit=1.0000 real_p2_t=125.0000 real_p2_ldif=0.0637 real_p2_gen_adv=-0.9227 real_p2_lfm=-0.0007 real_total=0.3806 discr_adv=1.0056 p2_d_real=0.9114 p2_d_fake=0.9227 g_grad_abs=4795.9246 d_grad_abs=1177.8317 synth_eps=0.0050 synth_eps_raw=0.0050 synth_x0_hit=0.0000 synth_total=0.0050 extra_render_attn_share=0.5394
[step 138650] real_p1_mirror_hole_cov=0.0527 real_p1_eps=0.0216 real_p1_hole_frac=0.4018 real_p2_eps=0.8689 real_p2_hit=1.0000 real_p2_t=3.0000 real_p2_ldif=0.0030 real_p2_gen_adv=-0.9360 real_p2_lfm=-0.0001 real_total=0.7997 discr_adv=1.9775 x0_d_real=0.8607 x0_d_fake=0.8187 p2_d_real=0.9392 p2_d_fake=0.9360 g_grad_abs=1917.5174 d_grad_abs=1582.3563 synth_eps=0.0977 synth_eps_raw=0.0977 synth_x0_hit=0.0000 synth_total=0.0977 extra_render_attn_share=0.5394
[step 138700] real_p1_mirror_hole_cov=0.2782 real_p1_eps=0.0359 real_p1_hole_frac=0.6004 real_p2_eps=0.2049 real_p2_hit=1.0000 real_p2_t=293.0000 real_p2_ldif=0.1353 real_p2_gen_adv=-0.8546 real_p2_lfm=-0.0052 real_total=0.2802 discr_adv=0.9607 p2_d_real=0.9332 p2_d_fake=0.8546 g_grad_abs=4994.0988 d_grad_abs=1645.4363 synth_eps=0.0061 synth_eps_raw=0.0061 synth_x0_hit=0.0000 synth_total=0.0061 extra_render_attn_share=0.5394
[step 138750] real_p1_mirror_hole_cov=0.2257 real_p1_eps=0.0032 real_p1_hole_frac=0.2311 real_p2_eps=0.2318 real_p2_hit=1.0000 real_p2_t=189.0000 real_p2_ldif=0.0690 real_p2_gen_adv=-0.9033 real_p2_lfm=-0.0015 real_total=0.2107 discr_adv=1.9835 x0_d_real=-0.3726 x0_d_fake=-0.4045 p2_d_real=0.9051 p2_d_fake=0.9033 g_grad_abs=3010.1157 d_grad_abs=1146.6896 synth_eps=0.0305 synth_eps_raw=0.0305 synth_x0_hit=0.0000 synth_total=0.0305 extra_render_attn_share=0.5394
[step 138800] real_p1_mirror_hole_cov=0.0373 real_p1_gen_adv=9.4655 real_p1_gen_fm=0.2431 real_p1_eps=35.4890 real_p1_hole_frac=0.3468 real_p2_eps=0.0257 real_p2_hit=0.0000 real_total=35.5147 discr_adv=0.9941 p1_discr_real_out=0.0926 p1_discr_fake_out=-0.4503 p1_discr_real_gp=0.0197 g_grad_abs=137790.9218 d_grad_abs=1190.7016 x0_d_real=-0.8165 x0_d_fake=-0.8283 synth_eps=0.4004 synth_eps_raw=0.4004 synth_x0_hit=1.0000 synth_x0_t=83.0000 synth_x0_ldif=0.0373 synth_x0_gen_adv=0.7500 synth_x0_lfm=-0.0026 synth_total=0.5075 extra_render_attn_share=0.5394
[step 138850] real_p1_mirror_hole_cov=0.3441 real_p1_eps=0.0740 real_p1_hole_frac=0.3765 real_p2_eps=0.0090 real_p2_hit=0.0000 real_total=0.0830 synth_eps=0.1532 synth_eps_raw=0.1532 synth_x0_hit=0.0000 synth_total=0.1532 extra_render_attn_share=0.5394
[step 138900] real_p1_mirror_hole_cov=0.1542 real_p1_eps=0.0128 real_p1_hole_frac=0.4001 real_p2_eps=0.0611 real_p2_hit=0.0000 real_total=0.0739 discr_adv=0.9779 x0_d_real=-0.8581 x0_d_fake=-0.9032 g_grad_abs=1311.3723 d_grad_abs=870.4989 synth_eps=0.2558 synth_eps_raw=0.2558 synth_x0_hit=1.0000 synth_x0_t=242.0000 synth_x0_ldif=0.1166 synth_x0_gen_adv=0.2230 synth_x0_lfm=-0.0039 synth_total=0.3868 extra_render_attn_share=0.5394
[step 138950] real_p1_mirror_hole_cov=0.0182 real_p1_eps=0.0677 real_p1_hole_frac=0.2259 real_p2_eps=0.5000 real_p2_hit=1.0000 real_p2_t=28.0000 real_p2_ldif=0.0135 real_p2_gen_adv=0.9243 real_p2_lfm=-0.0003 real_total=0.6731 discr_adv=0.9996 p2_d_real=-0.9162 p2_d_fake=-0.9243 g_grad_abs=3048.6763 d_grad_abs=952.9323 synth_eps=0.1280 synth_eps_raw=0.1280 synth_x0_hit=0.0000 synth_total=0.1280 extra_render_attn_share=0.5394
[step 139000] real_p1_mirror_hole_cov=0.0845 real_p1_eps=0.1135 real_p1_hole_frac=0.1458 real_p2_eps=0.0165 real_p2_hit=0.0000 real_total=0.1300 discr_adv=0.9590 x0_d_real=-0.7571 x0_d_fake=-0.8391 g_grad_abs=1127.0956 d_grad_abs=1090.6082 synth_eps=0.2334 synth_eps_raw=0.2334 synth_x0_hit=1.0000 synth_x0_t=252.0000 synth_x0_ldif=0.1147 synth_x0_gen_adv=0.8394 synth_x0_lfm=-0.0034 synth_total=0.4252 extra_render_attn_share=0.5394
[images] real: anchor | cond1 | cond2 | inv_warp_mirror | mask | mask_inv | warp_img | warp_warp_img | x | y_hat | y_hat_novel -> /home/xzy/warpgan-diffusiong-inpainting/warpgan-diffusion-inpainting-main/experiments/train_inpainting_diffusion/v19_w8_pixeld_300k/logs/images/train/real_step0139000.png
[images] synth: cond | mask | target | warp_img | x | y_hat_novel -> /home/xzy/warpgan-diffusiong-inpainting/warpgan-diffusion-inpainting-main/experiments/train_inpainting_diffusion/v19_w8_pixeld_300k/logs/images/train/synth_step0139000.png
[step 139050] real_p1_mirror_hole_cov=0.1278 real_p1_eps=0.0309 real_p1_hole_frac=0.3038 real_p2_eps=0.0406 real_p2_hit=0.0000 real_total=0.0715 discr_adv=0.8244 x0_d_real=0.7244 x0_d_fake=0.3733 g_grad_abs=759.8728 d_grad_abs=2354.8729 synth_eps=0.1018 synth_eps_raw=0.1018 synth_x0_hit=0.0000 synth_total=0.1018 extra_render_attn_share=0.5394
[step 139100] real_p1_mirror_hole_cov=0.0146 real_p1_eps=0.0158 real_p1_hole_frac=0.1978 real_p2_eps=0.0518 real_p2_hit=0.0000 real_total=0.0676 synth_eps=0.0447 synth_eps_raw=0.0447 synth_x0_hit=0.0000 synth_total=0.0447 extra_render_attn_share=0.5394
[step 139150] real_p1_mirror_hole_cov=0.0371 real_p1_eps=0.0018 real_p1_hole_frac=0.2123 real_p2_eps=0.0053 real_p2_hit=0.0000 real_total=0.0071 synth_eps=0.1975 synth_eps_raw=0.1975 synth_x0_hit=1.0000 synth_x0_t=283.0000 synth_x0_ldif=0.1215 synth_x0_gen_adv=-0.8181 synth_x0_lfm=-0.0056 synth_total=0.2261 extra_render_attn_share=0.5394
[step 139200] real_p1_mirror_hole_cov=0.1835 real_p1_eps=0.0306 real_p1_hole_frac=0.4774 real_p2_eps=0.0079 real_p2_hit=0.0000 real_total=0.0385 synth_eps=0.1324 synth_eps_raw=0.1324 synth_x0_hit=0.0000 synth_total=0.1324 extra_render_attn_share=0.5394
[step 139250] real_p1_mirror_hole_cov=0.0418 real_p1_eps=0.0165 real_p1_hole_frac=0.5399 real_p2_eps=0.0844 real_p2_hit=0.0000 real_total=0.1008 synth_eps=0.0475 synth_eps_raw=0.0475 synth_x0_hit=0.0000 synth_total=0.0475 extra_render_attn_share=0.5394
[step 139300] real_p1_mirror_hole_cov=0.1262 real_p1_eps=0.0164 real_p1_hole_frac=0.2866 real_p2_eps=0.3336 real_p2_hit=1.0000 real_p2_t=122.0000 real_p2_ldif=0.0516 real_p2_gen_adv=0.6046 real_p2_lfm=-0.0008 real_total=0.4605 discr_adv=0.9975 p2_d_real=-0.5995 p2_d_fake=-0.6046 g_grad_abs=2136.5297 d_grad_abs=632.5716 synth_eps=0.0100 synth_eps_raw=0.0100 synth_x0_hit=0.0000 synth_total=0.0100 extra_render_attn_share=0.5394
[step 139350] real_p1_mirror_hole_cov=0.3605 real_p1_gen_adv=8.4649 real_p1_gen_fm=0.3369 real_p1_eps=43.6422 real_p1_hole_frac=0.7003 real_p2_eps=0.4472 real_p2_hit=1.0000 real_p2_t=63.0000 real_p2_ldif=0.0298 real_p2_gen_adv=0.8559 real_p2_lfm=-0.0010 real_total=44.2027 discr_adv=0.9825 p1_discr_real_out=-0.1364 p1_discr_fake_out=-0.2783 p1_discr_real_gp=0.0968 g_grad_abs=147244.0096 d_grad_abs=1735.3902 p2_d_real=-0.8208 p2_d_fake=-0.8559 synth_eps=0.0020 synth_eps_raw=0.0020 synth_x0_hit=0.0000 synth_total=0.0020 extra_render_attn_share=0.5394
[step 139400] real_p1_mirror_hole_cov=0.2891 real_p1_eps=0.0963 real_p1_hole_frac=0.4021 real_p2_eps=0.0158 real_p2_hit=0.0000 real_total=0.1121 synth_eps=0.0030 synth_eps_raw=0.0030 synth_x0_hit=0.0000 synth_total=0.0030 extra_render_attn_share=0.5394
[step 139450] real_p1_mirror_hole_cov=0.1749 real_p1_eps=0.0082 real_p1_hole_frac=0.1477 real_p2_eps=0.2251 real_p2_hit=1.0000 real_p2_t=204.0000 real_p2_ldif=0.0760 real_p2_gen_adv=-0.8801 real_p2_lfm=-0.0014 real_total=0.2185 discr_adv=1.0237 p2_d_real=0.8328 p2_d_fake=0.8801 g_grad_abs=5352.3972 d_grad_abs=1922.0924 synth_eps=0.0023 synth_eps_raw=0.0023 synth_x0_hit=0.0000 synth_total=0.0023 extra_render_attn_share=0.5394
[step 139500] real_p1_mirror_hole_cov=0.0136 real_p1_eps=0.0022 real_p1_hole_frac=0.1333 real_p2_eps=0.0033 real_p2_hit=0.0000 real_total=0.0055 synth_eps=0.4468 synth_eps_raw=0.4468 synth_x0_hit=1.0000 synth_x0_t=117.0000 synth_x0_ldif=0.0652 synth_x0_gen_adv=-0.7490 synth_x0_lfm=-0.0018 synth_total=0.4335 extra_render_attn_share=0.5394
[images] real: anchor | cond1 | cond2 | inv_warp_mirror | mask | mask_inv | warp_img | warp_warp_img | x | y_hat | y_hat_novel -> /home/xzy/warpgan-diffusiong-inpainting/warpgan-diffusion-inpainting-main/experiments/train_inpainting_diffusion/v19_w8_pixeld_300k/logs/images/train/real_step0139500.png
[images] synth: cond | mask | target | warp_img | x | y_hat_novel -> /home/xzy/warpgan-diffusiong-inpainting/warpgan-diffusion-inpainting-main/experiments/train_inpainting_diffusion/v19_w8_pixeld_300k/logs/images/train/synth_step0139500.png
[step 139550] real_p1_mirror_hole_cov=0.1847 real_p1_eps=0.0016 real_p1_hole_frac=0.4118 real_p2_eps=0.1588 real_p2_hit=0.0000 real_total=0.1603 synth_eps=0.2294 synth_eps_raw=0.2294 synth_x0_hit=1.0000 synth_x0_t=185.0000 synth_x0_ldif=0.0660 synth_x0_gen_adv=-0.5338 synth_x0_lfm=-0.0021 synth_total=0.2378 extra_render_attn_share=0.5394
[step 139600] real_p1_mirror_hole_cov=0.1624 real_p1_eps=0.0718 real_p1_hole_frac=0.2392 real_p2_eps=0.2218 real_p2_hit=1.0000 real_p2_t=183.0000 real_p2_ldif=0.0627 real_p2_gen_adv=-0.2892 real_p2_lfm=-0.0005 real_total=0.3264 discr_adv=0.8807 p2_d_real=0.5278 p2_d_fake=0.2892 g_grad_abs=7657.4559 d_grad_abs=2099.8843 synth_eps=0.5863 synth_eps_raw=0.5863 synth_x0_hit=1.0000 synth_x0_t=22.0000 synth_x0_ldif=0.0123 synth_x0_gen_adv=0.3559 synth_x0_lfm=-0.0004 synth_total=0.6334 extra_render_attn_share=0.5394
[step 139650] real_p1_mirror_hole_cov=0.0193 real_p1_gen_adv=7.5311 real_p1_gen_fm=0.2136 real_p1_eps=30.2753 real_p1_hole_frac=0.4146 real_p2_eps=0.0063 real_p2_hit=0.0000 real_total=30.2816 discr_adv=0.9799 p1_discr_real_out=0.1916 p1_discr_fake_out=-0.1123 p1_discr_real_gp=0.0348 g_grad_abs=307112.6156 d_grad_abs=1067.6141 x0_d_real=0.5115 x0_d_fake=0.4714 synth_eps=0.0081 synth_eps_raw=0.0081 synth_x0_hit=0.0000 synth_total=0.0081 extra_render_attn_share=0.5394
[step 139700] real_p1_mirror_hole_cov=0.0583 real_p1_gen_adv=8.0522 real_p1_gen_fm=0.0965 real_p1_eps=19.2962 real_p1_hole_frac=0.0272 real_p2_eps=0.0018 real_p2_hit=0.0000 real_total=19.2981 discr_adv=1.0066 p1_discr_real_out=-0.0640 p1_discr_fake_out=-0.2090 p1_discr_real_gp=0.0833 g_grad_abs=607200.6929 d_grad_abs=1077.0735 x0_d_real=-0.1715 x0_d_fake=-0.1583 synth_eps=0.1162 synth_eps_raw=0.1162 synth_x0_hit=0.0000 synth_total=0.1162 extra_render_attn_share=0.5394
[step 139750] real_p1_mirror_hole_cov=0.0377 real_p1_gen_adv=5.9401 real_p1_gen_fm=0.0616 real_p1_eps=12.6140 real_p1_hole_frac=0.0151 real_p2_eps=0.0057 real_p2_hit=0.0000 real_total=12.6197 discr_adv=1.1503 p1_discr_real_out=0.2186 p1_discr_fake_out=0.2116 p1_discr_real_gp=0.0157 g_grad_abs=187695.1428 d_grad_abs=1094.6691 x0_d_real=0.1531 x0_d_fake=0.4536 synth_eps=0.0057 synth_eps_raw=0.0057 synth_x0_hit=0.0000 synth_total=0.0057 extra_render_attn_share=0.5394
[step 139800] real_p1_mirror_hole_cov=0.0102 real_p1_gen_adv=7.2072 real_p1_gen_fm=0.1343 real_p1_eps=21.2204 real_p1_hole_frac=0.0553 real_p2_eps=0.0022 real_p2_hit=0.0000 real_total=21.2226 discr_adv=1.3487 p1_discr_real_out=0.0650 p1_discr_fake_out=-0.0518 p1_discr_real_gp=0.0176 g_grad_abs=290324.3177 d_grad_abs=1057.3100 synth_eps=0.2119 synth_eps_raw=0.2119 synth_x0_hit=1.0000 synth_x0_t=270.0000 synth_x0_ldif=0.1188 synth_x0_gen_adv=0.0623 synth_x0_lfm=-0.0051 synth_total=0.3267 extra_render_attn_share=0.5394
[step 139850] real_p1_mirror_hole_cov=0.4545 real_p1_eps=0.0162 real_p1_hole_frac=0.1146 real_p2_eps=0.0102 real_p2_hit=0.0000 real_total=0.0264 synth_eps=0.0245 synth_eps_raw=0.0245 synth_x0_hit=0.0000 synth_total=0.0245 extra_render_attn_share=0.5394
[step 139900] real_p1_mirror_hole_cov=0.0428 real_p1_eps=0.3166 real_p1_hole_frac=0.3622 real_p2_eps=0.1319 real_p2_hit=0.0000 real_total=0.4485 synth_eps=0.0333 synth_eps_raw=0.0333 synth_x0_hit=0.0000 synth_total=0.0333 extra_render_attn_share=0.5394
[step 139950] real_p1_mirror_hole_cov=0.0082 real_p1_eps=0.3087 real_p1_hole_frac=0.2011 real_p2_eps=0.4943 real_p2_hit=1.0000 real_p2_t=30.0000 real_p2_ldif=0.0143 real_p2_gen_adv=-0.5739 real_p2_lfm=-0.0009 real_total=0.7582 discr_adv=0.9668 p2_d_real=0.6402 p2_d_fake=0.5739 g_grad_abs=10256.2231 d_grad_abs=1212.2306 synth_eps=0.0027 synth_eps_raw=0.0027 synth_x0_hit=0.0000 synth_total=0.0027 extra_render_attn_share=0.5394
[ckpt] saved /home/xzy/warpgan-diffusiong-inpainting/warpgan-diffusion-inpainting-main/experiments/train_inpainting_diffusion/v19_w8_pixeld_300k/checkpoints/iteration_0139999.pt
[val step 139999] val_novel_full=0.0628 val_novel_hole=0.0836 val_novel_visible=0.0598
[step 140000] real_p1_mirror_hole_cov=0.0666 real_p1_eps=0.0780 real_p1_hole_frac=0.2577 real_p2_eps=0.0364 real_p2_hit=0.0000 real_total=0.1144 discr_adv=1.0254 x0_d_real=-0.5985 x0_d_fake=-0.5477 g_grad_abs=1327.7245 d_grad_abs=1096.7862 synth_eps=0.0305 synth_eps_raw=0.0305 synth_x0_hit=0.0000 synth_total=0.0305 extra_render_attn_share=0.5417
[images] real: anchor | cond1 | cond2 | inv_warp_mirror | mask | mask_inv | warp_img | warp_warp_img | x | y_hat | y_hat_novel -> /home/xzy/warpgan-diffusiong-inpainting/warpgan-diffusion-inpainting-main/experiments/train_inpainting_diffusion/v19_w8_pixeld_300k/logs/images/train/real_step0140000.png
[images] synth: cond | mask | target | warp_img | x | y_hat_novel -> /home/xzy/warpgan-diffusiong-inpainting/warpgan-diffusion-inpainting-main/experiments/train_inpainting_diffusion/v19_w8_pixeld_300k/logs/images/train/synth_step0140000.png
[step 140050] real_p1_mirror_hole_cov=0.0854 real_p1_eps=0.0361 real_p1_hole_frac=0.0958 real_p2_eps=0.0062 real_p2_hit=0.0000 real_total=0.0423 synth_eps=0.3031 synth_eps_raw=0.3031 synth_x0_hit=1.0000 synth_x0_t=178.0000 synth_x0_ldif=0.0820 synth_x0_gen_adv=0.8528 synth_x0_lfm=-0.0020 synth_total=0.4664 extra_render_attn_share=0.5417
[step 140100] real_p1_mirror_hole_cov=0.0539 real_p1_eps=0.0037 real_p1_hole_frac=0.4181 real_p2_eps=0.0062 real_p2_hit=0.0000 real_total=0.0099 synth_eps=0.0478 synth_eps_raw=0.0478 synth_x0_hit=0.0000 synth_total=0.0478 extra_render_attn_share=0.5417
[step 140150] real_p1_mirror_hole_cov=0.1415 real_p1_eps=0.0719 real_p1_hole_frac=0.3070 real_p2_eps=0.0399 real_p2_hit=0.0000 real_total=0.1118 synth_eps=0.0445 synth_eps_raw=0.0445 synth_x0_hit=0.0000 synth_total=0.0445 extra_render_attn_share=0.5417
[step 140200] real_p1_mirror_hole_cov=0.0460 real_p1_gen_adv=8.1006 real_p1_gen_fm=0.2624 real_p1_eps=36.5896 real_p1_hole_frac=0.3201 real_p2_eps=0.4779 real_p2_hit=1.0000 real_p2_t=67.0000 real_p2_ldif=0.0342 real_p2_gen_adv=-0.7017 real_p2_lfm=-0.0011 real_total=37.0294 discr_adv=1.9562 p1_discr_real_out=0.1213 p1_discr_fake_out=-0.2191 p1_discr_real_gp=0.0125 g_grad_abs=62417.7425 d_grad_abs=1489.9288 x0_d_real=-0.7562 x0_d_fake=-0.7764 p2_d_real=0.7690 p2_d_fake=0.7017 synth_eps=0.2909 synth_eps_raw=0.2909 synth_x0_hit=1.0000 synth_x0_t=162.0000 synth_x0_ldif=0.0679 synth_x0_gen_adv=-0.1004 synth_x0_lfm=-0.0033 synth_total=0.3421 extra_render_attn_share=0.5417
[step 140250] real_p1_mirror_hole_cov=0.0671 real_p1_gen_adv=7.5092 real_p1_gen_fm=0.1789 real_p1_eps=26.4194 real_p1_hole_frac=0.3819 real_p2_eps=0.0046 real_p2_hit=0.0000 real_total=26.4239 discr_adv=1.2896 p1_discr_real_out=0.1154 p1_discr_fake_out=-0.1102 p1_discr_real_gp=0.0109 g_grad_abs=363963.5571 d_grad_abs=1048.1953 synth_eps=0.0025 synth_eps_raw=0.0025 synth_x0_hit=0.0000 synth_total=0.0025 extra_render_attn_share=0.5417
[step 140300] real_p1_mirror_hole_cov=0.0077 real_p1_eps=0.0328 real_p1_hole_frac=0.2049 real_p2_eps=0.1825 real_p2_hit=1.0000 real_p2_t=243.0000 real_p2_ldif=0.0838 real_p2_gen_adv=-0.7960 real_p2_lfm=-0.0016 real_total=0.2164 discr_adv=1.0070 p2_d_real=0.7821 p2_d_fake=0.7960 g_grad_abs=2302.5535 d_grad_abs=635.8857 synth_eps=0.1857 synth_eps_raw=0.1857 synth_x0_hit=1.0000 synth_x0_t=271.0000 synth_x0_ldif=0.1049 synth_x0_gen_adv=0.1517 synth_x0_lfm=-0.0048 synth_total=0.2962 extra_render_attn_share=0.5417
[step 140350] real_p1_mirror_hole_cov=0.0000 real_p1_eps=0.0514 real_p1_hole_frac=0.0409 real_p2_eps=0.0023 real_p2_hit=0.0000 real_total=0.0537 discr_adv=1.0109 x0_d_real=-0.8525 x0_d_fake=-0.8307 g_grad_abs=676.5077 d_grad_abs=1175.3309 synth_eps=0.7647 synth_eps_raw=0.7647 synth_x0_hit=1.0000 synth_x0_t=10.0000 synth_x0_ldif=0.0074 synth_x0_gen_adv=0.8232 synth_x0_lfm=-0.0004 synth_total=0.8535 extra_render_attn_share=0.5417
[step 140400] real_p1_mirror_hole_cov=0.1386 real_p1_eps=0.1008 real_p1_hole_frac=0.0256 real_p2_eps=0.1102 real_p2_hit=1.0000 real_p2_t=202.0000 real_p2_ldif=0.0366 real_p2_gen_adv=-0.6161 real_p2_lfm=-0.0012 real_total=0.1835 discr_adv=1.1897 p2_d_real=0.2367 p2_d_fake=0.6161 g_grad_abs=2516.9430 d_grad_abs=1637.9464 synth_eps=0.0192 synth_eps_raw=0.0192 synth_x0_hit=0.0000 synth_total=0.0192 extra_render_attn_share=0.5417
[step 140450] real_p1_mirror_hole_cov=0.2523 real_p1_eps=0.0364 real_p1_hole_frac=0.6516 real_p2_eps=0.3340 real_p2_hit=1.0000 real_p2_t=150.0000 real_p2_ldif=0.0695 real_p2_gen_adv=0.8499 real_p2_lfm=-0.0017 real_total=0.5215 discr_adv=0.9428 p2_d_real=-0.7354 p2_d_fake=-0.8499 g_grad_abs=3233.0175 d_grad_abs=1057.6437 synth_eps=0.1071 synth_eps_raw=0.1071 synth_x0_hit=0.0000 synth_total=0.1071 extra_render_attn_share=0.5417
[step 140500] real_p1_mirror_hole_cov=0.2360 real_p1_eps=0.0084 real_p1_hole_frac=0.2862 real_p2_eps=0.3709 real_p2_hit=1.0000 real_p2_t=72.0000 real_p2_ldif=0.0290 real_p2_gen_adv=-0.8542 real_p2_lfm=-0.0005 real_total=0.3218 discr_adv=1.0050 p2_d_real=0.8442 p2_d_fake=0.8542 g_grad_abs=2289.7578 d_grad_abs=583.9564 synth_eps=0.0119 synth_eps_raw=0.0119 synth_x0_hit=0.0000 synth_total=0.0119 extra_render_attn_share=0.5417
[images] real: anchor | cond1 | cond2 | inv_warp_mirror | mask | mask_inv | warp_img | warp_warp_img | x | y_hat | y_hat_novel -> /home/xzy/warpgan-diffusiong-inpainting/warpgan-diffusion-inpainting-main/experiments/train_inpainting_diffusion/v19_w8_pixeld_300k/logs/images/train/real_step0140500.png
[images] synth: cond | mask | target | warp_img | x | y_hat_novel -> /home/xzy/warpgan-diffusiong-inpainting/warpgan-diffusion-inpainting-main/experiments/train_inpainting_diffusion/v19_w8_pixeld_300k/logs/images/train/synth_step0140500.png
[step 140550] real_p1_mirror_hole_cov=0.0052 real_p1_eps=0.1048 real_p1_hole_frac=0.2423 real_p2_eps=0.0036 real_p2_hit=0.0000 real_total=0.1084 synth_eps=0.2420 synth_eps_raw=0.2420 synth_x0_hit=1.0000 synth_x0_t=281.0000 synth_x0_ldif=0.1468 synth_x0_gen_adv=-0.9440 synth_x0_lfm=-0.0028 synth_total=0.2888 extra_render_attn_share=0.5417
[step 140600] real_p1_mirror_hole_cov=0.0896 real_p1_gen_adv=7.8188 real_p1_gen_fm=0.1276 real_p1_eps=21.8111 real_p1_hole_frac=0.0886 real_p2_eps=0.0398 real_p2_hit=0.0000 real_total=21.8510 discr_adv=1.2658 p1_discr_real_out=0.1400 p1_discr_fake_out=-0.1640 p1_discr_real_gp=0.0204 g_grad_abs=237392.2567 d_grad_abs=900.9353 synth_eps=0.0016 synth_eps_raw=0.0016 synth_x0_hit=0.0000 synth_total=0.0016 extra_render_attn_share=0.5417
[step 140650] real_p1_mirror_hole_cov=0.1021 real_p1_eps=0.0077 real_p1_hole_frac=0.1666 real_p2_eps=0.0112 real_p2_hit=0.0000 real_total=0.0189 discr_adv=0.9678 x0_d_real=-0.6200 x0_d_fake=-0.6843 g_grad_abs=254.8095 d_grad_abs=1701.8120 synth_eps=0.0041 synth_eps_raw=0.0041 synth_x0_hit=0.0000 synth_total=0.0041 extra_render_attn_share=0.5417
[step 140700] real_p1_mirror_hole_cov=0.0260 real_p1_eps=0.1101 real_p1_hole_frac=0.1575 real_p2_eps=0.0044 real_p2_hit=0.0000 real_total=0.1145 synth_eps=0.0058 synth_eps_raw=0.0058 synth_x0_hit=0.0000 synth_total=0.0058 extra_render_attn_share=0.5417
[step 140750] real_p1_mirror_hole_cov=0.0489 real_p1_eps=0.0258 real_p1_hole_frac=0.0818 real_p2_eps=0.0339 real_p2_hit=0.0000 real_total=0.0598 discr_adv=0.9933 x0_d_real=0.4477 x0_d_fake=0.4343 g_grad_abs=648.8225 d_grad_abs=1381.0968 synth_eps=0.1106 synth_eps_raw=0.1106 synth_x0_hit=0.0000 synth_total=0.1106 extra_render_attn_share=0.5417
[step 140800] real_p1_mirror_hole_cov=0.0934 real_p1_eps=0.0238 real_p1_hole_frac=0.1650 real_p2_eps=0.0028 real_p2_hit=0.0000 real_total=0.0265 discr_adv=0.9464 x0_d_real=0.0261 x0_d_fake=-0.0810 g_grad_abs=268.6114 d_grad_abs=1351.1567 synth_eps=0.1088 synth_eps_raw=0.1088 synth_x0_hit=0.0000 synth_total=0.1088 extra_render_attn_share=0.5417
[step 140850] real_p1_mirror_hole_cov=0.0763 real_p1_gen_adv=5.7115 real_p1_gen_fm=0.1431 real_p1_eps=21.0434 real_p1_hole_frac=0.1837 real_p2_eps=0.0229 real_p2_hit=0.0000 real_total=21.0663 discr_adv=1.4950 p1_discr_real_out=0.1971 p1_discr_fake_out=0.2647 p1_discr_real_gp=0.0582 g_grad_abs=303805.0759 d_grad_abs=1136.9000 synth_eps=0.5792 synth_eps_raw=0.5792 synth_x0_hit=1.0000 synth_x0_t=49.0000 synth_x0_ldif=0.0288 synth_x0_gen_adv=0.9124 synth_x0_lfm=-0.0014 synth_total=0.6965 extra_render_attn_share=0.5417
[step 140900] real_p1_mirror_hole_cov=0.0142 real_p1_gen_adv=8.6921 real_p1_gen_fm=0.2505 real_p1_eps=35.3227 real_p1_hole_frac=0.4069 real_p2_eps=0.0986 real_p2_hit=0.0000 real_total=35.4213 discr_adv=0.9828 p1_discr_real_out=0.1093 p1_discr_fake_out=-0.3222 p1_discr_real_gp=0.0131 g_grad_abs=109398.6597 d_grad_abs=1198.3341 x0_d_real=-0.8427 x0_d_fake=-0.8771 synth_eps=0.2337 synth_eps_raw=0.2337 synth_x0_hit=1.0000 synth_x0_t=269.0000 synth_x0_ldif=0.1301 synth_x0_gen_adv=0.0840 synth_x0_lfm=-0.0022 synth_total=0.3677 extra_render_attn_share=0.5417
[step 140950] real_p1_mirror_hole_cov=0.0504 real_p1_eps=0.0060 real_p1_hole_frac=0.4241 real_p2_eps=0.2282 real_p2_hit=1.0000 real_p2_t=264.0000 real_p2_ldif=0.1225 real_p2_gen_adv=-0.9271 real_p2_lfm=-0.0026 real_total=0.2587 discr_adv=1.0195 p2_d_real=0.8881 p2_d_fake=0.9271 g_grad_abs=5324.7851 d_grad_abs=995.5019 synth_eps=0.2915 synth_eps_raw=0.2915 synth_x0_hit=1.0000 synth_x0_t=251.0000 synth_x0_ldif=0.1422 synth_x0_gen_adv=-0.9237 synth_x0_lfm=-0.0031 synth_total=0.3350 extra_render_attn_share=0.5417
[step 141000] real_p1_mirror_hole_cov=0.0817 real_p1_gen_adv=7.1974 real_p1_gen_fm=0.1170 real_p1_eps=19.4686 real_p1_hole_frac=0.0558 real_p2_eps=0.0013 real_p2_hit=0.0000 real_total=19.4698 discr_adv=1.3876 p1_discr_real_out=0.0577 p1_discr_fake_out=-0.0494 p1_discr_real_gp=0.0511 g_grad_abs=143023.1206 d_grad_abs=836.6060 synth_eps=0.3570 synth_eps_raw=0.3570 synth_x0_hit=1.0000 synth_x0_t=105.0000 synth_x0_ldif=0.0450 synth_x0_gen_adv=-0.3416 synth_x0_lfm=-0.0018 synth_total=0.3642 extra_render_attn_share=0.5417
[images] real: anchor | cond1 | cond2 | inv_warp_mirror | mask | mask_inv | p1_pred_x0 | warp_img | warp_warp_img | x | y_hat | y_hat_novel -> /home/xzy/warpgan-diffusiong-inpainting/warpgan-diffusion-inpainting-main/experiments/train_inpainting_diffusion/v19_w8_pixeld_300k/logs/images/train/real_step0141000.png
[images] synth: cond | mask | target | warp_img | x | y_hat_novel -> /home/xzy/warpgan-diffusiong-inpainting/warpgan-diffusion-inpainting-main/experiments/train_inpainting_diffusion/v19_w8_pixeld_300k/logs/images/train/synth_step0141000.png
[step 141050] real_p1_mirror_hole_cov=0.0563 real_p1_eps=0.0037 real_p1_hole_frac=0.1903 real_p2_eps=0.4228 real_p2_hit=1.0000 real_p2_t=34.0000 real_p2_ldif=0.0140 real_p2_gen_adv=0.9353 real_p2_lfm=-0.0007 real_total=0.5325 discr_adv=1.0003 p2_d_real=-0.9315 p2_d_fake=-0.9353 g_grad_abs=2153.9865 d_grad_abs=668.5359 synth_eps=0.0086 synth_eps_raw=0.0086 synth_x0_hit=0.0000 synth_total=0.0086 extra_render_attn_share=0.5417
[step 141100] real_p1_mirror_hole_cov=0.1099 real_p1_eps=0.0591 real_p1_hole_frac=0.2158 real_p2_eps=0.0064 real_p2_hit=0.0000 real_total=0.0655 synth_eps=0.0250 synth_eps_raw=0.0250 synth_x0_hit=0.0000 synth_total=0.0250 extra_render_attn_share=0.5417
[step 141150] real_p1_mirror_hole_cov=0.0093 real_p1_eps=0.0231 real_p1_hole_frac=0.1105 real_p2_eps=0.0404 real_p2_hit=0.0000 real_total=0.0635 synth_eps=0.2808 synth_eps_raw=0.2808 synth_x0_hit=1.0000 synth_x0_t=160.0000 synth_x0_ldif=0.0644 synth_x0_gen_adv=-0.5363 synth_x0_lfm=-0.0028 synth_total=0.2859 extra_render_attn_share=0.5417
[step 141200] real_p1_mirror_hole_cov=0.0512 real_p1_eps=0.0239 real_p1_hole_frac=0.1184 real_p2_eps=0.0113 real_p2_hit=0.0000 real_total=0.0352 synth_eps=0.0084 synth_eps_raw=0.0084 synth_x0_hit=0.0000 synth_total=0.0084 extra_render_attn_share=0.5417
[step 141250] real_p1_mirror_hole_cov=0.2100 real_p1_eps=0.0198 real_p1_hole_frac=0.3347 real_p2_eps=0.1048 real_p2_hit=0.0000 real_total=0.1247 discr_adv=0.9445 x0_d_real=-0.1447 x0_d_fake=-0.2557 g_grad_abs=1386.9646 d_grad_abs=1279.3577 synth_eps=0.0068 synth_eps_raw=0.0068 synth_x0_hit=0.0000 synth_total=0.0068 extra_render_attn_share=0.5417
[step 141300] real_p1_mirror_hole_cov=0.0316 real_p1_eps=0.0378 real_p1_hole_frac=0.0378 real_p2_eps=0.0510 real_p2_hit=0.0000 real_total=0.0888 synth_eps=0.0020 synth_eps_raw=0.0020 synth_x0_hit=0.0000 synth_total=0.0020 extra_render_attn_share=0.5417
[step 141350] real_p1_mirror_hole_cov=0.1464 real_p1_eps=0.0009 real_p1_hole_frac=0.0652 real_p2_eps=0.2183 real_p2_hit=1.0000 real_p2_t=78.0000 real_p2_ldif=0.0188 real_p2_gen_adv=-0.1503 real_p2_lfm=-0.0013 real_total=0.2204 discr_adv=1.0194 p2_d_real=0.1115 p2_d_fake=0.1503 g_grad_abs=6113.4598 d_grad_abs=1001.5707 synth_eps=0.7670 synth_eps_raw=0.7670 synth_x0_hit=1.0000 synth_x0_t=17.0000 synth_x0_ldif=0.0124 synth_x0_gen_adv=0.0853 synth_x0_lfm=-0.0006 synth_total=0.7867 extra_render_attn_share=0.5417
[step 141400] real_p1_mirror_hole_cov=0.0214 real_p1_eps=0.1308 real_p1_hole_frac=0.3565 real_p2_eps=0.0215 real_p2_hit=0.0000 real_total=0.1523 synth_eps=0.0018 synth_eps_raw=0.0018 synth_x0_hit=0.0000 synth_total=0.0018 extra_render_attn_share=0.5417
[step 141450] real_p1_mirror_hole_cov=0.1630 real_p1_eps=0.0453 real_p1_hole_frac=0.4026 real_p2_eps=0.1067 real_p2_hit=0.0000 real_total=0.1520 discr_adv=0.9630 x0_d_real=0.7085 x0_d_fake=0.6338 g_grad_abs=838.3211 d_grad_abs=1351.5513 synth_eps=0.0212 synth_eps_raw=0.0212 synth_x0_hit=0.0000 synth_total=0.0212 extra_render_attn_share=0.5417
[step 141500] real_p1_mirror_hole_cov=0.3743 real_p1_eps=0.0278 real_p1_hole_frac=0.1583 real_p2_eps=0.0015 real_p2_hit=0.0000 real_total=0.0293 discr_adv=0.9835 x0_d_real=-0.7478 x0_d_fake=-0.7808 g_grad_abs=202.5629 d_grad_abs=832.1424 synth_eps=0.0621 synth_eps_raw=0.0621 synth_x0_hit=0.0000 synth_total=0.0621 extra_render_attn_share=0.5417
[images] real: anchor | cond1 | cond2 | inv_warp_mirror | mask | mask_inv | warp_img | warp_warp_img | x | y_hat | y_hat_novel -> /home/xzy/warpgan-diffusiong-inpainting/warpgan-diffusion-inpainting-main/experiments/train_inpainting_diffusion/v19_w8_pixeld_300k/logs/images/train/real_step0141500.png
[images] synth: cond | mask | target | warp_img | x | y_hat_novel -> /home/xzy/warpgan-diffusiong-inpainting/warpgan-diffusion-inpainting-main/experiments/train_inpainting_diffusion/v19_w8_pixeld_300k/logs/images/train/synth_step0141500.png
[step 141550] real_p1_mirror_hole_cov=0.1736 real_p1_eps=0.0020 real_p1_hole_frac=0.4518 real_p2_eps=0.8092 real_p2_hit=1.0000 real_p2_t=6.0000 real_p2_ldif=0.0049 real_p2_gen_adv=-0.8483 real_p2_lfm=-0.0007 real_total=0.7299 discr_adv=0.9903 p2_d_real=0.8707 p2_d_fake=0.8483 g_grad_abs=1402.0606 d_grad_abs=989.2726 synth_eps=0.0721 synth_eps_raw=0.0721 synth_x0_hit=0.0000 synth_total=0.0721 extra_render_attn_share=0.5417
[step 141600] real_p1_mirror_hole_cov=0.0338 real_p1_eps=0.0216 real_p1_hole_frac=0.2336 real_p2_eps=0.0531 real_p2_hit=0.0000 real_total=0.0747 discr_adv=0.9289 x0_d_real=-0.3716 x0_d_fake=-0.5137 g_grad_abs=612.0837 d_grad_abs=2112.9363 synth_eps=0.0285 synth_eps_raw=0.0285 synth_x0_hit=0.0000 synth_total=0.0285 extra_render_attn_share=0.5417
[step 141650] real_p1_mirror_hole_cov=0.0196 real_p1_gen_adv=8.5872 real_p1_gen_fm=0.1634 real_p1_eps=26.9858 real_p1_hole_frac=0.1402 real_p2_eps=0.0137 real_p2_hit=0.0000 real_total=26.9995 discr_adv=1.1927 p1_discr_real_out=0.1562 p1_discr_fake_out=-0.3051 p1_discr_real_gp=0.0202 g_grad_abs=82745.5826 d_grad_abs=907.5946 synth_eps=0.4552 synth_eps_raw=0.4552 synth_x0_hit=1.0000 synth_x0_t=65.0000 synth_x0_ldif=0.0314 synth_x0_gen_adv=-0.2367 synth_x0_lfm=-0.0022 synth_total=0.4585 extra_render_attn_share=0.5417
[step 141700] real_p1_mirror_hole_cov=0.0075 real_p1_eps=0.0116 real_p1_hole_frac=0.1304 real_p2_eps=0.0465 real_p2_hit=0.0000 real_total=0.0582 synth_eps=0.0038 synth_eps_raw=0.0038 synth_x0_hit=0.0000 synth_total=0.0038 extra_render_attn_share=0.5417
[step 141750] real_p1_mirror_hole_cov=0.1256 real_p1_eps=0.0858 real_p1_hole_frac=0.2552 real_p2_eps=0.0527 real_p2_hit=0.0000 real_total=0.1385 synth_eps=0.0893 synth_eps_raw=0.0893 synth_x0_hit=0.0000 synth_total=0.0893 extra_render_attn_share=0.5417
[step 141800] real_p1_mirror_hole_cov=0.0345 real_p1_eps=0.0112 real_p1_hole_frac=0.2191 real_p2_eps=0.0707 real_p2_hit=0.0000 real_total=0.0819 discr_adv=1.0034 x0_d_real=-0.3156 x0_d_fake=-0.3088 g_grad_abs=795.8369 d_grad_abs=626.7876 synth_eps=0.0073 synth_eps_raw=0.0073 synth_x0_hit=0.0000 synth_total=0.0073 extra_render_attn_share=0.5417
[step 141850] real_p1_mirror_hole_cov=0.0720 real_p1_eps=0.0061 real_p1_hole_frac=0.1909 real_p2_eps=0.0030 real_p2_hit=0.0000 real_total=0.0091 discr_adv=0.9366 x0_d_real=0.5576 x0_d_fake=0.4309 g_grad_abs=180.6915 d_grad_abs=1287.3021 synth_eps=0.0020 synth_eps_raw=0.0020 synth_x0_hit=0.0000 synth_total=0.0020 extra_render_attn_share=0.5417
[step 141900] real_p1_mirror_hole_cov=0.5491 real_p1_eps=0.1059 real_p1_hole_frac=0.1269 real_p2_eps=0.0080 real_p2_hit=0.0000 real_total=0.1139 synth_eps=0.0019 synth_eps_raw=0.0019 synth_x0_hit=0.0000 synth_total=0.0019 extra_render_attn_share=0.5417
[step 141950] real_p1_mirror_hole_cov=0.0088 real_p1_eps=0.0535 real_p1_hole_frac=0.0728 real_p2_eps=0.0558 real_p2_hit=0.0000 real_total=0.1093 discr_adv=0.9387 x0_d_real=-0.3199 x0_d_fake=-0.4453 g_grad_abs=875.0760 d_grad_abs=1228.7330 synth_eps=0.0362 synth_eps_raw=0.0362 synth_x0_hit=0.0000 synth_total=0.0362 extra_render_attn_share=0.5417
[val step 141999] val_novel_full=0.0645 val_novel_hole=0.0989 val_novel_visible=0.0582
[step 142000] real_p1_mirror_hole_cov=0.1113 real_p1_gen_adv=7.7137 real_p1_gen_fm=0.1498 real_p1_eps=23.9741 real_p1_hole_frac=0.2732 real_p2_eps=0.0252 real_p2_hit=0.0000 real_total=23.9993 discr_adv=1.2959 p1_discr_real_out=0.1171 p1_discr_fake_out=-0.1484 p1_discr_real_gp=0.0356 g_grad_abs=194256.0656 d_grad_abs=1196.6645 synth_eps=0.5896 synth_eps_raw=0.5896 synth_x0_hit=1.0000 synth_x0_t=44.0000 synth_x0_ldif=0.0260 synth_x0_gen_adv=0.2089 synth_x0_lfm=-0.0010 synth_total=0.6345 extra_render_attn_share=0.5361
[images] real: anchor | cond1 | cond2 | inv_warp_mirror | mask | mask_inv | p1_pred_x0 | warp_img | warp_warp_img | x | y_hat | y_hat_novel -> /home/xzy/warpgan-diffusiong-inpainting/warpgan-diffusion-inpainting-main/experiments/train_inpainting_diffusion/v19_w8_pixeld_300k/logs/images/train/real_step0142000.png
[images] synth: cond | mask | target | warp_img | x | y_hat_novel -> /home/xzy/warpgan-diffusiong-inpainting/warpgan-diffusion-inpainting-main/experiments/train_inpainting_diffusion/v19_w8_pixeld_300k/logs/images/train/synth_step0142000.png
[step 142050] real_p1_mirror_hole_cov=0.0082 real_p1_eps=0.0027 real_p1_hole_frac=0.3090 real_p2_eps=0.0617 real_p2_hit=0.0000 real_total=0.0644 discr_adv=0.9576 x0_d_real=-0.2579 x0_d_fake=-0.3447 g_grad_abs=1588.7853 d_grad_abs=1385.2682 synth_eps=0.0253 synth_eps_raw=0.0253 synth_x0_hit=0.0000 synth_total=0.0253 extra_render_attn_share=0.5361
[step 142100] real_p1_mirror_hole_cov=0.0073 real_p1_eps=0.0019 real_p1_hole_frac=0.1166 real_p2_eps=0.0163 real_p2_hit=0.0000 real_total=0.0182 synth_eps=0.0075 synth_eps_raw=0.0075 synth_x0_hit=0.0000 synth_total=0.0075 extra_render_attn_share=0.5361
[step 142150] real_p1_mirror_hole_cov=0.0702 real_p1_eps=0.0342 real_p1_hole_frac=0.2585 real_p2_eps=0.2940 real_p2_hit=1.0000 real_p2_t=154.0000 real_p2_ldif=0.0636 real_p2_gen_adv=-0.7460 real_p2_lfm=-0.0013 real_total=0.3146 discr_adv=0.9897 p2_d_real=0.7678 p2_d_fake=0.7460 g_grad_abs=2069.5707 d_grad_abs=669.0367 synth_eps=0.0053 synth_eps_raw=0.0053 synth_x0_hit=0.0000 synth_total=0.0053 extra_render_attn_share=0.5361
[step 142200] real_p1_mirror_hole_cov=0.0298 real_p1_gen_adv=7.6396 real_p1_gen_fm=0.1633 real_p1_eps=24.6040 real_p1_hole_frac=0.1411 real_p2_eps=0.0124 real_p2_hit=0.0000 real_total=24.6164 discr_adv=1.2754 p1_discr_real_out=0.2095 p1_discr_fake_out=-0.1349 p1_discr_real_gp=0.0515 g_grad_abs=567875.0872 d_grad_abs=855.2553 synth_eps=0.0861 synth_eps_raw=0.0861 synth_x0_hit=0.0000 synth_total=0.0861 extra_render_attn_share=0.5361
[step 142250] real_p1_mirror_hole_cov=0.0133 real_p1_eps=0.0442 real_p1_hole_frac=0.2640 real_p2_eps=0.3820 real_p2_hit=1.0000 real_p2_t=94.0000 real_p2_ldif=0.0417 real_p2_gen_adv=-0.8553 real_p2_lfm=-0.0003 real_total=0.3818 discr_adv=0.9807 p2_d_real=0.8940 p2_d_fake=0.8553 g_grad_abs=6823.6568 d_grad_abs=851.7215 synth_eps=0.0246 synth_eps_raw=0.0246 synth_x0_hit=0.0000 synth_total=0.0246 extra_render_attn_share=0.5361
[step 142300] real_p1_mirror_hole_cov=0.0101 real_p1_eps=0.0124 real_p1_hole_frac=0.3248 real_p2_eps=0.0494 real_p2_hit=0.0000 real_total=0.0618 synth_eps=0.0017 synth_eps_raw=0.0017 synth_x0_hit=0.0000 synth_total=0.0017 extra_render_attn_share=0.5361
[step 142350] real_p1_mirror_hole_cov=0.0351 real_p1_eps=0.0798 real_p1_hole_frac=0.3541 real_p2_eps=0.0039 real_p2_hit=0.0000 real_total=0.0837 synth_eps=0.1589 synth_eps_raw=0.1589 synth_x0_hit=0.0000 synth_total=0.1589 extra_render_attn_share=0.5361
[step 142400] real_p1_mirror_hole_cov=0.2682 real_p1_gen_adv=8.5872 real_p1_gen_fm=0.0799 real_p1_eps=17.0472 real_p1_hole_frac=0.0761 real_p2_eps=0.0014 real_p2_hit=0.0000 real_total=17.0486 discr_adv=1.5836 p1_discr_real_out=-0.2678 p1_discr_fake_out=-0.3043 p1_discr_real_gp=0.1913 g_grad_abs=196238.9684 d_grad_abs=2717.5578 synth_eps=0.0021 synth_eps_raw=0.0021 synth_x0_hit=0.0000 synth_total=0.0021 extra_render_attn_share=0.5361
[step 142450] real_p1_mirror_hole_cov=0.1688 real_p1_eps=0.0028 real_p1_hole_frac=0.4531 real_p2_eps=0.1886 real_p2_hit=0.0000 real_total=0.1914 discr_adv=0.9392 x0_d_real=-0.1709 x0_d_fake=-0.2924 g_grad_abs=1337.6716 d_grad_abs=1078.7880 synth_eps=0.1207 synth_eps_raw=0.1207 synth_x0_hit=0.0000 synth_total=0.1207 extra_render_attn_share=0.5361
[step 142500] real_p1_mirror_hole_cov=0.0850 real_p1_eps=0.0063 real_p1_hole_frac=0.6322 real_p2_eps=0.2397 real_p2_hit=1.0000 real_p2_t=187.0000 real_p2_ldif=0.0701 real_p2_gen_adv=0.9393 real_p2_lfm=-0.0046 real_total=0.4010 discr_adv=1.9043 x0_d_real=0.0558 x0_d_fake=-0.1449 p2_d_real=-0.9441 p2_d_fake=-0.9393 g_grad_abs=10311.2493 d_grad_abs=1535.3661 synth_eps=0.1050 synth_eps_raw=0.1050 synth_x0_hit=0.0000 synth_total=0.1050 extra_render_attn_share=0.5361
[images] real: anchor | cond1 | cond2 | inv_warp_mirror | mask | mask_inv | warp_img | warp_warp_img | x | y_hat | y_hat_novel -> /home/xzy/warpgan-diffusiong-inpainting/warpgan-diffusion-inpainting-main/experiments/train_inpainting_diffusion/v19_w8_pixeld_300k/logs/images/train/real_step0142500.png
[images] synth: cond | mask | target | warp_img | x | y_hat_novel -> /home/xzy/warpgan-diffusiong-inpainting/warpgan-diffusion-inpainting-main/experiments/train_inpainting_diffusion/v19_w8_pixeld_300k/logs/images/train/synth_step0142500.png
[step 142550] real_p1_mirror_hole_cov=0.1445 real_p1_gen_adv=7.1937 real_p1_gen_fm=0.2374 real_p1_eps=32.0479 real_p1_hole_frac=0.3928 real_p2_eps=0.1735 real_p2_hit=1.0000 real_p2_t=291.0000 real_p2_ldif=0.1130 real_p2_gen_adv=0.9834 real_p2_lfm=-0.0038 real_total=32.4250 discr_adv=0.9861 p1_discr_real_out=0.0614 p1_discr_fake_out=-0.0490 p1_discr_real_gp=0.0196 g_grad_abs=349613.8964 d_grad_abs=792.3914 p2_d_real=-0.9380 p2_d_fake=-0.9834 synth_eps=0.0502 synth_eps_raw=0.0502 synth_x0_hit=0.0000 synth_total=0.0502 extra_render_attn_share=0.5361
[step 142600] real_p1_mirror_hole_cov=0.2003 real_p1_eps=0.0059 real_p1_hole_frac=0.2654 real_p2_eps=0.0148 real_p2_hit=0.0000 real_total=0.0207 synth_eps=0.3202 synth_eps_raw=0.3202 synth_x0_hit=1.0000 synth_x0_t=189.0000 synth_x0_ldif=0.0955 synth_x0_gen_adv=-0.1997 synth_x0_lfm=-0.0032 synth_total=0.3894 extra_render_attn_share=0.5361
[step 142650] real_p1_mirror_hole_cov=0.0035 real_p1_eps=0.0016 real_p1_hole_frac=0.1325 real_p2_eps=0.0014 real_p2_hit=0.0000 real_total=0.0030 discr_adv=0.9237 x0_d_real=0.8355 x0_d_fake=0.6830 g_grad_abs=95.7741 d_grad_abs=2242.9694 synth_eps=0.0190 synth_eps_raw=0.0190 synth_x0_hit=0.0000 synth_total=0.0190 extra_render_attn_share=0.5361
[step 142700] real_p1_mirror_hole_cov=0.0753 real_p1_eps=0.0079 real_p1_hole_frac=0.4822 real_p2_eps=0.2866 real_p2_hit=1.0000 real_p2_t=236.0000 real_p2_ldif=0.1248 real_p2_gen_adv=0.3455 real_p2_lfm=-0.0025 real_total=0.4488 discr_adv=0.8948 p2_d_real=-0.1350 p2_d_fake=-0.3455 g_grad_abs=2548.3262 d_grad_abs=2256.7237 synth_eps=0.0129 synth_eps_raw=0.0129 synth_x0_hit=0.0000 synth_total=0.0129 extra_render_attn_share=0.5361
[step 142750] real_p1_mirror_hole_cov=0.0486 real_p1_eps=0.0103 real_p1_hole_frac=0.4846 real_p2_eps=0.0206 real_p2_hit=0.0000 real_total=0.0309 discr_adv=0.9929 x0_d_real=0.9317 x0_d_fake=0.9023 g_grad_abs=769.3672 d_grad_abs=1157.9424 synth_eps=0.0025 synth_eps_raw=0.0025 synth_x0_hit=0.0000 synth_total=0.0025 extra_render_attn_share=0.5361
[step 142800] real_p1_mirror_hole_cov=0.0666 real_p1_gen_adv=9.7509 real_p1_gen_fm=0.1962 real_p1_eps=31.6175 real_p1_hole_frac=0.1957 real_p2_eps=0.1564 real_p2_hit=1.0000 real_p2_t=289.0000 real_p2_ldif=0.1005 real_p2_gen_adv=-0.7828 real_p2_lfm=-0.0017 real_total=31.7928 discr_adv=1.9823 p1_discr_real_out=0.0859 p1_discr_fake_out=-0.4981 p1_discr_real_gp=0.0776 g_grad_abs=48115.4276 d_grad_abs=1529.5669 x0_d_real=-0.2530 x0_d_fake=-0.2984 p2_d_real=0.7730 p2_d_fake=0.7828 synth_eps=0.0134 synth_eps_raw=0.0134 synth_x0_hit=0.0000 synth_total=0.0134 extra_render_attn_share=0.5361
[step 142850] real_p1_mirror_hole_cov=0.0827 real_p1_gen_adv=7.3740 real_p1_gen_fm=0.2900 real_p1_eps=38.1626 real_p1_hole_frac=0.5657 real_p2_eps=0.0553 real_p2_hit=0.0000 real_total=38.2179 discr_adv=0.9997 p1_discr_real_out=0.1568 p1_discr_fake_out=-0.0843 p1_discr_real_gp=0.0256 g_grad_abs=198157.7030 d_grad_abs=813.2335 x0_d_real=-0.1646 x0_d_fake=-0.1665 synth_eps=0.7432 synth_eps_raw=0.7432 synth_x0_hit=1.0000 synth_x0_t=13.0000 synth_x0_ldif=0.0092 synth_x0_gen_adv=0.4960 synth_x0_lfm=-0.0007 synth_total=0.8007 extra_render_attn_share=0.5361
[step 142900] real_p1_mirror_hole_cov=0.1439 real_p1_gen_adv=6.0459 real_p1_gen_fm=0.1027 real_p1_eps=16.8801 real_p1_hole_frac=0.0308 real_p2_eps=0.1485 real_p2_hit=1.0000 real_p2_t=156.0000 real_p2_ldif=0.0328 real_p2_gen_adv=-0.3134 real_p2_lfm=-0.0003 real_total=17.0293 discr_adv=2.2476 p1_discr_real_out=0.1731 p1_discr_fake_out=0.1897 p1_discr_real_gp=0.0339 g_grad_abs=170297.2912 d_grad_abs=1402.5045 x0_d_real=-0.9148 x0_d_fake=-0.9113 p2_d_real=-0.1779 p2_d_fake=0.3134 synth_eps=0.0938 synth_eps_raw=0.0938 synth_x0_hit=0.0000 synth_total=0.0938 extra_render_attn_share=0.5361
[step 142950] real_p1_mirror_hole_cov=0.0260 real_p1_eps=0.1372 real_p1_hole_frac=0.1190 real_p2_eps=0.1321 real_p2_hit=1.0000 real_p2_t=267.0000 real_p2_ldif=0.0725 real_p2_gen_adv=0.2005 real_p2_lfm=-0.0013 real_total=0.3593 discr_adv=0.9670 p2_d_real=-0.1345 p2_d_fake=-0.2005 g_grad_abs=2618.1857 d_grad_abs=609.5546 synth_eps=0.0026 synth_eps_raw=0.0026 synth_x0_hit=0.0000 synth_total=0.0026 extra_render_attn_share=0.5361
[step 143000] real_p1_mirror_hole_cov=0.0606 real_p1_eps=0.0070 real_p1_hole_frac=0.1945 real_p2_eps=0.0170 real_p2_hit=0.0000 real_total=0.0239 synth_eps=0.0972 synth_eps_raw=0.0972 synth_x0_hit=0.0000 synth_total=0.0972 extra_render_attn_share=0.5361
[images] real: anchor | cond1 | cond2 | inv_warp_mirror | mask | mask_inv | warp_img | warp_warp_img | x | y_hat | y_hat_novel -> /home/xzy/warpgan-diffusiong-inpainting/warpgan-diffusion-inpainting-main/experiments/train_inpainting_diffusion/v19_w8_pixeld_300k/logs/images/train/real_step0143000.png
[images] synth: cond | mask | target | warp_img | x | y_hat_novel -> /home/xzy/warpgan-diffusiong-inpainting/warpgan-diffusion-inpainting-main/experiments/train_inpainting_diffusion/v19_w8_pixeld_300k/logs/images/train/synth_step0143000.png
[step 143050] real_p1_mirror_hole_cov=0.0116 real_p1_gen_adv=6.5444 real_p1_gen_fm=0.1693 real_p1_eps=24.8226 real_p1_hole_frac=0.2918 real_p2_eps=0.0585 real_p2_hit=0.0000 real_total=24.8811 discr_adv=1.4643 p1_discr_real_out=0.1183 p1_discr_fake_out=0.0811 p1_discr_real_gp=0.0918 g_grad_abs=232911.0068 d_grad_abs=1678.6622 synth_eps=0.0294 synth_eps_raw=0.0294 synth_x0_hit=0.0000 synth_total=0.0294 extra_render_attn_share=0.5361
[step 143100] real_p1_mirror_hole_cov=0.0446 real_p1_gen_adv=9.1878 real_p1_gen_fm=0.2329 real_p1_eps=34.5167 real_p1_hole_frac=0.2459 real_p2_eps=0.0052 real_p2_hit=0.0000 real_total=34.5219 discr_adv=1.1143 p1_discr_real_out=0.2703 p1_discr_fake_out=-0.4026 p1_discr_real_gp=0.0289 g_grad_abs=204090.9557 d_grad_abs=1687.0298 synth_eps=0.0312 synth_eps_raw=0.0312 synth_x0_hit=0.0000 synth_total=0.0312 extra_render_attn_share=0.5361
[step 143150] real_p1_mirror_hole_cov=0.0170 real_p1_eps=0.0137 real_p1_hole_frac=0.1660 real_p2_eps=0.2122 real_p2_hit=1.0000 real_p2_t=153.0000 real_p2_ldif=0.0455 real_p2_gen_adv=0.7586 real_p2_lfm=-0.0009 real_total=0.3454 discr_adv=1.9935 x0_d_real=-0.8495 x0_d_fake=-0.8704 p2_d_real=-0.7665 p2_d_fake=-0.7586 g_grad_abs=2164.5698 d_grad_abs=1212.8235 synth_eps=0.3608 synth_eps_raw=0.3608 synth_x0_hit=1.0000 synth_x0_t=119.0000 synth_x0_ldif=0.0539 synth_x0_gen_adv=0.9329 synth_x0_lfm=-0.0018 synth_total=0.5044 extra_render_attn_share=0.5361
[step 143200] real_p1_mirror_hole_cov=0.0209 real_p1_eps=0.0122 real_p1_hole_frac=0.4035 real_p2_eps=0.0083 real_p2_hit=0.0000 real_total=0.0205 synth_eps=0.0059 synth_eps_raw=0.0059 synth_x0_hit=0.0000 synth_total=0.0059 extra_render_attn_share=0.5361
[step 143250] real_p1_mirror_hole_cov=0.0006 real_p1_gen_adv=11.3730 real_p1_gen_fm=0.1512 real_p1_eps=28.6031 real_p1_hole_frac=0.2031 real_p2_eps=0.1146 real_p2_hit=0.0000 real_total=28.7178 discr_adv=1.2608 p1_discr_real_out=-0.1204 p1_discr_fake_out=-0.7477 p1_discr_real_gp=0.1150 g_grad_abs=93292.0240 d_grad_abs=3384.0547 synth_eps=0.3127 synth_eps_raw=0.3127 synth_x0_hit=1.0000 synth_x0_t=176.0000 synth_x0_ldif=0.0831 synth_x0_gen_adv=-0.6562 synth_x0_lfm=0.0003 synth_total=0.3307 extra_render_attn_share=0.5361
[step 143300] real_p1_mirror_hole_cov=0.0124 real_p1_eps=0.0754 real_p1_hole_frac=0.3688 real_p2_eps=0.0591 real_p2_hit=0.0000 real_total=0.1345 synth_eps=0.3803 synth_eps_raw=0.3803 synth_x0_hit=1.0000 synth_x0_t=102.0000 synth_x0_ldif=0.0462 synth_x0_gen_adv=0.5955 synth_x0_lfm=-0.0007 synth_total=0.4845 extra_render_attn_share=0.5361
[step 143350] real_p1_mirror_hole_cov=0.1785 real_p1_eps=0.0908 real_p1_hole_frac=0.3615 real_p2_eps=0.0301 real_p2_hit=0.0000 real_total=0.1209 synth_eps=0.2454 synth_eps_raw=0.2454 synth_x0_hit=1.0000 synth_x0_t=197.0000 synth_x0_ldif=0.0791 synth_x0_gen_adv=-0.4798 synth_x0_lfm=-0.0023 synth_total=0.2720 extra_render_attn_share=0.5361
[step 143400] real_p1_mirror_hole_cov=0.1205 real_p1_eps=0.0014 real_p1_hole_frac=0.4792 real_p2_eps=0.0073 real_p2_hit=0.0000 real_total=0.0088 synth_eps=0.2098 synth_eps_raw=0.2098 synth_x0_hit=1.0000 synth_x0_t=205.0000 synth_x0_ldif=0.0715 synth_x0_gen_adv=-0.4516 synth_x0_lfm=-0.0030 synth_total=0.2302 extra_render_attn_share=0.5361
[step 143450] real_p1_mirror_hole_cov=0.0004 real_p1_eps=0.0247 real_p1_hole_frac=0.0629 real_p2_eps=0.1504 real_p2_hit=1.0000 real_p2_t=156.0000 real_p2_ldif=0.0332 real_p2_gen_adv=-0.7182 real_p2_lfm=-0.0018 real_total=0.1329 discr_adv=1.0335 p2_d_real=0.6511 p2_d_fake=0.7182 g_grad_abs=1890.1492 d_grad_abs=701.1544 synth_eps=0.0184 synth_eps_raw=0.0184 synth_x0_hit=0.0000 synth_total=0.0184 extra_render_attn_share=0.5361
[step 143500] real_p1_mirror_hole_cov=0.0341 real_p1_eps=0.0233 real_p1_hole_frac=0.4627 real_p2_eps=0.0068 real_p2_hit=0.0000 real_total=0.0301 synth_eps=0.0263 synth_eps_raw=0.0263 synth_x0_hit=0.0000 synth_total=0.0263 extra_render_attn_share=0.5361
[images] real: anchor | cond1 | cond2 | inv_warp_mirror | mask | mask_inv | warp_img | warp_warp_img | x | y_hat | y_hat_novel -> /home/xzy/warpgan-diffusiong-inpainting/warpgan-diffusion-inpainting-main/experiments/train_inpainting_diffusion/v19_w8_pixeld_300k/logs/images/train/real_step0143500.png
[images] synth: cond | mask | target | warp_img | x | y_hat_novel -> /home/xzy/warpgan-diffusiong-inpainting/warpgan-diffusion-inpainting-main/experiments/train_inpainting_diffusion/v19_w8_pixeld_300k/logs/images/train/synth_step0143500.png
[step 143550] real_p1_mirror_hole_cov=0.0048 real_p1_gen_adv=8.7491 real_p1_gen_fm=0.1045 real_p1_eps=19.6516 real_p1_hole_frac=0.1153 real_p2_eps=0.0280 real_p2_hit=0.0000 real_total=19.6796 discr_adv=1.3053 p1_discr_real_out=-0.0543 p1_discr_fake_out=-0.3336 p1_discr_real_gp=0.0425 g_grad_abs=335737.8032 d_grad_abs=666.2929 synth_eps=0.0307 synth_eps_raw=0.0307 synth_x0_hit=0.0000 synth_total=0.0307 extra_render_attn_share=0.5361
[step 143600] real_p1_mirror_hole_cov=0.0027 real_p1_eps=0.0201 real_p1_hole_frac=0.0684 real_p2_eps=0.0339 real_p2_hit=0.0000 real_total=0.0540 synth_eps=0.0469 synth_eps_raw=0.0469 synth_x0_hit=0.0000 synth_total=0.0469 extra_render_attn_share=0.5361
[step 143650] real_p1_mirror_hole_cov=0.0080 real_p1_eps=0.0039 real_p1_hole_frac=0.1351 real_p2_eps=0.0027 real_p2_hit=0.0000 real_total=0.0066 discr_adv=0.9928 x0_d_real=-0.9091 x0_d_fake=-0.9235 g_grad_abs=132.0920 d_grad_abs=889.0553 synth_eps=0.1191 synth_eps_raw=0.1191 synth_x0_hit=0.0000 synth_total=0.1191 extra_render_attn_share=0.5361
[step 143700] real_p1_mirror_hole_cov=0.0529 real_p1_eps=0.0277 real_p1_hole_frac=0.1028 real_p2_eps=0.0016 real_p2_hit=0.0000 real_total=0.0293 synth_eps=0.0097 synth_eps_raw=0.0097 synth_x0_hit=0.0000 synth_total=0.0097 extra_render_attn_share=0.5361
[step 143750] real_p1_mirror_hole_cov=0.0350 real_p1_eps=0.0433 real_p1_hole_frac=0.2034 real_p2_eps=0.3832 real_p2_hit=1.0000 real_p2_t=58.0000 real_p2_ldif=0.0231 real_p2_gen_adv=-0.8978 real_p2_lfm=-0.0011 real_total=0.3577 discr_adv=0.9954 p2_d_real=0.9070 p2_d_fake=0.8978 g_grad_abs=3617.9016 d_grad_abs=642.6665 synth_eps=0.0958 synth_eps_raw=0.0958 synth_x0_hit=0.0000 synth_total=0.0958 extra_render_attn_share=0.5361
[step 143800] real_p1_mirror_hole_cov=0.1498 real_p1_gen_adv=6.9696 real_p1_gen_fm=0.1661 real_p1_eps=25.3276 real_p1_hole_frac=0.2844 real_p2_eps=0.0980 real_p2_hit=0.0000 real_total=25.4256 discr_adv=1.2994 p1_discr_real_out=0.2313 p1_discr_fake_out=-0.0051 p1_discr_real_gp=0.0224 g_grad_abs=170675.4448 d_grad_abs=872.8837 synth_eps=0.0390 synth_eps_raw=0.0390 synth_x0_hit=0.0000 synth_total=0.0390 extra_render_attn_share=0.5361
[step 143850] real_p1_mirror_hole_cov=0.1065 real_p1_eps=0.0336 real_p1_hole_frac=0.4792 real_p2_eps=0.0375 real_p2_hit=0.0000 real_total=0.0711 synth_eps=0.0250 synth_eps_raw=0.0250 synth_x0_hit=0.0000 synth_total=0.0250 extra_render_attn_share=0.5361
[step 143900] real_p1_mirror_hole_cov=0.2703 real_p1_eps=0.0052 real_p1_hole_frac=0.1303 real_p2_eps=0.2622 real_p2_hit=1.0000 real_p2_t=87.0000 real_p2_ldif=0.0259 real_p2_gen_adv=-0.4876 real_p2_lfm=-0.0022 real_total=0.2401 discr_adv=0.9773 p2_d_real=0.5331 p2_d_fake=0.4876 g_grad_abs=1743.9946 d_grad_abs=812.2253 synth_eps=0.0166 synth_eps_raw=0.0166 synth_x0_hit=0.0000 synth_total=0.0166 extra_render_attn_share=0.5361
[step 143950] real_p1_mirror_hole_cov=0.1094 real_p1_eps=0.0387 real_p1_hole_frac=0.5100 real_p2_eps=0.0440 real_p2_hit=0.0000 real_total=0.0827 synth_eps=0.0608 synth_eps_raw=0.0608 synth_x0_hit=0.0000 synth_total=0.0608 extra_render_attn_share=0.5361
[val step 143999] val_novel_full=0.0893 val_novel_hole=0.1212 val_novel_visible=0.0756
[step 144000] real_p1_mirror_hole_cov=0.1252 real_p1_eps=0.1928 real_p1_hole_frac=0.2126 real_p2_eps=0.1741 real_p2_hit=1.0000 real_p2_t=274.0000 real_p2_ldif=0.1005 real_p2_gen_adv=-0.2151 real_p2_lfm=-0.0019 real_total=0.4419 discr_adv=1.1419 p2_d_real=-0.0687 p2_d_fake=0.2151 g_grad_abs=12098.5913 d_grad_abs=969.3850 synth_eps=0.0685 synth_eps_raw=0.0685 synth_x0_hit=0.0000 synth_total=0.0685 extra_render_attn_share=0.5341
[images] real: anchor | cond1 | cond2 | inv_warp_mirror | mask | mask_inv | warp_img | warp_warp_img | x | y_hat | y_hat_novel -> /home/xzy/warpgan-diffusiong-inpainting/warpgan-diffusion-inpainting-main/experiments/train_inpainting_diffusion/v19_w8_pixeld_300k/logs/images/train/real_step0144000.png
[images] synth: cond | mask | target | warp_img | x | y_hat_novel -> /home/xzy/warpgan-diffusiong-inpainting/warpgan-diffusion-inpainting-main/experiments/train_inpainting_diffusion/v19_w8_pixeld_300k/logs/images/train/synth_step0144000.png
[step 144050] real_p1_mirror_hole_cov=0.1120 real_p1_eps=0.0393 real_p1_hole_frac=0.4137 real_p2_eps=0.2310 real_p2_hit=1.0000 real_p2_t=197.0000 real_p2_ldif=0.0736 real_p2_gen_adv=0.2798 real_p2_lfm=-0.0039 real_total=0.3640 discr_adv=0.9874 p2_d_real=-0.2546 p2_d_fake=-0.2798 g_grad_abs=2127.7386 d_grad_abs=611.8158 synth_eps=0.0587 synth_eps_raw=0.0587 synth_x0_hit=0.0000 synth_total=0.0587 extra_render_attn_share=0.5341
[step 144100] real_p1_mirror_hole_cov=0.2675 real_p1_gen_adv=7.7311 real_p1_gen_fm=0.1641 real_p1_eps=25.4217 real_p1_hole_frac=0.5240 real_p2_eps=0.0324 real_p2_hit=0.0000 real_total=25.4541 discr_adv=1.3343 p1_discr_real_out=-0.0182 p1_discr_fake_out=-0.1521 p1_discr_real_gp=0.0103 g_grad_abs=325868.5742 d_grad_abs=957.6881 synth_eps=0.2647 synth_eps_raw=0.2647 synth_x0_hit=1.0000 synth_x0_t=144.0000 synth_x0_ldif=0.0518 synth_x0_gen_adv=-0.1231 synth_x0_lfm=-0.0024 synth_total=0.2994 extra_render_attn_share=0.5341
[step 144150] real_p1_mirror_hole_cov=0.2234 real_p1_gen_adv=7.9659 real_p1_gen_fm=0.1565 real_p1_eps=24.5370 real_p1_hole_frac=0.2885 real_p2_eps=0.2439 real_p2_hit=1.0000 real_p2_t=211.0000 real_p2_ldif=0.0872 real_p2_gen_adv=-0.1250 real_p2_lfm=-0.0024 real_total=24.8507 discr_adv=1.0231 p1_discr_real_out=0.0505 p1_discr_fake_out=-0.1951 p1_discr_real_gp=0.0085 g_grad_abs=200117.7005 d_grad_abs=844.3629 p2_d_real=0.0787 p2_d_fake=0.1250 synth_eps=0.1129 synth_eps_raw=0.1129 synth_x0_hit=0.0000 synth_total=0.1129 extra_render_attn_share=0.5341
[step 144200] real_p1_mirror_hole_cov=0.2919 real_p1_eps=0.0061 real_p1_hole_frac=0.4971 real_p2_eps=0.1778 real_p2_hit=0.0000 real_total=0.1839 synth_eps=0.2659 synth_eps_raw=0.2659 synth_x0_hit=1.0000 synth_x0_t=212.0000 synth_x0_ldif=0.0959 synth_x0_gen_adv=0.9479 synth_x0_lfm=-0.0018 synth_total=0.4531 extra_render_attn_share=0.5341
[step 144250] real_p1_mirror_hole_cov=0.0346 real_p1_eps=0.0184 real_p1_hole_frac=0.4065 real_p2_eps=0.0257 real_p2_hit=0.0000 real_total=0.0441 synth_eps=0.0320 synth_eps_raw=0.0320 synth_x0_hit=0.0000 synth_total=0.0320 extra_render_attn_share=0.5341
[step 144300] real_p1_mirror_hole_cov=0.0051 real_p1_gen_adv=7.0059 real_p1_gen_fm=0.0640 real_p1_eps=14.4927 real_p1_hole_frac=0.1547 real_p2_eps=0.0095 real_p2_hit=0.0000 real_total=14.5023 discr_adv=1.3749 p1_discr_real_out=0.2353 p1_discr_fake_out=-0.0084 p1_discr_real_gp=0.0981 g_grad_abs=132133.4608 d_grad_abs=607.9093 synth_eps=0.1047 synth_eps_raw=0.1047 synth_x0_hit=0.0000 synth_total=0.1047 extra_render_attn_share=0.5341
[step 144350] real_p1_mirror_hole_cov=0.0618 real_p1_eps=0.0008 real_p1_hole_frac=0.1488 real_p2_eps=0.2550 real_p2_hit=1.0000 real_p2_t=91.0000 real_p2_ldif=0.0267 real_p2_gen_adv=0.8663 real_p2_lfm=-0.0008 real_total=0.3675 discr_adv=0.9943 p2_d_real=-0.8548 p2_d_fake=-0.8663 g_grad_abs=1372.6911 d_grad_abs=664.6590 synth_eps=0.2791 synth_eps_raw=0.2791 synth_x0_hit=1.0000 synth_x0_t=168.0000 synth_x0_ldif=0.0689 synth_x0_gen_adv=0.9385 synth_x0_lfm=-0.0016 synth_total=0.4386 extra_render_attn_share=0.5341
[step 144400] real_p1_mirror_hole_cov=0.0292 real_p1_eps=0.0076 real_p1_hole_frac=0.3011 real_p2_eps=0.1277 real_p2_hit=0.0000 real_total=0.1353 synth_eps=0.0540 synth_eps_raw=0.0540 synth_x0_hit=0.0000 synth_total=0.0540 extra_render_attn_share=0.5341
[step 144450] real_p1_mirror_hole_cov=0.1311 real_p1_eps=0.0387 real_p1_hole_frac=0.1474 real_p2_eps=0.0140 real_p2_hit=0.0000 real_total=0.0528 discr_adv=0.9702 x0_d_real=0.8292 x0_d_fake=0.7659 g_grad_abs=511.9945 d_grad_abs=1445.8285 synth_eps=0.0047 synth_eps_raw=0.0047 synth_x0_hit=0.0000 synth_total=0.0047 extra_render_attn_share=0.5341
[step 144500] real_p1_mirror_hole_cov=0.1276 real_p1_eps=0.0266 real_p1_hole_frac=0.2785 real_p2_eps=0.4093 real_p2_hit=1.0000 real_p2_t=67.0000 real_p2_ldif=0.0293 real_p2_gen_adv=0.2473 real_p2_lfm=-0.0006 real_total=0.4888 discr_adv=1.0165 p2_d_real=-0.2804 p2_d_fake=-0.2473 g_grad_abs=2821.6625 d_grad_abs=861.2798 synth_eps=0.4427 synth_eps_raw=0.4427 synth_x0_hit=1.0000 synth_x0_t=104.0000 synth_x0_ldif=0.0551 synth_x0_gen_adv=0.0840 synth_x0_lfm=-0.0023 synth_total=0.5015 extra_render_attn_share=0.5341
[images] real: anchor | cond1 | cond2 | inv_warp_mirror | mask | mask_inv | warp_img | warp_warp_img | x | y_hat | y_hat_novel -> /home/xzy/warpgan-diffusiong-inpainting/warpgan-diffusion-inpainting-main/experiments/train_inpainting_diffusion/v19_w8_pixeld_300k/logs/images/train/real_step0144500.png
[images] synth: cond | mask | target | warp_img | x | y_hat_novel -> /home/xzy/warpgan-diffusiong-inpainting/warpgan-diffusion-inpainting-main/experiments/train_inpainting_diffusion/v19_w8_pixeld_300k/logs/images/train/synth_step0144500.png
[step 144550] real_p1_mirror_hole_cov=0.4608 real_p1_gen_adv=8.2308 real_p1_gen_fm=0.2348 real_p1_eps=34.0099 real_p1_hole_frac=0.3316 real_p2_eps=0.1794 real_p2_hit=1.0000 real_p2_t=284.0000 real_p2_ldif=0.1112 real_p2_gen_adv=-0.1345 real_p2_lfm=-0.0005 real_total=34.2861 discr_adv=2.1093 p1_discr_real_out=0.1874 p1_discr_fake_out=-0.2404 p1_discr_real_gp=0.0871 g_grad_abs=54887.1394 d_grad_abs=1609.9283 x0_d_real=-0.6063 x0_d_fake=-0.6939 p2_d_real=-0.1717 p2_d_fake=0.1345 synth_eps=0.2894 synth_eps_raw=0.2894 synth_x0_hit=1.0000 synth_x0_t=189.0000 synth_x0_ldif=0.0862 synth_x0_gen_adv=0.0187 synth_x0_lfm=-0.0033 synth_total=0.3708 extra_render_attn_share=0.5341
[step 144600] real_p1_mirror_hole_cov=0.0228 real_p1_eps=0.0451 real_p1_hole_frac=0.1927 real_p2_eps=0.0050 real_p2_hit=0.0000 real_total=0.0501 synth_eps=0.0322 synth_eps_raw=0.0322 synth_x0_hit=0.0000 synth_total=0.0322 extra_render_attn_share=0.5341
[step 144650] real_p1_mirror_hole_cov=0.0382 real_p1_eps=0.0931 real_p1_hole_frac=0.4549 real_p2_eps=0.0044 real_p2_hit=0.0000 real_total=0.0975 synth_eps=0.7795 synth_eps_raw=0.7795 synth_x0_hit=1.0000 synth_x0_t=10.0000 synth_x0_ldif=0.0075 synth_x0_gen_adv=0.0396 synth_x0_lfm=0.0000 synth_total=0.7910 extra_render_attn_share=0.5341
[step 144700] real_p1_mirror_hole_cov=0.0601 real_p1_eps=0.0935 real_p1_hole_frac=0.5088 real_p2_eps=0.5951 real_p2_hit=1.0000 real_p2_t=43.0000 real_p2_ldif=0.0256 real_p2_gen_adv=0.2776 real_p2_lfm=-0.0007 real_total=0.7406 discr_adv=1.8167 x0_d_real=-0.0045 x0_d_fake=-0.0978 p2_d_real=-0.0043 p2_d_fake=-0.2776 g_grad_abs=2940.2036 d_grad_abs=3328.1794 synth_eps=0.0348 synth_eps_raw=0.0348 synth_x0_hit=0.0000 synth_total=0.0348 extra_render_attn_share=0.5341
[step 144750] real_p1_mirror_hole_cov=0.0974 real_p1_eps=0.1022 real_p1_hole_frac=0.5021 real_p2_eps=0.0032 real_p2_hit=0.0000 real_total=0.1053 synth_eps=0.0021 synth_eps_raw=0.0021 synth_x0_hit=0.0000 synth_total=0.0021 extra_render_attn_share=0.5341
[step 144800] real_p1_mirror_hole_cov=0.2774 real_p1_gen_adv=7.6256 real_p1_gen_fm=0.1500 real_p1_eps=24.2494 real_p1_hole_frac=0.2477 real_p2_eps=0.3949 real_p2_hit=1.0000 real_p2_t=63.0000 real_p2_ldif=0.0263 real_p2_gen_adv=-0.9056 real_p2_lfm=0.0002 real_total=24.5803 discr_adv=0.9989 p1_discr_real_out=0.1276 p1_discr_fake_out=-0.1328 p1_discr_real_gp=0.0278 g_grad_abs=158270.9704 d_grad_abs=507.4666 p2_d_real=0.9077 p2_d_fake=0.9056 synth_eps=0.0429 synth_eps_raw=0.0429 synth_x0_hit=0.0000 synth_total=0.0429 extra_render_attn_share=0.5341
[step 144850] real_p1_mirror_hole_cov=0.0234 real_p1_eps=0.0055 real_p1_hole_frac=0.1306 real_p2_eps=0.0772 real_p2_hit=0.0000 real_total=0.0827 synth_eps=0.0034 synth_eps_raw=0.0034 synth_x0_hit=0.0000 synth_total=0.0034 extra_render_attn_share=0.5341
[step 144900] real_p1_mirror_hole_cov=0.0804 real_p1_gen_adv=7.4758 real_p1_gen_fm=0.1480 real_p1_eps=23.5876 real_p1_hole_frac=0.2689 real_p2_eps=0.1024 real_p2_hit=0.0000 real_total=23.6900 discr_adv=1.2904 p1_discr_real_out=0.1250 p1_discr_fake_out=-0.1025 p1_discr_real_gp=0.0111 g_grad_abs=178397.0050 d_grad_abs=876.0666 synth_eps=0.0043 synth_eps_raw=0.0043 synth_x0_hit=0.0000 synth_total=0.0043 extra_render_attn_share=0.5341
[step 144950] real_p1_mirror_hole_cov=0.0482 real_p1_eps=0.0017 real_p1_hole_frac=0.3162 real_p2_eps=0.0272 real_p2_hit=0.0000 real_total=0.0289 synth_eps=0.0904 synth_eps_raw=0.0904 synth_x0_hit=0.0000 synth_total=0.0904 extra_render_attn_share=0.5341
[step 145000] real_p1_mirror_hole_cov=0.0071 real_p1_eps=0.0556 real_p1_hole_frac=0.0525 real_p2_eps=0.0273 real_p2_hit=0.0000 real_total=0.0829 synth_eps=0.1336 synth_eps_raw=0.1336 synth_x0_hit=0.0000 synth_total=0.1336 extra_render_attn_share=0.5341
[images] real: anchor | cond1 | cond2 | inv_warp_mirror | mask | mask_inv | warp_img | warp_warp_img | x | y_hat | y_hat_novel -> /home/xzy/warpgan-diffusiong-inpainting/warpgan-diffusion-inpainting-main/experiments/train_inpainting_diffusion/v19_w8_pixeld_300k/logs/images/train/real_step0145000.png
[images] synth: cond | mask | target | warp_img | x | y_hat_novel -> /home/xzy/warpgan-diffusiong-inpainting/warpgan-diffusion-inpainting-main/experiments/train_inpainting_diffusion/v19_w8_pixeld_300k/logs/images/train/synth_step0145000.png
[step 145050] real_p1_mirror_hole_cov=0.1000 real_p1_eps=0.0237 real_p1_hole_frac=0.2008 real_p2_eps=0.2465 real_p2_hit=1.0000 real_p2_t=120.0000 real_p2_ldif=0.0373 real_p2_gen_adv=-0.5813 real_p2_lfm=-0.0005 real_total=0.2485 discr_adv=1.0737 p2_d_real=0.4339 p2_d_fake=0.5813 g_grad_abs=2521.4181 d_grad_abs=867.5133 synth_eps=0.1431 synth_eps_raw=0.1431 synth_x0_hit=0.0000 synth_total=0.1431 extra_render_attn_share=0.5341
[step 145100] real_p1_mirror_hole_cov=0.0401 real_p1_eps=0.1410 real_p1_hole_frac=0.6194 real_p2_eps=0.0064 real_p2_hit=0.0000 real_total=0.1474 discr_adv=0.9528 x0_d_real=0.0352 x0_d_fake=-0.0593 g_grad_abs=1488.9558 d_grad_abs=2096.1205 synth_eps=0.1065 synth_eps_raw=0.1065 synth_x0_hit=0.0000 synth_total=0.1065 extra_render_attn_share=0.5341
[step 145150] real_p1_mirror_hole_cov=0.0200 real_p1_eps=0.0320 real_p1_hole_frac=0.1151 real_p2_eps=0.0015 real_p2_hit=0.0000 real_total=0.0334 synth_eps=0.0237 synth_eps_raw=0.0237 synth_x0_hit=0.0000 synth_total=0.0237 extra_render_attn_share=0.5341
[step 145200] real_p1_mirror_hole_cov=0.0196 real_p1_eps=0.0468 real_p1_hole_frac=0.0535 real_p2_eps=0.0415 real_p2_hit=0.0000 real_total=0.0883 discr_adv=0.9071 x0_d_real=0.6616 x0_d_fake=0.4758 g_grad_abs=847.7737 d_grad_abs=1770.0193 synth_eps=0.0484 synth_eps_raw=0.0484 synth_x0_hit=0.0000 synth_total=0.0484 extra_render_attn_share=0.5341
[step 145250] real_p1_mirror_hole_cov=0.1231 real_p1_eps=0.0128 real_p1_hole_frac=0.0611 real_p2_eps=0.0024 real_p2_hit=0.0000 real_total=0.0153 discr_adv=1.1066 x0_d_real=-0.2135 x0_d_fake=-0.0003 g_grad_abs=512.7919 d_grad_abs=1289.3019 synth_eps=0.2670 synth_eps_raw=0.2670 synth_x0_hit=1.0000 synth_x0_t=193.0000 synth_x0_ldif=0.0823 synth_x0_gen_adv=-0.0680 synth_x0_lfm=-0.0030 synth_total=0.3365 extra_render_attn_share=0.5341
[step 145300] real_p1_mirror_hole_cov=0.0360 real_p1_eps=0.1139 real_p1_hole_frac=0.0982 real_p2_eps=0.1170 real_p2_hit=1.0000 real_p2_t=291.0000 real_p2_ldif=0.0762 real_p2_gen_adv=-0.7010 real_p2_lfm=-0.0017 real_total=0.2336 discr_adv=1.1389 p2_d_real=0.4231 p2_d_fake=0.7010 g_grad_abs=3019.4305 d_grad_abs=1150.3249 synth_eps=0.0025 synth_eps_raw=0.0025 synth_x0_hit=0.0000 synth_total=0.0025 extra_render_attn_share=0.5341
[step 145350] real_p1_mirror_hole_cov=0.0088 real_p1_eps=0.0997 real_p1_hole_frac=0.2065 real_p2_eps=0.0064 real_p2_hit=0.0000 real_total=0.1060 synth_eps=0.0226 synth_eps_raw=0.0226 synth_x0_hit=0.0000 synth_total=0.0226 extra_render_attn_share=0.5341
[step 145400] real_p1_mirror_hole_cov=0.1745 real_p1_eps=0.1618 real_p1_hole_frac=0.3294 real_p2_eps=0.0311 real_p2_hit=0.0000 real_total=0.1929 discr_adv=0.9804 x0_d_real=-0.1836 x0_d_fake=-0.2228 g_grad_abs=1193.8224 d_grad_abs=1079.1818 synth_eps=0.0978 synth_eps_raw=0.0978 synth_x0_hit=0.0000 synth_total=0.0978 extra_render_attn_share=0.5341
[step 145450] real_p1_mirror_hole_cov=0.1649 real_p1_eps=0.0407 real_p1_hole_frac=0.5647 real_p2_eps=0.0224 real_p2_hit=0.0000 real_total=0.0631 discr_adv=0.9679 x0_d_real=-0.0778 x0_d_fake=-0.1421 g_grad_abs=670.2012 d_grad_abs=1117.3585 synth_eps=0.0543 synth_eps_raw=0.0543 synth_x0_hit=0.0000 synth_total=0.0543 extra_render_attn_share=0.5341
[step 145500] real_p1_mirror_hole_cov=0.0076 real_p1_eps=0.0040 real_p1_hole_frac=0.0364 real_p2_eps=0.3591 real_p2_hit=1.0000 real_p2_t=28.0000 real_p2_ldif=0.0097 real_p2_gen_adv=-0.1939 real_p2_lfm=-0.0005 real_total=0.3525 discr_adv=1.0157 p2_d_real=0.1625 p2_d_fake=0.1939 g_grad_abs=3832.1328 d_grad_abs=1189.7527 synth_eps=0.0032 synth_eps_raw=0.0032 synth_x0_hit=0.0000 synth_total=0.0032 extra_render_attn_share=0.5341
[images] real: anchor | cond1 | cond2 | inv_warp_mirror | mask | mask_inv | warp_img | warp_warp_img | x | y_hat | y_hat_novel -> /home/xzy/warpgan-diffusiong-inpainting/warpgan-diffusion-inpainting-main/experiments/train_inpainting_diffusion/v19_w8_pixeld_300k/logs/images/train/real_step0145500.png
[images] synth: cond | mask | target | warp_img | x | y_hat_novel -> /home/xzy/warpgan-diffusiong-inpainting/warpgan-diffusion-inpainting-main/experiments/train_inpainting_diffusion/v19_w8_pixeld_300k/logs/images/train/synth_step0145500.png
[step 145550] real_p1_mirror_hole_cov=0.0034 real_p1_eps=0.0044 real_p1_hole_frac=0.0531 real_p2_eps=0.0104 real_p2_hit=0.0000 real_total=0.0148 discr_adv=1.0152 x0_d_real=0.8901 x0_d_fake=0.9182 g_grad_abs=386.7053 d_grad_abs=1053.1071 synth_eps=0.0256 synth_eps_raw=0.0256 synth_x0_hit=0.0000 synth_total=0.0256 extra_render_attn_share=0.5341
[step 145600] real_p1_mirror_hole_cov=0.2278 real_p1_eps=0.1355 real_p1_hole_frac=0.4039 real_p2_eps=0.0136 real_p2_hit=0.0000 real_total=0.1491 discr_adv=0.9068 x0_d_real=0.8968 x0_d_fake=0.7104 g_grad_abs=887.9720 d_grad_abs=3010.8233 synth_eps=0.0518 synth_eps_raw=0.0518 synth_x0_hit=0.0000 synth_total=0.0518 extra_render_attn_share=0.5341
[step 145650] real_p1_mirror_hole_cov=0.2203 real_p1_eps=0.0149 real_p1_hole_frac=0.4489 real_p2_eps=0.0034 real_p2_hit=0.0000 real_total=0.0183 synth_eps=0.3690 synth_eps_raw=0.3690 synth_x0_hit=1.0000 synth_x0_t=156.0000 synth_x0_ldif=0.0814 synth_x0_gen_adv=-0.1071 synth_x0_lfm=-0.0028 synth_total=0.4341 extra_render_attn_share=0.5341
[step 145700] real_p1_mirror_hole_cov=0.0059 real_p1_eps=0.0060 real_p1_hole_frac=0.1017 real_p2_eps=0.0151 real_p2_hit=0.0000 real_total=0.0212 synth_eps=0.0409 synth_eps_raw=0.0409 synth_x0_hit=0.0000 synth_total=0.0409 extra_render_attn_share=0.5341
[step 145750] real_p1_mirror_hole_cov=0.1135 real_p1_eps=0.0057 real_p1_hole_frac=0.1497 real_p2_eps=0.0152 real_p2_hit=0.0000 real_total=0.0209 synth_eps=0.0573 synth_eps_raw=0.0573 synth_x0_hit=0.0000 synth_total=0.0573 extra_render_attn_share=0.5341
[step 145800] real_p1_mirror_hole_cov=0.0284 real_p1_eps=0.0030 real_p1_hole_frac=0.2692 real_p2_eps=0.1502 real_p2_hit=1.0000 real_p2_t=254.0000 real_p2_ldif=0.0749 real_p2_gen_adv=0.2175 real_p2_lfm=-0.0026 real_total=0.2445 discr_adv=0.9956 p2_d_real=-0.2088 p2_d_fake=-0.2175 g_grad_abs=1926.3913 d_grad_abs=1540.1143 synth_eps=0.0465 synth_eps_raw=0.0465 synth_x0_hit=0.0000 synth_total=0.0465 extra_render_attn_share=0.5341
[step 145850] real_p1_mirror_hole_cov=0.0436 real_p1_eps=0.0333 real_p1_hole_frac=0.0643 real_p2_eps=0.3446 real_p2_hit=1.0000 real_p2_t=40.0000 real_p2_ldif=0.0137 real_p2_gen_adv=-0.1034 real_p2_lfm=0.0000 real_total=0.3813 discr_adv=1.0115 p2_d_real=0.0804 p2_d_fake=0.1034 g_grad_abs=5414.9772 d_grad_abs=1118.2004 synth_eps=0.3030 synth_eps_raw=0.3030 synth_x0_hit=1.0000 synth_x0_t=191.0000 synth_x0_ldif=0.0918 synth_x0_gen_adv=0.1604 synth_x0_lfm=-0.0015 synth_total=0.4078 extra_render_attn_share=0.5341
[step 145900] real_p1_mirror_hole_cov=0.0079 real_p1_eps=0.0473 real_p1_hole_frac=0.3488 real_p2_eps=0.2987 real_p2_hit=1.0000 real_p2_t=126.0000 real_p2_ldif=0.0483 real_p2_gen_adv=-0.2065 real_p2_lfm=-0.0015 real_total=0.3707 discr_adv=0.9448 p2_d_real=0.3169 p2_d_fake=0.2065 g_grad_abs=4027.8853 d_grad_abs=906.4769 synth_eps=0.4772 synth_eps_raw=0.4772 synth_x0_hit=1.0000 synth_x0_t=68.0000 synth_x0_ldif=0.0348 synth_x0_gen_adv=-0.4862 synth_x0_lfm=-0.0009 synth_total=0.4615 extra_render_attn_share=0.5341
[step 145950] real_p1_mirror_hole_cov=0.1179 real_p1_eps=0.0622 real_p1_hole_frac=0.0643 real_p2_eps=0.0513 real_p2_hit=0.0000 real_total=0.1135 synth_eps=0.0935 synth_eps_raw=0.0935 synth_x0_hit=0.0000 synth_total=0.0935 extra_render_attn_share=0.5341
[val step 145999] val_novel_full=0.0668 val_novel_hole=0.1069 val_novel_visible=0.0570
[step 146000] real_p1_mirror_hole_cov=0.0491 real_p1_gen_adv=7.0221 real_p1_gen_fm=0.0770 real_p1_eps=16.0527 real_p1_hole_frac=0.0637 real_p2_eps=0.0196 real_p2_hit=0.0000 real_total=16.0723 discr_adv=1.5219 p1_discr_real_out=-0.0500 p1_discr_fake_out=-0.0157 p1_discr_real_gp=0.1159 g_grad_abs=269702.0366 d_grad_abs=1872.1531 synth_eps=0.0108 synth_eps_raw=0.0108 synth_x0_hit=0.0000 synth_total=0.0108 extra_render_attn_share=0.5303
[images] real: anchor | cond1 | cond2 | inv_warp_mirror | mask | mask_inv | p1_pred_x0 | warp_img | warp_warp_img | x | y_hat | y_hat_novel -> /home/xzy/warpgan-diffusiong-inpainting/warpgan-diffusion-inpainting-main/experiments/train_inpainting_diffusion/v19_w8_pixeld_300k/logs/images/train/real_step0146000.png
[images] synth: cond | mask | target | warp_img | x | y_hat_novel -> /home/xzy/warpgan-diffusiong-inpainting/warpgan-diffusion-inpainting-main/experiments/train_inpainting_diffusion/v19_w8_pixeld_300k/logs/images/train/synth_step0146000.png
[step 146050] real_p1_mirror_hole_cov=0.0363 real_p1_eps=0.0025 real_p1_hole_frac=0.1367 real_p2_eps=0.2447 real_p2_hit=1.0000 real_p2_t=125.0000 real_p2_ldif=0.0392 real_p2_gen_adv=-0.3457 real_p2_lfm=-0.0011 real_total=0.2496 discr_adv=2.0284 x0_d_real=-0.8789 x0_d_fake=-0.8417 p2_d_real=0.3283 p2_d_fake=0.3457 g_grad_abs=1647.7683 d_grad_abs=943.4067 synth_eps=0.3089 synth_eps_raw=0.3089 synth_x0_hit=1.0000 synth_x0_t=156.0000 synth_x0_ldif=0.0681 synth_x0_gen_adv=0.5808 synth_x0_lfm=-0.0031 synth_total=0.4289 extra_render_attn_share=0.5303
[step 146100] real_p1_mirror_hole_cov=0.0233 real_p1_eps=0.1584 real_p1_hole_frac=0.3369 real_p2_eps=0.0244 real_p2_hit=0.0000 real_total=0.1828 synth_eps=0.0284 synth_eps_raw=0.0284 synth_x0_hit=0.0000 synth_total=0.0284 extra_render_attn_share=0.5303
[step 146150] real_p1_mirror_hole_cov=0.0334 real_p1_eps=0.0050 real_p1_hole_frac=0.1725 real_p2_eps=0.2365 real_p2_hit=1.0000 real_p2_t=102.0000 real_p2_ldif=0.0287 real_p2_gen_adv=0.0794 real_p2_lfm=-0.0015 real_total=0.2750 discr_adv=1.0655 p2_d_real=-0.2105 p2_d_fake=-0.0794 g_grad_abs=1419.8517 d_grad_abs=816.7662 synth_eps=0.1334 synth_eps_raw=0.1334 synth_x0_hit=0.0000 synth_total=0.1334 extra_render_attn_share=0.5303
[step 146200] real_p1_mirror_hole_cov=0.1057 real_p1_eps=0.0420 real_p1_hole_frac=0.3450 real_p2_eps=0.4115 real_p2_hit=1.0000 real_p2_t=79.0000 real_p2_ldif=0.0360 real_p2_gen_adv=0.1585 real_p2_lfm=-0.0015 real_total=0.5023 discr_adv=2.0734 x0_d_real=-0.9429 x0_d_fake=-0.9425 p2_d_real=-0.3025 p2_d_fake=-0.1585 g_grad_abs=3938.8931 d_grad_abs=1165.4959 synth_eps=0.3113 synth_eps_raw=0.3113 synth_x0_hit=1.0000 synth_x0_t=145.0000 synth_x0_ldif=0.0616 synth_x0_gen_adv=0.7080 synth_x0_lfm=-0.0010 synth_total=0.4416 extra_render_attn_share=0.5303
[step 146250] real_p1_mirror_hole_cov=0.0495 real_p1_eps=0.0139 real_p1_hole_frac=0.0277 real_p2_eps=0.0011 real_p2_hit=0.0000 real_total=0.0150 discr_adv=0.9055 x0_d_real=-0.3462 x0_d_fake=-0.5352 g_grad_abs=198.4313 d_grad_abs=770.0241 synth_eps=0.0165 synth_eps_raw=0.0165 synth_x0_hit=0.0000 synth_total=0.0165 extra_render_attn_share=0.5303
[step 146300] real_p1_mirror_hole_cov=0.1320 real_p1_eps=0.0494 real_p1_hole_frac=0.4950 real_p2_eps=0.0082 real_p2_hit=0.0000 real_total=0.0577 synth_eps=0.0860 synth_eps_raw=0.0860 synth_x0_hit=0.0000 synth_total=0.0860 extra_render_attn_share=0.5303
[step 146350] real_p1_mirror_hole_cov=0.1346 real_p1_eps=0.0031 real_p1_hole_frac=0.2822 real_p2_eps=0.0224 real_p2_hit=0.0000 real_total=0.0255 discr_adv=0.9829 x0_d_real=0.8162 x0_d_fake=0.7820 g_grad_abs=370.1845 d_grad_abs=1630.7250 synth_eps=0.0370 synth_eps_raw=0.0370 synth_x0_hit=0.0000 synth_total=0.0370 extra_render_attn_share=0.5303
[step 146400] real_p1_mirror_hole_cov=0.3517 real_p1_eps=0.0022 real_p1_hole_frac=0.1346 real_p2_eps=0.1275 real_p2_hit=1.0000 real_p2_t=234.0000 real_p2_ldif=0.0547 real_p2_gen_adv=0.6632 real_p2_lfm=-0.0023 real_total=0.2460 discr_adv=1.9977 x0_d_real=-0.8719 x0_d_fake=-0.8985 p2_d_real=-0.6789 p2_d_fake=-0.6632 g_grad_abs=1551.4429 d_grad_abs=872.5771 synth_eps=0.1285 synth_eps_raw=0.1285 synth_x0_hit=0.0000 synth_total=0.1285 extra_render_attn_share=0.5303
[step 146450] real_p1_mirror_hole_cov=0.2295 real_p1_gen_adv=6.0432 real_p1_gen_fm=0.2388 real_p1_eps=31.6189 real_p1_hole_frac=0.4597 real_p2_eps=0.2412 real_p2_hit=1.0000 real_p2_t=228.0000 real_p2_ldif=0.0988 real_p2_gen_adv=0.7008 real_p2_lfm=-0.0007 real_total=32.0276 discr_adv=1.7048 p1_discr_real_out=0.4498 p1_discr_fake_out=0.1902 p1_discr_real_gp=0.0107 g_grad_abs=321957.4983 d_grad_abs=2492.1973 x0_d_real=-0.7266 x0_d_fake=-0.8703 p2_d_real=-0.2446 p2_d_fake=-0.7008 synth_eps=0.0044 synth_eps_raw=0.0044 synth_x0_hit=0.0000 synth_total=0.0044 extra_render_attn_share=0.5303
[step 146500] real_p1_mirror_hole_cov=0.0202 real_p1_gen_adv=8.5323 real_p1_gen_fm=0.2169 real_p1_eps=32.0315 real_p1_hole_frac=0.3611 real_p2_eps=0.1956 real_p2_hit=1.0000 real_p2_t=235.0000 real_p2_ldif=0.0846 real_p2_gen_adv=0.3085 real_p2_lfm=-0.0020 real_total=32.3386 discr_adv=1.1734 p1_discr_real_out=0.0690 p1_discr_fake_out=-0.2955 p1_discr_real_gp=0.0147 g_grad_abs=118198.7400 d_grad_abs=1535.3949 p2_d_real=-0.6552 p2_d_fake=-0.3085 synth_eps=0.0034 synth_eps_raw=0.0034 synth_x0_hit=0.0000 synth_total=0.0034 extra_render_attn_share=0.5303
[images] real: anchor | cond1 | cond2 | inv_warp_mirror | mask | mask_inv | p1_pred_x0 | warp_img | warp_warp_img | x | y_hat | y_hat_novel -> /home/xzy/warpgan-diffusiong-inpainting/warpgan-diffusion-inpainting-main/experiments/train_inpainting_diffusion/v19_w8_pixeld_300k/logs/images/train/real_step0146500.png
[images] synth: cond | mask | target | warp_img | x | y_hat_novel -> /home/xzy/warpgan-diffusiong-inpainting/warpgan-diffusion-inpainting-main/experiments/train_inpainting_diffusion/v19_w8_pixeld_300k/logs/images/train/synth_step0146500.png
[step 146550] real_p1_mirror_hole_cov=0.1585 real_p1_eps=0.0025 real_p1_hole_frac=0.1610 real_p2_eps=0.1368 real_p2_hit=1.0000 real_p2_t=259.0000 real_p2_ldif=0.0708 real_p2_gen_adv=0.9014 real_p2_lfm=-0.0023 real_total=0.2957 discr_adv=1.0004 p2_d_real=-0.9022 p2_d_fake=-0.9014 g_grad_abs=2646.6227 d_grad_abs=315.6585 synth_eps=0.0534 synth_eps_raw=0.0534 synth_x0_hit=0.0000 synth_total=0.0534 extra_render_attn_share=0.5303
[step 146600] real_p1_mirror_hole_cov=0.0638 real_p1_eps=0.0464 real_p1_hole_frac=0.2441 real_p2_eps=0.0018 real_p2_hit=0.0000 real_total=0.0482 synth_eps=0.0407 synth_eps_raw=0.0407 synth_x0_hit=0.0000 synth_total=0.0407 extra_render_attn_share=0.5303
[step 146650] real_p1_mirror_hole_cov=0.2315 real_p1_eps=0.0741 real_p1_hole_frac=0.3949 real_p2_eps=0.0060 real_p2_hit=0.0000 real_total=0.0801 synth_eps=0.0392 synth_eps_raw=0.0392 synth_x0_hit=0.0000 synth_total=0.0392 extra_render_attn_share=0.5303
[step 146700] real_p1_mirror_hole_cov=0.0244 real_p1_eps=0.0011 real_p1_hole_frac=0.3341 real_p2_eps=0.2125 real_p2_hit=1.0000 real_p2_t=267.0000 real_p2_ldif=0.1166 real_p2_gen_adv=0.0321 real_p2_lfm=-0.0028 real_total=0.3279 discr_adv=0.9358 p2_d_real=0.0963 p2_d_fake=-0.0321 g_grad_abs=4016.4016 d_grad_abs=1624.5796 synth_eps=0.0071 synth_eps_raw=0.0071 synth_x0_hit=0.0000 synth_total=0.0071 extra_render_attn_share=0.5303
[step 146750] real_p1_mirror_hole_cov=0.1060 real_p1_gen_adv=7.3117 real_p1_gen_fm=0.1751 real_p1_eps=26.1091 real_p1_hole_frac=0.3985 real_p2_eps=0.0108 real_p2_hit=0.0000 real_total=26.1199 discr_adv=1.2959 p1_discr_real_out=0.1454 p1_discr_fake_out=-0.0713 p1_discr_real_gp=0.0119 g_grad_abs=269301.8257 d_grad_abs=485.9986 synth_eps=0.0673 synth_eps_raw=0.0673 synth_x0_hit=0.0000 synth_total=0.0673 extra_render_attn_share=0.5303
[step 146800] real_p1_mirror_hole_cov=0.2322 real_p1_eps=0.0095 real_p1_hole_frac=0.6587 real_p2_eps=0.0145 real_p2_hit=0.0000 real_total=0.0241 synth_eps=0.2067 synth_eps_raw=0.2067 synth_x0_hit=1.0000 synth_x0_t=224.0000 synth_x0_ldif=0.0820 synth_x0_gen_adv=0.9494 synth_x0_lfm=-0.0042 synth_total=0.3752 extra_render_attn_share=0.5303
[step 146850] real_p1_mirror_hole_cov=0.2113 real_p1_eps=0.1108 real_p1_hole_frac=0.3746 real_p2_eps=0.0445 real_p2_hit=0.0000 real_total=0.1552 discr_adv=1.2745 x0_d_real=-0.5440 x0_d_fake=0.0046 g_grad_abs=1633.4841 d_grad_abs=2441.6425 synth_eps=0.0171 synth_eps_raw=0.0171 synth_x0_hit=0.0000 synth_total=0.0171 extra_render_attn_share=0.5303
[step 146900] real_p1_mirror_hole_cov=0.0122 real_p1_eps=0.0010 real_p1_hole_frac=0.0502 real_p2_eps=0.0013 real_p2_hit=0.0000 real_total=0.0023 discr_adv=0.9275 x0_d_real=-0.0179 x0_d_fake=-0.1635 g_grad_abs=149.9866 d_grad_abs=1043.2620 synth_eps=0.2538 synth_eps_raw=0.2538 synth_x0_hit=1.0000 synth_x0_t=166.0000 synth_x0_ldif=0.0615 synth_x0_gen_adv=-0.5453 synth_x0_lfm=-0.0011 synth_total=0.2587 extra_render_attn_share=0.5303
[step 146950] real_p1_mirror_hole_cov=0.1002 real_p1_gen_adv=6.6590 real_p1_gen_fm=0.2541 real_p1_eps=33.1345 real_p1_hole_frac=0.4210 real_p2_eps=0.0181 real_p2_hit=0.0000 real_total=33.1526 discr_adv=0.9837 p1_discr_real_out=0.2724 p1_discr_fake_out=0.0587 p1_discr_real_gp=0.0175 g_grad_abs=307469.7610 d_grad_abs=929.9815 x0_d_real=0.9026 x0_d_fake=0.8699 synth_eps=0.0787 synth_eps_raw=0.0787 synth_x0_hit=0.0000 synth_total=0.0787 extra_render_attn_share=0.5303
[step 147000] real_p1_mirror_hole_cov=0.0474 real_p1_eps=0.0148 real_p1_hole_frac=0.3411 real_p2_eps=0.1847 real_p2_hit=1.0000 real_p2_t=290.0000 real_p2_ldif=0.1197 real_p2_gen_adv=-0.4556 real_p2_lfm=-0.0031 real_total=0.2674 discr_adv=0.9911 p2_d_real=0.4743 p2_d_fake=0.4556 g_grad_abs=2038.3973 d_grad_abs=835.6060 synth_eps=0.1106 synth_eps_raw=0.1106 synth_x0_hit=0.0000 synth_total=0.1106 extra_render_attn_share=0.5303
[images] real: anchor | cond1 | cond2 | inv_warp_mirror | mask | mask_inv | warp_img | warp_warp_img | x | y_hat | y_hat_novel -> /home/xzy/warpgan-diffusiong-inpainting/warpgan-diffusion-inpainting-main/experiments/train_inpainting_diffusion/v19_w8_pixeld_300k/logs/images/train/real_step0147000.png
[images] synth: cond | mask | target | warp_img | x | y_hat_novel -> /home/xzy/warpgan-diffusiong-inpainting/warpgan-diffusion-inpainting-main/experiments/train_inpainting_diffusion/v19_w8_pixeld_300k/logs/images/train/synth_step0147000.png
[step 147050] real_p1_mirror_hole_cov=0.2992 real_p1_eps=0.1140 real_p1_hole_frac=0.0849 real_p2_eps=0.0121 real_p2_hit=0.0000 real_total=0.1261 synth_eps=0.2043 synth_eps_raw=0.2043 synth_x0_hit=1.0000 synth_x0_t=267.0000 synth_x0_ldif=0.1121 synth_x0_gen_adv=0.0127 synth_x0_lfm=-0.0018 synth_total=0.3140 extra_render_attn_share=0.5303
[step 147100] real_p1_mirror_hole_cov=0.0629 real_p1_eps=0.0049 real_p1_hole_frac=0.0557 real_p2_eps=0.0211 real_p2_hit=0.0000 real_total=0.0260 discr_adv=0.9469 x0_d_real=-0.2806 x0_d_fake=-0.3869 g_grad_abs=1086.2728 d_grad_abs=642.5942 synth_eps=0.2823 synth_eps_raw=0.2823 synth_x0_hit=1.0000 synth_x0_t=209.0000 synth_x0_ldif=0.0994 synth_x0_gen_adv=0.4946 synth_x0_lfm=-0.0035 synth_total=0.4241 extra_render_attn_share=0.5303
[step 147150] real_p1_mirror_hole_cov=0.0432 real_p1_eps=0.0026 real_p1_hole_frac=0.5210 real_p2_eps=0.1887 real_p2_hit=0.0000 real_total=0.1913 synth_eps=0.0124 synth_eps_raw=0.0124 synth_x0_hit=0.0000 synth_total=0.0124 extra_render_attn_share=0.5303
[step 147200] real_p1_mirror_hole_cov=0.1586 real_p1_eps=0.0543 real_p1_hole_frac=0.3154 real_p2_eps=0.2325 real_p2_hit=1.0000 real_p2_t=182.0000 real_p2_ldif=0.0652 real_p2_gen_adv=0.0659 real_p2_lfm=-0.0017 real_total=0.3550 discr_adv=1.2051 p2_d_real=-0.4761 p2_d_fake=-0.0659 g_grad_abs=2977.5098 d_grad_abs=1642.0454 synth_eps=0.2849 synth_eps_raw=0.2849 synth_x0_hit=1.0000 synth_x0_t=202.0000 synth_x0_ldif=0.0947 synth_x0_gen_adv=0.0427 synth_x0_lfm=-0.0017 synth_total=0.3804 extra_render_attn_share=0.5303
[step 147250] real_p1_mirror_hole_cov=0.1495 real_p1_eps=0.0126 real_p1_hole_frac=0.5017 real_p2_eps=0.6194 real_p2_hit=1.0000 real_p2_t=24.0000 real_p2_ldif=0.0142 real_p2_gen_adv=-0.2059 real_p2_lfm=-0.0003 real_total=0.6250 discr_adv=0.8385 p2_d_real=0.5288 p2_d_fake=0.2059 g_grad_abs=3384.0852 d_grad_abs=1647.2639 synth_eps=0.0029 synth_eps_raw=0.0029 synth_x0_hit=0.0000 synth_total=0.0029 extra_render_attn_share=0.5303
[step 147300] real_p1_mirror_hole_cov=0.1314 real_p1_eps=0.0024 real_p1_hole_frac=0.2215 real_p2_eps=0.0026 real_p2_hit=0.0000 real_total=0.0050 synth_eps=0.0027 synth_eps_raw=0.0027 synth_x0_hit=0.0000 synth_total=0.0027 extra_render_attn_share=0.5303
[step 147350] real_p1_mirror_hole_cov=0.1119 real_p1_gen_adv=5.9844 real_p1_gen_fm=0.1788 real_p1_eps=25.5086 real_p1_hole_frac=0.2137 real_p2_eps=0.1144 real_p2_hit=0.0000 real_total=25.6230 discr_adv=1.2920 p1_discr_real_out=0.4855 p1_discr_fake_out=0.2016 p1_discr_real_gp=0.0111 g_grad_abs=170420.1570 d_grad_abs=2432.5000 synth_eps=0.3076 synth_eps_raw=0.3076 synth_x0_hit=1.0000 synth_x0_t=157.0000 synth_x0_ldif=0.0685 synth_x0_gen_adv=-0.6472 synth_x0_lfm=-0.0033 synth_total=0.3049 extra_render_attn_share=0.5303
[step 147400] real_p1_mirror_hole_cov=0.1181 real_p1_eps=0.0285 real_p1_hole_frac=0.5645 real_p2_eps=0.4182 real_p2_hit=1.0000 real_p2_t=70.0000 real_p2_ldif=0.0316 real_p2_gen_adv=-0.4423 real_p2_lfm=-0.0010 real_total=0.4321 discr_adv=0.9153 p2_d_real=0.6117 p2_d_fake=0.4423 g_grad_abs=2333.9403 d_grad_abs=1246.2917 synth_eps=0.3381 synth_eps_raw=0.3381 synth_x0_hit=1.0000 synth_x0_t=153.0000 synth_x0_ldif=0.0724 synth_x0_gen_adv=-0.1721 synth_x0_lfm=-0.0043 synth_total=0.3848 extra_render_attn_share=0.5303
[step 147450] real_p1_mirror_hole_cov=0.0318 real_p1_eps=0.0203 real_p1_hole_frac=0.1648 real_p2_eps=0.0214 real_p2_hit=0.0000 real_total=0.0416 synth_eps=0.0322 synth_eps_raw=0.0322 synth_x0_hit=0.0000 synth_total=0.0322 extra_render_attn_share=0.5303
[step 147500] real_p1_mirror_hole_cov=0.1314 real_p1_eps=0.1231 real_p1_hole_frac=0.0562 real_p2_eps=0.0272 real_p2_hit=0.0000 real_total=0.1504 synth_eps=0.0151 synth_eps_raw=0.0151 synth_x0_hit=0.0000 synth_total=0.0151 extra_render_attn_share=0.5303
[images] real: anchor | cond1 | cond2 | inv_warp_mirror | mask | mask_inv | warp_img | warp_warp_img | x | y_hat | y_hat_novel -> /home/xzy/warpgan-diffusiong-inpainting/warpgan-diffusion-inpainting-main/experiments/train_inpainting_diffusion/v19_w8_pixeld_300k/logs/images/train/real_step0147500.png
[images] synth: cond | mask | target | warp_img | x | y_hat_novel -> /home/xzy/warpgan-diffusiong-inpainting/warpgan-diffusion-inpainting-main/experiments/train_inpainting_diffusion/v19_w8_pixeld_300k/logs/images/train/synth_step0147500.png
[step 147550] real_p1_mirror_hole_cov=0.1834 real_p1_eps=0.1474 real_p1_hole_frac=0.2453 real_p2_eps=0.0597 real_p2_hit=0.0000 real_total=0.2071 discr_adv=0.8683 x0_d_real=-0.5521 x0_d_fake=-0.8156 g_grad_abs=949.5205 d_grad_abs=1172.2133 synth_eps=0.0238 synth_eps_raw=0.0238 synth_x0_hit=0.0000 synth_total=0.0238 extra_render_attn_share=0.5303
[step 147600] real_p1_mirror_hole_cov=0.0581 real_p1_eps=0.0016 real_p1_hole_frac=0.2200 real_p2_eps=0.0646 real_p2_hit=0.0000 real_total=0.0662 synth_eps=0.4163 synth_eps_raw=0.4163 synth_x0_hit=1.0000 synth_x0_t=105.0000 synth_x0_ldif=0.0525 synth_x0_gen_adv=-0.9528 synth_x0_lfm=-0.0028 synth_total=0.3679 extra_render_attn_share=0.5303
[step 147650] real_p1_mirror_hole_cov=0.0780 real_p1_eps=0.0073 real_p1_hole_frac=0.1897 real_p2_eps=0.0544 real_p2_hit=0.0000 real_total=0.0617 discr_adv=1.4150 x0_d_real=0.0059 x0_d_fake=0.8358 g_grad_abs=940.8767 d_grad_abs=2826.3453 synth_eps=0.0050 synth_eps_raw=0.0050 synth_x0_hit=0.0000 synth_total=0.0050 extra_render_attn_share=0.5303
[step 147700] real_p1_mirror_hole_cov=0.0334 real_p1_eps=0.0102 real_p1_hole_frac=0.4540 real_p2_eps=0.1629 real_p2_hit=1.0000 real_p2_t=270.0000 real_p2_ldif=0.0913 real_p2_gen_adv=0.0826 real_p2_lfm=-0.0036 real_total=0.2656 discr_adv=0.9409 p2_d_real=0.0357 p2_d_fake=-0.0826 g_grad_abs=4125.8936 d_grad_abs=839.3344 synth_eps=0.0088 synth_eps_raw=0.0088 synth_x0_hit=0.0000 synth_total=0.0088 extra_render_attn_share=0.5303
[step 147750] real_p1_mirror_hole_cov=0.0464 real_p1_gen_adv=7.6175 real_p1_gen_fm=0.0976 real_p1_eps=18.7437 real_p1_hole_frac=0.1058 real_p2_eps=0.0106 real_p2_hit=0.0000 real_total=18.7542 discr_adv=1.3860 p1_discr_real_out=-0.0081 p1_discr_fake_out=-0.1303 p1_discr_real_gp=0.0564 g_grad_abs=324246.8951 d_grad_abs=745.1874 synth_eps=0.8543 synth_eps_raw=0.8543 synth_x0_hit=1.0000 synth_x0_t=9.0000 synth_x0_ldif=0.0075 synth_x0_gen_adv=-0.4417 synth_x0_lfm=-0.0004 synth_total=0.8168 extra_render_attn_share=0.5303
[step 147800] real_p1_mirror_hole_cov=0.1780 real_p1_eps=0.0457 real_p1_hole_frac=0.3775 real_p2_eps=0.0109 real_p2_hit=0.0000 real_total=0.0566 synth_eps=0.0472 synth_eps_raw=0.0472 synth_x0_hit=0.0000 synth_total=0.0472 extra_render_attn_share=0.5303
[step 147850] real_p1_mirror_hole_cov=0.1146 real_p1_eps=0.0058 real_p1_hole_frac=0.5113 real_p2_eps=1.5177 real_p2_hit=1.0000 real_p2_t=38.0000 real_p2_ldif=0.0568 real_p2_gen_adv=0.6634 real_p2_lfm=-0.0023 real_total=1.6422 discr_adv=1.0724 p2_d_real=-0.8081 p2_d_fake=-0.6634 g_grad_abs=100071.1963 d_grad_abs=1654.2768 synth_eps=0.0352 synth_eps_raw=0.0352 synth_x0_hit=0.0000 synth_total=0.0352 extra_render_attn_share=0.5303
[step 147900] real_p1_mirror_hole_cov=0.2130 real_p1_eps=0.1033 real_p1_hole_frac=0.1895 real_p2_eps=0.0117 real_p2_hit=0.0000 real_total=0.1150 discr_adv=0.8699 x0_d_real=0.0708 x0_d_fake=-0.1894 g_grad_abs=1171.7197 d_grad_abs=1807.5330 synth_eps=0.0545 synth_eps_raw=0.0545 synth_x0_hit=0.0000 synth_total=0.0545 extra_render_attn_share=0.5303
[step 147950] real_p1_mirror_hole_cov=0.0132 real_p1_eps=0.0946 real_p1_hole_frac=0.3946 real_p2_eps=0.1067 real_p2_hit=0.0000 real_total=0.2013 synth_eps=0.4966 synth_eps_raw=0.4966 synth_x0_hit=1.0000 synth_x0_t=59.0000 synth_x0_ldif=0.0306 synth_x0_gen_adv=0.7941 synth_x0_lfm=-0.0014 synth_total=0.6038 extra_render_attn_share=0.5303
[val step 147999] val_novel_full=0.0701 val_novel_hole=0.1114 val_novel_visible=0.0580
[step 148000] real_p1_mirror_hole_cov=0.0017 real_p1_gen_adv=6.4846 real_p1_gen_fm=0.1948 real_p1_eps=27.3932 real_p1_hole_frac=0.2419 real_p2_eps=0.0037 real_p2_hit=0.0000 real_total=27.3970 discr_adv=1.0026 p1_discr_real_out=0.1402 p1_discr_fake_out=0.0932 p1_discr_real_gp=0.0739 g_grad_abs=226794.4767 d_grad_abs=874.9090 x0_d_real=-0.4721 x0_d_fake=-0.4669 synth_eps=0.0017 synth_eps_raw=0.0017 synth_x0_hit=0.0000 synth_total=0.0017 extra_render_attn_share=0.5264
[images] real: anchor | cond1 | cond2 | inv_warp_mirror | mask | mask_inv | p1_pred_x0 | warp_img | warp_warp_img | x | y_hat | y_hat_novel -> /home/xzy/warpgan-diffusiong-inpainting/warpgan-diffusion-inpainting-main/experiments/train_inpainting_diffusion/v19_w8_pixeld_300k/logs/images/train/real_step0148000.png
[images] synth: cond | mask | target | warp_img | x | y_hat_novel -> /home/xzy/warpgan-diffusiong-inpainting/warpgan-diffusion-inpainting-main/experiments/train_inpainting_diffusion/v19_w8_pixeld_300k/logs/images/train/synth_step0148000.png
[step 148050] real_p1_mirror_hole_cov=0.3032 real_p1_eps=0.0627 real_p1_hole_frac=0.2393 real_p2_eps=0.2301 real_p2_hit=1.0000 real_p2_t=151.0000 real_p2_ldif=0.0483 real_p2_gen_adv=-0.2691 real_p2_lfm=-0.0022 real_total=0.3098 discr_adv=0.9919 p2_d_real=0.2853 p2_d_fake=0.2691 g_grad_abs=2189.1935 d_grad_abs=816.5526 synth_eps=0.0268 synth_eps_raw=0.0268 synth_x0_hit=0.0000 synth_total=0.0268 extra_render_attn_share=0.5264
[step 148100] real_p1_mirror_hole_cov=0.0231 real_p1_eps=0.0634 real_p1_hole_frac=0.1496 real_p2_eps=0.0318 real_p2_hit=0.0000 real_total=0.0952 synth_eps=0.5095 synth_eps_raw=0.5095 synth_x0_hit=1.0000 synth_x0_t=70.0000 synth_x0_ldif=0.0385 synth_x0_gen_adv=0.5245 synth_x0_lfm=-0.0009 synth_total=0.5986 extra_render_attn_share=0.5264
[step 148150] real_p1_mirror_hole_cov=0.0240 real_p1_eps=0.0257 real_p1_hole_frac=0.2121 real_p2_eps=0.0228 real_p2_hit=0.0000 real_total=0.0485 synth_eps=0.1500 synth_eps_raw=0.1500 synth_x0_hit=0.0000 synth_total=0.1500 extra_render_attn_share=0.5264
[step 148200] real_p1_mirror_hole_cov=0.2212 real_p1_gen_adv=7.2699 real_p1_gen_fm=0.1908 real_p1_eps=27.6311 real_p1_hole_frac=0.3876 real_p2_eps=0.0071 real_p2_hit=0.0000 real_total=27.6381 discr_adv=1.2872 p1_discr_real_out=0.1944 p1_discr_fake_out=-0.0650 p1_discr_real_gp=0.0240 g_grad_abs=371660.7185 d_grad_abs=770.7097 synth_eps=0.0400 synth_eps_raw=0.0400 synth_x0_hit=0.0000 synth_total=0.0400 extra_render_attn_share=0.5264
[step 148250] real_p1_mirror_hole_cov=0.1783 real_p1_eps=0.0022 real_p1_hole_frac=0.1452 real_p2_eps=0.0108 real_p2_hit=0.0000 real_total=0.0130 synth_eps=0.3931 synth_eps_raw=0.3931 synth_x0_hit=1.0000 synth_x0_t=107.0000 synth_x0_ldif=0.0509 synth_x0_gen_adv=0.9206 synth_x0_lfm=-0.0003 synth_total=0.5354 extra_render_attn_share=0.5264
[step 148300] real_p1_mirror_hole_cov=0.1157 real_p1_gen_adv=6.8863 real_p1_gen_fm=0.2488 real_p1_eps=33.8137 real_p1_hole_frac=0.5901 real_p2_eps=0.1256 real_p2_hit=0.0000 real_total=33.9393 discr_adv=0.9553 p1_discr_real_out=0.2173 p1_discr_fake_out=0.0100 p1_discr_real_gp=0.0150 g_grad_abs=173236.8492 d_grad_abs=878.7869 x0_d_real=-0.7269 x0_d_fake=-0.8163 synth_eps=0.1489 synth_eps_raw=0.1489 synth_x0_hit=0.0000 synth_total=0.1489 extra_render_attn_share=0.5264
[step 148350] real_p1_mirror_hole_cov=0.0838 real_p1_eps=0.0141 real_p1_hole_frac=0.1218 real_p2_eps=0.1728 real_p2_hit=1.0000 real_p2_t=188.0000 real_p2_ldif=0.0510 real_p2_gen_adv=-0.9563 real_p2_lfm=-0.0015 real_total=0.1393 discr_adv=1.0282 p2_d_real=0.9001 p2_d_fake=0.9563 g_grad_abs=5413.8251 d_grad_abs=997.4818 synth_eps=0.0694 synth_eps_raw=0.0694 synth_x0_hit=0.0000 synth_total=0.0694 extra_render_attn_share=0.5264
[step 148400] real_p1_mirror_hole_cov=0.0773 real_p1_eps=0.1596 real_p1_hole_frac=0.2659 real_p2_eps=0.1033 real_p2_hit=0.0000 real_total=0.2629 synth_eps=0.0068 synth_eps_raw=0.0068 synth_x0_hit=0.0000 synth_total=0.0068 extra_render_attn_share=0.5264
[step 148450] real_p1_mirror_hole_cov=0.0438 real_p1_eps=0.0064 real_p1_hole_frac=0.2782 real_p2_eps=0.0271 real_p2_hit=0.0000 real_total=0.0335 discr_adv=0.9331 x0_d_real=-0.5312 x0_d_fake=-0.6650 g_grad_abs=362.5253 d_grad_abs=1183.7165 synth_eps=0.1293 synth_eps_raw=0.1293 synth_x0_hit=0.0000 synth_total=0.1293 extra_render_attn_share=0.5264
[step 148500] real_p1_mirror_hole_cov=0.2995 real_p1_gen_adv=6.9267 real_p1_gen_fm=0.1719 real_p1_eps=26.0585 real_p1_hole_frac=0.1332 real_p2_eps=0.1729 real_p2_hit=1.0000 real_p2_t=172.0000 real_p2_ldif=0.0443 real_p2_gen_adv=0.7000 real_p2_lfm=-0.0013 real_total=26.3430 discr_adv=2.0117 p1_discr_real_out=0.1414 p1_discr_fake_out=0.0037 p1_discr_real_gp=0.0435 g_grad_abs=270742.5366 d_grad_abs=713.1177 x0_d_real=-0.8438 x0_d_fake=-0.9004 p2_d_real=-0.7342 p2_d_fake=-0.7000 synth_eps=0.1107 synth_eps_raw=0.1107 synth_x0_hit=0.0000 synth_total=0.1107 extra_render_attn_share=0.5264
[images] real: anchor | cond1 | cond2 | inv_warp_mirror | mask | mask_inv | p1_pred_x0 | warp_img | warp_warp_img | x | y_hat | y_hat_novel -> /home/xzy/warpgan-diffusiong-inpainting/warpgan-diffusion-inpainting-main/experiments/train_inpainting_diffusion/v19_w8_pixeld_300k/logs/images/train/real_step0148500.png
[images] synth: cond | mask | target | warp_img | x | y_hat_novel -> /home/xzy/warpgan-diffusiong-inpainting/warpgan-diffusion-inpainting-main/experiments/train_inpainting_diffusion/v19_w8_pixeld_300k/logs/images/train/synth_step0148500.png
[step 148550] real_p1_mirror_hole_cov=0.0086 real_p1_eps=0.0100 real_p1_hole_frac=0.1889 real_p2_eps=0.0154 real_p2_hit=0.0000 real_total=0.0254 synth_eps=0.0354 synth_eps_raw=0.0354 synth_x0_hit=0.0000 synth_total=0.0354 extra_render_attn_share=0.5264
[step 148600] real_p1_mirror_hole_cov=0.1190 real_p1_eps=0.0012 real_p1_hole_frac=0.3287 real_p2_eps=0.0054 real_p2_hit=0.0000 real_total=0.0066 synth_eps=0.0109 synth_eps_raw=0.0109 synth_x0_hit=0.0000 synth_total=0.0109 extra_render_attn_share=0.5264
[step 148650] real_p1_mirror_hole_cov=0.2976 real_p1_eps=0.0563 real_p1_hole_frac=0.1408 real_p2_eps=0.0175 real_p2_hit=0.0000 real_total=0.0737 synth_eps=0.0120 synth_eps_raw=0.0120 synth_x0_hit=0.0000 synth_total=0.0120 extra_render_attn_share=0.5264
[step 148700] real_p1_mirror_hole_cov=0.0971 real_p1_gen_adv=12.0362 real_p1_gen_fm=0.1878 real_p1_eps=32.9261 real_p1_hole_frac=0.2940 real_p2_eps=0.1240 real_p2_hit=0.0000 real_total=33.0501 discr_adv=1.5014 p1_discr_real_out=-0.3223 p1_discr_fake_out=-0.8423 p1_discr_real_gp=0.2712 g_grad_abs=370320.5013 d_grad_abs=3501.7518 synth_eps=0.2778 synth_eps_raw=0.2778 synth_x0_hit=1.0000 synth_x0_t=202.0000 synth_x0_ldif=0.0923 synth_x0_gen_adv=0.7341 synth_x0_lfm=-0.0028 synth_total=0.4378 extra_render_attn_share=0.5264
[step 148750] real_p1_mirror_hole_cov=0.0390 real_p1_eps=0.0077 real_p1_hole_frac=0.3102 real_p2_eps=0.3019 real_p2_hit=1.0000 real_p2_t=107.0000 real_p2_ldif=0.0391 real_p2_gen_adv=0.3496 real_p2_lfm=-0.0008 real_total=0.3821 discr_adv=0.9857 p2_d_real=-0.3210 p2_d_fake=-0.3496 g_grad_abs=2473.2741 d_grad_abs=708.5531 synth_eps=0.0057 synth_eps_raw=0.0057 synth_x0_hit=0.0000 synth_total=0.0057 extra_render_attn_share=0.5264
[step 148800] real_p1_mirror_hole_cov=0.1305 real_p1_eps=0.0055 real_p1_hole_frac=0.0592 real_p2_eps=0.0458 real_p2_hit=0.0000 real_total=0.0513 synth_eps=0.2301 synth_eps_raw=0.2301 synth_x0_hit=1.0000 synth_x0_t=266.0000 synth_x0_ldif=0.1253 synth_x0_gen_adv=-0.9826 synth_x0_lfm=-0.0037 synth_total=0.2497 extra_render_attn_share=0.5264
[step 148850] real_p1_mirror_hole_cov=0.0193 real_p1_eps=0.0361 real_p1_hole_frac=0.1761 real_p2_eps=0.1545 real_p2_hit=1.0000 real_p2_t=194.0000 real_p2_ldif=0.0480 real_p2_gen_adv=-0.8856 real_p2_lfm=-0.0046 real_total=0.1408 discr_adv=2.0471 x0_d_real=0.8396 x0_d_fake=0.9045 p2_d_real=0.8564 p2_d_fake=0.8856 g_grad_abs=2507.8062 d_grad_abs=1847.3360 synth_eps=0.1356 synth_eps_raw=0.1356 synth_x0_hit=0.0000 synth_total=0.1356 extra_render_attn_share=0.5264
[step 148900] real_p1_mirror_hole_cov=0.1551 real_p1_eps=0.0660 real_p1_hole_frac=0.1245 real_p2_eps=0.0025 real_p2_hit=0.0000 real_total=0.0684 synth_eps=0.6413 synth_eps_raw=0.6413 synth_x0_hit=1.0000 synth_x0_t=30.0000 synth_x0_ldif=0.0186 synth_x0_gen_adv=-0.9137 synth_x0_lfm=-0.0009 synth_total=0.5666 extra_render_attn_share=0.5264
[step 148950] real_p1_mirror_hole_cov=0.2158 real_p1_eps=0.0114 real_p1_hole_frac=0.1897 real_p2_eps=0.0053 real_p2_hit=0.0000 real_total=0.0167 synth_eps=0.0230 synth_eps_raw=0.0230 synth_x0_hit=0.0000 synth_total=0.0230 extra_render_attn_share=0.5264
[step 149000] real_p1_mirror_hole_cov=0.0178 real_p1_gen_adv=7.8413 real_p1_gen_fm=0.2064 real_p1_eps=30.4650 real_p1_hole_frac=0.3280 real_p2_eps=0.1677 real_p2_hit=1.0000 real_p2_t=293.0000 real_p2_ldif=0.1108 real_p2_gen_adv=-0.5505 real_p2_lfm=-0.0051 real_total=30.6783 discr_adv=1.1651 p1_discr_real_out=0.0146 p1_discr_fake_out=-0.1726 p1_discr_real_gp=0.0600 g_grad_abs=138961.9205 d_grad_abs=1878.5368 p2_d_real=0.2204 p2_d_fake=0.5505 synth_eps=0.0025 synth_eps_raw=0.0025 synth_x0_hit=0.0000 synth_total=0.0025 extra_render_attn_share=0.5264
[images] real: anchor | cond1 | cond2 | inv_warp_mirror | mask | mask_inv | p1_pred_x0 | warp_img | warp_warp_img | x | y_hat | y_hat_novel -> /home/xzy/warpgan-diffusiong-inpainting/warpgan-diffusion-inpainting-main/experiments/train_inpainting_diffusion/v19_w8_pixeld_300k/logs/images/train/real_step0149000.png
[images] synth: cond | mask | target | warp_img | x | y_hat_novel -> /home/xzy/warpgan-diffusiong-inpainting/warpgan-diffusion-inpainting-main/experiments/train_inpainting_diffusion/v19_w8_pixeld_300k/logs/images/train/synth_step0149000.png
[step 149050] real_p1_mirror_hole_cov=0.1911 real_p1_eps=0.1299 real_p1_hole_frac=0.1299 real_p2_eps=0.8126 real_p2_hit=1.0000 real_p2_t=2.0000 real_p2_ldif=0.0021 real_p2_gen_adv=-0.8781 real_p2_lfm=-0.0001 real_total=0.8565 discr_adv=0.9977 p2_d_real=0.8827 p2_d_fake=0.8781 g_grad_abs=2033.0124 d_grad_abs=441.2588 synth_eps=0.0049 synth_eps_raw=0.0049 synth_x0_hit=0.0000 synth_total=0.0049 extra_render_attn_share=0.5264
[step 149100] real_p1_mirror_hole_cov=0.2039 real_p1_eps=0.0512 real_p1_hole_frac=0.3491 real_p2_eps=0.1268 real_p2_hit=0.0000 real_total=0.1780 synth_eps=0.0029 synth_eps_raw=0.0029 synth_x0_hit=0.0000 synth_total=0.0029 extra_render_attn_share=0.5264
[step 149150] real_p1_mirror_hole_cov=0.1313 real_p1_eps=0.0040 real_p1_hole_frac=0.2207 real_p2_eps=0.0735 real_p2_hit=0.0000 real_total=0.0776 synth_eps=0.0157 synth_eps_raw=0.0157 synth_x0_hit=0.0000 synth_total=0.0157 extra_render_attn_share=0.5264
[step 149200] real_p1_mirror_hole_cov=0.0242 real_p1_eps=0.1378 real_p1_hole_frac=0.0769 real_p2_eps=0.0253 real_p2_hit=0.0000 real_total=0.1631 synth_eps=0.0087 synth_eps_raw=0.0087 synth_x0_hit=0.0000 synth_total=0.0087 extra_render_attn_share=0.5264
[step 149250] real_p1_mirror_hole_cov=0.1135 real_p1_eps=0.0279 real_p1_hole_frac=0.3964 real_p2_eps=0.2412 real_p2_hit=1.0000 real_p2_t=200.0000 real_p2_ldif=0.0788 real_p2_gen_adv=-0.5323 real_p2_lfm=-0.0025 real_total=0.2897 discr_adv=1.0704 p2_d_real=0.3916 p2_d_fake=0.5323 g_grad_abs=3293.4803 d_grad_abs=1064.9456 synth_eps=0.0065 synth_eps_raw=0.0065 synth_x0_hit=0.0000 synth_total=0.0065 extra_render_attn_share=0.5264
[step 149300] real_p1_mirror_hole_cov=0.4148 real_p1_eps=0.1815 real_p1_hole_frac=0.3539 real_p2_eps=0.0381 real_p2_hit=0.0000 real_total=0.2196 synth_eps=0.0056 synth_eps_raw=0.0056 synth_x0_hit=0.0000 synth_total=0.0056 extra_render_attn_share=0.5264
[step 149350] real_p1_mirror_hole_cov=0.0218 real_p1_eps=0.0132 real_p1_hole_frac=0.4511 real_p2_eps=0.3223 real_p2_hit=1.0000 real_p2_t=150.0000 real_p2_ldif=0.0670 real_p2_gen_adv=-0.2190 real_p2_lfm=-0.0023 real_total=0.3761 discr_adv=1.9189 x0_d_real=-0.1868 x0_d_fake=-0.2779 p2_d_real=0.2901 p2_d_fake=0.2190 g_grad_abs=2375.8748 d_grad_abs=854.1301 synth_eps=0.0066 synth_eps_raw=0.0066 synth_x0_hit=0.0000 synth_total=0.0066 extra_render_attn_share=0.5264
[step 149400] real_p1_mirror_hole_cov=0.0377 real_p1_eps=0.0027 real_p1_hole_frac=0.1449 real_p2_eps=0.1465 real_p2_hit=1.0000 real_p2_t=210.0000 real_p2_ldif=0.0520 real_p2_gen_adv=-0.0331 real_p2_lfm=-0.0023 real_total=0.1934 discr_adv=1.9671 x0_d_real=-0.1683 x0_d_fake=-0.2151 p2_d_real=0.0523 p2_d_fake=0.0331 g_grad_abs=1648.2488 d_grad_abs=745.7985 synth_eps=0.1106 synth_eps_raw=0.1106 synth_x0_hit=0.0000 synth_total=0.1106 extra_render_attn_share=0.5264
[step 149450] real_p1_mirror_hole_cov=0.1154 real_p1_eps=0.0048 real_p1_hole_frac=0.5175 real_p2_eps=0.0365 real_p2_hit=0.0000 real_total=0.0413 synth_eps=0.3168 synth_eps_raw=0.3168 synth_x0_hit=1.0000 synth_x0_t=169.0000 synth_x0_ldif=0.0790 synth_x0_gen_adv=0.0150 synth_x0_lfm=-0.0029 synth_total=0.3915 extra_render_attn_share=0.5264
[step 149500] real_p1_mirror_hole_cov=0.1671 real_p1_eps=0.0054 real_p1_hole_frac=0.5235 real_p2_eps=0.0106 real_p2_hit=0.0000 real_total=0.0160 synth_eps=0.0015 synth_eps_raw=0.0015 synth_x0_hit=0.0000 synth_total=0.0015 extra_render_attn_share=0.5264
[images] real: anchor | cond1 | cond2 | inv_warp_mirror | mask | mask_inv | warp_img | warp_warp_img | x | y_hat | y_hat_novel -> /home/xzy/warpgan-diffusiong-inpainting/warpgan-diffusion-inpainting-main/experiments/train_inpainting_diffusion/v19_w8_pixeld_300k/logs/images/train/real_step0149500.png
[images] synth: cond | mask | target | warp_img | x | y_hat_novel -> /home/xzy/warpgan-diffusiong-inpainting/warpgan-diffusion-inpainting-main/experiments/train_inpainting_diffusion/v19_w8_pixeld_300k/logs/images/train/synth_step0149500.png
[step 149550] real_p1_mirror_hole_cov=0.0180 real_p1_gen_adv=7.5749 real_p1_gen_fm=0.1290 real_p1_eps=21.6916 real_p1_hole_frac=0.2401 real_p2_eps=0.2151 real_p2_hit=1.0000 real_p2_t=203.0000 real_p2_ldif=0.0721 real_p2_gen_adv=-0.8271 real_p2_lfm=-0.0030 real_total=21.8901 discr_adv=2.0146 p1_discr_real_out=-0.0092 p1_discr_fake_out=-0.1195 p1_discr_real_gp=0.1067 g_grad_abs=275650.8012 d_grad_abs=1370.5266 x0_d_real=0.8332 x0_d_fake=0.8212 p2_d_real=0.7859 p2_d_fake=0.8271 synth_eps=0.1176 synth_eps_raw=0.1176 synth_x0_hit=0.0000 synth_total=0.1176 extra_render_attn_share=0.5264
[step 149600] real_p1_mirror_hole_cov=0.2224 real_p1_eps=0.0175 real_p1_hole_frac=0.3187 real_p2_eps=0.0350 real_p2_hit=0.0000 real_total=0.0526 synth_eps=0.5424 synth_eps_raw=0.5424 synth_x0_hit=1.0000 synth_x0_t=61.0000 synth_x0_ldif=0.0348 synth_x0_gen_adv=-0.7175 synth_x0_lfm=-0.0011 synth_total=0.5033 extra_render_attn_share=0.5264
[step 149650] real_p1_mirror_hole_cov=0.0069 real_p1_gen_adv=9.0402 real_p1_gen_fm=0.2353 real_p1_eps=35.0075 real_p1_hole_frac=0.2479 real_p2_eps=0.0139 real_p2_hit=0.0000 real_total=35.0215 discr_adv=0.9182 p1_discr_real_out=0.2352 p1_discr_fake_out=-0.3795 p1_discr_real_gp=0.0366 g_grad_abs=52149.5777 d_grad_abs=1472.5462 x0_d_real=0.7163 x0_d_fake=0.5527 synth_eps=0.0492 synth_eps_raw=0.0492 synth_x0_hit=0.0000 synth_total=0.0492 extra_render_attn_share=0.5264
[step 149700] real_p1_mirror_hole_cov=0.0379 real_p1_eps=0.0090 real_p1_hole_frac=0.1042 real_p2_eps=0.0390 real_p2_hit=0.0000 real_total=0.0479 synth_eps=0.1130 synth_eps_raw=0.1130 synth_x0_hit=0.0000 synth_total=0.1130 extra_render_attn_share=0.5264
[step 149750] real_p1_mirror_hole_cov=0.0696 real_p1_eps=0.0755 real_p1_hole_frac=0.1688 real_p2_eps=0.0646 real_p2_hit=0.0000 real_total=0.1401 synth_eps=0.0037 synth_eps_raw=0.0037 synth_x0_hit=0.0000 synth_total=0.0037 extra_render_attn_share=0.5264
[step 149800] real_p1_mirror_hole_cov=0.1197 real_p1_eps=1.0315 real_p1_hole_frac=0.4786 real_p2_eps=0.4531 real_p2_hit=1.0000 real_p2_t=143.0000 real_p2_ldif=0.0879 real_p2_gen_adv=-0.8999 real_p2_lfm=-0.0037 real_total=1.4751 discr_adv=0.9835 p2_d_real=0.9332 p2_d_fake=0.8999 g_grad_abs=42454.3525 d_grad_abs=766.2320 synth_eps=0.0064 synth_eps_raw=0.0064 synth_x0_hit=0.0000 synth_total=0.0064 extra_render_attn_share=0.5264
[step 149850] real_p1_mirror_hole_cov=0.1031 real_p1_eps=0.0449 real_p1_hole_frac=0.3300 real_p2_eps=0.0143 real_p2_hit=0.0000 real_total=0.0592 discr_adv=0.9744 x0_d_real=0.5664 x0_d_fake=0.5152 g_grad_abs=1239.2347 d_grad_abs=910.2509 synth_eps=0.0102 synth_eps_raw=0.0102 synth_x0_hit=0.0000 synth_total=0.0102 extra_render_attn_share=0.5264
[step 149900] real_p1_mirror_hole_cov=0.0285 real_p1_eps=0.0459 real_p1_hole_frac=0.0842 real_p2_eps=0.2065 real_p2_hit=1.0000 real_p2_t=111.0000 real_p2_ldif=0.0281 real_p2_gen_adv=-0.9302 real_p2_lfm=-0.0006 real_total=0.1862 discr_adv=1.0216 p2_d_real=0.8870 p2_d_fake=0.9302 g_grad_abs=3220.0358 d_grad_abs=1335.5228 synth_eps=0.0470 synth_eps_raw=0.0470 synth_x0_hit=0.0000 synth_total=0.0470 extra_render_attn_share=0.5264
[step 149950] real_p1_mirror_hole_cov=0.1547 real_p1_eps=0.0127 real_p1_hole_frac=0.4242 real_p2_eps=0.6589 real_p2_hit=1.0000 real_p2_t=22.0000 real_p2_ldif=0.0138 real_p2_gen_adv=0.3412 real_p2_lfm=-0.0009 real_total=0.7177 discr_adv=0.9854 p2_d_real=-0.3121 p2_d_fake=-0.3412 g_grad_abs=2383.9190 d_grad_abs=786.7567 synth_eps=0.2171 synth_eps_raw=0.2171 synth_x0_hit=1.0000 synth_x0_t=295.0000 synth_x0_ldif=0.1454 synth_x0_gen_adv=-0.3640 synth_x0_lfm=-0.0040 synth_total=0.3180 extra_render_attn_share=0.5264
[ckpt] saved /home/xzy/warpgan-diffusiong-inpainting/warpgan-diffusion-inpainting-main/experiments/train_inpainting_diffusion/v19_w8_pixeld_300k/checkpoints/iteration_0149999.pt
[val step 149999] val_novel_full=0.0887 val_novel_hole=0.1300 val_novel_visible=0.0785
[step 150000] real_p1_mirror_hole_cov=0.1847 real_p1_eps=0.0017 real_p1_hole_frac=0.1476 real_p2_eps=0.0134 real_p2_hit=0.0000 real_total=0.0151 discr_adv=0.9835 x0_d_real=-0.8370 x0_d_fake=-0.8700 g_grad_abs=221.8167 d_grad_abs=1052.3731 synth_eps=0.0021 synth_eps_raw=0.0021 synth_x0_hit=0.0000 synth_total=0.0021 extra_render_attn_share=0.5327
[images] real: anchor | cond1 | cond2 | inv_warp_mirror | mask | mask_inv | warp_img | warp_warp_img | x | y_hat | y_hat_novel -> /home/xzy/warpgan-diffusiong-inpainting/warpgan-diffusion-inpainting-main/experiments/train_inpainting_diffusion/v19_w8_pixeld_300k/logs/images/train/real_step0150000.png
[images] synth: cond | mask | target | warp_img | x | y_hat_novel -> /home/xzy/warpgan-diffusiong-inpainting/warpgan-diffusion-inpainting-main/experiments/train_inpainting_diffusion/v19_w8_pixeld_300k/logs/images/train/synth_step0150000.png
[step 150050] real_p1_mirror_hole_cov=0.1041 real_p1_eps=0.0151 real_p1_hole_frac=0.0857 real_p2_eps=0.0792 real_p2_hit=1.0000 real_p2_t=298.0000 real_p2_ldif=0.0542 real_p2_gen_adv=0.7581 real_p2_lfm=-0.0020 real_total=0.2204 discr_adv=1.0050 p2_d_real=-0.7680 p2_d_fake=-0.7581 g_grad_abs=1691.4179 d_grad_abs=662.1071 synth_eps=0.0030 synth_eps_raw=0.0030 synth_x0_hit=0.0000 synth_total=0.0030 extra_render_attn_share=0.5327
[step 150100] real_p1_mirror_hole_cov=0.0845 real_p1_gen_adv=8.2581 real_p1_gen_fm=0.2215 real_p1_eps=32.5046 real_p1_hole_frac=0.3762 real_p2_eps=0.0021 real_p2_hit=0.0000 real_total=32.5067 discr_adv=0.9956 p1_discr_real_out=0.0691 p1_discr_fake_out=-0.2487 p1_discr_real_gp=0.0201 g_grad_abs=207892.7719 d_grad_abs=589.2916 x0_d_real=-0.8694 x0_d_fake=-0.8782 synth_eps=0.0218 synth_eps_raw=0.0218 synth_x0_hit=0.0000 synth_total=0.0218 extra_render_attn_share=0.5327
[step 150150] real_p1_mirror_hole_cov=0.0146 real_p1_eps=0.0511 real_p1_hole_frac=0.2972 real_p2_eps=0.0024 real_p2_hit=0.0000 real_total=0.0535 synth_eps=0.2504 synth_eps_raw=0.2504 synth_x0_hit=1.0000 synth_x0_t=226.0000 synth_x0_ldif=0.1009 synth_x0_gen_adv=0.4924 synth_x0_lfm=-0.0019 synth_total=0.3968 extra_render_attn_share=0.5327
[step 150200] real_p1_mirror_hole_cov=0.0150 real_p1_eps=0.0956 real_p1_hole_frac=0.2415 real_p2_eps=0.1462 real_p2_hit=1.0000 real_p2_t=293.0000 real_p2_ldif=0.0966 real_p2_gen_adv=-0.8958 real_p2_lfm=-0.0018 real_total=0.2454 discr_adv=1.9893 x0_d_real=-0.7812 x0_d_fake=-0.8276 p2_d_real=0.8709 p2_d_fake=0.8958 g_grad_abs=5797.4286 d_grad_abs=926.3028 synth_eps=0.0756 synth_eps_raw=0.0756 synth_x0_hit=0.0000 synth_total=0.0756 extra_render_attn_share=0.5327
[step 150250] real_p1_mirror_hole_cov=0.0516 real_p1_gen_adv=6.8830 real_p1_gen_fm=0.1466 real_p1_eps=22.4545 real_p1_hole_frac=0.1245 real_p2_eps=0.2993 real_p2_hit=1.0000 real_p2_t=100.0000 real_p2_ldif=0.0354 real_p2_gen_adv=-0.8470 real_p2_lfm=-0.0011 real_total=22.7023 discr_adv=0.9983 p1_discr_real_out=0.1147 p1_discr_fake_out=0.0135 p1_discr_real_gp=0.0116 g_grad_abs=263652.9036 d_grad_abs=457.0367 p2_d_real=0.8504 p2_d_fake=0.8470 synth_eps=0.0429 synth_eps_raw=0.0429 synth_x0_hit=0.0000 synth_total=0.0429 extra_render_attn_share=0.5327
[step 150300] real_p1_mirror_hole_cov=0.1117 real_p1_eps=0.0128 real_p1_hole_frac=0.3145 real_p2_eps=0.0135 real_p2_hit=0.0000 real_total=0.0262 synth_eps=0.0359 synth_eps_raw=0.0359 synth_x0_hit=0.0000 synth_total=0.0359 extra_render_attn_share=0.5327
[step 150350] real_p1_mirror_hole_cov=0.4700 real_p1_gen_adv=5.9180 real_p1_gen_fm=0.0875 real_p1_eps=15.3778 real_p1_hole_frac=0.0909 real_p2_eps=0.0866 real_p2_hit=0.0000 real_total=15.4643 discr_adv=1.4194 p1_discr_real_out=0.2664 p1_discr_fake_out=0.2162 p1_discr_real_gp=0.0416 g_grad_abs=212882.6607 d_grad_abs=721.7330 synth_eps=0.0054 synth_eps_raw=0.0054 synth_x0_hit=0.0000 synth_total=0.0054 extra_render_attn_share=0.5327
[step 150400] real_p1_mirror_hole_cov=0.0202 real_p1_eps=0.0055 real_p1_hole_frac=0.1300 real_p2_eps=0.0023 real_p2_hit=0.0000 real_total=0.0078 synth_eps=0.0774 synth_eps_raw=0.0774 synth_x0_hit=0.0000 synth_total=0.0774 extra_render_attn_share=0.5327
[step 150450] real_p1_mirror_hole_cov=0.1964 real_p1_eps=0.0420 real_p1_hole_frac=0.2954 real_p2_eps=0.0028 real_p2_hit=0.0000 real_total=0.0449 synth_eps=0.0077 synth_eps_raw=0.0077 synth_x0_hit=0.0000 synth_total=0.0077 extra_render_attn_share=0.5327
[step 150500] real_p1_mirror_hole_cov=0.0245 real_p1_gen_adv=7.8044 real_p1_gen_fm=0.1418 real_p1_eps=23.0246 real_p1_hole_frac=0.2561 real_p2_eps=0.1378 real_p2_hit=1.0000 real_p2_t=268.0000 real_p2_ldif=0.0761 real_p2_gen_adv=-0.3979 real_p2_lfm=-0.0030 real_total=23.1927 discr_adv=2.0396 p1_discr_real_out=-0.0996 p1_discr_fake_out=-0.1662 p1_discr_real_gp=0.0671 g_grad_abs=258741.6576 d_grad_abs=1502.5339 x0_d_real=0.7419 x0_d_fake=0.6788 p2_d_real=0.2556 p2_d_fake=0.3979 synth_eps=0.3473 synth_eps_raw=0.3473 synth_x0_hit=1.0000 synth_x0_t=137.0000 synth_x0_ldif=0.0633 synth_x0_gen_adv=-0.0967 synth_x0_lfm=-0.0029 synth_total=0.3952 extra_render_attn_share=0.5327
[images] real: anchor | cond1 | cond2 | inv_warp_mirror | mask | mask_inv | p1_pred_x0 | warp_img | warp_warp_img | x | y_hat | y_hat_novel -> /home/xzy/warpgan-diffusiong-inpainting/warpgan-diffusion-inpainting-main/experiments/train_inpainting_diffusion/v19_w8_pixeld_300k/logs/images/train/real_step0150500.png
[images] synth: cond | mask | target | warp_img | x | y_hat_novel -> /home/xzy/warpgan-diffusiong-inpainting/warpgan-diffusion-inpainting-main/experiments/train_inpainting_diffusion/v19_w8_pixeld_300k/logs/images/train/synth_step0150500.png
[step 150550] real_p1_mirror_hole_cov=0.0970 real_p1_eps=0.0017 real_p1_hole_frac=0.4625 real_p2_eps=0.4931 real_p2_hit=1.0000 real_p2_t=41.0000 real_p2_ldif=0.0201 real_p2_gen_adv=0.5726 real_p2_lfm=-0.0007 real_total=0.5709 discr_adv=0.9784 p2_d_real=-0.5294 p2_d_fake=-0.5726 g_grad_abs=2329.9945 d_grad_abs=699.5944 synth_eps=0.0345 synth_eps_raw=0.0345 synth_x0_hit=0.0000 synth_total=0.0345 extra_render_attn_share=0.5327
[step 150600] real_p1_mirror_hole_cov=0.0153 real_p1_eps=0.0032 real_p1_hole_frac=0.3464 real_p2_eps=0.0741 real_p2_hit=0.0000 real_total=0.0772 synth_eps=0.0852 synth_eps_raw=0.0852 synth_x0_hit=0.0000 synth_total=0.0852 extra_render_attn_share=0.5327
[step 150650] real_p1_mirror_hole_cov=0.1112 real_p1_eps=0.0887 real_p1_hole_frac=0.1460 real_p2_eps=0.0524 real_p2_hit=0.0000 real_total=0.1411 synth_eps=0.1166 synth_eps_raw=0.1166 synth_x0_hit=0.0000 synth_total=0.1166 extra_render_attn_share=0.5327
[step 150700] real_p1_mirror_hole_cov=0.0846 real_p1_eps=0.0944 real_p1_hole_frac=0.2388 real_p2_eps=0.0016 real_p2_hit=0.0000 real_total=0.0960 discr_adv=1.0292 x0_d_real=-0.9995 x0_d_fake=-0.9554 g_grad_abs=1734.7904 d_grad_abs=756.1969 synth_eps=0.0107 synth_eps_raw=0.0107 synth_x0_hit=0.0000 synth_total=0.0107 extra_render_attn_share=0.5327
[step 150750] real_p1_mirror_hole_cov=0.0017 real_p1_gen_adv=8.8744 real_p1_gen_fm=0.0623 real_p1_eps=16.7524 real_p1_hole_frac=0.0764 real_p2_eps=0.1844 real_p2_hit=1.0000 real_p2_t=113.0000 real_p2_ldif=0.0257 real_p2_gen_adv=0.3375 real_p2_lfm=-0.0024 real_total=16.9914 discr_adv=1.0629 p1_discr_real_out=-0.1193 p1_discr_fake_out=-0.3555 p1_discr_real_gp=0.1810 g_grad_abs=144778.2492 d_grad_abs=2291.4429 p2_d_real=-0.4634 p2_d_fake=-0.3375 synth_eps=0.0271 synth_eps_raw=0.0271 synth_x0_hit=0.0000 synth_total=0.0271 extra_render_attn_share=0.5327
[step 150800] real_p1_mirror_hole_cov=0.1800 real_p1_gen_adv=9.1472 real_p1_gen_fm=0.2034 real_p1_eps=31.1677 real_p1_hole_frac=0.6350 real_p2_eps=0.0645 real_p2_hit=0.0000 real_total=31.2322 discr_adv=1.3189 p1_discr_real_out=-0.0917 p1_discr_fake_out=-0.4011 p1_discr_real_gp=0.0644 g_grad_abs=157148.6405 d_grad_abs=1737.4143 synth_eps=0.0141 synth_eps_raw=0.0141 synth_x0_hit=0.0000 synth_total=0.0141 extra_render_attn_share=0.5327
[step 150850] real_p1_mirror_hole_cov=0.0504 real_p1_gen_adv=8.3398 real_p1_gen_fm=0.0802 real_p1_eps=18.1991 real_p1_hole_frac=0.0641 real_p2_eps=0.0128 real_p2_hit=0.0000 real_total=18.2118 discr_adv=0.9290 p1_discr_real_out=-0.1734 p1_discr_fake_out=-0.2624 p1_discr_real_gp=0.0682 g_grad_abs=130044.1763 d_grad_abs=1751.8826 x0_d_real=-0.6884 x0_d_fake=-0.8304 synth_eps=0.0057 synth_eps_raw=0.0057 synth_x0_hit=0.0000 synth_total=0.0057 extra_render_attn_share=0.5327
[step 150900] real_p1_mirror_hole_cov=0.1080 real_p1_eps=0.0080 real_p1_hole_frac=0.2636 real_p2_eps=0.0464 real_p2_hit=0.0000 real_total=0.0544 discr_adv=0.9708 x0_d_real=-0.7167 x0_d_fake=-0.7750 g_grad_abs=716.7491 d_grad_abs=1103.8661 synth_eps=0.0233 synth_eps_raw=0.0233 synth_x0_hit=0.0000 synth_total=0.0233 extra_render_attn_share=0.5327
[step 150950] real_p1_mirror_hole_cov=0.3685 real_p1_gen_adv=6.8245 real_p1_gen_fm=0.2302 real_p1_eps=31.1168 real_p1_hole_frac=0.5091 real_p2_eps=0.2305 real_p2_hit=1.0000 real_p2_t=251.0000 real_p2_ldif=0.1125 real_p2_gen_adv=0.2817 real_p2_lfm=-0.0038 real_total=31.4804 discr_adv=0.8878 p1_discr_real_out=0.2164 p1_discr_fake_out=0.0233 p1_discr_real_gp=0.0586 g_grad_abs=228609.3994 d_grad_abs=977.0211 p2_d_real=-0.0574 p2_d_fake=-0.2817 synth_eps=0.3707 synth_eps_raw=0.3707 synth_x0_hit=1.0000 synth_x0_t=109.0000 synth_x0_ldif=0.0492 synth_x0_gen_adv=0.7846 synth_x0_lfm=-0.0019 synth_total=0.4946 extra_render_attn_share=0.5327
[step 151000] real_p1_mirror_hole_cov=0.0709 real_p1_eps=0.0642 real_p1_hole_frac=0.1299 real_p2_eps=0.0565 real_p2_hit=0.0000 real_total=0.1207 synth_eps=0.0158 synth_eps_raw=0.0158 synth_x0_hit=0.0000 synth_total=0.0158 extra_render_attn_share=0.5327
[images] real: anchor | cond1 | cond2 | inv_warp_mirror | mask | mask_inv | warp_img | warp_warp_img | x | y_hat | y_hat_novel -> /home/xzy/warpgan-diffusiong-inpainting/warpgan-diffusion-inpainting-main/experiments/train_inpainting_diffusion/v19_w8_pixeld_300k/logs/images/train/real_step0151000.png
[images] synth: cond | mask | target | warp_img | x | y_hat_novel -> /home/xzy/warpgan-diffusiong-inpainting/warpgan-diffusion-inpainting-main/experiments/train_inpainting_diffusion/v19_w8_pixeld_300k/logs/images/train/synth_step0151000.png
[step 151050] real_p1_mirror_hole_cov=0.1271 real_p1_eps=0.0700 real_p1_hole_frac=0.0270 real_p2_eps=0.1496 real_p2_hit=1.0000 real_p2_t=139.0000 real_p2_ldif=0.0278 real_p2_gen_adv=-0.7374 real_p2_lfm=-0.0011 real_total=0.1714 discr_adv=1.0379 p2_d_real=0.6617 p2_d_fake=0.7374 g_grad_abs=1958.8327 d_grad_abs=1019.9757 synth_eps=0.0520 synth_eps_raw=0.0520 synth_x0_hit=0.0000 synth_total=0.0520 extra_render_attn_share=0.5327
[step 151100] real_p1_mirror_hole_cov=0.0258 real_p1_eps=0.0009 real_p1_hole_frac=0.2545 real_p2_eps=0.0207 real_p2_hit=0.0000 real_total=0.0216 synth_eps=0.0207 synth_eps_raw=0.0207 synth_x0_hit=0.0000 synth_total=0.0207 extra_render_attn_share=0.5327
[step 151150] real_p1_mirror_hole_cov=0.1986 real_p1_eps=0.0228 real_p1_hole_frac=0.4293 real_p2_eps=0.2028 real_p2_hit=1.0000 real_p2_t=279.0000 real_p2_ldif=0.1213 real_p2_gen_adv=0.1930 real_p2_lfm=-0.0035 real_total=0.3592 discr_adv=1.9045 x0_d_real=-0.6579 x0_d_fake=-0.7706 p2_d_real=-0.1144 p2_d_fake=-0.1930 g_grad_abs=2684.8536 d_grad_abs=1440.7752 synth_eps=0.0502 synth_eps_raw=0.0502 synth_x0_hit=0.0000 synth_total=0.0502 extra_render_attn_share=0.5327
[step 151200] real_p1_mirror_hole_cov=0.1596 real_p1_eps=0.0192 real_p1_hole_frac=0.1937 real_p2_eps=0.0041 real_p2_hit=0.0000 real_total=0.0233 synth_eps=0.0087 synth_eps_raw=0.0087 synth_x0_hit=0.0000 synth_total=0.0087 extra_render_attn_share=0.5327
[step 151250] real_p1_mirror_hole_cov=0.3807 real_p1_eps=0.0391 real_p1_hole_frac=0.2992 real_p2_eps=0.0236 real_p2_hit=0.0000 real_total=0.0626 discr_adv=1.0037 x0_d_real=-0.1820 x0_d_fake=-0.1747 g_grad_abs=897.0198 d_grad_abs=1589.0542 synth_eps=0.0134 synth_eps_raw=0.0134 synth_x0_hit=0.0000 synth_total=0.0134 extra_render_attn_share=0.5327
[step 151300] real_p1_mirror_hole_cov=0.1171 real_p1_eps=0.0728 real_p1_hole_frac=0.3580 real_p2_eps=0.0473 real_p2_hit=0.0000 real_total=0.1200 synth_eps=0.1571 synth_eps_raw=0.1571 synth_x0_hit=1.0000 synth_x0_t=286.0000 synth_x0_ldif=0.0988 synth_x0_gen_adv=0.5705 synth_x0_lfm=-0.0047 synth_total=0.3036 extra_render_attn_share=0.5327
[step 151350] real_p1_mirror_hole_cov=0.0755 real_p1_eps=0.0008 real_p1_hole_frac=0.1828 real_p2_eps=0.1357 real_p2_hit=1.0000 real_p2_t=280.0000 real_p2_ldif=0.0818 real_p2_gen_adv=-0.8309 real_p2_lfm=-0.0011 real_total=0.1330 discr_adv=1.9166 x0_d_real=0.4144 x0_d_fake=0.1930 p2_d_real=0.7762 p2_d_fake=0.8309 g_grad_abs=2960.4889 d_grad_abs=1402.9866 synth_eps=0.0174 synth_eps_raw=0.0174 synth_x0_hit=0.0000 synth_total=0.0174 extra_render_attn_share=0.5327
[step 151400] real_p1_mirror_hole_cov=0.1142 real_p1_eps=0.0362 real_p1_hole_frac=0.2813 real_p2_eps=0.0064 real_p2_hit=0.0000 real_total=0.0426 synth_eps=0.0728 synth_eps_raw=0.0728 synth_x0_hit=0.0000 synth_total=0.0728 extra_render_attn_share=0.5327
[step 151450] real_p1_mirror_hole_cov=0.1566 real_p1_gen_adv=9.0631 real_p1_gen_fm=0.1658 real_p1_eps=27.1088 real_p1_hole_frac=0.5851 real_p2_eps=0.0968 real_p2_hit=0.0000 real_total=27.2056 discr_adv=1.3078 p1_discr_real_out=-0.1587 p1_discr_fake_out=-0.3838 p1_discr_real_gp=0.0078 g_grad_abs=121077.8244 d_grad_abs=719.5434 synth_eps=0.8662 synth_eps_raw=0.8662 synth_x0_hit=1.0000 synth_x0_t=6.0000 synth_x0_ldif=0.0053 synth_x0_gen_adv=-0.9644 synth_x0_lfm=-0.0005 synth_total=0.7741 extra_render_attn_share=0.5327
[step 151500] real_p1_mirror_hole_cov=0.0371 real_p1_eps=0.0830 real_p1_hole_frac=0.1776 real_p2_eps=0.0054 real_p2_hit=0.0000 real_total=0.0884 discr_adv=1.0988 x0_d_real=0.6796 x0_d_fake=0.8771 g_grad_abs=1643.8237 d_grad_abs=2335.6389 synth_eps=0.0038 synth_eps_raw=0.0038 synth_x0_hit=0.0000 synth_total=0.0038 extra_render_attn_share=0.5327
[images] real: anchor | cond1 | cond2 | inv_warp_mirror | mask | mask_inv | warp_img | warp_warp_img | x | y_hat | y_hat_novel -> /home/xzy/warpgan-diffusiong-inpainting/warpgan-diffusion-inpainting-main/experiments/train_inpainting_diffusion/v19_w8_pixeld_300k/logs/images/train/real_step0151500.png
[images] synth: cond | mask | target | warp_img | x | y_hat_novel -> /home/xzy/warpgan-diffusiong-inpainting/warpgan-diffusion-inpainting-main/experiments/train_inpainting_diffusion/v19_w8_pixeld_300k/logs/images/train/synth_step0151500.png
[step 151550] real_p1_mirror_hole_cov=0.0362 real_p1_eps=0.0280 real_p1_hole_frac=0.1504 real_p2_eps=0.0366 real_p2_hit=0.0000 real_total=0.0646 synth_eps=0.0031 synth_eps_raw=0.0031 synth_x0_hit=0.0000 synth_total=0.0031 extra_render_attn_share=0.5327
[step 151600] real_p1_mirror_hole_cov=0.5608 real_p1_gen_adv=7.3197 real_p1_gen_fm=0.1742 real_p1_eps=25.6425 real_p1_hole_frac=0.2881 real_p2_eps=0.0042 real_p2_hit=0.0000 real_total=25.6467 discr_adv=1.3178 p1_discr_real_out=0.0938 p1_discr_fake_out=-0.0744 p1_discr_real_gp=0.0121 g_grad_abs=284534.6814 d_grad_abs=568.9733 synth_eps=0.0362 synth_eps_raw=0.0362 synth_x0_hit=0.0000 synth_total=0.0362 extra_render_attn_share=0.5327
[step 151650] real_p1_mirror_hole_cov=0.0967 real_p1_eps=0.0171 real_p1_hole_frac=0.4626 real_p2_eps=0.0209 real_p2_hit=0.0000 real_total=0.0380 synth_eps=0.4257 synth_eps_raw=0.4257 synth_x0_hit=1.0000 synth_x0_t=117.0000 synth_x0_ldif=0.0621 synth_x0_gen_adv=0.5402 synth_x0_lfm=-0.0017 synth_total=0.5385 extra_render_attn_share=0.5327
[step 151700] real_p1_mirror_hole_cov=0.0655 real_p1_eps=0.0073 real_p1_hole_frac=0.1489 real_p2_eps=0.0179 real_p2_hit=0.0000 real_total=0.0252 synth_eps=0.0564 synth_eps_raw=0.0564 synth_x0_hit=0.0000 synth_total=0.0564 extra_render_attn_share=0.5327
[step 151750] real_p1_mirror_hole_cov=0.3606 real_p1_eps=0.0233 real_p1_hole_frac=0.5379 real_p2_eps=0.1819 real_p2_hit=1.0000 real_p2_t=241.0000 real_p2_ldif=0.0823 real_p2_gen_adv=-0.4386 real_p2_lfm=-0.0018 real_total=0.2399 discr_adv=0.8856 p2_d_real=0.6675 p2_d_fake=0.4386 g_grad_abs=5570.7662 d_grad_abs=1871.8795 synth_eps=0.3271 synth_eps_raw=0.3271 synth_x0_hit=1.0000 synth_x0_t=168.0000 synth_x0_ldif=0.0808 synth_x0_gen_adv=-0.2124 synth_x0_lfm=-0.0019 synth_total=0.3829 extra_render_attn_share=0.5327
[step 151800] real_p1_mirror_hole_cov=0.0433 real_p1_eps=0.1236 real_p1_hole_frac=0.3711 real_p2_eps=0.1988 real_p2_hit=1.0000 real_p2_t=186.0000 real_p2_ldif=0.0577 real_p2_gen_adv=0.9391 real_p2_lfm=-0.0024 real_total=0.4693 discr_adv=2.0202 x0_d_real=-0.7998 x0_d_fake=-0.7658 p2_d_real=-0.9453 p2_d_fake=-0.9391 g_grad_abs=4264.8494 d_grad_abs=658.7636 synth_eps=0.1105 synth_eps_raw=0.1105 synth_x0_hit=0.0000 synth_total=0.1105 extra_render_attn_share=0.5327
[step 151850] real_p1_mirror_hole_cov=0.0100 real_p1_gen_adv=7.0936 real_p1_gen_fm=0.1345 real_p1_eps=22.0860 real_p1_hole_frac=0.2668 real_p2_eps=0.1647 real_p2_hit=1.0000 real_p2_t=227.0000 real_p2_ldif=0.0669 real_p2_gen_adv=0.9370 real_p2_lfm=-0.0034 real_total=22.4044 discr_adv=1.9625 p1_discr_real_out=0.1515 p1_discr_fake_out=-0.0280 p1_discr_real_gp=0.0111 g_grad_abs=141801.2853 d_grad_abs=801.1161 x0_d_real=-0.8604 x0_d_fake=-0.9232 p2_d_real=-0.9249 p2_d_fake=-0.9370 synth_eps=0.0083 synth_eps_raw=0.0083 synth_x0_hit=0.0000 synth_total=0.0083 extra_render_attn_share=0.5327
[step 151900] real_p1_mirror_hole_cov=0.0652 real_p1_eps=0.0350 real_p1_hole_frac=0.4139 real_p2_eps=0.2773 real_p2_hit=1.0000 real_p2_t=109.0000 real_p2_ldif=0.0368 real_p2_gen_adv=0.6774 real_p2_lfm=-0.0007 real_total=0.4155 discr_adv=0.9357 p2_d_real=-0.5489 p2_d_fake=-0.6774 g_grad_abs=1873.3171 d_grad_abs=878.5628 synth_eps=0.2624 synth_eps_raw=0.2624 synth_x0_hit=1.0000 synth_x0_t=185.0000 synth_x0_ldif=0.0755 synth_x0_gen_adv=0.9097 synth_x0_lfm=-0.0034 synth_total=0.4220 extra_render_attn_share=0.5327
[step 151950] real_p1_mirror_hole_cov=0.1424 real_p1_eps=0.1207 real_p1_hole_frac=0.2498 real_p2_eps=0.0049 real_p2_hit=0.0000 real_total=0.1255 synth_eps=0.0146 synth_eps_raw=0.0146 synth_x0_hit=0.0000 synth_total=0.0146 extra_render_attn_share=0.5327
[val step 151999] val_novel_full=0.1112 val_novel_hole=0.1370 val_novel_visible=0.0954
[step 152000] real_p1_mirror_hole_cov=0.0021 real_p1_eps=0.1105 real_p1_hole_frac=0.2908 real_p2_eps=0.0895 real_p2_hit=0.0000 real_total=0.2000 synth_eps=0.0481 synth_eps_raw=0.0481 synth_x0_hit=0.0000 synth_total=0.0481 extra_render_attn_share=0.5182
[images] real: anchor | cond1 | cond2 | inv_warp_mirror | mask | mask_inv | warp_img | warp_warp_img | x | y_hat | y_hat_novel -> /home/xzy/warpgan-diffusiong-inpainting/warpgan-diffusion-inpainting-main/experiments/train_inpainting_diffusion/v19_w8_pixeld_300k/logs/images/train/real_step0152000.png
[images] synth: cond | mask | target | warp_img | x | y_hat_novel -> /home/xzy/warpgan-diffusiong-inpainting/warpgan-diffusion-inpainting-main/experiments/train_inpainting_diffusion/v19_w8_pixeld_300k/logs/images/train/synth_step0152000.png
[step 152050] real_p1_mirror_hole_cov=0.0359 real_p1_gen_adv=7.2107 real_p1_gen_fm=0.0886 real_p1_eps=16.8694 real_p1_hole_frac=0.0948 real_p2_eps=0.0021 real_p2_hit=0.0000 real_total=16.8715 discr_adv=1.0725 p1_discr_real_out=0.0196 p1_discr_fake_out=-0.0533 p1_discr_real_gp=0.0558 g_grad_abs=242792.1426 d_grad_abs=1012.0934 x0_d_real=-0.5587 x0_d_fake=-0.4136 synth_eps=0.2763 synth_eps_raw=0.2763 synth_x0_hit=1.0000 synth_x0_t=233.0000 synth_x0_ldif=0.1176 synth_x0_gen_adv=-0.5167 synth_x0_lfm=-0.0021 synth_total=0.3380 extra_render_attn_share=0.5182
[step 152100] real_p1_mirror_hole_cov=0.0875 real_p1_eps=0.0682 real_p1_hole_frac=0.2536 real_p2_eps=0.1751 real_p2_hit=1.0000 real_p2_t=250.0000 real_p2_ldif=0.0848 real_p2_gen_adv=0.2136 real_p2_lfm=-0.0024 real_total=0.3446 discr_adv=1.1037 p2_d_real=-0.4209 p2_d_fake=-0.2136 g_grad_abs=2281.1859 d_grad_abs=895.6668 synth_eps=0.2389 synth_eps_raw=0.2389 synth_x0_hit=1.0000 synth_x0_t=280.0000 synth_x0_ldif=0.1442 synth_x0_gen_adv=0.5185 synth_x0_lfm=-0.0048 synth_total=0.4254 extra_render_attn_share=0.5182
[step 152150] real_p1_mirror_hole_cov=0.0056 real_p1_eps=0.0088 real_p1_hole_frac=0.1131 real_p2_eps=0.0081 real_p2_hit=0.0000 real_total=0.0169 synth_eps=0.2927 synth_eps_raw=0.2927 synth_x0_hit=1.0000 synth_x0_t=125.0000 synth_x0_ldif=0.0468 synth_x0_gen_adv=0.0918 synth_x0_lfm=-0.0014 synth_total=0.3459 extra_render_attn_share=0.5182
[step 152200] real_p1_mirror_hole_cov=0.0869 real_p1_eps=0.0015 real_p1_hole_frac=0.2328 real_p2_eps=0.0534 real_p2_hit=0.0000 real_total=0.0548 synth_eps=0.4010 synth_eps_raw=0.4010 synth_x0_hit=1.0000 synth_x0_t=105.0000 synth_x0_ldif=0.0506 synth_x0_gen_adv=0.0816 synth_x0_lfm=-0.0020 synth_total=0.4557 extra_render_attn_share=0.5182
[step 152250] real_p1_mirror_hole_cov=0.0067 real_p1_eps=0.0811 real_p1_hole_frac=0.2918 real_p2_eps=0.0183 real_p2_hit=0.0000 real_total=0.0995 synth_eps=0.3182 synth_eps_raw=0.3182 synth_x0_hit=1.0000 synth_x0_t=169.0000 synth_x0_ldif=0.0798 synth_x0_gen_adv=0.2960 synth_x0_lfm=-0.0038 synth_total=0.4199 extra_render_attn_share=0.5182
[step 152300] real_p1_mirror_hole_cov=0.0475 real_p1_eps=0.0486 real_p1_hole_frac=0.1251 real_p2_eps=0.0417 real_p2_hit=0.0000 real_total=0.0903 discr_adv=0.9572 x0_d_real=-0.6117 x0_d_fake=-0.6974 g_grad_abs=1020.8029 d_grad_abs=1310.1268 synth_eps=0.0361 synth_eps_raw=0.0361 synth_x0_hit=0.0000 synth_total=0.0361 extra_render_attn_share=0.5182
[step 152350] real_p1_mirror_hole_cov=0.0329 real_p1_eps=0.0224 real_p1_hole_frac=0.0531 real_p2_eps=0.0043 real_p2_hit=0.0000 real_total=0.0267 synth_eps=0.0572 synth_eps_raw=0.0572 synth_x0_hit=0.0000 synth_total=0.0572 extra_render_attn_share=0.5182
[step 152400] real_p1_mirror_hole_cov=0.3087 real_p1_eps=0.0011 real_p1_hole_frac=0.2963 real_p2_eps=0.0025 real_p2_hit=0.0000 real_total=0.0035 synth_eps=0.2460 synth_eps_raw=0.2460 synth_x0_hit=1.0000 synth_x0_t=296.0000 synth_x0_ldif=0.1659 synth_x0_gen_adv=-0.3232 synth_x0_lfm=-0.0047 synth_total=0.3702 extra_render_attn_share=0.5182
[step 152450] real_p1_mirror_hole_cov=0.0364 real_p1_eps=0.0074 real_p1_hole_frac=0.2605 real_p2_eps=0.0188 real_p2_hit=0.0000 real_total=0.0261 discr_adv=0.9395 x0_d_real=-0.2316 x0_d_fake=-0.3526 g_grad_abs=647.6472 d_grad_abs=683.0549 synth_eps=0.0328 synth_eps_raw=0.0328 synth_x0_hit=0.0000 synth_total=0.0328 extra_render_attn_share=0.5182
[step 152500] real_p1_mirror_hole_cov=0.0155 real_p1_eps=0.0055 real_p1_hole_frac=0.1767 real_p2_eps=0.0127 real_p2_hit=0.0000 real_total=0.0182 synth_eps=0.2862 synth_eps_raw=0.2862 synth_x0_hit=1.0000 synth_x0_t=173.0000 synth_x0_ldif=0.0740 synth_x0_gen_adv=0.1118 synth_x0_lfm=-0.0028 synth_total=0.3658 extra_render_attn_share=0.5182
[images] real: anchor | cond1 | cond2 | inv_warp_mirror | mask | mask_inv | warp_img | warp_warp_img | x | y_hat | y_hat_novel -> /home/xzy/warpgan-diffusiong-inpainting/warpgan-diffusion-inpainting-main/experiments/train_inpainting_diffusion/v19_w8_pixeld_300k/logs/images/train/real_step0152500.png
[images] synth: cond | mask | target | warp_img | x | y_hat_novel -> /home/xzy/warpgan-diffusiong-inpainting/warpgan-diffusion-inpainting-main/experiments/train_inpainting_diffusion/v19_w8_pixeld_300k/logs/images/train/synth_step0152500.png
[step 152550] real_p1_mirror_hole_cov=0.2146 real_p1_eps=0.0040 real_p1_hole_frac=0.0685 real_p2_eps=0.0055 real_p2_hit=0.0000 real_total=0.0095 synth_eps=0.2575 synth_eps_raw=0.2575 synth_x0_hit=1.0000 synth_x0_t=227.0000 synth_x0_ldif=0.1048 synth_x0_gen_adv=0.7120 synth_x0_lfm=-0.0029 synth_total=0.4277 extra_render_attn_share=0.5182
[step 152600] real_p1_mirror_hole_cov=0.0136 real_p1_eps=0.0031 real_p1_hole_frac=0.0533 real_p2_eps=0.0816 real_p2_hit=1.0000 real_p2_t=272.0000 real_p2_ldif=0.0464 real_p2_gen_adv=0.4213 real_p2_lfm=-0.0015 real_total=0.1702 discr_adv=1.0936 p2_d_real=-0.6086 p2_d_fake=-0.4213 g_grad_abs=1617.7580 d_grad_abs=832.2751 synth_eps=0.0027 synth_eps_raw=0.0027 synth_x0_hit=0.0000 synth_total=0.0027 extra_render_attn_share=0.5182
[step 152650] real_p1_mirror_hole_cov=0.0652 real_p1_eps=0.1084 real_p1_hole_frac=0.5478 real_p2_eps=0.1014 real_p2_hit=0.0000 real_total=0.2098 synth_eps=0.4839 synth_eps_raw=0.4839 synth_x0_hit=1.0000 synth_x0_t=65.0000 synth_x0_ldif=0.0334 synth_x0_gen_adv=-0.3194 synth_x0_lfm=-0.0014 synth_total=0.4826 extra_render_attn_share=0.5182
[step 152700] real_p1_mirror_hole_cov=0.0890 real_p1_gen_adv=7.1826 real_p1_gen_fm=0.1022 real_p1_eps=18.8202 real_p1_hole_frac=0.2293 real_p2_eps=0.5191 real_p2_hit=1.0000 real_p2_t=27.0000 real_p2_ldif=0.0135 real_p2_gen_adv=0.6402 real_p2_lfm=-0.0009 real_total=19.4150 discr_adv=0.9801 p1_discr_real_out=0.0595 p1_discr_fake_out=-0.0484 p1_discr_real_gp=0.1062 g_grad_abs=169772.4565 d_grad_abs=1062.4237 p2_d_real=-0.6005 p2_d_fake=-0.6402 synth_eps=0.0806 synth_eps_raw=0.0806 synth_x0_hit=0.0000 synth_total=0.0806 extra_render_attn_share=0.5182
[step 152750] real_p1_mirror_hole_cov=0.0064 real_p1_gen_adv=7.6632 real_p1_gen_fm=0.1287 real_p1_eps=21.7803 real_p1_hole_frac=0.3121 real_p2_eps=0.0104 real_p2_hit=0.0000 real_total=21.7907 discr_adv=0.9024 p1_discr_real_out=-0.1369 p1_discr_fake_out=-0.1394 p1_discr_real_gp=0.0501 g_grad_abs=266778.2449 d_grad_abs=1502.2338 x0_d_real=0.0935 x0_d_fake=-0.1018 synth_eps=0.0275 synth_eps_raw=0.0275 synth_x0_hit=0.0000 synth_total=0.0275 extra_render_attn_share=0.5182
[step 152800] real_p1_mirror_hole_cov=0.1812 real_p1_eps=0.0055 real_p1_hole_frac=0.2926 real_p2_eps=0.0752 real_p2_hit=0.0000 real_total=0.0807 synth_eps=0.2603 synth_eps_raw=0.2603 synth_x0_hit=1.0000 synth_x0_t=247.0000 synth_x0_ldif=0.1232 synth_x0_gen_adv=0.4222 synth_x0_lfm=-0.0023 synth_total=0.4212 extra_render_attn_share=0.5182
[step 152850] real_p1_mirror_hole_cov=0.0991 real_p1_eps=0.0110 real_p1_hole_frac=0.5733 real_p2_eps=0.0095 real_p2_hit=0.0000 real_total=0.0205 synth_eps=0.0199 synth_eps_raw=0.0199 synth_x0_hit=0.0000 synth_total=0.0199 extra_render_attn_share=0.5182
[step 152900] real_p1_mirror_hole_cov=0.0741 real_p1_gen_adv=8.2762 real_p1_gen_fm=0.0848 real_p1_eps=17.3938 real_p1_hole_frac=0.1354 real_p2_eps=0.0095 real_p2_hit=0.0000 real_total=17.4033 discr_adv=1.3766 p1_discr_real_out=-0.1075 p1_discr_fake_out=-0.2518 p1_discr_real_gp=0.0520 g_grad_abs=155515.7396 d_grad_abs=700.8377 synth_eps=0.0407 synth_eps_raw=0.0407 synth_x0_hit=0.0000 synth_total=0.0407 extra_render_attn_share=0.5182
[step 152950] real_p1_mirror_hole_cov=0.0673 real_p1_eps=0.0626 real_p1_hole_frac=0.1073 real_p2_eps=0.1993 real_p2_hit=1.0000 real_p2_t=176.0000 real_p2_ldif=0.0529 real_p2_gen_adv=-0.3287 real_p2_lfm=-0.0017 real_total=0.2785 discr_adv=0.9807 p2_d_real=0.3673 p2_d_fake=0.3287 g_grad_abs=2445.1356 d_grad_abs=510.9100 synth_eps=0.4232 synth_eps_raw=0.4232 synth_x0_hit=1.0000 synth_x0_t=80.0000 synth_x0_ldif=0.0376 synth_x0_gen_adv=0.2430 synth_x0_lfm=-0.0027 synth_total=0.4797 extra_render_attn_share=0.5182
[step 153000] real_p1_mirror_hole_cov=0.0085 real_p1_gen_adv=10.9555 real_p1_gen_fm=0.1965 real_p1_eps=32.6060 real_p1_hole_frac=0.4387 real_p2_eps=0.2422 real_p2_hit=1.0000 real_p2_t=148.0000 real_p2_ldif=0.0494 real_p2_gen_adv=0.8542 real_p2_lfm=-0.0016 real_total=32.9799 discr_adv=1.0432 p1_discr_real_out=-0.1149 p1_discr_fake_out=-0.6866 p1_discr_real_gp=0.0777 g_grad_abs=261129.7112 d_grad_abs=1345.8353 p2_d_real=-0.9318 p2_d_fake=-0.8542 synth_eps=0.2916 synth_eps_raw=0.2916 synth_x0_hit=1.0000 synth_x0_t=217.0000 synth_x0_ldif=0.1095 synth_x0_gen_adv=-0.0216 synth_x0_lfm=-0.0017 synth_total=0.3954 extra_render_attn_share=0.5182
[images] real: anchor | cond1 | cond2 | inv_warp_mirror | mask | mask_inv | p1_pred_x0 | warp_img | warp_warp_img | x | y_hat | y_hat_novel -> /home/xzy/warpgan-diffusiong-inpainting/warpgan-diffusion-inpainting-main/experiments/train_inpainting_diffusion/v19_w8_pixeld_300k/logs/images/train/real_step0153000.png
[images] synth: cond | mask | target | warp_img | x | y_hat_novel -> /home/xzy/warpgan-diffusiong-inpainting/warpgan-diffusion-inpainting-main/experiments/train_inpainting_diffusion/v19_w8_pixeld_300k/logs/images/train/synth_step0153000.png
[step 153050] real_p1_mirror_hole_cov=0.2138 real_p1_eps=0.1835 real_p1_hole_frac=0.5575 real_p2_eps=0.0590 real_p2_hit=0.0000 real_total=0.2424 synth_eps=0.0157 synth_eps_raw=0.0157 synth_x0_hit=0.0000 synth_total=0.0157 extra_render_attn_share=0.5182
[step 153100] real_p1_mirror_hole_cov=0.3492 real_p1_eps=0.0021 real_p1_hole_frac=0.1663 real_p2_eps=0.0075 real_p2_hit=0.0000 real_total=0.0096 discr_adv=0.9305 x0_d_real=-0.2925 x0_d_fake=-0.4315 g_grad_abs=196.8277 d_grad_abs=1225.0410 synth_eps=0.1534 synth_eps_raw=0.1534 synth_x0_hit=0.0000 synth_total=0.1534 extra_render_attn_share=0.5182
[step 153150] real_p1_mirror_hole_cov=0.0396 real_p1_eps=0.0790 real_p1_hole_frac=0.3240 real_p2_eps=0.1382 real_p2_hit=0.0000 real_total=0.2172 synth_eps=0.0354 synth_eps_raw=0.0354 synth_x0_hit=0.0000 synth_total=0.0354 extra_render_attn_share=0.5182
[step 153200] real_p1_mirror_hole_cov=0.3472 real_p1_eps=0.0211 real_p1_hole_frac=0.0135 real_p2_eps=0.0498 real_p2_hit=0.0000 real_total=0.0709 discr_adv=0.8930 x0_d_real=-0.1193 x0_d_fake=-0.3332 g_grad_abs=1024.8631 d_grad_abs=1910.9473 synth_eps=0.0684 synth_eps_raw=0.0684 synth_x0_hit=0.0000 synth_total=0.0684 extra_render_attn_share=0.5182
[step 153250] real_p1_mirror_hole_cov=0.1155 real_p1_eps=0.0014 real_p1_hole_frac=0.3603 real_p2_eps=0.6206 real_p2_hit=1.0000 real_p2_t=24.0000 real_p2_ldif=0.0143 real_p2_gen_adv=0.8198 real_p2_lfm=-0.0004 real_total=0.7175 discr_adv=0.9597 p2_d_real=-0.7390 p2_d_fake=-0.8198 g_grad_abs=1682.8652 d_grad_abs=1049.5970 synth_eps=0.0257 synth_eps_raw=0.0257 synth_x0_hit=0.0000 synth_total=0.0257 extra_render_attn_share=0.5182
[step 153300] real_p1_mirror_hole_cov=0.1568 real_p1_eps=0.1101 real_p1_hole_frac=0.3841 real_p2_eps=0.0079 real_p2_hit=0.0000 real_total=0.1180 synth_eps=0.0154 synth_eps_raw=0.0154 synth_x0_hit=0.0000 synth_total=0.0154 extra_render_attn_share=0.5182
[step 153350] real_p1_mirror_hole_cov=0.2357 real_p1_eps=0.0998 real_p1_hole_frac=0.5349 real_p2_eps=0.0959 real_p2_hit=0.0000 real_total=0.1956 synth_eps=0.0090 synth_eps_raw=0.0090 synth_x0_hit=0.0000 synth_total=0.0090 extra_render_attn_share=0.5182
[step 153400] real_p1_mirror_hole_cov=0.0331 real_p1_eps=0.0041 real_p1_hole_frac=0.2631 real_p2_eps=0.2027 real_p2_hit=1.0000 real_p2_t=244.0000 real_p2_ldif=0.0938 real_p2_gen_adv=-0.0859 real_p2_lfm=-0.0034 real_total=0.2853 discr_adv=1.0309 p2_d_real=0.0242 p2_d_fake=0.0859 g_grad_abs=3170.7860 d_grad_abs=934.4640 synth_eps=0.2665 synth_eps_raw=0.2665 synth_x0_hit=1.0000 synth_x0_t=219.0000 synth_x0_ldif=0.1017 synth_x0_gen_adv=0.2464 synth_x0_lfm=-0.0031 synth_total=0.3866 extra_render_attn_share=0.5182
[step 153450] real_p1_mirror_hole_cov=0.0678 real_p1_eps=0.0463 real_p1_hole_frac=0.3465 real_p2_eps=0.0418 real_p2_hit=0.0000 real_total=0.0880 discr_adv=0.9748 x0_d_real=-0.4516 x0_d_fake=-0.5023 g_grad_abs=819.3888 d_grad_abs=779.6752 synth_eps=0.0272 synth_eps_raw=0.0272 synth_x0_hit=0.0000 synth_total=0.0272 extra_render_attn_share=0.5182
[step 153500] real_p1_mirror_hole_cov=0.0617 real_p1_eps=0.0335 real_p1_hole_frac=0.3603 real_p2_eps=0.4620 real_p2_hit=1.0000 real_p2_t=41.0000 real_p2_ldif=0.0188 real_p2_gen_adv=0.7367 real_p2_lfm=-0.0017 real_total=0.5846 discr_adv=0.9759 p2_d_real=-0.6885 p2_d_fake=-0.7367 g_grad_abs=2774.2051 d_grad_abs=914.4240 synth_eps=0.1043 synth_eps_raw=0.1043 synth_x0_hit=0.0000 synth_total=0.1043 extra_render_attn_share=0.5182
[images] real: anchor | cond1 | cond2 | inv_warp_mirror | mask | mask_inv | warp_img | warp_warp_img | x | y_hat | y_hat_novel -> /home/xzy/warpgan-diffusiong-inpainting/warpgan-diffusion-inpainting-main/experiments/train_inpainting_diffusion/v19_w8_pixeld_300k/logs/images/train/real_step0153500.png
[images] synth: cond | mask | target | warp_img | x | y_hat_novel -> /home/xzy/warpgan-diffusiong-inpainting/warpgan-diffusion-inpainting-main/experiments/train_inpainting_diffusion/v19_w8_pixeld_300k/logs/images/train/synth_step0153500.png
[step 153550] real_p1_mirror_hole_cov=0.1359 real_p1_gen_adv=6.9566 real_p1_gen_fm=0.1908 real_p1_eps=28.0260 real_p1_hole_frac=0.2865 real_p2_eps=0.0311 real_p2_hit=0.0000 real_total=28.0572 discr_adv=1.3810 p1_discr_real_out=0.0839 p1_discr_fake_out=-0.0032 p1_discr_real_gp=0.0357 g_grad_abs=211207.0132 d_grad_abs=851.1854 synth_eps=0.0213 synth_eps_raw=0.0213 synth_x0_hit=0.0000 synth_total=0.0213 extra_render_attn_share=0.5182
[step 153600] real_p1_mirror_hole_cov=0.2559 real_p1_eps=0.0029 real_p1_hole_frac=0.1121 real_p2_eps=0.0032 real_p2_hit=0.0000 real_total=0.0061 discr_adv=0.9585 x0_d_real=0.3155 x0_d_fake=0.2326 g_grad_abs=160.3760 d_grad_abs=893.6783 synth_eps=0.0089 synth_eps_raw=0.0089 synth_x0_hit=0.0000 synth_total=0.0089 extra_render_attn_share=0.5182
[step 153650] real_p1_mirror_hole_cov=0.0456 real_p1_eps=0.0875 real_p1_hole_frac=0.6235 real_p2_eps=0.0979 real_p2_hit=0.0000 real_total=0.1854 synth_eps=0.0144 synth_eps_raw=0.0144 synth_x0_hit=0.0000 synth_total=0.0144 extra_render_attn_share=0.5182
[step 153700] real_p1_mirror_hole_cov=0.0704 real_p1_eps=0.0241 real_p1_hole_frac=0.4875 real_p2_eps=0.3206 real_p2_hit=1.0000 real_p2_t=150.0000 real_p2_ldif=0.0667 real_p2_gen_adv=-0.8532 real_p2_lfm=-0.0018 real_total=0.3225 discr_adv=0.9771 p2_d_real=0.8989 p2_d_fake=0.8532 g_grad_abs=1915.7307 d_grad_abs=1042.3514 synth_eps=0.0684 synth_eps_raw=0.0684 synth_x0_hit=0.0000 synth_total=0.0684 extra_render_attn_share=0.5182
[step 153750] real_p1_mirror_hole_cov=0.0479 real_p1_eps=0.0032 real_p1_hole_frac=0.4138 real_p2_eps=0.0201 real_p2_hit=0.0000 real_total=0.0232 synth_eps=0.0296 synth_eps_raw=0.0296 synth_x0_hit=0.0000 synth_total=0.0296 extra_render_attn_share=0.5182
[step 153800] real_p1_mirror_hole_cov=0.0055 real_p1_eps=0.0249 real_p1_hole_frac=0.0686 real_p2_eps=0.0702 real_p2_hit=0.0000 real_total=0.0950 synth_eps=0.0727 synth_eps_raw=0.0727 synth_x0_hit=0.0000 synth_total=0.0727 extra_render_attn_share=0.5182
[step 153850] real_p1_mirror_hole_cov=0.0754 real_p1_eps=0.0124 real_p1_hole_frac=0.0981 real_p2_eps=0.0300 real_p2_hit=0.0000 real_total=0.0424 discr_adv=0.9231 x0_d_real=-0.3398 x0_d_fake=-0.4935 g_grad_abs=434.0272 d_grad_abs=1518.4068 synth_eps=0.0323 synth_eps_raw=0.0323 synth_x0_hit=0.0000 synth_total=0.0323 extra_render_attn_share=0.5182
[step 153900] real_p1_mirror_hole_cov=0.0127 real_p1_eps=0.1255 real_p1_hole_frac=0.4098 real_p2_eps=0.2510 real_p2_hit=1.0000 real_p2_t=215.0000 real_p2_ldif=0.0927 real_p2_gen_adv=0.8325 real_p2_lfm=-0.0039 real_total=0.5447 discr_adv=2.0151 x0_d_real=0.9395 x0_d_fake=0.9286 p2_d_real=-0.8700 p2_d_fake=-0.8325 g_grad_abs=2957.7479 d_grad_abs=810.3038 synth_eps=0.2694 synth_eps_raw=0.2694 synth_x0_hit=1.0000 synth_x0_t=236.0000 synth_x0_ldif=0.1173 synth_x0_gen_adv=0.0518 synth_x0_lfm=-0.0024 synth_total=0.3871 extra_render_attn_share=0.5182
[step 153950] real_p1_mirror_hole_cov=0.1407 real_p1_eps=0.0220 real_p1_hole_frac=0.7100 real_p2_eps=0.0605 real_p2_hit=0.0000 real_total=0.0826 synth_eps=0.1609 synth_eps_raw=0.1609 synth_x0_hit=0.0000 synth_total=0.1609 extra_render_attn_share=0.5182
[val step 153999] val_novel_full=0.1000 val_novel_hole=0.1160 val_novel_visible=0.0902
[step 154000] real_p1_mirror_hole_cov=0.1568 real_p1_eps=0.0032 real_p1_hole_frac=0.6101 real_p2_eps=0.0139 real_p2_hit=0.0000 real_total=0.0171 synth_eps=0.0029 synth_eps_raw=0.0029 synth_x0_hit=0.0000 synth_total=0.0029 extra_render_attn_share=0.5216
[images] real: anchor | cond1 | cond2 | inv_warp_mirror | mask | mask_inv | warp_img | warp_warp_img | x | y_hat | y_hat_novel -> /home/xzy/warpgan-diffusiong-inpainting/warpgan-diffusion-inpainting-main/experiments/train_inpainting_diffusion/v19_w8_pixeld_300k/logs/images/train/real_step0154000.png
[images] synth: cond | mask | target | warp_img | x | y_hat_novel -> /home/xzy/warpgan-diffusiong-inpainting/warpgan-diffusion-inpainting-main/experiments/train_inpainting_diffusion/v19_w8_pixeld_300k/logs/images/train/synth_step0154000.png
[step 154050] real_p1_mirror_hole_cov=0.0904 real_p1_gen_adv=7.7459 real_p1_gen_fm=0.1463 real_p1_eps=24.6011 real_p1_hole_frac=0.2111 real_p2_eps=0.0676 real_p2_hit=0.0000 real_total=24.6687 discr_adv=0.9033 p1_discr_real_out=0.1411 p1_discr_fake_out=-0.1549 p1_discr_real_gp=0.0479 g_grad_abs=150403.8049 d_grad_abs=1373.1089 x0_d_real=0.0442 x0_d_fake=-0.1496 synth_eps=0.0033 synth_eps_raw=0.0033 synth_x0_hit=0.0000 synth_total=0.0033 extra_render_attn_share=0.5216
[step 154100] real_p1_mirror_hole_cov=0.0673 real_p1_gen_adv=6.8089 real_p1_gen_fm=0.1224 real_p1_eps=20.0720 real_p1_hole_frac=0.0891 real_p2_eps=0.0041 real_p2_hit=0.0000 real_total=20.0761 discr_adv=1.3773 p1_discr_real_out=0.1509 p1_discr_fake_out=0.0281 p1_discr_real_gp=0.0462 g_grad_abs=389138.5950 d_grad_abs=1334.4953 synth_eps=0.0039 synth_eps_raw=0.0039 synth_x0_hit=0.0000 synth_total=0.0039 extra_render_attn_share=0.5216
[step 154150] real_p1_mirror_hole_cov=0.2437 real_p1_eps=0.0249 real_p1_hole_frac=0.4996 real_p2_eps=0.0049 real_p2_hit=0.0000 real_total=0.0299 synth_eps=0.0112 synth_eps_raw=0.0112 synth_x0_hit=0.0000 synth_total=0.0112 extra_render_attn_share=0.5216
[step 154200] real_p1_mirror_hole_cov=0.0049 real_p1_eps=0.0943 real_p1_hole_frac=0.0088 real_p2_eps=0.4891 real_p2_hit=1.0000 real_p2_t=8.0000 real_p2_ldif=0.0038 real_p2_gen_adv=-0.9739 real_p2_lfm=-0.0001 real_total=0.4896 discr_adv=1.0079 p2_d_real=0.9755 p2_d_fake=0.9739 g_grad_abs=2987.4001 d_grad_abs=609.6480 synth_eps=0.1155 synth_eps_raw=0.1155 synth_x0_hit=0.0000 synth_total=0.1155 extra_render_attn_share=0.5216
[step 154250] real_p1_mirror_hole_cov=0.0118 real_p1_gen_adv=9.2144 real_p1_gen_fm=0.1724 real_p1_eps=29.0026 real_p1_hole_frac=0.1794 real_p2_eps=0.0202 real_p2_hit=0.0000 real_total=29.0227 discr_adv=1.3099 p1_discr_real_out=-0.0461 p1_discr_fake_out=-0.4127 p1_discr_real_gp=0.0840 g_grad_abs=82809.1675 d_grad_abs=1086.9930 synth_eps=0.0236 synth_eps_raw=0.0236 synth_x0_hit=0.0000 synth_total=0.0236 extra_render_attn_share=0.5216
[step 154300] real_p1_mirror_hole_cov=0.1038 real_p1_gen_adv=7.6512 real_p1_gen_fm=0.1629 real_p1_eps=25.6228 real_p1_hole_frac=0.1717 real_p2_eps=0.0152 real_p2_hit=0.0000 real_total=25.6380 discr_adv=1.2083 p1_discr_real_out=0.2715 p1_discr_fake_out=-0.1382 p1_discr_real_gp=0.0142 g_grad_abs=145947.6500 d_grad_abs=1183.2196 synth_eps=0.3399 synth_eps_raw=0.3399 synth_x0_hit=1.0000 synth_x0_t=159.0000 synth_x0_ldif=0.0772 synth_x0_gen_adv=-0.8357 synth_x0_lfm=-0.0019 synth_total=0.3296 extra_render_attn_share=0.5216
[step 154350] real_p1_mirror_hole_cov=0.0612 real_p1_eps=0.0299 real_p1_hole_frac=0.4397 real_p2_eps=0.0198 real_p2_hit=0.0000 real_total=0.0498 discr_adv=0.9095 x0_d_real=-0.4891 x0_d_fake=-0.6702 g_grad_abs=597.4062 d_grad_abs=1074.6021 synth_eps=0.2767 synth_eps_raw=0.2767 synth_x0_hit=1.0000 synth_x0_t=211.0000 synth_x0_ldif=0.0990 synth_x0_gen_adv=-0.5026 synth_x0_lfm=-0.0040 synth_total=0.3174 extra_render_attn_share=0.5216
[step 154400] real_p1_mirror_hole_cov=0.0091 real_p1_eps=0.0304 real_p1_hole_frac=0.3891 real_p2_eps=0.1346 real_p2_hit=0.0000 real_total=0.1650 synth_eps=0.3169 synth_eps_raw=0.3169 synth_x0_hit=1.0000 synth_x0_t=183.0000 synth_x0_ldif=0.0896 synth_x0_gen_adv=-0.3222 synth_x0_lfm=-0.0005 synth_total=0.3732 extra_render_attn_share=0.5216
[step 154450] real_p1_mirror_hole_cov=0.4451 real_p1_eps=0.0445 real_p1_hole_frac=0.6435 real_p2_eps=0.0578 real_p2_hit=0.0000 real_total=0.1023 discr_adv=0.8529 x0_d_real=-0.1646 x0_d_fake=-0.4588 g_grad_abs=884.9178 d_grad_abs=1352.0070 synth_eps=0.3847 synth_eps_raw=0.3847 synth_x0_hit=1.0000 synth_x0_t=125.0000 synth_x0_ldif=0.0615 synth_x0_gen_adv=0.7605 synth_x0_lfm=-0.0009 synth_total=0.5204 extra_render_attn_share=0.5216
[step 154500] real_p1_mirror_hole_cov=0.1361 real_p1_eps=0.0057 real_p1_hole_frac=0.3881 real_p2_eps=0.0508 real_p2_hit=0.0000 real_total=0.0565 synth_eps=0.0065 synth_eps_raw=0.0065 synth_x0_hit=0.0000 synth_total=0.0065 extra_render_attn_share=0.5216
[images] real: anchor | cond1 | cond2 | inv_warp_mirror | mask | mask_inv | warp_img | warp_warp_img | x | y_hat | y_hat_novel -> /home/xzy/warpgan-diffusiong-inpainting/warpgan-diffusion-inpainting-main/experiments/train_inpainting_diffusion/v19_w8_pixeld_300k/logs/images/train/real_step0154500.png
[images] synth: cond | mask | target | warp_img | x | y_hat_novel -> /home/xzy/warpgan-diffusiong-inpainting/warpgan-diffusion-inpainting-main/experiments/train_inpainting_diffusion/v19_w8_pixeld_300k/logs/images/train/synth_step0154500.png
[step 154550] real_p1_mirror_hole_cov=0.0129 real_p1_eps=0.0405 real_p1_hole_frac=0.2520 real_p2_eps=0.4939 real_p2_hit=1.0000 real_p2_t=32.0000 real_p2_ldif=0.0154 real_p2_gen_adv=-0.7690 real_p2_lfm=-0.0007 real_total=0.4714 discr_adv=0.9760 p2_d_real=0.8170 p2_d_fake=0.7690 g_grad_abs=2106.1250 d_grad_abs=1254.5232 synth_eps=0.1153 synth_eps_raw=0.1153 synth_x0_hit=0.0000 synth_total=0.1153 extra_render_attn_share=0.5216
[step 154600] real_p1_mirror_hole_cov=0.0198 real_p1_eps=0.0156 real_p1_hole_frac=0.3334 real_p2_eps=0.0129 real_p2_hit=0.0000 real_total=0.0285 synth_eps=0.1097 synth_eps_raw=0.1097 synth_x0_hit=0.0000 synth_total=0.1097 extra_render_attn_share=0.5216
[step 154650] real_p1_mirror_hole_cov=0.0001 real_p1_eps=0.0020 real_p1_hole_frac=0.0854 real_p2_eps=0.0107 real_p2_hit=0.0000 real_total=0.0127 synth_eps=0.0444 synth_eps_raw=0.0444 synth_x0_hit=0.0000 synth_total=0.0444 extra_render_attn_share=0.5216
[step 154700] real_p1_mirror_hole_cov=0.3028 real_p1_gen_adv=7.2222 real_p1_gen_fm=0.1491 real_p1_eps=23.4889 real_p1_hole_frac=0.1672 real_p2_eps=0.0037 real_p2_hit=0.0000 real_total=23.4926 discr_adv=1.3229 p1_discr_real_out=0.1175 p1_discr_fake_out=-0.0565 p1_discr_real_gp=0.0207 g_grad_abs=272979.9365 d_grad_abs=361.5808 synth_eps=0.0240 synth_eps_raw=0.0240 synth_x0_hit=0.0000 synth_total=0.0240 extra_render_attn_share=0.5216
[step 154750] real_p1_mirror_hole_cov=0.0083 real_p1_gen_adv=8.2420 real_p1_gen_fm=0.1174 real_p1_eps=20.9539 real_p1_hole_frac=0.2911 real_p2_eps=0.0702 real_p2_hit=0.0000 real_total=21.0241 discr_adv=1.4140 p1_discr_real_out=-0.0571 p1_discr_fake_out=-0.2448 p1_discr_real_gp=0.1113 g_grad_abs=251259.5417 d_grad_abs=2643.0057 synth_eps=0.0520 synth_eps_raw=0.0520 synth_x0_hit=0.0000 synth_total=0.0520 extra_render_attn_share=0.5216
[step 154800] real_p1_mirror_hole_cov=0.0773 real_p1_eps=0.0073 real_p1_hole_frac=0.4471 real_p2_eps=0.0294 real_p2_hit=0.0000 real_total=0.0368 synth_eps=0.3778 synth_eps_raw=0.3778 synth_x0_hit=1.0000 synth_x0_t=86.0000 synth_x0_ldif=0.0368 synth_x0_gen_adv=-0.4869 synth_x0_lfm=-0.0013 synth_total=0.3633 extra_render_attn_share=0.5216
[step 154850] real_p1_mirror_hole_cov=0.1414 real_p1_eps=0.0511 real_p1_hole_frac=0.3449 real_p2_eps=0.1012 real_p2_hit=0.0000 real_total=0.1522 synth_eps=0.0032 synth_eps_raw=0.0032 synth_x0_hit=0.0000 synth_total=0.0032 extra_render_attn_share=0.5216
[step 154900] real_p1_mirror_hole_cov=0.2291 real_p1_eps=0.0673 real_p1_hole_frac=0.5356 real_p2_eps=0.0082 real_p2_hit=0.0000 real_total=0.0756 synth_eps=0.0089 synth_eps_raw=0.0089 synth_x0_hit=0.0000 synth_total=0.0089 extra_render_attn_share=0.5216
[step 154950] real_p1_mirror_hole_cov=0.0453 real_p1_eps=0.0405 real_p1_hole_frac=0.0243 real_p2_eps=0.0368 real_p2_hit=0.0000 real_total=0.0773 synth_eps=0.0042 synth_eps_raw=0.0042 synth_x0_hit=0.0000 synth_total=0.0042 extra_render_attn_share=0.5216
[step 155000] real_p1_mirror_hole_cov=0.0410 real_p1_gen_adv=9.0094 real_p1_gen_fm=0.1928 real_p1_eps=30.5273 real_p1_hole_frac=0.1442 real_p2_eps=0.0435 real_p2_hit=0.0000 real_total=30.5708 discr_adv=0.9429 p1_discr_real_out=0.2392 p1_discr_fake_out=-0.3756 p1_discr_real_gp=0.0457 g_grad_abs=173266.7750 d_grad_abs=1624.5295 x0_d_real=0.7672 x0_d_fake=0.6531 synth_eps=0.0200 synth_eps_raw=0.0200 synth_x0_hit=0.0000 synth_total=0.0200 extra_render_attn_share=0.5216
[images] real: anchor | cond1 | cond2 | inv_warp_mirror | mask | mask_inv | p1_pred_x0 | warp_img | warp_warp_img | x | y_hat | y_hat_novel -> /home/xzy/warpgan-diffusiong-inpainting/warpgan-diffusion-inpainting-main/experiments/train_inpainting_diffusion/v19_w8_pixeld_300k/logs/images/train/real_step0155000.png
[images] synth: cond | mask | target | warp_img | x | y_hat_novel -> /home/xzy/warpgan-diffusiong-inpainting/warpgan-diffusion-inpainting-main/experiments/train_inpainting_diffusion/v19_w8_pixeld_300k/logs/images/train/synth_step0155000.png
[step 155050] real_p1_mirror_hole_cov=0.1050 real_p1_eps=0.0091 real_p1_hole_frac=0.3642 real_p2_eps=0.0682 real_p2_hit=0.0000 real_total=0.0773 synth_eps=0.2000 synth_eps_raw=0.2000 synth_x0_hit=1.0000 synth_x0_t=297.0000 synth_x0_ldif=0.1358 synth_x0_gen_adv=0.1532 synth_x0_lfm=-0.0029 synth_total=0.3453 extra_render_attn_share=0.5216
[step 155100] real_p1_mirror_hole_cov=0.0751 real_p1_eps=0.0257 real_p1_hole_frac=0.4934 real_p2_eps=0.1361 real_p2_hit=0.0000 real_total=0.1618 synth_eps=0.0575 synth_eps_raw=0.0575 synth_x0_hit=0.0000 synth_total=0.0575 extra_render_attn_share=0.5216
[step 155150] real_p1_mirror_hole_cov=0.0507 real_p1_eps=0.0028 real_p1_hole_frac=0.4342 real_p2_eps=0.0989 real_p2_hit=0.0000 real_total=0.1017 discr_adv=0.9894 x0_d_real=0.7968 x0_d_fake=0.7754 g_grad_abs=659.5291 d_grad_abs=1452.2856 synth_eps=0.3840 synth_eps_raw=0.3840 synth_x0_hit=1.0000 synth_x0_t=126.0000 synth_x0_ldif=0.0621 synth_x0_gen_adv=-0.6948 synth_x0_lfm=-0.0014 synth_total=0.3738 extra_render_attn_share=0.5216
[step 155200] real_p1_mirror_hole_cov=0.4287 real_p1_eps=0.1167 real_p1_hole_frac=0.4106 real_p2_eps=0.4492 real_p2_hit=1.0000 real_p2_t=53.0000 real_p2_ldif=0.0244 real_p2_gen_adv=0.3635 real_p2_lfm=-0.0016 real_total=0.6235 discr_adv=1.9543 x0_d_real=-0.5657 x0_d_fake=-0.5729 p2_d_real=-0.2792 p2_d_fake=-0.3635 g_grad_abs=2468.1070 d_grad_abs=736.0106 synth_eps=0.4467 synth_eps_raw=0.4467 synth_x0_hit=1.0000 synth_x0_t=90.0000 synth_x0_ldif=0.0461 synth_x0_gen_adv=-0.8378 synth_x0_lfm=-0.0008 synth_total=0.4075 extra_render_attn_share=0.5216
[step 155250] real_p1_mirror_hole_cov=0.1831 real_p1_eps=0.0512 real_p1_hole_frac=0.3893 real_p2_eps=0.0079 real_p2_hit=0.0000 real_total=0.0591 synth_eps=0.0042 synth_eps_raw=0.0042 synth_x0_hit=0.0000 synth_total=0.0042 extra_render_attn_share=0.5216
[step 155300] real_p1_mirror_hole_cov=0.1380 real_p1_eps=0.0151 real_p1_hole_frac=0.3071 real_p2_eps=0.0099 real_p2_hit=0.0000 real_total=0.0250 synth_eps=0.2235 synth_eps_raw=0.2235 synth_x0_hit=1.0000 synth_x0_t=261.0000 synth_x0_ldif=0.1174 synth_x0_gen_adv=-0.8968 synth_x0_lfm=-0.0018 synth_total=0.2475 extra_render_attn_share=0.5216
[step 155350] real_p1_mirror_hole_cov=0.0075 real_p1_eps=0.0098 real_p1_hole_frac=0.3302 real_p2_eps=0.0729 real_p2_hit=0.0000 real_total=0.0826 synth_eps=0.0017 synth_eps_raw=0.0017 synth_x0_hit=0.0000 synth_total=0.0017 extra_render_attn_share=0.5216
[step 155400] real_p1_mirror_hole_cov=0.0173 real_p1_eps=0.0037 real_p1_hole_frac=0.0479 real_p2_eps=0.0047 real_p2_hit=0.0000 real_total=0.0084 synth_eps=0.1163 synth_eps_raw=0.1163 synth_x0_hit=0.0000 synth_total=0.1163 extra_render_attn_share=0.5216
[step 155450] real_p1_mirror_hole_cov=0.0557 real_p1_eps=0.0215 real_p1_hole_frac=0.1155 real_p2_eps=0.0556 real_p2_hit=0.0000 real_total=0.0771 synth_eps=0.0446 synth_eps_raw=0.0446 synth_x0_hit=0.0000 synth_total=0.0446 extra_render_attn_share=0.5216
[step 155500] real_p1_mirror_hole_cov=0.1832 real_p1_gen_adv=8.2689 real_p1_gen_fm=0.1213 real_p1_eps=22.1160 real_p1_hole_frac=0.2486 real_p2_eps=0.0415 real_p2_hit=0.0000 real_total=22.1575 discr_adv=0.8570 p1_discr_real_out=-0.0709 p1_discr_fake_out=-0.2500 p1_discr_real_gp=0.0366 g_grad_abs=239616.3129 d_grad_abs=1353.6358 x0_d_real=-0.1303 x0_d_fake=-0.4162 synth_eps=0.0063 synth_eps_raw=0.0063 synth_x0_hit=0.0000 synth_total=0.0063 extra_render_attn_share=0.5216
[images] real: anchor | cond1 | cond2 | inv_warp_mirror | mask | mask_inv | p1_pred_x0 | warp_img | warp_warp_img | x | y_hat | y_hat_novel -> /home/xzy/warpgan-diffusiong-inpainting/warpgan-diffusion-inpainting-main/experiments/train_inpainting_diffusion/v19_w8_pixeld_300k/logs/images/train/real_step0155500.png
[images] synth: cond | mask | target | warp_img | x | y_hat_novel -> /home/xzy/warpgan-diffusiong-inpainting/warpgan-diffusion-inpainting-main/experiments/train_inpainting_diffusion/v19_w8_pixeld_300k/logs/images/train/synth_step0155500.png
[step 155550] real_p1_mirror_hole_cov=0.0132 real_p1_gen_adv=7.4568 real_p1_gen_fm=0.1333 real_p1_eps=21.8602 real_p1_hole_frac=0.1765 real_p2_eps=0.2652 real_p2_hit=1.0000 real_p2_t=98.0000 real_p2_ldif=0.0305 real_p2_gen_adv=-0.9174 real_p2_lfm=-0.0014 real_total=22.0614 discr_adv=0.9929 p1_discr_real_out=0.0913 p1_discr_fake_out=-0.1006 p1_discr_real_gp=0.0394 g_grad_abs=270749.7552 d_grad_abs=407.6329 p2_d_real=0.9321 p2_d_fake=0.9174 synth_eps=0.0050 synth_eps_raw=0.0050 synth_x0_hit=0.0000 synth_total=0.0050 extra_render_attn_share=0.5216
[step 155600] real_p1_mirror_hole_cov=0.0134 real_p1_eps=0.0065 real_p1_hole_frac=0.3302 real_p2_eps=0.0575 real_p2_hit=0.0000 real_total=0.0640 synth_eps=0.0272 synth_eps_raw=0.0272 synth_x0_hit=0.0000 synth_total=0.0272 extra_render_attn_share=0.5216
[step 155650] real_p1_mirror_hole_cov=0.0524 real_p1_eps=0.0793 real_p1_hole_frac=0.5174 real_p2_eps=0.0057 real_p2_hit=0.0000 real_total=0.0850 synth_eps=0.0034 synth_eps_raw=0.0034 synth_x0_hit=0.0000 synth_total=0.0034 extra_render_attn_share=0.5216
[step 155700] real_p1_mirror_hole_cov=0.3030 real_p1_eps=0.0241 real_p1_hole_frac=0.4598 real_p2_eps=0.0957 real_p2_hit=0.0000 real_total=0.1197 synth_eps=0.0327 synth_eps_raw=0.0327 synth_x0_hit=0.0000 synth_total=0.0327 extra_render_attn_share=0.5216
[step 155750] real_p1_mirror_hole_cov=0.1309 real_p1_gen_adv=6.7836 real_p1_gen_fm=0.1223 real_p1_eps=20.1081 real_p1_hole_frac=0.0813 real_p2_eps=0.0059 real_p2_hit=0.0000 real_total=20.1140 discr_adv=0.9779 p1_discr_real_out=0.2387 p1_discr_fake_out=0.0320 p1_discr_real_gp=0.0243 g_grad_abs=187915.4389 d_grad_abs=753.6874 x0_d_real=-0.6912 x0_d_fake=-0.7355 synth_eps=0.0125 synth_eps_raw=0.0125 synth_x0_hit=0.0000 synth_total=0.0125 extra_render_attn_share=0.5216
[step 155800] real_p1_mirror_hole_cov=0.0048 real_p1_eps=0.0938 real_p1_hole_frac=0.2556 real_p2_eps=0.0275 real_p2_hit=0.0000 real_total=0.1213 synth_eps=0.0983 synth_eps_raw=0.0983 synth_x0_hit=0.0000 synth_total=0.0983 extra_render_attn_share=0.5216
[step 155850] real_p1_mirror_hole_cov=0.0394 real_p1_eps=0.0783 real_p1_hole_frac=0.2896 real_p2_eps=0.4076 real_p2_hit=1.0000 real_p2_t=37.0000 real_p2_ldif=0.0148 real_p2_gen_adv=0.7386 real_p2_lfm=-0.0009 real_total=0.5729 discr_adv=0.9778 p2_d_real=-0.6941 p2_d_fake=-0.7386 g_grad_abs=1818.3094 d_grad_abs=1410.4850 synth_eps=0.2575 synth_eps_raw=0.2575 synth_x0_hit=1.0000 synth_x0_t=191.0000 synth_x0_ldif=0.0780 synth_x0_gen_adv=-0.1140 synth_x0_lfm=-0.0024 synth_total=0.3192 extra_render_attn_share=0.5216
[step 155900] real_p1_mirror_hole_cov=0.0439 real_p1_gen_adv=6.8251 real_p1_gen_fm=0.1234 real_p1_eps=20.0726 real_p1_hole_frac=0.0956 real_p2_eps=0.0287 real_p2_hit=0.0000 real_total=20.1014 discr_adv=1.3427 p1_discr_real_out=0.2183 p1_discr_fake_out=0.0244 p1_discr_real_gp=0.0450 g_grad_abs=454926.9821 d_grad_abs=476.0115 synth_eps=0.2621 synth_eps_raw=0.2621 synth_x0_hit=1.0000 synth_x0_t=246.0000 synth_x0_ldif=0.1232 synth_x0_gen_adv=-0.7614 synth_x0_lfm=-0.0025 synth_total=0.3041 extra_render_attn_share=0.5216
[step 155950] real_p1_mirror_hole_cov=0.1255 real_p1_eps=0.0700 real_p1_hole_frac=0.2899 real_p2_eps=0.0446 real_p2_hit=0.0000 real_total=0.1145 discr_adv=0.9886 x0_d_real=-0.7500 x0_d_fake=-0.7727 g_grad_abs=684.9853 d_grad_abs=829.9648 synth_eps=0.0026 synth_eps_raw=0.0026 synth_x0_hit=0.0000 synth_total=0.0026 extra_render_attn_share=0.5216
[val step 155999] val_novel_full=0.0927 val_novel_hole=0.1059 val_novel_visible=0.0847
[step 156000] real_p1_mirror_hole_cov=0.2648 real_p1_eps=0.0035 real_p1_hole_frac=0.5132 real_p2_eps=0.2617 real_p2_hit=1.0000 real_p2_t=220.0000 real_p2_ldif=0.1006 real_p2_gen_adv=0.4639 real_p2_lfm=-0.0028 real_total=0.4065 discr_adv=0.8306 p2_d_real=-0.1251 p2_d_fake=-0.4639 g_grad_abs=5107.1480 d_grad_abs=1586.4369 synth_eps=0.2140 synth_eps_raw=0.2140 synth_x0_hit=1.0000 synth_x0_t=292.0000 synth_x0_ldif=0.1403 synth_x0_gen_adv=0.2435 synth_x0_lfm=-0.0036 synth_total=0.3714 extra_render_attn_share=0.5168
[images] real: anchor | cond1 | cond2 | inv_warp_mirror | mask | mask_inv | warp_img | warp_warp_img | x | y_hat | y_hat_novel -> /home/xzy/warpgan-diffusiong-inpainting/warpgan-diffusion-inpainting-main/experiments/train_inpainting_diffusion/v19_w8_pixeld_300k/logs/images/train/real_step0156000.png
[images] synth: cond | mask | target | warp_img | x | y_hat_novel -> /home/xzy/warpgan-diffusiong-inpainting/warpgan-diffusion-inpainting-main/experiments/train_inpainting_diffusion/v19_w8_pixeld_300k/logs/images/train/synth_step0156000.png
[step 156050] real_p1_mirror_hole_cov=0.3322 real_p1_eps=0.0263 real_p1_hole_frac=0.0852 real_p2_eps=0.0436 real_p2_hit=0.0000 real_total=0.0699 synth_eps=0.0096 synth_eps_raw=0.0096 synth_x0_hit=0.0000 synth_total=0.0096 extra_render_attn_share=0.5168
[step 156100] real_p1_mirror_hole_cov=0.0079 real_p1_eps=0.0235 real_p1_hole_frac=0.1260 real_p2_eps=0.0269 real_p2_hit=0.0000 real_total=0.0504 synth_eps=0.2073 synth_eps_raw=0.2073 synth_x0_hit=1.0000 synth_x0_t=240.0000 synth_x0_ldif=0.0931 synth_x0_gen_adv=-0.2558 synth_x0_lfm=-0.0002 synth_total=0.2744 extra_render_attn_share=0.5168
[step 156150] real_p1_mirror_hole_cov=0.2164 real_p1_eps=0.1101 real_p1_hole_frac=0.5268 real_p2_eps=0.0227 real_p2_hit=0.0000 real_total=0.1327 synth_eps=0.0031 synth_eps_raw=0.0031 synth_x0_hit=0.0000 synth_total=0.0031 extra_render_attn_share=0.5168
[step 156200] real_p1_mirror_hole_cov=0.1412 real_p1_gen_adv=6.9227 real_p1_gen_fm=0.1630 real_p1_eps=24.4224 real_p1_hole_frac=0.3337 real_p2_eps=0.0083 real_p2_hit=0.0000 real_total=24.4307 discr_adv=1.2301 p1_discr_real_out=0.4366 p1_discr_fake_out=0.0030 p1_discr_real_gp=0.0351 g_grad_abs=161039.3698 d_grad_abs=1163.6924 synth_eps=0.0041 synth_eps_raw=0.0041 synth_x0_hit=0.0000 synth_total=0.0041 extra_render_attn_share=0.5168
[step 156250] real_p1_mirror_hole_cov=0.2708 real_p1_eps=0.0032 real_p1_hole_frac=0.1781 real_p2_eps=0.0492 real_p2_hit=0.0000 real_total=0.0524 synth_eps=0.0181 synth_eps_raw=0.0181 synth_x0_hit=0.0000 synth_total=0.0181 extra_render_attn_share=0.5168
[step 156300] real_p1_mirror_hole_cov=0.3010 real_p1_eps=0.0058 real_p1_hole_frac=0.4375 real_p2_eps=0.0346 real_p2_hit=0.0000 real_total=0.0405 synth_eps=0.0072 synth_eps_raw=0.0072 synth_x0_hit=0.0000 synth_total=0.0072 extra_render_attn_share=0.5168
[step 156350] real_p1_mirror_hole_cov=0.0832 real_p1_eps=0.0554 real_p1_hole_frac=0.2401 real_p2_eps=0.0899 real_p2_hit=0.0000 real_total=0.1453 synth_eps=0.0140 synth_eps_raw=0.0140 synth_x0_hit=0.0000 synth_total=0.0140 extra_render_attn_share=0.5168
[step 156400] real_p1_mirror_hole_cov=0.1506 real_p1_eps=0.0525 real_p1_hole_frac=0.3893 real_p2_eps=0.0080 real_p2_hit=0.0000 real_total=0.0605 discr_adv=0.9866 x0_d_real=0.8103 x0_d_fake=0.7836 g_grad_abs=801.1628 d_grad_abs=512.7447 synth_eps=0.1274 synth_eps_raw=0.1274 synth_x0_hit=0.0000 synth_total=0.1274 extra_render_attn_share=0.5168
[step 156450] real_p1_mirror_hole_cov=0.0075 real_p1_eps=0.0825 real_p1_hole_frac=0.1796 real_p2_eps=0.2562 real_p2_hit=1.0000 real_p2_t=106.0000 real_p2_ldif=0.0327 real_p2_gen_adv=0.2313 real_p2_lfm=-0.0015 real_total=0.3916 discr_adv=1.2122 p2_d_real=-0.6558 p2_d_fake=-0.2313 g_grad_abs=4964.5465 d_grad_abs=3427.8083 synth_eps=0.3323 synth_eps_raw=0.3323 synth_x0_hit=1.0000 synth_x0_t=179.0000 synth_x0_ldif=0.0907 synth_x0_gen_adv=0.8044 synth_x0_lfm=-0.0023 synth_total=0.4988 extra_render_attn_share=0.5168
[step 156500] real_p1_mirror_hole_cov=0.0341 real_p1_eps=0.0636 real_p1_hole_frac=0.3514 real_p2_eps=0.0218 real_p2_hit=0.0000 real_total=0.0854 synth_eps=0.0425 synth_eps_raw=0.0425 synth_x0_hit=0.0000 synth_total=0.0425 extra_render_attn_share=0.5168
[images] real: anchor | cond1 | cond2 | inv_warp_mirror | mask | mask_inv | warp_img | warp_warp_img | x | y_hat | y_hat_novel -> /home/xzy/warpgan-diffusiong-inpainting/warpgan-diffusion-inpainting-main/experiments/train_inpainting_diffusion/v19_w8_pixeld_300k/logs/images/train/real_step0156500.png
[images] synth: cond | mask | target | warp_img | x | y_hat_novel -> /home/xzy/warpgan-diffusiong-inpainting/warpgan-diffusion-inpainting-main/experiments/train_inpainting_diffusion/v19_w8_pixeld_300k/logs/images/train/synth_step0156500.png
[step 156550] real_p1_mirror_hole_cov=0.0166 real_p1_eps=0.0184 real_p1_hole_frac=0.0788 real_p2_eps=0.0935 real_p2_hit=1.0000 real_p2_t=216.0000 real_p2_ldif=0.0348 real_p2_gen_adv=0.1717 real_p2_lfm=-0.0022 real_total=0.1594 discr_adv=1.3147 p2_d_real=-0.8010 p2_d_fake=-0.1717 g_grad_abs=3875.8414 d_grad_abs=1384.6359 synth_eps=0.0278 synth_eps_raw=0.0278 synth_x0_hit=0.0000 synth_total=0.0278 extra_render_attn_share=0.5168
[step 156600] real_p1_mirror_hole_cov=0.0308 real_p1_eps=0.0821 real_p1_hole_frac=0.3790 real_p2_eps=0.0297 real_p2_hit=0.0000 real_total=0.1118 discr_adv=0.9336 x0_d_real=0.5108 x0_d_fake=0.3781 g_grad_abs=772.9918 d_grad_abs=1312.4619 synth_eps=0.0156 synth_eps_raw=0.0156 synth_x0_hit=0.0000 synth_total=0.0156 extra_render_attn_share=0.5168
[step 156650] real_p1_mirror_hole_cov=0.0662 real_p1_eps=0.1340 real_p1_hole_frac=0.2377 real_p2_eps=0.0055 real_p2_hit=0.0000 real_total=0.1395 synth_eps=0.0265 synth_eps_raw=0.0265 synth_x0_hit=0.0000 synth_total=0.0265 extra_render_attn_share=0.5168
[step 156700] real_p1_mirror_hole_cov=0.0912 real_p1_gen_adv=6.8106 real_p1_gen_fm=0.0946 real_p1_eps=17.3644 real_p1_hole_frac=0.1578 real_p2_eps=0.0496 real_p2_hit=0.0000 real_total=17.4140 discr_adv=0.9961 p1_discr_real_out=0.1232 p1_discr_fake_out=0.0266 p1_discr_real_gp=0.0543 g_grad_abs=253651.7790 d_grad_abs=351.6522 x0_d_real=0.9036 x0_d_fake=0.8958 synth_eps=0.0360 synth_eps_raw=0.0360 synth_x0_hit=0.0000 synth_total=0.0360 extra_render_attn_share=0.5168
[step 156750] real_p1_mirror_hole_cov=0.0488 real_p1_eps=0.1310 real_p1_hole_frac=0.3424 real_p2_eps=0.4072 real_p2_hit=1.0000 real_p2_t=71.0000 real_p2_ldif=0.0313 real_p2_gen_adv=-0.9243 real_p2_lfm=-0.0001 real_total=0.4768 discr_adv=1.0012 p2_d_real=0.9220 p2_d_fake=0.9243 g_grad_abs=3800.4808 d_grad_abs=718.8289 synth_eps=0.0019 synth_eps_raw=0.0019 synth_x0_hit=0.0000 synth_total=0.0019 extra_render_attn_share=0.5168
[step 156800] real_p1_mirror_hole_cov=0.0958 real_p1_gen_adv=7.7073 real_p1_gen_fm=0.0773 real_p1_eps=16.8669 real_p1_hole_frac=0.0262 real_p2_eps=0.0621 real_p2_hit=0.0000 real_total=16.9290 discr_adv=1.4336 p1_discr_real_out=-0.0834 p1_discr_fake_out=-0.1480 p1_discr_real_gp=0.0743 g_grad_abs=317215.8043 d_grad_abs=714.8820 synth_eps=0.0121 synth_eps_raw=0.0121 synth_x0_hit=0.0000 synth_total=0.0121 extra_render_attn_share=0.5168
[step 156850] real_p1_mirror_hole_cov=0.1119 real_p1_eps=0.0052 real_p1_hole_frac=0.0949 real_p2_eps=0.0010 real_p2_hit=0.0000 real_total=0.0062 synth_eps=0.0684 synth_eps_raw=0.0684 synth_x0_hit=0.0000 synth_total=0.0684 extra_render_attn_share=0.5168
[step 156900] real_p1_mirror_hole_cov=0.1775 real_p1_eps=0.0420 real_p1_hole_frac=0.3383 real_p2_eps=0.0067 real_p2_hit=0.0000 real_total=0.0487 synth_eps=0.0494 synth_eps_raw=0.0494 synth_x0_hit=0.0000 synth_total=0.0494 extra_render_attn_share=0.5168
[step 156950] real_p1_mirror_hole_cov=0.0660 real_p1_gen_adv=7.1307 real_p1_gen_fm=0.0714 real_p1_eps=15.4226 real_p1_hole_frac=0.0516 real_p2_eps=0.0121 real_p2_hit=0.0000 real_total=15.4346 discr_adv=1.3473 p1_discr_real_out=0.1548 p1_discr_fake_out=-0.0378 p1_discr_real_gp=0.0527 g_grad_abs=118919.5080 d_grad_abs=1027.4215 synth_eps=0.0274 synth_eps_raw=0.0274 synth_x0_hit=0.0000 synth_total=0.0274 extra_render_attn_share=0.5168
[step 157000] real_p1_mirror_hole_cov=0.0165 real_p1_eps=0.0259 real_p1_hole_frac=0.4454 real_p2_eps=0.0090 real_p2_hit=0.0000 real_total=0.0349 discr_adv=0.9266 x0_d_real=0.7589 x0_d_fake=0.6122 g_grad_abs=1018.6167 d_grad_abs=1212.3352 synth_eps=0.2754 synth_eps_raw=0.2754 synth_x0_hit=1.0000 synth_x0_t=158.0000 synth_x0_ldif=0.0619 synth_x0_gen_adv=0.5431 synth_x0_lfm=-0.0026 synth_total=0.3865 extra_render_attn_share=0.5168
[images] real: anchor | cond1 | cond2 | inv_warp_mirror | mask | mask_inv | warp_img | warp_warp_img | x | y_hat | y_hat_novel -> /home/xzy/warpgan-diffusiong-inpainting/warpgan-diffusion-inpainting-main/experiments/train_inpainting_diffusion/v19_w8_pixeld_300k/logs/images/train/real_step0157000.png
[images] synth: cond | mask | target | warp_img | x | y_hat_novel -> /home/xzy/warpgan-diffusiong-inpainting/warpgan-diffusion-inpainting-main/experiments/train_inpainting_diffusion/v19_w8_pixeld_300k/logs/images/train/synth_step0157000.png
[step 157050] real_p1_mirror_hole_cov=0.1419 real_p1_eps=0.1106 real_p1_hole_frac=0.4070 real_p2_eps=0.2062 real_p2_hit=1.0000 real_p2_t=200.0000 real_p2_ldif=0.0674 real_p2_gen_adv=0.9489 real_p2_lfm=-0.0024 real_total=0.4744 discr_adv=2.0043 x0_d_real=-0.9416 x0_d_fake=-0.9431 p2_d_real=-0.9557 p2_d_fake=-0.9489 g_grad_abs=4160.3504 d_grad_abs=466.5083 synth_eps=0.0412 synth_eps_raw=0.0412 synth_x0_hit=0.0000 synth_total=0.0412 extra_render_attn_share=0.5168
[step 157100] real_p1_mirror_hole_cov=0.0290 real_p1_eps=0.0067 real_p1_hole_frac=0.0889 real_p2_eps=0.0096 real_p2_hit=0.0000 real_total=0.0163 synth_eps=0.2394 synth_eps_raw=0.2394 synth_x0_hit=1.0000 synth_x0_t=244.0000 synth_x0_ldif=0.1108 synth_x0_gen_adv=0.8689 synth_x0_lfm=-0.0028 synth_total=0.4314 extra_render_attn_share=0.5168
[step 157150] real_p1_mirror_hole_cov=0.0677 real_p1_gen_adv=7.0610 real_p1_gen_fm=0.2057 real_p1_eps=29.7772 real_p1_hole_frac=0.3996 real_p2_eps=0.0868 real_p2_hit=0.0000 real_total=29.8640 discr_adv=1.2812 p1_discr_real_out=0.2568 p1_discr_fake_out=-0.0242 p1_discr_real_gp=0.0255 g_grad_abs=170636.8038 d_grad_abs=991.7116 synth_eps=0.2567 synth_eps_raw=0.2567 synth_x0_hit=1.0000 synth_x0_t=227.0000 synth_x0_ldif=0.1043 synth_x0_gen_adv=-0.2501 synth_x0_lfm=-0.0034 synth_total=0.3291 extra_render_attn_share=0.5168
[step 157200] real_p1_mirror_hole_cov=0.0233 real_p1_gen_adv=8.1736 real_p1_gen_fm=0.1673 real_p1_eps=25.8401 real_p1_hole_frac=0.1788 real_p2_eps=0.0155 real_p2_hit=0.0000 real_total=25.8556 discr_adv=1.3300 p1_discr_real_out=0.0217 p1_discr_fake_out=-0.2294 p1_discr_real_gp=0.0577 g_grad_abs=189900.3579 d_grad_abs=584.1532 synth_eps=0.2496 synth_eps_raw=0.2496 synth_x0_hit=1.0000 synth_x0_t=243.0000 synth_x0_ldif=0.1147 synth_x0_gen_adv=-0.0817 synth_x0_lfm=-0.0055 synth_total=0.3451 extra_render_attn_share=0.5168
[step 157250] real_p1_mirror_hole_cov=0.0384 real_p1_eps=0.0013 real_p1_hole_frac=0.4551 real_p2_eps=0.0733 real_p2_hit=0.0000 real_total=0.0746 synth_eps=0.0230 synth_eps_raw=0.0230 synth_x0_hit=0.0000 synth_total=0.0230 extra_render_attn_share=0.5168
[step 157300] real_p1_mirror_hole_cov=0.1469 real_p1_gen_adv=7.7264 real_p1_gen_fm=0.1229 real_p1_eps=21.3629 real_p1_hole_frac=0.1598 real_p2_eps=0.0302 real_p2_hit=0.0000 real_total=21.3930 discr_adv=0.9201 p1_discr_real_out=-0.0031 p1_discr_fake_out=-0.1511 p1_discr_real_gp=0.0282 g_grad_abs=159575.1779 d_grad_abs=1073.9344 x0_d_real=-0.5051 x0_d_fake=-0.6648 synth_eps=0.0858 synth_eps_raw=0.0858 synth_x0_hit=0.0000 synth_total=0.0858 extra_render_attn_share=0.5168
[step 157350] real_p1_mirror_hole_cov=0.0335 real_p1_eps=0.0083 real_p1_hole_frac=0.3622 real_p2_eps=0.0374 real_p2_hit=0.0000 real_total=0.0458 synth_eps=0.0245 synth_eps_raw=0.0245 synth_x0_hit=0.0000 synth_total=0.0245 extra_render_attn_share=0.5168
[step 157400] real_p1_mirror_hole_cov=0.0196 real_p1_eps=0.0029 real_p1_hole_frac=0.1333 real_p2_eps=0.0345 real_p2_hit=0.0000 real_total=0.0374 synth_eps=0.0023 synth_eps_raw=0.0023 synth_x0_hit=0.0000 synth_total=0.0023 extra_render_attn_share=0.5168
[step 157450] real_p1_mirror_hole_cov=0.0199 real_p1_eps=0.0046 real_p1_hole_frac=0.3657 real_p2_eps=0.3721 real_p2_hit=1.0000 real_p2_t=78.0000 real_p2_ldif=0.0321 real_p2_gen_adv=-0.8286 real_p2_lfm=-0.0013 real_total=0.3234 discr_adv=0.9864 p2_d_real=0.8557 p2_d_fake=0.8286 g_grad_abs=1938.5525 d_grad_abs=977.8901 synth_eps=0.0028 synth_eps_raw=0.0028 synth_x0_hit=0.0000 synth_total=0.0028 extra_render_attn_share=0.5168
[step 157500] real_p1_mirror_hole_cov=0.1544 real_p1_eps=0.0187 real_p1_hole_frac=0.0878 real_p2_eps=0.0037 real_p2_hit=0.0000 real_total=0.0224 synth_eps=0.0047 synth_eps_raw=0.0047 synth_x0_hit=0.0000 synth_total=0.0047 extra_render_attn_share=0.5168
[images] real: anchor | cond1 | cond2 | inv_warp_mirror | mask | mask_inv | warp_img | warp_warp_img | x | y_hat | y_hat_novel -> /home/xzy/warpgan-diffusiong-inpainting/warpgan-diffusion-inpainting-main/experiments/train_inpainting_diffusion/v19_w8_pixeld_300k/logs/images/train/real_step0157500.png
[images] synth: cond | mask | target | warp_img | x | y_hat_novel -> /home/xzy/warpgan-diffusiong-inpainting/warpgan-diffusion-inpainting-main/experiments/train_inpainting_diffusion/v19_w8_pixeld_300k/logs/images/train/synth_step0157500.png
[step 157550] real_p1_mirror_hole_cov=0.0705 real_p1_eps=0.0160 real_p1_hole_frac=0.3462 real_p2_eps=0.0302 real_p2_hit=0.0000 real_total=0.0462 synth_eps=0.3790 synth_eps_raw=0.3790 synth_x0_hit=1.0000 synth_x0_t=162.0000 synth_x0_ldif=0.0885 synth_x0_gen_adv=-0.1784 synth_x0_lfm=-0.0021 synth_total=0.4455 extra_render_attn_share=0.5168
[step 157600] real_p1_mirror_hole_cov=0.2721 real_p1_gen_adv=8.7633 real_p1_gen_fm=0.2037 real_p1_eps=30.8300 real_p1_hole_frac=0.4651 real_p2_eps=0.0083 real_p2_hit=0.0000 real_total=30.8383 discr_adv=1.2194 p1_discr_real_out=0.1061 p1_discr_fake_out=-0.3358 p1_discr_real_gp=0.0365 g_grad_abs=228566.6631 d_grad_abs=1075.3717 synth_eps=0.1604 synth_eps_raw=0.1604 synth_x0_hit=1.0000 synth_x0_t=289.0000 synth_x0_ldif=0.1030 synth_x0_gen_adv=0.2453 synth_x0_lfm=-0.0036 synth_total=0.2807 extra_render_attn_share=0.5168
[step 157650] real_p1_mirror_hole_cov=0.0720 real_p1_eps=0.0633 real_p1_hole_frac=0.3268 real_p2_eps=0.0015 real_p2_hit=0.0000 real_total=0.0648 discr_adv=0.9323 x0_d_real=0.0570 x0_d_fake=-0.0783 g_grad_abs=428.2375 d_grad_abs=618.8477 synth_eps=0.6009 synth_eps_raw=0.6009 synth_x0_hit=1.0000 synth_x0_t=31.0000 synth_x0_ldif=0.0181 synth_x0_gen_adv=0.9530 synth_x0_lfm=-0.0009 synth_total=0.7125 extra_render_attn_share=0.5168
[step 157700] real_p1_mirror_hole_cov=0.0688 real_p1_gen_adv=7.0174 real_p1_gen_fm=0.1400 real_p1_eps=21.9774 real_p1_hole_frac=0.2259 real_p2_eps=0.0017 real_p2_hit=0.0000 real_total=21.9791 discr_adv=1.3554 p1_discr_real_out=0.1237 p1_discr_fake_out=-0.0159 p1_discr_real_gp=0.0357 g_grad_abs=198001.6423 d_grad_abs=431.9682 synth_eps=0.0607 synth_eps_raw=0.0607 synth_x0_hit=0.0000 synth_total=0.0607 extra_render_attn_share=0.5168
[step 157750] real_p1_mirror_hole_cov=0.0729 real_p1_gen_adv=7.0200 real_p1_gen_fm=0.2234 real_p1_eps=30.8610 real_p1_hole_frac=0.3108 real_p2_eps=0.0162 real_p2_hit=0.0000 real_total=30.8772 discr_adv=1.2909 p1_discr_real_out=0.2160 p1_discr_fake_out=-0.0169 p1_discr_real_gp=0.0143 g_grad_abs=269390.6418 d_grad_abs=947.3087 synth_eps=0.0873 synth_eps_raw=0.0873 synth_x0_hit=0.0000 synth_total=0.0873 extra_render_attn_share=0.5168
[step 157800] real_p1_mirror_hole_cov=0.0423 real_p1_gen_adv=7.1562 real_p1_gen_fm=0.1368 real_p1_eps=22.0234 real_p1_hole_frac=0.5301 real_p2_eps=0.0207 real_p2_hit=0.0000 real_total=22.0441 discr_adv=1.3516 p1_discr_real_out=0.0941 p1_discr_fake_out=-0.0436 p1_discr_real_gp=0.0319 g_grad_abs=221126.0732 d_grad_abs=867.9594 synth_eps=0.2809 synth_eps_raw=0.2809 synth_x0_hit=1.0000 synth_x0_t=177.0000 synth_x0_ldif=0.0754 synth_x0_gen_adv=-0.1370 synth_x0_lfm=-0.0032 synth_total=0.3361 extra_render_attn_share=0.5168
[step 157850] real_p1_mirror_hole_cov=0.1060 real_p1_gen_adv=7.8704 real_p1_gen_fm=0.1103 real_p1_eps=20.7283 real_p1_hole_frac=0.1744 real_p2_eps=0.0041 real_p2_hit=0.0000 real_total=20.7324 discr_adv=1.3117 p1_discr_real_out=0.0617 p1_discr_fake_out=-0.1789 p1_discr_real_gp=0.0404 g_grad_abs=176671.1729 d_grad_abs=409.1331 synth_eps=0.3891 synth_eps_raw=0.3891 synth_x0_hit=1.0000 synth_x0_t=105.0000 synth_x0_ldif=0.0491 synth_x0_gen_adv=0.5242 synth_x0_lfm=-0.0024 synth_total=0.4859 extra_render_attn_share=0.5168
[step 157900] real_p1_mirror_hole_cov=0.1245 real_p1_eps=0.0357 real_p1_hole_frac=0.0251 real_p2_eps=0.0069 real_p2_hit=0.0000 real_total=0.0426 synth_eps=0.3785 synth_eps_raw=0.3785 synth_x0_hit=1.0000 synth_x0_t=131.0000 synth_x0_ldif=0.0647 synth_x0_gen_adv=-0.6624 synth_x0_lfm=-0.0024 synth_total=0.3723 extra_render_attn_share=0.5168
[step 157950] real_p1_mirror_hole_cov=0.1674 real_p1_eps=0.0213 real_p1_hole_frac=0.2000 real_p2_eps=0.0188 real_p2_hit=0.0000 real_total=0.0400 discr_adv=0.9441 x0_d_real=0.7563 x0_d_fake=0.6444 g_grad_abs=723.2289 d_grad_abs=1140.9897 synth_eps=0.0840 synth_eps_raw=0.0840 synth_x0_hit=0.0000 synth_total=0.0840 extra_render_attn_share=0.5168
[val step 157999] val_novel_full=0.0693 val_novel_hole=0.1103 val_novel_visible=0.0592
[step 158000] real_p1_mirror_hole_cov=0.0143 real_p1_eps=0.0115 real_p1_hole_frac=0.3796 real_p2_eps=0.0025 real_p2_hit=0.0000 real_total=0.0140 synth_eps=0.0024 synth_eps_raw=0.0024 synth_x0_hit=0.0000 synth_total=0.0024 extra_render_attn_share=0.5239
[images] real: anchor | cond1 | cond2 | inv_warp_mirror | mask | mask_inv | warp_img | warp_warp_img | x | y_hat | y_hat_novel -> /home/xzy/warpgan-diffusiong-inpainting/warpgan-diffusion-inpainting-main/experiments/train_inpainting_diffusion/v19_w8_pixeld_300k/logs/images/train/real_step0158000.png
[images] synth: cond | mask | target | warp_img | x | y_hat_novel -> /home/xzy/warpgan-diffusiong-inpainting/warpgan-diffusion-inpainting-main/experiments/train_inpainting_diffusion/v19_w8_pixeld_300k/logs/images/train/synth_step0158000.png
[step 158050] real_p1_mirror_hole_cov=0.0813 real_p1_gen_adv=8.3132 real_p1_gen_fm=0.1518 real_p1_eps=25.7037 real_p1_hole_frac=0.3093 real_p2_eps=0.0444 real_p2_hit=0.0000 real_total=25.7481 discr_adv=1.0363 p1_discr_real_out=-0.0637 p1_discr_fake_out=-0.2558 p1_discr_real_gp=0.0707 g_grad_abs=152921.7052 d_grad_abs=1064.2380 x0_d_real=-0.4572 x0_d_fake=-0.3846 synth_eps=0.0038 synth_eps_raw=0.0038 synth_x0_hit=0.0000 synth_total=0.0038 extra_render_attn_share=0.5239
[step 158100] real_p1_mirror_hole_cov=0.1738 real_p1_eps=0.0174 real_p1_hole_frac=0.1895 real_p2_eps=0.0054 real_p2_hit=0.0000 real_total=0.0228 synth_eps=0.0082 synth_eps_raw=0.0082 synth_x0_hit=0.0000 synth_total=0.0082 extra_render_attn_share=0.5239
[step 158150] real_p1_mirror_hole_cov=0.3602 real_p1_eps=0.0396 real_p1_hole_frac=0.3727 real_p2_eps=0.2261 real_p2_hit=1.0000 real_p2_t=235.0000 real_p2_ldif=0.0977 real_p2_gen_adv=0.6578 real_p2_lfm=-0.0019 real_total=0.4254 discr_adv=0.9110 p2_d_real=-0.4797 p2_d_fake=-0.6578 g_grad_abs=2037.6783 d_grad_abs=1008.9912 synth_eps=0.0344 synth_eps_raw=0.0344 synth_x0_hit=0.0000 synth_total=0.0344 extra_render_attn_share=0.5239
[step 158200] real_p1_mirror_hole_cov=0.0705 real_p1_eps=0.0598 real_p1_hole_frac=0.3550 real_p2_eps=0.0383 real_p2_hit=0.0000 real_total=0.0981 synth_eps=0.2574 synth_eps_raw=0.2574 synth_x0_hit=1.0000 synth_x0_t=192.0000 synth_x0_ldif=0.0786 synth_x0_gen_adv=0.7413 synth_x0_lfm=-0.0018 synth_total=0.4065 extra_render_attn_share=0.5239
[step 158250] real_p1_mirror_hole_cov=0.1043 real_p1_eps=0.0017 real_p1_hole_frac=0.2957 real_p2_eps=0.1714 real_p2_hit=1.0000 real_p2_t=158.0000 real_p2_ldif=0.0386 real_p2_gen_adv=-0.0434 real_p2_lfm=-0.0017 real_total=0.2041 discr_adv=1.6930 x0_d_real=0.3364 x0_d_fake=-0.2237 p2_d_real=0.0974 p2_d_fake=0.0434 g_grad_abs=2197.0819 d_grad_abs=1575.3327 synth_eps=0.0012 synth_eps_raw=0.0012 synth_x0_hit=0.0000 synth_total=0.0012 extra_render_attn_share=0.5239
[step 158300] real_p1_mirror_hole_cov=0.1190 real_p1_eps=0.1113 real_p1_hole_frac=0.5094 real_p2_eps=0.6322 real_p2_hit=1.0000 real_p2_t=16.0000 real_p2_ldif=0.0096 real_p2_gen_adv=0.8828 real_p2_lfm=-0.0002 real_total=0.8410 discr_adv=1.7625 x0_d_real=0.0556 x0_d_fake=-0.4030 p2_d_real=-0.8660 p2_d_fake=-0.8828 g_grad_abs=3310.2048 d_grad_abs=2594.8793 synth_eps=0.0046 synth_eps_raw=0.0046 synth_x0_hit=0.0000 synth_total=0.0046 extra_render_attn_share=0.5239
[step 158350] real_p1_mirror_hole_cov=0.0466 real_p1_eps=0.1093 real_p1_hole_frac=0.2540 real_p2_eps=0.0059 real_p2_hit=0.0000 real_total=0.1152 synth_eps=0.7032 synth_eps_raw=0.7032 synth_x0_hit=1.0000 synth_x0_t=19.0000 synth_x0_ldif=0.0127 synth_x0_gen_adv=0.6297 synth_x0_lfm=-0.0002 synth_total=0.7784 extra_render_attn_share=0.5239
[step 158400] real_p1_mirror_hole_cov=0.0197 real_p1_gen_adv=6.6966 real_p1_gen_fm=0.1281 real_p1_eps=20.5904 real_p1_hole_frac=0.2808 real_p2_eps=0.0035 real_p2_hit=0.0000 real_total=20.5939 discr_adv=0.9982 p1_discr_real_out=0.1967 p1_discr_fake_out=0.0496 p1_discr_real_gp=0.0157 g_grad_abs=279175.6880 d_grad_abs=704.9085 x0_d_real=-0.9409 x0_d_fake=-0.9477 synth_eps=0.0028 synth_eps_raw=0.0028 synth_x0_hit=0.0000 synth_total=0.0028 extra_render_attn_share=0.5239
[step 158450] real_p1_mirror_hole_cov=0.0320 real_p1_eps=0.0498 real_p1_hole_frac=0.3493 real_p2_eps=0.1205 real_p2_hit=0.0000 real_total=0.1703 synth_eps=0.0104 synth_eps_raw=0.0104 synth_x0_hit=0.0000 synth_total=0.0104 extra_render_attn_share=0.5239
[step 158500] real_p1_mirror_hole_cov=0.0322 real_p1_eps=0.1371 real_p1_hole_frac=0.5887 real_p2_eps=0.0043 real_p2_hit=0.0000 real_total=0.1414 synth_eps=0.0193 synth_eps_raw=0.0193 synth_x0_hit=0.0000 synth_total=0.0193 extra_render_attn_share=0.5239
[images] real: anchor | cond1 | cond2 | inv_warp_mirror | mask | mask_inv | warp_img | warp_warp_img | x | y_hat | y_hat_novel -> /home/xzy/warpgan-diffusiong-inpainting/warpgan-diffusion-inpainting-main/experiments/train_inpainting_diffusion/v19_w8_pixeld_300k/logs/images/train/real_step0158500.png
[images] synth: cond | mask | target | warp_img | x | y_hat_novel -> /home/xzy/warpgan-diffusiong-inpainting/warpgan-diffusion-inpainting-main/experiments/train_inpainting_diffusion/v19_w8_pixeld_300k/logs/images/train/synth_step0158500.png
[step 158550] real_p1_mirror_hole_cov=0.3443 real_p1_eps=0.0475 real_p1_hole_frac=0.4234 real_p2_eps=0.0728 real_p2_hit=0.0000 real_total=0.1203 synth_eps=0.2477 synth_eps_raw=0.2477 synth_x0_hit=1.0000 synth_x0_t=225.0000 synth_x0_ldif=0.0991 synth_x0_gen_adv=0.2074 synth_x0_lfm=-0.0022 synth_total=0.3631 extra_render_attn_share=0.5239
[step 158600] real_p1_mirror_hole_cov=0.0225 real_p1_eps=0.0977 real_p1_hole_frac=0.0824 real_p2_eps=0.0644 real_p2_hit=0.0000 real_total=0.1621 synth_eps=0.0953 synth_eps_raw=0.0953 synth_x0_hit=0.0000 synth_total=0.0953 extra_render_attn_share=0.5239
[step 158650] real_p1_mirror_hole_cov=0.0951 real_p1_eps=0.0687 real_p1_hole_frac=0.2629 real_p2_eps=0.0353 real_p2_hit=0.0000 real_total=0.1040 synth_eps=0.0014 synth_eps_raw=0.0014 synth_x0_hit=0.0000 synth_total=0.0014 extra_render_attn_share=0.5239
[step 158700] real_p1_mirror_hole_cov=0.1991 real_p1_gen_adv=8.4549 real_p1_gen_fm=0.1945 real_p1_eps=29.5891 real_p1_hole_frac=0.4085 real_p2_eps=0.0698 real_p2_hit=0.0000 real_total=29.6589 discr_adv=0.7958 p1_discr_real_out=0.0388 p1_discr_fake_out=-0.2825 p1_discr_real_gp=0.0402 g_grad_abs=137168.8924 d_grad_abs=2412.7789 x0_d_real=-0.1441 x0_d_fake=-0.5526 synth_eps=0.0559 synth_eps_raw=0.0559 synth_x0_hit=0.0000 synth_total=0.0559 extra_render_attn_share=0.5239
[step 158750] real_p1_mirror_hole_cov=0.0145 real_p1_eps=0.1052 real_p1_hole_frac=0.3445 real_p2_eps=0.0707 real_p2_hit=0.0000 real_total=0.1759 synth_eps=0.1053 synth_eps_raw=0.1053 synth_x0_hit=0.0000 synth_total=0.1053 extra_render_attn_share=0.5239
[step 158800] real_p1_mirror_hole_cov=0.0244 real_p1_eps=0.0242 real_p1_hole_frac=0.1038 real_p2_eps=0.0378 real_p2_hit=0.0000 real_total=0.0620 discr_adv=0.9645 x0_d_real=0.7242 x0_d_fake=0.6532 g_grad_abs=1001.7801 d_grad_abs=1332.4780 synth_eps=0.0354 synth_eps_raw=0.0354 synth_x0_hit=0.0000 synth_total=0.0354 extra_render_attn_share=0.5239
[step 158850] real_p1_mirror_hole_cov=0.0643 real_p1_gen_adv=11.1977 real_p1_gen_fm=0.1383 real_p1_eps=27.2170 real_p1_hole_frac=0.1887 real_p2_eps=0.0601 real_p2_hit=0.0000 real_total=27.2771 discr_adv=1.3740 p1_discr_real_out=-0.2259 p1_discr_fake_out=-0.7230 p1_discr_real_gp=0.1639 g_grad_abs=40258.0868 d_grad_abs=2832.4003 synth_eps=0.5348 synth_eps_raw=0.5348 synth_x0_hit=1.0000 synth_x0_t=47.0000 synth_x0_ldif=0.0254 synth_x0_gen_adv=0.6188 synth_x0_lfm=-0.0005 synth_total=0.6210 extra_render_attn_share=0.5239
[step 158900] real_p1_mirror_hole_cov=0.3509 real_p1_gen_adv=6.6874 real_p1_gen_fm=0.0716 real_p1_eps=14.4653 real_p1_hole_frac=0.0585 real_p2_eps=0.0027 real_p2_hit=0.0000 real_total=14.4679 discr_adv=1.3927 p1_discr_real_out=0.1513 p1_discr_fake_out=0.0504 p1_discr_real_gp=0.0529 g_grad_abs=180719.4717 d_grad_abs=1342.6114 synth_eps=0.0251 synth_eps_raw=0.0251 synth_x0_hit=0.0000 synth_total=0.0251 extra_render_attn_share=0.5239
[step 158950] real_p1_mirror_hole_cov=0.1802 real_p1_eps=0.0197 real_p1_hole_frac=0.5410 real_p2_eps=0.0056 real_p2_hit=0.0000 real_total=0.0253 synth_eps=0.0109 synth_eps_raw=0.0109 synth_x0_hit=0.0000 synth_total=0.0109 extra_render_attn_share=0.5239
[step 159000] real_p1_mirror_hole_cov=0.0197 real_p1_eps=0.0176 real_p1_hole_frac=0.2245 real_p2_eps=0.2998 real_p2_hit=1.0000 real_p2_t=126.0000 real_p2_ldif=0.0485 real_p2_gen_adv=-0.0875 real_p2_lfm=-0.0007 real_total=0.3558 discr_adv=0.9043 p2_d_real=0.2789 p2_d_fake=0.0875 g_grad_abs=3858.5498 d_grad_abs=1059.9343 synth_eps=0.1144 synth_eps_raw=0.1144 synth_x0_hit=0.0000 synth_total=0.1144 extra_render_attn_share=0.5239
[images] real: anchor | cond1 | cond2 | inv_warp_mirror | mask | mask_inv | warp_img | warp_warp_img | x | y_hat | y_hat_novel -> /home/xzy/warpgan-diffusiong-inpainting/warpgan-diffusion-inpainting-main/experiments/train_inpainting_diffusion/v19_w8_pixeld_300k/logs/images/train/real_step0159000.png
[images] synth: cond | mask | target | warp_img | x | y_hat_novel -> /home/xzy/warpgan-diffusiong-inpainting/warpgan-diffusion-inpainting-main/experiments/train_inpainting_diffusion/v19_w8_pixeld_300k/logs/images/train/synth_step0159000.png
[step 159050] real_p1_mirror_hole_cov=0.0045 real_p1_gen_adv=9.5014 real_p1_gen_fm=0.1741 real_p1_eps=29.2429 real_p1_hole_frac=0.2148 real_p2_eps=0.0023 real_p2_hit=0.0000 real_total=29.2452 discr_adv=1.2257 p1_discr_real_out=0.0474 p1_discr_fake_out=-0.4597 p1_discr_real_gp=0.0648 g_grad_abs=111990.2761 d_grad_abs=1223.4692 synth_eps=0.0283 synth_eps_raw=0.0283 synth_x0_hit=0.0000 synth_total=0.0283 extra_render_attn_share=0.5239
[step 159100] real_p1_mirror_hole_cov=0.0185 real_p1_eps=0.0016 real_p1_hole_frac=0.0649 real_p2_eps=0.0826 real_p2_hit=1.0000 real_p2_t=268.0000 real_p2_ldif=0.0456 real_p2_gen_adv=0.3411 real_p2_lfm=-0.0015 real_total=0.1610 discr_adv=1.0397 p2_d_real=-0.4205 p2_d_fake=-0.3411 g_grad_abs=1613.9329 d_grad_abs=719.7739 synth_eps=0.0052 synth_eps_raw=0.0052 synth_x0_hit=0.0000 synth_total=0.0052 extra_render_attn_share=0.5239
[step 159150] real_p1_mirror_hole_cov=0.1999 real_p1_gen_adv=5.9231 real_p1_gen_fm=0.1288 real_p1_eps=19.8166 real_p1_hole_frac=0.2993 real_p2_eps=0.0578 real_p2_hit=0.0000 real_total=19.8744 discr_adv=0.9693 p1_discr_real_out=0.2631 p1_discr_fake_out=0.2143 p1_discr_real_gp=0.0208 g_grad_abs=264065.7703 d_grad_abs=800.0576 x0_d_real=0.2353 x0_d_fake=0.1739 synth_eps=0.0025 synth_eps_raw=0.0025 synth_x0_hit=0.0000 synth_total=0.0025 extra_render_attn_share=0.5239
[step 159200] real_p1_mirror_hole_cov=0.0078 real_p1_eps=0.0918 real_p1_hole_frac=0.0796 real_p2_eps=0.1563 real_p2_hit=1.0000 real_p2_t=157.0000 real_p2_ldif=0.0348 real_p2_gen_adv=-0.6745 real_p2_lfm=-0.0002 real_total=0.2150 discr_adv=2.0196 x0_d_real=0.7009 x0_d_fake=0.6969 p2_d_real=0.6316 p2_d_fake=0.6745 g_grad_abs=1856.9531 d_grad_abs=1076.4492 synth_eps=0.1041 synth_eps_raw=0.1041 synth_x0_hit=0.0000 synth_total=0.1041 extra_render_attn_share=0.5239
[step 159250] real_p1_mirror_hole_cov=0.0254 real_p1_eps=0.0890 real_p1_hole_frac=0.1208 real_p2_eps=0.0018 real_p2_hit=0.0000 real_total=0.0908 synth_eps=0.0030 synth_eps_raw=0.0030 synth_x0_hit=0.0000 synth_total=0.0030 extra_render_attn_share=0.5239
[step 159300] real_p1_mirror_hole_cov=0.1737 real_p1_gen_adv=7.6621 real_p1_gen_fm=0.1523 real_p1_eps=24.1606 real_p1_hole_frac=0.4286 real_p2_eps=0.6780 real_p2_hit=1.0000 real_p2_t=12.0000 real_p2_ldif=0.0078 real_p2_gen_adv=0.9659 real_p2_lfm=-0.0004 real_total=24.9421 discr_adv=1.0073 p1_discr_real_out=-0.0842 p1_discr_fake_out=-0.1399 p1_discr_real_gp=0.0708 g_grad_abs=347911.1245 d_grad_abs=1154.8603 p2_d_real=-0.9630 p2_d_fake=-0.9659 synth_eps=0.0432 synth_eps_raw=0.0432 synth_x0_hit=0.0000 synth_total=0.0432 extra_render_attn_share=0.5239
[step 159350] real_p1_mirror_hole_cov=0.3432 real_p1_eps=0.0033 real_p1_hole_frac=0.5677 real_p2_eps=0.0064 real_p2_hit=0.0000 real_total=0.0097 synth_eps=0.0461 synth_eps_raw=0.0461 synth_x0_hit=0.0000 synth_total=0.0461 extra_render_attn_share=0.5239
[step 159400] real_p1_mirror_hole_cov=0.0254 real_p1_eps=0.0179 real_p1_hole_frac=0.3687 real_p2_eps=0.2057 real_p2_hit=1.0000 real_p2_t=230.0000 real_p2_ldif=0.0855 real_p2_gen_adv=0.0629 real_p2_lfm=-0.0038 real_total=0.3078 discr_adv=0.9767 p2_d_real=-0.0163 p2_d_fake=-0.0629 g_grad_abs=3163.3593 d_grad_abs=1440.0211 synth_eps=0.4985 synth_eps_raw=0.4985 synth_x0_hit=1.0000 synth_x0_t=64.0000 synth_x0_ldif=0.0338 synth_x0_gen_adv=-0.8026 synth_x0_lfm=-0.0016 synth_total=0.4490 extra_render_attn_share=0.5239
[step 159450] real_p1_mirror_hole_cov=0.0784 real_p1_eps=0.0085 real_p1_hole_frac=0.1662 real_p2_eps=0.2231 real_p2_hit=1.0000 real_p2_t=203.0000 real_p2_ldif=0.0747 real_p2_gen_adv=-0.9469 real_p2_lfm=-0.0010 real_total=0.2095 discr_adv=0.9988 p2_d_real=0.9503 p2_d_fake=0.9469 g_grad_abs=1989.1598 d_grad_abs=765.1714 synth_eps=0.1384 synth_eps_raw=0.1384 synth_x0_hit=0.0000 synth_total=0.1384 extra_render_attn_share=0.5239
[step 159500] real_p1_mirror_hole_cov=0.2140 real_p1_gen_adv=6.7953 real_p1_gen_fm=0.0739 real_p1_eps=15.3866 real_p1_hole_frac=0.0362 real_p2_eps=0.0040 real_p2_hit=0.0000 real_total=15.3905 discr_adv=1.3683 p1_discr_real_out=0.1251 p1_discr_fake_out=0.0288 p1_discr_real_gp=0.0268 g_grad_abs=255466.9125 d_grad_abs=1165.4387 synth_eps=0.0064 synth_eps_raw=0.0064 synth_x0_hit=0.0000 synth_total=0.0064 extra_render_attn_share=0.5239
[images] real: anchor | cond1 | cond2 | inv_warp_mirror | mask | mask_inv | p1_pred_x0 | warp_img | warp_warp_img | x | y_hat | y_hat_novel -> /home/xzy/warpgan-diffusiong-inpainting/warpgan-diffusion-inpainting-main/experiments/train_inpainting_diffusion/v19_w8_pixeld_300k/logs/images/train/real_step0159500.png
[images] synth: cond | mask | target | warp_img | x | y_hat_novel -> /home/xzy/warpgan-diffusiong-inpainting/warpgan-diffusion-inpainting-main/experiments/train_inpainting_diffusion/v19_w8_pixeld_300k/logs/images/train/synth_step0159500.png
[step 159550] real_p1_mirror_hole_cov=0.1695 real_p1_eps=0.1252 real_p1_hole_frac=0.4978 real_p2_eps=0.0113 real_p2_hit=0.0000 real_total=0.1365 synth_eps=0.0402 synth_eps_raw=0.0402 synth_x0_hit=0.0000 synth_total=0.0402 extra_render_attn_share=0.5239
[step 159600] real_p1_mirror_hole_cov=0.0821 real_p1_gen_adv=6.5717 real_p1_gen_fm=0.1357 real_p1_eps=21.7592 real_p1_hole_frac=0.1986 real_p2_eps=0.0096 real_p2_hit=0.0000 real_total=21.7688 discr_adv=1.3674 p1_discr_real_out=0.1747 p1_discr_fake_out=0.0748 p1_discr_real_gp=0.0252 g_grad_abs=194034.0917 d_grad_abs=1370.7570 synth_eps=0.0492 synth_eps_raw=0.0492 synth_x0_hit=0.0000 synth_total=0.0492 extra_render_attn_share=0.5239
[step 159650] real_p1_mirror_hole_cov=0.1037 real_p1_eps=0.0384 real_p1_hole_frac=0.1172 real_p2_eps=0.1247 real_p2_hit=1.0000 real_p2_t=165.0000 real_p2_ldif=0.0300 real_p2_gen_adv=-0.8143 real_p2_lfm=-0.0015 real_total=0.1086 discr_adv=1.0193 p2_d_real=0.7757 p2_d_fake=0.8143 g_grad_abs=2479.8283 d_grad_abs=829.4016 synth_eps=0.1970 synth_eps_raw=0.1970 synth_x0_hit=1.0000 synth_x0_t=260.0000 synth_x0_ldif=0.1027 synth_x0_gen_adv=-0.6994 synth_x0_lfm=-0.0052 synth_total=0.2193 extra_render_attn_share=0.5239
[step 159700] real_p1_mirror_hole_cov=0.1321 real_p1_eps=0.0133 real_p1_hole_frac=0.4641 real_p2_eps=0.0071 real_p2_hit=0.0000 real_total=0.0204 synth_eps=0.0101 synth_eps_raw=0.0101 synth_x0_hit=0.0000 synth_total=0.0101 extra_render_attn_share=0.5239
[step 159750] real_p1_mirror_hole_cov=0.1190 real_p1_eps=0.0182 real_p1_hole_frac=0.4146 real_p2_eps=0.5771 real_p2_hit=1.0000 real_p2_t=38.0000 real_p2_ldif=0.0216 real_p2_gen_adv=0.6615 real_p2_lfm=-0.0014 real_total=0.6802 discr_adv=2.0000 x0_d_real=-0.9214 x0_d_fake=-0.8749 p2_d_real=-0.6150 p2_d_fake=-0.6615 g_grad_abs=3135.0627 d_grad_abs=611.7029 synth_eps=0.1241 synth_eps_raw=0.1241 synth_x0_hit=0.0000 synth_total=0.1241 extra_render_attn_share=0.5239
[step 159800] real_p1_mirror_hole_cov=0.1232 real_p1_eps=0.0013 real_p1_hole_frac=0.2250 real_p2_eps=0.0446 real_p2_hit=0.0000 real_total=0.0459 discr_adv=0.9321 x0_d_real=0.4764 x0_d_fake=0.3406 g_grad_abs=405.9459 d_grad_abs=901.3590 synth_eps=0.0979 synth_eps_raw=0.0979 synth_x0_hit=0.0000 synth_total=0.0979 extra_render_attn_share=0.5239
[step 159850] real_p1_mirror_hole_cov=0.1892 real_p1_eps=0.0368 real_p1_hole_frac=0.2003 real_p2_eps=0.0219 real_p2_hit=0.0000 real_total=0.0587 discr_adv=0.9954 x0_d_real=0.9027 x0_d_fake=0.8935 g_grad_abs=939.7227 d_grad_abs=4133.0822 synth_eps=0.0844 synth_eps_raw=0.0844 synth_x0_hit=0.0000 synth_total=0.0844 extra_render_attn_share=0.5239
[step 159900] real_p1_mirror_hole_cov=0.1471 real_p1_eps=0.0424 real_p1_hole_frac=0.1879 real_p2_eps=0.0668 real_p2_hit=0.0000 real_total=0.1092 discr_adv=0.9808 x0_d_real=0.8165 x0_d_fake=0.7782 g_grad_abs=729.1417 d_grad_abs=577.6113 synth_eps=0.0396 synth_eps_raw=0.0396 synth_x0_hit=0.0000 synth_total=0.0396 extra_render_attn_share=0.5239
[step 159950] real_p1_mirror_hole_cov=0.0173 real_p1_eps=0.0067 real_p1_hole_frac=0.3022 real_p2_eps=0.3734 real_p2_hit=1.0000 real_p2_t=73.0000 real_p2_ldif=0.0297 real_p2_gen_adv=-0.1630 real_p2_lfm=-0.0017 real_total=0.3900 discr_adv=2.0515 x0_d_real=-0.0666 x0_d_fake=0.0474 p2_d_real=0.1741 p2_d_fake=0.1630 g_grad_abs=3986.5815 d_grad_abs=987.4926 synth_eps=0.0389 synth_eps_raw=0.0389 synth_x0_hit=0.0000 synth_total=0.0389 extra_render_attn_share=0.5239
[ckpt] saved /home/xzy/warpgan-diffusiong-inpainting/warpgan-diffusion-inpainting-main/experiments/train_inpainting_diffusion/v19_w8_pixeld_300k/checkpoints/iteration_0159999.pt
[val step 159999] val_novel_full=0.1305 val_novel_hole=0.1327 val_novel_visible=0.1278
[step 160000] real_p1_mirror_hole_cov=0.0684 real_p1_eps=0.0391 real_p1_hole_frac=0.2021 real_p2_eps=0.0277 real_p2_hit=0.0000 real_total=0.0668 discr_adv=0.8413 x0_d_real=-0.0841 x0_d_fake=-0.4015 g_grad_abs=836.0296 d_grad_abs=1326.6436 synth_eps=0.3585 synth_eps_raw=0.3585 synth_x0_hit=1.0000 synth_x0_t=183.0000 synth_x0_ldif=0.1013 synth_x0_gen_adv=0.2700 synth_x0_lfm=-0.0020 synth_total=0.4827 extra_render_attn_share=0.5162
[images] real: anchor | cond1 | cond2 | inv_warp_mirror | mask | mask_inv | warp_img | warp_warp_img | x | y_hat | y_hat_novel -> /home/xzy/warpgan-diffusiong-inpainting/warpgan-diffusion-inpainting-main/experiments/train_inpainting_diffusion/v19_w8_pixeld_300k/logs/images/train/real_step0160000.png
[images] synth: cond | mask | target | warp_img | x | y_hat_novel -> /home/xzy/warpgan-diffusiong-inpainting/warpgan-diffusion-inpainting-main/experiments/train_inpainting_diffusion/v19_w8_pixeld_300k/logs/images/train/synth_step0160000.png
[step 160050] real_p1_mirror_hole_cov=0.0212 real_p1_eps=0.1112 real_p1_hole_frac=0.2065 real_p2_eps=0.1579 real_p2_hit=1.0000 real_p2_t=244.0000 real_p2_ldif=0.0731 real_p2_gen_adv=0.0363 real_p2_lfm=-0.0013 real_total=0.3433 discr_adv=1.0166 p2_d_real=-0.0694 p2_d_fake=-0.0363 g_grad_abs=3470.3156 d_grad_abs=568.0827 synth_eps=0.0255 synth_eps_raw=0.0255 synth_x0_hit=0.0000 synth_total=0.0255 extra_render_attn_share=0.5162
[step 160100] real_p1_mirror_hole_cov=0.0484 real_p1_eps=0.0982 real_p1_hole_frac=0.0458 real_p2_eps=0.0171 real_p2_hit=0.0000 real_total=0.1153 synth_eps=0.0469 synth_eps_raw=0.0469 synth_x0_hit=0.0000 synth_total=0.0469 extra_render_attn_share=0.5162
[step 160150] real_p1_mirror_hole_cov=0.0588 real_p1_eps=0.0085 real_p1_hole_frac=0.3231 real_p2_eps=0.0239 real_p2_hit=0.0000 real_total=0.0324 synth_eps=0.0715 synth_eps_raw=0.0715 synth_x0_hit=0.0000 synth_total=0.0715 extra_render_attn_share=0.5162
[step 160200] real_p1_mirror_hole_cov=0.0876 real_p1_gen_adv=8.4739 real_p1_gen_fm=0.2287 real_p1_eps=32.7431 real_p1_hole_frac=0.5063 real_p2_eps=0.4234 real_p2_hit=1.0000 real_p2_t=113.0000 real_p2_ldif=0.0589 real_p2_gen_adv=-0.7233 real_p2_lfm=-0.0016 real_total=33.1499 discr_adv=0.9838 p1_discr_real_out=0.2903 p1_discr_fake_out=-0.2849 p1_discr_real_gp=0.0232 g_grad_abs=230378.4961 d_grad_abs=821.0807 p2_d_real=0.7557 p2_d_fake=0.7233 synth_eps=0.0253 synth_eps_raw=0.0253 synth_x0_hit=0.0000 synth_total=0.0253 extra_render_attn_share=0.5162
[step 160250] real_p1_mirror_hole_cov=0.0316 real_p1_eps=0.0033 real_p1_hole_frac=0.0458 real_p2_eps=0.0018 real_p2_hit=0.0000 real_total=0.0050 synth_eps=0.4602 synth_eps_raw=0.4602 synth_x0_hit=1.0000 synth_x0_t=85.0000 synth_x0_ldif=0.0442 synth_x0_gen_adv=0.7446 synth_x0_lfm=-0.0027 synth_total=0.5733 extra_render_attn_share=0.5162
[step 160300] real_p1_mirror_hole_cov=0.0750 real_p1_eps=0.0575 real_p1_hole_frac=0.0380 real_p2_eps=0.0255 real_p2_hit=0.0000 real_total=0.0830 synth_eps=0.0093 synth_eps_raw=0.0093 synth_x0_hit=0.0000 synth_total=0.0093 extra_render_attn_share=0.5162
[step 160350] real_p1_mirror_hole_cov=0.0060 real_p1_eps=0.0260 real_p1_hole_frac=0.2736 real_p2_eps=0.0091 real_p2_hit=0.0000 real_total=0.0352 discr_adv=0.9675 x0_d_real=-0.7445 x0_d_fake=-0.8141 g_grad_abs=475.2158 d_grad_abs=1250.9809 synth_eps=0.0282 synth_eps_raw=0.0282 synth_x0_hit=0.0000 synth_total=0.0282 extra_render_attn_share=0.5162
[step 160400] real_p1_mirror_hole_cov=0.1858 real_p1_gen_adv=8.8308 real_p1_gen_fm=0.1347 real_p1_eps=23.1343 real_p1_hole_frac=0.3591 real_p2_eps=0.0099 real_p2_hit=0.0000 real_total=23.1442 discr_adv=1.2701 p1_discr_real_out=0.0243 p1_discr_fake_out=-0.3464 p1_discr_real_gp=0.0515 g_grad_abs=236072.3261 d_grad_abs=731.3314 synth_eps=0.0275 synth_eps_raw=0.0275 synth_x0_hit=0.0000 synth_total=0.0275 extra_render_attn_share=0.5162
[step 160450] real_p1_mirror_hole_cov=0.1261 real_p1_gen_adv=6.4414 real_p1_gen_fm=0.1035 real_p1_eps=18.6617 real_p1_hole_frac=0.0884 real_p2_eps=0.0171 real_p2_hit=0.0000 real_total=18.6787 discr_adv=1.0361 p1_discr_real_out=0.2333 p1_discr_fake_out=0.1023 p1_discr_real_gp=0.0276 g_grad_abs=199729.3042 d_grad_abs=726.9182 x0_d_real=-0.3147 x0_d_fake=-0.2425 synth_eps=0.3410 synth_eps_raw=0.3410 synth_x0_hit=1.0000 synth_x0_t=158.0000 synth_x0_ldif=0.0767 synth_x0_gen_adv=0.5209 synth_x0_lfm=-0.0019 synth_total=0.4660 extra_render_attn_share=0.5162
[step 160500] real_p1_mirror_hole_cov=0.1555 real_p1_eps=0.0158 real_p1_hole_frac=0.5283 real_p2_eps=0.0038 real_p2_hit=0.0000 real_total=0.0196 synth_eps=0.0563 synth_eps_raw=0.0563 synth_x0_hit=0.0000 synth_total=0.0563 extra_render_attn_share=0.5162
[images] real: anchor | cond1 | cond2 | inv_warp_mirror | mask | mask_inv | warp_img | warp_warp_img | x | y_hat | y_hat_novel -> /home/xzy/warpgan-diffusiong-inpainting/warpgan-diffusion-inpainting-main/experiments/train_inpainting_diffusion/v19_w8_pixeld_300k/logs/images/train/real_step0160500.png
[images] synth: cond | mask | target | warp_img | x | y_hat_novel -> /home/xzy/warpgan-diffusiong-inpainting/warpgan-diffusion-inpainting-main/experiments/train_inpainting_diffusion/v19_w8_pixeld_300k/logs/images/train/synth_step0160500.png
[step 160550] real_p1_mirror_hole_cov=0.0587 real_p1_eps=0.1165 real_p1_hole_frac=0.4954 real_p2_eps=0.2221 real_p2_hit=1.0000 real_p2_t=247.0000 real_p2_ldif=0.1051 real_p2_gen_adv=0.0723 real_p2_lfm=-0.0027 real_total=0.4455 discr_adv=2.0392 x0_d_real=-0.5285 x0_d_fake=-0.3722 p2_d_real=0.0066 p2_d_fake=-0.0723 g_grad_abs=3043.6709 d_grad_abs=985.8299 synth_eps=0.1970 synth_eps_raw=0.1970 synth_x0_hit=1.0000 synth_x0_t=237.0000 synth_x0_ldif=0.0865 synth_x0_gen_adv=0.6437 synth_x0_lfm=-0.0040 synth_total=0.3399 extra_render_attn_share=0.5162
[step 160600] real_p1_mirror_hole_cov=0.2566 real_p1_eps=0.0038 real_p1_hole_frac=0.4946 real_p2_eps=0.2767 real_p2_hit=1.0000 real_p2_t=227.0000 real_p2_ldif=0.1124 real_p2_gen_adv=-0.3290 real_p2_lfm=-0.0023 real_total=0.3553 discr_adv=1.9044 x0_d_real=-0.4044 x0_d_fake=-0.3793 p2_d_real=0.5472 p2_d_fake=0.3290 g_grad_abs=2439.1997 d_grad_abs=1479.9837 synth_eps=0.5759 synth_eps_raw=0.5759 synth_x0_hit=1.0000 synth_x0_t=33.0000 synth_x0_ldif=0.0185 synth_x0_gen_adv=0.8615 synth_x0_lfm=-0.0013 synth_total=0.6780 extra_render_attn_share=0.5162
[step 160650] real_p1_mirror_hole_cov=0.0061 real_p1_eps=0.0011 real_p1_hole_frac=0.0737 real_p2_eps=0.2852 real_p2_hit=1.0000 real_p2_t=50.0000 real_p2_ldif=0.0145 real_p2_gen_adv=-0.8592 real_p2_lfm=-0.0004 real_total=0.2141 discr_adv=0.9959 p2_d_real=0.8673 p2_d_fake=0.8592 g_grad_abs=1873.4254 d_grad_abs=705.2510 synth_eps=0.0078 synth_eps_raw=0.0078 synth_x0_hit=0.0000 synth_total=0.0078 extra_render_attn_share=0.5162
[step 160700] real_p1_mirror_hole_cov=0.2371 real_p1_eps=0.0572 real_p1_hole_frac=0.2432 real_p2_eps=0.0737 real_p2_hit=0.0000 real_total=0.1309 synth_eps=0.0468 synth_eps_raw=0.0468 synth_x0_hit=0.0000 synth_total=0.0468 extra_render_attn_share=0.5162
[step 160750] real_p1_mirror_hole_cov=0.3020 real_p1_eps=0.0091 real_p1_hole_frac=0.0952 real_p2_eps=0.0240 real_p2_hit=0.0000 real_total=0.0331 synth_eps=0.1094 synth_eps_raw=0.1094 synth_x0_hit=0.0000 synth_total=0.1094 extra_render_attn_share=0.5162
[step 160800] real_p1_mirror_hole_cov=0.0246 real_p1_gen_adv=10.4015 real_p1_gen_fm=0.1142 real_p1_eps=22.8193 real_p1_hole_frac=0.4346 real_p2_eps=0.1581 real_p2_hit=1.0000 real_p2_t=299.0000 real_p2_ldif=0.1089 real_p2_gen_adv=-0.0899 real_p2_lfm=-0.0036 real_total=23.0701 discr_adv=1.8895 p1_discr_real_out=-0.4315 p1_discr_fake_out=-0.6018 p1_discr_real_gp=0.1155 g_grad_abs=213396.3049 d_grad_abs=1985.8021 x0_d_real=1.0086 x0_d_fake=1.0019 p2_d_real=0.3388 p2_d_fake=0.0899 synth_eps=0.0018 synth_eps_raw=0.0018 synth_x0_hit=0.0000 synth_total=0.0018 extra_render_attn_share=0.5162
[step 160850] real_p1_mirror_hole_cov=0.0170 real_p1_eps=0.0012 real_p1_hole_frac=0.0570 real_p2_eps=0.0026 real_p2_hit=0.0000 real_total=0.0037 synth_eps=0.2487 synth_eps_raw=0.2487 synth_x0_hit=1.0000 synth_x0_t=271.0000 synth_x0_ldif=0.1404 synth_x0_gen_adv=-0.2632 synth_x0_lfm=-0.0038 synth_total=0.3552 extra_render_attn_share=0.5162
[step 160900] real_p1_mirror_hole_cov=0.0587 real_p1_eps=0.0473 real_p1_hole_frac=0.4175 real_p2_eps=0.6096 real_p2_hit=1.0000 real_p2_t=28.0000 real_p2_ldif=0.0164 real_p2_gen_adv=-0.8639 real_p2_lfm=-0.0004 real_total=0.5862 discr_adv=0.9880 p2_d_real=0.8880 p2_d_fake=0.8639 g_grad_abs=1907.1590 d_grad_abs=905.5071 synth_eps=0.3160 synth_eps_raw=0.3160 synth_x0_hit=1.0000 synth_x0_t=201.0000 synth_x0_ldif=0.1041 synth_x0_gen_adv=-0.2756 synth_x0_lfm=-0.0018 synth_total=0.3889 extra_render_attn_share=0.5162
[step 160950] real_p1_mirror_hole_cov=0.0940 real_p1_eps=0.0130 real_p1_hole_frac=0.0871 real_p2_eps=0.1462 real_p2_hit=1.0000 real_p2_t=278.0000 real_p2_ldif=0.0868 real_p2_gen_adv=-0.3494 real_p2_lfm=-0.0011 real_total=0.2089 discr_adv=0.9993 p2_d_real=0.3509 p2_d_fake=0.3494 g_grad_abs=3548.3844 d_grad_abs=676.9645 synth_eps=0.0169 synth_eps_raw=0.0169 synth_x0_hit=0.0000 synth_total=0.0169 extra_render_attn_share=0.5162
[step 161000] real_p1_mirror_hole_cov=0.0169 real_p1_gen_adv=7.9872 real_p1_gen_fm=0.1081 real_p1_eps=19.7071 real_p1_hole_frac=0.0844 real_p2_eps=0.2885 real_p2_hit=1.0000 real_p2_t=94.0000 real_p2_ldif=0.0315 real_p2_gen_adv=0.4508 real_p2_lfm=-0.0018 real_total=20.0684 discr_adv=1.0812 p1_discr_real_out=0.0795 p1_discr_fake_out=-0.1988 p1_discr_real_gp=0.0312 g_grad_abs=225315.6061 d_grad_abs=1206.4796 p2_d_real=-0.6132 p2_d_fake=-0.4508 synth_eps=0.2988 synth_eps_raw=0.2988 synth_x0_hit=1.0000 synth_x0_t=182.0000 synth_x0_ldif=0.0837 synth_x0_gen_adv=0.9608 synth_x0_lfm=-0.0039 synth_total=0.4708 extra_render_attn_share=0.5162
[images] real: anchor | cond1 | cond2 | inv_warp_mirror | mask | mask_inv | p1_pred_x0 | warp_img | warp_warp_img | x | y_hat | y_hat_novel -> /home/xzy/warpgan-diffusiong-inpainting/warpgan-diffusion-inpainting-main/experiments/train_inpainting_diffusion/v19_w8_pixeld_300k/logs/images/train/real_step0161000.png
[images] synth: cond | mask | target | warp_img | x | y_hat_novel -> /home/xzy/warpgan-diffusiong-inpainting/warpgan-diffusion-inpainting-main/experiments/train_inpainting_diffusion/v19_w8_pixeld_300k/logs/images/train/synth_step0161000.png
[step 161050] real_p1_mirror_hole_cov=0.4603 real_p1_eps=0.1845 real_p1_hole_frac=0.5517 real_p2_eps=0.0927 real_p2_hit=0.0000 real_total=0.2772 synth_eps=0.7581 synth_eps_raw=0.7581 synth_x0_hit=1.0000 synth_x0_t=10.0000 synth_x0_ldif=0.0073 synth_x0_gen_adv=0.9601 synth_x0_lfm=-0.0009 synth_total=0.8596 extra_render_attn_share=0.5162
[step 161100] real_p1_mirror_hole_cov=0.1991 real_p1_eps=0.0566 real_p1_hole_frac=0.4543 real_p2_eps=0.0381 real_p2_hit=0.0000 real_total=0.0947 synth_eps=0.0070 synth_eps_raw=0.0070 synth_x0_hit=0.0000 synth_total=0.0070 extra_render_attn_share=0.5162
[step 161150] real_p1_mirror_hole_cov=0.0243 real_p1_eps=0.0052 real_p1_hole_frac=0.1667 real_p2_eps=0.0070 real_p2_hit=0.0000 real_total=0.0122 discr_adv=0.9706 x0_d_real=0.9251 x0_d_fake=0.8663 g_grad_abs=146.2334 d_grad_abs=746.6651 synth_eps=0.0162 synth_eps_raw=0.0162 synth_x0_hit=0.0000 synth_total=0.0162 extra_render_attn_share=0.5162
[step 161200] real_p1_mirror_hole_cov=0.0268 real_p1_eps=0.0299 real_p1_hole_frac=0.2651 real_p2_eps=0.0860 real_p2_hit=0.0000 real_total=0.1159 synth_eps=0.4001 synth_eps_raw=0.4001 synth_x0_hit=1.0000 synth_x0_t=120.0000 synth_x0_ldif=0.0605 synth_x0_gen_adv=-0.9238 synth_x0_lfm=-0.0016 synth_total=0.3650 extra_render_attn_share=0.5162
[step 161250] real_p1_mirror_hole_cov=0.1978 real_p1_eps=0.0140 real_p1_hole_frac=0.3189 real_p2_eps=0.0833 real_p2_hit=0.0000 real_total=0.0973 synth_eps=0.0086 synth_eps_raw=0.0086 synth_x0_hit=0.0000 synth_total=0.0086 extra_render_attn_share=0.5162
[step 161300] real_p1_mirror_hole_cov=0.0373 real_p1_eps=0.0250 real_p1_hole_frac=0.3542 real_p2_eps=0.2848 real_p2_hit=1.0000 real_p2_t=183.0000 real_p2_ldif=0.0805 real_p2_gen_adv=-0.4515 real_p2_lfm=-0.0034 real_total=0.3384 discr_adv=1.8354 x0_d_real=-0.2318 x0_d_fake=-0.3246 p2_d_real=0.6879 p2_d_fake=0.4515 g_grad_abs=2880.2382 d_grad_abs=1135.9829 synth_eps=0.2732 synth_eps_raw=0.2732 synth_x0_hit=1.0000 synth_x0_t=196.0000 synth_x0_ldif=0.0863 synth_x0_gen_adv=0.5300 synth_x0_lfm=-0.0030 synth_total=0.4065 extra_render_attn_share=0.5162
[step 161350] real_p1_mirror_hole_cov=0.0019 real_p1_eps=0.0357 real_p1_hole_frac=0.2479 real_p2_eps=0.2332 real_p2_hit=1.0000 real_p2_t=182.0000 real_p2_ldif=0.0653 real_p2_gen_adv=0.4323 real_p2_lfm=-0.0028 real_total=0.3717 discr_adv=1.0802 p2_d_real=-0.5926 p2_d_fake=-0.4323 g_grad_abs=7408.7840 d_grad_abs=1013.3456 synth_eps=0.2362 synth_eps_raw=0.2362 synth_x0_hit=1.0000 synth_x0_t=211.0000 synth_x0_ldif=0.0845 synth_x0_gen_adv=0.6809 synth_x0_lfm=-0.0025 synth_total=0.3837 extra_render_attn_share=0.5162
[step 161400] real_p1_mirror_hole_cov=0.0498 real_p1_eps=0.0036 real_p1_hole_frac=0.1075 real_p2_eps=0.0295 real_p2_hit=0.0000 real_total=0.0332 synth_eps=0.0101 synth_eps_raw=0.0101 synth_x0_hit=0.0000 synth_total=0.0101 extra_render_attn_share=0.5162
[step 161450] real_p1_mirror_hole_cov=0.0538 real_p1_eps=0.0060 real_p1_hole_frac=0.0603 real_p2_eps=0.0330 real_p2_hit=0.0000 real_total=0.0390 synth_eps=0.0594 synth_eps_raw=0.0594 synth_x0_hit=0.0000 synth_total=0.0594 extra_render_attn_share=0.5162
[step 161500] real_p1_mirror_hole_cov=0.2386 real_p1_eps=0.1122 real_p1_hole_frac=0.3208 real_p2_eps=0.0120 real_p2_hit=0.0000 real_total=0.1242 synth_eps=0.0340 synth_eps_raw=0.0340 synth_x0_hit=0.0000 synth_total=0.0340 extra_render_attn_share=0.5162
[images] real: anchor | cond1 | cond2 | inv_warp_mirror | mask | mask_inv | warp_img | warp_warp_img | x | y_hat | y_hat_novel -> /home/xzy/warpgan-diffusiong-inpainting/warpgan-diffusion-inpainting-main/experiments/train_inpainting_diffusion/v19_w8_pixeld_300k/logs/images/train/real_step0161500.png
[images] synth: cond | mask | target | warp_img | x | y_hat_novel -> /home/xzy/warpgan-diffusiong-inpainting/warpgan-diffusion-inpainting-main/experiments/train_inpainting_diffusion/v19_w8_pixeld_300k/logs/images/train/synth_step0161500.png
[step 161550] real_p1_mirror_hole_cov=0.0232 real_p1_gen_adv=7.0940 real_p1_gen_fm=0.2310 real_p1_eps=32.2710 real_p1_hole_frac=0.3580 real_p2_eps=0.0796 real_p2_hit=0.0000 real_total=32.3506 discr_adv=0.9580 p1_discr_real_out=0.2732 p1_discr_fake_out=-0.0288 p1_discr_real_gp=0.0148 g_grad_abs=134047.7208 d_grad_abs=1362.9890 x0_d_real=0.8051 x0_d_fake=0.7211 synth_eps=0.6946 synth_eps_raw=0.6946 synth_x0_hit=1.0000 synth_x0_t=19.0000 synth_x0_ldif=0.0126 synth_x0_gen_adv=-0.7697 synth_x0_lfm=-0.0011 synth_total=0.6281 extra_render_attn_share=0.5162
[step 161600] real_p1_mirror_hole_cov=0.0463 real_p1_eps=0.0018 real_p1_hole_frac=0.4845 real_p2_eps=0.1850 real_p2_hit=1.0000 real_p2_t=292.0000 real_p2_ldif=0.1213 real_p2_gen_adv=0.1596 real_p2_lfm=-0.0048 real_total=0.3145 discr_adv=1.0213 p2_d_real=-0.2023 p2_d_fake=-0.1596 g_grad_abs=3010.4137 d_grad_abs=948.8240 synth_eps=0.0024 synth_eps_raw=0.0024 synth_x0_hit=0.0000 synth_total=0.0024 extra_render_attn_share=0.5162
[step 161650] real_p1_mirror_hole_cov=0.1496 real_p1_eps=0.0322 real_p1_hole_frac=0.4137 real_p2_eps=0.0065 real_p2_hit=0.0000 real_total=0.0387 discr_adv=0.9004 x0_d_real=0.0578 x0_d_fake=-0.1415 g_grad_abs=704.3932 d_grad_abs=809.5961 synth_eps=0.0019 synth_eps_raw=0.0019 synth_x0_hit=0.0000 synth_total=0.0019 extra_render_attn_share=0.5162
[step 161700] real_p1_mirror_hole_cov=0.0055 real_p1_eps=0.0091 real_p1_hole_frac=0.3264 real_p2_eps=0.3031 real_p2_hit=1.0000 real_p2_t=116.0000 real_p2_ldif=0.0437 real_p2_gen_adv=0.1998 real_p2_lfm=-0.0028 real_total=0.3703 discr_adv=0.9770 p2_d_real=-0.1538 p2_d_fake=-0.1998 g_grad_abs=4461.8456 d_grad_abs=790.8203 synth_eps=0.2564 synth_eps_raw=0.2564 synth_x0_hit=1.0000 synth_x0_t=196.0000 synth_x0_ldif=0.0810 synth_x0_gen_adv=0.3809 synth_x0_lfm=-0.0029 synth_total=0.3696 extra_render_attn_share=0.5162
[step 161750] real_p1_mirror_hole_cov=0.1782 real_p1_eps=0.0290 real_p1_hole_frac=0.4388 real_p2_eps=0.1131 real_p2_hit=0.0000 real_total=0.1421 discr_adv=0.9651 x0_d_real=-0.7566 x0_d_fake=-0.8264 g_grad_abs=925.3211 d_grad_abs=567.3169 synth_eps=0.0755 synth_eps_raw=0.0755 synth_x0_hit=0.0000 synth_total=0.0755 extra_render_attn_share=0.5162
[step 161800] real_p1_mirror_hole_cov=0.0244 real_p1_eps=0.0076 real_p1_hole_frac=0.4050 real_p2_eps=0.0273 real_p2_hit=0.0000 real_total=0.0350 synth_eps=0.0691 synth_eps_raw=0.0691 synth_x0_hit=0.0000 synth_total=0.0691 extra_render_attn_share=0.5162
[step 161850] real_p1_mirror_hole_cov=0.0871 real_p1_eps=0.0053 real_p1_hole_frac=0.1586 real_p2_eps=0.0012 real_p2_hit=0.0000 real_total=0.0064 synth_eps=0.1048 synth_eps_raw=0.1048 synth_x0_hit=0.0000 synth_total=0.1048 extra_render_attn_share=0.5162
[step 161900] real_p1_mirror_hole_cov=0.1788 real_p1_eps=0.0071 real_p1_hole_frac=0.4379 real_p2_eps=0.0532 real_p2_hit=0.0000 real_total=0.0603 discr_adv=1.0149 x0_d_real=-0.1436 x0_d_fake=-0.1137 g_grad_abs=1670.6968 d_grad_abs=547.2296 synth_eps=0.1597 synth_eps_raw=0.1597 synth_x0_hit=0.0000 synth_total=0.1597 extra_render_attn_share=0.5162
[step 161950] real_p1_mirror_hole_cov=0.2679 real_p1_eps=0.0653 real_p1_hole_frac=0.3152 real_p2_eps=0.3302 real_p2_hit=1.0000 real_p2_t=62.0000 real_p2_ldif=0.0216 real_p2_gen_adv=0.4962 real_p2_lfm=-0.0024 real_total=0.4620 discr_adv=1.9739 x0_d_real=-0.1166 x0_d_fake=-0.1831 p2_d_real=-0.5105 p2_d_fake=-0.4962 g_grad_abs=2266.2889 d_grad_abs=598.0659 synth_eps=0.2538 synth_eps_raw=0.2538 synth_x0_hit=1.0000 synth_x0_t=243.0000 synth_x0_ldif=0.1166 synth_x0_gen_adv=-0.0068 synth_x0_lfm=-0.0041 synth_total=0.3614 extra_render_attn_share=0.5162
[val step 161999] val_novel_full=0.0658 val_novel_hole=0.1080 val_novel_visible=0.0554
[step 162000] real_p1_mirror_hole_cov=0.0745 real_p1_eps=0.0128 real_p1_hole_frac=0.2046 real_p2_eps=0.0460 real_p2_hit=0.0000 real_total=0.0587 synth_eps=0.0224 synth_eps_raw=0.0224 synth_x0_hit=0.0000 synth_total=0.0224 extra_render_attn_share=0.5211
[images] real: anchor | cond1 | cond2 | inv_warp_mirror | mask | mask_inv | warp_img | warp_warp_img | x | y_hat | y_hat_novel -> /home/xzy/warpgan-diffusiong-inpainting/warpgan-diffusion-inpainting-main/experiments/train_inpainting_diffusion/v19_w8_pixeld_300k/logs/images/train/real_step0162000.png
[images] synth: cond | mask | target | warp_img | x | y_hat_novel -> /home/xzy/warpgan-diffusiong-inpainting/warpgan-diffusion-inpainting-main/experiments/train_inpainting_diffusion/v19_w8_pixeld_300k/logs/images/train/synth_step0162000.png
[step 162050] real_p1_mirror_hole_cov=0.1861 real_p1_eps=0.0075 real_p1_hole_frac=0.1971 real_p2_eps=0.0672 real_p2_hit=0.0000 real_total=0.0747 synth_eps=0.0298 synth_eps_raw=0.0298 synth_x0_hit=0.0000 synth_total=0.0298 extra_render_attn_share=0.5211
[step 162100] real_p1_mirror_hole_cov=0.0039 real_p1_eps=0.0026 real_p1_hole_frac=0.2569 real_p2_eps=0.0016 real_p2_hit=0.0000 real_total=0.0042 discr_adv=0.7642 x0_d_real=0.7446 x0_d_fake=0.2729 g_grad_abs=78.7615 d_grad_abs=1125.8323 synth_eps=0.2384 synth_eps_raw=0.2384 synth_x0_hit=1.0000 synth_x0_t=257.0000 synth_x0_ldif=0.1216 synth_x0_gen_adv=-0.8429 synth_x0_lfm=-0.0038 synth_total=0.2680 extra_render_attn_share=0.5211
