2026-09-10 02:51:58.147769: I tensorflow/core/util/util.cc:169] oneDNN custom operations are on. You may see slightly different numerical results due to floating-point round-off errors from different computation orders. To turn them off, set the environment variable `TF_ENABLE_ONEDNN_OPTS=0`.
2026-09-10 02:51:58.152176: W tensorflow/stream_executor/platform/default/dso_loader.cc:64] Could not load dynamic library 'libcudart.so.11.0'; dlerror: libcudart.so.11.0: cannot open shared object file: No such file or directory; LD_LIBRARY_PATH: /usr/local/cuda-12.2/lib64:/usr/local/cuda-12.2/lib64:/usr/local/cuda-12.2/lib64
2026-09-10 02:51:58.152198: I tensorflow/stream_executor/cuda/cudart_stub.cc:29] Ignore above cudart dlerror if you do not have a GPU set up on your machine.
/home/xzy/miniconda3/envs/warpgan/lib/python3.9/site-packages/sklearn/utils/fixes.py:28: UserWarning: pkg_resources is deprecated as an API. See https://setuptools.pypa.io/en/latest/pkg_resources.html. The pkg_resources package is slated for removal as early as 2025-11-30. Refrain from using this package or pin to Setuptools<81.
  from pkg_resources import parse_version  # type: ignore
W0910 02:52:03.834093 245951 site-packages/torch/utils/cpp_extension.py:2425] TORCH_CUDA_ARCH_LIST is not set, all archs for visible cards are included for compilation. 
W0910 02:52:03.834093 245951 site-packages/torch/utils/cpp_extension.py:2425] If this is not desired, please set os.environ['TORCH_CUDA_ARCH_LIST'] to specific architectures.
W0910 02:52:04.077297 245951 site-packages/torch/utils/cpp_extension.py:2425] TORCH_CUDA_ARCH_LIST is not set, all archs for visible cards are included for compilation. 
W0910 02:52:04.077297 245951 site-packages/torch/utils/cpp_extension.py:2425] If this is not desired, please set os.environ['TORCH_CUDA_ARCH_LIST'] to specific architectures.
[compat] patched models/goae WindowAttention.forward (torch>=2.6 CPU-bound clamp fix; numerically identical)
device: cuda:0
exp_dir: /home/xzy/warpgan-diffusiong-inpainting/warpgan-diffusion-inpainting-main/experiments/train_inpainting_diffusion/[20260910-025204]_v18w1_struct_50k
checkpoint_path: null
max_steps: 50000
paths:
  sd: ./pretrained_models/AI-ModelScope/stable-diffusion-v1-5
  brushnet: ./pretrained_models/brushnet
  wplus_stage_c: /data/xzy/warpgan20260803/20260803/experiments/_wplus_identity_pretrain/checkpoints/iteration_50000.pt
  dataset:
    train: ./data/FFHQ-EG3D_all_static_rebalanced
    test: ./data/celeba-hq_1000_static_rebalanced
    synth: ./data/SynthData100000_rebalanced
data:
  batch_size: 1
  workers: 4
  test_batch_size: 2
  test_workers: 2
  rebalanced: false
  add_LPFF: false
  synth:
    able: true
    zplus: false
    batch_size: ${data.batch_size}
gan:
  device: ${device}
  eg3d_type: plus_r
  encoder_type: goae
  psp:
    n_styles: 14
  goae:
    mlp_layer: 2
    cfg: ./configs/swinv2.yaml
  state_dict_key: psp_state_dict
  checkpoint_path: ./pretrained_models/inversion/gan_encoder.pt
warp:
  warp_ori_train: true
  warp_ori_val: true
  warp_pred: false
  hybrid: true
  cond_erode_kernel: 3
  cond_gaussian_blur_kernel: 21
wplus:
  mode: s1_mapper
  gate_value: 3.0
  init_from_stage_c: false
reference:
  use: true
  use_mirror: true
  real_primary: mirror
  gate_init: 0.5
  lr: 5.0e-06
  local_window_k: 0
  local_gate_init: 0.25
brushnet:
  init: pretrained
  lr: 1.0e-05
  use_8bit_adam: true
  gradient_checkpointing: true
losses:
  eps_weight: 1.0
  synth_texture: full
  synth_lowpass_sigma: 2.0
  real_pass1:
    forward: false
    visible_weight: 1.0
    hole_weight: 0
    blind_struct_weight: 0
    mirror_anchor: true
  pixel:
    max_timestep: 200
    x0_clip: 3.0
    resolution: 256
    patch_latent: 32
    apply_to_synth: false
    l1_weight: 0
    resnet_pl_weight: 0
    id_weight: 0
    weights_path: ./pretrained_models/LaMa_perceptual_loss_models
  latent:
    weight: 0
  lpips:
    weight: 0
  adversarial:
    weight: 10
    kind: r1
    gp_coef: 0.001
    mask_as_fake_target: false
    allow_scale_mask: true
  feature_matching:
    weight: 100
  x0:
    enable: true
    l1_weight: 1.0
    clip: 8.0
    res_latent: 32
    d_real: paired_target
  preserve:
    weight: 0
    teacher_wplus: true
  discriminator:
    kind: pix2pixhd_nlayer
    input_nc: 3
    ndf: 64
    n_layers: 4
  optimizers:
    discriminator:
      lr: 0.0001
log:
  image_interval: 500
  board_interval: 50
  val_interval: 2000
  save_interval: 10000
  use_wandb: false
smoke:
  check: true
  fix_timestep: null

==============================================================================
[EFFECTIVE CONFIG — verify line by line before trusting any run]
  exp_dir               : /home/xzy/warpgan-diffusiong-inpainting/warpgan-diffusion-inpainting-main/experiments/train_inpainting_diffusion/[20260910-025204]_v18w1_struct_50k
  max_steps             : 50000
  device                : cuda:0
  synth/real 1:1        : use_synth=True
  batch_size (real/synth): 1 / 1
  warp: 512=True hybrid=True warp_pred=False mask=raw_splatting (NO erode/blur)
  warp cond soften     : erode=3px blur_k=21 (v10: CONDITION-side only, supervision keeps raw mask; orig port)
  wplus: mode=s1_mapper gate=fixed tanh(3.0) stage_c_init=False
  reference: use=True use_mirror=True gate_init=0.5 lr=5e-06
  reference real_primary : mirror (user plan: real photo = PRIMARY bank source, render -> extra)
  reference LOCAL       : window=0 gate_init=0.25 (v11 texture-band retrieval from PRIMARY (real-photo) source; activates the formerly-dead reference_local_scale)
  real pass1 dual-band  : visible/mirror FULL-band x1.0 + blind LOW-band x0.0 (v12: target=FULL SHARP render, only low-freq error penalized; hole_weight=0.0 ignored when dual-band active; 0=off -> single-band v11 path)
  loss synth_texture     : full (sigma=2.0 latent px; user plan: structure-only supervision, texture band = 0)
  brushnet: init=pretrained lr=1e-05 8bit=True grad_ckpt=True
  loss eps_weight       : 1.0
  real pass1 FORWARD    : False (False = STRUCT arm: real batch trains pass2 only; inference unchanged)
  loss real_p1 anchor   : visible=1.0 (target=inv_warp) hole=0 (target=y_hat_novel) mirror_anchor=True (hole real-photo coverage via inv_warp(x_mirror))
  loss pixel (t<200)   : L1*0 PL*0 ID*0 x0_clip=3.0 res=256
  loss latent closure   : *0 (orig L1195-1200)
  loss lpips/gan/fm     : 0 / 10 / 100  (orig GAN/FM 10/100 -> default 0)
  timestep range        : [0, 1000) FULL RANGE (no low-t clamp; v3.1 lesson)
  smoke: check=True fix_timestep=None
  path [OK ] sd            : ./pretrained_models/AI-ModelScope/stable-diffusion-v1-5
  path [OK ] brushnet      : ./pretrained_models/brushnet
  path [OK ] train         : ./data/FFHQ-EG3D_all_static_rebalanced
  path [OK ] test          : ./data/celeba-hq_1000_static_rebalanced
  path [OK ] synth         : ./data/SynthData100000_rebalanced
  path [OK ] LaMa_PL       : ./pretrained_models/LaMa_perceptual_loss_models
  path [OK ] gan_encoder   : ./pretrained_models/inversion/gan_encoder.pt
==============================================================================
[BrushNet] init: official pretrained inpainting checkpoint
[v17] GATE-FREE x0 SUPERVISION ACTIVE: re-noised symmetric pairs (fake_t vs real_t at the same noise level); analytic ab_t weighting; NO timestep gate; D real = photos on BOTH batches.
[v14] GAN/FM ACTIVE: NLayer D params=6,962,369 | fm_weight=100.0 (orig 100) | g_adv_weight=10.0 (orig 10; 0=FM-first) | r1 gp_coef=0.001
[params] bank-retrieval adapters trainable: 37,183,696 | W+ QKV (s2) trainable: 0 | W+ mapper trainable: 1,967,616 | mirror: own K/V 24,780,800 + softmax competition (16 gauged layers) | RefNet DELETED (860M saved, bank=main-UNet self-read)
[optim] 8-bit AdamW (bitsandbytes)
Synth dataset: ./data/SynthData100000_rebalanced -> 100000 samples
Real train dataset: ./data/FFHQ-EG3D_all_static_rebalanced -> 139914 samples
Test dataset: ./data/celeba-hq_1000_static_rebalanced -> 1000 samples
Start diffusion-port training (orig semantics, BrushNet+SD1.5).
[bank input check] source=warp_warp_img shape=(1, 3, 512, 512) mean=0.3425 std=0.3063 finite=True
[bank input check] source=x_mirror shape=(1, 3, 512, 512) mean=0.4758 std=0.2505 finite=True
/home/xzy/warpgan-diffusiong-inpainting/warpgan-diffusion-inpainting-main/./training/coach_inpainting_diffusion.py:1119: UserWarning: Converting a tensor with requires_grad=True to a scalar may lead to unexpected behavior.
Consider using tensor.detach() first. (Triggered internally at /pytorch/torch/csrc/autograd/generated/python_variable_methods.cpp:835.)
  metrics[f'{tag}_x0_l1'] = float(l1)
[v14 G-side FM FIRED, real data] p2_gen_fm=0.59711 (x100.0) | D preds real -0.140 / fake -0.145 | feats 5 layers @ (161, 161)..(22, 22)
[v18 D-step FIRED] pairs=1 discr_adv=1.6355 | p2_discr_real_out=-0.1399 | p2_discr_fake_out=-0.1449 | p2_discr_real_gp=0.2151
[bank input check] source=target_hat shape=(1, 3, 512, 512) mean=0.3556 std=0.1951 finite=True
[bank input check] source=x_mirror shape=(1, 3, 512, 512) mean=0.3637 std=0.2014 finite=True
[step 0] real_p1_mirror_hole_cov=0.2733 real_p1_skipped=1.0000 real_p1_hole_frac=0.3208 real_p2_eps=0.0749 real_p2_x0_l1=0.3579 real_p2_x0_abw=0.1948 real_p2_gen_adv=7.8352 real_p2_gen_fm=0.5971 real_total=13.3029 discr_adv=1.6355 p2_discr_real_out=-0.1399 p2_discr_fake_out=-0.1449 p2_discr_real_gp=0.2151 g_grad_abs=19878.5985 d_grad_abs=3327.5846 synth_eps=0.6983 synth_eps_raw=0.6983 synth_x0_x0_l1=0.0440 synth_x0_x0_abw=0.9309 synth_x0_gen_adv=7.3320 synth_x0_gen_fm=0.1082 synth_total=17.6349
[images] real: anchor | cond1 | cond2 | inv_warp_mirror | mask | mask_inv | p2_pred_x0 | warp_img | warp_warp_img | x | y_hat | y_hat_novel -> /home/xzy/warpgan-diffusiong-inpainting/warpgan-diffusion-inpainting-main/experiments/train_inpainting_diffusion/[20260910-025204]_v18w1_struct_50k/logs/images/train/real_step0000000.png
[images] synth: cond | mask | pred_x0 | target | warp_img | x | y_hat_novel -> /home/xzy/warpgan-diffusiong-inpainting/warpgan-diffusion-inpainting-main/experiments/train_inpainting_diffusion/[20260910-025204]_v18w1_struct_50k/logs/images/train/synth_step0000000.png
[bank input check] source=warp_warp_img shape=(1, 3, 512, 512) mean=0.3580 std=0.2525 finite=True
[bank input check] source=x_mirror shape=(1, 3, 512, 512) mean=0.4776 std=0.2103 finite=True
[bank input check] source=target_hat shape=(1, 3, 512, 512) mean=0.5102 std=0.2590 finite=True
[bank input check] source=x_mirror shape=(1, 3, 512, 512) mean=0.5158 std=0.2472 finite=True
[bank input check] source=warp_warp_img shape=(1, 3, 512, 512) mean=0.2298 std=0.2667 finite=True
[bank input check] source=x_mirror shape=(1, 3, 512, 512) mean=0.3543 std=0.2238 finite=True
[bank input check] source=target_hat shape=(1, 3, 512, 512) mean=0.3727 std=0.2190 finite=True
[bank input check] source=x_mirror shape=(1, 3, 512, 512) mean=0.4020 std=0.2464 finite=True
[step 50] real_p1_mirror_hole_cov=0.0917 real_p1_skipped=1.0000 real_p1_hole_frac=0.2405 real_p2_eps=0.4378 real_p2_x0_l1=0.2056 real_p2_x0_abw=0.2631 real_p2_gen_adv=6.9428 real_p2_gen_fm=0.1005 real_total=4.9626 discr_adv=2.7715 x0_discr_real_out=-0.0057 x0_discr_fake_out=-0.0078 x0_discr_real_gp=0.0004 p2_discr_real_out=0.0018 p2_discr_fake_out=-0.0018 p2_discr_real_gp=0.0003 g_grad_abs=23530.0669 d_grad_abs=219.6265 synth_eps=0.7428 synth_eps_raw=0.7428 synth_x0_x0_l1=0.1379 synth_x0_x0_abw=0.7271 synth_x0_gen_adv=6.9551 synth_x0_gen_fm=0.0762 synth_total=11.4388
[step 100] real_p1_mirror_hole_cov=0.2700 real_p1_skipped=1.0000 real_p1_hole_frac=0.4031 real_p2_eps=0.7689 real_p2_x0_l1=0.1578 real_p2_x0_abw=0.5989 real_p2_gen_adv=7.2321 real_p2_gen_fm=0.0559 real_total=8.5400 discr_adv=2.7613 x0_discr_real_out=0.0009 x0_discr_fake_out=-0.0224 x0_discr_real_gp=0.0013 p2_discr_real_out=-0.0474 p2_discr_fake_out=-0.0579 p2_discr_real_gp=0.0006 g_grad_abs=27611.2750 d_grad_abs=395.1435 synth_eps=0.5920 synth_eps_raw=0.5920 synth_x0_x0_l1=0.1892 synth_x0_x0_abw=0.3485 synth_x0_gen_adv=7.1259 synth_x0_gen_fm=0.0776 synth_total=5.8475
[step 150] real_p1_mirror_hole_cov=0.0809 real_p1_skipped=1.0000 real_p1_hole_frac=0.3099 real_p2_eps=0.1063 real_p2_x0_l1=0.3121 real_p2_x0_abw=0.0079 real_p2_gen_adv=6.7534 real_p2_gen_fm=0.2803 real_total=0.3830 discr_adv=2.7641 x0_discr_real_out=-0.1436 x0_discr_fake_out=-0.1694 x0_discr_real_gp=0.0058 p2_discr_real_out=0.1218 p2_discr_fake_out=0.0410 p2_discr_real_gp=0.0171 g_grad_abs=7157.2509 d_grad_abs=1072.9553 synth_eps=0.4887 synth_eps_raw=0.4887 synth_x0_x0_l1=0.2292 synth_x0_x0_abw=0.1235 synth_x0_gen_adv=6.8727 synth_x0_gen_fm=0.1523 synth_total=3.2456
[step 200] real_p1_mirror_hole_cov=0.0377 real_p1_skipped=1.0000 real_p1_hole_frac=0.1854 real_p2_eps=0.7833 real_p2_x0_l1=0.2062 real_p2_x0_abw=0.3222 real_p2_gen_adv=7.3606 real_p2_gen_fm=0.0982 real_total=6.3860 discr_adv=2.6866 x0_discr_real_out=0.1610 x0_discr_fake_out=0.0236 x0_discr_real_gp=0.0152 p2_discr_real_out=0.0567 p2_discr_fake_out=-0.0745 p2_discr_real_gp=0.0143 g_grad_abs=20821.1173 d_grad_abs=1517.8864 synth_eps=0.7093 synth_eps_raw=0.7093 synth_x0_x0_l1=0.1525 synth_x0_x0_abw=0.6357 synth_x0_gen_adv=7.4497 synth_x0_gen_fm=0.0776 synth_total=10.4758
[step 250] real_p1_mirror_hole_cov=0.0569 real_p1_skipped=1.0000 real_p1_hole_frac=0.3069 real_p2_eps=0.0197 real_p2_x0_l1=0.3693 real_p2_x0_abw=0.0047 real_p2_gen_adv=5.6426 real_p2_gen_fm=0.3762 real_total=0.2230 discr_adv=2.7929 x0_discr_real_out=0.2754 x0_discr_fake_out=0.1214 x0_discr_real_gp=0.0163 p2_discr_real_out=0.2824 p2_discr_fake_out=0.2925 p2_discr_real_gp=0.0210 g_grad_abs=1581.1567 d_grad_abs=2154.0424 synth_eps=0.7485 synth_eps_raw=0.7485 synth_x0_x0_l1=0.1681 synth_x0_x0_abw=0.7079 synth_x0_gen_adv=6.9232 synth_x0_gen_fm=0.0892 synth_total=12.0813
[step 300] real_p1_mirror_hole_cov=0.0534 real_p1_skipped=1.0000 real_p1_hole_frac=0.0744 real_p2_eps=0.1487 real_p2_x0_l1=0.2932 real_p2_x0_abw=0.0226 real_p2_gen_adv=6.7342 real_p2_gen_fm=0.2283 real_total=0.8246 discr_adv=2.7262 x0_discr_real_out=0.1846 x0_discr_fake_out=0.0669 x0_discr_real_gp=0.0274 p2_discr_real_out=0.1731 p2_discr_fake_out=0.0469 p2_discr_real_gp=0.0293 g_grad_abs=4137.8053 d_grad_abs=1451.7477 synth_eps=0.8177 synth_eps_raw=0.8177 synth_x0_x0_l1=0.1751 synth_x0_x0_abw=0.4601 synth_x0_gen_adv=6.5229 synth_x0_gen_fm=0.1011 synth_total=8.5503
[step 350] real_p1_mirror_hole_cov=0.0462 real_p1_skipped=1.0000 real_p1_hole_frac=0.4260 real_p2_eps=0.7515 real_p2_x0_l1=0.0657 real_p2_x0_abw=0.7506 real_p2_gen_adv=8.1825 real_p2_gen_fm=0.0268 real_total=8.9557 discr_adv=2.7713 x0_discr_real_out=-0.0198 x0_discr_fake_out=-0.2041 x0_discr_real_gp=0.0450 p2_discr_real_out=-0.1919 p2_discr_fake_out=-0.2305 p2_discr_real_gp=0.0343 g_grad_abs=40736.5372 d_grad_abs=2084.5628 synth_eps=0.7918 synth_eps_raw=0.7918 synth_x0_x0_l1=0.1402 synth_x0_x0_abw=0.6672 synth_x0_gen_adv=7.9265 synth_x0_gen_fm=0.0874 synth_total=12.0054
[step 400] real_p1_mirror_hole_cov=0.0157 real_p1_skipped=1.0000 real_p1_hole_frac=0.0945 real_p2_eps=0.6132 real_p2_x0_l1=0.1732 real_p2_x0_abw=0.3150 real_p2_gen_adv=7.5337 real_p2_gen_fm=0.1092 real_total=6.4821 discr_adv=2.7754 x0_discr_real_out=0.1242 x0_discr_fake_out=0.1220 x0_discr_real_gp=0.0115 p2_discr_real_out=0.0068 p2_discr_fake_out=-0.1103 p2_discr_real_gp=0.0371 g_grad_abs=22764.5528 d_grad_abs=998.4769 synth_eps=0.3230 synth_eps_raw=0.3230 synth_x0_x0_l1=0.2500 synth_x0_x0_abw=0.0580 synth_x0_gen_adv=7.9784 synth_x0_gen_fm=0.1933 synth_total=1.9213
[step 450] real_p1_mirror_hole_cov=0.0955 real_p1_skipped=1.0000 real_p1_hole_frac=0.0347 real_p2_eps=0.1618 real_p2_x0_l1=0.2694 real_p2_x0_abw=0.0331 real_p2_gen_adv=8.7870 real_p2_gen_fm=0.2206 real_total=1.1930 discr_adv=2.6998 x0_discr_real_out=-0.0954 x0_discr_fake_out=-0.0993 x0_discr_real_gp=0.0101 p2_discr_real_out=-0.0566 p2_discr_fake_out=-0.3371 p2_discr_real_gp=0.0328 g_grad_abs=3536.6933 d_grad_abs=1152.6268 synth_eps=0.8933 synth_eps_raw=0.8933 synth_x0_x0_l1=0.1600 synth_x0_x0_abw=0.4965 synth_x0_gen_adv=8.3896 synth_x0_gen_fm=0.0941 synth_total=9.8088
[step 500] real_p1_mirror_hole_cov=0.2427 real_p1_skipped=1.0000 real_p1_hole_frac=0.2178 real_p2_eps=0.8241 real_p2_x0_l1=0.1757 real_p2_x0_abw=0.3500 real_p2_gen_adv=8.0897 real_p2_gen_fm=0.1062 real_total=7.4329 discr_adv=2.6602 x0_discr_real_out=0.0057 x0_discr_fake_out=-0.1797 x0_discr_real_gp=0.0239 p2_discr_real_out=-0.0493 p2_discr_fake_out=-0.2151 p2_discr_real_gp=0.0226 g_grad_abs=25022.2866 d_grad_abs=1068.9193 synth_eps=0.9544 synth_eps_raw=0.9544 synth_x0_x0_l1=0.1252 synth_x0_x0_abw=0.5787 synth_x0_gen_adv=8.3140 synth_x0_gen_fm=0.0706 synth_total=9.9251
[images] real: anchor | cond1 | cond2 | inv_warp_mirror | mask | mask_inv | p2_pred_x0 | warp_img | warp_warp_img | x | y_hat | y_hat_novel -> /home/xzy/warpgan-diffusiong-inpainting/warpgan-diffusion-inpainting-main/experiments/train_inpainting_diffusion/[20260910-025204]_v18w1_struct_50k/logs/images/train/real_step0000500.png
[images] synth: cond | mask | pred_x0 | target | warp_img | x | y_hat_novel -> /home/xzy/warpgan-diffusiong-inpainting/warpgan-diffusion-inpainting-main/experiments/train_inpainting_diffusion/[20260910-025204]_v18w1_struct_50k/logs/images/train/synth_step0000500.png
[step 550] real_p1_mirror_hole_cov=0.0274 real_p1_skipped=1.0000 real_p1_hole_frac=0.3731 real_p2_eps=0.8186 real_p2_x0_l1=0.1510 real_p2_x0_abw=0.6341 real_p2_gen_adv=6.5477 real_p2_gen_fm=0.1006 real_total=11.4427 discr_adv=2.6856 x0_discr_real_out=0.1184 x0_discr_fake_out=-0.2144 x0_discr_real_gp=0.0680 p2_discr_real_out=0.1707 p2_discr_fake_out=0.0823 p2_discr_real_gp=0.0341 g_grad_abs=60351.7138 d_grad_abs=1712.1747 synth_eps=0.1408 synth_eps_raw=0.1408 synth_x0_x0_l1=0.2957 synth_x0_x0_abw=0.0286 synth_x0_gen_adv=6.3006 synth_x0_gen_fm=0.2509 synth_total=1.0486
[step 600] real_p1_mirror_hole_cov=0.0077 real_p1_skipped=1.0000 real_p1_hole_frac=0.2221 real_p2_eps=0.0874 real_p2_x0_l1=0.3065 real_p2_x0_abw=0.0157 real_p2_gen_adv=6.0589 real_p2_gen_fm=0.2588 real_total=0.5933 discr_adv=2.7484 x0_discr_real_out=0.2836 x0_discr_fake_out=0.1728 x0_discr_real_gp=0.0189 p2_discr_real_out=0.2719 p2_discr_fake_out=0.1855 p2_discr_real_gp=0.0222 g_grad_abs=2343.4586 d_grad_abs=1695.4113 synth_eps=0.7039 synth_eps_raw=0.7039 synth_x0_x0_l1=0.1896 synth_x0_x0_abw=0.2567 synth_x0_gen_adv=6.2894 synth_x0_gen_fm=0.1298 synth_total=5.6981
[step 650] real_p1_mirror_hole_cov=0.0299 real_p1_skipped=1.0000 real_p1_hole_frac=0.1876 real_p2_eps=0.3301 real_p2_x0_l1=0.2525 real_p2_x0_abw=0.0711 real_p2_gen_adv=7.8054 real_p2_gen_fm=0.1936 real_total=2.2784 discr_adv=2.5577 x0_discr_real_out=0.1162 x0_discr_fake_out=-0.1820 x0_discr_real_gp=0.0337 p2_discr_real_out=0.1326 p2_discr_fake_out=-0.1628 p2_discr_real_gp=0.0301 g_grad_abs=9173.9383 d_grad_abs=1605.2835 synth_eps=0.1645 synth_eps_raw=0.1645 synth_x0_x0_l1=0.2907 synth_x0_x0_abw=0.0356 synth_x0_gen_adv=7.4380 synth_x0_gen_fm=0.2420 synth_total=1.3010
[step 700] real_p1_mirror_hole_cov=0.0254 real_p1_skipped=1.0000 real_p1_hole_frac=0.4142 real_p2_eps=0.7181 real_p2_x0_l1=0.0750 real_p2_x0_abw=0.8700 real_p2_gen_adv=5.9631 real_p2_gen_fm=0.0398 real_total=9.4325 discr_adv=2.8080 x0_discr_real_out=0.2022 x0_discr_fake_out=0.2018 x0_discr_real_gp=0.0061 p2_discr_real_out=0.2182 p2_discr_fake_out=0.2074 p2_discr_real_gp=0.0060 g_grad_abs=25397.3117 d_grad_abs=801.0568 synth_eps=0.6719 synth_eps_raw=0.6719 synth_x0_x0_l1=0.0862 synth_x0_x0_abw=0.7490 synth_x0_gen_adv=5.9974 synth_x0_gen_fm=0.0562 synth_total=9.4398
[step 750] real_p1_mirror_hole_cov=0.0166 real_p1_skipped=1.0000 real_p1_hole_frac=0.0541 real_p2_eps=0.0374 real_p2_x0_l1=0.3397 real_p2_x0_abw=0.0137 real_p2_gen_adv=6.7251 real_p2_gen_fm=0.3025 real_total=0.5492 discr_adv=2.7959 x0_discr_real_out=0.0987 x0_discr_fake_out=0.0844 x0_discr_real_gp=0.0210 p2_discr_real_out=0.0874 p2_discr_fake_out=0.0445 p2_discr_real_gp=0.0223 g_grad_abs=1769.6109 d_grad_abs=1000.5391 synth_eps=0.3295 synth_eps_raw=0.3295 synth_x0_x0_l1=0.2621 synth_x0_x0_abw=0.0920 synth_x0_gen_adv=6.4979 synth_x0_gen_fm=0.1957 synth_total=2.7517
[step 800] real_p1_mirror_hole_cov=0.0098 real_p1_skipped=1.0000 real_p1_hole_frac=0.1339 real_p2_eps=0.0867 real_p2_x0_l1=0.3062 real_p2_x0_abw=0.0256 real_p2_gen_adv=7.3231 real_p2_gen_fm=0.2369 real_total=0.8891 discr_adv=2.6958 x0_discr_real_out=0.0006 x0_discr_fake_out=-0.1316 x0_discr_real_gp=0.0108 p2_discr_real_out=0.0023 p2_discr_fake_out=-0.0750 p2_discr_real_gp=0.0111 g_grad_abs=2540.6907 d_grad_abs=673.1103 synth_eps=0.0357 synth_eps_raw=0.0357 synth_x0_x0_l1=0.3408 synth_x0_x0_abw=0.0110 synth_x0_gen_adv=7.2898 synth_x0_gen_fm=0.2908 synth_total=0.4387
[step 850] real_p1_mirror_hole_cov=0.1876 real_p1_skipped=1.0000 real_p1_hole_frac=0.0813 real_p2_eps=0.5970 real_p2_x0_l1=0.0272 real_p2_x0_abw=0.9473 real_p2_gen_adv=6.2778 real_p2_gen_fm=0.0181 real_total=8.2885 discr_adv=2.7508 x0_discr_real_out=0.0624 x0_discr_fake_out=-0.0471 x0_discr_real_gp=0.0177 p2_discr_real_out=0.1373 p2_discr_fake_out=0.1380 p2_discr_real_gp=0.0051 g_grad_abs=14575.4285 d_grad_abs=627.5277 synth_eps=0.7980 synth_eps_raw=0.7980 synth_x0_x0_l1=0.2087 synth_x0_x0_abw=0.2329 synth_x0_gen_adv=7.3578 synth_x0_gen_fm=0.1446 synth_total=5.9281
[step 900] real_p1_mirror_hole_cov=0.1744 real_p1_skipped=1.0000 real_p1_hole_frac=0.1918 real_p2_eps=0.6084 real_p2_x0_l1=0.0641 real_p2_x0_abw=0.8581 real_p2_gen_adv=6.2467 real_p2_gen_fm=0.0255 real_total=8.2083 discr_adv=2.7630 x0_discr_real_out=0.1060 x0_discr_fake_out=-0.0004 x0_discr_real_gp=0.0208 p2_discr_real_out=0.1426 p2_discr_fake_out=0.1460 p2_discr_real_gp=0.0058 g_grad_abs=10313.7415 d_grad_abs=829.2785 synth_eps=0.7560 synth_eps_raw=0.7560 synth_x0_x0_l1=0.0281 synth_x0_x0_abw=0.9669 synth_x0_gen_adv=6.2717 synth_x0_gen_fm=0.0104 synth_total=7.8567
[step 950] real_p1_mirror_hole_cov=0.1561 real_p1_skipped=1.0000 real_p1_hole_frac=0.3130 real_p2_eps=0.7110 real_p2_x0_l1=0.0527 real_p2_x0_abw=0.8700 real_p2_gen_adv=6.8448 real_p2_gen_fm=0.0196 real_total=8.4212 discr_adv=2.7176 x0_discr_real_out=0.0008 x0_discr_fake_out=-0.1796 x0_discr_real_gp=0.0247 p2_discr_real_out=0.0335 p2_discr_fake_out=0.0199 p2_discr_real_gp=0.0074 g_grad_abs=28635.0465 d_grad_abs=568.0658 synth_eps=0.8439 synth_eps_raw=0.8439 synth_x0_x0_l1=0.1113 synth_x0_x0_abw=0.6023 synth_x0_gen_adv=7.1375 synth_x0_gen_fm=0.0688 synth_total=9.3543
[step 1000] real_p1_mirror_hole_cov=0.0831 real_p1_skipped=1.0000 real_p1_hole_frac=0.2442 real_p2_eps=0.4735 real_p2_x0_l1=0.2280 real_p2_x0_abw=0.1235 real_p2_gen_adv=7.9789 real_p2_gen_fm=0.1664 real_total=3.5411 discr_adv=2.7118 x0_discr_real_out=0.0957 x0_discr_fake_out=0.0497 x0_discr_real_gp=0.0121 p2_discr_real_out=0.0256 p2_discr_fake_out=-0.1969 p2_discr_real_gp=0.0511 g_grad_abs=11004.7865 d_grad_abs=748.5495 synth_eps=0.4096 synth_eps_raw=0.4096 synth_x0_x0_l1=0.2302 synth_x0_x0_abw=0.0987 synth_x0_gen_adv=7.7814 synth_x0_gen_fm=0.1831 synth_total=3.0082
[images] real: anchor | cond1 | cond2 | inv_warp_mirror | mask | mask_inv | p2_pred_x0 | warp_img | warp_warp_img | x | y_hat | y_hat_novel -> /home/xzy/warpgan-diffusiong-inpainting/warpgan-diffusion-inpainting-main/experiments/train_inpainting_diffusion/[20260910-025204]_v18w1_struct_50k/logs/images/train/real_step0001000.png
[images] synth: cond | mask | pred_x0 | target | warp_img | x | y_hat_novel -> /home/xzy/warpgan-diffusiong-inpainting/warpgan-diffusion-inpainting-main/experiments/train_inpainting_diffusion/[20260910-025204]_v18w1_struct_50k/logs/images/train/synth_step0001000.png
[step 1050] real_p1_mirror_hole_cov=0.0136 real_p1_skipped=1.0000 real_p1_hole_frac=0.1702 real_p2_eps=1.1590 real_p2_x0_l1=0.1278 real_p2_x0_abw=0.5636 real_p2_gen_adv=6.9679 real_p2_gen_fm=0.0753 real_total=9.4037 discr_adv=2.7511 x0_discr_real_out=-0.0144 x0_discr_fake_out=-0.0431 x0_discr_real_gp=0.0026 p2_discr_real_out=0.0225 p2_discr_fake_out=-0.0067 p2_discr_real_gp=0.0029 g_grad_abs=18736.8734 d_grad_abs=209.5360 synth_eps=1.1328 synth_eps_raw=1.1328 synth_x0_x0_l1=0.1667 synth_x0_x0_abw=0.4832 synth_x0_gen_adv=7.2580 synth_x0_gen_fm=0.0914 synth_total=9.1387
[step 1100] real_p1_mirror_hole_cov=0.0723 real_p1_skipped=1.0000 real_p1_hole_frac=0.4900 real_p2_eps=0.7489 real_p2_x0_l1=0.0900 real_p2_x0_abw=0.7063 real_p2_gen_adv=6.6668 real_p2_gen_fm=0.0607 real_total=9.8118 discr_adv=2.7671 x0_discr_real_out=0.0626 x0_discr_fake_out=0.0403 x0_discr_real_gp=0.0096 p2_discr_real_out=0.0961 p2_discr_fake_out=0.0553 p2_discr_real_gp=0.0116 g_grad_abs=21553.6635 d_grad_abs=321.5141 synth_eps=0.9170 synth_eps_raw=0.9170 synth_x0_x0_l1=0.1600 synth_x0_x0_abw=0.5366 synth_x0_gen_adv=7.5018 synth_x0_gen_fm=0.0927 synth_total=10.0029
[step 1150] real_p1_mirror_hole_cov=0.0087 real_p1_skipped=1.0000 real_p1_hole_frac=0.2459 real_p2_eps=0.0793 real_p2_x0_l1=0.3117 real_p2_x0_abw=0.0196 real_p2_gen_adv=6.5402 real_p2_gen_fm=0.2231 real_total=0.6498 discr_adv=2.7654 x0_discr_real_out=0.1313 x0_discr_fake_out=0.1089 x0_discr_real_gp=0.0022 p2_discr_real_out=0.1009 p2_discr_fake_out=0.0814 p2_discr_real_gp=0.0028 g_grad_abs=2052.6887 d_grad_abs=519.7493 synth_eps=0.0133 synth_eps_raw=0.0133 synth_x0_x0_l1=0.3639 synth_x0_x0_abw=0.0047 synth_x0_gen_adv=6.4971 synth_x0_gen_fm=0.2732 synth_total=0.1745
[step 1200] real_p1_mirror_hole_cov=0.1239 real_p1_skipped=1.0000 real_p1_hole_frac=0.1667 real_p2_eps=0.0988 real_p2_x0_l1=0.2997 real_p2_x0_abw=0.0233 real_p2_gen_adv=7.8671 real_p2_gen_fm=0.2330 real_total=0.8319 discr_adv=2.7161 x0_discr_real_out=-0.0094 x0_discr_fake_out=-0.1639 x0_discr_real_gp=0.0645 p2_discr_real_out=0.0414 p2_discr_fake_out=-0.1726 p2_discr_real_gp=0.0473 g_grad_abs=2380.2950 d_grad_abs=2405.4793 synth_eps=0.8616 synth_eps_raw=0.8616 synth_x0_x0_l1=0.1923 synth_x0_x0_abw=0.2926 synth_x0_gen_adv=6.9434 synth_x0_gen_fm=0.1252 synth_total=6.6115
[step 1250] real_p1_mirror_hole_cov=0.1964 real_p1_skipped=1.0000 real_p1_hole_frac=0.3447 real_p2_eps=1.0851 real_p2_x0_l1=0.1301 real_p2_x0_abw=0.6274 real_p2_gen_adv=7.1547 real_p2_gen_fm=0.0821 real_total=10.8035 discr_adv=2.7932 x0_discr_real_out=0.1712 x0_discr_fake_out=0.1660 x0_discr_real_gp=0.0091 p2_discr_real_out=0.0139 p2_discr_fake_out=-0.0420 p2_discr_real_gp=0.0304 g_grad_abs=26295.6154 d_grad_abs=544.5017 synth_eps=0.0785 synth_eps_raw=0.0785 synth_x0_x0_l1=0.3117 synth_x0_x0_abw=0.0179 synth_x0_gen_adv=7.4346 synth_x0_gen_fm=0.2553 synth_total=0.6738
[step 1300] real_p1_mirror_hole_cov=0.0565 real_p1_skipped=1.0000 real_p1_hole_frac=0.2891 real_p2_eps=0.4998 real_p2_x0_l1=0.2313 real_p2_x0_abw=0.1431 real_p2_gen_adv=7.0923 real_p2_gen_fm=0.1597 real_total=3.8327 discr_adv=2.7487 x0_discr_real_out=0.0970 x0_discr_fake_out=0.0724 x0_discr_real_gp=0.0180 p2_discr_real_out=0.0905 p2_discr_fake_out=-0.0291 p2_discr_real_gp=0.0212 g_grad_abs=8105.5070 d_grad_abs=560.7247 synth_eps=0.6889 synth_eps_raw=0.6889 synth_x0_x0_l1=0.0353 synth_x0_x0_abw=0.9599 synth_x0_gen_adv=7.0417 synth_x0_gen_fm=0.0109 synth_total=8.5282
[step 1350] real_p1_mirror_hole_cov=0.0144 real_p1_skipped=1.0000 real_p1_hole_frac=0.1128 real_p2_eps=1.0010 real_p2_x0_l1=0.1769 real_p2_x0_abw=0.3681 real_p2_gen_adv=6.3138 real_p2_gen_fm=0.1156 real_total=7.6446 discr_adv=2.7592 x0_discr_real_out=0.1814 x0_discr_fake_out=0.1547 x0_discr_real_gp=0.0058 p2_discr_real_out=0.1829 p2_discr_fake_out=0.1292 p2_discr_real_gp=0.0048 g_grad_abs=20126.3080 d_grad_abs=843.6152 synth_eps=1.0650 synth_eps_raw=1.0650 synth_x0_x0_l1=0.1394 synth_x0_x0_abw=0.6982 synth_x0_gen_adv=6.2162 synth_x0_gen_fm=0.0785 synth_total=10.9845
[step 1400] real_p1_mirror_hole_cov=0.0878 real_p1_skipped=1.0000 real_p1_hole_frac=0.2281 real_p2_eps=0.0374 real_p2_x0_l1=0.3371 real_p2_x0_abw=0.0100 real_p2_gen_adv=6.5647 real_p2_gen_fm=0.2721 real_total=0.3770 discr_adv=2.7575 x0_discr_real_out=0.1772 x0_discr_fake_out=0.1229 x0_discr_real_gp=0.0182 p2_discr_real_out=0.1650 p2_discr_fake_out=0.0772 p2_discr_real_gp=0.0232 g_grad_abs=1073.3773 d_grad_abs=719.8366 synth_eps=0.9074 synth_eps_raw=0.9074 synth_x0_x0_l1=0.1884 synth_x0_x0_abw=0.3338 synth_x0_gen_adv=6.6803 synth_x0_gen_fm=0.1291 synth_total=7.5082
[step 1450] real_p1_mirror_hole_cov=0.0574 real_p1_skipped=1.0000 real_p1_hole_frac=0.2780 real_p2_eps=1.0983 real_p2_x0_l1=0.1629 real_p2_x0_abw=0.5082 real_p2_gen_adv=7.5446 real_p2_gen_fm=0.1146 real_total=10.8368 discr_adv=2.6397 x0_discr_real_out=-0.0459 x0_discr_fake_out=-0.2936 x0_discr_real_gp=0.0401 p2_discr_real_out=0.0449 p2_discr_fake_out=-0.1172 p2_discr_real_gp=0.0150 g_grad_abs=27875.6949 d_grad_abs=938.6363 synth_eps=1.0279 synth_eps_raw=1.0279 synth_x0_x0_l1=0.1484 synth_x0_x0_abw=0.5182 synth_x0_gen_adv=7.7413 synth_x0_gen_fm=0.0962 synth_total=10.1035
[step 1500] real_p1_mirror_hole_cov=0.1604 real_p1_skipped=1.0000 real_p1_hole_frac=0.3152 real_p2_eps=0.6748 real_p2_x0_l1=0.2080 real_p2_x0_abw=0.1992 real_p2_gen_adv=7.8271 real_p2_gen_fm=0.1540 real_total=5.3436 discr_adv=2.6622 x0_discr_real_out=-0.0073 x0_discr_fake_out=-0.2386 x0_discr_real_gp=0.0273 p2_discr_real_out=-0.0176 p2_discr_fake_out=-0.1661 p2_discr_real_gp=0.0329 g_grad_abs=20146.1065 d_grad_abs=927.9352 synth_eps=0.7028 synth_eps_raw=0.7028 synth_x0_x0_l1=0.0288 synth_x0_x0_abw=0.9639 synth_x0_gen_adv=6.3841 synth_x0_gen_fm=0.0119 synth_total=8.0311
[images] real: anchor | cond1 | cond2 | inv_warp_mirror | mask | mask_inv | p2_pred_x0 | warp_img | warp_warp_img | x | y_hat | y_hat_novel -> /home/xzy/warpgan-diffusiong-inpainting/warpgan-diffusion-inpainting-main/experiments/train_inpainting_diffusion/[20260910-025204]_v18w1_struct_50k/logs/images/train/real_step0001500.png
[images] synth: cond | mask | pred_x0 | target | warp_img | x | y_hat_novel -> /home/xzy/warpgan-diffusiong-inpainting/warpgan-diffusion-inpainting-main/experiments/train_inpainting_diffusion/[20260910-025204]_v18w1_struct_50k/logs/images/train/synth_step0001500.png
[step 1550] real_p1_mirror_hole_cov=0.0126 real_p1_skipped=1.0000 real_p1_hole_frac=0.3819 real_p2_eps=0.8070 real_p2_x0_l1=0.1952 real_p2_x0_abw=0.2618 real_p2_gen_adv=6.7917 real_p2_gen_fm=0.1054 real_total=5.3952 discr_adv=2.7604 x0_discr_real_out=0.0431 x0_discr_fake_out=0.0273 x0_discr_real_gp=0.0009 p2_discr_real_out=0.0457 p2_discr_fake_out=0.0290 p2_discr_real_gp=0.0008 g_grad_abs=12484.2806 d_grad_abs=263.2985 synth_eps=0.2095 synth_eps_raw=0.2095 synth_x0_x0_l1=0.2677 synth_x0_x0_abw=0.0553 synth_x0_gen_adv=6.8487 synth_x0_gen_fm=0.1749 synth_total=1.5695
[step 1600] real_p1_mirror_hole_cov=0.0050 real_p1_skipped=1.0000 real_p1_hole_frac=0.2009 real_p2_eps=1.0047 real_p2_x0_l1=0.1712 real_p2_x0_abw=0.5199 real_p2_gen_adv=7.1878 real_p2_gen_fm=0.1023 real_total=10.1490 discr_adv=2.7273 x0_discr_real_out=-0.0257 x0_discr_fake_out=-0.0856 x0_discr_real_gp=0.0069 p2_discr_real_out=0.0114 p2_discr_fake_out=-0.0492 p2_discr_real_gp=0.0036 g_grad_abs=17142.3339 d_grad_abs=516.1909 synth_eps=0.0153 synth_eps_raw=0.0153 synth_x0_x0_l1=0.3573 synth_x0_x0_abw=0.0057 synth_x0_gen_adv=7.3030 synth_x0_gen_fm=0.2735 synth_total=0.2152
[step 1650] real_p1_mirror_hole_cov=0.0522 real_p1_skipped=1.0000 real_p1_hole_frac=0.0948 real_p2_eps=0.0195 real_p2_x0_l1=0.3555 real_p2_x0_abw=0.0091 real_p2_gen_adv=6.5021 real_p2_gen_fm=0.2825 real_total=0.3395 discr_adv=2.7616 x0_discr_real_out=0.1235 x0_discr_fake_out=0.0801 x0_discr_real_gp=0.0095 p2_discr_real_out=0.1228 p2_discr_fake_out=0.0894 p2_discr_real_gp=0.0091 g_grad_abs=712.5806 d_grad_abs=596.3607 synth_eps=1.0163 synth_eps_raw=1.0163 synth_x0_x0_l1=0.1216 synth_x0_x0_abw=0.5669 synth_x0_gen_adv=6.3936 synth_x0_gen_fm=0.0767 synth_total=9.0560
[step 1700] real_p1_mirror_hole_cov=0.2617 real_p1_skipped=1.0000 real_p1_hole_frac=0.5101 real_p2_eps=0.7069 real_p2_x0_l1=0.0166 real_p2_x0_abw=0.9868 real_p2_gen_adv=7.5691 real_p2_gen_fm=0.0040 real_total=8.5890 discr_adv=2.7628 x0_discr_real_out=-0.1123 x0_discr_fake_out=-0.1673 x0_discr_real_gp=0.0027 p2_discr_real_out=-0.1207 p2_discr_fake_out=-0.1221 p2_discr_real_gp=0.0034 g_grad_abs=3860.3711 d_grad_abs=457.5092 synth_eps=0.0269 synth_eps_raw=0.0269 synth_x0_x0_l1=0.3409 synth_x0_x0_abw=0.0107 synth_x0_gen_adv=7.5638 synth_x0_gen_fm=0.2541 synth_total=0.3848
[step 1750] real_p1_mirror_hole_cov=0.1026 real_p1_skipped=1.0000 real_p1_hole_frac=0.3015 real_p2_eps=0.8070 real_p2_x0_l1=0.0640 real_p2_x0_abw=0.8034 real_p2_gen_adv=6.1133 real_p2_gen_fm=0.0505 real_total=9.8238 discr_adv=2.7712 x0_discr_real_out=0.1858 x0_discr_fake_out=0.1114 x0_discr_real_gp=0.0133 p2_discr_real_out=0.1879 p2_discr_fake_out=0.1730 p2_discr_real_gp=0.0119 g_grad_abs=26763.0583 d_grad_abs=749.3342 synth_eps=0.7847 synth_eps_raw=0.7847 synth_x0_x0_l1=0.2166 synth_x0_x0_abw=0.2391 synth_x0_gen_adv=6.7055 synth_x0_gen_fm=0.1510 synth_total=6.0501
[step 1800] real_p1_mirror_hole_cov=0.1356 real_p1_skipped=1.0000 real_p1_hole_frac=0.1766 real_p2_eps=1.0276 real_p2_x0_l1=0.1402 real_p2_x0_abw=0.4684 real_p2_gen_adv=7.0227 real_p2_gen_fm=0.0733 real_total=7.8177 discr_adv=2.7603 x0_discr_real_out=-0.0041 x0_discr_fake_out=-0.0174 x0_discr_real_gp=0.0007 p2_discr_real_out=-0.0014 p2_discr_fake_out=-0.0177 p2_discr_real_gp=0.0007 g_grad_abs=10018.4406 d_grad_abs=152.7390 synth_eps=0.7324 synth_eps_raw=0.7324 synth_x0_x0_l1=0.1940 synth_x0_x0_abw=0.2116 synth_x0_gen_adv=7.1151 synth_x0_gen_fm=0.1124 synth_total=4.6580
[step 1850] real_p1_mirror_hole_cov=0.1637 real_p1_skipped=1.0000 real_p1_hole_frac=0.2515 real_p2_eps=1.0920 real_p2_x0_l1=0.1547 real_p2_x0_abw=0.5383 real_p2_gen_adv=7.2219 real_p2_gen_fm=0.0900 real_total=9.9093 discr_adv=2.6900 x0_discr_real_out=0.0145 x0_discr_fake_out=-0.1539 x0_discr_real_gp=0.0152 p2_discr_real_out=0.0105 p2_discr_fake_out=-0.0563 p2_discr_real_gp=0.0141 g_grad_abs=16399.7542 d_grad_abs=661.6733 synth_eps=0.8774 synth_eps_raw=0.8774 synth_x0_x0_l1=0.1791 synth_x0_x0_abw=0.2831 synth_x0_gen_adv=7.7073 synth_x0_gen_fm=0.1116 synth_total=6.2678
[step 1900] real_p1_mirror_hole_cov=0.0801 real_p1_skipped=1.0000 real_p1_hole_frac=0.2308 real_p2_eps=1.1740 real_p2_x0_l1=0.1067 real_p2_x0_abw=0.6639 real_p2_gen_adv=7.2193 real_p2_gen_fm=0.0637 real_total=10.2687 discr_adv=2.7373 x0_discr_real_out=-0.0192 x0_discr_fake_out=-0.0863 x0_discr_real_gp=0.0086 p2_discr_real_out=-0.0110 p2_discr_fake_out=-0.0551 p2_discr_real_gp=0.0074 g_grad_abs=13737.4960 d_grad_abs=379.4640 synth_eps=0.7792 synth_eps_raw=0.7792 synth_x0_x0_l1=0.0420 synth_x0_x0_abw=0.9526 synth_x0_gen_adv=7.4826 synth_x0_gen_fm=0.0182 synth_total=9.6829
[step 1950] real_p1_mirror_hole_cov=0.1247 real_p1_skipped=1.0000 real_p1_hole_frac=0.4090 real_p2_eps=0.0782 real_p2_x0_l1=0.3096 real_p2_x0_abw=0.0251 real_p2_gen_adv=6.8043 real_p2_gen_fm=0.2251 real_total=0.8229 discr_adv=2.7131 x0_discr_real_out=0.0765 x0_discr_fake_out=-0.0242 x0_discr_real_gp=0.0087 p2_discr_real_out=0.0854 p2_discr_fake_out=0.0268 p2_discr_real_gp=0.0075 g_grad_abs=1237.5629 d_grad_abs=931.7299 synth_eps=0.7808 synth_eps_raw=0.7808 synth_x0_x0_l1=0.2329 synth_x0_x0_abw=0.2428 synth_x0_gen_adv=6.8703 synth_x0_gen_fm=0.1490 synth_total=6.1217
[val step 1999] val_novel_full=0.3427 val_novel_hole=0.3205 val_novel_visible=0.3612
[step 2000] real_p1_mirror_hole_cov=0.3258 real_p1_skipped=1.0000 real_p1_hole_frac=0.0421 real_p2_eps=0.9254 real_p2_x0_l1=0.1669 real_p2_x0_abw=0.4816 real_p2_gen_adv=6.1569 real_p2_gen_fm=0.1114 real_total=9.3330 discr_adv=2.7953 x0_discr_real_out=0.3500 x0_discr_fake_out=0.3475 x0_discr_real_gp=0.0097 p2_discr_real_out=0.2843 p2_discr_fake_out=0.1640 p2_discr_real_gp=0.0257 g_grad_abs=22902.9580 d_grad_abs=940.1226 synth_eps=0.6060 synth_eps_raw=0.6060 synth_x0_x0_l1=0.2154 synth_x0_x0_abw=0.1992 synth_x0_gen_adv=6.5412 synth_x0_gen_fm=0.1533 synth_total=5.0052 extra_render_attn_share=0.5029
[images] real: anchor | cond1 | cond2 | inv_warp_mirror | mask | mask_inv | p2_pred_x0 | warp_img | warp_warp_img | x | y_hat | y_hat_novel -> /home/xzy/warpgan-diffusiong-inpainting/warpgan-diffusion-inpainting-main/experiments/train_inpainting_diffusion/[20260910-025204]_v18w1_struct_50k/logs/images/train/real_step0002000.png
[images] synth: cond | mask | pred_x0 | target | warp_img | x | y_hat_novel -> /home/xzy/warpgan-diffusiong-inpainting/warpgan-diffusion-inpainting-main/experiments/train_inpainting_diffusion/[20260910-025204]_v18w1_struct_50k/logs/images/train/synth_step0002000.png
[step 2050] real_p1_mirror_hole_cov=0.1281 real_p1_skipped=1.0000 real_p1_hole_frac=0.5954 real_p2_eps=0.9408 real_p2_x0_l1=0.1439 real_p2_x0_abw=0.5535 real_p2_gen_adv=7.0904 real_p2_gen_fm=0.0854 real_total=9.6707 discr_adv=2.7097 x0_discr_real_out=0.0248 x0_discr_fake_out=-0.0661 x0_discr_real_gp=0.0084 p2_discr_real_out=0.0424 p2_discr_fake_out=-0.0296 p2_discr_real_gp=0.0060 g_grad_abs=19635.4585 d_grad_abs=482.7885 synth_eps=0.9599 synth_eps_raw=0.9599 synth_x0_x0_l1=0.1642 synth_x0_x0_abw=0.3441 synth_x0_gen_adv=7.5668 synth_x0_gen_fm=0.1147 synth_total=7.5657 extra_render_attn_share=0.5029
[step 2100] real_p1_mirror_hole_cov=0.0028 real_p1_skipped=1.0000 real_p1_hole_frac=0.2268 real_p2_eps=0.1682 real_p2_x0_l1=0.2823 real_p2_x0_abw=0.0548 real_p2_gen_adv=7.4192 real_p2_gen_fm=0.1975 real_total=1.6732 discr_adv=2.7399 x0_discr_real_out=-0.0316 x0_discr_fake_out=-0.0869 x0_discr_real_gp=0.0041 p2_discr_real_out=-0.0555 p2_discr_fake_out=-0.0948 p2_discr_real_gp=0.0070 g_grad_abs=3448.6602 d_grad_abs=337.0569 synth_eps=0.6489 synth_eps_raw=0.6489 synth_x0_x0_l1=0.2046 synth_x0_x0_abw=0.1905 synth_x0_gen_adv=7.6015 synth_x0_gen_fm=0.1351 synth_total=4.7093 extra_render_attn_share=0.5029
[step 2150] real_p1_mirror_hole_cov=0.1107 real_p1_skipped=1.0000 real_p1_hole_frac=0.4305 real_p2_eps=0.4882 real_p2_x0_l1=0.2109 real_p2_x0_abw=0.1550 real_p2_gen_adv=7.0740 real_p2_gen_fm=0.1138 real_total=3.3825 discr_adv=2.7468 x0_discr_real_out=0.0165 x0_discr_fake_out=-0.0072 x0_discr_real_gp=0.0013 p2_discr_real_out=0.0074 p2_discr_fake_out=-0.0277 p2_discr_real_gp=0.0013 g_grad_abs=5536.3669 d_grad_abs=200.7196 synth_eps=0.3991 synth_eps_raw=0.3991 synth_x0_x0_l1=0.2225 synth_x0_x0_abw=0.1179 synth_x0_gen_adv=7.0165 synth_x0_gen_fm=0.1225 synth_total=2.6964 extra_render_attn_share=0.5029
[step 2200] real_p1_mirror_hole_cov=0.0234 real_p1_skipped=1.0000 real_p1_hole_frac=0.2455 real_p2_eps=0.0815 real_p2_x0_l1=0.3094 real_p2_x0_abw=0.0194 real_p2_gen_adv=6.7373 real_p2_gen_fm=0.2028 real_total=0.6108 discr_adv=2.6916 x0_discr_real_out=0.1163 x0_discr_fake_out=-0.0410 x0_discr_real_gp=0.0154 p2_discr_real_out=0.1176 p2_discr_fake_out=0.0404 p2_discr_real_gp=0.0147 g_grad_abs=1690.3304 d_grad_abs=535.0984 synth_eps=0.0430 synth_eps_raw=0.0430 synth_x0_x0_l1=0.3268 synth_x0_x0_abw=0.0097 synth_x0_gen_adv=6.6020 synth_x0_gen_fm=0.2166 synth_total=0.3215 extra_render_attn_share=0.5029
[step 2250] real_p1_mirror_hole_cov=0.2074 real_p1_skipped=1.0000 real_p1_hole_frac=0.2932 real_p2_eps=0.6074 real_p2_x0_l1=0.0415 real_p2_x0_abw=0.9452 real_p2_gen_adv=7.1167 real_p2_gen_fm=0.0157 real_total=8.8571 discr_adv=2.7481 x0_discr_real_out=0.0233 x0_discr_fake_out=-0.0708 x0_discr_real_gp=0.0117 p2_discr_real_out=-0.0330 p2_discr_fake_out=-0.0356 p2_discr_real_gp=0.0089 g_grad_abs=8339.1188 d_grad_abs=287.2664 synth_eps=0.6615 synth_eps_raw=0.6615 synth_x0_x0_l1=0.0486 synth_x0_x0_abw=0.9398 synth_x0_gen_adv=7.2360 synth_x0_gen_fm=0.0165 synth_total=9.0562 extra_render_attn_share=0.5029
[step 2300] real_p1_mirror_hole_cov=0.0028 real_p1_skipped=1.0000 real_p1_hole_frac=0.0339 real_p2_eps=0.0101 real_p2_x0_l1=0.3652 real_p2_x0_abw=0.0070 real_p2_gen_adv=6.8594 real_p2_gen_fm=0.2523 real_total=0.2385 discr_adv=2.7640 x0_discr_real_out=0.0105 x0_discr_fake_out=-0.0149 x0_discr_real_gp=0.0025 p2_discr_real_out=0.0186 p2_discr_fake_out=0.0149 p2_discr_real_gp=0.0022 g_grad_abs=510.0927 d_grad_abs=179.3856 synth_eps=0.2228 synth_eps_raw=0.2228 synth_x0_x0_l1=0.2711 synth_x0_x0_abw=0.0658 synth_x0_gen_adv=6.8411 synth_x0_gen_fm=0.1611 synth_total=1.7506 extra_render_attn_share=0.5029
[step 2350] real_p1_mirror_hole_cov=0.1500 real_p1_skipped=1.0000 real_p1_hole_frac=0.3436 real_p2_eps=1.0887 real_p2_x0_l1=0.1514 real_p2_x0_abw=0.6157 real_p2_gen_adv=6.6564 real_p2_gen_fm=0.0852 real_total=10.5249 discr_adv=2.7424 x0_discr_real_out=0.1037 x0_discr_fake_out=0.0806 x0_discr_real_gp=0.0117 p2_discr_real_out=0.1520 p2_discr_fake_out=0.0566 p2_discr_real_gp=0.0103 g_grad_abs=18059.9081 d_grad_abs=488.8548 synth_eps=1.0589 synth_eps_raw=1.0589 synth_x0_x0_l1=0.1293 synth_x0_x0_abw=0.6474 synth_x0_gen_adv=7.0100 synth_x0_gen_fm=0.0698 synth_total=10.1971 extra_render_attn_share=0.5029
[step 2400] real_p1_mirror_hole_cov=0.1141 real_p1_skipped=1.0000 real_p1_hole_frac=0.5059 real_p2_eps=1.0030 real_p2_x0_l1=0.0777 real_p2_x0_abw=0.7629 real_p2_gen_adv=6.9681 real_p2_gen_fm=0.0428 real_total=9.6449 discr_adv=2.7353 x0_discr_real_out=0.0505 x0_discr_fake_out=-0.0155 x0_discr_real_gp=0.0023 p2_discr_real_out=0.0242 p2_discr_fake_out=-0.0055 p2_discr_real_gp=0.0051 g_grad_abs=24599.9202 d_grad_abs=313.1687 synth_eps=0.7703 synth_eps_raw=0.7703 synth_x0_x0_l1=0.2077 synth_x0_x0_abw=0.2403 synth_x0_gen_adv=7.1972 synth_x0_gen_fm=0.1193 synth_total=5.4156 extra_render_attn_share=0.5029
[step 2450] real_p1_mirror_hole_cov=0.0162 real_p1_skipped=1.0000 real_p1_hole_frac=0.0668 real_p2_eps=0.5427 real_p2_x0_l1=0.0589 real_p2_x0_abw=0.9387 real_p2_gen_adv=6.5979 real_p2_gen_fm=0.0240 real_total=9.0402 discr_adv=2.7641 x0_discr_real_out=0.0919 x0_discr_fake_out=0.0285 x0_discr_real_gp=0.0093 p2_discr_real_out=0.0680 p2_discr_fake_out=0.0690 p2_discr_real_gp=0.0090 g_grad_abs=8077.2081 d_grad_abs=272.3517 synth_eps=0.1761 synth_eps_raw=0.1761 synth_x0_x0_l1=0.2604 synth_x0_x0_abw=0.0526 synth_x0_gen_adv=6.9653 synth_x0_gen_fm=0.1681 synth_total=1.4414 extra_render_attn_share=0.5029
[step 2500] real_p1_mirror_hole_cov=0.1585 real_p1_skipped=1.0000 real_p1_hole_frac=0.3166 real_p2_eps=0.9779 real_p2_x0_l1=0.0899 real_p2_x0_abw=0.7175 real_p2_gen_adv=7.1037 real_p2_gen_fm=0.0618 real_total=10.5708 discr_adv=2.7546 x0_discr_real_out=0.0058 x0_discr_fake_out=-0.0194 x0_discr_real_gp=0.0051 p2_discr_real_out=0.0067 p2_discr_fake_out=-0.0324 p2_discr_real_gp=0.0056 g_grad_abs=13506.9607 d_grad_abs=229.0626 synth_eps=0.9254 synth_eps_raw=0.9254 synth_x0_x0_l1=0.1865 synth_x0_x0_abw=0.3882 synth_x0_gen_adv=7.2890 synth_x0_gen_fm=0.1121 synth_total=8.1784 extra_render_attn_share=0.5029
[images] real: anchor | cond1 | cond2 | inv_warp_mirror | mask | mask_inv | p2_pred_x0 | warp_img | warp_warp_img | x | y_hat | y_hat_novel -> /home/xzy/warpgan-diffusiong-inpainting/warpgan-diffusion-inpainting-main/experiments/train_inpainting_diffusion/[20260910-025204]_v18w1_struct_50k/logs/images/train/real_step0002500.png
[images] synth: cond | mask | pred_x0 | target | warp_img | x | y_hat_novel -> /home/xzy/warpgan-diffusiong-inpainting/warpgan-diffusion-inpainting-main/experiments/train_inpainting_diffusion/[20260910-025204]_v18w1_struct_50k/logs/images/train/synth_step0002500.png
[step 2550] real_p1_mirror_hole_cov=0.2240 real_p1_skipped=1.0000 real_p1_hole_frac=0.3712 real_p2_eps=0.6735 real_p2_x0_l1=0.0471 real_p2_x0_abw=0.8905 real_p2_gen_adv=6.4849 real_p2_gen_fm=0.0209 real_total=8.3473 discr_adv=2.7196 x0_discr_real_out=0.0328 x0_discr_fake_out=-0.1789 x0_discr_real_gp=0.0368 p2_discr_real_out=0.0921 p2_discr_fake_out=0.0922 p2_discr_real_gp=0.0074 g_grad_abs=30082.3022 d_grad_abs=385.8634 synth_eps=0.2530 synth_eps_raw=0.2530 synth_x0_x0_l1=0.2633 synth_x0_x0_abw=0.0881 synth_x0_gen_adv=7.2942 synth_x0_gen_fm=0.1836 synth_total=2.5366 extra_render_attn_share=0.5029
[step 2600] real_p1_mirror_hole_cov=0.2357 real_p1_skipped=1.0000 real_p1_hole_frac=0.5606 real_p2_eps=0.6645 real_p2_x0_l1=0.2116 real_p2_x0_abw=0.2198 real_p2_gen_adv=6.8866 real_p2_gen_fm=0.1318 real_total=5.1221 discr_adv=2.7603 x0_discr_real_out=0.0264 x0_discr_fake_out=0.0052 x0_discr_real_gp=0.0013 p2_discr_real_out=0.0276 p2_discr_fake_out=0.0109 p2_discr_real_gp=0.0014 g_grad_abs=11714.3032 d_grad_abs=414.2070 synth_eps=0.5682 synth_eps_raw=0.5682 synth_x0_x0_l1=0.2387 synth_x0_x0_abw=0.1696 synth_x0_gen_adv=6.8347 synth_x0_gen_fm=0.1427 synth_total=4.1882 extra_render_attn_share=0.5029
[step 2650] real_p1_mirror_hole_cov=0.0694 real_p1_skipped=1.0000 real_p1_hole_frac=0.0761 real_p2_eps=0.7645 real_p2_x0_l1=0.0708 real_p2_x0_abw=0.8739 real_p2_gen_adv=7.0905 real_p2_gen_fm=0.0364 real_total=10.2049 discr_adv=2.7365 x0_discr_real_out=0.0197 x0_discr_fake_out=-0.0759 x0_discr_real_gp=0.0060 p2_discr_real_out=-0.0199 p2_discr_fake_out=-0.0307 p2_discr_real_gp=0.0087 g_grad_abs=24363.6500 d_grad_abs=207.5169 synth_eps=1.0286 synth_eps_raw=1.0286 synth_x0_x0_l1=0.1295 synth_x0_x0_abw=0.4503 synth_x0_gen_adv=7.2756 synth_x0_gen_fm=0.0813 synth_total=8.0226 extra_render_attn_share=0.5029
[step 2700] real_p1_mirror_hole_cov=0.0303 real_p1_skipped=1.0000 real_p1_hole_frac=0.3565 real_p2_eps=0.4074 real_p2_x0_l1=0.2398 real_p2_x0_abw=0.1195 real_p2_gen_adv=7.6241 real_p2_gen_fm=0.1550 real_total=3.1982 discr_adv=2.6942 x0_discr_real_out=0.0397 x0_discr_fake_out=-0.0196 x0_discr_real_gp=0.0255 p2_discr_real_out=0.0671 p2_discr_fake_out=-0.1325 p2_discr_real_gp=0.0211 g_grad_abs=5389.5669 d_grad_abs=393.9442 synth_eps=0.0544 synth_eps_raw=0.0544 synth_x0_x0_l1=0.3218 synth_x0_x0_abw=0.0212 synth_x0_gen_adv=6.9671 synth_x0_gen_fm=0.2267 synth_total=0.6882 extra_render_attn_share=0.5029
[step 2750] real_p1_mirror_hole_cov=0.0553 real_p1_skipped=1.0000 real_p1_hole_frac=0.1682 real_p2_eps=0.8480 real_p2_x0_l1=0.1690 real_p2_x0_abw=0.3773 real_p2_gen_adv=7.9363 real_p2_gen_fm=0.1116 real_total=8.1188 discr_adv=2.7447 x0_discr_real_out=0.0567 x0_discr_fake_out=0.0280 x0_discr_real_gp=0.0187 p2_discr_real_out=-0.0041 p2_discr_fake_out=-0.1900 p2_discr_real_gp=0.0536 g_grad_abs=12364.3794 d_grad_abs=884.8729 synth_eps=0.9544 synth_eps_raw=0.9544 synth_x0_x0_l1=0.1159 synth_x0_x0_abw=0.7350 synth_x0_gen_adv=7.0736 synth_x0_gen_fm=0.0671 synth_total=11.1689 extra_render_attn_share=0.5029
[step 2800] real_p1_mirror_hole_cov=0.0857 real_p1_skipped=1.0000 real_p1_hole_frac=0.0681 real_p2_eps=0.0083 real_p2_x0_l1=0.3693 real_p2_x0_abw=0.0053 real_p2_gen_adv=6.0723 real_p2_gen_fm=0.2783 real_total=0.1884 discr_adv=2.8054 x0_discr_real_out=0.2021 x0_discr_fake_out=0.2019 x0_discr_real_gp=0.0026 p2_discr_real_out=0.1845 p2_discr_fake_out=0.1812 p2_discr_real_gp=0.0113 g_grad_abs=315.1852 d_grad_abs=560.8422 synth_eps=0.7330 synth_eps_raw=0.7330 synth_x0_x0_l1=0.0699 synth_x0_x0_abw=0.8687 synth_x0_gen_adv=6.0134 synth_x0_gen_fm=0.0463 synth_total=10.0425 extra_render_attn_share=0.5029
[step 2850] real_p1_mirror_hole_cov=0.0220 real_p1_skipped=1.0000 real_p1_hole_frac=0.3342 real_p2_eps=0.9822 real_p2_x0_l1=0.0964 real_p2_x0_abw=0.7766 real_p2_gen_adv=6.8387 real_p2_gen_fm=0.0472 real_total=10.0316 discr_adv=2.7145 x0_discr_real_out=0.0339 x0_discr_fake_out=-0.1116 x0_discr_real_gp=0.0157 p2_discr_real_out=0.0472 p2_discr_fake_out=0.0191 p2_discr_real_gp=0.0094 g_grad_abs=10600.5073 d_grad_abs=553.9201 synth_eps=0.0174 synth_eps_raw=0.0174 synth_x0_x0_l1=0.3619 synth_x0_x0_abw=0.0063 synth_x0_gen_adv=6.6697 synth_x0_gen_fm=0.2691 synth_total=0.2302 extra_render_attn_share=0.5029
[step 2900] real_p1_mirror_hole_cov=0.0107 real_p1_skipped=1.0000 real_p1_hole_frac=0.2575 real_p2_eps=0.0440 real_p2_x0_l1=0.3176 real_p2_x0_abw=0.0172 real_p2_gen_adv=6.8756 real_p2_gen_fm=0.2097 real_total=0.5279 discr_adv=2.7273 x0_discr_real_out=0.0157 x0_discr_fake_out=-0.0767 x0_discr_real_gp=0.0041 p2_discr_real_out=0.0289 p2_discr_fake_out=0.0116 p2_discr_real_gp=0.0033 g_grad_abs=773.8996 d_grad_abs=255.3882 synth_eps=0.9002 synth_eps_raw=0.9002 synth_x0_x0_l1=0.0180 synth_x0_x0_abw=0.9948 synth_x0_gen_adv=7.0132 synth_x0_gen_fm=0.0025 synth_total=8.1435 extra_render_attn_share=0.5029
[step 2950] real_p1_mirror_hole_cov=0.1212 real_p1_skipped=1.0000 real_p1_hole_frac=0.1374 real_p2_eps=0.5759 real_p2_x0_l1=0.0346 real_p2_x0_abw=0.9309 real_p2_gen_adv=6.2259 real_p2_gen_fm=0.0171 real_total=7.9913 discr_adv=2.7944 x0_discr_real_out=0.0274 x0_discr_fake_out=-0.1029 x0_discr_real_gp=0.0674 p2_discr_real_out=0.1556 p2_discr_fake_out=0.1471 p2_discr_real_gp=0.0148 g_grad_abs=8073.7478 d_grad_abs=788.1847 synth_eps=0.9050 synth_eps_raw=0.9050 synth_x0_x0_l1=0.1644 synth_x0_x0_abw=0.3712 synth_x0_gen_adv=7.0848 synth_x0_gen_fm=0.1043 synth_total=7.4659 extra_render_attn_share=0.5029
[step 3000] real_p1_mirror_hole_cov=0.0363 real_p1_skipped=1.0000 real_p1_hole_frac=0.0905 real_p2_eps=0.1490 real_p2_x0_l1=0.2706 real_p2_x0_abw=0.0509 real_p2_gen_adv=7.5269 real_p2_gen_fm=0.1832 real_total=1.4797 discr_adv=2.7347 x0_discr_real_out=-0.0345 x0_discr_fake_out=-0.0839 x0_discr_real_gp=0.0046 p2_discr_real_out=-0.0414 p2_discr_fake_out=-0.1109 p2_discr_real_gp=0.0053 g_grad_abs=1962.5334 d_grad_abs=551.7797 synth_eps=0.4593 synth_eps_raw=0.4593 synth_x0_x0_l1=0.2513 synth_x0_x0_abw=0.1211 synth_x0_gen_adv=7.8149 synth_x0_gen_fm=0.1611 synth_total=3.3864 extra_render_attn_share=0.5029
[images] real: anchor | cond1 | cond2 | inv_warp_mirror | mask | mask_inv | p2_pred_x0 | warp_img | warp_warp_img | x | y_hat | y_hat_novel -> /home/xzy/warpgan-diffusiong-inpainting/warpgan-diffusion-inpainting-main/experiments/train_inpainting_diffusion/[20260910-025204]_v18w1_struct_50k/logs/images/train/real_step0003000.png
[images] synth: cond | mask | pred_x0 | target | warp_img | x | y_hat_novel -> /home/xzy/warpgan-diffusiong-inpainting/warpgan-diffusion-inpainting-main/experiments/train_inpainting_diffusion/[20260910-025204]_v18w1_struct_50k/logs/images/train/synth_step0003000.png
[step 3050] real_p1_mirror_hole_cov=0.1291 real_p1_skipped=1.0000 real_p1_hole_frac=0.4146 real_p2_eps=0.8613 real_p2_x0_l1=0.1918 real_p2_x0_abw=0.2981 real_p2_gen_adv=7.5221 real_p2_gen_fm=0.1271 real_total=6.9499 discr_adv=2.7748 x0_discr_real_out=0.0114 x0_discr_fake_out=-0.2023 x0_discr_real_gp=0.0675 p2_discr_real_out=-0.0012 p2_discr_fake_out=-0.1115 p2_discr_real_gp=0.0833 g_grad_abs=11272.4677 d_grad_abs=2400.4793 synth_eps=0.6691 synth_eps_raw=0.6691 synth_x0_x0_l1=0.0277 synth_x0_x0_abw=0.9669 synth_x0_gen_adv=6.5706 synth_x0_gen_fm=0.0096 synth_total=7.9731 extra_render_attn_share=0.5029
[step 3100] real_p1_mirror_hole_cov=0.0098 real_p1_skipped=1.0000 real_p1_hole_frac=0.2847 real_p2_eps=0.8225 real_p2_x0_l1=0.2006 real_p2_x0_abw=0.2428 real_p2_gen_adv=8.1682 real_p2_gen_fm=0.1340 real_total=6.1072 discr_adv=2.6180 x0_discr_real_out=0.0389 x0_discr_fake_out=-0.1941 x0_discr_real_gp=0.0353 p2_discr_real_out=0.0151 p2_discr_fake_out=-0.2319 p2_discr_real_gp=0.0360 g_grad_abs=9977.9556 d_grad_abs=628.8049 synth_eps=0.8877 synth_eps_raw=0.8877 synth_x0_x0_l1=0.1944 synth_x0_x0_abw=0.2831 synth_x0_gen_adv=7.8461 synth_x0_gen_fm=0.1324 synth_total=6.9101 extra_render_attn_share=0.5029
[step 3150] real_p1_mirror_hole_cov=0.1615 real_p1_skipped=1.0000 real_p1_hole_frac=0.3634 real_p2_eps=0.9001 real_p2_x0_l1=0.1016 real_p2_x0_abw=0.6241 real_p2_gen_adv=7.3843 real_p2_gen_fm=0.0634 real_total=9.5263 discr_adv=2.7205 x0_discr_real_out=-0.0362 x0_discr_fake_out=-0.1923 x0_discr_real_gp=0.0310 p2_discr_real_out=-0.0258 p2_discr_fake_out=-0.0878 p2_discr_real_gp=0.0178 g_grad_abs=29108.3028 d_grad_abs=490.9391 synth_eps=0.0115 synth_eps_raw=0.0115 synth_x0_x0_l1=0.3748 synth_x0_x0_abw=0.0060 synth_x0_gen_adv=7.2537 synth_x0_gen_fm=0.2901 synth_total=0.2306 extra_render_attn_share=0.5029
[step 3200] real_p1_mirror_hole_cov=0.0932 real_p1_skipped=1.0000 real_p1_hole_frac=0.0601 real_p2_eps=0.7429 real_p2_x0_l1=0.1415 real_p2_x0_abw=0.5568 real_p2_gen_adv=7.3124 real_p2_gen_fm=0.0817 real_total=9.4446 discr_adv=2.7074 x0_discr_real_out=-0.0203 x0_discr_fake_out=-0.1400 x0_discr_real_gp=0.0114 p2_discr_real_out=-0.0158 p2_discr_fake_out=-0.0741 p2_discr_real_gp=0.0074 g_grad_abs=18586.6576 d_grad_abs=339.3422 synth_eps=0.8764 synth_eps_raw=0.8764 synth_x0_x0_l1=0.1122 synth_x0_x0_abw=0.6869 synth_x0_gen_adv=7.1728 synth_x0_gen_fm=0.0646 synth_total=10.3174 extra_render_attn_share=0.5029
[step 3250] real_p1_mirror_hole_cov=0.1011 real_p1_skipped=1.0000 real_p1_hole_frac=0.3333 real_p2_eps=0.0859 real_p2_x0_l1=0.3021 real_p2_x0_abw=0.0268 real_p2_gen_adv=7.1914 real_p2_gen_fm=0.2174 real_total=0.8708 discr_adv=2.7481 x0_discr_real_out=-0.0296 x0_discr_fake_out=-0.0910 x0_discr_real_gp=0.0033 p2_discr_real_out=-0.0402 p2_discr_fake_out=-0.0501 p2_discr_real_gp=0.0035 g_grad_abs=1567.2727 d_grad_abs=322.4864 synth_eps=0.9286 synth_eps_raw=0.9286 synth_x0_x0_l1=0.1723 synth_x0_x0_abw=0.3500 synth_x0_gen_adv=7.5588 synth_x0_gen_fm=0.1058 synth_total=7.3383 extra_render_attn_share=0.5029
[step 3300] real_p1_mirror_hole_cov=0.1241 real_p1_skipped=1.0000 real_p1_hole_frac=0.5433 real_p2_eps=0.1279 real_p2_x0_l1=0.3072 real_p2_x0_abw=0.0409 real_p2_gen_adv=6.9223 real_p2_gen_fm=0.2250 real_total=1.3447 discr_adv=2.7514 x0_discr_real_out=0.0336 x0_discr_fake_out=-0.0399 x0_discr_real_gp=0.0104 p2_discr_real_out=0.0467 p2_discr_fake_out=0.0091 p2_discr_real_gp=0.0088 g_grad_abs=3034.8697 d_grad_abs=606.5536 synth_eps=0.8790 synth_eps_raw=0.8790 synth_x0_x0_l1=0.0566 synth_x0_x0_abw=0.8362 synth_x0_gen_adv=7.1173 synth_x0_gen_fm=0.0294 synth_total=9.3339 extra_render_attn_share=0.5029
[step 3350] real_p1_mirror_hole_cov=0.2429 real_p1_skipped=1.0000 real_p1_hole_frac=0.5887 real_p2_eps=0.6450 real_p2_x0_l1=0.0561 real_p2_x0_abw=0.8867 real_p2_gen_adv=7.1147 real_p2_gen_fm=0.0241 real_total=9.1367 discr_adv=2.7853 x0_discr_real_out=-0.0401 x0_discr_fake_out=-0.0375 x0_discr_real_gp=0.0090 p2_discr_real_out=-0.0237 p2_discr_fake_out=-0.0342 p2_discr_real_gp=0.0035 g_grad_abs=10864.0874 d_grad_abs=290.9188 synth_eps=0.8403 synth_eps_raw=0.8403 synth_x0_x0_l1=0.0197 synth_x0_x0_abw=0.9868 synth_x0_gen_adv=7.2388 synth_x0_gen_fm=0.0031 synth_total=8.3104 extra_render_attn_share=0.5029
[step 3400] real_p1_mirror_hole_cov=0.0488 real_p1_skipped=1.0000 real_p1_hole_frac=0.0614 real_p2_eps=0.2814 real_p2_x0_l1=0.2476 real_p2_x0_abw=0.0801 real_p2_gen_adv=6.8005 real_p2_gen_fm=0.1450 real_total=2.0080 discr_adv=2.7615 x0_discr_real_out=0.0321 x0_discr_fake_out=0.0185 x0_discr_real_gp=0.0004 p2_discr_real_out=0.0395 p2_discr_fake_out=0.0268 p2_discr_real_gp=0.0004 g_grad_abs=2814.5086 d_grad_abs=158.6427 synth_eps=0.1004 synth_eps_raw=0.1004 synth_x0_x0_l1=0.2901 synth_x0_x0_abw=0.0303 synth_x0_gen_adv=6.7789 synth_x0_gen_fm=0.1782 synth_total=0.8539 extra_render_attn_share=0.5029
[step 3450] real_p1_mirror_hole_cov=0.2500 real_p1_skipped=1.0000 real_p1_hole_frac=0.0471 real_p2_eps=0.8922 real_p2_x0_l1=0.1884 real_p2_x0_abw=0.3193 real_p2_gen_adv=7.0479 real_p2_gen_fm=0.1120 real_total=6.7788 discr_adv=2.6973 x0_discr_real_out=0.1690 x0_discr_fake_out=0.1217 x0_discr_real_gp=0.0079 p2_discr_real_out=0.1382 p2_discr_fake_out=-0.0220 p2_discr_real_gp=0.0113 g_grad_abs=13052.6847 d_grad_abs=749.4227 synth_eps=0.0547 synth_eps_raw=0.0547 synth_x0_x0_l1=0.3287 synth_x0_x0_abw=0.0200 synth_x0_gen_adv=6.8405 synth_x0_gen_fm=0.2260 synth_total=0.6485 extra_render_attn_share=0.5029
[step 3500] real_p1_mirror_hole_cov=0.0928 real_p1_skipped=1.0000 real_p1_hole_frac=0.3468 real_p2_eps=0.8921 real_p2_x0_l1=0.0097 real_p2_x0_abw=0.9957 real_p2_gen_adv=6.8131 real_p2_gen_fm=0.0014 real_total=7.8299 discr_adv=2.7708 x0_discr_real_out=-0.0081 x0_discr_fake_out=-0.0534 x0_discr_real_gp=0.0123 p2_discr_real_out=0.0260 p2_discr_fake_out=0.0262 p2_discr_real_gp=0.0026 g_grad_abs=1636.5197 d_grad_abs=364.0895 synth_eps=1.1683 synth_eps_raw=1.1683 synth_x0_x0_l1=0.1159 synth_x0_x0_abw=0.6341 synth_x0_gen_adv=7.0557 synth_x0_gen_fm=0.0779 synth_total=10.6566 extra_render_attn_share=0.5029
[images] real: anchor | cond1 | cond2 | inv_warp_mirror | mask | mask_inv | p2_pred_x0 | warp_img | warp_warp_img | x | y_hat | y_hat_novel -> /home/xzy/warpgan-diffusiong-inpainting/warpgan-diffusion-inpainting-main/experiments/train_inpainting_diffusion/[20260910-025204]_v18w1_struct_50k/logs/images/train/real_step0003500.png
[images] synth: cond | mask | pred_x0 | target | warp_img | x | y_hat_novel -> /home/xzy/warpgan-diffusiong-inpainting/warpgan-diffusion-inpainting-main/experiments/train_inpainting_diffusion/[20260910-025204]_v18w1_struct_50k/logs/images/train/synth_step0003500.png
[step 3550] real_p1_mirror_hole_cov=0.1400 real_p1_skipped=1.0000 real_p1_hole_frac=0.3187 real_p2_eps=0.9740 real_p2_x0_l1=0.1694 real_p2_x0_abw=0.3279 real_p2_gen_adv=6.9684 real_p2_gen_fm=0.0952 real_total=6.4364 discr_adv=2.7465 x0_discr_real_out=0.0371 x0_discr_fake_out=0.0127 x0_discr_real_gp=0.0017 p2_discr_real_out=0.0332 p2_discr_fake_out=-0.0064 p2_discr_real_gp=0.0019 g_grad_abs=8942.2029 d_grad_abs=267.5199 synth_eps=0.7078 synth_eps_raw=0.7078 synth_x0_x0_l1=0.0312 synth_x0_x0_abw=0.9505 synth_x0_gen_adv=6.9705 synth_x0_gen_fm=0.0109 synth_total=8.3984 extra_render_attn_share=0.5029
[step 3600] real_p1_mirror_hole_cov=0.0983 real_p1_skipped=1.0000 real_p1_hole_frac=0.0768 real_p2_eps=0.2003 real_p2_x0_l1=0.2816 real_p2_x0_abw=0.0684 real_p2_gen_adv=7.8517 real_p2_gen_fm=0.1945 real_total=2.0869 discr_adv=2.7322 x0_discr_real_out=-0.0220 x0_discr_fake_out=-0.0258 x0_discr_real_gp=0.0101 p2_discr_real_out=-0.0196 p2_discr_fake_out=-0.1735 p2_discr_real_gp=0.0190 g_grad_abs=1979.1700 d_grad_abs=515.9998 synth_eps=0.0215 synth_eps_raw=0.0215 synth_x0_x0_l1=0.3360 synth_x0_x0_abw=0.0102 synth_x0_gen_adv=7.1959 synth_x0_gen_fm=0.2454 synth_total=0.3479 extra_render_attn_share=0.5029
[step 3650] real_p1_mirror_hole_cov=0.0279 real_p1_skipped=1.0000 real_p1_hole_frac=0.0991 real_p2_eps=1.0014 real_p2_x0_l1=0.1162 real_p2_x0_abw=0.7521 real_p2_gen_adv=7.1904 real_p2_gen_fm=0.0805 real_total=12.5503 discr_adv=2.7559 x0_discr_real_out=-0.0254 x0_discr_fake_out=-0.0405 x0_discr_real_gp=0.0014 p2_discr_real_out=-0.0191 p2_discr_fake_out=-0.0498 p2_discr_real_gp=0.0013 g_grad_abs=31750.4766 d_grad_abs=222.7054 synth_eps=0.0652 synth_eps_raw=0.0652 synth_x0_x0_l1=0.3252 synth_x0_x0_abw=0.0216 synth_x0_gen_adv=7.0934 synth_x0_gen_fm=0.2200 synth_total=0.6998 extra_render_attn_share=0.5029
[step 3700] real_p1_mirror_hole_cov=0.0168 real_p1_skipped=1.0000 real_p1_hole_frac=0.0333 real_p2_eps=0.5343 real_p2_x0_l1=0.0246 real_p2_x0_abw=0.9859 real_p2_gen_adv=7.3907 real_p2_gen_fm=0.0050 real_total=8.3403 discr_adv=2.7884 x0_discr_real_out=-0.0480 x0_discr_fake_out=-0.0482 x0_discr_real_gp=0.0063 p2_discr_real_out=-0.0882 p2_discr_fake_out=-0.0887 p2_discr_real_gp=0.0055 g_grad_abs=3529.6093 d_grad_abs=336.9043 synth_eps=1.0231 synth_eps_raw=1.0231 synth_x0_x0_l1=0.1118 synth_x0_x0_abw=0.7583 synth_x0_gen_adv=7.2960 synth_x0_gen_fm=0.0730 synth_total=12.1770 extra_render_attn_share=0.5029
[step 3750] real_p1_mirror_hole_cov=0.0735 real_p1_skipped=1.0000 real_p1_hole_frac=0.2264 real_p2_eps=0.1050 real_p2_x0_l1=0.2992 real_p2_x0_abw=0.0406 real_p2_gen_adv=7.5980 real_p2_gen_fm=0.2151 real_total=1.2982 discr_adv=2.7174 x0_discr_real_out=-0.0013 x0_discr_fake_out=-0.1271 x0_discr_real_gp=0.0272 p2_discr_real_out=-0.0136 p2_discr_fake_out=-0.1281 p2_discr_real_gp=0.0320 g_grad_abs=1440.7090 d_grad_abs=457.6834 synth_eps=0.3914 synth_eps_raw=0.3914 synth_x0_x0_l1=0.2615 synth_x0_x0_abw=0.1386 synth_x0_gen_adv=7.4754 synth_x0_gen_fm=0.1746 synth_total=3.8844 extra_render_attn_share=0.5029
[step 3800] real_p1_mirror_hole_cov=0.4513 real_p1_skipped=1.0000 real_p1_hole_frac=0.3767 real_p2_eps=0.9154 real_p2_x0_l1=0.2014 real_p2_x0_abw=0.2871 real_p2_gen_adv=7.5796 real_p2_gen_fm=0.1322 real_total=6.9440 discr_adv=2.6696 x0_discr_real_out=0.0088 x0_discr_fake_out=-0.0971 x0_discr_real_gp=0.0105 p2_discr_real_out=0.0201 p2_discr_fake_out=-0.1248 p2_discr_real_gp=0.0075 g_grad_abs=9923.8559 d_grad_abs=740.7506 synth_eps=1.2133 synth_eps_raw=1.2133 synth_x0_x0_l1=0.1657 synth_x0_x0_abw=0.5770 synth_x0_gen_adv=7.6215 synth_x0_gen_fm=0.1099 synth_total=12.0468 extra_render_attn_share=0.5029
[step 3850] real_p1_mirror_hole_cov=0.0097 real_p1_skipped=1.0000 real_p1_hole_frac=0.3175 real_p2_eps=1.0874 real_p2_x0_l1=0.0930 real_p2_x0_abw=0.7660 real_p2_gen_adv=7.0831 real_p2_gen_fm=0.0547 real_total=10.7763 discr_adv=2.7714 x0_discr_real_out=-0.0236 x0_discr_fake_out=-0.0280 x0_discr_real_gp=0.0002 p2_discr_real_out=-0.0253 p2_discr_fake_out=-0.0290 p2_discr_real_gp=0.0003 g_grad_abs=33926.1055 d_grad_abs=145.4242 synth_eps=0.1174 synth_eps_raw=0.1174 synth_x0_x0_l1=0.3026 synth_x0_x0_abw=0.0450 synth_x0_gen_adv=7.0977 synth_x0_gen_fm=0.1862 synth_total=1.2873 extra_render_attn_share=0.5029
[step 3900] real_p1_mirror_hole_cov=0.0829 real_p1_skipped=1.0000 real_p1_hole_frac=0.0896 real_p2_eps=0.5998 real_p2_x0_l1=0.2172 real_p2_x0_abw=0.1778 real_p2_gen_adv=7.0828 real_p2_gen_fm=0.1240 real_total=4.1017 discr_adv=2.7561 x0_discr_real_out=0.0144 x0_discr_fake_out=0.0025 x0_discr_real_gp=0.0052 p2_discr_real_out=0.0090 p2_discr_fake_out=-0.0295 p2_discr_real_gp=0.0025 g_grad_abs=10987.0987 d_grad_abs=100.8514 synth_eps=1.1458 synth_eps_raw=1.1458 synth_x0_x0_l1=0.1346 synth_x0_x0_abw=0.5065 synth_x0_gen_adv=7.0041 synth_x0_gen_fm=0.0673 synth_total=8.1696 extra_render_attn_share=0.5029
[step 3950] real_p1_mirror_hole_cov=0.0306 real_p1_skipped=1.0000 real_p1_hole_frac=0.2588 real_p2_eps=0.4951 real_p2_x0_l1=0.2309 real_p2_x0_abw=0.1395 real_p2_gen_adv=6.9362 real_p2_gen_fm=0.1352 real_total=3.3813 discr_adv=2.7317 x0_discr_real_out=0.1084 x0_discr_fake_out=0.0718 x0_discr_real_gp=0.0101 p2_discr_real_out=0.0990 p2_discr_fake_out=0.0001 p2_discr_real_gp=0.0116 g_grad_abs=6099.4358 d_grad_abs=399.0273 synth_eps=0.6665 synth_eps_raw=0.6665 synth_x0_x0_l1=0.2131 synth_x0_x0_abw=0.1851 synth_x0_gen_adv=6.8201 synth_x0_gen_fm=0.1211 synth_total=4.2107 extra_render_attn_share=0.5029
[val step 3999] val_novel_full=0.3215 val_novel_hole=0.2059 val_novel_visible=0.3424
[step 4000] real_p1_mirror_hole_cov=0.0220 real_p1_skipped=1.0000 real_p1_hole_frac=0.2618 real_p2_eps=0.0889 real_p2_x0_l1=0.3179 real_p2_x0_abw=0.0303 real_p2_gen_adv=6.8714 real_p2_gen_fm=0.2099 real_total=0.9419 discr_adv=2.7168 x0_discr_real_out=0.0677 x0_discr_fake_out=-0.0381 x0_discr_real_gp=0.0143 p2_discr_real_out=0.0787 p2_discr_fake_out=0.0129 p2_discr_real_gp=0.0122 g_grad_abs=1257.2344 d_grad_abs=414.4635 synth_eps=0.8854 synth_eps_raw=0.8854 synth_x0_x0_l1=0.0783 synth_x0_x0_abw=0.7766 synth_x0_gen_adv=6.5397 synth_x0_gen_fm=0.0536 synth_total=10.1913 extra_render_attn_share=0.5096
[images] real: anchor | cond1 | cond2 | inv_warp_mirror | mask | mask_inv | p2_pred_x0 | warp_img | warp_warp_img | x | y_hat | y_hat_novel -> /home/xzy/warpgan-diffusiong-inpainting/warpgan-diffusion-inpainting-main/experiments/train_inpainting_diffusion/[20260910-025204]_v18w1_struct_50k/logs/images/train/real_step0004000.png
[images] synth: cond | mask | pred_x0 | target | warp_img | x | y_hat_novel -> /home/xzy/warpgan-diffusiong-inpainting/warpgan-diffusion-inpainting-main/experiments/train_inpainting_diffusion/[20260910-025204]_v18w1_struct_50k/logs/images/train/synth_step0004000.png
[step 4050] real_p1_mirror_hole_cov=0.1704 real_p1_skipped=1.0000 real_p1_hole_frac=0.3558 real_p2_eps=0.9103 real_p2_x0_l1=0.1395 real_p2_x0_abw=0.4766 real_p2_gen_adv=6.5444 real_p2_gen_fm=0.0745 real_total=7.6469 discr_adv=2.7500 x0_discr_real_out=0.2301 x0_discr_fake_out=0.1779 x0_discr_real_gp=0.0118 p2_discr_real_out=0.1787 p2_discr_fake_out=0.0809 p2_discr_real_gp=0.0216 g_grad_abs=16575.6149 d_grad_abs=633.8142 synth_eps=0.8339 synth_eps_raw=0.8339 synth_x0_x0_l1=0.1809 synth_x0_x0_abw=0.3164 synth_x0_gen_adv=6.1529 synth_x0_gen_fm=0.0983 synth_total=5.9477 extra_render_attn_share=0.5096
[step 4100] real_p1_mirror_hole_cov=0.1960 real_p1_skipped=1.0000 real_p1_hole_frac=0.2939 real_p2_eps=0.9615 real_p2_x0_l1=0.1685 real_p2_x0_abw=0.3712 real_p2_gen_adv=7.3482 real_p2_gen_fm=0.0883 real_total=7.0290 discr_adv=2.7161 x0_discr_real_out=0.0395 x0_discr_fake_out=-0.0311 x0_discr_real_gp=0.0176 p2_discr_real_out=0.0395 p2_discr_fake_out=-0.0799 p2_discr_real_gp=0.0176 g_grad_abs=12005.0683 d_grad_abs=329.1157 synth_eps=0.9520 synth_eps_raw=0.9520 synth_x0_x0_l1=0.1095 synth_x0_x0_abw=0.7690 synth_x0_gen_adv=6.7756 synth_x0_gen_fm=0.0568 synth_total=10.6182 extra_render_attn_share=0.5096
[step 4150] real_p1_mirror_hole_cov=0.1401 real_p1_skipped=1.0000 real_p1_hole_frac=0.1387 real_p2_eps=0.9197 real_p2_x0_l1=0.1203 real_p2_x0_abw=0.7901 real_p2_gen_adv=6.8722 real_p2_gen_fm=0.0690 real_total=11.8950 discr_adv=2.7152 x0_discr_real_out=0.0154 x0_discr_fake_out=-0.0884 x0_discr_real_gp=0.0066 p2_discr_real_out=0.0503 p2_discr_fake_out=0.0129 p2_discr_real_gp=0.0028 g_grad_abs=22493.6225 d_grad_abs=448.8440 synth_eps=0.3423 synth_eps_raw=0.3423 synth_x0_x0_l1=0.2721 synth_x0_x0_abw=0.0960 synth_x0_gen_adv=7.8152 synth_x0_gen_fm=0.1722 synth_total=2.7714 extra_render_attn_share=0.5096
[step 4200] real_p1_mirror_hole_cov=0.0039 real_p1_skipped=1.0000 real_p1_hole_frac=0.2551 real_p2_eps=0.6931 real_p2_x0_l1=0.2380 real_p2_x0_abw=0.2777 real_p2_gen_adv=6.5471 real_p2_gen_fm=0.1481 real_total=6.6906 discr_adv=2.7327 x0_discr_real_out=0.1333 x0_discr_fake_out=0.0523 x0_discr_real_gp=0.0216 p2_discr_real_out=0.1613 p2_discr_fake_out=0.0799 p2_discr_real_gp=0.0101 g_grad_abs=11188.3172 d_grad_abs=777.3863 synth_eps=0.8860 synth_eps_raw=0.8860 synth_x0_x0_l1=0.0762 synth_x0_x0_abw=0.7490 synth_x0_gen_adv=6.3602 synth_x0_gen_fm=0.0519 synth_total=9.5969 extra_render_attn_share=0.5096
[step 4250] real_p1_mirror_hole_cov=0.2523 real_p1_skipped=1.0000 real_p1_hole_frac=0.3924 real_p2_eps=0.5022 real_p2_x0_l1=0.2399 real_p2_x0_abw=0.1657 real_p2_gen_adv=8.6357 real_p2_gen_fm=0.1621 real_total=4.6573 discr_adv=2.6717 x0_discr_real_out=-0.0223 x0_discr_fake_out=-0.1782 x0_discr_real_gp=0.0222 p2_discr_real_out=-0.0606 p2_discr_fake_out=-0.3108 p2_discr_real_gp=0.0527 g_grad_abs=10573.9828 d_grad_abs=858.8569 synth_eps=0.6730 synth_eps_raw=0.6730 synth_x0_x0_l1=0.0777 synth_x0_x0_abw=0.8992 synth_x0_gen_adv=6.8668 synth_x0_gen_fm=0.0401 synth_total=10.5202 extra_render_attn_share=0.5096
[step 4300] real_p1_mirror_hole_cov=0.1563 real_p1_skipped=1.0000 real_p1_hole_frac=0.4314 real_p2_eps=0.5612 real_p2_x0_l1=0.2117 real_p2_x0_abw=0.1948 real_p2_gen_adv=6.8648 real_p2_gen_fm=0.1014 real_total=3.9157 discr_adv=2.7695 x0_discr_real_out=0.0207 x0_discr_fake_out=0.0159 x0_discr_real_gp=0.0001 p2_discr_real_out=0.0191 p2_discr_fake_out=0.0141 p2_discr_real_gp=0.0001 g_grad_abs=10572.4518 d_grad_abs=106.8760 synth_eps=1.0624 synth_eps_raw=1.0624 synth_x0_x0_l1=0.1473 synth_x0_x0_abw=0.5299 synth_x0_gen_adv=6.8397 synth_x0_gen_fm=0.0695 synth_total=8.4495 extra_render_attn_share=0.5096
[step 4350] real_p1_mirror_hole_cov=0.0978 real_p1_skipped=1.0000 real_p1_hole_frac=0.1616 real_p2_eps=0.2038 real_p2_x0_l1=0.2502 real_p2_x0_abw=0.0679 real_p2_gen_adv=6.8788 real_p2_gen_fm=0.1294 real_total=1.5657 discr_adv=2.7665 x0_discr_real_out=0.0153 x0_discr_fake_out=0.0066 x0_discr_real_gp=0.0002 p2_discr_real_out=0.0154 p2_discr_fake_out=0.0107 p2_discr_real_gp=0.0002 g_grad_abs=1743.4560 d_grad_abs=53.0821 synth_eps=0.7768 synth_eps_raw=0.7768 synth_x0_x0_l1=0.1117 synth_x0_x0_abw=0.5383 synth_x0_gen_adv=6.8700 synth_x0_gen_fm=0.0643 synth_total=7.9952 extra_render_attn_share=0.5096
[step 4400] real_p1_mirror_hole_cov=0.0804 real_p1_skipped=1.0000 real_p1_hole_frac=0.3396 real_p2_eps=0.7752 real_p2_x0_l1=0.0192 real_p2_x0_abw=0.9922 real_p2_gen_adv=7.0600 real_p2_gen_fm=0.0045 real_total=8.2487 discr_adv=2.7750 x0_discr_real_out=-0.0110 x0_discr_fake_out=-0.0139 x0_discr_real_gp=0.0019 p2_discr_real_out=-0.0240 p2_discr_fake_out=-0.0255 p2_discr_real_gp=0.0024 g_grad_abs=2422.0054 d_grad_abs=55.8495 synth_eps=0.6665 synth_eps_raw=0.6665 synth_x0_x0_l1=0.0623 synth_x0_x0_abw=0.9065 synth_x0_gen_adv=6.9828 synth_x0_gen_fm=0.0350 synth_total=10.2276 extra_render_attn_share=0.5096
[step 4450] real_p1_mirror_hole_cov=0.1830 real_p1_skipped=1.0000 real_p1_hole_frac=0.0791 real_p2_eps=0.0647 real_p2_x0_l1=0.3103 real_p2_x0_abw=0.0274 real_p2_gen_adv=6.8157 real_p2_gen_fm=0.1746 real_total=0.7372 discr_adv=2.7403 x0_discr_real_out=0.0445 x0_discr_fake_out=-0.0054 x0_discr_real_gp=0.0042 p2_discr_real_out=0.0565 p2_discr_fake_out=0.0236 p2_discr_real_gp=0.0036 g_grad_abs=1130.4840 d_grad_abs=192.9123 synth_eps=0.5473 synth_eps_raw=0.5473 synth_x0_x0_l1=0.1946 synth_x0_x0_abw=0.1737 synth_x0_gen_adv=6.8837 synth_x0_gen_fm=0.1011 synth_total=3.5321 extra_render_attn_share=0.5096
[step 4500] real_p1_mirror_hole_cov=0.1592 real_p1_skipped=1.0000 real_p1_hole_frac=0.4744 real_p2_eps=0.5392 real_p2_x0_l1=0.2187 real_p2_x0_abw=0.1589 real_p2_gen_adv=7.6266 real_p2_gen_fm=0.1141 real_total=3.5978 discr_adv=2.6594 x0_discr_real_out=0.0215 x0_discr_fake_out=-0.1397 x0_discr_real_gp=0.0119 p2_discr_real_out=-0.0053 p2_discr_fake_out=-0.1333 p2_discr_real_gp=0.0133 g_grad_abs=3929.6445 d_grad_abs=446.7870 synth_eps=0.9859 synth_eps_raw=0.9859 synth_x0_x0_l1=0.1576 synth_x0_x0_abw=0.3928 synth_x0_gen_adv=7.5923 synth_x0_gen_fm=0.0829 synth_total=7.2880 extra_render_attn_share=0.5096
[images] real: anchor | cond1 | cond2 | inv_warp_mirror | mask | mask_inv | p2_pred_x0 | warp_img | warp_warp_img | x | y_hat | y_hat_novel -> /home/xzy/warpgan-diffusiong-inpainting/warpgan-diffusion-inpainting-main/experiments/train_inpainting_diffusion/[20260910-025204]_v18w1_struct_50k/logs/images/train/real_step0004500.png
[images] synth: cond | mask | pred_x0 | target | warp_img | x | y_hat_novel -> /home/xzy/warpgan-diffusiong-inpainting/warpgan-diffusion-inpainting-main/experiments/train_inpainting_diffusion/[20260910-025204]_v18w1_struct_50k/logs/images/train/synth_step0004500.png
[step 4550] real_p1_mirror_hole_cov=0.1284 real_p1_skipped=1.0000 real_p1_hole_frac=0.4648 real_p2_eps=0.8029 real_p2_x0_l1=0.0164 real_p2_x0_abw=0.9877 real_p2_gen_adv=6.3649 real_p2_gen_fm=0.0039 real_total=7.4950 discr_adv=2.8073 x0_discr_real_out=0.0719 x0_discr_fake_out=0.0596 x0_discr_real_gp=0.0207 p2_discr_real_out=0.1164 p2_discr_fake_out=0.1177 p2_discr_real_gp=0.0127 g_grad_abs=2170.8160 d_grad_abs=388.4589 synth_eps=0.0086 synth_eps_raw=0.0086 synth_x0_x0_l1=0.3630 synth_x0_x0_abw=0.0060 synth_x0_gen_adv=6.9817 synth_x0_gen_fm=0.2248 synth_total=0.1870 extra_render_attn_share=0.5096
[step 4600] real_p1_mirror_hole_cov=0.0824 real_p1_skipped=1.0000 real_p1_hole_frac=0.3613 real_p2_eps=0.6476 real_p2_x0_l1=0.0632 real_p2_x0_abw=0.8829 real_p2_gen_adv=6.6673 real_p2_gen_fm=0.0251 real_total=8.8080 discr_adv=2.7426 x0_discr_real_out=0.1031 x0_discr_fake_out=-0.0515 x0_discr_real_gp=0.0135 p2_discr_real_out=0.0560 p2_discr_fake_out=0.0545 p2_discr_real_gp=0.0296 g_grad_abs=8942.3206 d_grad_abs=507.9405 synth_eps=0.0232 synth_eps_raw=0.0232 synth_x0_x0_l1=0.3453 synth_x0_x0_abw=0.0151 synth_x0_gen_adv=6.7691 synth_x0_gen_fm=0.2128 synth_total=0.4507 extra_render_attn_share=0.5096
[step 4650] real_p1_mirror_hole_cov=0.2051 real_p1_skipped=1.0000 real_p1_hole_frac=0.4076 real_p2_eps=0.7307 real_p2_x0_l1=0.2209 real_p2_x0_abw=0.2858 real_p2_gen_adv=7.6285 real_p2_gen_fm=0.1248 real_total=6.5413 discr_adv=2.6864 x0_discr_real_out=0.0411 x0_discr_fake_out=-0.0884 x0_discr_real_gp=0.0257 p2_discr_real_out=0.0204 p2_discr_fake_out=-0.1340 p2_discr_real_gp=0.0253 g_grad_abs=11882.9043 d_grad_abs=425.2299 synth_eps=0.6144 synth_eps_raw=0.6144 synth_x0_x0_l1=0.0329 synth_x0_x0_abw=0.9473 synth_x0_gen_adv=7.0052 synth_x0_gen_fm=0.0138 synth_total=8.5902 extra_render_attn_share=0.5096
[step 4700] real_p1_mirror_hole_cov=0.0854 real_p1_skipped=1.0000 real_p1_hole_frac=0.4823 real_p2_eps=0.9423 real_p2_x0_l1=0.1618 real_p2_x0_abw=0.4293 real_p2_gen_adv=7.8194 real_p2_gen_fm=0.0927 real_total=8.3494 discr_adv=2.6427 x0_discr_real_out=0.0327 x0_discr_fake_out=-0.1945 x0_discr_real_gp=0.0397 p2_discr_real_out=0.0434 p2_discr_fake_out=-0.1682 p2_discr_real_gp=0.0380 g_grad_abs=13136.4266 d_grad_abs=766.0955 synth_eps=0.8204 synth_eps_raw=0.8204 synth_x0_x0_l1=0.1710 synth_x0_x0_abw=0.3605 synth_x0_gen_adv=7.6751 synth_x0_gen_fm=0.1020 synth_total=7.3262 extra_render_attn_share=0.5096
[step 4750] real_p1_mirror_hole_cov=0.0057 real_p1_skipped=1.0000 real_p1_hole_frac=0.1640 real_p2_eps=0.9474 real_p2_x0_l1=0.1332 real_p2_x0_abw=0.5383 real_p2_gen_adv=7.9200 real_p2_gen_fm=0.0805 real_total=9.6187 discr_adv=2.6614 x0_discr_real_out=0.0851 x0_discr_fake_out=-0.0505 x0_discr_real_gp=0.0142 p2_discr_real_out=0.0092 p2_discr_fake_out=-0.1879 p2_discr_real_gp=0.0325 g_grad_abs=12824.4441 d_grad_abs=608.0844 synth_eps=0.7760 synth_eps_raw=0.7760 synth_x0_x0_l1=0.0473 synth_x0_x0_abw=0.8791 synth_x0_gen_adv=6.8051 synth_x0_gen_fm=0.0253 synth_total=9.0195 extra_render_attn_share=0.5096
[step 4800] real_p1_mirror_hole_cov=0.2264 real_p1_skipped=1.0000 real_p1_hole_frac=0.1307 real_p2_eps=0.9092 real_p2_x0_l1=0.0977 real_p2_x0_abw=0.6705 real_p2_gen_adv=6.7670 real_p2_gen_fm=0.0615 real_total=9.6377 discr_adv=2.7774 x0_discr_real_out=0.0481 x0_discr_fake_out=0.0457 x0_discr_real_gp=0.0050 p2_discr_real_out=0.0642 p2_discr_fake_out=0.0354 p2_discr_real_gp=0.0109 g_grad_abs=14994.2180 d_grad_abs=263.0465 synth_eps=0.8385 synth_eps_raw=0.8385 synth_x0_x0_l1=0.2054 synth_x0_x0_abw=0.3485 synth_x0_gen_adv=7.1179 synth_x0_gen_fm=0.1160 synth_total=7.4337 extra_render_attn_share=0.5096
[step 4850] real_p1_mirror_hole_cov=0.0318 real_p1_skipped=1.0000 real_p1_hole_frac=0.1397 real_p2_eps=0.0569 real_p2_x0_l1=0.3105 real_p2_x0_abw=0.0281 real_p2_gen_adv=7.6803 real_p2_gen_fm=0.1983 real_total=0.8392 discr_adv=2.7753 x0_discr_real_out=-0.1157 x0_discr_fake_out=-0.1161 x0_discr_real_gp=0.0047 p2_discr_real_out=-0.1076 p2_discr_fake_out=-0.1424 p2_discr_real_gp=0.0041 g_grad_abs=1136.7758 d_grad_abs=367.1338 synth_eps=0.5770 synth_eps_raw=0.5770 synth_x0_x0_l1=0.2248 synth_x0_x0_abw=0.1905 synth_x0_gen_adv=7.8258 synth_x0_gen_fm=0.1289 synth_total=4.5655 extra_render_attn_share=0.5096
[step 4900] real_p1_mirror_hole_cov=0.0425 real_p1_skipped=1.0000 real_p1_hole_frac=0.0603 real_p2_eps=0.0289 real_p2_x0_l1=0.3538 real_p2_x0_abw=0.0136 real_p2_gen_adv=7.2495 real_p2_gen_fm=0.2295 real_total=0.4436 discr_adv=2.7411 x0_discr_real_out=-0.0367 x0_discr_fake_out=-0.1456 x0_discr_real_gp=0.0116 p2_discr_real_out=-0.0388 p2_discr_fake_out=-0.0607 p2_discr_real_gp=0.0144 g_grad_abs=676.3690 d_grad_abs=420.8499 synth_eps=0.0147 synth_eps_raw=0.0147 synth_x0_x0_l1=0.3552 synth_x0_x0_abw=0.0070 synth_x0_gen_adv=7.2813 synth_x0_gen_fm=0.2333 synth_total=0.2301 extra_render_attn_share=0.5096
[step 4950] real_p1_mirror_hole_cov=0.0928 real_p1_skipped=1.0000 real_p1_hole_frac=0.3740 real_p2_eps=0.8537 real_p2_x0_l1=0.0604 real_p2_x0_abw=0.8334 real_p2_gen_adv=7.1142 real_p2_gen_fm=0.0371 real_total=9.9274 discr_adv=2.7334 x0_discr_real_out=-0.0086 x0_discr_fake_out=-0.0995 x0_discr_real_gp=0.0046 p2_discr_real_out=-0.0175 p2_discr_fake_out=-0.0350 p2_discr_real_gp=0.0057 g_grad_abs=23106.0944 d_grad_abs=467.9327 synth_eps=0.9045 synth_eps_raw=0.9045 synth_x0_x0_l1=0.0866 synth_x0_x0_abw=0.7302 synth_x0_gen_adv=7.3353 synth_x0_gen_fm=0.0520 synth_total=10.1230 extra_render_attn_share=0.5096
[step 5000] real_p1_mirror_hole_cov=0.2179 real_p1_skipped=1.0000 real_p1_hole_frac=0.1863 real_p2_eps=0.8180 real_p2_x0_l1=0.2083 real_p2_x0_abw=0.2516 real_p2_gen_adv=7.2980 real_p2_gen_fm=0.1241 real_total=5.8293 discr_adv=2.7615 x0_discr_real_out=-0.0386 x0_discr_fake_out=-0.0490 x0_discr_real_gp=0.0006 p2_discr_real_out=-0.0420 p2_discr_fake_out=-0.0695 p2_discr_real_gp=0.0007 g_grad_abs=12937.4255 d_grad_abs=308.5912 synth_eps=0.8358 synth_eps_raw=0.8358 synth_x0_x0_l1=0.1202 synth_x0_x0_abw=0.7721 synth_x0_gen_adv=7.1194 synth_x0_gen_fm=0.0777 synth_total=12.4234 extra_render_attn_share=0.5096
[images] real: anchor | cond1 | cond2 | inv_warp_mirror | mask | mask_inv | p2_pred_x0 | warp_img | warp_warp_img | x | y_hat | y_hat_novel -> /home/xzy/warpgan-diffusiong-inpainting/warpgan-diffusion-inpainting-main/experiments/train_inpainting_diffusion/[20260910-025204]_v18w1_struct_50k/logs/images/train/real_step0005000.png
[images] synth: cond | mask | pred_x0 | target | warp_img | x | y_hat_novel -> /home/xzy/warpgan-diffusiong-inpainting/warpgan-diffusion-inpainting-main/experiments/train_inpainting_diffusion/[20260910-025204]_v18w1_struct_50k/logs/images/train/synth_step0005000.png
[step 5050] real_p1_mirror_hole_cov=0.0131 real_p1_skipped=1.0000 real_p1_hole_frac=0.1493 real_p2_eps=0.4037 real_p2_x0_l1=0.2362 real_p2_x0_abw=0.1532 real_p2_gen_adv=7.5085 real_p2_gen_fm=0.1488 real_total=3.8690 discr_adv=2.6048 x0_discr_real_out=0.0632 x0_discr_fake_out=-0.1976 x0_discr_real_gp=0.0125 p2_discr_real_out=0.0446 p2_discr_fake_out=-0.1114 p2_discr_real_gp=0.0189 g_grad_abs=6103.3861 d_grad_abs=1225.2998 synth_eps=0.7095 synth_eps_raw=0.7095 synth_x0_x0_l1=0.0592 synth_x0_x0_abw=0.8459 synth_x0_gen_adv=6.7990 synth_x0_gen_fm=0.0360 synth_total=9.5533 extra_render_attn_share=0.5096
[step 5100] real_p1_mirror_hole_cov=0.0574 real_p1_skipped=1.0000 real_p1_hole_frac=0.1885 real_p2_eps=1.0003 real_p2_x0_l1=0.1160 real_p2_x0_abw=0.7286 real_p2_gen_adv=7.3169 real_p2_gen_fm=0.0743 real_total=11.8323 discr_adv=2.7418 x0_discr_real_out=0.0320 x0_discr_fake_out=0.0251 x0_discr_real_gp=0.0035 p2_discr_real_out=0.0081 p2_discr_fake_out=-0.0739 p2_discr_real_gp=0.0072 g_grad_abs=16217.0285 d_grad_abs=279.5734 synth_eps=0.3281 synth_eps_raw=0.3281 synth_x0_x0_l1=0.2570 synth_x0_x0_abw=0.1140 synth_x0_gen_adv=7.1309 synth_x0_gen_fm=0.1505 synth_total=2.8860 extra_render_attn_share=0.5096
[step 5150] real_p1_mirror_hole_cov=0.0449 real_p1_skipped=1.0000 real_p1_hole_frac=0.4384 real_p2_eps=0.0841 real_p2_x0_l1=0.3117 real_p2_x0_abw=0.0375 real_p2_gen_adv=7.1951 real_p2_gen_fm=0.1949 real_total=1.0970 discr_adv=2.7728 x0_discr_real_out=-0.0349 x0_discr_fake_out=-0.0542 x0_discr_real_gp=0.0017 p2_discr_real_out=-0.0315 p2_discr_fake_out=-0.0457 p2_discr_real_gp=0.0013 g_grad_abs=1684.2695 d_grad_abs=413.1468 synth_eps=0.9981 synth_eps_raw=0.9981 synth_x0_x0_l1=0.1555 synth_x0_x0_abw=0.5703 synth_x0_gen_adv=7.5305 synth_x0_gen_fm=0.0959 synth_total=10.8509 extra_render_attn_share=0.5096
[step 5200] real_p1_mirror_hole_cov=0.2886 real_p1_skipped=1.0000 real_p1_hole_frac=0.5805 real_p2_eps=0.1811 real_p2_x0_l1=0.2645 real_p2_x0_abw=0.0589 real_p2_gen_adv=7.1750 real_p2_gen_fm=0.1745 real_total=1.6482 discr_adv=2.7408 x0_discr_real_out=0.0506 x0_discr_fake_out=0.0107 x0_discr_real_gp=0.0086 p2_discr_real_out=0.0193 p2_discr_fake_out=-0.0471 p2_discr_real_gp=0.0110 g_grad_abs=2698.9838 d_grad_abs=187.0026 synth_eps=0.0616 synth_eps_raw=0.0616 synth_x0_x0_l1=0.3116 synth_x0_x0_abw=0.0284 synth_x0_gen_adv=7.0208 synth_x0_gen_fm=0.2000 synth_total=0.8375 extra_render_attn_share=0.5096
[step 5250] real_p1_mirror_hole_cov=0.1143 real_p1_skipped=1.0000 real_p1_hole_frac=0.5101 real_p2_eps=0.0578 real_p2_x0_l1=0.3197 real_p2_x0_abw=0.0256 real_p2_gen_adv=7.0102 real_p2_gen_fm=0.2135 real_total=0.7925 discr_adv=2.7566 x0_discr_real_out=0.1171 x0_discr_fake_out=0.1011 x0_discr_real_gp=0.0069 p2_discr_real_out=0.0722 p2_discr_fake_out=-0.0151 p2_discr_real_gp=0.0241 g_grad_abs=575.0815 d_grad_abs=271.2910 synth_eps=0.2031 synth_eps_raw=0.2031 synth_x0_x0_l1=0.2885 synth_x0_x0_abw=0.0732 synth_x0_gen_adv=7.2852 synth_x0_gen_fm=0.1892 synth_total=2.1434 extra_render_attn_share=0.5096
[step 5300] real_p1_mirror_hole_cov=0.0635 real_p1_skipped=1.0000 real_p1_hole_frac=0.0548 real_p2_eps=0.4660 real_p2_x0_l1=0.2280 real_p2_x0_abw=0.1513 real_p2_gen_adv=6.8685 real_p2_gen_fm=0.1215 real_total=3.3785 discr_adv=2.7690 x0_discr_real_out=0.0235 x0_discr_fake_out=0.0208 x0_discr_real_gp=0.0003 p2_discr_real_out=0.0232 p2_discr_fake_out=0.0135 p2_discr_real_gp=0.0003 g_grad_abs=5112.4208 d_grad_abs=139.1093 synth_eps=0.6228 synth_eps_raw=0.6228 synth_x0_x0_l1=0.0351 synth_x0_x0_abw=0.9526 synth_x0_gen_adv=6.7995 synth_x0_gen_fm=0.0165 synth_total=8.7020 extra_render_attn_share=0.5096
[step 5350] real_p1_mirror_hole_cov=0.0075 real_p1_skipped=1.0000 real_p1_hole_frac=0.2621 real_p2_eps=0.0346 real_p2_x0_l1=0.3217 real_p2_x0_abw=0.0163 real_p2_gen_adv=6.8578 real_p2_gen_fm=0.1966 real_total=0.4731 discr_adv=2.7290 x0_discr_real_out=0.0452 x0_discr_fake_out=-0.0504 x0_discr_real_gp=0.0058 p2_discr_real_out=0.0334 p2_discr_fake_out=0.0151 p2_discr_real_gp=0.0061 g_grad_abs=466.5416 d_grad_abs=185.0641 synth_eps=0.1441 synth_eps_raw=0.1441 synth_x0_x0_l1=0.2740 synth_x0_x0_abw=0.0493 synth_x0_gen_adv=7.0906 synth_x0_gen_fm=0.1597 synth_total=1.2945 extra_render_attn_share=0.5096
[step 5400] real_p1_mirror_hole_cov=0.2219 real_p1_skipped=1.0000 real_p1_hole_frac=0.6549 real_p2_eps=0.9007 real_p2_x0_l1=0.1071 real_p2_x0_abw=0.7690 real_p2_gen_adv=7.1053 real_p2_gen_fm=0.0557 real_total=10.7290 discr_adv=2.6814 x0_discr_real_out=0.0756 x0_discr_fake_out=-0.1231 x0_discr_real_gp=0.0203 p2_discr_real_out=0.0507 p2_discr_fake_out=-0.0329 p2_discr_real_gp=0.0245 g_grad_abs=15481.5690 d_grad_abs=267.7726 synth_eps=1.2202 synth_eps_raw=1.2202 synth_x0_x0_l1=0.1415 synth_x0_x0_abw=0.5955 synth_x0_gen_adv=7.1029 synth_x0_gen_fm=0.0815 synth_total=10.3872 extra_render_attn_share=0.5096
[step 5450] real_p1_mirror_hole_cov=0.0672 real_p1_skipped=1.0000 real_p1_hole_frac=0.2590 real_p2_eps=1.0064 real_p2_x0_l1=0.1379 real_p2_x0_abw=0.6407 real_p2_gen_adv=7.1595 real_p2_gen_fm=0.0749 real_total=10.4830 discr_adv=2.6892 x0_discr_real_out=0.0888 x0_discr_fake_out=-0.0719 x0_discr_real_gp=0.0628 p2_discr_real_out=0.1451 p2_discr_fake_out=-0.0440 p2_discr_real_gp=0.0220 g_grad_abs=20520.3024 d_grad_abs=337.5816 synth_eps=0.5136 synth_eps_raw=0.5136 synth_x0_x0_l1=0.2303 synth_x0_x0_abw=0.1830 synth_x0_gen_adv=7.8087 synth_x0_gen_fm=0.1359 synth_total=4.4710 extra_render_attn_share=0.5096
[step 5500] real_p1_mirror_hole_cov=0.0387 real_p1_skipped=1.0000 real_p1_hole_frac=0.1292 real_p2_eps=0.8612 real_p2_x0_l1=0.1764 real_p2_x0_abw=0.3866 real_p2_gen_adv=7.9577 real_p2_gen_fm=0.1104 real_total=8.2731 discr_adv=2.6938 x0_discr_real_out=-0.0708 x0_discr_fake_out=-0.1565 x0_discr_real_gp=0.0404 p2_discr_real_out=0.0095 p2_discr_fake_out=-0.1946 p2_discr_real_gp=0.0157 g_grad_abs=8559.8062 d_grad_abs=559.3093 synth_eps=1.0022 synth_eps_raw=1.0022 synth_x0_x0_l1=0.1362 synth_x0_x0_abw=0.4536 synth_x0_gen_adv=7.6485 synth_x0_gen_fm=0.0879 synth_total=8.5212 extra_render_attn_share=0.5096
[images] real: anchor | cond1 | cond2 | inv_warp_mirror | mask | mask_inv | p2_pred_x0 | warp_img | warp_warp_img | x | y_hat | y_hat_novel -> /home/xzy/warpgan-diffusiong-inpainting/warpgan-diffusion-inpainting-main/experiments/train_inpainting_diffusion/[20260910-025204]_v18w1_struct_50k/logs/images/train/real_step0005500.png
[images] synth: cond | mask | pred_x0 | target | warp_img | x | y_hat_novel -> /home/xzy/warpgan-diffusiong-inpainting/warpgan-diffusion-inpainting-main/experiments/train_inpainting_diffusion/[20260910-025204]_v18w1_struct_50k/logs/images/train/synth_step0005500.png
[step 5550] real_p1_mirror_hole_cov=0.0895 real_p1_skipped=1.0000 real_p1_hole_frac=0.4867 real_p2_eps=0.2825 real_p2_x0_l1=0.2611 real_p2_x0_abw=0.0973 real_p2_gen_adv=7.7655 real_p2_gen_fm=0.1628 real_total=2.6483 discr_adv=2.7008 x0_discr_real_out=0.0777 x0_discr_fake_out=-0.0499 x0_discr_real_gp=0.0121 p2_discr_real_out=-0.0074 p2_discr_fake_out=-0.1572 p2_discr_real_gp=0.0474 g_grad_abs=4472.9737 d_grad_abs=437.1885 synth_eps=0.8853 synth_eps_raw=0.8853 synth_x0_x0_l1=0.1639 synth_x0_x0_abw=0.4374 synth_x0_gen_adv=7.3030 synth_x0_gen_fm=0.0948 synth_total=8.2983 extra_render_attn_share=0.5096
[step 5600] real_p1_mirror_hole_cov=0.1585 real_p1_skipped=1.0000 real_p1_hole_frac=0.4529 real_p2_eps=0.6756 real_p2_x0_l1=0.0444 real_p2_x0_abw=0.8892 real_p2_gen_adv=6.7149 real_p2_gen_fm=0.0251 real_total=8.9162 discr_adv=2.6896 x0_discr_real_out=0.0019 x0_discr_fake_out=-0.2403 x0_discr_real_gp=0.0256 p2_discr_real_out=0.0615 p2_discr_fake_out=0.0443 p2_discr_real_gp=0.0107 g_grad_abs=10610.9583 d_grad_abs=418.3207 synth_eps=0.6881 synth_eps_raw=0.6881 synth_x0_x0_l1=0.0512 synth_x0_x0_abw=0.8905 synth_x0_gen_adv=6.7072 synth_x0_gen_fm=0.0276 synth_total=9.1617 extra_render_attn_share=0.5096
[step 5650] real_p1_mirror_hole_cov=0.0353 real_p1_skipped=1.0000 real_p1_hole_frac=0.0408 real_p2_eps=0.6772 real_p2_x0_l1=0.1896 real_p2_x0_abw=0.3236 real_p2_gen_adv=6.9516 real_p2_gen_fm=0.1252 real_total=7.0386 discr_adv=2.8183 x0_discr_real_out=0.1383 x0_discr_fake_out=0.0669 x0_discr_real_gp=0.0384 p2_discr_real_out=0.0961 p2_discr_fake_out=-0.0010 p2_discr_real_gp=0.0835 g_grad_abs=8007.5453 d_grad_abs=1701.8586 synth_eps=0.9868 synth_eps_raw=0.9868 synth_x0_x0_l1=0.1896 synth_x0_x0_abw=0.4733 synth_x0_gen_adv=6.3821 synth_x0_gen_fm=0.1177 synth_total=9.6676 extra_render_attn_share=0.5096
[step 5700] real_p1_mirror_hole_cov=0.1300 real_p1_skipped=1.0000 real_p1_hole_frac=0.2038 real_p2_eps=1.0495 real_p2_x0_l1=0.1367 real_p2_x0_abw=0.6639 real_p2_gen_adv=6.9641 real_p2_gen_fm=0.0902 real_total=11.7533 discr_adv=2.7545 x0_discr_real_out=0.0166 x0_discr_fake_out=0.0069 x0_discr_real_gp=0.0018 p2_discr_real_out=0.0291 p2_discr_fake_out=-0.0060 p2_discr_real_gp=0.0011 g_grad_abs=15470.3213 d_grad_abs=213.5468 synth_eps=0.3662 synth_eps_raw=0.3662 synth_x0_x0_l1=0.2569 synth_x0_x0_abw=0.1203 synth_x0_gen_adv=7.1036 synth_x0_gen_fm=0.1630 synth_total=3.2121 extra_render_attn_share=0.5096
[step 5750] real_p1_mirror_hole_cov=0.1545 real_p1_skipped=1.0000 real_p1_hole_frac=0.2923 real_p2_eps=0.8786 real_p2_x0_l1=0.1441 real_p2_x0_abw=0.4390 real_p2_gen_adv=7.0888 real_p2_gen_fm=0.0985 real_total=8.3791 discr_adv=2.7412 x0_discr_real_out=0.2176 x0_discr_fake_out=0.2123 x0_discr_real_gp=0.0042 p2_discr_real_out=0.1474 p2_discr_fake_out=-0.0292 p2_discr_real_gp=0.0354 g_grad_abs=13984.3209 d_grad_abs=670.5699 synth_eps=0.9398 synth_eps_raw=0.9398 synth_x0_x0_l1=0.0943 synth_x0_x0_abw=0.8445 synth_x0_gen_adv=5.9235 synth_x0_gen_fm=0.0608 synth_total=11.1541 extra_render_attn_share=0.5096
[step 5800] real_p1_mirror_hole_cov=0.0505 real_p1_skipped=1.0000 real_p1_hole_frac=0.1670 real_p2_eps=0.4861 real_p2_x0_l1=0.2420 real_p2_x0_abw=0.2048 real_p2_gen_adv=6.4310 real_p2_gen_fm=0.1481 real_total=4.8860 discr_adv=2.7474 x0_discr_real_out=0.1604 x0_discr_fake_out=0.0958 x0_discr_real_gp=0.0088 p2_discr_real_out=0.1502 p2_discr_fake_out=0.1045 p2_discr_real_gp=0.0102 g_grad_abs=6604.2626 d_grad_abs=652.4703 synth_eps=0.0114 synth_eps_raw=0.0114 synth_x0_x0_l1=0.3677 synth_x0_x0_abw=0.0066 synth_x0_gen_adv=6.1594 synth_x0_gen_fm=0.2536 synth_total=0.2232 extra_render_attn_share=0.5096
[step 5850] real_p1_mirror_hole_cov=0.0215 real_p1_skipped=1.0000 real_p1_hole_frac=0.4150 real_p2_eps=1.0071 real_p2_x0_l1=0.1481 real_p2_x0_abw=0.4998 real_p2_gen_adv=6.7477 real_p2_gen_fm=0.0933 real_total=9.1192 discr_adv=2.7018 x0_discr_real_out=0.0959 x0_discr_fake_out=-0.0223 x0_discr_real_gp=0.0213 p2_discr_real_out=0.1437 p2_discr_fake_out=0.0382 p2_discr_real_gp=0.0139 g_grad_abs=10017.6023 d_grad_abs=458.9239 synth_eps=0.6750 synth_eps_raw=0.6750 synth_x0_x0_l1=0.0287 synth_x0_x0_abw=0.9609 synth_x0_gen_adv=6.3831 synth_x0_gen_fm=0.0086 synth_total=7.6579 extra_render_attn_share=0.5096
[step 5900] real_p1_mirror_hole_cov=0.0102 real_p1_skipped=1.0000 real_p1_hole_frac=0.0679 real_p2_eps=0.9572 real_p2_x0_l1=0.1857 real_p2_x0_abw=0.4038 real_p2_gen_adv=7.1071 real_p2_gen_fm=0.1054 real_total=8.1594 discr_adv=2.7063 x0_discr_real_out=0.0327 x0_discr_fake_out=-0.0405 x0_discr_real_gp=0.0035 p2_discr_real_out=0.0403 p2_discr_fake_out=-0.0338 p2_discr_real_gp=0.0020 g_grad_abs=12719.9953 d_grad_abs=457.4429 synth_eps=0.9043 synth_eps_raw=0.9043 synth_x0_x0_l1=0.0860 synth_x0_x0_abw=0.7781 synth_x0_gen_adv=7.0323 synth_x0_gen_fm=0.0565 synth_total=10.8383 extra_render_attn_share=0.5096
[step 5950] real_p1_mirror_hole_cov=0.0510 real_p1_skipped=1.0000 real_p1_hole_frac=0.0733 real_p2_eps=0.9484 real_p2_x0_l1=0.1202 real_p2_x0_abw=0.7239 real_p2_gen_adv=7.2873 real_p2_gen_fm=0.0779 real_total=11.9490 discr_adv=2.7314 x0_discr_real_out=-0.0196 x0_discr_fake_out=-0.0880 x0_discr_real_gp=0.0240 p2_discr_real_out=0.0244 p2_discr_fake_out=-0.0693 p2_discr_real_gp=0.0131 g_grad_abs=17843.4465 d_grad_abs=275.6310 synth_eps=1.0576 synth_eps_raw=1.0576 synth_x0_x0_l1=0.1627 synth_x0_x0_abw=0.5652 synth_x0_gen_adv=7.4991 synth_x0_gen_fm=0.1115 synth_total=11.6916 extra_render_attn_share=0.5096
[val step 5999] val_novel_full=0.3330 val_novel_hole=0.2959 val_novel_visible=0.3513
[step 6000] real_p1_mirror_hole_cov=0.1780 real_p1_skipped=1.0000 real_p1_hole_frac=0.3937 real_p2_eps=0.6436 real_p2_x0_l1=0.2179 real_p2_x0_abw=0.2233 real_p2_gen_adv=7.5732 real_p2_gen_fm=0.1342 real_total=5.3795 discr_adv=2.7195 x0_discr_real_out=0.0126 x0_discr_fake_out=0.0095 x0_discr_real_gp=0.0031 p2_discr_real_out=0.0078 p2_discr_fake_out=-0.1228 p2_discr_real_gp=0.0069 g_grad_abs=6873.5073 d_grad_abs=432.6190 synth_eps=0.1083 synth_eps_raw=0.1083 synth_x0_x0_l1=0.3160 synth_x0_x0_abw=0.0382 synth_x0_gen_adv=7.0796 synth_x0_gen_fm=0.2138 synth_total=1.2071 extra_render_attn_share=0.5111
[images] real: anchor | cond1 | cond2 | inv_warp_mirror | mask | mask_inv | p2_pred_x0 | warp_img | warp_warp_img | x | y_hat | y_hat_novel -> /home/xzy/warpgan-diffusiong-inpainting/warpgan-diffusion-inpainting-main/experiments/train_inpainting_diffusion/[20260910-025204]_v18w1_struct_50k/logs/images/train/real_step0006000.png
[images] synth: cond | mask | pred_x0 | target | warp_img | x | y_hat_novel -> /home/xzy/warpgan-diffusiong-inpainting/warpgan-diffusion-inpainting-main/experiments/train_inpainting_diffusion/[20260910-025204]_v18w1_struct_50k/logs/images/train/synth_step0006000.png
[step 6050] real_p1_mirror_hole_cov=0.0993 real_p1_skipped=1.0000 real_p1_hole_frac=0.3822 real_p2_eps=0.1056 real_p2_x0_l1=0.3010 real_p2_x0_abw=0.0453 real_p2_gen_adv=6.8522 real_p2_gen_fm=0.2051 real_total=1.3597 discr_adv=2.7663 x0_discr_real_out=0.0317 x0_discr_fake_out=0.0127 x0_discr_real_gp=0.0011 p2_discr_real_out=0.0321 p2_discr_fake_out=0.0192 p2_discr_real_gp=0.0017 g_grad_abs=2120.8530 d_grad_abs=344.1850 synth_eps=0.4531 synth_eps_raw=0.4531 synth_x0_x0_l1=0.2516 synth_x0_x0_abw=0.1686 synth_x0_gen_adv=7.1103 synth_x0_gen_fm=0.1649 synth_total=4.4765 extra_render_attn_share=0.5111
[step 6100] real_p1_mirror_hole_cov=0.1286 real_p1_skipped=1.0000 real_p1_hole_frac=0.3173 real_p2_eps=0.3908 real_p2_x0_l1=0.2600 real_p2_x0_abw=0.1326 real_p2_gen_adv=7.3235 real_p2_gen_fm=0.1712 real_total=3.6671 discr_adv=2.6745 x0_discr_real_out=0.0300 x0_discr_fake_out=-0.1218 x0_discr_real_gp=0.0162 p2_discr_real_out=0.0351 p2_discr_fake_out=-0.0756 p2_discr_real_gp=0.0110 g_grad_abs=3135.8965 d_grad_abs=950.0633 synth_eps=0.3212 synth_eps_raw=0.3212 synth_x0_x0_l1=0.2607 synth_x0_x0_abw=0.1171 synth_x0_gen_adv=7.3404 synth_x0_gen_fm=0.1755 synth_total=3.2663 extra_render_attn_share=0.5111
[step 6150] real_p1_mirror_hole_cov=0.0447 real_p1_skipped=1.0000 real_p1_hole_frac=0.0504 real_p2_eps=0.2087 real_p2_x0_l1=0.2820 real_p2_x0_abw=0.0673 real_p2_gen_adv=6.9794 real_p2_gen_fm=0.1734 real_total=1.8651 discr_adv=2.7659 x0_discr_real_out=-0.0081 x0_discr_fake_out=-0.0163 x0_discr_real_gp=0.0012 p2_discr_real_out=0.0021 p2_discr_fake_out=-0.0091 p2_discr_real_gp=0.0008 g_grad_abs=2975.6106 d_grad_abs=108.8660 synth_eps=0.8233 synth_eps_raw=0.8233 synth_x0_x0_l1=0.0751 synth_x0_x0_abw=0.8250 synth_x0_gen_adv=7.1079 synth_x0_gen_fm=0.0427 synth_total=10.2748 extra_render_attn_share=0.5111
[step 6200] real_p1_mirror_hole_cov=0.2466 real_p1_skipped=1.0000 real_p1_hole_frac=0.2971 real_p2_eps=0.4819 real_p2_x0_l1=0.0347 real_p2_x0_abw=0.9089 real_p2_gen_adv=6.5545 real_p2_gen_fm=0.0131 real_total=7.6585 discr_adv=2.8088 x0_discr_real_out=0.0613 x0_discr_fake_out=0.0180 x0_discr_real_gp=0.0290 p2_discr_real_out=0.0854 p2_discr_fake_out=0.0784 p2_discr_real_gp=0.0281 g_grad_abs=6178.0657 d_grad_abs=426.3201 synth_eps=0.9443 synth_eps_raw=0.9443 synth_x0_x0_l1=0.0987 synth_x0_x0_abw=0.6738 synth_x0_gen_adv=7.3719 synth_x0_gen_fm=0.0603 synth_total=10.0381 extra_render_attn_share=0.5111
[step 6250] real_p1_mirror_hole_cov=0.4349 real_p1_skipped=1.0000 real_p1_hole_frac=0.0824 real_p2_eps=0.5578 real_p2_x0_l1=0.2257 real_p2_x0_abw=0.1727 real_p2_gen_adv=7.4193 real_p2_gen_fm=0.1349 real_total=4.2075 discr_adv=2.7482 x0_discr_real_out=-0.0192 x0_discr_fake_out=-0.0267 x0_discr_real_gp=0.0097 p2_discr_real_out=-0.0091 p2_discr_fake_out=-0.0942 p2_discr_real_gp=0.0089 g_grad_abs=4150.9405 d_grad_abs=262.5510 synth_eps=1.0059 synth_eps_raw=1.0059 synth_x0_x0_l1=0.1667 synth_x0_x0_abw=0.4487 synth_x0_gen_adv=7.6699 synth_x0_gen_fm=0.0983 synth_total=8.9349 extra_render_attn_share=0.5111
[step 6300] real_p1_mirror_hole_cov=0.0828 real_p1_skipped=1.0000 real_p1_hole_frac=0.1164 real_p2_eps=0.6490 real_p2_x0_l1=0.2364 real_p2_x0_abw=0.2453 real_p2_gen_adv=7.8722 real_p2_gen_fm=0.1557 real_total=6.4579 discr_adv=2.7334 x0_discr_real_out=-0.0181 x0_discr_fake_out=-0.0691 x0_discr_real_gp=0.0768 p2_discr_real_out=0.0587 p2_discr_fake_out=-0.1774 p2_discr_real_gp=0.0195 g_grad_abs=11898.2204 d_grad_abs=1333.6528 synth_eps=0.5317 synth_eps_raw=0.5317 synth_x0_x0_l1=0.2240 synth_x0_x0_abw=0.2139 synth_x0_gen_adv=7.5970 synth_x0_gen_fm=0.1425 synth_total=5.2532 extra_render_attn_share=0.5111
[step 6350] real_p1_mirror_hole_cov=0.1414 real_p1_skipped=1.0000 real_p1_hole_frac=0.0910 real_p2_eps=0.7685 real_p2_x0_l1=0.0790 real_p2_x0_abw=0.7660 real_p2_gen_adv=6.8993 real_p2_gen_fm=0.0535 real_total=10.2103 discr_adv=2.7320 x0_discr_real_out=0.0455 x0_discr_fake_out=-0.0229 x0_discr_real_gp=0.0048 p2_discr_real_out=0.0451 p2_discr_fake_out=0.0068 p2_discr_real_gp=0.0065 g_grad_abs=16872.7372 d_grad_abs=262.1177 synth_eps=0.0165 synth_eps_raw=0.0165 synth_x0_x0_l1=0.3618 synth_x0_x0_abw=0.0089 synth_x0_gen_adv=6.8365 synth_x0_gen_fm=0.2513 synth_total=0.3048 extra_render_attn_share=0.5111
[step 6400] real_p1_mirror_hole_cov=0.0201 real_p1_skipped=1.0000 real_p1_hole_frac=0.4916 real_p2_eps=0.0232 real_p2_x0_l1=0.3416 real_p2_x0_abw=0.0133 real_p2_gen_adv=6.9606 real_p2_gen_fm=0.2413 real_total=0.4411 discr_adv=2.7742 x0_discr_real_out=0.0371 x0_discr_fake_out=-0.0028 x0_discr_real_gp=0.0181 p2_discr_real_out=0.0335 p2_discr_fake_out=-0.0049 p2_discr_real_gp=0.0208 g_grad_abs=516.5099 d_grad_abs=447.6846 synth_eps=0.8930 synth_eps_raw=0.8930 synth_x0_x0_l1=0.0724 synth_x0_x0_abw=0.7143 synth_x0_gen_adv=6.7643 synth_x0_gen_fm=0.0515 synth_total=9.4577 extra_render_attn_share=0.5111
[step 6450] real_p1_mirror_hole_cov=0.0582 real_p1_skipped=1.0000 real_p1_hole_frac=0.0774 real_p2_eps=0.0159 real_p2_x0_l1=0.3514 real_p2_x0_abw=0.0100 real_p2_gen_adv=7.2296 real_p2_gen_fm=0.2570 real_total=0.3473 discr_adv=2.7890 x0_discr_real_out=-0.0566 x0_discr_fake_out=-0.0584 x0_discr_real_gp=0.0018 p2_discr_real_out=-0.0686 p2_discr_fake_out=-0.0583 p2_discr_real_gp=0.0073 g_grad_abs=364.2243 d_grad_abs=389.4268 synth_eps=0.0479 synth_eps_raw=0.0479 synth_x0_x0_l1=0.3229 synth_x0_x0_abw=0.0224 synth_x0_gen_adv=7.3409 synth_x0_gen_fm=0.2304 synth_total=0.7363 extra_render_attn_share=0.5111
[step 6500] real_p1_mirror_hole_cov=0.0151 real_p1_skipped=1.0000 real_p1_hole_frac=0.0153 real_p2_eps=0.2134 real_p2_x0_l1=0.2822 real_p2_x0_abw=0.0772 real_p2_gen_adv=7.4877 real_p2_gen_fm=0.1968 real_total=2.3328 discr_adv=2.7688 x0_discr_real_out=-0.0098 x0_discr_fake_out=-0.0105 x0_discr_real_gp=0.0082 p2_discr_real_out=-0.0108 p2_discr_fake_out=-0.1069 p2_discr_real_gp=0.0334 g_grad_abs=2775.9015 d_grad_abs=700.1730 synth_eps=0.7307 synth_eps_raw=0.7307 synth_x0_x0_l1=0.0441 synth_x0_x0_abw=0.8765 synth_x0_gen_adv=6.9093 synth_x0_gen_fm=0.0263 synth_total=9.1333 extra_render_attn_share=0.5111
[images] real: anchor | cond1 | cond2 | inv_warp_mirror | mask | mask_inv | p2_pred_x0 | warp_img | warp_warp_img | x | y_hat | y_hat_novel -> /home/xzy/warpgan-diffusiong-inpainting/warpgan-diffusion-inpainting-main/experiments/train_inpainting_diffusion/[20260910-025204]_v18w1_struct_50k/logs/images/train/real_step0006500.png
[images] synth: cond | mask | pred_x0 | target | warp_img | x | y_hat_novel -> /home/xzy/warpgan-diffusiong-inpainting/warpgan-diffusion-inpainting-main/experiments/train_inpainting_diffusion/[20260910-025204]_v18w1_struct_50k/logs/images/train/synth_step0006500.png
[step 6550] real_p1_mirror_hole_cov=0.0379 real_p1_skipped=1.0000 real_p1_hole_frac=0.3050 real_p2_eps=0.6846 real_p2_x0_l1=0.0413 real_p2_x0_abw=0.9100 real_p2_gen_adv=6.8212 real_p2_gen_fm=0.0174 real_total=8.5121 discr_adv=2.7221 x0_discr_real_out=-0.0015 x0_discr_fake_out=-0.1255 x0_discr_real_gp=0.0079 p2_discr_real_out=0.0317 p2_discr_fake_out=0.0227 p2_discr_real_gp=0.0042 g_grad_abs=8412.9534 d_grad_abs=284.6731 synth_eps=0.5505 synth_eps_raw=0.5505 synth_x0_x0_l1=0.0325 synth_x0_x0_abw=0.9028 synth_x0_gen_adv=6.7997 synth_x0_gen_fm=0.0128 synth_total=7.8759 extra_render_attn_share=0.5111
[step 6600] real_p1_mirror_hole_cov=0.2031 real_p1_skipped=1.0000 real_p1_hole_frac=0.0860 real_p2_eps=0.4862 real_p2_x0_l1=0.0403 real_p2_x0_abw=0.9148 real_p2_gen_adv=6.9667 real_p2_gen_fm=0.0242 real_total=9.1130 discr_adv=2.7557 x0_discr_real_out=-0.0031 x0_discr_fake_out=-0.0852 x0_discr_real_gp=0.0151 p2_discr_real_out=-0.0030 p2_discr_fake_out=-0.0062 p2_discr_real_gp=0.0079 g_grad_abs=10024.5789 d_grad_abs=267.0632 synth_eps=0.1290 synth_eps_raw=0.1290 synth_x0_x0_l1=0.2818 synth_x0_x0_abw=0.0450 synth_x0_gen_adv=7.4387 synth_x0_gen_fm=0.2093 synth_total=1.4168 extra_render_attn_share=0.5111
[step 6650] real_p1_mirror_hole_cov=0.2369 real_p1_skipped=1.0000 real_p1_hole_frac=0.3569 real_p2_eps=0.0545 real_p2_x0_l1=0.3341 real_p2_x0_abw=0.0226 real_p2_gen_adv=6.8690 real_p2_gen_fm=0.2352 real_total=0.7502 discr_adv=2.7122 x0_discr_real_out=0.1063 x0_discr_fake_out=-0.0417 x0_discr_real_gp=0.0127 p2_discr_real_out=0.0736 p2_discr_fake_out=0.0144 p2_discr_real_gp=0.0241 g_grad_abs=626.5740 d_grad_abs=479.3738 synth_eps=0.2184 synth_eps_raw=0.2184 synth_x0_x0_l1=0.2899 synth_x0_x0_abw=0.0668 synth_x0_gen_adv=7.2362 synth_x0_gen_fm=0.2008 synth_total=2.0630 extra_render_attn_share=0.5111
[step 6700] real_p1_mirror_hole_cov=0.0430 real_p1_skipped=1.0000 real_p1_hole_frac=0.2573 real_p2_eps=0.7901 real_p2_x0_l1=0.0707 real_p2_x0_abw=0.7990 real_p2_gen_adv=6.9125 real_p2_gen_fm=0.0322 real_total=8.9415 discr_adv=2.7715 x0_discr_real_out=0.0129 x0_discr_fake_out=0.0076 x0_discr_real_gp=0.0001 p2_discr_real_out=0.0050 p2_discr_fake_out=0.0046 p2_discr_real_gp=0.0001 g_grad_abs=23031.0798 d_grad_abs=99.8986 synth_eps=0.4417 synth_eps_raw=0.4417 synth_x0_x0_l1=0.2244 synth_x0_x0_abw=0.1404 synth_x0_gen_adv=6.8308 synth_x0_gen_fm=0.1217 synth_total=3.1411 extra_render_attn_share=0.5111
[step 6750] real_p1_mirror_hole_cov=0.2237 real_p1_skipped=1.0000 real_p1_hole_frac=0.0959 real_p2_eps=0.1233 real_p2_x0_l1=0.2749 real_p2_x0_abw=0.0379 real_p2_gen_adv=7.0166 real_p2_gen_fm=0.1676 real_total=1.0338 discr_adv=2.7572 x0_discr_real_out=-0.0186 x0_discr_fake_out=-0.0365 x0_discr_real_gp=0.0012 p2_discr_real_out=0.0011 p2_discr_fake_out=-0.0168 p2_discr_real_gp=0.0008 g_grad_abs=1317.8648 d_grad_abs=83.6555 synth_eps=0.0618 synth_eps_raw=0.0618 synth_x0_x0_l1=0.3159 synth_x0_x0_abw=0.0229 synth_x0_gen_adv=6.9484 synth_x0_gen_fm=0.1957 synth_total=0.6752 extra_render_attn_share=0.5111
[step 6800] real_p1_mirror_hole_cov=0.0848 real_p1_skipped=1.0000 real_p1_hole_frac=0.2317 real_p2_eps=0.4746 real_p2_x0_l1=0.2225 real_p2_x0_abw=0.1504 real_p2_gen_adv=6.9828 real_p2_gen_fm=0.1285 real_total=3.4904 discr_adv=2.7282 x0_discr_real_out=0.0448 x0_discr_fake_out=-0.0199 x0_discr_real_gp=0.0080 p2_discr_real_out=0.0478 p2_discr_fake_out=-0.0095 p2_discr_real_gp=0.0068 g_grad_abs=5313.9373 d_grad_abs=229.0133 synth_eps=0.7207 synth_eps_raw=0.7207 synth_x0_x0_l1=0.0300 synth_x0_x0_abw=0.9516 synth_x0_gen_adv=6.9182 synth_x0_gen_fm=0.0099 synth_total=8.2783 extra_render_attn_share=0.5111
[step 6850] real_p1_mirror_hole_cov=0.0188 real_p1_skipped=1.0000 real_p1_hole_frac=0.1421 real_p2_eps=0.9401 real_p2_x0_l1=0.1340 real_p2_x0_abw=0.5636 real_p2_gen_adv=7.0880 real_p2_gen_fm=0.0803 real_total=9.5380 discr_adv=2.7382 x0_discr_real_out=0.0205 x0_discr_fake_out=-0.0334 x0_discr_real_gp=0.0188 p2_discr_real_out=0.0464 p2_discr_fake_out=-0.0306 p2_discr_real_gp=0.0106 g_grad_abs=10211.3294 d_grad_abs=170.9121 synth_eps=0.0159 synth_eps_raw=0.0159 synth_x0_x0_l1=0.3553 synth_x0_x0_abw=0.0092 synth_x0_gen_adv=7.1582 synth_x0_gen_fm=0.2412 synth_total=0.3076 extra_render_attn_share=0.5111
[step 6900] real_p1_mirror_hole_cov=0.1027 real_p1_skipped=1.0000 real_p1_hole_frac=0.1186 real_p2_eps=0.9666 real_p2_x0_l1=0.1378 real_p2_x0_abw=0.4932 real_p2_gen_adv=7.1845 real_p2_gen_fm=0.0903 real_total=9.0330 discr_adv=2.7642 x0_discr_real_out=-0.0360 x0_discr_fake_out=-0.0407 x0_discr_real_gp=0.0012 p2_discr_real_out=-0.0258 p2_discr_fake_out=-0.0488 p2_discr_real_gp=0.0011 g_grad_abs=15947.1491 d_grad_abs=205.8912 synth_eps=1.0421 synth_eps_raw=1.0421 synth_x0_x0_l1=0.1354 synth_x0_x0_abw=0.5518 synth_x0_gen_adv=7.4624 synth_x0_gen_fm=0.0780 synth_total=9.5399 extra_render_attn_share=0.5111
[step 6950] real_p1_mirror_hole_cov=0.1704 real_p1_skipped=1.0000 real_p1_hole_frac=0.3824 real_p2_eps=0.0630 real_p2_x0_l1=0.3210 real_p2_x0_abw=0.0284 real_p2_gen_adv=6.9021 real_p2_gen_fm=0.2277 real_total=0.9144 discr_adv=2.7057 x0_discr_real_out=0.0749 x0_discr_fake_out=-0.0737 x0_discr_real_gp=0.0233 p2_discr_real_out=0.0864 p2_discr_fake_out=0.0070 p2_discr_real_gp=0.0191 g_grad_abs=1206.0453 d_grad_abs=377.2435 synth_eps=0.9323 synth_eps_raw=0.9323 synth_x0_x0_l1=0.1015 synth_x0_x0_abw=0.6950 synth_x0_gen_adv=6.9824 synth_x0_gen_fm=0.0676 synth_total=10.5510 extra_render_attn_share=0.5111
[step 7000] real_p1_mirror_hole_cov=0.1355 real_p1_skipped=1.0000 real_p1_hole_frac=0.6382 real_p2_eps=1.0448 real_p2_x0_l1=0.1332 real_p2_x0_abw=0.5838 real_p2_gen_adv=7.6776 real_p2_gen_fm=0.0887 real_total=10.7810 discr_adv=2.6514 x0_discr_real_out=0.1183 x0_discr_fake_out=-0.0046 x0_discr_real_gp=0.0046 p2_discr_real_out=0.0375 p2_discr_fake_out=-0.1411 p2_discr_real_gp=0.0167 g_grad_abs=24345.4537 d_grad_abs=906.0454 synth_eps=0.8850 synth_eps_raw=0.8850 synth_x0_x0_l1=0.0136 synth_x0_x0_abw=0.9957 synth_x0_gen_adv=6.5609 synth_x0_gen_fm=0.0022 synth_total=7.6504 extra_render_attn_share=0.5111
[images] real: anchor | cond1 | cond2 | inv_warp_mirror | mask | mask_inv | p2_pred_x0 | warp_img | warp_warp_img | x | y_hat | y_hat_novel -> /home/xzy/warpgan-diffusiong-inpainting/warpgan-diffusion-inpainting-main/experiments/train_inpainting_diffusion/[20260910-025204]_v18w1_struct_50k/logs/images/train/real_step0007000.png
[images] synth: cond | mask | pred_x0 | target | warp_img | x | y_hat_novel -> /home/xzy/warpgan-diffusiong-inpainting/warpgan-diffusion-inpainting-main/experiments/train_inpainting_diffusion/[20260910-025204]_v18w1_struct_50k/logs/images/train/synth_step0007000.png
[step 7050] real_p1_mirror_hole_cov=0.0875 real_p1_skipped=1.0000 real_p1_hole_frac=0.0799 real_p2_eps=0.5217 real_p2_x0_l1=0.0165 real_p2_x0_abw=0.9841 real_p2_gen_adv=6.8700 real_p2_gen_fm=0.0044 real_total=7.7351 discr_adv=2.7582 x0_discr_real_out=0.0351 x0_discr_fake_out=-0.0673 x0_discr_real_gp=0.0235 p2_discr_real_out=0.0129 p2_discr_fake_out=0.0128 p2_discr_real_gp=0.0118 g_grad_abs=3715.2543 d_grad_abs=201.5599 synth_eps=0.1531 synth_eps_raw=0.1531 synth_x0_x0_l1=0.2681 synth_x0_x0_abw=0.0485 synth_x0_gen_adv=7.6775 synth_x0_gen_fm=0.1829 synth_total=1.4247 extra_render_attn_share=0.5111
[step 7100] real_p1_mirror_hole_cov=0.0807 real_p1_skipped=1.0000 real_p1_hole_frac=0.0939 real_p2_eps=0.9717 real_p2_x0_l1=0.1190 real_p2_x0_abw=0.6073 real_p2_gen_adv=7.4764 real_p2_gen_fm=0.0818 real_total=10.5520 discr_adv=2.7497 x0_discr_real_out=-0.0279 x0_discr_fake_out=-0.0330 x0_discr_real_gp=0.0081 p2_discr_real_out=-0.0194 p2_discr_fake_out=-0.1038 p2_discr_real_gp=0.0098 g_grad_abs=14111.5618 d_grad_abs=296.9261 synth_eps=0.1179 synth_eps_raw=0.1179 synth_x0_x0_l1=0.3121 synth_x0_x0_abw=0.0385 synth_x0_gen_adv=8.0335 synth_x0_gen_fm=0.2220 synth_total=1.2944 extra_render_attn_share=0.5111
[step 7150] real_p1_mirror_hole_cov=0.0461 real_p1_skipped=1.0000 real_p1_hole_frac=0.1893 real_p2_eps=0.7983 real_p2_x0_l1=0.1974 real_p2_x0_abw=0.3150 real_p2_gen_adv=7.9794 real_p2_gen_fm=0.1331 real_total=7.5671 discr_adv=2.7193 x0_discr_real_out=-0.0338 x0_discr_fake_out=-0.0470 x0_discr_real_gp=0.0140 p2_discr_real_out=-0.0329 p2_discr_fake_out=-0.1987 p2_discr_real_gp=0.0156 g_grad_abs=10798.5244 d_grad_abs=384.7902 synth_eps=0.6278 synth_eps_raw=0.6278 synth_x0_x0_l1=0.0316 synth_x0_x0_abw=0.9387 synth_x0_gen_adv=7.0133 synth_x0_gen_fm=0.0138 synth_total=8.5400 extra_render_attn_share=0.5111
[step 7200] real_p1_mirror_hole_cov=0.1715 real_p1_skipped=1.0000 real_p1_hole_frac=0.3068 real_p2_eps=0.0510 real_p2_x0_l1=0.3170 real_p2_x0_abw=0.0198 real_p2_gen_adv=7.3485 real_p2_gen_fm=0.2459 real_total=0.6883 discr_adv=2.9009 x0_discr_real_out=0.0488 x0_discr_fake_out=0.0342 x0_discr_real_gp=0.0100 p2_discr_real_out=-0.0191 p2_discr_fake_out=-0.0791 p2_discr_real_gp=0.1504 g_grad_abs=591.8755 d_grad_abs=4686.2678 synth_eps=0.0226 synth_eps_raw=0.0226 synth_x0_x0_l1=0.3484 synth_x0_x0_abw=0.0096 synth_x0_gen_adv=6.5299 synth_x0_gen_fm=0.2621 synth_total=0.3414 extra_render_attn_share=0.5111
[step 7250] real_p1_mirror_hole_cov=0.1174 real_p1_skipped=1.0000 real_p1_hole_frac=0.3921 real_p2_eps=1.0354 real_p2_x0_l1=0.1093 real_p2_x0_abw=0.7931 real_p2_gen_adv=6.7973 real_p2_gen_fm=0.0722 real_total=12.2422 discr_adv=2.7824 x0_discr_real_out=0.0134 x0_discr_fake_out=0.0046 x0_discr_real_gp=0.0207 p2_discr_real_out=0.0601 p2_discr_fake_out=0.0276 p2_discr_real_gp=0.0081 g_grad_abs=52763.6066 d_grad_abs=351.5940 synth_eps=0.9493 synth_eps_raw=0.9493 synth_x0_x0_l1=0.0981 synth_x0_x0_abw=0.7946 synth_x0_gen_adv=6.7064 synth_x0_gen_fm=0.0693 synth_total=11.8653 extra_render_attn_share=0.5111
[step 7300] real_p1_mirror_hole_cov=0.0926 real_p1_skipped=1.0000 real_p1_hole_frac=0.3517 real_p2_eps=0.4290 real_p2_x0_l1=0.2468 real_p2_x0_abw=0.1449 real_p2_gen_adv=7.2187 real_p2_gen_fm=0.1778 real_total=4.0860 discr_adv=2.6747 x0_discr_real_out=0.0917 x0_discr_fake_out=-0.0636 x0_discr_real_gp=0.0400 p2_discr_real_out=0.1291 p2_discr_fake_out=-0.0539 p2_discr_real_gp=0.0235 g_grad_abs=5717.2860 d_grad_abs=682.6792 synth_eps=0.1228 synth_eps_raw=0.1228 synth_x0_x0_l1=0.2989 synth_x0_x0_abw=0.0481 synth_x0_gen_adv=6.7942 synth_x0_gen_fm=0.2135 synth_total=1.4902 extra_render_attn_share=0.5111
[step 7350] real_p1_mirror_hole_cov=0.0513 real_p1_skipped=1.0000 real_p1_hole_frac=0.0768 real_p2_eps=0.9169 real_p2_x0_l1=0.1089 real_p2_x0_abw=0.8418 real_p2_gen_adv=6.9133 real_p2_gen_fm=0.0702 real_total=12.7405 discr_adv=2.7452 x0_discr_real_out=-0.0031 x0_discr_fake_out=-0.0705 x0_discr_real_gp=0.0087 p2_discr_real_out=0.0181 p2_discr_fake_out=0.0041 p2_discr_real_gp=0.0026 g_grad_abs=29793.7509 d_grad_abs=192.8895 synth_eps=0.0165 synth_eps_raw=0.0165 synth_x0_x0_l1=0.3533 synth_x0_x0_abw=0.0071 synth_x0_gen_adv=6.9185 synth_x0_gen_fm=0.2395 synth_total=0.2388 extra_render_attn_share=0.5111
[step 7400] real_p1_mirror_hole_cov=0.4388 real_p1_skipped=1.0000 real_p1_hole_frac=0.3960 real_p2_eps=0.2914 real_p2_x0_l1=0.2802 real_p2_x0_abw=0.1284 real_p2_gen_adv=6.6159 real_p2_gen_fm=0.1829 real_total=3.5249 discr_adv=2.7653 x0_discr_real_out=0.0889 x0_discr_fake_out=0.0795 x0_discr_real_gp=0.0008 p2_discr_real_out=0.0832 p2_discr_fake_out=0.0649 p2_discr_real_gp=0.0012 g_grad_abs=6224.4745 d_grad_abs=286.2600 synth_eps=0.0167 synth_eps_raw=0.0167 synth_x0_x0_l1=0.3533 synth_x0_x0_abw=0.0089 synth_x0_gen_adv=6.6976 synth_x0_gen_fm=0.2504 synth_total=0.3028 extra_render_attn_share=0.5111
[step 7450] real_p1_mirror_hole_cov=0.1924 real_p1_skipped=1.0000 real_p1_hole_frac=0.4246 real_p2_eps=0.6909 real_p2_x0_l1=0.0428 real_p2_x0_abw=0.8942 real_p2_gen_adv=6.8768 real_p2_gen_fm=0.0154 real_total=8.2554 discr_adv=2.8029 x0_discr_real_out=0.1387 x0_discr_fake_out=-0.0361 x0_discr_real_gp=0.0281 p2_discr_real_out=0.0193 p2_discr_fake_out=0.0121 p2_discr_real_gp=0.0883 g_grad_abs=8830.5310 d_grad_abs=1475.1982 synth_eps=0.6146 synth_eps_raw=0.6146 synth_x0_x0_l1=0.2333 synth_x0_x0_abw=0.2186 synth_x0_gen_adv=6.8107 synth_x0_gen_fm=0.1490 synth_total=5.4114 extra_render_attn_share=0.5111
[step 7500] real_p1_mirror_hole_cov=0.5642 real_p1_skipped=1.0000 real_p1_hole_frac=0.2174 real_p2_eps=0.0904 real_p2_x0_l1=0.3082 real_p2_x0_abw=0.0362 real_p2_gen_adv=7.2152 real_p2_gen_fm=0.2198 real_total=1.1593 discr_adv=2.7474 x0_discr_real_out=0.0034 x0_discr_fake_out=-0.0348 x0_discr_real_gp=0.0014 p2_discr_real_out=-0.0252 p2_discr_fake_out=-0.0550 p2_discr_real_gp=0.0052 g_grad_abs=1586.3611 d_grad_abs=286.5095 synth_eps=1.0263 synth_eps_raw=1.0263 synth_x0_x0_l1=0.1816 synth_x0_x0_abw=0.5619 synth_x0_gen_adv=7.1440 synth_x0_gen_fm=0.1168 synth_total=11.7024 extra_render_attn_share=0.5111
[images] real: anchor | cond1 | cond2 | inv_warp_mirror | mask | mask_inv | p2_pred_x0 | warp_img | warp_warp_img | x | y_hat | y_hat_novel -> /home/xzy/warpgan-diffusiong-inpainting/warpgan-diffusion-inpainting-main/experiments/train_inpainting_diffusion/[20260910-025204]_v18w1_struct_50k/logs/images/train/real_step0007500.png
[images] synth: cond | mask | pred_x0 | target | warp_img | x | y_hat_novel -> /home/xzy/warpgan-diffusiong-inpainting/warpgan-diffusion-inpainting-main/experiments/train_inpainting_diffusion/[20260910-025204]_v18w1_struct_50k/logs/images/train/synth_step0007500.png
[step 7550] real_p1_mirror_hole_cov=0.1810 real_p1_skipped=1.0000 real_p1_hole_frac=0.3792 real_p2_eps=0.0652 real_p2_x0_l1=0.3156 real_p2_x0_abw=0.0286 real_p2_gen_adv=7.2715 real_p2_gen_fm=0.2338 real_total=0.9523 discr_adv=2.7573 x0_discr_real_out=-0.0280 x0_discr_fake_out=-0.0553 x0_discr_real_gp=0.0032 p2_discr_real_out=-0.0372 p2_discr_fake_out=-0.0651 p2_discr_real_gp=0.0040 g_grad_abs=1011.5362 d_grad_abs=373.5801 synth_eps=0.5326 synth_eps_raw=0.5326 synth_x0_x0_l1=0.2446 synth_x0_x0_abw=0.1937 synth_x0_gen_adv=7.3506 synth_x0_gen_fm=0.1676 synth_total=5.2498 extra_render_attn_share=0.5111
[step 7600] real_p1_mirror_hole_cov=0.2508 real_p1_skipped=1.0000 real_p1_hole_frac=0.1170 real_p2_eps=0.0479 real_p2_x0_l1=0.3222 real_p2_x0_abw=0.0216 real_p2_gen_adv=7.1251 real_p2_gen_fm=0.2402 real_total=0.7266 discr_adv=2.7677 x0_discr_real_out=-0.0187 x0_discr_fake_out=-0.0332 x0_discr_real_gp=0.0013 p2_discr_real_out=-0.0258 p2_discr_fake_out=-0.0364 p2_discr_real_gp=0.0020 g_grad_abs=1208.2061 d_grad_abs=252.4291 synth_eps=0.5020 synth_eps_raw=0.5020 synth_x0_x0_l1=0.2318 synth_x0_x0_abw=0.1757 synth_x0_gen_adv=7.2689 synth_x0_gen_fm=0.1615 synth_total=4.6574 extra_render_attn_share=0.5111
[step 7650] real_p1_mirror_hole_cov=0.0326 real_p1_skipped=1.0000 real_p1_hole_frac=0.1014 real_p2_eps=0.6365 real_p2_x0_l1=0.0475 real_p2_x0_abw=0.8581 real_p2_gen_adv=7.1466 real_p2_gen_fm=0.0251 real_total=8.9638 discr_adv=2.7764 x0_discr_real_out=0.0070 x0_discr_fake_out=-0.0196 x0_discr_real_gp=0.0010 p2_discr_real_out=-0.0303 p2_discr_fake_out=-0.0346 p2_discr_real_gp=0.0028 g_grad_abs=9684.7039 d_grad_abs=374.8528 synth_eps=0.9391 synth_eps_raw=0.9391 synth_x0_x0_l1=0.1467 synth_x0_x0_abw=0.4487 synth_x0_gen_adv=7.1206 synth_x0_gen_fm=0.1028 synth_total=8.8136 extra_render_attn_share=0.5111
[step 7700] real_p1_mirror_hole_cov=0.0638 real_p1_skipped=1.0000 real_p1_hole_frac=0.3866 real_p2_eps=0.6481 real_p2_x0_l1=0.2372 real_p2_x0_abw=0.2763 real_p2_gen_adv=7.2180 real_p2_gen_fm=0.1602 real_total=7.1338 discr_adv=2.7267 x0_discr_real_out=0.0564 x0_discr_fake_out=0.0229 x0_discr_real_gp=0.0025 p2_discr_real_out=0.0450 p2_discr_fake_out=-0.0540 p2_discr_real_gp=0.0133 g_grad_abs=8547.6087 d_grad_abs=677.6404 synth_eps=0.1130 synth_eps_raw=0.1130 synth_x0_x0_l1=0.2981 synth_x0_x0_abw=0.0489 synth_x0_gen_adv=7.1615 synth_x0_gen_fm=0.2288 synth_total=1.5963 extra_render_attn_share=0.5111
[step 7750] real_p1_mirror_hole_cov=0.2567 real_p1_skipped=1.0000 real_p1_hole_frac=0.2053 real_p2_eps=0.6015 real_p2_x0_l1=0.2394 real_p2_x0_abw=0.2391 real_p2_gen_adv=7.1315 real_p2_gen_fm=0.1462 real_total=5.8578 discr_adv=2.7690 x0_discr_real_out=-0.0472 x0_discr_fake_out=-0.0512 x0_discr_real_gp=0.0014 p2_discr_real_out=-0.0280 p2_discr_fake_out=-0.0390 p2_discr_real_gp=0.0006 g_grad_abs=8055.1264 d_grad_abs=114.2608 synth_eps=0.9397 synth_eps_raw=0.9397 synth_x0_x0_l1=0.1004 synth_x0_x0_abw=0.7871 synth_x0_gen_adv=7.1605 synth_x0_gen_fm=0.0709 synth_total=12.2354 extra_render_attn_share=0.5111
[step 7800] real_p1_mirror_hole_cov=0.0255 real_p1_skipped=1.0000 real_p1_hole_frac=0.4701 real_p2_eps=1.0077 real_p2_x0_l1=0.1661 real_p2_x0_abw=0.4487 real_p2_gen_adv=7.9210 real_p2_gen_fm=0.1214 real_total=10.0829 discr_adv=2.6604 x0_discr_real_out=-0.0026 x0_discr_fake_out=-0.1532 x0_discr_real_gp=0.0192 p2_discr_real_out=-0.0055 p2_discr_fake_out=-0.1877 p2_discr_real_gp=0.0235 g_grad_abs=15871.8932 d_grad_abs=882.3703 synth_eps=0.6558 synth_eps_raw=0.6558 synth_x0_x0_l1=0.0602 synth_x0_x0_abw=0.9320 synth_x0_gen_adv=6.6933 synth_x0_gen_fm=0.0378 synth_total=10.4766 extra_render_attn_share=0.5111
[step 7850] real_p1_mirror_hole_cov=0.0683 real_p1_skipped=1.0000 real_p1_hole_frac=0.3111 real_p2_eps=0.3628 real_p2_x0_l1=0.2762 real_p2_x0_abw=0.1284 real_p2_gen_adv=7.0162 real_p2_gen_fm=0.1763 real_total=3.5627 discr_adv=2.7710 x0_discr_real_out=-0.0090 x0_discr_fake_out=-0.0102 x0_discr_real_gp=0.0009 p2_discr_real_out=-0.0023 p2_discr_fake_out=-0.0151 p2_discr_real_gp=0.0008 g_grad_abs=5063.6685 d_grad_abs=162.7351 synth_eps=0.2228 synth_eps_raw=0.2228 synth_x0_x0_l1=0.2777 synth_x0_x0_abw=0.0766 synth_x0_gen_adv=6.9834 synth_x0_gen_fm=0.1829 synth_total=2.1808 extra_render_attn_share=0.5111
[step 7900] real_p1_mirror_hole_cov=0.0867 real_p1_skipped=1.0000 real_p1_hole_frac=0.5884 real_p2_eps=0.9698 real_p2_x0_l1=0.1028 real_p2_x0_abw=0.6722 real_p2_gen_adv=7.3673 real_p2_gen_fm=0.0683 real_total=10.5831 discr_adv=2.7140 x0_discr_real_out=-0.0059 x0_discr_fake_out=-0.1201 x0_discr_real_gp=0.0196 p2_discr_real_out=0.0059 p2_discr_fake_out=-0.0832 p2_discr_real_gp=0.0164 g_grad_abs=11440.0290 d_grad_abs=392.3381 synth_eps=0.2212 synth_eps_raw=0.2212 synth_x0_x0_l1=0.2742 synth_x0_x0_abw=0.0837 synth_x0_gen_adv=7.4099 synth_x0_gen_fm=0.2016 synth_total=2.5530 extra_render_attn_share=0.5111
[step 7950] real_p1_mirror_hole_cov=0.1776 real_p1_skipped=1.0000 real_p1_hole_frac=0.4107 real_p2_eps=0.8901 real_p2_x0_l1=0.0670 real_p2_x0_abw=0.7690 real_p2_gen_adv=7.1565 real_p2_gen_fm=0.0445 real_total=9.8649 discr_adv=2.7742 x0_discr_real_out=-0.0363 x0_discr_fake_out=-0.0416 x0_discr_real_gp=0.0002 p2_discr_real_out=-0.0367 p2_discr_fake_out=-0.0418 p2_discr_real_gp=0.0003 g_grad_abs=21510.0539 d_grad_abs=169.0667 synth_eps=0.8846 synth_eps_raw=0.8846 synth_x0_x0_l1=0.0179 synth_x0_x0_abw=0.9913 synth_x0_gen_adv=7.2142 synth_x0_gen_fm=0.0054 synth_total=8.5895 extra_render_attn_share=0.5111
[val step 7999] val_novel_full=0.3101 val_novel_hole=0.2706 val_novel_visible=0.3295
[step 8000] real_p1_mirror_hole_cov=0.0111 real_p1_skipped=1.0000 real_p1_hole_frac=0.1346 real_p2_eps=0.1320 real_p2_x0_l1=0.2887 real_p2_x0_abw=0.0424 real_p2_gen_adv=7.1946 real_p2_gen_fm=0.1933 real_total=1.2676 discr_adv=2.7248 x0_discr_real_out=-0.0296 x0_discr_fake_out=-0.1088 x0_discr_real_gp=0.0054 p2_discr_real_out=-0.0111 p2_discr_fake_out=-0.0515 p2_discr_real_gp=0.0037 g_grad_abs=1399.8635 d_grad_abs=222.5651 synth_eps=1.2133 synth_eps_raw=1.2133 synth_x0_x0_l1=0.1068 synth_x0_x0_abw=0.6705 synth_x0_gen_adv=7.2880 synth_x0_gen_fm=0.0736 synth_total=11.1069 extra_render_attn_share=0.5225
[images] real: anchor | cond1 | cond2 | inv_warp_mirror | mask | mask_inv | p2_pred_x0 | warp_img | warp_warp_img | x | y_hat | y_hat_novel -> /home/xzy/warpgan-diffusiong-inpainting/warpgan-diffusion-inpainting-main/experiments/train_inpainting_diffusion/[20260910-025204]_v18w1_struct_50k/logs/images/train/real_step0008000.png
[images] synth: cond | mask | pred_x0 | target | warp_img | x | y_hat_novel -> /home/xzy/warpgan-diffusiong-inpainting/warpgan-diffusion-inpainting-main/experiments/train_inpainting_diffusion/[20260910-025204]_v18w1_struct_50k/logs/images/train/synth_step0008000.png
[step 8050] real_p1_mirror_hole_cov=0.2609 real_p1_skipped=1.0000 real_p1_hole_frac=0.5573 real_p2_eps=0.0179 real_p2_x0_l1=0.3530 real_p2_x0_abw=0.0123 real_p2_gen_adv=6.2769 real_p2_gen_fm=0.2474 real_total=0.4052 discr_adv=2.7724 x0_discr_real_out=0.1781 x0_discr_fake_out=0.1383 x0_discr_real_gp=0.0064 p2_discr_real_out=0.1524 p2_discr_fake_out=0.1365 p2_discr_real_gp=0.0077 g_grad_abs=429.6617 d_grad_abs=263.4165 synth_eps=0.0666 synth_eps_raw=0.0666 synth_x0_x0_l1=0.3279 synth_x0_x0_abw=0.0311 synth_x0_gen_adv=6.4387 synth_x0_gen_fm=0.2220 synth_total=0.9677 extra_render_attn_share=0.5225
[step 8100] real_p1_mirror_hole_cov=0.4507 real_p1_skipped=1.0000 real_p1_hole_frac=0.2522 real_p2_eps=0.3705 real_p2_x0_l1=0.2440 real_p2_x0_abw=0.1301 real_p2_gen_adv=7.7688 real_p2_gen_fm=0.1742 real_total=3.6782 discr_adv=2.7253 x0_discr_real_out=-0.0424 x0_discr_fake_out=-0.0793 x0_discr_real_gp=0.0045 p2_discr_real_out=-0.0607 p2_discr_fake_out=-0.1592 p2_discr_real_gp=0.0088 g_grad_abs=3497.7741 d_grad_abs=574.8810 synth_eps=0.0083 synth_eps_raw=0.0083 synth_x0_x0_l1=0.3745 synth_x0_x0_abw=0.0051 synth_x0_gen_adv=7.1765 synth_x0_gen_fm=0.2646 synth_total=0.1807 extra_render_attn_share=0.5225
[step 8150] real_p1_mirror_hole_cov=0.2660 real_p1_skipped=1.0000 real_p1_hole_frac=0.3378 real_p2_eps=0.7979 real_p2_x0_l1=0.0180 real_p2_x0_abw=0.9886 real_p2_gen_adv=6.9376 real_p2_gen_fm=0.0074 real_total=8.4072 discr_adv=2.7699 x0_discr_real_out=0.0085 x0_discr_fake_out=-0.0150 x0_discr_real_gp=0.0048 p2_discr_real_out=-0.0010 p2_discr_fake_out=-0.0010 p2_discr_real_gp=0.0038 g_grad_abs=2926.7466 d_grad_abs=75.0245 synth_eps=0.3982 synth_eps_raw=0.3982 synth_x0_x0_l1=0.2466 synth_x0_x0_abw=0.1140 synth_x0_gen_adv=7.3560 synth_x0_gen_fm=0.1580 synth_total=3.0662 extra_render_attn_share=0.5225
[step 8200] real_p1_mirror_hole_cov=0.1837 real_p1_skipped=1.0000 real_p1_hole_frac=0.1138 real_p2_eps=0.9957 real_p2_x0_l1=0.1318 real_p2_x0_abw=0.6606 real_p2_gen_adv=7.1001 real_p2_gen_fm=0.0856 real_total=11.4275 discr_adv=2.7684 x0_discr_real_out=-0.0450 x0_discr_fake_out=-0.0445 x0_discr_real_gp=0.0014 p2_discr_real_out=-0.0145 p2_discr_fake_out=-0.0324 p2_discr_real_gp=0.0004 g_grad_abs=12752.6870 d_grad_abs=140.0751 synth_eps=0.5184 synth_eps_raw=0.5184 synth_x0_x0_l1=0.2485 synth_x0_x0_abw=0.1560 synth_x0_gen_adv=7.2809 synth_x0_gen_fm=0.1478 synth_total=3.9983 extra_render_attn_share=0.5225
[step 8250] real_p1_mirror_hole_cov=0.5113 real_p1_skipped=1.0000 real_p1_hole_frac=0.3627 real_p2_eps=0.0062 real_p2_x0_l1=0.3800 real_p2_x0_abw=0.0049 real_p2_gen_adv=6.7324 real_p2_gen_fm=0.2761 real_total=0.1760 discr_adv=2.7069 x0_discr_real_out=0.0753 x0_discr_fake_out=-0.1807 x0_discr_real_gp=0.0280 p2_discr_real_out=0.0538 p2_discr_fake_out=0.0406 p2_discr_real_gp=0.0343 g_grad_abs=182.4757 d_grad_abs=416.3416 synth_eps=0.9381 synth_eps_raw=0.9381 synth_x0_x0_l1=0.1702 synth_x0_x0_abw=0.4520 synth_x0_gen_adv=7.4217 synth_x0_gen_fm=0.1329 synth_total=10.3774 extra_render_attn_share=0.5225
[step 8300] real_p1_mirror_hole_cov=0.2646 real_p1_skipped=1.0000 real_p1_hole_frac=0.4540 real_p2_eps=0.6149 real_p2_x0_l1=0.2480 real_p2_x0_abw=0.2317 real_p2_gen_adv=9.4960 real_p2_gen_fm=0.1987 real_total=7.4768 discr_adv=2.8864 x0_discr_real_out=-0.0604 x0_discr_fake_out=-0.0552 x0_discr_real_gp=0.1516 p2_discr_real_out=-0.0520 p2_discr_fake_out=-0.4497 p2_discr_real_gp=0.1246 g_grad_abs=22720.0276 d_grad_abs=6023.2438 synth_eps=0.7167 synth_eps_raw=0.7167 synth_x0_x0_l1=0.0860 synth_x0_x0_abw=0.8567 synth_x0_gen_adv=6.2081 synth_x0_gen_fm=0.0697 synth_total=12.0824 extra_render_attn_share=0.5225
[step 8350] real_p1_mirror_hole_cov=0.1256 real_p1_skipped=1.0000 real_p1_hole_frac=0.2362 real_p2_eps=0.0842 real_p2_x0_l1=0.3164 real_p2_x0_abw=0.0323 real_p2_gen_adv=7.0912 real_p2_gen_fm=0.2249 real_total=1.0486 discr_adv=2.7567 x0_discr_real_out=-0.0099 x0_discr_fake_out=-0.0395 x0_discr_real_gp=0.0031 p2_discr_real_out=-0.0107 p2_discr_fake_out=-0.0306 p2_discr_real_gp=0.0032 g_grad_abs=971.7250 d_grad_abs=197.2330 synth_eps=0.7691 synth_eps_raw=0.7691 synth_x0_x0_l1=0.0848 synth_x0_x0_abw=0.7842 synth_x0_gen_adv=7.1671 synth_x0_gen_fm=0.0568 synth_total=10.9082 extra_render_attn_share=0.5225
[step 8400] real_p1_mirror_hole_cov=0.1466 real_p1_skipped=1.0000 real_p1_hole_frac=0.1709 real_p2_eps=0.8470 real_p2_x0_l1=0.1588 real_p2_x0_abw=0.4667 real_p2_gen_adv=8.7677 real_p2_gen_fm=0.1318 real_total=11.1658 discr_adv=2.6932 x0_discr_real_out=0.0592 x0_discr_fake_out=0.0573 x0_discr_real_gp=0.0026 p2_discr_real_out=-0.0242 p2_discr_fake_out=-0.3323 p2_discr_real_gp=0.0538 g_grad_abs=85093.6147 d_grad_abs=652.2667 synth_eps=0.1415 synth_eps_raw=0.1415 synth_x0_x0_l1=0.2912 synth_x0_x0_abw=0.0566 synth_x0_gen_adv=8.0039 synth_x0_gen_fm=0.2245 synth_total=1.8825 extra_render_attn_share=0.5225
[step 8450] real_p1_mirror_hole_cov=0.2220 real_p1_skipped=1.0000 real_p1_hole_frac=0.2464 real_p2_eps=0.0768 real_p2_x0_l1=0.3066 real_p2_x0_abw=0.0247 real_p2_gen_adv=7.1149 real_p2_gen_fm=0.2211 real_total=0.8053 discr_adv=2.7560 x0_discr_real_out=-0.0301 x0_discr_fake_out=-0.0747 x0_discr_real_gp=0.0132 p2_discr_real_out=-0.0052 p2_discr_fake_out=-0.0358 p2_discr_real_gp=0.0055 g_grad_abs=1065.4363 d_grad_abs=141.5057 synth_eps=1.0619 synth_eps_raw=1.0619 synth_x0_x0_l1=0.1497 synth_x0_x0_abw=0.5619 synth_x0_gen_adv=7.5418 synth_x0_gen_fm=0.0969 synth_total=10.8291 extra_render_attn_share=0.5225
[step 8500] real_p1_mirror_hole_cov=0.1220 real_p1_skipped=1.0000 real_p1_hole_frac=0.4587 real_p2_eps=0.2789 real_p2_x0_l1=0.2641 real_p2_x0_abw=0.0994 real_p2_gen_adv=6.6326 real_p2_gen_fm=0.1761 real_total=2.7155 discr_adv=2.7595 x0_discr_real_out=0.1406 x0_discr_fake_out=0.1347 x0_discr_real_gp=0.0034 p2_discr_real_out=0.1216 p2_discr_fake_out=0.0625 p2_discr_real_gp=0.0068 g_grad_abs=2504.3022 d_grad_abs=425.5654 synth_eps=0.9104 synth_eps_raw=0.9104 synth_x0_x0_l1=0.1469 synth_x0_x0_abw=0.5400 synth_x0_gen_adv=6.4166 synth_x0_gen_fm=0.1072 synth_total=10.2433 extra_render_attn_share=0.5225
[images] real: anchor | cond1 | cond2 | inv_warp_mirror | mask | mask_inv | p2_pred_x0 | warp_img | warp_warp_img | x | y_hat | y_hat_novel -> /home/xzy/warpgan-diffusiong-inpainting/warpgan-diffusion-inpainting-main/experiments/train_inpainting_diffusion/[20260910-025204]_v18w1_struct_50k/logs/images/train/real_step0008500.png
[images] synth: cond | mask | pred_x0 | target | warp_img | x | y_hat_novel -> /home/xzy/warpgan-diffusiong-inpainting/warpgan-diffusion-inpainting-main/experiments/train_inpainting_diffusion/[20260910-025204]_v18w1_struct_50k/logs/images/train/synth_step0008500.png
[step 8550] real_p1_mirror_hole_cov=0.1140 real_p1_skipped=1.0000 real_p1_hole_frac=0.2255 real_p2_eps=0.8500 real_p2_x0_l1=0.1840 real_p2_x0_abw=0.3575 real_p2_gen_adv=8.0155 real_p2_gen_fm=0.1287 real_total=8.3846 discr_adv=2.6991 x0_discr_real_out=0.0838 x0_discr_fake_out=0.0567 x0_discr_real_gp=0.0243 p2_discr_real_out=0.0571 p2_discr_fake_out=-0.2047 p2_discr_real_gp=0.0383 g_grad_abs=17314.3948 d_grad_abs=390.9531 synth_eps=0.1794 synth_eps_raw=0.1794 synth_x0_x0_l1=0.2780 synth_x0_x0_abw=0.0557 synth_x0_gen_adv=7.4646 synth_x0_gen_fm=0.1970 synth_total=1.7084 extra_render_attn_share=0.5225
[step 8600] real_p1_mirror_hole_cov=0.0372 real_p1_skipped=1.0000 real_p1_hole_frac=0.0696 real_p2_eps=0.8445 real_p2_x0_l1=0.1381 real_p2_x0_abw=0.5922 real_p2_gen_adv=7.2858 real_p2_gen_fm=0.0912 real_total=10.6391 discr_adv=2.7678 x0_discr_real_out=-0.0577 x0_discr_fake_out=-0.0671 x0_discr_real_gp=0.0004 p2_discr_real_out=-0.0578 p2_discr_fake_out=-0.0684 p2_discr_real_gp=0.0003 g_grad_abs=17757.6859 d_grad_abs=142.5183 synth_eps=0.3865 synth_eps_raw=0.3865 synth_x0_x0_l1=0.2424 synth_x0_x0_abw=0.1251 synth_x0_gen_adv=7.3217 synth_x0_gen_fm=0.1453 synth_total=3.1503 extra_render_attn_share=0.5225
[step 8650] real_p1_mirror_hole_cov=0.0250 real_p1_skipped=1.0000 real_p1_hole_frac=0.3025 real_p2_eps=0.8094 real_p2_x0_l1=0.1987 real_p2_x0_abw=0.3164 real_p2_gen_adv=7.6857 real_p2_gen_fm=0.1288 real_total=7.3808 discr_adv=2.6689 x0_discr_real_out=0.0027 x0_discr_fake_out=-0.1160 x0_discr_real_gp=0.0342 p2_discr_real_out=0.0576 p2_discr_fake_out=-0.1443 p2_discr_real_gp=0.0157 g_grad_abs=10929.1220 d_grad_abs=438.5460 synth_eps=0.6292 synth_eps_raw=0.6292 synth_x0_x0_l1=0.1985 synth_x0_x0_abw=0.2391 synth_x0_gen_adv=8.1803 synth_x0_gen_fm=0.1359 synth_total=5.8809 extra_render_attn_share=0.5225
[step 8700] real_p1_mirror_hole_cov=0.0832 real_p1_skipped=1.0000 real_p1_hole_frac=0.1453 real_p2_eps=0.7808 real_p2_x0_l1=0.0648 real_p2_x0_abw=0.8513 real_p2_gen_adv=6.5120 real_p2_gen_fm=0.0431 real_total=10.0470 discr_adv=2.7772 x0_discr_real_out=0.0673 x0_discr_fake_out=0.0300 x0_discr_real_gp=0.0178 p2_discr_real_out=0.1001 p2_discr_fake_out=0.0864 p2_discr_real_gp=0.0082 g_grad_abs=10716.2906 d_grad_abs=236.1122 synth_eps=0.0120 synth_eps_raw=0.0120 synth_x0_x0_l1=0.3717 synth_x0_x0_abw=0.0081 synth_x0_gen_adv=6.7634 synth_x0_gen_fm=0.2738 synth_total=0.2903 extra_render_attn_share=0.5225
[step 8750] real_p1_mirror_hole_cov=0.2408 real_p1_skipped=1.0000 real_p1_hole_frac=0.1869 real_p2_eps=0.0991 real_p2_x0_l1=0.2767 real_p2_x0_abw=0.0382 real_p2_gen_adv=6.9303 real_p2_gen_fm=0.1637 real_total=0.9996 discr_adv=2.7683 x0_discr_real_out=0.0038 x0_discr_fake_out=-0.0054 x0_discr_real_gp=0.0005 p2_discr_real_out=0.0026 p2_discr_fake_out=0.0005 p2_discr_real_gp=0.0004 g_grad_abs=1552.5278 d_grad_abs=52.4453 synth_eps=0.1379 synth_eps_raw=0.1379 synth_x0_x0_l1=0.2839 synth_x0_x0_abw=0.0497 synth_x0_gen_adv=6.9608 synth_x0_gen_fm=0.1643 synth_total=1.3146 extra_render_attn_share=0.5225
[step 8800] real_p1_mirror_hole_cov=0.1002 real_p1_skipped=1.0000 real_p1_hole_frac=0.5927 real_p2_eps=0.9276 real_p2_x0_l1=0.1160 real_p2_x0_abw=0.6224 real_p2_gen_adv=6.8969 real_p2_gen_fm=0.0638 real_total=9.2633 discr_adv=2.7550 x0_discr_real_out=0.0175 x0_discr_fake_out=-0.0074 x0_discr_real_gp=0.0009 p2_discr_real_out=0.0212 p2_discr_fake_out=0.0070 p2_discr_real_gp=0.0007 g_grad_abs=9585.9466 d_grad_abs=76.4143 synth_eps=0.2336 synth_eps_raw=0.2336 synth_x0_x0_l1=0.2628 synth_x0_x0_abw=0.0689 synth_x0_gen_adv=6.9779 synth_x0_gen_fm=0.1578 synth_total=1.8204 extra_render_attn_share=0.5225
[step 8850] real_p1_mirror_hole_cov=0.0647 real_p1_skipped=1.0000 real_p1_hole_frac=0.3810 real_p2_eps=0.9344 real_p2_x0_l1=0.1658 real_p2_x0_abw=0.3382 real_p2_gen_adv=7.2425 real_p2_gen_fm=0.0873 real_total=6.3915 discr_adv=2.7340 x0_discr_real_out=0.0868 x0_discr_fake_out=0.0692 x0_discr_real_gp=0.0072 p2_discr_real_out=0.0353 p2_discr_fake_out=-0.0607 p2_discr_real_gp=0.0079 g_grad_abs=7175.7831 d_grad_abs=156.4911 synth_eps=1.0685 synth_eps_raw=1.0685 synth_x0_x0_l1=0.1118 synth_x0_x0_abw=0.5972 synth_x0_gen_adv=6.8888 synth_x0_gen_fm=0.0691 synth_total=9.3738 extra_render_attn_share=0.5225
[step 8900] real_p1_mirror_hole_cov=0.0888 real_p1_skipped=1.0000 real_p1_hole_frac=0.0715 real_p2_eps=0.8497 real_p2_x0_l1=0.0573 real_p2_x0_abw=0.8278 real_p2_gen_adv=6.3068 real_p2_gen_fm=0.0423 real_total=9.6157 discr_adv=2.7085 x0_discr_real_out=0.0622 x0_discr_fake_out=-0.1476 x0_discr_real_gp=0.0262 p2_discr_real_out=0.1637 p2_discr_fake_out=0.1302 p2_discr_real_gp=0.0208 g_grad_abs=15617.2322 d_grad_abs=288.0919 synth_eps=0.0087 synth_eps_raw=0.0087 synth_x0_x0_l1=0.3664 synth_x0_x0_abw=0.0063 synth_x0_gen_adv=6.6615 synth_x0_gen_fm=0.2353 synth_total=0.2025 extra_render_attn_share=0.5225
[step 8950] real_p1_mirror_hole_cov=0.0862 real_p1_skipped=1.0000 real_p1_hole_frac=0.2675 real_p2_eps=0.6012 real_p2_x0_l1=0.0326 real_p2_x0_abw=0.8967 real_p2_gen_adv=7.0360 real_p2_gen_fm=0.0119 real_total=8.0045 discr_adv=2.7301 x0_discr_real_out=0.0216 x0_discr_fake_out=-0.1174 x0_discr_real_gp=0.0141 p2_discr_real_out=-0.0141 p2_discr_fake_out=-0.0203 p2_discr_real_gp=0.0130 g_grad_abs=7740.2886 d_grad_abs=265.8870 synth_eps=0.0836 synth_eps_raw=0.0836 synth_x0_x0_l1=0.3066 synth_x0_x0_abw=0.0356 synth_x0_gen_adv=7.3894 synth_x0_gen_fm=0.1961 synth_total=1.0556 extra_render_attn_share=0.5225
[step 9000] real_p1_mirror_hole_cov=0.0515 real_p1_skipped=1.0000 real_p1_hole_frac=0.0858 real_p2_eps=0.8525 real_p2_x0_l1=0.1396 real_p2_x0_abw=0.5602 real_p2_gen_adv=7.6340 real_p2_gen_fm=0.0881 real_total=10.1426 discr_adv=2.6915 x0_discr_real_out=0.0058 x0_discr_fake_out=-0.0855 x0_discr_real_gp=0.0110 p2_discr_real_out=-0.0079 p2_discr_fake_out=-0.1343 p2_discr_real_gp=0.0111 g_grad_abs=11015.8149 d_grad_abs=701.8030 synth_eps=0.4101 synth_eps_raw=0.4101 synth_x0_x0_l1=0.2413 synth_x0_x0_abw=0.1378 synth_x0_gen_adv=8.0066 synth_x0_gen_fm=0.1523 synth_total=3.6450 extra_render_attn_share=0.5225
[images] real: anchor | cond1 | cond2 | inv_warp_mirror | mask | mask_inv | p2_pred_x0 | warp_img | warp_warp_img | x | y_hat | y_hat_novel -> /home/xzy/warpgan-diffusiong-inpainting/warpgan-diffusion-inpainting-main/experiments/train_inpainting_diffusion/[20260910-025204]_v18w1_struct_50k/logs/images/train/real_step0009000.png
[images] synth: cond | mask | pred_x0 | target | warp_img | x | y_hat_novel -> /home/xzy/warpgan-diffusiong-inpainting/warpgan-diffusion-inpainting-main/experiments/train_inpainting_diffusion/[20260910-025204]_v18w1_struct_50k/logs/images/train/synth_step0009000.png
[step 9050] real_p1_mirror_hole_cov=0.0079 real_p1_skipped=1.0000 real_p1_hole_frac=0.1637 real_p2_eps=1.0442 real_p2_x0_l1=0.1673 real_p2_x0_abw=0.4471 real_p2_gen_adv=7.0505 real_p2_gen_fm=0.0925 real_total=8.4053 discr_adv=2.7281 x0_discr_real_out=0.0052 x0_discr_fake_out=-0.0388 x0_discr_real_gp=0.0044 p2_discr_real_out=0.0360 p2_discr_fake_out=-0.0234 p2_discr_real_gp=0.0019 g_grad_abs=8213.6595 d_grad_abs=151.4711 synth_eps=0.0180 synth_eps_raw=0.0180 synth_x0_x0_l1=0.3523 synth_x0_x0_abw=0.0113 synth_x0_gen_adv=6.8261 synth_x0_gen_fm=0.2239 synth_total=0.3532 extra_render_attn_share=0.5225
[step 9100] real_p1_mirror_hole_cov=0.0335 real_p1_skipped=1.0000 real_p1_hole_frac=0.3812 real_p2_eps=0.2820 real_p2_x0_l1=0.2571 real_p2_x0_abw=0.0907 real_p2_gen_adv=7.4926 real_p2_gen_fm=0.1594 real_total=2.4305 discr_adv=2.7312 x0_discr_real_out=0.0534 x0_discr_fake_out=0.0228 x0_discr_real_gp=0.0201 p2_discr_real_out=0.0395 p2_discr_fake_out=-0.1085 p2_discr_real_gp=0.0247 g_grad_abs=1869.9826 d_grad_abs=182.2854 synth_eps=0.4454 synth_eps_raw=0.4454 synth_x0_x0_l1=0.2349 synth_x0_x0_abw=0.1309 synth_x0_gen_adv=7.8056 synth_x0_gen_fm=0.1458 synth_total=3.4062 extra_render_attn_share=0.5225
[step 9150] real_p1_mirror_hole_cov=0.1209 real_p1_skipped=1.0000 real_p1_hole_frac=0.2625 real_p2_eps=0.7886 real_p2_x0_l1=0.0818 real_p2_x0_abw=0.8752 real_p2_gen_adv=6.6023 real_p2_gen_fm=0.0482 real_total=10.8542 discr_adv=2.7942 x0_discr_real_out=0.1007 x0_discr_fake_out=0.0879 x0_discr_real_gp=0.0152 p2_discr_real_out=0.0970 p2_discr_fake_out=0.0680 p2_discr_real_gp=0.0217 g_grad_abs=8000.1779 d_grad_abs=323.7657 synth_eps=0.9319 synth_eps_raw=0.9319 synth_x0_x0_l1=0.1957 synth_x0_x0_abw=0.3530 synth_x0_gen_adv=7.8785 synth_x0_gen_fm=0.1282 synth_total=8.3094 extra_render_attn_share=0.5225
[step 9200] real_p1_mirror_hole_cov=0.0776 real_p1_skipped=1.0000 real_p1_hole_frac=0.0509 real_p2_eps=0.0071 real_p2_x0_l1=0.3770 real_p2_x0_abw=0.0057 real_p2_gen_adv=6.8966 real_p2_gen_fm=0.2651 real_total=0.1999 discr_adv=2.7968 x0_discr_real_out=0.0384 x0_discr_fake_out=-0.0907 x0_discr_real_gp=0.0633 p2_discr_real_out=0.0489 p2_discr_fake_out=0.0082 p2_discr_real_gp=0.0419 g_grad_abs=149.3856 d_grad_abs=1884.5645 synth_eps=0.6431 synth_eps_raw=0.6431 synth_x0_x0_l1=0.2104 synth_x0_x0_abw=0.2684 synth_x0_gen_adv=7.8137 synth_x0_gen_fm=0.1462 synth_total=6.7194 extra_render_attn_share=0.5225
[step 9250] real_p1_mirror_hole_cov=0.2772 real_p1_skipped=1.0000 real_p1_hole_frac=0.2540 real_p2_eps=0.0662 real_p2_x0_l1=0.3134 real_p2_x0_abw=0.0266 real_p2_gen_adv=7.0904 real_p2_gen_fm=0.2071 real_total=0.8139 discr_adv=2.7551 x0_discr_real_out=-0.0115 x0_discr_fake_out=-0.0356 x0_discr_real_gp=0.0042 p2_discr_real_out=-0.0031 p2_discr_fake_out=-0.0313 p2_discr_real_gp=0.0037 g_grad_abs=617.9190 d_grad_abs=97.2423 synth_eps=1.1382 synth_eps_raw=1.1382 synth_x0_x0_l1=0.1415 synth_x0_x0_abw=0.5232 synth_x0_gen_adv=7.1522 synth_x0_gen_fm=0.0868 synth_total=9.4955 extra_render_attn_share=0.5225
[step 9300] real_p1_mirror_hole_cov=0.1480 real_p1_skipped=1.0000 real_p1_hole_frac=0.3083 real_p2_eps=0.4244 real_p2_x0_l1=0.2657 real_p2_x0_abw=0.1608 real_p2_gen_adv=8.7560 real_p2_gen_fm=0.1855 real_total=4.8577 discr_adv=2.7171 x0_discr_real_out=0.1539 x0_discr_fake_out=0.1534 x0_discr_real_gp=0.0092 p2_discr_real_out=0.0526 p2_discr_fake_out=-0.3335 p2_discr_real_gp=0.1052 g_grad_abs=7638.0295 d_grad_abs=1256.7473 synth_eps=0.8780 synth_eps_raw=0.8780 synth_x0_x0_l1=0.1883 synth_x0_x0_abw=0.5148 synth_x0_gen_adv=6.9264 synth_x0_gen_fm=0.1198 synth_total=10.7103 extra_render_attn_share=0.5225
[step 9350] real_p1_mirror_hole_cov=0.5737 real_p1_skipped=1.0000 real_p1_hole_frac=0.1554 real_p2_eps=0.9259 real_p2_x0_l1=0.1611 real_p2_x0_abw=0.4325 real_p2_gen_adv=7.2817 real_p2_gen_fm=0.0953 real_total=8.2673 discr_adv=2.7417 x0_discr_real_out=-0.0132 x0_discr_fake_out=-0.0414 x0_discr_real_gp=0.0019 p2_discr_real_out=-0.0200 p2_discr_fake_out=-0.0683 p2_discr_real_gp=0.0035 g_grad_abs=9322.3020 d_grad_abs=192.2489 synth_eps=0.5637 synth_eps_raw=0.5637 synth_x0_x0_l1=0.2252 synth_x0_x0_abw=0.1915 synth_x0_gen_adv=7.2260 synth_x0_gen_fm=0.1319 synth_total=4.5182 extra_render_attn_share=0.5225
[step 9400] real_p1_mirror_hole_cov=0.0738 real_p1_skipped=1.0000 real_p1_hole_frac=0.2200 real_p2_eps=0.5231 real_p2_x0_l1=0.2222 real_p2_x0_abw=0.1851 real_p2_gen_adv=8.1816 real_p2_gen_fm=0.1561 real_total=4.9690 discr_adv=2.6875 x0_discr_real_out=0.0664 x0_discr_fake_out=0.0523 x0_discr_real_gp=0.0136 p2_discr_real_out=0.0332 p2_discr_fake_out=-0.2326 p2_discr_real_gp=0.0307 g_grad_abs=8728.3764 d_grad_abs=518.1565 synth_eps=0.0867 synth_eps_raw=0.0867 synth_x0_x0_l1=0.3103 synth_x0_x0_abw=0.0372 synth_x0_gen_adv=7.2611 synth_x0_gen_fm=0.2224 synth_total=1.1955 extra_render_attn_share=0.5225
[step 9450] real_p1_mirror_hole_cov=0.0128 real_p1_skipped=1.0000 real_p1_hole_frac=0.2233 real_p2_eps=0.6322 real_p2_x0_l1=0.0209 real_p2_x0_abw=0.9804 real_p2_gen_adv=6.5220 real_p2_gen_fm=0.0073 real_total=7.7667 discr_adv=2.7556 x0_discr_real_out=0.0286 x0_discr_fake_out=-0.1746 x0_discr_real_gp=0.0539 p2_discr_real_out=0.0859 p2_discr_fake_out=0.0850 p2_discr_real_gp=0.0229 g_grad_abs=2577.4531 d_grad_abs=399.7387 synth_eps=0.9659 synth_eps_raw=0.9659 synth_x0_x0_l1=0.1963 synth_x0_x0_abw=0.4149 synth_x0_gen_adv=7.2393 synth_x0_gen_fm=0.1281 synth_total=9.3671 extra_render_attn_share=0.5225
[step 9500] real_p1_mirror_hole_cov=0.0080 real_p1_skipped=1.0000 real_p1_hole_frac=0.0975 real_p2_eps=0.8828 real_p2_x0_l1=0.1332 real_p2_x0_abw=0.6474 real_p2_gen_adv=7.2864 real_p2_gen_fm=0.0886 real_total=11.4234 discr_adv=2.7560 x0_discr_real_out=-0.0806 x0_discr_fake_out=-0.1132 x0_discr_real_gp=0.0102 p2_discr_real_out=-0.0285 p2_discr_fake_out=-0.0680 p2_discr_real_gp=0.0022 g_grad_abs=16818.2909 d_grad_abs=274.1491 synth_eps=0.0774 synth_eps_raw=0.0774 synth_x0_x0_l1=0.3246 synth_x0_x0_abw=0.0353 synth_x0_gen_adv=7.7008 synth_x0_gen_fm=0.2300 synth_total=1.1717 extra_render_attn_share=0.5225
[images] real: anchor | cond1 | cond2 | inv_warp_mirror | mask | mask_inv | p2_pred_x0 | warp_img | warp_warp_img | x | y_hat | y_hat_novel -> /home/xzy/warpgan-diffusiong-inpainting/warpgan-diffusion-inpainting-main/experiments/train_inpainting_diffusion/[20260910-025204]_v18w1_struct_50k/logs/images/train/real_step0009500.png
[images] synth: cond | mask | pred_x0 | target | warp_img | x | y_hat_novel -> /home/xzy/warpgan-diffusiong-inpainting/warpgan-diffusion-inpainting-main/experiments/train_inpainting_diffusion/[20260910-025204]_v18w1_struct_50k/logs/images/train/synth_step0009500.png
[step 9550] real_p1_mirror_hole_cov=0.0780 real_p1_skipped=1.0000 real_p1_hole_frac=0.0679 real_p2_eps=0.2941 real_p2_x0_l1=0.2627 real_p2_x0_abw=0.1140 real_p2_gen_adv=6.9125 real_p2_gen_fm=0.1658 real_total=3.0023 discr_adv=2.7548 x0_discr_real_out=0.0033 x0_discr_fake_out=-0.0246 x0_discr_real_gp=0.0023 p2_discr_real_out=0.0193 p2_discr_fake_out=0.0042 p2_discr_real_gp=0.0006 g_grad_abs=3388.2059 d_grad_abs=124.0321 synth_eps=0.7923 synth_eps_raw=0.7923 synth_x0_x0_l1=0.0514 synth_x0_x0_abw=0.9526 synth_x0_gen_adv=6.9005 synth_x0_gen_fm=0.0283 synth_total=10.1084 extra_render_attn_share=0.5225
[step 9600] real_p1_mirror_hole_cov=0.2116 real_p1_skipped=1.0000 real_p1_hole_frac=0.3217 real_p2_eps=0.0658 real_p2_x0_l1=0.3197 real_p2_x0_abw=0.0261 real_p2_gen_adv=6.8639 real_p2_gen_fm=0.2279 real_total=0.8481 discr_adv=2.8306 x0_discr_real_out=0.0216 x0_discr_fake_out=0.0151 x0_discr_real_gp=0.0409 p2_discr_real_out=0.0392 p2_discr_fake_out=0.0139 p2_discr_real_gp=0.0315 g_grad_abs=687.8540 d_grad_abs=732.2144 synth_eps=0.1564 synth_eps_raw=0.1564 synth_x0_x0_l1=0.2797 synth_x0_x0_abw=0.0562 synth_x0_gen_adv=7.3116 synth_x0_gen_fm=0.1948 synth_total=1.6772 extra_render_attn_share=0.5225
[step 9650] real_p1_mirror_hole_cov=0.0026 real_p1_skipped=1.0000 real_p1_hole_frac=0.1235 real_p2_eps=0.8247 real_p2_x0_l1=0.2161 real_p2_x0_abw=0.3456 real_p2_gen_adv=7.7110 real_p2_gen_fm=0.1359 real_total=8.2600 discr_adv=2.7194 x0_discr_real_out=-0.0654 x0_discr_fake_out=-0.1343 x0_discr_real_gp=0.0033 p2_discr_real_out=-0.0759 p2_discr_fake_out=-0.1488 p2_discr_real_gp=0.0048 g_grad_abs=10895.1841 d_grad_abs=485.7153 synth_eps=0.0071 synth_eps_raw=0.0071 synth_x0_x0_l1=0.3805 synth_x0_x0_abw=0.0060 synth_x0_gen_adv=7.4330 synth_x0_gen_fm=0.2719 synth_total=0.2165 extra_render_attn_share=0.5225
[step 9700] real_p1_mirror_hole_cov=0.0677 real_p1_skipped=1.0000 real_p1_hole_frac=0.5675 real_p2_eps=1.0297 real_p2_x0_l1=0.1132 real_p2_x0_abw=0.7931 real_p2_gen_adv=6.8117 real_p2_gen_fm=0.0763 real_total=12.5763 discr_adv=2.7512 x0_discr_real_out=0.0294 x0_discr_fake_out=-0.0019 x0_discr_real_gp=0.0010 p2_discr_real_out=0.0412 p2_discr_fake_out=0.0244 p2_discr_real_gp=0.0007 g_grad_abs=13975.4788 d_grad_abs=171.0482 synth_eps=0.4408 synth_eps_raw=0.4408 synth_x0_x0_l1=0.2531 synth_x0_x0_abw=0.1404 synth_x0_gen_adv=6.8699 synth_x0_gen_fm=0.1543 synth_total=3.6072 extra_render_attn_share=0.5225
[step 9750] real_p1_mirror_hole_cov=0.0147 real_p1_skipped=1.0000 real_p1_hole_frac=0.0583 real_p2_eps=0.2368 real_p2_x0_l1=0.2741 real_p2_x0_abw=0.0837 real_p2_gen_adv=7.3360 real_p2_gen_fm=0.1883 real_total=2.4508 discr_adv=2.7168 x0_discr_real_out=0.0820 x0_discr_fake_out=-0.0576 x0_discr_real_gp=0.0442 p2_discr_real_out=0.0793 p2_discr_fake_out=-0.0784 p2_discr_real_gp=0.0444 g_grad_abs=1672.2374 d_grad_abs=348.5656 synth_eps=0.7754 synth_eps_raw=0.7754 synth_x0_x0_l1=0.0336 synth_x0_x0_abw=0.9287 synth_x0_gen_adv=6.3006 synth_x0_gen_fm=0.0175 synth_total=8.2855 extra_render_attn_share=0.5225
[step 9800] real_p1_mirror_hole_cov=0.0830 real_p1_skipped=1.0000 real_p1_hole_frac=0.2545 real_p2_eps=0.0072 real_p2_x0_l1=0.3783 real_p2_x0_abw=0.0060 real_p2_gen_adv=6.6691 real_p2_gen_fm=0.2609 real_total=0.2055 discr_adv=2.7648 x0_discr_real_out=0.0529 x0_discr_fake_out=0.0291 x0_discr_real_gp=0.0010 p2_discr_real_out=0.0532 p2_discr_fake_out=0.0536 p2_discr_real_gp=0.0009 g_grad_abs=157.8836 d_grad_abs=127.3115 synth_eps=0.6525 synth_eps_raw=0.6525 synth_x0_x0_l1=0.0582 synth_x0_x0_abw=0.9229 synth_x0_gen_adv=6.9653 synth_x0_gen_fm=0.0308 synth_total=9.9818 extra_render_attn_share=0.5225
[step 9850] real_p1_mirror_hole_cov=0.0897 real_p1_skipped=1.0000 real_p1_hole_frac=0.2039 real_p2_eps=1.0053 real_p2_x0_l1=0.1070 real_p2_x0_abw=0.7660 real_p2_gen_adv=6.8994 real_p2_gen_fm=0.0693 real_total=11.6832 discr_adv=2.6827 x0_discr_real_out=0.1033 x0_discr_fake_out=-0.0942 x0_discr_real_gp=0.0256 p2_discr_real_out=0.0927 p2_discr_fake_out=0.0075 p2_discr_real_gp=0.0201 g_grad_abs=10630.6636 d_grad_abs=348.1256 synth_eps=0.8426 synth_eps_raw=0.8426 synth_x0_x0_l1=0.0688 synth_x0_x0_abw=0.7475 synth_x0_gen_adv=6.6864 synth_x0_gen_fm=0.0441 synth_total=9.1905 extra_render_attn_share=0.5225
[step 9900] real_p1_mirror_hole_cov=0.0072 real_p1_skipped=1.0000 real_p1_hole_frac=0.0994 real_p2_eps=0.5218 real_p2_x0_l1=0.2307 real_p2_x0_abw=0.2233 real_p2_gen_adv=8.0527 real_p2_gen_fm=0.1612 real_total=5.9725 discr_adv=2.7879 x0_discr_real_out=0.0299 x0_discr_fake_out=-0.0974 x0_discr_real_gp=0.0360 p2_discr_real_out=-0.0335 p2_discr_fake_out=-0.2110 p2_discr_real_gp=0.1221 g_grad_abs=7981.4456 d_grad_abs=2059.4468 synth_eps=0.8840 synth_eps_raw=0.8840 synth_x0_x0_l1=0.1443 synth_x0_x0_abw=0.6274 synth_x0_gen_adv=6.8816 synth_x0_gen_fm=0.1069 synth_total=11.9990 extra_render_attn_share=0.5225
[step 9950] real_p1_mirror_hole_cov=0.1166 real_p1_skipped=1.0000 real_p1_hole_frac=0.1982 real_p2_eps=0.2828 real_p2_x0_l1=0.2646 real_p2_x0_abw=0.0881 real_p2_gen_adv=6.9411 real_p2_gen_fm=0.1709 real_total=2.4233 discr_adv=2.7671 x0_discr_real_out=0.0031 x0_discr_fake_out=-0.0056 x0_discr_real_gp=0.0003 p2_discr_real_out=0.0044 p2_discr_fake_out=-0.0014 p2_discr_real_gp=0.0003 g_grad_abs=3187.4878 d_grad_abs=127.2928 synth_eps=0.2745 synth_eps_raw=0.2745 synth_x0_x0_l1=0.2569 synth_x0_x0_abw=0.0778 synth_x0_gen_adv=6.8839 synth_x0_gen_fm=0.1646 synth_total=2.1104 extra_render_attn_share=0.5225
[ckpt] saved /home/xzy/warpgan-diffusiong-inpainting/warpgan-diffusion-inpainting-main/experiments/train_inpainting_diffusion/[20260910-025204]_v18w1_struct_50k/checkpoints/iteration_0009999.pt
[val step 9999] val_novel_full=0.3663 val_novel_hole=0.3351 val_novel_visible=0.3739
[step 10000] real_p1_mirror_hole_cov=0.1732 real_p1_skipped=1.0000 real_p1_hole_frac=0.5672 real_p2_eps=0.9497 real_p2_x0_l1=0.1494 real_p2_x0_abw=0.6174 real_p2_gen_adv=6.7412 real_p2_gen_fm=0.1056 real_total=11.7202 discr_adv=2.6914 x0_discr_real_out=0.0686 x0_discr_fake_out=-0.1146 x0_discr_real_gp=0.0496 p2_discr_real_out=0.1746 p2_discr_fake_out=0.0392 p2_discr_real_gp=0.0206 g_grad_abs=15510.0911 d_grad_abs=345.5169 synth_eps=0.9982 synth_eps_raw=0.9982 synth_x0_x0_l1=0.1704 synth_x0_x0_abw=0.5132 synth_x0_gen_adv=7.1813 synth_x0_gen_fm=0.1190 synth_total=10.8799 extra_render_attn_share=0.5200
[images] real: anchor | cond1 | cond2 | inv_warp_mirror | mask | mask_inv | p2_pred_x0 | warp_img | warp_warp_img | x | y_hat | y_hat_novel -> /home/xzy/warpgan-diffusiong-inpainting/warpgan-diffusion-inpainting-main/experiments/train_inpainting_diffusion/[20260910-025204]_v18w1_struct_50k/logs/images/train/real_step0010000.png
[images] synth: cond | mask | pred_x0 | target | warp_img | x | y_hat_novel -> /home/xzy/warpgan-diffusiong-inpainting/warpgan-diffusion-inpainting-main/experiments/train_inpainting_diffusion/[20260910-025204]_v18w1_struct_50k/logs/images/train/synth_step0010000.png
[step 10050] real_p1_mirror_hole_cov=0.1133 real_p1_skipped=1.0000 real_p1_hole_frac=0.0761 real_p2_eps=0.0600 real_p2_x0_l1=0.3219 real_p2_x0_abw=0.0216 real_p2_gen_adv=7.4067 real_p2_gen_fm=0.2385 real_total=0.7412 discr_adv=2.7884 x0_discr_real_out=-0.0655 x0_discr_fake_out=-0.0852 x0_discr_real_gp=0.0254 p2_discr_real_out=-0.0460 p2_discr_fake_out=-0.0920 p2_discr_real_gp=0.0189 g_grad_abs=884.4902 d_grad_abs=501.3633 synth_eps=1.0586 synth_eps_raw=1.0586 synth_x0_x0_l1=0.1442 synth_x0_x0_abw=0.6557 synth_x0_gen_adv=7.2198 synth_x0_gen_fm=0.0997 synth_total=12.4271 extra_render_attn_share=0.5200
[step 10100] real_p1_mirror_hole_cov=0.0333 real_p1_skipped=1.0000 real_p1_hole_frac=0.4634 real_p2_eps=0.0723 real_p2_x0_l1=0.3082 real_p2_x0_abw=0.0356 real_p2_gen_adv=7.7778 real_p2_gen_fm=0.2244 real_total=1.1588 discr_adv=2.7560 x0_discr_real_out=-0.1519 x0_discr_fake_out=-0.2413 x0_discr_real_gp=0.0253 p2_discr_real_out=-0.1150 p2_discr_fake_out=-0.1619 p2_discr_real_gp=0.0093 g_grad_abs=1763.3137 d_grad_abs=559.6497 synth_eps=0.7984 synth_eps_raw=0.7984 synth_x0_x0_l1=0.2143 synth_x0_x0_abw=0.3396 synth_x0_gen_adv=8.0967 synth_x0_gen_fm=0.1470 synth_total=8.6124 extra_render_attn_share=0.5200
[step 10150] real_p1_mirror_hole_cov=0.0247 real_p1_skipped=1.0000 real_p1_hole_frac=0.0537 real_p2_eps=0.1628 real_p2_x0_l1=0.2933 real_p2_x0_abw=0.0618 real_p2_gen_adv=7.1059 real_p2_gen_fm=0.1989 real_total=1.8492 discr_adv=2.7589 x0_discr_real_out=0.0403 x0_discr_fake_out=0.0155 x0_discr_real_gp=0.0038 p2_discr_real_out=0.0094 p2_discr_fake_out=-0.0331 p2_discr_real_gp=0.0136 g_grad_abs=1569.2464 d_grad_abs=237.7440 synth_eps=0.9982 synth_eps_raw=0.9982 synth_x0_x0_l1=0.1763 synth_x0_x0_abw=0.5855 synth_x0_gen_adv=6.9133 synth_x0_gen_fm=0.1178 synth_total=12.0429 extra_render_attn_share=0.5200
[step 10200] real_p1_mirror_hole_cov=0.0457 real_p1_skipped=1.0000 real_p1_hole_frac=0.2346 real_p2_eps=0.8943 real_p2_x0_l1=0.1331 real_p2_x0_abw=0.4865 real_p2_gen_adv=7.2316 real_p2_gen_fm=0.0970 real_total=9.1984 discr_adv=2.6835 x0_discr_real_out=0.0023 x0_discr_fake_out=-0.1196 x0_discr_real_gp=0.0048 p2_discr_real_out=0.0229 p2_discr_fake_out=-0.0583 p2_discr_real_gp=0.0040 g_grad_abs=17492.8057 d_grad_abs=489.3442 synth_eps=0.7188 synth_eps_raw=0.7188 synth_x0_x0_l1=0.0568 synth_x0_x0_abw=0.9171 synth_x0_gen_adv=6.7855 synth_x0_gen_fm=0.0333 synth_total=10.0447 extra_render_attn_share=0.5200
[step 10250] real_p1_mirror_hole_cov=0.1957 real_p1_skipped=1.0000 real_p1_hole_frac=0.3206 real_p2_eps=0.0117 real_p2_x0_l1=0.3655 real_p2_x0_abw=0.0086 real_p2_gen_adv=6.3147 real_p2_gen_fm=0.2706 real_total=0.3028 discr_adv=2.7752 x0_discr_real_out=0.1332 x0_discr_fake_out=0.0884 x0_discr_real_gp=0.0094 p2_discr_real_out=0.1366 p2_discr_fake_out=0.1288 p2_discr_real_gp=0.0089 g_grad_abs=373.6734 d_grad_abs=292.4922 synth_eps=0.5802 synth_eps_raw=0.5802 synth_x0_x0_l1=0.2443 synth_x0_x0_abw=0.2697 synth_x0_gen_adv=6.4922 synth_x0_gen_fm=0.1641 synth_total=6.8232 extra_render_attn_share=0.5200
[step 10300] real_p1_mirror_hole_cov=0.0010 real_p1_skipped=1.0000 real_p1_hole_frac=0.2862 real_p2_eps=0.1462 real_p2_x0_l1=0.2956 real_p2_x0_abw=0.0623 real_p2_gen_adv=7.1954 real_p2_gen_fm=0.2214 real_total=1.9921 discr_adv=2.7478 x0_discr_real_out=0.1218 x0_discr_fake_out=0.0360 x0_discr_real_gp=0.0100 p2_discr_real_out=0.0869 p2_discr_fake_out=-0.0483 p2_discr_real_gp=0.0689 g_grad_abs=2523.3702 d_grad_abs=1115.9025 synth_eps=0.9883 synth_eps_raw=0.9883 synth_x0_x0_l1=0.0939 synth_x0_x0_abw=0.7444 synth_x0_gen_adv=6.2615 synth_x0_gen_fm=0.0700 synth_total=10.9312 extra_render_attn_share=0.5200
[step 10350] real_p1_mirror_hole_cov=0.0081 real_p1_skipped=1.0000 real_p1_hole_frac=0.3499 real_p2_eps=1.1881 real_p2_x0_l1=0.1392 real_p2_x0_abw=0.6207 real_p2_gen_adv=6.9474 real_p2_gen_fm=0.0730 real_total=10.1173 discr_adv=2.7696 x0_discr_real_out=0.0049 x0_discr_fake_out=0.0036 x0_discr_real_gp=0.0002 p2_discr_real_out=0.0030 p2_discr_fake_out=-0.0031 p2_discr_real_gp=0.0002 g_grad_abs=13867.5692 d_grad_abs=43.8149 synth_eps=0.6872 synth_eps_raw=0.6872 synth_x0_x0_l1=0.2008 synth_x0_x0_abw=0.2198 synth_x0_gen_adv=6.9384 synth_x0_gen_fm=0.1014 synth_total=4.4845 extra_render_attn_share=0.5200
[step 10400] real_p1_mirror_hole_cov=0.0190 real_p1_skipped=1.0000 real_p1_hole_frac=0.0386 real_p2_eps=0.5239 real_p2_x0_l1=0.0342 real_p2_x0_abw=0.9804 real_p2_gen_adv=7.0045 real_p2_gen_fm=0.0127 real_total=8.6686 discr_adv=2.7682 x0_discr_real_out=0.0062 x0_discr_fake_out=-0.0079 x0_discr_real_gp=0.0006 p2_discr_real_out=-0.0142 p2_discr_fake_out=-0.0145 p2_discr_real_gp=0.0019 g_grad_abs=7192.8600 d_grad_abs=35.4158 synth_eps=0.5491 synth_eps_raw=0.5491 synth_x0_x0_l1=0.1955 synth_x0_x0_abw=0.1598 synth_x0_gen_adv=6.9643 synth_x0_gen_fm=0.0999 synth_total=3.2906 extra_render_attn_share=0.5200
[step 10450] real_p1_mirror_hole_cov=0.2869 real_p1_skipped=1.0000 real_p1_hole_frac=0.3061 real_p2_eps=0.7847 real_p2_x0_l1=0.1689 real_p2_x0_abw=0.2953 real_p2_gen_adv=7.1121 real_p2_gen_fm=0.0849 real_total=5.4423 discr_adv=2.7282 x0_discr_real_out=0.0301 x0_discr_fake_out=-0.0214 x0_discr_real_gp=0.0040 p2_discr_real_out=0.0209 p2_discr_fake_out=-0.0355 p2_discr_real_gp=0.0048 g_grad_abs=5620.9397 d_grad_abs=157.9822 synth_eps=0.4138 synth_eps_raw=0.4138 synth_x0_x0_l1=0.2218 synth_x0_x0_abw=0.1259 synth_x0_gen_adv=6.9649 synth_x0_gen_fm=0.1201 synth_total=2.8310 extra_render_attn_share=0.5200
[step 10500] real_p1_mirror_hole_cov=0.2173 real_p1_skipped=1.0000 real_p1_hole_frac=0.2536 real_p2_eps=0.9724 real_p2_x0_l1=0.1667 real_p2_x0_abw=0.4932 real_p2_gen_adv=7.5929 real_p2_gen_fm=0.0912 real_total=9.2959 discr_adv=2.6864 x0_discr_real_out=0.0660 x0_discr_fake_out=0.0330 x0_discr_real_gp=0.0223 p2_discr_real_out=0.1003 p2_discr_fake_out=-0.1273 p2_discr_real_gp=0.0164 g_grad_abs=11376.2338 d_grad_abs=324.9836 synth_eps=0.4486 synth_eps_raw=0.4486 synth_x0_x0_l1=0.2155 synth_x0_x0_abw=0.1404 synth_x0_gen_adv=7.4868 synth_x0_gen_fm=0.1199 synth_total=3.2139 extra_render_attn_share=0.5200
[images] real: anchor | cond1 | cond2 | inv_warp_mirror | mask | mask_inv | p2_pred_x0 | warp_img | warp_warp_img | x | y_hat | y_hat_novel -> /home/xzy/warpgan-diffusiong-inpainting/warpgan-diffusion-inpainting-main/experiments/train_inpainting_diffusion/[20260910-025204]_v18w1_struct_50k/logs/images/train/real_step0010500.png
[images] synth: cond | mask | pred_x0 | target | warp_img | x | y_hat_novel -> /home/xzy/warpgan-diffusiong-inpainting/warpgan-diffusion-inpainting-main/experiments/train_inpainting_diffusion/[20260910-025204]_v18w1_struct_50k/logs/images/train/synth_step0010500.png
[step 10550] real_p1_mirror_hole_cov=0.1907 real_p1_skipped=1.0000 real_p1_hole_frac=0.3432 real_p2_eps=0.9593 real_p2_x0_l1=0.1386 real_p2_x0_abw=0.4865 real_p2_gen_adv=7.7252 real_p2_gen_fm=0.0761 real_total=8.4855 discr_adv=2.7279 x0_discr_real_out=0.0852 x0_discr_fake_out=0.0567 x0_discr_real_gp=0.0138 p2_discr_real_out=0.0093 p2_discr_fake_out=-0.1508 p2_discr_real_gp=0.0292 g_grad_abs=8977.7876 d_grad_abs=227.5666 synth_eps=0.8492 synth_eps_raw=0.8492 synth_x0_x0_l1=0.0427 synth_x0_x0_abw=0.8713 synth_x0_gen_adv=6.6828 synth_x0_gen_fm=0.0240 synth_total=8.8016 extra_render_attn_share=0.5200
[step 10600] real_p1_mirror_hole_cov=0.1595 real_p1_skipped=1.0000 real_p1_hole_frac=0.4297 real_p2_eps=0.4935 real_p2_x0_l1=0.2326 real_p2_x0_abw=0.1757 real_p2_gen_adv=7.3239 real_p2_gen_fm=0.1332 real_total=4.1616 discr_adv=2.7039 x0_discr_real_out=0.0349 x0_discr_fake_out=-0.0571 x0_discr_real_gp=0.0162 p2_discr_real_out=0.0411 p2_discr_fake_out=-0.0758 p2_discr_real_gp=0.0163 g_grad_abs=3492.2572 d_grad_abs=394.8387 synth_eps=0.8950 synth_eps_raw=0.8950 synth_x0_x0_l1=0.1548 synth_x0_x0_abw=0.5754 synth_x0_gen_adv=7.3888 synth_x0_gen_fm=0.0839 synth_total=10.0597 extra_render_attn_share=0.5200
[step 10650] real_p1_mirror_hole_cov=0.0356 real_p1_skipped=1.0000 real_p1_hole_frac=0.3705 real_p2_eps=0.2204 real_p2_x0_l1=0.2738 real_p2_x0_abw=0.0894 real_p2_gen_adv=7.1067 real_p2_gen_fm=0.1598 real_total=2.3086 discr_adv=2.7449 x0_discr_real_out=0.0208 x0_discr_fake_out=-0.0166 x0_discr_real_gp=0.0036 p2_discr_real_out=0.0063 p2_discr_fake_out=-0.0334 p2_discr_real_gp=0.0044 g_grad_abs=2641.2198 d_grad_abs=297.4025 synth_eps=0.3341 synth_eps_raw=0.3341 synth_x0_x0_l1=0.2623 synth_x0_x0_abw=0.1259 synth_x0_gen_adv=7.3729 synth_x0_gen_fm=0.1578 synth_total=3.2822 extra_render_attn_share=0.5200
[step 10700] real_p1_mirror_hole_cov=0.0801 real_p1_skipped=1.0000 real_p1_hole_frac=0.2126 real_p2_eps=0.0197 real_p2_x0_l1=0.3429 real_p2_x0_abw=0.0136 real_p2_gen_adv=6.8126 real_p2_gen_fm=0.2093 real_total=0.4008 discr_adv=2.7316 x0_discr_real_out=0.0396 x0_discr_fake_out=-0.0471 x0_discr_real_gp=0.0041 p2_discr_real_out=0.0400 p2_discr_fake_out=0.0244 p2_discr_real_gp=0.0040 g_grad_abs=243.8985 d_grad_abs=227.6272 synth_eps=0.8730 synth_eps_raw=0.8730 synth_x0_x0_l1=0.0644 synth_x0_x0_abw=0.8292 synth_x0_gen_adv=7.0790 synth_x0_gen_fm=0.0361 synth_total=9.7870 extra_render_attn_share=0.5200
[step 10750] real_p1_mirror_hole_cov=0.0505 real_p1_skipped=1.0000 real_p1_hole_frac=0.0289 real_p2_eps=0.0454 real_p2_x0_l1=0.3201 real_p2_x0_abw=0.0249 real_p2_gen_adv=6.3327 real_p2_gen_fm=0.2001 real_total=0.7095 discr_adv=2.8391 x0_discr_real_out=0.1753 x0_discr_fake_out=0.1245 x0_discr_real_gp=0.0306 p2_discr_real_out=0.1383 p2_discr_fake_out=0.1254 p2_discr_real_gp=0.0543 g_grad_abs=539.4210 d_grad_abs=1225.9375 synth_eps=0.0697 synth_eps_raw=0.0697 synth_x0_x0_l1=0.3047 synth_x0_x0_abw=0.0325 synth_x0_gen_adv=6.0852 synth_x0_gen_fm=0.1927 synth_total=0.9050 extra_render_attn_share=0.5200
[step 10800] real_p1_mirror_hole_cov=0.1974 real_p1_skipped=1.0000 real_p1_hole_frac=0.4475 real_p2_eps=0.6819 real_p2_x0_l1=0.1572 real_p2_x0_abw=0.2750 real_p2_gen_adv=7.9838 real_p2_gen_fm=0.1069 real_total=5.8612 discr_adv=2.6868 x0_discr_real_out=0.0034 x0_discr_fake_out=-0.1320 x0_discr_real_gp=0.0201 p2_discr_real_out=-0.0400 p2_discr_fake_out=-0.1987 p2_discr_real_gp=0.0319 g_grad_abs=6219.0319 d_grad_abs=287.2597 synth_eps=0.6953 synth_eps_raw=0.6953 synth_x0_x0_l1=0.0322 synth_x0_x0_abw=0.9343 synth_x0_gen_adv=6.8230 synth_x0_gen_fm=0.0150 synth_total=8.4978 extra_render_attn_share=0.5200
[step 10850] real_p1_mirror_hole_cov=0.1428 real_p1_skipped=1.0000 real_p1_hole_frac=0.2976 real_p2_eps=0.6438 real_p2_x0_l1=0.2229 real_p2_x0_abw=0.2528 real_p2_gen_adv=8.5093 real_p2_gen_fm=0.1468 real_total=6.5632 discr_adv=2.6424 x0_discr_real_out=0.1122 x0_discr_fake_out=0.0072 x0_discr_real_gp=0.0284 p2_discr_real_out=0.0590 p2_discr_fake_out=-0.2915 p2_discr_real_gp=0.0524 g_grad_abs=16280.6155 d_grad_abs=718.3995 synth_eps=0.2277 synth_eps_raw=0.2277 synth_x0_x0_l1=0.2693 synth_x0_x0_abw=0.0778 synth_x0_gen_adv=7.4751 synth_x0_gen_fm=0.1666 synth_total=2.1262 extra_render_attn_share=0.5200
[step 10900] real_p1_mirror_hole_cov=0.1031 real_p1_skipped=1.0000 real_p1_hole_frac=0.1244 real_p2_eps=0.0070 real_p2_x0_l1=0.3638 real_p2_x0_abw=0.0059 real_p2_gen_adv=7.1543 real_p2_gen_fm=0.2402 real_total=0.1935 discr_adv=2.7646 x0_discr_real_out=-0.0000 x0_discr_fake_out=-0.0168 x0_discr_real_gp=0.0111 p2_discr_real_out=0.0021 p2_discr_fake_out=-0.0432 p2_discr_real_gp=0.0105 g_grad_abs=139.2345 d_grad_abs=258.7626 synth_eps=0.0190 synth_eps_raw=0.0190 synth_x0_x0_l1=0.3424 synth_x0_x0_abw=0.0115 synth_x0_gen_adv=7.0938 synth_x0_gen_fm=0.2267 synth_total=0.3640 extra_render_attn_share=0.5200
[step 10950] real_p1_mirror_hole_cov=0.0195 real_p1_skipped=1.0000 real_p1_hole_frac=0.2256 real_p2_eps=0.5621 real_p2_x0_l1=0.1950 real_p2_x0_abw=0.1809 real_p2_gen_adv=6.8720 real_p2_gen_fm=0.1056 real_total=3.7508 discr_adv=2.7699 x0_discr_real_out=-0.0052 x0_discr_fake_out=-0.0054 x0_discr_real_gp=0.0008 p2_discr_real_out=0.0216 p2_discr_fake_out=0.0123 p2_discr_real_gp=0.0002 g_grad_abs=4092.3454 d_grad_abs=59.0231 synth_eps=0.4185 synth_eps_raw=0.4185 synth_x0_x0_l1=0.2296 synth_x0_x0_abw=0.1235 synth_x0_gen_adv=6.8949 synth_x0_gen_fm=0.1279 synth_total=2.8778 extra_render_attn_share=0.5200
[step 11000] real_p1_mirror_hole_cov=0.0205 real_p1_skipped=1.0000 real_p1_hole_frac=0.2202 real_p2_eps=0.1469 real_p2_x0_l1=0.2746 real_p2_x0_abw=0.0477 real_p2_gen_adv=7.0468 real_p2_gen_fm=0.1664 real_total=1.2893 discr_adv=2.7576 x0_discr_real_out=0.0239 x0_discr_fake_out=0.0030 x0_discr_real_gp=0.0018 p2_discr_real_out=-0.0038 p2_discr_fake_out=-0.0226 p2_discr_real_gp=0.0024 g_grad_abs=1289.8217 d_grad_abs=78.0147 synth_eps=0.1942 synth_eps_raw=0.1942 synth_x0_x0_l1=0.2565 synth_x0_x0_abw=0.0562 synth_x0_gen_adv=6.8792 synth_x0_gen_fm=0.1485 synth_total=1.4292 extra_render_attn_share=0.5200
[images] real: anchor | cond1 | cond2 | inv_warp_mirror | mask | mask_inv | p2_pred_x0 | warp_img | warp_warp_img | x | y_hat | y_hat_novel -> /home/xzy/warpgan-diffusiong-inpainting/warpgan-diffusion-inpainting-main/experiments/train_inpainting_diffusion/[20260910-025204]_v18w1_struct_50k/logs/images/train/real_step0011000.png
[images] synth: cond | mask | pred_x0 | target | warp_img | x | y_hat_novel -> /home/xzy/warpgan-diffusiong-inpainting/warpgan-diffusion-inpainting-main/experiments/train_inpainting_diffusion/[20260910-025204]_v18w1_struct_50k/logs/images/train/synth_step0011000.png
[step 11050] real_p1_mirror_hole_cov=0.0014 real_p1_skipped=1.0000 real_p1_hole_frac=0.0727 real_p2_eps=0.3257 real_p2_x0_l1=0.2568 real_p2_x0_abw=0.1073 real_p2_gen_adv=7.1445 real_p2_gen_fm=0.1539 real_total=2.7708 discr_adv=2.7278 x0_discr_real_out=0.0551 x0_discr_fake_out=0.0078 x0_discr_real_gp=0.0072 p2_discr_real_out=0.0326 p2_discr_fake_out=-0.0415 p2_discr_real_gp=0.0073 g_grad_abs=4243.2070 d_grad_abs=142.3869 synth_eps=0.7046 synth_eps_raw=0.7046 synth_x0_x0_l1=0.0621 synth_x0_x0_abw=0.8320 synth_x0_gen_adv=7.2715 synth_x0_gen_fm=0.0305 synth_total=9.3418 extra_render_attn_share=0.5200
[step 11100] real_p1_mirror_hole_cov=0.0890 real_p1_skipped=1.0000 real_p1_hole_frac=0.1820 real_p2_eps=0.9973 real_p2_x0_l1=0.1774 real_p2_x0_abw=0.4471 real_p2_gen_adv=7.1392 real_p2_gen_fm=0.0944 real_total=8.4883 discr_adv=2.7073 x0_discr_real_out=0.0506 x0_discr_fake_out=-0.0001 x0_discr_real_gp=0.0210 p2_discr_real_out=0.1126 p2_discr_fake_out=-0.0406 p2_discr_real_gp=0.0126 g_grad_abs=7684.8041 d_grad_abs=213.0399 synth_eps=0.7944 synth_eps_raw=0.7944 synth_x0_x0_l1=0.1866 synth_x0_x0_abw=0.3107 synth_x0_gen_adv=7.8886 synth_x0_gen_fm=0.1110 synth_total=6.7527 extra_render_attn_share=0.5200
[step 11150] real_p1_mirror_hole_cov=0.1505 real_p1_skipped=1.0000 real_p1_hole_frac=0.3920 real_p2_eps=0.0279 real_p2_x0_l1=0.3382 real_p2_x0_abw=0.0139 real_p2_gen_adv=6.9768 real_p2_gen_fm=0.2164 real_total=0.4291 discr_adv=2.7639 x0_discr_real_out=-0.0108 x0_discr_fake_out=-0.1233 x0_discr_real_gp=0.0276 p2_discr_real_out=-0.0015 p2_discr_fake_out=-0.0087 p2_discr_real_gp=0.0204 g_grad_abs=305.5246 d_grad_abs=275.1233 synth_eps=0.8501 synth_eps_raw=0.8501 synth_x0_x0_l1=0.0903 synth_x0_x0_abw=0.8804 synth_x0_gen_adv=7.0032 synth_x0_gen_fm=0.0471 synth_total=11.2404 extra_render_attn_share=0.5200
[step 11200] real_p1_mirror_hole_cov=0.0166 real_p1_skipped=1.0000 real_p1_hole_frac=0.2685 real_p2_eps=0.6408 real_p2_x0_l1=0.0346 real_p2_x0_abw=0.9599 real_p2_gen_adv=6.3250 real_p2_gen_fm=0.0187 real_total=8.5448 discr_adv=2.7570 x0_discr_real_out=0.1056 x0_discr_fake_out=-0.0305 x0_discr_real_gp=0.0297 p2_discr_real_out=0.1311 p2_discr_fake_out=0.1260 p2_discr_real_gp=0.0184 g_grad_abs=5694.3962 d_grad_abs=264.8341 synth_eps=0.9869 synth_eps_raw=0.9869 synth_x0_x0_l1=0.1916 synth_x0_x0_abw=0.5417 synth_x0_gen_adv=6.5450 synth_x0_gen_fm=0.1238 synth_total=11.3446 extra_render_attn_share=0.5200
[step 11250] real_p1_mirror_hole_cov=0.0138 real_p1_skipped=1.0000 real_p1_hole_frac=0.4658 real_p2_eps=0.0047 real_p2_x0_l1=0.3809 real_p2_x0_abw=0.0048 real_p2_gen_adv=6.9789 real_p2_gen_fm=0.2505 real_total=0.1595 discr_adv=2.8123 x0_discr_real_out=0.0045 x0_discr_fake_out=0.0007 x0_discr_real_gp=0.0066 p2_discr_real_out=-0.0073 p2_discr_fake_out=-0.0088 p2_discr_real_gp=0.0348 g_grad_abs=161.3366 d_grad_abs=672.7908 synth_eps=0.6466 synth_eps_raw=0.6466 synth_x0_x0_l1=0.0347 synth_x0_x0_abw=0.9218 synth_x0_gen_adv=6.8996 synth_x0_gen_fm=0.0186 synth_total=8.7535 extra_render_attn_share=0.5200
[v18w1-struct] resume from /home/xzy/warpgan-diffusiong-inpainting/warpgan-diffusion-inpainting-main/experiments/train_inpainting_diffusion/[20260910-025204]_v18w1_struct_50k/checkpoints/iteration_0009999.pt at Thu 10 Sep 2026 12:33:57 PM CST
2026-09-10 12:33:59.369193: I tensorflow/core/util/util.cc:169] oneDNN custom operations are on. You may see slightly different numerical results due to floating-point round-off errors from different computation orders. To turn them off, set the environment variable `TF_ENABLE_ONEDNN_OPTS=0`.
2026-09-10 12:33:59.413084: W tensorflow/stream_executor/platform/default/dso_loader.cc:64] Could not load dynamic library 'libcudart.so.11.0'; dlerror: libcudart.so.11.0: cannot open shared object file: No such file or directory; LD_LIBRARY_PATH: /usr/local/cuda-12.2/lib64:/usr/local/cuda-12.2/lib64:/usr/local/cuda-12.2/lib64
2026-09-10 12:33:59.413109: I tensorflow/stream_executor/cuda/cudart_stub.cc:29] Ignore above cudart dlerror if you do not have a GPU set up on your machine.
/home/xzy/miniconda3/envs/warpgan/lib/python3.9/site-packages/sklearn/utils/fixes.py:28: UserWarning: pkg_resources is deprecated as an API. See https://setuptools.pypa.io/en/latest/pkg_resources.html. The pkg_resources package is slated for removal as early as 2025-11-30. Refrain from using this package or pin to Setuptools<81.
  from pkg_resources import parse_version  # type: ignore
W0910 12:34:07.019984 3436 site-packages/torch/utils/cpp_extension.py:2425] TORCH_CUDA_ARCH_LIST is not set, all archs for visible cards are included for compilation. 
W0910 12:34:07.019984 3436 site-packages/torch/utils/cpp_extension.py:2425] If this is not desired, please set os.environ['TORCH_CUDA_ARCH_LIST'] to specific architectures.
W0910 12:34:07.309769 3436 site-packages/torch/utils/cpp_extension.py:2425] TORCH_CUDA_ARCH_LIST is not set, all archs for visible cards are included for compilation. 
W0910 12:34:07.309769 3436 site-packages/torch/utils/cpp_extension.py:2425] If this is not desired, please set os.environ['TORCH_CUDA_ARCH_LIST'] to specific architectures.
[compat] patched models/goae WindowAttention.forward (torch>=2.6 CPU-bound clamp fix; numerically identical)
Resuming in existing experiment directory: /home/xzy/warpgan-diffusiong-inpainting/warpgan-diffusion-inpainting-main/experiments/train_inpainting_diffusion/[20260910-025204]_v18w1_struct_50k
device: cuda:0
exp_dir: /home/xzy/warpgan-diffusiong-inpainting/warpgan-diffusion-inpainting-main/experiments/train_inpainting_diffusion/[20260910-025204]_v18w1_struct_50k
checkpoint_path: /home/xzy/warpgan-diffusiong-inpainting/warpgan-diffusion-inpainting-main/experiments/train_inpainting_diffusion/[20260910-025204]_v18w1_struct_50k/checkpoints/iteration_0009999.pt
max_steps: 50000
paths:
  sd: ./pretrained_models/AI-ModelScope/stable-diffusion-v1-5
  brushnet: ./pretrained_models/brushnet
  wplus_stage_c: /data/xzy/warpgan20260803/20260803/experiments/_wplus_identity_pretrain/checkpoints/iteration_50000.pt
  dataset:
    train: ./data/FFHQ-EG3D_all_static_rebalanced
    test: ./data/celeba-hq_1000_static_rebalanced
    synth: ./data/SynthData100000_rebalanced
data:
  batch_size: 1
  workers: 4
  test_batch_size: 2
  test_workers: 2
  rebalanced: false
  add_LPFF: false
  synth:
    able: true
    zplus: false
    batch_size: ${data.batch_size}
gan:
  device: ${device}
  eg3d_type: plus_r
  encoder_type: goae
  psp:
    n_styles: 14
  goae:
    mlp_layer: 2
    cfg: ./configs/swinv2.yaml
  state_dict_key: psp_state_dict
  checkpoint_path: ./pretrained_models/inversion/gan_encoder.pt
warp:
  warp_ori_train: true
  warp_ori_val: true
  warp_pred: false
  hybrid: true
  cond_erode_kernel: 3
  cond_gaussian_blur_kernel: 21
wplus:
  mode: s1_mapper
  gate_value: 3.0
  init_from_stage_c: false
reference:
  use: true
  use_mirror: true
  real_primary: mirror
  gate_init: 0.5
  lr: 5.0e-06
  local_window_k: 0
  local_gate_init: 0.25
brushnet:
  init: pretrained
  lr: 1.0e-05
  use_8bit_adam: true
  gradient_checkpointing: true
losses:
  eps_weight: 1.0
  synth_texture: full
  synth_lowpass_sigma: 2.0
  real_pass1:
    forward: false
    visible_weight: 1.0
    hole_weight: 0
    blind_struct_weight: 0
    mirror_anchor: true
  pixel:
    max_timestep: 200
    x0_clip: 3.0
    resolution: 256
    patch_latent: 32
    apply_to_synth: false
    l1_weight: 0
    resnet_pl_weight: 0
    id_weight: 0
    weights_path: ./pretrained_models/LaMa_perceptual_loss_models
  latent:
    weight: 0
  lpips:
    weight: 0
  adversarial:
    weight: 10
    kind: r1
    gp_coef: 0.001
    mask_as_fake_target: false
    allow_scale_mask: true
  feature_matching:
    weight: 100
  x0:
    enable: true
    l1_weight: 1.0
    clip: 8.0
    res_latent: 32
    d_real: paired_target
  preserve:
    weight: 0
    teacher_wplus: true
  discriminator:
    kind: pix2pixhd_nlayer
    input_nc: 3
    ndf: 64
    n_layers: 4
  optimizers:
    discriminator:
      lr: 0.0001
log:
  image_interval: 500
  board_interval: 50
  val_interval: 2000
  save_interval: 10000
  use_wandb: false
smoke:
  check: true
  fix_timestep: null

==============================================================================
[EFFECTIVE CONFIG — verify line by line before trusting any run]
  exp_dir               : /home/xzy/warpgan-diffusiong-inpainting/warpgan-diffusion-inpainting-main/experiments/train_inpainting_diffusion/[20260910-025204]_v18w1_struct_50k
  max_steps             : 50000
  device                : cuda:0
  synth/real 1:1        : use_synth=True
  batch_size (real/synth): 1 / 1
  warp: 512=True hybrid=True warp_pred=False mask=raw_splatting (NO erode/blur)
  warp cond soften     : erode=3px blur_k=21 (v10: CONDITION-side only, supervision keeps raw mask; orig port)
  wplus: mode=s1_mapper gate=fixed tanh(3.0) stage_c_init=False
  reference: use=True use_mirror=True gate_init=0.5 lr=5e-06
  reference real_primary : mirror (user plan: real photo = PRIMARY bank source, render -> extra)
  reference LOCAL       : window=0 gate_init=0.25 (v11 texture-band retrieval from PRIMARY (real-photo) source; activates the formerly-dead reference_local_scale)
  real pass1 dual-band  : visible/mirror FULL-band x1.0 + blind LOW-band x0.0 (v12: target=FULL SHARP render, only low-freq error penalized; hole_weight=0.0 ignored when dual-band active; 0=off -> single-band v11 path)
  loss synth_texture     : full (sigma=2.0 latent px; user plan: structure-only supervision, texture band = 0)
  brushnet: init=pretrained lr=1e-05 8bit=True grad_ckpt=True
  loss eps_weight       : 1.0
  real pass1 FORWARD    : False (False = STRUCT arm: real batch trains pass2 only; inference unchanged)
  loss real_p1 anchor   : visible=1.0 (target=inv_warp) hole=0 (target=y_hat_novel) mirror_anchor=True (hole real-photo coverage via inv_warp(x_mirror))
  loss pixel (t<200)   : L1*0 PL*0 ID*0 x0_clip=3.0 res=256
  loss latent closure   : *0 (orig L1195-1200)
  loss lpips/gan/fm     : 0 / 10 / 100  (orig GAN/FM 10/100 -> default 0)
  timestep range        : [0, 1000) FULL RANGE (no low-t clamp; v3.1 lesson)
  smoke: check=True fix_timestep=None
  path [OK ] sd            : ./pretrained_models/AI-ModelScope/stable-diffusion-v1-5
  path [OK ] brushnet      : ./pretrained_models/brushnet
  path [OK ] train         : ./data/FFHQ-EG3D_all_static_rebalanced
  path [OK ] test          : ./data/celeba-hq_1000_static_rebalanced
  path [OK ] synth         : ./data/SynthData100000_rebalanced
  path [OK ] LaMa_PL       : ./pretrained_models/LaMa_perceptual_loss_models
  path [OK ] gan_encoder   : ./pretrained_models/inversion/gan_encoder.pt
==============================================================================
[BrushNet] init: official pretrained inpainting checkpoint
[v17] GATE-FREE x0 SUPERVISION ACTIVE: re-noised symmetric pairs (fake_t vs real_t at the same noise level); analytic ab_t weighting; NO timestep gate; D real = photos on BOTH batches.
[v14] GAN/FM ACTIVE: NLayer D params=6,962,369 | fm_weight=100.0 (orig 100) | g_adv_weight=10.0 (orig 10; 0=FM-first) | r1 gp_coef=0.001
[params] bank-retrieval adapters trainable: 37,183,696 | W+ QKV (s2) trainable: 0 | W+ mapper trainable: 1,967,616 | mirror: own K/V 24,780,800 + softmax competition (16 gauged layers) | RefNet DELETED (860M saved, bank=main-UNet self-read)
[optim] 8-bit AdamW (bitsandbytes)
Synth dataset: ./data/SynthData100000_rebalanced -> 100000 samples
Real train dataset: ./data/FFHQ-EG3D_all_static_rebalanced -> 139914 samples
Test dataset: ./data/celeba-hq_1000_static_rebalanced -> 1000 samples
[resume] v14 discriminator + optimizer_d restored
[resume] step 9999 from /home/xzy/warpgan-diffusiong-inpainting/warpgan-diffusion-inpainting-main/experiments/train_inpainting_diffusion/[20260910-025204]_v18w1_struct_50k/checkpoints/iteration_0009999.pt
Start diffusion-port training (orig semantics, BrushNet+SD1.5).
/home/xzy/warpgan-diffusiong-inpainting/warpgan-diffusion-inpainting-main/./training/coach_inpainting_diffusion.py:1119: UserWarning: Converting a tensor with requires_grad=True to a scalar may lead to unexpected behavior.
Consider using tensor.detach() first. (Triggered internally at /pytorch/torch/csrc/autograd/generated/python_variable_methods.cpp:835.)
  metrics[f'{tag}_x0_l1'] = float(l1)
[v14 G-side FM FIRED, real data] p2_gen_fm=0.15207 (x100.0) | D preds real 0.098 / fake -0.121 | feats 5 layers @ (161, 161)..(22, 22)
[v18 D-step FIRED] pairs=1 discr_adv=1.3190 | p2_discr_real_out=0.0985 | p2_discr_fake_out=-0.1214 | p2_discr_real_gp=0.0384
[ckpt] saved /home/xzy/warpgan-diffusiong-inpainting/warpgan-diffusion-inpainting-main/experiments/train_inpainting_diffusion/[20260910-025204]_v18w1_struct_50k/checkpoints/iteration_0009999.pt
[val step 9999] val_novel_full=0.3694 val_novel_hole=0.3489 val_novel_visible=0.3865
[step 10000] real_p1_mirror_hole_cov=0.2320 real_p1_skipped=1.0000 real_p1_hole_frac=0.2178 real_p2_eps=1.1335 real_p2_x0_l1=0.1001 real_p2_x0_abw=0.7271 real_p2_gen_adv=6.8416 real_p2_gen_fm=0.0692 real_total=11.2098 discr_adv=2.7819 x0_discr_real_out=0.1768 x0_discr_fake_out=0.1653 x0_discr_real_gp=0.0257 p2_discr_real_out=0.1466 p2_discr_fake_out=0.0201 p2_discr_real_gp=0.0404 g_grad_abs=20011.1477 d_grad_abs=319.8593 synth_eps=0.2774 synth_eps_raw=0.2774 synth_x0_x0_l1=0.2650 synth_x0_x0_abw=0.0980 synth_x0_gen_adv=7.5797 synth_x0_gen_fm=0.1820 synth_total=2.8308 extra_render_attn_share=0.5168
[images] real: anchor | cond1 | cond2 | inv_warp_mirror | mask | mask_inv | p2_pred_x0 | warp_img | warp_warp_img | x | y_hat | y_hat_novel -> /home/xzy/warpgan-diffusiong-inpainting/warpgan-diffusion-inpainting-main/experiments/train_inpainting_diffusion/[20260910-025204]_v18w1_struct_50k/logs/images/train/real_step0010000.png
[images] synth: cond | mask | pred_x0 | target | warp_img | x | y_hat_novel -> /home/xzy/warpgan-diffusiong-inpainting/warpgan-diffusion-inpainting-main/experiments/train_inpainting_diffusion/[20260910-025204]_v18w1_struct_50k/logs/images/train/synth_step0010000.png
[step 10050] real_p1_mirror_hole_cov=0.1230 real_p1_skipped=1.0000 real_p1_hole_frac=0.1986 real_p2_eps=0.6177 real_p2_x0_l1=0.0375 real_p2_x0_abw=0.9252 real_p2_gen_adv=6.9243 real_p2_gen_fm=0.0246 real_total=9.3306 discr_adv=2.7676 x0_discr_real_out=0.0040 x0_discr_fake_out=-0.0307 x0_discr_real_gp=0.0080 p2_discr_real_out=0.0090 p2_discr_fake_out=0.0024 p2_discr_real_gp=0.0056 g_grad_abs=6827.9250 d_grad_abs=132.4927 synth_eps=0.7261 synth_eps_raw=0.7261 synth_x0_x0_l1=0.0583 synth_x0_x0_abw=0.9160 synth_x0_gen_adv=6.9664 synth_x0_gen_fm=0.0368 synth_total=10.5330 extra_render_attn_share=0.5168
[step 10100] real_p1_mirror_hole_cov=0.0062 real_p1_skipped=1.0000 real_p1_hole_frac=0.3214 real_p2_eps=0.1548 real_p2_x0_l1=0.3051 real_p2_x0_abw=0.0633 real_p2_gen_adv=7.6482 real_p2_gen_fm=0.2286 real_total=2.1043 discr_adv=2.7284 x0_discr_real_out=0.0445 x0_discr_fake_out=-0.1708 x0_discr_real_gp=0.0417 p2_discr_real_out=0.0001 p2_discr_fake_out=-0.1369 p2_discr_real_gp=0.0808 g_grad_abs=1451.4286 d_grad_abs=2125.0202 synth_eps=0.5481 synth_eps_raw=0.5481 synth_x0_x0_l1=0.2475 synth_x0_x0_abw=0.2723 synth_x0_gen_adv=6.7987 synth_x0_gen_fm=0.1691 synth_total=7.0711 extra_render_attn_share=0.5168
[step 10150] real_p1_mirror_hole_cov=0.0408 real_p1_skipped=1.0000 real_p1_hole_frac=0.4273 real_p2_eps=0.6284 real_p2_x0_l1=0.2226 real_p2_x0_abw=0.2567 real_p2_gen_adv=6.4647 real_p2_gen_fm=0.1595 real_total=6.4400 discr_adv=2.7580 x0_discr_real_out=0.1038 x0_discr_fake_out=0.0597 x0_discr_real_gp=0.0026 p2_discr_real_out=0.1072 p2_discr_fake_out=0.0969 p2_discr_real_gp=0.0036 g_grad_abs=7872.4241 d_grad_abs=562.7564 synth_eps=1.0145 synth_eps_raw=1.0145 synth_x0_x0_l1=0.1569 synth_x0_x0_abw=0.6524 synth_x0_gen_adv=6.4765 synth_x0_gen_fm=0.1143 synth_total=12.8008 extra_render_attn_share=0.5168
[step 10200] real_p1_mirror_hole_cov=0.0925 real_p1_skipped=1.0000 real_p1_hole_frac=0.0305 real_p2_eps=0.2523 real_p2_x0_l1=0.2797 real_p2_x0_abw=0.0960 real_p2_gen_adv=8.0550 real_p2_gen_fm=0.2029 real_total=3.0003 discr_adv=2.7603 x0_discr_real_out=0.0658 x0_discr_fake_out=-0.0269 x0_discr_real_gp=0.0026 p2_discr_real_out=-0.0680 p2_discr_fake_out=-0.2120 p2_discr_real_gp=0.0948 g_grad_abs=3117.6866 d_grad_abs=1296.9244 synth_eps=0.2189 synth_eps_raw=0.2189 synth_x0_x0_l1=0.2851 synth_x0_x0_abw=0.0844 synth_x0_gen_adv=7.8368 synth_x0_gen_fm=0.2128 synth_total=2.6993 extra_render_attn_share=0.5168
[step 10250] real_p1_mirror_hole_cov=0.0397 real_p1_skipped=1.0000 real_p1_hole_frac=0.1752 real_p2_eps=0.6927 real_p2_x0_l1=0.2455 real_p2_x0_abw=0.2580 real_p2_gen_adv=7.6673 real_p2_gen_fm=0.1584 real_total=6.8214 discr_adv=2.7151 x0_discr_real_out=-0.0416 x0_discr_fake_out=-0.1038 x0_discr_real_gp=0.0025 p2_discr_real_out=-0.0614 p2_discr_fake_out=-0.1412 p2_discr_real_gp=0.0044 g_grad_abs=6142.8239 d_grad_abs=569.8548 synth_eps=0.9016 synth_eps_raw=0.9016 synth_x0_x0_l1=0.1295 synth_x0_x0_abw=0.5787 synth_x0_gen_adv=7.7237 synth_x0_gen_fm=0.0932 synth_total=10.8420 extra_render_attn_share=0.5168
[step 10300] real_p1_mirror_hole_cov=0.0692 real_p1_skipped=1.0000 real_p1_hole_frac=0.3665 real_p2_eps=0.0452 real_p2_x0_l1=0.3382 real_p2_x0_abw=0.0177 real_p2_gen_adv=7.0869 real_p2_gen_fm=0.2617 real_total=0.6401 discr_adv=2.7311 x0_discr_real_out=0.0660 x0_discr_fake_out=-0.0987 x0_discr_real_gp=0.0123 p2_discr_real_out=0.0065 p2_discr_fake_out=-0.0293 p2_discr_real_gp=0.0411 g_grad_abs=776.6816 d_grad_abs=532.0182 synth_eps=0.1388 synth_eps_raw=0.1388 synth_x0_x0_l1=0.2869 synth_x0_x0_abw=0.0457 synth_x0_gen_adv=7.6542 synth_x0_gen_fm=0.2253 synth_total=1.5317 extra_render_attn_share=0.5168
[step 10350] real_p1_mirror_hole_cov=0.0082 real_p1_skipped=1.0000 real_p1_hole_frac=0.2649 real_p2_eps=0.5198 real_p2_x0_l1=0.2136 real_p2_x0_abw=0.1768 real_p2_gen_adv=6.8531 real_p2_gen_fm=0.1286 real_total=4.0417 discr_adv=2.7671 x0_discr_real_out=0.0279 x0_discr_fake_out=0.0192 x0_discr_real_gp=0.0001 p2_discr_real_out=0.0226 p2_discr_fake_out=0.0164 p2_discr_real_gp=0.0001 g_grad_abs=6540.0706 d_grad_abs=105.8094 synth_eps=0.2556 synth_eps_raw=0.2556 synth_x0_x0_l1=0.2440 synth_x0_x0_abw=0.0755 synth_x0_gen_adv=6.7917 synth_x0_gen_fm=0.1512 synth_total=1.9279 extra_render_attn_share=0.5168
[step 10400] real_p1_mirror_hole_cov=0.0263 real_p1_skipped=1.0000 real_p1_hole_frac=0.3843 real_p2_eps=0.0425 real_p2_x0_l1=0.3220 real_p2_x0_abw=0.0154 real_p2_gen_adv=6.9253 real_p2_gen_fm=0.2177 real_total=0.4885 discr_adv=2.7510 x0_discr_real_out=0.0120 x0_discr_fake_out=-0.0344 x0_discr_real_gp=0.0031 p2_discr_real_out=0.0116 p2_discr_fake_out=0.0014 p2_discr_real_gp=0.0030 g_grad_abs=415.5372 d_grad_abs=107.1401 synth_eps=0.7600 synth_eps_raw=0.7600 synth_x0_x0_l1=0.1909 synth_x0_x0_abw=0.2541 synth_x0_gen_adv=7.2384 synth_x0_gen_fm=0.1199 synth_total=5.6939 extra_render_attn_share=0.5168
[step 10450] real_p1_mirror_hole_cov=0.0207 real_p1_skipped=1.0000 real_p1_hole_frac=0.2466 real_p2_eps=0.0132 real_p2_x0_l1=0.3509 real_p2_x0_abw=0.0102 real_p2_gen_adv=7.0578 real_p2_gen_fm=0.2558 real_total=0.3488 discr_adv=2.7175 x0_discr_real_out=0.1069 x0_discr_fake_out=-0.0988 x0_discr_real_gp=0.0171 p2_discr_real_out=0.0180 p2_discr_fake_out=-0.0243 p2_discr_real_gp=0.0469 g_grad_abs=501.1091 d_grad_abs=373.7614 synth_eps=0.0839 synth_eps_raw=0.0839 synth_x0_x0_l1=0.3106 synth_x0_x0_abw=0.0297 synth_x0_gen_adv=7.3232 synth_x0_gen_fm=0.2193 synth_total=0.9627 extra_render_attn_share=0.5168
[step 10500] real_p1_mirror_hole_cov=0.1176 real_p1_skipped=1.0000 real_p1_hole_frac=0.2598 real_p2_eps=0.0104 real_p2_x0_l1=0.3679 real_p2_x0_abw=0.0075 real_p2_gen_adv=6.8745 real_p2_gen_fm=0.2571 real_total=0.2587 discr_adv=2.7001 x0_discr_real_out=0.0450 x0_discr_fake_out=-0.1435 x0_discr_real_gp=0.0100 p2_discr_real_out=0.0201 p2_discr_fake_out=0.0119 p2_discr_real_gp=0.0111 g_grad_abs=297.4055 d_grad_abs=415.6736 synth_eps=0.1913 synth_eps_raw=0.1913 synth_x0_x0_l1=0.2751 synth_x0_x0_abw=0.0585 synth_x0_gen_adv=7.8409 synth_x0_gen_fm=0.1936 synth_total=1.7976 extra_render_attn_share=0.5168
[images] real: anchor | cond1 | cond2 | inv_warp_mirror | mask | mask_inv | p2_pred_x0 | warp_img | warp_warp_img | x | y_hat | y_hat_novel -> /home/xzy/warpgan-diffusiong-inpainting/warpgan-diffusion-inpainting-main/experiments/train_inpainting_diffusion/[20260910-025204]_v18w1_struct_50k/logs/images/train/real_step0010500.png
[images] synth: cond | mask | pred_x0 | target | warp_img | x | y_hat_novel -> /home/xzy/warpgan-diffusiong-inpainting/warpgan-diffusion-inpainting-main/experiments/train_inpainting_diffusion/[20260910-025204]_v18w1_struct_50k/logs/images/train/synth_step0010500.png
[step 10550] real_p1_mirror_hole_cov=0.1456 real_p1_skipped=1.0000 real_p1_hole_frac=0.2803 real_p2_eps=0.2794 real_p2_x0_l1=0.2633 real_p2_x0_abw=0.1227 real_p2_gen_adv=7.4532 real_p2_gen_fm=0.1500 real_total=3.0657 discr_adv=2.7811 x0_discr_real_out=-0.0990 x0_discr_fake_out=-0.1011 x0_discr_real_gp=0.0013 p2_discr_real_out=-0.0963 p2_discr_fake_out=-0.1000 p2_discr_real_gp=0.0015 g_grad_abs=3577.4508 d_grad_abs=152.0223 synth_eps=0.1487 synth_eps_raw=0.1487 synth_x0_x0_l1=0.2872 synth_x0_x0_abw=0.0623 synth_x0_gen_adv=7.4157 synth_x0_gen_fm=0.1716 synth_total=1.6974 extra_render_attn_share=0.5168
[step 10600] real_p1_mirror_hole_cov=0.0845 real_p1_skipped=1.0000 real_p1_hole_frac=0.2711 real_p2_eps=0.0222 real_p2_x0_l1=0.3466 real_p2_x0_abw=0.0112 real_p2_gen_adv=6.9457 real_p2_gen_fm=0.2201 real_total=0.3509 discr_adv=2.7665 x0_discr_real_out=-0.0101 x0_discr_fake_out=-0.0335 x0_discr_real_gp=0.0018 p2_discr_real_out=-0.0064 p2_discr_fake_out=-0.0026 p2_discr_real_gp=0.0012 g_grad_abs=382.6591 d_grad_abs=62.1991 synth_eps=0.8497 synth_eps_raw=0.8497 synth_x0_x0_l1=0.0288 synth_x0_x0_abw=0.9895 synth_x0_gen_adv=6.8576 synth_x0_gen_fm=0.0070 synth_total=8.3612 extra_render_attn_share=0.5168
[step 10650] real_p1_mirror_hole_cov=0.3445 real_p1_skipped=1.0000 real_p1_hole_frac=0.5586 real_p2_eps=0.4808 real_p2_x0_l1=0.2073 real_p2_x0_abw=0.1369 real_p2_gen_adv=7.0280 real_p2_gen_fm=0.1130 real_total=3.0187 discr_adv=2.7440 x0_discr_real_out=0.0366 x0_discr_fake_out=0.0081 x0_discr_real_gp=0.0045 p2_discr_real_out=0.0296 p2_discr_fake_out=-0.0186 p2_discr_real_gp=0.0041 g_grad_abs=3683.4669 d_grad_abs=120.8377 synth_eps=0.0095 synth_eps_raw=0.0095 synth_x0_x0_l1=0.3717 synth_x0_x0_abw=0.0048 synth_x0_gen_adv=6.8228 synth_x0_gen_fm=0.2364 synth_total=0.1567 extra_render_attn_share=0.5168
[step 10700] real_p1_mirror_hole_cov=0.2871 real_p1_skipped=1.0000 real_p1_hole_frac=0.0563 real_p2_eps=0.6017 real_p2_x0_l1=0.2209 real_p2_x0_abw=0.1747 real_p2_gen_adv=7.3199 real_p2_gen_fm=0.1187 real_total=3.9925 discr_adv=2.7276 x0_discr_real_out=0.0712 x0_discr_fake_out=0.0340 x0_discr_real_gp=0.0040 p2_discr_real_out=0.0039 p2_discr_fake_out=-0.0759 p2_discr_real_gp=0.0071 g_grad_abs=4567.2002 d_grad_abs=171.1568 synth_eps=0.0168 synth_eps_raw=0.0168 synth_x0_x0_l1=0.3547 synth_x0_x0_abw=0.0079 synth_x0_gen_adv=6.8930 synth_x0_gen_fm=0.2285 synth_total=0.2541 extra_render_attn_share=0.5168
[step 10750] real_p1_mirror_hole_cov=0.0501 real_p1_skipped=1.0000 real_p1_hole_frac=0.0562 real_p2_eps=0.7309 real_p2_x0_l1=0.1955 real_p2_x0_abw=0.2658 real_p2_gen_adv=7.6092 real_p2_gen_fm=0.1081 real_total=5.6774 discr_adv=2.6578 x0_discr_real_out=0.0263 x0_discr_fake_out=-0.1167 x0_discr_real_gp=0.0175 p2_discr_real_out=0.0336 p2_discr_fake_out=-0.1300 p2_discr_real_gp=0.0152 g_grad_abs=7227.3664 d_grad_abs=294.3139 synth_eps=0.1752 synth_eps_raw=0.1752 synth_x0_x0_l1=0.2855 synth_x0_x0_abw=0.0535 synth_x0_gen_adv=7.3607 synth_x0_gen_fm=0.1700 synth_total=1.4939 extra_render_attn_share=0.5168
[step 10800] real_p1_mirror_hole_cov=0.1286 real_p1_skipped=1.0000 real_p1_hole_frac=0.0445 real_p2_eps=0.3678 real_p2_x0_l1=0.0318 real_p2_x0_abw=0.9526 real_p2_gen_adv=6.2713 real_p2_gen_fm=0.0102 real_total=7.3419 discr_adv=2.8095 x0_discr_real_out=0.0880 x0_discr_fake_out=0.0410 x0_discr_real_gp=0.0287 p2_discr_real_out=0.1400 p2_discr_fake_out=0.1379 p2_discr_real_gp=0.0251 g_grad_abs=3683.8101 d_grad_abs=445.8880 synth_eps=0.0580 synth_eps_raw=0.0580 synth_x0_x0_l1=0.3165 synth_x0_x0_abw=0.0212 synth_x0_gen_adv=7.0985 synth_x0_gen_fm=0.2010 synth_total=0.6401 extra_render_attn_share=0.5168
[step 10850] real_p1_mirror_hole_cov=0.1513 real_p1_skipped=1.0000 real_p1_hole_frac=0.0761 real_p2_eps=0.7630 real_p2_x0_l1=0.1043 real_p2_x0_abw=0.6689 real_p2_gen_adv=6.6835 real_p2_gen_fm=0.0570 real_total=9.1141 discr_adv=2.6610 x0_discr_real_out=0.0929 x0_discr_fake_out=-0.1190 x0_discr_real_gp=0.0131 p2_discr_real_out=0.1183 p2_discr_fake_out=0.0515 p2_discr_real_gp=0.0073 g_grad_abs=7003.7267 d_grad_abs=865.9230 synth_eps=0.6432 synth_eps_raw=0.6432 synth_x0_x0_l1=0.2065 synth_x0_x0_abw=0.2305 synth_x0_gen_adv=7.8851 synth_x0_gen_fm=0.1253 synth_total=5.3961 extra_render_attn_share=0.5168
[step 10900] real_p1_mirror_hole_cov=0.0442 real_p1_skipped=1.0000 real_p1_hole_frac=0.1286 real_p2_eps=0.0128 real_p2_x0_l1=0.3623 real_p2_x0_abw=0.0082 real_p2_gen_adv=6.1782 real_p2_gen_fm=0.2327 real_total=0.2586 discr_adv=2.8334 x0_discr_real_out=0.2000 x0_discr_fake_out=0.1987 x0_discr_real_gp=0.0084 p2_discr_real_out=0.1607 p2_discr_fake_out=0.1585 p2_discr_real_gp=0.0336 g_grad_abs=261.9551 d_grad_abs=794.4407 synth_eps=0.7381 synth_eps_raw=0.7381 synth_x0_x0_l1=0.0540 synth_x0_x0_abw=0.8661 synth_x0_gen_adv=5.9363 synth_x0_gen_fm=0.0273 synth_total=8.2885 extra_render_attn_share=0.5168
[step 10950] real_p1_mirror_hole_cov=0.1258 real_p1_skipped=1.0000 real_p1_hole_frac=0.1615 real_p2_eps=0.6001 real_p2_x0_l1=0.0560 real_p2_x0_abw=0.9309 real_p2_gen_adv=6.8513 real_p2_gen_fm=0.0238 real_total=9.2478 discr_adv=2.7672 x0_discr_real_out=0.0202 x0_discr_fake_out=-0.0002 x0_discr_real_gp=0.0027 p2_discr_real_out=0.0178 p2_discr_fake_out=0.0165 p2_discr_real_gp=0.0017 g_grad_abs=7676.8841 d_grad_abs=93.4158 synth_eps=0.1592 synth_eps_raw=0.1592 synth_x0_x0_l1=0.2773 synth_x0_x0_abw=0.0557 synth_x0_gen_adv=7.0353 synth_x0_gen_fm=0.1727 synth_total=1.5288 extra_render_attn_share=0.5168
[step 11000] real_p1_mirror_hole_cov=0.1648 real_p1_skipped=1.0000 real_p1_hole_frac=0.1254 real_p2_eps=0.6081 real_p2_x0_l1=0.2149 real_p2_x0_abw=0.2093 real_p2_gen_adv=6.7000 real_p2_gen_fm=0.1243 real_total=4.6571 discr_adv=2.7586 x0_discr_real_out=0.0626 x0_discr_fake_out=0.0472 x0_discr_real_gp=0.0005 p2_discr_real_out=0.0692 p2_discr_fake_out=0.0479 p2_discr_real_gp=0.0003 g_grad_abs=6344.6363 d_grad_abs=149.3302 synth_eps=0.0089 synth_eps_raw=0.0089 synth_x0_x0_l1=0.3702 synth_x0_x0_abw=0.0078 synth_x0_gen_adv=6.5859 synth_x0_gen_fm=0.2213 synth_total=0.2356 extra_render_attn_share=0.5168
[images] real: anchor | cond1 | cond2 | inv_warp_mirror | mask | mask_inv | p2_pred_x0 | warp_img | warp_warp_img | x | y_hat | y_hat_novel -> /home/xzy/warpgan-diffusiong-inpainting/warpgan-diffusion-inpainting-main/experiments/train_inpainting_diffusion/[20260910-025204]_v18w1_struct_50k/logs/images/train/real_step0011000.png
[images] synth: cond | mask | pred_x0 | target | warp_img | x | y_hat_novel -> /home/xzy/warpgan-diffusiong-inpainting/warpgan-diffusion-inpainting-main/experiments/train_inpainting_diffusion/[20260910-025204]_v18w1_struct_50k/logs/images/train/synth_step0011000.png
[step 11050] real_p1_mirror_hole_cov=0.1714 real_p1_skipped=1.0000 real_p1_hole_frac=0.3036 real_p2_eps=0.6989 real_p2_x0_l1=0.0459 real_p2_x0_abw=0.8892 real_p2_gen_adv=7.0579 real_p2_gen_fm=0.0222 real_total=8.9884 discr_adv=2.7459 x0_discr_real_out=0.0373 x0_discr_fake_out=-0.0282 x0_discr_real_gp=0.0032 p2_discr_real_out=-0.0131 p2_discr_fake_out=-0.0244 p2_discr_real_gp=0.0073 g_grad_abs=6519.2006 d_grad_abs=112.2138 synth_eps=1.0671 synth_eps_raw=1.0671 synth_x0_x0_l1=0.1570 synth_x0_x0_abw=0.5467 synth_x0_gen_adv=7.0885 synth_x0_gen_fm=0.0862 synth_total=9.7423 extra_render_attn_share=0.5168
[step 11100] real_p1_mirror_hole_cov=0.1627 real_p1_skipped=1.0000 real_p1_hole_frac=0.3299 real_p2_eps=1.0259 real_p2_x0_l1=0.0872 real_p2_x0_abw=0.7629 real_p2_gen_adv=6.6904 real_p2_gen_fm=0.0538 real_total=10.3010 discr_adv=2.7310 x0_discr_real_out=0.0624 x0_discr_fake_out=-0.1058 x0_discr_real_gp=0.0438 p2_discr_real_out=0.1183 p2_discr_fake_out=0.0493 p2_discr_real_gp=0.0281 g_grad_abs=11281.3794 d_grad_abs=174.1749 synth_eps=0.7256 synth_eps_raw=0.7256 synth_x0_x0_l1=0.2052 synth_x0_x0_abw=0.2580 synth_x0_gen_adv=7.6456 synth_x0_gen_fm=0.1154 synth_total=5.7282 extra_render_attn_share=0.5168
[step 11150] real_p1_mirror_hole_cov=0.0064 real_p1_skipped=1.0000 real_p1_hole_frac=0.1708 real_p2_eps=0.4885 real_p2_x0_l1=0.2170 real_p2_x0_abw=0.1707 real_p2_gen_adv=7.5772 real_p2_gen_fm=0.1225 real_total=3.9085 discr_adv=2.7414 x0_discr_real_out=0.0268 x0_discr_fake_out=0.0344 x0_discr_real_gp=0.0295 p2_discr_real_out=0.0561 p2_discr_fake_out=-0.1245 p2_discr_real_gp=0.0224 g_grad_abs=3468.6299 d_grad_abs=199.0218 synth_eps=0.6822 synth_eps_raw=0.6822 synth_x0_x0_l1=0.2180 synth_x0_x0_abw=0.2567 synth_x0_gen_adv=7.6013 synth_x0_gen_fm=0.1317 synth_total=6.0708 extra_render_attn_share=0.5168
[step 11200] real_p1_mirror_hole_cov=0.0724 real_p1_skipped=1.0000 real_p1_hole_frac=0.3100 real_p2_eps=0.5767 real_p2_x0_l1=0.0433 real_p2_x0_abw=0.9578 real_p2_gen_adv=6.3232 real_p2_gen_fm=0.0177 real_total=8.3724 discr_adv=2.7622 x0_discr_real_out=0.1454 x0_discr_fake_out=0.0302 x0_discr_real_gp=0.0211 p2_discr_real_out=0.1360 p2_discr_fake_out=0.1276 p2_discr_real_gp=0.0196 g_grad_abs=6676.6411 d_grad_abs=456.2861 synth_eps=0.9732 synth_eps_raw=0.9732 synth_x0_x0_l1=0.1247 synth_x0_x0_abw=0.6274 synth_x0_gen_adv=6.3459 synth_x0_gen_fm=0.0807 synth_total=10.0946 extra_render_attn_share=0.5168
[step 11250] real_p1_mirror_hole_cov=0.0488 real_p1_skipped=1.0000 real_p1_hole_frac=0.1437 real_p2_eps=0.0054 real_p2_x0_l1=0.3809 real_p2_x0_abw=0.0065 real_p2_gen_adv=6.7781 real_p2_gen_fm=0.2264 real_total=0.1989 discr_adv=2.7728 x0_discr_real_out=0.0309 x0_discr_fake_out=0.0285 x0_discr_real_gp=0.0002 p2_discr_real_out=0.0311 p2_discr_fake_out=0.0312 p2_discr_real_gp=0.0002 g_grad_abs=214.7348 d_grad_abs=65.0990 synth_eps=0.5875 synth_eps_raw=0.5875 synth_x0_x0_l1=0.0284 synth_x0_x0_abw=0.9463 synth_x0_gen_adv=6.8460 synth_x0_gen_fm=0.0129 synth_total=8.3116 extra_render_attn_share=0.5168
[step 11300] real_p1_mirror_hole_cov=0.0909 real_p1_skipped=1.0000 real_p1_hole_frac=0.0732 real_p2_eps=1.0545 real_p2_x0_l1=0.1598 real_p2_x0_abw=0.4716 real_p2_gen_adv=7.1162 real_p2_gen_fm=0.0901 real_total=8.7348 discr_adv=2.7508 x0_discr_real_out=0.0037 x0_discr_fake_out=0.0017 x0_discr_real_gp=0.0017 p2_discr_real_out=0.0113 p2_discr_fake_out=-0.0364 p2_discr_real_gp=0.0009 g_grad_abs=10311.2811 d_grad_abs=77.2430 synth_eps=0.9756 synth_eps_raw=0.9756 synth_x0_x0_l1=0.1710 synth_x0_x0_abw=0.3636 synth_x0_gen_adv=7.1419 synth_x0_gen_fm=0.0937 synth_total=7.0410 extra_render_attn_share=0.5168
[step 11350] real_p1_mirror_hole_cov=0.1731 real_p1_skipped=1.0000 real_p1_hole_frac=0.2660 real_p2_eps=0.9126 real_p2_x0_l1=0.0775 real_p2_x0_abw=0.8150 real_p2_gen_adv=7.0743 real_p2_gen_fm=0.0504 real_total=10.8509 discr_adv=2.7320 x0_discr_real_out=0.0829 x0_discr_fake_out=-0.0115 x0_discr_real_gp=0.0110 p2_discr_real_out=0.0252 p2_discr_fake_out=-0.0275 p2_discr_real_gp=0.0196 g_grad_abs=10981.7804 d_grad_abs=174.2959 synth_eps=0.2918 synth_eps_raw=0.2918 synth_x0_x0_l1=0.2400 synth_x0_x0_abw=0.0946 synth_x0_gen_adv=7.4271 synth_x0_gen_fm=0.1409 synth_total=2.3505 extra_render_attn_share=0.5168
[step 11400] real_p1_mirror_hole_cov=0.1520 real_p1_skipped=1.0000 real_p1_hole_frac=0.3224 real_p2_eps=0.9951 real_p2_x0_l1=0.1540 real_p2_x0_abw=0.4503 real_p2_gen_adv=7.4829 real_p2_gen_fm=0.0877 real_total=8.3852 discr_adv=2.6684 x0_discr_real_out=0.0657 x0_discr_fake_out=-0.1350 x0_discr_real_gp=0.0293 p2_discr_real_out=0.0530 p2_discr_fake_out=-0.1071 p2_discr_real_gp=0.0415 g_grad_abs=7967.8282 d_grad_abs=220.2565 synth_eps=0.0947 synth_eps_raw=0.0947 synth_x0_x0_l1=0.3175 synth_x0_x0_abw=0.0323 synth_x0_gen_adv=6.9201 synth_x0_gen_fm=0.2014 synth_total=0.9777 extra_render_attn_share=0.5168
[step 11450] real_p1_mirror_hole_cov=0.2120 real_p1_skipped=1.0000 real_p1_hole_frac=0.3192 real_p2_eps=0.6390 real_p2_x0_l1=0.0488 real_p2_x0_abw=0.9526 real_p2_gen_adv=6.6447 real_p2_gen_fm=0.0268 real_total=9.5638 discr_adv=2.7365 x0_discr_real_out=0.0306 x0_discr_fake_out=-0.0993 x0_discr_real_gp=0.0181 p2_discr_real_out=0.0647 p2_discr_fake_out=0.0584 p2_discr_real_gp=0.0113 g_grad_abs=7678.4323 d_grad_abs=164.2488 synth_eps=0.8245 synth_eps_raw=0.8245 synth_x0_x0_l1=0.0222 synth_x0_x0_abw=0.9913 synth_x0_gen_adv=6.9571 synth_x0_gen_fm=0.0049 synth_total=8.2252 extra_render_attn_share=0.5168
[step 11500] real_p1_mirror_hole_cov=0.0063 real_p1_skipped=1.0000 real_p1_hole_frac=0.2208 real_p2_eps=0.8826 real_p2_x0_l1=0.1683 real_p2_x0_abw=0.5417 real_p2_gen_adv=7.0662 real_p2_gen_fm=0.1034 real_total=10.4048 discr_adv=2.7238 x0_discr_real_out=0.1383 x0_discr_fake_out=0.1378 x0_discr_real_gp=0.0044 p2_discr_real_out=0.1165 p2_discr_fake_out=-0.0257 p2_discr_real_gp=0.0105 g_grad_abs=10105.3109 d_grad_abs=473.0924 synth_eps=0.0820 synth_eps_raw=0.0820 synth_x0_x0_l1=0.3195 synth_x0_x0_abw=0.0385 synth_x0_gen_adv=6.8129 synth_x0_gen_fm=0.2043 synth_total=1.1437 extra_render_attn_share=0.5168
[images] real: anchor | cond1 | cond2 | inv_warp_mirror | mask | mask_inv | p2_pred_x0 | warp_img | warp_warp_img | x | y_hat | y_hat_novel -> /home/xzy/warpgan-diffusiong-inpainting/warpgan-diffusion-inpainting-main/experiments/train_inpainting_diffusion/[20260910-025204]_v18w1_struct_50k/logs/images/train/real_step0011500.png
[images] synth: cond | mask | pred_x0 | target | warp_img | x | y_hat_novel -> /home/xzy/warpgan-diffusiong-inpainting/warpgan-diffusion-inpainting-main/experiments/train_inpainting_diffusion/[20260910-025204]_v18w1_struct_50k/logs/images/train/synth_step0011500.png
[step 11550] real_p1_mirror_hole_cov=0.0811 real_p1_skipped=1.0000 real_p1_hole_frac=0.2111 real_p2_eps=0.8296 real_p2_x0_l1=0.0718 real_p2_x0_abw=0.7886 real_p2_gen_adv=7.0486 real_p2_gen_fm=0.0478 real_total=10.2113 discr_adv=2.7688 x0_discr_real_out=0.0178 x0_discr_fake_out=-0.0088 x0_discr_real_gp=0.0106 p2_discr_real_out=0.0095 p2_discr_fake_out=-0.0220 p2_discr_real_gp=0.0125 g_grad_abs=17691.0259 d_grad_abs=244.6095 synth_eps=0.5958 synth_eps_raw=0.5958 synth_x0_x0_l1=0.2144 synth_x0_x0_abw=0.2478 synth_x0_gen_adv=7.2871 synth_x0_gen_fm=0.1307 synth_total=5.6928 extra_render_attn_share=0.5168
[step 11600] real_p1_mirror_hole_cov=0.0231 real_p1_skipped=1.0000 real_p1_hole_frac=0.2747 real_p2_eps=0.9151 real_p2_x0_l1=0.0889 real_p2_x0_abw=0.6999 real_p2_gen_adv=7.1232 real_p2_gen_fm=0.0600 real_total=10.1599 discr_adv=2.7643 x0_discr_real_out=0.0012 x0_discr_fake_out=-0.0000 x0_discr_real_gp=0.0015 p2_discr_real_out=-0.0102 p2_discr_fake_out=-0.0377 p2_discr_real_gp=0.0039 g_grad_abs=12391.7970 d_grad_abs=73.8524 synth_eps=1.0295 synth_eps_raw=1.0295 synth_x0_x0_l1=0.1618 synth_x0_x0_abw=0.4133 synth_x0_gen_adv=7.2301 synth_x0_gen_fm=0.0880 synth_total=7.7214 extra_render_attn_share=0.5168
[step 11650] real_p1_mirror_hole_cov=0.1085 real_p1_skipped=1.0000 real_p1_hole_frac=0.3819 real_p2_eps=0.4731 real_p2_x0_l1=0.2228 real_p2_x0_abw=0.1737 real_p2_gen_adv=7.4202 real_p2_gen_fm=0.1331 real_total=4.1131 discr_adv=2.7391 x0_discr_real_out=0.1421 x0_discr_fake_out=0.0281 x0_discr_real_gp=0.0443 p2_discr_real_out=0.0664 p2_discr_fake_out=-0.0943 p2_discr_real_gp=0.0536 g_grad_abs=4007.5384 d_grad_abs=296.0977 synth_eps=0.5888 synth_eps_raw=0.5888 synth_x0_x0_l1=0.2185 synth_x0_x0_abw=0.2116 synth_x0_gen_adv=7.4411 synth_x0_gen_fm=0.1265 synth_total=4.8874 extra_render_attn_share=0.5168
[step 11700] real_p1_mirror_hole_cov=0.0122 real_p1_skipped=1.0000 real_p1_hole_frac=0.0568 real_p2_eps=0.6413 real_p2_x0_l1=0.0825 real_p2_x0_abw=0.8739 real_p2_gen_adv=6.9146 real_p2_gen_fm=0.0521 real_total=11.3103 discr_adv=2.7756 x0_discr_real_out=0.0364 x0_discr_fake_out=0.0224 x0_discr_real_gp=0.0088 p2_discr_real_out=0.0289 p2_discr_fake_out=0.0041 p2_discr_real_gp=0.0120 g_grad_abs=19381.5765 d_grad_abs=194.4374 synth_eps=0.9672 synth_eps_raw=0.9672 synth_x0_x0_l1=0.1932 synth_x0_x0_abw=0.5065 synth_x0_gen_adv=6.9123 synth_x0_gen_fm=0.1131 synth_total=10.2953 extra_render_attn_share=0.5168
[step 11750] real_p1_mirror_hole_cov=0.2275 real_p1_skipped=1.0000 real_p1_hole_frac=0.5624 real_p2_eps=0.2244 real_p2_x0_l1=0.2962 real_p2_x0_abw=0.1080 real_p2_gen_adv=6.8656 real_p2_gen_fm=0.1925 real_total=3.0767 discr_adv=2.7580 x0_discr_real_out=0.0677 x0_discr_fake_out=0.0030 x0_discr_real_gp=0.0257 p2_discr_real_out=0.0772 p2_discr_fake_out=0.0165 p2_discr_real_gp=0.0142 g_grad_abs=3095.9503 d_grad_abs=479.1495 synth_eps=0.0118 synth_eps_raw=0.0118 synth_x0_x0_l1=0.3620 synth_x0_x0_abw=0.0095 synth_x0_gen_adv=6.6478 synth_x0_gen_fm=0.2414 synth_total=0.3087 extra_render_attn_share=0.5168
[step 11800] real_p1_mirror_hole_cov=0.0056 real_p1_skipped=1.0000 real_p1_hole_frac=0.1545 real_p2_eps=1.0127 real_p2_x0_l1=0.1336 real_p2_x0_abw=0.6307 real_p2_gen_adv=7.3775 real_p2_gen_fm=0.0901 real_total=11.4303 discr_adv=2.6618 x0_discr_real_out=0.0010 x0_discr_fake_out=-0.1966 x0_discr_real_gp=0.0314 p2_discr_real_out=0.0381 p2_discr_fake_out=-0.0859 p2_discr_real_gp=0.0099 g_grad_abs=12071.1667 d_grad_abs=757.2043 synth_eps=0.0127 synth_eps_raw=0.0127 synth_x0_x0_l1=0.3571 synth_x0_x0_abw=0.0102 synth_x0_gen_adv=7.1054 synth_x0_gen_fm=0.2462 synth_total=0.3391 extra_render_attn_share=0.5168
[step 11850] real_p1_mirror_hole_cov=0.0799 real_p1_skipped=1.0000 real_p1_hole_frac=0.3065 real_p2_eps=0.9588 real_p2_x0_l1=0.1663 real_p2_x0_abw=0.4965 real_p2_gen_adv=7.4949 real_p2_gen_fm=0.1038 real_total=9.9157 discr_adv=2.7139 x0_discr_real_out=-0.0260 x0_discr_fake_out=-0.0827 x0_discr_real_gp=0.0059 p2_discr_real_out=-0.0203 p2_discr_fake_out=-0.1089 p2_discr_real_gp=0.0041 g_grad_abs=6995.6461 d_grad_abs=393.3636 synth_eps=0.9857 synth_eps_raw=0.9857 synth_x0_x0_l1=0.1942 synth_x0_x0_abw=0.4832 synth_x0_gen_adv=7.3012 synth_x0_gen_fm=0.1147 synth_total=10.1502 extra_render_attn_share=0.5168
[step 11900] real_p1_mirror_hole_cov=0.0244 real_p1_skipped=1.0000 real_p1_hole_frac=0.2579 real_p2_eps=0.3491 real_p2_x0_l1=0.2401 real_p2_x0_abw=0.1267 real_p2_gen_adv=7.2638 real_p2_gen_fm=0.1470 real_total=3.1627 discr_adv=2.7371 x0_discr_real_out=0.0187 x0_discr_fake_out=0.0131 x0_discr_real_gp=0.0020 p2_discr_real_out=0.0127 p2_discr_fake_out=-0.0649 p2_discr_real_gp=0.0029 g_grad_abs=3984.7313 d_grad_abs=235.8513 synth_eps=0.8543 synth_eps_raw=0.8543 synth_x0_x0_l1=0.0609 synth_x0_x0_abw=0.8207 synth_x0_gen_adv=6.9579 synth_x0_gen_fm=0.0368 synth_total=9.6321 extra_render_attn_share=0.5168
[step 11950] real_p1_mirror_hole_cov=0.1080 real_p1_skipped=1.0000 real_p1_hole_frac=0.1455 real_p2_eps=0.1032 real_p2_x0_l1=0.2997 real_p2_x0_abw=0.0477 real_p2_gen_adv=6.7005 real_p2_gen_fm=0.2102 real_total=1.4391 discr_adv=2.7056 x0_discr_real_out=0.1079 x0_discr_fake_out=-0.0970 x0_discr_real_gp=0.0307 p2_discr_real_out=0.1106 p2_discr_fake_out=0.0483 p2_discr_real_gp=0.0278 g_grad_abs=1134.2123 d_grad_abs=455.9195 synth_eps=0.7941 synth_eps_raw=0.7941 synth_x0_x0_l1=0.1123 synth_x0_x0_abw=0.8092 synth_x0_gen_adv=6.3231 synth_x0_gen_fm=0.0694 synth_total=11.6197 extra_render_attn_share=0.5168
[val step 11999] val_novel_full=0.3164 val_novel_hole=0.2755 val_novel_visible=0.3264
[step 12000] real_p1_mirror_hole_cov=0.0249 real_p1_skipped=1.0000 real_p1_hole_frac=0.4870 real_p2_eps=0.0142 real_p2_x0_l1=0.3609 real_p2_x0_abw=0.0118 real_p2_gen_adv=6.8972 real_p2_gen_fm=0.2424 real_total=0.3870 discr_adv=2.7622 x0_discr_real_out=0.0311 x0_discr_fake_out=-0.0426 x0_discr_real_gp=0.0079 p2_discr_real_out=0.0138 p2_discr_fake_out=0.0112 p2_discr_real_gp=0.0105 g_grad_abs=282.1347 d_grad_abs=317.2152 synth_eps=0.0056 synth_eps_raw=0.0056 synth_x0_x0_l1=0.3761 synth_x0_x0_abw=0.0054 synth_x0_gen_adv=7.1366 synth_x0_gen_fm=0.2519 synth_total=0.1815 extra_render_attn_share=0.5345
[images] real: anchor | cond1 | cond2 | inv_warp_mirror | mask | mask_inv | p2_pred_x0 | warp_img | warp_warp_img | x | y_hat | y_hat_novel -> /home/xzy/warpgan-diffusiong-inpainting/warpgan-diffusion-inpainting-main/experiments/train_inpainting_diffusion/[20260910-025204]_v18w1_struct_50k/logs/images/train/real_step0012000.png
[images] synth: cond | mask | pred_x0 | target | warp_img | x | y_hat_novel -> /home/xzy/warpgan-diffusiong-inpainting/warpgan-diffusion-inpainting-main/experiments/train_inpainting_diffusion/[20260910-025204]_v18w1_struct_50k/logs/images/train/synth_step0012000.png
[step 12050] real_p1_mirror_hole_cov=0.1983 real_p1_skipped=1.0000 real_p1_hole_frac=0.0378 real_p2_eps=0.5326 real_p2_x0_l1=0.0306 real_p2_x0_abw=0.9813 real_p2_gen_adv=7.0532 real_p2_gen_fm=0.0118 real_total=8.6392 discr_adv=2.7555 x0_discr_real_out=-0.0129 x0_discr_fake_out=-0.0645 x0_discr_real_gp=0.0031 p2_discr_real_out=-0.0221 p2_discr_fake_out=-0.0237 p2_discr_real_gp=0.0045 g_grad_abs=4311.6717 d_grad_abs=171.3647 synth_eps=0.7592 synth_eps_raw=0.7592 synth_x0_x0_l1=0.1918 synth_x0_x0_abw=0.3107 synth_x0_gen_adv=7.4277 synth_x0_gen_fm=0.1136 synth_total=6.6573 extra_render_attn_share=0.5345
[step 12100] real_p1_mirror_hole_cov=0.0499 real_p1_skipped=1.0000 real_p1_hole_frac=0.0926 real_p2_eps=0.0257 real_p2_x0_l1=0.3459 real_p2_x0_abw=0.0160 real_p2_gen_adv=7.3464 real_p2_gen_fm=0.2373 real_total=0.5288 discr_adv=2.7416 x0_discr_real_out=-0.0619 x0_discr_fake_out=-0.1619 x0_discr_real_gp=0.0076 p2_discr_real_out=-0.0773 p2_discr_fake_out=-0.0809 p2_discr_real_gp=0.0068 g_grad_abs=375.8852 d_grad_abs=468.2352 synth_eps=0.7494 synth_eps_raw=0.7494 synth_x0_x0_l1=0.0200 synth_x0_x0_abw=0.9747 synth_x0_gen_adv=7.2502 synth_x0_gen_fm=0.0061 synth_total=8.4274 extra_render_attn_share=0.5345
[step 12150] real_p1_mirror_hole_cov=0.0475 real_p1_skipped=1.0000 real_p1_hole_frac=0.3587 real_p2_eps=0.0843 real_p2_x0_l1=0.3215 real_p2_x0_abw=0.0365 real_p2_gen_adv=6.8210 real_p2_gen_fm=0.1866 real_total=1.0272 discr_adv=2.7716 x0_discr_real_out=0.0234 x0_discr_fake_out=0.0199 x0_discr_real_gp=0.0002 p2_discr_real_out=0.0238 p2_discr_fake_out=0.0226 p2_discr_real_gp=0.0001 g_grad_abs=1175.8030 d_grad_abs=58.9116 synth_eps=1.0465 synth_eps_raw=1.0465 synth_x0_x0_l1=0.1626 synth_x0_x0_abw=0.4374 synth_x0_gen_adv=6.8280 synth_x0_gen_fm=0.0868 synth_total=7.8983 extra_render_attn_share=0.5345
[step 12200] real_p1_mirror_hole_cov=0.0389 real_p1_skipped=1.0000 real_p1_hole_frac=0.0827 real_p2_eps=0.5720 real_p2_x0_l1=0.0548 real_p2_x0_abw=0.9452 real_p2_gen_adv=6.9512 real_p2_gen_fm=0.0294 real_total=9.9770 discr_adv=2.7719 x0_discr_real_out=0.0039 x0_discr_fake_out=0.0044 x0_discr_real_gp=0.0002 p2_discr_real_out=-0.0003 p2_discr_fake_out=-0.0038 p2_discr_real_gp=0.0005 g_grad_abs=9483.3938 d_grad_abs=24.9931 synth_eps=1.0978 synth_eps_raw=1.0978 synth_x0_x0_l1=0.1252 synth_x0_x0_abw=0.7239 synth_x0_gen_adv=6.9181 synth_x0_gen_fm=0.0705 synth_total=11.2976 extra_render_attn_share=0.5345
[step 12250] real_p1_mirror_hole_cov=0.0174 real_p1_skipped=1.0000 real_p1_hole_frac=0.4705 real_p2_eps=0.0571 real_p2_x0_l1=0.3165 real_p2_x0_abw=0.0235 real_p2_gen_adv=6.9585 real_p2_gen_fm=0.1819 real_total=0.6561 discr_adv=2.7702 x0_discr_real_out=-0.0135 x0_discr_fake_out=-0.0163 x0_discr_real_gp=0.0012 p2_discr_real_out=0.0003 p2_discr_fake_out=-0.0053 p2_discr_real_gp=0.0004 g_grad_abs=975.4759 d_grad_abs=32.4002 synth_eps=0.7871 synth_eps_raw=0.7871 synth_x0_x0_l1=0.1844 synth_x0_x0_abw=0.2858 synth_x0_gen_adv=7.0099 synth_x0_gen_fm=0.1042 synth_total=5.8203 extra_render_attn_share=0.5345
[step 12300] real_p1_mirror_hole_cov=0.0184 real_p1_skipped=1.0000 real_p1_hole_frac=0.2923 real_p2_eps=0.4476 real_p2_x0_l1=0.2147 real_p2_x0_abw=0.1326 real_p2_gen_adv=7.0733 real_p2_gen_fm=0.1183 real_total=2.9824 discr_adv=2.7414 x0_discr_real_out=0.0158 x0_discr_fake_out=-0.0117 x0_discr_real_gp=0.0015 p2_discr_real_out=0.0147 p2_discr_fake_out=-0.0279 p2_discr_real_gp=0.0018 g_grad_abs=3210.4822 d_grad_abs=93.9970 synth_eps=0.3270 synth_eps_raw=0.3270 synth_x0_x0_l1=0.2290 synth_x0_x0_abw=0.0980 synth_x0_gen_adv=7.0571 synth_x0_gen_fm=0.1283 synth_total=2.2986 extra_render_attn_share=0.5345
[step 12350] real_p1_mirror_hole_cov=0.0205 real_p1_skipped=1.0000 real_p1_hole_frac=0.1496 real_p2_eps=0.0193 real_p2_x0_l1=0.3514 real_p2_x0_abw=0.0140 real_p2_gen_adv=6.9060 real_p2_gen_fm=0.2045 real_total=0.4074 discr_adv=2.7536 x0_discr_real_out=0.0210 x0_discr_fake_out=-0.0579 x0_discr_real_gp=0.0084 p2_discr_real_out=0.0086 p2_discr_fake_out=0.0055 p2_discr_real_gp=0.0119 g_grad_abs=299.7439 d_grad_abs=174.1828 synth_eps=1.0454 synth_eps_raw=1.0454 synth_x0_x0_l1=0.0945 synth_x0_x0_abw=0.8431 synth_x0_gen_adv=6.9098 synth_x0_gen_fm=0.0602 synth_total=12.0245 extra_render_attn_share=0.5345
[step 12400] real_p1_mirror_hole_cov=0.1163 real_p1_skipped=1.0000 real_p1_hole_frac=0.1993 real_p2_eps=0.1907 real_p2_x0_l1=0.2706 real_p2_x0_abw=0.0716 real_p2_gen_adv=7.1800 real_p2_gen_fm=0.1578 real_total=1.8537 discr_adv=2.6583 x0_discr_real_out=0.0724 x0_discr_fake_out=-0.1061 x0_discr_real_gp=0.0125 p2_discr_real_out=0.0627 p2_discr_fake_out=-0.0479 p2_discr_real_gp=0.0132 g_grad_abs=1600.8135 d_grad_abs=503.5783 synth_eps=1.1872 synth_eps_raw=1.1872 synth_x0_x0_l1=0.1492 synth_x0_x0_abw=0.5450 synth_x0_gen_adv=7.3360 synth_x0_gen_fm=0.0846 synth_total=9.8796 extra_render_attn_share=0.5345
[step 12450] real_p1_mirror_hole_cov=0.1488 real_p1_skipped=1.0000 real_p1_hole_frac=0.3262 real_p2_eps=0.1850 real_p2_x0_l1=0.2678 real_p2_x0_abw=0.0694 real_p2_gen_adv=7.5224 real_p2_gen_fm=0.1532 real_total=1.7897 discr_adv=2.7138 x0_discr_real_out=0.0419 x0_discr_fake_out=-0.0876 x0_discr_real_gp=0.0355 p2_discr_real_out=0.0248 p2_discr_fake_out=-0.1127 p2_discr_real_gp=0.0334 g_grad_abs=1030.1802 d_grad_abs=838.2239 synth_eps=0.0091 synth_eps_raw=0.0091 synth_x0_x0_l1=0.3550 synth_x0_x0_abw=0.0083 synth_x0_gen_adv=6.8100 synth_x0_gen_fm=0.2143 synth_total=0.2476 extra_render_attn_share=0.5345
[step 12500] real_p1_mirror_hole_cov=0.0175 real_p1_skipped=1.0000 real_p1_hole_frac=0.0642 real_p2_eps=0.4053 real_p2_x0_l1=0.2239 real_p2_x0_abw=0.1326 real_p2_gen_adv=7.4304 real_p2_gen_fm=0.1254 real_total=3.0826 discr_adv=2.7077 x0_discr_real_out=-0.0154 x0_discr_fake_out=-0.1085 x0_discr_real_gp=0.0122 p2_discr_real_out=-0.0091 p2_discr_fake_out=-0.0966 p2_discr_real_gp=0.0083 g_grad_abs=2963.2072 d_grad_abs=264.6672 synth_eps=0.7012 synth_eps_raw=0.7012 synth_x0_x0_l1=0.0405 synth_x0_x0_abw=0.9160 synth_x0_gen_adv=7.3133 synth_x0_gen_fm=0.0192 synth_total=9.1938 extra_render_attn_share=0.5345
[images] real: anchor | cond1 | cond2 | inv_warp_mirror | mask | mask_inv | p2_pred_x0 | warp_img | warp_warp_img | x | y_hat | y_hat_novel -> /home/xzy/warpgan-diffusiong-inpainting/warpgan-diffusion-inpainting-main/experiments/train_inpainting_diffusion/[20260910-025204]_v18w1_struct_50k/logs/images/train/real_step0012500.png
[images] synth: cond | mask | pred_x0 | target | warp_img | x | y_hat_novel -> /home/xzy/warpgan-diffusiong-inpainting/warpgan-diffusion-inpainting-main/experiments/train_inpainting_diffusion/[20260910-025204]_v18w1_struct_50k/logs/images/train/synth_step0012500.png
[step 12550] real_p1_mirror_hole_cov=0.0030 real_p1_skipped=1.0000 real_p1_hole_frac=0.1283 real_p2_eps=0.0051 real_p2_x0_l1=0.3774 real_p2_x0_abw=0.0058 real_p2_gen_adv=6.7991 real_p2_gen_fm=0.2201 real_total=0.1737 discr_adv=2.7658 x0_discr_real_out=0.0504 x0_discr_fake_out=-0.0373 x0_discr_real_gp=0.0196 p2_discr_real_out=0.0364 p2_discr_fake_out=0.0273 p2_discr_real_gp=0.0201 g_grad_abs=144.6618 d_grad_abs=238.6085 synth_eps=0.0332 synth_eps_raw=0.0332 synth_x0_x0_l1=0.3298 synth_x0_x0_abw=0.0203 synth_x0_gen_adv=6.8449 synth_x0_gen_fm=0.1966 synth_total=0.5792 extra_render_attn_share=0.5345
[step 12600] real_p1_mirror_hole_cov=0.0012 real_p1_skipped=1.0000 real_p1_hole_frac=0.2373 real_p2_eps=0.7879 real_p2_x0_l1=0.0662 real_p2_x0_abw=0.7675 real_p2_gen_adv=6.7467 real_p2_gen_fm=0.0480 real_total=9.7040 discr_adv=2.7279 x0_discr_real_out=0.1180 x0_discr_fake_out=-0.0736 x0_discr_real_gp=0.0202 p2_discr_real_out=0.0900 p2_discr_fake_out=0.0387 p2_discr_real_gp=0.0508 g_grad_abs=9691.0354 d_grad_abs=338.4635 synth_eps=0.7482 synth_eps_raw=0.7482 synth_x0_x0_l1=0.0722 synth_x0_x0_abw=0.8930 synth_x0_gen_adv=6.0834 synth_x0_gen_fm=0.0439 synth_total=10.1616 extra_render_attn_share=0.5345
[step 12650] real_p1_mirror_hole_cov=0.1507 real_p1_skipped=1.0000 real_p1_hole_frac=0.1995 real_p2_eps=0.9835 real_p2_x0_l1=0.1163 real_p2_x0_abw=0.6639 real_p2_gen_adv=7.1263 real_p2_gen_fm=0.0691 real_total=10.3788 discr_adv=2.7186 x0_discr_real_out=0.0163 x0_discr_fake_out=-0.1399 x0_discr_real_gp=0.0547 p2_discr_real_out=0.0801 p2_discr_fake_out=-0.0376 p2_discr_real_gp=0.0227 g_grad_abs=8942.3490 d_grad_abs=300.2757 synth_eps=1.0112 synth_eps_raw=1.0112 synth_x0_x0_l1=0.1747 synth_x0_x0_abw=0.4849 synth_x0_gen_adv=7.1083 synth_x0_gen_fm=0.0991 synth_total=9.3475 extra_render_attn_share=0.5345
[step 12700] real_p1_mirror_hole_cov=0.0231 real_p1_skipped=1.0000 real_p1_hole_frac=0.4224 real_p2_eps=0.9532 real_p2_x0_l1=0.1685 real_p2_x0_abw=0.4007 real_p2_gen_adv=7.4834 real_p2_gen_fm=0.0915 real_total=7.6865 discr_adv=2.7111 x0_discr_real_out=0.0437 x0_discr_fake_out=0.0173 x0_discr_real_gp=0.0202 p2_discr_real_out=0.0690 p2_discr_fake_out=-0.1062 p2_discr_real_gp=0.0155 g_grad_abs=4970.3594 d_grad_abs=236.0335 synth_eps=1.0386 synth_eps_raw=1.0386 synth_x0_x0_l1=0.0998 synth_x0_x0_abw=0.6274 synth_x0_gen_adv=7.0758 synth_x0_gen_fm=0.0614 synth_total=9.3959 extra_render_attn_share=0.5345
[step 12750] real_p1_mirror_hole_cov=0.0427 real_p1_skipped=1.0000 real_p1_hole_frac=0.0766 real_p2_eps=0.5103 real_p2_x0_l1=0.0423 real_p2_x0_abw=0.9089 real_p2_gen_adv=6.4364 real_p2_gen_fm=0.0251 real_total=8.6811 discr_adv=2.7575 x0_discr_real_out=0.1422 x0_discr_fake_out=0.0444 x0_discr_real_gp=0.0125 p2_discr_real_out=0.1069 p2_discr_fake_out=0.1023 p2_discr_real_gp=0.0162 g_grad_abs=5748.9517 d_grad_abs=255.7604 synth_eps=0.0249 synth_eps_raw=0.0249 synth_x0_x0_l1=0.3372 synth_x0_x0_abw=0.0167 synth_x0_gen_adv=7.0875 synth_x0_gen_fm=0.2119 synth_total=0.5020 extra_render_attn_share=0.5345
[step 12800] real_p1_mirror_hole_cov=0.0719 real_p1_skipped=1.0000 real_p1_hole_frac=0.3004 real_p2_eps=0.9149 real_p2_x0_l1=0.0975 real_p2_x0_abw=0.7143 real_p2_gen_adv=6.9505 real_p2_gen_fm=0.0607 real_total=10.2861 discr_adv=2.7618 x0_discr_real_out=0.0634 x0_discr_fake_out=0.0367 x0_discr_real_gp=0.0164 p2_discr_real_out=0.0682 p2_discr_fake_out=-0.0029 p2_discr_real_gp=0.0186 g_grad_abs=10257.7787 d_grad_abs=244.5611 synth_eps=0.0119 synth_eps_raw=0.0119 synth_x0_x0_l1=0.3575 synth_x0_x0_abw=0.0090 synth_x0_gen_adv=6.9004 synth_x0_gen_fm=0.2315 synth_total=0.2861 extra_render_attn_share=0.5345
[step 12850] real_p1_mirror_hole_cov=0.3142 real_p1_skipped=1.0000 real_p1_hole_frac=0.1296 real_p2_eps=0.0047 real_p2_x0_l1=0.3799 real_p2_x0_abw=0.0053 real_p2_gen_adv=6.7902 real_p2_gen_fm=0.2381 real_total=0.1694 discr_adv=2.7995 x0_discr_real_out=0.0438 x0_discr_fake_out=0.0236 x0_discr_real_gp=0.0159 p2_discr_real_out=0.0315 p2_discr_fake_out=0.0292 p2_discr_real_gp=0.0201 g_grad_abs=118.7779 d_grad_abs=559.6791 synth_eps=0.1186 synth_eps_raw=0.1186 synth_x0_x0_l1=0.3096 synth_x0_x0_abw=0.0481 synth_x0_gen_adv=7.2363 synth_x0_gen_fm=0.1919 synth_total=1.4038 extra_render_attn_share=0.5345
[step 12900] real_p1_mirror_hole_cov=0.2278 real_p1_skipped=1.0000 real_p1_hole_frac=0.1962 real_p2_eps=0.7551 real_p2_x0_l1=0.0527 real_p2_x0_abw=0.8674 real_p2_gen_adv=6.9310 real_p2_gen_fm=0.0301 real_total=9.4239 discr_adv=2.7838 x0_discr_real_out=0.0533 x0_discr_fake_out=0.0534 x0_discr_real_gp=0.0044 p2_discr_real_out=0.0200 p2_discr_fake_out=0.0024 p2_discr_real_gp=0.0105 g_grad_abs=6644.7219 d_grad_abs=235.7777 synth_eps=0.0099 synth_eps_raw=0.0099 synth_x0_x0_l1=0.3725 synth_x0_x0_abw=0.0072 synth_x0_gen_adv=6.8925 synth_x0_gen_fm=0.2353 synth_total=0.2316 extra_render_attn_share=0.5345
[step 12950] real_p1_mirror_hole_cov=0.2405 real_p1_skipped=1.0000 real_p1_hole_frac=0.4406 real_p2_eps=0.4714 real_p2_x0_l1=0.2229 real_p2_x0_abw=0.1727 real_p2_gen_adv=8.2521 real_p2_gen_fm=0.1385 real_total=4.3258 discr_adv=2.5762 x0_discr_real_out=0.1269 x0_discr_fake_out=-0.2614 x0_discr_real_gp=0.0536 p2_discr_real_out=0.0887 p2_discr_fake_out=-0.2422 p2_discr_real_gp=0.0827 g_grad_abs=4916.7482 d_grad_abs=847.9900 synth_eps=0.1863 synth_eps_raw=0.1863 synth_x0_x0_l1=0.2903 synth_x0_x0_abw=0.0673 synth_x0_gen_adv=6.8487 synth_x0_gen_fm=0.1822 synth_total=1.8939 extra_render_attn_share=0.5345
[step 13000] real_p1_mirror_hole_cov=0.0511 real_p1_skipped=1.0000 real_p1_hole_frac=0.3609 real_p2_eps=0.0458 real_p2_x0_l1=0.3331 real_p2_x0_abw=0.0249 real_p2_gen_adv=7.0273 real_p2_gen_fm=0.2182 real_total=0.7725 discr_adv=2.7282 x0_discr_real_out=0.0118 x0_discr_fake_out=-0.1520 x0_discr_real_gp=0.0321 p2_discr_real_out=0.0303 p2_discr_fake_out=-0.0169 p2_discr_real_gp=0.0204 g_grad_abs=516.4075 d_grad_abs=496.7397 synth_eps=0.8137 synth_eps_raw=0.8137 synth_x0_x0_l1=0.0692 synth_x0_x0_abw=0.7931 synth_x0_gen_adv=7.1313 synth_x0_gen_fm=0.0414 synth_total=9.8061 extra_render_attn_share=0.5345
[images] real: anchor | cond1 | cond2 | inv_warp_mirror | mask | mask_inv | p2_pred_x0 | warp_img | warp_warp_img | x | y_hat | y_hat_novel -> /home/xzy/warpgan-diffusiong-inpainting/warpgan-diffusion-inpainting-main/experiments/train_inpainting_diffusion/[20260910-025204]_v18w1_struct_50k/logs/images/train/real_step0013000.png
[images] synth: cond | mask | pred_x0 | target | warp_img | x | y_hat_novel -> /home/xzy/warpgan-diffusiong-inpainting/warpgan-diffusion-inpainting-main/experiments/train_inpainting_diffusion/[20260910-025204]_v18w1_struct_50k/logs/images/train/synth_step0013000.png
[step 13050] real_p1_mirror_hole_cov=0.1298 real_p1_skipped=1.0000 real_p1_hole_frac=0.3497 real_p2_eps=0.4905 real_p2_x0_l1=0.2349 real_p2_x0_abw=0.1579 real_p2_gen_adv=8.1521 real_p2_gen_fm=0.1409 real_total=4.0400 discr_adv=2.7403 x0_discr_real_out=0.0016 x0_discr_fake_out=-0.0031 x0_discr_real_gp=0.0163 p2_discr_real_out=-0.0152 p2_discr_fake_out=-0.2281 p2_discr_real_gp=0.0512 g_grad_abs=4110.5804 d_grad_abs=686.4550 synth_eps=0.7355 synth_eps_raw=0.7355 synth_x0_x0_l1=0.0536 synth_x0_x0_abw=0.8930 synth_x0_gen_adv=6.7337 synth_x0_gen_fm=0.0325 synth_total=9.6951 extra_render_attn_share=0.5345
[step 13100] real_p1_mirror_hole_cov=0.2436 real_p1_skipped=1.0000 real_p1_hole_frac=0.3131 real_p2_eps=0.8647 real_p2_x0_l1=0.1856 real_p2_x0_abw=0.4684 real_p2_gen_adv=6.4269 real_p2_gen_fm=0.1131 real_total=9.2573 discr_adv=2.7686 x0_discr_real_out=0.1080 x0_discr_fake_out=0.0715 x0_discr_real_gp=0.0054 p2_discr_real_out=0.1233 p2_discr_fake_out=0.1079 p2_discr_real_gp=0.0031 g_grad_abs=10138.9600 d_grad_abs=461.7736 synth_eps=0.0247 synth_eps_raw=0.0247 synth_x0_x0_l1=0.3413 synth_x0_x0_abw=0.0172 synth_x0_gen_adv=6.6251 synth_x0_gen_fm=0.2228 synth_total=0.5272 extra_render_attn_share=0.5345
[step 13150] real_p1_mirror_hole_cov=0.0396 real_p1_skipped=1.0000 real_p1_hole_frac=0.0788 real_p2_eps=0.5731 real_p2_x0_l1=0.0542 real_p2_x0_abw=0.9757 real_p2_gen_adv=6.9268 real_p2_gen_fm=0.0286 real_total=10.1716 discr_adv=2.7791 x0_discr_real_out=0.0214 x0_discr_fake_out=0.0171 x0_discr_real_gp=0.0038 p2_discr_real_out=0.0056 p2_discr_fake_out=0.0013 p2_discr_real_gp=0.0063 g_grad_abs=13416.4223 d_grad_abs=98.7038 synth_eps=0.1427 synth_eps_raw=0.1427 synth_x0_x0_l1=0.2826 synth_x0_x0_abw=0.0485 synth_x0_gen_adv=7.1384 synth_x0_gen_fm=0.1699 synth_total=1.3261 extra_render_attn_share=0.5345
[step 13200] real_p1_mirror_hole_cov=0.1090 real_p1_skipped=1.0000 real_p1_hole_frac=0.2423 real_p2_eps=0.0174 real_p2_x0_l1=0.3506 real_p2_x0_abw=0.0132 real_p2_gen_adv=7.0022 real_p2_gen_fm=0.2169 real_total=0.3994 discr_adv=2.7359 x0_discr_real_out=0.0563 x0_discr_fake_out=-0.1101 x0_discr_real_gp=0.0299 p2_discr_real_out=0.0107 p2_discr_fake_out=-0.0136 p2_discr_real_gp=0.0254 g_grad_abs=422.7455 d_grad_abs=217.1760 synth_eps=0.9450 synth_eps_raw=0.9450 synth_x0_x0_l1=0.0862 synth_x0_x0_abw=0.8063 synth_x0_gen_adv=6.9501 synth_x0_gen_fm=0.0570 synth_total=11.2125 extra_render_attn_share=0.5345
[step 13250] real_p1_mirror_hole_cov=0.0485 real_p1_skipped=1.0000 real_p1_hole_frac=0.3178 real_p2_eps=1.0338 real_p2_x0_l1=0.1376 real_p2_x0_abw=0.5652 real_p2_gen_adv=7.0507 real_p2_gen_fm=0.0885 real_total=10.1002 discr_adv=2.6444 x0_discr_real_out=0.0411 x0_discr_fake_out=-0.2027 x0_discr_real_gp=0.0382 p2_discr_real_out=0.1150 p2_discr_fake_out=-0.0231 p2_discr_real_gp=0.0154 g_grad_abs=6662.8419 d_grad_abs=380.6723 synth_eps=0.7936 synth_eps_raw=0.7936 synth_x0_x0_l1=0.0707 synth_x0_x0_abw=0.9420 synth_x0_gen_adv=6.5355 synth_x0_gen_fm=0.0392 synth_total=10.7119 extra_render_attn_share=0.5345
[step 13300] real_p1_mirror_hole_cov=0.1185 real_p1_skipped=1.0000 real_p1_hole_frac=0.1954 real_p2_eps=0.7693 real_p2_x0_l1=0.1719 real_p2_x0_abw=0.3023 real_p2_gen_adv=7.4696 real_p2_gen_fm=0.1031 real_total=6.1971 discr_adv=2.7235 x0_discr_real_out=0.0835 x0_discr_fake_out=0.0482 x0_discr_real_gp=0.0086 p2_discr_real_out=0.0225 p2_discr_fake_out=-0.1039 p2_discr_real_gp=0.0193 g_grad_abs=4682.3209 d_grad_abs=228.1114 synth_eps=0.9799 synth_eps_raw=0.9799 synth_x0_x0_l1=0.1101 synth_x0_x0_abw=0.6738 synth_x0_gen_adv=7.1546 synth_x0_gen_fm=0.0701 synth_total=10.5972 extra_render_attn_share=0.5345
[step 13350] real_p1_mirror_hole_cov=0.1633 real_p1_skipped=1.0000 real_p1_hole_frac=0.1986 real_p2_eps=1.0239 real_p2_x0_l1=0.1717 real_p2_x0_abw=0.4932 real_p2_gen_adv=7.0638 real_p2_gen_fm=0.1052 real_total=9.7817 discr_adv=2.6974 x0_discr_real_out=0.1177 x0_discr_fake_out=0.1179 x0_discr_real_gp=0.0061 p2_discr_real_out=0.1654 p2_discr_fake_out=-0.0248 p2_discr_real_gp=0.0051 g_grad_abs=7236.0522 d_grad_abs=698.0807 synth_eps=0.8681 synth_eps_raw=0.8681 synth_x0_x0_l1=0.1327 synth_x0_x0_abw=0.4948 synth_x0_gen_adv=7.4185 synth_x0_gen_fm=0.0878 synth_total=8.9508 extra_render_attn_share=0.5345
[step 13400] real_p1_mirror_hole_cov=0.1328 real_p1_skipped=1.0000 real_p1_hole_frac=0.0863 real_p2_eps=0.8129 real_p2_x0_l1=0.2177 real_p2_x0_abw=0.3308 real_p2_gen_adv=7.9978 real_p2_gen_fm=0.1377 real_total=8.0883 discr_adv=2.6841 x0_discr_real_out=-0.0335 x0_discr_fake_out=-0.0638 x0_discr_real_gp=0.0292 p2_discr_real_out=0.0385 p2_discr_fake_out=-0.2009 p2_discr_real_gp=0.0086 g_grad_abs=8256.3762 d_grad_abs=528.4986 synth_eps=1.0331 synth_eps_raw=1.0331 synth_x0_x0_l1=0.1228 synth_x0_x0_abw=0.5518 synth_x0_gen_adv=7.5773 synth_x0_gen_fm=0.0880 synth_total=10.1384 extra_render_attn_share=0.5345
[step 13450] real_p1_mirror_hole_cov=0.0880 real_p1_skipped=1.0000 real_p1_hole_frac=0.4952 real_p2_eps=1.0679 real_p2_x0_l1=0.1723 real_p2_x0_abw=0.3991 real_p2_gen_adv=7.3848 real_p2_gen_fm=0.0989 real_total=8.0309 discr_adv=2.7033 x0_discr_real_out=0.0430 x0_discr_fake_out=0.0117 x0_discr_real_gp=0.0117 p2_discr_real_out=0.0747 p2_discr_fake_out=-0.0865 p2_discr_real_gp=0.0114 g_grad_abs=5881.9189 d_grad_abs=262.6588 synth_eps=0.2600 synth_eps_raw=0.2600 synth_x0_x0_l1=0.2618 synth_x0_x0_abw=0.0784 synth_x0_gen_adv=7.3664 synth_x0_gen_fm=0.1610 synth_total=2.1193 extra_render_attn_share=0.5345
[step 13500] real_p1_mirror_hole_cov=0.2130 real_p1_skipped=1.0000 real_p1_hole_frac=0.5312 real_p2_eps=0.0944 real_p2_x0_l1=0.3123 real_p2_x0_abw=0.0375 real_p2_gen_adv=7.2992 real_p2_gen_fm=0.2075 real_total=1.1586 discr_adv=2.7117 x0_discr_real_out=0.0838 x0_discr_fake_out=-0.0222 x0_discr_real_gp=0.0111 p2_discr_real_out=0.0076 p2_discr_fake_out=-0.0713 p2_discr_real_gp=0.0167 g_grad_abs=1403.6168 d_grad_abs=347.5239 synth_eps=0.7527 synth_eps_raw=0.7527 synth_x0_x0_l1=0.0372 synth_x0_x0_abw=0.9794 synth_x0_gen_adv=6.8067 synth_x0_gen_fm=0.0152 synth_total=8.9447 extra_render_attn_share=0.5345
[images] real: anchor | cond1 | cond2 | inv_warp_mirror | mask | mask_inv | p2_pred_x0 | warp_img | warp_warp_img | x | y_hat | y_hat_novel -> /home/xzy/warpgan-diffusiong-inpainting/warpgan-diffusion-inpainting-main/experiments/train_inpainting_diffusion/[20260910-025204]_v18w1_struct_50k/logs/images/train/real_step0013500.png
[images] synth: cond | mask | pred_x0 | target | warp_img | x | y_hat_novel -> /home/xzy/warpgan-diffusiong-inpainting/warpgan-diffusion-inpainting-main/experiments/train_inpainting_diffusion/[20260910-025204]_v18w1_struct_50k/logs/images/train/synth_step0013500.png
[step 13550] real_p1_mirror_hole_cov=0.1256 real_p1_skipped=1.0000 real_p1_hole_frac=0.2771 real_p2_eps=0.3153 real_p2_x0_l1=0.2631 real_p2_x0_abw=0.1171 real_p2_gen_adv=7.4394 real_p2_gen_fm=0.1660 real_total=3.1614 discr_adv=2.7305 x0_discr_real_out=0.0490 x0_discr_fake_out=0.0454 x0_discr_real_gp=0.0054 p2_discr_real_out=0.0505 p2_discr_fake_out=-0.0980 p2_discr_real_gp=0.0250 g_grad_abs=2302.6988 d_grad_abs=294.5668 synth_eps=0.9294 synth_eps_raw=0.9294 synth_x0_x0_l1=0.0744 synth_x0_x0_abw=0.7675 synth_x0_gen_adv=6.8154 synth_x0_gen_fm=0.0530 synth_total=10.2874 extra_render_attn_share=0.5345
[step 13600] real_p1_mirror_hole_cov=0.3103 real_p1_skipped=1.0000 real_p1_hole_frac=0.6225 real_p2_eps=0.0577 real_p2_x0_l1=0.3179 real_p2_x0_abw=0.0268 real_p2_gen_adv=7.4920 real_p2_gen_fm=0.2173 real_total=0.8506 discr_adv=2.8137 x0_discr_real_out=-0.0068 x0_discr_fake_out=-0.0570 x0_discr_real_gp=0.0579 p2_discr_real_out=-0.0093 p2_discr_fake_out=-0.1080 p2_discr_real_gp=0.0537 g_grad_abs=568.0803 d_grad_abs=1443.4339 synth_eps=0.9349 synth_eps_raw=0.9349 synth_x0_x0_l1=0.1893 synth_x0_x0_abw=0.4520 synth_x0_gen_adv=7.4568 synth_x0_gen_fm=0.1223 synth_total=9.9202 extra_render_attn_share=0.5345
[step 13650] real_p1_mirror_hole_cov=0.0282 real_p1_skipped=1.0000 real_p1_hole_frac=0.4774 real_p2_eps=0.9029 real_p2_x0_l1=0.1612 real_p2_x0_abw=0.4245 real_p2_gen_adv=6.9215 real_p2_gen_fm=0.1089 real_total=8.5309 discr_adv=2.7459 x0_discr_real_out=0.0871 x0_discr_fake_out=0.0771 x0_discr_real_gp=0.0201 p2_discr_real_out=0.1324 p2_discr_fake_out=0.0038 p2_discr_real_gp=0.0161 g_grad_abs=7126.8648 d_grad_abs=469.3854 synth_eps=0.0049 synth_eps_raw=0.0049 synth_x0_x0_l1=0.3732 synth_x0_x0_abw=0.0048 synth_x0_gen_adv=6.4451 synth_x0_gen_fm=0.2587 synth_total=0.1628 extra_render_attn_share=0.5345
[step 13700] real_p1_mirror_hole_cov=0.3021 real_p1_skipped=1.0000 real_p1_hole_frac=0.4270 real_p2_eps=0.7641 real_p2_x0_l1=0.0264 real_p2_x0_abw=0.9737 real_p2_gen_adv=6.3121 real_p2_gen_fm=0.0118 real_total=8.0861 discr_adv=2.7590 x0_discr_real_out=0.1528 x0_discr_fake_out=0.0819 x0_discr_real_gp=0.0088 p2_discr_real_out=0.1305 p2_discr_fake_out=0.1283 p2_discr_real_gp=0.0045 g_grad_abs=3974.9098 d_grad_abs=356.5456 synth_eps=0.9626 synth_eps_raw=0.9626 synth_x0_x0_l1=0.1048 synth_x0_x0_abw=0.7990 synth_x0_gen_adv=6.6959 synth_x0_gen_fm=0.0659 synth_total=11.6642 extra_render_attn_share=0.5345
[step 13750] real_p1_mirror_hole_cov=0.0494 real_p1_skipped=1.0000 real_p1_hole_frac=0.1843 real_p2_eps=0.1151 real_p2_x0_l1=0.2998 real_p2_x0_abw=0.0424 real_p2_gen_adv=7.3626 real_p2_gen_fm=0.2028 real_total=1.2989 discr_adv=2.6793 x0_discr_real_out=0.0449 x0_discr_fake_out=-0.0799 x0_discr_real_gp=0.0079 p2_discr_real_out=0.0279 p2_discr_fake_out=-0.0830 p2_discr_real_gp=0.0125 g_grad_abs=878.2478 d_grad_abs=622.7457 synth_eps=0.0581 synth_eps_raw=0.0581 synth_x0_x0_l1=0.3208 synth_x0_x0_abw=0.0251 synth_x0_gen_adv=7.2115 synth_x0_gen_fm=0.2216 synth_total=0.8045 extra_render_attn_share=0.5345
[step 13800] real_p1_mirror_hole_cov=0.0307 real_p1_skipped=1.0000 real_p1_hole_frac=0.3729 real_p2_eps=0.1261 real_p2_x0_l1=0.2858 real_p2_x0_abw=0.0442 real_p2_gen_adv=7.4487 real_p2_gen_fm=0.1868 real_total=1.2937 discr_adv=2.7057 x0_discr_real_out=0.0212 x0_discr_fake_out=-0.0808 x0_discr_real_gp=0.0069 p2_discr_real_out=-0.0307 p2_discr_fake_out=-0.1001 p2_discr_real_gp=0.0083 g_grad_abs=1139.8223 d_grad_abs=252.2278 synth_eps=1.0049 synth_eps_raw=1.0049 synth_x0_x0_l1=0.1691 synth_x0_x0_abw=0.5568 synth_x0_gen_adv=7.2325 synth_x0_gen_fm=0.1010 synth_total=10.7481 extra_render_attn_share=0.5345
[step 13850] real_p1_mirror_hole_cov=0.2039 real_p1_skipped=1.0000 real_p1_hole_frac=0.5072 real_p2_eps=1.0774 real_p2_x0_l1=0.1479 real_p2_x0_abw=0.6457 real_p2_gen_adv=6.9857 real_p2_gen_fm=0.0922 real_total=11.6376 discr_adv=2.6663 x0_discr_real_out=0.0170 x0_discr_fake_out=-0.1441 x0_discr_real_gp=0.0249 p2_discr_real_out=0.1196 p2_discr_fake_out=-0.0102 p2_discr_real_gp=0.0085 g_grad_abs=9038.6604 d_grad_abs=392.3134 synth_eps=0.7132 synth_eps_raw=0.7132 synth_x0_x0_l1=0.2029 synth_x0_x0_abw=0.2697 synth_x0_gen_adv=7.5953 synth_x0_gen_fm=0.1269 synth_total=6.2391 extra_render_attn_share=0.5345
[step 13900] real_p1_mirror_hole_cov=0.0141 real_p1_skipped=1.0000 real_p1_hole_frac=0.0810 real_p2_eps=0.7124 real_p2_x0_l1=0.2146 real_p2_x0_abw=0.3338 real_p2_gen_adv=7.0986 real_p2_gen_fm=0.1421 real_total=7.8972 discr_adv=2.7314 x0_discr_real_out=-0.0387 x0_discr_fake_out=-0.1699 x0_discr_real_gp=0.0423 p2_discr_real_out=0.0267 p2_discr_fake_out=-0.0316 p2_discr_real_gp=0.0047 g_grad_abs=9159.1099 d_grad_abs=462.3844 synth_eps=0.0475 synth_eps_raw=0.0475 synth_x0_x0_l1=0.3338 synth_x0_x0_abw=0.0231 synth_x0_gen_adv=7.5466 synth_x0_gen_fm=0.2391 synth_total=0.7811 extra_render_attn_share=0.5345
[step 13950] real_p1_mirror_hole_cov=0.1432 real_p1_skipped=1.0000 real_p1_hole_frac=0.4241 real_p2_eps=0.2123 real_p2_x0_l1=0.2863 real_p2_x0_abw=0.0980 real_p2_gen_adv=7.5439 real_p2_gen_fm=0.1946 real_total=2.8877 discr_adv=2.6510 x0_discr_real_out=0.0923 x0_discr_fake_out=-0.0434 x0_discr_real_gp=0.0078 p2_discr_real_out=0.0573 p2_discr_fake_out=-0.1167 p2_discr_real_gp=0.0193 g_grad_abs=2592.2683 d_grad_abs=1022.9860 synth_eps=0.1613 synth_eps_raw=0.1613 synth_x0_x0_l1=0.3023 synth_x0_x0_abw=0.0628 synth_x0_gen_adv=7.7649 synth_x0_gen_fm=0.2077 synth_total=1.9715 extra_render_attn_share=0.5345
[val step 13999] val_novel_full=0.3388 val_novel_hole=0.3028 val_novel_visible=0.3565
[step 14000] real_p1_mirror_hole_cov=0.1382 real_p1_skipped=1.0000 real_p1_hole_frac=0.0080 real_p2_eps=0.5295 real_p2_x0_l1=0.2458 real_p2_x0_abw=0.2093 real_p2_gen_adv=6.9509 real_p2_gen_fm=0.1523 real_total=5.2252 discr_adv=2.7328 x0_discr_real_out=0.1018 x0_discr_fake_out=0.0700 x0_discr_real_gp=0.0061 p2_discr_real_out=0.0864 p2_discr_fake_out=-0.0028 p2_discr_real_gp=0.0100 g_grad_abs=4338.6461 d_grad_abs=457.7752 synth_eps=0.9459 synth_eps_raw=0.9459 synth_x0_x0_l1=0.1953 synth_x0_x0_abw=0.4799 synth_x0_gen_adv=6.7996 synth_x0_gen_fm=0.1250 synth_total=10.3013 extra_render_attn_share=0.5348
[images] real: anchor | cond1 | cond2 | inv_warp_mirror | mask | mask_inv | p2_pred_x0 | warp_img | warp_warp_img | x | y_hat | y_hat_novel -> /home/xzy/warpgan-diffusiong-inpainting/warpgan-diffusion-inpainting-main/experiments/train_inpainting_diffusion/[20260910-025204]_v18w1_struct_50k/logs/images/train/real_step0014000.png
[images] synth: cond | mask | pred_x0 | target | warp_img | x | y_hat_novel -> /home/xzy/warpgan-diffusiong-inpainting/warpgan-diffusion-inpainting-main/experiments/train_inpainting_diffusion/[20260910-025204]_v18w1_struct_50k/logs/images/train/synth_step0014000.png
[step 14050] real_p1_mirror_hole_cov=0.1728 real_p1_skipped=1.0000 real_p1_hole_frac=0.1237 real_p2_eps=0.0157 real_p2_x0_l1=0.3648 real_p2_x0_abw=0.0070 real_p2_gen_adv=6.6892 real_p2_gen_fm=0.2633 real_total=0.2479 discr_adv=2.7720 x0_discr_real_out=0.0865 x0_discr_fake_out=0.0501 x0_discr_real_gp=0.0062 p2_discr_real_out=0.0493 p2_discr_fake_out=0.0504 p2_discr_real_gp=0.0060 g_grad_abs=556.7784 d_grad_abs=558.4556 synth_eps=0.0230 synth_eps_raw=0.0230 synth_x0_x0_l1=0.3527 synth_x0_x0_abw=0.0100 synth_x0_gen_adv=6.6977 synth_x0_gen_fm=0.2513 synth_total=0.3434 extra_render_attn_share=0.5348
[step 14100] real_p1_mirror_hole_cov=0.0671 real_p1_skipped=1.0000 real_p1_hole_frac=0.2173 real_p2_eps=0.0085 real_p2_x0_l1=0.3618 real_p2_x0_abw=0.0066 real_p2_gen_adv=7.2891 real_p2_gen_fm=0.2451 real_total=0.2196 discr_adv=2.7560 x0_discr_real_out=-0.0409 x0_discr_fake_out=-0.0930 x0_discr_real_gp=0.0043 p2_discr_real_out=-0.0575 p2_discr_fake_out=-0.0687 p2_discr_real_gp=0.0052 g_grad_abs=170.8225 d_grad_abs=204.2581 synth_eps=0.0246 synth_eps_raw=0.0246 synth_x0_x0_l1=0.3543 synth_x0_x0_abw=0.0125 synth_x0_gen_adv=7.3360 synth_x0_gen_fm=0.2402 synth_total=0.4203 extra_render_attn_share=0.5348
[step 14150] real_p1_mirror_hole_cov=0.2277 real_p1_skipped=1.0000 real_p1_hole_frac=0.4953 real_p2_eps=0.8410 real_p2_x0_l1=0.1569 real_p2_x0_abw=0.4651 real_p2_gen_adv=7.0004 real_p2_gen_fm=0.1047 real_total=9.0390 discr_adv=2.7291 x0_discr_real_out=-0.0065 x0_discr_fake_out=-0.0626 x0_discr_real_gp=0.0043 p2_discr_real_out=0.0429 p2_discr_fake_out=-0.0112 p2_discr_real_gp=0.0021 g_grad_abs=9570.3540 d_grad_abs=432.9027 synth_eps=0.6029 synth_eps_raw=0.6029 synth_x0_x0_l1=0.2416 synth_x0_x0_abw=0.2269 synth_x0_gen_adv=7.2242 synth_x0_gen_fm=0.1430 synth_total=5.5414 extra_render_attn_share=0.5348
[step 14200] real_p1_mirror_hole_cov=0.3457 real_p1_skipped=1.0000 real_p1_hole_frac=0.3025 real_p2_eps=0.2022 real_p2_x0_l1=0.2933 real_p2_x0_abw=0.0772 real_p2_gen_adv=7.6119 real_p2_gen_fm=0.1979 real_total=2.3407 discr_adv=2.7114 x0_discr_real_out=0.0669 x0_discr_fake_out=0.0406 x0_discr_real_gp=0.0165 p2_discr_real_out=0.0628 p2_discr_fake_out=-0.1279 p2_discr_real_gp=0.0238 g_grad_abs=1989.7474 d_grad_abs=522.6294 synth_eps=0.1485 synth_eps_raw=0.1485 synth_x0_x0_l1=0.2996 synth_x0_x0_abw=0.0604 synth_x0_gen_adv=7.2869 synth_x0_gen_fm=0.2041 synth_total=1.8380 extra_render_attn_share=0.5348
[step 14250] real_p1_mirror_hole_cov=0.2251 real_p1_skipped=1.0000 real_p1_hole_frac=0.0639 real_p2_eps=0.8422 real_p2_x0_l1=0.2183 real_p2_x0_abw=0.3079 real_p2_gen_adv=7.2592 real_p2_gen_fm=0.1262 real_total=7.0316 discr_adv=2.7432 x0_discr_real_out=-0.0174 x0_discr_fake_out=-0.0336 x0_discr_real_gp=0.0038 p2_discr_real_out=-0.0059 p2_discr_fake_out=-0.0635 p2_discr_real_gp=0.0015 g_grad_abs=5945.0457 d_grad_abs=176.9737 synth_eps=0.9184 synth_eps_raw=0.9184 synth_x0_x0_l1=0.1252 synth_x0_x0_abw=0.6672 synth_x0_gen_adv=7.1231 synth_x0_gen_fm=0.0776 synth_total=10.9336 extra_render_attn_share=0.5348
[step 14300] real_p1_mirror_hole_cov=0.1461 real_p1_skipped=1.0000 real_p1_hole_frac=0.4097 real_p2_eps=0.9231 real_p2_x0_l1=0.1657 real_p2_x0_abw=0.5905 real_p2_gen_adv=6.9583 real_p2_gen_fm=0.1163 real_total=11.9999 discr_adv=2.6634 x0_discr_real_out=0.1307 x0_discr_fake_out=-0.0330 x0_discr_real_gp=0.0257 p2_discr_real_out=0.1364 p2_discr_fake_out=-0.0041 p2_discr_real_gp=0.0093 g_grad_abs=13102.4801 d_grad_abs=860.9837 synth_eps=0.2936 synth_eps_raw=0.2936 synth_x0_x0_l1=0.2502 synth_x0_x0_abw=0.1148 synth_x0_gen_adv=7.5127 synth_x0_gen_fm=0.1751 synth_total=3.1947 extra_render_attn_share=0.5348
[step 14350] real_p1_mirror_hole_cov=0.0266 real_p1_skipped=1.0000 real_p1_hole_frac=0.0334 real_p2_eps=0.6991 real_p2_x0_l1=0.1036 real_p2_x0_abw=0.7459 real_p2_gen_adv=7.1118 real_p2_gen_fm=0.0588 real_total=10.4649 discr_adv=2.7754 x0_discr_real_out=-0.0232 x0_discr_fake_out=-0.0261 x0_discr_real_gp=0.0006 p2_discr_real_out=-0.0315 p2_discr_fake_out=-0.0338 p2_discr_real_gp=0.0006 g_grad_abs=11294.6741 d_grad_abs=152.9507 synth_eps=0.1221 synth_eps_raw=0.1221 synth_x0_x0_l1=0.2817 synth_x0_x0_abw=0.0477 synth_x0_gen_adv=7.1036 synth_x0_gen_fm=0.1689 synth_total=1.2793 extra_render_attn_share=0.5348
[step 14400] real_p1_mirror_hole_cov=0.0548 real_p1_skipped=1.0000 real_p1_hole_frac=0.1400 real_p2_eps=0.3591 real_p2_x0_l1=0.2287 real_p2_x0_abw=0.1022 real_p2_gen_adv=7.2873 real_p2_gen_fm=0.1344 real_total=2.5010 discr_adv=2.7435 x0_discr_real_out=0.0051 x0_discr_fake_out=-0.0031 x0_discr_real_gp=0.0039 p2_discr_real_out=-0.0042 p2_discr_fake_out=-0.0693 p2_discr_real_gp=0.0021 g_grad_abs=2363.0631 d_grad_abs=109.8213 synth_eps=0.7830 synth_eps_raw=0.7830 synth_x0_x0_l1=0.1706 synth_x0_x0_abw=0.2831 synth_x0_gen_adv=7.3035 synth_x0_gen_fm=0.0964 synth_total=5.6285 extra_render_attn_share=0.5348
[step 14450] real_p1_mirror_hole_cov=0.1317 real_p1_skipped=1.0000 real_p1_hole_frac=0.2501 real_p2_eps=0.6525 real_p2_x0_l1=0.0520 real_p2_x0_abw=0.9343 real_p2_gen_adv=6.8243 real_p2_gen_fm=0.0269 real_total=9.5895 discr_adv=2.7211 x0_discr_real_out=0.0442 x0_discr_fake_out=-0.1682 x0_discr_real_gp=0.0255 p2_discr_real_out=0.0349 p2_discr_fake_out=0.0225 p2_discr_real_gp=0.0297 g_grad_abs=13617.1715 d_grad_abs=229.9036 synth_eps=0.9193 synth_eps_raw=0.9193 synth_x0_x0_l1=0.1186 synth_x0_x0_abw=0.5636 synth_x0_gen_adv=7.3696 synth_x0_gen_fm=0.0695 synth_total=9.0584 extra_render_attn_share=0.5348
[step 14500] real_p1_mirror_hole_cov=0.1159 real_p1_skipped=1.0000 real_p1_hole_frac=0.5396 real_p2_eps=0.0075 real_p2_x0_l1=0.3734 real_p2_x0_abw=0.0075 real_p2_gen_adv=6.8279 real_p2_gen_fm=0.2391 real_total=0.2419 discr_adv=2.6793 x0_discr_real_out=0.0795 x0_discr_fake_out=-0.2589 x0_discr_real_gp=0.0424 p2_discr_real_out=0.0554 p2_discr_fake_out=0.0220 p2_discr_real_gp=0.0360 g_grad_abs=256.3426 d_grad_abs=319.8533 synth_eps=0.8014 synth_eps_raw=0.8014 synth_x0_x0_l1=0.1768 synth_x0_x0_abw=0.3023 synth_x0_gen_adv=9.2045 synth_x0_gen_fm=0.1115 synth_total=7.0073 extra_render_attn_share=0.5348
[images] real: anchor | cond1 | cond2 | inv_warp_mirror | mask | mask_inv | p2_pred_x0 | warp_img | warp_warp_img | x | y_hat | y_hat_novel -> /home/xzy/warpgan-diffusiong-inpainting/warpgan-diffusion-inpainting-main/experiments/train_inpainting_diffusion/[20260910-025204]_v18w1_struct_50k/logs/images/train/real_step0014500.png
[images] synth: cond | mask | pred_x0 | target | warp_img | x | y_hat_novel -> /home/xzy/warpgan-diffusiong-inpainting/warpgan-diffusion-inpainting-main/experiments/train_inpainting_diffusion/[20260910-025204]_v18w1_struct_50k/logs/images/train/synth_step0014500.png
[step 14550] real_p1_mirror_hole_cov=0.0211 real_p1_skipped=1.0000 real_p1_hole_frac=0.3944 real_p2_eps=0.9354 real_p2_x0_l1=0.0825 real_p2_x0_abw=0.8513 real_p2_gen_adv=6.4469 real_p2_gen_fm=0.0541 real_total=11.1017 discr_adv=2.7780 x0_discr_real_out=0.1076 x0_discr_fake_out=0.1086 x0_discr_real_gp=0.0007 p2_discr_real_out=0.1138 p2_discr_fake_out=0.1011 p2_discr_real_gp=0.0010 g_grad_abs=8714.9588 d_grad_abs=181.5219 synth_eps=0.5875 synth_eps_raw=0.5875 synth_x0_x0_l1=0.2398 synth_x0_x0_abw=0.2403 synth_x0_gen_adv=6.6006 synth_x0_gen_fm=0.1338 synth_total=5.4460 extra_render_attn_share=0.5348
[step 14600] real_p1_mirror_hole_cov=0.3032 real_p1_skipped=1.0000 real_p1_hole_frac=0.3912 real_p2_eps=1.0458 real_p2_x0_l1=0.1390 real_p2_x0_abw=0.4422 real_p2_gen_adv=7.1327 real_p2_gen_fm=0.0889 real_total=8.1909 discr_adv=2.7507 x0_discr_real_out=0.0127 x0_discr_fake_out=0.0058 x0_discr_real_gp=0.0008 p2_discr_real_out=0.0028 p2_discr_fake_out=-0.0394 p2_discr_real_gp=0.0011 g_grad_abs=9032.5583 d_grad_abs=88.6967 synth_eps=1.1807 synth_eps_raw=1.1807 synth_x0_x0_l1=0.1269 synth_x0_x0_abw=0.6190 synth_x0_gen_adv=6.9565 synth_x0_gen_fm=0.0748 synth_total=10.1967 extra_render_attn_share=0.5348
[step 14650] real_p1_mirror_hole_cov=0.0341 real_p1_skipped=1.0000 real_p1_hole_frac=0.0913 real_p2_eps=0.2158 real_p2_x0_l1=0.2593 real_p2_x0_abw=0.0648 real_p2_gen_adv=7.2066 real_p2_gen_fm=0.1615 real_total=1.7453 discr_adv=2.7524 x0_discr_real_out=-0.0579 x0_discr_fake_out=-0.0633 x0_discr_real_gp=0.0105 p2_discr_real_out=0.0201 p2_discr_fake_out=-0.0534 p2_discr_real_gp=0.0060 g_grad_abs=1851.4152 d_grad_abs=123.1654 synth_eps=1.0893 synth_eps_raw=1.0893 synth_x0_x0_l1=0.1505 synth_x0_x0_abw=0.5400 synth_x0_gen_adv=7.0317 synth_x0_gen_fm=0.0881 synth_total=9.7266 extra_render_attn_share=0.5348
[step 14700] real_p1_mirror_hole_cov=0.1083 real_p1_skipped=1.0000 real_p1_hole_frac=0.4238 real_p2_eps=0.6838 real_p2_x0_l1=0.2009 real_p2_x0_abw=0.2341 real_p2_gen_adv=7.7195 real_p2_gen_fm=0.1130 real_total=5.1838 discr_adv=2.6309 x0_discr_real_out=0.0220 x0_discr_fake_out=-0.1968 x0_discr_real_gp=0.0390 p2_discr_real_out=0.0493 p2_discr_fake_out=-0.1506 p2_discr_real_gp=0.0180 g_grad_abs=6303.0050 d_grad_abs=332.6474 synth_eps=0.6030 synth_eps_raw=0.6030 synth_x0_x0_l1=0.0627 synth_x0_x0_abw=0.9016 synth_x0_gen_adv=6.8149 synth_x0_gen_fm=0.0388 synth_total=10.3061 extra_render_attn_share=0.5348
[step 14750] real_p1_mirror_hole_cov=0.0287 real_p1_skipped=1.0000 real_p1_hole_frac=0.1479 real_p2_eps=0.9734 real_p2_x0_l1=0.1470 real_p2_x0_abw=0.5602 real_p2_gen_adv=7.2396 real_p2_gen_fm=0.0885 real_total=10.0682 discr_adv=2.7216 x0_discr_real_out=0.0530 x0_discr_fake_out=0.0324 x0_discr_real_gp=0.0252 p2_discr_real_out=0.1151 p2_discr_fake_out=-0.0602 p2_discr_real_gp=0.0181 g_grad_abs=7723.0359 d_grad_abs=154.0668 synth_eps=0.0049 synth_eps_raw=0.0049 synth_x0_x0_l1=0.3836 synth_x0_x0_abw=0.0055 synth_x0_gen_adv=6.9174 synth_x0_gen_fm=0.2438 synth_total=0.1795 extra_render_attn_share=0.5348
[step 14800] real_p1_mirror_hole_cov=0.0248 real_p1_skipped=1.0000 real_p1_hole_frac=0.2388 real_p2_eps=0.9700 real_p2_x0_l1=0.1413 real_p2_x0_abw=0.5905 real_p2_gen_adv=6.9793 real_p2_gen_fm=0.0881 real_total=10.3793 discr_adv=2.6474 x0_discr_real_out=0.1235 x0_discr_fake_out=-0.0752 x0_discr_real_gp=0.0215 p2_discr_real_out=0.1568 p2_discr_fake_out=-0.0088 p2_discr_real_gp=0.0286 g_grad_abs=11342.2392 d_grad_abs=426.5441 synth_eps=0.0180 synth_eps_raw=0.0180 synth_x0_x0_l1=0.3516 synth_x0_x0_abw=0.0097 synth_x0_gen_adv=7.0222 synth_x0_gen_fm=0.2320 synth_total=0.3158 extra_render_attn_share=0.5348
[step 14850] real_p1_mirror_hole_cov=0.0787 real_p1_skipped=1.0000 real_p1_hole_frac=0.1216 real_p2_eps=0.9391 real_p2_x0_l1=0.1060 real_p2_x0_abw=0.6224 real_p2_gen_adv=6.9934 real_p2_gen_fm=0.0885 real_total=10.8645 discr_adv=2.6793 x0_discr_real_out=0.0921 x0_discr_fake_out=-0.0988 x0_discr_real_gp=0.0345 p2_discr_real_out=0.1318 p2_discr_fake_out=-0.0112 p2_discr_real_gp=0.0332 g_grad_abs=14006.8394 d_grad_abs=340.2018 synth_eps=1.0194 synth_eps_raw=1.0194 synth_x0_x0_l1=0.1131 synth_x0_x0_abw=0.6507 synth_x0_gen_adv=6.8854 synth_x0_gen_fm=0.0782 synth_total=10.6606 extra_render_attn_share=0.5348
[step 14900] real_p1_mirror_hole_cov=0.0600 real_p1_skipped=1.0000 real_p1_hole_frac=0.3355 real_p2_eps=0.8038 real_p2_x0_l1=0.1936 real_p2_x0_abw=0.3470 real_p2_gen_adv=8.0766 real_p2_gen_fm=0.1238 real_total=7.9704 discr_adv=2.7294 x0_discr_real_out=-0.0116 x0_discr_fake_out=-0.0251 x0_discr_real_gp=0.0328 p2_discr_real_out=0.0283 p2_discr_fake_out=-0.2161 p2_discr_real_gp=0.0455 g_grad_abs=8417.3909 d_grad_abs=826.8946 synth_eps=0.0782 synth_eps_raw=0.0782 synth_x0_x0_l1=0.3025 synth_x0_x0_abw=0.0372 synth_x0_gen_adv=7.3501 synth_x0_gen_fm=0.2058 synth_total=1.1284 extra_render_attn_share=0.5348
[step 14950] real_p1_mirror_hole_cov=0.1034 real_p1_skipped=1.0000 real_p1_hole_frac=0.4838 real_p2_eps=0.6141 real_p2_x0_l1=0.0342 real_p2_x0_abw=0.9264 real_p2_gen_adv=6.9771 real_p2_gen_fm=0.0139 real_total=8.3981 discr_adv=2.7806 x0_discr_real_out=0.0601 x0_discr_fake_out=0.0183 x0_discr_real_gp=0.0192 p2_discr_real_out=-0.0034 p2_discr_fake_out=-0.0083 p2_discr_real_gp=0.0103 g_grad_abs=5101.0164 d_grad_abs=241.3681 synth_eps=0.9562 synth_eps_raw=0.9562 synth_x0_x0_l1=0.1359 synth_x0_x0_abw=0.5871 synth_x0_gen_adv=7.4468 synth_x0_gen_fm=0.0964 synth_total=11.0676 extra_render_attn_share=0.5348
[step 15000] real_p1_mirror_hole_cov=0.0160 real_p1_skipped=1.0000 real_p1_hole_frac=0.1683 real_p2_eps=0.9478 real_p2_x0_l1=0.1806 real_p2_x0_abw=0.4520 real_p2_gen_adv=7.6250 real_p2_gen_fm=0.1193 real_total=9.8679 discr_adv=2.6993 x0_discr_real_out=-0.0025 x0_discr_fake_out=-0.0469 x0_discr_real_gp=0.0042 p2_discr_real_out=-0.0059 p2_discr_fake_out=-0.1331 p2_discr_real_gp=0.0041 g_grad_abs=8852.8932 d_grad_abs=502.1132 synth_eps=0.6421 synth_eps_raw=0.6421 synth_x0_x0_l1=0.1938 synth_x0_x0_abw=0.2671 synth_x0_gen_adv=7.8911 synth_x0_gen_fm=0.1300 synth_total=6.2731 extra_render_attn_share=0.5348
[images] real: anchor | cond1 | cond2 | inv_warp_mirror | mask | mask_inv | p2_pred_x0 | warp_img | warp_warp_img | x | y_hat | y_hat_novel -> /home/xzy/warpgan-diffusiong-inpainting/warpgan-diffusion-inpainting-main/experiments/train_inpainting_diffusion/[20260910-025204]_v18w1_struct_50k/logs/images/train/real_step0015000.png
[images] synth: cond | mask | pred_x0 | target | warp_img | x | y_hat_novel -> /home/xzy/warpgan-diffusiong-inpainting/warpgan-diffusion-inpainting-main/experiments/train_inpainting_diffusion/[20260910-025204]_v18w1_struct_50k/logs/images/train/synth_step0015000.png
[step 15050] real_p1_mirror_hole_cov=0.1781 real_p1_skipped=1.0000 real_p1_hole_frac=0.4440 real_p2_eps=0.8653 real_p2_x0_l1=0.0916 real_p2_x0_abw=0.7629 real_p2_gen_adv=7.1515 real_p2_gen_fm=0.0630 real_total=11.1975 discr_adv=2.7570 x0_discr_real_out=-0.0480 x0_discr_fake_out=-0.0622 x0_discr_real_gp=0.0051 p2_discr_real_out=0.0009 p2_discr_fake_out=-0.0422 p2_discr_real_gp=0.0042 g_grad_abs=9603.6634 d_grad_abs=222.4614 synth_eps=0.3956 synth_eps_raw=0.3956 synth_x0_x0_l1=0.2487 synth_x0_x0_abw=0.1504 synth_x0_gen_adv=7.4266 synth_x0_gen_fm=0.1699 synth_total=4.1046 extra_render_attn_share=0.5348
[step 15100] real_p1_mirror_hole_cov=0.1497 real_p1_skipped=1.0000 real_p1_hole_frac=0.3123 real_p2_eps=0.4696 real_p2_x0_l1=0.2493 real_p2_x0_abw=0.1872 real_p2_gen_adv=8.3874 real_p2_gen_fm=0.1734 real_total=5.3334 discr_adv=2.5828 x0_discr_real_out=0.0330 x0_discr_fake_out=-0.3060 x0_discr_real_gp=0.0523 p2_discr_real_out=0.0360 p2_discr_fake_out=-0.2687 p2_discr_real_gp=0.0512 g_grad_abs=6338.2860 d_grad_abs=1834.6496 synth_eps=0.0094 synth_eps_raw=0.0094 synth_x0_x0_l1=0.3702 synth_x0_x0_abw=0.0082 synth_x0_gen_adv=7.1176 synth_x0_gen_fm=0.2666 synth_total=0.2879 extra_render_attn_share=0.5348
[step 15150] real_p1_mirror_hole_cov=0.3921 real_p1_skipped=1.0000 real_p1_hole_frac=0.1692 real_p2_eps=0.8070 real_p2_x0_l1=0.1501 real_p2_x0_abw=0.5922 real_p2_gen_adv=6.6607 real_p2_gen_fm=0.1125 real_total=11.4996 discr_adv=2.7695 x0_discr_real_out=0.0641 x0_discr_fake_out=0.0494 x0_discr_real_gp=0.0089 p2_discr_real_out=0.0812 p2_discr_fake_out=0.0561 p2_discr_real_gp=0.0031 g_grad_abs=18807.9518 d_grad_abs=391.4044 synth_eps=0.7202 synth_eps_raw=0.7202 synth_x0_x0_l1=0.0353 synth_x0_x0_abw=0.9441 synth_x0_gen_adv=7.0063 synth_x0_gen_fm=0.0215 synth_total=9.4016 extra_render_attn_share=0.5348
[step 15200] real_p1_mirror_hole_cov=0.1459 real_p1_skipped=1.0000 real_p1_hole_frac=0.2573 real_p2_eps=0.0541 real_p2_x0_l1=0.3316 real_p2_x0_abw=0.0254 real_p2_gen_adv=6.9232 real_p2_gen_fm=0.2354 real_total=0.8357 discr_adv=2.7509 x0_discr_real_out=0.0490 x0_discr_fake_out=-0.0066 x0_discr_real_gp=0.0190 p2_discr_real_out=0.0618 p2_discr_fake_out=0.0034 p2_discr_real_gp=0.0124 g_grad_abs=522.4877 d_grad_abs=326.6875 synth_eps=0.5137 synth_eps_raw=0.5137 synth_x0_x0_l1=0.2623 synth_x0_x0_abw=0.1883 synth_x0_gen_adv=7.2937 synth_x0_gen_fm=0.1754 synth_total=5.2387 extra_render_attn_share=0.5348
[step 15250] real_p1_mirror_hole_cov=0.3755 real_p1_skipped=1.0000 real_p1_hole_frac=0.4606 real_p2_eps=0.0162 real_p2_x0_l1=0.3606 real_p2_x0_abw=0.0115 real_p2_gen_adv=6.9846 real_p2_gen_fm=0.2592 real_total=0.3974 discr_adv=2.7556 x0_discr_real_out=0.0301 x0_discr_fake_out=-0.0758 x0_discr_real_gp=0.0135 p2_discr_real_out=0.0101 p2_discr_fake_out=-0.0094 p2_discr_real_gp=0.0286 g_grad_abs=336.0705 d_grad_abs=508.7098 synth_eps=0.1389 synth_eps_raw=0.1389 synth_x0_x0_l1=0.2887 synth_x0_x0_abw=0.0628 synth_x0_gen_adv=7.2462 synth_x0_gen_fm=0.2009 synth_total=1.8733 extra_render_attn_share=0.5348
[step 15300] real_p1_mirror_hole_cov=0.0045 real_p1_skipped=1.0000 real_p1_hole_frac=0.2445 real_p2_eps=0.0083 real_p2_x0_l1=0.3597 real_p2_x0_abw=0.0070 real_p2_gen_adv=7.1542 real_p2_gen_fm=0.2547 real_total=0.2404 discr_adv=2.7747 x0_discr_real_out=-0.0550 x0_discr_fake_out=-0.0598 x0_discr_real_gp=0.0051 p2_discr_real_out=-0.0288 p2_discr_fake_out=-0.0427 p2_discr_real_gp=0.0027 g_grad_abs=155.2111 d_grad_abs=174.6717 synth_eps=1.0158 synth_eps_raw=1.0158 synth_x0_x0_l1=0.1727 synth_x0_x0_abw=0.5182 synth_x0_gen_adv=7.2623 synth_x0_gen_fm=0.1148 synth_total=10.8165 extra_render_attn_share=0.5348
[step 15350] real_p1_mirror_hole_cov=0.0122 real_p1_skipped=1.0000 real_p1_hole_frac=0.3402 real_p2_eps=0.9545 real_p2_x0_l1=0.1007 real_p2_x0_abw=0.8164 real_p2_gen_adv=6.2237 real_p2_gen_fm=0.0699 real_total=11.8287 discr_adv=2.7397 x0_discr_real_out=0.1128 x0_discr_fake_out=0.0312 x0_discr_real_gp=0.0100 p2_discr_real_out=0.1775 p2_discr_fake_out=0.1478 p2_discr_real_gp=0.0023 g_grad_abs=10604.8111 d_grad_abs=567.8879 synth_eps=0.0467 synth_eps_raw=0.0467 synth_x0_x0_l1=0.3338 synth_x0_x0_abw=0.0224 synth_x0_gen_adv=6.4631 synth_x0_gen_fm=0.2484 synth_total=0.7561 extra_render_attn_share=0.5348
[step 15400] real_p1_mirror_hole_cov=0.0337 real_p1_skipped=1.0000 real_p1_hole_frac=0.0734 real_p2_eps=0.8394 real_p2_x0_l1=0.1103 real_p2_x0_abw=0.7629 real_p2_gen_adv=6.7601 real_p2_gen_fm=0.0762 real_total=11.8953 discr_adv=2.6903 x0_discr_real_out=0.1710 x0_discr_fake_out=0.0517 x0_discr_real_gp=0.0063 p2_discr_real_out=0.1586 p2_discr_fake_out=0.0391 p2_discr_real_gp=0.0166 g_grad_abs=16716.5248 d_grad_abs=750.5540 synth_eps=0.4151 synth_eps_raw=0.4151 synth_x0_x0_l1=0.2529 synth_x0_x0_abw=0.1467 synth_x0_gen_adv=7.5156 synth_x0_gen_fm=0.1667 synth_total=4.0008 extra_render_attn_share=0.5348
[step 15450] real_p1_mirror_hole_cov=0.1734 real_p1_skipped=1.0000 real_p1_hole_frac=0.2544 real_p2_eps=0.6519 real_p2_x0_l1=0.1929 real_p2_x0_abw=0.2899 real_p2_gen_adv=7.4521 real_p2_gen_fm=0.1240 real_total=6.4610 discr_adv=2.7605 x0_discr_real_out=-0.0653 x0_discr_fake_out=-0.0844 x0_discr_real_gp=0.0012 p2_discr_real_out=-0.0713 p2_discr_fake_out=-0.0991 p2_discr_real_gp=0.0024 g_grad_abs=7561.3693 d_grad_abs=242.3169 synth_eps=0.2659 synth_eps_raw=0.2659 synth_x0_x0_l1=0.2717 synth_x0_x0_abw=0.0894 synth_x0_gen_adv=7.4546 synth_x0_gen_fm=0.1751 synth_total=2.5216 extra_render_attn_share=0.5348
[step 15500] real_p1_mirror_hole_cov=0.1624 real_p1_skipped=1.0000 real_p1_hole_frac=0.3546 real_p2_eps=0.8811 real_p2_x0_l1=0.2097 real_p2_x0_abw=0.3560 real_p2_gen_adv=7.9068 real_p2_gen_fm=0.1399 real_total=8.7498 discr_adv=2.6104 x0_discr_real_out=0.0445 x0_discr_fake_out=-0.1339 x0_discr_real_gp=0.0110 p2_discr_real_out=0.0321 p2_discr_fake_out=-0.1822 p2_discr_real_gp=0.0114 g_grad_abs=6804.1187 d_grad_abs=931.1654 synth_eps=0.8983 synth_eps_raw=0.8983 synth_x0_x0_l1=0.0582 synth_x0_x0_abw=0.8362 synth_x0_gen_adv=6.9295 synth_x0_gen_fm=0.0445 synth_total=10.4586 extra_render_attn_share=0.5348
[images] real: anchor | cond1 | cond2 | inv_warp_mirror | mask | mask_inv | p2_pred_x0 | warp_img | warp_warp_img | x | y_hat | y_hat_novel -> /home/xzy/warpgan-diffusiong-inpainting/warpgan-diffusion-inpainting-main/experiments/train_inpainting_diffusion/[20260910-025204]_v18w1_struct_50k/logs/images/train/real_step0015500.png
[images] synth: cond | mask | pred_x0 | target | warp_img | x | y_hat_novel -> /home/xzy/warpgan-diffusiong-inpainting/warpgan-diffusion-inpainting-main/experiments/train_inpainting_diffusion/[20260910-025204]_v18w1_struct_50k/logs/images/train/synth_step0015500.png
[step 15550] real_p1_mirror_hole_cov=0.1202 real_p1_skipped=1.0000 real_p1_hole_frac=0.3876 real_p2_eps=0.9239 real_p2_x0_l1=0.1895 real_p2_x0_abw=0.4390 real_p2_gen_adv=7.3212 real_p2_gen_fm=0.1244 real_total=9.6817 discr_adv=2.6708 x0_discr_real_out=-0.0004 x0_discr_fake_out=-0.1426 x0_discr_real_gp=0.0135 p2_discr_real_out=0.0388 p2_discr_fake_out=-0.0752 p2_discr_real_gp=0.0061 g_grad_abs=9151.6947 d_grad_abs=563.1247 synth_eps=0.1573 synth_eps_raw=0.1573 synth_x0_x0_l1=0.2931 synth_x0_x0_abw=0.0571 synth_x0_gen_adv=7.4425 synth_x0_gen_fm=0.2081 synth_total=1.7868 extra_render_attn_share=0.5348
[step 15600] real_p1_mirror_hole_cov=0.1554 real_p1_skipped=1.0000 real_p1_hole_frac=0.2834 real_p2_eps=0.0507 real_p2_x0_l1=0.3237 real_p2_x0_abw=0.0289 real_p2_gen_adv=6.7844 real_p2_gen_fm=0.2381 real_total=0.9448 discr_adv=2.7754 x0_discr_real_out=0.1323 x0_discr_fake_out=0.1229 x0_discr_real_gp=0.0053 p2_discr_real_out=0.0999 p2_discr_fake_out=0.0348 p2_discr_real_gp=0.0198 g_grad_abs=866.8525 d_grad_abs=431.5551 synth_eps=0.7590 synth_eps_raw=0.7590 synth_x0_x0_l1=0.2069 synth_x0_x0_abw=0.4133 synth_x0_gen_adv=6.5871 synth_x0_gen_fm=0.1364 synth_total=9.2029 extra_render_attn_share=0.5348
[step 15650] real_p1_mirror_hole_cov=0.1716 real_p1_skipped=1.0000 real_p1_hole_frac=0.3707 real_p2_eps=0.8387 real_p2_x0_l1=0.1662 real_p2_x0_abw=0.3651 real_p2_gen_adv=7.9300 real_p2_gen_fm=0.1152 real_total=8.0001 discr_adv=2.6910 x0_discr_real_out=-0.0028 x0_discr_fake_out=-0.1074 x0_discr_real_gp=0.0114 p2_discr_real_out=-0.0462 p2_discr_fake_out=-0.1881 p2_discr_real_gp=0.0213 g_grad_abs=7315.6242 d_grad_abs=391.1324 synth_eps=0.9086 synth_eps_raw=0.9086 synth_x0_x0_l1=0.0802 synth_x0_x0_abw=0.8804 synth_x0_gen_adv=7.1605 synth_x0_gen_fm=0.0503 synth_total=11.7120 extra_render_attn_share=0.5348
[step 15700] real_p1_mirror_hole_cov=0.0096 real_p1_skipped=1.0000 real_p1_hole_frac=0.3233 real_p2_eps=0.0144 real_p2_x0_l1=0.3703 real_p2_x0_abw=0.0079 real_p2_gen_adv=7.3094 real_p2_gen_fm=0.2575 real_total=0.2780 discr_adv=2.7534 x0_discr_real_out=-0.0280 x0_discr_fake_out=-0.1045 x0_discr_real_gp=0.0036 p2_discr_real_out=-0.0755 p2_discr_fake_out=-0.0728 p2_discr_real_gp=0.0077 g_grad_abs=228.2888 d_grad_abs=277.3770 synth_eps=0.0224 synth_eps_raw=0.0224 synth_x0_x0_l1=0.3530 synth_x0_x0_abw=0.0116 synth_x0_gen_adv=7.3648 synth_x0_gen_fm=0.2483 synth_total=0.3994 extra_render_attn_share=0.5348
[step 15750] real_p1_mirror_hole_cov=0.1126 real_p1_skipped=1.0000 real_p1_hole_frac=0.1756 real_p2_eps=0.6499 real_p2_x0_l1=0.2027 real_p2_x0_abw=0.3913 real_p2_gen_adv=6.0093 real_p2_gen_fm=0.1432 real_total=8.6826 discr_adv=2.7971 x0_discr_real_out=0.1640 x0_discr_fake_out=0.1551 x0_discr_real_gp=0.0022 p2_discr_real_out=0.1813 p2_discr_fake_out=0.1951 p2_discr_real_gp=0.0027 g_grad_abs=17380.1089 d_grad_abs=333.3785 synth_eps=0.0410 synth_eps_raw=0.0410 synth_x0_x0_l1=0.3302 synth_x0_x0_abw=0.0212 synth_x0_gen_adv=6.2610 synth_x0_gen_fm=0.2252 synth_total=0.6568 extra_render_attn_share=0.5348
[step 15800] real_p1_mirror_hole_cov=0.1087 real_p1_skipped=1.0000 real_p1_hole_frac=0.4449 real_p2_eps=1.0434 real_p2_x0_l1=0.0863 real_p2_x0_abw=0.7350 real_p2_gen_adv=7.1413 real_p2_gen_fm=0.0526 real_total=10.2240 discr_adv=2.7707 x0_discr_real_out=-0.0092 x0_discr_fake_out=-0.0087 x0_discr_real_gp=0.0015 p2_discr_real_out=-0.0234 p2_discr_fake_out=-0.0412 p2_discr_real_gp=0.0046 g_grad_abs=15237.7888 d_grad_abs=69.8753 synth_eps=0.4388 synth_eps_raw=0.4388 synth_x0_x0_l1=0.2379 synth_x0_x0_abw=0.1195 synth_x0_gen_adv=7.1224 synth_x0_gen_fm=0.1423 synth_total=3.0184 extra_render_attn_share=0.5348
[step 15850] real_p1_mirror_hole_cov=0.0286 real_p1_skipped=1.0000 real_p1_hole_frac=0.2271 real_p2_eps=1.0951 real_p2_x0_l1=0.1638 real_p2_x0_abw=0.5551 real_p2_gen_adv=7.1304 real_p2_gen_fm=0.1015 real_total=10.7791 discr_adv=2.7312 x0_discr_real_out=0.0788 x0_discr_fake_out=0.0773 x0_discr_real_gp=0.0330 p2_discr_real_out=0.1495 p2_discr_fake_out=-0.0385 p2_discr_real_gp=0.0135 g_grad_abs=9562.1121 d_grad_abs=345.3087 synth_eps=0.7930 synth_eps_raw=0.7930 synth_x0_x0_l1=0.2055 synth_x0_x0_abw=0.2858 synth_x0_gen_adv=7.4726 synth_x0_gen_fm=0.1222 synth_total=6.4787 extra_render_attn_share=0.5348
[step 15900] real_p1_mirror_hole_cov=0.1085 real_p1_skipped=1.0000 real_p1_hole_frac=0.4596 real_p2_eps=0.9488 real_p2_x0_l1=0.0918 real_p2_x0_abw=0.7706 real_p2_gen_adv=6.8409 real_p2_gen_fm=0.0611 real_total=10.9954 discr_adv=2.7545 x0_discr_real_out=0.0415 x0_discr_fake_out=0.0142 x0_discr_real_gp=0.0039 p2_discr_real_out=0.0485 p2_discr_fake_out=0.0192 p2_discr_real_gp=0.0033 g_grad_abs=9496.0087 d_grad_abs=155.4951 synth_eps=0.7607 synth_eps_raw=0.7607 synth_x0_x0_l1=0.1802 synth_x0_x0_abw=0.3382 synth_x0_gen_adv=7.2015 synth_x0_gen_fm=0.1142 synth_total=7.1184 extra_render_attn_share=0.5348
[step 15950] real_p1_mirror_hole_cov=0.0249 real_p1_skipped=1.0000 real_p1_hole_frac=0.3115 real_p2_eps=1.0261 real_p2_x0_l1=0.1806 real_p2_x0_abw=0.4520 real_p2_gen_adv=6.9336 real_p2_gen_fm=0.1025 real_total=8.8723 discr_adv=2.7569 x0_discr_real_out=0.0153 x0_discr_fake_out=-0.0029 x0_discr_real_gp=0.0005 p2_discr_real_out=0.0171 p2_discr_fake_out=0.0001 p2_discr_real_gp=0.0004 g_grad_abs=9306.1661 d_grad_abs=133.7747 synth_eps=1.0901 synth_eps_raw=1.0901 synth_x0_x0_l1=0.1423 synth_x0_x0_abw=0.5484 synth_x0_gen_adv=6.9330 synth_x0_gen_fm=0.0876 synth_total=9.7753 extra_render_attn_share=0.5348
[val step 15999] val_novel_full=0.3071 val_novel_hole=0.2236 val_novel_visible=0.3222
[step 16000] real_p1_mirror_hole_cov=0.0110 real_p1_skipped=1.0000 real_p1_hole_frac=0.3181 real_p2_eps=1.0406 real_p2_x0_l1=0.1458 real_p2_x0_abw=0.4849 real_p2_gen_adv=7.8692 real_p2_gen_fm=0.0973 real_total=9.6441 discr_adv=2.7031 x0_discr_real_out=0.0089 x0_discr_fake_out=-0.0144 x0_discr_real_gp=0.0187 p2_discr_real_out=0.0308 p2_discr_fake_out=-0.1782 p2_discr_real_gp=0.0225 g_grad_abs=8089.8178 d_grad_abs=248.7908 synth_eps=0.8630 synth_eps_raw=0.8630 synth_x0_x0_l1=0.1839 synth_x0_x0_abw=0.3426 synth_x0_gen_adv=7.5032 synth_x0_gen_fm=0.1177 synth_total=7.5287 extra_render_attn_share=0.5334
[images] real: anchor | cond1 | cond2 | inv_warp_mirror | mask | mask_inv | p2_pred_x0 | warp_img | warp_warp_img | x | y_hat | y_hat_novel -> /home/xzy/warpgan-diffusiong-inpainting/warpgan-diffusion-inpainting-main/experiments/train_inpainting_diffusion/[20260910-025204]_v18w1_struct_50k/logs/images/train/real_step0016000.png
[images] synth: cond | mask | pred_x0 | target | warp_img | x | y_hat_novel -> /home/xzy/warpgan-diffusiong-inpainting/warpgan-diffusion-inpainting-main/experiments/train_inpainting_diffusion/[20260910-025204]_v18w1_struct_50k/logs/images/train/synth_step0016000.png
[step 16050] real_p1_mirror_hole_cov=0.0027 real_p1_skipped=1.0000 real_p1_hole_frac=0.2656 real_p2_eps=0.8062 real_p2_x0_l1=0.1761 real_p2_x0_abw=0.4054 real_p2_gen_adv=7.3778 real_p2_gen_fm=0.1116 real_total=8.3919 discr_adv=2.6496 x0_discr_real_out=0.0407 x0_discr_fake_out=-0.2297 x0_discr_real_gp=0.0414 p2_discr_real_out=0.0616 p2_discr_fake_out=-0.0861 p2_discr_real_gp=0.0339 g_grad_abs=7489.6102 d_grad_abs=621.7665 synth_eps=0.8930 synth_eps_raw=0.8930 synth_x0_x0_l1=0.0715 synth_x0_x0_abw=0.8854 synth_x0_gen_adv=6.6904 synth_x0_gen_fm=0.0384 synth_total=10.2798 extra_render_attn_share=0.5334
[step 16100] real_p1_mirror_hole_cov=0.1091 real_p1_skipped=1.0000 real_p1_hole_frac=0.3186 real_p2_eps=0.9635 real_p2_x0_l1=0.0798 real_p2_x0_abw=0.8445 real_p2_gen_adv=7.1174 real_p2_gen_fm=0.0558 real_total=11.7508 discr_adv=2.7295 x0_discr_real_out=0.0146 x0_discr_fake_out=-0.0581 x0_discr_real_gp=0.0040 p2_discr_real_out=-0.0016 p2_discr_fake_out=-0.0366 p2_discr_real_gp=0.0057 g_grad_abs=8900.2738 d_grad_abs=134.8524 synth_eps=0.8239 synth_eps_raw=0.8239 synth_x0_x0_l1=0.0567 synth_x0_x0_abw=0.8554 synth_x0_gen_adv=7.0938 synth_x0_gen_fm=0.0379 synth_total=10.1859 extra_render_attn_share=0.5334
[step 16150] real_p1_mirror_hole_cov=0.0175 real_p1_skipped=1.0000 real_p1_hole_frac=0.1329 real_p2_eps=0.9401 real_p2_x0_l1=0.0893 real_p2_x0_abw=0.6820 real_p2_gen_adv=6.8152 real_p2_gen_fm=0.0617 real_total=9.8542 discr_adv=2.7805 x0_discr_real_out=0.1352 x0_discr_fake_out=0.0956 x0_discr_real_gp=0.0209 p2_discr_real_out=0.0873 p2_discr_fake_out=0.0250 p2_discr_real_gp=0.0300 g_grad_abs=11003.5328 d_grad_abs=302.1861 synth_eps=0.9145 synth_eps_raw=0.9145 synth_x0_x0_l1=0.1007 synth_x0_x0_abw=0.8376 synth_x0_gen_adv=6.4014 synth_x0_gen_fm=0.0614 synth_total=11.5027 extra_render_attn_share=0.5334
[step 16200] real_p1_mirror_hole_cov=0.0547 real_p1_skipped=1.0000 real_p1_hole_frac=0.6262 real_p2_eps=0.0272 real_p2_x0_l1=0.3420 real_p2_x0_abw=0.0139 real_p2_gen_adv=6.7796 real_p2_gen_fm=0.2390 real_total=0.4573 discr_adv=2.7720 x0_discr_real_out=0.1025 x0_discr_fake_out=0.0313 x0_discr_real_gp=0.0187 p2_discr_real_out=0.0488 p2_discr_fake_out=0.0313 p2_discr_real_gp=0.0217 g_grad_abs=317.6334 d_grad_abs=263.9000 synth_eps=0.0362 synth_eps_raw=0.0362 synth_x0_x0_l1=0.3458 synth_x0_x0_abw=0.0177 synth_x0_gen_adv=6.8438 synth_x0_gen_fm=0.2363 synth_total=0.5820 extra_render_attn_share=0.5334
[step 16250] real_p1_mirror_hole_cov=0.0808 real_p1_skipped=1.0000 real_p1_hole_frac=0.2811 real_p2_eps=0.0075 real_p2_x0_l1=0.3658 real_p2_x0_abw=0.0067 real_p2_gen_adv=7.0281 real_p2_gen_fm=0.2551 real_total=0.2286 discr_adv=2.7386 x0_discr_real_out=0.0254 x0_discr_fake_out=-0.1099 x0_discr_real_gp=0.0134 p2_discr_real_out=-0.0227 p2_discr_fake_out=-0.0153 p2_discr_real_gp=0.0066 g_grad_abs=215.9065 d_grad_abs=490.5685 synth_eps=0.4846 synth_eps_raw=0.4846 synth_x0_x0_l1=0.2519 synth_x0_x0_abw=0.1894 synth_x0_gen_adv=7.3951 synth_x0_gen_fm=0.1607 synth_total=4.9756 extra_render_attn_share=0.5334
[step 16300] real_p1_mirror_hole_cov=0.1330 real_p1_skipped=1.0000 real_p1_hole_frac=0.2499 real_p2_eps=0.9636 real_p2_x0_l1=0.1435 real_p2_x0_abw=0.7015 real_p2_gen_adv=6.9621 real_p2_gen_fm=0.1061 real_total=13.3891 discr_adv=2.7029 x0_discr_real_out=0.0175 x0_discr_fake_out=-0.2582 x0_discr_real_gp=0.0880 p2_discr_real_out=0.0906 p2_discr_fake_out=-0.0050 p2_discr_real_gp=0.0152 g_grad_abs=17040.0094 d_grad_abs=971.9688 synth_eps=0.0180 synth_eps_raw=0.0180 synth_x0_x0_l1=0.3589 synth_x0_x0_abw=0.0117 synth_x0_gen_adv=6.9742 synth_x0_gen_fm=0.2595 synth_total=0.4076 extra_render_attn_share=0.5334
[step 16350] real_p1_mirror_hole_cov=0.0143 real_p1_skipped=1.0000 real_p1_hole_frac=0.3109 real_p2_eps=0.2366 real_p2_x0_l1=0.2624 real_p2_x0_abw=0.0766 real_p2_gen_adv=7.2300 real_p2_gen_fm=0.1743 real_total=2.1460 discr_adv=2.7534 x0_discr_real_out=-0.0213 x0_discr_fake_out=-0.0258 x0_discr_real_gp=0.0018 p2_discr_real_out=-0.0147 p2_discr_fake_out=-0.0582 p2_discr_real_gp=0.0017 g_grad_abs=1825.0474 d_grad_abs=152.2090 synth_eps=0.0104 synth_eps_raw=0.0104 synth_x0_x0_l1=0.3566 synth_x0_x0_abw=0.0061 synth_x0_gen_adv=7.0015 synth_x0_gen_fm=0.2488 synth_total=0.2055 extra_render_attn_share=0.5334
[step 16400] real_p1_mirror_hole_cov=0.4842 real_p1_skipped=1.0000 real_p1_hole_frac=0.2238 real_p2_eps=0.8455 real_p2_x0_l1=0.1989 real_p2_x0_abw=0.4007 real_p2_gen_adv=6.9972 real_p2_gen_fm=0.1301 real_total=8.9394 discr_adv=2.7187 x0_discr_real_out=0.0442 x0_discr_fake_out=0.0162 x0_discr_real_gp=0.0107 p2_discr_real_out=0.1106 p2_discr_fake_out=-0.0115 p2_discr_real_gp=0.0064 g_grad_abs=8325.0023 d_grad_abs=383.9158 synth_eps=0.3650 synth_eps_raw=0.3650 synth_x0_x0_l1=0.2588 synth_x0_x0_abw=0.1378 synth_x0_gen_adv=7.5006 synth_x0_gen_fm=0.1660 synth_total=3.7216 extra_render_attn_share=0.5334
[step 16450] real_p1_mirror_hole_cov=0.0629 real_p1_skipped=1.0000 real_p1_hole_frac=0.0914 real_p2_eps=0.5702 real_p2_x0_l1=0.0411 real_p2_x0_abw=0.9028 real_p2_gen_adv=7.1427 real_p2_gen_fm=0.0241 real_total=9.2348 discr_adv=2.7723 x0_discr_real_out=-0.0344 x0_discr_fake_out=-0.0832 x0_discr_real_gp=0.0185 p2_discr_real_out=-0.0331 p2_discr_fake_out=-0.0403 p2_discr_real_gp=0.0047 g_grad_abs=10378.7185 d_grad_abs=329.3217 synth_eps=0.7302 synth_eps_raw=0.7302 synth_x0_x0_l1=0.0339 synth_x0_x0_abw=0.9206 synth_x0_gen_adv=7.0348 synth_x0_gen_fm=0.0215 synth_total=9.2204 extra_render_attn_share=0.5334
[step 16500] real_p1_mirror_hole_cov=0.0317 real_p1_skipped=1.0000 real_p1_hole_frac=0.0545 real_p2_eps=0.8285 real_p2_x0_l1=0.2019 real_p2_x0_abw=0.4471 real_p2_gen_adv=6.5711 real_p2_gen_fm=0.1390 real_total=10.0704 discr_adv=2.7605 x0_discr_real_out=0.0526 x0_discr_fake_out=0.0459 x0_discr_real_gp=0.0039 p2_discr_real_out=0.1165 p2_discr_fake_out=0.0749 p2_discr_real_gp=0.0021 g_grad_abs=10343.1752 d_grad_abs=321.4143 synth_eps=0.7239 synth_eps_raw=0.7239 synth_x0_x0_l1=0.1772 synth_x0_x0_abw=0.5115 synth_x0_gen_adv=6.9218 synth_x0_gen_fm=0.1265 synth_total=10.8235 extra_render_attn_share=0.5334
[images] real: anchor | cond1 | cond2 | inv_warp_mirror | mask | mask_inv | p2_pred_x0 | warp_img | warp_warp_img | x | y_hat | y_hat_novel -> /home/xzy/warpgan-diffusiong-inpainting/warpgan-diffusion-inpainting-main/experiments/train_inpainting_diffusion/[20260910-025204]_v18w1_struct_50k/logs/images/train/real_step0016500.png
[images] synth: cond | mask | pred_x0 | target | warp_img | x | y_hat_novel -> /home/xzy/warpgan-diffusiong-inpainting/warpgan-diffusion-inpainting-main/experiments/train_inpainting_diffusion/[20260910-025204]_v18w1_struct_50k/logs/images/train/synth_step0016500.png
[step 16550] real_p1_mirror_hole_cov=0.0303 real_p1_skipped=1.0000 real_p1_hole_frac=0.2145 real_p2_eps=0.9309 real_p2_x0_l1=0.1278 real_p2_x0_abw=0.7490 real_p2_gen_adv=6.8920 real_p2_gen_fm=0.0952 real_total=13.3234 discr_adv=2.7634 x0_discr_real_out=-0.0499 x0_discr_fake_out=-0.0557 x0_discr_real_gp=0.0037 p2_discr_real_out=0.0386 p2_discr_fake_out=0.0097 p2_discr_real_gp=0.0014 g_grad_abs=88071.6439 d_grad_abs=217.5125 synth_eps=0.0882 synth_eps_raw=0.0882 synth_x0_x0_l1=0.2974 synth_x0_x0_abw=0.0356 synth_x0_gen_adv=7.9809 synth_x0_gen_fm=0.2198 synth_total=1.1649 extra_render_attn_share=0.5334
[step 16600] real_p1_mirror_hole_cov=0.0715 real_p1_skipped=1.0000 real_p1_hole_frac=0.0790 real_p2_eps=1.0499 real_p2_x0_l1=0.1560 real_p2_x0_abw=0.5686 real_p2_gen_adv=7.0110 real_p2_gen_fm=0.0958 real_total=10.5724 discr_adv=2.7395 x0_discr_real_out=0.0297 x0_discr_fake_out=0.0092 x0_discr_real_gp=0.0008 p2_discr_real_out=0.0360 p2_discr_fake_out=-0.0150 p2_discr_real_gp=0.0007 g_grad_abs=11884.2426 d_grad_abs=160.1455 synth_eps=0.9575 synth_eps_raw=0.9575 synth_x0_x0_l1=0.1022 synth_x0_x0_abw=0.8034 synth_x0_gen_adv=6.9621 synth_x0_gen_fm=0.0665 synth_total=11.9763 extra_render_attn_share=0.5334
[step 16650] real_p1_mirror_hole_cov=0.2108 real_p1_skipped=1.0000 real_p1_hole_frac=0.1568 real_p2_eps=0.1309 real_p2_x0_l1=0.2931 real_p2_x0_abw=0.0461 real_p2_gen_adv=6.9799 real_p2_gen_fm=0.1883 real_total=1.3342 discr_adv=2.7005 x0_discr_real_out=0.0965 x0_discr_fake_out=-0.0359 x0_discr_real_gp=0.0234 p2_discr_real_out=0.1017 p2_discr_fake_out=-0.0090 p2_discr_real_gp=0.0219 g_grad_abs=839.2865 d_grad_abs=362.8455 synth_eps=0.9400 synth_eps_raw=0.9400 synth_x0_x0_l1=0.1234 synth_x0_x0_abw=0.6424 synth_x0_gen_adv=7.1032 synth_x0_gen_fm=0.0799 synth_total=10.7169 extra_render_attn_share=0.5334
[step 16700] real_p1_mirror_hole_cov=0.1977 real_p1_skipped=1.0000 real_p1_hole_frac=0.3819 real_p2_eps=0.5384 real_p2_x0_l1=0.2338 real_p2_x0_abw=0.1937 real_p2_gen_adv=8.0402 real_p2_gen_fm=0.1590 real_total=5.2213 discr_adv=2.6449 x0_discr_real_out=-0.0064 x0_discr_fake_out=-0.1712 x0_discr_real_gp=0.0141 p2_discr_real_out=-0.0177 p2_discr_fake_out=-0.2081 p2_discr_real_gp=0.0229 g_grad_abs=6209.7343 d_grad_abs=1024.1385 synth_eps=0.8740 synth_eps_raw=0.8740 synth_x0_x0_l1=0.1960 synth_x0_x0_abw=0.4086 synth_x0_gen_adv=8.4906 synth_x0_gen_fm=0.1381 synth_total=10.0660 extra_render_attn_share=0.5334
[step 16750] real_p1_mirror_hole_cov=0.0068 real_p1_skipped=1.0000 real_p1_hole_frac=0.1073 real_p2_eps=0.1301 real_p2_x0_l1=0.2817 real_p2_x0_abw=0.0535 real_p2_gen_adv=7.4747 real_p2_gen_fm=0.1938 real_total=1.5820 discr_adv=2.8196 x0_discr_real_out=0.0417 x0_discr_fake_out=0.0185 x0_discr_real_gp=0.0571 p2_discr_real_out=0.0463 p2_discr_fake_out=-0.1046 p2_discr_real_gp=0.0729 g_grad_abs=1092.5829 d_grad_abs=1318.0115 synth_eps=0.0164 synth_eps_raw=0.0164 synth_x0_x0_l1=0.3559 synth_x0_x0_abw=0.0115 synth_x0_gen_adv=6.6461 synth_x0_gen_fm=0.2505 synth_total=0.3838 extra_render_attn_share=0.5334
[step 16800] real_p1_mirror_hole_cov=0.0050 real_p1_skipped=1.0000 real_p1_hole_frac=0.3514 real_p2_eps=0.4123 real_p2_x0_l1=0.2399 real_p2_x0_abw=0.1476 real_p2_gen_adv=7.6125 real_p2_gen_fm=0.1641 real_total=3.9933 discr_adv=2.7539 x0_discr_real_out=-0.0515 x0_discr_fake_out=-0.0547 x0_discr_real_gp=0.0049 p2_discr_real_out=-0.0664 p2_discr_fake_out=-0.1304 p2_discr_real_gp=0.0042 g_grad_abs=3443.1645 d_grad_abs=212.4427 synth_eps=1.0457 synth_eps_raw=1.0457 synth_x0_x0_l1=0.1363 synth_x0_x0_abw=0.7031 synth_x0_gen_adv=7.2145 synth_x0_gen_fm=0.0942 synth_total=12.8341 extra_render_attn_share=0.5334
[step 16850] real_p1_mirror_hole_cov=0.0906 real_p1_skipped=1.0000 real_p1_hole_frac=0.4968 real_p2_eps=0.9871 real_p2_x0_l1=0.1472 real_p2_x0_abw=0.6391 real_p2_gen_adv=7.1246 real_p2_gen_fm=0.0994 real_total=11.9879 discr_adv=2.7561 x0_discr_real_out=-0.0744 x0_discr_fake_out=-0.1029 x0_discr_real_gp=0.0049 p2_discr_real_out=-0.0062 p2_discr_fake_out=-0.0360 p2_discr_real_gp=0.0014 g_grad_abs=13504.3121 d_grad_abs=299.9800 synth_eps=0.5644 synth_eps_raw=0.5644 synth_x0_x0_l1=0.2457 synth_x0_x0_abw=0.2580 synth_x0_gen_adv=7.3912 synth_x0_gen_fm=0.1501 synth_total=6.4066 extra_render_attn_share=0.5334
[step 16900] real_p1_mirror_hole_cov=0.1380 real_p1_skipped=1.0000 real_p1_hole_frac=0.4796 real_p2_eps=0.7920 real_p2_x0_l1=0.0561 real_p2_x0_abw=0.7721 real_p2_gen_adv=6.2649 real_p2_gen_fm=0.0400 real_total=8.7612 discr_adv=2.7798 x0_discr_real_out=0.2077 x0_discr_fake_out=0.1785 x0_discr_real_gp=0.0021 p2_discr_real_out=0.1538 p2_discr_fake_out=0.1417 p2_discr_real_gp=0.0037 g_grad_abs=9491.1634 d_grad_abs=402.5986 synth_eps=0.0966 synth_eps_raw=0.0966 synth_x0_x0_l1=0.3141 synth_x0_x0_abw=0.0526 synth_x0_gen_adv=6.5566 synth_x0_gen_fm=0.2154 synth_total=1.5920 extra_render_attn_share=0.5334
[step 16950] real_p1_mirror_hole_cov=0.0017 real_p1_skipped=1.0000 real_p1_hole_frac=0.1598 real_p2_eps=0.0152 real_p2_x0_l1=0.3570 real_p2_x0_abw=0.0092 real_p2_gen_adv=7.1482 real_p2_gen_fm=0.2540 real_total=0.3185 discr_adv=2.7359 x0_discr_real_out=0.1069 x0_discr_fake_out=-0.0073 x0_discr_real_gp=0.0042 p2_discr_real_out=-0.0109 p2_discr_fake_out=-0.0415 p2_discr_real_gp=0.0273 g_grad_abs=244.0254 d_grad_abs=335.2691 synth_eps=0.6078 synth_eps_raw=0.6078 synth_x0_x0_l1=0.2253 synth_x0_x0_abw=0.2684 synth_x0_gen_adv=7.5449 synth_x0_gen_fm=0.1514 synth_total=6.7560 extra_render_attn_share=0.5334
[step 17000] real_p1_mirror_hole_cov=0.1005 real_p1_skipped=1.0000 real_p1_hole_frac=0.3328 real_p2_eps=0.9395 real_p2_x0_l1=0.1780 real_p2_x0_abw=0.4471 real_p2_gen_adv=7.0907 real_p2_gen_fm=0.1131 real_total=9.2438 discr_adv=2.7504 x0_discr_real_out=-0.0651 x0_discr_fake_out=-0.0652 x0_discr_real_gp=0.0023 p2_discr_real_out=0.0239 p2_discr_fake_out=-0.0309 p2_discr_real_gp=0.0008 g_grad_abs=6644.9068 d_grad_abs=206.7468 synth_eps=0.2523 synth_eps_raw=0.2523 synth_x0_x0_l1=0.2597 synth_x0_x0_abw=0.0894 synth_x0_gen_adv=7.0634 synth_x0_gen_fm=0.1649 synth_total=2.3812 extra_render_attn_share=0.5334
[images] real: anchor | cond1 | cond2 | inv_warp_mirror | mask | mask_inv | p2_pred_x0 | warp_img | warp_warp_img | x | y_hat | y_hat_novel -> /home/xzy/warpgan-diffusiong-inpainting/warpgan-diffusion-inpainting-main/experiments/train_inpainting_diffusion/[20260910-025204]_v18w1_struct_50k/logs/images/train/real_step0017000.png
[images] synth: cond | mask | pred_x0 | target | warp_img | x | y_hat_novel -> /home/xzy/warpgan-diffusiong-inpainting/warpgan-diffusion-inpainting-main/experiments/train_inpainting_diffusion/[20260910-025204]_v18w1_struct_50k/logs/images/train/synth_step0017000.png
[step 17050] real_p1_mirror_hole_cov=0.0287 real_p1_skipped=1.0000 real_p1_hole_frac=0.2122 real_p2_eps=0.5736 real_p2_x0_l1=0.2308 real_p2_x0_abw=0.2503 real_p2_gen_adv=7.2363 real_p2_gen_fm=0.1501 real_total=6.1992 discr_adv=2.7036 x0_discr_real_out=0.0293 x0_discr_fake_out=-0.0479 x0_discr_real_gp=0.0134 p2_discr_real_out=0.0619 p2_discr_fake_out=-0.0583 p2_discr_real_gp=0.0128 g_grad_abs=4082.0933 d_grad_abs=396.4712 synth_eps=0.7851 synth_eps_raw=0.7851 synth_x0_x0_l1=0.1740 synth_x0_x0_abw=0.5636 synth_x0_gen_adv=6.8126 synth_x0_gen_fm=0.1187 synth_total=11.4125 extra_render_attn_share=0.5334
[step 17100] real_p1_mirror_hole_cov=0.0604 real_p1_skipped=1.0000 real_p1_hole_frac=0.5213 real_p2_eps=0.4196 real_p2_x0_l1=0.2650 real_p2_x0_abw=0.1768 real_p2_gen_adv=7.6392 real_p2_gen_fm=0.1742 real_total=4.8955 discr_adv=2.7381 x0_discr_real_out=-0.0854 x0_discr_fake_out=-0.1990 x0_discr_real_gp=0.0352 p2_discr_real_out=-0.0476 p2_discr_fake_out=-0.1354 p2_discr_real_gp=0.0196 g_grad_abs=3173.8266 d_grad_abs=624.5105 synth_eps=0.8117 synth_eps_raw=0.8117 synth_x0_x0_l1=0.0715 synth_x0_x0_abw=0.7960 synth_x0_gen_adv=7.3598 synth_x0_gen_fm=0.0604 synth_total=11.5331 extra_render_attn_share=0.5334
[step 17150] real_p1_mirror_hole_cov=0.0226 real_p1_skipped=1.0000 real_p1_hole_frac=0.2842 real_p2_eps=0.0138 real_p2_x0_l1=0.3608 real_p2_x0_abw=0.0088 real_p2_gen_adv=7.2304 real_p2_gen_fm=0.2523 real_total=0.3032 discr_adv=2.7779 x0_discr_real_out=-0.0527 x0_discr_fake_out=-0.0554 x0_discr_real_gp=0.0018 p2_discr_real_out=-0.0565 p2_discr_fake_out=-0.0580 p2_discr_real_gp=0.0022 g_grad_abs=195.2734 d_grad_abs=139.7660 synth_eps=0.9784 synth_eps_raw=0.9784 synth_x0_x0_l1=0.1671 synth_x0_x0_abw=0.5450 synth_x0_gen_adv=7.1998 synth_x0_gen_fm=0.1093 synth_total=10.9524 extra_render_attn_share=0.5334
[step 17200] real_p1_mirror_hole_cov=0.0517 real_p1_skipped=1.0000 real_p1_hole_frac=0.2333 real_p2_eps=0.1534 real_p2_x0_l1=0.2983 real_p2_x0_abw=0.0673 real_p2_gen_adv=6.8854 real_p2_gen_fm=0.2152 real_total=2.0865 discr_adv=2.7736 x0_discr_real_out=0.0275 x0_discr_fake_out=0.0222 x0_discr_real_gp=0.0054 p2_discr_real_out=0.0357 p2_discr_fake_out=0.0118 p2_discr_real_gp=0.0054 g_grad_abs=1872.3893 d_grad_abs=432.0763 synth_eps=0.6462 synth_eps_raw=0.6462 synth_x0_x0_l1=0.0346 synth_x0_x0_abw=0.9275 synth_x0_gen_adv=7.1469 synth_x0_gen_fm=0.0219 synth_total=9.3396 extra_render_attn_share=0.5334
[step 17250] real_p1_mirror_hole_cov=0.0860 real_p1_skipped=1.0000 real_p1_hole_frac=0.4428 real_p2_eps=0.8143 real_p2_x0_l1=0.0915 real_p2_x0_abw=0.6803 real_p2_gen_adv=6.7055 real_p2_gen_fm=0.0773 real_total=10.6952 discr_adv=2.7501 x0_discr_real_out=0.1542 x0_discr_fake_out=0.1040 x0_discr_real_gp=0.0052 p2_discr_real_out=0.1175 p2_discr_fake_out=0.0468 p2_discr_real_gp=0.0251 g_grad_abs=11902.9526 d_grad_abs=217.2567 synth_eps=0.5076 synth_eps_raw=0.5076 synth_x0_x0_l1=0.2552 synth_x0_x0_abw=0.2490 synth_x0_gen_adv=6.8655 synth_x0_gen_fm=0.1827 synth_total=6.8315 extra_render_attn_share=0.5334
[step 17300] real_p1_mirror_hole_cov=0.0391 real_p1_skipped=1.0000 real_p1_hole_frac=0.0589 real_p2_eps=0.6310 real_p2_x0_l1=0.1929 real_p2_x0_abw=0.2151 real_p2_gen_adv=7.0922 real_p2_gen_fm=0.1289 real_total=4.9706 discr_adv=2.7437 x0_discr_real_out=-0.0059 x0_discr_fake_out=-0.0285 x0_discr_real_gp=0.0011 p2_discr_real_out=0.0098 p2_discr_fake_out=-0.0315 p2_discr_real_gp=0.0011 g_grad_abs=6225.8938 d_grad_abs=161.0228 synth_eps=0.9398 synth_eps_raw=0.9398 synth_x0_x0_l1=0.1547 synth_x0_x0_abw=0.3897 synth_x0_gen_adv=7.0272 synth_x0_gen_fm=0.0963 synth_total=7.4912 extra_render_attn_share=0.5334
[step 17350] real_p1_mirror_hole_cov=0.1976 real_p1_skipped=1.0000 real_p1_hole_frac=0.2923 real_p2_eps=0.8560 real_p2_x0_l1=0.0129 real_p2_x0_abw=0.9948 real_p2_gen_adv=7.0065 real_p2_gen_fm=0.0022 real_total=8.0611 discr_adv=2.7909 x0_discr_real_out=-0.0504 x0_discr_fake_out=-0.0554 x0_discr_real_gp=0.0131 p2_discr_real_out=-0.0148 p2_discr_fake_out=-0.0145 p2_discr_real_gp=0.0058 g_grad_abs=1348.3627 d_grad_abs=254.6095 synth_eps=0.0993 synth_eps_raw=0.0993 synth_x0_x0_l1=0.3056 synth_x0_x0_abw=0.0413 synth_x0_gen_adv=7.4219 synth_x0_gen_fm=0.2107 synth_total=1.2883 extra_render_attn_share=0.5334
[step 17400] real_p1_mirror_hole_cov=0.0037 real_p1_skipped=1.0000 real_p1_hole_frac=0.1721 real_p2_eps=0.0598 real_p2_x0_l1=0.3266 real_p2_x0_abw=0.0251 real_p2_gen_adv=7.1779 real_p2_gen_fm=0.2150 real_total=0.7890 discr_adv=2.7660 x0_discr_real_out=-0.0323 x0_discr_fake_out=-0.0397 x0_discr_real_gp=0.0022 p2_discr_real_out=-0.0308 p2_discr_fake_out=-0.0483 p2_discr_real_gp=0.0022 g_grad_abs=894.7968 d_grad_abs=112.5433 synth_eps=0.8524 synth_eps_raw=0.8524 synth_x0_x0_l1=0.1798 synth_x0_x0_abw=0.3636 synth_x0_gen_adv=6.9756 synth_x0_gen_fm=0.1112 synth_total=7.4969 extra_render_attn_share=0.5334
[step 17450] real_p1_mirror_hole_cov=0.2468 real_p1_skipped=1.0000 real_p1_hole_frac=0.3677 real_p2_eps=0.7869 real_p2_x0_l1=0.0472 real_p2_x0_abw=0.8687 real_p2_gen_adv=6.4158 real_p2_gen_fm=0.0378 real_total=9.6883 discr_adv=2.7260 x0_discr_real_out=0.0380 x0_discr_fake_out=-0.1364 x0_discr_real_gp=0.0244 p2_discr_real_out=0.1304 p2_discr_fake_out=0.1066 p2_discr_real_gp=0.0206 g_grad_abs=7047.0138 d_grad_abs=223.8337 synth_eps=0.8795 synth_eps_raw=0.8795 synth_x0_x0_l1=0.0838 synth_x0_x0_abw=0.8739 synth_x0_gen_adv=6.5492 synth_x0_gen_fm=0.0551 synth_total=11.4953 extra_render_attn_share=0.5334
[step 17500] real_p1_mirror_hole_cov=0.0997 real_p1_skipped=1.0000 real_p1_hole_frac=0.0206 real_p2_eps=0.0094 real_p2_x0_l1=0.3591 real_p2_x0_abw=0.0071 real_p2_gen_adv=6.8361 real_p2_gen_fm=0.2584 real_total=0.2445 discr_adv=2.7579 x0_discr_real_out=0.0634 x0_discr_fake_out=-0.1194 x0_discr_real_gp=0.0404 p2_discr_real_out=0.0097 p2_discr_fake_out=0.0195 p2_discr_real_gp=0.0278 g_grad_abs=146.7746 d_grad_abs=330.7178 synth_eps=0.8695 synth_eps_raw=0.8695 synth_x0_x0_l1=0.1781 synth_x0_x0_abw=0.4261 synth_x0_gen_adv=7.3052 synth_x0_gen_fm=0.1208 synth_total=9.2057 extra_render_attn_share=0.5334
[images] real: anchor | cond1 | cond2 | inv_warp_mirror | mask | mask_inv | p2_pred_x0 | warp_img | warp_warp_img | x | y_hat | y_hat_novel -> /home/xzy/warpgan-diffusiong-inpainting/warpgan-diffusion-inpainting-main/experiments/train_inpainting_diffusion/[20260910-025204]_v18w1_struct_50k/logs/images/train/real_step0017500.png
[images] synth: cond | mask | pred_x0 | target | warp_img | x | y_hat_novel -> /home/xzy/warpgan-diffusiong-inpainting/warpgan-diffusion-inpainting-main/experiments/train_inpainting_diffusion/[20260910-025204]_v18w1_struct_50k/logs/images/train/synth_step0017500.png
[step 17550] real_p1_mirror_hole_cov=0.0099 real_p1_skipped=1.0000 real_p1_hole_frac=0.0751 real_p2_eps=0.8194 real_p2_x0_l1=0.1669 real_p2_x0_abw=0.4438 real_p2_gen_adv=7.3827 real_p2_gen_fm=0.1251 real_total=9.7220 discr_adv=2.6629 x0_discr_real_out=-0.0191 x0_discr_fake_out=-0.1843 x0_discr_real_gp=0.0113 p2_discr_real_out=0.0233 p2_discr_fake_out=-0.0865 p2_discr_real_gp=0.0082 g_grad_abs=7294.1793 d_grad_abs=729.1568 synth_eps=0.7898 synth_eps_raw=0.7898 synth_x0_x0_l1=0.0270 synth_x0_x0_abw=0.9813 synth_x0_gen_adv=6.9111 synth_x0_gen_fm=0.0125 synth_total=8.8235 extra_render_attn_share=0.5334
[step 17600] real_p1_mirror_hole_cov=0.0120 real_p1_skipped=1.0000 real_p1_hole_frac=0.2846 real_p2_eps=0.8035 real_p2_x0_l1=0.0802 real_p2_x0_abw=0.7721 real_p2_gen_adv=7.0821 real_p2_gen_fm=0.0621 real_total=11.1317 discr_adv=2.7520 x0_discr_real_out=-0.0193 x0_discr_fake_out=-0.1283 x0_discr_real_gp=0.0321 p2_discr_real_out=0.0064 p2_discr_fake_out=-0.0264 p2_discr_real_gp=0.0088 g_grad_abs=12254.0275 d_grad_abs=514.2359 synth_eps=0.7694 synth_eps_raw=0.7694 synth_x0_x0_l1=0.2295 synth_x0_x0_abw=0.3991 synth_x0_gen_adv=7.1898 synth_x0_gen_fm=0.1570 synth_total=9.9966 extra_render_attn_share=0.5334
[step 17650] real_p1_mirror_hole_cov=0.2002 real_p1_skipped=1.0000 real_p1_hole_frac=0.3811 real_p2_eps=0.9238 real_p2_x0_l1=0.1244 real_p2_x0_abw=0.6982 real_p2_gen_adv=6.3350 real_p2_gen_fm=0.0871 real_total=11.5153 discr_adv=2.7811 x0_discr_real_out=0.1447 x0_discr_fake_out=0.1460 x0_discr_real_gp=0.0028 p2_discr_real_out=0.1469 p2_discr_fake_out=0.1249 p2_discr_real_gp=0.0020 g_grad_abs=13186.5314 d_grad_abs=342.0378 synth_eps=0.2247 synth_eps_raw=0.2247 synth_x0_x0_l1=0.2948 synth_x0_x0_abw=0.0894 synth_x0_gen_adv=6.6256 synth_x0_gen_fm=0.1939 synth_total=2.5764 extra_render_attn_share=0.5334
[step 17700] real_p1_mirror_hole_cov=0.1942 real_p1_skipped=1.0000 real_p1_hole_frac=0.4042 real_p2_eps=1.0006 real_p2_x0_l1=0.0747 real_p2_x0_abw=0.8917 real_p2_gen_adv=7.0318 real_p2_gen_fm=0.0532 real_total=12.0801 discr_adv=2.7601 x0_discr_real_out=-0.0493 x0_discr_fake_out=-0.1870 x0_discr_real_gp=0.0329 p2_discr_real_out=0.0118 p2_discr_fake_out=-0.0193 p2_discr_real_gp=0.0318 g_grad_abs=9830.2566 d_grad_abs=443.5495 synth_eps=0.3199 synth_eps_raw=0.3199 synth_x0_x0_l1=0.2459 synth_x0_x0_abw=0.0994 synth_x0_gen_adv=8.2972 synth_x0_gen_fm=0.1716 synth_total=2.8755 extra_render_attn_share=0.5334
[step 17750] real_p1_mirror_hole_cov=0.3172 real_p1_skipped=1.0000 real_p1_hole_frac=0.6253 real_p2_eps=0.0107 real_p2_x0_l1=0.3751 real_p2_x0_abw=0.0075 real_p2_gen_adv=7.2144 real_p2_gen_fm=0.2553 real_total=0.2603 discr_adv=2.7476 x0_discr_real_out=0.0262 x0_discr_fake_out=-0.0272 x0_discr_real_gp=0.0047 p2_discr_real_out=-0.0300 p2_discr_fake_out=-0.0550 p2_discr_real_gp=0.0069 g_grad_abs=178.6977 d_grad_abs=176.0529 synth_eps=1.0216 synth_eps_raw=1.0216 synth_x0_x0_l1=0.1171 synth_x0_x0_abw=0.6123 synth_x0_gen_adv=7.3657 synth_x0_gen_fm=0.0874 synth_total=10.9523 extra_render_attn_share=0.5334
[step 17800] real_p1_mirror_hole_cov=0.1093 real_p1_skipped=1.0000 real_p1_hole_frac=0.2521 real_p2_eps=0.6655 real_p2_x0_l1=0.0614 real_p2_x0_abw=0.9218 real_p2_gen_adv=6.9024 real_p2_gen_fm=0.0355 real_total=10.3529 discr_adv=2.7793 x0_discr_real_out=0.0505 x0_discr_fake_out=0.0416 x0_discr_real_gp=0.0026 p2_discr_real_out=0.0177 p2_discr_fake_out=0.0086 p2_discr_real_gp=0.0067 g_grad_abs=7982.6700 d_grad_abs=211.3118 synth_eps=0.0757 synth_eps_raw=0.0757 synth_x0_x0_l1=0.3144 synth_x0_x0_abw=0.0305 synth_x0_gen_adv=7.1213 synth_x0_gen_fm=0.2168 synth_total=0.9651 extra_render_attn_share=0.5334
[step 17850] real_p1_mirror_hole_cov=0.1729 real_p1_skipped=1.0000 real_p1_hole_frac=0.4432 real_p2_eps=0.6123 real_p2_x0_l1=0.2264 real_p2_x0_abw=0.2953 real_p2_gen_adv=6.9172 real_p2_gen_fm=0.1544 real_total=7.2812 discr_adv=2.6530 x0_discr_real_out=0.1337 x0_discr_fake_out=-0.0023 x0_discr_real_gp=0.0107 p2_discr_real_out=0.1693 p2_discr_fake_out=0.0067 p2_discr_real_gp=0.0073 g_grad_abs=6395.3352 d_grad_abs=1510.7688 synth_eps=0.6166 synth_eps_raw=0.6166 synth_x0_x0_l1=0.2236 synth_x0_x0_abw=0.2871 synth_x0_gen_adv=7.3998 synth_x0_gen_fm=0.1583 synth_total=7.3515 extra_render_attn_share=0.5334
[step 17900] real_p1_mirror_hole_cov=0.1917 real_p1_skipped=1.0000 real_p1_hole_frac=0.0485 real_p2_eps=0.5231 real_p2_x0_l1=0.0223 real_p2_x0_abw=0.9728 real_p2_gen_adv=7.0793 real_p2_gen_fm=0.0057 real_total=7.9820 discr_adv=2.7700 x0_discr_real_out=0.0080 x0_discr_fake_out=-0.0059 x0_discr_real_gp=0.0008 p2_discr_real_out=-0.0274 p2_discr_fake_out=-0.0290 p2_discr_real_gp=0.0035 g_grad_abs=2969.8076 d_grad_abs=55.0127 synth_eps=0.6333 synth_eps_raw=0.6333 synth_x0_x0_l1=0.1947 synth_x0_x0_abw=0.2671 synth_x0_gen_adv=7.1530 synth_x0_gen_fm=0.1128 synth_total=5.6070 extra_render_attn_share=0.5334
[step 17950] real_p1_mirror_hole_cov=0.0283 real_p1_skipped=1.0000 real_p1_hole_frac=0.1958 real_p2_eps=0.2336 real_p2_x0_l1=0.2487 real_p2_x0_abw=0.0732 real_p2_gen_adv=6.9486 real_p2_gen_fm=0.1506 real_total=1.8641 discr_adv=2.7659 x0_discr_real_out=0.0193 x0_discr_fake_out=0.0190 x0_discr_real_gp=0.0145 p2_discr_real_out=0.0590 p2_discr_fake_out=-0.0031 p2_discr_real_gp=0.0086 g_grad_abs=1551.9370 d_grad_abs=124.3608 synth_eps=0.0231 synth_eps_raw=0.0231 synth_x0_x0_l1=0.3509 synth_x0_x0_abw=0.0127 synth_x0_gen_adv=6.6702 synth_x0_gen_fm=0.2240 synth_total=0.3980 extra_render_attn_share=0.5334
[val step 17999] val_novel_full=0.2820 val_novel_hole=0.2577 val_novel_visible=0.2925
[step 18000] real_p1_mirror_hole_cov=0.0130 real_p1_skipped=1.0000 real_p1_hole_frac=0.3898 real_p2_eps=0.7876 real_p2_x0_l1=0.1018 real_p2_x0_abw=0.7271 real_p2_gen_adv=7.0917 real_p2_gen_fm=0.0632 real_total=10.6133 discr_adv=2.7131 x0_discr_real_out=0.0836 x0_discr_fake_out=-0.0283 x0_discr_real_gp=0.0233 p2_discr_real_out=0.0738 p2_discr_fake_out=-0.0310 p2_discr_real_gp=0.0222 g_grad_abs=7906.7980 d_grad_abs=205.8123 synth_eps=0.7470 synth_eps_raw=0.7470 synth_x0_x0_l1=0.0665 synth_x0_x0_abw=0.7721 synth_x0_gen_adv=7.1683 synth_x0_gen_fm=0.0392 synth_total=9.3601 extra_render_attn_share=0.5408
[images] real: anchor | cond1 | cond2 | inv_warp_mirror | mask | mask_inv | p2_pred_x0 | warp_img | warp_warp_img | x | y_hat | y_hat_novel -> /home/xzy/warpgan-diffusiong-inpainting/warpgan-diffusion-inpainting-main/experiments/train_inpainting_diffusion/[20260910-025204]_v18w1_struct_50k/logs/images/train/real_step0018000.png
[images] synth: cond | mask | pred_x0 | target | warp_img | x | y_hat_novel -> /home/xzy/warpgan-diffusiong-inpainting/warpgan-diffusion-inpainting-main/experiments/train_inpainting_diffusion/[20260910-025204]_v18w1_struct_50k/logs/images/train/synth_step0018000.png
[step 18050] real_p1_mirror_hole_cov=0.1838 real_p1_skipped=1.0000 real_p1_hole_frac=0.2082 real_p2_eps=0.9015 real_p2_x0_l1=0.1499 real_p2_x0_abw=0.5015 real_p2_gen_adv=6.9914 real_p2_gen_fm=0.0943 real_total=9.2128 discr_adv=2.7287 x0_discr_real_out=0.1209 x0_discr_fake_out=0.0738 x0_discr_real_gp=0.0163 p2_discr_real_out=0.1263 p2_discr_fake_out=-0.0102 p2_discr_real_gp=0.0252 g_grad_abs=8375.0138 d_grad_abs=314.8893 synth_eps=0.7902 synth_eps_raw=0.7902 synth_x0_x0_l1=0.0975 synth_x0_x0_abw=0.6407 synth_x0_gen_adv=6.7642 synth_x0_gen_fm=0.0617 synth_total=9.1371 extra_render_attn_share=0.5408
[step 18100] real_p1_mirror_hole_cov=0.1751 real_p1_skipped=1.0000 real_p1_hole_frac=0.3921 real_p2_eps=0.1162 real_p2_x0_l1=0.3029 real_p2_x0_abw=0.0566 real_p2_gen_adv=6.2818 real_p2_gen_fm=0.1886 real_total=1.5571 discr_adv=2.7807 x0_discr_real_out=0.1447 x0_discr_fake_out=0.1442 x0_discr_real_gp=0.0011 p2_discr_real_out=0.1481 p2_discr_fake_out=0.1356 p2_discr_real_gp=0.0011 g_grad_abs=1724.2702 d_grad_abs=219.1350 synth_eps=0.6707 synth_eps_raw=0.6707 synth_x0_x0_l1=0.1092 synth_x0_x0_abw=0.7827 synth_x0_gen_adv=6.3781 synth_x0_gen_fm=0.0738 synth_total=11.5252 extra_render_attn_share=0.5408
[step 18150] real_p1_mirror_hole_cov=0.0496 real_p1_skipped=1.0000 real_p1_hole_frac=0.2379 real_p2_eps=0.6247 real_p2_x0_l1=0.1950 real_p2_x0_abw=0.2003 real_p2_gen_adv=7.1328 real_p2_gen_fm=0.1138 real_total=4.3717 discr_adv=2.7229 x0_discr_real_out=0.0024 x0_discr_fake_out=-0.0473 x0_discr_real_gp=0.0018 p2_discr_real_out=0.0187 p2_discr_fake_out=-0.0394 p2_discr_real_gp=0.0015 g_grad_abs=5206.8199 d_grad_abs=145.7586 synth_eps=0.5075 synth_eps_raw=0.5075 synth_x0_x0_l1=0.2104 synth_x0_x0_abw=0.1504 synth_x0_gen_adv=7.1399 synth_x0_gen_fm=0.1227 synth_total=3.4579 extra_render_attn_share=0.5408
[step 18200] real_p1_mirror_hole_cov=0.0036 real_p1_skipped=1.0000 real_p1_hole_frac=0.2045 real_p2_eps=1.0149 real_p2_x0_l1=0.1128 real_p2_x0_abw=0.6224 real_p2_gen_adv=7.3130 real_p2_gen_fm=0.0713 real_total=10.0723 discr_adv=2.6831 x0_discr_real_out=0.0766 x0_discr_fake_out=-0.0786 x0_discr_real_gp=0.0184 p2_discr_real_out=0.0576 p2_discr_fake_out=-0.0738 p2_discr_real_gp=0.0313 g_grad_abs=9655.9029 d_grad_abs=195.6451 synth_eps=0.6233 synth_eps_raw=0.6233 synth_x0_x0_l1=0.0449 synth_x0_x0_abw=0.9599 synth_x0_gen_adv=6.7581 synth_x0_gen_fm=0.0235 synth_total=9.4124 extra_render_attn_share=0.5408
[step 18250] real_p1_mirror_hole_cov=0.0086 real_p1_skipped=1.0000 real_p1_hole_frac=0.0416 real_p2_eps=0.9190 real_p2_x0_l1=0.1009 real_p2_x0_abw=0.7660 real_p2_gen_adv=6.7389 real_p2_gen_fm=0.0725 real_total=11.7152 discr_adv=2.6724 x0_discr_real_out=0.1249 x0_discr_fake_out=-0.0567 x0_discr_real_gp=0.0139 p2_discr_real_out=0.1254 p2_discr_fake_out=0.0392 p2_discr_real_gp=0.0141 g_grad_abs=10953.4572 d_grad_abs=311.9073 synth_eps=1.0607 synth_eps_raw=1.0607 synth_x0_x0_l1=0.1465 synth_x0_x0_abw=0.5888 synth_x0_gen_adv=7.3906 synth_x0_gen_fm=0.0914 synth_total=10.8813 extra_render_attn_share=0.5408
[step 18300] real_p1_mirror_hole_cov=0.0124 real_p1_skipped=1.0000 real_p1_hole_frac=0.3324 real_p2_eps=0.6003 real_p2_x0_l1=0.0262 real_p2_x0_abw=0.9689 real_p2_gen_adv=6.7673 real_p2_gen_fm=0.0105 real_total=8.2032 discr_adv=2.7878 x0_discr_real_out=0.0925 x0_discr_fake_out=0.0745 x0_discr_real_gp=0.0121 p2_discr_real_out=0.0347 p2_discr_fake_out=0.0337 p2_discr_real_gp=0.0097 g_grad_abs=3029.0948 d_grad_abs=154.4120 synth_eps=0.7100 synth_eps_raw=0.7100 synth_x0_x0_l1=0.0192 synth_x0_x0_abw=0.9757 synth_x0_gen_adv=6.7747 synth_x0_gen_fm=0.0081 synth_total=8.1308 extra_render_attn_share=0.5408
[step 18350] real_p1_mirror_hole_cov=0.0314 real_p1_skipped=1.0000 real_p1_hole_frac=0.0687 real_p2_eps=0.6269 real_p2_x0_l1=0.2252 real_p2_x0_abw=0.2403 real_p2_gen_adv=7.5040 real_p2_gen_fm=0.1421 real_total=5.8985 discr_adv=2.7324 x0_discr_real_out=-0.0264 x0_discr_fake_out=-0.0549 x0_discr_real_gp=0.0040 p2_discr_real_out=-0.0324 p2_discr_fake_out=-0.1101 p2_discr_real_gp=0.0046 g_grad_abs=4291.6997 d_grad_abs=324.3043 synth_eps=0.0203 synth_eps_raw=0.0203 synth_x0_x0_l1=0.3446 synth_x0_x0_abw=0.0123 synth_x0_gen_adv=7.3807 synth_x0_gen_fm=0.2328 synth_total=0.4031 extra_render_attn_share=0.5408
[step 18400] real_p1_mirror_hole_cov=0.0080 real_p1_skipped=1.0000 real_p1_hole_frac=0.3192 real_p2_eps=0.7610 real_p2_x0_l1=0.0685 real_p2_x0_abw=0.9016 real_p2_gen_adv=6.7510 real_p2_gen_fm=0.0399 real_total=10.5092 discr_adv=2.7213 x0_discr_real_out=0.0373 x0_discr_fake_out=-0.2452 x0_discr_real_gp=0.0694 p2_discr_real_out=0.0484 p2_discr_fake_out=0.0379 p2_discr_real_gp=0.0127 g_grad_abs=10555.3165 d_grad_abs=1128.9178 synth_eps=0.2578 synth_eps_raw=0.2578 synth_x0_x0_l1=0.2672 synth_x0_x0_abw=0.1284 synth_x0_gen_adv=8.5214 synth_x0_gen_fm=0.1944 synth_total=3.8823 extra_render_attn_share=0.5408
[step 18450] real_p1_mirror_hole_cov=0.4392 real_p1_skipped=1.0000 real_p1_hole_frac=0.4956 real_p2_eps=0.2148 real_p2_x0_l1=0.2841 real_p2_x0_abw=0.0721 real_p2_gen_adv=7.6245 real_p2_gen_fm=0.1847 real_total=2.1175 discr_adv=2.7257 x0_discr_real_out=0.0077 x0_discr_fake_out=-0.0445 x0_discr_real_gp=0.0079 p2_discr_real_out=-0.0535 p2_discr_fake_out=-0.1329 p2_discr_real_gp=0.0059 g_grad_abs=1908.5002 d_grad_abs=300.5260 synth_eps=0.9573 synth_eps_raw=0.9573 synth_x0_x0_l1=0.1149 synth_x0_x0_abw=0.7751 synth_x0_gen_adv=6.9493 synth_x0_gen_fm=0.0766 synth_total=12.3710 extra_render_attn_share=0.5408
[step 18500] real_p1_mirror_hole_cov=0.0869 real_p1_skipped=1.0000 real_p1_hole_frac=0.4440 real_p2_eps=0.5280 real_p2_x0_l1=0.2452 real_p2_x0_abw=0.2116 real_p2_gen_adv=7.8521 real_p2_gen_fm=0.1659 real_total=5.7522 discr_adv=2.6957 x0_discr_real_out=0.0146 x0_discr_fake_out=-0.0314 x0_discr_real_gp=0.0042 p2_discr_real_out=-0.0270 p2_discr_fake_out=-0.1747 p2_discr_real_gp=0.0100 g_grad_abs=4872.5291 d_grad_abs=741.6819 synth_eps=0.2857 synth_eps_raw=0.2857 synth_x0_x0_l1=0.2747 synth_x0_x0_abw=0.1163 synth_x0_gen_adv=8.4310 synth_x0_gen_fm=0.1880 synth_total=3.4853 extra_render_attn_share=0.5408
[images] real: anchor | cond1 | cond2 | inv_warp_mirror | mask | mask_inv | p2_pred_x0 | warp_img | warp_warp_img | x | y_hat | y_hat_novel -> /home/xzy/warpgan-diffusiong-inpainting/warpgan-diffusion-inpainting-main/experiments/train_inpainting_diffusion/[20260910-025204]_v18w1_struct_50k/logs/images/train/real_step0018500.png
[images] synth: cond | mask | pred_x0 | target | warp_img | x | y_hat_novel -> /home/xzy/warpgan-diffusiong-inpainting/warpgan-diffusion-inpainting-main/experiments/train_inpainting_diffusion/[20260910-025204]_v18w1_struct_50k/logs/images/train/synth_step0018500.png
[step 18550] real_p1_mirror_hole_cov=0.1299 real_p1_skipped=1.0000 real_p1_hole_frac=0.3021 real_p2_eps=0.9550 real_p2_x0_l1=0.0731 real_p2_x0_abw=0.8063 real_p2_gen_adv=6.9054 real_p2_gen_fm=0.0488 real_total=10.5150 discr_adv=2.7688 x0_discr_real_out=-0.0025 x0_discr_fake_out=-0.0108 x0_discr_real_gp=0.0004 p2_discr_real_out=0.0076 p2_discr_fake_out=0.0054 p2_discr_real_gp=0.0007 g_grad_abs=14424.0143 d_grad_abs=48.7312 synth_eps=0.7032 synth_eps_raw=0.7032 synth_x0_x0_l1=0.2045 synth_x0_x0_abw=0.2671 synth_x0_gen_adv=6.9897 synth_x0_gen_fm=0.1137 synth_total=5.6604 extra_render_attn_share=0.5408
[step 18600] real_p1_mirror_hole_cov=0.0888 real_p1_skipped=1.0000 real_p1_hole_frac=0.4645 real_p2_eps=0.0796 real_p2_x0_l1=0.3207 real_p2_x0_abw=0.0340 real_p2_gen_adv=6.9959 real_p2_gen_fm=0.1910 real_total=0.9789 discr_adv=2.7515 x0_discr_real_out=-0.0094 x0_discr_fake_out=-0.0434 x0_discr_real_gp=0.0010 p2_discr_real_out=-0.0001 p2_discr_fake_out=-0.0128 p2_discr_real_gp=0.0008 g_grad_abs=991.0947 d_grad_abs=74.5616 synth_eps=0.8651 synth_eps_raw=0.8651 synth_x0_x0_l1=0.1809 synth_x0_x0_abw=0.3265 synth_x0_gen_adv=7.1001 synth_x0_gen_fm=0.1056 synth_total=6.6904 extra_render_attn_share=0.5408
[step 18650] real_p1_mirror_hole_cov=0.0063 real_p1_skipped=1.0000 real_p1_hole_frac=0.2800 real_p2_eps=0.8645 real_p2_x0_l1=0.1785 real_p2_x0_abw=0.3079 real_p2_gen_adv=7.0550 real_p2_gen_fm=0.0956 real_total=6.0364 discr_adv=2.7167 x0_discr_real_out=0.0040 x0_discr_fake_out=-0.0714 x0_discr_real_gp=0.0040 p2_discr_real_out=0.0282 p2_discr_fake_out=-0.0244 p2_discr_real_gp=0.0024 g_grad_abs=5633.4468 d_grad_abs=117.1091 synth_eps=0.0663 synth_eps_raw=0.0663 synth_x0_x0_l1=0.3187 synth_x0_x0_abw=0.0256 synth_x0_gen_adv=6.8969 synth_x0_gen_fm=0.2001 synth_total=0.7637 extra_render_attn_share=0.5408
[step 18700] real_p1_mirror_hole_cov=0.0115 real_p1_skipped=1.0000 real_p1_hole_frac=0.3823 real_p2_eps=0.4160 real_p2_x0_l1=0.2165 real_p2_x0_abw=0.1267 real_p2_gen_adv=7.7202 real_p2_gen_fm=0.1405 real_total=3.2028 discr_adv=2.7221 x0_discr_real_out=-0.0054 x0_discr_fake_out=-0.0268 x0_discr_real_gp=0.0105 p2_discr_real_out=-0.0134 p2_discr_fake_out=-0.1498 p2_discr_real_gp=0.0133 g_grad_abs=4012.3825 d_grad_abs=174.1151 synth_eps=0.7447 synth_eps_raw=0.7447 synth_x0_x0_l1=0.1895 synth_x0_x0_abw=0.2391 synth_x0_gen_adv=7.7048 synth_x0_gen_fm=0.1081 synth_total=5.2167 extra_render_attn_share=0.5408
[step 18750] real_p1_mirror_hole_cov=0.0089 real_p1_skipped=1.0000 real_p1_hole_frac=0.0493 real_p2_eps=0.6360 real_p2_x0_l1=0.0660 real_p2_x0_abw=0.9171 real_p2_gen_adv=6.5995 real_p2_gen_fm=0.0395 real_total=10.3722 discr_adv=2.7551 x0_discr_real_out=0.0234 x0_discr_fake_out=-0.0924 x0_discr_real_gp=0.0213 p2_discr_real_out=0.0999 p2_discr_fake_out=0.0688 p2_discr_real_gp=0.0300 g_grad_abs=13674.6961 d_grad_abs=188.6940 synth_eps=0.8912 synth_eps_raw=0.8912 synth_x0_x0_l1=0.1756 synth_x0_x0_abw=0.3250 synth_x0_gen_adv=7.6807 synth_x0_gen_fm=0.1071 synth_total=6.9263 extra_render_attn_share=0.5408
[step 18800] real_p1_mirror_hole_cov=0.1170 real_p1_skipped=1.0000 real_p1_hole_frac=0.0793 real_p2_eps=0.1738 real_p2_x0_l1=0.2712 real_p2_x0_abw=0.0585 real_p2_gen_adv=7.4432 real_p2_gen_fm=0.1644 real_total=1.5862 discr_adv=2.6824 x0_discr_real_out=0.0288 x0_discr_fake_out=-0.1543 x0_discr_real_gp=0.0306 p2_discr_real_out=0.0270 p2_discr_fake_out=-0.0993 p2_discr_real_gp=0.0283 g_grad_abs=1109.4048 d_grad_abs=271.1583 synth_eps=0.9453 synth_eps_raw=0.9453 synth_x0_x0_l1=0.1625 synth_x0_x0_abw=0.4181 synth_x0_gen_adv=7.7940 synth_x0_gen_fm=0.0967 synth_total=8.3135 extra_render_attn_share=0.5408
[step 18850] real_p1_mirror_hole_cov=0.0265 real_p1_skipped=1.0000 real_p1_hole_frac=0.0357 real_p2_eps=0.4130 real_p2_x0_l1=0.2373 real_p2_x0_abw=0.1522 real_p2_gen_adv=7.8040 real_p2_gen_fm=0.1426 real_total=3.8084 discr_adv=2.6830 x0_discr_real_out=0.0896 x0_discr_fake_out=-0.0860 x0_discr_real_gp=0.0367 p2_discr_real_out=0.0163 p2_discr_fake_out=-0.1664 p2_discr_real_gp=0.0457 g_grad_abs=3517.9701 d_grad_abs=427.9300 synth_eps=0.1894 synth_eps_raw=0.1894 synth_x0_x0_l1=0.2850 synth_x0_x0_abw=0.0673 synth_x0_gen_adv=7.5804 synth_x0_gen_fm=0.1766 synth_total=1.9079 extra_render_attn_share=0.5408
[step 18900] real_p1_mirror_hole_cov=0.0220 real_p1_skipped=1.0000 real_p1_hole_frac=0.1638 real_p2_eps=0.0983 real_p2_x0_l1=0.3045 real_p2_x0_abw=0.0375 real_p2_gen_adv=7.0324 real_p2_gen_fm=0.1891 real_total=1.0831 discr_adv=2.7927 x0_discr_real_out=0.0525 x0_discr_fake_out=0.0768 x0_discr_real_gp=0.0224 p2_discr_real_out=0.0582 p2_discr_fake_out=-0.0196 p2_discr_real_gp=0.0222 g_grad_abs=638.0027 d_grad_abs=252.3637 synth_eps=0.6931 synth_eps_raw=0.6931 synth_x0_x0_l1=0.2195 synth_x0_x0_abw=0.2465 synth_x0_gen_adv=7.2293 synth_x0_gen_fm=0.1299 synth_total=5.7325 extra_render_attn_share=0.5408
[step 18950] real_p1_mirror_hole_cov=0.0442 real_p1_skipped=1.0000 real_p1_hole_frac=0.0675 real_p2_eps=0.9835 real_p2_x0_l1=0.1409 real_p2_x0_abw=0.7031 real_p2_gen_adv=6.6056 real_p2_gen_fm=0.0922 real_total=12.2121 discr_adv=2.7319 x0_discr_real_out=0.0094 x0_discr_fake_out=-0.0686 x0_discr_real_gp=0.0344 p2_discr_real_out=0.1711 p2_discr_fake_out=0.0671 p2_discr_real_gp=0.0092 g_grad_abs=8790.6266 d_grad_abs=307.6201 synth_eps=0.0588 synth_eps_raw=0.0588 synth_x0_x0_l1=0.3295 synth_x0_x0_abw=0.0271 synth_x0_gen_adv=7.3036 synth_x0_gen_fm=0.2056 synth_total=0.8227 extra_render_attn_share=0.5408
[step 19000] real_p1_mirror_hole_cov=0.0237 real_p1_skipped=1.0000 real_p1_hole_frac=0.1369 real_p2_eps=0.3491 real_p2_x0_l1=0.2463 real_p2_x0_abw=0.1334 real_p2_gen_adv=8.6083 real_p2_gen_fm=0.1490 real_total=3.5196 discr_adv=2.5631 x0_discr_real_out=-0.0026 x0_discr_fake_out=-0.3210 x0_discr_real_gp=0.0372 p2_discr_real_out=-0.0039 p2_discr_fake_out=-0.3081 p2_discr_real_gp=0.0345 g_grad_abs=2385.9204 d_grad_abs=798.8843 synth_eps=0.9239 synth_eps_raw=0.9239 synth_x0_x0_l1=0.1966 synth_x0_x0_abw=0.4181 synth_x0_gen_adv=8.6401 synth_x0_gen_fm=0.1233 synth_total=9.7752 extra_render_attn_share=0.5408
[images] real: anchor | cond1 | cond2 | inv_warp_mirror | mask | mask_inv | p2_pred_x0 | warp_img | warp_warp_img | x | y_hat | y_hat_novel -> /home/xzy/warpgan-diffusiong-inpainting/warpgan-diffusion-inpainting-main/experiments/train_inpainting_diffusion/[20260910-025204]_v18w1_struct_50k/logs/images/train/real_step0019000.png
[images] synth: cond | mask | pred_x0 | target | warp_img | x | y_hat_novel -> /home/xzy/warpgan-diffusiong-inpainting/warpgan-diffusion-inpainting-main/experiments/train_inpainting_diffusion/[20260910-025204]_v18w1_struct_50k/logs/images/train/synth_step0019000.png
[step 19050] real_p1_mirror_hole_cov=0.1694 real_p1_skipped=1.0000 real_p1_hole_frac=0.5944 real_p2_eps=0.0137 real_p2_x0_l1=0.3594 real_p2_x0_abw=0.0121 real_p2_gen_adv=6.3861 real_p2_gen_fm=0.2309 real_total=0.3744 discr_adv=2.8170 x0_discr_real_out=0.1333 x0_discr_fake_out=0.1033 x0_discr_real_gp=0.0271 p2_discr_real_out=0.1280 p2_discr_fake_out=0.1135 p2_discr_real_gp=0.0302 g_grad_abs=168.4901 d_grad_abs=401.6635 synth_eps=0.0851 synth_eps_raw=0.0851 synth_x0_x0_l1=0.3106 synth_x0_x0_abw=0.0369 synth_x0_gen_adv=6.6571 synth_x0_gen_fm=0.1956 synth_total=1.0634 extra_render_attn_share=0.5408
[step 19100] real_p1_mirror_hole_cov=0.0152 real_p1_skipped=1.0000 real_p1_hole_frac=0.0539 real_p2_eps=0.0091 real_p2_x0_l1=0.3666 real_p2_x0_abw=0.0078 real_p2_gen_adv=7.1734 real_p2_gen_fm=0.2393 real_total=0.2544 discr_adv=2.7116 x0_discr_real_out=-0.0154 x0_discr_fake_out=-0.2082 x0_discr_real_gp=0.0189 p2_discr_real_out=-0.0289 p2_discr_fake_out=-0.0471 p2_discr_real_gp=0.0179 g_grad_abs=115.1167 d_grad_abs=360.7758 synth_eps=0.9310 synth_eps_raw=0.9310 synth_x0_x0_l1=0.1772 synth_x0_x0_abw=0.5148 synth_x0_gen_adv=7.4718 synth_x0_gen_fm=0.1115 synth_total=10.6101 extra_render_attn_share=0.5408
[step 19150] real_p1_mirror_hole_cov=0.1740 real_p1_skipped=1.0000 real_p1_hole_frac=0.3902 real_p2_eps=0.6798 real_p2_x0_l1=0.0426 real_p2_x0_abw=0.9171 real_p2_gen_adv=7.0870 real_p2_gen_fm=0.0256 real_total=9.5632 discr_adv=2.7651 x0_discr_real_out=0.0363 x0_discr_fake_out=-0.0018 x0_discr_real_gp=0.0038 p2_discr_real_out=-0.0276 p2_discr_fake_out=-0.0296 p2_discr_real_gp=0.0062 g_grad_abs=7197.8560 d_grad_abs=289.9394 synth_eps=0.6733 synth_eps_raw=0.6733 synth_x0_x0_l1=0.2333 synth_x0_x0_abw=0.2763 synth_x0_gen_adv=7.2098 synth_x0_gen_fm=0.1345 synth_total=6.4479 extra_render_attn_share=0.5408
[step 19200] real_p1_mirror_hole_cov=0.0050 real_p1_skipped=1.0000 real_p1_hole_frac=0.2848 real_p2_eps=0.1491 real_p2_x0_l1=0.2852 real_p2_x0_abw=0.0673 real_p2_gen_adv=6.3875 real_p2_gen_fm=0.1941 real_total=1.9056 discr_adv=2.7579 x0_discr_real_out=0.2304 x0_discr_fake_out=0.1170 x0_discr_real_gp=0.0453 p2_discr_real_out=0.2131 p2_discr_fake_out=0.1166 p2_discr_real_gp=0.0198 g_grad_abs=1353.5509 d_grad_abs=905.6393 synth_eps=0.7471 synth_eps_raw=0.7471 synth_x0_x0_l1=0.2109 synth_x0_x0_abw=0.4816 synth_x0_gen_adv=5.7763 synth_x0_gen_fm=0.1322 synth_total=9.9975 extra_render_attn_share=0.5408
[step 19250] real_p1_mirror_hole_cov=0.1698 real_p1_skipped=1.0000 real_p1_hole_frac=0.5445 real_p2_eps=0.1479 real_p2_x0_l1=0.2672 real_p2_x0_abw=0.0562 real_p2_gen_adv=7.2512 real_p2_gen_fm=0.1700 real_total=1.5253 discr_adv=2.6974 x0_discr_real_out=0.1063 x0_discr_fake_out=0.0141 x0_discr_real_gp=0.0041 p2_discr_real_out=0.0289 p2_discr_fake_out=-0.0625 p2_discr_real_gp=0.0099 g_grad_abs=1595.2461 d_grad_abs=244.1204 synth_eps=0.0518 synth_eps_raw=0.0518 synth_x0_x0_l1=0.3301 synth_x0_x0_abw=0.0226 synth_x0_gen_adv=6.9687 synth_x0_gen_fm=0.2117 synth_total=0.6963 extra_render_attn_share=0.5408
[step 19300] real_p1_mirror_hole_cov=0.1420 real_p1_skipped=1.0000 real_p1_hole_frac=0.4987 real_p2_eps=0.4601 real_p2_x0_l1=0.2280 real_p2_x0_abw=0.1513 real_p2_gen_adv=8.2996 real_p2_gen_fm=0.1556 real_total=4.1037 discr_adv=2.7139 x0_discr_real_out=-0.0052 x0_discr_fake_out=-0.2118 x0_discr_real_gp=0.1002 p2_discr_real_out=0.0059 p2_discr_fake_out=-0.2553 p2_discr_real_gp=0.0589 g_grad_abs=4765.6756 d_grad_abs=891.4039 synth_eps=0.1287 synth_eps_raw=0.1287 synth_x0_x0_l1=0.2867 synth_x0_x0_abw=0.0531 synth_x0_gen_adv=7.6274 synth_x0_gen_fm=0.1888 synth_total=1.5507 extra_render_attn_share=0.5408
[step 19350] real_p1_mirror_hole_cov=0.2014 real_p1_skipped=1.0000 real_p1_hole_frac=0.4030 real_p2_eps=0.4316 real_p2_x0_l1=0.2523 real_p2_x0_abw=0.1458 real_p2_gen_adv=7.6269 real_p2_gen_fm=0.1587 real_total=3.8936 discr_adv=2.7044 x0_discr_real_out=-0.0198 x0_discr_fake_out=-0.0802 x0_discr_real_gp=0.0045 p2_discr_real_out=-0.0255 p2_discr_fake_out=-0.1331 p2_discr_real_gp=0.0054 g_grad_abs=2708.1369 d_grad_abs=379.7774 synth_eps=0.5714 synth_eps_raw=0.5714 synth_x0_x0_l1=0.2309 synth_x0_x0_abw=0.2221 synth_x0_gen_adv=7.6712 synth_x0_gen_fm=0.1436 synth_total=5.5155 extra_render_attn_share=0.5408
[step 19400] real_p1_mirror_hole_cov=0.0028 real_p1_skipped=1.0000 real_p1_hole_frac=0.1330 real_p2_eps=0.8962 real_p2_x0_l1=0.1590 real_p2_x0_abw=0.5366 real_p2_gen_adv=7.3658 real_p2_gen_fm=0.1039 real_total=10.5119 discr_adv=2.7371 x0_discr_real_out=-0.0736 x0_discr_fake_out=-0.1059 x0_discr_real_gp=0.0049 p2_discr_real_out=-0.0173 p2_discr_fake_out=-0.0835 p2_discr_real_gp=0.0031 g_grad_abs=10894.8604 d_grad_abs=282.0415 synth_eps=0.7284 synth_eps_raw=0.7284 synth_x0_x0_l1=0.0578 synth_x0_x0_abw=0.9195 synth_x0_gen_adv=7.2699 synth_x0_gen_fm=0.0376 synth_total=10.9238 extra_render_attn_share=0.5408
[step 19450] real_p1_mirror_hole_cov=0.0017 real_p1_skipped=1.0000 real_p1_hole_frac=0.2357 real_p2_eps=0.8778 real_p2_x0_l1=0.1096 real_p2_x0_abw=0.7506 real_p2_gen_adv=6.6465 real_p2_gen_fm=0.0718 real_total=11.3380 discr_adv=2.7675 x0_discr_real_out=0.1001 x0_discr_fake_out=0.0935 x0_discr_real_gp=0.0019 p2_discr_real_out=0.0900 p2_discr_fake_out=0.0603 p2_discr_real_gp=0.0026 g_grad_abs=11562.9249 d_grad_abs=307.6006 synth_eps=0.4708 synth_eps_raw=0.4708 synth_x0_x0_l1=0.2585 synth_x0_x0_abw=0.1788 synth_x0_gen_adv=6.8749 synth_x0_gen_fm=0.1570 synth_total=4.5548 extra_render_attn_share=0.5408
[step 19500] real_p1_mirror_hole_cov=0.1490 real_p1_skipped=1.0000 real_p1_hole_frac=0.1205 real_p2_eps=0.6521 real_p2_x0_l1=0.2135 real_p2_x0_abw=0.2697 real_p2_gen_adv=7.5525 real_p2_gen_fm=0.1425 real_total=6.5893 discr_adv=2.6882 x0_discr_real_out=0.0661 x0_discr_fake_out=-0.0528 x0_discr_real_gp=0.0565 p2_discr_real_out=0.1174 p2_discr_fake_out=-0.1179 p2_discr_real_gp=0.0290 g_grad_abs=6977.9917 d_grad_abs=476.3808 synth_eps=0.6502 synth_eps_raw=0.6502 synth_x0_x0_l1=0.1804 synth_x0_x0_abw=0.3136 synth_x0_gen_adv=7.8177 synth_x0_gen_fm=0.1314 synth_total=7.2786 extra_render_attn_share=0.5408
[images] real: anchor | cond1 | cond2 | inv_warp_mirror | mask | mask_inv | p2_pred_x0 | warp_img | warp_warp_img | x | y_hat | y_hat_novel -> /home/xzy/warpgan-diffusiong-inpainting/warpgan-diffusion-inpainting-main/experiments/train_inpainting_diffusion/[20260910-025204]_v18w1_struct_50k/logs/images/train/real_step0019500.png
[images] synth: cond | mask | pred_x0 | target | warp_img | x | y_hat_novel -> /home/xzy/warpgan-diffusiong-inpainting/warpgan-diffusion-inpainting-main/experiments/train_inpainting_diffusion/[20260910-025204]_v18w1_struct_50k/logs/images/train/synth_step0019500.png
[step 19550] real_p1_mirror_hole_cov=0.0473 real_p1_skipped=1.0000 real_p1_hole_frac=0.0813 real_p2_eps=0.3185 real_p2_x0_l1=0.2793 real_p2_x0_abw=0.1219 real_p2_gen_adv=8.5710 real_p2_gen_fm=0.1959 real_total=3.7835 discr_adv=2.7481 x0_discr_real_out=0.0044 x0_discr_fake_out=0.0008 x0_discr_real_gp=0.0058 p2_discr_real_out=-0.0523 p2_discr_fake_out=-0.3012 p2_discr_real_gp=0.0790 g_grad_abs=5549.2169 d_grad_abs=1077.2246 synth_eps=0.0478 synth_eps_raw=0.0478 synth_x0_x0_l1=0.3218 synth_x0_x0_abw=0.0226 synth_x0_gen_adv=7.1978 synth_x0_gen_fm=0.2330 synth_total=0.7455 extra_render_attn_share=0.5408
[step 19600] real_p1_mirror_hole_cov=0.1217 real_p1_skipped=1.0000 real_p1_hole_frac=0.2280 real_p2_eps=0.6494 real_p2_x0_l1=0.2059 real_p2_x0_abw=0.2580 real_p2_gen_adv=7.0859 real_p2_gen_fm=0.1334 real_total=5.9721 discr_adv=2.7390 x0_discr_real_out=0.0176 x0_discr_fake_out=-0.0115 x0_discr_real_gp=0.0019 p2_discr_real_out=0.0201 p2_discr_fake_out=-0.0300 p2_discr_real_gp=0.0028 g_grad_abs=7835.8805 d_grad_abs=174.7923 synth_eps=0.9082 synth_eps_raw=0.9082 synth_x0_x0_l1=0.1553 synth_x0_x0_abw=0.5015 synth_x0_gen_adv=6.8436 synth_x0_gen_fm=0.0962 synth_total=9.2408 extra_render_attn_share=0.5408
[step 19650] real_p1_mirror_hole_cov=0.2195 real_p1_skipped=1.0000 real_p1_hole_frac=0.5303 real_p2_eps=0.4377 real_p2_x0_l1=0.2368 real_p2_x0_abw=0.1449 real_p2_gen_adv=7.5356 real_p2_gen_fm=0.1469 real_total=3.6924 discr_adv=2.7265 x0_discr_real_out=0.0434 x0_discr_fake_out=0.0233 x0_discr_real_gp=0.0234 p2_discr_real_out=0.0566 p2_discr_fake_out=-0.1170 p2_discr_real_gp=0.0242 g_grad_abs=2759.0244 d_grad_abs=212.6490 synth_eps=0.0779 synth_eps_raw=0.0779 synth_x0_x0_l1=0.3064 synth_x0_x0_abw=0.0292 synth_x0_gen_adv=7.1214 synth_x0_gen_fm=0.2109 synth_total=0.9101 extra_render_attn_share=0.5408
[step 19700] real_p1_mirror_hole_cov=0.0218 real_p1_skipped=1.0000 real_p1_hole_frac=0.3271 real_p2_eps=0.0395 real_p2_x0_l1=0.3312 real_p2_x0_abw=0.0184 real_p2_gen_adv=7.2956 real_p2_gen_fm=0.2296 real_total=0.6033 discr_adv=2.7130 x0_discr_real_out=0.0033 x0_discr_fake_out=-0.2113 x0_discr_real_gp=0.0317 p2_discr_real_out=-0.0177 p2_discr_fake_out=-0.0709 p2_discr_real_gp=0.0347 g_grad_abs=379.3281 d_grad_abs=396.3913 synth_eps=0.6233 synth_eps_raw=0.6233 synth_x0_x0_l1=0.0347 synth_x0_x0_abw=0.9343 synth_x0_gen_adv=6.6991 synth_x0_gen_fm=0.0184 synth_total=8.6311 extra_render_attn_share=0.5408
[step 19750] real_p1_mirror_hole_cov=0.0651 real_p1_skipped=1.0000 real_p1_hole_frac=0.4225 real_p2_eps=0.5294 real_p2_x0_l1=0.2277 real_p2_x0_abw=0.2428 real_p2_gen_adv=6.7215 real_p2_gen_fm=0.1614 real_total=6.1347 discr_adv=2.7481 x0_discr_real_out=0.1033 x0_discr_fake_out=0.0966 x0_discr_real_gp=0.0058 p2_discr_real_out=0.1387 p2_discr_fake_out=0.0446 p2_discr_real_gp=0.0125 g_grad_abs=7062.8405 d_grad_abs=403.4613 synth_eps=0.6833 synth_eps_raw=0.6833 synth_x0_x0_l1=0.2334 synth_x0_x0_abw=0.3666 synth_x0_gen_adv=6.3579 synth_x0_gen_fm=0.1451 synth_total=8.4190 extra_render_attn_share=0.5408
[step 19800] real_p1_mirror_hole_cov=0.0058 real_p1_skipped=1.0000 real_p1_hole_frac=0.1359 real_p2_eps=0.4995 real_p2_x0_l1=0.2490 real_p2_x0_abw=0.2453 real_p2_gen_adv=6.8627 real_p2_gen_fm=0.1649 real_total=6.2882 discr_adv=2.7280 x0_discr_real_out=0.1188 x0_discr_fake_out=0.1096 x0_discr_real_gp=0.0089 p2_discr_real_out=0.1469 p2_discr_fake_out=0.0169 p2_discr_real_gp=0.0064 g_grad_abs=4454.8037 d_grad_abs=648.0985 synth_eps=0.0175 synth_eps_raw=0.0175 synth_x0_x0_l1=0.3616 synth_x0_x0_abw=0.0112 synth_x0_gen_adv=6.7530 synth_x0_gen_fm=0.2542 synth_total=0.3825 extra_render_attn_share=0.5408
[step 19850] real_p1_mirror_hole_cov=0.0415 real_p1_skipped=1.0000 real_p1_hole_frac=0.1760 real_p2_eps=0.8251 real_p2_x0_l1=0.0748 real_p2_x0_abw=0.7675 real_p2_gen_adv=7.1186 real_p2_gen_fm=0.0364 real_total=9.1409 discr_adv=2.7736 x0_discr_real_out=-0.0232 x0_discr_fake_out=-0.0310 x0_discr_real_gp=0.0006 p2_discr_real_out=-0.0373 p2_discr_fake_out=-0.0358 p2_discr_real_gp=0.0006 g_grad_abs=9212.5918 d_grad_abs=95.3478 synth_eps=0.4274 synth_eps_raw=0.4274 synth_x0_x0_l1=0.2422 synth_x0_x0_abw=0.1799 synth_x0_gen_adv=7.1083 synth_x0_gen_fm=0.1406 synth_total=4.2783 extra_render_attn_share=0.5408
[step 19900] real_p1_mirror_hole_cov=0.1279 real_p1_skipped=1.0000 real_p1_hole_frac=0.4224 real_p2_eps=0.0964 real_p2_x0_l1=0.2906 real_p2_x0_abw=0.0350 real_p2_gen_adv=6.9575 real_p2_gen_fm=0.1748 real_total=0.9612 discr_adv=2.7421 x0_discr_real_out=0.0262 x0_discr_fake_out=-0.0184 x0_discr_real_gp=0.0024 p2_discr_real_out=0.0213 p2_discr_fake_out=-0.0050 p2_discr_real_gp=0.0019 g_grad_abs=838.3223 d_grad_abs=115.0897 synth_eps=0.6763 synth_eps_raw=0.6763 synth_x0_x0_l1=0.0393 synth_x0_x0_abw=0.9679 synth_x0_gen_adv=6.9986 synth_x0_gen_fm=0.0132 synth_total=8.7679 extra_render_attn_share=0.5408
[step 19950] real_p1_mirror_hole_cov=0.0001 real_p1_skipped=1.0000 real_p1_hole_frac=0.2662 real_p2_eps=0.9380 real_p2_x0_l1=0.1541 real_p2_x0_abw=0.4471 real_p2_gen_adv=7.5993 real_p2_gen_fm=0.0932 real_total=8.5695 discr_adv=2.6526 x0_discr_real_out=0.0423 x0_discr_fake_out=-0.0969 x0_discr_real_gp=0.0127 p2_discr_real_out=0.0364 p2_discr_fake_out=-0.1281 p2_discr_real_gp=0.0137 g_grad_abs=7499.2629 d_grad_abs=273.0582 synth_eps=0.8286 synth_eps_raw=0.8286 synth_x0_x0_l1=0.0541 synth_x0_x0_abw=0.9343 synth_x0_gen_adv=7.0781 synth_x0_gen_fm=0.0269 synth_total=10.0025 extra_render_attn_share=0.5408
[ckpt] saved /home/xzy/warpgan-diffusiong-inpainting/warpgan-diffusion-inpainting-main/experiments/train_inpainting_diffusion/[20260910-025204]_v18w1_struct_50k/checkpoints/iteration_0019999.pt
[val step 19999] val_novel_full=0.3336 val_novel_hole=0.3098 val_novel_visible=0.3483
[step 20000] real_p1_mirror_hole_cov=0.0349 real_p1_skipped=1.0000 real_p1_hole_frac=0.1498 real_p2_eps=0.0537 real_p2_x0_l1=0.3286 real_p2_x0_abw=0.0222 real_p2_gen_adv=7.1577 real_p2_gen_fm=0.2178 real_total=0.7036 discr_adv=2.6842 x0_discr_real_out=0.0782 x0_discr_fake_out=-0.1192 x0_discr_real_gp=0.0113 p2_discr_real_out=0.0057 p2_discr_fake_out=-0.0440 p2_discr_real_gp=0.0195 g_grad_abs=644.2374 d_grad_abs=275.3856 synth_eps=0.6538 synth_eps_raw=0.6538 synth_x0_x0_l1=0.1981 synth_x0_x0_abw=0.2490 synth_x0_gen_adv=8.0155 synth_x0_gen_fm=0.1252 synth_total=5.8176 extra_render_attn_share=0.5363
[images] real: anchor | cond1 | cond2 | inv_warp_mirror | mask | mask_inv | p2_pred_x0 | warp_img | warp_warp_img | x | y_hat | y_hat_novel -> /home/xzy/warpgan-diffusiong-inpainting/warpgan-diffusion-inpainting-main/experiments/train_inpainting_diffusion/[20260910-025204]_v18w1_struct_50k/logs/images/train/real_step0020000.png
[images] synth: cond | mask | pred_x0 | target | warp_img | x | y_hat_novel -> /home/xzy/warpgan-diffusiong-inpainting/warpgan-diffusion-inpainting-main/experiments/train_inpainting_diffusion/[20260910-025204]_v18w1_struct_50k/logs/images/train/synth_step0020000.png
[step 20050] real_p1_mirror_hole_cov=0.0219 real_p1_skipped=1.0000 real_p1_hole_frac=0.3961 real_p2_eps=0.0998 real_p2_x0_l1=0.3100 real_p2_x0_abw=0.0409 real_p2_gen_adv=7.3973 real_p2_gen_fm=0.2143 real_total=1.2925 discr_adv=2.6681 x0_discr_real_out=0.1549 x0_discr_fake_out=0.0173 x0_discr_real_gp=0.0115 p2_discr_real_out=0.0634 p2_discr_fake_out=-0.0898 p2_discr_real_gp=0.0231 g_grad_abs=1447.2945 d_grad_abs=426.9685 synth_eps=0.7309 synth_eps_raw=0.7309 synth_x0_x0_l1=0.0654 synth_x0_x0_abw=0.8867 synth_x0_gen_adv=6.4798 synth_x0_gen_fm=0.0442 synth_total=10.4569 extra_render_attn_share=0.5363
[step 20100] real_p1_mirror_hole_cov=0.0416 real_p1_skipped=1.0000 real_p1_hole_frac=0.1217 real_p2_eps=0.5998 real_p2_x0_l1=0.0387 real_p2_x0_abw=0.9737 real_p2_gen_adv=7.6432 real_p2_gen_fm=0.0153 real_total=9.5652 discr_adv=2.7334 x0_discr_real_out=-0.1139 x0_discr_fake_out=-0.3309 x0_discr_real_gp=0.0311 p2_discr_real_out=-0.1337 p2_discr_fake_out=-0.1363 p2_discr_real_gp=0.0170 g_grad_abs=5523.8714 d_grad_abs=459.3080 synth_eps=0.7750 synth_eps_raw=0.7750 synth_x0_x0_l1=0.0663 synth_x0_x0_abw=0.7812 synth_x0_gen_adv=7.6554 synth_x0_gen_fm=0.0482 synth_total=10.5698 extra_render_attn_share=0.5363
[step 20150] real_p1_mirror_hole_cov=0.0709 real_p1_skipped=1.0000 real_p1_hole_frac=0.2054 real_p2_eps=0.0398 real_p2_x0_l1=0.3435 real_p2_x0_abw=0.0207 real_p2_gen_adv=6.7293 real_p2_gen_fm=0.2363 real_total=0.6768 discr_adv=2.7178 x0_discr_real_out=0.1592 x0_discr_fake_out=0.0257 x0_discr_real_gp=0.0037 p2_discr_real_out=0.0817 p2_discr_fake_out=0.0423 p2_discr_real_gp=0.0210 g_grad_abs=441.0711 d_grad_abs=508.5097 synth_eps=0.8347 synth_eps_raw=0.8347 synth_x0_x0_l1=0.1357 synth_x0_x0_abw=0.5148 synth_x0_gen_adv=7.5644 synth_x0_gen_fm=0.0925 synth_total=9.5591 extra_render_attn_share=0.5363
[step 20200] real_p1_mirror_hole_cov=0.1263 real_p1_skipped=1.0000 real_p1_hole_frac=0.2200 real_p2_eps=0.5290 real_p2_x0_l1=0.0690 real_p2_x0_abw=0.8791 real_p2_gen_adv=6.3020 real_p2_gen_fm=0.0475 real_total=10.3072 discr_adv=2.7894 x0_discr_real_out=0.1402 x0_discr_fake_out=0.1308 x0_discr_real_gp=0.0040 p2_discr_real_out=0.1373 p2_discr_fake_out=0.1332 p2_discr_real_gp=0.0047 g_grad_abs=56596.3164 d_grad_abs=217.6207 synth_eps=0.5709 synth_eps_raw=0.5709 synth_x0_x0_l1=0.0496 synth_x0_x0_abw=0.8513 synth_x0_gen_adv=6.6223 synth_x0_gen_fm=0.0335 synth_total=9.1064 extra_render_attn_share=0.5363
[step 20250] real_p1_mirror_hole_cov=0.0029 real_p1_skipped=1.0000 real_p1_hole_frac=0.0456 real_p2_eps=0.1568 real_p2_x0_l1=0.2818 real_p2_x0_abw=0.0831 real_p2_gen_adv=6.4053 real_p2_gen_fm=0.1890 real_total=2.2840 discr_adv=2.7386 x0_discr_real_out=0.2216 x0_discr_fake_out=0.1643 x0_discr_real_gp=0.0047 p2_discr_real_out=0.1810 p2_discr_fake_out=0.1098 p2_discr_real_gp=0.0080 g_grad_abs=1915.9684 d_grad_abs=888.2705 synth_eps=0.0066 synth_eps_raw=0.0066 synth_x0_x0_l1=0.3701 synth_x0_x0_abw=0.0053 synth_x0_gen_adv=6.1201 synth_x0_gen_fm=0.2505 synth_total=0.1723 extra_render_attn_share=0.5363
[step 20300] real_p1_mirror_hole_cov=0.5031 real_p1_skipped=1.0000 real_p1_hole_frac=0.4165 real_p2_eps=0.5709 real_p2_x0_l1=0.1606 real_p2_x0_abw=0.4325 real_p2_gen_adv=6.3903 real_p2_gen_fm=0.1168 real_total=8.4583 discr_adv=2.7655 x0_discr_real_out=0.1467 x0_discr_fake_out=0.1274 x0_discr_real_gp=0.0035 p2_discr_real_out=0.1543 p2_discr_fake_out=0.1135 p2_discr_real_gp=0.0077 g_grad_abs=9867.7018 d_grad_abs=405.6911 synth_eps=0.0098 synth_eps_raw=0.0098 synth_x0_x0_l1=0.3679 synth_x0_x0_abw=0.0082 synth_x0_gen_adv=6.5908 synth_x0_gen_fm=0.2465 synth_total=0.2675 extra_render_attn_share=0.5363
[step 20350] real_p1_mirror_hole_cov=0.1274 real_p1_skipped=1.0000 real_p1_hole_frac=0.4579 real_p2_eps=0.6091 real_p2_x0_l1=0.0240 real_p2_x0_abw=0.9568 real_p2_gen_adv=7.0469 real_p2_gen_fm=0.0081 real_total=8.1475 discr_adv=2.7151 x0_discr_real_out=0.0394 x0_discr_fake_out=-0.1896 x0_discr_real_gp=0.0312 p2_discr_real_out=-0.0185 p2_discr_fake_out=-0.0218 p2_discr_real_gp=0.0200 g_grad_abs=4070.2785 d_grad_abs=689.3419 synth_eps=0.5273 synth_eps_raw=0.5273 synth_x0_x0_l1=0.2406 synth_x0_x0_abw=0.2305 synth_x0_gen_adv=7.5831 synth_x0_gen_fm=0.1550 synth_total=5.9038 extra_render_attn_share=0.5363
[step 20400] real_p1_mirror_hole_cov=0.0048 real_p1_skipped=1.0000 real_p1_hole_frac=0.2807 real_p2_eps=0.0076 real_p2_x0_l1=0.3617 real_p2_x0_abw=0.0080 real_p2_gen_adv=6.5312 real_p2_gen_fm=0.2501 real_total=0.2620 discr_adv=2.7660 x0_discr_real_out=0.1067 x0_discr_fake_out=0.0283 x0_discr_real_gp=0.0074 p2_discr_real_out=0.0782 p2_discr_fake_out=0.0854 p2_discr_real_gp=0.0110 g_grad_abs=163.7728 d_grad_abs=388.8363 synth_eps=0.1943 synth_eps_raw=0.1943 synth_x0_x0_l1=0.2812 synth_x0_x0_abw=0.0862 synth_x0_gen_adv=7.0348 synth_x0_gen_fm=0.1845 synth_total=2.4160 extra_render_attn_share=0.5363
[step 20450] real_p1_mirror_hole_cov=0.0503 real_p1_skipped=1.0000 real_p1_hole_frac=0.1186 real_p2_eps=0.0209 real_p2_x0_l1=0.3468 real_p2_x0_abw=0.0130 real_p2_gen_adv=7.1416 real_p2_gen_fm=0.2270 real_total=0.4139 discr_adv=2.7558 x0_discr_real_out=-0.0179 x0_discr_fake_out=-0.0617 x0_discr_real_gp=0.0016 p2_discr_real_out=-0.0414 p2_discr_fake_out=-0.0413 p2_discr_real_gp=0.0018 g_grad_abs=319.3273 d_grad_abs=132.2693 synth_eps=0.7402 synth_eps_raw=0.7402 synth_x0_x0_l1=0.1850 synth_x0_x0_abw=0.2953 synth_x0_gen_adv=7.2617 synth_x0_gen_fm=0.1127 synth_total=6.2674 extra_render_attn_share=0.5363
[step 20500] real_p1_mirror_hole_cov=0.0346 real_p1_skipped=1.0000 real_p1_hole_frac=0.3175 real_p2_eps=0.1912 real_p2_x0_l1=0.2750 real_p2_x0_abw=0.0668 real_p2_gen_adv=7.6354 real_p2_gen_fm=0.1872 real_total=1.9707 discr_adv=2.6947 x0_discr_real_out=0.0186 x0_discr_fake_out=-0.2138 x0_discr_real_gp=0.0497 p2_discr_real_out=0.0118 p2_discr_fake_out=-0.1349 p2_discr_real_gp=0.0518 g_grad_abs=1334.3857 d_grad_abs=385.8086 synth_eps=0.5600 synth_eps_raw=0.5600 synth_x0_x0_l1=0.2369 synth_x0_x0_abw=0.2163 synth_x0_gen_adv=7.8638 synth_x0_gen_fm=0.1548 synth_total=5.6600 extra_render_attn_share=0.5363
[images] real: anchor | cond1 | cond2 | inv_warp_mirror | mask | mask_inv | p2_pred_x0 | warp_img | warp_warp_img | x | y_hat | y_hat_novel -> /home/xzy/warpgan-diffusiong-inpainting/warpgan-diffusion-inpainting-main/experiments/train_inpainting_diffusion/[20260910-025204]_v18w1_struct_50k/logs/images/train/real_step0020500.png
[images] synth: cond | mask | pred_x0 | target | warp_img | x | y_hat_novel -> /home/xzy/warpgan-diffusiong-inpainting/warpgan-diffusion-inpainting-main/experiments/train_inpainting_diffusion/[20260910-025204]_v18w1_struct_50k/logs/images/train/synth_step0020500.png
[step 20550] real_p1_mirror_hole_cov=0.0155 real_p1_skipped=1.0000 real_p1_hole_frac=0.3175 real_p2_eps=0.0523 real_p2_x0_l1=0.3275 real_p2_x0_abw=0.0289 real_p2_gen_adv=6.7684 real_p2_gen_fm=0.2314 real_total=0.9266 discr_adv=2.7631 x0_discr_real_out=0.0600 x0_discr_fake_out=0.0495 x0_discr_real_gp=0.0058 p2_discr_real_out=0.0885 p2_discr_fake_out=0.0338 p2_discr_real_gp=0.0140 g_grad_abs=513.6679 d_grad_abs=255.1116 synth_eps=0.6044 synth_eps_raw=0.6044 synth_x0_x0_l1=0.1858 synth_x0_x0_abw=0.3590 synth_x0_gen_adv=7.4056 synth_x0_gen_fm=0.1340 synth_total=8.1409 extra_render_attn_share=0.5363
[step 20600] real_p1_mirror_hole_cov=0.0011 real_p1_skipped=1.0000 real_p1_hole_frac=0.1237 real_p2_eps=0.7918 real_p2_x0_l1=0.2030 real_p2_x0_abw=0.2658 real_p2_gen_adv=7.1157 real_p2_gen_fm=0.1236 real_total=6.0224 discr_adv=2.7268 x0_discr_real_out=0.0111 x0_discr_fake_out=-0.0467 x0_discr_real_gp=0.0011 p2_discr_real_out=0.0044 p2_discr_fake_out=-0.0361 p2_discr_real_gp=0.0012 g_grad_abs=5367.0694 d_grad_abs=233.5657 synth_eps=0.4640 synth_eps_raw=0.4640 synth_x0_x0_l1=0.2450 synth_x0_x0_abw=0.1276 synth_x0_gen_adv=7.1954 synth_x0_gen_fm=0.1516 synth_total=3.3469 extra_render_attn_share=0.5363
[step 20650] real_p1_mirror_hole_cov=0.0313 real_p1_skipped=1.0000 real_p1_hole_frac=0.1435 real_p2_eps=0.6015 real_p2_x0_l1=0.2169 real_p2_x0_abw=0.2341 real_p2_gen_adv=7.5454 real_p2_gen_fm=0.1317 real_total=5.5032 discr_adv=2.6387 x0_discr_real_out=0.0833 x0_discr_fake_out=-0.1250 x0_discr_real_gp=0.0224 p2_discr_real_out=0.0520 p2_discr_fake_out=-0.1186 p2_discr_real_gp=0.0266 g_grad_abs=3592.5517 d_grad_abs=351.8768 synth_eps=0.1260 synth_eps_raw=0.1260 synth_x0_x0_l1=0.3014 synth_x0_x0_abw=0.0469 synth_x0_gen_adv=7.3039 synth_x0_gen_fm=0.1997 synth_total=1.4191 extra_render_attn_share=0.5363
[step 20700] real_p1_mirror_hole_cov=0.1571 real_p1_skipped=1.0000 real_p1_hole_frac=0.3335 real_p2_eps=0.7831 real_p2_x0_l1=0.0865 real_p2_x0_abw=0.7397 real_p2_gen_adv=7.1227 real_p2_gen_fm=0.0656 real_total=10.9681 discr_adv=2.7557 x0_discr_real_out=-0.0161 x0_discr_fake_out=-0.0365 x0_discr_real_gp=0.0087 p2_discr_real_out=0.0151 p2_discr_fake_out=-0.0373 p2_discr_real_gp=0.0093 g_grad_abs=10133.0455 d_grad_abs=121.8245 synth_eps=0.1301 synth_eps_raw=0.1301 synth_x0_x0_l1=0.2935 synth_x0_x0_abw=0.0566 synth_x0_gen_adv=7.7609 synth_x0_gen_fm=0.2049 synth_total=1.7464 extra_render_attn_share=0.5363
[step 20750] real_p1_mirror_hole_cov=0.1471 real_p1_skipped=1.0000 real_p1_hole_frac=0.2493 real_p2_eps=0.0393 real_p2_x0_l1=0.3270 real_p2_x0_abw=0.0201 real_p2_gen_adv=7.4637 real_p2_gen_fm=0.2256 real_total=0.6508 discr_adv=2.7562 x0_discr_real_out=-0.0880 x0_discr_fake_out=-0.1422 x0_discr_real_gp=0.0083 p2_discr_real_out=-0.0809 p2_discr_fake_out=-0.1031 p2_discr_real_gp=0.0065 g_grad_abs=331.9049 d_grad_abs=174.7169 synth_eps=0.7232 synth_eps_raw=0.7232 synth_x0_x0_l1=0.1582 synth_x0_x0_abw=0.4149 synth_x0_gen_adv=7.5257 synth_x0_gen_fm=0.1092 synth_total=8.4436 extra_render_attn_share=0.5363
[step 20800] real_p1_mirror_hole_cov=0.1701 real_p1_skipped=1.0000 real_p1_hole_frac=0.1508 real_p2_eps=0.0166 real_p2_x0_l1=0.3633 real_p2_x0_abw=0.0142 real_p2_gen_adv=7.5542 real_p2_gen_fm=0.2671 real_total=0.5066 discr_adv=3.8033 x0_discr_real_out=0.0939 x0_discr_fake_out=0.0838 x0_discr_real_gp=0.0101 p2_discr_real_out=-0.0981 p2_discr_fake_out=-0.1165 p2_discr_real_gp=1.0249 g_grad_abs=431.9199 d_grad_abs=30576.7699 synth_eps=0.7961 synth_eps_raw=0.7961 synth_x0_x0_l1=0.1265 synth_x0_x0_abw=0.5501 synth_x0_gen_adv=6.1513 synth_x0_gen_fm=0.0886 synth_total=9.1251 extra_render_attn_share=0.5363
[step 20850] real_p1_mirror_hole_cov=0.3696 real_p1_skipped=1.0000 real_p1_hole_frac=0.2577 real_p2_eps=0.3176 real_p2_x0_l1=0.2449 real_p2_x0_abw=0.0933 real_p2_gen_adv=6.9315 real_p2_gen_fm=0.1385 real_total=2.2795 discr_adv=2.7646 x0_discr_real_out=0.0091 x0_discr_fake_out=-0.0002 x0_discr_real_gp=0.0003 p2_discr_real_out=0.0094 p2_discr_fake_out=0.0002 p2_discr_real_gp=0.0005 g_grad_abs=2199.2195 d_grad_abs=65.9363 synth_eps=0.9841 synth_eps_raw=0.9841 synth_x0_x0_l1=0.1032 synth_x0_x0_abw=0.8164 synth_x0_gen_adv=7.0486 synth_x0_gen_fm=0.0597 synth_total=11.6936 extra_render_attn_share=0.5363
[step 20900] real_p1_mirror_hole_cov=0.1664 real_p1_skipped=1.0000 real_p1_hole_frac=0.1570 real_p2_eps=0.0748 real_p2_x0_l1=0.3025 real_p2_x0_abw=0.0292 real_p2_gen_adv=6.8755 real_p2_gen_fm=0.1809 real_total=0.8122 discr_adv=2.7627 x0_discr_real_out=0.0279 x0_discr_fake_out=0.0189 x0_discr_real_gp=0.0011 p2_discr_real_out=0.0279 p2_discr_fake_out=0.0114 p2_discr_real_gp=0.0012 g_grad_abs=672.5789 d_grad_abs=71.4619 synth_eps=0.0956 synth_eps_raw=0.0956 synth_x0_x0_l1=0.2849 synth_x0_x0_abw=0.0369 synth_x0_gen_adv=6.8877 synth_x0_gen_fm=0.1716 synth_total=0.9929 extra_render_attn_share=0.5363
[step 20950] real_p1_mirror_hole_cov=0.0687 real_p1_skipped=1.0000 real_p1_hole_frac=0.1104 real_p2_eps=0.6076 real_p2_x0_l1=0.1955 real_p2_x0_abw=0.1937 real_p2_gen_adv=7.0030 real_p2_gen_fm=0.1083 real_total=4.0997 discr_adv=2.7038 x0_discr_real_out=0.0516 x0_discr_fake_out=-0.0230 x0_discr_real_gp=0.0052 p2_discr_real_out=0.0717 p2_discr_fake_out=-0.0138 p2_discr_real_gp=0.0040 g_grad_abs=3175.8780 d_grad_abs=181.1172 synth_eps=0.3544 synth_eps_raw=0.3544 synth_x0_x0_l1=0.2238 synth_x0_x0_abw=0.1080 synth_x0_gen_adv=7.0316 synth_x0_gen_fm=0.1292 synth_total=2.5330 extra_render_attn_share=0.5363
[step 21000] real_p1_mirror_hole_cov=0.1966 real_p1_skipped=1.0000 real_p1_hole_frac=0.5046 real_p2_eps=0.8673 real_p2_x0_l1=0.0764 real_p2_x0_abw=0.8005 real_p2_gen_adv=7.4205 real_p2_gen_fm=0.0481 real_total=10.7189 discr_adv=2.7385 x0_discr_real_out=0.0988 x0_discr_fake_out=-0.0100 x0_discr_real_gp=0.0099 p2_discr_real_out=-0.0449 p2_discr_fake_out=-0.0945 p2_discr_real_gp=0.0302 g_grad_abs=12648.5040 d_grad_abs=200.0848 synth_eps=1.0580 synth_eps_raw=1.0580 synth_x0_x0_l1=0.0892 synth_x0_x0_abw=0.7318 synth_x0_gen_adv=7.0881 synth_x0_gen_fm=0.0557 synth_total=10.3843 extra_render_attn_share=0.5363
[images] real: anchor | cond1 | cond2 | inv_warp_mirror | mask | mask_inv | p2_pred_x0 | warp_img | warp_warp_img | x | y_hat | y_hat_novel -> /home/xzy/warpgan-diffusiong-inpainting/warpgan-diffusion-inpainting-main/experiments/train_inpainting_diffusion/[20260910-025204]_v18w1_struct_50k/logs/images/train/real_step0021000.png
[images] synth: cond | mask | pred_x0 | target | warp_img | x | y_hat_novel -> /home/xzy/warpgan-diffusiong-inpainting/warpgan-diffusion-inpainting-main/experiments/train_inpainting_diffusion/[20260910-025204]_v18w1_struct_50k/logs/images/train/synth_step0021000.png
[step 21050] real_p1_mirror_hole_cov=0.1205 real_p1_skipped=1.0000 real_p1_hole_frac=0.1628 real_p2_eps=0.0121 real_p2_x0_l1=0.3593 real_p2_x0_abw=0.0109 real_p2_gen_adv=6.7567 real_p2_gen_fm=0.2261 real_total=0.3349 discr_adv=2.8144 x0_discr_real_out=-0.0289 x0_discr_fake_out=-0.0488 x0_discr_real_gp=0.0306 p2_discr_real_out=0.0323 p2_discr_fake_out=0.0360 p2_discr_real_gp=0.0176 g_grad_abs=196.7488 d_grad_abs=243.5353 synth_eps=0.0069 synth_eps_raw=0.0069 synth_x0_x0_l1=0.3785 synth_x0_x0_abw=0.0075 synth_x0_gen_adv=6.8816 synth_x0_gen_fm=0.2340 synth_total=0.2380 extra_render_attn_share=0.5363
[step 21100] real_p1_mirror_hole_cov=0.0164 real_p1_skipped=1.0000 real_p1_hole_frac=0.4027 real_p2_eps=0.6185 real_p2_x0_l1=0.0839 real_p2_x0_abw=0.8829 real_p2_gen_adv=6.3761 real_p2_gen_fm=0.0485 real_total=10.6070 discr_adv=2.6963 x0_discr_real_out=0.0541 x0_discr_fake_out=-0.2145 x0_discr_real_gp=0.0559 p2_discr_real_out=0.1715 p2_discr_fake_out=0.1148 p2_discr_real_gp=0.0175 g_grad_abs=10314.2358 d_grad_abs=182.8587 synth_eps=1.0146 synth_eps_raw=1.0146 synth_x0_x0_l1=0.1720 synth_x0_x0_abw=0.6073 synth_x0_gen_adv=6.5633 synth_x0_gen_fm=0.0948 synth_total=10.8639 extra_render_attn_share=0.5363
[step 21150] real_p1_mirror_hole_cov=0.1290 real_p1_skipped=1.0000 real_p1_hole_frac=0.0890 real_p2_eps=1.0470 real_p2_x0_l1=0.1100 real_p2_x0_abw=0.6885 real_p2_gen_adv=6.9119 real_p2_gen_fm=0.0755 real_total=11.0814 discr_adv=2.7138 x0_discr_real_out=0.1038 x0_discr_fake_out=0.0463 x0_discr_real_gp=0.0157 p2_discr_real_out=0.1316 p2_discr_fake_out=0.0042 p2_discr_real_gp=0.0130 g_grad_abs=9080.6463 d_grad_abs=264.7813 synth_eps=0.0840 synth_eps_raw=0.0840 synth_x0_x0_l1=0.3100 synth_x0_x0_abw=0.0369 synth_x0_gen_adv=7.1870 synth_x0_gen_fm=0.1906 synth_total=1.0633 extra_render_attn_share=0.5363
[step 21200] real_p1_mirror_hole_cov=0.2314 real_p1_skipped=1.0000 real_p1_hole_frac=0.3288 real_p2_eps=0.5646 real_p2_x0_l1=0.2106 real_p2_x0_abw=0.1992 real_p2_gen_adv=7.8436 real_p2_gen_fm=0.1278 real_total=4.7150 discr_adv=2.6453 x0_discr_real_out=0.1220 x0_discr_fake_out=-0.0486 x0_discr_real_gp=0.0144 p2_discr_real_out=0.0163 p2_discr_fake_out=-0.1736 p2_discr_real_gp=0.0310 g_grad_abs=2994.3215 d_grad_abs=379.0268 synth_eps=0.5106 synth_eps_raw=0.5106 synth_x0_x0_l1=0.2279 synth_x0_x0_abw=0.1905 synth_x0_gen_adv=8.0722 synth_x0_gen_fm=0.1398 synth_total=4.7538 extra_render_attn_share=0.5363
[step 21250] real_p1_mirror_hole_cov=0.0041 real_p1_skipped=1.0000 real_p1_hole_frac=0.2701 real_p2_eps=0.2628 real_p2_x0_l1=0.2661 real_p2_x0_abw=0.0907 real_p2_gen_adv=7.9017 real_p2_gen_fm=0.1650 real_total=2.4998 discr_adv=2.7257 x0_discr_real_out=-0.0310 x0_discr_fake_out=-0.0376 x0_discr_real_gp=0.0129 p2_discr_real_out=-0.0237 p2_discr_fake_out=-0.1843 p2_discr_real_gp=0.0181 g_grad_abs=1758.6022 d_grad_abs=281.8818 synth_eps=0.9477 synth_eps_raw=0.9477 synth_x0_x0_l1=0.1049 synth_x0_x0_abw=0.7690 synth_x0_gen_adv=7.1393 synth_x0_gen_fm=0.0713 synth_total=12.0023 extra_render_attn_share=0.5363
[step 21300] real_p1_mirror_hole_cov=0.1806 real_p1_skipped=1.0000 real_p1_hole_frac=0.4945 real_p2_eps=0.8475 real_p2_x0_l1=0.0171 real_p2_x0_abw=0.9904 real_p2_gen_adv=6.6199 real_p2_gen_fm=0.0052 real_total=7.9375 discr_adv=2.7336 x0_discr_real_out=0.0474 x0_discr_fake_out=-0.0908 x0_discr_real_gp=0.0205 p2_discr_real_out=0.0650 p2_discr_fake_out=0.0641 p2_discr_real_gp=0.0061 g_grad_abs=1504.3927 d_grad_abs=427.9266 synth_eps=0.7097 synth_eps_raw=0.7097 synth_x0_x0_l1=0.0526 synth_x0_x0_abw=0.9160 synth_x0_gen_adv=6.7168 synth_x0_gen_fm=0.0358 synth_total=10.1890 extra_render_attn_share=0.5363
[step 21350] real_p1_mirror_hole_cov=0.0421 real_p1_skipped=1.0000 real_p1_hole_frac=0.0781 real_p2_eps=0.1536 real_p2_x0_l1=0.2890 real_p2_x0_abw=0.0679 real_p2_gen_adv=7.6803 real_p2_gen_fm=0.1886 real_total=1.9745 discr_adv=2.7152 x0_discr_real_out=0.0891 x0_discr_fake_out=-0.0086 x0_discr_real_gp=0.0284 p2_discr_real_out=0.0619 p2_discr_fake_out=-0.1424 p2_discr_real_gp=0.0574 g_grad_abs=1499.3740 d_grad_abs=547.6388 synth_eps=0.6204 synth_eps_raw=0.6204 synth_x0_x0_l1=0.2316 synth_x0_x0_abw=0.2710 synth_x0_gen_adv=7.0431 synth_x0_gen_fm=0.1343 synth_total=6.2323 extra_render_attn_share=0.5363
[step 21400] real_p1_mirror_hole_cov=0.1498 real_p1_skipped=1.0000 real_p1_hole_frac=0.3401 real_p2_eps=0.0098 real_p2_x0_l1=0.3733 real_p2_x0_abw=0.0081 real_p2_gen_adv=7.0157 real_p2_gen_fm=0.2462 real_total=0.2679 discr_adv=2.7823 x0_discr_real_out=0.0017 x0_discr_fake_out=-0.0274 x0_discr_real_gp=0.0213 p2_discr_real_out=0.0120 p2_discr_fake_out=-0.0163 p2_discr_real_gp=0.0160 g_grad_abs=135.2330 d_grad_abs=386.9480 synth_eps=0.2089 synth_eps_raw=0.2089 synth_x0_x0_l1=0.2759 synth_x0_x0_abw=0.0727 synth_x0_gen_adv=7.4012 synth_x0_gen_fm=0.1791 synth_total=2.0692 extra_render_attn_share=0.5363
[step 21450] real_p1_mirror_hole_cov=0.0089 real_p1_skipped=1.0000 real_p1_hole_frac=0.0856 real_p2_eps=0.6471 real_p2_x0_l1=0.1966 real_p2_x0_abw=0.3093 real_p2_gen_adv=6.9841 real_p2_gen_fm=0.1206 real_total=6.5997 discr_adv=2.7576 x0_discr_real_out=-0.0097 x0_discr_fake_out=-0.0387 x0_discr_real_gp=0.0033 p2_discr_real_out=0.0168 p2_discr_fake_out=-0.0087 p2_discr_real_gp=0.0035 g_grad_abs=7807.2755 d_grad_abs=385.4122 synth_eps=0.7032 synth_eps_raw=0.7032 synth_x0_x0_l1=0.0275 synth_x0_x0_abw=0.9599 synth_x0_gen_adv=7.2790 synth_x0_gen_fm=0.0103 synth_total=8.7087 extra_render_attn_share=0.5363
[step 21500] real_p1_mirror_hole_cov=0.0960 real_p1_skipped=1.0000 real_p1_hole_frac=0.3810 real_p2_eps=0.7350 real_p2_x0_l1=0.0572 real_p2_x0_abw=0.8513 real_p2_gen_adv=6.7731 real_p2_gen_fm=0.0410 real_total=10.0435 discr_adv=2.7937 x0_discr_real_out=0.0178 x0_discr_fake_out=-0.0012 x0_discr_real_gp=0.0262 p2_discr_real_out=0.0666 p2_discr_fake_out=0.0322 p2_discr_real_gp=0.0202 g_grad_abs=7851.7279 d_grad_abs=258.1839 synth_eps=0.0128 synth_eps_raw=0.0128 synth_x0_x0_l1=0.3626 synth_x0_x0_abw=0.0088 synth_x0_gen_adv=6.8472 synth_x0_gen_fm=0.2413 synth_total=0.2892 extra_render_attn_share=0.5363
[images] real: anchor | cond1 | cond2 | inv_warp_mirror | mask | mask_inv | p2_pred_x0 | warp_img | warp_warp_img | x | y_hat | y_hat_novel -> /home/xzy/warpgan-diffusiong-inpainting/warpgan-diffusion-inpainting-main/experiments/train_inpainting_diffusion/[20260910-025204]_v18w1_struct_50k/logs/images/train/real_step0021500.png
[images] synth: cond | mask | pred_x0 | target | warp_img | x | y_hat_novel -> /home/xzy/warpgan-diffusiong-inpainting/warpgan-diffusion-inpainting-main/experiments/train_inpainting_diffusion/[20260910-025204]_v18w1_struct_50k/logs/images/train/synth_step0021500.png
[step 21550] real_p1_mirror_hole_cov=0.2102 real_p1_skipped=1.0000 real_p1_hole_frac=0.3756 real_p2_eps=0.7786 real_p2_x0_l1=0.0477 real_p2_x0_abw=0.9913 real_p2_gen_adv=6.9359 real_p2_gen_fm=0.0150 real_total=9.1894 discr_adv=2.7728 x0_discr_real_out=-0.0149 x0_discr_fake_out=-0.0272 x0_discr_real_gp=0.0022 p2_discr_real_out=0.0027 p2_discr_fake_out=0.0009 p2_discr_real_gp=0.0017 g_grad_abs=3437.9949 d_grad_abs=104.3272 synth_eps=0.0471 synth_eps_raw=0.0471 synth_x0_x0_l1=0.3302 synth_x0_x0_abw=0.0229 synth_x0_gen_adv=7.0513 synth_x0_gen_fm=0.2098 synth_total=0.6954 extra_render_attn_share=0.5363
[step 21600] real_p1_mirror_hole_cov=0.0343 real_p1_skipped=1.0000 real_p1_hole_frac=0.1396 real_p2_eps=0.6237 real_p2_x0_l1=0.2033 real_p2_x0_abw=0.2198 real_p2_gen_adv=7.1730 real_p2_gen_fm=0.1172 real_total=4.8210 discr_adv=2.7191 x0_discr_real_out=0.0124 x0_discr_fake_out=-0.0336 x0_discr_real_gp=0.0041 p2_discr_real_out=0.0299 p2_discr_fake_out=-0.0474 p2_discr_real_gp=0.0029 g_grad_abs=3647.0282 d_grad_abs=160.1469 synth_eps=1.1113 synth_eps_raw=1.1113 synth_x0_x0_l1=0.1308 synth_x0_x0_abw=0.5922 synth_x0_gen_adv=6.9841 synth_x0_gen_fm=0.0851 synth_total=10.3645 extra_render_attn_share=0.5363
[step 21650] real_p1_mirror_hole_cov=0.3248 real_p1_skipped=1.0000 real_p1_hole_frac=0.5848 real_p2_eps=0.8210 real_p2_x0_l1=0.0510 real_p2_x0_abw=0.8621 real_p2_gen_adv=6.8204 real_p2_gen_fm=0.0262 real_total=9.0025 discr_adv=2.6849 x0_discr_real_out=0.1051 x0_discr_fake_out=-0.1294 x0_discr_real_gp=0.0184 p2_discr_real_out=0.0469 p2_discr_fake_out=0.0230 p2_discr_real_gp=0.0172 g_grad_abs=20642.0205 d_grad_abs=265.7483 synth_eps=0.9641 synth_eps_raw=0.9641 synth_x0_x0_l1=0.1742 synth_x0_x0_abw=0.4341 synth_x0_gen_adv=7.6592 synth_x0_gen_fm=0.1107 synth_total=9.1696 extra_render_attn_share=0.5363
[step 21700] real_p1_mirror_hole_cov=0.0066 real_p1_skipped=1.0000 real_p1_hole_frac=0.0603 real_p2_eps=0.0859 real_p2_x0_l1=0.3096 real_p2_x0_abw=0.0375 real_p2_gen_adv=7.3792 real_p2_gen_fm=0.2023 real_total=1.1336 discr_adv=2.6426 x0_discr_real_out=0.1378 x0_discr_fake_out=-0.1108 x0_discr_real_gp=0.0124 p2_discr_real_out=0.0240 p2_discr_fake_out=-0.0868 p2_discr_real_gp=0.0306 g_grad_abs=785.0091 d_grad_abs=510.9602 synth_eps=0.4289 synth_eps_raw=0.4289 synth_x0_x0_l1=0.2400 synth_x0_x0_abw=0.1532 synth_x0_gen_adv=8.0422 synth_x0_gen_fm=0.1477 synth_total=3.9600 extra_render_attn_share=0.5363
[step 21750] real_p1_mirror_hole_cov=0.1783 real_p1_skipped=1.0000 real_p1_hole_frac=0.4280 real_p2_eps=0.2304 real_p2_x0_l1=0.2699 real_p2_x0_abw=0.0784 real_p2_gen_adv=7.6235 real_p2_gen_fm=0.1769 real_total=2.2353 discr_adv=2.7201 x0_discr_real_out=0.1005 x0_discr_fake_out=0.0992 x0_discr_real_gp=0.0103 p2_discr_real_out=0.0698 p2_discr_fake_out=-0.1329 p2_discr_real_gp=0.0324 g_grad_abs=1299.3848 d_grad_abs=339.8817 synth_eps=0.6477 synth_eps_raw=0.6477 synth_x0_x0_l1=0.2100 synth_x0_x0_abw=0.2750 synth_x0_gen_adv=7.8255 synth_x0_gen_fm=0.1315 synth_total=6.4729 extra_render_attn_share=0.5363
[step 21800] real_p1_mirror_hole_cov=0.1546 real_p1_skipped=1.0000 real_p1_hole_frac=0.4463 real_p2_eps=0.7565 real_p2_x0_l1=0.1715 real_p2_x0_abw=0.4197 real_p2_gen_adv=7.7395 real_p2_gen_fm=0.1259 real_total=9.3611 discr_adv=2.6650 x0_discr_real_out=0.0532 x0_discr_fake_out=-0.0137 x0_discr_real_gp=0.0108 p2_discr_real_out=0.0830 p2_discr_fake_out=-0.1522 p2_discr_real_gp=0.0253 g_grad_abs=8987.4508 d_grad_abs=643.6301 synth_eps=0.0254 synth_eps_raw=0.0254 synth_x0_x0_l1=0.3476 synth_x0_x0_abw=0.0174 synth_x0_gen_adv=6.7955 synth_x0_gen_fm=0.2379 synth_total=0.5623 extra_render_attn_share=0.5363
[step 21850] real_p1_mirror_hole_cov=0.2276 real_p1_skipped=1.0000 real_p1_hole_frac=0.1153 real_p2_eps=0.6653 real_p2_x0_l1=0.2069 real_p2_x0_abw=0.2953 real_p2_gen_adv=7.4126 real_p2_gen_fm=0.1343 real_total=6.8834 discr_adv=2.6957 x0_discr_real_out=-0.0338 x0_discr_fake_out=-0.1389 x0_discr_real_gp=0.0061 p2_discr_real_out=-0.0036 p2_discr_fake_out=-0.0926 p2_discr_real_gp=0.0080 g_grad_abs=6347.9006 d_grad_abs=741.4336 synth_eps=0.8317 synth_eps_raw=0.8317 synth_x0_x0_l1=0.1412 synth_x0_x0_abw=0.5115 synth_x0_gen_adv=7.3775 synth_x0_gen_fm=0.1058 synth_total=10.0882 extra_render_attn_share=0.5363
[step 21900] real_p1_mirror_hole_cov=0.3091 real_p1_skipped=1.0000 real_p1_hole_frac=0.2734 real_p2_eps=0.0204 real_p2_x0_l1=0.3590 real_p2_x0_abw=0.0136 real_p2_gen_adv=6.4165 real_p2_gen_fm=0.2450 real_total=0.4450 discr_adv=2.7878 x0_discr_real_out=0.1577 x0_discr_fake_out=0.1494 x0_discr_real_gp=0.0036 p2_discr_real_out=0.1336 p2_discr_fake_out=0.1077 p2_discr_real_gp=0.0163 g_grad_abs=264.4667 d_grad_abs=345.0432 synth_eps=0.6034 synth_eps_raw=0.6034 synth_x0_x0_l1=0.0408 synth_x0_x0_abw=0.8778 synth_x0_gen_adv=6.2932 synth_x0_gen_fm=0.0264 synth_total=8.4820 extra_render_attn_share=0.5363
[step 21950] real_p1_mirror_hole_cov=0.2192 real_p1_skipped=1.0000 real_p1_hole_frac=0.1980 real_p2_eps=0.0071 real_p2_x0_l1=0.3819 real_p2_x0_abw=0.0066 real_p2_gen_adv=6.9645 real_p2_gen_fm=0.2610 real_total=0.2267 discr_adv=2.8020 x0_discr_real_out=0.0139 x0_discr_fake_out=0.0075 x0_discr_real_gp=0.0081 p2_discr_real_out=0.0002 p2_discr_fake_out=-0.0058 p2_discr_real_gp=0.0255 g_grad_abs=172.9860 d_grad_abs=369.2574 synth_eps=0.7575 synth_eps_raw=0.7575 synth_x0_x0_l1=0.0183 synth_x0_x0_abw=0.9850 synth_x0_gen_adv=6.7482 synth_x0_gen_fm=0.0065 synth_total=8.0673 extra_render_attn_share=0.5363
[val step 21999] val_novel_full=0.2941 val_novel_hole=0.2355 val_novel_visible=0.3113
[step 22000] real_p1_mirror_hole_cov=0.0307 real_p1_skipped=1.0000 real_p1_hole_frac=0.1544 real_p2_eps=0.9471 real_p2_x0_l1=0.1148 real_p2_x0_abw=0.7660 real_p2_gen_adv=6.7469 real_p2_gen_fm=0.0735 real_total=11.8327 discr_adv=2.7460 x0_discr_real_out=0.0755 x0_discr_fake_out=0.0351 x0_discr_real_gp=0.0074 p2_discr_real_out=0.0823 p2_discr_fake_out=0.0383 p2_discr_real_gp=0.0038 g_grad_abs=11125.3862 d_grad_abs=371.4211 synth_eps=0.8541 synth_eps_raw=0.8541 synth_x0_x0_l1=0.1967 synth_x0_x0_abw=0.5015 synth_x0_gen_adv=6.6528 synth_x0_gen_fm=0.1249 synth_total=10.5514 extra_render_attn_share=0.5488
[images] real: anchor | cond1 | cond2 | inv_warp_mirror | mask | mask_inv | p2_pred_x0 | warp_img | warp_warp_img | x | y_hat | y_hat_novel -> /home/xzy/warpgan-diffusiong-inpainting/warpgan-diffusion-inpainting-main/experiments/train_inpainting_diffusion/[20260910-025204]_v18w1_struct_50k/logs/images/train/real_step0022000.png
[images] synth: cond | mask | pred_x0 | target | warp_img | x | y_hat_novel -> /home/xzy/warpgan-diffusiong-inpainting/warpgan-diffusion-inpainting-main/experiments/train_inpainting_diffusion/[20260910-025204]_v18w1_struct_50k/logs/images/train/synth_step0022000.png
[step 22050] real_p1_mirror_hole_cov=0.1380 real_p1_skipped=1.0000 real_p1_hole_frac=0.4986 real_p2_eps=0.8907 real_p2_x0_l1=0.1178 real_p2_x0_abw=0.5888 real_p2_gen_adv=7.2020 real_p2_gen_fm=0.0854 real_total=10.2289 discr_adv=2.7610 x0_discr_real_out=-0.0309 x0_discr_fake_out=-0.0418 x0_discr_real_gp=0.0030 p2_discr_real_out=-0.0222 p2_discr_fake_out=-0.0524 p2_discr_real_gp=0.0028 g_grad_abs=13562.2838 d_grad_abs=220.5803 synth_eps=0.0553 synth_eps_raw=0.0553 synth_x0_x0_l1=0.3387 synth_x0_x0_abw=0.0256 synth_x0_gen_adv=7.3243 synth_x0_gen_fm=0.2293 synth_total=0.8390 extra_render_attn_share=0.5488
[step 22100] real_p1_mirror_hole_cov=0.0515 real_p1_skipped=1.0000 real_p1_hole_frac=0.4020 real_p2_eps=0.7522 real_p2_x0_l1=0.0506 real_p2_x0_abw=0.8816 real_p2_gen_adv=6.6244 real_p2_gen_fm=0.0307 real_total=9.3435 discr_adv=2.7801 x0_discr_real_out=0.0916 x0_discr_fake_out=0.0294 x0_discr_real_gp=0.0266 p2_discr_real_out=0.0704 p2_discr_fake_out=0.0628 p2_discr_real_gp=0.0127 g_grad_abs=6854.1569 d_grad_abs=226.2175 synth_eps=0.9269 synth_eps_raw=0.9269 synth_x0_x0_l1=0.1160 synth_x0_x0_abw=0.8092 synth_x0_gen_adv=6.4738 synth_x0_gen_fm=0.0747 synth_total=12.3078 extra_render_attn_share=0.5488
[step 22150] real_p1_mirror_hole_cov=0.1648 real_p1_skipped=1.0000 real_p1_hole_frac=0.3421 real_p2_eps=0.0161 real_p2_x0_l1=0.3532 real_p2_x0_abw=0.0095 real_p2_gen_adv=7.6281 real_p2_gen_fm=0.2462 real_total=0.3268 discr_adv=2.8091 x0_discr_real_out=-0.1328 x0_discr_fake_out=-0.1221 x0_discr_real_gp=0.0117 p2_discr_real_out=-0.1252 p2_discr_fake_out=-0.1326 p2_discr_real_gp=0.0107 g_grad_abs=182.9411 d_grad_abs=473.1287 synth_eps=0.8166 synth_eps_raw=0.8166 synth_x0_x0_l1=0.0509 synth_x0_x0_abw=0.9452 synth_x0_gen_adv=7.5114 synth_x0_gen_fm=0.0311 synth_total=10.9056 extra_render_attn_share=0.5488
[step 22200] real_p1_mirror_hole_cov=0.0038 real_p1_skipped=1.0000 real_p1_hole_frac=0.1405 real_p2_eps=0.8997 real_p2_x0_l1=0.1556 real_p2_x0_abw=0.4965 real_p2_gen_adv=6.6712 real_p2_gen_fm=0.1027 real_total=9.3886 discr_adv=2.7765 x0_discr_real_out=0.0304 x0_discr_fake_out=0.0194 x0_discr_real_gp=0.0018 p2_discr_real_out=0.0515 p2_discr_fake_out=0.0547 p2_discr_real_gp=0.0013 g_grad_abs=14929.4656 d_grad_abs=158.6297 synth_eps=0.5491 synth_eps_raw=0.5491 synth_x0_x0_l1=0.2514 synth_x0_x0_abw=0.2269 synth_x0_gen_adv=6.7587 synth_x0_gen_fm=0.1481 synth_total=5.4995 extra_render_attn_share=0.5488
[step 22250] real_p1_mirror_hole_cov=0.0150 real_p1_skipped=1.0000 real_p1_hole_frac=0.0580 real_p2_eps=0.6419 real_p2_x0_l1=0.2069 real_p2_x0_abw=0.1905 real_p2_gen_adv=6.9622 real_p2_gen_fm=0.1144 real_total=4.1860 discr_adv=2.7270 x0_discr_real_out=0.0240 x0_discr_fake_out=-0.0368 x0_discr_real_gp=0.0014 p2_discr_real_out=0.0318 p2_discr_fake_out=-0.0057 p2_discr_real_gp=0.0010 g_grad_abs=4107.6996 d_grad_abs=188.5358 synth_eps=0.0977 synth_eps_raw=0.0977 synth_x0_x0_l1=0.2994 synth_x0_x0_abw=0.0395 synth_x0_gen_adv=6.8979 synth_x0_gen_fm=0.1852 synth_total=1.1144 extra_render_attn_share=0.5488
[step 22300] real_p1_mirror_hole_cov=0.0892 real_p1_skipped=1.0000 real_p1_hole_frac=0.4294 real_p2_eps=0.3989 real_p2_x0_l1=0.2227 real_p2_x0_abw=0.1187 real_p2_gen_adv=7.2978 real_p2_gen_fm=0.1357 real_total=2.9021 discr_adv=2.6965 x0_discr_real_out=-0.0190 x0_discr_fake_out=-0.1390 x0_discr_real_gp=0.0307 p2_discr_real_out=0.0503 p2_discr_fake_out=-0.0715 p2_discr_real_gp=0.0095 g_grad_abs=2227.8563 d_grad_abs=192.4898 synth_eps=0.8872 synth_eps_raw=0.8872 synth_x0_x0_l1=0.0138 synth_x0_x0_abw=0.9966 synth_x0_gen_adv=7.1990 synth_x0_gen_fm=0.0026 synth_total=8.3308 extra_render_attn_share=0.5488
[step 22350] real_p1_mirror_hole_cov=0.0783 real_p1_skipped=1.0000 real_p1_hole_frac=0.3698 real_p2_eps=0.6825 real_p2_x0_l1=0.0550 real_p2_x0_abw=0.9343 real_p2_gen_adv=6.8710 real_p2_gen_fm=0.0294 real_total=9.8994 discr_adv=2.7770 x0_discr_real_out=0.0698 x0_discr_fake_out=0.0221 x0_discr_real_gp=0.0152 p2_discr_real_out=0.0264 p2_discr_fake_out=0.0127 p2_discr_real_gp=0.0180 g_grad_abs=5618.2349 d_grad_abs=169.9785 synth_eps=1.0216 synth_eps_raw=1.0216 synth_x0_x0_l1=0.1346 synth_x0_x0_abw=0.6623 synth_x0_gen_adv=7.3622 synth_x0_gen_fm=0.0827 synth_total=11.4661 extra_render_attn_share=0.5488
[step 22400] real_p1_mirror_hole_cov=0.0099 real_p1_skipped=1.0000 real_p1_hole_frac=0.1967 real_p2_eps=0.0235 real_p2_x0_l1=0.3503 real_p2_x0_abw=0.0157 real_p2_gen_adv=7.0234 real_p2_gen_fm=0.2240 real_total=0.4906 discr_adv=2.7046 x0_discr_real_out=0.0718 x0_discr_fake_out=-0.1446 x0_discr_real_gp=0.0167 p2_discr_real_out=0.0070 p2_discr_fake_out=-0.0175 p2_discr_real_gp=0.0303 g_grad_abs=244.7726 d_grad_abs=331.9460 synth_eps=0.8205 synth_eps_raw=0.8205 synth_x0_x0_l1=0.1693 synth_x0_x0_abw=0.4390 synth_x0_gen_adv=7.7024 synth_x0_gen_fm=0.1102 synth_total=9.1133 extra_render_attn_share=0.5488
[step 22450] real_p1_mirror_hole_cov=0.1563 real_p1_skipped=1.0000 real_p1_hole_frac=0.5270 real_p2_eps=0.6377 real_p2_x0_l1=0.0651 real_p2_x0_abw=0.8930 real_p2_gen_adv=6.9058 real_p2_gen_fm=0.0426 real_total=10.6649 discr_adv=2.7128 x0_discr_real_out=0.0549 x0_discr_fake_out=-0.1478 x0_discr_real_gp=0.0150 p2_discr_real_out=0.0230 p2_discr_fake_out=0.0058 p2_discr_real_gp=0.0293 g_grad_abs=30233.3943 d_grad_abs=485.2398 synth_eps=1.0381 synth_eps_raw=1.0381 synth_x0_x0_l1=0.1241 synth_x0_x0_abw=0.6257 synth_x0_gen_adv=7.5618 synth_x0_gen_fm=0.0841 synth_total=11.1122 extra_render_attn_share=0.5488
[step 22500] real_p1_mirror_hole_cov=0.1599 real_p1_skipped=1.0000 real_p1_hole_frac=0.5004 real_p2_eps=0.8712 real_p2_x0_l1=0.1202 real_p2_x0_abw=0.6341 real_p2_gen_adv=6.8204 real_p2_gen_fm=0.0813 real_total=10.4288 discr_adv=2.7434 x0_discr_real_out=0.0877 x0_discr_fake_out=-0.0119 x0_discr_real_gp=0.0315 p2_discr_real_out=0.1153 p2_discr_fake_out=0.0246 p2_discr_real_gp=0.0281 g_grad_abs=15311.3361 d_grad_abs=465.1456 synth_eps=0.9610 synth_eps_raw=0.9610 synth_x0_x0_l1=0.1171 synth_x0_x0_abw=0.7781 synth_x0_gen_adv=6.3979 synth_x0_gen_fm=0.0803 synth_total=12.2807 extra_render_attn_share=0.5488
[images] real: anchor | cond1 | cond2 | inv_warp_mirror | mask | mask_inv | p2_pred_x0 | warp_img | warp_warp_img | x | y_hat | y_hat_novel -> /home/xzy/warpgan-diffusiong-inpainting/warpgan-diffusion-inpainting-main/experiments/train_inpainting_diffusion/[20260910-025204]_v18w1_struct_50k/logs/images/train/real_step0022500.png
[images] synth: cond | mask | pred_x0 | target | warp_img | x | y_hat_novel -> /home/xzy/warpgan-diffusiong-inpainting/warpgan-diffusion-inpainting-main/experiments/train_inpainting_diffusion/[20260910-025204]_v18w1_struct_50k/logs/images/train/synth_step0022500.png
[step 22550] real_p1_mirror_hole_cov=0.0086 real_p1_skipped=1.0000 real_p1_hole_frac=0.1880 real_p2_eps=0.8755 real_p2_x0_l1=0.1615 real_p2_x0_abw=0.5922 real_p2_gen_adv=7.4853 real_p2_gen_fm=0.1084 real_total=11.8202 discr_adv=2.7012 x0_discr_real_out=-0.0523 x0_discr_fake_out=-0.1455 x0_discr_real_gp=0.0537 p2_discr_real_out=0.0850 p2_discr_fake_out=-0.1063 p2_discr_real_gp=0.0096 g_grad_abs=12375.9066 d_grad_abs=422.0420 synth_eps=0.7977 synth_eps_raw=0.7977 synth_x0_x0_l1=0.1988 synth_x0_x0_abw=0.3819 synth_x0_gen_adv=7.5001 synth_x0_gen_fm=0.1299 synth_total=8.7011 extra_render_attn_share=0.5488
[step 22600] real_p1_mirror_hole_cov=0.3526 real_p1_skipped=1.0000 real_p1_hole_frac=0.1112 real_p2_eps=0.7598 real_p2_x0_l1=0.1984 real_p2_x0_abw=0.4117 real_p2_gen_adv=6.7330 real_p2_gen_fm=0.1259 real_total=8.7959 discr_adv=2.6925 x0_discr_real_out=0.1153 x0_discr_fake_out=-0.0272 x0_discr_real_gp=0.0236 p2_discr_real_out=0.1355 p2_discr_fake_out=0.0414 p2_discr_real_gp=0.0076 g_grad_abs=10559.5248 d_grad_abs=640.6471 synth_eps=0.1641 synth_eps_raw=0.1641 synth_x0_x0_l1=0.2815 synth_x0_x0_abw=0.0679 synth_x0_gen_adv=7.1765 synth_x0_gen_fm=0.1869 synth_total=1.9387 extra_render_attn_share=0.5488
[step 22650] real_p1_mirror_hole_cov=0.0509 real_p1_skipped=1.0000 real_p1_hole_frac=0.0816 real_p2_eps=0.2916 real_p2_x0_l1=0.2625 real_p2_x0_abw=0.0940 real_p2_gen_adv=7.1774 real_p2_gen_fm=0.1603 real_total=2.4974 discr_adv=2.7547 x0_discr_real_out=-0.0222 x0_discr_fake_out=-0.0235 x0_discr_real_gp=0.0020 p2_discr_real_out=-0.0043 p2_discr_fake_out=-0.0482 p2_discr_real_gp=0.0016 g_grad_abs=2503.8824 d_grad_abs=111.7878 synth_eps=0.0325 synth_eps_raw=0.0325 synth_x0_x0_l1=0.3419 synth_x0_x0_abw=0.0160 synth_x0_gen_adv=7.0948 synth_x0_gen_fm=0.2158 synth_total=0.4971 extra_render_attn_share=0.5488
[step 22700] real_p1_mirror_hole_cov=0.2757 real_p1_skipped=1.0000 real_p1_hole_frac=0.4960 real_p2_eps=0.9981 real_p2_x0_l1=0.1551 real_p2_x0_abw=0.4277 real_p2_gen_adv=7.3933 real_p2_gen_fm=0.0980 real_total=8.4157 discr_adv=2.6461 x0_discr_real_out=0.0468 x0_discr_fake_out=-0.1420 x0_discr_real_gp=0.0178 p2_discr_real_out=0.0551 p2_discr_fake_out=-0.0896 p2_discr_real_gp=0.0169 g_grad_abs=7178.6256 d_grad_abs=327.3833 synth_eps=0.0061 synth_eps_raw=0.0061 synth_x0_x0_l1=0.3722 synth_x0_x0_abw=0.0066 synth_x0_gen_adv=6.7995 synth_x0_gen_fm=0.2452 synth_total=0.2142 extra_render_attn_share=0.5488
[step 22750] real_p1_mirror_hole_cov=0.0223 real_p1_skipped=1.0000 real_p1_hole_frac=0.2334 real_p2_eps=1.0037 real_p2_x0_l1=0.1045 real_p2_x0_abw=0.7960 real_p2_gen_adv=6.5175 real_p2_gen_fm=0.0667 real_total=11.5810 discr_adv=2.7747 x0_discr_real_out=0.0838 x0_discr_fake_out=0.0848 x0_discr_real_gp=0.0099 p2_discr_real_out=0.1458 p2_discr_fake_out=0.0851 p2_discr_real_gp=0.0157 g_grad_abs=54055.0175 d_grad_abs=163.7915 synth_eps=0.0074 synth_eps_raw=0.0074 synth_x0_x0_l1=0.3732 synth_x0_x0_abw=0.0070 synth_x0_gen_adv=6.9386 synth_x0_gen_fm=0.2471 synth_total=0.2327 extra_render_attn_share=0.5488
[step 22800] real_p1_mirror_hole_cov=0.0362 real_p1_skipped=1.0000 real_p1_hole_frac=0.2070 real_p2_eps=0.8353 real_p2_x0_l1=0.1839 real_p2_x0_abw=0.5065 real_p2_gen_adv=6.6004 real_p2_gen_fm=0.1248 real_total=10.5946 discr_adv=2.7503 x0_discr_real_out=0.0425 x0_discr_fake_out=0.0264 x0_discr_real_gp=0.0260 p2_discr_real_out=0.1759 p2_discr_fake_out=0.0686 p2_discr_real_gp=0.0068 g_grad_abs=12268.0729 d_grad_abs=410.8780 synth_eps=0.6106 synth_eps_raw=0.6106 synth_x0_x0_l1=0.0257 synth_x0_x0_abw=0.9547 synth_x0_gen_adv=6.6417 synth_x0_gen_fm=0.0106 synth_total=7.9904 extra_render_attn_share=0.5488
[step 22850] real_p1_mirror_hole_cov=0.1018 real_p1_skipped=1.0000 real_p1_hole_frac=0.6037 real_p2_eps=0.9069 real_p2_x0_l1=0.0933 real_p2_x0_abw=0.7990 real_p2_gen_adv=6.3952 real_p2_gen_fm=0.0635 real_total=11.1674 discr_adv=2.7544 x0_discr_real_out=0.0697 x0_discr_fake_out=0.0187 x0_discr_real_gp=0.0098 p2_discr_real_out=0.1450 p2_discr_fake_out=0.1123 p2_discr_real_gp=0.0053 g_grad_abs=10662.6400 d_grad_abs=594.9558 synth_eps=0.0042 synth_eps_raw=0.0042 synth_x0_x0_l1=0.3732 synth_x0_x0_abw=0.0061 synth_x0_gen_adv=6.9301 synth_x0_gen_fm=0.2647 synth_total=0.2111 extra_render_attn_share=0.5488
[step 22900] real_p1_mirror_hole_cov=0.0202 real_p1_skipped=1.0000 real_p1_hole_frac=0.1710 real_p2_eps=0.5022 real_p2_x0_l1=0.2337 real_p2_x0_abw=0.1883 real_p2_gen_adv=7.8008 real_p2_gen_fm=0.1484 real_total=4.8093 discr_adv=2.6612 x0_discr_real_out=-0.0330 x0_discr_fake_out=-0.1957 x0_discr_real_gp=0.0204 p2_discr_real_out=-0.0091 p2_discr_fake_out=-0.1648 p2_discr_real_gp=0.0164 g_grad_abs=3043.8465 d_grad_abs=507.1925 synth_eps=0.3168 synth_eps_raw=0.3168 synth_x0_x0_l1=0.2578 synth_x0_x0_abw=0.1163 synth_x0_gen_adv=7.9571 synth_x0_gen_fm=0.1719 synth_total=3.2722 extra_render_attn_share=0.5488
[step 22950] real_p1_mirror_hole_cov=0.0157 real_p1_skipped=1.0000 real_p1_hole_frac=0.1223 real_p2_eps=0.5138 real_p2_x0_l1=0.2110 real_p2_x0_abw=0.3023 real_p2_gen_adv=7.6740 real_p2_gen_fm=0.1457 real_total=7.3009 discr_adv=2.7224 x0_discr_real_out=0.1034 x0_discr_fake_out=0.0357 x0_discr_real_gp=0.0249 p2_discr_real_out=0.0860 p2_discr_fake_out=-0.1393 p2_discr_real_gp=0.0595 g_grad_abs=8774.4505 d_grad_abs=960.0351 synth_eps=0.7962 synth_eps_raw=0.7962 synth_x0_x0_l1=0.1286 synth_x0_x0_abw=0.7350 synth_x0_gen_adv=6.4677 synth_x0_gen_fm=0.0885 synth_total=12.1471 extra_render_attn_share=0.5488
[step 23000] real_p1_mirror_hole_cov=0.2187 real_p1_skipped=1.0000 real_p1_hole_frac=0.2826 real_p2_eps=0.3150 real_p2_x0_l1=0.2498 real_p2_x0_abw=0.1560 real_p2_gen_adv=7.0810 real_p2_gen_fm=0.1720 real_total=4.1411 discr_adv=2.7724 x0_discr_real_out=-0.0674 x0_discr_fake_out=-0.0693 x0_discr_real_gp=0.0033 p2_discr_real_out=-0.0044 p2_discr_fake_out=-0.0284 p2_discr_real_gp=0.0040 g_grad_abs=4085.6845 d_grad_abs=232.8924 synth_eps=0.0355 synth_eps_raw=0.0355 synth_x0_x0_l1=0.3369 synth_x0_x0_abw=0.0170 synth_x0_gen_adv=7.1568 synth_x0_gen_fm=0.2333 synth_total=0.5598 extra_render_attn_share=0.5488
[images] real: anchor | cond1 | cond2 | inv_warp_mirror | mask | mask_inv | p2_pred_x0 | warp_img | warp_warp_img | x | y_hat | y_hat_novel -> /home/xzy/warpgan-diffusiong-inpainting/warpgan-diffusion-inpainting-main/experiments/train_inpainting_diffusion/[20260910-025204]_v18w1_struct_50k/logs/images/train/real_step0023000.png
[images] synth: cond | mask | pred_x0 | target | warp_img | x | y_hat_novel -> /home/xzy/warpgan-diffusiong-inpainting/warpgan-diffusion-inpainting-main/experiments/train_inpainting_diffusion/[20260910-025204]_v18w1_struct_50k/logs/images/train/synth_step0023000.png
[step 23050] real_p1_mirror_hole_cov=0.1944 real_p1_skipped=1.0000 real_p1_hole_frac=0.1808 real_p2_eps=0.6513 real_p2_x0_l1=0.0541 real_p2_x0_abw=0.8607 real_p2_gen_adv=6.7473 real_p2_gen_fm=0.0324 real_total=9.2932 discr_adv=2.7237 x0_discr_real_out=-0.0283 x0_discr_fake_out=-0.2230 x0_discr_real_gp=0.0367 p2_discr_real_out=0.0549 p2_discr_fake_out=0.0377 p2_discr_real_gp=0.0122 g_grad_abs=4954.2243 d_grad_abs=222.5029 synth_eps=0.0633 synth_eps_raw=0.0633 synth_x0_x0_l1=0.3138 synth_x0_x0_abw=0.0259 synth_x0_gen_adv=7.4182 synth_x0_gen_fm=0.2196 synth_total=0.8313 extra_render_attn_share=0.5488
[step 23100] real_p1_mirror_hole_cov=0.0589 real_p1_skipped=1.0000 real_p1_hole_frac=0.4735 real_p2_eps=0.7689 real_p2_x0_l1=0.0714 real_p2_x0_abw=0.8554 real_p2_gen_adv=6.9980 real_p2_gen_fm=0.0404 real_total=10.2729 discr_adv=2.7200 x0_discr_real_out=0.0105 x0_discr_fake_out=-0.1679 x0_discr_real_gp=0.0230 p2_discr_real_out=0.0126 p2_discr_fake_out=-0.0126 p2_discr_real_gp=0.0210 g_grad_abs=7490.7079 d_grad_abs=335.6213 synth_eps=0.7565 synth_eps_raw=0.7565 synth_x0_x0_l1=0.2076 synth_x0_x0_abw=0.3928 synth_x0_gen_adv=7.6711 synth_x0_gen_fm=0.1419 synth_total=9.4243 extra_render_attn_share=0.5488
[step 23150] real_p1_mirror_hole_cov=0.1300 real_p1_skipped=1.0000 real_p1_hole_frac=0.4644 real_p2_eps=0.7395 real_p2_x0_l1=0.0580 real_p2_x0_abw=0.8418 real_p2_gen_adv=6.8365 real_p2_gen_fm=0.0401 real_total=9.9189 discr_adv=2.7358 x0_discr_real_out=0.0684 x0_discr_fake_out=-0.0959 x0_discr_real_gp=0.0258 p2_discr_real_out=0.0369 p2_discr_fake_out=0.0209 p2_discr_real_gp=0.0217 g_grad_abs=6656.5458 d_grad_abs=499.8930 synth_eps=0.6514 synth_eps_raw=0.6514 synth_x0_x0_l1=0.1940 synth_x0_x0_abw=0.3590 synth_x0_gen_adv=7.9253 synth_x0_gen_fm=0.1445 synth_total=8.7553 extra_render_attn_share=0.5488
[step 23200] real_p1_mirror_hole_cov=0.2252 real_p1_skipped=1.0000 real_p1_hole_frac=0.5722 real_p2_eps=0.2610 real_p2_x0_l1=0.2601 real_p2_x0_abw=0.1001 real_p2_gen_adv=7.4920 real_p2_gen_fm=0.1906 real_total=2.9454 discr_adv=2.7235 x0_discr_real_out=0.0217 x0_discr_fake_out=-0.0278 x0_discr_real_gp=0.0097 p2_discr_real_out=0.0010 p2_discr_fake_out=-0.1078 p2_discr_real_gp=0.0144 g_grad_abs=2045.9763 d_grad_abs=312.7835 synth_eps=0.0344 synth_eps_raw=0.0344 synth_x0_x0_l1=0.3392 synth_x0_x0_abw=0.0170 synth_x0_gen_adv=7.1870 synth_x0_gen_fm=0.2446 synth_total=0.5786 extra_render_attn_share=0.5488
[step 23250] real_p1_mirror_hole_cov=0.2609 real_p1_skipped=1.0000 real_p1_hole_frac=0.3553 real_p2_eps=0.0711 real_p2_x0_l1=0.3253 real_p2_x0_abw=0.0295 real_p2_gen_adv=7.6691 real_p2_gen_fm=0.2311 real_total=0.9873 discr_adv=2.7476 x0_discr_real_out=-0.0215 x0_discr_fake_out=-0.1366 x0_discr_real_gp=0.0475 p2_discr_real_out=-0.0022 p2_discr_fake_out=-0.1403 p2_discr_real_gp=0.0459 g_grad_abs=1130.3609 d_grad_abs=857.9106 synth_eps=0.0414 synth_eps_raw=0.0414 synth_x0_x0_l1=0.3351 synth_x0_x0_abw=0.0200 synth_x0_gen_adv=7.3496 synth_x0_gen_fm=0.2384 synth_total=0.6705 extra_render_attn_share=0.5488
[step 23300] real_p1_mirror_hole_cov=0.0424 real_p1_skipped=1.0000 real_p1_hole_frac=0.2157 real_p2_eps=0.4257 real_p2_x0_l1=0.2600 real_p2_x0_abw=0.1937 real_p2_gen_adv=6.8836 real_p2_gen_fm=0.1668 real_total=5.0403 discr_adv=2.7692 x0_discr_real_out=-0.0048 x0_discr_fake_out=-0.0089 x0_discr_real_gp=0.0053 p2_discr_real_out=0.0474 p2_discr_fake_out=0.0113 p2_discr_real_gp=0.0065 g_grad_abs=4554.5577 d_grad_abs=271.9475 synth_eps=0.8206 synth_eps_raw=0.8206 synth_x0_x0_l1=0.0858 synth_x0_x0_abw=0.7079 synth_x0_gen_adv=6.9615 synth_x0_gen_fm=0.0634 synth_total=10.2942 extra_render_attn_share=0.5488
[step 23350] real_p1_mirror_hole_cov=0.0285 real_p1_skipped=1.0000 real_p1_hole_frac=0.3734 real_p2_eps=0.8008 real_p2_x0_l1=0.0653 real_p2_x0_abw=0.8930 real_p2_gen_adv=6.8620 real_p2_gen_fm=0.0454 real_total=11.0450 discr_adv=2.7806 x0_discr_real_out=-0.0188 x0_discr_fake_out=-0.0637 x0_discr_real_gp=0.0256 p2_discr_real_out=0.0504 p2_discr_fake_out=0.0144 p2_discr_real_gp=0.0209 g_grad_abs=11786.6546 d_grad_abs=279.1875 synth_eps=0.0466 synth_eps_raw=0.0466 synth_x0_x0_l1=0.3279 synth_x0_x0_abw=0.0229 synth_x0_gen_adv=7.4696 synth_x0_gen_fm=0.2307 synth_total=0.7521 extra_render_attn_share=0.5488
[step 23400] real_p1_mirror_hole_cov=0.0501 real_p1_skipped=1.0000 real_p1_hole_frac=0.2118 real_p2_eps=0.8824 real_p2_x0_l1=0.1708 real_p2_x0_abw=0.6257 real_p2_gen_adv=6.3577 real_p2_gen_fm=0.1203 real_total=12.4959 discr_adv=2.7505 x0_discr_real_out=0.0790 x0_discr_fake_out=0.0338 x0_discr_real_gp=0.0076 p2_discr_real_out=0.1536 p2_discr_fake_out=0.1192 p2_discr_real_gp=0.0026 g_grad_abs=13664.0417 d_grad_abs=522.0998 synth_eps=0.3082 synth_eps_raw=0.3082 synth_x0_x0_l1=0.2761 synth_x0_x0_abw=0.1148 synth_x0_gen_adv=7.1901 synth_x0_gen_fm=0.1889 synth_total=3.3338 extra_render_attn_share=0.5488
[step 23450] real_p1_mirror_hole_cov=0.3477 real_p1_skipped=1.0000 real_p1_hole_frac=0.6212 real_p2_eps=0.4386 real_p2_x0_l1=0.2457 real_p2_x0_abw=0.2163 real_p2_gen_adv=7.1319 real_p2_gen_fm=0.1704 real_total=5.7202 discr_adv=2.7301 x0_discr_real_out=0.1364 x0_discr_fake_out=0.1165 x0_discr_real_gp=0.0035 p2_discr_real_out=0.1045 p2_discr_fake_out=-0.0351 p2_discr_real_gp=0.0202 g_grad_abs=5045.8450 d_grad_abs=841.0404 synth_eps=0.7431 synth_eps_raw=0.7431 synth_x0_x0_l1=0.0351 synth_x0_x0_abw=0.9298 synth_x0_gen_adv=6.8730 synth_x0_gen_fm=0.0174 synth_total=8.7881 extra_render_attn_share=0.5488
[step 23500] real_p1_mirror_hole_cov=0.0071 real_p1_skipped=1.0000 real_p1_hole_frac=0.1806 real_p2_eps=0.3406 real_p2_x0_l1=0.2610 real_p2_x0_abw=0.1618 real_p2_gen_adv=8.5644 real_p2_gen_fm=0.1920 real_total=4.8738 discr_adv=2.6241 x0_discr_real_out=0.0484 x0_discr_fake_out=-0.1463 x0_discr_real_gp=0.0123 p2_discr_real_out=-0.0304 p2_discr_fake_out=-0.3008 p2_discr_real_gp=0.0519 g_grad_abs=5385.5084 d_grad_abs=862.6890 synth_eps=0.0237 synth_eps_raw=0.0237 synth_x0_x0_l1=0.3408 synth_x0_x0_abw=0.0142 synth_x0_gen_adv=7.4693 synth_x0_gen_fm=0.2582 synth_total=0.4996 extra_render_attn_share=0.5488
[images] real: anchor | cond1 | cond2 | inv_warp_mirror | mask | mask_inv | p2_pred_x0 | warp_img | warp_warp_img | x | y_hat | y_hat_novel -> /home/xzy/warpgan-diffusiong-inpainting/warpgan-diffusion-inpainting-main/experiments/train_inpainting_diffusion/[20260910-025204]_v18w1_struct_50k/logs/images/train/real_step0023500.png
[images] synth: cond | mask | pred_x0 | target | warp_img | x | y_hat_novel -> /home/xzy/warpgan-diffusiong-inpainting/warpgan-diffusion-inpainting-main/experiments/train_inpainting_diffusion/[20260910-025204]_v18w1_struct_50k/logs/images/train/synth_step0023500.png
[step 23550] real_p1_mirror_hole_cov=0.3163 real_p1_skipped=1.0000 real_p1_hole_frac=0.3852 real_p2_eps=0.8384 real_p2_x0_l1=0.0613 real_p2_x0_abw=0.8905 real_p2_gen_adv=6.9970 real_p2_gen_fm=0.0410 real_total=10.7782 discr_adv=2.7729 x0_discr_real_out=-0.0111 x0_discr_fake_out=-0.0180 x0_discr_real_gp=0.0045 p2_discr_real_out=0.0055 p2_discr_fake_out=-0.0124 p2_discr_real_gp=0.0070 g_grad_abs=16853.3856 d_grad_abs=95.7492 synth_eps=0.6799 synth_eps_raw=0.6799 synth_x0_x0_l1=0.2265 synth_x0_x0_abw=0.2967 synth_x0_gen_adv=7.7030 synth_x0_gen_fm=0.1499 synth_total=7.4816 extra_render_attn_share=0.5488
[step 23600] real_p1_mirror_hole_cov=0.0204 real_p1_skipped=1.0000 real_p1_hole_frac=0.3991 real_p2_eps=0.0393 real_p2_x0_l1=0.3289 real_p2_x0_abw=0.0220 real_p2_gen_adv=7.2182 real_p2_gen_fm=0.2472 real_total=0.7489 discr_adv=2.8125 x0_discr_real_out=0.1422 x0_discr_fake_out=0.1202 x0_discr_real_gp=0.0050 p2_discr_real_out=0.0172 p2_discr_fake_out=-0.0537 p2_discr_real_gp=0.0705 g_grad_abs=359.6679 d_grad_abs=1718.0604 synth_eps=0.1114 synth_eps_raw=0.1114 synth_x0_x0_l1=0.3047 synth_x0_x0_abw=0.0571 synth_x0_gen_adv=6.6578 synth_x0_gen_fm=0.2313 synth_total=1.8293 extra_render_attn_share=0.5488
[step 23650] real_p1_mirror_hole_cov=0.0217 real_p1_skipped=1.0000 real_p1_hole_frac=0.0410 real_p2_eps=0.6304 real_p2_x0_l1=0.1478 real_p2_x0_abw=0.6174 real_p2_gen_adv=6.5257 real_p2_gen_fm=0.1075 real_total=11.3884 discr_adv=2.7954 x0_discr_real_out=0.0534 x0_discr_fake_out=0.0534 x0_discr_real_gp=0.0063 p2_discr_real_out=0.0819 p2_discr_fake_out=0.0859 p2_discr_real_gp=0.0053 g_grad_abs=15938.8925 d_grad_abs=373.6606 synth_eps=0.3154 synth_eps_raw=0.3154 synth_x0_x0_l1=0.2614 synth_x0_x0_abw=0.1301 synth_x0_gen_adv=7.2217 synth_x0_gen_fm=0.1805 synth_total=3.6357 extra_render_attn_share=0.5488
[step 23700] real_p1_mirror_hole_cov=0.0620 real_p1_skipped=1.0000 real_p1_hole_frac=0.4150 real_p2_eps=0.6965 real_p2_x0_l1=0.2267 real_p2_x0_abw=0.2645 real_p2_gen_adv=7.5355 real_p2_gen_fm=0.1503 real_total=6.7250 discr_adv=2.7128 x0_discr_real_out=0.0268 x0_discr_fake_out=0.0224 x0_discr_real_gp=0.0319 p2_discr_real_out=0.0976 p2_discr_fake_out=-0.1159 p2_discr_real_gp=0.0120 g_grad_abs=5389.6539 d_grad_abs=438.1553 synth_eps=0.2501 synth_eps_raw=0.2501 synth_x0_x0_l1=0.2662 synth_x0_x0_abw=0.0973 synth_x0_gen_adv=7.6265 synth_x0_gen_fm=0.1887 synth_total=2.8556 extra_render_attn_share=0.5488
[step 23750] real_p1_mirror_hole_cov=0.0139 real_p1_skipped=1.0000 real_p1_hole_frac=0.0824 real_p2_eps=0.9632 real_p2_x0_l1=0.1240 real_p2_x0_abw=0.6787 real_p2_gen_adv=7.3045 real_p2_gen_fm=0.0860 real_total=11.8387 discr_adv=2.7302 x0_discr_real_out=-0.0144 x0_discr_fake_out=-0.0537 x0_discr_real_gp=0.0020 p2_discr_real_out=-0.0148 p2_discr_fake_out=-0.0727 p2_discr_real_gp=0.0019 g_grad_abs=8059.2308 d_grad_abs=220.2048 synth_eps=0.5275 synth_eps_raw=0.5275 synth_x0_x0_l1=0.2471 synth_x0_x0_abw=0.2174 synth_x0_gen_adv=7.2587 synth_x0_gen_fm=0.1543 synth_total=5.5138 extra_render_attn_share=0.5488
[step 23800] real_p1_mirror_hole_cov=0.1290 real_p1_skipped=1.0000 real_p1_hole_frac=0.4396 real_p2_eps=0.0096 real_p2_x0_l1=0.3692 real_p2_x0_abw=0.0075 real_p2_gen_adv=7.1194 real_p2_gen_fm=0.2746 real_total=0.2730 discr_adv=2.8975 x0_discr_real_out=0.0876 x0_discr_fake_out=0.0669 x0_discr_real_gp=0.0118 p2_discr_real_out=-0.0188 p2_discr_fake_out=-0.0361 p2_discr_real_gp=0.1284 g_grad_abs=146.9035 d_grad_abs=2623.6941 synth_eps=0.7313 synth_eps_raw=0.7313 synth_x0_x0_l1=0.0432 synth_x0_x0_abw=0.9148 synth_x0_gen_adv=6.6026 synth_x0_gen_fm=0.0272 synth_total=9.3005 extra_render_attn_share=0.5488
[step 23850] real_p1_mirror_hole_cov=0.2438 real_p1_skipped=1.0000 real_p1_hole_frac=0.2751 real_p2_eps=0.0915 real_p2_x0_l1=0.3069 real_p2_x0_abw=0.0469 real_p2_gen_adv=7.6124 real_p2_gen_fm=0.2224 real_total=1.5054 discr_adv=2.7306 x0_discr_real_out=0.0068 x0_discr_fake_out=-0.0094 x0_discr_real_gp=0.0112 p2_discr_real_out=0.0114 p2_discr_fake_out=-0.1297 p2_discr_real_gp=0.0199 g_grad_abs=1056.5754 d_grad_abs=453.8139 synth_eps=0.8290 synth_eps_raw=0.8290 synth_x0_x0_l1=0.0973 synth_x0_x0_abw=0.7015 synth_x0_gen_adv=7.3133 synth_x0_gen_fm=0.0782 synth_total=11.5162 extra_render_attn_share=0.5488
[step 23900] real_p1_mirror_hole_cov=0.2695 real_p1_skipped=1.0000 real_p1_hole_frac=0.0630 real_p2_eps=0.6079 real_p2_x0_l1=0.2253 real_p2_x0_abw=0.3150 real_p2_gen_adv=6.8263 real_p2_gen_fm=0.1559 real_total=7.7383 discr_adv=2.6345 x0_discr_real_out=0.1819 x0_discr_fake_out=-0.0238 x0_discr_real_gp=0.0217 p2_discr_real_out=0.1905 p2_discr_fake_out=0.0226 p2_discr_real_gp=0.0156 g_grad_abs=5866.1909 d_grad_abs=1022.4129 synth_eps=1.0503 synth_eps_raw=1.0503 synth_x0_x0_l1=0.1673 synth_x0_x0_abw=0.6441 synth_x0_gen_adv=6.2551 synth_x0_gen_fm=0.1146 synth_total=12.5700 extra_render_attn_share=0.5488
[step 23950] real_p1_mirror_hole_cov=0.1059 real_p1_skipped=1.0000 real_p1_hole_frac=0.1926 real_p2_eps=1.0270 real_p2_x0_l1=0.1264 real_p2_x0_abw=0.5652 real_p2_gen_adv=7.1593 real_p2_gen_fm=0.0812 real_total=9.7369 discr_adv=2.7747 x0_discr_real_out=-0.0813 x0_discr_fake_out=-0.0820 x0_discr_real_gp=0.0018 p2_discr_real_out=-0.0330 p2_discr_fake_out=-0.0432 p2_discr_real_gp=0.0011 g_grad_abs=6996.6484 d_grad_abs=117.8232 synth_eps=0.7645 synth_eps_raw=0.7645 synth_x0_x0_l1=0.0491 synth_x0_x0_abw=0.9516 synth_x0_gen_adv=7.2586 synth_x0_gen_fm=0.0285 synth_total=10.4281 extra_render_attn_share=0.5488
[val step 23999] val_novel_full=0.3144 val_novel_hole=0.2883 val_novel_visible=0.3362
[step 24000] real_p1_mirror_hole_cov=0.1349 real_p1_skipped=1.0000 real_p1_hole_frac=0.7151 real_p2_eps=0.9044 real_p2_x0_l1=0.1695 real_p2_x0_abw=0.3265 real_p2_gen_adv=7.9946 real_p2_gen_fm=0.1105 real_total=7.1761 discr_adv=2.7041 x0_discr_real_out=-0.0209 x0_discr_fake_out=-0.0410 x0_discr_real_gp=0.0091 p2_discr_real_out=-0.0152 p2_discr_fake_out=-0.2005 p2_discr_real_gp=0.0181 g_grad_abs=7633.1158 d_grad_abs=251.5324 synth_eps=0.7557 synth_eps_raw=0.7557 synth_x0_x0_l1=0.1933 synth_x0_x0_abw=0.2763 synth_x0_gen_adv=7.9511 synth_x0_gen_fm=0.1269 synth_total=6.5116 extra_render_attn_share=0.5460
[images] real: anchor | cond1 | cond2 | inv_warp_mirror | mask | mask_inv | p2_pred_x0 | warp_img | warp_warp_img | x | y_hat | y_hat_novel -> /home/xzy/warpgan-diffusiong-inpainting/warpgan-diffusion-inpainting-main/experiments/train_inpainting_diffusion/[20260910-025204]_v18w1_struct_50k/logs/images/train/real_step0024000.png
[images] synth: cond | mask | pred_x0 | target | warp_img | x | y_hat_novel -> /home/xzy/warpgan-diffusiong-inpainting/warpgan-diffusion-inpainting-main/experiments/train_inpainting_diffusion/[20260910-025204]_v18w1_struct_50k/logs/images/train/synth_step0024000.png
[step 24050] real_p1_mirror_hole_cov=0.1774 real_p1_skipped=1.0000 real_p1_hole_frac=0.4614 real_p2_eps=0.8757 real_p2_x0_l1=0.0702 real_p2_x0_abw=0.8942 real_p2_gen_adv=6.4639 real_p2_gen_fm=0.0432 real_total=10.5859 discr_adv=2.8603 x0_discr_real_out=-0.0345 x0_discr_fake_out=-0.0132 x0_discr_real_gp=0.0689 p2_discr_real_out=0.1306 p2_discr_fake_out=0.0964 p2_discr_real_gp=0.0206 g_grad_abs=7040.7348 d_grad_abs=855.1111 synth_eps=0.6870 synth_eps_raw=0.6870 synth_x0_x0_l1=0.0305 synth_x0_x0_abw=0.9463 synth_x0_gen_adv=6.4569 synth_x0_gen_fm=0.0146 synth_total=8.2082 extra_render_attn_share=0.5460
[step 24100] real_p1_mirror_hole_cov=0.0808 real_p1_skipped=1.0000 real_p1_hole_frac=0.4550 real_p2_eps=0.7336 real_p2_x0_l1=0.0500 real_p2_x0_abw=0.9619 real_p2_gen_adv=6.9020 real_p2_gen_fm=0.0271 real_total=10.0229 discr_adv=2.7786 x0_discr_real_out=-0.0415 x0_discr_fake_out=-0.0430 x0_discr_real_gp=0.0026 p2_discr_real_out=0.0129 p2_discr_fake_out=0.0075 p2_discr_real_gp=0.0022 g_grad_abs=5436.3382 d_grad_abs=145.1553 synth_eps=0.0132 synth_eps_raw=0.0132 synth_x0_x0_l1=0.3640 synth_x0_x0_abw=0.0081 synth_x0_gen_adv=7.2177 synth_x0_gen_fm=0.2512 synth_total=0.2769 extra_render_attn_share=0.5460
[step 24150] real_p1_mirror_hole_cov=0.0157 real_p1_skipped=1.0000 real_p1_hole_frac=0.0916 real_p2_eps=0.9140 real_p2_x0_l1=0.1727 real_p2_x0_abw=0.5804 real_p2_gen_adv=6.7765 real_p2_gen_fm=0.1094 real_total=11.2953 discr_adv=2.7214 x0_discr_real_out=0.0227 x0_discr_fake_out=-0.0671 x0_discr_real_gp=0.0105 p2_discr_real_out=0.0833 p2_discr_fake_out=0.0331 p2_discr_real_gp=0.0032 g_grad_abs=10285.6116 d_grad_abs=279.6637 synth_eps=0.7037 synth_eps_raw=0.7037 synth_x0_x0_l1=0.1880 synth_x0_x0_abw=0.3352 synth_x0_gen_adv=7.4047 synth_x0_gen_fm=0.1275 synth_total=7.5232 extra_render_attn_share=0.5460
[step 24200] real_p1_mirror_hole_cov=0.0154 real_p1_skipped=1.0000 real_p1_hole_frac=0.1920 real_p2_eps=0.5584 real_p2_x0_l1=0.0347 real_p2_x0_abw=0.9298 real_p2_gen_adv=6.6133 real_p2_gen_fm=0.0182 real_total=8.4281 discr_adv=2.6664 x0_discr_real_out=0.0626 x0_discr_fake_out=-0.2058 x0_discr_real_gp=0.0138 p2_discr_real_out=0.0718 p2_discr_fake_out=0.0665 p2_discr_real_gp=0.0038 g_grad_abs=4137.2573 d_grad_abs=1120.0914 synth_eps=0.7394 synth_eps_raw=0.7394 synth_x0_x0_l1=0.0338 synth_x0_x0_abw=0.9822 synth_x0_gen_adv=6.5541 synth_x0_gen_fm=0.0133 synth_total=8.5138 extra_render_attn_share=0.5460
[step 24250] real_p1_mirror_hole_cov=0.1961 real_p1_skipped=1.0000 real_p1_hole_frac=0.3537 real_p2_eps=0.0282 real_p2_x0_l1=0.3424 real_p2_x0_abw=0.0160 real_p2_gen_adv=7.6807 real_p2_gen_fm=0.2501 real_total=0.5571 discr_adv=2.8379 x0_discr_real_out=-0.0950 x0_discr_fake_out=-0.1002 x0_discr_real_gp=0.0466 p2_discr_real_out=-0.0827 p2_discr_fake_out=-0.1434 p2_discr_real_gp=0.0435 g_grad_abs=335.9735 d_grad_abs=872.3806 synth_eps=0.0204 synth_eps_raw=0.0204 synth_x0_x0_l1=0.3515 synth_x0_x0_abw=0.0122 synth_x0_gen_adv=7.4252 synth_x0_gen_fm=0.2533 synth_total=0.4249 extra_render_attn_share=0.5460
[step 24300] real_p1_mirror_hole_cov=0.0245 real_p1_skipped=1.0000 real_p1_hole_frac=0.0953 real_p2_eps=0.7798 real_p2_x0_l1=0.1697 real_p2_x0_abw=0.4357 real_p2_gen_adv=7.1757 real_p2_gen_fm=0.1272 real_total=9.5228 discr_adv=2.6703 x0_discr_real_out=0.1074 x0_discr_fake_out=-0.0063 x0_discr_real_gp=0.0038 p2_discr_real_out=0.0895 p2_discr_fake_out=-0.0467 p2_discr_real_gp=0.0145 g_grad_abs=11158.2656 d_grad_abs=630.2764 synth_eps=0.8303 synth_eps_raw=0.8303 synth_x0_x0_l1=0.0446 synth_x0_x0_abw=0.9040 synth_x0_gen_adv=6.8573 synth_x0_gen_fm=0.0302 synth_total=9.7989 extra_render_attn_share=0.5460
[step 24350] real_p1_mirror_hole_cov=0.0243 real_p1_skipped=1.0000 real_p1_hole_frac=0.2925 real_p2_eps=0.8243 real_p2_x0_l1=0.0543 real_p2_x0_abw=0.8967 real_p2_gen_adv=6.2581 real_p2_gen_fm=0.0306 real_total=9.2302 discr_adv=2.7789 x0_discr_real_out=0.1606 x0_discr_fake_out=0.1420 x0_discr_real_gp=0.0028 p2_discr_real_out=0.1509 p2_discr_fake_out=0.1416 p2_discr_real_gp=0.0027 g_grad_abs=5055.6772 d_grad_abs=239.4009 synth_eps=0.9409 synth_eps_raw=0.9409 synth_x0_x0_l1=0.0923 synth_x0_x0_abw=0.8473 synth_x0_gen_adv=6.2082 synth_x0_gen_fm=0.0589 synth_total=11.2706 extra_render_attn_share=0.5460
[step 24400] real_p1_mirror_hole_cov=0.0143 real_p1_skipped=1.0000 real_p1_hole_frac=0.1536 real_p2_eps=0.0174 real_p2_x0_l1=0.3622 real_p2_x0_abw=0.0115 real_p2_gen_adv=6.9284 real_p2_gen_fm=0.2279 real_total=0.3622 discr_adv=2.7732 x0_discr_real_out=0.0032 x0_discr_fake_out=-0.0019 x0_discr_real_gp=0.0006 p2_discr_real_out=-0.0025 p2_discr_fake_out=0.0008 p2_discr_real_gp=0.0006 g_grad_abs=205.0503 d_grad_abs=54.3979 synth_eps=0.7316 synth_eps_raw=0.7316 synth_x0_x0_l1=0.0441 synth_x0_x0_abw=0.9629 synth_x0_gen_adv=7.0599 synth_x0_gen_fm=0.0176 synth_total=9.2646 extra_render_attn_share=0.5460
[step 24450] real_p1_mirror_hole_cov=0.2444 real_p1_skipped=1.0000 real_p1_hole_frac=0.4484 real_p2_eps=1.0297 real_p2_x0_l1=0.1399 real_p2_x0_abw=0.6934 real_p2_gen_adv=7.1997 real_p2_gen_fm=0.0887 real_total=12.2676 discr_adv=2.7403 x0_discr_real_out=-0.0642 x0_discr_fake_out=-0.0672 x0_discr_real_gp=0.0102 p2_discr_real_out=0.0471 p2_discr_fake_out=-0.0522 p2_discr_real_gp=0.0054 g_grad_abs=16291.6673 d_grad_abs=128.3488 synth_eps=0.4790 synth_eps_raw=0.4790 synth_x0_x0_l1=0.2126 synth_x0_x0_abw=0.1369 synth_x0_gen_adv=7.4411 synth_x0_gen_fm=0.1269 synth_total=3.2644 extra_render_attn_share=0.5460
[step 24500] real_p1_mirror_hole_cov=0.1332 real_p1_skipped=1.0000 real_p1_hole_frac=0.0564 real_p2_eps=0.9094 real_p2_x0_l1=0.0056 real_p2_x0_abw=0.9991 real_p2_gen_adv=7.0164 real_p2_gen_fm=0.0005 real_total=7.9773 discr_adv=2.7286 x0_discr_real_out=0.0326 x0_discr_fake_out=-0.1085 x0_discr_real_gp=0.0130 p2_discr_real_out=-0.0165 p2_discr_fake_out=-0.0165 p2_discr_real_gp=0.0112 g_grad_abs=1710.0623 d_grad_abs=168.5806 synth_eps=0.9686 synth_eps_raw=0.9686 synth_x0_x0_l1=0.0876 synth_x0_x0_abw=0.8221 synth_x0_gen_adv=7.0472 synth_x0_gen_fm=0.0546 synth_total=11.3257 extra_render_attn_share=0.5460
[images] real: anchor | cond1 | cond2 | inv_warp_mirror | mask | mask_inv | p2_pred_x0 | warp_img | warp_warp_img | x | y_hat | y_hat_novel -> /home/xzy/warpgan-diffusiong-inpainting/warpgan-diffusion-inpainting-main/experiments/train_inpainting_diffusion/[20260910-025204]_v18w1_struct_50k/logs/images/train/real_step0024500.png
[images] synth: cond | mask | pred_x0 | target | warp_img | x | y_hat_novel -> /home/xzy/warpgan-diffusiong-inpainting/warpgan-diffusion-inpainting-main/experiments/train_inpainting_diffusion/[20260910-025204]_v18w1_struct_50k/logs/images/train/synth_step0024500.png
[step 24550] real_p1_mirror_hole_cov=0.0075 real_p1_skipped=1.0000 real_p1_hole_frac=0.1940 real_p2_eps=0.6719 real_p2_x0_l1=0.0485 real_p2_x0_abw=0.9124 real_p2_gen_adv=7.1013 real_p2_gen_fm=0.0257 real_total=9.5420 discr_adv=2.7515 x0_discr_real_out=0.0296 x0_discr_fake_out=-0.0812 x0_discr_real_gp=0.0143 p2_discr_real_out=-0.0267 p2_discr_fake_out=-0.0328 p2_discr_real_gp=0.0206 g_grad_abs=5753.6442 d_grad_abs=223.2972 synth_eps=0.0541 synth_eps_raw=0.0541 synth_x0_x0_l1=0.3320 synth_x0_x0_abw=0.0244 synth_x0_gen_adv=7.0313 synth_x0_gen_fm=0.2201 synth_total=0.7719 extra_render_attn_share=0.5460
[step 24600] real_p1_mirror_hole_cov=0.0371 real_p1_skipped=1.0000 real_p1_hole_frac=0.1331 real_p2_eps=0.7697 real_p2_x0_l1=0.1974 real_p2_x0_abw=0.4406 real_p2_gen_adv=6.1853 real_p2_gen_fm=0.1290 real_total=9.2659 discr_adv=2.7834 x0_discr_real_out=0.0994 x0_discr_fake_out=0.0902 x0_discr_real_gp=0.0041 p2_discr_real_out=0.1621 p2_discr_fake_out=0.1572 p2_discr_real_gp=0.0025 g_grad_abs=16447.5463 d_grad_abs=286.1783 synth_eps=0.0169 synth_eps_raw=0.0169 synth_x0_x0_l1=0.3570 synth_x0_x0_abw=0.0160 synth_x0_gen_adv=6.5753 synth_x0_gen_fm=0.2373 synth_total=0.5078 extra_render_attn_share=0.5460
[step 24650] real_p1_mirror_hole_cov=0.1766 real_p1_skipped=1.0000 real_p1_hole_frac=0.4782 real_p2_eps=0.0520 real_p2_x0_l1=0.3302 real_p2_x0_abw=0.0247 real_p2_gen_adv=7.1405 real_p2_gen_fm=0.2241 real_total=0.7891 discr_adv=2.7011 x0_discr_real_out=0.0320 x0_discr_fake_out=-0.1686 x0_discr_real_gp=0.0276 p2_discr_real_out=0.0175 p2_discr_fake_out=-0.0407 p2_discr_real_gp=0.0246 g_grad_abs=722.4007 d_grad_abs=236.3058 synth_eps=0.0170 synth_eps_raw=0.0170 synth_x0_x0_l1=0.3504 synth_x0_x0_abw=0.0116 synth_x0_gen_adv=6.9423 synth_x0_gen_fm=0.2334 synth_total=0.3719 extra_render_attn_share=0.5460
[step 24700] real_p1_mirror_hole_cov=0.0203 real_p1_skipped=1.0000 real_p1_hole_frac=0.0680 real_p2_eps=0.9503 real_p2_x0_l1=0.1204 real_p2_x0_abw=0.6852 real_p2_gen_adv=7.3930 real_p2_gen_fm=0.0846 real_total=11.8945 discr_adv=2.7375 x0_discr_real_out=-0.0289 x0_discr_fake_out=-0.0296 x0_discr_real_gp=0.0299 p2_discr_real_out=0.0817 p2_discr_fake_out=-0.0892 p2_discr_real_gp=0.0176 g_grad_abs=8767.3507 d_grad_abs=327.1129 synth_eps=0.0119 synth_eps_raw=0.0119 synth_x0_x0_l1=0.3601 synth_x0_x0_abw=0.0096 synth_x0_gen_adv=6.9717 synth_x0_gen_fm=0.2462 synth_total=0.3197 extra_render_attn_share=0.5460
[step 24750] real_p1_mirror_hole_cov=0.2280 real_p1_skipped=1.0000 real_p1_hole_frac=0.2661 real_p2_eps=0.1484 real_p2_x0_l1=0.3074 real_p2_x0_abw=0.0694 real_p2_gen_adv=6.7363 real_p2_gen_fm=0.2020 real_total=2.0402 discr_adv=2.7607 x0_discr_real_out=0.0785 x0_discr_fake_out=0.0525 x0_discr_real_gp=0.0012 p2_discr_real_out=0.0529 p2_discr_fake_out=0.0405 p2_discr_real_gp=0.0024 g_grad_abs=1803.5644 d_grad_abs=274.5773 synth_eps=0.3033 synth_eps_raw=0.3033 synth_x0_x0_l1=0.2618 synth_x0_x0_abw=0.1171 synth_x0_gen_adv=6.8104 synth_x0_gen_fm=0.1677 synth_total=3.0952 extra_render_attn_share=0.5460
[step 24800] real_p1_mirror_hole_cov=0.1378 real_p1_skipped=1.0000 real_p1_hole_frac=0.3578 real_p2_eps=1.1189 real_p2_x0_l1=0.1320 real_p2_x0_abw=0.5871 real_p2_gen_adv=7.2573 real_p2_gen_fm=0.0944 real_total=11.0027 discr_adv=2.7269 x0_discr_real_out=0.0009 x0_discr_fake_out=-0.0425 x0_discr_real_gp=0.0151 p2_discr_real_out=0.0482 p2_discr_fake_out=-0.0634 p2_discr_real_gp=0.0147 g_grad_abs=11875.7329 d_grad_abs=136.4303 synth_eps=0.2778 synth_eps_raw=0.2778 synth_x0_x0_l1=0.2774 synth_x0_x0_abw=0.0825 synth_x0_gen_adv=7.5017 synth_x0_gen_fm=0.1818 synth_total=2.4198 extra_render_attn_share=0.5460
[step 24850] real_p1_mirror_hole_cov=0.0838 real_p1_skipped=1.0000 real_p1_hole_frac=0.4759 real_p2_eps=0.7822 real_p2_x0_l1=0.1550 real_p2_x0_abw=0.4341 real_p2_gen_adv=7.4279 real_p2_gen_fm=0.1075 real_total=8.7391 discr_adv=2.7283 x0_discr_real_out=0.0398 x0_discr_fake_out=-0.0261 x0_discr_real_gp=0.0208 p2_discr_real_out=0.0805 p2_discr_fake_out=-0.0927 p2_discr_real_gp=0.0487 g_grad_abs=5528.7958 d_grad_abs=301.2937 synth_eps=0.9041 synth_eps_raw=0.9041 synth_x0_x0_l1=0.0437 synth_x0_x0_abw=0.9148 synth_x0_gen_adv=6.7949 synth_x0_gen_fm=0.0256 synth_total=9.5011 extra_render_attn_share=0.5460
[step 24900] real_p1_mirror_hole_cov=0.1529 real_p1_skipped=1.0000 real_p1_hole_frac=0.0408 real_p2_eps=0.4080 real_p2_x0_l1=0.2319 real_p2_x0_abw=0.1657 real_p2_gen_adv=7.9348 real_p2_gen_fm=0.1556 real_total=4.3392 discr_adv=2.6912 x0_discr_real_out=0.0271 x0_discr_fake_out=-0.0041 x0_discr_real_gp=0.0243 p2_discr_real_out=0.0586 p2_discr_fake_out=-0.1893 p2_discr_real_gp=0.0267 g_grad_abs=3439.1755 d_grad_abs=329.9408 synth_eps=0.0077 synth_eps_raw=0.0077 synth_x0_x0_l1=0.3703 synth_x0_x0_abw=0.0066 synth_x0_gen_adv=6.8751 synth_x0_gen_fm=0.2525 synth_total=0.2235 extra_render_attn_share=0.5460
[step 24950] real_p1_mirror_hole_cov=0.1693 real_p1_skipped=1.0000 real_p1_hole_frac=0.2766 real_p2_eps=0.0303 real_p2_x0_l1=0.3497 real_p2_x0_abw=0.0168 real_p2_gen_adv=7.1129 real_p2_gen_fm=0.2472 real_total=0.5723 discr_adv=2.8105 x0_discr_real_out=0.0347 x0_discr_fake_out=0.0036 x0_discr_real_gp=0.0542 p2_discr_real_out=0.0477 p2_discr_fake_out=-0.0345 p2_discr_real_gp=0.0371 g_grad_abs=300.8641 d_grad_abs=855.5370 synth_eps=0.0639 synth_eps_raw=0.0639 synth_x0_x0_l1=0.3220 synth_x0_x0_abw=0.0286 synth_x0_gen_adv=6.8323 synth_x0_gen_fm=0.2271 synth_total=0.9194 extra_render_attn_share=0.5460
[step 25000] real_p1_mirror_hole_cov=0.0277 real_p1_skipped=1.0000 real_p1_hole_frac=0.4979 real_p2_eps=0.7606 real_p2_x0_l1=0.0615 real_p2_x0_abw=0.9398 real_p2_gen_adv=7.1779 real_p2_gen_fm=0.0409 real_total=11.4031 discr_adv=2.7445 x0_discr_real_out=-0.0027 x0_discr_fake_out=-0.0783 x0_discr_real_gp=0.0107 p2_discr_real_out=-0.0295 p2_discr_fake_out=-0.0478 p2_discr_real_gp=0.0052 g_grad_abs=7200.6999 d_grad_abs=187.1432 synth_eps=0.9048 synth_eps_raw=0.9048 synth_x0_x0_l1=0.1245 synth_x0_x0_abw=0.6966 synth_x0_gen_adv=7.5725 synth_x0_gen_fm=0.0971 synth_total=13.0342 extra_render_attn_share=0.5460
[images] real: anchor | cond1 | cond2 | inv_warp_mirror | mask | mask_inv | p2_pred_x0 | warp_img | warp_warp_img | x | y_hat | y_hat_novel -> /home/xzy/warpgan-diffusiong-inpainting/warpgan-diffusion-inpainting-main/experiments/train_inpainting_diffusion/[20260910-025204]_v18w1_struct_50k/logs/images/train/real_step0025000.png
[images] synth: cond | mask | pred_x0 | target | warp_img | x | y_hat_novel -> /home/xzy/warpgan-diffusiong-inpainting/warpgan-diffusion-inpainting-main/experiments/train_inpainting_diffusion/[20260910-025204]_v18w1_struct_50k/logs/images/train/synth_step0025000.png
[step 25050] real_p1_mirror_hole_cov=0.2584 real_p1_skipped=1.0000 real_p1_hole_frac=0.2456 real_p2_eps=0.7887 real_p2_x0_l1=0.0823 real_p2_x0_abw=0.8621 real_p2_gen_adv=6.8886 real_p2_gen_fm=0.0559 real_total=11.6130 discr_adv=2.7331 x0_discr_real_out=0.1277 x0_discr_fake_out=0.0204 x0_discr_real_gp=0.0119 p2_discr_real_out=0.0666 p2_discr_fake_out=0.0112 p2_discr_real_gp=0.0229 g_grad_abs=13795.8879 d_grad_abs=1101.8007 synth_eps=0.6593 synth_eps_raw=0.6593 synth_x0_x0_l1=0.0680 synth_x0_x0_abw=0.9365 synth_x0_gen_adv=6.6756 synth_x0_gen_fm=0.0443 synth_total=11.1217 extra_render_attn_share=0.5460
[step 25100] real_p1_mirror_hole_cov=0.0694 real_p1_skipped=1.0000 real_p1_hole_frac=0.4700 real_p2_eps=0.9436 real_p2_x0_l1=0.0743 real_p2_x0_abw=0.7871 real_p2_gen_adv=6.9393 real_p2_gen_fm=0.0516 real_total=10.5234 discr_adv=2.7616 x0_discr_real_out=0.0144 x0_discr_fake_out=-0.0051 x0_discr_real_gp=0.0004 p2_discr_real_out=0.0043 p2_discr_fake_out=-0.0014 p2_discr_real_gp=0.0009 g_grad_abs=6286.5260 d_grad_abs=57.8222 synth_eps=0.0554 synth_eps_raw=0.0554 synth_x0_x0_l1=0.3219 synth_x0_x0_abw=0.0247 synth_x0_gen_adv=6.9617 synth_x0_gen_fm=0.2067 synth_total=0.7449 extra_render_attn_share=0.5460
[step 25150] real_p1_mirror_hole_cov=0.0591 real_p1_skipped=1.0000 real_p1_hole_frac=0.0966 real_p2_eps=0.8595 real_p2_x0_l1=0.1731 real_p2_x0_abw=0.2844 real_p2_gen_adv=7.1295 real_p2_gen_fm=0.1041 real_total=5.8965 discr_adv=2.7268 x0_discr_real_out=0.0207 x0_discr_fake_out=-0.0181 x0_discr_real_gp=0.0010 p2_discr_real_out=0.0198 p2_discr_fake_out=-0.0388 p2_discr_real_gp=0.0011 g_grad_abs=5118.2761 d_grad_abs=104.3304 synth_eps=1.0144 synth_eps_raw=1.0144 synth_x0_x0_l1=0.1378 synth_x0_x0_abw=0.4552 synth_x0_gen_adv=7.0539 synth_x0_gen_fm=0.0864 synth_total=8.2199 extra_render_attn_share=0.5460
[step 25200] real_p1_mirror_hole_cov=0.1458 real_p1_skipped=1.0000 real_p1_hole_frac=0.3666 real_p2_eps=0.4475 real_p2_x0_l1=0.2230 real_p2_x0_abw=0.1317 real_p2_gen_adv=7.3097 real_p2_gen_fm=0.1396 real_total=3.2790 discr_adv=2.6994 x0_discr_real_out=0.0235 x0_discr_fake_out=-0.0743 x0_discr_real_gp=0.0074 p2_discr_real_out=0.0122 p2_discr_fake_out=-0.0732 p2_discr_real_gp=0.0080 g_grad_abs=3664.9443 d_grad_abs=175.7856 synth_eps=0.8375 synth_eps_raw=0.8375 synth_x0_x0_l1=0.1898 synth_x0_x0_abw=0.2844 synth_x0_gen_adv=7.3915 synth_x0_gen_fm=0.1093 synth_total=6.1019 extra_render_attn_share=0.5460
[step 25250] real_p1_mirror_hole_cov=0.0005 real_p1_skipped=1.0000 real_p1_hole_frac=0.0303 real_p2_eps=0.5036 real_p2_x0_l1=0.2172 real_p2_x0_abw=0.1569 real_p2_gen_adv=7.8769 real_p2_gen_fm=0.1357 real_total=3.9036 discr_adv=2.5714 x0_discr_real_out=0.1223 x0_discr_fake_out=-0.1318 x0_discr_real_gp=0.0184 p2_discr_real_out=0.0813 p2_discr_fake_out=-0.1793 p2_discr_real_gp=0.0269 g_grad_abs=3916.1318 d_grad_abs=375.6973 synth_eps=0.0159 synth_eps_raw=0.0159 synth_x0_x0_l1=0.3610 synth_x0_x0_abw=0.0104 synth_x0_gen_adv=6.7346 synth_x0_gen_fm=0.2357 synth_total=0.3347 extra_render_attn_share=0.5460
[step 25300] real_p1_mirror_hole_cov=0.0851 real_p1_skipped=1.0000 real_p1_hole_frac=0.2178 real_p2_eps=0.5662 real_p2_x0_l1=0.0362 real_p2_x0_abw=0.9516 real_p2_gen_adv=6.4856 real_p2_gen_fm=0.0209 real_total=8.7570 discr_adv=2.8079 x0_discr_real_out=0.0595 x0_discr_fake_out=0.0553 x0_discr_real_gp=0.0187 p2_discr_real_out=0.1008 p2_discr_fake_out=0.0922 p2_discr_real_gp=0.0182 g_grad_abs=10425.3353 d_grad_abs=206.8808 synth_eps=0.7863 synth_eps_raw=0.7863 synth_x0_x0_l1=0.2189 synth_x0_x0_abw=0.2885 synth_x0_gen_adv=7.7760 synth_x0_gen_fm=0.1374 synth_total=7.0566 extra_render_attn_share=0.5460
[step 25350] real_p1_mirror_hole_cov=0.0681 real_p1_skipped=1.0000 real_p1_hole_frac=0.2406 real_p2_eps=0.8278 real_p2_x0_l1=0.1158 real_p2_x0_abw=0.6722 real_p2_gen_adv=7.1349 real_p2_gen_fm=0.0814 real_total=11.1709 discr_adv=2.6606 x0_discr_real_out=0.0339 x0_discr_fake_out=-0.2139 x0_discr_real_gp=0.0451 p2_discr_real_out=0.1156 p2_discr_fake_out=-0.0392 p2_discr_real_gp=0.0329 g_grad_abs=8278.2490 d_grad_abs=432.1231 synth_eps=0.6410 synth_eps_raw=0.6410 synth_x0_x0_l1=0.2023 synth_x0_x0_abw=0.2995 synth_x0_gen_adv=7.9396 synth_x0_gen_fm=0.1377 synth_total=7.2033 extra_render_attn_share=0.5460
[step 25400] real_p1_mirror_hole_cov=0.0422 real_p1_skipped=1.0000 real_p1_hole_frac=0.5471 real_p2_eps=0.0494 real_p2_x0_l1=0.3299 real_p2_x0_abw=0.0254 real_p2_gen_adv=7.1746 real_p2_gen_fm=0.2255 real_total=0.8121 discr_adv=2.7194 x0_discr_real_out=0.0455 x0_discr_fake_out=-0.0982 x0_discr_real_gp=0.0220 p2_discr_real_out=0.0110 p2_discr_fake_out=-0.0468 p2_discr_real_gp=0.0210 g_grad_abs=707.1193 d_grad_abs=360.9908 synth_eps=0.0042 synth_eps_raw=0.0042 synth_x0_x0_l1=0.3812 synth_x0_x0_abw=0.0051 synth_x0_gen_adv=7.0191 synth_x0_gen_fm=0.2589 synth_total=0.1749 extra_render_attn_share=0.5460
[step 25450] real_p1_mirror_hole_cov=0.1017 real_p1_skipped=1.0000 real_p1_hole_frac=0.2117 real_p2_eps=0.8998 real_p2_x0_l1=0.1339 real_p2_x0_abw=0.6639 real_p2_gen_adv=6.5403 real_p2_gen_fm=0.1068 real_total=12.4200 discr_adv=2.6811 x0_discr_real_out=0.1652 x0_discr_fake_out=0.0334 x0_discr_real_gp=0.0080 p2_discr_real_out=0.1816 p2_discr_fake_out=0.0815 p2_discr_real_gp=0.0049 g_grad_abs=15382.4367 d_grad_abs=854.7080 synth_eps=0.8171 synth_eps_raw=0.8171 synth_x0_x0_l1=0.1877 synth_x0_x0_abw=0.4309 synth_x0_gen_adv=7.2615 synth_x0_gen_fm=0.1283 synth_total=9.5563 extra_render_attn_share=0.5460
[step 25500] real_p1_mirror_hole_cov=0.1283 real_p1_skipped=1.0000 real_p1_hole_frac=0.1864 real_p2_eps=0.0044 real_p2_x0_l1=0.3790 real_p2_x0_abw=0.0053 real_p2_gen_adv=6.7114 real_p2_gen_fm=0.2706 real_total=0.1860 discr_adv=2.8010 x0_discr_real_out=0.0443 x0_discr_fake_out=0.0302 x0_discr_real_gp=0.0068 p2_discr_real_out=0.0340 p2_discr_fake_out=0.0458 p2_discr_real_gp=0.0205 g_grad_abs=145.2486 d_grad_abs=416.7364 synth_eps=0.3611 synth_eps_raw=0.3611 synth_x0_x0_l1=0.2621 synth_x0_x0_abw=0.1378 synth_x0_gen_adv=7.1719 synth_x0_gen_fm=0.1774 synth_total=3.8295 extra_render_attn_share=0.5460
[images] real: anchor | cond1 | cond2 | inv_warp_mirror | mask | mask_inv | p2_pred_x0 | warp_img | warp_warp_img | x | y_hat | y_hat_novel -> /home/xzy/warpgan-diffusiong-inpainting/warpgan-diffusion-inpainting-main/experiments/train_inpainting_diffusion/[20260910-025204]_v18w1_struct_50k/logs/images/train/real_step0025500.png
[images] synth: cond | mask | pred_x0 | target | warp_img | x | y_hat_novel -> /home/xzy/warpgan-diffusiong-inpainting/warpgan-diffusion-inpainting-main/experiments/train_inpainting_diffusion/[20260910-025204]_v18w1_struct_50k/logs/images/train/synth_step0025500.png
[step 25550] real_p1_mirror_hole_cov=0.0489 real_p1_skipped=1.0000 real_p1_hole_frac=0.1295 real_p2_eps=0.3963 real_p2_x0_l1=0.2353 real_p2_x0_abw=0.1422 real_p2_gen_adv=7.6040 real_p2_gen_fm=0.1594 real_total=3.7779 discr_adv=2.6444 x0_discr_real_out=0.1235 x0_discr_fake_out=-0.0387 x0_discr_real_gp=0.0245 p2_discr_real_out=0.0597 p2_discr_fake_out=-0.1283 p2_discr_real_gp=0.0154 g_grad_abs=3685.9177 d_grad_abs=372.1947 synth_eps=0.1904 synth_eps_raw=0.1904 synth_x0_x0_l1=0.2786 synth_x0_x0_abw=0.0721 synth_x0_gen_adv=7.3971 synth_x0_gen_fm=0.1876 synth_total=2.0973 extra_render_attn_share=0.5460
[step 25600] real_p1_mirror_hole_cov=0.2110 real_p1_skipped=1.0000 real_p1_hole_frac=0.4091 real_p2_eps=0.9887 real_p2_x0_l1=0.1702 real_p2_x0_abw=0.5821 real_p2_gen_adv=6.4293 real_p2_gen_fm=0.1128 real_total=11.3954 discr_adv=2.6988 x0_discr_real_out=0.0947 x0_discr_fake_out=-0.0536 x0_discr_real_gp=0.0161 p2_discr_real_out=0.1587 p2_discr_fake_out=0.1042 p2_discr_real_gp=0.0037 g_grad_abs=6852.8039 d_grad_abs=634.9774 synth_eps=0.6803 synth_eps_raw=0.6803 synth_x0_x0_l1=0.0634 synth_x0_x0_abw=0.8431 synth_x0_gen_adv=6.6179 synth_x0_gen_fm=0.0421 synth_total=9.8662 extra_render_attn_share=0.5460
[step 25650] real_p1_mirror_hole_cov=0.0355 real_p1_skipped=1.0000 real_p1_hole_frac=0.3834 real_p2_eps=0.2543 real_p2_x0_l1=0.2615 real_p2_x0_abw=0.1044 real_p2_gen_adv=6.7800 real_p2_gen_fm=0.1861 real_total=2.9311 discr_adv=2.7100 x0_discr_real_out=0.0708 x0_discr_fake_out=-0.0993 x0_discr_real_gp=0.0225 p2_discr_real_out=0.0912 p2_discr_fake_out=0.0322 p2_discr_real_gp=0.0228 g_grad_abs=1846.6090 d_grad_abs=432.1899 synth_eps=0.0117 synth_eps_raw=0.0117 synth_x0_x0_l1=0.3745 synth_x0_x0_abw=0.0089 synth_x0_gen_adv=6.5878 synth_x0_gen_fm=0.2631 synth_total=0.3084 extra_render_attn_share=0.5460
[step 25700] real_p1_mirror_hole_cov=0.0497 real_p1_skipped=1.0000 real_p1_hole_frac=0.0766 real_p2_eps=0.8841 real_p2_x0_l1=0.1353 real_p2_x0_abw=0.7506 real_p2_gen_adv=6.0590 real_p2_gen_fm=0.0883 real_total=12.1597 discr_adv=2.7812 x0_discr_real_out=0.1013 x0_discr_fake_out=0.0573 x0_discr_real_gp=0.0130 p2_discr_real_out=0.1934 p2_discr_fake_out=0.1863 p2_discr_real_gp=0.0049 g_grad_abs=9736.4628 d_grad_abs=652.2706 synth_eps=0.3553 synth_eps_raw=0.3553 synth_x0_x0_l1=0.2748 synth_x0_x0_abw=0.1522 synth_x0_gen_adv=6.7125 synth_x0_gen_fm=0.1845 synth_total=4.2277 extra_render_attn_share=0.5460
[step 25750] real_p1_mirror_hole_cov=0.1946 real_p1_skipped=1.0000 real_p1_hole_frac=0.4829 real_p2_eps=0.9764 real_p2_x0_l1=0.0870 real_p2_x0_abw=0.7537 real_p2_gen_adv=6.9417 real_p2_gen_fm=0.0705 real_total=11.5878 discr_adv=2.7165 x0_discr_real_out=0.0598 x0_discr_fake_out=-0.0435 x0_discr_real_gp=0.0100 p2_discr_real_out=0.0484 p2_discr_fake_out=-0.0015 p2_discr_real_gp=0.0079 g_grad_abs=8793.2299 d_grad_abs=427.5705 synth_eps=0.0085 synth_eps_raw=0.0085 synth_x0_x0_l1=0.3811 synth_x0_x0_abw=0.0069 synth_x0_gen_adv=7.0885 synth_x0_gen_fm=0.2705 synth_total=0.2459 extra_render_attn_share=0.5460
[step 25800] real_p1_mirror_hole_cov=0.0393 real_p1_skipped=1.0000 real_p1_hole_frac=0.4490 real_p2_eps=0.0060 real_p2_x0_l1=0.3762 real_p2_x0_abw=0.0056 real_p2_gen_adv=7.0880 real_p2_gen_fm=0.2732 real_total=0.2023 discr_adv=2.8347 x0_discr_real_out=0.0016 x0_discr_fake_out=-0.0676 x0_discr_real_gp=0.0456 p2_discr_real_out=-0.0076 p2_discr_fake_out=-0.0295 p2_discr_real_gp=0.0577 g_grad_abs=130.4014 d_grad_abs=1322.0295 synth_eps=0.5475 synth_eps_raw=0.5475 synth_x0_x0_l1=0.2394 synth_x0_x0_abw=0.2366 synth_x0_gen_adv=7.5368 synth_x0_gen_fm=0.1642 synth_total=6.2717 extra_render_attn_share=0.5460
[step 25850] real_p1_mirror_hole_cov=0.0399 real_p1_skipped=1.0000 real_p1_hole_frac=0.4150 real_p2_eps=0.7080 real_p2_x0_l1=0.0650 real_p2_x0_abw=0.8942 real_p2_gen_adv=6.1889 real_p2_gen_fm=0.0359 real_total=9.5134 discr_adv=2.7874 x0_discr_real_out=0.2213 x0_discr_fake_out=0.2137 x0_discr_real_gp=0.0020 p2_discr_real_out=0.1705 p2_discr_fake_out=0.1560 p2_discr_real_gp=0.0017 g_grad_abs=9052.5443 d_grad_abs=282.3109 synth_eps=0.0658 synth_eps_raw=0.0658 synth_x0_x0_l1=0.3228 synth_x0_x0_abw=0.0399 synth_x0_gen_adv=6.0909 synth_x0_gen_fm=0.2115 synth_total=1.1652 extra_render_attn_share=0.5460
[step 25900] real_p1_mirror_hole_cov=0.1839 real_p1_skipped=1.0000 real_p1_hole_frac=0.1527 real_p2_eps=0.2196 real_p2_x0_l1=0.2556 real_p2_x0_abw=0.0772 real_p2_gen_adv=7.0250 real_p2_gen_fm=0.1518 real_total=1.9535 discr_adv=2.7385 x0_discr_real_out=0.0047 x0_discr_fake_out=-0.0417 x0_discr_real_gp=0.0012 p2_discr_real_out=0.0095 p2_discr_fake_out=-0.0183 p2_discr_real_gp=0.0009 g_grad_abs=1995.7592 d_grad_abs=141.5356 synth_eps=0.8414 synth_eps_raw=0.8414 synth_x0_x0_l1=0.1900 synth_x0_x0_abw=0.3352 synth_x0_gen_adv=7.1888 synth_x0_gen_fm=0.1052 synth_total=6.8412 extra_render_attn_share=0.5460
[step 25950] real_p1_mirror_hole_cov=0.0047 real_p1_skipped=1.0000 real_p1_hole_frac=0.2815 real_p2_eps=0.3393 real_p2_x0_l1=0.2302 real_p2_x0_abw=0.1087 real_p2_gen_adv=7.4642 real_p2_gen_fm=0.1375 real_total=2.6710 discr_adv=2.7342 x0_discr_real_out=0.0808 x0_discr_fake_out=0.0735 x0_discr_real_gp=0.0181 p2_discr_real_out=0.0594 p2_discr_fake_out=-0.1019 p2_discr_real_gp=0.0231 g_grad_abs=1925.8321 d_grad_abs=170.4531 synth_eps=0.7624 synth_eps_raw=0.7624 synth_x0_x0_l1=0.1851 synth_x0_x0_abw=0.3560 synth_x0_gen_adv=7.5207 synth_x0_gen_fm=0.1087 synth_total=7.3757 extra_render_attn_share=0.5460
[val step 25999] val_novel_full=0.3006 val_novel_hole=0.2760 val_novel_visible=0.3212
[step 26000] real_p1_mirror_hole_cov=0.1564 real_p1_skipped=1.0000 real_p1_hole_frac=0.4262 real_p2_eps=0.9524 real_p2_x0_l1=0.1011 real_p2_x0_abw=0.7781 real_p2_gen_adv=6.9539 real_p2_gen_fm=0.0545 real_total=10.6837 discr_adv=2.7583 x0_discr_real_out=0.0390 x0_discr_fake_out=0.0162 x0_discr_real_gp=0.0180 p2_discr_real_out=0.0616 p2_discr_fake_out=-0.0042 p2_discr_real_gp=0.0107 g_grad_abs=7228.3714 d_grad_abs=160.1744 synth_eps=0.0166 synth_eps_raw=0.0166 synth_x0_x0_l1=0.3545 synth_x0_x0_abw=0.0115 synth_x0_gen_adv=6.9249 synth_x0_gen_fm=0.2310 synth_total=0.3648 extra_render_attn_share=0.5498
[images] real: anchor | cond1 | cond2 | inv_warp_mirror | mask | mask_inv | p2_pred_x0 | warp_img | warp_warp_img | x | y_hat | y_hat_novel -> /home/xzy/warpgan-diffusiong-inpainting/warpgan-diffusion-inpainting-main/experiments/train_inpainting_diffusion/[20260910-025204]_v18w1_struct_50k/logs/images/train/real_step0026000.png
[images] synth: cond | mask | pred_x0 | target | warp_img | x | y_hat_novel -> /home/xzy/warpgan-diffusiong-inpainting/warpgan-diffusion-inpainting-main/experiments/train_inpainting_diffusion/[20260910-025204]_v18w1_struct_50k/logs/images/train/synth_step0026000.png
[step 26050] real_p1_mirror_hole_cov=0.0801 real_p1_skipped=1.0000 real_p1_hole_frac=0.0524 real_p2_eps=0.2186 real_p2_x0_l1=0.2799 real_p2_x0_abw=0.0789 real_p2_gen_adv=7.5088 real_p2_gen_fm=0.1788 real_total=2.2450 discr_adv=2.6929 x0_discr_real_out=-0.0375 x0_discr_fake_out=-0.1641 x0_discr_real_gp=0.0083 p2_discr_real_out=-0.0363 p2_discr_fake_out=-0.1115 p2_discr_real_gp=0.0056 g_grad_abs=2062.5976 d_grad_abs=436.9873 synth_eps=0.0197 synth_eps_raw=0.0197 synth_x0_x0_l1=0.3529 synth_x0_x0_abw=0.0122 synth_x0_gen_adv=7.2336 synth_x0_gen_fm=0.2321 synth_total=0.3960 extra_render_attn_share=0.5498
[step 26100] real_p1_mirror_hole_cov=0.0851 real_p1_skipped=1.0000 real_p1_hole_frac=0.0431 real_p2_eps=0.0075 real_p2_x0_l1=0.3695 real_p2_x0_abw=0.0069 real_p2_gen_adv=7.3914 real_p2_gen_fm=0.2454 real_total=0.2296 discr_adv=2.7768 x0_discr_real_out=-0.0859 x0_discr_fake_out=-0.2277 x0_discr_real_gp=0.0383 p2_discr_real_out=-0.0859 p2_discr_fake_out=-0.0889 p2_discr_real_gp=0.0256 g_grad_abs=131.8155 d_grad_abs=697.1238 synth_eps=0.6826 synth_eps_raw=0.6826 synth_x0_x0_l1=0.2162 synth_x0_x0_abw=0.2737 synth_x0_gen_adv=8.0444 synth_x0_gen_fm=0.1361 synth_total=6.6668 extra_render_attn_share=0.5498
[step 26150] real_p1_mirror_hole_cov=0.0621 real_p1_skipped=1.0000 real_p1_hole_frac=0.3314 real_p2_eps=0.8362 real_p2_x0_l1=0.1516 real_p2_x0_abw=0.6424 real_p2_gen_adv=6.3161 real_p2_gen_fm=0.1000 real_total=11.4172 discr_adv=2.6973 x0_discr_real_out=0.1258 x0_discr_fake_out=-0.0181 x0_discr_real_gp=0.0138 p2_discr_real_out=0.1898 p2_discr_fake_out=0.1280 p2_discr_real_gp=0.0032 g_grad_abs=37007.7280 d_grad_abs=609.7743 synth_eps=0.0958 synth_eps_raw=0.0958 synth_x0_x0_l1=0.2917 synth_x0_x0_abw=0.0453 synth_x0_gen_adv=6.9785 synth_x0_gen_fm=0.1909 synth_total=1.2908 extra_render_attn_share=0.5498
[step 26200] real_p1_mirror_hole_cov=0.0096 real_p1_skipped=1.0000 real_p1_hole_frac=0.2222 real_p2_eps=0.4080 real_p2_x0_l1=0.2434 real_p2_x0_abw=0.1647 real_p2_gen_adv=6.7965 real_p2_gen_fm=0.1430 real_total=3.9227 discr_adv=2.7667 x0_discr_real_out=0.0342 x0_discr_fake_out=0.0304 x0_discr_real_gp=0.0011 p2_discr_real_out=0.0447 p2_discr_fake_out=0.0281 p2_discr_real_gp=0.0009 g_grad_abs=3655.2630 d_grad_abs=125.3569 synth_eps=0.9595 synth_eps_raw=0.9595 synth_x0_x0_l1=0.0921 synth_x0_x0_abw=0.8713 synth_x0_gen_adv=6.8705 synth_x0_gen_fm=0.0579 synth_total=12.0678 extra_render_attn_share=0.5498
[step 26250] real_p1_mirror_hole_cov=0.0099 real_p1_skipped=1.0000 real_p1_hole_frac=0.3512 real_p2_eps=1.0319 real_p2_x0_l1=0.1831 real_p2_x0_abw=0.3697 real_p2_gen_adv=7.4441 real_p2_gen_fm=0.1098 real_total=7.9088 discr_adv=2.6543 x0_discr_real_out=0.0219 x0_discr_fake_out=-0.0955 x0_discr_real_gp=0.0078 p2_discr_real_out=0.0503 p2_discr_fake_out=-0.0989 p2_discr_real_gp=0.0032 g_grad_abs=6770.9672 d_grad_abs=270.1218 synth_eps=0.4659 synth_eps_raw=0.4659 synth_x0_x0_l1=0.2201 synth_x0_x0_abw=0.1485 synth_x0_gen_adv=7.4889 synth_x0_gen_fm=0.1398 synth_total=3.6867 extra_render_attn_share=0.5498
[step 26300] real_p1_mirror_hole_cov=0.2084 real_p1_skipped=1.0000 real_p1_hole_frac=0.0917 real_p2_eps=0.8905 real_p2_x0_l1=0.1635 real_p2_x0_abw=0.4634 real_p2_gen_adv=7.8155 real_p2_gen_fm=0.1070 real_total=9.5485 discr_adv=2.6755 x0_discr_real_out=0.0298 x0_discr_fake_out=0.0149 x0_discr_real_gp=0.0241 p2_discr_real_out=0.1144 p2_discr_fake_out=-0.1669 p2_discr_real_gp=0.0193 g_grad_abs=10586.1265 d_grad_abs=315.2588 synth_eps=0.0066 synth_eps_raw=0.0066 synth_x0_x0_l1=0.3676 synth_x0_x0_abw=0.0056 synth_x0_gen_adv=6.8237 synth_x0_gen_fm=0.2417 synth_total=0.1814 extra_render_attn_share=0.5498
[step 26350] real_p1_mirror_hole_cov=0.1363 real_p1_skipped=1.0000 real_p1_hole_frac=0.0796 real_p2_eps=0.4186 real_p2_x0_l1=0.2322 real_p2_x0_abw=0.1657 real_p2_gen_adv=7.8361 real_p2_gen_fm=0.1514 real_total=4.2642 discr_adv=2.6332 x0_discr_real_out=0.0402 x0_discr_fake_out=-0.1676 x0_discr_real_gp=0.0228 p2_discr_real_out=0.0372 p2_discr_fake_out=-0.1714 p2_discr_real_gp=0.0358 g_grad_abs=3028.0160 d_grad_abs=517.4908 synth_eps=0.7077 synth_eps_raw=0.7077 synth_x0_x0_l1=0.0288 synth_x0_x0_abw=0.9218 synth_x0_gen_adv=6.8058 synth_x0_gen_fm=0.0122 synth_total=8.1307 extra_render_attn_share=0.5498
[step 26400] real_p1_mirror_hole_cov=0.2568 real_p1_skipped=1.0000 real_p1_hole_frac=0.4694 real_p2_eps=0.8338 real_p2_x0_l1=0.1228 real_p2_x0_abw=0.5619 real_p2_gen_adv=8.4510 real_p2_gen_fm=0.0993 real_total=11.2328 discr_adv=2.6947 x0_discr_real_out=-0.0158 x0_discr_fake_out=-0.3547 x0_discr_real_gp=0.0405 p2_discr_real_out=0.0566 p2_discr_fake_out=-0.2768 p2_discr_real_gp=0.1833 g_grad_abs=29983.7196 d_grad_abs=4026.6991 synth_eps=0.0070 synth_eps_raw=0.0070 synth_x0_x0_l1=0.3801 synth_x0_x0_abw=0.0079 synth_x0_gen_adv=7.3393 synth_x0_gen_fm=0.2637 synth_total=0.2757 extra_render_attn_share=0.5498
[step 26450] real_p1_mirror_hole_cov=0.0144 real_p1_skipped=1.0000 real_p1_hole_frac=0.3450 real_p2_eps=0.2113 real_p2_x0_l1=0.2824 real_p2_x0_abw=0.0946 real_p2_gen_adv=6.9657 real_p2_gen_fm=0.1782 real_total=2.5839 discr_adv=2.7657 x0_discr_real_out=0.0012 x0_discr_fake_out=-0.0062 x0_discr_real_gp=0.0014 p2_discr_real_out=0.0141 p2_discr_fake_out=-0.0052 p2_discr_real_gp=0.0015 g_grad_abs=2179.9083 d_grad_abs=154.0359 synth_eps=0.5316 synth_eps_raw=0.5316 synth_x0_x0_l1=0.2059 synth_x0_x0_abw=0.2831 synth_x0_gen_adv=6.8430 synth_x0_gen_fm=0.1394 synth_total=6.4712 extra_render_attn_share=0.5498
[step 26500] real_p1_mirror_hole_cov=0.1598 real_p1_skipped=1.0000 real_p1_hole_frac=0.4180 real_p2_eps=0.0382 real_p2_x0_l1=0.3245 real_p2_x0_abw=0.0182 real_p2_gen_adv=6.9624 real_p2_gen_fm=0.2153 real_total=0.5641 discr_adv=2.7467 x0_discr_real_out=0.0460 x0_discr_fake_out=-0.0196 x0_discr_real_gp=0.0018 p2_discr_real_out=-0.0082 p2_discr_fake_out=-0.0059 p2_discr_real_gp=0.0031 g_grad_abs=303.0519 d_grad_abs=113.7689 synth_eps=0.7871 synth_eps_raw=0.7871 synth_x0_x0_l1=0.0391 synth_x0_x0_abw=0.9452 synth_x0_gen_adv=6.9989 synth_x0_gen_fm=0.0228 synth_total=9.5933 extra_render_attn_share=0.5498
[images] real: anchor | cond1 | cond2 | inv_warp_mirror | mask | mask_inv | p2_pred_x0 | warp_img | warp_warp_img | x | y_hat | y_hat_novel -> /home/xzy/warpgan-diffusiong-inpainting/warpgan-diffusion-inpainting-main/experiments/train_inpainting_diffusion/[20260910-025204]_v18w1_struct_50k/logs/images/train/real_step0026500.png
[images] synth: cond | mask | pred_x0 | target | warp_img | x | y_hat_novel -> /home/xzy/warpgan-diffusiong-inpainting/warpgan-diffusion-inpainting-main/experiments/train_inpainting_diffusion/[20260910-025204]_v18w1_struct_50k/logs/images/train/synth_step0026500.png
[step 26550] real_p1_mirror_hole_cov=0.0538 real_p1_skipped=1.0000 real_p1_hole_frac=0.0260 real_p2_eps=0.6164 real_p2_x0_l1=0.2107 real_p2_x0_abw=0.2105 real_p2_gen_adv=7.6575 real_p2_gen_fm=0.1342 real_total=5.0962 discr_adv=2.6465 x0_discr_real_out=0.0527 x0_discr_fake_out=-0.0626 x0_discr_real_gp=0.0179 p2_discr_real_out=0.0766 p2_discr_fake_out=-0.1385 p2_discr_real_gp=0.0150 g_grad_abs=3580.8375 d_grad_abs=335.4707 synth_eps=1.1014 synth_eps_raw=1.1014 synth_x0_x0_l1=0.1095 synth_x0_x0_abw=0.7475 synth_x0_gen_adv=7.1475 synth_x0_gen_fm=0.0736 synth_total=12.0287 extra_render_attn_share=0.5498
[step 26600] real_p1_mirror_hole_cov=0.1738 real_p1_skipped=1.0000 real_p1_hole_frac=0.5805 real_p2_eps=0.4241 real_p2_x0_l1=0.2394 real_p2_x0_abw=0.1395 real_p2_gen_adv=7.9707 real_p2_gen_fm=0.1562 real_total=3.7495 discr_adv=2.7028 x0_discr_real_out=-0.0131 x0_discr_fake_out=-0.0573 x0_discr_real_gp=0.0255 p2_discr_real_out=0.0155 p2_discr_fake_out=-0.1968 p2_discr_real_gp=0.0259 g_grad_abs=2350.2019 d_grad_abs=302.0613 synth_eps=0.0226 synth_eps_raw=0.0226 synth_x0_x0_l1=0.3520 synth_x0_x0_abw=0.0133 synth_x0_gen_adv=7.1194 synth_x0_gen_fm=0.2348 synth_total=0.4340 extra_render_attn_share=0.5498
[step 26650] real_p1_mirror_hole_cov=0.0054 real_p1_skipped=1.0000 real_p1_hole_frac=0.1814 real_p2_eps=0.2698 real_p2_x0_l1=0.2726 real_p2_x0_abw=0.1008 real_p2_gen_adv=7.5145 real_p2_gen_fm=0.1789 real_total=2.8580 discr_adv=2.7256 x0_discr_real_out=0.0610 x0_discr_fake_out=0.0614 x0_discr_real_gp=0.0110 p2_discr_real_out=0.0542 p2_discr_fake_out=-0.1121 p2_discr_real_gp=0.0191 g_grad_abs=1636.9924 d_grad_abs=468.9642 synth_eps=1.0130 synth_eps_raw=1.0130 synth_x0_x0_l1=0.0969 synth_x0_x0_abw=0.7079 synth_x0_gen_adv=6.7202 synth_x0_gen_fm=0.0720 synth_total=10.9357 extra_render_attn_share=0.5498
[step 26700] real_p1_mirror_hole_cov=0.0161 real_p1_skipped=1.0000 real_p1_hole_frac=0.0619 real_p2_eps=0.6814 real_p2_x0_l1=0.0746 real_p2_x0_abw=0.8992 real_p2_gen_adv=6.5173 real_p2_gen_fm=0.0446 real_total=10.6228 discr_adv=2.7678 x0_discr_real_out=0.0946 x0_discr_fake_out=0.0549 x0_discr_real_gp=0.0181 p2_discr_real_out=0.1224 p2_discr_fake_out=0.0854 p2_discr_real_gp=0.0101 g_grad_abs=8670.7605 d_grad_abs=162.4688 synth_eps=0.0813 synth_eps_raw=0.0813 synth_x0_x0_l1=0.3212 synth_x0_x0_abw=0.0420 synth_x0_gen_adv=7.2181 synth_x0_gen_fm=0.2228 synth_total=1.3337 extra_render_attn_share=0.5498
[step 26750] real_p1_mirror_hole_cov=0.3000 real_p1_skipped=1.0000 real_p1_hole_frac=0.3161 real_p2_eps=0.6858 real_p2_x0_l1=0.2411 real_p2_x0_abw=0.3136 real_p2_gen_adv=6.7140 real_p2_gen_fm=0.1569 real_total=7.7866 discr_adv=2.7781 x0_discr_real_out=0.0207 x0_discr_fake_out=0.0202 x0_discr_real_gp=0.0389 p2_discr_real_out=0.1447 p2_discr_fake_out=0.0475 p2_discr_real_gp=0.0081 g_grad_abs=5912.9811 d_grad_abs=602.9233 synth_eps=0.2980 synth_eps_raw=0.2980 synth_x0_x0_l1=0.2721 synth_x0_x0_abw=0.1309 synth_x0_gen_adv=7.9448 synth_x0_gen_fm=0.1940 synth_total=3.9131 extra_render_attn_share=0.5498
[step 26800] real_p1_mirror_hole_cov=0.0532 real_p1_skipped=1.0000 real_p1_hole_frac=0.0995 real_p2_eps=0.0863 real_p2_x0_l1=0.3043 real_p2_x0_abw=0.0392 real_p2_gen_adv=7.5025 real_p2_gen_fm=0.2116 real_total=1.2217 discr_adv=2.7759 x0_discr_real_out=-0.0673 x0_discr_fake_out=-0.0808 x0_discr_real_gp=0.0069 p2_discr_real_out=-0.0810 p2_discr_fake_out=-0.1084 p2_discr_real_gp=0.0074 g_grad_abs=972.0811 d_grad_abs=338.9494 synth_eps=0.0117 synth_eps_raw=0.0117 synth_x0_x0_l1=0.3662 synth_x0_x0_abw=0.0082 synth_x0_gen_adv=7.3858 synth_x0_gen_fm=0.2507 synth_total=0.2824 extra_render_attn_share=0.5498
[step 26850] real_p1_mirror_hole_cov=0.2596 real_p1_skipped=1.0000 real_p1_hole_frac=0.2640 real_p2_eps=0.7761 real_p2_x0_l1=0.1699 real_p2_x0_abw=0.5366 real_p2_gen_adv=6.8178 real_p2_gen_fm=0.1279 real_total=11.3893 discr_adv=2.7402 x0_discr_real_out=0.0429 x0_discr_fake_out=0.0136 x0_discr_real_gp=0.0059 p2_discr_real_out=0.0866 p2_discr_fake_out=0.0250 p2_discr_real_gp=0.0038 g_grad_abs=9936.7009 d_grad_abs=547.5375 synth_eps=0.6949 synth_eps_raw=0.6949 synth_x0_x0_l1=0.0256 synth_x0_x0_abw=0.9599 synth_x0_gen_adv=7.1281 synth_x0_gen_fm=0.0121 synth_total=8.7275 extra_render_attn_share=0.5498
[step 26900] real_p1_mirror_hole_cov=0.1042 real_p1_skipped=1.0000 real_p1_hole_frac=0.2099 real_p2_eps=0.9604 real_p2_x0_l1=0.1313 real_p2_x0_abw=0.4849 real_p2_gen_adv=7.0395 real_p2_gen_fm=0.0839 real_total=8.5035 discr_adv=2.7451 x0_discr_real_out=-0.0104 x0_discr_fake_out=-0.0346 x0_discr_real_gp=0.0012 p2_discr_real_out=0.0175 p2_discr_fake_out=-0.0209 p2_discr_real_gp=0.0015 g_grad_abs=8147.7527 d_grad_abs=150.8934 synth_eps=0.0107 synth_eps_raw=0.0107 synth_x0_x0_l1=0.3727 synth_x0_x0_abw=0.0077 synth_x0_gen_adv=7.0375 synth_x0_gen_fm=0.2365 synth_total=0.2501 extra_render_attn_share=0.5498
[step 26950] real_p1_mirror_hole_cov=0.5455 real_p1_skipped=1.0000 real_p1_hole_frac=0.1963 real_p2_eps=0.5715 real_p2_x0_l1=0.0217 real_p2_x0_abw=0.9728 real_p2_gen_adv=6.7872 real_p2_gen_fm=0.0086 real_total=8.0293 discr_adv=2.7442 x0_discr_real_out=0.1731 x0_discr_fake_out=0.0380 x0_discr_real_gp=0.0119 p2_discr_real_out=0.0333 p2_discr_fake_out=0.0300 p2_discr_real_gp=0.0225 g_grad_abs=4085.7888 d_grad_abs=246.4840 synth_eps=0.0267 synth_eps_raw=0.0267 synth_x0_x0_l1=0.3451 synth_x0_x0_abw=0.0147 synth_x0_gen_adv=6.8758 synth_x0_gen_fm=0.2332 synth_total=0.4772 extra_render_attn_share=0.5498
[step 27000] real_p1_mirror_hole_cov=0.1747 real_p1_skipped=1.0000 real_p1_hole_frac=0.1699 real_p2_eps=0.9615 real_p2_x0_l1=0.0913 real_p2_x0_abw=0.8236 real_p2_gen_adv=6.6533 real_p2_gen_fm=0.0655 real_total=11.9114 discr_adv=2.6571 x0_discr_real_out=0.1063 x0_discr_fake_out=-0.1380 x0_discr_real_gp=0.0160 p2_discr_real_out=0.1313 p2_discr_fake_out=0.0577 p2_discr_real_gp=0.0170 g_grad_abs=11089.8642 d_grad_abs=390.6682 synth_eps=0.7956 synth_eps_raw=0.7956 synth_x0_x0_l1=0.1956 synth_x0_x0_abw=0.3441 synth_x0_gen_adv=7.2725 synth_x0_gen_fm=0.1266 synth_total=7.7227 extra_render_attn_share=0.5498
[images] real: anchor | cond1 | cond2 | inv_warp_mirror | mask | mask_inv | p2_pred_x0 | warp_img | warp_warp_img | x | y_hat | y_hat_novel -> /home/xzy/warpgan-diffusiong-inpainting/warpgan-diffusion-inpainting-main/experiments/train_inpainting_diffusion/[20260910-025204]_v18w1_struct_50k/logs/images/train/real_step0027000.png
[images] synth: cond | mask | pred_x0 | target | warp_img | x | y_hat_novel -> /home/xzy/warpgan-diffusiong-inpainting/warpgan-diffusion-inpainting-main/experiments/train_inpainting_diffusion/[20260910-025204]_v18w1_struct_50k/logs/images/train/synth_step0027000.png
[step 27050] real_p1_mirror_hole_cov=0.1240 real_p1_skipped=1.0000 real_p1_hole_frac=0.1789 real_p2_eps=0.6306 real_p2_x0_l1=0.2095 real_p2_x0_abw=0.2440 real_p2_gen_adv=7.2587 real_p2_gen_fm=0.1432 real_total=5.9464 discr_adv=2.7347 x0_discr_real_out=0.0301 x0_discr_fake_out=0.0447 x0_discr_real_gp=0.0132 p2_discr_real_out=0.0768 p2_discr_fake_out=-0.0630 p2_discr_real_gp=0.0081 g_grad_abs=4686.0907 d_grad_abs=382.8299 synth_eps=0.7346 synth_eps_raw=0.7346 synth_x0_x0_l1=0.0853 synth_x0_x0_abw=0.9089 synth_x0_gen_adv=6.5611 synth_x0_gen_fm=0.0587 synth_total=12.1091 extra_render_attn_share=0.5498
[step 27100] real_p1_mirror_hole_cov=0.0101 real_p1_skipped=1.0000 real_p1_hole_frac=0.3206 real_p2_eps=0.8013 real_p2_x0_l1=0.1632 real_p2_x0_abw=0.4406 real_p2_gen_adv=7.1695 real_p2_gen_fm=0.1245 real_total=9.5158 discr_adv=2.6988 x0_discr_real_out=0.1053 x0_discr_fake_out=-0.0017 x0_discr_real_gp=0.0351 p2_discr_real_out=0.1520 p2_discr_fake_out=-0.0442 p2_discr_real_gp=0.0346 g_grad_abs=9846.6387 d_grad_abs=460.1201 synth_eps=0.5838 synth_eps_raw=0.5838 synth_x0_x0_l1=0.2066 synth_x0_x0_abw=0.2926 synth_x0_gen_adv=7.5346 synth_x0_gen_fm=0.1486 synth_total=7.1979 extra_render_attn_share=0.5498
[step 27150] real_p1_mirror_hole_cov=0.0431 real_p1_skipped=1.0000 real_p1_hole_frac=0.0497 real_p2_eps=0.0921 real_p2_x0_l1=0.3148 real_p2_x0_abw=0.0334 real_p2_gen_adv=7.1500 real_p2_gen_fm=0.2102 real_total=1.0447 discr_adv=2.6835 x0_discr_real_out=0.0326 x0_discr_fake_out=-0.1560 x0_discr_real_gp=0.0166 p2_discr_real_out=0.0134 p2_discr_fake_out=-0.0426 p2_discr_real_gp=0.0115 g_grad_abs=824.4462 d_grad_abs=241.8942 synth_eps=0.0066 synth_eps_raw=0.0066 synth_x0_x0_l1=0.3708 synth_x0_x0_abw=0.0061 synth_x0_gen_adv=6.8224 synth_x0_gen_fm=0.2475 synth_total=0.2022 extra_render_attn_share=0.5498
[step 27200] real_p1_mirror_hole_cov=0.0191 real_p1_skipped=1.0000 real_p1_hole_frac=0.2893 real_p2_eps=0.1894 real_p2_x0_l1=0.2919 real_p2_x0_abw=0.0689 real_p2_gen_adv=7.7696 real_p2_gen_fm=0.2014 real_total=2.1332 discr_adv=2.7183 x0_discr_real_out=0.0792 x0_discr_fake_out=0.0778 x0_discr_real_gp=0.0099 p2_discr_real_out=0.0388 p2_discr_fake_out=-0.1597 p2_discr_real_gp=0.0292 g_grad_abs=1896.7824 d_grad_abs=254.8036 synth_eps=0.0576 synth_eps_raw=0.0576 synth_x0_x0_l1=0.3263 synth_x0_x0_abw=0.0261 synth_x0_gen_adv=7.1951 synth_x0_gen_fm=0.2236 synth_total=0.8376 extra_render_attn_share=0.5498
[step 27250] real_p1_mirror_hole_cov=0.1115 real_p1_skipped=1.0000 real_p1_hole_frac=0.3042 real_p2_eps=0.0068 real_p2_x0_l1=0.3688 real_p2_x0_abw=0.0064 real_p2_gen_adv=7.0441 real_p2_gen_fm=0.2621 real_total=0.2226 discr_adv=2.7696 x0_discr_real_out=0.0404 x0_discr_fake_out=0.0193 x0_discr_real_gp=0.0077 p2_discr_real_out=0.0083 p2_discr_fake_out=-0.0214 p2_discr_real_gp=0.0123 g_grad_abs=112.9387 d_grad_abs=213.5311 synth_eps=0.9645 synth_eps_raw=0.9645 synth_x0_x0_l1=0.1770 synth_x0_x0_abw=0.5535 synth_x0_gen_adv=6.9193 synth_x0_gen_fm=0.1259 synth_total=11.8620 extra_render_attn_share=0.5498
[step 27300] real_p1_mirror_hole_cov=0.0466 real_p1_skipped=1.0000 real_p1_hole_frac=0.2903 real_p2_eps=1.0021 real_p2_x0_l1=0.1116 real_p2_x0_abw=0.6623 real_p2_gen_adv=6.9876 real_p2_gen_fm=0.0788 real_total=10.9204 discr_adv=2.7049 x0_discr_real_out=-0.0092 x0_discr_fake_out=-0.1334 x0_discr_real_gp=0.0248 p2_discr_real_out=0.1041 p2_discr_fake_out=-0.0104 p2_discr_real_gp=0.0212 g_grad_abs=10660.2295 d_grad_abs=238.6847 synth_eps=0.1448 synth_eps_raw=0.1448 synth_x0_x0_l1=0.2845 synth_x0_x0_abw=0.0562 synth_x0_gen_adv=7.6547 synth_x0_gen_fm=0.1969 synth_total=1.6966 extra_render_attn_share=0.5498
[step 27350] real_p1_mirror_hole_cov=0.0317 real_p1_skipped=1.0000 real_p1_hole_frac=0.4561 real_p2_eps=0.1121 real_p2_x0_l1=0.2961 real_p2_x0_abw=0.0473 real_p2_gen_adv=7.2800 real_p2_gen_fm=0.2130 real_total=1.4774 discr_adv=2.7315 x0_discr_real_out=0.0261 x0_discr_fake_out=-0.0858 x0_discr_real_gp=0.0115 p2_discr_real_out=-0.0079 p2_discr_fake_out=-0.0633 p2_discr_real_gp=0.0212 g_grad_abs=894.9957 d_grad_abs=477.8751 synth_eps=0.1264 synth_eps_raw=0.1264 synth_x0_x0_l1=0.2940 synth_x0_x0_abw=0.0531 synth_x0_gen_adv=7.3069 synth_x0_gen_fm=0.2103 synth_total=1.6458 extra_render_attn_share=0.5498
[step 27400] real_p1_mirror_hole_cov=0.0351 real_p1_skipped=1.0000 real_p1_hole_frac=0.3155 real_p2_eps=0.8735 real_p2_x0_l1=0.0486 real_p2_x0_abw=0.8867 real_p2_gen_adv=6.3973 real_p2_gen_fm=0.0327 real_total=9.4875 discr_adv=2.6792 x0_discr_real_out=0.1218 x0_discr_fake_out=-0.1129 x0_discr_real_gp=0.0121 p2_discr_real_out=0.1248 p2_discr_fake_out=0.1107 p2_discr_real_gp=0.0094 g_grad_abs=11499.4835 d_grad_abs=805.1283 synth_eps=1.0070 synth_eps_raw=1.0070 synth_x0_x0_l1=0.1333 synth_x0_x0_abw=0.6885 synth_x0_gen_adv=6.1161 synth_x0_gen_fm=0.0964 synth_total=11.9448 extra_render_attn_share=0.5498
[step 27450] real_p1_mirror_hole_cov=0.0965 real_p1_skipped=1.0000 real_p1_hole_frac=0.4393 real_p2_eps=0.8077 real_p2_x0_l1=0.0866 real_p2_x0_abw=0.6424 real_p2_gen_adv=7.5064 real_p2_gen_fm=0.0693 real_total=10.1343 discr_adv=2.7568 x0_discr_real_out=0.0025 x0_discr_fake_out=-0.0481 x0_discr_real_gp=0.0064 p2_discr_real_out=-0.0500 p2_discr_fake_out=-0.1065 p2_discr_real_gp=0.0202 g_grad_abs=10681.4040 d_grad_abs=393.5768 synth_eps=0.7597 synth_eps_raw=0.7597 synth_x0_x0_l1=0.1028 synth_x0_x0_abw=0.6623 synth_x0_gen_adv=7.3151 synth_x0_gen_fm=0.0791 synth_total=10.9119 extra_render_attn_share=0.5498
[step 27500] real_p1_mirror_hole_cov=0.0002 real_p1_skipped=1.0000 real_p1_hole_frac=0.0840 real_p2_eps=0.0449 real_p2_x0_l1=0.3219 real_p2_x0_abw=0.0286 real_p2_gen_adv=6.6122 real_p2_gen_fm=0.2376 real_total=0.9244 discr_adv=2.7822 x0_discr_real_out=0.0531 x0_discr_fake_out=0.0286 x0_discr_real_gp=0.0169 p2_discr_real_out=0.0844 p2_discr_fake_out=0.0666 p2_discr_real_gp=0.0093 g_grad_abs=1017.3628 d_grad_abs=408.1853 synth_eps=0.0170 synth_eps_raw=0.0170 synth_x0_x0_l1=0.3614 synth_x0_x0_abw=0.0126 synth_x0_gen_adv=6.5654 synth_x0_gen_fm=0.2607 synth_total=0.4332 extra_render_attn_share=0.5498
[images] real: anchor | cond1 | cond2 | inv_warp_mirror | mask | mask_inv | p2_pred_x0 | warp_img | warp_warp_img | x | y_hat | y_hat_novel -> /home/xzy/warpgan-diffusiong-inpainting/warpgan-diffusion-inpainting-main/experiments/train_inpainting_diffusion/[20260910-025204]_v18w1_struct_50k/logs/images/train/real_step0027500.png
[images] synth: cond | mask | pred_x0 | target | warp_img | x | y_hat_novel -> /home/xzy/warpgan-diffusiong-inpainting/warpgan-diffusion-inpainting-main/experiments/train_inpainting_diffusion/[20260910-025204]_v18w1_struct_50k/logs/images/train/synth_step0027500.png
[step 27550] real_p1_mirror_hole_cov=0.0450 real_p1_skipped=1.0000 real_p1_hole_frac=0.3094 real_p2_eps=0.5591 real_p2_x0_l1=0.2518 real_p2_x0_abw=0.2777 real_p2_gen_adv=7.8675 real_p2_gen_fm=0.1830 real_total=7.8948 discr_adv=2.6557 x0_discr_real_out=-0.0070 x0_discr_fake_out=-0.1114 x0_discr_real_gp=0.0116 p2_discr_real_out=0.0204 p2_discr_fake_out=-0.1756 p2_discr_real_gp=0.0106 g_grad_abs=7737.0337 d_grad_abs=953.4240 synth_eps=0.7871 synth_eps_raw=0.7871 synth_x0_x0_l1=0.1762 synth_x0_x0_abw=0.5417 synth_x0_gen_adv=7.1182 synth_x0_gen_fm=0.1368 synth_total=12.1499 extra_render_attn_share=0.5498
[step 27600] real_p1_mirror_hole_cov=0.1540 real_p1_skipped=1.0000 real_p1_hole_frac=0.4306 real_p2_eps=0.0505 real_p2_x0_l1=0.3280 real_p2_x0_abw=0.0264 real_p2_gen_adv=6.8645 real_p2_gen_fm=0.2415 real_total=0.8764 discr_adv=2.7535 x0_discr_real_out=0.1273 x0_discr_fake_out=0.0328 x0_discr_real_gp=0.0026 p2_discr_real_out=0.0352 p2_discr_fake_out=0.0145 p2_discr_real_gp=0.0318 g_grad_abs=592.1226 d_grad_abs=469.5682 synth_eps=0.7332 synth_eps_raw=0.7332 synth_x0_x0_l1=0.1257 synth_x0_x0_abw=0.5855 synth_x0_gen_adv=7.0159 synth_x0_gen_fm=0.0970 synth_total=10.5915 extra_render_attn_share=0.5498
[step 27650] real_p1_mirror_hole_cov=0.2339 real_p1_skipped=1.0000 real_p1_hole_frac=0.4994 real_p2_eps=0.0183 real_p2_x0_l1=0.3691 real_p2_x0_abw=0.0137 real_p2_gen_adv=6.8097 real_p2_gen_fm=0.2693 real_total=0.4862 discr_adv=2.8433 x0_discr_real_out=0.0181 x0_discr_fake_out=0.0093 x0_discr_real_gp=0.0067 p2_discr_real_out=0.0056 p2_discr_fake_out=0.0259 p2_discr_real_gp=0.0561 g_grad_abs=389.0798 d_grad_abs=2059.7908 synth_eps=0.0073 synth_eps_raw=0.0073 synth_x0_x0_l1=0.3733 synth_x0_x0_abw=0.0071 synth_x0_gen_adv=6.6730 synth_x0_gen_fm=0.2799 synth_total=0.2567 extra_render_attn_share=0.5498
[step 27700] real_p1_mirror_hole_cov=0.0316 real_p1_skipped=1.0000 real_p1_hole_frac=0.5197 real_p2_eps=0.6897 real_p2_x0_l1=0.0442 real_p2_x0_abw=0.9218 real_p2_gen_adv=6.9760 real_p2_gen_fm=0.0282 real_total=9.7565 discr_adv=2.7869 x0_discr_real_out=0.0141 x0_discr_fake_out=-0.0706 x0_discr_real_gp=0.0554 p2_discr_real_out=0.0053 p2_discr_fake_out=-0.0083 p2_discr_real_gp=0.0057 g_grad_abs=4583.8506 d_grad_abs=788.3633 synth_eps=0.1311 synth_eps_raw=0.1311 synth_x0_x0_l1=0.2901 synth_x0_x0_abw=0.0571 synth_x0_gen_adv=7.3709 synth_x0_gen_fm=0.2207 synth_total=1.8278 extra_render_attn_share=0.5498
[step 27750] real_p1_mirror_hole_cov=0.0382 real_p1_skipped=1.0000 real_p1_hole_frac=0.3648 real_p2_eps=0.5850 real_p2_x0_l1=0.1917 real_p2_x0_abw=0.3367 real_p2_gen_adv=8.0923 real_p2_gen_fm=0.1487 real_total=8.3803 discr_adv=2.7685 x0_discr_real_out=-0.0584 x0_discr_fake_out=-0.0822 x0_discr_real_gp=0.0315 p2_discr_real_out=0.0260 p2_discr_fake_out=-0.2151 p2_discr_real_gp=0.0859 g_grad_abs=14195.6567 d_grad_abs=1360.5717 synth_eps=0.6806 synth_eps_raw=0.6806 synth_x0_x0_l1=0.1890 synth_x0_x0_abw=0.4293 synth_x0_gen_adv=7.6906 synth_x0_gen_fm=0.1451 synth_total=10.2904 extra_render_attn_share=0.5498
[step 27800] real_p1_mirror_hole_cov=0.0936 real_p1_skipped=1.0000 real_p1_hole_frac=0.2062 real_p2_eps=0.1995 real_p2_x0_l1=0.2853 real_p2_x0_abw=0.0907 real_p2_gen_adv=7.4684 real_p2_gen_fm=0.2034 real_total=2.7470 discr_adv=2.7098 x0_discr_real_out=0.0092 x0_discr_fake_out=-0.0355 x0_discr_real_gp=0.0152 p2_discr_real_out=0.0442 p2_discr_fake_out=-0.1015 p2_discr_real_gp=0.0100 g_grad_abs=2086.4033 d_grad_abs=660.2933 synth_eps=0.8214 synth_eps_raw=0.8214 synth_x0_x0_l1=0.0555 synth_x0_x0_abw=0.9275 synth_x0_gen_adv=6.5717 synth_x0_gen_fm=0.0347 synth_total=10.1833 extra_render_attn_share=0.5498
[step 27850] real_p1_mirror_hole_cov=0.4449 real_p1_skipped=1.0000 real_p1_hole_frac=0.3154 real_p2_eps=0.8596 real_p2_x0_l1=0.0897 real_p2_x0_abw=0.6982 real_p2_gen_adv=6.9262 real_p2_gen_fm=0.0706 real_total=10.6852 discr_adv=2.7783 x0_discr_real_out=0.0673 x0_discr_fake_out=0.0562 x0_discr_real_gp=0.0154 p2_discr_real_out=0.0638 p2_discr_fake_out=0.0072 p2_discr_real_gp=0.0112 g_grad_abs=16376.5959 d_grad_abs=461.8080 synth_eps=0.8671 synth_eps_raw=0.8671 synth_x0_x0_l1=0.0737 synth_x0_x0_abw=0.9028 synth_x0_gen_adv=6.5268 synth_x0_gen_fm=0.0549 synth_total=11.7846 extra_render_attn_share=0.5498
[step 27900] real_p1_mirror_hole_cov=0.0568 real_p1_skipped=1.0000 real_p1_hole_frac=0.1167 real_p2_eps=0.6647 real_p2_x0_l1=0.1829 real_p2_x0_abw=0.4882 real_p2_gen_adv=6.6075 real_p2_gen_fm=0.1191 real_total=9.7915 discr_adv=2.7753 x0_discr_real_out=0.0667 x0_discr_fake_out=0.0529 x0_discr_real_gp=0.0012 p2_discr_real_out=0.0646 p2_discr_fake_out=0.0675 p2_discr_real_gp=0.0014 g_grad_abs=11883.7535 d_grad_abs=135.8729 synth_eps=0.0452 synth_eps_raw=0.0452 synth_x0_x0_l1=0.3292 synth_x0_x0_abw=0.0218 synth_x0_gen_adv=6.9404 synth_x0_gen_fm=0.2194 synth_total=0.6814 extra_render_attn_share=0.5498
[step 27950] real_p1_mirror_hole_cov=0.0360 real_p1_skipped=1.0000 real_p1_hole_frac=0.1233 real_p2_eps=0.8589 real_p2_x0_l1=0.1712 real_p2_x0_abw=0.3470 real_p2_gen_adv=6.9897 real_p2_gen_fm=0.1019 real_total=6.8805 discr_adv=2.7610 x0_discr_real_out=0.0144 x0_discr_fake_out=0.0050 x0_discr_real_gp=0.0004 p2_discr_real_out=0.0044 p2_discr_fake_out=-0.0115 p2_discr_real_gp=0.0004 g_grad_abs=9256.9305 d_grad_abs=54.0084 synth_eps=0.0134 synth_eps_raw=0.0134 synth_x0_x0_l1=0.3566 synth_x0_x0_abw=0.0098 synth_x0_gen_adv=7.0008 synth_x0_gen_fm=0.2224 synth_total=0.3049 extra_render_attn_share=0.5498
[val step 27999] val_novel_full=0.2958 val_novel_hole=0.2616 val_novel_visible=0.3169
[step 28000] real_p1_mirror_hole_cov=0.0923 real_p1_skipped=1.0000 real_p1_hole_frac=0.1669 real_p2_eps=0.1507 real_p2_x0_l1=0.2814 real_p2_x0_abw=0.0518 real_p2_gen_adv=7.0241 real_p2_gen_fm=0.1750 real_total=1.4352 discr_adv=2.7444 x0_discr_real_out=0.0127 x0_discr_fake_out=-0.0274 x0_discr_real_gp=0.0008 p2_discr_real_out=0.0023 p2_discr_fake_out=-0.0183 p2_discr_real_gp=0.0009 g_grad_abs=1170.3416 d_grad_abs=77.6399 synth_eps=1.3056 synth_eps_raw=1.3056 synth_x0_x0_l1=0.1178 synth_x0_x0_abw=0.7350 synth_x0_gen_adv=6.9121 synth_x0_gen_fm=0.0750 synth_total=11.9819 extra_render_attn_share=0.5449
[images] real: anchor | cond1 | cond2 | inv_warp_mirror | mask | mask_inv | p2_pred_x0 | warp_img | warp_warp_img | x | y_hat | y_hat_novel -> /home/xzy/warpgan-diffusiong-inpainting/warpgan-diffusion-inpainting-main/experiments/train_inpainting_diffusion/[20260910-025204]_v18w1_struct_50k/logs/images/train/real_step0028000.png
[images] synth: cond | mask | pred_x0 | target | warp_img | x | y_hat_novel -> /home/xzy/warpgan-diffusiong-inpainting/warpgan-diffusion-inpainting-main/experiments/train_inpainting_diffusion/[20260910-025204]_v18w1_struct_50k/logs/images/train/synth_step0028000.png
[step 28050] real_p1_mirror_hole_cov=0.0728 real_p1_skipped=1.0000 real_p1_hole_frac=0.1975 real_p2_eps=0.7937 real_p2_x0_l1=0.0603 real_p2_x0_abw=0.9100 real_p2_gen_adv=6.9124 real_p2_gen_fm=0.0358 real_total=10.3957 discr_adv=2.7347 x0_discr_real_out=0.0339 x0_discr_fake_out=-0.0475 x0_discr_real_gp=0.0036 p2_discr_real_out=0.0214 p2_discr_fake_out=0.0042 p2_discr_real_gp=0.0067 g_grad_abs=8724.8675 d_grad_abs=82.0838 synth_eps=0.0041 synth_eps_raw=0.0041 synth_x0_x0_l1=0.3814 synth_x0_x0_abw=0.0049 synth_x0_gen_adv=6.8751 synth_x0_gen_fm=0.2383 synth_total=0.1579 extra_render_attn_share=0.5449
[step 28100] real_p1_mirror_hole_cov=0.2650 real_p1_skipped=1.0000 real_p1_hole_frac=0.2903 real_p2_eps=0.4273 real_p2_x0_l1=0.2435 real_p2_x0_abw=0.1235 real_p2_gen_adv=7.5011 real_p2_gen_fm=0.1521 real_total=3.2617 discr_adv=2.6518 x0_discr_real_out=0.0670 x0_discr_fake_out=-0.0884 x0_discr_real_gp=0.0193 p2_discr_real_out=0.0583 p2_discr_fake_out=-0.1091 p2_discr_real_gp=0.0158 g_grad_abs=4139.6974 d_grad_abs=207.6437 synth_eps=0.9746 synth_eps_raw=0.9746 synth_x0_x0_l1=0.0811 synth_x0_x0_abw=0.7255 synth_x0_gen_adv=7.0544 synth_x0_gen_fm=0.0582 synth_total=10.3706 extra_render_attn_share=0.5449
[step 28150] real_p1_mirror_hole_cov=0.1528 real_p1_skipped=1.0000 real_p1_hole_frac=0.3170 real_p2_eps=0.8052 real_p2_x0_l1=0.0563 real_p2_x0_abw=0.8778 real_p2_gen_adv=6.7294 real_p2_gen_fm=0.0373 real_total=10.0343 discr_adv=2.6854 x0_discr_real_out=0.1387 x0_discr_fake_out=-0.1061 x0_discr_real_gp=0.0206 p2_discr_real_out=0.0820 p2_discr_fake_out=0.0414 p2_discr_real_gp=0.0285 g_grad_abs=8770.7891 d_grad_abs=365.0576 synth_eps=0.9379 synth_eps_raw=0.9379 synth_x0_x0_l1=0.1668 synth_x0_x0_abw=0.4982 synth_x0_gen_adv=7.1367 synth_x0_gen_fm=0.1019 synth_total=9.6521 extra_render_attn_share=0.5449
[step 28200] real_p1_mirror_hole_cov=0.0424 real_p1_skipped=1.0000 real_p1_hole_frac=0.3540 real_p2_eps=0.8933 real_p2_x0_l1=0.1374 real_p2_x0_abw=0.4932 real_p2_gen_adv=7.3748 real_p2_gen_fm=0.0931 real_total=9.1877 discr_adv=2.6419 x0_discr_real_out=0.0976 x0_discr_fake_out=-0.1275 x0_discr_real_gp=0.0350 p2_discr_real_out=0.1257 p2_discr_fake_out=-0.0856 p2_discr_real_gp=0.0442 g_grad_abs=6383.3848 d_grad_abs=385.5882 synth_eps=0.2987 synth_eps_raw=0.2987 synth_x0_x0_l1=0.2391 synth_x0_x0_abw=0.1095 synth_x0_gen_adv=7.6323 synth_x0_gen_fm=0.1563 synth_total=2.8719 extra_render_attn_share=0.5449
[step 28250] real_p1_mirror_hole_cov=0.0277 real_p1_skipped=1.0000 real_p1_hole_frac=0.3188 real_p2_eps=0.1298 real_p2_x0_l1=0.2922 real_p2_x0_abw=0.0522 real_p2_gen_adv=7.6166 real_p2_gen_fm=0.1909 real_total=1.5394 discr_adv=2.6510 x0_discr_real_out=0.0205 x0_discr_fake_out=-0.1992 x0_discr_real_gp=0.0393 p2_discr_real_out=0.0344 p2_discr_fake_out=-0.1310 p2_discr_real_gp=0.0219 g_grad_abs=1006.4638 d_grad_abs=447.7406 synth_eps=0.5788 synth_eps_raw=0.5788 synth_x0_x0_l1=0.2283 synth_x0_x0_abw=0.2245 synth_x0_gen_adv=7.8534 synth_x0_gen_fm=0.1349 synth_total=5.4224 extra_render_attn_share=0.5449
[step 28300] real_p1_mirror_hole_cov=0.0156 real_p1_skipped=1.0000 real_p1_hole_frac=0.2429 real_p2_eps=0.7956 real_p2_x0_l1=0.1932 real_p2_x0_abw=0.3193 real_p2_gen_adv=7.1138 real_p2_gen_fm=0.1092 real_total=6.6152 discr_adv=2.7595 x0_discr_real_out=-0.0287 x0_discr_fake_out=-0.0520 x0_discr_real_gp=0.0022 p2_discr_real_out=-0.0148 p2_discr_fake_out=-0.0344 p2_discr_real_gp=0.0021 g_grad_abs=9185.5800 d_grad_abs=198.5731 synth_eps=0.8997 synth_eps_raw=0.8997 synth_x0_x0_l1=0.1907 synth_x0_x0_abw=0.4341 synth_x0_gen_adv=7.1458 synth_x0_gen_fm=0.1063 synth_total=8.6984 extra_render_attn_share=0.5449
[step 28350] real_p1_mirror_hole_cov=0.2698 real_p1_skipped=1.0000 real_p1_hole_frac=0.1974 real_p2_eps=0.9732 real_p2_x0_l1=0.1350 real_p2_x0_abw=0.6391 real_p2_gen_adv=6.8194 real_p2_gen_fm=0.0830 real_total=10.7195 discr_adv=2.7476 x0_discr_real_out=0.0224 x0_discr_fake_out=0.0121 x0_discr_real_gp=0.0059 p2_discr_real_out=0.0848 p2_discr_fake_out=0.0229 p2_discr_real_gp=0.0036 g_grad_abs=15118.7549 d_grad_abs=122.1270 synth_eps=0.0469 synth_eps_raw=0.0469 synth_x0_x0_l1=0.3289 synth_x0_x0_abw=0.0203 synth_x0_gen_adv=6.9612 synth_x0_gen_fm=0.2115 synth_total=0.6256 extra_render_attn_share=0.5449
[step 28400] real_p1_mirror_hole_cov=0.0517 real_p1_skipped=1.0000 real_p1_hole_frac=0.4117 real_p2_eps=0.0698 real_p2_x0_l1=0.3219 real_p2_x0_abw=0.0289 real_p2_gen_adv=7.0582 real_p2_gen_fm=0.2040 real_total=0.8730 discr_adv=2.7025 x0_discr_real_out=0.0391 x0_discr_fake_out=-0.1191 x0_discr_real_gp=0.0198 p2_discr_real_out=0.0377 p2_discr_fake_out=-0.0248 p2_discr_real_gp=0.0170 g_grad_abs=559.1141 d_grad_abs=209.8322 synth_eps=0.9690 synth_eps_raw=0.9690 synth_x0_x0_l1=0.1194 synth_x0_x0_abw=0.7781 synth_x0_gen_adv=6.9217 synth_x0_gen_fm=0.0716 synth_total=12.0176 extra_render_attn_share=0.5449
[step 28450] real_p1_mirror_hole_cov=0.0731 real_p1_skipped=1.0000 real_p1_hole_frac=0.4810 real_p2_eps=0.9217 real_p2_x0_l1=0.1526 real_p2_x0_abw=0.5383 real_p2_gen_adv=7.0410 real_p2_gen_fm=0.0978 real_total=10.0616 discr_adv=2.7081 x0_discr_real_out=0.0295 x0_discr_fake_out=-0.0201 x0_discr_real_gp=0.0245 p2_discr_real_out=0.1448 p2_discr_fake_out=-0.0208 p2_discr_real_gp=0.0138 g_grad_abs=7456.6072 d_grad_abs=387.3635 synth_eps=0.3081 synth_eps_raw=0.3081 synth_x0_x0_l1=0.2703 synth_x0_x0_abw=0.0953 synth_x0_gen_adv=7.7428 synth_x0_gen_fm=0.1706 synth_total=2.6976 extra_render_attn_share=0.5449
[step 28500] real_p1_mirror_hole_cov=0.1511 real_p1_skipped=1.0000 real_p1_hole_frac=0.1698 real_p2_eps=0.0719 real_p2_x0_l1=0.3251 real_p2_x0_abw=0.0334 real_p2_gen_adv=6.9956 real_p2_gen_fm=0.2133 real_total=1.0301 discr_adv=2.7607 x0_discr_real_out=0.0315 x0_discr_fake_out=-0.0504 x0_discr_real_gp=0.0342 p2_discr_real_out=0.0527 p2_discr_fake_out=-0.0111 p2_discr_real_gp=0.0230 g_grad_abs=540.8106 d_grad_abs=283.9151 synth_eps=1.0449 synth_eps_raw=1.0449 synth_x0_x0_l1=0.0745 synth_x0_x0_abw=0.7459 synth_x0_gen_adv=7.2667 synth_x0_gen_fm=0.0487 synth_total=10.1533 extra_render_attn_share=0.5449
[images] real: anchor | cond1 | cond2 | inv_warp_mirror | mask | mask_inv | p2_pred_x0 | warp_img | warp_warp_img | x | y_hat | y_hat_novel -> /home/xzy/warpgan-diffusiong-inpainting/warpgan-diffusion-inpainting-main/experiments/train_inpainting_diffusion/[20260910-025204]_v18w1_struct_50k/logs/images/train/real_step0028500.png
[images] synth: cond | mask | pred_x0 | target | warp_img | x | y_hat_novel -> /home/xzy/warpgan-diffusiong-inpainting/warpgan-diffusion-inpainting-main/experiments/train_inpainting_diffusion/[20260910-025204]_v18w1_struct_50k/logs/images/train/synth_step0028500.png
[step 28550] real_p1_mirror_hole_cov=0.0111 real_p1_skipped=1.0000 real_p1_hole_frac=0.1681 real_p2_eps=0.7394 real_p2_x0_l1=0.1734 real_p2_x0_abw=0.3758 real_p2_gen_adv=7.0136 real_p2_gen_fm=0.1112 real_total=7.6179 discr_adv=2.7481 x0_discr_real_out=0.0656 x0_discr_fake_out=0.0291 x0_discr_real_gp=0.0155 p2_discr_real_out=0.0712 p2_discr_fake_out=-0.0157 p2_discr_real_gp=0.0190 g_grad_abs=8189.8856 d_grad_abs=187.4366 synth_eps=0.7389 synth_eps_raw=0.7389 synth_x0_x0_l1=0.0707 synth_x0_x0_abw=0.9148 synth_x0_gen_adv=6.7374 synth_x0_gen_fm=0.0443 synth_total=11.0229 extra_render_attn_share=0.5449
[step 28600] real_p1_mirror_hole_cov=0.1610 real_p1_skipped=1.0000 real_p1_hole_frac=0.3896 real_p2_eps=0.5748 real_p2_x0_l1=0.1901 real_p2_x0_abw=0.2658 real_p2_gen_adv=7.7060 real_p2_gen_fm=0.1347 real_total=6.2526 discr_adv=2.7082 x0_discr_real_out=0.0775 x0_discr_fake_out=0.0651 x0_discr_real_gp=0.0096 p2_discr_real_out=0.0840 p2_discr_fake_out=-0.1481 p2_discr_real_gp=0.0420 g_grad_abs=5183.2726 d_grad_abs=335.5054 synth_eps=0.5738 synth_eps_raw=0.5738 synth_x0_x0_l1=0.2194 synth_x0_x0_abw=0.2186 synth_x0_gen_adv=7.5553 synth_x0_gen_fm=0.1428 synth_total=5.3939 extra_render_attn_share=0.5449
[step 28650] real_p1_mirror_hole_cov=0.0034 real_p1_skipped=1.0000 real_p1_hole_frac=0.1360 real_p2_eps=0.0083 real_p2_x0_l1=0.3701 real_p2_x0_abw=0.0070 real_p2_gen_adv=7.9113 real_p2_gen_fm=0.2542 real_total=0.2455 discr_adv=2.8298 x0_discr_real_out=-0.1484 x0_discr_fake_out=-0.1713 x0_discr_real_gp=0.0270 p2_discr_real_out=-0.1622 p2_discr_fake_out=-0.1858 p2_discr_real_gp=0.0365 g_grad_abs=197.6273 d_grad_abs=878.4892 synth_eps=0.6577 synth_eps_raw=0.6577 synth_x0_x0_l1=0.2336 synth_x0_x0_abw=0.2710 synth_x0_gen_adv=8.1639 synth_x0_gen_fm=0.1469 synth_total=6.9136 extra_render_attn_share=0.5449
[step 28700] real_p1_mirror_hole_cov=0.2352 real_p1_skipped=1.0000 real_p1_hole_frac=0.6518 real_p2_eps=0.2336 real_p2_x0_l1=0.2770 real_p2_x0_abw=0.0946 real_p2_gen_adv=7.2135 real_p2_gen_fm=0.1885 real_total=2.7266 discr_adv=2.7524 x0_discr_real_out=-0.0068 x0_discr_fake_out=-0.0253 x0_discr_real_gp=0.0073 p2_discr_real_out=0.0130 p2_discr_fake_out=-0.0534 p2_discr_real_gp=0.0097 g_grad_abs=2254.5242 d_grad_abs=285.3295 synth_eps=0.6839 synth_eps_raw=0.6839 synth_x0_x0_l1=0.1939 synth_x0_x0_abw=0.4520 synth_x0_gen_adv=6.6630 synth_x0_gen_fm=0.1321 synth_total=9.7543 extra_render_attn_share=0.5449
[step 28750] real_p1_mirror_hole_cov=0.0336 real_p1_skipped=1.0000 real_p1_hole_frac=0.0565 real_p2_eps=0.6024 real_p2_x0_l1=0.2441 real_p2_x0_abw=0.2844 real_p2_gen_adv=7.2861 real_p2_gen_fm=0.1514 real_total=7.0507 discr_adv=2.7126 x0_discr_real_out=0.0033 x0_discr_fake_out=-0.1077 x0_discr_real_gp=0.0063 p2_discr_real_out=-0.0276 p2_discr_fake_out=-0.0686 p2_discr_real_gp=0.0052 g_grad_abs=5375.4521 d_grad_abs=622.7818 synth_eps=0.7060 synth_eps_raw=0.7060 synth_x0_x0_l1=0.0555 synth_x0_x0_abw=0.8930 synth_x0_gen_adv=7.4653 synth_x0_gen_fm=0.0387 synth_total=10.8822 extra_render_attn_share=0.5449
[step 28800] real_p1_mirror_hole_cov=0.3906 real_p1_skipped=1.0000 real_p1_hole_frac=0.3549 real_p2_eps=0.0091 real_p2_x0_l1=0.3595 real_p2_x0_abw=0.0068 real_p2_gen_adv=6.9275 real_p2_gen_fm=0.2375 real_total=0.2201 discr_adv=2.7632 x0_discr_real_out=0.0309 x0_discr_fake_out=-0.0094 x0_discr_real_gp=0.0048 p2_discr_real_out=-0.0025 p2_discr_fake_out=0.0014 p2_discr_real_gp=0.0025 g_grad_abs=167.9103 d_grad_abs=126.9443 synth_eps=1.0338 synth_eps_raw=1.0338 synth_x0_x0_l1=0.1612 synth_x0_x0_abw=0.4799 synth_x0_gen_adv=6.9529 synth_x0_gen_fm=0.1012 synth_total=9.3047 extra_render_attn_share=0.5449
[step 28850] real_p1_mirror_hole_cov=0.2764 real_p1_skipped=1.0000 real_p1_hole_frac=0.1579 real_p2_eps=0.7491 real_p2_x0_l1=0.1824 real_p2_x0_abw=0.3727 real_p2_gen_adv=7.6651 real_p2_gen_fm=0.1168 real_total=8.0256 discr_adv=2.6290 x0_discr_real_out=0.1066 x0_discr_fake_out=-0.0785 x0_discr_real_gp=0.0297 p2_discr_real_out=0.0795 p2_discr_fake_out=-0.1384 p2_discr_real_gp=0.0189 g_grad_abs=6217.4529 d_grad_abs=394.6399 synth_eps=0.8180 synth_eps_raw=0.8180 synth_x0_x0_l1=0.2083 synth_x0_x0_abw=0.3193 synth_x0_gen_adv=7.7518 synth_x0_gen_fm=0.1278 synth_total=7.4403 extra_render_attn_share=0.5449
[step 28900] real_p1_mirror_hole_cov=0.2625 real_p1_skipped=1.0000 real_p1_hole_frac=0.4069 real_p2_eps=0.0189 real_p2_x0_l1=0.3473 real_p2_x0_abw=0.0133 real_p2_gen_adv=6.5731 real_p2_gen_fm=0.2382 real_total=0.4275 discr_adv=2.8015 x0_discr_real_out=0.0677 x0_discr_fake_out=0.0422 x0_discr_real_gp=0.0200 p2_discr_real_out=0.0767 p2_discr_fake_out=0.0753 p2_discr_real_gp=0.0158 g_grad_abs=290.8536 d_grad_abs=536.7894 synth_eps=0.7142 synth_eps_raw=0.7142 synth_x0_x0_l1=0.1671 synth_x0_x0_abw=0.3819 synth_x0_gen_adv=6.7714 synth_x0_gen_fm=0.1127 synth_total=7.6701 extra_render_attn_share=0.5449
[step 28950] real_p1_mirror_hole_cov=0.0083 real_p1_skipped=1.0000 real_p1_hole_frac=0.0762 real_p2_eps=0.7972 real_p2_x0_l1=0.0933 real_p2_x0_abw=0.6689 real_p2_gen_adv=7.2605 real_p2_gen_fm=0.0671 real_total=10.2069 discr_adv=2.7819 x0_discr_real_out=0.0250 x0_discr_fake_out=0.0207 x0_discr_real_gp=0.0102 p2_discr_real_out=0.0435 p2_discr_fake_out=-0.0638 p2_discr_real_gp=0.0526 g_grad_abs=7704.2854 d_grad_abs=447.9377 synth_eps=0.0043 synth_eps_raw=0.0043 synth_x0_x0_l1=0.3780 synth_x0_x0_abw=0.0054 synth_x0_gen_adv=6.7674 synth_x0_gen_fm=0.2572 synth_total=0.1832 extra_render_attn_share=0.5449
[step 29000] real_p1_mirror_hole_cov=0.1905 real_p1_skipped=1.0000 real_p1_hole_frac=0.4152 real_p2_eps=0.0233 real_p2_x0_l1=0.3597 real_p2_x0_abw=0.0152 real_p2_gen_adv=6.9006 real_p2_gen_fm=0.2511 real_total=0.5157 discr_adv=2.7947 x0_discr_real_out=0.0534 x0_discr_fake_out=0.0358 x0_discr_real_gp=0.0114 p2_discr_real_out=0.0221 p2_discr_fake_out=0.0102 p2_discr_real_gp=0.0190 g_grad_abs=367.4059 d_grad_abs=390.6706 synth_eps=0.2450 synth_eps_raw=0.2450 synth_x0_x0_l1=0.2712 synth_x0_x0_abw=0.1058 synth_x0_gen_adv=7.5076 synth_x0_gen_fm=0.1865 synth_total=3.0411 extra_render_attn_share=0.5449
[images] real: anchor | cond1 | cond2 | inv_warp_mirror | mask | mask_inv | p2_pred_x0 | warp_img | warp_warp_img | x | y_hat | y_hat_novel -> /home/xzy/warpgan-diffusiong-inpainting/warpgan-diffusion-inpainting-main/experiments/train_inpainting_diffusion/[20260910-025204]_v18w1_struct_50k/logs/images/train/real_step0029000.png
[images] synth: cond | mask | pred_x0 | target | warp_img | x | y_hat_novel -> /home/xzy/warpgan-diffusiong-inpainting/warpgan-diffusion-inpainting-main/experiments/train_inpainting_diffusion/[20260910-025204]_v18w1_struct_50k/logs/images/train/synth_step0029000.png
[step 29050] real_p1_mirror_hole_cov=0.0276 real_p1_skipped=1.0000 real_p1_hole_frac=0.3205 real_p2_eps=0.7754 real_p2_x0_l1=0.0648 real_p2_x0_abw=0.8136 real_p2_gen_adv=6.7425 real_p2_gen_fm=0.0498 real_total=10.3675 discr_adv=2.7532 x0_discr_real_out=0.1329 x0_discr_fake_out=0.0263 x0_discr_real_gp=0.0249 p2_discr_real_out=0.0528 p2_discr_fake_out=0.0399 p2_discr_real_gp=0.0091 g_grad_abs=20029.8835 d_grad_abs=425.2860 synth_eps=0.8978 synth_eps_raw=0.8978 synth_x0_x0_l1=0.0906 synth_x0_x0_abw=0.7827 synth_x0_gen_adv=6.5492 synth_x0_gen_fm=0.0676 synth_total=11.3878 extra_render_attn_share=0.5449
[step 29100] real_p1_mirror_hole_cov=0.0136 real_p1_skipped=1.0000 real_p1_hole_frac=0.1433 real_p2_eps=0.7106 real_p2_x0_l1=0.1933 real_p2_x0_abw=0.3789 real_p2_gen_adv=7.1107 real_p2_gen_fm=0.1316 real_total=8.4645 discr_adv=2.7275 x0_discr_real_out=0.0092 x0_discr_fake_out=-0.0289 x0_discr_real_gp=0.0299 p2_discr_real_out=0.1428 p2_discr_fake_out=-0.0342 p2_discr_real_gp=0.0267 g_grad_abs=9087.1491 d_grad_abs=297.3859 synth_eps=0.3289 synth_eps_raw=0.3289 synth_x0_x0_l1=0.2479 synth_x0_x0_abw=0.1163 synth_x0_gen_adv=7.8048 synth_x0_gen_fm=0.1725 synth_total=3.2727 extra_render_attn_share=0.5449
[step 29150] real_p1_mirror_hole_cov=0.1197 real_p1_skipped=1.0000 real_p1_hole_frac=0.5899 real_p2_eps=0.2503 real_p2_x0_l1=0.2650 real_p2_x0_abw=0.0850 real_p2_gen_adv=8.8578 real_p2_gen_fm=0.1815 real_total=2.5679 discr_adv=2.6404 x0_discr_real_out=-0.1017 x0_discr_fake_out=-0.3774 x0_discr_real_gp=0.0217 p2_discr_real_out=-0.1669 p2_discr_fake_out=-0.3498 p2_discr_real_gp=0.0307 g_grad_abs=1808.6020 d_grad_abs=764.5557 synth_eps=0.6959 synth_eps_raw=0.6959 synth_x0_x0_l1=0.2206 synth_x0_x0_abw=0.2981 synth_x0_gen_adv=9.3034 synth_x0_gen_fm=0.1465 synth_total=7.9038 extra_render_attn_share=0.5449
[step 29200] real_p1_mirror_hole_cov=0.1763 real_p1_skipped=1.0000 real_p1_hole_frac=0.0207 real_p2_eps=0.1201 real_p2_x0_l1=0.2910 real_p2_x0_abw=0.0453 real_p2_gen_adv=7.5307 real_p2_gen_fm=0.1951 real_total=1.3593 discr_adv=2.7459 x0_discr_real_out=-0.0519 x0_discr_fake_out=-0.0901 x0_discr_real_gp=0.0051 p2_discr_real_out=-0.0593 p2_discr_fake_out=-0.1141 p2_discr_real_gp=0.0079 g_grad_abs=852.1753 d_grad_abs=262.9523 synth_eps=0.0453 synth_eps_raw=0.0453 synth_x0_x0_l1=0.3328 synth_x0_x0_abw=0.0192 synth_x0_gen_adv=7.3716 synth_x0_gen_fm=0.2298 synth_total=0.6338 extra_render_attn_share=0.5449
[step 29250] real_p1_mirror_hole_cov=0.0723 real_p1_skipped=1.0000 real_p1_hole_frac=0.3040 real_p2_eps=0.2641 real_p2_x0_l1=0.2633 real_p2_x0_abw=0.0946 real_p2_gen_adv=7.3536 real_p2_gen_fm=0.1894 real_total=2.7775 discr_adv=2.7134 x0_discr_real_out=0.0828 x0_discr_fake_out=-0.0231 x0_discr_real_gp=0.0513 p2_discr_real_out=0.0824 p2_discr_fake_out=-0.0772 p2_discr_real_gp=0.0140 g_grad_abs=1610.5880 d_grad_abs=529.3366 synth_eps=0.3620 synth_eps_raw=0.3620 synth_x0_x0_l1=0.2730 synth_x0_x0_abw=0.1422 synth_x0_gen_adv=7.9371 synth_x0_gen_fm=0.1904 synth_total=4.2368 extra_render_attn_share=0.5449
[step 29300] real_p1_mirror_hole_cov=0.0335 real_p1_skipped=1.0000 real_p1_hole_frac=0.2800 real_p2_eps=0.1880 real_p2_x0_l1=0.2884 real_p2_x0_abw=0.0755 real_p2_gen_adv=7.0009 real_p2_gen_fm=0.1937 real_total=2.2007 discr_adv=2.7236 x0_discr_real_out=0.0693 x0_discr_fake_out=0.0101 x0_discr_real_gp=0.0063 p2_discr_real_out=0.0612 p2_discr_fake_out=-0.0118 p2_discr_real_gp=0.0057 g_grad_abs=1360.2554 d_grad_abs=529.8027 synth_eps=0.4474 synth_eps_raw=0.4474 synth_x0_x0_l1=0.2508 synth_x0_x0_abw=0.1948 synth_x0_gen_adv=7.0329 synth_x0_gen_fm=0.1600 synth_total=4.9836 extra_render_attn_share=0.5449
[step 29350] real_p1_mirror_hole_cov=0.1499 real_p1_skipped=1.0000 real_p1_hole_frac=0.1170 real_p2_eps=0.5233 real_p2_x0_l1=0.2172 real_p2_x0_abw=0.2503 real_p2_gen_adv=7.6314 real_p2_gen_fm=0.1600 real_total=6.4925 discr_adv=2.7060 x0_discr_real_out=-0.0695 x0_discr_fake_out=-0.1226 x0_discr_real_gp=0.0100 p2_discr_real_out=-0.0007 p2_discr_fake_out=-0.1322 p2_discr_real_gp=0.0071 g_grad_abs=5957.2983 d_grad_abs=445.1788 synth_eps=0.0677 synth_eps_raw=0.0677 synth_x0_x0_l1=0.3279 synth_x0_x0_abw=0.0297 synth_x0_gen_adv=7.5097 synth_x0_gen_fm=0.2297 synth_total=0.9835 extra_render_attn_share=0.5449
[step 29400] real_p1_mirror_hole_cov=0.1720 real_p1_skipped=1.0000 real_p1_hole_frac=0.2850 real_p2_eps=0.2287 real_p2_x0_l1=0.2812 real_p2_x0_abw=0.1095 real_p2_gen_adv=7.7682 real_p2_gen_fm=0.2045 real_total=3.3487 discr_adv=2.6780 x0_discr_real_out=0.1576 x0_discr_fake_out=0.1286 x0_discr_real_gp=0.0081 p2_discr_real_out=0.0750 p2_discr_fake_out=-0.1576 p2_discr_real_gp=0.0156 g_grad_abs=2802.6731 d_grad_abs=855.0377 synth_eps=0.7158 synth_eps_raw=0.7158 synth_x0_x0_l1=0.2399 synth_x0_x0_abw=0.4601 synth_x0_gen_adv=6.3165 synth_x0_gen_fm=0.1606 synth_total=11.1219 extra_render_attn_share=0.5449
[step 29450] real_p1_mirror_hole_cov=0.1515 real_p1_skipped=1.0000 real_p1_hole_frac=0.1077 real_p2_eps=0.8583 real_p2_x0_l1=0.1123 real_p2_x0_abw=0.7812 real_p2_gen_adv=7.1106 real_p2_gen_fm=0.0809 real_total=12.8179 discr_adv=2.7316 x0_discr_real_out=-0.0198 x0_discr_fake_out=-0.0637 x0_discr_real_gp=0.0018 p2_discr_real_out=0.0127 p2_discr_fake_out=-0.0350 p2_discr_real_gp=0.0013 g_grad_abs=10900.4693 d_grad_abs=187.5054 synth_eps=1.0957 synth_eps_raw=1.0957 synth_x0_x0_l1=0.1129 synth_x0_x0_abw=0.7537 synth_x0_gen_adv=7.1120 synth_x0_gen_fm=0.0784 synth_total=12.4527 extra_render_attn_share=0.5449
[step 29500] real_p1_mirror_hole_cov=0.0321 real_p1_skipped=1.0000 real_p1_hole_frac=0.4838 real_p2_eps=1.0031 real_p2_x0_l1=0.1420 real_p2_x0_abw=0.6006 real_p2_gen_adv=6.8350 real_p2_gen_fm=0.1037 real_total=11.4187 discr_adv=2.7167 x0_discr_real_out=0.0647 x0_discr_fake_out=0.0134 x0_discr_real_gp=0.0435 p2_discr_real_out=0.2278 p2_discr_fake_out=0.0206 p2_discr_real_gp=0.0201 g_grad_abs=9706.9152 d_grad_abs=335.5357 synth_eps=0.9391 synth_eps_raw=0.9391 synth_x0_x0_l1=0.0911 synth_x0_x0_abw=0.8752 synth_x0_gen_adv=6.1718 synth_x0_gen_fm=0.0582 synth_total=11.5126 extra_render_attn_share=0.5449
[images] real: anchor | cond1 | cond2 | inv_warp_mirror | mask | mask_inv | p2_pred_x0 | warp_img | warp_warp_img | x | y_hat | y_hat_novel -> /home/xzy/warpgan-diffusiong-inpainting/warpgan-diffusion-inpainting-main/experiments/train_inpainting_diffusion/[20260910-025204]_v18w1_struct_50k/logs/images/train/real_step0029500.png
[images] synth: cond | mask | pred_x0 | target | warp_img | x | y_hat_novel -> /home/xzy/warpgan-diffusiong-inpainting/warpgan-diffusion-inpainting-main/experiments/train_inpainting_diffusion/[20260910-025204]_v18w1_struct_50k/logs/images/train/synth_step0029500.png
[step 29550] real_p1_mirror_hole_cov=0.1266 real_p1_skipped=1.0000 real_p1_hole_frac=0.4346 real_p2_eps=0.0506 real_p2_x0_l1=0.3291 real_p2_x0_abw=0.0286 real_p2_gen_adv=7.3730 real_p2_gen_fm=0.2390 real_total=0.9560 discr_adv=2.7814 x0_discr_real_out=0.1252 x0_discr_fake_out=0.0466 x0_discr_real_gp=0.0082 p2_discr_real_out=-0.0178 p2_discr_fake_out=-0.0847 p2_discr_real_gp=0.0670 g_grad_abs=745.4884 d_grad_abs=1059.4070 synth_eps=0.0426 synth_eps_raw=0.0426 synth_x0_x0_l1=0.3402 synth_x0_x0_abw=0.0237 synth_x0_gen_adv=7.4880 synth_x0_gen_fm=0.2377 synth_total=0.7930 extra_render_attn_share=0.5449
[step 29600] real_p1_mirror_hole_cov=0.1176 real_p1_skipped=1.0000 real_p1_hole_frac=0.2013 real_p2_eps=0.8691 real_p2_x0_l1=0.0616 real_p2_x0_abw=0.8404 real_p2_gen_adv=7.1912 real_p2_gen_fm=0.0408 real_total=10.3947 discr_adv=2.7258 x0_discr_real_out=0.0289 x0_discr_fake_out=-0.0792 x0_discr_real_gp=0.0044 p2_discr_real_out=-0.0239 p2_discr_fake_out=-0.0496 p2_discr_real_gp=0.0101 g_grad_abs=7319.1238 d_grad_abs=262.0899 synth_eps=0.9659 synth_eps_raw=0.9659 synth_x0_x0_l1=0.1150 synth_x0_x0_abw=0.6885 synth_x0_gen_adv=7.3559 synth_x0_gen_fm=0.0915 synth_total=12.4090 extra_render_attn_share=0.5449
[step 29650] real_p1_mirror_hole_cov=0.0672 real_p1_skipped=1.0000 real_p1_hole_frac=0.2003 real_p2_eps=0.5681 real_p2_x0_l1=0.0604 real_p2_x0_abw=0.9028 real_p2_gen_adv=6.8303 real_p2_gen_fm=0.0428 real_total=10.6539 discr_adv=2.7085 x0_discr_real_out=0.0299 x0_discr_fake_out=-0.1989 x0_discr_real_gp=0.0440 p2_discr_real_out=0.0382 p2_discr_fake_out=0.0210 p2_discr_real_gp=0.0067 g_grad_abs=11776.8928 d_grad_abs=373.9366 synth_eps=0.0104 synth_eps_raw=0.0104 synth_x0_x0_l1=0.3669 synth_x0_x0_abw=0.0082 synth_x0_gen_adv=7.2881 synth_x0_gen_fm=0.2646 synth_total=0.2887 extra_render_attn_share=0.5449
[step 29700] real_p1_mirror_hole_cov=0.3423 real_p1_skipped=1.0000 real_p1_hole_frac=0.2959 real_p2_eps=0.1913 real_p2_x0_l1=0.2803 real_p2_x0_abw=0.0819 real_p2_gen_adv=7.1728 real_p2_gen_fm=0.2008 real_total=2.4469 discr_adv=2.7700 x0_discr_real_out=0.0127 x0_discr_fake_out=0.0144 x0_discr_real_gp=0.0160 p2_discr_real_out=0.0302 p2_discr_fake_out=-0.0455 p2_discr_real_gp=0.0152 g_grad_abs=1897.0348 d_grad_abs=299.5140 synth_eps=0.8048 synth_eps_raw=0.8048 synth_x0_x0_l1=0.0631 synth_x0_x0_abw=0.8700 synth_x0_gen_adv=6.4522 synth_x0_gen_fm=0.0420 synth_total=10.1279 extra_render_attn_share=0.5449
[step 29750] real_p1_mirror_hole_cov=0.1050 real_p1_skipped=1.0000 real_p1_hole_frac=0.1665 real_p2_eps=1.0576 real_p2_x0_l1=0.0944 real_p2_x0_abw=0.7286 real_p2_gen_adv=7.2658 real_p2_gen_fm=0.0683 real_total=11.3942 discr_adv=2.7582 x0_discr_real_out=-0.0142 x0_discr_fake_out=-0.0313 x0_discr_real_gp=0.0075 p2_discr_real_out=0.0048 p2_discr_fake_out=-0.0637 p2_discr_real_gp=0.0165 g_grad_abs=28716.2186 d_grad_abs=179.1180 synth_eps=0.7702 synth_eps_raw=0.7702 synth_x0_x0_l1=0.1931 synth_x0_x0_abw=0.4799 synth_x0_gen_adv=7.2175 synth_x0_gen_fm=0.1332 synth_total=10.7196 extra_render_attn_share=0.5449
[step 29800] real_p1_mirror_hole_cov=0.0528 real_p1_skipped=1.0000 real_p1_hole_frac=0.3351 real_p2_eps=0.1365 real_p2_x0_l1=0.2990 real_p2_x0_abw=0.0633 real_p2_gen_adv=6.8942 real_p2_gen_fm=0.2219 real_total=1.9956 discr_adv=2.7426 x0_discr_real_out=0.0327 x0_discr_fake_out=-0.0095 x0_discr_real_gp=0.0131 p2_discr_real_out=0.0785 p2_discr_fake_out=0.0087 p2_discr_real_gp=0.0095 g_grad_abs=1377.5525 d_grad_abs=248.4065 synth_eps=0.7466 synth_eps_raw=0.7466 synth_x0_x0_l1=0.0273 synth_x0_x0_abw=0.9850 synth_x0_gen_adv=6.9137 synth_x0_gen_fm=0.0108 synth_total=8.6494 extra_render_attn_share=0.5449
[step 29850] real_p1_mirror_hole_cov=0.0047 real_p1_skipped=1.0000 real_p1_hole_frac=0.2267 real_p2_eps=0.8632 real_p2_x0_l1=0.1286 real_p2_x0_abw=0.6999 real_p2_gen_adv=6.9915 real_p2_gen_fm=0.0995 real_total=12.8079 discr_adv=2.7431 x0_discr_real_out=-0.0465 x0_discr_fake_out=-0.0784 x0_discr_real_gp=0.0103 p2_discr_real_out=0.0490 p2_discr_fake_out=-0.0110 p2_discr_real_gp=0.0027 g_grad_abs=8333.0454 d_grad_abs=282.2905 synth_eps=0.8229 synth_eps_raw=0.8229 synth_x0_x0_l1=0.1381 synth_x0_x0_abw=0.6374 synth_x0_gen_adv=6.9868 synth_x0_gen_fm=0.1126 synth_total=12.5445 extra_render_attn_share=0.5449
[step 29900] real_p1_mirror_hole_cov=0.1030 real_p1_skipped=1.0000 real_p1_hole_frac=0.0886 real_p2_eps=0.7292 real_p2_x0_l1=0.0747 real_p2_x0_abw=0.8193 real_p2_gen_adv=7.2784 real_p2_gen_fm=0.0491 real_total=10.7767 discr_adv=2.7593 x0_discr_real_out=-0.1127 x0_discr_fake_out=-0.1420 x0_discr_real_gp=0.0059 p2_discr_real_out=-0.0380 p2_discr_fake_out=-0.0675 p2_discr_real_gp=0.0032 g_grad_abs=23822.5133 d_grad_abs=206.2146 synth_eps=0.9799 synth_eps_raw=0.9799 synth_x0_x0_l1=0.1134 synth_x0_x0_abw=0.7916 synth_x0_gen_adv=6.9075 synth_x0_gen_fm=0.0824 synth_total=13.0602 extra_render_attn_share=0.5449
[step 29950] real_p1_mirror_hole_cov=0.2687 real_p1_skipped=1.0000 real_p1_hole_frac=0.1824 real_p2_eps=0.9207 real_p2_x0_l1=0.1316 real_p2_x0_abw=0.6738 real_p2_gen_adv=7.4703 real_p2_gen_fm=0.1120 real_total=13.5900 discr_adv=2.6835 x0_discr_real_out=-0.0171 x0_discr_fake_out=-0.1129 x0_discr_real_gp=0.0054 p2_discr_real_out=0.0175 p2_discr_fake_out=-0.1015 p2_discr_real_gp=0.0054 g_grad_abs=10056.9236 d_grad_abs=568.0832 synth_eps=0.6511 synth_eps_raw=0.6511 synth_x0_x0_l1=0.2163 synth_x0_x0_abw=0.3207 synth_x0_gen_adv=8.2576 synth_x0_gen_fm=0.1593 synth_total=8.4783 extra_render_attn_share=0.5449
[ckpt] saved /home/xzy/warpgan-diffusiong-inpainting/warpgan-diffusion-inpainting-main/experiments/train_inpainting_diffusion/[20260910-025204]_v18w1_struct_50k/checkpoints/iteration_0029999.pt
[val step 29999] val_novel_full=0.3151 val_novel_hole=0.2785 val_novel_visible=0.3241
[step 30000] real_p1_mirror_hole_cov=0.0421 real_p1_skipped=1.0000 real_p1_hole_frac=0.0479 real_p2_eps=0.8632 real_p2_x0_l1=0.0832 real_p2_x0_abw=0.8581 real_p2_gen_adv=6.9317 real_p2_gen_fm=0.0575 real_total=11.8185 discr_adv=2.7830 x0_discr_real_out=-0.0125 x0_discr_fake_out=-0.0232 x0_discr_real_gp=0.0069 p2_discr_real_out=0.0000 p2_discr_fake_out=0.0018 p2_discr_real_gp=0.0045 g_grad_abs=41343.5417 d_grad_abs=147.0295 synth_eps=0.2554 synth_eps_raw=0.2554 synth_x0_x0_l1=0.2690 synth_x0_x0_abw=0.1080 synth_x0_gen_adv=7.3398 synth_x0_gen_fm=0.1814 synth_total=3.0367 extra_render_attn_share=0.5549
[images] real: anchor | cond1 | cond2 | inv_warp_mirror | mask | mask_inv | p2_pred_x0 | warp_img | warp_warp_img | x | y_hat | y_hat_novel -> /home/xzy/warpgan-diffusiong-inpainting/warpgan-diffusion-inpainting-main/experiments/train_inpainting_diffusion/[20260910-025204]_v18w1_struct_50k/logs/images/train/real_step0030000.png
[images] synth: cond | mask | pred_x0 | target | warp_img | x | y_hat_novel -> /home/xzy/warpgan-diffusiong-inpainting/warpgan-diffusion-inpainting-main/experiments/train_inpainting_diffusion/[20260910-025204]_v18w1_struct_50k/logs/images/train/synth_step0030000.png
[step 30050] real_p1_mirror_hole_cov=0.1153 real_p1_skipped=1.0000 real_p1_hole_frac=0.1032 real_p2_eps=0.2496 real_p2_x0_l1=0.2547 real_p2_x0_abw=0.0887 real_p2_gen_adv=6.7888 real_p2_gen_fm=0.1806 real_total=2.4774 discr_adv=2.7806 x0_discr_real_out=0.1199 x0_discr_fake_out=0.1079 x0_discr_real_gp=0.0083 p2_discr_real_out=0.0532 p2_discr_fake_out=0.0305 p2_discr_real_gp=0.0103 g_grad_abs=2420.7130 d_grad_abs=214.9314 synth_eps=0.5555 synth_eps_raw=0.5555 synth_x0_x0_l1=0.2386 synth_x0_x0_abw=0.2541 synth_x0_gen_adv=7.1106 synth_x0_gen_fm=0.1568 synth_total=6.4071 extra_render_attn_share=0.5549
[step 30100] real_p1_mirror_hole_cov=0.3192 real_p1_skipped=1.0000 real_p1_hole_frac=0.4956 real_p2_eps=0.6864 real_p2_x0_l1=0.2250 real_p2_x0_abw=0.3279 real_p2_gen_adv=7.2346 real_p2_gen_fm=0.1432 real_total=7.8303 discr_adv=2.7410 x0_discr_real_out=0.0320 x0_discr_fake_out=0.0097 x0_discr_real_gp=0.0028 p2_discr_real_out=0.0007 p2_discr_fake_out=-0.0581 p2_discr_real_gp=0.0034 g_grad_abs=6415.2906 d_grad_abs=253.9799 synth_eps=0.5915 synth_eps_raw=0.5915 synth_x0_x0_l1=0.2390 synth_x0_x0_abw=0.2516 synth_x0_gen_adv=7.2715 synth_x0_gen_fm=0.1515 synth_total=6.2922 extra_render_attn_share=0.5549
[step 30150] real_p1_mirror_hole_cov=0.0909 real_p1_skipped=1.0000 real_p1_hole_frac=0.3998 real_p2_eps=0.7665 real_p2_x0_l1=0.1947 real_p2_x0_abw=0.4634 real_p2_gen_adv=6.8214 real_p2_gen_fm=0.1397 real_total=10.4918 discr_adv=2.7306 x0_discr_real_out=0.1074 x0_discr_fake_out=0.1070 x0_discr_real_gp=0.0141 p2_discr_real_out=0.1829 p2_discr_fake_out=0.0254 p2_discr_real_gp=0.0124 g_grad_abs=10089.4919 d_grad_abs=623.8144 synth_eps=0.3839 synth_eps_raw=0.3839 synth_x0_x0_l1=0.2608 synth_x0_x0_abw=0.1727 synth_x0_gen_adv=7.5940 synth_x0_gen_fm=0.1861 synth_total=4.9529 extra_render_attn_share=0.5549
[step 30200] real_p1_mirror_hole_cov=0.2438 real_p1_skipped=1.0000 real_p1_hole_frac=0.0830 real_p2_eps=0.4342 real_p2_x0_l1=0.2282 real_p2_x0_abw=0.1757 real_p2_gen_adv=7.0593 real_p2_gen_fm=0.1535 real_total=4.4129 discr_adv=2.7410 x0_discr_real_out=0.0478 x0_discr_fake_out=0.0136 x0_discr_real_gp=0.0008 p2_discr_real_out=0.0118 p2_discr_fake_out=-0.0249 p2_discr_real_gp=0.0018 g_grad_abs=3773.1532 d_grad_abs=242.7185 synth_eps=0.1959 synth_eps_raw=0.1959 synth_x0_x0_l1=0.2875 synth_x0_x0_abw=0.0721 synth_x0_gen_adv=7.0368 synth_x0_gen_fm=0.1942 synth_total=2.1251 extra_render_attn_share=0.5549
[step 30250] real_p1_mirror_hole_cov=0.2312 real_p1_skipped=1.0000 real_p1_hole_frac=0.5350 real_p2_eps=0.0181 real_p2_x0_l1=0.3618 real_p2_x0_abw=0.0125 real_p2_gen_adv=6.9133 real_p2_gen_fm=0.2491 real_total=0.4198 discr_adv=2.6765 x0_discr_real_out=0.0686 x0_discr_fake_out=-0.1949 x0_discr_real_gp=0.0182 p2_discr_real_out=0.0434 p2_discr_fake_out=0.0043 p2_discr_real_gp=0.0295 g_grad_abs=244.3048 d_grad_abs=415.0506 synth_eps=0.8536 synth_eps_raw=0.8536 synth_x0_x0_l1=0.1327 synth_x0_x0_abw=0.5602 synth_x0_gen_adv=7.0683 synth_x0_gen_fm=0.1022 synth_total=10.6112 extra_render_attn_share=0.5549
[step 30300] real_p1_mirror_hole_cov=0.1834 real_p1_skipped=1.0000 real_p1_hole_frac=0.0616 real_p2_eps=0.1414 real_p2_x0_l1=0.2928 real_p2_x0_abw=0.0489 real_p2_gen_adv=7.6338 real_p2_gen_fm=0.1978 real_total=1.4957 discr_adv=2.7486 x0_discr_real_out=-0.0775 x0_discr_fake_out=-0.0985 x0_discr_real_gp=0.0067 p2_discr_real_out=-0.0718 p2_discr_fake_out=-0.1352 p2_discr_real_gp=0.0056 g_grad_abs=1360.4628 d_grad_abs=178.8581 synth_eps=0.8996 synth_eps_raw=0.8996 synth_x0_x0_l1=0.0613 synth_x0_x0_abw=0.8390 synth_x0_gen_adv=7.1299 synth_x0_gen_fm=0.0424 synth_total=10.4938 extra_render_attn_share=0.5549
[step 30350] real_p1_mirror_hole_cov=0.0237 real_p1_skipped=1.0000 real_p1_hole_frac=0.2301 real_p2_eps=0.8904 real_p2_x0_l1=0.1590 real_p2_x0_abw=0.5838 real_p2_gen_adv=7.2155 real_p2_gen_fm=0.1200 real_total=12.2011 discr_adv=2.6263 x0_discr_real_out=0.2079 x0_discr_fake_out=0.0662 x0_discr_real_gp=0.0152 p2_discr_real_out=0.1867 p2_discr_fake_out=-0.0548 p2_discr_real_gp=0.0156 g_grad_abs=8710.0067 d_grad_abs=780.8723 synth_eps=0.3424 synth_eps_raw=0.3424 synth_x0_x0_l1=0.2643 synth_x0_x0_abw=0.1317 synth_x0_gen_adv=8.1102 synth_x0_gen_fm=0.1818 synth_total=3.8407 extra_render_attn_share=0.5549
[step 30400] real_p1_mirror_hole_cov=0.1785 real_p1_skipped=1.0000 real_p1_hole_frac=0.5874 real_p2_eps=0.6386 real_p2_x0_l1=0.1588 real_p2_x0_abw=0.4982 real_p2_gen_adv=7.0961 real_p2_gen_fm=0.1245 real_total=10.4565 discr_adv=2.7325 x0_discr_real_out=0.0574 x0_discr_fake_out=0.0348 x0_discr_real_gp=0.0105 p2_discr_real_out=0.0968 p2_discr_fake_out=-0.0317 p2_discr_real_gp=0.0219 g_grad_abs=7064.9898 d_grad_abs=274.6515 synth_eps=0.5114 synth_eps_raw=0.5114 synth_x0_x0_l1=0.2471 synth_x0_x0_abw=0.2671 synth_x0_gen_adv=7.6878 synth_x0_gen_fm=0.1731 synth_total=7.2539 extra_render_attn_share=0.5549
[step 30450] real_p1_mirror_hole_cov=0.0850 real_p1_skipped=1.0000 real_p1_hole_frac=0.3286 real_p2_eps=0.3456 real_p2_x0_l1=0.2459 real_p2_x0_abw=0.1292 real_p2_gen_adv=7.9522 real_p2_gen_fm=0.1669 real_total=3.5619 discr_adv=2.7132 x0_discr_real_out=-0.0112 x0_discr_fake_out=-0.0075 x0_discr_real_gp=0.0169 p2_discr_real_out=0.0178 p2_discr_fake_out=-0.1932 p2_discr_real_gp=0.0209 g_grad_abs=3063.9038 d_grad_abs=286.4662 synth_eps=0.2540 synth_eps_raw=0.2540 synth_x0_x0_l1=0.2676 synth_x0_x0_abw=0.0920 synth_x0_gen_adv=7.9988 synth_x0_gen_fm=0.1864 synth_total=2.7285 extra_render_attn_share=0.5549
[step 30500] real_p1_mirror_hole_cov=0.0117 real_p1_skipped=1.0000 real_p1_hole_frac=0.1873 real_p2_eps=0.7054 real_p2_x0_l1=0.0382 real_p2_x0_abw=0.9365 real_p2_gen_adv=6.6937 real_p2_gen_fm=0.0253 real_total=9.3837 discr_adv=2.7748 x0_discr_real_out=0.1611 x0_discr_fake_out=0.1304 x0_discr_real_gp=0.0041 p2_discr_real_out=0.0498 p2_discr_fake_out=0.0496 p2_discr_real_gp=0.0045 g_grad_abs=9401.1519 d_grad_abs=368.3629 synth_eps=0.0612 synth_eps_raw=0.0612 synth_x0_x0_l1=0.3358 synth_x0_x0_abw=0.0320 synth_x0_gen_adv=6.9786 synth_x0_gen_fm=0.2379 synth_total=1.0557 extra_render_attn_share=0.5549
[images] real: anchor | cond1 | cond2 | inv_warp_mirror | mask | mask_inv | p2_pred_x0 | warp_img | warp_warp_img | x | y_hat | y_hat_novel -> /home/xzy/warpgan-diffusiong-inpainting/warpgan-diffusion-inpainting-main/experiments/train_inpainting_diffusion/[20260910-025204]_v18w1_struct_50k/logs/images/train/real_step0030500.png
[images] synth: cond | mask | pred_x0 | target | warp_img | x | y_hat_novel -> /home/xzy/warpgan-diffusiong-inpainting/warpgan-diffusion-inpainting-main/experiments/train_inpainting_diffusion/[20260910-025204]_v18w1_struct_50k/logs/images/train/synth_step0030500.png
[step 30550] real_p1_mirror_hole_cov=0.0747 real_p1_skipped=1.0000 real_p1_hole_frac=0.0911 real_p2_eps=0.0120 real_p2_x0_l1=0.3632 real_p2_x0_abw=0.0084 real_p2_gen_adv=7.1924 real_p2_gen_fm=0.2651 real_total=0.2993 discr_adv=2.8294 x0_discr_real_out=-0.0385 x0_discr_fake_out=-0.0619 x0_discr_real_gp=0.0429 p2_discr_real_out=-0.0292 p2_discr_fake_out=-0.0508 p2_discr_real_gp=0.0339 g_grad_abs=186.2438 d_grad_abs=1192.2846 synth_eps=0.1506 synth_eps_raw=0.1506 synth_x0_x0_l1=0.2882 synth_x0_x0_abw=0.0618 synth_x0_gen_adv=8.0121 synth_x0_gen_fm=0.2051 synth_total=1.9310 extra_render_attn_share=0.5549
[step 30600] real_p1_mirror_hole_cov=0.1335 real_p1_skipped=1.0000 real_p1_hole_frac=0.2745 real_p2_eps=0.2636 real_p2_x0_l1=0.2862 real_p2_x0_abw=0.1125 real_p2_gen_adv=8.2541 real_p2_gen_fm=0.2037 real_total=3.5154 discr_adv=2.6567 x0_discr_real_out=0.1264 x0_discr_fake_out=0.0055 x0_discr_real_gp=0.0045 p2_discr_real_out=-0.0416 p2_discr_fake_out=-0.2465 p2_discr_real_gp=0.0298 g_grad_abs=2406.4340 d_grad_abs=735.3140 synth_eps=0.8858 synth_eps_raw=0.8858 synth_x0_x0_l1=0.1064 synth_x0_x0_abw=0.6934 synth_x0_gen_adv=7.0668 synth_x0_gen_fm=0.0848 synth_total=11.7360 extra_render_attn_share=0.5549
[step 30650] real_p1_mirror_hole_cov=0.1364 real_p1_skipped=1.0000 real_p1_hole_frac=0.2505 real_p2_eps=0.7296 real_p2_x0_l1=0.1489 real_p2_x0_abw=0.5720 real_p2_gen_adv=6.6355 real_p2_gen_fm=0.1137 real_total=11.1144 discr_adv=2.7227 x0_discr_real_out=0.1194 x0_discr_fake_out=0.0551 x0_discr_real_gp=0.0051 p2_discr_real_out=0.1290 p2_discr_fake_out=0.0619 p2_discr_real_gp=0.0028 g_grad_abs=7592.4835 d_grad_abs=610.2752 synth_eps=0.0225 synth_eps_raw=0.0225 synth_x0_x0_l1=0.3458 synth_x0_x0_abw=0.0129 synth_x0_gen_adv=6.8313 synth_x0_gen_fm=0.2531 synth_total=0.4410 extra_render_attn_share=0.5549
[step 30700] real_p1_mirror_hole_cov=0.0054 real_p1_skipped=1.0000 real_p1_hole_frac=0.2183 real_p2_eps=0.0228 real_p2_x0_l1=0.3541 real_p2_x0_abw=0.0158 real_p2_gen_adv=7.5925 real_p2_gen_fm=0.2667 real_total=0.5713 discr_adv=2.7891 x0_discr_real_out=0.1164 x0_discr_fake_out=-0.2366 x0_discr_real_gp=0.0782 p2_discr_real_out=-0.0336 p2_discr_fake_out=-0.1265 p2_discr_real_gp=0.1431 g_grad_abs=296.2759 d_grad_abs=3801.5328 synth_eps=0.7819 synth_eps_raw=0.7819 synth_x0_x0_l1=0.1305 synth_x0_x0_abw=0.6885 synth_x0_gen_adv=6.7500 synth_x0_gen_fm=0.1042 synth_total=12.6926 extra_render_attn_share=0.5549
[step 30750] real_p1_mirror_hole_cov=0.0237 real_p1_skipped=1.0000 real_p1_hole_frac=0.3757 real_p2_eps=0.4952 real_p2_x0_l1=0.2470 real_p2_x0_abw=0.2341 real_p2_gen_adv=6.8229 real_p2_gen_fm=0.1583 real_total=5.8576 discr_adv=2.7656 x0_discr_real_out=0.0519 x0_discr_fake_out=0.0433 x0_discr_real_gp=0.0024 p2_discr_real_out=0.0492 p2_discr_fake_out=0.0237 p2_discr_real_gp=0.0029 g_grad_abs=4936.7129 d_grad_abs=276.2893 synth_eps=0.7267 synth_eps_raw=0.7267 synth_x0_x0_l1=0.2319 synth_x0_x0_abw=0.4374 synth_x0_gen_adv=6.7262 synth_x0_gen_fm=0.1469 synth_total=10.1960 extra_render_attn_share=0.5549
[step 30800] real_p1_mirror_hole_cov=0.0568 real_p1_skipped=1.0000 real_p1_hole_frac=0.2500 real_p2_eps=0.9297 real_p2_x0_l1=0.1073 real_p2_x0_abw=0.6639 real_p2_gen_adv=7.5526 real_p2_gen_fm=0.0821 real_total=11.4640 discr_adv=2.7621 x0_discr_real_out=0.0157 x0_discr_fake_out=-0.2209 x0_discr_real_gp=0.1116 p2_discr_real_out=0.0253 p2_discr_fake_out=-0.1187 p2_discr_real_gp=0.0568 g_grad_abs=16014.9498 d_grad_abs=853.3138 synth_eps=0.0143 synth_eps_raw=0.0143 synth_x0_x0_l1=0.3654 synth_x0_x0_abw=0.0104 synth_x0_gen_adv=6.9880 synth_x0_gen_fm=0.2584 synth_total=0.3595 extra_render_attn_share=0.5549
[step 30850] real_p1_mirror_hole_cov=0.1993 real_p1_skipped=1.0000 real_p1_hole_frac=0.3674 real_p2_eps=0.8587 real_p2_x0_l1=0.0675 real_p2_x0_abw=0.8880 real_p2_gen_adv=6.8131 real_p2_gen_fm=0.0427 real_total=10.7611 discr_adv=2.7725 x0_discr_real_out=-0.0715 x0_discr_fake_out=-0.0806 x0_discr_real_gp=0.0038 p2_discr_real_out=0.0378 p2_discr_fake_out=0.0246 p2_discr_real_gp=0.0028 g_grad_abs=6833.4132 d_grad_abs=140.1332 synth_eps=0.2377 synth_eps_raw=0.2377 synth_x0_x0_l1=0.2837 synth_x0_x0_abw=0.0960 synth_x0_gen_adv=7.4014 synth_x0_gen_fm=0.1887 synth_total=2.7865 extra_render_attn_share=0.5549
[step 30900] real_p1_mirror_hole_cov=0.1463 real_p1_skipped=1.0000 real_p1_hole_frac=0.1453 real_p2_eps=0.4420 real_p2_x0_l1=0.2062 real_p2_x0_abw=0.2003 real_p2_gen_adv=7.4248 real_p2_gen_fm=0.1572 real_total=5.1203 discr_adv=2.6544 x0_discr_real_out=0.0993 x0_discr_fake_out=-0.1993 x0_discr_real_gp=0.0486 p2_discr_real_out=0.0752 p2_discr_fake_out=-0.0947 p2_discr_real_gp=0.0547 g_grad_abs=4223.4934 d_grad_abs=516.0904 synth_eps=0.6481 synth_eps_raw=0.6481 synth_x0_x0_l1=0.0462 synth_x0_x0_abw=0.8905 synth_x0_gen_adv=6.8096 synth_x0_gen_fm=0.0266 synth_total=9.1204 extra_render_attn_share=0.5549
[step 30950] real_p1_mirror_hole_cov=0.0490 real_p1_skipped=1.0000 real_p1_hole_frac=0.1665 real_p2_eps=0.8582 real_p2_x0_l1=0.0568 real_p2_x0_abw=0.8527 real_p2_gen_adv=6.8125 real_p2_gen_fm=0.0383 real_total=9.9793 discr_adv=2.7607 x0_discr_real_out=-0.0003 x0_discr_fake_out=-0.0264 x0_discr_real_gp=0.0021 p2_discr_real_out=0.0342 p2_discr_fake_out=0.0248 p2_discr_real_gp=0.0022 g_grad_abs=6922.8107 d_grad_abs=111.6351 synth_eps=0.9231 synth_eps_raw=0.9231 synth_x0_x0_l1=0.0085 synth_x0_x0_abw=0.9974 synth_x0_gen_adv=6.9376 synth_x0_gen_fm=0.0016 synth_total=8.0126 extra_render_attn_share=0.5549
[step 31000] real_p1_mirror_hole_cov=0.2314 real_p1_skipped=1.0000 real_p1_hole_frac=0.3070 real_p2_eps=0.0286 real_p2_x0_l1=0.3485 real_p2_x0_abw=0.0152 real_p2_gen_adv=7.2538 real_p2_gen_fm=0.2352 real_total=0.5020 discr_adv=2.7047 x0_discr_real_out=0.0258 x0_discr_fake_out=-0.1107 x0_discr_real_gp=0.0104 p2_discr_real_out=-0.0166 p2_discr_fake_out=-0.0632 p2_discr_real_gp=0.0105 g_grad_abs=430.4474 d_grad_abs=167.7531 synth_eps=1.0345 synth_eps_raw=1.0345 synth_x0_x0_l1=0.1653 synth_x0_x0_abw=0.5955 synth_x0_gen_adv=7.1074 synth_x0_gen_fm=0.1136 synth_total=12.1300 extra_render_attn_share=0.5549
[images] real: anchor | cond1 | cond2 | inv_warp_mirror | mask | mask_inv | p2_pred_x0 | warp_img | warp_warp_img | x | y_hat | y_hat_novel -> /home/xzy/warpgan-diffusiong-inpainting/warpgan-diffusion-inpainting-main/experiments/train_inpainting_diffusion/[20260910-025204]_v18w1_struct_50k/logs/images/train/real_step0031000.png
[images] synth: cond | mask | pred_x0 | target | warp_img | x | y_hat_novel -> /home/xzy/warpgan-diffusiong-inpainting/warpgan-diffusion-inpainting-main/experiments/train_inpainting_diffusion/[20260910-025204]_v18w1_struct_50k/logs/images/train/synth_step0031000.png
[step 31050] real_p1_mirror_hole_cov=0.2876 real_p1_skipped=1.0000 real_p1_hole_frac=0.1557 real_p2_eps=0.0181 real_p2_x0_l1=0.3650 real_p2_x0_abw=0.0130 real_p2_gen_adv=7.0492 real_p2_gen_fm=0.2436 real_total=0.4316 discr_adv=2.7732 x0_discr_real_out=0.0285 x0_discr_fake_out=-0.0440 x0_discr_real_gp=0.0361 p2_discr_real_out=0.0361 p2_discr_fake_out=-0.0230 p2_discr_real_gp=0.0290 g_grad_abs=208.9694 d_grad_abs=301.1772 synth_eps=0.0784 synth_eps_raw=0.0784 synth_x0_x0_l1=0.3230 synth_x0_x0_abw=0.0353 synth_x0_gen_adv=7.1829 synth_x0_gen_fm=0.2192 synth_total=1.1165 extra_render_attn_share=0.5549
[step 31100] real_p1_mirror_hole_cov=0.0986 real_p1_skipped=1.0000 real_p1_hole_frac=0.4216 real_p2_eps=0.4820 real_p2_x0_l1=0.2470 real_p2_x0_abw=0.1841 real_p2_gen_adv=7.7699 real_p2_gen_fm=0.1633 real_total=4.9628 discr_adv=2.7278 x0_discr_real_out=0.0142 x0_discr_fake_out=-0.0528 x0_discr_real_gp=0.0316 p2_discr_real_out=0.0375 p2_discr_fake_out=-0.1592 p2_discr_real_gp=0.0498 g_grad_abs=3983.9905 d_grad_abs=460.3518 synth_eps=0.8632 synth_eps_raw=0.8632 synth_x0_x0_l1=0.1744 synth_x0_x0_abw=0.4618 synth_x0_gen_adv=7.3261 synth_x0_gen_fm=0.1154 synth_total=9.6555 extra_render_attn_share=0.5549
[step 31150] real_p1_mirror_hole_cov=0.0138 real_p1_skipped=1.0000 real_p1_hole_frac=0.1527 real_p2_eps=0.0466 real_p2_x0_l1=0.3389 real_p2_x0_abw=0.0229 real_p2_gen_adv=7.5946 real_p2_gen_fm=0.2502 real_total=0.7998 discr_adv=2.7663 x0_discr_real_out=0.0375 x0_discr_fake_out=-0.0964 x0_discr_real_gp=0.0181 p2_discr_real_out=-0.0576 p2_discr_fake_out=-0.1267 p2_discr_real_gp=0.0703 g_grad_abs=542.8639 d_grad_abs=1195.0934 synth_eps=0.8224 synth_eps_raw=0.8224 synth_x0_x0_l1=0.1736 synth_x0_x0_abw=0.5602 synth_x0_gen_adv=7.4860 synth_x0_gen_fm=0.1370 synth_total=12.7895 extra_render_attn_share=0.5549
[step 31200] real_p1_mirror_hole_cov=0.1417 real_p1_skipped=1.0000 real_p1_hole_frac=0.4608 real_p2_eps=0.5113 real_p2_x0_l1=0.2046 real_p2_x0_abw=0.1422 real_p2_gen_adv=6.9492 real_p2_gen_fm=0.1205 real_total=3.2422 discr_adv=2.7669 x0_discr_real_out=0.0151 x0_discr_fake_out=0.0091 x0_discr_real_gp=0.0006 p2_discr_real_out=0.0064 p2_discr_fake_out=-0.0031 p2_discr_real_gp=0.0007 g_grad_abs=3313.6266 d_grad_abs=104.1758 synth_eps=0.4201 synth_eps_raw=0.4201 synth_x0_x0_l1=0.2191 synth_x0_x0_abw=0.1187 synth_x0_gen_adv=6.9232 synth_x0_gen_fm=0.1314 synth_total=2.8275 extra_render_attn_share=0.5549
[step 31250] real_p1_mirror_hole_cov=0.2263 real_p1_skipped=1.0000 real_p1_hole_frac=0.3140 real_p2_eps=0.9802 real_p2_x0_l1=0.1433 real_p2_x0_abw=0.4229 real_p2_gen_adv=7.1534 real_p2_gen_fm=0.0865 real_total=7.7235 discr_adv=2.7536 x0_discr_real_out=-0.0022 x0_discr_fake_out=-0.0010 x0_discr_real_gp=0.0014 p2_discr_real_out=0.0035 p2_discr_fake_out=-0.0436 p2_discr_real_gp=0.0018 g_grad_abs=11196.1456 d_grad_abs=77.7250 synth_eps=0.0173 synth_eps_raw=0.0173 synth_x0_x0_l1=0.3482 synth_x0_x0_abw=0.0121 synth_x0_gen_adv=6.9578 synth_x0_gen_fm=0.2185 synth_total=0.3698 extra_render_attn_share=0.5549
[step 31300] real_p1_mirror_hole_cov=0.0385 real_p1_skipped=1.0000 real_p1_hole_frac=0.0785 real_p2_eps=0.6253 real_p2_x0_l1=0.1786 real_p2_x0_abw=0.2116 real_p2_gen_adv=7.3851 real_p2_gen_fm=0.1072 real_total=4.4953 discr_adv=2.7235 x0_discr_real_out=0.0205 x0_discr_fake_out=-0.0083 x0_discr_real_gp=0.0058 p2_discr_real_out=0.0126 p2_discr_fake_out=-0.0879 p2_discr_real_gp=0.0079 g_grad_abs=3765.4895 d_grad_abs=119.8817 synth_eps=0.0474 synth_eps_raw=0.0474 synth_x0_x0_l1=0.3196 synth_x0_x0_abw=0.0229 synth_x0_gen_adv=6.9521 synth_x0_gen_fm=0.2017 synth_total=0.6746 extra_render_attn_share=0.5549
[step 31350] real_p1_mirror_hole_cov=0.1084 real_p1_skipped=1.0000 real_p1_hole_frac=0.1434 real_p2_eps=0.9711 real_p2_x0_l1=0.1264 real_p2_x0_abw=0.5082 real_p2_gen_adv=6.9191 real_p2_gen_fm=0.0845 real_total=8.8440 discr_adv=2.7583 x0_discr_real_out=0.0565 x0_discr_fake_out=0.0711 x0_discr_real_gp=0.0272 p2_discr_real_out=0.1412 p2_discr_fake_out=0.0029 p2_discr_real_gp=0.0152 g_grad_abs=6911.4128 d_grad_abs=239.5371 synth_eps=1.0644 synth_eps_raw=1.0644 synth_x0_x0_l1=0.1630 synth_x0_x0_abw=0.4865 synth_x0_gen_adv=7.5532 synth_x0_gen_fm=0.1013 synth_total=9.7452 extra_render_attn_share=0.5549
[step 31400] real_p1_mirror_hole_cov=0.2039 real_p1_skipped=1.0000 real_p1_hole_frac=0.3314 real_p2_eps=0.9240 real_p2_x0_l1=0.0606 real_p2_x0_abw=0.8193 real_p2_gen_adv=6.8313 real_p2_gen_fm=0.0415 real_total=9.9743 discr_adv=2.7786 x0_discr_real_out=0.0684 x0_discr_fake_out=0.0103 x0_discr_real_gp=0.0289 p2_discr_real_out=0.0604 p2_discr_fake_out=0.0205 p2_discr_real_gp=0.0240 g_grad_abs=10237.7116 d_grad_abs=176.8431 synth_eps=0.7753 synth_eps_raw=0.7753 synth_x0_x0_l1=0.0197 synth_x0_x0_abw=0.9859 synth_x0_gen_adv=6.7178 synth_x0_gen_fm=0.0071 synth_total=8.1191 extra_render_attn_share=0.5549
[step 31450] real_p1_mirror_hole_cov=0.0137 real_p1_skipped=1.0000 real_p1_hole_frac=0.0585 real_p2_eps=0.7871 real_p2_x0_l1=0.1896 real_p2_x0_abw=0.3236 real_p2_gen_adv=8.0821 real_p2_gen_fm=0.1162 real_total=7.2252 discr_adv=2.6063 x0_discr_real_out=0.0696 x0_discr_fake_out=-0.1313 x0_discr_real_gp=0.0184 p2_discr_real_out=0.0379 p2_discr_fake_out=-0.2170 p2_discr_real_gp=0.0328 g_grad_abs=6059.8683 d_grad_abs=348.3694 synth_eps=0.0944 synth_eps_raw=0.0944 synth_x0_x0_l1=0.3134 synth_x0_x0_abw=0.0375 synth_x0_gen_adv=7.0440 synth_x0_gen_fm=0.1997 synth_total=1.1198 extra_render_attn_share=0.5549
[step 31500] real_p1_mirror_hole_cov=0.0066 real_p1_skipped=1.0000 real_p1_hole_frac=0.2490 real_p2_eps=1.0394 real_p2_x0_l1=0.1113 real_p2_x0_abw=0.6656 real_p2_gen_adv=7.4266 real_p2_gen_fm=0.0737 real_total=10.9650 discr_adv=2.6656 x0_discr_real_out=0.0449 x0_discr_fake_out=-0.1140 x0_discr_real_gp=0.0148 p2_discr_real_out=0.0344 p2_discr_fake_out=-0.0963 p2_discr_real_gp=0.0190 g_grad_abs=10198.5180 d_grad_abs=346.6862 synth_eps=0.1195 synth_eps_raw=0.1195 synth_x0_x0_l1=0.2932 synth_x0_x0_abw=0.0453 synth_x0_gen_adv=7.9420 synth_x0_gen_fm=0.1891 synth_total=1.3503 extra_render_attn_share=0.5549
[images] real: anchor | cond1 | cond2 | inv_warp_mirror | mask | mask_inv | p2_pred_x0 | warp_img | warp_warp_img | x | y_hat | y_hat_novel -> /home/xzy/warpgan-diffusiong-inpainting/warpgan-diffusion-inpainting-main/experiments/train_inpainting_diffusion/[20260910-025204]_v18w1_struct_50k/logs/images/train/real_step0031500.png
[images] synth: cond | mask | pred_x0 | target | warp_img | x | y_hat_novel -> /home/xzy/warpgan-diffusiong-inpainting/warpgan-diffusion-inpainting-main/experiments/train_inpainting_diffusion/[20260910-025204]_v18w1_struct_50k/logs/images/train/synth_step0031500.png
[step 31550] real_p1_mirror_hole_cov=0.0181 real_p1_skipped=1.0000 real_p1_hole_frac=0.1141 real_p2_eps=0.6858 real_p2_x0_l1=0.0615 real_p2_x0_abw=0.8621 real_p2_gen_adv=6.8572 real_p2_gen_fm=0.0433 real_total=10.3859 discr_adv=2.7299 x0_discr_real_out=0.0551 x0_discr_fake_out=-0.0419 x0_discr_real_gp=0.0092 p2_discr_real_out=0.0402 p2_discr_fake_out=0.0156 p2_discr_real_gp=0.0071 g_grad_abs=7997.7870 d_grad_abs=302.7763 synth_eps=0.6220 synth_eps_raw=0.6220 synth_x0_x0_l1=0.2200 synth_x0_x0_abw=0.2453 synth_x0_gen_adv=7.4786 synth_x0_gen_fm=0.1378 synth_total=5.8900 extra_render_attn_share=0.5549
[step 31600] real_p1_mirror_hole_cov=0.0564 real_p1_skipped=1.0000 real_p1_hole_frac=0.0452 real_p2_eps=0.0444 real_p2_x0_l1=0.3231 real_p2_x0_abw=0.0240 real_p2_gen_adv=7.1563 real_p2_gen_fm=0.2076 real_total=0.7214 discr_adv=2.7180 x0_discr_real_out=0.0338 x0_discr_fake_out=-0.0724 x0_discr_real_gp=0.0110 p2_discr_real_out=-0.0024 p2_discr_fake_out=-0.0441 p2_discr_real_gp=0.0063 g_grad_abs=449.8784 d_grad_abs=170.1922 synth_eps=0.6544 synth_eps_raw=0.6544 synth_x0_x0_l1=0.2263 synth_x0_x0_abw=0.1959 synth_x0_gen_adv=7.5778 synth_x0_gen_fm=0.1389 synth_total=4.9039 extra_render_attn_share=0.5549
[step 31650] real_p1_mirror_hole_cov=0.3148 real_p1_skipped=1.0000 real_p1_hole_frac=0.5618 real_p2_eps=0.0271 real_p2_x0_l1=0.3428 real_p2_x0_abw=0.0190 real_p2_gen_adv=7.0275 real_p2_gen_fm=0.2222 real_total=0.5891 discr_adv=2.7369 x0_discr_real_out=0.0550 x0_discr_fake_out=-0.1636 x0_discr_real_gp=0.0399 p2_discr_real_out=-0.0036 p2_discr_fake_out=-0.0183 p2_discr_real_gp=0.0360 g_grad_abs=436.6580 d_grad_abs=290.4825 synth_eps=0.9990 synth_eps_raw=0.9990 synth_x0_x0_l1=0.0957 synth_x0_x0_abw=0.6771 synth_x0_gen_adv=7.0938 synth_x0_gen_fm=0.0647 synth_total=10.2496 extra_render_attn_share=0.5549
[step 31700] real_p1_mirror_hole_cov=0.0683 real_p1_skipped=1.0000 real_p1_hole_frac=0.3760 real_p2_eps=0.2990 real_p2_x0_l1=0.2662 real_p2_x0_abw=0.1211 real_p2_gen_adv=7.7729 real_p2_gen_fm=0.1821 real_total=3.4767 discr_adv=2.5593 x0_discr_real_out=0.1049 x0_discr_fake_out=-0.1984 x0_discr_real_gp=0.0257 p2_discr_real_out=0.0959 p2_discr_fake_out=-0.1598 p2_discr_real_gp=0.0267 g_grad_abs=2977.9672 d_grad_abs=1163.2082 synth_eps=0.7537 synth_eps_raw=0.7537 synth_x0_x0_l1=0.0537 synth_x0_x0_abw=0.8661 synth_x0_gen_adv=6.4550 synth_x0_gen_fm=0.0390 synth_total=9.7651 extra_render_attn_share=0.5549
[step 31750] real_p1_mirror_hole_cov=0.1407 real_p1_skipped=1.0000 real_p1_hole_frac=0.6257 real_p2_eps=0.7615 real_p2_x0_l1=0.1785 real_p2_x0_abw=0.3975 real_p2_gen_adv=6.7961 real_p2_gen_fm=0.1256 real_total=8.5275 discr_adv=2.6982 x0_discr_real_out=0.1906 x0_discr_fake_out=0.0596 x0_discr_real_gp=0.0344 p2_discr_real_out=0.1895 p2_discr_fake_out=0.0287 p2_discr_real_gp=0.0256 g_grad_abs=5693.8778 d_grad_abs=460.0797 synth_eps=0.4747 synth_eps_raw=0.4747 synth_x0_x0_l1=0.2408 synth_x0_x0_abw=0.1970 synth_x0_gen_adv=7.0371 synth_x0_gen_fm=0.1556 synth_total=4.9747 extra_render_attn_share=0.5549
[step 31800] real_p1_mirror_hole_cov=0.1216 real_p1_skipped=1.0000 real_p1_hole_frac=0.0234 real_p2_eps=0.1928 real_p2_x0_l1=0.2754 real_p2_x0_abw=0.0668 real_p2_gen_adv=8.1715 real_p2_gen_fm=0.1850 real_total=1.9936 discr_adv=2.6931 x0_discr_real_out=-0.0260 x0_discr_fake_out=-0.1426 x0_discr_real_gp=0.0092 p2_discr_real_out=-0.1267 p2_discr_fake_out=-0.2335 p2_discr_real_gp=0.0091 g_grad_abs=1543.6685 d_grad_abs=468.0743 synth_eps=0.0896 synth_eps_raw=0.0896 synth_x0_x0_l1=0.3049 synth_x0_x0_abw=0.0382 synth_x0_gen_adv=7.9270 synth_x0_gen_fm=0.1991 synth_total=1.1641 extra_render_attn_share=0.5549
[step 31850] real_p1_mirror_hole_cov=0.0238 real_p1_skipped=1.0000 real_p1_hole_frac=0.1423 real_p2_eps=0.0035 real_p2_x0_l1=0.3810 real_p2_x0_abw=0.0048 real_p2_gen_adv=6.9833 real_p2_gen_fm=0.2588 real_total=0.1622 discr_adv=2.7999 x0_discr_real_out=0.0344 x0_discr_fake_out=-0.1768 x0_discr_real_gp=0.0346 p2_discr_real_out=-0.0141 p2_discr_fake_out=-0.0094 p2_discr_real_gp=0.0893 g_grad_abs=130.3021 d_grad_abs=1671.6010 synth_eps=0.7524 synth_eps_raw=0.7524 synth_x0_x0_l1=0.0957 synth_x0_x0_abw=0.6689 synth_x0_gen_adv=7.0136 synth_x0_gen_fm=0.0745 synth_total=10.4888 extra_render_attn_share=0.5549
[step 31900] real_p1_mirror_hole_cov=0.2188 real_p1_skipped=1.0000 real_p1_hole_frac=0.4203 real_p2_eps=0.1681 real_p2_x0_l1=0.2774 real_p2_x0_abw=0.0557 real_p2_gen_adv=6.9869 real_p2_gen_fm=0.1720 real_total=1.5311 discr_adv=2.7554 x0_discr_real_out=-0.0066 x0_discr_fake_out=-0.0263 x0_discr_real_gp=0.0023 p2_discr_real_out=0.0115 p2_discr_fake_out=-0.0108 p2_discr_real_gp=0.0009 g_grad_abs=1081.8965 d_grad_abs=74.0127 synth_eps=0.5270 synth_eps_raw=0.5270 synth_x0_x0_l1=0.2344 synth_x0_x0_abw=0.1550 synth_x0_gen_adv=7.0672 synth_x0_gen_fm=0.1414 synth_total=3.8507 extra_render_attn_share=0.5549
[step 31950] real_p1_mirror_hole_cov=0.1462 real_p1_skipped=1.0000 real_p1_hole_frac=0.2479 real_p2_eps=0.1666 real_p2_x0_l1=0.2748 real_p2_x0_abw=0.0589 real_p2_gen_adv=7.1619 real_p2_gen_fm=0.1705 real_total=1.6094 discr_adv=2.7092 x0_discr_real_out=0.0506 x0_discr_fake_out=-0.0442 x0_discr_real_gp=0.0032 p2_discr_real_out=0.0037 p2_discr_fake_out=-0.0454 p2_discr_real_gp=0.0042 g_grad_abs=1298.3465 d_grad_abs=141.0638 synth_eps=0.6803 synth_eps_raw=0.6803 synth_x0_x0_l1=0.2005 synth_x0_x0_abw=0.2139 synth_x0_gen_adv=7.3131 synth_x0_gen_fm=0.1197 synth_total=4.8490 extra_render_attn_share=0.5549
[val step 31999] val_novel_full=0.2820 val_novel_hole=0.2671 val_novel_visible=0.2884
[step 32000] real_p1_mirror_hole_cov=0.0152 real_p1_skipped=1.0000 real_p1_hole_frac=0.1853 real_p2_eps=0.1391 real_p2_x0_l1=0.2850 real_p2_x0_abw=0.0522 real_p2_gen_adv=7.1732 real_p2_gen_fm=0.1799 real_total=1.4680 discr_adv=2.6539 x0_discr_real_out=0.1140 x0_discr_fake_out=-0.1171 x0_discr_real_gp=0.0174 p2_discr_real_out=0.0457 p2_discr_fake_out=-0.0472 p2_discr_real_gp=0.0204 g_grad_abs=817.5452 d_grad_abs=199.4053 synth_eps=0.8968 synth_eps_raw=0.8968 synth_x0_x0_l1=0.0602 synth_x0_x0_abw=0.8778 synth_x0_gen_adv=6.8879 synth_x0_gen_fm=0.0386 synth_total=10.3865 extra_render_attn_share=0.5526
[images] real: anchor | cond1 | cond2 | inv_warp_mirror | mask | mask_inv | p2_pred_x0 | warp_img | warp_warp_img | x | y_hat | y_hat_novel -> /home/xzy/warpgan-diffusiong-inpainting/warpgan-diffusion-inpainting-main/experiments/train_inpainting_diffusion/[20260910-025204]_v18w1_struct_50k/logs/images/train/real_step0032000.png
[images] synth: cond | mask | pred_x0 | target | warp_img | x | y_hat_novel -> /home/xzy/warpgan-diffusiong-inpainting/warpgan-diffusion-inpainting-main/experiments/train_inpainting_diffusion/[20260910-025204]_v18w1_struct_50k/logs/images/train/synth_step0032000.png
[step 32050] real_p1_mirror_hole_cov=0.2031 real_p1_skipped=1.0000 real_p1_hole_frac=0.6193 real_p2_eps=1.0682 real_p2_x0_l1=0.1429 real_p2_x0_abw=0.6039 real_p2_gen_adv=7.1312 real_p2_gen_fm=0.0913 real_total=10.9768 discr_adv=2.6161 x0_discr_real_out=0.1452 x0_discr_fake_out=-0.0780 x0_discr_real_gp=0.0204 p2_discr_real_out=0.1468 p2_discr_fake_out=-0.0389 p2_discr_real_gp=0.0196 g_grad_abs=7121.5787 d_grad_abs=341.6088 synth_eps=1.0198 synth_eps_raw=1.0198 synth_x0_x0_l1=0.1500 synth_x0_x0_abw=0.4982 synth_x0_gen_adv=7.4097 synth_x0_gen_fm=0.0893 synth_total=9.2319 extra_render_attn_share=0.5526
[step 32100] real_p1_mirror_hole_cov=0.0381 real_p1_skipped=1.0000 real_p1_hole_frac=0.1093 real_p2_eps=0.0508 real_p2_x0_l1=0.3267 real_p2_x0_abw=0.0284 real_p2_gen_adv=7.2018 real_p2_gen_fm=0.2123 real_total=0.8672 discr_adv=2.7138 x0_discr_real_out=0.1070 x0_discr_fake_out=-0.0899 x0_discr_real_gp=0.0318 p2_discr_real_out=0.0127 p2_discr_fake_out=-0.0527 p2_discr_real_gp=0.0363 g_grad_abs=558.7517 d_grad_abs=225.2252 synth_eps=0.4240 synth_eps_raw=0.4240 synth_x0_x0_l1=0.2356 synth_x0_x0_abw=0.1647 synth_x0_gen_adv=7.9030 synth_x0_gen_fm=0.1549 synth_total=4.3150 extra_render_attn_share=0.5526
[step 32150] real_p1_mirror_hole_cov=0.0525 real_p1_skipped=1.0000 real_p1_hole_frac=0.1741 real_p2_eps=1.0161 real_p2_x0_l1=0.1656 real_p2_x0_abw=0.5366 real_p2_gen_adv=6.7328 real_p2_gen_fm=0.1028 real_total=10.2325 discr_adv=2.6502 x0_discr_real_out=0.1118 x0_discr_fake_out=-0.0483 x0_discr_real_gp=0.0219 p2_discr_real_out=0.2096 p2_discr_fake_out=0.0407 p2_discr_real_gp=0.0112 g_grad_abs=6219.6471 d_grad_abs=550.4791 synth_eps=0.1939 synth_eps_raw=0.1939 synth_x0_x0_l1=0.2757 synth_x0_x0_abw=0.0766 synth_x0_gen_adv=7.2292 synth_x0_gen_fm=0.1790 synth_total=2.1407 extra_render_attn_share=0.5526
[step 32200] real_p1_mirror_hole_cov=0.0551 real_p1_skipped=1.0000 real_p1_hole_frac=0.4910 real_p2_eps=0.2982 real_p2_x0_l1=0.2643 real_p2_x0_abw=0.0967 real_p2_gen_adv=7.5965 real_p2_gen_fm=0.1703 real_total=2.7041 discr_adv=2.6942 x0_discr_real_out=0.0463 x0_discr_fake_out=-0.0580 x0_discr_real_gp=0.0392 p2_discr_real_out=0.0784 p2_discr_fake_out=-0.1281 p2_discr_real_gp=0.0331 g_grad_abs=1766.5401 d_grad_abs=221.1270 synth_eps=0.3629 synth_eps_raw=0.3629 synth_x0_x0_l1=0.2550 synth_x0_x0_abw=0.1219 synth_x0_gen_adv=7.5455 synth_x0_gen_fm=0.1631 synth_total=3.3010 extra_render_attn_share=0.5526
[step 32250] real_p1_mirror_hole_cov=0.2319 real_p1_skipped=1.0000 real_p1_hole_frac=0.4702 real_p2_eps=0.9067 real_p2_x0_l1=0.1404 real_p2_x0_abw=0.7812 real_p2_gen_adv=6.2817 real_p2_gen_fm=0.0916 real_total=13.0817 discr_adv=2.7798 x0_discr_real_out=0.0284 x0_discr_fake_out=0.0283 x0_discr_real_gp=0.0070 p2_discr_real_out=0.1652 p2_discr_fake_out=0.1365 p2_discr_real_gp=0.0069 g_grad_abs=17635.1372 d_grad_abs=271.4989 synth_eps=0.5899 synth_eps_raw=0.5899 synth_x0_x0_l1=0.0281 synth_x0_x0_abw=0.9526 synth_x0_gen_adv=6.9220 synth_x0_gen_fm=0.0120 synth_total=8.3538 extra_render_attn_share=0.5526
[step 32300] real_p1_mirror_hole_cov=0.0099 real_p1_skipped=1.0000 real_p1_hole_frac=0.1474 real_p2_eps=0.1684 real_p2_x0_l1=0.2789 real_p2_x0_abw=0.0727 real_p2_gen_adv=8.5240 real_p2_gen_fm=0.1891 real_total=2.1828 discr_adv=3.1148 x0_discr_real_out=-0.0075 x0_discr_fake_out=-0.1614 x0_discr_real_gp=0.1434 p2_discr_real_out=-0.0428 p2_discr_fake_out=-0.2932 p2_discr_real_gp=0.3815 g_grad_abs=1255.2088 d_grad_abs=10521.4927 synth_eps=0.3208 synth_eps_raw=0.3208 synth_x0_x0_l1=0.2666 synth_x0_x0_abw=0.1386 synth_x0_gen_adv=7.7148 synth_x0_gen_fm=0.1732 synth_total=3.8282 extra_render_attn_share=0.5526
[step 32350] real_p1_mirror_hole_cov=0.0568 real_p1_skipped=1.0000 real_p1_hole_frac=0.4263 real_p2_eps=1.1318 real_p2_x0_l1=0.1335 real_p2_x0_abw=0.7207 real_p2_gen_adv=6.6254 real_p2_gen_fm=0.0846 real_total=12.0990 discr_adv=2.6842 x0_discr_real_out=0.1184 x0_discr_fake_out=-0.0097 x0_discr_real_gp=0.0271 p2_discr_real_out=0.2009 p2_discr_fake_out=0.0639 p2_discr_real_gp=0.0066 g_grad_abs=8828.6311 d_grad_abs=337.6644 synth_eps=0.9448 synth_eps_raw=0.9448 synth_x0_x0_l1=0.0891 synth_x0_x0_abw=0.6885 synth_x0_gen_adv=7.1938 synth_x0_gen_fm=0.0678 synth_total=10.6251 extra_render_attn_share=0.5526
[step 32400] real_p1_mirror_hole_cov=0.1419 real_p1_skipped=1.0000 real_p1_hole_frac=0.5982 real_p2_eps=0.8902 real_p2_x0_l1=0.1491 real_p2_x0_abw=0.4684 real_p2_gen_adv=7.5297 real_p2_gen_fm=0.0984 real_total=9.0947 discr_adv=2.7483 x0_discr_real_out=-0.0428 x0_discr_fake_out=-0.0460 x0_discr_real_gp=0.0176 p2_discr_real_out=0.0330 p2_discr_fake_out=-0.1152 p2_discr_real_gp=0.0299 g_grad_abs=5823.0901 d_grad_abs=200.3046 synth_eps=0.5769 synth_eps_raw=0.5769 synth_x0_x0_l1=0.2328 synth_x0_x0_abw=0.2269 synth_x0_gen_adv=8.0209 synth_x0_gen_fm=0.1426 synth_total=5.6844 extra_render_attn_share=0.5526
[step 32450] real_p1_mirror_hole_cov=0.0651 real_p1_skipped=1.0000 real_p1_hole_frac=0.0560 real_p2_eps=0.8296 real_p2_x0_l1=0.1723 real_p2_x0_abw=0.4520 real_p2_gen_adv=8.0924 real_p2_gen_fm=0.1237 real_total=10.1556 discr_adv=2.5954 x0_discr_real_out=0.1247 x0_discr_fake_out=-0.0914 x0_discr_real_gp=0.0216 p2_discr_real_out=0.1003 p2_discr_fake_out=-0.2164 p2_discr_real_gp=0.0528 g_grad_abs=9268.8684 d_grad_abs=733.7780 synth_eps=0.0287 synth_eps_raw=0.0287 synth_x0_x0_l1=0.3413 synth_x0_x0_abw=0.0151 synth_x0_gen_adv=7.3598 synth_x0_gen_fm=0.2345 synth_total=0.4978 extra_render_attn_share=0.5526
[step 32500] real_p1_mirror_hole_cov=0.0398 real_p1_skipped=1.0000 real_p1_hole_frac=0.2681 real_p2_eps=0.7937 real_p2_x0_l1=0.0562 real_p2_x0_abw=0.8854 real_p2_gen_adv=6.9048 real_p2_gen_fm=0.0376 real_total=10.2841 discr_adv=2.6649 x0_discr_real_out=0.0959 x0_discr_fake_out=-0.1672 x0_discr_real_gp=0.0126 p2_discr_real_out=0.0241 p2_discr_fake_out=0.0061 p2_discr_real_gp=0.0130 g_grad_abs=10942.1332 d_grad_abs=558.4715 synth_eps=0.4133 synth_eps_raw=0.4133 synth_x0_x0_l1=0.2332 synth_x0_x0_abw=0.2014 synth_x0_gen_adv=9.2164 synth_x0_gen_fm=0.1646 synth_total=5.6318 extra_render_attn_share=0.5526
[images] real: anchor | cond1 | cond2 | inv_warp_mirror | mask | mask_inv | p2_pred_x0 | warp_img | warp_warp_img | x | y_hat | y_hat_novel -> /home/xzy/warpgan-diffusiong-inpainting/warpgan-diffusion-inpainting-main/experiments/train_inpainting_diffusion/[20260910-025204]_v18w1_struct_50k/logs/images/train/real_step0032500.png
[images] synth: cond | mask | pred_x0 | target | warp_img | x | y_hat_novel -> /home/xzy/warpgan-diffusiong-inpainting/warpgan-diffusion-inpainting-main/experiments/train_inpainting_diffusion/[20260910-025204]_v18w1_struct_50k/logs/images/train/synth_step0032500.png
[step 32550] real_p1_mirror_hole_cov=0.0178 real_p1_skipped=1.0000 real_p1_hole_frac=0.3976 real_p2_eps=0.7790 real_p2_x0_l1=0.0933 real_p2_x0_abw=0.8034 real_p2_gen_adv=6.7528 real_p2_gen_fm=0.0706 real_total=11.9523 discr_adv=2.7596 x0_discr_real_out=0.0264 x0_discr_fake_out=0.0165 x0_discr_real_gp=0.0085 p2_discr_real_out=0.1119 p2_discr_fake_out=0.0373 p2_discr_real_gp=0.0168 g_grad_abs=9366.6603 d_grad_abs=171.8083 synth_eps=0.9074 synth_eps_raw=0.9074 synth_x0_x0_l1=0.1467 synth_x0_x0_abw=0.6557 synth_x0_gen_adv=6.5506 synth_x0_gen_fm=0.1045 synth_total=12.1535 extra_render_attn_share=0.5526
[step 32600] real_p1_mirror_hole_cov=0.1803 real_p1_skipped=1.0000 real_p1_hole_frac=0.3373 real_p2_eps=0.0951 real_p2_x0_l1=0.2970 real_p2_x0_abw=0.0420 real_p2_gen_adv=6.8948 real_p2_gen_fm=0.2058 real_total=1.2613 discr_adv=2.7064 x0_discr_real_out=0.1110 x0_discr_fake_out=-0.0224 x0_discr_real_gp=0.0149 p2_discr_real_out=0.0795 p2_discr_fake_out=0.0093 p2_discr_real_gp=0.0150 g_grad_abs=648.3863 d_grad_abs=1127.6858 synth_eps=0.6817 synth_eps_raw=0.6817 synth_x0_x0_l1=0.0584 synth_x0_x0_abw=0.9016 synth_x0_gen_adv=6.6540 synth_x0_gen_fm=0.0355 synth_total=9.9311 extra_render_attn_share=0.5526
[step 32650] real_p1_mirror_hole_cov=0.0036 real_p1_skipped=1.0000 real_p1_hole_frac=0.1754 real_p2_eps=0.8690 real_p2_x0_l1=0.1687 real_p2_x0_abw=0.3897 real_p2_gen_adv=7.3880 real_p2_gen_fm=0.1059 real_total=7.9412 discr_adv=2.6639 x0_discr_real_out=0.0336 x0_discr_fake_out=-0.0967 x0_discr_real_gp=0.0098 p2_discr_real_out=0.0509 p2_discr_fake_out=-0.0866 p2_discr_real_gp=0.0093 g_grad_abs=5839.0263 d_grad_abs=424.2442 synth_eps=1.0659 synth_eps_raw=1.0659 synth_x0_x0_l1=0.1048 synth_x0_x0_abw=0.7645 synth_x0_gen_adv=7.0918 synth_x0_gen_fm=0.0737 synth_total=12.2033 extra_render_attn_share=0.5526
[step 32700] real_p1_mirror_hole_cov=0.0306 real_p1_skipped=1.0000 real_p1_hole_frac=0.4561 real_p2_eps=0.7543 real_p2_x0_l1=0.0731 real_p2_x0_abw=0.8404 real_p2_gen_adv=6.5484 real_p2_gen_fm=0.0511 real_total=10.6096 discr_adv=2.6840 x0_discr_real_out=0.0606 x0_discr_fake_out=-0.1919 x0_discr_real_gp=0.0293 p2_discr_real_out=0.1097 p2_discr_fake_out=0.0803 p2_discr_real_gp=0.0116 g_grad_abs=10811.9953 d_grad_abs=427.3535 synth_eps=0.0803 synth_eps_raw=0.0803 synth_x0_x0_l1=0.3187 synth_x0_x0_abw=0.0395 synth_x0_gen_adv=7.1684 synth_x0_gen_fm=0.2165 synth_total=1.2324 extra_render_attn_share=0.5526
[step 32750] real_p1_mirror_hole_cov=0.2396 real_p1_skipped=1.0000 real_p1_hole_frac=0.1492 real_p2_eps=0.3800 real_p2_x0_l1=0.2332 real_p2_x0_abw=0.1959 real_p2_gen_adv=7.5081 real_p2_gen_fm=0.1701 real_total=5.2287 discr_adv=2.7978 x0_discr_real_out=0.1000 x0_discr_fake_out=0.0962 x0_discr_real_gp=0.0145 p2_discr_real_out=0.0703 p2_discr_fake_out=-0.1080 p2_discr_real_gp=0.0873 g_grad_abs=3251.4041 d_grad_abs=1472.4215 synth_eps=0.9657 synth_eps_raw=0.9657 synth_x0_x0_l1=0.1443 synth_x0_x0_abw=0.6656 synth_x0_gen_adv=6.2471 synth_x0_gen_fm=0.1104 synth_total=12.5669 extra_render_attn_share=0.5526
[step 32800] real_p1_mirror_hole_cov=0.0496 real_p1_skipped=1.0000 real_p1_hole_frac=0.3359 real_p2_eps=1.0208 real_p2_x0_l1=0.1349 real_p2_x0_abw=0.6982 real_p2_gen_adv=7.1257 real_p2_gen_fm=0.0917 real_total=12.4930 discr_adv=2.7530 x0_discr_real_out=-0.0911 x0_discr_fake_out=-0.1084 x0_discr_real_gp=0.0238 p2_discr_real_out=0.0557 p2_discr_fake_out=-0.0369 p2_discr_real_gp=0.0054 g_grad_abs=8756.8813 d_grad_abs=320.1824 synth_eps=0.7876 synth_eps_raw=0.7876 synth_x0_x0_l1=0.1045 synth_x0_x0_abw=0.6324 synth_x0_gen_adv=7.5295 synth_x0_gen_fm=0.0781 synth_total=10.5560 extra_render_attn_share=0.5526
[step 32850] real_p1_mirror_hole_cov=0.1474 real_p1_skipped=1.0000 real_p1_hole_frac=0.2090 real_p2_eps=0.8311 real_p2_x0_l1=0.0717 real_p2_x0_abw=0.7521 real_p2_gen_adv=7.3271 real_p2_gen_fm=0.0566 real_total=10.6553 discr_adv=2.7329 x0_discr_real_out=0.0045 x0_discr_fake_out=-0.1675 x0_discr_real_gp=0.0386 p2_discr_real_out=-0.0359 p2_discr_fake_out=-0.0762 p2_discr_real_gp=0.0168 g_grad_abs=8484.4856 d_grad_abs=463.9024 synth_eps=0.7056 synth_eps_raw=0.7056 synth_x0_x0_l1=0.2182 synth_x0_x0_abw=0.3500 synth_x0_gen_adv=7.2890 synth_x0_gen_fm=0.1447 synth_total=8.3972 extra_render_attn_share=0.5526
[step 32900] real_p1_mirror_hole_cov=0.1055 real_p1_skipped=1.0000 real_p1_hole_frac=0.2375 real_p2_eps=0.6886 real_p2_x0_l1=0.0282 real_p2_x0_abw=0.9473 real_p2_gen_adv=7.1361 real_p2_gen_fm=0.0166 real_total=9.0483 discr_adv=2.7854 x0_discr_real_out=0.0102 x0_discr_fake_out=-0.0019 x0_discr_real_gp=0.0090 p2_discr_real_out=-0.0412 p2_discr_fake_out=-0.0396 p2_discr_real_gp=0.0056 g_grad_abs=5159.0858 d_grad_abs=233.4690 synth_eps=0.4050 synth_eps_raw=0.4050 synth_x0_x0_l1=0.2672 synth_x0_x0_abw=0.1541 synth_x0_gen_adv=7.6630 synth_x0_gen_fm=0.1736 synth_total=4.3028 extra_render_attn_share=0.5526
[step 32950] real_p1_mirror_hole_cov=0.2078 real_p1_skipped=1.0000 real_p1_hole_frac=0.3539 real_p2_eps=0.6801 real_p2_x0_l1=0.1938 real_p2_x0_abw=0.3651 real_p2_gen_adv=7.3862 real_p2_gen_fm=0.1333 real_total=8.3130 discr_adv=2.6220 x0_discr_real_out=0.0985 x0_discr_fake_out=-0.0810 x0_discr_real_gp=0.0161 p2_discr_real_out=0.1141 p2_discr_fake_out=-0.0875 p2_discr_real_gp=0.0165 g_grad_abs=6095.6754 d_grad_abs=703.3314 synth_eps=0.6828 synth_eps_raw=0.6828 synth_x0_x0_l1=0.1862 synth_x0_x0_abw=0.3590 synth_x0_gen_adv=7.1851 synth_x0_gen_fm=0.1273 synth_total=7.8991 extra_render_attn_share=0.5526
[step 33000] real_p1_mirror_hole_cov=0.0606 real_p1_skipped=1.0000 real_p1_hole_frac=0.4387 real_p2_eps=0.7021 real_p2_x0_l1=0.1956 real_p2_x0_abw=0.5132 real_p2_gen_adv=6.4183 real_p2_gen_fm=0.1351 real_total=11.0307 discr_adv=2.7436 x0_discr_real_out=0.0981 x0_discr_fake_out=0.0506 x0_discr_real_gp=0.0124 p2_discr_real_out=0.1832 p2_discr_fake_out=0.1108 p2_discr_real_gp=0.0052 g_grad_abs=7564.8974 d_grad_abs=1021.0945 synth_eps=0.2961 synth_eps_raw=0.2961 synth_x0_x0_l1=0.2882 synth_x0_x0_abw=0.1476 synth_x0_gen_adv=7.4187 synth_x0_gen_fm=0.2053 synth_total=4.4632 extra_render_attn_share=0.5526
[images] real: anchor | cond1 | cond2 | inv_warp_mirror | mask | mask_inv | p2_pred_x0 | warp_img | warp_warp_img | x | y_hat | y_hat_novel -> /home/xzy/warpgan-diffusiong-inpainting/warpgan-diffusion-inpainting-main/experiments/train_inpainting_diffusion/[20260910-025204]_v18w1_struct_50k/logs/images/train/real_step0033000.png
[images] synth: cond | mask | pred_x0 | target | warp_img | x | y_hat_novel -> /home/xzy/warpgan-diffusiong-inpainting/warpgan-diffusion-inpainting-main/experiments/train_inpainting_diffusion/[20260910-025204]_v18w1_struct_50k/logs/images/train/synth_step0033000.png
[step 33050] real_p1_mirror_hole_cov=0.1881 real_p1_skipped=1.0000 real_p1_hole_frac=0.5950 real_p2_eps=0.5303 real_p2_x0_l1=0.2373 real_p2_x0_abw=0.2503 real_p2_gen_adv=7.2567 real_p2_gen_fm=0.1648 real_total=6.5324 discr_adv=2.6649 x0_discr_real_out=0.1913 x0_discr_fake_out=0.0119 x0_discr_real_gp=0.0131 p2_discr_real_out=0.1343 p2_discr_fake_out=-0.0613 p2_discr_real_gp=0.0560 g_grad_abs=4753.4628 d_grad_abs=643.6139 synth_eps=0.8808 synth_eps_raw=0.8808 synth_x0_x0_l1=0.1067 synth_x0_x0_abw=0.7459 synth_x0_gen_adv=6.4768 synth_x0_gen_fm=0.0855 synth_total=12.1669 extra_render_attn_share=0.5526
[step 33100] real_p1_mirror_hole_cov=0.0272 real_p1_skipped=1.0000 real_p1_hole_frac=0.3334 real_p2_eps=0.7142 real_p2_x0_l1=0.0413 real_p2_x0_abw=0.9669 real_p2_gen_adv=7.2460 real_p2_gen_fm=0.0213 real_total=9.8162 discr_adv=2.7490 x0_discr_real_out=0.0646 x0_discr_fake_out=0.0055 x0_discr_real_gp=0.0031 p2_discr_real_out=-0.0541 p2_discr_fake_out=-0.0615 p2_discr_real_gp=0.0037 g_grad_abs=4003.3601 d_grad_abs=388.8599 synth_eps=0.0523 synth_eps_raw=0.0523 synth_x0_x0_l1=0.3219 synth_x0_x0_abw=0.0240 synth_x0_gen_adv=7.7117 synth_x0_gen_fm=0.2398 synth_total=0.8199 extra_render_attn_share=0.5526
[step 33150] real_p1_mirror_hole_cov=0.0759 real_p1_skipped=1.0000 real_p1_hole_frac=0.3119 real_p2_eps=0.5536 real_p2_x0_l1=0.2159 real_p2_x0_abw=0.4261 real_p2_gen_adv=6.3300 real_p2_gen_fm=0.1520 real_total=9.8184 discr_adv=2.7680 x0_discr_real_out=0.1591 x0_discr_fake_out=0.1251 x0_discr_real_gp=0.0054 p2_discr_real_out=0.1649 p2_discr_fake_out=0.1278 p2_discr_real_gp=0.0089 g_grad_abs=11157.3495 d_grad_abs=452.3597 synth_eps=0.4841 synth_eps_raw=0.4841 synth_x0_x0_l1=0.2735 synth_x0_x0_abw=0.2831 synth_x0_gen_adv=6.9053 synth_x0_gen_fm=0.1782 synth_total=7.5603 extra_render_attn_share=0.5526
[step 33200] real_p1_mirror_hole_cov=0.0546 real_p1_skipped=1.0000 real_p1_hole_frac=0.2437 real_p2_eps=0.1976 real_p2_x0_l1=0.2618 real_p2_x0_abw=0.0755 real_p2_gen_adv=7.6708 real_p2_gen_fm=0.1871 real_total=2.2084 discr_adv=2.7369 x0_discr_real_out=0.1158 x0_discr_fake_out=0.0435 x0_discr_real_gp=0.0152 p2_discr_real_out=-0.0236 p2_discr_fake_out=-0.1419 p2_discr_real_gp=0.0386 g_grad_abs=1485.4338 d_grad_abs=216.4424 synth_eps=0.6816 synth_eps_raw=0.6816 synth_x0_x0_l1=0.2220 synth_x0_x0_abw=0.3009 synth_x0_gen_adv=8.0706 synth_x0_gen_fm=0.1447 synth_total=7.5310 extra_render_attn_share=0.5526
[step 33250] real_p1_mirror_hole_cov=0.1304 real_p1_skipped=1.0000 real_p1_hole_frac=0.3382 real_p2_eps=0.5376 real_p2_x0_l1=0.2328 real_p2_x0_abw=0.2391 real_p2_gen_adv=7.8621 real_p2_gen_fm=0.1535 real_total=6.1413 discr_adv=2.6787 x0_discr_real_out=-0.0025 x0_discr_fake_out=-0.1153 x0_discr_real_gp=0.0111 p2_discr_real_out=-0.0236 p2_discr_fake_out=-0.1771 p2_discr_real_gp=0.0207 g_grad_abs=3932.7433 d_grad_abs=468.8649 synth_eps=0.8251 synth_eps_raw=0.8251 synth_x0_x0_l1=0.0108 synth_x0_x0_abw=0.9922 synth_x0_gen_adv=7.3005 synth_x0_gen_fm=0.0022 synth_total=8.2999 extra_render_attn_share=0.5526
[step 33300] real_p1_mirror_hole_cov=0.2563 real_p1_skipped=1.0000 real_p1_hole_frac=0.5568 real_p2_eps=0.7615 real_p2_x0_l1=0.0621 real_p2_x0_abw=0.8376 real_p2_gen_adv=6.6842 real_p2_gen_fm=0.0358 real_total=9.4135 discr_adv=2.7522 x0_discr_real_out=0.1109 x0_discr_fake_out=0.0526 x0_discr_real_gp=0.0065 p2_discr_real_out=0.0693 p2_discr_fake_out=0.0523 p2_discr_real_gp=0.0031 g_grad_abs=5323.1591 d_grad_abs=296.1009 synth_eps=0.3668 synth_eps_raw=0.3668 synth_x0_x0_l1=0.2642 synth_x0_x0_abw=0.1937 synth_x0_gen_adv=6.4969 synth_x0_gen_fm=0.1732 synth_total=5.0318 extra_render_attn_share=0.5526
[step 33350] real_p1_mirror_hole_cov=0.0408 real_p1_skipped=1.0000 real_p1_hole_frac=0.2148 real_p2_eps=0.7510 real_p2_x0_l1=0.1839 real_p2_x0_abw=0.5518 real_p2_gen_adv=7.0720 real_p2_gen_fm=0.1326 real_total=12.0709 discr_adv=2.6747 x0_discr_real_out=0.0113 x0_discr_fake_out=-0.1644 x0_discr_real_gp=0.0098 p2_discr_real_out=0.0443 p2_discr_fake_out=-0.0240 p2_discr_real_gp=0.0050 g_grad_abs=12328.2181 d_grad_abs=1108.1671 synth_eps=0.7875 synth_eps_raw=0.7875 synth_x0_x0_l1=0.0244 synth_x0_x0_abw=0.9850 synth_x0_gen_adv=7.0510 synth_x0_gen_fm=0.0096 synth_total=8.7010 extra_render_attn_share=0.5526
[step 33400] real_p1_mirror_hole_cov=0.1660 real_p1_skipped=1.0000 real_p1_hole_frac=0.3757 real_p2_eps=0.8575 real_p2_x0_l1=0.1176 real_p2_x0_abw=0.7175 real_p2_gen_adv=6.1708 real_p2_gen_fm=0.0939 real_total=12.1037 discr_adv=2.7769 x0_discr_real_out=0.1060 x0_discr_fake_out=0.0906 x0_discr_real_gp=0.0065 p2_discr_real_out=0.1877 p2_discr_fake_out=0.1602 p2_discr_real_gp=0.0065 g_grad_abs=12710.3395 d_grad_abs=441.8019 synth_eps=0.3581 synth_eps_raw=0.3581 synth_x0_x0_l1=0.2775 synth_x0_x0_abw=0.2003 synth_x0_gen_adv=6.6119 synth_x0_gen_fm=0.1875 synth_total=5.4944 extra_render_attn_share=0.5526
[step 33450] real_p1_mirror_hole_cov=0.0271 real_p1_skipped=1.0000 real_p1_hole_frac=0.1353 real_p2_eps=0.0338 real_p2_x0_l1=0.3541 real_p2_x0_abw=0.0226 real_p2_gen_adv=6.4772 real_p2_gen_fm=0.2529 real_total=0.7609 discr_adv=2.7976 x0_discr_real_out=0.0837 x0_discr_fake_out=0.0501 x0_discr_real_gp=0.0170 p2_discr_real_out=0.0748 p2_discr_fake_out=0.0947 p2_discr_real_gp=0.0099 g_grad_abs=463.3889 d_grad_abs=265.5827 synth_eps=0.7952 synth_eps_raw=0.7952 synth_x0_x0_l1=0.0713 synth_x0_x0_abw=0.7645 synth_x0_gen_adv=6.9348 synth_x0_gen_fm=0.0562 synth_total=10.4484 extra_render_attn_share=0.5526
[step 33500] real_p1_mirror_hole_cov=0.1950 real_p1_skipped=1.0000 real_p1_hole_frac=0.3450 real_p2_eps=0.0135 real_p2_x0_l1=0.3564 real_p2_x0_abw=0.0078 real_p2_gen_adv=7.2779 real_p2_gen_fm=0.2468 real_total=0.2654 discr_adv=2.7674 x0_discr_real_out=-0.0567 x0_discr_fake_out=-0.0784 x0_discr_real_gp=0.0017 p2_discr_real_out=-0.0650 p2_discr_fake_out=-0.0676 p2_discr_real_gp=0.0019 g_grad_abs=213.2046 d_grad_abs=111.9005 synth_eps=0.6946 synth_eps_raw=0.6946 synth_x0_x0_l1=0.0190 synth_x0_x0_abw=0.9776 synth_x0_gen_adv=7.0603 synth_x0_gen_fm=0.0058 synth_total=8.1783 extra_render_attn_share=0.5526
[images] real: anchor | cond1 | cond2 | inv_warp_mirror | mask | mask_inv | p2_pred_x0 | warp_img | warp_warp_img | x | y_hat | y_hat_novel -> /home/xzy/warpgan-diffusiong-inpainting/warpgan-diffusion-inpainting-main/experiments/train_inpainting_diffusion/[20260910-025204]_v18w1_struct_50k/logs/images/train/real_step0033500.png
[images] synth: cond | mask | pred_x0 | target | warp_img | x | y_hat_novel -> /home/xzy/warpgan-diffusiong-inpainting/warpgan-diffusion-inpainting-main/experiments/train_inpainting_diffusion/[20260910-025204]_v18w1_struct_50k/logs/images/train/synth_step0033500.png
[step 33550] real_p1_mirror_hole_cov=0.0544 real_p1_skipped=1.0000 real_p1_hole_frac=0.5093 real_p2_eps=0.0158 real_p2_x0_l1=0.3557 real_p2_x0_abw=0.0096 real_p2_gen_adv=6.8571 real_p2_gen_fm=0.2478 real_total=0.3240 discr_adv=2.7056 x0_discr_real_out=0.0663 x0_discr_fake_out=-0.1134 x0_discr_real_gp=0.0198 p2_discr_real_out=0.0408 p2_discr_fake_out=0.0154 p2_discr_real_gp=0.0120 g_grad_abs=354.5949 d_grad_abs=212.6134 synth_eps=0.8866 synth_eps_raw=0.8866 synth_x0_x0_l1=0.0143 synth_x0_x0_abw=0.9931 synth_x0_gen_adv=6.6515 synth_x0_gen_fm=0.0043 synth_total=7.9367 extra_render_attn_share=0.5526
[step 33600] real_p1_mirror_hole_cov=0.0015 real_p1_skipped=1.0000 real_p1_hole_frac=0.2300 real_p2_eps=0.7126 real_p2_x0_l1=0.2066 real_p2_x0_abw=0.2995 real_p2_gen_adv=8.3694 real_p2_gen_fm=0.1297 real_total=7.1672 discr_adv=2.6314 x0_discr_real_out=-0.0253 x0_discr_fake_out=-0.3012 x0_discr_real_gp=0.0689 p2_discr_real_out=0.0218 p2_discr_fake_out=-0.2677 p2_discr_real_gp=0.0496 g_grad_abs=8930.6076 d_grad_abs=752.5076 synth_eps=0.6082 synth_eps_raw=0.6082 synth_x0_x0_l1=0.0459 synth_x0_x0_abw=0.8842 synth_x0_gen_adv=6.4347 synth_x0_gen_fm=0.0278 synth_total=8.8003 extra_render_attn_share=0.5526
[step 33650] real_p1_mirror_hole_cov=0.0091 real_p1_skipped=1.0000 real_p1_hole_frac=0.2516 real_p2_eps=0.0607 real_p2_x0_l1=0.3298 real_p2_x0_abw=0.0279 real_p2_gen_adv=7.3851 real_p2_gen_fm=0.2253 real_total=0.9034 discr_adv=2.7199 x0_discr_real_out=0.0557 x0_discr_fake_out=-0.0786 x0_discr_real_gp=0.0268 p2_discr_real_out=0.0285 p2_discr_fake_out=-0.0853 p2_discr_real_gp=0.0348 g_grad_abs=644.6679 d_grad_abs=435.4680 synth_eps=0.4533 synth_eps_raw=0.4533 synth_x0_x0_l1=0.2440 synth_x0_x0_abw=0.1778 synth_x0_gen_adv=8.0737 synth_x0_gen_fm=0.1640 synth_total=4.8470 extra_render_attn_share=0.5526
[step 33700] real_p1_mirror_hole_cov=0.2462 real_p1_skipped=1.0000 real_p1_hole_frac=0.5249 real_p2_eps=0.6696 real_p2_x0_l1=0.2118 real_p2_x0_abw=0.2403 real_p2_gen_adv=8.7999 real_p2_gen_fm=0.1385 real_total=6.1624 discr_adv=2.7056 x0_discr_real_out=-0.0189 x0_discr_fake_out=-0.0449 x0_discr_real_gp=0.0612 p2_discr_real_out=0.0441 p2_discr_fake_out=-0.3395 p2_discr_real_gp=0.0575 g_grad_abs=7155.2156 d_grad_abs=784.9640 synth_eps=0.6324 synth_eps_raw=0.6324 synth_x0_x0_l1=0.0392 synth_x0_x0_abw=0.9578 synth_x0_gen_adv=6.4737 synth_x0_gen_fm=0.0202 synth_total=8.8021 extra_render_attn_share=0.5526
[step 33750] real_p1_mirror_hole_cov=0.0049 real_p1_skipped=1.0000 real_p1_hole_frac=0.1030 real_p2_eps=0.5508 real_p2_x0_l1=0.0411 real_p2_x0_abw=0.9698 real_p2_gen_adv=6.9836 real_p2_gen_fm=0.0197 real_total=9.2785 discr_adv=2.7763 x0_discr_real_out=-0.0306 x0_discr_fake_out=-0.0309 x0_discr_real_gp=0.0022 p2_discr_real_out=-0.0064 p2_discr_fake_out=-0.0098 p2_discr_real_gp=0.0021 g_grad_abs=5782.2724 d_grad_abs=61.1268 synth_eps=0.8789 synth_eps_raw=0.8789 synth_x0_x0_l1=0.1983 synth_x0_x0_abw=0.3835 synth_x0_gen_adv=7.0170 synth_x0_gen_fm=0.1240 synth_total=8.4012 extra_render_attn_share=0.5526
[step 33800] real_p1_mirror_hole_cov=0.1348 real_p1_skipped=1.0000 real_p1_hole_frac=0.3070 real_p2_eps=0.0069 real_p2_x0_l1=0.3679 real_p2_x0_abw=0.0062 real_p2_gen_adv=6.9276 real_p2_gen_fm=0.2428 real_total=0.2025 discr_adv=2.8065 x0_discr_real_out=0.0168 x0_discr_fake_out=0.0230 x0_discr_real_gp=0.0159 p2_discr_real_out=0.0081 p2_discr_fake_out=0.0014 p2_discr_real_gp=0.0165 g_grad_abs=174.4733 d_grad_abs=253.3295 synth_eps=0.5773 synth_eps_raw=0.5773 synth_x0_x0_l1=0.2229 synth_x0_x0_abw=0.1841 synth_x0_gen_adv=7.8690 synth_x0_gen_fm=0.1408 synth_total=4.6577 extra_render_attn_share=0.5526
[step 33850] real_p1_mirror_hole_cov=0.1016 real_p1_skipped=1.0000 real_p1_hole_frac=0.1316 real_p2_eps=0.9396 real_p2_x0_l1=0.1322 real_p2_x0_abw=0.6140 real_p2_gen_adv=7.0275 real_p2_gen_fm=0.0947 real_total=11.1520 discr_adv=2.5962 x0_discr_real_out=0.1089 x0_discr_fake_out=-0.1487 x0_discr_real_gp=0.0171 p2_discr_real_out=0.1740 p2_discr_fake_out=-0.0180 p2_discr_real_gp=0.0201 g_grad_abs=7756.6204 d_grad_abs=962.7854 synth_eps=0.6796 synth_eps_raw=0.6796 synth_x0_x0_l1=0.1965 synth_x0_x0_abw=0.3323 synth_x0_gen_adv=8.1022 synth_x0_gen_fm=0.1334 synth_total=7.8718 extra_render_attn_share=0.5526
[step 33900] real_p1_mirror_hole_cov=0.4308 real_p1_skipped=1.0000 real_p1_hole_frac=0.1713 real_p2_eps=0.2369 real_p2_x0_l1=0.2773 real_p2_x0_abw=0.1022 real_p2_gen_adv=7.4513 real_p2_gen_fm=0.1825 real_total=2.8928 discr_adv=2.7038 x0_discr_real_out=0.1335 x0_discr_fake_out=0.0473 x0_discr_real_gp=0.0035 p2_discr_real_out=0.0174 p2_discr_fake_out=-0.0950 p2_discr_real_gp=0.0137 g_grad_abs=1925.5057 d_grad_abs=479.8845 synth_eps=0.9348 synth_eps_raw=0.9348 synth_x0_x0_l1=0.1354 synth_x0_x0_abw=0.6073 synth_x0_gen_adv=7.1313 synth_x0_gen_fm=0.1002 synth_total=11.4304 extra_render_attn_share=0.5526
[step 33950] real_p1_mirror_hole_cov=0.1390 real_p1_skipped=1.0000 real_p1_hole_frac=0.2545 real_p2_eps=0.1521 real_p2_x0_l1=0.2822 real_p2_x0_abw=0.0653 real_p2_gen_adv=8.1511 real_p2_gen_fm=0.1898 real_total=1.9418 discr_adv=2.6503 x0_discr_real_out=-0.0483 x0_discr_fake_out=-0.3186 x0_discr_real_gp=0.0728 p2_discr_real_out=-0.0324 p2_discr_fake_out=-0.2282 p2_discr_real_gp=0.0129 g_grad_abs=1197.7057 d_grad_abs=723.4016 synth_eps=0.0155 synth_eps_raw=0.0155 synth_x0_x0_l1=0.3553 synth_x0_x0_abw=0.0121 synth_x0_gen_adv=7.3769 synth_x0_gen_fm=0.2410 synth_total=0.4003 extra_render_attn_share=0.5526
[val step 33999] val_novel_full=0.3064 val_novel_hole=0.2823 val_novel_visible=0.3265
[step 34000] real_p1_mirror_hole_cov=0.1231 real_p1_skipped=1.0000 real_p1_hole_frac=0.1103 real_p2_eps=0.9801 real_p2_x0_l1=0.0898 real_p2_x0_abw=0.7047 real_p2_gen_adv=7.0579 real_p2_gen_fm=0.0630 real_total=10.4586 discr_adv=2.7680 x0_discr_real_out=-0.0194 x0_discr_fake_out=-0.0204 x0_discr_real_gp=0.0037 p2_discr_real_out=0.0042 p2_discr_fake_out=-0.0242 p2_discr_real_gp=0.0048 g_grad_abs=12409.2103 d_grad_abs=114.5436 synth_eps=0.7997 synth_eps_raw=0.7997 synth_x0_x0_l1=0.0797 synth_x0_x0_abw=0.7537 synth_x0_gen_adv=7.2846 synth_x0_gen_fm=0.0502 synth_total=10.1307 extra_render_attn_share=0.5520
[images] real: anchor | cond1 | cond2 | inv_warp_mirror | mask | mask_inv | p2_pred_x0 | warp_img | warp_warp_img | x | y_hat | y_hat_novel -> /home/xzy/warpgan-diffusiong-inpainting/warpgan-diffusion-inpainting-main/experiments/train_inpainting_diffusion/[20260910-025204]_v18w1_struct_50k/logs/images/train/real_step0034000.png
[images] synth: cond | mask | pred_x0 | target | warp_img | x | y_hat_novel -> /home/xzy/warpgan-diffusiong-inpainting/warpgan-diffusion-inpainting-main/experiments/train_inpainting_diffusion/[20260910-025204]_v18w1_struct_50k/logs/images/train/synth_step0034000.png
[step 34050] real_p1_mirror_hole_cov=0.2448 real_p1_skipped=1.0000 real_p1_hole_frac=0.4387 real_p2_eps=0.7567 real_p2_x0_l1=0.1699 real_p2_x0_abw=0.4341 real_p2_gen_adv=7.3916 real_p2_gen_fm=0.1287 real_total=9.6249 discr_adv=2.7289 x0_discr_real_out=-0.0419 x0_discr_fake_out=-0.1062 x0_discr_real_gp=0.0430 p2_discr_real_out=0.0988 p2_discr_fake_out=-0.0880 p2_discr_real_gp=0.0325 g_grad_abs=9285.9676 d_grad_abs=415.4914 synth_eps=0.6817 synth_eps_raw=0.6817 synth_x0_x0_l1=0.2110 synth_x0_x0_abw=0.3470 synth_x0_gen_adv=8.0672 synth_x0_gen_fm=0.1440 synth_total=8.5505 extra_render_attn_share=0.5520
[step 34100] real_p1_mirror_hole_cov=0.0176 real_p1_skipped=1.0000 real_p1_hole_frac=0.2912 real_p2_eps=0.6085 real_p2_x0_l1=0.0328 real_p2_x0_abw=0.9841 real_p2_gen_adv=6.9750 real_p2_gen_fm=0.0129 real_total=8.7769 discr_adv=2.7966 x0_discr_real_out=-0.0680 x0_discr_fake_out=-0.0695 x0_discr_real_gp=0.0096 p2_discr_real_out=-0.0073 p2_discr_fake_out=-0.0056 p2_discr_real_gp=0.0059 g_grad_abs=3354.3429 d_grad_abs=323.6741 synth_eps=0.0099 synth_eps_raw=0.0099 synth_x0_x0_l1=0.3699 synth_x0_x0_abw=0.0074 synth_x0_gen_adv=7.2745 synth_x0_gen_fm=0.2546 synth_total=0.2565 extra_render_attn_share=0.5520
[step 34150] real_p1_mirror_hole_cov=0.0020 real_p1_skipped=1.0000 real_p1_hole_frac=0.1400 real_p2_eps=0.3987 real_p2_x0_l1=0.2662 real_p2_x0_abw=0.2233 real_p2_gen_adv=6.2308 real_p2_gen_fm=0.1810 real_total=5.8917 discr_adv=2.7937 x0_discr_real_out=0.1130 x0_discr_fake_out=0.1109 x0_discr_real_gp=0.0103 p2_discr_real_out=0.1683 p2_discr_fake_out=0.1485 p2_discr_real_gp=0.0087 g_grad_abs=5105.0779 d_grad_abs=587.5409 synth_eps=0.6454 synth_eps_raw=0.6454 synth_x0_x0_l1=0.2036 synth_x0_x0_abw=0.4213 synth_x0_gen_adv=6.4814 synth_x0_gen_fm=0.1382 synth_total=9.2824 extra_render_attn_share=0.5520
[step 34200] real_p1_mirror_hole_cov=0.1295 real_p1_skipped=1.0000 real_p1_hole_frac=0.2840 real_p2_eps=0.3152 real_p2_x0_l1=0.2577 real_p2_x0_abw=0.1292 real_p2_gen_adv=7.3660 real_p2_gen_fm=0.1647 real_total=3.4289 discr_adv=2.7735 x0_discr_real_out=-0.0774 x0_discr_fake_out=-0.0791 x0_discr_real_gp=0.0023 p2_discr_real_out=-0.0673 p2_discr_fake_out=-0.0839 p2_discr_real_gp=0.0023 g_grad_abs=2726.7413 d_grad_abs=183.1138 synth_eps=0.4941 synth_eps_raw=0.4941 synth_x0_x0_l1=0.2183 synth_x0_x0_abw=0.2198 synth_x0_gen_adv=7.3746 synth_x0_gen_fm=0.1335 synth_total=5.0965 extra_render_attn_share=0.5520
[step 34250] real_p1_mirror_hole_cov=0.0466 real_p1_skipped=1.0000 real_p1_hole_frac=0.0784 real_p2_eps=0.9660 real_p2_x0_l1=0.1569 real_p2_x0_abw=0.5366 real_p2_gen_adv=7.2933 real_p2_gen_fm=0.1049 real_total=10.5941 discr_adv=2.6805 x0_discr_real_out=0.0331 x0_discr_fake_out=-0.0594 x0_discr_real_gp=0.0244 p2_discr_real_out=0.0930 p2_discr_fake_out=-0.0703 p2_discr_real_gp=0.0074 g_grad_abs=9416.4509 d_grad_abs=238.8605 synth_eps=1.0095 synth_eps_raw=1.0095 synth_x0_x0_l1=0.1470 synth_x0_x0_abw=0.5989 synth_x0_gen_adv=7.2476 synth_x0_gen_fm=0.1014 synth_total=11.5104 extra_render_attn_share=0.5520
[step 34300] real_p1_mirror_hole_cov=0.1659 real_p1_skipped=1.0000 real_p1_hole_frac=0.5168 real_p2_eps=0.3029 real_p2_x0_l1=0.2575 real_p2_x0_abw=0.1195 real_p2_gen_adv=7.7817 real_p2_gen_fm=0.1779 real_total=3.3885 discr_adv=2.7153 x0_discr_real_out=0.2037 x0_discr_fake_out=0.1189 x0_discr_real_gp=0.0170 p2_discr_real_out=0.0628 p2_discr_fake_out=-0.1622 p2_discr_real_gp=0.0641 g_grad_abs=1980.1817 d_grad_abs=349.4723 synth_eps=0.2051 synth_eps_raw=0.2051 synth_x0_x0_l1=0.2825 synth_x0_x0_abw=0.0755 synth_x0_gen_adv=7.8047 synth_x0_gen_fm=0.1983 synth_total=2.3122 extra_render_attn_share=0.5520
[step 34350] real_p1_mirror_hole_cov=0.0329 real_p1_skipped=1.0000 real_p1_hole_frac=0.4094 real_p2_eps=0.0702 real_p2_x0_l1=0.3107 real_p2_x0_abw=0.0362 real_p2_gen_adv=6.9351 real_p2_gen_fm=0.2251 real_total=1.1483 discr_adv=2.7441 x0_discr_real_out=0.0316 x0_discr_fake_out=-0.0637 x0_discr_real_gp=0.0182 p2_discr_real_out=0.0547 p2_discr_fake_out=0.0007 p2_discr_real_gp=0.0248 g_grad_abs=533.5885 d_grad_abs=342.2996 synth_eps=0.0566 synth_eps_raw=0.0566 synth_x0_x0_l1=0.3117 synth_x0_x0_abw=0.0286 synth_x0_gen_adv=7.0568 synth_x0_gen_fm=0.2357 synth_total=0.9429 extra_render_attn_share=0.5520
[step 34400] real_p1_mirror_hole_cov=0.0779 real_p1_skipped=1.0000 real_p1_hole_frac=0.2740 real_p2_eps=0.7992 real_p2_x0_l1=0.0948 real_p2_x0_abw=0.7015 real_p2_gen_adv=6.5248 real_p2_gen_fm=0.0725 real_total=10.5283 discr_adv=2.7262 x0_discr_real_out=0.1549 x0_discr_fake_out=0.0808 x0_discr_real_gp=0.0049 p2_discr_real_out=0.1729 p2_discr_fake_out=0.0866 p2_discr_real_gp=0.0167 g_grad_abs=16430.2714 d_grad_abs=681.2718 synth_eps=0.1604 synth_eps_raw=0.1604 synth_x0_x0_l1=0.3012 synth_x0_x0_abw=0.0766 synth_x0_gen_adv=6.8178 synth_x0_gen_fm=0.2107 synth_total=2.3202 extra_render_attn_share=0.5520
[step 34450] real_p1_mirror_hole_cov=0.4477 real_p1_skipped=1.0000 real_p1_hole_frac=0.2499 real_p2_eps=0.1619 real_p2_x0_l1=0.2810 real_p2_x0_abw=0.0509 real_p2_gen_adv=6.9118 real_p2_gen_fm=0.1713 real_total=1.4012 discr_adv=2.7729 x0_discr_real_out=0.0088 x0_discr_fake_out=0.0108 x0_discr_real_gp=0.0008 p2_discr_real_out=0.0117 p2_discr_fake_out=0.0046 p2_discr_real_gp=0.0008 g_grad_abs=1181.5860 d_grad_abs=87.3541 synth_eps=0.0447 synth_eps_raw=0.0447 synth_x0_x0_l1=0.3294 synth_x0_x0_abw=0.0186 synth_x0_gen_adv=6.9003 synth_x0_gen_fm=0.2079 synth_total=0.5664 extra_render_attn_share=0.5520
[step 34500] real_p1_mirror_hole_cov=0.3757 real_p1_skipped=1.0000 real_p1_hole_frac=0.2916 real_p2_eps=0.0221 real_p2_x0_l1=0.3489 real_p2_x0_abw=0.0139 real_p2_gen_adv=6.9689 real_p2_gen_fm=0.2231 real_total=0.4327 discr_adv=2.7217 x0_discr_real_out=0.0139 x0_discr_fake_out=-0.0867 x0_discr_real_gp=0.0044 p2_discr_real_out=0.0149 p2_discr_fake_out=-0.0071 p2_discr_real_gp=0.0043 g_grad_abs=350.9840 d_grad_abs=147.0918 synth_eps=0.3405 synth_eps_raw=0.3405 synth_x0_x0_l1=0.2358 synth_x0_x0_abw=0.0994 synth_x0_gen_adv=7.3240 synth_x0_gen_fm=0.1442 synth_total=2.5260 extra_render_attn_share=0.5520
[images] real: anchor | cond1 | cond2 | inv_warp_mirror | mask | mask_inv | p2_pred_x0 | warp_img | warp_warp_img | x | y_hat | y_hat_novel -> /home/xzy/warpgan-diffusiong-inpainting/warpgan-diffusion-inpainting-main/experiments/train_inpainting_diffusion/[20260910-025204]_v18w1_struct_50k/logs/images/train/real_step0034500.png
[images] synth: cond | mask | pred_x0 | target | warp_img | x | y_hat_novel -> /home/xzy/warpgan-diffusiong-inpainting/warpgan-diffusion-inpainting-main/experiments/train_inpainting_diffusion/[20260910-025204]_v18w1_struct_50k/logs/images/train/synth_step0034500.png
[step 34550] real_p1_mirror_hole_cov=0.1448 real_p1_skipped=1.0000 real_p1_hole_frac=0.3788 real_p2_eps=0.4009 real_p2_x0_l1=0.2380 real_p2_x0_abw=0.1458 real_p2_gen_adv=7.6326 real_p2_gen_fm=0.1468 real_total=3.6890 discr_adv=2.6485 x0_discr_real_out=0.1303 x0_discr_fake_out=-0.0559 x0_discr_real_gp=0.0248 p2_discr_real_out=0.0567 p2_discr_fake_out=-0.1348 p2_discr_real_gp=0.0330 g_grad_abs=2104.1525 d_grad_abs=339.4762 synth_eps=0.0431 synth_eps_raw=0.0431 synth_x0_x0_l1=0.3389 synth_x0_x0_abw=0.0229 synth_x0_gen_adv=6.8803 synth_x0_gen_fm=0.2276 synth_total=0.7284 extra_render_attn_share=0.5520
[step 34600] real_p1_mirror_hole_cov=0.1776 real_p1_skipped=1.0000 real_p1_hole_frac=0.2494 real_p2_eps=0.0926 real_p2_x0_l1=0.3076 real_p2_x0_abw=0.0427 real_p2_gen_adv=7.6265 real_p2_gen_fm=0.2124 real_total=1.3389 discr_adv=2.7754 x0_discr_real_out=0.0492 x0_discr_fake_out=-0.0449 x0_discr_real_gp=0.0300 p2_discr_real_out=-0.0234 p2_discr_fake_out=-0.1329 p2_discr_real_gp=0.0701 g_grad_abs=836.6074 d_grad_abs=786.2215 synth_eps=0.2786 synth_eps_raw=0.2786 synth_x0_x0_l1=0.2640 synth_x0_x0_abw=0.1243 synth_x0_gen_adv=7.7971 synth_x0_gen_fm=0.1701 synth_total=3.3941 extra_render_attn_share=0.5520
[step 34650] real_p1_mirror_hole_cov=0.0783 real_p1_skipped=1.0000 real_p1_hole_frac=0.0784 real_p2_eps=0.8501 real_p2_x0_l1=0.0894 real_p2_x0_abw=0.7781 real_p2_gen_adv=7.1030 real_p2_gen_fm=0.0621 real_total=11.2758 discr_adv=2.7465 x0_discr_real_out=-0.0129 x0_discr_fake_out=-0.0377 x0_discr_real_gp=0.0116 p2_discr_real_out=0.0475 p2_discr_fake_out=-0.0332 p2_discr_real_gp=0.0132 g_grad_abs=8672.9170 d_grad_abs=88.7061 synth_eps=0.8651 synth_eps_raw=0.8651 synth_x0_x0_l1=0.0942 synth_x0_x0_abw=0.8554 synth_x0_gen_adv=6.8090 synth_x0_gen_fm=0.0664 synth_total=12.4484 extra_render_attn_share=0.5520
[step 34700] real_p1_mirror_hole_cov=0.0079 real_p1_skipped=1.0000 real_p1_hole_frac=0.1777 real_p2_eps=0.9160 real_p2_x0_l1=0.1109 real_p2_x0_abw=0.7645 real_p2_gen_adv=6.7411 real_p2_gen_fm=0.0833 real_total=12.5239 discr_adv=2.6591 x0_discr_real_out=0.1810 x0_discr_fake_out=0.0274 x0_discr_real_gp=0.0078 p2_discr_real_out=0.1792 p2_discr_fake_out=0.0391 p2_discr_real_gp=0.0154 g_grad_abs=11588.8107 d_grad_abs=510.9868 synth_eps=0.0069 synth_eps_raw=0.0069 synth_x0_x0_l1=0.3700 synth_x0_x0_abw=0.0071 synth_x0_gen_adv=6.7747 synth_x0_gen_fm=0.2506 synth_total=0.2361 extra_render_attn_share=0.5520
[step 34750] real_p1_mirror_hole_cov=0.1379 real_p1_skipped=1.0000 real_p1_hole_frac=0.2985 real_p2_eps=0.6724 real_p2_x0_l1=0.2003 real_p2_x0_abw=0.4374 real_p2_gen_adv=6.4963 real_p2_gen_fm=0.1393 real_total=9.6920 discr_adv=2.7216 x0_discr_real_out=0.1518 x0_discr_fake_out=0.0845 x0_discr_real_gp=0.0044 p2_discr_real_out=0.1661 p2_discr_fake_out=0.0909 p2_discr_real_gp=0.0055 g_grad_abs=9849.3184 d_grad_abs=736.4333 synth_eps=0.4917 synth_eps_raw=0.4917 synth_x0_x0_l1=0.2147 synth_x0_x0_abw=0.2490 synth_x0_gen_adv=7.1801 synth_x0_gen_fm=0.1519 synth_total=6.1172 extra_render_attn_share=0.5520
[step 34800] real_p1_mirror_hole_cov=0.0049 real_p1_skipped=1.0000 real_p1_hole_frac=0.1334 real_p2_eps=0.4423 real_p2_x0_l1=0.2523 real_p2_x0_abw=0.1970 real_p2_gen_adv=8.4582 real_p2_gen_fm=0.1682 real_total=5.4722 discr_adv=2.6108 x0_discr_real_out=-0.0114 x0_discr_fake_out=-0.1269 x0_discr_real_gp=0.0164 p2_discr_real_out=0.0183 p2_discr_fake_out=-0.2812 p2_discr_real_gp=0.0135 g_grad_abs=6558.6558 d_grad_abs=1055.5606 synth_eps=0.6946 synth_eps_raw=0.6946 synth_x0_x0_l1=0.0507 synth_x0_x0_abw=0.9537 synth_x0_gen_adv=6.8736 synth_x0_gen_fm=0.0261 synth_total=9.7859 extra_render_attn_share=0.5520
[step 34850] real_p1_mirror_hole_cov=0.4395 real_p1_skipped=1.0000 real_p1_hole_frac=0.2048 real_p2_eps=0.9124 real_p2_x0_l1=0.0782 real_p2_x0_abw=0.8078 real_p2_gen_adv=6.7016 real_p2_gen_fm=0.0540 real_total=10.7500 discr_adv=2.7739 x0_discr_real_out=-0.0440 x0_discr_fake_out=-0.0564 x0_discr_real_gp=0.0165 p2_discr_real_out=0.0815 p2_discr_fake_out=0.0473 p2_discr_real_gp=0.0048 g_grad_abs=9633.6940 d_grad_abs=156.6864 synth_eps=0.1223 synth_eps_raw=0.1223 synth_x0_x0_l1=0.2949 synth_x0_x0_abw=0.0465 synth_x0_gen_adv=7.6322 synth_x0_gen_fm=0.2070 synth_total=1.4532 extra_render_attn_share=0.5520
[step 34900] real_p1_mirror_hole_cov=0.2051 real_p1_skipped=1.0000 real_p1_hole_frac=0.4557 real_p2_eps=0.2320 real_p2_x0_l1=0.2761 real_p2_x0_abw=0.0940 real_p2_gen_adv=7.7141 real_p2_gen_fm=0.1872 real_total=2.7415 discr_adv=2.7084 x0_discr_real_out=-0.0140 x0_discr_fake_out=-0.0955 x0_discr_real_gp=0.0314 p2_discr_real_out=0.0165 p2_discr_fake_out=-0.1501 p2_discr_real_gp=0.0235 g_grad_abs=1685.4835 d_grad_abs=280.2259 synth_eps=0.0633 synth_eps_raw=0.0633 synth_x0_x0_l1=0.3211 synth_x0_x0_abw=0.0289 synth_x0_gen_adv=7.3035 synth_x0_gen_fm=0.2264 synth_total=0.9384 extra_render_attn_share=0.5520
[step 34950] real_p1_mirror_hole_cov=0.2424 real_p1_skipped=1.0000 real_p1_hole_frac=0.6259 real_p2_eps=0.6705 real_p2_x0_l1=0.1757 real_p2_x0_abw=0.4213 real_p2_gen_adv=7.6684 real_p2_gen_fm=0.1364 real_total=9.7214 discr_adv=2.7672 x0_discr_real_out=-0.0821 x0_discr_fake_out=-0.1281 x0_discr_real_gp=0.0822 p2_discr_real_out=0.0774 p2_discr_fake_out=-0.1399 p2_discr_real_gp=0.0347 g_grad_abs=11786.8121 d_grad_abs=1283.9609 synth_eps=0.6758 synth_eps_raw=0.6758 synth_x0_x0_l1=0.0462 synth_x0_x0_abw=0.9309 synth_x0_gen_adv=7.0508 synth_x0_gen_fm=0.0318 synth_total=10.2392 extra_render_attn_share=0.5520
[step 35000] real_p1_mirror_hole_cov=0.1006 real_p1_skipped=1.0000 real_p1_hole_frac=0.1355 real_p2_eps=0.0774 real_p2_x0_l1=0.3248 real_p2_x0_abw=0.0347 real_p2_gen_adv=7.2497 real_p2_gen_fm=0.2343 real_total=1.1519 discr_adv=2.7792 x0_discr_real_out=-0.0538 x0_discr_fake_out=-0.0536 x0_discr_real_gp=0.0051 p2_discr_real_out=-0.0290 p2_discr_fake_out=-0.0605 p2_discr_real_gp=0.0111 g_grad_abs=816.8940 d_grad_abs=275.9992 synth_eps=0.8170 synth_eps_raw=0.8170 synth_x0_x0_l1=0.1213 synth_x0_x0_abw=0.6689 synth_x0_gen_adv=7.1517 synth_x0_gen_fm=0.0961 synth_total=12.1087 extra_render_attn_share=0.5520
[images] real: anchor | cond1 | cond2 | inv_warp_mirror | mask | mask_inv | p2_pred_x0 | warp_img | warp_warp_img | x | y_hat | y_hat_novel -> /home/xzy/warpgan-diffusiong-inpainting/warpgan-diffusion-inpainting-main/experiments/train_inpainting_diffusion/[20260910-025204]_v18w1_struct_50k/logs/images/train/real_step0035000.png
[images] synth: cond | mask | pred_x0 | target | warp_img | x | y_hat_novel -> /home/xzy/warpgan-diffusiong-inpainting/warpgan-diffusion-inpainting-main/experiments/train_inpainting_diffusion/[20260910-025204]_v18w1_struct_50k/logs/images/train/synth_step0035000.png
[step 35050] real_p1_mirror_hole_cov=0.2612 real_p1_skipped=1.0000 real_p1_hole_frac=0.3535 real_p2_eps=0.9677 real_p2_x0_l1=0.0840 real_p2_x0_abw=0.8513 real_p2_gen_adv=6.7630 real_p2_gen_fm=0.0562 real_total=11.5774 discr_adv=2.7112 x0_discr_real_out=0.0589 x0_discr_fake_out=-0.1168 x0_discr_real_gp=0.0276 p2_discr_real_out=0.0657 p2_discr_fake_out=0.0355 p2_discr_real_gp=0.0081 g_grad_abs=28856.9380 d_grad_abs=338.0796 synth_eps=0.5179 synth_eps_raw=0.5179 synth_x0_x0_l1=0.2595 synth_x0_x0_abw=0.2366 synth_x0_gen_adv=7.1623 synth_x0_gen_fm=0.1760 synth_total=6.4367 extra_render_attn_share=0.5520
[step 35100] real_p1_mirror_hole_cov=0.0742 real_p1_skipped=1.0000 real_p1_hole_frac=0.1517 real_p2_eps=0.1004 real_p2_x0_l1=0.3028 real_p2_x0_abw=0.0493 real_p2_gen_adv=6.8222 real_p2_gen_fm=0.2126 real_total=1.4994 discr_adv=2.7792 x0_discr_real_out=0.0759 x0_discr_fake_out=0.0538 x0_discr_real_gp=0.0029 p2_discr_real_out=0.0308 p2_discr_fake_out=0.0271 p2_discr_real_gp=0.0063 g_grad_abs=1125.0251 d_grad_abs=327.2310 synth_eps=0.8016 synth_eps_raw=0.8016 synth_x0_x0_l1=0.1806 synth_x0_x0_abw=0.5366 synth_x0_gen_adv=6.7348 synth_x0_gen_fm=0.1253 synth_total=11.2391 extra_render_attn_share=0.5520
[step 35150] real_p1_mirror_hole_cov=0.0491 real_p1_skipped=1.0000 real_p1_hole_frac=0.4004 real_p2_eps=0.5739 real_p2_x0_l1=0.2388 real_p2_x0_abw=0.3051 real_p2_gen_adv=6.5767 real_p2_gen_fm=0.1672 real_total=7.7531 discr_adv=2.7239 x0_discr_real_out=0.1303 x0_discr_fake_out=0.0858 x0_discr_real_gp=0.0112 p2_discr_real_out=0.1763 p2_discr_fake_out=0.0736 p2_discr_real_gp=0.0045 g_grad_abs=5307.7462 d_grad_abs=391.5937 synth_eps=0.0187 synth_eps_raw=0.0187 synth_x0_x0_l1=0.3625 synth_x0_x0_abw=0.0129 synth_x0_gen_adv=6.6045 synth_x0_gen_fm=0.2618 synth_total=0.4456 extra_render_attn_share=0.5520
[step 35200] real_p1_mirror_hole_cov=0.0407 real_p1_skipped=1.0000 real_p1_hole_frac=0.5198 real_p2_eps=0.0328 real_p2_x0_l1=0.3554 real_p2_x0_abw=0.0182 real_p2_gen_adv=7.0748 real_p2_gen_fm=0.2598 real_total=0.6426 discr_adv=2.7833 x0_discr_real_out=-0.0246 x0_discr_fake_out=-0.0402 x0_discr_real_gp=0.0098 p2_discr_real_out=-0.0147 p2_discr_fake_out=-0.0263 p2_discr_real_gp=0.0092 g_grad_abs=428.3979 d_grad_abs=342.8120 synth_eps=0.9655 synth_eps_raw=0.9655 synth_x0_x0_l1=0.0689 synth_x0_x0_abw=0.8078 synth_x0_gen_adv=6.7954 synth_x0_gen_fm=0.0514 synth_total=10.6610 extra_render_attn_share=0.5520
[step 35250] real_p1_mirror_hole_cov=0.0377 real_p1_skipped=1.0000 real_p1_hole_frac=0.4679 real_p2_eps=0.0534 real_p2_x0_l1=0.3297 real_p2_x0_abw=0.0314 real_p2_gen_adv=7.1804 real_p2_gen_fm=0.2389 real_total=1.0392 discr_adv=2.7631 x0_discr_real_out=-0.0355 x0_discr_fake_out=-0.0648 x0_discr_real_gp=0.0104 p2_discr_real_out=0.0039 p2_discr_fake_out=-0.0448 p2_discr_real_gp=0.0095 g_grad_abs=755.3979 d_grad_abs=372.9712 synth_eps=0.3126 synth_eps_raw=0.3126 synth_x0_x0_l1=0.2679 synth_x0_x0_abw=0.1522 synth_x0_gen_adv=7.2254 synth_x0_gen_fm=0.1961 synth_total=4.4385 extra_render_attn_share=0.5520
[step 35300] real_p1_mirror_hole_cov=0.1263 real_p1_skipped=1.0000 real_p1_hole_frac=0.3538 real_p2_eps=0.7612 real_p2_x0_l1=0.1610 real_p2_x0_abw=0.5434 real_p2_gen_adv=6.5198 real_p2_gen_fm=0.1135 real_total=10.5579 discr_adv=2.7913 x0_discr_real_out=0.0251 x0_discr_fake_out=0.0269 x0_discr_real_gp=0.0035 p2_discr_real_out=0.0782 p2_discr_fake_out=0.0862 p2_discr_real_gp=0.0030 g_grad_abs=14655.7397 d_grad_abs=168.8571 synth_eps=0.1064 synth_eps_raw=0.1064 synth_x0_x0_l1=0.3057 synth_x0_x0_abw=0.0501 synth_x0_gen_adv=6.7558 synth_x0_gen_fm=0.1984 synth_total=1.4543 extra_render_attn_share=0.5520
[step 35350] real_p1_mirror_hole_cov=0.0341 real_p1_skipped=1.0000 real_p1_hole_frac=0.2391 real_p2_eps=0.6833 real_p2_x0_l1=0.0559 real_p2_x0_abw=0.9441 real_p2_gen_adv=6.9166 real_p2_gen_fm=0.0255 real_total=9.6752 discr_adv=2.7699 x0_discr_real_out=0.0052 x0_discr_fake_out=-0.0020 x0_discr_real_gp=0.0007 p2_discr_real_out=0.0054 p2_discr_fake_out=0.0033 p2_discr_real_gp=0.0007 g_grad_abs=6995.2392 d_grad_abs=64.7929 synth_eps=0.7798 synth_eps_raw=0.7798 synth_x0_x0_l1=0.1814 synth_x0_x0_abw=0.2606 synth_x0_gen_adv=6.9129 synth_x0_gen_fm=0.1023 synth_total=5.2943 extra_render_attn_share=0.5520
[step 35400] real_p1_mirror_hole_cov=0.0918 real_p1_skipped=1.0000 real_p1_hole_frac=0.3687 real_p2_eps=1.0471 real_p2_x0_l1=0.1321 real_p2_x0_abw=0.4898 real_p2_gen_adv=7.1933 real_p2_gen_fm=0.0728 real_total=8.1991 discr_adv=2.7386 x0_discr_real_out=-0.0129 x0_discr_fake_out=-0.0526 x0_discr_real_gp=0.0037 p2_discr_real_out=-0.0041 p2_discr_fake_out=-0.0511 p2_discr_real_gp=0.0040 g_grad_abs=6445.2617 d_grad_abs=106.2356 synth_eps=0.8784 synth_eps_raw=0.8784 synth_x0_x0_l1=0.1817 synth_x0_x0_abw=0.3122 synth_x0_gen_adv=7.1191 synth_x0_gen_fm=0.1049 synth_total=6.4315 extra_render_attn_share=0.5520
[step 35450] real_p1_mirror_hole_cov=0.1946 real_p1_skipped=1.0000 real_p1_hole_frac=0.3186 real_p2_eps=0.8729 real_p2_x0_l1=0.0983 real_p2_x0_abw=0.5182 real_p2_gen_adv=8.0630 real_p2_gen_fm=0.0620 real_total=8.3163 discr_adv=2.7090 x0_discr_real_out=0.0475 x0_discr_fake_out=-0.0881 x0_discr_real_gp=0.0138 p2_discr_real_out=-0.0851 p2_discr_fake_out=-0.2122 p2_discr_real_gp=0.0433 g_grad_abs=8406.8727 d_grad_abs=296.2739 synth_eps=0.0090 synth_eps_raw=0.0090 synth_x0_x0_l1=0.3669 synth_x0_x0_abw=0.0070 synth_x0_gen_adv=6.9402 synth_x0_gen_fm=0.2431 synth_total=0.2315 extra_render_attn_share=0.5520
[step 35500] real_p1_mirror_hole_cov=0.1001 real_p1_skipped=1.0000 real_p1_hole_frac=0.5770 real_p2_eps=0.7272 real_p2_x0_l1=0.0845 real_p2_x0_abw=0.8816 real_p2_gen_adv=6.5331 real_p2_gen_fm=0.0497 real_total=10.9440 discr_adv=2.7694 x0_discr_real_out=0.1087 x0_discr_fake_out=0.0581 x0_discr_real_gp=0.0163 p2_discr_real_out=0.1159 p2_discr_fake_out=0.0825 p2_discr_real_gp=0.0158 g_grad_abs=10637.6411 d_grad_abs=188.9240 synth_eps=0.8552 synth_eps_raw=0.8552 synth_x0_x0_l1=0.0151 synth_x0_x0_abw=0.9922 synth_x0_gen_adv=6.6932 synth_x0_gen_fm=0.0036 synth_total=7.8707 extra_render_attn_share=0.5520
[images] real: anchor | cond1 | cond2 | inv_warp_mirror | mask | mask_inv | p2_pred_x0 | warp_img | warp_warp_img | x | y_hat | y_hat_novel -> /home/xzy/warpgan-diffusiong-inpainting/warpgan-diffusion-inpainting-main/experiments/train_inpainting_diffusion/[20260910-025204]_v18w1_struct_50k/logs/images/train/real_step0035500.png
[images] synth: cond | mask | pred_x0 | target | warp_img | x | y_hat_novel -> /home/xzy/warpgan-diffusiong-inpainting/warpgan-diffusion-inpainting-main/experiments/train_inpainting_diffusion/[20260910-025204]_v18w1_struct_50k/logs/images/train/synth_step0035500.png
[step 35550] real_p1_mirror_hole_cov=0.0012 real_p1_skipped=1.0000 real_p1_hole_frac=0.0407 real_p2_eps=0.7564 real_p2_x0_l1=0.1934 real_p2_x0_abw=0.3944 real_p2_gen_adv=6.8974 real_p2_gen_fm=0.1237 real_total=8.4302 discr_adv=2.7246 x0_discr_real_out=0.1156 x0_discr_fake_out=0.1168 x0_discr_real_gp=0.0094 p2_discr_real_out=0.1643 p2_discr_fake_out=0.0081 p2_discr_real_gp=0.0116 g_grad_abs=9022.3774 d_grad_abs=308.6955 synth_eps=0.0505 synth_eps_raw=0.0505 synth_x0_x0_l1=0.3303 synth_x0_x0_abw=0.0222 synth_x0_gen_adv=6.8336 synth_x0_gen_fm=0.2227 synth_total=0.7042 extra_render_attn_share=0.5520
[step 35600] real_p1_mirror_hole_cov=0.1751 real_p1_skipped=1.0000 real_p1_hole_frac=0.5096 real_p2_eps=0.0065 real_p2_x0_l1=0.3754 real_p2_x0_abw=0.0057 real_p2_gen_adv=7.1955 real_p2_gen_fm=0.2530 real_total=0.1942 discr_adv=2.7505 x0_discr_real_out=-0.0441 x0_discr_fake_out=-0.1949 x0_discr_real_gp=0.0187 p2_discr_real_out=-0.0695 p2_discr_fake_out=-0.0513 p2_discr_real_gp=0.0179 g_grad_abs=101.4535 d_grad_abs=265.3184 synth_eps=0.1522 synth_eps_raw=0.1522 synth_x0_x0_l1=0.2755 synth_x0_x0_abw=0.0580 synth_x0_gen_adv=7.8233 synth_x0_gen_fm=0.1850 synth_total=1.6947 extra_render_attn_share=0.5520
[step 35650] real_p1_mirror_hole_cov=0.2997 real_p1_skipped=1.0000 real_p1_hole_frac=0.5679 real_p2_eps=0.0268 real_p2_x0_l1=0.3489 real_p2_x0_abw=0.0181 real_p2_gen_adv=6.5265 real_p2_gen_fm=0.2463 real_total=0.5961 discr_adv=2.7869 x0_discr_real_out=0.1617 x0_discr_fake_out=0.1221 x0_discr_real_gp=0.0175 p2_discr_real_out=0.1273 p2_discr_fake_out=0.0851 p2_discr_real_gp=0.0255 g_grad_abs=341.4618 d_grad_abs=316.9740 synth_eps=0.6012 synth_eps_raw=0.6012 synth_x0_x0_l1=0.2354 synth_x0_x0_abw=0.3150 synth_x0_gen_adv=6.4040 synth_x0_gen_fm=0.1535 synth_total=7.5289 extra_render_attn_share=0.5520
[step 35700] real_p1_mirror_hole_cov=0.2503 real_p1_skipped=1.0000 real_p1_hole_frac=0.2688 real_p2_eps=0.0046 real_p2_x0_l1=0.3744 real_p2_x0_abw=0.0053 real_p2_gen_adv=6.4530 real_p2_gen_fm=0.2534 real_total=0.1756 discr_adv=2.7776 x0_discr_real_out=0.1550 x0_discr_fake_out=0.0422 x0_discr_real_gp=0.0178 p2_discr_real_out=0.1037 p2_discr_fake_out=0.1054 p2_discr_real_gp=0.0245 g_grad_abs=157.5162 d_grad_abs=409.0999 synth_eps=0.3401 synth_eps_raw=0.3401 synth_x0_x0_l1=0.2390 synth_x0_x0_abw=0.1841 synth_x0_gen_adv=7.1757 synth_x0_gen_fm=0.1635 synth_total=4.7143 extra_render_attn_share=0.5520
[step 35750] real_p1_mirror_hole_cov=0.2053 real_p1_skipped=1.0000 real_p1_hole_frac=0.5189 real_p2_eps=0.1520 real_p2_x0_l1=0.2900 real_p2_x0_abw=0.0548 real_p2_gen_adv=6.8698 real_p2_gen_fm=0.1833 real_total=1.5496 discr_adv=2.7679 x0_discr_real_out=-0.0359 x0_discr_fake_out=-0.0394 x0_discr_real_gp=0.0022 p2_discr_real_out=0.0265 p2_discr_fake_out=0.0126 p2_discr_real_gp=0.0007 g_grad_abs=1117.6308 d_grad_abs=58.5078 synth_eps=0.3133 synth_eps_raw=0.3133 synth_x0_x0_l1=0.2498 synth_x0_x0_abw=0.1044 synth_x0_gen_adv=6.9144 synth_x0_gen_fm=0.1500 synth_total=2.6267 extra_render_attn_share=0.5520
[step 35800] real_p1_mirror_hole_cov=0.0444 real_p1_skipped=1.0000 real_p1_hole_frac=0.2500 real_p2_eps=0.0607 real_p2_x0_l1=0.3284 real_p2_x0_abw=0.0279 real_p2_gen_adv=6.9191 real_p2_gen_fm=0.2079 real_total=0.8421 discr_adv=2.7270 x0_discr_real_out=0.0390 x0_discr_fake_out=-0.0518 x0_discr_real_gp=0.0051 p2_discr_real_out=0.0258 p2_discr_fake_out=0.0027 p2_discr_real_gp=0.0050 g_grad_abs=552.7227 d_grad_abs=123.1422 synth_eps=0.7588 synth_eps_raw=0.7588 synth_x0_x0_l1=0.0317 synth_x0_x0_abw=0.9832 synth_x0_gen_adv=7.1061 synth_x0_gen_fm=0.0146 synth_total=9.2165 extra_render_attn_share=0.5520
[step 35850] real_p1_mirror_hole_cov=0.1423 real_p1_skipped=1.0000 real_p1_hole_frac=0.4159 real_p2_eps=0.1409 real_p2_x0_l1=0.2774 real_p2_x0_abw=0.0514 real_p2_gen_adv=7.4137 real_p2_gen_fm=0.1824 real_total=1.4727 discr_adv=2.6548 x0_discr_real_out=0.1541 x0_discr_fake_out=-0.0331 x0_discr_real_gp=0.0147 p2_discr_real_out=0.0566 p2_discr_fake_out=-0.0936 p2_discr_real_gp=0.0300 g_grad_abs=887.0965 d_grad_abs=233.7424 synth_eps=0.1131 synth_eps_raw=0.1131 synth_x0_x0_l1=0.2893 synth_x0_x0_abw=0.0450 synth_x0_gen_adv=7.5614 synth_x0_gen_fm=0.1867 synth_total=1.3056 extra_render_attn_share=0.5520
[step 35900] real_p1_mirror_hole_cov=0.1849 real_p1_skipped=1.0000 real_p1_hole_frac=0.4117 real_p2_eps=0.5886 real_p2_x0_l1=0.1887 real_p2_x0_abw=0.2645 real_p2_gen_adv=8.0090 real_p2_gen_fm=0.1261 real_total=6.0903 discr_adv=2.7479 x0_discr_real_out=0.0431 x0_discr_fake_out=-0.0283 x0_discr_real_gp=0.0336 p2_discr_real_out=0.0359 p2_discr_fake_out=-0.2022 p2_discr_real_gp=0.0882 g_grad_abs=4585.1840 d_grad_abs=664.5543 synth_eps=0.0116 synth_eps_raw=0.0116 synth_x0_x0_l1=0.3679 synth_x0_x0_abw=0.0109 synth_x0_gen_adv=6.6542 synth_x0_gen_fm=0.2398 synth_total=0.3483 extra_render_attn_share=0.5520
[step 35950] real_p1_mirror_hole_cov=0.3430 real_p1_skipped=1.0000 real_p1_hole_frac=0.1643 real_p2_eps=0.7441 real_p2_x0_l1=0.1674 real_p2_x0_abw=0.3712 real_p2_gen_adv=7.9759 real_p2_gen_fm=0.1114 real_total=7.9007 discr_adv=2.6002 x0_discr_real_out=0.1690 x0_discr_fake_out=-0.1443 x0_discr_real_gp=0.0109 p2_discr_real_out=0.0750 p2_discr_fake_out=-0.1968 p2_discr_real_gp=0.0935 g_grad_abs=5719.5419 d_grad_abs=776.9229 synth_eps=0.0671 synth_eps_raw=0.0671 synth_x0_x0_l1=0.3203 synth_x0_x0_abw=0.0337 synth_x0_gen_adv=7.0115 synth_x0_gen_fm=0.2119 synth_total=1.0294 extra_render_attn_share=0.5520
[val step 35999] val_novel_full=0.3006 val_novel_hole=0.2797 val_novel_visible=0.3271
[step 36000] real_p1_mirror_hole_cov=0.1766 real_p1_skipped=1.0000 real_p1_hole_frac=0.3574 real_p2_eps=0.0241 real_p2_x0_l1=0.3535 real_p2_x0_abw=0.0154 real_p2_gen_adv=7.3087 real_p2_gen_fm=0.2346 real_total=0.5024 discr_adv=2.7859 x0_discr_real_out=0.1207 x0_discr_fake_out=0.0113 x0_discr_real_gp=0.0086 p2_discr_real_out=-0.0494 p2_discr_fake_out=-0.0729 p2_discr_real_gp=0.0667 g_grad_abs=273.4011 d_grad_abs=1214.3156 synth_eps=0.0104 synth_eps_raw=0.0104 synth_x0_x0_l1=0.3614 synth_x0_x0_abw=0.0097 synth_x0_gen_adv=7.0441 synth_x0_gen_fm=0.2458 synth_total=0.3220 extra_render_attn_share=0.5574
[images] real: anchor | cond1 | cond2 | inv_warp_mirror | mask | mask_inv | p2_pred_x0 | warp_img | warp_warp_img | x | y_hat | y_hat_novel -> /home/xzy/warpgan-diffusiong-inpainting/warpgan-diffusion-inpainting-main/experiments/train_inpainting_diffusion/[20260910-025204]_v18w1_struct_50k/logs/images/train/real_step0036000.png
[images] synth: cond | mask | pred_x0 | target | warp_img | x | y_hat_novel -> /home/xzy/warpgan-diffusiong-inpainting/warpgan-diffusion-inpainting-main/experiments/train_inpainting_diffusion/[20260910-025204]_v18w1_struct_50k/logs/images/train/synth_step0036000.png
[step 36050] real_p1_mirror_hole_cov=0.3622 real_p1_skipped=1.0000 real_p1_hole_frac=0.3419 real_p2_eps=0.7531 real_p2_x0_l1=0.0658 real_p2_x0_abw=0.9016 real_p2_gen_adv=6.8896 real_p2_gen_fm=0.0440 real_total=10.9871 discr_adv=2.7838 x0_discr_real_out=0.0755 x0_discr_fake_out=-0.0009 x0_discr_real_gp=0.0370 p2_discr_real_out=0.0463 p2_discr_fake_out=0.0104 p2_discr_real_gp=0.0253 g_grad_abs=9293.0578 d_grad_abs=435.2834 synth_eps=0.5845 synth_eps_raw=0.5845 synth_x0_x0_l1=0.1932 synth_x0_x0_abw=0.3308 synth_x0_gen_adv=8.0775 synth_x0_gen_fm=0.1400 synth_total=7.9523 extra_render_attn_share=0.5574
[step 36100] real_p1_mirror_hole_cov=0.3581 real_p1_skipped=1.0000 real_p1_hole_frac=0.5431 real_p2_eps=0.2298 real_p2_x0_l1=0.2632 real_p2_x0_abw=0.0844 real_p2_gen_adv=8.1058 real_p2_gen_fm=0.1817 real_total=2.4685 discr_adv=2.6500 x0_discr_real_out=0.0040 x0_discr_fake_out=-0.1713 x0_discr_real_gp=0.0271 p2_discr_real_out=-0.0183 p2_discr_fake_out=-0.2202 p2_discr_real_gp=0.0258 g_grad_abs=1321.9280 d_grad_abs=447.3311 synth_eps=0.8307 synth_eps_raw=0.8307 synth_x0_x0_l1=0.1899 synth_x0_x0_abw=0.4601 synth_x0_gen_adv=7.6529 synth_x0_gen_fm=0.1339 synth_total=10.5999 extra_render_attn_share=0.5574
[step 36150] real_p1_mirror_hole_cov=0.2145 real_p1_skipped=1.0000 real_p1_hole_frac=0.3385 real_p2_eps=0.1528 real_p2_x0_l1=0.3080 real_p2_x0_abw=0.0700 real_p2_gen_adv=7.5533 real_p2_gen_fm=0.2194 real_total=2.2379 discr_adv=2.7064 x0_discr_real_out=0.1496 x0_discr_fake_out=0.0537 x0_discr_real_gp=0.0052 p2_discr_real_out=0.0214 p2_discr_fake_out=-0.1176 p2_discr_real_gp=0.0370 g_grad_abs=1471.4841 d_grad_abs=461.5867 synth_eps=0.4119 synth_eps_raw=0.4119 synth_x0_x0_l1=0.2501 synth_x0_x0_abw=0.1992 synth_x0_gen_adv=7.7550 synth_x0_gen_fm=0.1847 synth_total=5.6855 extra_render_attn_share=0.5574
[step 36200] real_p1_mirror_hole_cov=0.0547 real_p1_skipped=1.0000 real_p1_hole_frac=0.4462 real_p2_eps=0.1899 real_p2_x0_l1=0.2822 real_p2_x0_abw=0.0795 real_p2_gen_adv=7.5914 real_p2_gen_fm=0.2013 real_total=2.4172 discr_adv=2.7104 x0_discr_real_out=-0.0149 x0_discr_fake_out=-0.1071 x0_discr_real_gp=0.0131 p2_discr_real_out=-0.0291 p2_discr_fake_out=-0.1259 p2_discr_real_gp=0.0120 g_grad_abs=1367.6596 d_grad_abs=516.1305 synth_eps=0.0916 synth_eps_raw=0.0916 synth_x0_x0_l1=0.3152 synth_x0_x0_abw=0.0438 synth_x0_gen_adv=7.3980 synth_x0_gen_fm=0.2229 synth_total=1.4065 extra_render_attn_share=0.5574
[step 36250] real_p1_mirror_hole_cov=0.3828 real_p1_skipped=1.0000 real_p1_hole_frac=0.2292 real_p2_eps=0.8886 real_p2_x0_l1=0.0725 real_p2_x0_abw=0.7871 real_p2_gen_adv=6.7233 real_p2_gen_fm=0.0650 real_total=11.3504 discr_adv=2.7122 x0_discr_real_out=0.1977 x0_discr_fake_out=0.0819 x0_discr_real_gp=0.0031 p2_discr_real_out=0.1065 p2_discr_fake_out=0.0438 p2_discr_real_gp=0.0155 g_grad_abs=9469.1918 d_grad_abs=385.1077 synth_eps=0.6526 synth_eps_raw=0.6526 synth_x0_x0_l1=0.0381 synth_x0_x0_abw=0.9241 synth_x0_gen_adv=6.8078 synth_x0_gen_fm=0.0214 synth_total=8.9536 extra_render_attn_share=0.5574
[step 36300] real_p1_mirror_hole_cov=0.1115 real_p1_skipped=1.0000 real_p1_hole_frac=0.4804 real_p2_eps=0.5751 real_p2_x0_l1=0.2539 real_p2_x0_abw=0.3441 real_p2_gen_adv=6.6318 real_p2_gen_fm=0.1686 real_total=8.7468 discr_adv=2.7223 x0_discr_real_out=0.1459 x0_discr_fake_out=0.0534 x0_discr_real_gp=0.0171 p2_discr_real_out=0.1549 p2_discr_fake_out=0.0663 p2_discr_real_gp=0.0082 g_grad_abs=6571.8317 d_grad_abs=791.9687 synth_eps=0.9078 synth_eps_raw=0.9078 synth_x0_x0_l1=0.0095 synth_x0_x0_abw=0.9957 synth_x0_gen_adv=6.8540 synth_x0_gen_fm=0.0019 synth_total=7.9301 extra_render_attn_share=0.5574
[step 36350] real_p1_mirror_hole_cov=0.0686 real_p1_skipped=1.0000 real_p1_hole_frac=0.2442 real_p2_eps=0.7891 real_p2_x0_l1=0.0868 real_p2_x0_abw=0.7031 real_p2_gen_adv=6.4198 real_p2_gen_fm=0.0655 real_total=9.9723 discr_adv=2.8184 x0_discr_real_out=0.0070 x0_discr_fake_out=0.0129 x0_discr_real_gp=0.0541 p2_discr_real_out=0.1682 p2_discr_fake_out=0.1063 p2_discr_real_gp=0.0127 g_grad_abs=9109.4135 d_grad_abs=594.1193 synth_eps=0.9813 synth_eps_raw=0.9813 synth_x0_x0_l1=0.1474 synth_x0_x0_abw=0.6307 synth_x0_gen_adv=6.5331 synth_x0_gen_fm=0.1038 synth_total=11.7393 extra_render_attn_share=0.5574
[step 36400] real_p1_mirror_hole_cov=0.0351 real_p1_skipped=1.0000 real_p1_hole_frac=0.1840 real_p2_eps=0.7618 real_p2_x0_l1=0.1639 real_p2_x0_abw=0.5703 real_p2_gen_adv=6.8898 real_p2_gen_fm=0.1294 real_total=12.1637 discr_adv=2.7701 x0_discr_real_out=-0.0526 x0_discr_fake_out=-0.0306 x0_discr_real_gp=0.0269 p2_discr_real_out=0.1101 p2_discr_fake_out=0.0105 p2_discr_real_gp=0.0049 g_grad_abs=8717.4981 d_grad_abs=574.1581 synth_eps=0.4868 synth_eps_raw=0.4868 synth_x0_x0_l1=0.2093 synth_x0_x0_abw=0.3236 synth_x0_gen_adv=7.9227 synth_x0_gen_fm=0.1656 synth_total=8.4761 extra_render_attn_share=0.5574
[step 36450] real_p1_mirror_hole_cov=0.2065 real_p1_skipped=1.0000 real_p1_hole_frac=0.3673 real_p2_eps=0.5791 real_p2_x0_l1=0.0526 real_p2_x0_abw=0.8713 real_p2_gen_adv=6.9239 real_p2_gen_fm=0.0467 real_total=10.7287 discr_adv=2.7385 x0_discr_real_out=0.0149 x0_discr_fake_out=-0.0644 x0_discr_real_gp=0.0065 p2_discr_real_out=0.0286 p2_discr_fake_out=0.0040 p2_discr_real_gp=0.0057 g_grad_abs=8253.8739 d_grad_abs=505.4287 synth_eps=0.6541 synth_eps_raw=0.6541 synth_x0_x0_l1=0.0229 synth_x0_x0_abw=0.9619 synth_x0_gen_adv=7.0140 synth_x0_gen_fm=0.0115 synth_total=8.5255 extra_render_attn_share=0.5574
[step 36500] real_p1_mirror_hole_cov=0.0912 real_p1_skipped=1.0000 real_p1_hole_frac=0.3756 real_p2_eps=0.7230 real_p2_x0_l1=0.0642 real_p2_x0_abw=0.9309 real_p2_gen_adv=6.3784 real_p2_gen_fm=0.0329 real_total=9.7822 discr_adv=2.9496 x0_discr_real_out=0.0398 x0_discr_fake_out=-0.2671 x0_discr_real_gp=0.3201 p2_discr_real_out=0.1384 p2_discr_fake_out=0.1148 p2_discr_real_gp=0.0047 g_grad_abs=11794.9084 d_grad_abs=8790.9356 synth_eps=0.7140 synth_eps_raw=0.7140 synth_x0_x0_l1=0.1856 synth_x0_x0_abw=0.5636 synth_x0_gen_adv=5.9955 synth_x0_gen_fm=0.1391 synth_total=12.0374 extra_render_attn_share=0.5574
[images] real: anchor | cond1 | cond2 | inv_warp_mirror | mask | mask_inv | p2_pred_x0 | warp_img | warp_warp_img | x | y_hat | y_hat_novel -> /home/xzy/warpgan-diffusiong-inpainting/warpgan-diffusion-inpainting-main/experiments/train_inpainting_diffusion/[20260910-025204]_v18w1_struct_50k/logs/images/train/real_step0036500.png
[images] synth: cond | mask | pred_x0 | target | warp_img | x | y_hat_novel -> /home/xzy/warpgan-diffusiong-inpainting/warpgan-diffusion-inpainting-main/experiments/train_inpainting_diffusion/[20260910-025204]_v18w1_struct_50k/logs/images/train/synth_step0036500.png
[step 36550] real_p1_mirror_hole_cov=0.1081 real_p1_skipped=1.0000 real_p1_hole_frac=0.3024 real_p2_eps=0.0968 real_p2_x0_l1=0.3013 real_p2_x0_abw=0.0453 real_p2_gen_adv=7.0141 real_p2_gen_fm=0.2147 real_total=1.4019 discr_adv=2.7940 x0_discr_real_out=0.0264 x0_discr_fake_out=0.0055 x0_discr_real_gp=0.0411 p2_discr_real_out=0.0600 p2_discr_fake_out=-0.0156 p2_discr_real_gp=0.0263 g_grad_abs=701.8689 d_grad_abs=525.3722 synth_eps=0.7835 synth_eps_raw=0.7835 synth_x0_x0_l1=0.0160 synth_x0_x0_abw=0.9850 synth_x0_gen_adv=6.4025 synth_x0_gen_fm=0.0057 synth_total=7.6633 extra_render_attn_share=0.5574
[step 36600] real_p1_mirror_hole_cov=0.1088 real_p1_skipped=1.0000 real_p1_hole_frac=0.0546 real_p2_eps=0.6265 real_p2_x0_l1=0.0164 real_p2_x0_abw=0.9904 real_p2_gen_adv=7.3380 real_p2_gen_fm=0.0055 real_total=8.4579 discr_adv=2.7686 x0_discr_real_out=-0.0488 x0_discr_fake_out=-0.0832 x0_discr_real_gp=0.0035 p2_discr_real_out=-0.0800 p2_discr_fake_out=-0.0792 p2_discr_real_gp=0.0054 g_grad_abs=3401.0612 d_grad_abs=158.5113 synth_eps=0.7124 synth_eps_raw=0.7124 synth_x0_x0_l1=0.2188 synth_x0_x0_abw=0.3426 synth_x0_gen_adv=7.2224 synth_x0_gen_fm=0.1259 synth_total=7.5734 extra_render_attn_share=0.5574
[step 36650] real_p1_mirror_hole_cov=0.0321 real_p1_skipped=1.0000 real_p1_hole_frac=0.1465 real_p2_eps=0.0438 real_p2_x0_l1=0.3364 real_p2_x0_abw=0.0279 real_p2_gen_adv=7.1165 real_p2_gen_fm=0.2391 real_total=0.9177 discr_adv=2.8514 x0_discr_real_out=-0.0218 x0_discr_fake_out=-0.1986 x0_discr_real_gp=0.1180 p2_discr_real_out=0.0034 p2_discr_fake_out=-0.0347 p2_discr_real_gp=0.0590 g_grad_abs=641.8345 d_grad_abs=2775.5940 synth_eps=0.8297 synth_eps_raw=0.8297 synth_x0_x0_l1=0.0692 synth_x0_x0_abw=0.9112 synth_x0_gen_adv=6.3754 synth_x0_gen_fm=0.0496 synth_total=11.2217 extra_render_attn_share=0.5574
[step 36700] real_p1_mirror_hole_cov=0.0157 real_p1_skipped=1.0000 real_p1_hole_frac=0.1782 real_p2_eps=0.5915 real_p2_x0_l1=0.2160 real_p2_x0_abw=0.3411 real_p2_gen_adv=7.4493 real_p2_gen_fm=0.1639 real_total=8.7960 discr_adv=2.6336 x0_discr_real_out=0.0946 x0_discr_fake_out=-0.0871 x0_discr_real_gp=0.0057 p2_discr_real_out=0.1098 p2_discr_fake_out=-0.0981 p2_discr_real_gp=0.0408 g_grad_abs=10390.5814 d_grad_abs=1013.4670 synth_eps=0.0470 synth_eps_raw=0.0470 synth_x0_x0_l1=0.3290 synth_x0_x0_abw=0.0247 synth_x0_gen_adv=7.3050 synth_x0_gen_fm=0.2420 synth_total=0.8323 extra_render_attn_share=0.5574
[step 36750] real_p1_mirror_hole_cov=0.0035 real_p1_skipped=1.0000 real_p1_hole_frac=0.0680 real_p2_eps=0.3125 real_p2_x0_l1=0.2406 real_p2_x0_abw=0.1449 real_p2_gen_adv=6.9388 real_p2_gen_fm=0.1500 real_total=3.5254 discr_adv=2.7687 x0_discr_real_out=-0.0081 x0_discr_fake_out=-0.0146 x0_discr_real_gp=0.0018 p2_discr_real_out=0.0150 p2_discr_fake_out=0.0003 p2_discr_real_gp=0.0018 g_grad_abs=3090.5869 d_grad_abs=194.8074 synth_eps=0.7251 synth_eps_raw=0.7251 synth_x0_x0_l1=0.1335 synth_x0_x0_abw=0.6274 synth_x0_gen_adv=7.1023 synth_x0_gen_fm=0.0802 synth_total=10.2967 extra_render_attn_share=0.5574
[step 36800] real_p1_mirror_hole_cov=0.0000 real_p1_skipped=1.0000 real_p1_hole_frac=0.0343 real_p2_eps=0.2505 real_p2_x0_l1=0.2448 real_p2_x0_abw=0.0887 real_p2_gen_adv=7.7022 real_p2_gen_fm=0.1559 real_total=2.3391 discr_adv=2.7119 x0_discr_real_out=0.0722 x0_discr_fake_out=0.0501 x0_discr_real_gp=0.0139 p2_discr_real_out=0.0472 p2_discr_fake_out=-0.1446 p2_discr_real_gp=0.0251 g_grad_abs=2820.8369 d_grad_abs=287.5558 synth_eps=0.1636 synth_eps_raw=0.1636 synth_x0_x0_l1=0.2755 synth_x0_x0_abw=0.0562 synth_x0_gen_adv=7.8032 synth_x0_gen_fm=0.1857 synth_total=1.6603 extra_render_attn_share=0.5574
[step 36850] real_p1_mirror_hole_cov=0.1318 real_p1_skipped=1.0000 real_p1_hole_frac=0.2952 real_p2_eps=0.5534 real_p2_x0_l1=0.2094 real_p2_x0_abw=0.2198 real_p2_gen_adv=7.8783 real_p2_gen_fm=0.1303 real_total=5.1954 discr_adv=2.6662 x0_discr_real_out=0.0605 x0_discr_fake_out=-0.0275 x0_discr_real_gp=0.0089 p2_discr_real_out=0.0089 p2_discr_fake_out=-0.1798 p2_discr_real_gp=0.0168 g_grad_abs=3185.8227 d_grad_abs=323.9570 synth_eps=0.5249 synth_eps_raw=0.5249 synth_x0_x0_l1=0.2337 synth_x0_x0_abw=0.1717 synth_x0_gen_adv=8.4952 synth_x0_gen_fm=0.1529 synth_total=4.6485 extra_render_attn_share=0.5574
[step 36900] real_p1_mirror_hole_cov=0.0040 real_p1_skipped=1.0000 real_p1_hole_frac=0.3363 real_p2_eps=0.5735 real_p2_x0_l1=0.0426 real_p2_x0_abw=0.9495 real_p2_gen_adv=6.4577 real_p2_gen_fm=0.0235 real_total=8.9795 discr_adv=2.7721 x0_discr_real_out=0.1263 x0_discr_fake_out=0.0725 x0_discr_real_gp=0.0131 p2_discr_real_out=0.1004 p2_discr_fake_out=0.0988 p2_discr_real_gp=0.0055 g_grad_abs=6906.1316 d_grad_abs=373.8908 synth_eps=0.6830 synth_eps_raw=0.6830 synth_x0_x0_l1=0.0649 synth_x0_x0_abw=0.8063 synth_x0_gen_adv=6.4819 synth_x0_gen_fm=0.0448 synth_total=9.5707 extra_render_attn_share=0.5574
[step 36950] real_p1_mirror_hole_cov=0.1960 real_p1_skipped=1.0000 real_p1_hole_frac=0.1810 real_p2_eps=0.6739 real_p2_x0_l1=0.1624 real_p2_x0_abw=0.5400 real_p2_gen_adv=7.0163 real_p2_gen_fm=0.1230 real_total=11.1943 discr_adv=2.7142 x0_discr_real_out=0.0884 x0_discr_fake_out=-0.0215 x0_discr_real_gp=0.0133 p2_discr_real_out=0.1203 p2_discr_fake_out=-0.0136 p2_discr_real_gp=0.0420 g_grad_abs=20008.0367 d_grad_abs=695.9421 synth_eps=0.6409 synth_eps_raw=0.6409 synth_x0_x0_l1=0.0526 synth_x0_x0_abw=0.8594 synth_x0_gen_adv=7.0510 synth_x0_gen_fm=0.0369 synth_total=9.9207 extra_render_attn_share=0.5574
[step 37000] real_p1_mirror_hole_cov=0.0065 real_p1_skipped=1.0000 real_p1_hole_frac=0.2073 real_p2_eps=0.0120 real_p2_x0_l1=0.3545 real_p2_x0_abw=0.0089 real_p2_gen_adv=6.9527 real_p2_gen_fm=0.2233 real_total=0.2763 discr_adv=2.7624 x0_discr_real_out=0.0149 x0_discr_fake_out=-0.0123 x0_discr_real_gp=0.0012 p2_discr_real_out=-0.0058 p2_discr_fake_out=-0.0041 p2_discr_real_gp=0.0011 g_grad_abs=293.9217 d_grad_abs=53.9177 synth_eps=0.0767 synth_eps_raw=0.0767 synth_x0_x0_l1=0.3191 synth_x0_x0_abw=0.0281 synth_x0_gen_adv=6.9861 synth_x0_gen_fm=0.2021 synth_total=0.8507 extra_render_attn_share=0.5574
[images] real: anchor | cond1 | cond2 | inv_warp_mirror | mask | mask_inv | p2_pred_x0 | warp_img | warp_warp_img | x | y_hat | y_hat_novel -> /home/xzy/warpgan-diffusiong-inpainting/warpgan-diffusion-inpainting-main/experiments/train_inpainting_diffusion/[20260910-025204]_v18w1_struct_50k/logs/images/train/real_step0037000.png
[images] synth: cond | mask | pred_x0 | target | warp_img | x | y_hat_novel -> /home/xzy/warpgan-diffusiong-inpainting/warpgan-diffusion-inpainting-main/experiments/train_inpainting_diffusion/[20260910-025204]_v18w1_struct_50k/logs/images/train/synth_step0037000.png
[step 37050] real_p1_mirror_hole_cov=0.0176 real_p1_skipped=1.0000 real_p1_hole_frac=0.2279 real_p2_eps=0.0080 real_p2_x0_l1=0.3694 real_p2_x0_abw=0.0090 real_p2_gen_adv=6.8394 real_p2_gen_fm=0.2303 real_total=0.2806 discr_adv=2.7560 x0_discr_real_out=0.0142 x0_discr_fake_out=-0.0306 x0_discr_real_gp=0.0034 p2_discr_real_out=0.0186 p2_discr_fake_out=0.0186 p2_discr_real_gp=0.0016 g_grad_abs=152.0830 d_grad_abs=78.6307 synth_eps=0.0524 synth_eps_raw=0.0524 synth_x0_x0_l1=0.3050 synth_x0_x0_abw=0.0279 synth_x0_gen_adv=6.9701 synth_x0_gen_fm=0.1895 synth_total=0.7832 extra_render_attn_share=0.5574
[step 37100] real_p1_mirror_hole_cov=0.0405 real_p1_skipped=1.0000 real_p1_hole_frac=0.0581 real_p2_eps=0.6755 real_p2_x0_l1=0.1868 real_p2_x0_abw=0.2723 real_p2_gen_adv=7.8206 real_p2_gen_fm=0.1257 real_total=6.2805 discr_adv=2.6955 x0_discr_real_out=-0.0042 x0_discr_fake_out=-0.0100 x0_discr_real_gp=0.0156 p2_discr_real_out=0.0580 p2_discr_fake_out=-0.1688 p2_discr_real_gp=0.0175 g_grad_abs=6273.2369 d_grad_abs=180.0536 synth_eps=0.9364 synth_eps_raw=0.9364 synth_x0_x0_l1=0.0935 synth_x0_x0_abw=0.6490 synth_x0_gen_adv=7.3672 synth_x0_gen_fm=0.0658 synth_total=10.0516 extra_render_attn_share=0.5574
[step 37150] real_p1_mirror_hole_cov=0.2262 real_p1_skipped=1.0000 real_p1_hole_frac=0.2638 real_p2_eps=0.9131 real_p2_x0_l1=0.1107 real_p2_x0_abw=0.5417 real_p2_gen_adv=7.6735 real_p2_gen_fm=0.0831 real_total=9.6302 discr_adv=2.6857 x0_discr_real_out=0.0651 x0_discr_fake_out=-0.1390 x0_discr_real_gp=0.0216 p2_discr_real_out=0.0091 p2_discr_fake_out=-0.1422 p2_discr_real_gp=0.0619 g_grad_abs=12005.9065 d_grad_abs=230.8839 synth_eps=0.7833 synth_eps_raw=0.7833 synth_x0_x0_l1=0.0647 synth_x0_x0_abw=0.9252 synth_x0_gen_adv=6.8057 synth_x0_gen_fm=0.0389 synth_total=10.7357 extra_render_attn_share=0.5574
[step 37200] real_p1_mirror_hole_cov=0.2328 real_p1_skipped=1.0000 real_p1_hole_frac=0.2933 real_p2_eps=0.6866 real_p2_x0_l1=0.0575 real_p2_x0_abw=0.8816 real_p2_gen_adv=6.6755 real_p2_gen_fm=0.0389 real_total=10.0530 discr_adv=2.7336 x0_discr_real_out=0.1695 x0_discr_fake_out=0.0415 x0_discr_real_gp=0.0093 p2_discr_real_out=0.0664 p2_discr_fake_out=0.0532 p2_discr_real_gp=0.0151 g_grad_abs=11628.4411 d_grad_abs=349.9344 synth_eps=0.7166 synth_eps_raw=0.7166 synth_x0_x0_l1=0.2199 synth_x0_x0_abw=0.2953 synth_x0_gen_adv=7.7786 synth_x0_gen_fm=0.1377 synth_total=7.1467 extra_render_attn_share=0.5574
[step 37250] real_p1_mirror_hole_cov=0.1049 real_p1_skipped=1.0000 real_p1_hole_frac=0.2282 real_p2_eps=0.8570 real_p2_x0_l1=0.1896 real_p2_x0_abw=0.4309 real_p2_gen_adv=7.5761 real_p2_gen_fm=0.1170 real_total=9.2457 discr_adv=2.5877 x0_discr_real_out=0.0272 x0_discr_fake_out=-0.2462 x0_discr_real_gp=0.0239 p2_discr_real_out=0.0601 p2_discr_fake_out=-0.1241 p2_discr_real_gp=0.0077 g_grad_abs=6382.3605 d_grad_abs=600.2301 synth_eps=0.1371 synth_eps_raw=0.1371 synth_x0_x0_l1=0.2816 synth_x0_x0_abw=0.0599 synth_x0_gen_adv=7.7870 synth_x0_gen_fm=0.1817 synth_total=1.7084 extra_render_attn_share=0.5574
[step 37300] real_p1_mirror_hole_cov=0.2252 real_p1_skipped=1.0000 real_p1_hole_frac=0.2096 real_p2_eps=0.6956 real_p2_x0_l1=0.1736 real_p2_x0_abw=0.5098 real_p2_gen_adv=6.9192 real_p2_gen_fm=0.1220 real_total=10.5314 discr_adv=2.7584 x0_discr_real_out=0.0017 x0_discr_fake_out=-0.1173 x0_discr_real_gp=0.0969 p2_discr_real_out=0.1456 p2_discr_fake_out=0.0059 p2_discr_real_gp=0.0087 g_grad_abs=7878.6735 d_grad_abs=1652.8081 synth_eps=0.0784 synth_eps_raw=0.0784 synth_x0_x0_l1=0.3132 synth_x0_x0_abw=0.0420 synth_x0_gen_adv=7.0924 synth_x0_gen_fm=0.2157 synth_total=1.2952 extra_render_attn_share=0.5574
[step 37350] real_p1_mirror_hole_cov=0.1508 real_p1_skipped=1.0000 real_p1_hole_frac=0.4629 real_p2_eps=0.7236 real_p2_x0_l1=0.1754 real_p2_x0_abw=0.4197 real_p2_gen_adv=7.3089 real_p2_gen_fm=0.1198 real_total=8.8924 discr_adv=2.7517 x0_discr_real_out=-0.0765 x0_discr_fake_out=-0.0796 x0_discr_real_gp=0.0049 p2_discr_real_out=0.0025 p2_discr_fake_out=-0.0718 p2_discr_real_gp=0.0070 g_grad_abs=7435.3342 d_grad_abs=370.7016 synth_eps=0.0688 synth_eps_raw=0.0688 synth_x0_x0_l1=0.3184 synth_x0_x0_abw=0.0362 synth_x0_gen_adv=7.4458 synth_x0_gen_fm=0.2104 synth_total=1.1123 extra_render_attn_share=0.5574
[step 37400] real_p1_mirror_hole_cov=0.0518 real_p1_skipped=1.0000 real_p1_hole_frac=0.1176 real_p2_eps=0.0091 real_p2_x0_l1=0.3744 real_p2_x0_abw=0.0104 real_p2_gen_adv=6.7168 real_p2_gen_fm=0.2521 real_total=0.3450 discr_adv=2.7337 x0_discr_real_out=0.0997 x0_discr_fake_out=-0.0078 x0_discr_real_gp=0.0091 p2_discr_real_out=0.0566 p2_discr_fake_out=0.0440 p2_discr_real_gp=0.0081 g_grad_abs=206.5675 d_grad_abs=451.6724 synth_eps=0.3318 synth_eps_raw=0.3318 synth_x0_x0_l1=0.2592 synth_x0_x0_abw=0.1569 synth_x0_gen_adv=7.0819 synth_x0_gen_fm=0.1704 synth_total=4.1576 extra_render_attn_share=0.5574
[step 37450] real_p1_mirror_hole_cov=0.1578 real_p1_skipped=1.0000 real_p1_hole_frac=0.3468 real_p2_eps=0.8704 real_p2_x0_l1=0.1532 real_p2_x0_abw=0.6424 real_p2_gen_adv=6.7038 real_p2_gen_fm=0.1133 real_total=12.5550 discr_adv=2.7585 x0_discr_real_out=0.0024 x0_discr_fake_out=-0.0366 x0_discr_real_gp=0.0398 p2_discr_real_out=0.1346 p2_discr_fake_out=0.0470 p2_discr_real_gp=0.0039 g_grad_abs=12001.0959 d_grad_abs=677.2055 synth_eps=0.0088 synth_eps_raw=0.0088 synth_x0_x0_l1=0.3692 synth_x0_x0_abw=0.0080 synth_x0_gen_adv=7.0212 synth_x0_gen_fm=0.2527 synth_total=0.2692 extra_render_attn_share=0.5574
[step 37500] real_p1_mirror_hole_cov=0.1579 real_p1_skipped=1.0000 real_p1_hole_frac=0.1629 real_p2_eps=0.0464 real_p2_x0_l1=0.3319 real_p2_x0_abw=0.0188 real_p2_gen_adv=7.1805 real_p2_gen_fm=0.2196 real_total=0.6005 discr_adv=2.7943 x0_discr_real_out=-0.0456 x0_discr_fake_out=-0.0321 x0_discr_real_gp=0.0064 p2_discr_real_out=-0.0477 p2_discr_fake_out=-0.0488 p2_discr_real_gp=0.0068 g_grad_abs=384.4555 d_grad_abs=170.0042 synth_eps=1.0002 synth_eps_raw=1.0002 synth_x0_x0_l1=0.0655 synth_x0_x0_abw=0.8150 synth_x0_gen_adv=6.9075 synth_x0_gen_fm=0.0463 synth_total=10.4604 extra_render_attn_share=0.5574
[images] real: anchor | cond1 | cond2 | inv_warp_mirror | mask | mask_inv | p2_pred_x0 | warp_img | warp_warp_img | x | y_hat | y_hat_novel -> /home/xzy/warpgan-diffusiong-inpainting/warpgan-diffusion-inpainting-main/experiments/train_inpainting_diffusion/[20260910-025204]_v18w1_struct_50k/logs/images/train/real_step0037500.png
[images] synth: cond | mask | pred_x0 | target | warp_img | x | y_hat_novel -> /home/xzy/warpgan-diffusiong-inpainting/warpgan-diffusion-inpainting-main/experiments/train_inpainting_diffusion/[20260910-025204]_v18w1_struct_50k/logs/images/train/synth_step0037500.png
[step 37550] real_p1_mirror_hole_cov=0.1672 real_p1_skipped=1.0000 real_p1_hole_frac=0.2623 real_p2_eps=0.8498 real_p2_x0_l1=0.0785 real_p2_x0_abw=0.7239 real_p2_gen_adv=6.8016 real_p2_gen_fm=0.0639 real_total=10.4549 discr_adv=2.6605 x0_discr_real_out=0.1249 x0_discr_fake_out=-0.1420 x0_discr_real_gp=0.0291 p2_discr_real_out=0.1261 p2_discr_fake_out=0.0275 p2_discr_real_gp=0.0328 g_grad_abs=10257.4260 d_grad_abs=362.1219 synth_eps=0.4398 synth_eps_raw=0.4398 synth_x0_x0_l1=0.2381 synth_x0_x0_abw=0.2093 synth_x0_gen_adv=7.5818 synth_x0_gen_fm=0.1553 synth_total=5.3284 extra_render_attn_share=0.5574
[step 37600] real_p1_mirror_hole_cov=0.2683 real_p1_skipped=1.0000 real_p1_hole_frac=0.2050 real_p2_eps=0.0973 real_p2_x0_l1=0.3105 real_p2_x0_abw=0.0477 real_p2_gen_adv=7.4039 real_p2_gen_fm=0.2138 real_total=1.4846 discr_adv=2.7269 x0_discr_real_out=0.0300 x0_discr_fake_out=-0.0571 x0_discr_real_gp=0.0053 p2_discr_real_out=-0.0405 p2_discr_fake_out=-0.0890 p2_discr_real_gp=0.0086 g_grad_abs=804.5290 d_grad_abs=656.5583 synth_eps=0.6547 synth_eps_raw=0.6547 synth_x0_x0_l1=0.2296 synth_x0_x0_abw=0.3605 synth_x0_gen_adv=7.2002 synth_x0_gen_fm=0.1488 synth_total=8.6967 extra_render_attn_share=0.5574
[step 37650] real_p1_mirror_hole_cov=0.2316 real_p1_skipped=1.0000 real_p1_hole_frac=0.1192 real_p2_eps=0.5059 real_p2_x0_l1=0.2421 real_p2_x0_abw=0.3079 real_p2_gen_adv=7.3196 real_p2_gen_fm=0.1656 real_total=7.9345 discr_adv=2.7225 x0_discr_real_out=-0.0391 x0_discr_fake_out=-0.1102 x0_discr_real_gp=0.0294 p2_discr_real_out=0.0366 p2_discr_fake_out=-0.0742 p2_discr_real_gp=0.0059 g_grad_abs=5843.6253 d_grad_abs=462.9866 synth_eps=0.0153 synth_eps_raw=0.0153 synth_x0_x0_l1=0.3705 synth_x0_x0_abw=0.0112 synth_x0_gen_adv=7.3075 synth_x0_gen_fm=0.2571 synth_total=0.3899 extra_render_attn_share=0.5574
[step 37700] real_p1_mirror_hole_cov=0.1600 real_p1_skipped=1.0000 real_p1_hole_frac=0.5821 real_p2_eps=0.8629 real_p2_x0_l1=0.1743 real_p2_x0_abw=0.4165 real_p2_gen_adv=7.3549 real_p2_gen_fm=0.1161 real_total=8.8349 discr_adv=2.6033 x0_discr_real_out=0.0509 x0_discr_fake_out=-0.1657 x0_discr_real_gp=0.0132 p2_discr_real_out=0.1002 p2_discr_fake_out=-0.0818 p2_discr_real_gp=0.0086 g_grad_abs=14436.7478 d_grad_abs=407.9729 synth_eps=0.8921 synth_eps_raw=0.8921 synth_x0_x0_l1=0.1321 synth_x0_x0_abw=0.4618 synth_x0_gen_adv=7.6614 synth_x0_gen_fm=0.0928 synth_total=8.7746 extra_render_attn_share=0.5574
[step 37750] real_p1_mirror_hole_cov=0.0633 real_p1_skipped=1.0000 real_p1_hole_frac=0.3504 real_p2_eps=0.2215 real_p2_x0_l1=0.2773 real_p2_x0_abw=0.0920 real_p2_gen_adv=7.9988 real_p2_gen_fm=0.1852 real_total=2.6865 discr_adv=2.7235 x0_discr_real_out=0.0326 x0_discr_fake_out=0.0239 x0_discr_real_gp=0.0083 p2_discr_real_out=0.0196 p2_discr_fake_out=-0.2010 p2_discr_real_gp=0.0496 g_grad_abs=1434.0756 d_grad_abs=724.6745 synth_eps=0.9138 synth_eps_raw=0.9138 synth_x0_x0_l1=0.1262 synth_x0_x0_abw=0.5939 synth_x0_gen_adv=7.3408 synth_x0_gen_fm=0.0952 synth_total=11.0044 extra_render_attn_share=0.5574
[step 37800] real_p1_mirror_hole_cov=0.3286 real_p1_skipped=1.0000 real_p1_hole_frac=0.7148 real_p2_eps=0.3443 real_p2_x0_l1=0.2284 real_p2_x0_abw=0.1378 real_p2_gen_adv=8.3190 real_p2_gen_fm=0.1637 real_total=3.7776 discr_adv=2.6993 x0_discr_real_out=0.0778 x0_discr_fake_out=0.0310 x0_discr_real_gp=0.0054 p2_discr_real_out=-0.0555 p2_discr_fake_out=-0.2576 p2_discr_real_gp=0.0327 g_grad_abs=2549.8744 d_grad_abs=370.4625 synth_eps=0.3678 synth_eps_raw=0.3678 synth_x0_x0_l1=0.2638 synth_x0_x0_abw=0.1431 synth_x0_gen_adv=8.1970 synth_x0_gen_fm=0.1771 synth_total=4.1118 extra_render_attn_share=0.5574
[step 37850] real_p1_mirror_hole_cov=0.0302 real_p1_skipped=1.0000 real_p1_hole_frac=0.1510 real_p2_eps=0.1596 real_p2_x0_l1=0.3034 real_p2_x0_abw=0.0705 real_p2_gen_adv=7.1710 real_p2_gen_fm=0.2093 real_total=2.1623 discr_adv=2.7424 x0_discr_real_out=0.0725 x0_discr_fake_out=0.0570 x0_discr_real_gp=0.0139 p2_discr_real_out=0.0550 p2_discr_fake_out=-0.0458 p2_discr_real_gp=0.0094 g_grad_abs=1381.8446 d_grad_abs=313.7904 synth_eps=0.7315 synth_eps_raw=0.7315 synth_x0_x0_l1=0.0787 synth_x0_x0_abw=0.7175 synth_x0_gen_adv=6.8764 synth_x0_gen_fm=0.0595 synth_total=9.9880 extra_render_attn_share=0.5574
[step 37900] real_p1_mirror_hole_cov=0.0509 real_p1_skipped=1.0000 real_p1_hole_frac=0.3150 real_p2_eps=0.6412 real_p2_x0_l1=0.0467 real_p2_x0_abw=0.9505 real_p2_gen_adv=6.6730 real_p2_gen_fm=0.0349 real_total=10.3425 discr_adv=2.7504 x0_discr_real_out=0.0778 x0_discr_fake_out=-0.0166 x0_discr_real_gp=0.0187 p2_discr_real_out=0.0683 p2_discr_fake_out=0.0528 p2_discr_real_gp=0.0112 g_grad_abs=8293.5172 d_grad_abs=112.3135 synth_eps=0.2518 synth_eps_raw=0.2518 synth_x0_x0_l1=0.2707 synth_x0_x0_abw=0.0946 synth_x0_gen_adv=7.7355 synth_x0_gen_fm=0.1861 synth_total=2.7702 extra_render_attn_share=0.5574
[step 37950] real_p1_mirror_hole_cov=0.0403 real_p1_skipped=1.0000 real_p1_hole_frac=0.1912 real_p2_eps=0.0075 real_p2_x0_l1=0.3726 real_p2_x0_abw=0.0085 real_p2_gen_adv=7.1199 real_p2_gen_fm=0.2680 real_total=0.3000 discr_adv=2.7827 x0_discr_real_out=0.0658 x0_discr_fake_out=0.0209 x0_discr_real_gp=0.0106 p2_discr_real_out=-0.0293 p2_discr_fake_out=-0.0347 p2_discr_real_gp=0.0199 g_grad_abs=166.3895 d_grad_abs=347.2317 synth_eps=0.0042 synth_eps_raw=0.0042 synth_x0_x0_l1=0.3729 synth_x0_x0_abw=0.0054 synth_x0_gen_adv=7.1405 synth_x0_gen_fm=0.2655 synth_total=0.1875 extra_render_attn_share=0.5574
[val step 37999] val_novel_full=0.3034 val_novel_hole=0.2530 val_novel_visible=0.3182
[step 38000] real_p1_mirror_hole_cov=0.1686 real_p1_skipped=1.0000 real_p1_hole_frac=0.0941 real_p2_eps=0.9662 real_p2_x0_l1=0.0971 real_p2_x0_abw=0.8320 real_p2_gen_adv=6.9731 real_p2_gen_fm=0.0766 real_total=13.2255 discr_adv=2.7707 x0_discr_real_out=-0.0500 x0_discr_fake_out=-0.0453 x0_discr_real_gp=0.0074 p2_discr_real_out=0.0478 p2_discr_fake_out=-0.0052 p2_discr_real_gp=0.0067 g_grad_abs=9544.7571 d_grad_abs=304.4059 synth_eps=0.0130 synth_eps_raw=0.0130 synth_x0_x0_l1=0.3773 synth_x0_x0_abw=0.0107 synth_x0_gen_adv=7.3210 synth_x0_gen_fm=0.2652 synth_total=0.3806 extra_render_attn_share=0.5563
[images] real: anchor | cond1 | cond2 | inv_warp_mirror | mask | mask_inv | p2_pred_x0 | warp_img | warp_warp_img | x | y_hat | y_hat_novel -> /home/xzy/warpgan-diffusiong-inpainting/warpgan-diffusion-inpainting-main/experiments/train_inpainting_diffusion/[20260910-025204]_v18w1_struct_50k/logs/images/train/real_step0038000.png
[images] synth: cond | mask | pred_x0 | target | warp_img | x | y_hat_novel -> /home/xzy/warpgan-diffusiong-inpainting/warpgan-diffusion-inpainting-main/experiments/train_inpainting_diffusion/[20260910-025204]_v18w1_struct_50k/logs/images/train/synth_step0038000.png
[step 38050] real_p1_mirror_hole_cov=0.2023 real_p1_skipped=1.0000 real_p1_hole_frac=0.4180 real_p2_eps=0.7427 real_p2_x0_l1=0.0564 real_p2_x0_abw=0.9171 real_p2_gen_adv=6.3483 real_p2_gen_fm=0.0445 real_total=10.6959 discr_adv=2.7891 x0_discr_real_out=0.0667 x0_discr_fake_out=0.0592 x0_discr_real_gp=0.0159 p2_discr_real_out=0.1396 p2_discr_fake_out=0.1208 p2_discr_real_gp=0.0071 g_grad_abs=9899.3833 d_grad_abs=175.1963 synth_eps=0.7666 synth_eps_raw=0.7666 synth_x0_x0_l1=0.0196 synth_x0_x0_abw=0.9785 synth_x0_gen_adv=6.7176 synth_x0_gen_fm=0.0077 synth_total=8.1114 extra_render_attn_share=0.5563
[step 38100] real_p1_mirror_hole_cov=0.3540 real_p1_skipped=1.0000 real_p1_hole_frac=0.5161 real_p2_eps=0.7895 real_p2_x0_l1=0.0500 real_p2_x0_abw=0.9252 real_p2_gen_adv=6.8733 real_p2_gen_fm=0.0314 real_total=10.1002 discr_adv=2.7744 x0_discr_real_out=-0.0154 x0_discr_fake_out=-0.0614 x0_discr_real_gp=0.0226 p2_discr_real_out=0.0301 p2_discr_fake_out=0.0126 p2_discr_real_gp=0.0080 g_grad_abs=4588.5778 d_grad_abs=447.5205 synth_eps=0.0625 synth_eps_raw=0.0625 synth_x0_x0_l1=0.3166 synth_x0_x0_abw=0.0317 synth_x0_gen_adv=7.4509 synth_x0_gen_fm=0.2346 synth_total=1.0518 extra_render_attn_share=0.5563
[step 38150] real_p1_mirror_hole_cov=0.0367 real_p1_skipped=1.0000 real_p1_hole_frac=0.3788 real_p2_eps=0.8144 real_p2_x0_l1=0.0743 real_p2_x0_abw=0.7871 real_p2_gen_adv=7.1606 real_p2_gen_fm=0.0584 real_total=11.1090 discr_adv=2.7595 x0_discr_real_out=-0.0014 x0_discr_fake_out=-0.0274 x0_discr_real_gp=0.0076 p2_discr_real_out=0.0049 p2_discr_fake_out=-0.0424 p2_discr_real_gp=0.0103 g_grad_abs=8476.7783 d_grad_abs=231.1421 synth_eps=0.7367 synth_eps_raw=0.7367 synth_x0_x0_l1=0.0873 synth_x0_x0_abw=0.7239 synth_x0_gen_adv=7.3759 synth_x0_gen_fm=0.0718 synth_total=11.3363 extra_render_attn_share=0.5563
[step 38200] real_p1_mirror_hole_cov=0.2087 real_p1_skipped=1.0000 real_p1_hole_frac=0.4046 real_p2_eps=0.3554 real_p2_x0_l1=0.2425 real_p2_x0_abw=0.1395 real_p2_gen_adv=8.3294 real_p2_gen_fm=0.1875 real_total=4.1671 discr_adv=2.6270 x0_discr_real_out=0.1439 x0_discr_fake_out=0.0923 x0_discr_real_gp=0.0172 p2_discr_real_out=0.1186 p2_discr_fake_out=-0.2588 p2_discr_real_gp=0.0336 g_grad_abs=4540.0922 d_grad_abs=703.8300 synth_eps=0.2684 synth_eps_raw=0.2684 synth_x0_x0_l1=0.2651 synth_x0_x0_abw=0.1140 synth_x0_gen_adv=8.1306 synth_x0_gen_fm=0.1860 synth_total=3.3468 extra_render_attn_share=0.5563
[step 38250] real_p1_mirror_hole_cov=0.2754 real_p1_skipped=1.0000 real_p1_hole_frac=0.3381 real_p2_eps=0.0181 real_p2_x0_l1=0.3576 real_p2_x0_abw=0.0116 real_p2_gen_adv=7.2121 real_p2_gen_fm=0.2615 real_total=0.4086 discr_adv=2.8835 x0_discr_real_out=0.0838 x0_discr_fake_out=0.0834 x0_discr_real_gp=0.0051 p2_discr_real_out=-0.0556 p2_discr_fake_out=-0.0538 p2_discr_real_gp=0.0999 g_grad_abs=174.6071 d_grad_abs=1691.0472 synth_eps=0.0148 synth_eps_raw=0.0148 synth_x0_x0_l1=0.3587 synth_x0_x0_abw=0.0100 synth_x0_gen_adv=6.9743 synth_x0_gen_fm=0.2589 synth_total=0.3455 extra_render_attn_share=0.5563
[step 38300] real_p1_mirror_hole_cov=0.0059 real_p1_skipped=1.0000 real_p1_hole_frac=0.2463 real_p2_eps=0.7002 real_p2_x0_l1=0.0442 real_p2_x0_abw=0.9195 real_p2_gen_adv=7.0090 real_p2_gen_fm=0.0237 real_total=9.3657 discr_adv=2.7702 x0_discr_real_out=0.0021 x0_discr_fake_out=-0.0140 x0_discr_real_gp=0.0014 p2_discr_real_out=-0.0166 p2_discr_fake_out=-0.0149 p2_discr_real_gp=0.0024 g_grad_abs=9365.9976 d_grad_abs=69.9049 synth_eps=0.0068 synth_eps_raw=0.0068 synth_x0_x0_l1=0.3734 synth_x0_x0_abw=0.0059 synth_x0_gen_adv=7.0259 synth_x0_gen_fm=0.2273 synth_total=0.1850 extra_render_attn_share=0.5563
[step 38350] real_p1_mirror_hole_cov=0.1637 real_p1_skipped=1.0000 real_p1_hole_frac=0.1289 real_p2_eps=0.9379 real_p2_x0_l1=0.1296 real_p2_x0_abw=0.4799 real_p2_gen_adv=6.9929 real_p2_gen_fm=0.0760 real_total=8.0028 discr_adv=2.7302 x0_discr_real_out=0.0297 x0_discr_fake_out=-0.0244 x0_discr_real_gp=0.0012 p2_discr_real_out=0.0272 p2_discr_fake_out=-0.0120 p2_discr_real_gp=0.0024 g_grad_abs=6529.5049 d_grad_abs=129.9618 synth_eps=0.0509 synth_eps_raw=0.0509 synth_x0_x0_l1=0.3209 synth_x0_x0_abw=0.0233 synth_x0_gen_adv=6.9542 synth_x0_gen_fm=0.1968 synth_total=0.6789 extra_render_attn_share=0.5563
[step 38400] real_p1_mirror_hole_cov=0.1046 real_p1_skipped=1.0000 real_p1_hole_frac=0.6710 real_p2_eps=0.8620 real_p2_x0_l1=0.0892 real_p2_x0_abw=0.6540 real_p2_gen_adv=7.3956 real_p2_gen_fm=0.0553 real_total=9.3741 discr_adv=2.7717 x0_discr_real_out=0.0413 x0_discr_fake_out=0.0429 x0_discr_real_gp=0.0059 p2_discr_real_out=-0.0310 p2_discr_fake_out=-0.0896 p2_discr_real_gp=0.0187 g_grad_abs=6254.2482 d_grad_abs=111.3817 synth_eps=0.5467 synth_eps_raw=0.5467 synth_x0_x0_l1=0.2046 synth_x0_x0_abw=0.1768 synth_x0_gen_adv=7.2815 synth_x0_gen_fm=0.1229 synth_total=4.0422 extra_render_attn_share=0.5563
[step 38450] real_p1_mirror_hole_cov=0.0256 real_p1_skipped=1.0000 real_p1_hole_frac=0.2330 real_p2_eps=0.0041 real_p2_x0_l1=0.3804 real_p2_x0_abw=0.0054 real_p2_gen_adv=6.5848 real_p2_gen_fm=0.2334 real_total=0.1691 discr_adv=2.8033 x0_discr_real_out=0.0306 x0_discr_fake_out=0.0296 x0_discr_real_gp=0.0207 p2_discr_real_out=0.0887 p2_discr_fake_out=0.0710 p2_discr_real_gp=0.0165 g_grad_abs=88.5073 d_grad_abs=186.9528 synth_eps=0.9288 synth_eps_raw=0.9288 synth_x0_x0_l1=0.1353 synth_x0_x0_abw=0.6918 synth_x0_gen_adv=6.9598 synth_x0_gen_fm=0.0881 synth_total=11.9336 extra_render_attn_share=0.5563
[step 38500] real_p1_mirror_hole_cov=0.0126 real_p1_skipped=1.0000 real_p1_hole_frac=0.1104 real_p2_eps=0.0056 real_p2_x0_l1=0.3738 real_p2_x0_abw=0.0063 real_p2_gen_adv=6.7784 real_p2_gen_fm=0.2308 real_total=0.1974 discr_adv=2.8005 x0_discr_real_out=0.0567 x0_discr_fake_out=0.0074 x0_discr_real_gp=0.0278 p2_discr_real_out=0.0441 p2_discr_fake_out=0.0313 p2_discr_real_gp=0.0294 g_grad_abs=116.9278 d_grad_abs=270.3129 synth_eps=0.6525 synth_eps_raw=0.6525 synth_x0_x0_l1=0.0321 synth_x0_x0_abw=0.9320 synth_x0_gen_adv=6.7325 synth_x0_gen_fm=0.0146 synth_total=8.3173 extra_render_attn_share=0.5563
[images] real: anchor | cond1 | cond2 | inv_warp_mirror | mask | mask_inv | p2_pred_x0 | warp_img | warp_warp_img | x | y_hat | y_hat_novel -> /home/xzy/warpgan-diffusiong-inpainting/warpgan-diffusion-inpainting-main/experiments/train_inpainting_diffusion/[20260910-025204]_v18w1_struct_50k/logs/images/train/real_step0038500.png
[images] synth: cond | mask | pred_x0 | target | warp_img | x | y_hat_novel -> /home/xzy/warpgan-diffusiong-inpainting/warpgan-diffusion-inpainting-main/experiments/train_inpainting_diffusion/[20260910-025204]_v18w1_struct_50k/logs/images/train/synth_step0038500.png
[step 38550] real_p1_mirror_hole_cov=0.0383 real_p1_skipped=1.0000 real_p1_hole_frac=0.1585 real_p2_eps=0.7019 real_p2_x0_l1=0.0517 real_p2_x0_abw=0.8880 real_p2_gen_adv=6.6886 real_p2_gen_fm=0.0318 real_total=9.5091 discr_adv=2.6831 x0_discr_real_out=0.1637 x0_discr_fake_out=-0.0653 x0_discr_real_gp=0.0120 p2_discr_real_out=0.0703 p2_discr_fake_out=0.0495 p2_discr_real_gp=0.0176 g_grad_abs=10334.8891 d_grad_abs=332.3449 synth_eps=0.3542 synth_eps_raw=0.3542 synth_x0_x0_l1=0.2356 synth_x0_x0_abw=0.1267 synth_x0_gen_adv=7.7818 synth_x0_gen_fm=0.1455 synth_total=3.2146 extra_render_attn_share=0.5563
[step 38600] real_p1_mirror_hole_cov=0.1017 real_p1_skipped=1.0000 real_p1_hole_frac=0.2999 real_p2_eps=0.0103 real_p2_x0_l1=0.3631 real_p2_x0_abw=0.0087 real_p2_gen_adv=6.9397 real_p2_gen_fm=0.2307 real_total=0.2752 discr_adv=2.7064 x0_discr_real_out=0.0765 x0_discr_fake_out=-0.2301 x0_discr_real_gp=0.0228 p2_discr_real_out=-0.0253 p2_discr_fake_out=-0.0008 p2_discr_real_gp=0.0424 g_grad_abs=125.2347 d_grad_abs=424.9466 synth_eps=0.5781 synth_eps_raw=0.5781 synth_x0_x0_l1=0.2289 synth_x0_x0_abw=0.2026 synth_x0_gen_adv=7.8860 synth_x0_gen_fm=0.1442 synth_total=5.1422 extra_render_attn_share=0.5563
[step 38650] real_p1_mirror_hole_cov=0.1368 real_p1_skipped=1.0000 real_p1_hole_frac=0.2042 real_p2_eps=0.6872 real_p2_x0_l1=0.0176 real_p2_x0_abw=0.9850 real_p2_gen_adv=6.5824 real_p2_gen_fm=0.0050 real_total=7.6850 discr_adv=2.9008 x0_discr_real_out=-0.0589 x0_discr_fake_out=-0.0308 x0_discr_real_gp=0.0973 p2_discr_real_out=0.0723 p2_discr_fake_out=0.0718 p2_discr_real_gp=0.0124 g_grad_abs=2128.9547 d_grad_abs=1702.5028 synth_eps=0.7445 synth_eps_raw=0.7445 synth_x0_x0_l1=0.0740 synth_x0_x0_abw=0.9332 synth_x0_gen_adv=6.3648 synth_x0_gen_fm=0.0454 synth_total=10.9929 extra_render_attn_share=0.5563
[step 38700] real_p1_mirror_hole_cov=0.2983 real_p1_skipped=1.0000 real_p1_hole_frac=0.3758 real_p2_eps=0.0319 real_p2_x0_l1=0.3392 real_p2_x0_abw=0.0194 real_p2_gen_adv=7.0426 real_p2_gen_fm=0.2235 real_total=0.6077 discr_adv=2.7585 x0_discr_real_out=0.0668 x0_discr_fake_out=-0.0146 x0_discr_real_gp=0.0115 p2_discr_real_out=-0.0080 p2_discr_fake_out=-0.0194 p2_discr_real_gp=0.0146 g_grad_abs=288.7604 d_grad_abs=397.8008 synth_eps=0.8083 synth_eps_raw=0.8083 synth_x0_x0_l1=0.1113 synth_x0_x0_abw=0.7175 synth_x0_gen_adv=6.4536 synth_x0_gen_fm=0.0776 synth_total=11.0847 extra_render_attn_share=0.5563
[step 38750] real_p1_mirror_hole_cov=0.0132 real_p1_skipped=1.0000 real_p1_hole_frac=0.1111 real_p2_eps=0.0345 real_p2_x0_l1=0.3265 real_p2_x0_abw=0.0240 real_p2_gen_adv=7.0150 real_p2_gen_fm=0.2172 real_total=0.7312 discr_adv=2.8139 x0_discr_real_out=0.0266 x0_discr_fake_out=0.0188 x0_discr_real_gp=0.0412 p2_discr_real_out=0.0585 p2_discr_fake_out=-0.0150 p2_discr_real_gp=0.0375 g_grad_abs=387.8344 d_grad_abs=1048.8068 synth_eps=0.0144 synth_eps_raw=0.0144 synth_x0_x0_l1=0.3612 synth_x0_x0_abw=0.0125 synth_x0_gen_adv=6.7965 synth_x0_gen_fm=0.2369 synth_total=0.3993 extra_render_attn_share=0.5563
[step 38800] real_p1_mirror_hole_cov=0.2224 real_p1_skipped=1.0000 real_p1_hole_frac=0.4684 real_p2_eps=0.4488 real_p2_x0_l1=0.2236 real_p2_x0_abw=0.1476 real_p2_gen_adv=7.9394 real_p2_gen_fm=0.1428 real_total=3.7619 discr_adv=2.7171 x0_discr_real_out=0.0455 x0_discr_fake_out=0.0455 x0_discr_real_gp=0.0070 p2_discr_real_out=-0.0122 p2_discr_fake_out=-0.1914 p2_discr_real_gp=0.0205 g_grad_abs=2419.0285 d_grad_abs=233.2512 synth_eps=0.8648 synth_eps_raw=0.8648 synth_x0_x0_l1=0.0837 synth_x0_x0_abw=0.6639 synth_x0_gen_adv=7.0449 synth_x0_gen_fm=0.0571 synth_total=9.3883 extra_render_attn_share=0.5563
[step 38850] real_p1_mirror_hole_cov=0.2167 real_p1_skipped=1.0000 real_p1_hole_frac=0.4590 real_p2_eps=0.6830 real_p2_x0_l1=0.2148 real_p2_x0_abw=0.4197 real_p2_gen_adv=6.7090 real_p2_gen_fm=0.1308 real_total=9.0771 discr_adv=2.6715 x0_discr_real_out=0.0635 x0_discr_fake_out=-0.1728 x0_discr_real_gp=0.0261 p2_discr_real_out=0.0967 p2_discr_fake_out=0.0475 p2_discr_real_gp=0.0050 g_grad_abs=9442.8672 d_grad_abs=778.6260 synth_eps=0.3121 synth_eps_raw=0.3121 synth_x0_x0_l1=0.2562 synth_x0_x0_abw=0.1522 synth_x0_gen_adv=7.0684 synth_x0_gen_fm=0.1652 synth_total=3.9414 extra_render_attn_share=0.5563
[step 38900] real_p1_mirror_hole_cov=0.3645 real_p1_skipped=1.0000 real_p1_hole_frac=0.2205 real_p2_eps=0.7687 real_p2_x0_l1=0.0733 real_p2_x0_abw=0.7568 real_p2_gen_adv=7.0632 real_p2_gen_fm=0.0546 real_total=10.2995 discr_adv=2.7164 x0_discr_real_out=0.0884 x0_discr_fake_out=-0.0313 x0_discr_real_gp=0.0048 p2_discr_real_out=0.0047 p2_discr_fake_out=-0.0252 p2_discr_real_gp=0.0096 g_grad_abs=7564.9429 d_grad_abs=657.5933 synth_eps=0.2890 synth_eps_raw=0.2890 synth_x0_x0_l1=0.2729 synth_x0_x0_abw=0.1227 synth_x0_gen_adv=8.0478 synth_x0_gen_fm=0.1839 synth_total=3.5655 extra_render_attn_share=0.5563
[step 38950] real_p1_mirror_hole_cov=0.2728 real_p1_skipped=1.0000 real_p1_hole_frac=0.3150 real_p2_eps=0.6859 real_p2_x0_l1=0.2040 real_p2_x0_abw=0.3382 real_p2_gen_adv=6.4617 real_p2_gen_fm=0.1348 real_total=7.4976 discr_adv=2.6559 x0_discr_real_out=0.1653 x0_discr_fake_out=-0.0300 x0_discr_real_gp=0.0087 p2_discr_real_out=0.2065 p2_discr_fake_out=0.0993 p2_discr_real_gp=0.0112 g_grad_abs=5529.5121 d_grad_abs=811.4273 synth_eps=0.1609 synth_eps_raw=0.1609 synth_x0_x0_l1=0.2848 synth_x0_x0_abw=0.0694 synth_x0_gen_adv=6.9480 synth_x0_gen_fm=0.1938 synth_total=2.0089 extra_render_attn_share=0.5563
[step 39000] real_p1_mirror_hole_cov=0.0323 real_p1_skipped=1.0000 real_p1_hole_frac=0.1748 real_p2_eps=0.0070 real_p2_x0_l1=0.3753 real_p2_x0_abw=0.0079 real_p2_gen_adv=7.9356 real_p2_gen_fm=0.2576 real_total=0.2756 discr_adv=3.1361 x0_discr_real_out=0.1664 x0_discr_fake_out=-0.1641 x0_discr_real_gp=0.2725 p2_discr_real_out=0.0074 p2_discr_fake_out=-0.1847 p2_discr_real_gp=0.3287 g_grad_abs=264.3662 d_grad_abs=19123.0292 synth_eps=0.8051 synth_eps_raw=0.8051 synth_x0_x0_l1=0.0614 synth_x0_x0_abw=0.8320 synth_x0_gen_adv=6.6187 synth_x0_gen_fm=0.0413 synth_total=9.8035 extra_render_attn_share=0.5563
[images] real: anchor | cond1 | cond2 | inv_warp_mirror | mask | mask_inv | p2_pred_x0 | warp_img | warp_warp_img | x | y_hat | y_hat_novel -> /home/xzy/warpgan-diffusiong-inpainting/warpgan-diffusion-inpainting-main/experiments/train_inpainting_diffusion/[20260910-025204]_v18w1_struct_50k/logs/images/train/real_step0039000.png
[images] synth: cond | mask | pred_x0 | target | warp_img | x | y_hat_novel -> /home/xzy/warpgan-diffusiong-inpainting/warpgan-diffusion-inpainting-main/experiments/train_inpainting_diffusion/[20260910-025204]_v18w1_struct_50k/logs/images/train/synth_step0039000.png
[step 39050] real_p1_mirror_hole_cov=0.1215 real_p1_skipped=1.0000 real_p1_hole_frac=0.2435 real_p2_eps=0.7989 real_p2_x0_l1=0.2018 real_p2_x0_abw=0.3250 real_p2_gen_adv=7.1531 real_p2_gen_fm=0.1227 real_total=7.1770 discr_adv=2.6736 x0_discr_real_out=0.0469 x0_discr_fake_out=-0.0835 x0_discr_real_gp=0.0116 p2_discr_real_out=0.0636 p2_discr_fake_out=-0.0431 p2_discr_real_gp=0.0041 g_grad_abs=7200.1142 d_grad_abs=383.1807 synth_eps=0.6730 synth_eps_raw=0.6730 synth_x0_x0_l1=0.1832 synth_x0_x0_abw=0.2281 synth_x0_gen_adv=7.8200 synth_x0_gen_fm=0.1186 synth_total=5.2045 extra_render_attn_share=0.5563
[step 39100] real_p1_mirror_hole_cov=0.0000 real_p1_skipped=1.0000 real_p1_hole_frac=0.0484 real_p2_eps=0.0535 real_p2_x0_l1=0.3202 real_p2_x0_abw=0.0337 real_p2_gen_adv=6.7033 real_p2_gen_fm=0.2172 real_total=1.0232 discr_adv=2.6877 x0_discr_real_out=0.0994 x0_discr_fake_out=-0.1591 x0_discr_real_gp=0.0160 p2_discr_real_out=0.0795 p2_discr_fake_out=0.0473 p2_discr_real_gp=0.0353 g_grad_abs=801.7919 d_grad_abs=434.8486 synth_eps=0.6980 synth_eps_raw=0.6980 synth_x0_x0_l1=0.1824 synth_x0_x0_abw=0.3441 synth_x0_gen_adv=8.0009 synth_x0_gen_fm=0.1173 synth_total=7.5493 extra_render_attn_share=0.5563
[step 39150] real_p1_mirror_hole_cov=0.0027 real_p1_skipped=1.0000 real_p1_hole_frac=0.1500 real_p2_eps=0.0276 real_p2_x0_l1=0.3470 real_p2_x0_abw=0.0167 real_p2_gen_adv=7.3022 real_p2_gen_fm=0.2285 real_total=0.5361 discr_adv=2.6755 x0_discr_real_out=0.0108 x0_discr_fake_out=-0.2582 x0_discr_real_gp=0.0242 p2_discr_real_out=-0.0229 p2_discr_fake_out=-0.0710 p2_discr_real_gp=0.0230 g_grad_abs=351.4325 d_grad_abs=500.3692 synth_eps=0.5877 synth_eps_raw=0.5877 synth_x0_x0_l1=0.2213 synth_x0_x0_abw=0.2440 synth_x0_gen_adv=7.6990 synth_x0_gen_fm=0.1438 synth_total=6.0297 extra_render_attn_share=0.5563
[step 39200] real_p1_mirror_hole_cov=0.1560 real_p1_skipped=1.0000 real_p1_hole_frac=0.3807 real_p2_eps=0.7336 real_p2_x0_l1=0.1503 real_p2_x0_abw=0.6123 real_p2_gen_adv=6.7587 real_p2_gen_fm=0.1066 real_total=11.4900 discr_adv=2.6984 x0_discr_real_out=0.1206 x0_discr_fake_out=0.0368 x0_discr_real_gp=0.0036 p2_discr_real_out=0.1312 p2_discr_fake_out=0.0362 p2_discr_real_gp=0.0034 g_grad_abs=9038.6004 d_grad_abs=875.3684 synth_eps=0.0095 synth_eps_raw=0.0095 synth_x0_x0_l1=0.3684 synth_x0_x0_abw=0.0079 synth_x0_gen_adv=7.0126 synth_x0_gen_fm=0.2446 synth_total=0.2605 extra_render_attn_share=0.5563
[step 39250] real_p1_mirror_hole_cov=0.0667 real_p1_skipped=1.0000 real_p1_hole_frac=0.4421 real_p2_eps=0.6885 real_p2_x0_l1=0.2049 real_p2_x0_abw=0.2478 real_p2_gen_adv=7.1964 real_p2_gen_fm=0.1169 real_total=5.4199 discr_adv=2.7438 x0_discr_real_out=-0.0221 x0_discr_fake_out=-0.0453 x0_discr_real_gp=0.0052 p2_discr_real_out=0.0125 p2_discr_fake_out=-0.0503 p2_discr_real_gp=0.0056 g_grad_abs=3816.3631 d_grad_abs=186.5651 synth_eps=0.0107 synth_eps_raw=0.0107 synth_x0_x0_l1=0.3747 synth_x0_x0_abw=0.0074 synth_x0_gen_adv=7.0777 synth_x0_gen_fm=0.2384 synth_total=0.2439 extra_render_attn_share=0.5563
[step 39300] real_p1_mirror_hole_cov=0.0616 real_p1_skipped=1.0000 real_p1_hole_frac=0.0522 real_p2_eps=0.8733 real_p2_x0_l1=0.0891 real_p2_x0_abw=0.7537 real_p2_gen_adv=7.3651 real_p2_gen_fm=0.0566 real_total=10.7563 discr_adv=2.7845 x0_discr_real_out=0.0202 x0_discr_fake_out=-0.0472 x0_discr_real_gp=0.0520 p2_discr_real_out=0.0296 p2_discr_fake_out=-0.0838 p2_discr_real_gp=0.0473 g_grad_abs=7918.1339 d_grad_abs=472.0327 synth_eps=0.9731 synth_eps_raw=0.9731 synth_x0_x0_l1=0.1384 synth_x0_x0_abw=0.6006 synth_x0_gen_adv=6.9993 synth_x0_gen_fm=0.0896 synth_total=10.6441 extra_render_attn_share=0.5563
[step 39350] real_p1_mirror_hole_cov=0.1354 real_p1_skipped=1.0000 real_p1_hole_frac=0.0330 real_p2_eps=0.9095 real_p2_x0_l1=0.1801 real_p2_x0_abw=0.5015 real_p2_gen_adv=7.0511 real_p2_gen_fm=0.1164 real_total=10.3717 discr_adv=2.6776 x0_discr_real_out=0.1560 x0_discr_fake_out=0.0814 x0_discr_real_gp=0.0136 p2_discr_real_out=0.1532 p2_discr_fake_out=-0.0229 p2_discr_real_gp=0.0082 g_grad_abs=8208.6468 d_grad_abs=525.0196 synth_eps=0.2663 synth_eps_raw=0.2663 synth_x0_x0_l1=0.2697 synth_x0_x0_abw=0.1051 synth_x0_gen_adv=7.6458 synth_x0_gen_fm=0.1767 synth_total=2.9551 extra_render_attn_share=0.5563
[step 39400] real_p1_mirror_hole_cov=0.2423 real_p1_skipped=1.0000 real_p1_hole_frac=0.3139 real_p2_eps=0.2731 real_p2_x0_l1=0.2716 real_p2_x0_abw=0.1203 real_p2_gen_adv=7.5181 real_p2_gen_fm=0.1852 real_total=3.4367 discr_adv=2.6756 x0_discr_real_out=0.0718 x0_discr_fake_out=-0.0704 x0_discr_real_gp=0.0212 p2_discr_real_out=0.0302 p2_discr_fake_out=-0.1120 p2_discr_real_gp=0.0181 g_grad_abs=1511.3053 d_grad_abs=661.8395 synth_eps=0.7098 synth_eps_raw=0.7098 synth_x0_x0_l1=0.0582 synth_x0_x0_abw=0.9100 synth_x0_gen_adv=6.7855 synth_x0_gen_fm=0.0402 synth_total=10.5939 extra_render_attn_share=0.5563
[step 39450] real_p1_mirror_hole_cov=0.1375 real_p1_skipped=1.0000 real_p1_hole_frac=0.2226 real_p2_eps=0.0086 real_p2_x0_l1=0.3656 real_p2_x0_abw=0.0069 real_p2_gen_adv=6.8346 real_p2_gen_fm=0.2459 real_total=0.2272 discr_adv=2.7600 x0_discr_real_out=0.1395 x0_discr_fake_out=0.0588 x0_discr_real_gp=0.0114 p2_discr_real_out=0.0378 p2_discr_fake_out=0.0220 p2_discr_real_gp=0.0170 g_grad_abs=196.9934 d_grad_abs=228.5882 synth_eps=0.7744 synth_eps_raw=0.7744 synth_x0_x0_l1=0.2109 synth_x0_x0_abw=0.4054 synth_x0_gen_adv=6.8119 synth_x0_gen_fm=0.1312 synth_total=8.9421 extra_render_attn_share=0.5563
[step 39500] real_p1_mirror_hole_cov=0.0964 real_p1_skipped=1.0000 real_p1_hole_frac=0.1246 real_p2_eps=0.0997 real_p2_x0_l1=0.3075 real_p2_x0_abw=0.0461 real_p2_gen_adv=7.0137 real_p2_gen_fm=0.2054 real_total=1.3845 discr_adv=2.7752 x0_discr_real_out=0.0012 x0_discr_fake_out=-0.0086 x0_discr_real_gp=0.0053 p2_discr_real_out=-0.0031 p2_discr_fake_out=-0.0151 p2_discr_real_gp=0.0054 g_grad_abs=889.0726 d_grad_abs=216.6103 synth_eps=0.0438 synth_eps_raw=0.0438 synth_x0_x0_l1=0.3362 synth_x0_x0_abw=0.0240 synth_x0_gen_adv=7.1369 synth_x0_gen_fm=0.2193 synth_total=0.7487 extra_render_attn_share=0.5563
[images] real: anchor | cond1 | cond2 | inv_warp_mirror | mask | mask_inv | p2_pred_x0 | warp_img | warp_warp_img | x | y_hat | y_hat_novel -> /home/xzy/warpgan-diffusiong-inpainting/warpgan-diffusion-inpainting-main/experiments/train_inpainting_diffusion/[20260910-025204]_v18w1_struct_50k/logs/images/train/real_step0039500.png
[images] synth: cond | mask | pred_x0 | target | warp_img | x | y_hat_novel -> /home/xzy/warpgan-diffusiong-inpainting/warpgan-diffusion-inpainting-main/experiments/train_inpainting_diffusion/[20260910-025204]_v18w1_struct_50k/logs/images/train/synth_step0039500.png
[step 39550] real_p1_mirror_hole_cov=0.2944 real_p1_skipped=1.0000 real_p1_hole_frac=0.2724 real_p2_eps=0.7689 real_p2_x0_l1=0.0520 real_p2_x0_abw=0.8917 real_p2_gen_adv=6.6554 real_p2_gen_fm=0.0349 real_total=9.8610 discr_adv=2.7790 x0_discr_real_out=0.0628 x0_discr_fake_out=0.0560 x0_discr_real_gp=0.0101 p2_discr_real_out=0.0840 p2_discr_fake_out=0.0572 p2_discr_real_gp=0.0084 g_grad_abs=5945.9239 d_grad_abs=204.1577 synth_eps=0.3910 synth_eps_raw=0.3910 synth_x0_x0_l1=0.2587 synth_x0_x0_abw=0.1579 synth_x0_gen_adv=7.2771 synth_x0_gen_fm=0.1655 synth_total=4.1946 extra_render_attn_share=0.5563
[step 39600] real_p1_mirror_hole_cov=0.1361 real_p1_skipped=1.0000 real_p1_hole_frac=0.3978 real_p2_eps=0.1003 real_p2_x0_l1=0.3123 real_p2_x0_abw=0.0526 real_p2_gen_adv=7.5212 real_p2_gen_fm=0.2076 real_total=1.6057 discr_adv=2.7576 x0_discr_real_out=-0.0839 x0_discr_fake_out=-0.0862 x0_discr_real_gp=0.0049 p2_discr_real_out=-0.0381 p2_discr_fake_out=-0.1136 p2_discr_real_gp=0.0131 g_grad_abs=978.7970 d_grad_abs=261.4562 synth_eps=0.5201 synth_eps_raw=0.5201 synth_x0_x0_l1=0.2417 synth_x0_x0_abw=0.2329 synth_x0_gen_adv=7.8770 synth_x0_gen_fm=0.1572 synth_total=6.0733 extra_render_attn_share=0.5563
[step 39650] real_p1_mirror_hole_cov=0.1526 real_p1_skipped=1.0000 real_p1_hole_frac=0.2522 real_p2_eps=0.9859 real_p2_x0_l1=0.1103 real_p2_x0_abw=0.7444 real_p2_gen_adv=7.3718 real_p2_gen_fm=0.0752 real_total=12.1505 discr_adv=2.6899 x0_discr_real_out=-0.0652 x0_discr_fake_out=-0.1653 x0_discr_real_gp=0.0081 p2_discr_real_out=0.0242 p2_discr_fake_out=-0.0842 p2_discr_real_gp=0.0057 g_grad_abs=16425.3818 d_grad_abs=258.0927 synth_eps=0.4421 synth_eps_raw=0.4421 synth_x0_x0_l1=0.2521 synth_x0_x0_abw=0.1618 synth_x0_gen_adv=7.9856 synth_x0_gen_fm=0.1573 synth_total=4.3182 extra_render_attn_share=0.5563
[step 39700] real_p1_mirror_hole_cov=0.0980 real_p1_skipped=1.0000 real_p1_hole_frac=0.1599 real_p2_eps=0.2024 real_p2_x0_l1=0.2709 real_p2_x0_abw=0.0795 real_p2_gen_adv=7.3396 real_p2_gen_fm=0.1792 real_total=2.2330 discr_adv=2.6707 x0_discr_real_out=0.1030 x0_discr_fake_out=-0.0404 x0_discr_real_gp=0.0169 p2_discr_real_out=0.0454 p2_discr_fake_out=-0.0795 p2_discr_real_gp=0.0113 g_grad_abs=1118.5868 d_grad_abs=498.6666 synth_eps=0.4526 synth_eps_raw=0.4526 synth_x0_x0_l1=0.2405 synth_x0_x0_abw=0.1809 synth_x0_gen_adv=7.4986 synth_x0_gen_fm=0.1618 synth_total=4.7804 extra_render_attn_share=0.5563
[step 39750] real_p1_mirror_hole_cov=0.1198 real_p1_skipped=1.0000 real_p1_hole_frac=0.2976 real_p2_eps=0.1759 real_p2_x0_l1=0.2878 real_p2_x0_abw=0.0862 real_p2_gen_adv=7.9492 real_p2_gen_fm=0.1965 real_total=2.5801 discr_adv=2.7773 x0_discr_real_out=-0.0851 x0_discr_fake_out=-0.0763 x0_discr_real_gp=0.0386 p2_discr_real_out=-0.0427 p2_discr_fake_out=-0.1913 p2_discr_real_gp=0.0259 g_grad_abs=1361.4774 d_grad_abs=654.0848 synth_eps=0.0618 synth_eps_raw=0.0618 synth_x0_x0_l1=0.3262 synth_x0_x0_abw=0.0350 synth_x0_gen_adv=7.2105 synth_x0_gen_fm=0.2276 synth_total=1.1210 extra_render_attn_share=0.5563
[step 39800] real_p1_mirror_hole_cov=0.4708 real_p1_skipped=1.0000 real_p1_hole_frac=0.4135 real_p2_eps=0.6282 real_p2_x0_l1=0.2360 real_p2_x0_abw=0.3294 real_p2_gen_adv=7.2355 real_p2_gen_fm=0.1607 real_total=8.3829 discr_adv=2.6270 x0_discr_real_out=0.0279 x0_discr_fake_out=-0.1994 x0_discr_real_gp=0.0166 p2_discr_real_out=0.0654 p2_discr_fake_out=-0.0581 p2_discr_real_gp=0.0036 g_grad_abs=4320.4014 d_grad_abs=1167.0785 synth_eps=0.8640 synth_eps_raw=0.8640 synth_x0_x0_l1=0.0767 synth_x0_x0_abw=0.8992 synth_x0_gen_adv=7.2317 synth_x0_gen_fm=0.0483 synth_total=11.7822 extra_render_attn_share=0.5563
[step 39850] real_p1_mirror_hole_cov=0.0571 real_p1_skipped=1.0000 real_p1_hole_frac=0.1527 real_p2_eps=0.4630 real_p2_x0_l1=0.2587 real_p2_x0_abw=0.2209 real_p2_gen_adv=7.3972 real_p2_gen_fm=0.1706 real_total=5.9246 discr_adv=2.6700 x0_discr_real_out=0.0722 x0_discr_fake_out=-0.0528 x0_discr_real_gp=0.0037 p2_discr_real_out=0.0184 p2_discr_fake_out=-0.0896 p2_discr_real_gp=0.0046 g_grad_abs=4537.3973 d_grad_abs=805.0543 synth_eps=0.0296 synth_eps_raw=0.0296 synth_x0_x0_l1=0.3527 synth_x0_x0_abw=0.0158 synth_x0_gen_adv=7.3286 synth_x0_gen_fm=0.2416 synth_total=0.5341 extra_render_attn_share=0.5563
[step 39900] real_p1_mirror_hole_cov=0.0482 real_p1_skipped=1.0000 real_p1_hole_frac=0.5304 real_p2_eps=1.0751 real_p2_x0_l1=0.0887 real_p2_x0_abw=0.7412 real_p2_gen_adv=7.2829 real_p2_gen_fm=0.0625 real_total=11.1695 discr_adv=2.7608 x0_discr_real_out=-0.0704 x0_discr_fake_out=-0.0713 x0_discr_real_gp=0.0044 p2_discr_real_out=-0.0138 p2_discr_fake_out=-0.0677 p2_discr_real_gp=0.0075 g_grad_abs=6780.9831 d_grad_abs=131.2935 synth_eps=0.0127 synth_eps_raw=0.0127 synth_x0_x0_l1=0.3609 synth_x0_x0_abw=0.0079 synth_x0_gen_adv=7.3645 synth_x0_gen_fm=0.2428 synth_total=0.2650 extra_render_attn_share=0.5563
[step 39950] real_p1_mirror_hole_cov=0.1495 real_p1_skipped=1.0000 real_p1_hole_frac=0.5053 real_p2_eps=0.0075 real_p2_x0_l1=0.3735 real_p2_x0_abw=0.0065 real_p2_gen_adv=6.8946 real_p2_gen_fm=0.2521 real_total=0.2182 discr_adv=2.7378 x0_discr_real_out=0.1134 x0_discr_fake_out=-0.0353 x0_discr_real_gp=0.0268 p2_discr_real_out=0.0287 p2_discr_fake_out=0.0081 p2_discr_real_gp=0.0200 g_grad_abs=123.4065 d_grad_abs=247.6941 synth_eps=0.0069 synth_eps_raw=0.0069 synth_x0_x0_l1=0.3740 synth_x0_x0_abw=0.0061 synth_x0_gen_adv=6.7103 synth_x0_gen_fm=0.2534 synth_total=0.2054 extra_render_attn_share=0.5563
[ckpt] saved /home/xzy/warpgan-diffusiong-inpainting/warpgan-diffusion-inpainting-main/experiments/train_inpainting_diffusion/[20260910-025204]_v18w1_struct_50k/checkpoints/iteration_0039999.pt
[val step 39999] val_novel_full=0.2875 val_novel_hole=0.2604 val_novel_visible=0.3009
[step 40000] real_p1_mirror_hole_cov=0.0091 real_p1_skipped=1.0000 real_p1_hole_frac=0.0252 real_p2_eps=0.5290 real_p2_x0_l1=0.0483 real_p2_x0_abw=0.9320 real_p2_gen_adv=7.0401 real_p2_gen_fm=0.0364 real_total=10.5257 discr_adv=2.7901 x0_discr_real_out=-0.1276 x0_discr_fake_out=-0.1320 x0_discr_real_gp=0.0128 p2_discr_real_out=-0.0061 p2_discr_fake_out=-0.0206 p2_discr_real_gp=0.0076 g_grad_abs=11257.9193 d_grad_abs=228.1840 synth_eps=0.0065 synth_eps_raw=0.0065 synth_x0_x0_l1=0.3797 synth_x0_x0_abw=0.0063 synth_x0_gen_adv=7.4899 synth_x0_gen_fm=0.2538 synth_total=0.2149 extra_render_attn_share=0.5550
[images] real: anchor | cond1 | cond2 | inv_warp_mirror | mask | mask_inv | p2_pred_x0 | warp_img | warp_warp_img | x | y_hat | y_hat_novel -> /home/xzy/warpgan-diffusiong-inpainting/warpgan-diffusion-inpainting-main/experiments/train_inpainting_diffusion/[20260910-025204]_v18w1_struct_50k/logs/images/train/real_step0040000.png
[images] synth: cond | mask | pred_x0 | target | warp_img | x | y_hat_novel -> /home/xzy/warpgan-diffusiong-inpainting/warpgan-diffusion-inpainting-main/experiments/train_inpainting_diffusion/[20260910-025204]_v18w1_struct_50k/logs/images/train/synth_step0040000.png
[step 40050] real_p1_mirror_hole_cov=0.0585 real_p1_skipped=1.0000 real_p1_hole_frac=0.1659 real_p2_eps=0.1640 real_p2_x0_l1=0.2994 real_p2_x0_abw=0.0825 real_p2_gen_adv=7.0272 real_p2_gen_fm=0.2074 real_total=2.4798 discr_adv=2.7287 x0_discr_real_out=0.0801 x0_discr_fake_out=0.0112 x0_discr_real_gp=0.0088 p2_discr_real_out=0.0511 p2_discr_fake_out=-0.0179 p2_discr_real_gp=0.0130 g_grad_abs=1550.2481 d_grad_abs=334.9566 synth_eps=0.8498 synth_eps_raw=0.8498 synth_x0_x0_l1=0.0888 synth_x0_x0_abw=0.7690 synth_x0_gen_adv=6.6327 synth_x0_gen_fm=0.0721 synth_total=11.5671 extra_render_attn_share=0.5550
[step 40100] real_p1_mirror_hole_cov=0.2259 real_p1_skipped=1.0000 real_p1_hole_frac=0.0308 real_p2_eps=0.9968 real_p2_x0_l1=0.1652 real_p2_x0_abw=0.5669 real_p2_gen_adv=7.3629 real_p2_gen_fm=0.1107 real_total=11.5382 discr_adv=2.7343 x0_discr_real_out=-0.0656 x0_discr_fake_out=-0.0757 x0_discr_real_gp=0.0125 p2_discr_real_out=0.0237 p2_discr_fake_out=-0.0828 p2_discr_real_gp=0.0033 g_grad_abs=8342.6904 d_grad_abs=209.3559 synth_eps=0.5469 synth_eps_raw=0.5469 synth_x0_x0_l1=0.1982 synth_x0_x0_abw=0.2198 synth_x0_gen_adv=7.7023 synth_x0_gen_fm=0.1389 synth_total=5.3357 extra_render_attn_share=0.5550
[step 40150] real_p1_mirror_hole_cov=0.0024 real_p1_skipped=1.0000 real_p1_hole_frac=0.0881 real_p2_eps=0.5180 real_p2_x0_l1=0.2364 real_p2_x0_abw=0.2354 real_p2_gen_adv=6.8827 real_p2_gen_fm=0.1511 real_total=5.7506 discr_adv=2.6365 x0_discr_real_out=0.1129 x0_discr_fake_out=-0.0879 x0_discr_real_gp=0.0239 p2_discr_real_out=0.1663 p2_discr_fake_out=0.0115 p2_discr_real_gp=0.0094 g_grad_abs=3141.7574 d_grad_abs=708.7337 synth_eps=0.0206 synth_eps_raw=0.0206 synth_x0_x0_l1=0.3454 synth_x0_x0_abw=0.0151 synth_x0_gen_adv=6.8579 synth_x0_gen_fm=0.2392 synth_total=0.4892 extra_render_attn_share=0.5550
[step 40200] real_p1_mirror_hole_cov=0.2720 real_p1_skipped=1.0000 real_p1_hole_frac=0.5573 real_p2_eps=0.6891 real_p2_x0_l1=0.2038 real_p2_x0_abw=0.4181 real_p2_gen_adv=6.3851 real_p2_gen_fm=0.1411 real_total=9.3445 discr_adv=2.7122 x0_discr_real_out=0.1175 x0_discr_fake_out=0.0242 x0_discr_real_gp=0.0056 p2_discr_real_out=0.1836 p2_discr_fake_out=0.1144 p2_discr_real_gp=0.0052 g_grad_abs=5780.4972 d_grad_abs=1191.8509 synth_eps=0.9339 synth_eps_raw=0.9339 synth_x0_x0_l1=0.1293 synth_x0_x0_abw=0.7365 synth_x0_gen_adv=6.4406 synth_x0_gen_fm=0.1010 synth_total=13.2126 extra_render_attn_share=0.5550
[step 40250] real_p1_mirror_hole_cov=0.0663 real_p1_skipped=1.0000 real_p1_hole_frac=0.0561 real_p2_eps=0.4709 real_p2_x0_l1=0.2436 real_p2_x0_abw=0.2317 real_p2_gen_adv=7.4395 real_p2_gen_fm=0.1676 real_total=6.1338 discr_adv=2.6589 x0_discr_real_out=0.1409 x0_discr_fake_out=-0.0064 x0_discr_real_gp=0.0515 p2_discr_real_out=0.1201 p2_discr_fake_out=-0.0971 p2_discr_real_gp=0.0085 g_grad_abs=4152.1066 d_grad_abs=743.0794 synth_eps=0.3393 synth_eps_raw=0.3393 synth_x0_x0_l1=0.2673 synth_x0_x0_abw=0.1494 synth_x0_gen_adv=7.2689 synth_x0_gen_fm=0.1830 synth_total=4.2004 extra_render_attn_share=0.5550
[step 40300] real_p1_mirror_hole_cov=0.0988 real_p1_skipped=1.0000 real_p1_hole_frac=0.0516 real_p2_eps=0.0095 real_p2_x0_l1=0.3604 real_p2_x0_abw=0.0105 real_p2_gen_adv=6.8045 real_p2_gen_fm=0.2544 real_total=0.3523 discr_adv=2.7587 x0_discr_real_out=0.1380 x0_discr_fake_out=0.0814 x0_discr_real_gp=0.0051 p2_discr_real_out=0.0394 p2_discr_fake_out=0.0274 p2_discr_real_gp=0.0082 g_grad_abs=187.3812 d_grad_abs=674.2594 synth_eps=0.7344 synth_eps_raw=0.7344 synth_x0_x0_l1=0.1585 synth_x0_x0_abw=0.6190 synth_x0_gen_adv=6.2286 synth_x0_gen_fm=0.1148 synth_total=11.7948 extra_render_attn_share=0.5550
[step 40350] real_p1_mirror_hole_cov=0.0525 real_p1_skipped=1.0000 real_p1_hole_frac=0.1174 real_p2_eps=0.3099 real_p2_x0_l1=0.2541 real_p2_x0_abw=0.1667 real_p2_gen_adv=6.8907 real_p2_gen_fm=0.1807 real_total=4.5114 discr_adv=2.6859 x0_discr_real_out=0.1194 x0_discr_fake_out=0.0010 x0_discr_real_gp=0.0072 p2_discr_real_out=0.1051 p2_discr_fake_out=0.0095 p2_discr_real_gp=0.0071 g_grad_abs=3163.0247 d_grad_abs=875.6484 synth_eps=0.8570 synth_eps_raw=0.8570 synth_x0_x0_l1=0.0982 synth_x0_x0_abw=0.7901 synth_x0_gen_adv=6.2051 synth_x0_gen_fm=0.0783 synth_total=12.0263 extra_render_attn_share=0.5550
[step 40400] real_p1_mirror_hole_cov=0.0623 real_p1_skipped=1.0000 real_p1_hole_frac=0.5112 real_p2_eps=0.8434 real_p2_x0_l1=0.0715 real_p2_x0_abw=0.7781 real_p2_gen_adv=6.8054 real_p2_gen_fm=0.0566 real_total=10.5979 discr_adv=2.7528 x0_discr_real_out=0.0462 x0_discr_fake_out=0.0031 x0_discr_real_gp=0.0053 p2_discr_real_out=0.0541 p2_discr_fake_out=0.0274 p2_discr_real_gp=0.0056 g_grad_abs=7522.9687 d_grad_abs=245.5708 synth_eps=0.6993 synth_eps_raw=0.6993 synth_x0_x0_l1=0.1110 synth_x0_x0_abw=0.6207 synth_x0_gen_adv=6.7725 synth_x0_gen_fm=0.0915 synth_total=10.6532 extra_render_attn_share=0.5550
[step 40450] real_p1_mirror_hole_cov=0.0951 real_p1_skipped=1.0000 real_p1_hole_frac=0.3405 real_p2_eps=0.8366 real_p2_x0_l1=0.1801 real_p2_x0_abw=0.5383 real_p2_gen_adv=6.4010 real_p2_gen_fm=0.1261 real_total=11.1684 discr_adv=2.6729 x0_discr_real_out=0.1252 x0_discr_fake_out=-0.0611 x0_discr_real_gp=0.0275 p2_discr_real_out=0.2214 p2_discr_fake_out=0.1106 p2_discr_real_gp=0.0075 g_grad_abs=8940.2622 d_grad_abs=621.4991 synth_eps=0.8360 synth_eps_raw=0.8360 synth_x0_x0_l1=0.0552 synth_x0_x0_abw=0.8445 synth_x0_gen_adv=6.6299 synth_x0_gen_fm=0.0400 synth_total=9.8602 extra_render_attn_share=0.5550
[step 40500] real_p1_mirror_hole_cov=0.1412 real_p1_skipped=1.0000 real_p1_hole_frac=0.3660 real_p2_eps=0.6548 real_p2_x0_l1=0.2192 real_p2_x0_abw=0.3913 real_p2_gen_adv=7.1993 real_p2_gen_fm=0.1452 real_total=9.2387 discr_adv=2.7309 x0_discr_real_out=0.0486 x0_discr_fake_out=-0.0054 x0_discr_real_gp=0.0231 p2_discr_real_out=0.0484 p2_discr_fake_out=-0.0498 p2_discr_real_gp=0.0061 g_grad_abs=6878.9563 d_grad_abs=467.2802 synth_eps=0.3326 synth_eps_raw=0.3326 synth_x0_x0_l1=0.2575 synth_x0_x0_abw=0.1717 synth_x0_gen_adv=7.8803 synth_x0_gen_fm=0.1813 synth_total=4.8417 extra_render_attn_share=0.5550
[images] real: anchor | cond1 | cond2 | inv_warp_mirror | mask | mask_inv | p2_pred_x0 | warp_img | warp_warp_img | x | y_hat | y_hat_novel -> /home/xzy/warpgan-diffusiong-inpainting/warpgan-diffusion-inpainting-main/experiments/train_inpainting_diffusion/[20260910-025204]_v18w1_struct_50k/logs/images/train/real_step0040500.png
[images] synth: cond | mask | pred_x0 | target | warp_img | x | y_hat_novel -> /home/xzy/warpgan-diffusiong-inpainting/warpgan-diffusion-inpainting-main/experiments/train_inpainting_diffusion/[20260910-025204]_v18w1_struct_50k/logs/images/train/synth_step0040500.png
[step 40550] real_p1_mirror_hole_cov=0.0199 real_p1_skipped=1.0000 real_p1_hole_frac=0.2675 real_p2_eps=0.8412 real_p2_x0_l1=0.1378 real_p2_x0_abw=0.5417 real_p2_gen_adv=7.5381 real_p2_gen_fm=0.0972 real_total=10.2657 discr_adv=2.7238 x0_discr_real_out=-0.0524 x0_discr_fake_out=-0.1181 x0_discr_real_gp=0.0051 p2_discr_real_out=-0.0517 p2_discr_fake_out=-0.1168 p2_discr_real_gp=0.0054 g_grad_abs=7046.8598 d_grad_abs=224.4296 synth_eps=0.2046 synth_eps_raw=0.2046 synth_x0_x0_l1=0.2899 synth_x0_x0_abw=0.0755 synth_x0_gen_adv=7.5628 synth_x0_gen_fm=0.1858 synth_total=2.2001 extra_render_attn_share=0.5550
[step 40600] real_p1_mirror_hole_cov=0.1693 real_p1_skipped=1.0000 real_p1_hole_frac=0.1887 real_p2_eps=0.3576 real_p2_x0_l1=0.2517 real_p2_x0_abw=0.1550 real_p2_gen_adv=7.9322 real_p2_gen_fm=0.1694 real_total=4.2529 discr_adv=2.5637 x0_discr_real_out=0.1080 x0_discr_fake_out=-0.2448 x0_discr_real_gp=0.0607 p2_discr_real_out=0.0716 p2_discr_fake_out=-0.1883 p2_discr_real_gp=0.0182 g_grad_abs=2966.9525 d_grad_abs=721.5437 synth_eps=0.8100 synth_eps_raw=0.8100 synth_x0_x0_l1=0.1561 synth_x0_x0_abw=0.5855 synth_x0_gen_adv=6.7424 synth_x0_gen_fm=0.1199 synth_total=11.8710 extra_render_attn_share=0.5550
[step 40650] real_p1_mirror_hole_cov=0.0216 real_p1_skipped=1.0000 real_p1_hole_frac=0.0550 real_p2_eps=0.4885 real_p2_x0_l1=0.0430 real_p2_x0_abw=0.9206 real_p2_gen_adv=6.9044 real_p2_gen_fm=0.0218 real_total=8.8956 discr_adv=2.7495 x0_discr_real_out=0.1449 x0_discr_fake_out=0.0795 x0_discr_real_gp=0.0041 p2_discr_real_out=0.0208 p2_discr_fake_out=0.0067 p2_discr_real_gp=0.0070 g_grad_abs=4207.2453 d_grad_abs=361.6237 synth_eps=0.8262 synth_eps_raw=0.8262 synth_x0_x0_l1=0.1205 synth_x0_x0_abw=0.5855 synth_x0_gen_adv=7.1831 synth_x0_gen_fm=0.0943 synth_total=10.6227 extra_render_attn_share=0.5550
[step 40700] real_p1_mirror_hole_cov=0.0672 real_p1_skipped=1.0000 real_p1_hole_frac=0.1331 real_p2_eps=0.8280 real_p2_x0_l1=0.1947 real_p2_x0_abw=0.3107 real_p2_gen_adv=7.1005 real_p2_gen_fm=0.1142 real_total=6.6439 discr_adv=2.7609 x0_discr_real_out=-0.0339 x0_discr_fake_out=-0.0346 x0_discr_real_gp=0.0053 p2_discr_real_out=0.0058 p2_discr_fake_out=-0.0329 p2_discr_real_gp=0.0013 g_grad_abs=5774.2057 d_grad_abs=116.2926 synth_eps=0.8230 synth_eps_raw=0.8230 synth_x0_x0_l1=0.1766 synth_x0_x0_abw=0.3294 synth_x0_gen_adv=7.0529 synth_x0_gen_fm=0.1126 synth_total=6.9130 extra_render_attn_share=0.5550
[step 40750] real_p1_mirror_hole_cov=0.1804 real_p1_skipped=1.0000 real_p1_hole_frac=0.0935 real_p2_eps=0.9716 real_p2_x0_l1=0.1183 real_p2_x0_abw=0.7271 real_p2_gen_adv=7.0368 real_p2_gen_fm=0.0807 real_total=12.0413 discr_adv=2.7399 x0_discr_real_out=0.0025 x0_discr_fake_out=-0.0228 x0_discr_real_gp=0.0253 p2_discr_real_out=0.0940 p2_discr_fake_out=-0.0205 p2_discr_real_gp=0.0097 g_grad_abs=9302.1034 d_grad_abs=118.6473 synth_eps=1.1124 synth_eps_raw=1.1124 synth_x0_x0_l1=0.1540 synth_x0_x0_abw=0.5737 synth_x0_gen_adv=7.4953 synth_x0_gen_fm=0.0996 synth_total=11.2148 extra_render_attn_share=0.5550
[step 40800] real_p1_mirror_hole_cov=0.0100 real_p1_skipped=1.0000 real_p1_hole_frac=0.2190 real_p2_eps=0.2875 real_p2_x0_l1=0.2411 real_p2_x0_abw=0.0980 real_p2_gen_adv=7.7981 real_p2_gen_fm=0.1525 real_total=2.5702 discr_adv=2.6837 x0_discr_real_out=-0.0006 x0_discr_fake_out=-0.0843 x0_discr_real_gp=0.0176 p2_discr_real_out=0.0125 p2_discr_fake_out=-0.1645 p2_discr_real_gp=0.0172 g_grad_abs=1640.6045 d_grad_abs=335.0335 synth_eps=0.8609 synth_eps_raw=0.8609 synth_x0_x0_l1=0.0921 synth_x0_x0_abw=0.8527 synth_x0_gen_adv=6.5201 synth_x0_gen_fm=0.0588 synth_total=11.5142 extra_render_attn_share=0.5550
[step 40850] real_p1_mirror_hole_cov=0.0986 real_p1_skipped=1.0000 real_p1_hole_frac=0.2366 real_p2_eps=0.8467 real_p2_x0_l1=0.1894 real_p2_x0_abw=0.4536 real_p2_gen_adv=7.2116 real_p2_gen_fm=0.1248 real_total=9.8630 discr_adv=2.6312 x0_discr_real_out=0.1857 x0_discr_fake_out=0.0642 x0_discr_real_gp=0.0130 p2_discr_real_out=0.1799 p2_discr_fake_out=-0.0529 p2_discr_real_gp=0.0103 g_grad_abs=9608.5816 d_grad_abs=858.0573 synth_eps=0.3385 synth_eps_raw=0.3385 synth_x0_x0_l1=0.2551 synth_x0_x0_abw=0.1395 synth_x0_gen_adv=7.6808 synth_x0_gen_fm=0.1704 synth_total=3.8236 extra_render_attn_share=0.5550
[step 40900] real_p1_mirror_hole_cov=0.2723 real_p1_skipped=1.0000 real_p1_hole_frac=0.4877 real_p2_eps=0.6777 real_p2_x0_l1=0.1610 real_p2_x0_abw=0.3882 real_p2_gen_adv=8.0310 real_p2_gen_fm=0.1179 real_total=8.4344 discr_adv=2.7118 x0_discr_real_out=-0.0073 x0_discr_fake_out=-0.0325 x0_discr_real_gp=0.0247 p2_discr_real_out=0.0802 p2_discr_fake_out=-0.2052 p2_discr_real_gp=0.0590 g_grad_abs=8635.6265 d_grad_abs=668.4925 synth_eps=0.7835 synth_eps_raw=0.7835 synth_x0_x0_l1=0.0498 synth_x0_x0_abw=0.8867 synth_x0_gen_adv=6.6449 synth_x0_gen_fm=0.0335 synth_total=9.6882 extra_render_attn_share=0.5550
[step 40950] real_p1_mirror_hole_cov=0.1127 real_p1_skipped=1.0000 real_p1_hole_frac=0.3601 real_p2_eps=0.2220 real_p2_x0_l1=0.2775 real_p2_x0_abw=0.1015 real_p2_gen_adv=6.9312 real_p2_gen_fm=0.1930 real_total=2.9131 discr_adv=2.7330 x0_discr_real_out=0.1322 x0_discr_fake_out=0.1008 x0_discr_real_gp=0.0059 p2_discr_real_out=0.0942 p2_discr_fake_out=0.0045 p2_discr_real_gp=0.0062 g_grad_abs=1744.4771 d_grad_abs=545.2696 synth_eps=0.0103 synth_eps_raw=0.0103 synth_x0_x0_l1=0.3644 synth_x0_x0_abw=0.0102 synth_x0_gen_adv=6.8194 synth_x0_gen_fm=0.2504 synth_total=0.3383 extra_render_attn_share=0.5550
[step 41000] real_p1_mirror_hole_cov=0.1553 real_p1_skipped=1.0000 real_p1_hole_frac=0.2599 real_p2_eps=0.0481 real_p2_x0_l1=0.3225 real_p2_x0_abw=0.0295 real_p2_gen_adv=6.9590 real_p2_gen_fm=0.2277 real_total=0.9332 discr_adv=2.7808 x0_discr_real_out=0.1139 x0_discr_fake_out=0.1046 x0_discr_real_gp=0.0063 p2_discr_real_out=0.0173 p2_discr_fake_out=-0.0025 p2_discr_real_gp=0.0080 g_grad_abs=570.5039 d_grad_abs=396.6624 synth_eps=0.8466 synth_eps_raw=0.8466 synth_x0_x0_l1=0.0785 synth_x0_x0_abw=0.8854 synth_x0_gen_adv=6.6662 synth_x0_gen_fm=0.0558 synth_total=11.7591 extra_render_attn_share=0.5550
[images] real: anchor | cond1 | cond2 | inv_warp_mirror | mask | mask_inv | p2_pred_x0 | warp_img | warp_warp_img | x | y_hat | y_hat_novel -> /home/xzy/warpgan-diffusiong-inpainting/warpgan-diffusion-inpainting-main/experiments/train_inpainting_diffusion/[20260910-025204]_v18w1_struct_50k/logs/images/train/real_step0041000.png
[images] synth: cond | mask | pred_x0 | target | warp_img | x | y_hat_novel -> /home/xzy/warpgan-diffusiong-inpainting/warpgan-diffusion-inpainting-main/experiments/train_inpainting_diffusion/[20260910-025204]_v18w1_struct_50k/logs/images/train/synth_step0041000.png
[step 41050] real_p1_mirror_hole_cov=0.3162 real_p1_skipped=1.0000 real_p1_hole_frac=0.5614 real_p2_eps=0.7073 real_p2_x0_l1=0.0467 real_p2_x0_abw=0.9309 real_p2_gen_adv=6.8294 real_p2_gen_fm=0.0251 real_total=9.4444 discr_adv=2.7915 x0_discr_real_out=0.0093 x0_discr_fake_out=-0.0126 x0_discr_real_gp=0.0096 p2_discr_real_out=0.0388 p2_discr_fake_out=0.0223 p2_discr_real_gp=0.0258 g_grad_abs=9115.1067 d_grad_abs=382.5555 synth_eps=0.0336 synth_eps_raw=0.0336 synth_x0_x0_l1=0.3442 synth_x0_x0_abw=0.0182 synth_x0_gen_adv=7.0004 synth_x0_gen_fm=0.2473 synth_total=0.6190 extra_render_attn_share=0.5550
[step 41100] real_p1_mirror_hole_cov=0.1492 real_p1_skipped=1.0000 real_p1_hole_frac=0.4482 real_p2_eps=0.7931 real_p2_x0_l1=0.0424 real_p2_x0_abw=0.9343 real_p2_gen_adv=7.0638 real_p2_gen_fm=0.0245 real_total=9.7256 discr_adv=2.7592 x0_discr_real_out=0.0776 x0_discr_fake_out=0.0207 x0_discr_real_gp=0.0045 p2_discr_real_out=-0.0229 p2_discr_fake_out=-0.0240 p2_discr_real_gp=0.0048 g_grad_abs=7955.7073 d_grad_abs=444.8067 synth_eps=0.8270 synth_eps_raw=0.8270 synth_x0_x0_l1=0.0693 synth_x0_x0_abw=0.8092 synth_x0_gen_adv=7.1587 synth_x0_gen_fm=0.0507 synth_total=10.7776 extra_render_attn_share=0.5550
[step 41150] real_p1_mirror_hole_cov=0.0606 real_p1_skipped=1.0000 real_p1_hole_frac=0.2941 real_p2_eps=0.1115 real_p2_x0_l1=0.3075 real_p2_x0_abw=0.0461 real_p2_gen_adv=7.3291 real_p2_gen_fm=0.2030 real_total=1.3994 discr_adv=2.7502 x0_discr_real_out=-0.0078 x0_discr_fake_out=-0.0452 x0_discr_real_gp=0.0030 p2_discr_real_out=-0.0533 p2_discr_fake_out=-0.0775 p2_discr_real_gp=0.0031 g_grad_abs=907.5134 d_grad_abs=143.7949 synth_eps=1.0514 synth_eps_raw=1.0514 synth_x0_x0_l1=0.0758 synth_x0_x0_abw=0.7766 synth_x0_gen_adv=7.2247 synth_x0_gen_fm=0.0556 synth_total=11.0426 extra_render_attn_share=0.5550
[step 41200] real_p1_mirror_hole_cov=0.1022 real_p1_skipped=1.0000 real_p1_hole_frac=0.4231 real_p2_eps=0.0828 real_p2_x0_l1=0.3005 real_p2_x0_abw=0.0323 real_p2_gen_adv=7.1760 real_p2_gen_fm=0.2042 real_total=0.9827 discr_adv=2.7643 x0_discr_real_out=0.0178 x0_discr_fake_out=-0.0261 x0_discr_real_gp=0.0225 p2_discr_real_out=0.0219 p2_discr_fake_out=-0.0476 p2_discr_real_gp=0.0245 g_grad_abs=532.5677 d_grad_abs=234.6570 synth_eps=0.0106 synth_eps_raw=0.0106 synth_x0_x0_l1=0.3629 synth_x0_x0_abw=0.0088 synth_x0_gen_adv=7.0326 synth_x0_gen_fm=0.2445 synth_total=0.2914 extra_render_attn_share=0.5550
[step 41250] real_p1_mirror_hole_cov=0.0501 real_p1_skipped=1.0000 real_p1_hole_frac=0.2062 real_p2_eps=0.7844 real_p2_x0_l1=0.0201 real_p2_x0_abw=0.9931 real_p2_gen_adv=6.3025 real_p2_gen_fm=0.0069 real_total=7.7496 discr_adv=2.7451 x0_discr_real_out=0.0986 x0_discr_fake_out=-0.0559 x0_discr_real_gp=0.0330 p2_discr_real_out=0.1322 p2_discr_fake_out=0.1306 p2_discr_real_gp=0.0093 g_grad_abs=2665.8898 d_grad_abs=322.1436 synth_eps=0.3169 synth_eps_raw=0.3169 synth_x0_x0_l1=0.2588 synth_x0_x0_abw=0.1467 synth_x0_gen_adv=7.4141 synth_x0_gen_fm=0.1780 synth_total=4.0532 extra_render_attn_share=0.5550
[step 41300] real_p1_mirror_hole_cov=0.3215 real_p1_skipped=1.0000 real_p1_hole_frac=0.3379 real_p2_eps=0.7590 real_p2_x0_l1=0.1690 real_p2_x0_abw=0.5450 real_p2_gen_adv=6.3206 real_p2_gen_fm=0.1285 real_total=11.2987 discr_adv=2.7325 x0_discr_real_out=0.1338 x0_discr_fake_out=0.1011 x0_discr_real_gp=0.0245 p2_discr_real_out=0.2729 p2_discr_fake_out=0.1283 p2_discr_real_gp=0.0063 g_grad_abs=6879.6338 d_grad_abs=550.0340 synth_eps=0.5277 synth_eps_raw=0.5277 synth_x0_x0_l1=0.2455 synth_x0_x0_abw=0.2116 synth_x0_gen_adv=7.5688 synth_x0_gen_fm=0.1596 synth_total=5.5600 extra_render_attn_share=0.5550
[step 41350] real_p1_mirror_hole_cov=0.0357 real_p1_skipped=1.0000 real_p1_hole_frac=0.0525 real_p2_eps=0.6655 real_p2_x0_l1=0.0767 real_p2_x0_abw=0.9028 real_p2_gen_adv=6.4897 real_p2_gen_fm=0.0495 real_total=11.0622 discr_adv=2.7670 x0_discr_real_out=0.1062 x0_discr_fake_out=0.0779 x0_discr_real_gp=0.0099 p2_discr_real_out=0.1378 p2_discr_fake_out=0.0917 p2_discr_real_gp=0.0125 g_grad_abs=7269.6556 d_grad_abs=202.0145 synth_eps=0.9086 synth_eps_raw=0.9086 synth_x0_x0_l1=0.0950 synth_x0_x0_abw=0.6722 synth_x0_gen_adv=7.1215 synth_x0_gen_fm=0.0735 synth_total=10.6981 extra_render_attn_share=0.5550
[step 41400] real_p1_mirror_hole_cov=0.1397 real_p1_skipped=1.0000 real_p1_hole_frac=0.1774 real_p2_eps=0.2324 real_p2_x0_l1=0.2893 real_p2_x0_abw=0.1235 real_p2_gen_adv=6.9516 real_p2_gen_fm=0.1995 real_total=3.5894 discr_adv=2.7441 x0_discr_real_out=0.2485 x0_discr_fake_out=0.2023 x0_discr_real_gp=0.0064 p2_discr_real_out=0.0795 p2_discr_fake_out=-0.0020 p2_discr_real_gp=0.0116 g_grad_abs=2139.1136 d_grad_abs=801.1687 synth_eps=0.3106 synth_eps_raw=0.3106 synth_x0_x0_l1=0.2727 synth_x0_x0_abw=0.1717 synth_x0_gen_adv=6.5280 synth_x0_gen_fm=0.1920 synth_total=4.7746 extra_render_attn_share=0.5550
[step 41450] real_p1_mirror_hole_cov=0.1935 real_p1_skipped=1.0000 real_p1_hole_frac=0.4535 real_p2_eps=0.3708 real_p2_x0_l1=0.2610 real_p2_x0_abw=0.1937 real_p2_gen_adv=7.2480 real_p2_gen_fm=0.1899 real_total=5.5037 discr_adv=2.6911 x0_discr_real_out=0.0288 x0_discr_fake_out=0.0105 x0_discr_real_gp=0.0090 p2_discr_real_out=0.1489 p2_discr_fake_out=-0.0570 p2_discr_real_gp=0.0115 g_grad_abs=4817.3172 d_grad_abs=1250.2039 synth_eps=0.6895 synth_eps_raw=0.6895 synth_x0_x0_l1=0.1293 synth_x0_x0_abw=0.5871 synth_x0_gen_adv=7.1300 synth_x0_gen_fm=0.1037 synth_total=11.0431 extra_render_attn_share=0.5550
[step 41500] real_p1_mirror_hole_cov=0.1252 real_p1_skipped=1.0000 real_p1_hole_frac=0.2856 real_p2_eps=0.0099 real_p2_x0_l1=0.3670 real_p2_x0_abw=0.0079 real_p2_gen_adv=6.7131 real_p2_gen_fm=0.2634 real_total=0.2734 discr_adv=2.7089 x0_discr_real_out=0.1394 x0_discr_fake_out=-0.0505 x0_discr_real_gp=0.0165 p2_discr_real_out=0.0686 p2_discr_fake_out=0.0451 p2_discr_real_gp=0.0204 g_grad_abs=117.5247 d_grad_abs=480.2726 synth_eps=0.7405 synth_eps_raw=0.7405 synth_x0_x0_l1=0.0690 synth_x0_x0_abw=0.7736 synth_x0_gen_adv=6.6339 synth_x0_gen_fm=0.0553 synth_total=10.2028 extra_render_attn_share=0.5550
[images] real: anchor | cond1 | cond2 | inv_warp_mirror | mask | mask_inv | p2_pred_x0 | warp_img | warp_warp_img | x | y_hat | y_hat_novel -> /home/xzy/warpgan-diffusiong-inpainting/warpgan-diffusion-inpainting-main/experiments/train_inpainting_diffusion/[20260910-025204]_v18w1_struct_50k/logs/images/train/real_step0041500.png
[images] synth: cond | mask | pred_x0 | target | warp_img | x | y_hat_novel -> /home/xzy/warpgan-diffusiong-inpainting/warpgan-diffusion-inpainting-main/experiments/train_inpainting_diffusion/[20260910-025204]_v18w1_struct_50k/logs/images/train/synth_step0041500.png
[step 41550] real_p1_mirror_hole_cov=0.1819 real_p1_skipped=1.0000 real_p1_hole_frac=0.0275 real_p2_eps=0.7203 real_p2_x0_l1=0.1923 real_p2_x0_abw=0.5518 real_p2_gen_adv=6.6802 real_p2_gen_fm=0.1376 real_total=12.1037 discr_adv=2.7257 x0_discr_real_out=0.0647 x0_discr_fake_out=0.0586 x0_discr_real_gp=0.0073 p2_discr_real_out=0.1763 p2_discr_fake_out=0.0530 p2_discr_real_gp=0.0030 g_grad_abs=18528.5243 d_grad_abs=747.3457 synth_eps=0.3179 synth_eps_raw=0.3179 synth_x0_x0_l1=0.2780 synth_x0_x0_abw=0.1560 synth_x0_gen_adv=7.5921 synth_x0_gen_fm=0.1968 synth_total=4.6159 extra_render_attn_share=0.5550
[step 41600] real_p1_mirror_hole_cov=0.0258 real_p1_skipped=1.0000 real_p1_hole_frac=0.1422 real_p2_eps=0.6110 real_p2_x0_l1=0.2206 real_p2_x0_abw=0.3411 real_p2_gen_adv=6.9141 real_p2_gen_fm=0.1526 real_total=8.2504 discr_adv=2.7320 x0_discr_real_out=0.0629 x0_discr_fake_out=0.0600 x0_discr_real_gp=0.0061 p2_discr_real_out=0.1304 p2_discr_fake_out=0.0054 p2_discr_real_gp=0.0116 g_grad_abs=5850.4289 d_grad_abs=340.4538 synth_eps=0.9307 synth_eps_raw=0.9307 synth_x0_x0_l1=0.0976 synth_x0_x0_abw=0.8107 synth_x0_gen_adv=6.4632 synth_x0_gen_fm=0.0677 synth_total=11.7394 extra_render_attn_share=0.5550
[step 41650] real_p1_mirror_hole_cov=0.2046 real_p1_skipped=1.0000 real_p1_hole_frac=0.0902 real_p2_eps=0.7397 real_p2_x0_l1=0.2096 real_p2_x0_abw=0.2940 real_p2_gen_adv=7.0640 real_p2_gen_fm=0.1285 real_total=6.6568 discr_adv=2.7345 x0_discr_real_out=-0.0143 x0_discr_fake_out=-0.0478 x0_discr_real_gp=0.0033 p2_discr_real_out=0.0288 p2_discr_fake_out=-0.0256 p2_discr_real_gp=0.0009 g_grad_abs=5159.2772 d_grad_abs=176.8564 synth_eps=0.8395 synth_eps_raw=0.8395 synth_x0_x0_l1=0.1956 synth_x0_x0_abw=0.3456 synth_x0_gen_adv=7.1501 synth_x0_gen_fm=0.1221 synth_total=7.5985 extra_render_attn_share=0.5550
[step 41700] real_p1_mirror_hole_cov=0.1634 real_p1_skipped=1.0000 real_p1_hole_frac=0.2506 real_p2_eps=0.0438 real_p2_x0_l1=0.3255 real_p2_x0_abw=0.0220 real_p2_gen_adv=6.9539 real_p2_gen_fm=0.2240 real_total=0.6966 discr_adv=2.7227 x0_discr_real_out=0.0545 x0_discr_fake_out=-0.1377 x0_discr_real_gp=0.0457 p2_discr_real_out=0.0562 p2_discr_fake_out=-0.0041 p2_discr_real_gp=0.0262 g_grad_abs=353.1484 d_grad_abs=238.3539 synth_eps=0.0044 synth_eps_raw=0.0044 synth_x0_x0_l1=0.3696 synth_x0_x0_abw=0.0048 synth_x0_gen_adv=6.7926 synth_x0_gen_fm=0.2520 synth_total=0.1589 extra_render_attn_share=0.5550
[step 41750] real_p1_mirror_hole_cov=0.0069 real_p1_skipped=1.0000 real_p1_hole_frac=0.1329 real_p2_eps=1.0591 real_p2_x0_l1=0.1008 real_p2_x0_abw=0.7459 real_p2_gen_adv=6.6900 real_p2_gen_fm=0.0732 real_total=11.5834 discr_adv=2.6868 x0_discr_real_out=-0.0005 x0_discr_fake_out=-0.1920 x0_discr_real_gp=0.0407 p2_discr_real_out=0.1646 p2_discr_fake_out=0.0497 p2_discr_real_gp=0.0167 g_grad_abs=7402.2755 d_grad_abs=255.3510 synth_eps=0.9619 synth_eps_raw=0.9619 synth_x0_x0_l1=0.1137 synth_x0_x0_abw=0.6274 synth_x0_gen_adv=7.2207 synth_x0_gen_fm=0.0873 synth_total=11.0405 extra_render_attn_share=0.5550
[step 41800] real_p1_mirror_hole_cov=0.0875 real_p1_skipped=1.0000 real_p1_hole_frac=0.1093 real_p2_eps=0.3668 real_p2_x0_l1=0.2472 real_p2_x0_abw=0.1598 real_p2_gen_adv=7.6397 real_p2_gen_fm=0.1736 real_total=4.4021 discr_adv=2.7149 x0_discr_real_out=-0.0026 x0_discr_fake_out=-0.0674 x0_discr_real_gp=0.0305 p2_discr_real_out=0.0525 p2_discr_fake_out=-0.1341 p2_discr_real_gp=0.0317 g_grad_abs=3110.3750 d_grad_abs=350.6444 synth_eps=0.6793 synth_eps_raw=0.6793 synth_x0_x0_l1=0.2098 synth_x0_x0_abw=0.4438 synth_x0_gen_adv=6.8866 synth_x0_gen_fm=0.1400 synth_total=10.0449 extra_render_attn_share=0.5550
[step 41850] real_p1_mirror_hole_cov=0.1412 real_p1_skipped=1.0000 real_p1_hole_frac=0.3287 real_p2_eps=0.0306 real_p2_x0_l1=0.3424 real_p2_x0_abw=0.0181 real_p2_gen_adv=6.7281 real_p2_gen_fm=0.2446 real_total=0.6004 discr_adv=2.7787 x0_discr_real_out=0.0886 x0_discr_fake_out=0.0174 x0_discr_real_gp=0.0113 p2_discr_real_out=0.0329 p2_discr_fake_out=0.0434 p2_discr_real_gp=0.0201 g_grad_abs=352.9720 d_grad_abs=265.8998 synth_eps=0.5423 synth_eps_raw=0.5423 synth_x0_x0_l1=0.2360 synth_x0_x0_abw=0.3107 synth_x0_gen_adv=6.2829 synth_x0_gen_fm=0.1624 synth_total=7.6137 extra_render_attn_share=0.5550
[step 41900] real_p1_mirror_hole_cov=0.2725 real_p1_skipped=1.0000 real_p1_hole_frac=0.2748 real_p2_eps=0.8494 real_p2_x0_l1=0.1330 real_p2_x0_abw=0.6324 real_p2_gen_adv=7.2762 real_p2_gen_fm=0.1036 real_total=12.0850 discr_adv=2.6497 x0_discr_real_out=0.0365 x0_discr_fake_out=-0.2291 x0_discr_real_gp=0.0804 p2_discr_real_out=0.1120 p2_discr_fake_out=-0.0652 p2_discr_real_gp=0.0054 g_grad_abs=9521.6535 d_grad_abs=681.7759 synth_eps=0.5032 synth_eps_raw=0.5032 synth_x0_x0_l1=0.2089 synth_x0_x0_abw=0.3037 synth_x0_gen_adv=7.8318 synth_x0_gen_fm=0.1607 synth_total=7.8266 extra_render_attn_share=0.5550
[step 41950] real_p1_mirror_hole_cov=0.2171 real_p1_skipped=1.0000 real_p1_hole_frac=0.6947 real_p2_eps=0.6860 real_p2_x0_l1=0.1921 real_p2_x0_abw=0.2631 real_p2_gen_adv=6.9891 real_p2_gen_fm=0.1191 real_total=5.7086 discr_adv=2.7476 x0_discr_real_out=-0.0248 x0_discr_fake_out=-0.0599 x0_discr_real_gp=0.0029 p2_discr_real_out=0.0182 p2_discr_fake_out=-0.0107 p2_discr_real_gp=0.0023 g_grad_abs=5746.9900 d_grad_abs=156.8187 synth_eps=0.1929 synth_eps_raw=0.1929 synth_x0_x0_l1=0.2609 synth_x0_x0_abw=0.0673 synth_x0_gen_adv=7.2051 synth_x0_gen_fm=0.1685 synth_total=1.8306 extra_render_attn_share=0.5550
[val step 41999] val_novel_full=0.2919 val_novel_hole=0.2815 val_novel_visible=0.2964
[step 42000] real_p1_mirror_hole_cov=0.0583 real_p1_skipped=1.0000 real_p1_hole_frac=0.1336 real_p2_eps=0.0194 real_p2_x0_l1=0.3517 real_p2_x0_abw=0.0120 real_p2_gen_adv=7.0495 real_p2_gen_fm=0.2316 real_total=0.3850 discr_adv=2.7910 x0_discr_real_out=0.0402 x0_discr_fake_out=0.0098 x0_discr_real_gp=0.0245 p2_discr_real_out=-0.0141 p2_discr_fake_out=-0.0229 p2_discr_real_gp=0.0120 g_grad_abs=299.9711 d_grad_abs=163.6334 synth_eps=0.4253 synth_eps_raw=0.4253 synth_x0_x0_l1=0.2322 synth_x0_x0_abw=0.1251 synth_x0_gen_adv=7.7858 synth_x0_gen_fm=0.1481 synth_total=3.2806 extra_render_attn_share=0.5556
[images] real: anchor | cond1 | cond2 | inv_warp_mirror | mask | mask_inv | p2_pred_x0 | warp_img | warp_warp_img | x | y_hat | y_hat_novel -> /home/xzy/warpgan-diffusiong-inpainting/warpgan-diffusion-inpainting-main/experiments/train_inpainting_diffusion/[20260910-025204]_v18w1_struct_50k/logs/images/train/real_step0042000.png
[images] synth: cond | mask | pred_x0 | target | warp_img | x | y_hat_novel -> /home/xzy/warpgan-diffusiong-inpainting/warpgan-diffusion-inpainting-main/experiments/train_inpainting_diffusion/[20260910-025204]_v18w1_struct_50k/logs/images/train/synth_step0042000.png
[step 42050] real_p1_mirror_hole_cov=0.0037 real_p1_skipped=1.0000 real_p1_hole_frac=0.2990 real_p2_eps=0.4957 real_p2_x0_l1=0.2279 real_p2_x0_abw=0.1768 real_p2_gen_adv=7.4238 real_p2_gen_fm=0.1518 real_total=4.5308 discr_adv=2.6451 x0_discr_real_out=0.1464 x0_discr_fake_out=-0.0585 x0_discr_real_gp=0.0182 p2_discr_real_out=0.0674 p2_discr_fake_out=-0.0943 p2_discr_real_gp=0.0303 g_grad_abs=3130.0644 d_grad_abs=330.6436 synth_eps=0.1618 synth_eps_raw=0.1618 synth_x0_x0_l1=0.2889 synth_x0_x0_abw=0.0599 synth_x0_gen_adv=7.4745 synth_x0_gen_fm=0.1922 synth_total=1.7774 extra_render_attn_share=0.5556
[step 42100] real_p1_mirror_hole_cov=0.2551 real_p1_skipped=1.0000 real_p1_hole_frac=0.5318 real_p2_eps=0.0240 real_p2_x0_l1=0.3617 real_p2_x0_abw=0.0163 real_p2_gen_adv=7.1127 real_p2_gen_fm=0.2456 real_total=0.5474 discr_adv=2.8436 x0_discr_real_out=-0.0260 x0_discr_fake_out=-0.0326 x0_discr_real_gp=0.0357 p2_discr_real_out=-0.0301 p2_discr_fake_out=-0.0352 p2_discr_real_gp=0.0394 g_grad_abs=254.5288 d_grad_abs=621.6576 synth_eps=0.0389 synth_eps_raw=0.0389 synth_x0_x0_l1=0.3306 synth_x0_x0_abw=0.0224 synth_x0_gen_adv=7.1620 synth_x0_gen_fm=0.2265 synth_total=0.7147 extra_render_attn_share=0.5556
[step 42150] real_p1_mirror_hole_cov=0.1612 real_p1_skipped=1.0000 real_p1_hole_frac=0.5738 real_p2_eps=0.8561 real_p2_x0_l1=0.1009 real_p2_x0_abw=0.6573 real_p2_gen_adv=6.4863 real_p2_gen_fm=0.0793 real_total=10.4013 discr_adv=2.7853 x0_discr_real_out=0.0041 x0_discr_fake_out=0.0138 x0_discr_real_gp=0.0155 p2_discr_real_out=0.1352 p2_discr_fake_out=0.0921 p2_discr_real_gp=0.0088 g_grad_abs=8674.6058 d_grad_abs=287.5342 synth_eps=0.4373 synth_eps_raw=0.4373 synth_x0_x0_l1=0.2685 synth_x0_x0_abw=0.2048 synth_x0_gen_adv=6.8467 synth_x0_gen_fm=0.1769 synth_total=5.5169 extra_render_attn_share=0.5556
[step 42200] real_p1_mirror_hole_cov=0.0632 real_p1_skipped=1.0000 real_p1_hole_frac=0.0613 real_p2_eps=0.6102 real_p2_x0_l1=0.0514 real_p2_x0_abw=0.8829 real_p2_gen_adv=6.9004 real_p2_gen_fm=0.0375 real_total=10.0549 discr_adv=2.7710 x0_discr_real_out=-0.0556 x0_discr_fake_out=-0.0932 x0_discr_real_gp=0.0131 p2_discr_real_out=0.0167 p2_discr_fake_out=0.0068 p2_discr_real_gp=0.0059 g_grad_abs=5712.6960 d_grad_abs=198.9271 synth_eps=0.0394 synth_eps_raw=0.0394 synth_x0_x0_l1=0.3331 synth_x0_x0_abw=0.0220 synth_x0_gen_adv=7.2603 synth_x0_gen_fm=0.2372 synth_total=0.7281 extra_render_attn_share=0.5556
[step 42250] real_p1_mirror_hole_cov=0.0632 real_p1_skipped=1.0000 real_p1_hole_frac=0.0784 real_p2_eps=0.8831 real_p2_x0_l1=0.1375 real_p2_x0_abw=0.6023 real_p2_gen_adv=7.3891 real_p2_gen_fm=0.1067 real_total=11.8396 discr_adv=2.7261 x0_discr_real_out=-0.0585 x0_discr_fake_out=-0.0589 x0_discr_real_gp=0.0068 p2_discr_real_out=0.0377 p2_discr_fake_out=-0.0888 p2_discr_real_gp=0.0063 g_grad_abs=9015.3777 d_grad_abs=214.7172 synth_eps=0.7324 synth_eps_raw=0.7324 synth_x0_x0_l1=0.0518 synth_x0_x0_abw=0.9309 synth_x0_gen_adv=7.3508 synth_x0_gen_fm=0.0369 synth_total=11.0562 extra_render_attn_share=0.5556
[step 42300] real_p1_mirror_hole_cov=0.1495 real_p1_skipped=1.0000 real_p1_hole_frac=0.3303 real_p2_eps=0.0462 real_p2_x0_l1=0.3402 real_p2_x0_abw=0.0259 real_p2_gen_adv=7.3112 real_p2_gen_fm=0.2334 real_total=0.8475 discr_adv=2.7024 x0_discr_real_out=0.1129 x0_discr_fake_out=-0.0116 x0_discr_real_gp=0.0068 p2_discr_real_out=-0.0096 p2_discr_fake_out=-0.0737 p2_discr_real_gp=0.0130 g_grad_abs=407.9226 d_grad_abs=805.4922 synth_eps=0.1643 synth_eps_raw=0.1643 synth_x0_x0_l1=0.2893 synth_x0_x0_abw=0.0813 synth_x0_gen_adv=7.7114 synth_x0_gen_fm=0.2046 synth_total=2.4785 extra_render_attn_share=0.5556
[step 42350] real_p1_mirror_hole_cov=0.1791 real_p1_skipped=1.0000 real_p1_hole_frac=0.1805 real_p2_eps=0.4144 real_p2_x0_l1=0.2563 real_p2_x0_abw=0.2071 real_p2_gen_adv=7.3886 real_p2_gen_fm=0.1769 real_total=5.6607 discr_adv=2.7253 x0_discr_real_out=0.0584 x0_discr_fake_out=0.0230 x0_discr_real_gp=0.0069 p2_discr_real_out=0.0181 p2_discr_fake_out=-0.0854 p2_discr_real_gp=0.0081 g_grad_abs=4176.1285 d_grad_abs=384.3603 synth_eps=0.4781 synth_eps_raw=0.4781 synth_x0_x0_l1=0.1975 synth_x0_x0_abw=0.3590 synth_x0_gen_adv=6.9958 synth_x0_gen_fm=0.1487 synth_total=8.3981 extra_render_attn_share=0.5556
[step 42400] real_p1_mirror_hole_cov=0.0147 real_p1_skipped=1.0000 real_p1_hole_frac=0.2126 real_p2_eps=0.6786 real_p2_x0_l1=0.2088 real_p2_x0_abw=0.3697 real_p2_gen_adv=8.2644 real_p2_gen_fm=0.1521 real_total=9.4349 discr_adv=2.6336 x0_discr_real_out=0.0631 x0_discr_fake_out=0.0028 x0_discr_real_gp=0.0078 p2_discr_real_out=0.0397 p2_discr_fake_out=-0.2480 p2_discr_real_gp=0.0141 g_grad_abs=15065.9744 d_grad_abs=805.1398 synth_eps=0.8758 synth_eps_raw=0.8758 synth_x0_x0_l1=0.1627 synth_x0_x0_abw=0.5669 synth_x0_gen_adv=7.4857 synth_x0_gen_fm=0.1250 synth_total=12.2983 extra_render_attn_share=0.5556
[step 42450] real_p1_mirror_hole_cov=0.0966 real_p1_skipped=1.0000 real_p1_hole_frac=0.3125 real_p2_eps=0.4974 real_p2_x0_l1=0.2410 real_p2_x0_abw=0.2658 real_p2_gen_adv=7.1214 real_p2_gen_fm=0.1627 real_total=6.7767 discr_adv=2.7154 x0_discr_real_out=0.0199 x0_discr_fake_out=0.0027 x0_discr_real_gp=0.0075 p2_discr_real_out=0.1005 p2_discr_fake_out=-0.0359 p2_discr_real_gp=0.0085 g_grad_abs=5499.8162 d_grad_abs=606.7547 synth_eps=0.2367 synth_eps_raw=0.2367 synth_x0_x0_l1=0.2736 synth_x0_x0_abw=0.1132 synth_x0_gen_adv=7.3543 synth_x0_gen_fm=0.1934 synth_total=3.2902 extra_render_attn_share=0.5556
