2026-09-13 03:27:21.623246: I tensorflow/core/util/util.cc:169] oneDNN custom operations are on. You may see slightly different numerical results due to floating-point round-off errors from different computation orders. To turn them off, set the environment variable `TF_ENABLE_ONEDNN_OPTS=0`.
2026-09-13 03:27:21.627629: W tensorflow/stream_executor/platform/default/dso_loader.cc:64] Could not load dynamic library 'libcudart.so.11.0'; dlerror: libcudart.so.11.0: cannot open shared object file: No such file or directory; LD_LIBRARY_PATH: /usr/local/cuda-12.2/lib64:/usr/local/cuda-12.2/lib64:/usr/local/cuda-12.2/lib64
2026-09-13 03:27:21.627652: I tensorflow/stream_executor/cuda/cudart_stub.cc:29] Ignore above cudart dlerror if you do not have a GPU set up on your machine.
/home/xzy/miniconda3/envs/warpgan/lib/python3.9/site-packages/sklearn/utils/fixes.py:28: UserWarning: pkg_resources is deprecated as an API. See https://setuptools.pypa.io/en/latest/pkg_resources.html. The pkg_resources package is slated for removal as early as 2025-11-30. Refrain from using this package or pin to Setuptools<81.
  from pkg_resources import parse_version  # type: ignore
W0913 03:27:27.596209 185681 site-packages/torch/utils/cpp_extension.py:2425] TORCH_CUDA_ARCH_LIST is not set, all archs for visible cards are included for compilation. 
W0913 03:27:27.596209 185681 site-packages/torch/utils/cpp_extension.py:2425] If this is not desired, please set os.environ['TORCH_CUDA_ARCH_LIST'] to specific architectures.
W0913 03:27:27.848072 185681 site-packages/torch/utils/cpp_extension.py:2425] TORCH_CUDA_ARCH_LIST is not set, all archs for visible cards are included for compilation. 
W0913 03:27:27.848072 185681 site-packages/torch/utils/cpp_extension.py:2425] If this is not desired, please set os.environ['TORCH_CUDA_ARCH_LIST'] to specific architectures.
[compat] patched models/goae WindowAttention.forward (torch>=2.6 CPU-bound clamp fix; numerically identical)
device: cuda:0
prompt:
  preset: invsr
  text: ''
infer:
  t_start: 300
exp_dir: /home/xzy/warpgan-diffusiong-inpainting/warpgan-diffusion-inpainting-main/experiments/train_inpainting_diffusion/[20260913-032728]_v18w6_w4_100k
checkpoint_path: null
max_steps: 100000
paths:
  sd: ./pretrained_models/AI-ModelScope/stable-diffusion-v1-5
  brushnet: ./pretrained_models/brushnet
  wplus_stage_c: /data/xzy/warpgan20260803/20260803/experiments/_wplus_identity_pretrain/checkpoints/iteration_50000.pt
  dataset:
    train: ./data/FFHQ-EG3D_all_static_rebalanced
    test: ./data/celeba-hq_1000_static_rebalanced
    synth: ./data/SynthData100000_rebalanced
data:
  batch_size: 1
  workers: 4
  test_batch_size: 2
  test_workers: 2
  rebalanced: false
  add_LPFF: false
  synth:
    able: true
    zplus: false
    batch_size: ${data.batch_size}
gan:
  device: ${device}
  eg3d_type: plus_r
  encoder_type: goae
  psp:
    n_styles: 14
  goae:
    mlp_layer: 2
    cfg: ./configs/swinv2.yaml
  state_dict_key: psp_state_dict
  checkpoint_path: ./pretrained_models/inversion/gan_encoder.pt
warp:
  warp_ori_train: true
  warp_ori_val: true
  warp_pred: false
  hybrid: true
  cond_erode_kernel: 3
  cond_gaussian_blur_kernel: 21
wplus:
  mode: s1_mapper
  gate_value: 3.0
  init_from_stage_c: false
reference:
  use: true
  use_mirror: true
  real_primary: mirror
  gate_init: 0.5
  lr: 5.0e-06
  local_window_k: 0
  local_gate_init: 0.25
brushnet:
  init: pretrained
  lr: 1.0e-05
  use_8bit_adam: true
  gradient_checkpointing: true
losses:
  eps_weight: 1.0
  synth_texture: full
  synth_lowpass_sigma: 2.0
  real_pass1:
    forward: true
    t_max: 300
    visible_weight: 1.0
    hole_weight: 0
    blind_struct_weight: 0
    mirror_anchor: true
  pixel:
    max_timestep: 200
    x0_clip: 3.0
    resolution: 256
    patch_latent: 32
    apply_to_synth: false
    l1_weight: 0
    resnet_pl_weight: 0
    id_weight: 0
    weights_path: ./pretrained_models/LaMa_perceptual_loss_models
  latent:
    weight: 0
  lpips:
    weight: 0
  adversarial:
    weight: 0
    kind: r1
    gp_coef: 0.001
    mask_as_fake_target: false
    allow_scale_mask: true
  feature_matching:
    weight: 0
  x0:
    enable: true
    mode: invsr
    t_max: 300
    w_ldif: 1.0
    w_lfm: 2.0
    w_ldis: 0.1
    dis_warmup: 3000
    latent_bound: 10.0
    l1_weight: 1.0
    llpips_enable: true
    llpips_ckpt: ./weights/vgg16_sdturbo_lpips.pth
    clip: 8.0
    res_latent: 32
    d_real: paired_target
  preserve:
    weight: 0
    teacher_wplus: true
  discriminator:
    kind: pix2pixhd_nlayer
    input_nc: 3
    ndf: 64
    n_layers: 4
  optimizers:
    discriminator:
      lr: 0.0001
log:
  image_interval: 500
  board_interval: 50
  val_interval: 2000
  save_interval: 10000
  use_wandb: false
smoke:
  check: true
  fix_timestep: null

==============================================================================
[EFFECTIVE CONFIG — verify line by line before trusting any run]
  exp_dir               : /home/xzy/warpgan-diffusiong-inpainting/warpgan-diffusion-inpainting-main/experiments/train_inpainting_diffusion/[20260913-032728]_v18w6_w4_100k
  max_steps             : 100000
  device                : cuda:0
  synth/real 1:1        : use_synth=True
  batch_size (real/synth): 1 / 1
  warp: 512=True hybrid=True warp_pred=False mask=raw_splatting (NO erode/blur)
  warp cond soften     : erode=3px blur_k=21 (v10: CONDITION-side only, supervision keeps raw mask; orig port)
  wplus: mode=s1_mapper gate=fixed tanh(3.0) stage_c_init=False
  reference: use=True use_mirror=True gate_init=0.5 lr=5e-06
  reference real_primary : mirror (user plan: real photo = PRIMARY bank source, render -> extra)
  reference LOCAL       : window=0 gate_init=0.25 (v11 texture-band retrieval from PRIMARY (real-photo) source; activates the formerly-dead reference_local_scale)
  real pass1 dual-band  : visible/mirror FULL-band x1.0 + blind LOW-band x0.0 (v12: target=FULL SHARP render, only low-freq error penalized; hole_weight=0.0 ignored when dual-band active; 0=off -> single-band v11 path)
  loss synth_texture     : full (sigma=2.0 latent px; user plan: structure-only supervision, texture band = 0)
  brushnet: init=pretrained lr=1e-05 8bit=True grad_ckpt=True
  loss eps_weight       : 1.0
  real pass1 FORWARD    : True (False = STRUCT arm: real batch trains pass2 only; inference unchanged)
  real pass1 t-domain   : [0, 300] | infer.t_start=300 (0=pure-noise chain; >0=SDEdit from the noised anchor)
  loss real_p1 anchor   : visible=1.0 (target=inv_warp) hole=0 (target=y_hat_novel) mirror_anchor=True (hole real-photo coverage via inv_warp(x_mirror))
  loss pixel (t<200)   : L1*0 PL*0 ID*0 x0_clip=3.0 res=256
  loss latent closure   : *0 (orig L1195-1200)
  loss lpips/gan/fm     : 0 / 0 / 0  (orig GAN/FM 10/100 -> default 0)
  timestep range        : [0, 1000) FULL RANGE (no low-t clamp; v3.1 lesson)
  smoke: check=True fix_timestep=None
  path [OK ] sd            : ./pretrained_models/AI-ModelScope/stable-diffusion-v1-5
  path [OK ] brushnet      : ./pretrained_models/brushnet
  path [OK ] train         : ./data/FFHQ-EG3D_all_static_rebalanced
  path [OK ] test          : ./data/celeba-hq_1000_static_rebalanced
  path [OK ] synth         : ./data/SynthData100000_rebalanced
  path [OK ] LaMa_PL       : ./pretrained_models/LaMa_perceptual_loss_models
  path [OK ] gan_encoder   : ./pretrained_models/inversion/gan_encoder.pt
==============================================================================
[v18.5] CONSTANT prompt ACTIVE (preset=invsr): "Cinematic, high-contrast, photo-realistic, 8k, ultra HD, meticulous de..."
[BrushNet] init: official pretrained inpainting checkpoint
[v18.3] InvSR x0 SUPERVISION ACTIVE: latent-space MSE+FM+adv on the single-step x0, t<=300, w=ldif:1.0/lfm:2.0/ldis:0.1
[v18.3 InvSR] latent UNet-D 106,176,612 params | t_max=300 | w ldif:lfm:ldis = 1.0:2.0:0.1 | latent clamp ±10.0 | dis_warmup=3000 (their 10K/100K iters scaled to our 30K budget)
/home/xzy/miniconda3/envs/warpgan/lib/python3.9/site-packages/torchvision/models/_utils.py:208: UserWarning: The parameter 'pretrained' is deprecated since 0.13 and may be removed in the future, please use 'weights' instead.
  warnings.warn(
/home/xzy/miniconda3/envs/warpgan/lib/python3.9/site-packages/torchvision/models/_utils.py:223: UserWarning: Arguments other than a weight enum or `None` for 'weights' are deprecated since 0.13 and may be removed in the future. The current behavior is equivalent to passing `weights=VGG16_Weights.IMAGENET1K_V1`. You can also use `weights=VGG16_Weights.DEFAULT` to get the most up-to-date weights.
  warnings.warn(msg)
[v18.4] InvSR finetuned latent-LPIPS ACTIVE (w=2.0) <- ./weights/vgg16_sdturbo_lpips.pth
[params] bank-retrieval adapters trainable: 37,183,696 | W+ QKV (s2) trainable: 0 | W+ mapper trainable: 1,967,616 | mirror: own K/V 24,780,800 + softmax competition (16 gauged layers) | RefNet DELETED (860M saved, bank=main-UNet self-read)
[optim] 8-bit AdamW (bitsandbytes)
Synth dataset: ./data/SynthData100000_rebalanced -> 100000 samples
Real train dataset: ./data/FFHQ-EG3D_all_static_rebalanced -> 139914 samples
Test dataset: ./data/celeba-hq_1000_static_rebalanced -> 1000 samples
Start diffusion-port training (orig semantics, BrushNet+SD1.5).
[bank input check] source=x_mirror shape=(1, 3, 512, 512) mean=0.3228 std=0.3125 finite=True
[bank input check] source=y_hat_novel shape=(1, 3, 512, 512) mean=0.3133 std=0.2578 finite=True

------------------------------------------------------------------------------
[v10 REAL-DATA AUDIT — condition-side softening]
  [PASS] output range [0,1]                           min=0.0000 max=1.0000
  [info] hole mean growth = 0.0222 (raw 0.1609 bin 0.1609 soft 0.1831; fragmentation-dependent, orig-equivalent by the check below)
  [PASS] vs ORIG ops on real tensor (kornia+tv, max diff < 1e-4) max_diff=2.98e-07
  [PASS] transition band exists (soft, not re-binarized) band_frac=0.04722 band_px/img=12379
  [PASS] no knife edge: max per-px jump <= 0.45 (orig ~0.38) max_jump=0.380
  [PASS] supervision mask_latents == interp(RAW mask) 
  [PASS] BrushNet channel != supervision at boundary (split real) max|soft-raw|@latent=1.000
  [PASS] off-state identity on real tensor            
------------------------------------------------------------------------------
v10 AUDIT PASSED — theory verified on real pipeline tensors.
/home/xzy/warpgan-diffusiong-inpainting/warpgan-diffusion-inpainting-main/./training/coach_inpainting_diffusion.py:1693: UserWarning: Converting a tensor with requires_grad=True to a scalar may lead to unexpected behavior.
Consider using tensor.detach() first. (Triggered internally at /pytorch/torch/csrc/autograd/generated/python_variable_methods.cpp:835.)
  metrics['p1_eps'] = float(loss_p1)
[bank input check] source=warp_warp_img shape=(1, 3, 512, 512) mean=0.2433 std=0.2649 finite=True
[bank input check] source=y_hat shape=(1, 3, 512, 512) mean=0.3224 std=0.2883 finite=True
[bank input check] source=target_hat shape=(1, 3, 512, 512) mean=0.3807 std=0.2304 finite=True
[bank input check] source=x_mirror shape=(1, 3, 512, 512) mean=0.4024 std=0.2549 finite=True
[step 0] real_p1_mirror_hole_cov=0.0702 real_p1_eps=0.1947 real_p1_hole_frac=0.1609 real_p2_eps=0.0320 real_p2_hit=0.0000 real_total=0.2267 synth_eps=0.0946 synth_eps_raw=0.0946 synth_x0_hit=0.0000 synth_total=0.0946
[images] real: anchor | cond1 | cond2 | inv_warp_mirror | mask | mask_inv | warp_img | warp_warp_img | x | y_hat | y_hat_novel -> /home/xzy/warpgan-diffusiong-inpainting/warpgan-diffusion-inpainting-main/experiments/train_inpainting_diffusion/[20260913-032728]_v18w6_w4_100k/logs/images/train/real_step0000000.png
[images] synth: cond | mask | target | warp_img | x | y_hat_novel -> /home/xzy/warpgan-diffusiong-inpainting/warpgan-diffusion-inpainting-main/experiments/train_inpainting_diffusion/[20260913-032728]_v18w6_w4_100k/logs/images/train/synth_step0000000.png
[bank input check] source=x_mirror shape=(1, 3, 512, 512) mean=0.4327 std=0.2166 finite=True
[bank input check] source=y_hat_novel shape=(1, 3, 512, 512) mean=0.4238 std=0.1960 finite=True

------------------------------------------------------------------------------
[v10 REAL-DATA AUDIT — condition-side softening]
  [PASS] output range [0,1]                           min=0.0000 max=1.0000
  [info] hole mean growth = 0.0484 (raw 0.2225 bin 0.2225 soft 0.2709; fragmentation-dependent, orig-equivalent by the check below)
  [PASS] vs ORIG ops on real tensor (kornia+tv, max diff < 1e-4) max_diff=3.58e-07
  [PASS] transition band exists (soft, not re-binarized) band_frac=0.07328 band_px/img=19210
  [PASS] no knife edge: max per-px jump <= 0.45 (orig ~0.38) max_jump=0.380
  [PASS] supervision mask_latents == interp(RAW mask) 
  [PASS] BrushNet channel != supervision at boundary (split real) max|soft-raw|@latent=1.000
  [PASS] off-state identity on real tensor            
------------------------------------------------------------------------------
v10 AUDIT PASSED — theory verified on real pipeline tensors.
[bank input check] source=warp_warp_img shape=(1, 3, 512, 512) mean=0.3508 std=0.2578 finite=True
[bank input check] source=y_hat shape=(1, 3, 512, 512) mean=0.4235 std=0.2024 finite=True
[bank input check] source=target_hat shape=(1, 3, 512, 512) mean=0.4727 std=0.2063 finite=True
[bank input check] source=x_mirror shape=(1, 3, 512, 512) mean=0.4248 std=0.2297 finite=True
[bank input check] source=x_mirror shape=(1, 3, 512, 512) mean=0.5335 std=0.2773 finite=True
[bank input check] source=y_hat_novel shape=(1, 3, 512, 512) mean=0.5502 std=0.2151 finite=True

------------------------------------------------------------------------------
[v10 REAL-DATA AUDIT — condition-side softening]
  [PASS] output range [0,1]                           min=0.0000 max=1.0000
  [info] hole mean growth = 0.0869 (raw 0.5174 bin 0.5174 soft 0.6043; fragmentation-dependent, orig-equivalent by the check below)
  [PASS] vs ORIG ops on real tensor (kornia+tv, max diff < 1e-4) max_diff=2.98e-07
  [PASS] transition band exists (soft, not re-binarized) band_frac=0.08638 band_px/img=22644
  [PASS] no knife edge: max per-px jump <= 0.45 (orig ~0.38) max_jump=0.380
  [PASS] supervision mask_latents == interp(RAW mask) 
  [PASS] BrushNet channel != supervision at boundary (split real) max|soft-raw|@latent=1.000
  [PASS] off-state identity on real tensor            
------------------------------------------------------------------------------
v10 AUDIT PASSED — theory verified on real pipeline tensors.
[bank input check] source=warp_warp_img shape=(1, 3, 512, 512) mean=0.2779 std=0.2948 finite=True
[bank input check] source=y_hat shape=(1, 3, 512, 512) mean=0.5355 std=0.2647 finite=True
[bank input check] source=target_hat shape=(1, 3, 512, 512) mean=0.5501 std=0.2074 finite=True
[bank input check] source=x_mirror shape=(1, 3, 512, 512) mean=0.5603 std=0.2377 finite=True
[step 50] real_p1_mirror_hole_cov=0.0794 real_p1_eps=0.3923 real_p1_hole_frac=0.1880 real_p2_eps=0.0181 real_p2_hit=0.0000 real_total=0.4103 synth_eps=0.0150 synth_eps_raw=0.0150 synth_x0_hit=0.0000 synth_total=0.0150
[step 100] real_p1_mirror_hole_cov=0.0458 real_p1_eps=0.1675 real_p1_hole_frac=0.2278 real_p2_eps=0.1850 real_p2_hit=1.0000 real_p2_t=219.0000 real_p2_ldif=0.0705 real_p2_lfm=0.0043 real_total=0.4317 discr_adv=0.9352 p2_d_real=-0.2161 p2_d_fake=-0.3486 g_grad_abs=1986.7445 d_grad_abs=3389.8429 synth_eps=0.0170 synth_eps_raw=0.0170 synth_x0_hit=0.0000 synth_total=0.0170
[step 150] real_p1_mirror_hole_cov=0.0717 real_p1_eps=0.2775 real_p1_hole_frac=0.3661 real_p2_eps=0.0911 real_p2_hit=0.0000 real_total=0.3686 synth_eps=0.0839 synth_eps_raw=0.0839 synth_x0_hit=0.0000 synth_total=0.0839
[step 200] real_p1_mirror_hole_cov=0.0179 real_p1_eps=0.1455 real_p1_hole_frac=0.3508 real_p2_eps=0.0062 real_p2_hit=0.0000 real_total=0.1518 discr_adv=0.9193 x0_d_real=0.2729 x0_d_fake=0.1059 g_grad_abs=1651.6649 d_grad_abs=1813.3740 synth_eps=0.0138 synth_eps_raw=0.0138 synth_x0_hit=0.0000 synth_total=0.0138
[step 250] real_p1_mirror_hole_cov=0.0185 real_p1_eps=0.1542 real_p1_hole_frac=0.0528 real_p2_eps=0.2482 real_p2_hit=1.0000 real_p2_t=63.0000 real_p2_ldif=0.0165 real_p2_lfm=0.0019 real_total=0.4227 discr_adv=1.0668 p2_d_real=0.5418 p2_d_fake=0.5349 g_grad_abs=2479.6345 d_grad_abs=4940.1069 synth_eps=0.1238 synth_eps_raw=0.1238 synth_x0_hit=0.0000 synth_total=0.1238
[step 300] real_p1_mirror_hole_cov=0.0204 real_p1_eps=0.0539 real_p1_hole_frac=0.0404 real_p2_eps=0.0007 real_p2_hit=0.0000 real_total=0.0547 synth_eps=0.4246 synth_eps_raw=0.4246 synth_x0_hit=1.0000 synth_x0_t=88.0000 synth_x0_ldif=0.0426 synth_x0_lfm=0.0043 synth_total=0.4758
[step 350] real_p1_mirror_hole_cov=0.1440 real_p1_eps=0.3564 real_p1_hole_frac=0.0363 real_p2_eps=0.0120 real_p2_hit=0.0000 real_total=0.3683 discr_adv=0.9295 x0_d_real=0.1834 x0_d_fake=0.0307 g_grad_abs=2011.7667 d_grad_abs=1574.1505 synth_eps=0.0917 synth_eps_raw=0.0917 synth_x0_hit=0.0000 synth_total=0.0917
[step 400] real_p1_mirror_hole_cov=0.0291 real_p1_eps=0.1411 real_p1_hole_frac=0.4045 real_p2_eps=0.3557 real_p2_hit=1.0000 real_p2_t=85.0000 real_p2_ldif=0.0341 real_p2_lfm=0.0044 real_total=0.5397 discr_adv=1.9772 x0_d_real=0.8307 x0_d_fake=0.8174 p2_d_real=0.8706 p2_d_fake=0.7694 g_grad_abs=1836.3584 d_grad_abs=7171.4593 synth_eps=0.0596 synth_eps_raw=0.0596 synth_x0_hit=0.0000 synth_total=0.0596
[step 450] real_p1_mirror_hole_cov=0.1135 real_p1_eps=0.3625 real_p1_hole_frac=0.3964 real_p2_eps=0.0019 real_p2_hit=0.0000 real_total=0.3644 discr_adv=1.3479 x0_d_real=-1.6447 x0_d_fake=-2.0109 g_grad_abs=1239.4120 d_grad_abs=24090.4805 synth_eps=0.0042 synth_eps_raw=0.0042 synth_x0_hit=0.0000 synth_total=0.0042
[step 500] real_p1_mirror_hole_cov=0.2229 real_p1_eps=0.2687 real_p1_hole_frac=0.3319 real_p2_eps=0.0237 real_p2_hit=0.0000 real_total=0.2924 synth_eps=0.0676 synth_eps_raw=0.0676 synth_x0_hit=0.0000 synth_total=0.0676
[images] real: anchor | cond1 | cond2 | inv_warp_mirror | mask | mask_inv | warp_img | warp_warp_img | x | y_hat | y_hat_novel -> /home/xzy/warpgan-diffusiong-inpainting/warpgan-diffusion-inpainting-main/experiments/train_inpainting_diffusion/[20260913-032728]_v18w6_w4_100k/logs/images/train/real_step0000500.png
[images] synth: cond | mask | target | warp_img | x | y_hat_novel -> /home/xzy/warpgan-diffusiong-inpainting/warpgan-diffusion-inpainting-main/experiments/train_inpainting_diffusion/[20260913-032728]_v18w6_w4_100k/logs/images/train/synth_step0000500.png
[step 550] real_p1_mirror_hole_cov=0.4685 real_p1_eps=0.1779 real_p1_hole_frac=0.4749 real_p2_eps=0.0257 real_p2_hit=0.0000 real_total=0.2036 synth_eps=0.2350 synth_eps_raw=0.2350 synth_x0_hit=1.0000 synth_x0_t=205.0000 synth_x0_ldif=0.0801 synth_x0_lfm=0.0058 synth_total=0.3268
[step 600] real_p1_mirror_hole_cov=0.0207 real_p1_eps=0.2798 real_p1_hole_frac=0.1540 real_p2_eps=0.0361 real_p2_hit=0.0000 real_total=0.3160 synth_eps=0.0559 synth_eps_raw=0.0559 synth_x0_hit=0.0000 synth_total=0.0559
[step 650] real_p1_mirror_hole_cov=0.2635 real_p1_eps=0.2941 real_p1_hole_frac=0.4091 real_p2_eps=0.1234 real_p2_hit=0.0000 real_total=0.4176 discr_adv=0.6464 x0_d_real=1.1555 x0_d_fake=0.2637 g_grad_abs=1291.8634 d_grad_abs=16555.7246 synth_eps=0.1953 synth_eps_raw=0.1953 synth_x0_hit=1.0000 synth_x0_t=235.0000 synth_x0_ldif=0.0844 synth_x0_lfm=0.0082 synth_total=0.2961
[step 700] real_p1_mirror_hole_cov=0.1837 real_p1_eps=0.1291 real_p1_hole_frac=0.3127 real_p2_eps=0.0025 real_p2_hit=0.0000 real_total=0.1316 synth_eps=0.2052 synth_eps_raw=0.2052 synth_x0_hit=1.0000 synth_x0_t=187.0000 synth_x0_ldif=0.0602 synth_x0_lfm=0.0047 synth_total=0.2749
[step 750] real_p1_mirror_hole_cov=0.2405 real_p1_eps=0.4790 real_p1_hole_frac=0.3056 real_p2_eps=0.0107 real_p2_hit=0.0000 real_total=0.4897 synth_eps=0.1536 synth_eps_raw=0.1536 synth_x0_hit=0.0000 synth_total=0.1536
[step 800] real_p1_mirror_hole_cov=0.0039 real_p1_eps=0.0979 real_p1_hole_frac=0.2392 real_p2_eps=0.1175 real_p2_hit=1.0000 real_p2_t=250.0000 real_p2_ldif=0.0569 real_p2_lfm=0.0051 real_total=0.2826 discr_adv=0.8760 p2_d_real=0.0008 p2_d_fake=-0.2509 g_grad_abs=1433.1575 d_grad_abs=2293.3408 synth_eps=0.0068 synth_eps_raw=0.0068 synth_x0_hit=0.0000 synth_total=0.0068
[step 850] real_p1_mirror_hole_cov=0.2842 real_p1_eps=0.4169 real_p1_hole_frac=0.5606 real_p2_eps=0.0102 real_p2_hit=0.0000 real_total=0.4271 synth_eps=0.0145 synth_eps_raw=0.0145 synth_x0_hit=0.0000 synth_total=0.0145
[step 900] real_p1_mirror_hole_cov=0.1059 real_p1_eps=0.1064 real_p1_hole_frac=0.1530 real_p2_eps=0.0501 real_p2_hit=0.0000 real_total=0.1565 synth_eps=0.0929 synth_eps_raw=0.0929 synth_x0_hit=0.0000 synth_total=0.0929
[step 950] real_p1_mirror_hole_cov=0.0371 real_p1_eps=0.1335 real_p1_hole_frac=0.2860 real_p2_eps=0.3479 real_p2_hit=1.0000 real_p2_t=49.0000 real_p2_ldif=0.0173 real_p2_lfm=0.0034 real_total=0.5054 discr_adv=0.8592 p2_d_real=-0.5840 p2_d_fake=-0.8816 g_grad_abs=1465.3294 d_grad_abs=10519.9180 synth_eps=0.1379 synth_eps_raw=0.1379 synth_x0_hit=0.0000 synth_total=0.1379
[step 1000] real_p1_mirror_hole_cov=0.1267 real_p1_eps=0.1268 real_p1_hole_frac=0.2468 real_p2_eps=0.1807 real_p2_hit=1.0000 real_p2_t=150.0000 real_p2_ldif=0.0376 real_p2_lfm=0.0027 real_total=0.3505 discr_adv=0.9705 p2_d_real=0.1660 p2_d_fake=0.1069 g_grad_abs=1488.5036 d_grad_abs=1304.8262 synth_eps=0.0578 synth_eps_raw=0.0578 synth_x0_hit=0.0000 synth_total=0.0578
[images] real: anchor | cond1 | cond2 | inv_warp_mirror | mask | mask_inv | warp_img | warp_warp_img | x | y_hat | y_hat_novel -> /home/xzy/warpgan-diffusiong-inpainting/warpgan-diffusion-inpainting-main/experiments/train_inpainting_diffusion/[20260913-032728]_v18w6_w4_100k/logs/images/train/real_step0001000.png
[images] synth: cond | mask | target | warp_img | x | y_hat_novel -> /home/xzy/warpgan-diffusiong-inpainting/warpgan-diffusion-inpainting-main/experiments/train_inpainting_diffusion/[20260913-032728]_v18w6_w4_100k/logs/images/train/synth_step0001000.png
[step 1050] real_p1_mirror_hole_cov=0.1375 real_p1_eps=0.2462 real_p1_hole_frac=0.3820 real_p2_eps=0.0076 real_p2_hit=0.0000 real_total=0.2538 discr_adv=1.0440 x0_d_real=1.0842 x0_d_fake=1.0573 g_grad_abs=917.6388 d_grad_abs=1858.8596 synth_eps=0.0339 synth_eps_raw=0.0339 synth_x0_hit=0.0000 synth_total=0.0339
[step 1100] real_p1_mirror_hole_cov=0.0072 real_p1_eps=0.0911 real_p1_hole_frac=0.3042 real_p2_eps=0.0037 real_p2_hit=0.0000 real_total=0.0948 synth_eps=0.0209 synth_eps_raw=0.0209 synth_x0_hit=0.0000 synth_total=0.0209
[step 1150] real_p1_mirror_hole_cov=0.0835 real_p1_eps=0.1876 real_p1_hole_frac=0.4383 real_p2_eps=0.2549 real_p2_hit=1.0000 real_p2_t=180.0000 real_p2_ldif=0.0702 real_p2_lfm=0.0049 real_total=0.5224 discr_adv=0.4784 p2_d_real=0.0698 p2_d_fake=-1.2695 g_grad_abs=1509.4024 d_grad_abs=29869.6796 synth_eps=0.4959 synth_eps_raw=0.4959 synth_x0_hit=1.0000 synth_x0_t=81.0000 synth_x0_ldif=0.0448 synth_x0_lfm=0.0041 synth_total=0.5489
[step 1200] real_p1_mirror_hole_cov=0.2441 real_p1_eps=0.2547 real_p1_hole_frac=0.2668 real_p2_eps=0.0993 real_p2_hit=1.0000 real_p2_t=286.0000 real_p2_ldif=0.0624 real_p2_lfm=0.0057 real_total=0.4278 discr_adv=0.9938 p2_d_real=0.6038 p2_d_fake=0.5893 g_grad_abs=2234.6568 d_grad_abs=222.6288 synth_eps=0.0443 synth_eps_raw=0.0443 synth_x0_hit=0.0000 synth_total=0.0443
[step 1250] real_p1_mirror_hole_cov=0.0231 real_p1_eps=0.2217 real_p1_hole_frac=0.4663 real_p2_eps=0.0020 real_p2_hit=0.0000 real_total=0.2237 synth_eps=0.2475 synth_eps_raw=0.2475 synth_x0_hit=1.0000 synth_x0_t=154.0000 synth_x0_ldif=0.0535 synth_x0_lfm=0.0037 synth_total=0.3085
[step 1300] real_p1_mirror_hole_cov=0.0455 real_p1_eps=0.0703 real_p1_hole_frac=0.0847 real_p2_eps=0.0399 real_p2_hit=0.0000 real_total=0.1102 discr_adv=0.8171 x0_d_real=0.1879 x0_d_fake=-0.1783 g_grad_abs=1015.3523 d_grad_abs=3610.7854 synth_eps=0.0123 synth_eps_raw=0.0123 synth_x0_hit=0.0000 synth_total=0.0123
[step 1350] real_p1_mirror_hole_cov=0.1732 real_p1_eps=0.2857 real_p1_hole_frac=0.6274 real_p2_eps=0.1068 real_p2_hit=0.0000 real_total=0.3925 discr_adv=1.0112 x0_d_real=-0.3624 x0_d_fake=-0.4399 g_grad_abs=1091.3277 d_grad_abs=1952.9509 synth_eps=0.0524 synth_eps_raw=0.0524 synth_x0_hit=0.0000 synth_total=0.0524
[step 1400] real_p1_mirror_hole_cov=0.0695 real_p1_eps=0.2522 real_p1_hole_frac=0.4728 real_p2_eps=0.0014 real_p2_hit=0.0000 real_total=0.2536 synth_eps=0.0396 synth_eps_raw=0.0396 synth_x0_hit=0.0000 synth_total=0.0396
[step 1450] real_p1_mirror_hole_cov=0.1319 real_p1_eps=0.4363 real_p1_hole_frac=0.0351 real_p2_eps=0.0012 real_p2_hit=0.0000 real_total=0.4375 synth_eps=0.1273 synth_eps_raw=0.1273 synth_x0_hit=0.0000 synth_total=0.1273
[step 1500] real_p1_mirror_hole_cov=0.0951 real_p1_eps=0.1710 real_p1_hole_frac=0.3381 real_p2_eps=0.0285 real_p2_hit=0.0000 real_total=0.1995 discr_adv=0.4820 x0_d_real=0.9136 x0_d_fake=-0.1903 g_grad_abs=1009.1023 d_grad_abs=5453.9726 synth_eps=0.2425 synth_eps_raw=0.2425 synth_x0_hit=1.0000 synth_x0_t=179.0000 synth_x0_ldif=0.0662 synth_x0_lfm=0.0048 synth_total=0.3182
[images] real: anchor | cond1 | cond2 | inv_warp_mirror | mask | mask_inv | warp_img | warp_warp_img | x | y_hat | y_hat_novel -> /home/xzy/warpgan-diffusiong-inpainting/warpgan-diffusion-inpainting-main/experiments/train_inpainting_diffusion/[20260913-032728]_v18w6_w4_100k/logs/images/train/real_step0001500.png
[images] synth: cond | mask | target | warp_img | x | y_hat_novel -> /home/xzy/warpgan-diffusiong-inpainting/warpgan-diffusion-inpainting-main/experiments/train_inpainting_diffusion/[20260913-032728]_v18w6_w4_100k/logs/images/train/synth_step0001500.png
[step 1550] real_p1_mirror_hole_cov=0.0237 real_p1_eps=0.0833 real_p1_hole_frac=0.1716 real_p2_eps=0.2548 real_p2_hit=1.0000 real_p2_t=84.0000 real_p2_ldif=0.0241 real_p2_lfm=0.0021 real_total=0.3665 discr_adv=1.0111 p2_d_real=1.3633 p2_d_fake=1.0157 g_grad_abs=1747.7434 d_grad_abs=17130.2976 synth_eps=0.1453 synth_eps_raw=0.1453 synth_x0_hit=0.0000 synth_total=0.1453
[step 1600] real_p1_mirror_hole_cov=0.1350 real_p1_eps=0.1683 real_p1_hole_frac=0.2496 real_p2_eps=0.1625 real_p2_hit=1.0000 real_p2_t=191.0000 real_p2_ldif=0.0492 real_p2_lfm=0.0026 real_total=0.3853 discr_adv=0.3478 p2_d_real=0.6808 p2_d_fake=-0.6339 g_grad_abs=1351.4061 d_grad_abs=6399.7365 synth_eps=0.7066 synth_eps_raw=0.7066 synth_x0_hit=1.0000 synth_x0_t=14.0000 synth_x0_ldif=0.0094 synth_x0_lfm=0.0012 synth_total=0.7185
[step 1650] real_p1_mirror_hole_cov=0.0738 real_p1_eps=0.0796 real_p1_hole_frac=0.0553 real_p2_eps=0.0270 real_p2_hit=0.0000 real_total=0.1066 synth_eps=0.3921 synth_eps_raw=0.3921 synth_x0_hit=1.0000 synth_x0_t=110.0000 synth_x0_ldif=0.0526 synth_x0_lfm=0.0044 synth_total=0.4535
[step 1700] real_p1_mirror_hole_cov=0.1508 real_p1_eps=0.2529 real_p1_hole_frac=0.5074 real_p2_eps=0.4167 real_p2_hit=1.0000 real_p2_t=110.0000 real_p2_ldif=0.0559 real_p2_lfm=0.0056 real_total=0.7367 discr_adv=1.1067 p2_d_real=1.2426 p2_d_fake=1.2081 g_grad_abs=1477.9566 d_grad_abs=2134.1886 synth_eps=0.0260 synth_eps_raw=0.0260 synth_x0_hit=0.0000 synth_total=0.0260
[step 1750] real_p1_mirror_hole_cov=0.5050 real_p1_eps=0.2724 real_p1_hole_frac=0.3793 real_p2_eps=0.0028 real_p2_hit=0.0000 real_total=0.2753 synth_eps=0.0077 synth_eps_raw=0.0077 synth_x0_hit=0.0000 synth_total=0.0077
[step 1800] real_p1_mirror_hole_cov=0.0077 real_p1_eps=0.2173 real_p1_hole_frac=0.0695 real_p2_eps=0.0154 real_p2_hit=0.0000 real_total=0.2327 discr_adv=0.8612 x0_d_real=-0.6347 x0_d_fake=-0.9212 g_grad_abs=1287.4633 d_grad_abs=1900.3187 synth_eps=0.0734 synth_eps_raw=0.0734 synth_x0_hit=0.0000 synth_total=0.0734
[step 1850] real_p1_mirror_hole_cov=0.0242 real_p1_eps=0.5047 real_p1_hole_frac=0.3277 real_p2_eps=0.0052 real_p2_hit=0.0000 real_total=0.5099 discr_adv=1.0052 x0_d_real=1.2934 x0_d_fake=1.0088 g_grad_abs=1450.6265 d_grad_abs=13826.0987 synth_eps=0.0565 synth_eps_raw=0.0565 synth_x0_hit=0.0000 synth_total=0.0565
[step 1900] real_p1_mirror_hole_cov=0.0004 real_p1_eps=0.3087 real_p1_hole_frac=0.1896 real_p2_eps=0.0855 real_p2_hit=0.0000 real_total=0.3942 synth_eps=0.0501 synth_eps_raw=0.0501 synth_x0_hit=0.0000 synth_total=0.0501
[step 1950] real_p1_mirror_hole_cov=0.1279 real_p1_eps=0.3320 real_p1_hole_frac=0.1991 real_p2_eps=0.0493 real_p2_hit=0.0000 real_total=0.3813 discr_adv=0.7434 x0_d_real=0.8592 x0_d_fake=0.3456 g_grad_abs=1266.0618 d_grad_abs=8607.1275 synth_eps=0.0577 synth_eps_raw=0.0577 synth_x0_hit=0.0000 synth_total=0.0577
[val step 1999] val_novel_full=0.0304 val_novel_hole=0.0303 val_novel_visible=0.0304
[step 2000] real_p1_mirror_hole_cov=0.2245 real_p1_eps=0.1370 real_p1_hole_frac=0.4083 real_p2_eps=0.0189 real_p2_hit=0.0000 real_total=0.1559 discr_adv=0.6706 x0_d_real=0.8561 x0_d_fake=0.1894 g_grad_abs=785.2972 d_grad_abs=6448.5946 synth_eps=0.0029 synth_eps_raw=0.0029 synth_x0_hit=0.0000 synth_total=0.0029 extra_render_attn_share=0.5061
[images] real: anchor | cond1 | cond2 | inv_warp_mirror | mask | mask_inv | warp_img | warp_warp_img | x | y_hat | y_hat_novel -> /home/xzy/warpgan-diffusiong-inpainting/warpgan-diffusion-inpainting-main/experiments/train_inpainting_diffusion/[20260913-032728]_v18w6_w4_100k/logs/images/train/real_step0002000.png
[images] synth: cond | mask | target | warp_img | x | y_hat_novel -> /home/xzy/warpgan-diffusiong-inpainting/warpgan-diffusion-inpainting-main/experiments/train_inpainting_diffusion/[20260913-032728]_v18w6_w4_100k/logs/images/train/synth_step0002000.png
[step 2050] real_p1_mirror_hole_cov=0.2214 real_p1_eps=0.1581 real_p1_hole_frac=0.4873 real_p2_eps=0.2272 real_p2_hit=1.0000 real_p2_t=180.0000 real_p2_ldif=0.0625 real_p2_lfm=0.0057 real_total=0.4592 discr_adv=0.0835 p2_d_real=0.8593 p2_d_fake=-1.1622 g_grad_abs=1650.5969 d_grad_abs=2865.2817 synth_eps=0.1662 synth_eps_raw=0.1662 synth_x0_hit=1.0000 synth_x0_t=291.0000 synth_x0_ldif=0.1082 synth_x0_lfm=0.0081 synth_total=0.2907 extra_render_attn_share=0.5061
[step 2100] real_p1_mirror_hole_cov=0.0190 real_p1_eps=0.2421 real_p1_hole_frac=0.2384 real_p2_eps=0.0059 real_p2_hit=0.0000 real_total=0.2480 discr_adv=0.9952 x0_d_real=1.0454 x0_d_fake=0.9869 g_grad_abs=1123.6707 d_grad_abs=2820.3575 synth_eps=0.0029 synth_eps_raw=0.0029 synth_x0_hit=0.0000 synth_total=0.0029 extra_render_attn_share=0.5061
[step 2150] real_p1_mirror_hole_cov=0.0088 real_p1_eps=0.0753 real_p1_hole_frac=0.0431 real_p2_eps=0.0006 real_p2_hit=0.0000 real_total=0.0760 synth_eps=0.1081 synth_eps_raw=0.1081 synth_x0_hit=0.0000 synth_total=0.1081 extra_render_attn_share=0.5061
[step 2200] real_p1_mirror_hole_cov=0.0413 real_p1_eps=0.1567 real_p1_hole_frac=0.4643 real_p2_eps=0.0397 real_p2_hit=0.0000 real_total=0.1964 discr_adv=0.8284 x0_d_real=0.9940 x0_d_fake=0.6234 g_grad_abs=799.6763 d_grad_abs=6325.5369 synth_eps=0.1068 synth_eps_raw=0.1068 synth_x0_hit=0.0000 synth_total=0.1068 extra_render_attn_share=0.5061
[step 2250] real_p1_mirror_hole_cov=0.0187 real_p1_eps=0.0835 real_p1_hole_frac=0.0810 real_p2_eps=0.0247 real_p2_hit=0.0000 real_total=0.1082 discr_adv=0.9325 x0_d_real=0.6399 x0_d_fake=0.5048 g_grad_abs=635.2286 d_grad_abs=1631.9860 synth_eps=0.0403 synth_eps_raw=0.0403 synth_x0_hit=0.0000 synth_total=0.0403 extra_render_attn_share=0.5061
[step 2300] real_p1_mirror_hole_cov=0.0893 real_p1_eps=0.2592 real_p1_hole_frac=0.5428 real_p2_eps=0.0082 real_p2_hit=0.0000 real_total=0.2674 synth_eps=0.1854 synth_eps_raw=0.1854 synth_x0_hit=1.0000 synth_x0_t=236.0000 synth_x0_ldif=0.0808 synth_x0_lfm=0.0081 synth_total=0.2823 extra_render_attn_share=0.5061
[step 2350] real_p1_mirror_hole_cov=0.0586 real_p1_eps=0.1887 real_p1_hole_frac=0.3087 real_p2_eps=0.0015 real_p2_hit=0.0000 real_total=0.1902 synth_eps=0.0074 synth_eps_raw=0.0074 synth_x0_hit=0.0000 synth_total=0.0074 extra_render_attn_share=0.5061
[step 2400] real_p1_mirror_hole_cov=0.0548 real_p1_eps=0.1315 real_p1_hole_frac=0.1559 real_p2_eps=0.3736 real_p2_hit=1.0000 real_p2_t=59.0000 real_p2_ldif=0.0230 real_p2_lfm=0.0023 real_total=0.5327 discr_adv=1.8003 x0_d_real=-0.3691 x0_d_fake=-1.5461 p2_d_real=1.2341 p2_d_fake=1.2305 g_grad_abs=1405.2969 d_grad_abs=53224.1539 synth_eps=0.1326 synth_eps_raw=0.1326 synth_x0_hit=0.0000 synth_total=0.1326 extra_render_attn_share=0.5061
[step 2450] real_p1_mirror_hole_cov=0.0616 real_p1_eps=0.6132 real_p1_hole_frac=0.5147 real_p2_eps=0.1334 real_p2_hit=0.0000 real_total=0.7465 discr_adv=0.9608 x0_d_real=-0.8212 x0_d_fake=-0.9052 g_grad_abs=1691.1644 d_grad_abs=3993.0611 synth_eps=0.1047 synth_eps_raw=0.1047 synth_x0_hit=0.0000 synth_total=0.1047 extra_render_attn_share=0.5061
[step 2500] real_p1_mirror_hole_cov=0.1086 real_p1_eps=0.1699 real_p1_hole_frac=0.5179 real_p2_eps=0.0162 real_p2_hit=0.0000 real_total=0.1861 discr_adv=0.0026 x0_d_real=1.1242 x0_d_fake=-1.2003 g_grad_abs=957.3446 d_grad_abs=360.4898 synth_eps=0.2300 synth_eps_raw=0.2300 synth_x0_hit=1.0000 synth_x0_t=265.0000 synth_x0_ldif=0.1244 synth_x0_lfm=0.0070 synth_total=0.3684 extra_render_attn_share=0.5061
[images] real: anchor | cond1 | cond2 | inv_warp_mirror | mask | mask_inv | warp_img | warp_warp_img | x | y_hat | y_hat_novel -> /home/xzy/warpgan-diffusiong-inpainting/warpgan-diffusion-inpainting-main/experiments/train_inpainting_diffusion/[20260913-032728]_v18w6_w4_100k/logs/images/train/real_step0002500.png
[images] synth: cond | mask | target | warp_img | x | y_hat_novel -> /home/xzy/warpgan-diffusiong-inpainting/warpgan-diffusion-inpainting-main/experiments/train_inpainting_diffusion/[20260913-032728]_v18w6_w4_100k/logs/images/train/synth_step0002500.png
[step 2550] real_p1_mirror_hole_cov=0.2220 real_p1_eps=0.2966 real_p1_hole_frac=0.3743 real_p2_eps=0.0109 real_p2_hit=0.0000 real_total=0.3075 synth_eps=0.0594 synth_eps_raw=0.0594 synth_x0_hit=0.0000 synth_total=0.0594 extra_render_attn_share=0.5061
[step 2600] real_p1_mirror_hole_cov=0.0163 real_p1_eps=0.0598 real_p1_hole_frac=0.0484 real_p2_eps=0.2759 real_p2_hit=1.0000 real_p2_t=41.0000 real_p2_ldif=0.0112 real_p2_lfm=0.0010 real_total=0.3488 discr_adv=0.9977 p2_d_real=-0.5518 p2_d_fake=-0.5563 g_grad_abs=1300.6327 d_grad_abs=55.6034 synth_eps=0.4608 synth_eps_raw=0.4608 synth_x0_hit=1.0000 synth_x0_t=38.0000 synth_x0_ldif=0.0173 synth_x0_lfm=0.0020 synth_total=0.4822 extra_render_attn_share=0.5061
[step 2650] real_p1_mirror_hole_cov=0.3011 real_p1_eps=0.1566 real_p1_hole_frac=0.5266 real_p2_eps=0.0210 real_p2_hit=0.0000 real_total=0.1776 synth_eps=0.0110 synth_eps_raw=0.0110 synth_x0_hit=0.0000 synth_total=0.0110 extra_render_attn_share=0.5061
[step 2700] real_p1_mirror_hole_cov=0.1499 real_p1_eps=0.1870 real_p1_hole_frac=0.4024 real_p2_eps=0.0056 real_p2_hit=0.0000 real_total=0.1926 synth_eps=0.0307 synth_eps_raw=0.0307 synth_x0_hit=0.0000 synth_total=0.0307 extra_render_attn_share=0.5061
[step 2750] real_p1_mirror_hole_cov=0.0655 real_p1_eps=0.1709 real_p1_hole_frac=0.1244 real_p2_eps=0.0106 real_p2_hit=0.0000 real_total=0.1815 synth_eps=0.0060 synth_eps_raw=0.0060 synth_x0_hit=0.0000 synth_total=0.0060 extra_render_attn_share=0.5061
[step 2800] real_p1_mirror_hole_cov=0.0165 real_p1_eps=0.2321 real_p1_hole_frac=0.3017 real_p2_eps=0.0224 real_p2_hit=0.0000 real_total=0.2545 synth_eps=0.0259 synth_eps_raw=0.0259 synth_x0_hit=0.0000 synth_total=0.0259 extra_render_attn_share=0.5061
[step 2850] real_p1_mirror_hole_cov=0.1364 real_p1_eps=0.1104 real_p1_hole_frac=0.2358 real_p2_eps=0.3017 real_p2_hit=1.0000 real_p2_t=74.0000 real_p2_ldif=0.0244 real_p2_lfm=0.0029 real_total=0.4423 discr_adv=0.9763 p2_d_real=-0.1776 p2_d_fake=-0.2256 g_grad_abs=1499.3570 d_grad_abs=203.1505 synth_eps=0.2008 synth_eps_raw=0.2008 synth_x0_hit=1.0000 synth_x0_t=231.0000 synth_x0_ldif=0.0841 synth_x0_lfm=0.0057 synth_total=0.2963 extra_render_attn_share=0.5061
[step 2900] real_p1_mirror_hole_cov=0.0895 real_p1_eps=0.0719 real_p1_hole_frac=0.0731 real_p2_eps=0.0752 real_p2_hit=1.0000 real_p2_t=287.0000 real_p2_ldif=0.0476 real_p2_lfm=0.0037 real_total=0.2022 discr_adv=0.9113 p2_d_real=0.0476 p2_d_fake=-0.1314 g_grad_abs=1256.9183 d_grad_abs=1741.7713 synth_eps=0.0070 synth_eps_raw=0.0070 synth_x0_hit=0.0000 synth_total=0.0070 extra_render_attn_share=0.5061
[step 2950] real_p1_mirror_hole_cov=0.0242 real_p1_eps=0.1582 real_p1_hole_frac=0.1061 real_p2_eps=0.1694 real_p2_hit=1.0000 real_p2_t=142.0000 real_p2_ldif=0.0325 real_p2_lfm=0.0028 real_total=0.3656 discr_adv=1.9397 x0_d_real=-0.0160 x0_d_fake=-0.0705 p2_d_real=0.1345 p2_d_fake=0.0391 g_grad_abs=2263.7862 d_grad_abs=1616.9836 synth_eps=0.2848 synth_eps_raw=0.2848 synth_x0_hit=1.0000 synth_x0_t=174.0000 synth_x0_ldif=0.0743 synth_x0_lfm=0.0060 synth_total=0.3710 extra_render_attn_share=0.5061
[step 3000] real_p1_mirror_hole_cov=0.0789 real_p1_eps=0.1102 real_p1_hole_frac=0.0695 real_p2_eps=0.0014 real_p2_hit=0.0000 real_total=0.1116 synth_eps=0.0017 synth_eps_raw=0.0017 synth_x0_hit=0.0000 synth_total=0.0017 extra_render_attn_share=0.5061
[images] real: anchor | cond1 | cond2 | inv_warp_mirror | mask | mask_inv | warp_img | warp_warp_img | x | y_hat | y_hat_novel -> /home/xzy/warpgan-diffusiong-inpainting/warpgan-diffusion-inpainting-main/experiments/train_inpainting_diffusion/[20260913-032728]_v18w6_w4_100k/logs/images/train/real_step0003000.png
[images] synth: cond | mask | target | warp_img | x | y_hat_novel -> /home/xzy/warpgan-diffusiong-inpainting/warpgan-diffusion-inpainting-main/experiments/train_inpainting_diffusion/[20260913-032728]_v18w6_w4_100k/logs/images/train/synth_step0003000.png
[step 3050] real_p1_mirror_hole_cov=0.1304 real_p1_eps=0.2323 real_p1_hole_frac=0.3107 real_p2_eps=0.0903 real_p2_hit=0.0000 real_total=0.3226 discr_adv=0.8660 x0_d_real=0.2007 x0_d_fake=-0.1087 g_grad_abs=1611.7255 d_grad_abs=2933.4304 synth_eps=0.1204 synth_eps_raw=0.1204 synth_x0_hit=0.0000 synth_total=0.1204 extra_render_attn_share=0.5061
[step 3100] real_p1_mirror_hole_cov=0.0490 real_p1_eps=0.0768 real_p1_hole_frac=0.0765 real_p2_eps=0.0648 real_p2_hit=0.0000 real_total=0.1416 discr_adv=0.7037 x0_d_real=-0.0232 x0_d_fake=-0.6161 g_grad_abs=853.4199 d_grad_abs=3492.0375 synth_eps=0.0370 synth_eps_raw=0.0370 synth_x0_hit=0.0000 synth_total=0.0370 extra_render_attn_share=0.5061
[step 3150] real_p1_mirror_hole_cov=0.0745 real_p1_eps=0.1959 real_p1_hole_frac=0.4607 real_p2_eps=0.0247 real_p2_hit=0.0000 real_total=0.2206 synth_eps=0.0354 synth_eps_raw=0.0354 synth_x0_hit=0.0000 synth_total=0.0354 extra_render_attn_share=0.5061
[step 3200] real_p1_mirror_hole_cov=0.1151 real_p1_eps=0.1594 real_p1_hole_frac=0.1630 real_p2_eps=0.4292 real_p2_hit=1.0000 real_p2_t=35.0000 real_p2_ldif=0.0147 real_p2_gen_adv=0.1538 real_p2_lfm=0.0012 real_total=0.6211 discr_adv=1.0036 p2_d_real=-0.1610 p2_d_fake=-0.1538 g_grad_abs=1464.8156 d_grad_abs=100.4126 synth_eps=0.0029 synth_eps_raw=0.0029 synth_x0_hit=0.0000 synth_total=0.0029 extra_render_attn_share=0.5061
[step 3250] real_p1_mirror_hole_cov=0.1550 real_p1_eps=0.1471 real_p1_hole_frac=0.4144 real_p2_eps=0.2736 real_p2_hit=1.0000 real_p2_t=146.0000 real_p2_ldif=0.0547 real_p2_gen_adv=-0.4540 real_p2_lfm=0.0050 real_total=0.4400 discr_adv=1.8845 x0_d_real=0.3013 x0_d_fake=-0.0365 p2_d_real=0.3559 p2_d_fake=0.4540 g_grad_abs=1617.8464 d_grad_abs=5776.6154 synth_eps=0.3211 synth_eps_raw=0.3211 synth_x0_hit=1.0000 synth_x0_t=194.0000 synth_x0_ldif=0.0998 synth_x0_gen_adv=-0.3773 synth_x0_lfm=0.0071 synth_total=0.3973 extra_render_attn_share=0.5061
[step 3300] real_p1_mirror_hole_cov=0.0672 real_p1_eps=0.1171 real_p1_hole_frac=0.1287 real_p2_eps=0.0028 real_p2_hit=0.0000 real_total=0.1199 synth_eps=0.0145 synth_eps_raw=0.0145 synth_x0_hit=0.0000 synth_total=0.0145 extra_render_attn_share=0.5061
[step 3350] real_p1_mirror_hole_cov=0.3712 real_p1_eps=0.2379 real_p1_hole_frac=0.2715 real_p2_eps=0.1321 real_p2_hit=0.0000 real_total=0.3701 synth_eps=0.1178 synth_eps_raw=0.1178 synth_x0_hit=0.0000 synth_total=0.1178 extra_render_attn_share=0.5061
[step 3400] real_p1_mirror_hole_cov=0.0457 real_p1_eps=0.2207 real_p1_hole_frac=0.0726 real_p2_eps=0.1114 real_p2_hit=1.0000 real_p2_t=201.0000 real_p2_ldif=0.0367 real_p2_gen_adv=0.0805 real_p2_lfm=0.0037 real_total=0.3843 discr_adv=1.0100 p2_d_real=-0.0986 p2_d_fake=-0.0805 g_grad_abs=2097.0824 d_grad_abs=629.7780 synth_eps=0.0061 synth_eps_raw=0.0061 synth_x0_hit=0.0000 synth_total=0.0061 extra_render_attn_share=0.5061
[step 3450] real_p1_mirror_hole_cov=0.0388 real_p1_eps=0.1649 real_p1_hole_frac=0.2678 real_p2_eps=0.0013 real_p2_hit=0.0000 real_total=0.1663 synth_eps=0.3507 synth_eps_raw=0.3507 synth_x0_hit=1.0000 synth_x0_t=121.0000 synth_x0_ldif=0.0536 synth_x0_gen_adv=0.2732 synth_x0_lfm=0.0056 synth_total=0.4429 extra_render_attn_share=0.5061
[step 3500] real_p1_mirror_hole_cov=0.0815 real_p1_eps=0.2800 real_p1_hole_frac=0.3284 real_p2_eps=0.1845 real_p2_hit=1.0000 real_p2_t=270.0000 real_p2_ldif=0.1034 real_p2_gen_adv=-0.7518 real_p2_lfm=0.0068 real_total=0.5064 discr_adv=1.6580 x0_d_real=0.4014 x0_d_fake=-0.2866 p2_d_real=0.7534 p2_d_fake=0.7518 g_grad_abs=2696.7254 d_grad_abs=3840.8169 synth_eps=0.0301 synth_eps_raw=0.0301 synth_x0_hit=0.0000 synth_total=0.0301 extra_render_attn_share=0.5061
[images] real: anchor | cond1 | cond2 | inv_warp_mirror | mask | mask_inv | warp_img | warp_warp_img | x | y_hat | y_hat_novel -> /home/xzy/warpgan-diffusiong-inpainting/warpgan-diffusion-inpainting-main/experiments/train_inpainting_diffusion/[20260913-032728]_v18w6_w4_100k/logs/images/train/real_step0003500.png
[images] synth: cond | mask | target | warp_img | x | y_hat_novel -> /home/xzy/warpgan-diffusiong-inpainting/warpgan-diffusion-inpainting-main/experiments/train_inpainting_diffusion/[20260913-032728]_v18w6_w4_100k/logs/images/train/synth_step0003500.png
[step 3550] real_p1_mirror_hole_cov=0.0458 real_p1_eps=0.1184 real_p1_hole_frac=0.4258 real_p2_eps=0.0543 real_p2_hit=0.0000 real_total=0.1727 discr_adv=0.5360 x0_d_real=0.7620 x0_d_fake=-0.1702 g_grad_abs=866.8487 d_grad_abs=6814.2537 synth_eps=0.0021 synth_eps_raw=0.0021 synth_x0_hit=0.0000 synth_total=0.0021 extra_render_attn_share=0.5061
[step 3600] real_p1_mirror_hole_cov=0.0169 real_p1_eps=0.3618 real_p1_hole_frac=0.2044 real_p2_eps=0.0739 real_p2_hit=0.0000 real_total=0.4357 synth_eps=0.1459 synth_eps_raw=0.1459 synth_x0_hit=0.0000 synth_total=0.1459 extra_render_attn_share=0.5061
[step 3650] real_p1_mirror_hole_cov=0.1139 real_p1_eps=0.1188 real_p1_hole_frac=0.3258 real_p2_eps=0.1087 real_p2_hit=0.0000 real_total=0.2275 synth_eps=0.0242 synth_eps_raw=0.0242 synth_x0_hit=0.0000 synth_total=0.0242 extra_render_attn_share=0.5061
[step 3700] real_p1_mirror_hole_cov=0.1024 real_p1_eps=0.2107 real_p1_hole_frac=0.5059 real_p2_eps=0.3764 real_p2_hit=1.0000 real_p2_t=96.0000 real_p2_ldif=0.0422 real_p2_gen_adv=0.4653 real_p2_lfm=0.0029 real_total=0.6817 discr_adv=1.2597 p2_d_real=-0.9842 p2_d_fake=-0.4653 g_grad_abs=2319.9741 d_grad_abs=4459.3141 synth_eps=0.0100 synth_eps_raw=0.0100 synth_x0_hit=0.0000 synth_total=0.0100 extra_render_attn_share=0.5061
[step 3750] real_p1_mirror_hole_cov=0.0036 real_p1_eps=0.0574 real_p1_hole_frac=0.0595 real_p2_eps=0.0081 real_p2_hit=0.0000 real_total=0.0655 synth_eps=0.0881 synth_eps_raw=0.0881 synth_x0_hit=0.0000 synth_total=0.0881 extra_render_attn_share=0.5061
[step 3800] real_p1_mirror_hole_cov=0.1008 real_p1_eps=0.3450 real_p1_hole_frac=0.1401 real_p2_eps=0.0264 real_p2_hit=0.0000 real_total=0.3714 synth_eps=0.1748 synth_eps_raw=0.1748 synth_x0_hit=0.0000 synth_total=0.1748 extra_render_attn_share=0.5061
[step 3850] real_p1_mirror_hole_cov=0.0331 real_p1_eps=0.1329 real_p1_hole_frac=0.0820 real_p2_eps=0.2054 real_p2_hit=1.0000 real_p2_t=105.0000 real_p2_ldif=0.0259 real_p2_gen_adv=-0.2199 real_p2_lfm=0.0025 real_total=0.3471 discr_adv=1.0147 p2_d_real=0.1944 p2_d_fake=0.2199 g_grad_abs=1649.9571 d_grad_abs=784.6416 synth_eps=0.0175 synth_eps_raw=0.0175 synth_x0_hit=0.0000 synth_total=0.0175 extra_render_attn_share=0.5061
[step 3900] real_p1_mirror_hole_cov=0.0446 real_p1_eps=0.2406 real_p1_hole_frac=0.1129 real_p2_eps=0.0173 real_p2_hit=0.0000 real_total=0.2578 synth_eps=0.0162 synth_eps_raw=0.0162 synth_x0_hit=0.0000 synth_total=0.0162 extra_render_attn_share=0.5061
[step 3950] real_p1_mirror_hole_cov=0.1489 real_p1_eps=0.1213 real_p1_hole_frac=0.1561 real_p2_eps=0.1972 real_p2_hit=1.0000 real_p2_t=166.0000 real_p2_ldif=0.0478 real_p2_gen_adv=-0.8567 real_p2_lfm=0.0044 real_total=0.2896 discr_adv=1.0277 p2_d_real=0.8539 p2_d_fake=0.8567 g_grad_abs=1433.2758 d_grad_abs=353.1224 synth_eps=0.1017 synth_eps_raw=0.1017 synth_x0_hit=0.0000 synth_total=0.1017 extra_render_attn_share=0.5061
[val step 3999] val_novel_full=0.0369 val_novel_hole=0.0272 val_novel_visible=0.0449
[step 4000] real_p1_mirror_hole_cov=0.0201 real_p1_eps=0.1341 real_p1_hole_frac=0.2752 real_p2_eps=0.0558 real_p2_hit=0.0000 real_total=0.1899 synth_eps=0.5626 synth_eps_raw=0.5626 synth_x0_hit=1.0000 synth_x0_t=30.0000 synth_x0_ldif=0.0163 synth_x0_gen_adv=-0.4441 synth_x0_lfm=0.0010 synth_total=0.5366 extra_render_attn_share=0.5234
[images] real: anchor | cond1 | cond2 | inv_warp_mirror | mask | mask_inv | warp_img | warp_warp_img | x | y_hat | y_hat_novel -> /home/xzy/warpgan-diffusiong-inpainting/warpgan-diffusion-inpainting-main/experiments/train_inpainting_diffusion/[20260913-032728]_v18w6_w4_100k/logs/images/train/real_step0004000.png
[images] synth: cond | mask | target | warp_img | x | y_hat_novel -> /home/xzy/warpgan-diffusiong-inpainting/warpgan-diffusion-inpainting-main/experiments/train_inpainting_diffusion/[20260913-032728]_v18w6_w4_100k/logs/images/train/synth_step0004000.png
[step 4050] real_p1_mirror_hole_cov=0.0642 real_p1_eps=0.3336 real_p1_hole_frac=0.4291 real_p2_eps=0.0031 real_p2_hit=0.0000 real_total=0.3367 synth_eps=0.2347 synth_eps_raw=0.2347 synth_x0_hit=1.0000 synth_x0_t=239.0000 synth_x0_ldif=0.1046 synth_x0_gen_adv=-0.7975 synth_x0_lfm=0.0059 synth_total=0.2713 extra_render_attn_share=0.5234
[step 4100] real_p1_mirror_hole_cov=0.0949 real_p1_eps=0.3218 real_p1_hole_frac=0.3930 real_p2_eps=0.6907 real_p2_hit=1.0000 real_p2_t=12.0000 real_p2_ldif=0.0079 real_p2_gen_adv=-0.6865 real_p2_lfm=0.0010 real_total=0.9537 discr_adv=0.9974 p2_d_real=0.6918 p2_d_fake=0.6865 g_grad_abs=1873.5974 d_grad_abs=121.2156 synth_eps=0.0379 synth_eps_raw=0.0379 synth_x0_hit=0.0000 synth_total=0.0379 extra_render_attn_share=0.5234
[step 4150] real_p1_mirror_hole_cov=0.0022 real_p1_eps=0.1168 real_p1_hole_frac=0.1853 real_p2_eps=0.0114 real_p2_hit=0.0000 real_total=0.1282 synth_eps=0.0629 synth_eps_raw=0.0629 synth_x0_hit=0.0000 synth_total=0.0629 extra_render_attn_share=0.5234
[step 4200] real_p1_mirror_hole_cov=0.0795 real_p1_eps=0.0850 real_p1_hole_frac=0.1192 real_p2_eps=0.5976 real_p2_hit=1.0000 real_p2_t=7.0000 real_p2_ldif=0.0042 real_p2_gen_adv=-0.1847 real_p2_lfm=0.0009 real_total=0.6701 discr_adv=2.1137 x0_d_real=0.7925 x0_d_fake=0.8597 p2_d_real=0.0244 p2_d_fake=0.1847 g_grad_abs=2040.9597 d_grad_abs=1817.4245 synth_eps=0.0687 synth_eps_raw=0.0687 synth_x0_hit=0.0000 synth_total=0.0687 extra_render_attn_share=0.5234
[step 4250] real_p1_mirror_hole_cov=0.1290 real_p1_eps=0.1245 real_p1_hole_frac=0.1506 real_p2_eps=0.0020 real_p2_hit=0.0000 real_total=0.1265 synth_eps=0.0164 synth_eps_raw=0.0164 synth_x0_hit=0.0000 synth_total=0.0164 extra_render_attn_share=0.5234
[step 4300] real_p1_mirror_hole_cov=0.1799 real_p1_eps=0.1276 real_p1_hole_frac=0.2652 real_p2_eps=0.0589 real_p2_hit=0.0000 real_total=0.1865 synth_eps=0.2212 synth_eps_raw=0.2212 synth_x0_hit=1.0000 synth_x0_t=233.0000 synth_x0_ldif=0.0942 synth_x0_gen_adv=-0.7710 synth_x0_lfm=0.0079 synth_total=0.2541 extra_render_attn_share=0.5234
[step 4350] real_p1_mirror_hole_cov=0.0167 real_p1_eps=0.1421 real_p1_hole_frac=0.2287 real_p2_eps=0.0133 real_p2_hit=0.0000 real_total=0.1554 synth_eps=0.0834 synth_eps_raw=0.0834 synth_x0_hit=0.0000 synth_total=0.0834 extra_render_attn_share=0.5234
[step 4400] real_p1_mirror_hole_cov=0.0648 real_p1_eps=0.1053 real_p1_hole_frac=0.1734 real_p2_eps=0.0357 real_p2_hit=0.0000 real_total=0.1410 synth_eps=0.7208 synth_eps_raw=0.7208 synth_x0_hit=1.0000 synth_x0_t=15.0000 synth_x0_ldif=0.0103 synth_x0_gen_adv=-0.7626 synth_x0_lfm=0.0016 synth_total=0.6579 extra_render_attn_share=0.5234
[step 4450] real_p1_mirror_hole_cov=0.1833 real_p1_eps=0.0963 real_p1_hole_frac=0.0653 real_p2_eps=0.0114 real_p2_hit=0.0000 real_total=0.1077 synth_eps=0.0077 synth_eps_raw=0.0077 synth_x0_hit=0.0000 synth_total=0.0077 extra_render_attn_share=0.5234
[step 4500] real_p1_mirror_hole_cov=0.1499 real_p1_eps=0.1057 real_p1_hole_frac=0.1323 real_p2_eps=0.0018 real_p2_hit=0.0000 real_total=0.1075 synth_eps=0.0070 synth_eps_raw=0.0070 synth_x0_hit=0.0000 synth_total=0.0070 extra_render_attn_share=0.5234
[images] real: anchor | cond1 | cond2 | inv_warp_mirror | mask | mask_inv | warp_img | warp_warp_img | x | y_hat | y_hat_novel -> /home/xzy/warpgan-diffusiong-inpainting/warpgan-diffusion-inpainting-main/experiments/train_inpainting_diffusion/[20260913-032728]_v18w6_w4_100k/logs/images/train/real_step0004500.png
[images] synth: cond | mask | target | warp_img | x | y_hat_novel -> /home/xzy/warpgan-diffusiong-inpainting/warpgan-diffusion-inpainting-main/experiments/train_inpainting_diffusion/[20260913-032728]_v18w6_w4_100k/logs/images/train/synth_step0004500.png
[step 4550] real_p1_mirror_hole_cov=0.1787 real_p1_eps=0.1344 real_p1_hole_frac=0.1098 real_p2_eps=0.2098 real_p2_hit=1.0000 real_p2_t=224.0000 real_p2_ldif=0.0832 real_p2_gen_adv=-0.5925 real_p2_lfm=0.0050 real_total=0.3782 discr_adv=1.0053 p2_d_real=0.5818 p2_d_fake=0.5925 g_grad_abs=1804.4616 d_grad_abs=214.8557 synth_eps=0.0076 synth_eps_raw=0.0076 synth_x0_hit=0.0000 synth_total=0.0076 extra_render_attn_share=0.5234
[step 4600] real_p1_mirror_hole_cov=0.1062 real_p1_eps=0.1770 real_p1_hole_frac=0.3243 real_p2_eps=0.1343 real_p2_hit=0.0000 real_total=0.3114 synth_eps=0.3002 synth_eps_raw=0.3002 synth_x0_hit=1.0000 synth_x0_t=162.0000 synth_x0_ldif=0.0701 synth_x0_gen_adv=-0.5749 synth_x0_lfm=0.0044 synth_total=0.3216 extra_render_attn_share=0.5234
[step 4650] real_p1_mirror_hole_cov=0.1497 real_p1_eps=0.1544 real_p1_hole_frac=0.4037 real_p2_eps=0.8260 real_p2_hit=1.0000 real_p2_t=4.0000 real_p2_ldif=0.0036 real_p2_gen_adv=-0.5477 real_p2_lfm=0.0004 real_total=0.9300 discr_adv=1.0002 p2_d_real=0.5474 p2_d_fake=0.5477 g_grad_abs=1435.5930 d_grad_abs=14.0045 synth_eps=0.2770 synth_eps_raw=0.2770 synth_x0_hit=1.0000 synth_x0_t=219.0000 synth_x0_ldif=0.1057 synth_x0_gen_adv=-0.5645 synth_x0_lfm=0.0070 synth_total=0.3403 extra_render_attn_share=0.5234
[step 4700] real_p1_mirror_hole_cov=0.1232 real_p1_eps=0.0933 real_p1_hole_frac=0.1114 real_p2_eps=0.0021 real_p2_hit=0.0000 real_total=0.0954 discr_adv=0.9905 x0_d_real=0.6294 x0_d_fake=0.6103 g_grad_abs=736.2294 d_grad_abs=309.2844 synth_eps=0.0656 synth_eps_raw=0.0656 synth_x0_hit=0.0000 synth_total=0.0656 extra_render_attn_share=0.5234
[step 4750] real_p1_mirror_hole_cov=0.0117 real_p1_eps=0.0951 real_p1_hole_frac=0.3078 real_p2_eps=0.0071 real_p2_hit=0.0000 real_total=0.1022 synth_eps=0.0797 synth_eps_raw=0.0797 synth_x0_hit=0.0000 synth_total=0.0797 extra_render_attn_share=0.5234
[step 4800] real_p1_mirror_hole_cov=0.1240 real_p1_eps=0.4669 real_p1_hole_frac=0.4579 real_p2_eps=0.2062 real_p2_hit=1.0000 real_p2_t=251.0000 real_p2_ldif=0.1006 real_p2_gen_adv=-0.1871 real_p2_lfm=0.0078 real_total=0.7705 discr_adv=1.8995 x0_d_real=0.3182 x0_d_fake=0.2950 p2_d_real=0.3649 p2_d_fake=0.1871 g_grad_abs=7638.8044 d_grad_abs=2630.2091 synth_eps=0.2861 synth_eps_raw=0.2861 synth_x0_hit=1.0000 synth_x0_t=167.0000 synth_x0_ldif=0.0700 synth_x0_gen_adv=0.1432 synth_x0_lfm=0.0054 synth_total=0.3812 extra_render_attn_share=0.5234
[step 4850] real_p1_mirror_hole_cov=0.0880 real_p1_eps=0.2204 real_p1_hole_frac=0.2663 real_p2_eps=0.0342 real_p2_hit=0.0000 real_total=0.2546 discr_adv=0.9351 x0_d_real=-0.1419 x0_d_fake=-0.2717 g_grad_abs=1305.6583 d_grad_abs=1661.2028 synth_eps=0.0028 synth_eps_raw=0.0028 synth_x0_hit=0.0000 synth_total=0.0028 extra_render_attn_share=0.5234
[step 4900] real_p1_mirror_hole_cov=0.0076 real_p1_eps=0.0799 real_p1_hole_frac=0.2374 real_p2_eps=0.0030 real_p2_hit=0.0000 real_total=0.0829 discr_adv=1.0141 x0_d_real=0.4700 x0_d_fake=0.4983 g_grad_abs=1307.3263 d_grad_abs=389.2639 synth_eps=0.2874 synth_eps_raw=0.2874 synth_x0_hit=1.0000 synth_x0_t=219.0000 synth_x0_ldif=0.1096 synth_x0_gen_adv=-0.4818 synth_x0_lfm=0.0069 synth_total=0.3625 extra_render_attn_share=0.5234
[step 4950] real_p1_mirror_hole_cov=0.0053 real_p1_eps=0.1938 real_p1_hole_frac=0.1823 real_p2_eps=0.1501 real_p2_hit=1.0000 real_p2_t=195.0000 real_p2_ldif=0.0470 real_p2_gen_adv=-0.8269 real_p2_lfm=0.0050 real_total=0.3181 discr_adv=0.9948 p2_d_real=0.8376 p2_d_fake=0.8269 g_grad_abs=1853.2745 d_grad_abs=161.8633 synth_eps=0.0014 synth_eps_raw=0.0014 synth_x0_hit=0.0000 synth_total=0.0014 extra_render_attn_share=0.5234
[step 5000] real_p1_mirror_hole_cov=0.2491 real_p1_eps=0.2507 real_p1_hole_frac=0.5495 real_p2_eps=0.0555 real_p2_hit=0.0000 real_total=0.3062 discr_adv=0.9915 x0_d_real=0.8420 x0_d_fake=0.8251 g_grad_abs=1042.7452 d_grad_abs=216.4941 synth_eps=0.0221 synth_eps_raw=0.0221 synth_x0_hit=0.0000 synth_total=0.0221 extra_render_attn_share=0.5234
[images] real: anchor | cond1 | cond2 | inv_warp_mirror | mask | mask_inv | warp_img | warp_warp_img | x | y_hat | y_hat_novel -> /home/xzy/warpgan-diffusiong-inpainting/warpgan-diffusion-inpainting-main/experiments/train_inpainting_diffusion/[20260913-032728]_v18w6_w4_100k/logs/images/train/real_step0005000.png
[images] synth: cond | mask | target | warp_img | x | y_hat_novel -> /home/xzy/warpgan-diffusiong-inpainting/warpgan-diffusion-inpainting-main/experiments/train_inpainting_diffusion/[20260913-032728]_v18w6_w4_100k/logs/images/train/synth_step0005000.png
[step 5050] real_p1_mirror_hole_cov=0.0011 real_p1_eps=0.1177 real_p1_hole_frac=0.1237 real_p2_eps=0.1171 real_p2_hit=1.0000 real_p2_t=228.0000 real_p2_ldif=0.0479 real_p2_gen_adv=-0.8869 real_p2_lfm=0.0037 real_total=0.2014 discr_adv=1.0029 p2_d_real=0.8815 p2_d_fake=0.8869 g_grad_abs=1777.3414 d_grad_abs=142.8237 synth_eps=0.0031 synth_eps_raw=0.0031 synth_x0_hit=0.0000 synth_total=0.0031 extra_render_attn_share=0.5234
[step 5100] real_p1_mirror_hole_cov=0.1879 real_p1_eps=0.1386 real_p1_hole_frac=0.3940 real_p2_eps=0.0691 real_p2_hit=0.0000 real_total=0.2077 synth_eps=0.3218 synth_eps_raw=0.3218 synth_x0_hit=1.0000 synth_x0_t=162.0000 synth_x0_ldif=0.0752 synth_x0_gen_adv=0.4294 synth_x0_lfm=0.0057 synth_total=0.4512 extra_render_attn_share=0.5234
[step 5150] real_p1_mirror_hole_cov=0.0034 real_p1_eps=0.1086 real_p1_hole_frac=0.0093 real_p2_eps=0.0291 real_p2_hit=0.0000 real_total=0.1378 discr_adv=0.9843 x0_d_real=0.5704 x0_d_fake=0.5390 g_grad_abs=975.1905 d_grad_abs=352.0605 synth_eps=0.0864 synth_eps_raw=0.0864 synth_x0_hit=0.0000 synth_total=0.0864 extra_render_attn_share=0.5234
[step 5200] real_p1_mirror_hole_cov=0.1630 real_p1_eps=0.1314 real_p1_hole_frac=0.1547 real_p2_eps=0.1586 real_p2_hit=1.0000 real_p2_t=238.0000 real_p2_ldif=0.0701 real_p2_gen_adv=-0.6985 real_p2_lfm=0.0049 real_total=0.3001 discr_adv=2.0511 x0_d_real=-0.5808 x0_d_fake=-0.4622 p2_d_real=0.7150 p2_d_fake=0.6985 g_grad_abs=1460.4573 d_grad_abs=1177.8829 synth_eps=0.1142 synth_eps_raw=0.1142 synth_x0_hit=0.0000 synth_total=0.1142 extra_render_attn_share=0.5234
[step 5250] real_p1_mirror_hole_cov=0.3421 real_p1_eps=0.4916 real_p1_hole_frac=0.3489 real_p2_eps=0.0206 real_p2_hit=0.0000 real_total=0.5122 synth_eps=0.0036 synth_eps_raw=0.0036 synth_x0_hit=0.0000 synth_total=0.0036 extra_render_attn_share=0.5234
[step 5300] real_p1_mirror_hole_cov=0.2207 real_p1_eps=0.1842 real_p1_hole_frac=0.3204 real_p2_eps=0.1082 real_p2_hit=0.0000 real_total=0.2924 discr_adv=0.9873 x0_d_real=-0.8327 x0_d_fake=-0.8589 g_grad_abs=1095.8397 d_grad_abs=412.8006 synth_eps=0.0019 synth_eps_raw=0.0019 synth_x0_hit=0.0000 synth_total=0.0019 extra_render_attn_share=0.5234
[step 5350] real_p1_mirror_hole_cov=0.0508 real_p1_eps=0.1048 real_p1_hole_frac=0.3208 real_p2_eps=0.0263 real_p2_hit=0.0000 real_total=0.1311 synth_eps=0.0263 synth_eps_raw=0.0263 synth_x0_hit=0.0000 synth_total=0.0263 extra_render_attn_share=0.5234
[step 5400] real_p1_mirror_hole_cov=0.1448 real_p1_eps=0.1342 real_p1_hole_frac=0.3637 real_p2_eps=0.0414 real_p2_hit=0.0000 real_total=0.1756 synth_eps=0.0173 synth_eps_raw=0.0173 synth_x0_hit=0.0000 synth_total=0.0173 extra_render_attn_share=0.5234
[step 5450] real_p1_mirror_hole_cov=0.4055 real_p1_eps=0.3582 real_p1_hole_frac=0.7401 real_p2_eps=0.0026 real_p2_hit=0.0000 real_total=0.3608 synth_eps=0.0502 synth_eps_raw=0.0502 synth_x0_hit=0.0000 synth_total=0.0502 extra_render_attn_share=0.5234
[step 5500] real_p1_mirror_hole_cov=0.0970 real_p1_eps=0.1544 real_p1_hole_frac=0.1255 real_p2_eps=0.0028 real_p2_hit=0.0000 real_total=0.1573 synth_eps=0.1046 synth_eps_raw=0.1046 synth_x0_hit=0.0000 synth_total=0.1046 extra_render_attn_share=0.5234
[images] real: anchor | cond1 | cond2 | inv_warp_mirror | mask | mask_inv | warp_img | warp_warp_img | x | y_hat | y_hat_novel -> /home/xzy/warpgan-diffusiong-inpainting/warpgan-diffusion-inpainting-main/experiments/train_inpainting_diffusion/[20260913-032728]_v18w6_w4_100k/logs/images/train/real_step0005500.png
[images] synth: cond | mask | target | warp_img | x | y_hat_novel -> /home/xzy/warpgan-diffusiong-inpainting/warpgan-diffusion-inpainting-main/experiments/train_inpainting_diffusion/[20260913-032728]_v18w6_w4_100k/logs/images/train/synth_step0005500.png
[step 5550] real_p1_mirror_hole_cov=0.0062 real_p1_eps=0.1440 real_p1_hole_frac=0.1475 real_p2_eps=0.0281 real_p2_hit=0.0000 real_total=0.1721 synth_eps=0.0021 synth_eps_raw=0.0021 synth_x0_hit=0.0000 synth_total=0.0021 extra_render_attn_share=0.5234
[step 5600] real_p1_mirror_hole_cov=0.1778 real_p1_eps=0.3746 real_p1_hole_frac=0.3936 real_p2_eps=0.0016 real_p2_hit=0.0000 real_total=0.3762 discr_adv=0.9884 x0_d_real=-0.2400 x0_d_fake=-0.2666 g_grad_abs=1230.4580 d_grad_abs=231.3393 synth_eps=0.0045 synth_eps_raw=0.0045 synth_x0_hit=0.0000 synth_total=0.0045 extra_render_attn_share=0.5234
[step 5650] real_p1_mirror_hole_cov=0.1347 real_p1_eps=0.2025 real_p1_hole_frac=0.3491 real_p2_eps=0.0520 real_p2_hit=0.0000 real_total=0.2545 synth_eps=0.0294 synth_eps_raw=0.0294 synth_x0_hit=0.0000 synth_total=0.0294 extra_render_attn_share=0.5234
[step 5700] real_p1_mirror_hole_cov=0.0023 real_p1_eps=0.0568 real_p1_hole_frac=0.1759 real_p2_eps=0.0009 real_p2_hit=0.0000 real_total=0.0577 discr_adv=0.5254 x0_d_real=0.2950 x0_d_fake=-0.6570 g_grad_abs=735.7166 d_grad_abs=6364.2953 synth_eps=0.1052 synth_eps_raw=0.1052 synth_x0_hit=0.0000 synth_total=0.1052 extra_render_attn_share=0.5234
[step 5750] real_p1_mirror_hole_cov=0.3899 real_p1_eps=0.1088 real_p1_hole_frac=0.1306 real_p2_eps=0.1224 real_p2_hit=1.0000 real_p2_t=221.0000 real_p2_ldif=0.0474 real_p2_gen_adv=-0.6882 real_p2_lfm=0.0028 real_total=0.2153 discr_adv=0.9963 p2_d_real=0.6957 p2_d_fake=0.6882 g_grad_abs=1413.8598 d_grad_abs=90.8094 synth_eps=0.4178 synth_eps_raw=0.4178 synth_x0_hit=1.0000 synth_x0_t=116.0000 synth_x0_ldif=0.0603 synth_x0_gen_adv=-0.7545 synth_x0_lfm=0.0044 synth_total=0.4113 extra_render_attn_share=0.5234
[step 5800] real_p1_mirror_hole_cov=0.0124 real_p1_eps=0.2187 real_p1_hole_frac=0.1324 real_p2_eps=0.0480 real_p2_hit=0.0000 real_total=0.2666 synth_eps=0.0044 synth_eps_raw=0.0044 synth_x0_hit=0.0000 synth_total=0.0044 extra_render_attn_share=0.5234
[step 5850] real_p1_mirror_hole_cov=0.1525 real_p1_eps=0.2812 real_p1_hole_frac=0.3728 real_p2_eps=0.0070 real_p2_hit=0.0000 real_total=0.2882 discr_adv=1.0943 x0_d_real=-0.0494 x0_d_fake=0.1392 g_grad_abs=1138.2994 d_grad_abs=1093.0468 synth_eps=0.5876 synth_eps_raw=0.5876 synth_x0_hit=1.0000 synth_x0_t=38.0000 synth_x0_ldif=0.0220 synth_x0_gen_adv=0.0340 synth_x0_lfm=0.0020 synth_total=0.6170 extra_render_attn_share=0.5234
[step 5900] real_p1_mirror_hole_cov=0.0098 real_p1_eps=0.1582 real_p1_hole_frac=0.0804 real_p2_eps=0.0028 real_p2_hit=0.0000 real_total=0.1611 discr_adv=0.9750 x0_d_real=-0.0721 x0_d_fake=-0.1222 g_grad_abs=905.9913 d_grad_abs=668.5614 synth_eps=0.0241 synth_eps_raw=0.0241 synth_x0_hit=0.0000 synth_total=0.0241 extra_render_attn_share=0.5234
[step 5950] real_p1_mirror_hole_cov=0.2029 real_p1_eps=0.2056 real_p1_hole_frac=0.5356 real_p2_eps=0.1533 real_p2_hit=0.0000 real_total=0.3589 discr_adv=0.9786 x0_d_real=0.3394 x0_d_fake=0.2966 g_grad_abs=1252.3290 d_grad_abs=276.3572 synth_eps=0.0040 synth_eps_raw=0.0040 synth_x0_hit=0.0000 synth_total=0.0040 extra_render_attn_share=0.5234
[val step 5999] val_novel_full=0.0303 val_novel_hole=0.0302 val_novel_visible=0.0303
[step 6000] real_p1_mirror_hole_cov=0.0190 real_p1_eps=0.1574 real_p1_hole_frac=0.3192 real_p2_eps=0.0375 real_p2_hit=0.0000 real_total=0.1949 synth_eps=0.0781 synth_eps_raw=0.0781 synth_x0_hit=0.0000 synth_total=0.0781 extra_render_attn_share=0.5275
[images] real: anchor | cond1 | cond2 | inv_warp_mirror | mask | mask_inv | warp_img | warp_warp_img | x | y_hat | y_hat_novel -> /home/xzy/warpgan-diffusiong-inpainting/warpgan-diffusion-inpainting-main/experiments/train_inpainting_diffusion/[20260913-032728]_v18w6_w4_100k/logs/images/train/real_step0006000.png
[images] synth: cond | mask | target | warp_img | x | y_hat_novel -> /home/xzy/warpgan-diffusiong-inpainting/warpgan-diffusion-inpainting-main/experiments/train_inpainting_diffusion/[20260913-032728]_v18w6_w4_100k/logs/images/train/synth_step0006000.png
[step 6050] real_p1_mirror_hole_cov=0.0457 real_p1_eps=0.2525 real_p1_hole_frac=0.5277 real_p2_eps=0.0230 real_p2_hit=0.0000 real_total=0.2755 discr_adv=1.3216 x0_d_real=0.1318 x0_d_fake=0.7750 g_grad_abs=1264.6549 d_grad_abs=4194.5678 synth_eps=0.0267 synth_eps_raw=0.0267 synth_x0_hit=0.0000 synth_total=0.0267 extra_render_attn_share=0.5275
[step 6100] real_p1_mirror_hole_cov=0.1868 real_p1_eps=0.2192 real_p1_hole_frac=0.4825 real_p2_eps=0.4447 real_p2_hit=1.0000 real_p2_t=81.0000 real_p2_ldif=0.0402 real_p2_gen_adv=-0.5177 real_p2_lfm=0.0037 real_total=0.6597 discr_adv=0.9624 p2_d_real=0.5929 p2_d_fake=0.5177 g_grad_abs=1626.5003 d_grad_abs=518.0676 synth_eps=0.0110 synth_eps_raw=0.0110 synth_x0_hit=0.0000 synth_total=0.0110 extra_render_attn_share=0.5275
[step 6150] real_p1_mirror_hole_cov=0.1031 real_p1_eps=0.0578 real_p1_hole_frac=0.0516 real_p2_eps=0.1910 real_p2_hit=1.0000 real_p2_t=73.0000 real_p2_ldif=0.0152 real_p2_gen_adv=0.2277 real_p2_lfm=0.0018 real_total=0.2903 discr_adv=1.0523 p2_d_real=-0.3323 p2_d_fake=-0.2277 g_grad_abs=1317.3895 d_grad_abs=592.5485 synth_eps=0.0098 synth_eps_raw=0.0098 synth_x0_hit=0.0000 synth_total=0.0098 extra_render_attn_share=0.5275
[step 6200] real_p1_mirror_hole_cov=0.0165 real_p1_eps=0.0781 real_p1_hole_frac=0.0270 real_p2_eps=0.0297 real_p2_hit=0.0000 real_total=0.1079 discr_adv=1.0376 x0_d_real=0.7113 x0_d_fake=0.7864 g_grad_abs=1047.2803 d_grad_abs=1477.5839 synth_eps=0.0060 synth_eps_raw=0.0060 synth_x0_hit=0.0000 synth_total=0.0060 extra_render_attn_share=0.5275
[step 6250] real_p1_mirror_hole_cov=0.0457 real_p1_eps=0.2645 real_p1_hole_frac=0.2378 real_p2_eps=0.0626 real_p2_hit=0.0000 real_total=0.3271 synth_eps=0.1077 synth_eps_raw=0.1077 synth_x0_hit=0.0000 synth_total=0.1077 extra_render_attn_share=0.5275
[step 6300] real_p1_mirror_hole_cov=0.3347 real_p1_eps=0.1955 real_p1_hole_frac=0.6093 real_p2_eps=0.0258 real_p2_hit=0.0000 real_total=0.2213 discr_adv=0.8971 x0_d_real=-0.3766 x0_d_fake=-0.5827 g_grad_abs=915.9437 d_grad_abs=1677.6254 synth_eps=0.0217 synth_eps_raw=0.0217 synth_x0_hit=0.0000 synth_total=0.0217 extra_render_attn_share=0.5275
[step 6350] real_p1_mirror_hole_cov=0.2148 real_p1_eps=0.1432 real_p1_hole_frac=0.3800 real_p2_eps=0.0264 real_p2_hit=0.0000 real_total=0.1697 synth_eps=0.7400 synth_eps_raw=0.7400 synth_x0_hit=1.0000 synth_x0_t=15.0000 synth_x0_ldif=0.0106 synth_x0_gen_adv=0.6056 synth_x0_lfm=0.0014 synth_total=0.8140 extra_render_attn_share=0.5275
[step 6400] real_p1_mirror_hole_cov=0.0207 real_p1_eps=0.0695 real_p1_hole_frac=0.0465 real_p2_eps=0.0011 real_p2_hit=0.0000 real_total=0.0707 synth_eps=0.3939 synth_eps_raw=0.3939 synth_x0_hit=1.0000 synth_x0_t=110.0000 synth_x0_ldif=0.0529 synth_x0_gen_adv=-0.4938 synth_x0_lfm=0.0049 synth_total=0.4071 extra_render_attn_share=0.5275
[step 6450] real_p1_mirror_hole_cov=0.1286 real_p1_eps=0.0779 real_p1_hole_frac=0.1012 real_p2_eps=0.0676 real_p2_hit=0.0000 real_total=0.1455 synth_eps=0.0500 synth_eps_raw=0.0500 synth_x0_hit=0.0000 synth_total=0.0500 extra_render_attn_share=0.5275
[step 6500] real_p1_mirror_hole_cov=0.1664 real_p1_eps=0.1417 real_p1_hole_frac=0.3266 real_p2_eps=0.0031 real_p2_hit=0.0000 real_total=0.1448 synth_eps=0.0379 synth_eps_raw=0.0379 synth_x0_hit=0.0000 synth_total=0.0379 extra_render_attn_share=0.5275
[images] real: anchor | cond1 | cond2 | inv_warp_mirror | mask | mask_inv | warp_img | warp_warp_img | x | y_hat | y_hat_novel -> /home/xzy/warpgan-diffusiong-inpainting/warpgan-diffusion-inpainting-main/experiments/train_inpainting_diffusion/[20260913-032728]_v18w6_w4_100k/logs/images/train/real_step0006500.png
[images] synth: cond | mask | target | warp_img | x | y_hat_novel -> /home/xzy/warpgan-diffusiong-inpainting/warpgan-diffusion-inpainting-main/experiments/train_inpainting_diffusion/[20260913-032728]_v18w6_w4_100k/logs/images/train/synth_step0006500.png
[step 6550] real_p1_mirror_hole_cov=0.1735 real_p1_eps=0.1429 real_p1_hole_frac=0.0484 real_p2_eps=0.0013 real_p2_hit=0.0000 real_total=0.1442 synth_eps=0.1356 synth_eps_raw=0.1356 synth_x0_hit=0.0000 synth_total=0.1356 extra_render_attn_share=0.5275
[step 6600] real_p1_mirror_hole_cov=0.0843 real_p1_eps=0.0844 real_p1_hole_frac=0.0130 real_p2_eps=0.0038 real_p2_hit=0.0000 real_total=0.0882 synth_eps=0.8091 synth_eps_raw=0.8091 synth_x0_hit=1.0000 synth_x0_t=6.0000 synth_x0_ldif=0.0049 synth_x0_gen_adv=-0.2047 synth_x0_lfm=0.0005 synth_total=0.7944 extra_render_attn_share=0.5275
[step 6650] real_p1_mirror_hole_cov=0.1867 real_p1_eps=0.1135 real_p1_hole_frac=0.2606 real_p2_eps=0.3212 real_p2_hit=1.0000 real_p2_t=66.0000 real_p2_ldif=0.0226 real_p2_gen_adv=0.1040 real_p2_lfm=0.0020 real_total=0.4716 discr_adv=0.9940 p2_d_real=-0.0920 p2_d_fake=-0.1040 g_grad_abs=1397.8652 d_grad_abs=227.5444 synth_eps=0.0672 synth_eps_raw=0.0672 synth_x0_hit=0.0000 synth_total=0.0672 extra_render_attn_share=0.5275
[step 6700] real_p1_mirror_hole_cov=0.0691 real_p1_eps=0.0680 real_p1_hole_frac=0.0712 real_p2_eps=0.0018 real_p2_hit=0.0000 real_total=0.0698 synth_eps=0.0975 synth_eps_raw=0.0975 synth_x0_hit=0.0000 synth_total=0.0975 extra_render_attn_share=0.5275
[step 6750] real_p1_mirror_hole_cov=0.1138 real_p1_eps=0.4248 real_p1_hole_frac=0.2820 real_p2_eps=0.2144 real_p2_hit=1.0000 real_p2_t=214.0000 real_p2_ldif=0.0786 real_p2_gen_adv=-0.7803 real_p2_lfm=0.0077 real_total=0.6551 discr_adv=1.9652 x0_d_real=0.8318 x0_d_fake=0.8078 p2_d_real=0.8258 p2_d_fake=0.7803 g_grad_abs=2029.6482 d_grad_abs=784.2376 synth_eps=0.1490 synth_eps_raw=0.1490 synth_x0_hit=0.0000 synth_total=0.1490 extra_render_attn_share=0.5275
[step 6800] real_p1_mirror_hole_cov=0.0041 real_p1_eps=0.3430 real_p1_hole_frac=0.2724 real_p2_eps=0.0328 real_p2_hit=0.0000 real_total=0.3757 synth_eps=0.0529 synth_eps_raw=0.0529 synth_x0_hit=0.0000 synth_total=0.0529 extra_render_attn_share=0.5275
[step 6850] real_p1_mirror_hole_cov=0.0952 real_p1_eps=0.1341 real_p1_hole_frac=0.1883 real_p2_eps=0.2163 real_p2_hit=1.0000 real_p2_t=157.0000 real_p2_ldif=0.0482 real_p2_gen_adv=-1.0867 real_p2_lfm=0.0028 real_total=0.2955 discr_adv=1.0499 p2_d_real=1.0912 p2_d_fake=1.0867 g_grad_abs=1439.3269 d_grad_abs=1298.0333 synth_eps=0.4337 synth_eps_raw=0.4337 synth_x0_hit=1.0000 synth_x0_t=93.0000 synth_x0_ldif=0.0467 synth_x0_gen_adv=0.9886 synth_x0_lfm=0.0024 synth_total=0.5840 extra_render_attn_share=0.5275
[step 6900] real_p1_mirror_hole_cov=0.0412 real_p1_eps=0.3227 real_p1_hole_frac=0.1861 real_p2_eps=0.0902 real_p2_hit=0.0000 real_total=0.4128 discr_adv=0.9788 x0_d_real=-0.1743 x0_d_fake=-0.2167 g_grad_abs=1489.7832 d_grad_abs=441.0833 synth_eps=0.4361 synth_eps_raw=0.4361 synth_x0_hit=1.0000 synth_x0_t=60.0000 synth_x0_ldif=0.0274 synth_x0_gen_adv=-0.0416 synth_x0_lfm=0.0019 synth_total=0.4631 extra_render_attn_share=0.5275
[step 6950] real_p1_mirror_hole_cov=0.3031 real_p1_eps=0.1033 real_p1_hole_frac=0.1937 real_p2_eps=0.1139 real_p2_hit=1.0000 real_p2_t=258.0000 real_p2_ldif=0.0585 real_p2_gen_adv=0.0315 real_p2_lfm=0.0043 real_total=0.2874 discr_adv=1.1685 p2_d_real=-0.3685 p2_d_fake=-0.0315 g_grad_abs=1534.5341 d_grad_abs=2279.5866 synth_eps=0.0498 synth_eps_raw=0.0498 synth_x0_hit=0.0000 synth_total=0.0498 extra_render_attn_share=0.5275
[step 7000] real_p1_mirror_hole_cov=0.0081 real_p1_eps=0.1425 real_p1_hole_frac=0.4040 real_p2_eps=0.0061 real_p2_hit=0.0000 real_total=0.1486 discr_adv=1.0505 x0_d_real=-0.8252 x0_d_fake=-0.7255 g_grad_abs=826.5849 d_grad_abs=882.9885 synth_eps=0.3589 synth_eps_raw=0.3589 synth_x0_hit=1.0000 synth_x0_t=126.0000 synth_x0_ldif=0.0581 synth_x0_gen_adv=0.6343 synth_x0_lfm=0.0037 synth_total=0.4878 extra_render_attn_share=0.5275
[images] real: anchor | cond1 | cond2 | inv_warp_mirror | mask | mask_inv | warp_img | warp_warp_img | x | y_hat | y_hat_novel -> /home/xzy/warpgan-diffusiong-inpainting/warpgan-diffusion-inpainting-main/experiments/train_inpainting_diffusion/[20260913-032728]_v18w6_w4_100k/logs/images/train/real_step0007000.png
[images] synth: cond | mask | target | warp_img | x | y_hat_novel -> /home/xzy/warpgan-diffusiong-inpainting/warpgan-diffusion-inpainting-main/experiments/train_inpainting_diffusion/[20260913-032728]_v18w6_w4_100k/logs/images/train/synth_step0007000.png
[step 7050] real_p1_mirror_hole_cov=0.0033 real_p1_eps=0.1730 real_p1_hole_frac=0.1747 real_p2_eps=0.5631 real_p2_hit=1.0000 real_p2_t=8.0000 real_p2_ldif=0.0044 real_p2_gen_adv=-0.3829 real_p2_lfm=0.0007 real_total=0.7036 discr_adv=0.9988 p2_d_real=0.3853 p2_d_fake=0.3829 g_grad_abs=1633.5845 d_grad_abs=37.5755 synth_eps=0.0917 synth_eps_raw=0.0917 synth_x0_hit=0.0000 synth_total=0.0917 extra_render_attn_share=0.5275
[step 7100] real_p1_mirror_hole_cov=0.2451 real_p1_eps=0.1635 real_p1_hole_frac=0.3257 real_p2_eps=0.0222 real_p2_hit=0.0000 real_total=0.1857 synth_eps=0.0041 synth_eps_raw=0.0041 synth_x0_hit=0.0000 synth_total=0.0041 extra_render_attn_share=0.5275
[step 7150] real_p1_mirror_hole_cov=0.1283 real_p1_eps=0.1555 real_p1_hole_frac=0.4545 real_p2_eps=0.1987 real_p2_hit=1.0000 real_p2_t=285.0000 real_p2_ldif=0.1240 real_p2_gen_adv=0.0512 real_p2_lfm=0.0073 real_total=0.4980 discr_adv=1.9158 x0_d_real=-0.2363 x0_d_fake=-0.2374 p2_d_real=0.1254 p2_d_fake=-0.0512 g_grad_abs=2355.2978 d_grad_abs=1104.9400 synth_eps=0.0049 synth_eps_raw=0.0049 synth_x0_hit=0.0000 synth_total=0.0049 extra_render_attn_share=0.5275
[step 7200] real_p1_mirror_hole_cov=0.0346 real_p1_eps=0.3835 real_p1_hole_frac=0.4332 real_p2_eps=0.0459 real_p2_hit=0.0000 real_total=0.4294 synth_eps=0.1050 synth_eps_raw=0.1050 synth_x0_hit=0.0000 synth_total=0.1050 extra_render_attn_share=0.5275
[step 7250] real_p1_mirror_hole_cov=0.0680 real_p1_eps=0.3556 real_p1_hole_frac=0.3362 real_p2_eps=0.0403 real_p2_hit=0.0000 real_total=0.3959 synth_eps=0.0031 synth_eps_raw=0.0031 synth_x0_hit=0.0000 synth_total=0.0031 extra_render_attn_share=0.5275
[step 7300] real_p1_mirror_hole_cov=0.0152 real_p1_eps=0.1419 real_p1_hole_frac=0.1162 real_p2_eps=0.2707 real_p2_hit=1.0000 real_p2_t=52.0000 real_p2_ldif=0.0144 real_p2_gen_adv=-0.5135 real_p2_lfm=0.0018 real_total=0.3794 discr_adv=0.9862 p2_d_real=0.5411 p2_d_fake=0.5135 g_grad_abs=1305.2630 d_grad_abs=221.0888 synth_eps=0.0453 synth_eps_raw=0.0453 synth_x0_hit=0.0000 synth_total=0.0453 extra_render_attn_share=0.5275
[step 7350] real_p1_mirror_hole_cov=0.0666 real_p1_eps=0.1548 real_p1_hole_frac=0.6529 real_p2_eps=0.0154 real_p2_hit=0.0000 real_total=0.1702 synth_eps=0.0022 synth_eps_raw=0.0022 synth_x0_hit=0.0000 synth_total=0.0022 extra_render_attn_share=0.5275
[step 7400] real_p1_mirror_hole_cov=0.0070 real_p1_eps=0.0954 real_p1_hole_frac=0.3398 real_p2_eps=0.0860 real_p2_hit=0.0000 real_total=0.1815 synth_eps=0.6138 synth_eps_raw=0.6138 synth_x0_hit=1.0000 synth_x0_t=28.0000 synth_x0_ldif=0.0166 synth_x0_gen_adv=-0.0264 synth_x0_lfm=0.0016 synth_total=0.6310 extra_render_attn_share=0.5275
[step 7450] real_p1_mirror_hole_cov=0.1479 real_p1_eps=0.1823 real_p1_hole_frac=0.4405 real_p2_eps=0.1141 real_p2_hit=0.0000 real_total=0.2964 discr_adv=0.9285 x0_d_real=-0.0913 x0_d_fake=-0.2343 g_grad_abs=1343.8652 d_grad_abs=1160.4218 synth_eps=0.0012 synth_eps_raw=0.0012 synth_x0_hit=0.0000 synth_total=0.0012 extra_render_attn_share=0.5275
[step 7500] real_p1_mirror_hole_cov=0.2140 real_p1_eps=0.5125 real_p1_hole_frac=0.4330 real_p2_eps=0.0302 real_p2_hit=0.0000 real_total=0.5427 discr_adv=0.9777 x0_d_real=0.7877 x0_d_fake=0.7431 g_grad_abs=1427.2343 d_grad_abs=496.6701 synth_eps=0.5379 synth_eps_raw=0.5379 synth_x0_hit=1.0000 synth_x0_t=60.0000 synth_x0_ldif=0.0338 synth_x0_gen_adv=-0.0495 synth_x0_lfm=0.0032 synth_total=0.5731 extra_render_attn_share=0.5275
[images] real: anchor | cond1 | cond2 | inv_warp_mirror | mask | mask_inv | warp_img | warp_warp_img | x | y_hat | y_hat_novel -> /home/xzy/warpgan-diffusiong-inpainting/warpgan-diffusion-inpainting-main/experiments/train_inpainting_diffusion/[20260913-032728]_v18w6_w4_100k/logs/images/train/real_step0007500.png
[images] synth: cond | mask | target | warp_img | x | y_hat_novel -> /home/xzy/warpgan-diffusiong-inpainting/warpgan-diffusion-inpainting-main/experiments/train_inpainting_diffusion/[20260913-032728]_v18w6_w4_100k/logs/images/train/synth_step0007500.png
[step 7550] real_p1_mirror_hole_cov=0.1399 real_p1_eps=0.2010 real_p1_hole_frac=0.3399 real_p2_eps=0.0088 real_p2_hit=0.0000 real_total=0.2098 synth_eps=0.1695 synth_eps_raw=0.1695 synth_x0_hit=0.0000 synth_total=0.1695 extra_render_attn_share=0.5275
[step 7600] real_p1_mirror_hole_cov=0.0622 real_p1_eps=0.2330 real_p1_hole_frac=0.0976 real_p2_eps=0.0028 real_p2_hit=0.0000 real_total=0.2358 synth_eps=0.0070 synth_eps_raw=0.0070 synth_x0_hit=0.0000 synth_total=0.0070 extra_render_attn_share=0.5275
[step 7650] real_p1_mirror_hole_cov=0.2758 real_p1_eps=0.2706 real_p1_hole_frac=0.0381 real_p2_eps=0.0013 real_p2_hit=0.0000 real_total=0.2719 discr_adv=0.9883 x0_d_real=-0.0768 x0_d_fake=-0.1002 g_grad_abs=1039.8799 d_grad_abs=185.2998 synth_eps=0.0509 synth_eps_raw=0.0509 synth_x0_hit=0.0000 synth_total=0.0509 extra_render_attn_share=0.5275
[step 7700] real_p1_mirror_hole_cov=0.0308 real_p1_eps=0.0475 real_p1_hole_frac=0.0527 real_p2_eps=0.1334 real_p2_hit=1.0000 real_p2_t=114.0000 real_p2_ldif=0.0188 real_p2_gen_adv=-0.7886 real_p2_lfm=0.0020 real_total=0.1248 discr_adv=1.9714 x0_d_real=-0.3044 x0_d_fake=-0.3566 p2_d_real=0.7937 p2_d_fake=0.7886 g_grad_abs=1151.3569 d_grad_abs=728.6200 synth_eps=0.0013 synth_eps_raw=0.0013 synth_x0_hit=0.0000 synth_total=0.0013 extra_render_attn_share=0.5275
[step 7750] real_p1_mirror_hole_cov=0.0724 real_p1_eps=0.1401 real_p1_hole_frac=0.4751 real_p2_eps=0.0102 real_p2_hit=0.0000 real_total=0.1503 synth_eps=0.0074 synth_eps_raw=0.0074 synth_x0_hit=0.0000 synth_total=0.0074 extra_render_attn_share=0.5275
[step 7800] real_p1_mirror_hole_cov=0.0160 real_p1_eps=0.1182 real_p1_hole_frac=0.3533 real_p2_eps=0.2077 real_p2_hit=1.0000 real_p2_t=262.0000 real_p2_ldif=0.1099 real_p2_gen_adv=-0.4552 real_p2_lfm=0.0057 real_total=0.4017 discr_adv=0.9452 p2_d_real=0.5649 p2_d_fake=0.4552 g_grad_abs=1479.4840 d_grad_abs=1085.2379 synth_eps=0.3897 synth_eps_raw=0.3897 synth_x0_hit=1.0000 synth_x0_t=96.0000 synth_x0_ldif=0.0437 synth_x0_gen_adv=0.5235 synth_x0_lfm=0.0031 synth_total=0.4920 extra_render_attn_share=0.5275
[step 7850] real_p1_mirror_hole_cov=0.0739 real_p1_eps=0.1264 real_p1_hole_frac=0.2610 real_p2_eps=0.0062 real_p2_hit=0.0000 real_total=0.1325 synth_eps=0.1107 synth_eps_raw=0.1107 synth_x0_hit=0.0000 synth_total=0.1107 extra_render_attn_share=0.5275
[step 7900] real_p1_mirror_hole_cov=0.3161 real_p1_eps=0.4955 real_p1_hole_frac=0.2250 real_p2_eps=0.0038 real_p2_hit=0.0000 real_total=0.4993 synth_eps=0.2879 synth_eps_raw=0.2879 synth_x0_hit=1.0000 synth_x0_t=151.0000 synth_x0_ldif=0.0605 synth_x0_gen_adv=0.6460 synth_x0_lfm=0.0060 synth_total=0.4249 extra_render_attn_share=0.5275
[step 7950] real_p1_mirror_hole_cov=0.0162 real_p1_eps=0.1582 real_p1_hole_frac=0.1047 real_p2_eps=0.0011 real_p2_hit=0.0000 real_total=0.1593 synth_eps=0.1410 synth_eps_raw=0.1410 synth_x0_hit=0.0000 synth_total=0.1410 extra_render_attn_share=0.5275
[val step 7999] val_novel_full=0.0330 val_novel_hole=0.0336 val_novel_visible=0.0327
[step 8000] real_p1_mirror_hole_cov=0.0861 real_p1_eps=0.0862 real_p1_hole_frac=0.2321 real_p2_eps=0.0581 real_p2_hit=0.0000 real_total=0.1443 discr_adv=1.0001 x0_d_real=0.8559 x0_d_fake=0.8556 g_grad_abs=811.6887 d_grad_abs=73.5599 synth_eps=0.3254 synth_eps_raw=0.3254 synth_x0_hit=1.0000 synth_x0_t=136.0000 synth_x0_ldif=0.0587 synth_x0_gen_adv=-0.5720 synth_x0_lfm=0.0038 synth_total=0.3344 extra_render_attn_share=0.5357
[images] real: anchor | cond1 | cond2 | inv_warp_mirror | mask | mask_inv | warp_img | warp_warp_img | x | y_hat | y_hat_novel -> /home/xzy/warpgan-diffusiong-inpainting/warpgan-diffusion-inpainting-main/experiments/train_inpainting_diffusion/[20260913-032728]_v18w6_w4_100k/logs/images/train/real_step0008000.png
[images] synth: cond | mask | target | warp_img | x | y_hat_novel -> /home/xzy/warpgan-diffusiong-inpainting/warpgan-diffusion-inpainting-main/experiments/train_inpainting_diffusion/[20260913-032728]_v18w6_w4_100k/logs/images/train/synth_step0008000.png
[step 8050] real_p1_mirror_hole_cov=0.0141 real_p1_eps=0.1194 real_p1_hole_frac=0.2448 real_p2_eps=0.0257 real_p2_hit=0.0000 real_total=0.1451 synth_eps=0.2923 synth_eps_raw=0.2923 synth_x0_hit=1.0000 synth_x0_t=202.0000 synth_x0_ldif=0.0971 synth_x0_gen_adv=-0.1060 synth_x0_lfm=0.0073 synth_total=0.3933 extra_render_attn_share=0.5357
[step 8100] real_p1_mirror_hole_cov=0.2104 real_p1_eps=0.0529 real_p1_hole_frac=0.0544 real_p2_eps=0.0484 real_p2_hit=0.0000 real_total=0.1013 synth_eps=0.0320 synth_eps_raw=0.0320 synth_x0_hit=0.0000 synth_total=0.0320 extra_render_attn_share=0.5357
[step 8150] real_p1_mirror_hole_cov=0.1386 real_p1_eps=0.1271 real_p1_hole_frac=0.5221 real_p2_eps=0.1489 real_p2_hit=1.0000 real_p2_t=300.0000 real_p2_ldif=0.1032 real_p2_gen_adv=-0.0266 real_p2_lfm=0.0052 real_total=0.3869 discr_adv=1.9563 x0_d_real=-0.1339 x0_d_fake=-0.1396 p2_d_real=0.1083 p2_d_fake=0.0266 g_grad_abs=2022.7498 d_grad_abs=758.3562 synth_eps=0.3755 synth_eps_raw=0.3755 synth_x0_hit=1.0000 synth_x0_t=124.0000 synth_x0_ldif=0.0594 synth_x0_gen_adv=-0.6750 synth_x0_lfm=0.0060 synth_total=0.3795 extra_render_attn_share=0.5357
[step 8200] real_p1_mirror_hole_cov=0.1353 real_p1_eps=0.2016 real_p1_hole_frac=0.3377 real_p2_eps=0.0588 real_p2_hit=0.0000 real_total=0.2604 synth_eps=0.0160 synth_eps_raw=0.0160 synth_x0_hit=0.0000 synth_total=0.0160 extra_render_attn_share=0.5357
[step 8250] real_p1_mirror_hole_cov=0.0849 real_p1_eps=0.3020 real_p1_hole_frac=0.0960 real_p2_eps=0.5377 real_p2_hit=1.0000 real_p2_t=13.0000 real_p2_ldif=0.0067 real_p2_gen_adv=-0.0621 real_p2_lfm=0.0008 real_total=0.8418 discr_adv=0.9998 p2_d_real=0.0625 p2_d_fake=0.0621 g_grad_abs=2061.0721 d_grad_abs=26.5099 synth_eps=0.3819 synth_eps_raw=0.3819 synth_x0_hit=1.0000 synth_x0_t=132.0000 synth_x0_ldif=0.0660 synth_x0_gen_adv=0.1855 synth_x0_lfm=0.0041 synth_total=0.4746 extra_render_attn_share=0.5357
[step 8300] real_p1_mirror_hole_cov=0.0669 real_p1_eps=0.2183 real_p1_hole_frac=0.1468 real_p2_eps=0.0195 real_p2_hit=0.0000 real_total=0.2378 synth_eps=0.2223 synth_eps_raw=0.2223 synth_x0_hit=1.0000 synth_x0_t=260.0000 synth_x0_ldif=0.1159 synth_x0_gen_adv=0.1288 synth_x0_lfm=0.0070 synth_total=0.3650 extra_render_attn_share=0.5357
[step 8350] real_p1_mirror_hole_cov=0.1630 real_p1_eps=0.2741 real_p1_hole_frac=0.3022 real_p2_eps=0.1208 real_p2_hit=0.0000 real_total=0.3949 synth_eps=0.0051 synth_eps_raw=0.0051 synth_x0_hit=0.0000 synth_total=0.0051 extra_render_attn_share=0.5357
[step 8400] real_p1_mirror_hole_cov=0.1515 real_p1_eps=0.1520 real_p1_hole_frac=0.2129 real_p2_eps=0.1570 real_p2_hit=1.0000 real_p2_t=270.0000 real_p2_ldif=0.0880 real_p2_gen_adv=-0.0473 real_p2_lfm=0.0046 real_total=0.4015 discr_adv=1.0089 p2_d_real=0.0296 p2_d_fake=0.0473 g_grad_abs=1755.5143 d_grad_abs=288.7443 synth_eps=0.1319 synth_eps_raw=0.1319 synth_x0_hit=0.0000 synth_total=0.1319 extra_render_attn_share=0.5357
[step 8450] real_p1_mirror_hole_cov=0.1734 real_p1_eps=0.1350 real_p1_hole_frac=0.2226 real_p2_eps=0.0474 real_p2_hit=0.0000 real_total=0.1825 discr_adv=0.9294 x0_d_real=0.0545 x0_d_fake=-0.0867 g_grad_abs=943.7657 d_grad_abs=833.3761 synth_eps=0.3740 synth_eps_raw=0.3740 synth_x0_hit=1.0000 synth_x0_t=164.0000 synth_x0_ldif=0.0890 synth_x0_gen_adv=-0.4227 synth_x0_lfm=0.0063 synth_total=0.4332 extra_render_attn_share=0.5357
[step 8500] real_p1_mirror_hole_cov=0.0249 real_p1_eps=0.0743 real_p1_hole_frac=0.1139 real_p2_eps=0.0016 real_p2_hit=0.0000 real_total=0.0760 synth_eps=0.0012 synth_eps_raw=0.0012 synth_x0_hit=0.0000 synth_total=0.0012 extra_render_attn_share=0.5357
[images] real: anchor | cond1 | cond2 | inv_warp_mirror | mask | mask_inv | warp_img | warp_warp_img | x | y_hat | y_hat_novel -> /home/xzy/warpgan-diffusiong-inpainting/warpgan-diffusion-inpainting-main/experiments/train_inpainting_diffusion/[20260913-032728]_v18w6_w4_100k/logs/images/train/real_step0008500.png
[images] synth: cond | mask | target | warp_img | x | y_hat_novel -> /home/xzy/warpgan-diffusiong-inpainting/warpgan-diffusion-inpainting-main/experiments/train_inpainting_diffusion/[20260913-032728]_v18w6_w4_100k/logs/images/train/synth_step0008500.png
[step 8550] real_p1_mirror_hole_cov=0.1829 real_p1_eps=0.1622 real_p1_hole_frac=0.4485 real_p2_eps=0.0020 real_p2_hit=0.0000 real_total=0.1642 synth_eps=0.1019 synth_eps_raw=0.1019 synth_x0_hit=0.0000 synth_total=0.1019 extra_render_attn_share=0.5357
[step 8600] real_p1_mirror_hole_cov=0.0060 real_p1_eps=0.0918 real_p1_hole_frac=0.0906 real_p2_eps=0.0109 real_p2_hit=0.0000 real_total=0.1027 discr_adv=1.0028 x0_d_real=-0.5917 x0_d_fake=-0.5861 g_grad_abs=886.0599 d_grad_abs=114.9078 synth_eps=0.0329 synth_eps_raw=0.0329 synth_x0_hit=0.0000 synth_total=0.0329 extra_render_attn_share=0.5357
[step 8650] real_p1_mirror_hole_cov=0.0133 real_p1_eps=0.0892 real_p1_hole_frac=0.1530 real_p2_eps=0.2607 real_p2_hit=1.0000 real_p2_t=60.0000 real_p2_ldif=0.0164 real_p2_gen_adv=-0.2411 real_p2_lfm=0.0017 real_total=0.3456 discr_adv=1.9047 x0_d_real=-0.4378 x0_d_fake=-0.6494 p2_d_real=0.2201 p2_d_fake=0.2411 g_grad_abs=1327.5620 d_grad_abs=1113.7744 synth_eps=0.0213 synth_eps_raw=0.0213 synth_x0_hit=0.0000 synth_total=0.0213 extra_render_attn_share=0.5357
[step 8700] real_p1_mirror_hole_cov=0.5605 real_p1_eps=0.6615 real_p1_hole_frac=0.4234 real_p2_eps=0.0565 real_p2_hit=0.0000 real_total=0.7179 synth_eps=0.7252 synth_eps_raw=0.7252 synth_x0_hit=1.0000 synth_x0_t=10.0000 synth_x0_ldif=0.0070 synth_x0_gen_adv=-0.0031 synth_x0_lfm=0.0008 synth_total=0.7336 extra_render_attn_share=0.5357
[step 8750] real_p1_mirror_hole_cov=0.0143 real_p1_eps=0.2791 real_p1_hole_frac=0.1918 real_p2_eps=0.0701 real_p2_hit=0.0000 real_total=0.3492 discr_adv=1.0185 x0_d_real=-0.2918 x0_d_fake=-0.2548 g_grad_abs=1335.1602 d_grad_abs=319.8019 synth_eps=0.0034 synth_eps_raw=0.0034 synth_x0_hit=0.0000 synth_total=0.0034 extra_render_attn_share=0.5357
[step 8800] real_p1_mirror_hole_cov=0.5707 real_p1_eps=0.1542 real_p1_hole_frac=0.2904 real_p2_eps=0.3043 real_p2_hit=1.0000 real_p2_t=57.0000 real_p2_ldif=0.0180 real_p2_gen_adv=0.4802 real_p2_lfm=0.0015 real_total=0.5275 discr_adv=0.9736 p2_d_real=-0.4221 p2_d_fake=-0.4802 g_grad_abs=1588.1725 d_grad_abs=724.9490 synth_eps=0.0856 synth_eps_raw=0.0856 synth_x0_hit=0.0000 synth_total=0.0856 extra_render_attn_share=0.5357
[step 8850] real_p1_mirror_hole_cov=0.0113 real_p1_eps=0.1213 real_p1_hole_frac=0.0778 real_p2_eps=0.0593 real_p2_hit=1.0000 real_p2_t=266.0000 real_p2_ldif=0.0323 real_p2_gen_adv=0.5247 real_p2_lfm=0.0010 real_total=0.2673 discr_adv=2.1307 x0_d_real=-0.8748 x0_d_fake=-0.7252 p2_d_real=-0.6364 p2_d_fake=-0.5247 g_grad_abs=1288.1962 d_grad_abs=1992.9549 synth_eps=0.8988 synth_eps_raw=0.8988 synth_x0_hit=1.0000 synth_x0_t=2.0000 synth_x0_ldif=0.0023 synth_x0_gen_adv=0.6930 synth_x0_lfm=0.0005 synth_total=0.9714 extra_render_attn_share=0.5357
[step 8900] real_p1_mirror_hole_cov=0.1361 real_p1_eps=0.0881 real_p1_hole_frac=0.1043 real_p2_eps=0.0019 real_p2_hit=0.0000 real_total=0.0900 synth_eps=0.1451 synth_eps_raw=0.1451 synth_x0_hit=0.0000 synth_total=0.1451 extra_render_attn_share=0.5357
[step 8950] real_p1_mirror_hole_cov=0.1708 real_p1_eps=0.1604 real_p1_hole_frac=0.4102 real_p2_eps=0.0360 real_p2_hit=0.0000 real_total=0.1963 synth_eps=0.0262 synth_eps_raw=0.0262 synth_x0_hit=0.0000 synth_total=0.0262 extra_render_attn_share=0.5357
[step 9000] real_p1_mirror_hole_cov=0.2751 real_p1_eps=0.2597 real_p1_hole_frac=0.4522 real_p2_eps=0.1022 real_p2_hit=0.0000 real_total=0.3618 discr_adv=0.9819 x0_d_real=0.8565 x0_d_fake=0.8199 g_grad_abs=1286.9492 d_grad_abs=324.0334 synth_eps=0.0364 synth_eps_raw=0.0364 synth_x0_hit=0.0000 synth_total=0.0364 extra_render_attn_share=0.5357
[images] real: anchor | cond1 | cond2 | inv_warp_mirror | mask | mask_inv | warp_img | warp_warp_img | x | y_hat | y_hat_novel -> /home/xzy/warpgan-diffusiong-inpainting/warpgan-diffusion-inpainting-main/experiments/train_inpainting_diffusion/[20260913-032728]_v18w6_w4_100k/logs/images/train/real_step0009000.png
[images] synth: cond | mask | target | warp_img | x | y_hat_novel -> /home/xzy/warpgan-diffusiong-inpainting/warpgan-diffusion-inpainting-main/experiments/train_inpainting_diffusion/[20260913-032728]_v18w6_w4_100k/logs/images/train/synth_step0009000.png
[step 9050] real_p1_mirror_hole_cov=0.1991 real_p1_eps=0.3901 real_p1_hole_frac=0.5533 real_p2_eps=0.2441 real_p2_hit=1.0000 real_p2_t=219.0000 real_p2_ldif=0.0931 real_p2_gen_adv=0.4335 real_p2_lfm=0.0054 real_total=0.7814 discr_adv=1.0883 p2_d_real=-0.6095 p2_d_fake=-0.4335 g_grad_abs=2201.1561 d_grad_abs=858.1299 synth_eps=0.0576 synth_eps_raw=0.0576 synth_x0_hit=0.0000 synth_total=0.0576 extra_render_attn_share=0.5357
[step 9100] real_p1_mirror_hole_cov=0.0881 real_p1_eps=0.1951 real_p1_hole_frac=0.1018 real_p2_eps=0.0477 real_p2_hit=0.0000 real_total=0.2428 synth_eps=0.0984 synth_eps_raw=0.0984 synth_x0_hit=0.0000 synth_total=0.0984 extra_render_attn_share=0.5357
[step 9150] real_p1_mirror_hole_cov=0.2028 real_p1_eps=0.1245 real_p1_hole_frac=0.2966 real_p2_eps=0.0023 real_p2_hit=0.0000 real_total=0.1268 discr_adv=0.7242 x0_d_real=0.3802 x0_d_fake=-0.1880 g_grad_abs=834.1009 d_grad_abs=5326.8437 synth_eps=0.0061 synth_eps_raw=0.0061 synth_x0_hit=0.0000 synth_total=0.0061 extra_render_attn_share=0.5357
[step 9200] real_p1_mirror_hole_cov=0.0966 real_p1_eps=0.2420 real_p1_hole_frac=0.4636 real_p2_eps=0.0553 real_p2_hit=0.0000 real_total=0.2973 synth_eps=0.1562 synth_eps_raw=0.1562 synth_x0_hit=0.0000 synth_total=0.1562 extra_render_attn_share=0.5357
[step 9250] real_p1_mirror_hole_cov=0.0448 real_p1_eps=0.1050 real_p1_hole_frac=0.1784 real_p2_eps=0.0210 real_p2_hit=0.0000 real_total=0.1260 synth_eps=0.0723 synth_eps_raw=0.0723 synth_x0_hit=0.0000 synth_total=0.0723 extra_render_attn_share=0.5357
[step 9300] real_p1_mirror_hole_cov=0.0374 real_p1_eps=0.2680 real_p1_hole_frac=0.4500 real_p2_eps=0.0597 real_p2_hit=0.0000 real_total=0.3277 synth_eps=0.3717 synth_eps_raw=0.3717 synth_x0_hit=1.0000 synth_x0_t=118.0000 synth_x0_ldif=0.0549 synth_x0_gen_adv=0.3606 synth_x0_lfm=0.0045 synth_total=0.4717 extra_render_attn_share=0.5357
[step 9350] real_p1_mirror_hole_cov=0.0986 real_p1_eps=0.1239 real_p1_hole_frac=0.1162 real_p2_eps=0.0674 real_p2_hit=0.0000 real_total=0.1912 discr_adv=0.9738 x0_d_real=-0.4263 x0_d_fake=-0.4787 g_grad_abs=1247.4339 d_grad_abs=189.0015 synth_eps=0.0347 synth_eps_raw=0.0347 synth_x0_hit=0.0000 synth_total=0.0347 extra_render_attn_share=0.5357
[step 9400] real_p1_mirror_hole_cov=0.0024 real_p1_eps=0.1038 real_p1_hole_frac=0.0464 real_p2_eps=0.0022 real_p2_hit=0.0000 real_total=0.1060 synth_eps=0.0319 synth_eps_raw=0.0319 synth_x0_hit=0.0000 synth_total=0.0319 extra_render_attn_share=0.5357
[step 9450] real_p1_mirror_hole_cov=0.0017 real_p1_eps=0.2596 real_p1_hole_frac=0.2620 real_p2_eps=0.0016 real_p2_hit=0.0000 real_total=0.2613 synth_eps=0.7219 synth_eps_raw=0.7219 synth_x0_hit=1.0000 synth_x0_t=19.0000 synth_x0_ldif=0.0130 synth_x0_gen_adv=0.5479 synth_x0_lfm=0.0017 synth_total=0.7931 extra_render_attn_share=0.5357
[step 9500] real_p1_mirror_hole_cov=0.2157 real_p1_eps=0.1116 real_p1_hole_frac=0.2050 real_p2_eps=0.0772 real_p2_hit=0.0000 real_total=0.1889 synth_eps=0.3327 synth_eps_raw=0.3327 synth_x0_hit=1.0000 synth_x0_t=116.0000 synth_x0_ldif=0.0480 synth_x0_gen_adv=0.2102 synth_x0_lfm=0.0054 synth_total=0.4125 extra_render_attn_share=0.5357
[images] real: anchor | cond1 | cond2 | inv_warp_mirror | mask | mask_inv | warp_img | warp_warp_img | x | y_hat | y_hat_novel -> /home/xzy/warpgan-diffusiong-inpainting/warpgan-diffusion-inpainting-main/experiments/train_inpainting_diffusion/[20260913-032728]_v18w6_w4_100k/logs/images/train/real_step0009500.png
[images] synth: cond | mask | target | warp_img | x | y_hat_novel -> /home/xzy/warpgan-diffusiong-inpainting/warpgan-diffusion-inpainting-main/experiments/train_inpainting_diffusion/[20260913-032728]_v18w6_w4_100k/logs/images/train/synth_step0009500.png
[step 9550] real_p1_mirror_hole_cov=0.1135 real_p1_eps=0.5423 real_p1_hole_frac=0.3723 real_p2_eps=0.0070 real_p2_hit=0.0000 real_total=0.5493 synth_eps=0.1535 synth_eps_raw=0.1535 synth_x0_hit=0.0000 synth_total=0.1535 extra_render_attn_share=0.5357
[step 9600] real_p1_mirror_hole_cov=0.3806 real_p1_eps=0.2223 real_p1_hole_frac=0.1783 real_p2_eps=0.1159 real_p2_hit=0.0000 real_total=0.3382 synth_eps=0.0036 synth_eps_raw=0.0036 synth_x0_hit=0.0000 synth_total=0.0036 extra_render_attn_share=0.5357
[step 9650] real_p1_mirror_hole_cov=0.1538 real_p1_eps=0.3078 real_p1_hole_frac=0.5632 real_p2_eps=0.0037 real_p2_hit=0.0000 real_total=0.3115 synth_eps=0.4329 synth_eps_raw=0.4329 synth_x0_hit=1.0000 synth_x0_t=97.0000 synth_x0_ldif=0.0492 synth_x0_gen_adv=-0.0004 synth_x0_lfm=0.0052 synth_total=0.4926 extra_render_attn_share=0.5357
[step 9700] real_p1_mirror_hole_cov=0.0032 real_p1_eps=0.2342 real_p1_hole_frac=0.1766 real_p2_eps=0.0166 real_p2_hit=0.0000 real_total=0.2508 synth_eps=0.0253 synth_eps_raw=0.0253 synth_x0_hit=0.0000 synth_total=0.0253 extra_render_attn_share=0.5357
[step 9750] real_p1_mirror_hole_cov=0.1528 real_p1_eps=0.4388 real_p1_hole_frac=0.3453 real_p2_eps=0.0273 real_p2_hit=0.0000 real_total=0.4661 discr_adv=0.9494 x0_d_real=0.1664 x0_d_fake=0.0652 g_grad_abs=1417.7370 d_grad_abs=551.4438 synth_eps=0.0030 synth_eps_raw=0.0030 synth_x0_hit=0.0000 synth_total=0.0030 extra_render_attn_share=0.5357
[step 9800] real_p1_mirror_hole_cov=0.0104 real_p1_eps=0.1257 real_p1_hole_frac=0.1135 real_p2_eps=0.0212 real_p2_hit=0.0000 real_total=0.1469 discr_adv=0.9981 x0_d_real=0.8137 x0_d_fake=0.8098 g_grad_abs=883.5284 d_grad_abs=74.5577 synth_eps=0.0084 synth_eps_raw=0.0084 synth_x0_hit=0.0000 synth_total=0.0084 extra_render_attn_share=0.5357
[step 9850] real_p1_mirror_hole_cov=0.0643 real_p1_eps=0.2033 real_p1_hole_frac=0.1901 real_p2_eps=0.2317 real_p2_hit=1.0000 real_p2_t=141.0000 real_p2_ldif=0.0440 real_p2_gen_adv=-0.7854 real_p2_lfm=0.0029 real_total=0.4062 discr_adv=1.7842 x0_d_real=0.4995 x0_d_fake=0.0665 p2_d_real=0.7891 p2_d_fake=0.7854 g_grad_abs=1610.4347 d_grad_abs=6069.8177 synth_eps=0.0485 synth_eps_raw=0.0485 synth_x0_hit=0.0000 synth_total=0.0485 extra_render_attn_share=0.5357
[step 9900] real_p1_mirror_hole_cov=0.0927 real_p1_eps=0.0641 real_p1_hole_frac=0.0553 real_p2_eps=0.0083 real_p2_hit=0.0000 real_total=0.0725 synth_eps=0.0055 synth_eps_raw=0.0055 synth_x0_hit=0.0000 synth_total=0.0055 extra_render_attn_share=0.5357
[step 9950] real_p1_mirror_hole_cov=0.0901 real_p1_eps=0.2270 real_p1_hole_frac=0.4768 real_p2_eps=0.3462 real_p2_hit=1.0000 real_p2_t=107.0000 real_p2_ldif=0.0448 real_p2_gen_adv=0.5494 real_p2_lfm=0.0031 real_total=0.6792 discr_adv=0.9794 p2_d_real=-0.5082 p2_d_fake=-0.5494 g_grad_abs=1490.9402 d_grad_abs=122.0611 synth_eps=0.0826 synth_eps_raw=0.0826 synth_x0_hit=0.0000 synth_total=0.0826 extra_render_attn_share=0.5357
[ckpt] saved /home/xzy/warpgan-diffusiong-inpainting/warpgan-diffusion-inpainting-main/experiments/train_inpainting_diffusion/[20260913-032728]_v18w6_w4_100k/checkpoints/iteration_0009999.pt
[val step 9999] val_novel_full=0.0281 val_novel_hole=0.0312 val_novel_visible=0.0273
[step 10000] real_p1_mirror_hole_cov=0.1206 real_p1_eps=0.1520 real_p1_hole_frac=0.1509 real_p2_eps=0.0741 real_p2_hit=0.0000 real_total=0.2261 synth_eps=0.8247 synth_eps_raw=0.8247 synth_x0_hit=1.0000 synth_x0_t=8.0000 synth_x0_ldif=0.0065 synth_x0_gen_adv=0.0002 synth_x0_lfm=0.0007 synth_total=0.8326 extra_render_attn_share=0.5406
[images] real: anchor | cond1 | cond2 | inv_warp_mirror | mask | mask_inv | warp_img | warp_warp_img | x | y_hat | y_hat_novel -> /home/xzy/warpgan-diffusiong-inpainting/warpgan-diffusion-inpainting-main/experiments/train_inpainting_diffusion/[20260913-032728]_v18w6_w4_100k/logs/images/train/real_step0010000.png
[images] synth: cond | mask | target | warp_img | x | y_hat_novel -> /home/xzy/warpgan-diffusiong-inpainting/warpgan-diffusion-inpainting-main/experiments/train_inpainting_diffusion/[20260913-032728]_v18w6_w4_100k/logs/images/train/synth_step0010000.png
[step 10050] real_p1_mirror_hole_cov=0.0436 real_p1_eps=0.2546 real_p1_hole_frac=0.1551 real_p2_eps=0.2581 real_p2_hit=1.0000 real_p2_t=95.0000 real_p2_ldif=0.0286 real_p2_gen_adv=-0.0579 real_p2_lfm=0.0028 real_total=0.5411 discr_adv=1.0129 p2_d_real=0.0322 p2_d_fake=0.0579 g_grad_abs=1775.4974 d_grad_abs=287.0384 synth_eps=0.0941 synth_eps_raw=0.0941 synth_x0_hit=0.0000 synth_total=0.0941 extra_render_attn_share=0.5406
[step 10100] real_p1_mirror_hole_cov=0.1151 real_p1_eps=0.1003 real_p1_hole_frac=0.2898 real_p2_eps=0.0524 real_p2_hit=0.0000 real_total=0.1526 discr_adv=0.9912 x0_d_real=0.4278 x0_d_fake=0.4103 g_grad_abs=889.8021 d_grad_abs=156.8801 synth_eps=0.5207 synth_eps_raw=0.5207 synth_x0_hit=1.0000 synth_x0_t=41.0000 synth_x0_ldif=0.0212 synth_x0_gen_adv=-0.2387 synth_x0_lfm=0.0025 synth_total=0.5230 extra_render_attn_share=0.5406
[step 10150] real_p1_mirror_hole_cov=0.0294 real_p1_eps=0.1637 real_p1_hole_frac=0.0749 real_p2_eps=0.0303 real_p2_hit=0.0000 real_total=0.1940 discr_adv=0.9743 x0_d_real=-0.1224 x0_d_fake=-0.1738 g_grad_abs=1465.4404 d_grad_abs=189.1320 synth_eps=0.0196 synth_eps_raw=0.0196 synth_x0_hit=0.0000 synth_total=0.0196 extra_render_attn_share=0.5406
[step 10200] real_p1_mirror_hole_cov=0.0881 real_p1_eps=0.1277 real_p1_hole_frac=0.1903 real_p2_eps=0.0053 real_p2_hit=0.0000 real_total=0.1330 synth_eps=0.4131 synth_eps_raw=0.4131 synth_x0_hit=1.0000 synth_x0_t=100.0000 synth_x0_ldif=0.0489 synth_x0_gen_adv=0.0412 synth_x0_lfm=0.0053 synth_total=0.4767 extra_render_attn_share=0.5406
[step 10250] real_p1_mirror_hole_cov=0.1354 real_p1_eps=0.1901 real_p1_hole_frac=0.2320 real_p2_eps=0.2069 real_p2_hit=1.0000 real_p2_t=146.0000 real_p2_ldif=0.0413 real_p2_gen_adv=-0.1387 real_p2_lfm=0.0046 real_total=0.4336 discr_adv=1.9354 x0_d_real=0.2503 x0_d_fake=0.1581 p2_d_real=0.1758 p2_d_fake=0.1387 g_grad_abs=1642.2482 d_grad_abs=1422.0355 synth_eps=0.7020 synth_eps_raw=0.7020 synth_x0_hit=1.0000 synth_x0_t=20.0000 synth_x0_ldif=0.0134 synth_x0_gen_adv=0.0506 synth_x0_lfm=0.0010 synth_total=0.7224 extra_render_attn_share=0.5406
[step 10300] real_p1_mirror_hole_cov=0.1610 real_p1_eps=0.1140 real_p1_hole_frac=0.0767 real_p2_eps=0.0345 real_p2_hit=0.0000 real_total=0.1485 synth_eps=0.0069 synth_eps_raw=0.0069 synth_x0_hit=0.0000 synth_total=0.0069 extra_render_attn_share=0.5406
[step 10350] real_p1_mirror_hole_cov=0.1962 real_p1_eps=0.2111 real_p1_hole_frac=0.3654 real_p2_eps=0.6826 real_p2_hit=1.0000 real_p2_t=17.0000 real_p2_ldif=0.0110 real_p2_gen_adv=-0.2313 real_p2_lfm=0.0008 real_total=0.8833 discr_adv=0.9882 p2_d_real=0.2558 p2_d_fake=0.2313 g_grad_abs=1509.9065 d_grad_abs=159.4133 synth_eps=0.1925 synth_eps_raw=0.1925 synth_x0_hit=1.0000 synth_x0_t=262.0000 synth_x0_ldif=0.1018 synth_x0_gen_adv=-0.3210 synth_x0_lfm=0.0073 synth_total=0.2768 extra_render_attn_share=0.5406
[step 10400] real_p1_mirror_hole_cov=0.1672 real_p1_eps=0.2466 real_p1_hole_frac=0.1939 real_p2_eps=0.1081 real_p2_hit=0.0000 real_total=0.3547 discr_adv=0.9452 x0_d_real=0.2854 x0_d_fake=0.1758 g_grad_abs=1294.8555 d_grad_abs=613.2067 synth_eps=0.0984 synth_eps_raw=0.0984 synth_x0_hit=0.0000 synth_total=0.0984 extra_render_attn_share=0.5406
[step 10450] real_p1_mirror_hole_cov=0.0155 real_p1_eps=0.1369 real_p1_hole_frac=0.2976 real_p2_eps=0.0142 real_p2_hit=0.0000 real_total=0.1511 synth_eps=0.0780 synth_eps_raw=0.0780 synth_x0_hit=0.0000 synth_total=0.0780 extra_render_attn_share=0.5406
[step 10500] real_p1_mirror_hole_cov=0.0626 real_p1_eps=0.1380 real_p1_hole_frac=0.2202 real_p2_eps=0.0015 real_p2_hit=0.0000 real_total=0.1395 discr_adv=1.0506 x0_d_real=0.7836 x0_d_fake=0.8847 g_grad_abs=879.8529 d_grad_abs=773.3092 synth_eps=0.0309 synth_eps_raw=0.0309 synth_x0_hit=0.0000 synth_total=0.0309 extra_render_attn_share=0.5406
[images] real: anchor | cond1 | cond2 | inv_warp_mirror | mask | mask_inv | warp_img | warp_warp_img | x | y_hat | y_hat_novel -> /home/xzy/warpgan-diffusiong-inpainting/warpgan-diffusion-inpainting-main/experiments/train_inpainting_diffusion/[20260913-032728]_v18w6_w4_100k/logs/images/train/real_step0010500.png
[images] synth: cond | mask | target | warp_img | x | y_hat_novel -> /home/xzy/warpgan-diffusiong-inpainting/warpgan-diffusion-inpainting-main/experiments/train_inpainting_diffusion/[20260913-032728]_v18w6_w4_100k/logs/images/train/synth_step0010500.png
[step 10550] real_p1_mirror_hole_cov=0.2702 real_p1_eps=0.2289 real_p1_hole_frac=0.3791 real_p2_eps=0.0012 real_p2_hit=0.0000 real_total=0.2301 discr_adv=0.8618 x0_d_real=0.8236 x0_d_fake=0.5445 g_grad_abs=1025.4843 d_grad_abs=4143.7388 synth_eps=0.3361 synth_eps_raw=0.3361 synth_x0_hit=1.0000 synth_x0_t=142.0000 synth_x0_ldif=0.0645 synth_x0_gen_adv=-0.2130 synth_x0_lfm=0.0056 synth_total=0.3905 extra_render_attn_share=0.5406
[step 10600] real_p1_mirror_hole_cov=0.1023 real_p1_eps=0.1144 real_p1_hole_frac=0.1614 real_p2_eps=0.0325 real_p2_hit=0.0000 real_total=0.1470 discr_adv=0.9576 x0_d_real=-0.4304 x0_d_fake=-0.5151 g_grad_abs=707.5668 d_grad_abs=530.0539 synth_eps=0.0068 synth_eps_raw=0.0068 synth_x0_hit=0.0000 synth_total=0.0068 extra_render_attn_share=0.5406
[step 10650] real_p1_mirror_hole_cov=0.1852 real_p1_eps=0.0646 real_p1_hole_frac=0.0366 real_p2_eps=0.0006 real_p2_hit=0.0000 real_total=0.0651 synth_eps=0.2970 synth_eps_raw=0.2970 synth_x0_hit=1.0000 synth_x0_t=177.0000 synth_x0_ldif=0.0796 synth_x0_gen_adv=-1.0612 synth_x0_lfm=0.0064 synth_total=0.2834 extra_render_attn_share=0.5406
[step 10700] real_p1_mirror_hole_cov=0.0547 real_p1_eps=0.2879 real_p1_hole_frac=0.3635 real_p2_eps=0.1611 real_p2_hit=1.0000 real_p2_t=266.0000 real_p2_ldif=0.0877 real_p2_gen_adv=-0.1809 real_p2_lfm=0.0041 real_total=0.5268 discr_adv=0.9105 p2_d_real=0.3599 p2_d_fake=0.1809 g_grad_abs=1776.4661 d_grad_abs=1209.8256 synth_eps=0.0823 synth_eps_raw=0.0823 synth_x0_hit=0.0000 synth_total=0.0823 extra_render_attn_share=0.5406
[step 10750] real_p1_mirror_hole_cov=0.0087 real_p1_eps=0.2804 real_p1_hole_frac=0.0569 real_p2_eps=0.0093 real_p2_hit=0.0000 real_total=0.2897 synth_eps=0.0072 synth_eps_raw=0.0072 synth_x0_hit=0.0000 synth_total=0.0072 extra_render_attn_share=0.5406
[step 10800] real_p1_mirror_hole_cov=0.0357 real_p1_eps=0.2798 real_p1_hole_frac=0.6157 real_p2_eps=0.1250 real_p2_hit=0.0000 real_total=0.4048 synth_eps=0.0072 synth_eps_raw=0.0072 synth_x0_hit=0.0000 synth_total=0.0072 extra_render_attn_share=0.5406
[step 10850] real_p1_mirror_hole_cov=0.0234 real_p1_eps=0.1453 real_p1_hole_frac=0.0815 real_p2_eps=0.0031 real_p2_hit=0.0000 real_total=0.1484 synth_eps=0.0510 synth_eps_raw=0.0510 synth_x0_hit=0.0000 synth_total=0.0510 extra_render_attn_share=0.5406
[step 10900] real_p1_mirror_hole_cov=0.0761 real_p1_eps=0.0879 real_p1_hole_frac=0.2249 real_p2_eps=0.0013 real_p2_hit=0.0000 real_total=0.0891 synth_eps=0.0243 synth_eps_raw=0.0243 synth_x0_hit=0.0000 synth_total=0.0243 extra_render_attn_share=0.5406
[step 10950] real_p1_mirror_hole_cov=0.1219 real_p1_eps=0.2959 real_p1_hole_frac=0.1202 real_p2_eps=0.0292 real_p2_hit=0.0000 real_total=0.3252 synth_eps=0.0093 synth_eps_raw=0.0093 synth_x0_hit=0.0000 synth_total=0.0093 extra_render_attn_share=0.5406
[step 11000] real_p1_mirror_hole_cov=0.1590 real_p1_eps=0.1580 real_p1_hole_frac=0.3894 real_p2_eps=0.1138 real_p2_hit=0.0000 real_total=0.2718 synth_eps=0.0283 synth_eps_raw=0.0283 synth_x0_hit=0.0000 synth_total=0.0283 extra_render_attn_share=0.5406
[images] real: anchor | cond1 | cond2 | inv_warp_mirror | mask | mask_inv | warp_img | warp_warp_img | x | y_hat | y_hat_novel -> /home/xzy/warpgan-diffusiong-inpainting/warpgan-diffusion-inpainting-main/experiments/train_inpainting_diffusion/[20260913-032728]_v18w6_w4_100k/logs/images/train/real_step0011000.png
[images] synth: cond | mask | target | warp_img | x | y_hat_novel -> /home/xzy/warpgan-diffusiong-inpainting/warpgan-diffusion-inpainting-main/experiments/train_inpainting_diffusion/[20260913-032728]_v18w6_w4_100k/logs/images/train/synth_step0011000.png
[step 11050] real_p1_mirror_hole_cov=0.0256 real_p1_eps=0.1523 real_p1_hole_frac=0.4856 real_p2_eps=0.0839 real_p2_hit=0.0000 real_total=0.2361 synth_eps=0.0034 synth_eps_raw=0.0034 synth_x0_hit=0.0000 synth_total=0.0034 extra_render_attn_share=0.5406
[step 11100] real_p1_mirror_hole_cov=0.0332 real_p1_eps=0.2221 real_p1_hole_frac=0.0888 real_p2_eps=0.2712 real_p2_hit=1.0000 real_p2_t=47.0000 real_p2_ldif=0.0129 real_p2_gen_adv=0.6957 real_p2_lfm=0.0005 real_total=0.5768 discr_adv=1.9541 x0_d_real=-0.5306 x0_d_fake=-0.6163 p2_d_real=-0.6897 p2_d_fake=-0.6957 g_grad_abs=1577.0101 d_grad_abs=262.6833 synth_eps=0.0403 synth_eps_raw=0.0403 synth_x0_hit=0.0000 synth_total=0.0403 extra_render_attn_share=0.5406
[step 11150] real_p1_mirror_hole_cov=0.1903 real_p1_eps=0.0463 real_p1_hole_frac=0.0141 real_p2_eps=0.0014 real_p2_hit=0.0000 real_total=0.0476 synth_eps=0.4889 synth_eps_raw=0.4889 synth_x0_hit=1.0000 synth_x0_t=49.0000 synth_x0_ldif=0.0243 synth_x0_gen_adv=0.8061 synth_x0_lfm=0.0040 synth_total=0.6018 extra_render_attn_share=0.5406
[step 11200] real_p1_mirror_hole_cov=0.0843 real_p1_eps=0.1775 real_p1_hole_frac=0.3343 real_p2_eps=0.4529 real_p2_hit=1.0000 real_p2_t=58.0000 real_p2_ldif=0.0274 real_p2_gen_adv=0.7412 real_p2_lfm=0.0033 real_total=0.7385 discr_adv=0.9803 p2_d_real=-0.7018 p2_d_fake=-0.7412 g_grad_abs=1594.5336 d_grad_abs=99.7976 synth_eps=0.0623 synth_eps_raw=0.0623 synth_x0_hit=0.0000 synth_total=0.0623 extra_render_attn_share=0.5406
[step 11250] real_p1_mirror_hole_cov=0.0322 real_p1_eps=0.1470 real_p1_hole_frac=0.2303 real_p2_eps=0.1563 real_p2_hit=1.0000 real_p2_t=263.0000 real_p2_ldif=0.0833 real_p2_gen_adv=0.3686 real_p2_lfm=0.0054 real_total=0.4343 discr_adv=1.9036 x0_d_real=-0.7598 x0_d_fake=-0.8628 p2_d_real=-0.2726 p2_d_fake=-0.3686 g_grad_abs=1533.2622 d_grad_abs=760.8295 synth_eps=0.2775 synth_eps_raw=0.2775 synth_x0_hit=1.0000 synth_x0_t=149.0000 synth_x0_ldif=0.0572 synth_x0_gen_adv=0.7602 synth_x0_lfm=0.0049 synth_total=0.4205 extra_render_attn_share=0.5406
[step 11300] real_p1_mirror_hole_cov=0.1030 real_p1_eps=0.1779 real_p1_hole_frac=0.3273 real_p2_eps=0.0011 real_p2_hit=0.0000 real_total=0.1790 synth_eps=0.2361 synth_eps_raw=0.2361 synth_x0_hit=1.0000 synth_x0_t=263.0000 synth_x0_ldif=0.1258 synth_x0_gen_adv=-0.1508 synth_x0_lfm=0.0090 synth_total=0.3648 extra_render_attn_share=0.5406
[step 11350] real_p1_mirror_hole_cov=0.1675 real_p1_eps=0.3374 real_p1_hole_frac=0.6130 real_p2_eps=0.0230 real_p2_hit=0.0000 real_total=0.3604 synth_eps=0.0256 synth_eps_raw=0.0256 synth_x0_hit=0.0000 synth_total=0.0256 extra_render_attn_share=0.5406
[step 11400] real_p1_mirror_hole_cov=0.2589 real_p1_eps=0.1144 real_p1_hole_frac=0.3128 real_p2_eps=0.3284 real_p2_hit=1.0000 real_p2_t=80.0000 real_p2_ldif=0.0292 real_p2_gen_adv=-0.2401 real_p2_lfm=0.0042 real_total=0.4565 discr_adv=0.9812 p2_d_real=0.2780 p2_d_fake=0.2401 g_grad_abs=1561.6919 d_grad_abs=239.2387 synth_eps=0.1247 synth_eps_raw=0.1247 synth_x0_hit=0.0000 synth_total=0.1247 extra_render_attn_share=0.5406
[step 11450] real_p1_mirror_hole_cov=0.1074 real_p1_eps=0.1715 real_p1_hole_frac=0.4615 real_p2_eps=0.0651 real_p2_hit=0.0000 real_total=0.2366 discr_adv=1.0296 x0_d_real=0.2365 x0_d_fake=0.2957 g_grad_abs=1130.6830 d_grad_abs=487.4771 synth_eps=0.0859 synth_eps_raw=0.0859 synth_x0_hit=0.0000 synth_total=0.0859 extra_render_attn_share=0.5406
[step 11500] real_p1_mirror_hole_cov=0.0004 real_p1_eps=0.0480 real_p1_hole_frac=0.1017 real_p2_eps=0.0014 real_p2_hit=0.0000 real_total=0.0493 discr_adv=0.9045 x0_d_real=0.1610 x0_d_fake=-0.0300 g_grad_abs=628.8912 d_grad_abs=2026.3378 synth_eps=0.2204 synth_eps_raw=0.2204 synth_x0_hit=1.0000 synth_x0_t=218.0000 synth_x0_ldif=0.0834 synth_x0_gen_adv=-0.1732 synth_x0_lfm=0.0059 synth_total=0.2983 extra_render_attn_share=0.5406
[images] real: anchor | cond1 | cond2 | inv_warp_mirror | mask | mask_inv | warp_img | warp_warp_img | x | y_hat | y_hat_novel -> /home/xzy/warpgan-diffusiong-inpainting/warpgan-diffusion-inpainting-main/experiments/train_inpainting_diffusion/[20260913-032728]_v18w6_w4_100k/logs/images/train/real_step0011500.png
[images] synth: cond | mask | target | warp_img | x | y_hat_novel -> /home/xzy/warpgan-diffusiong-inpainting/warpgan-diffusion-inpainting-main/experiments/train_inpainting_diffusion/[20260913-032728]_v18w6_w4_100k/logs/images/train/synth_step0011500.png
[step 11550] real_p1_mirror_hole_cov=0.1794 real_p1_eps=0.2379 real_p1_hole_frac=0.2236 real_p2_eps=0.0070 real_p2_hit=0.0000 real_total=0.2449 synth_eps=0.0291 synth_eps_raw=0.0291 synth_x0_hit=0.0000 synth_total=0.0291 extra_render_attn_share=0.5406
[step 11600] real_p1_mirror_hole_cov=0.3170 real_p1_eps=0.2307 real_p1_hole_frac=0.2814 real_p2_eps=0.1755 real_p2_hit=1.0000 real_p2_t=276.0000 real_p2_ldif=0.1027 real_p2_gen_adv=-0.3232 real_p2_lfm=0.0048 real_total=0.4863 discr_adv=1.1131 p2_d_real=0.0970 p2_d_fake=0.3232 g_grad_abs=1990.3808 d_grad_abs=1338.8622 synth_eps=0.0236 synth_eps_raw=0.0236 synth_x0_hit=0.0000 synth_total=0.0236 extra_render_attn_share=0.5406
[step 11650] real_p1_mirror_hole_cov=0.1806 real_p1_eps=0.2373 real_p1_hole_frac=0.5778 real_p2_eps=0.6084 real_p2_hit=1.0000 real_p2_t=35.0000 real_p2_ldif=0.0208 real_p2_gen_adv=-0.0060 real_p2_lfm=0.0024 real_total=0.8708 discr_adv=0.9460 p2_d_real=0.1140 p2_d_fake=0.0060 g_grad_abs=1388.2536 d_grad_abs=479.6030 synth_eps=0.0270 synth_eps_raw=0.0270 synth_x0_hit=0.0000 synth_total=0.0270 extra_render_attn_share=0.5406
[step 11700] real_p1_mirror_hole_cov=0.0735 real_p1_eps=0.1398 real_p1_hole_frac=0.1528 real_p2_eps=0.0064 real_p2_hit=0.0000 real_total=0.1462 synth_eps=0.0268 synth_eps_raw=0.0268 synth_x0_hit=0.0000 synth_total=0.0268 extra_render_attn_share=0.5406
[step 11750] real_p1_mirror_hole_cov=0.1473 real_p1_eps=0.0469 real_p1_hole_frac=0.0423 real_p2_eps=0.0105 real_p2_hit=0.0000 real_total=0.0575 synth_eps=0.0313 synth_eps_raw=0.0313 synth_x0_hit=0.0000 synth_total=0.0313 extra_render_attn_share=0.5406
[step 11800] real_p1_mirror_hole_cov=0.0693 real_p1_eps=0.1499 real_p1_hole_frac=0.3912 real_p2_eps=0.5639 real_p2_hit=1.0000 real_p2_t=17.0000 real_p2_ldif=0.0091 real_p2_gen_adv=-0.1517 real_p2_lfm=0.0005 real_total=0.7088 discr_adv=0.9842 p2_d_real=0.1833 p2_d_fake=0.1517 g_grad_abs=1467.2246 d_grad_abs=140.2015 synth_eps=0.0234 synth_eps_raw=0.0234 synth_x0_hit=0.0000 synth_total=0.0234 extra_render_attn_share=0.5406
[step 11850] real_p1_mirror_hole_cov=0.1276 real_p1_eps=0.5973 real_p1_hole_frac=0.4286 real_p2_eps=0.0208 real_p2_hit=0.0000 real_total=0.6181 discr_adv=0.9743 x0_d_real=-0.5298 x0_d_fake=-0.5812 g_grad_abs=1631.0424 d_grad_abs=190.1170 synth_eps=0.0248 synth_eps_raw=0.0248 synth_x0_hit=0.0000 synth_total=0.0248 extra_render_attn_share=0.5406
[step 11900] real_p1_mirror_hole_cov=0.1855 real_p1_eps=0.2110 real_p1_hole_frac=0.4688 real_p2_eps=0.0028 real_p2_hit=0.0000 real_total=0.2138 synth_eps=0.5979 synth_eps_raw=0.5979 synth_x0_hit=1.0000 synth_x0_t=20.0000 synth_x0_ldif=0.0114 synth_x0_gen_adv=0.5646 synth_x0_lfm=0.0011 synth_total=0.6681 extra_render_attn_share=0.5406
[step 11950] real_p1_mirror_hole_cov=0.0729 real_p1_eps=0.2725 real_p1_hole_frac=0.0665 real_p2_eps=0.0230 real_p2_hit=0.0000 real_total=0.2955 discr_adv=0.9686 x0_d_real=-0.4318 x0_d_fake=-0.4945 g_grad_abs=1411.9521 d_grad_abs=1527.8421 synth_eps=0.0048 synth_eps_raw=0.0048 synth_x0_hit=0.0000 synth_total=0.0048 extra_render_attn_share=0.5406
[val step 11999] val_novel_full=0.0312 val_novel_hole=0.0332 val_novel_visible=0.0303
[step 12000] real_p1_mirror_hole_cov=0.1581 real_p1_eps=0.2421 real_p1_hole_frac=0.4431 real_p2_eps=0.0387 real_p2_hit=0.0000 real_total=0.2808 synth_eps=0.0155 synth_eps_raw=0.0155 synth_x0_hit=0.0000 synth_total=0.0155 extra_render_attn_share=0.5466
[images] real: anchor | cond1 | cond2 | inv_warp_mirror | mask | mask_inv | warp_img | warp_warp_img | x | y_hat | y_hat_novel -> /home/xzy/warpgan-diffusiong-inpainting/warpgan-diffusion-inpainting-main/experiments/train_inpainting_diffusion/[20260913-032728]_v18w6_w4_100k/logs/images/train/real_step0012000.png
[images] synth: cond | mask | target | warp_img | x | y_hat_novel -> /home/xzy/warpgan-diffusiong-inpainting/warpgan-diffusion-inpainting-main/experiments/train_inpainting_diffusion/[20260913-032728]_v18w6_w4_100k/logs/images/train/synth_step0012000.png
[step 12050] real_p1_mirror_hole_cov=0.1944 real_p1_eps=0.1017 real_p1_hole_frac=0.0889 real_p2_eps=0.0599 real_p2_hit=1.0000 real_p2_t=299.0000 real_p2_ldif=0.0413 real_p2_gen_adv=-0.3338 real_p2_lfm=0.0056 real_total=0.1807 discr_adv=1.0128 p2_d_real=0.3081 p2_d_fake=0.3338 g_grad_abs=1878.2708 d_grad_abs=233.1271 synth_eps=0.4017 synth_eps_raw=0.4017 synth_x0_hit=1.0000 synth_x0_t=102.0000 synth_x0_ldif=0.0488 synth_x0_gen_adv=-0.3088 synth_x0_lfm=0.0043 synth_total=0.4281 extra_render_attn_share=0.5466
[step 12100] real_p1_mirror_hole_cov=0.1250 real_p1_eps=0.2006 real_p1_hole_frac=0.4299 real_p2_eps=0.0036 real_p2_hit=0.0000 real_total=0.2041 synth_eps=0.3023 synth_eps_raw=0.3023 synth_x0_hit=1.0000 synth_x0_t=154.0000 synth_x0_ldif=0.0654 synth_x0_gen_adv=0.5589 synth_x0_lfm=0.0061 synth_total=0.4359 extra_render_attn_share=0.5466
[step 12150] real_p1_mirror_hole_cov=0.0464 real_p1_eps=0.1134 real_p1_hole_frac=0.3609 real_p2_eps=0.1909 real_p2_hit=1.0000 real_p2_t=204.0000 real_p2_ldif=0.0645 real_p2_gen_adv=0.3321 real_p2_lfm=0.0043 real_total=0.4106 discr_adv=1.7844 x0_d_real=0.4059 x0_d_fake=0.2731 p2_d_real=-0.0336 p2_d_fake=-0.3321 g_grad_abs=1325.1531 d_grad_abs=2286.5487 synth_eps=0.3777 synth_eps_raw=0.3777 synth_x0_hit=1.0000 synth_x0_t=97.0000 synth_x0_ldif=0.0429 synth_x0_gen_adv=0.3246 synth_x0_lfm=0.0049 synth_total=0.4629 extra_render_attn_share=0.5466
[step 12200] real_p1_mirror_hole_cov=0.0958 real_p1_eps=0.5606 real_p1_hole_frac=0.3320 real_p2_eps=0.0181 real_p2_hit=0.0000 real_total=0.5787 discr_adv=1.0192 x0_d_real=0.8204 x0_d_fake=0.8587 g_grad_abs=1461.5093 d_grad_abs=469.1723 synth_eps=0.4805 synth_eps_raw=0.4805 synth_x0_hit=1.0000 synth_x0_t=69.0000 synth_x0_ldif=0.0359 synth_x0_gen_adv=-0.3818 synth_x0_lfm=0.0042 synth_total=0.4866 extra_render_attn_share=0.5466
[step 12250] real_p1_mirror_hole_cov=0.3986 real_p1_eps=0.1964 real_p1_hole_frac=0.2447 real_p2_eps=0.0936 real_p2_hit=0.0000 real_total=0.2901 discr_adv=1.2392 x0_d_real=0.2420 x0_d_fake=0.7204 g_grad_abs=1368.5934 d_grad_abs=2805.1758 synth_eps=0.2680 synth_eps_raw=0.2680 synth_x0_hit=1.0000 synth_x0_t=214.0000 synth_x0_ldif=0.0982 synth_x0_gen_adv=-0.8356 synth_x0_lfm=0.0046 synth_total=0.2919 extra_render_attn_share=0.5466
[step 12300] real_p1_mirror_hole_cov=0.0113 real_p1_eps=0.0493 real_p1_hole_frac=0.0188 real_p2_eps=0.0751 real_p2_hit=1.0000 real_p2_t=184.0000 real_p2_ldif=0.0214 real_p2_gen_adv=-0.1798 real_p2_lfm=0.0025 real_total=0.1328 discr_adv=2.0277 x0_d_real=-0.3295 x0_d_fake=-0.3494 p2_d_real=0.1052 p2_d_fake=0.1798 g_grad_abs=1414.4911 d_grad_abs=281.1071 synth_eps=0.0024 synth_eps_raw=0.0024 synth_x0_hit=0.0000 synth_total=0.0024 extra_render_attn_share=0.5466
[step 12350] real_p1_mirror_hole_cov=0.1797 real_p1_eps=0.1607 real_p1_hole_frac=0.3726 real_p2_eps=0.2023 real_p2_hit=1.0000 real_p2_t=240.0000 real_p2_ldif=0.0908 real_p2_gen_adv=-0.1214 real_p2_lfm=0.0050 real_total=0.4516 discr_adv=1.1134 p2_d_real=-0.1054 p2_d_fake=0.1214 g_grad_abs=1641.5142 d_grad_abs=1035.3985 synth_eps=0.0242 synth_eps_raw=0.0242 synth_x0_hit=0.0000 synth_total=0.0242 extra_render_attn_share=0.5466
[step 12400] real_p1_mirror_hole_cov=0.1317 real_p1_eps=0.6206 real_p1_hole_frac=0.3755 real_p2_eps=0.2428 real_p2_hit=1.0000 real_p2_t=124.0000 real_p2_ldif=0.0384 real_p2_gen_adv=0.3697 real_p2_lfm=0.0026 real_total=0.9439 discr_adv=1.9144 x0_d_real=-0.4744 x0_d_fake=-0.5666 p2_d_real=-0.2906 p2_d_fake=-0.3697 g_grad_abs=2117.6952 d_grad_abs=675.8342 synth_eps=0.0867 synth_eps_raw=0.0867 synth_x0_hit=0.0000 synth_total=0.0867 extra_render_attn_share=0.5466
[step 12450] real_p1_mirror_hole_cov=0.2461 real_p1_eps=0.1903 real_p1_hole_frac=0.3696 real_p2_eps=0.1154 real_p2_hit=0.0000 real_total=0.3057 synth_eps=0.0891 synth_eps_raw=0.0891 synth_x0_hit=0.0000 synth_total=0.0891 extra_render_attn_share=0.5466
[step 12500] real_p1_mirror_hole_cov=0.0250 real_p1_eps=0.1530 real_p1_hole_frac=0.0805 real_p2_eps=0.0013 real_p2_hit=0.0000 real_total=0.1543 synth_eps=0.0654 synth_eps_raw=0.0654 synth_x0_hit=0.0000 synth_total=0.0654 extra_render_attn_share=0.5466
[images] real: anchor | cond1 | cond2 | inv_warp_mirror | mask | mask_inv | warp_img | warp_warp_img | x | y_hat | y_hat_novel -> /home/xzy/warpgan-diffusiong-inpainting/warpgan-diffusion-inpainting-main/experiments/train_inpainting_diffusion/[20260913-032728]_v18w6_w4_100k/logs/images/train/real_step0012500.png
[images] synth: cond | mask | target | warp_img | x | y_hat_novel -> /home/xzy/warpgan-diffusiong-inpainting/warpgan-diffusion-inpainting-main/experiments/train_inpainting_diffusion/[20260913-032728]_v18w6_w4_100k/logs/images/train/synth_step0012500.png
[step 12550] real_p1_mirror_hole_cov=0.0429 real_p1_eps=0.2217 real_p1_hole_frac=0.0979 real_p2_eps=0.0021 real_p2_hit=0.0000 real_total=0.2239 discr_adv=0.9926 x0_d_real=-0.8833 x0_d_fake=-0.9320 g_grad_abs=986.6232 d_grad_abs=894.6681 synth_eps=0.0302 synth_eps_raw=0.0302 synth_x0_hit=0.0000 synth_total=0.0302 extra_render_attn_share=0.5466
[step 12600] real_p1_mirror_hole_cov=0.1734 real_p1_eps=0.2492 real_p1_hole_frac=0.5463 real_p2_eps=0.0017 real_p2_hit=0.0000 real_total=0.2509 synth_eps=0.0653 synth_eps_raw=0.0653 synth_x0_hit=0.0000 synth_total=0.0653 extra_render_attn_share=0.5466
[step 12650] real_p1_mirror_hole_cov=0.0753 real_p1_eps=0.2698 real_p1_hole_frac=0.5500 real_p2_eps=0.2429 real_p2_hit=1.0000 real_p2_t=211.0000 real_p2_ldif=0.0869 real_p2_gen_adv=-0.1764 real_p2_lfm=0.0069 real_total=0.5956 discr_adv=0.9067 p2_d_real=0.3630 p2_d_fake=0.1764 g_grad_abs=1645.5345 d_grad_abs=852.4589 synth_eps=0.0419 synth_eps_raw=0.0419 synth_x0_hit=0.0000 synth_total=0.0419 extra_render_attn_share=0.5466
[step 12700] real_p1_mirror_hole_cov=0.0196 real_p1_eps=0.2372 real_p1_hole_frac=0.1926 real_p2_eps=0.0012 real_p2_hit=0.0000 real_total=0.2384 synth_eps=0.0596 synth_eps_raw=0.0596 synth_x0_hit=0.0000 synth_total=0.0596 extra_render_attn_share=0.5466
[step 12750] real_p1_mirror_hole_cov=0.4494 real_p1_eps=0.1345 real_p1_hole_frac=0.2734 real_p2_eps=0.0788 real_p2_hit=0.0000 real_total=0.2132 discr_adv=0.9908 x0_d_real=-0.4445 x0_d_fake=-0.4628 g_grad_abs=1229.0455 d_grad_abs=133.3947 synth_eps=0.2077 synth_eps_raw=0.2077 synth_x0_hit=0.0000 synth_total=0.2077 extra_render_attn_share=0.5466
[step 12800] real_p1_mirror_hole_cov=0.0181 real_p1_eps=0.1160 real_p1_hole_frac=0.3890 real_p2_eps=0.0010 real_p2_hit=0.0000 real_total=0.1170 discr_adv=0.9230 x0_d_real=-0.0309 x0_d_fake=-0.1850 g_grad_abs=815.7939 d_grad_abs=564.1105 synth_eps=0.1544 synth_eps_raw=0.1544 synth_x0_hit=0.0000 synth_total=0.1544 extra_render_attn_share=0.5466
[step 12850] real_p1_mirror_hole_cov=0.1909 real_p1_eps=0.1199 real_p1_hole_frac=0.2896 real_p2_eps=0.0578 real_p2_hit=0.0000 real_total=0.1777 synth_eps=0.0603 synth_eps_raw=0.0603 synth_x0_hit=0.0000 synth_total=0.0603 extra_render_attn_share=0.5466
[step 12900] real_p1_mirror_hole_cov=0.1774 real_p1_eps=0.1354 real_p1_hole_frac=0.1852 real_p2_eps=0.0315 real_p2_hit=0.0000 real_total=0.1669 synth_eps=0.0989 synth_eps_raw=0.0989 synth_x0_hit=0.0000 synth_total=0.0989 extra_render_attn_share=0.5466
[step 12950] real_p1_mirror_hole_cov=0.0384 real_p1_eps=0.0838 real_p1_hole_frac=0.0919 real_p2_eps=0.0050 real_p2_hit=0.0000 real_total=0.0888 synth_eps=0.1462 synth_eps_raw=0.1462 synth_x0_hit=0.0000 synth_total=0.1462 extra_render_attn_share=0.5466
[step 13000] real_p1_mirror_hole_cov=0.0165 real_p1_eps=0.1639 real_p1_hole_frac=0.3965 real_p2_eps=0.0715 real_p2_hit=0.0000 real_total=0.2354 synth_eps=0.0019 synth_eps_raw=0.0019 synth_x0_hit=0.0000 synth_total=0.0019 extra_render_attn_share=0.5466
[images] real: anchor | cond1 | cond2 | inv_warp_mirror | mask | mask_inv | warp_img | warp_warp_img | x | y_hat | y_hat_novel -> /home/xzy/warpgan-diffusiong-inpainting/warpgan-diffusion-inpainting-main/experiments/train_inpainting_diffusion/[20260913-032728]_v18w6_w4_100k/logs/images/train/real_step0013000.png
[images] synth: cond | mask | target | warp_img | x | y_hat_novel -> /home/xzy/warpgan-diffusiong-inpainting/warpgan-diffusion-inpainting-main/experiments/train_inpainting_diffusion/[20260913-032728]_v18w6_w4_100k/logs/images/train/synth_step0013000.png
[step 13050] real_p1_mirror_hole_cov=0.0660 real_p1_eps=0.1378 real_p1_hole_frac=0.3606 real_p2_eps=0.4012 real_p2_hit=1.0000 real_p2_t=58.0000 real_p2_ldif=0.0242 real_p2_gen_adv=0.0808 real_p2_lfm=0.0013 real_total=0.5739 discr_adv=0.9771 p2_d_real=-0.0350 p2_d_fake=-0.0808 g_grad_abs=1583.6312 d_grad_abs=120.8925 synth_eps=0.0828 synth_eps_raw=0.0828 synth_x0_hit=0.0000 synth_total=0.0828 extra_render_attn_share=0.5466
[step 13100] real_p1_mirror_hole_cov=0.0662 real_p1_eps=0.1165 real_p1_hole_frac=0.3655 real_p2_eps=0.0049 real_p2_hit=0.0000 real_total=0.1214 synth_eps=0.0957 synth_eps_raw=0.0957 synth_x0_hit=0.0000 synth_total=0.0957 extra_render_attn_share=0.5466
[step 13150] real_p1_mirror_hole_cov=0.0191 real_p1_eps=0.2076 real_p1_hole_frac=0.3064 real_p2_eps=0.0348 real_p2_hit=0.0000 real_total=0.2424 synth_eps=0.1899 synth_eps_raw=0.1899 synth_x0_hit=1.0000 synth_x0_t=290.0000 synth_x0_ldif=0.1228 synth_x0_gen_adv=-0.1697 synth_x0_lfm=0.0080 synth_total=0.3116 extra_render_attn_share=0.5466
[step 13200] real_p1_mirror_hole_cov=0.0721 real_p1_eps=0.0759 real_p1_hole_frac=0.0462 real_p2_eps=0.1847 real_p2_hit=1.0000 real_p2_t=108.0000 real_p2_ldif=0.0242 real_p2_gen_adv=-0.0578 real_p2_lfm=0.0011 real_total=0.2812 discr_adv=1.9824 x0_d_real=0.0471 x0_d_fake=0.0185 p2_d_real=0.0644 p2_d_fake=0.0578 g_grad_abs=1335.3449 d_grad_abs=369.2025 synth_eps=0.0073 synth_eps_raw=0.0073 synth_x0_hit=0.0000 synth_total=0.0073 extra_render_attn_share=0.5466
[step 13250] real_p1_mirror_hole_cov=0.0594 real_p1_eps=0.4878 real_p1_hole_frac=0.1160 real_p2_eps=0.2213 real_p2_hit=1.0000 real_p2_t=74.0000 real_p2_ldif=0.0179 real_p2_gen_adv=-0.0600 real_p2_lfm=0.0029 real_total=0.7268 discr_adv=1.9762 x0_d_real=0.7560 x0_d_fake=0.7222 p2_d_real=0.0737 p2_d_fake=0.0600 g_grad_abs=2105.3870 d_grad_abs=605.3026 synth_eps=0.0156 synth_eps_raw=0.0156 synth_x0_hit=0.0000 synth_total=0.0156 extra_render_attn_share=0.5466
[step 13300] real_p1_mirror_hole_cov=0.1324 real_p1_eps=0.1779 real_p1_hole_frac=0.4654 real_p2_eps=0.1786 real_p2_hit=1.0000 real_p2_t=298.0000 real_p2_ldif=0.1222 real_p2_gen_adv=-0.3323 real_p2_lfm=0.0082 real_total=0.4617 discr_adv=0.9715 p2_d_real=0.3906 p2_d_fake=0.3323 g_grad_abs=2602.7897 d_grad_abs=419.3556 synth_eps=0.0135 synth_eps_raw=0.0135 synth_x0_hit=0.0000 synth_total=0.0135 extra_render_attn_share=0.5466
[step 13350] real_p1_mirror_hole_cov=0.2005 real_p1_eps=0.1530 real_p1_hole_frac=0.3726 real_p2_eps=0.3089 real_p2_hit=1.0000 real_p2_t=164.0000 real_p2_ldif=0.0735 real_p2_gen_adv=0.3470 real_p2_lfm=0.0041 real_total=0.5783 discr_adv=0.9787 p2_d_real=-0.3036 p2_d_fake=-0.3470 g_grad_abs=1569.5573 d_grad_abs=221.2834 synth_eps=0.1840 synth_eps_raw=0.1840 synth_x0_hit=1.0000 synth_x0_t=259.0000 synth_x0_ldif=0.0952 synth_x0_gen_adv=0.3438 synth_x0_lfm=0.0076 synth_total=0.3289 extra_render_attn_share=0.5466
[step 13400] real_p1_mirror_hole_cov=0.0130 real_p1_eps=0.0290 real_p1_hole_frac=0.0125 real_p2_eps=0.0252 real_p2_hit=0.0000 real_total=0.0541 synth_eps=0.5004 synth_eps_raw=0.5004 synth_x0_hit=1.0000 synth_x0_t=37.0000 synth_x0_ldif=0.0183 synth_x0_gen_adv=0.3033 synth_x0_lfm=0.0022 synth_total=0.5533 extra_render_attn_share=0.5466
[step 13450] real_p1_mirror_hole_cov=0.1784 real_p1_eps=0.2261 real_p1_hole_frac=0.4670 real_p2_eps=0.1323 real_p2_hit=1.0000 real_p2_t=278.0000 real_p2_ldif=0.0785 real_p2_gen_adv=0.1891 real_p2_lfm=0.0044 real_total=0.4646 discr_adv=0.9480 p2_d_real=-0.0844 p2_d_fake=-0.1891 g_grad_abs=1624.6911 d_grad_abs=572.3621 synth_eps=0.0425 synth_eps_raw=0.0425 synth_x0_hit=0.0000 synth_total=0.0425 extra_render_attn_share=0.5466
[step 13500] real_p1_mirror_hole_cov=0.2138 real_p1_eps=0.1141 real_p1_hole_frac=0.1240 real_p2_eps=0.0358 real_p2_hit=0.0000 real_total=0.1499 synth_eps=0.0112 synth_eps_raw=0.0112 synth_x0_hit=0.0000 synth_total=0.0112 extra_render_attn_share=0.5466
[images] real: anchor | cond1 | cond2 | inv_warp_mirror | mask | mask_inv | warp_img | warp_warp_img | x | y_hat | y_hat_novel -> /home/xzy/warpgan-diffusiong-inpainting/warpgan-diffusion-inpainting-main/experiments/train_inpainting_diffusion/[20260913-032728]_v18w6_w4_100k/logs/images/train/real_step0013500.png
[images] synth: cond | mask | target | warp_img | x | y_hat_novel -> /home/xzy/warpgan-diffusiong-inpainting/warpgan-diffusion-inpainting-main/experiments/train_inpainting_diffusion/[20260913-032728]_v18w6_w4_100k/logs/images/train/synth_step0013500.png
[step 13550] real_p1_mirror_hole_cov=0.0279 real_p1_eps=0.1958 real_p1_hole_frac=0.1624 real_p2_eps=0.0734 real_p2_hit=0.0000 real_total=0.2692 synth_eps=0.0214 synth_eps_raw=0.0214 synth_x0_hit=0.0000 synth_total=0.0214 extra_render_attn_share=0.5466
[step 13600] real_p1_mirror_hole_cov=0.1317 real_p1_eps=0.2898 real_p1_hole_frac=0.3887 real_p2_eps=0.0036 real_p2_hit=0.0000 real_total=0.2934 discr_adv=0.9650 x0_d_real=-0.0401 x0_d_fake=-0.1101 g_grad_abs=1110.8223 d_grad_abs=672.2487 synth_eps=0.0068 synth_eps_raw=0.0068 synth_x0_hit=0.0000 synth_total=0.0068 extra_render_attn_share=0.5466
[step 13650] real_p1_mirror_hole_cov=0.1540 real_p1_eps=0.1085 real_p1_hole_frac=0.3716 real_p2_eps=0.1049 real_p2_hit=0.0000 real_total=0.2134 discr_adv=0.9973 x0_d_real=-0.6917 x0_d_fake=-0.7114 g_grad_abs=1124.2387 d_grad_abs=1219.1780 synth_eps=0.3412 synth_eps_raw=0.3412 synth_x0_hit=1.0000 synth_x0_t=157.0000 synth_x0_ldif=0.0760 synth_x0_gen_adv=0.4760 synth_x0_lfm=0.0060 synth_total=0.4767 extra_render_attn_share=0.5466
[step 13700] real_p1_mirror_hole_cov=0.0337 real_p1_eps=0.1183 real_p1_hole_frac=0.1992 real_p2_eps=0.0581 real_p2_hit=0.0000 real_total=0.1765 discr_adv=0.9204 x0_d_real=-0.1235 x0_d_fake=-0.2828 g_grad_abs=821.5670 d_grad_abs=554.1705 synth_eps=0.0033 synth_eps_raw=0.0033 synth_x0_hit=0.0000 synth_total=0.0033 extra_render_attn_share=0.5466
[step 13750] real_p1_mirror_hole_cov=0.0736 real_p1_eps=0.3198 real_p1_hole_frac=0.5399 real_p2_eps=0.0146 real_p2_hit=0.0000 real_total=0.3344 synth_eps=0.0260 synth_eps_raw=0.0260 synth_x0_hit=0.0000 synth_total=0.0260 extra_render_attn_share=0.5466
[step 13800] real_p1_mirror_hole_cov=0.1518 real_p1_eps=0.1821 real_p1_hole_frac=0.3573 real_p2_eps=0.0016 real_p2_hit=0.0000 real_total=0.1837 synth_eps=0.0049 synth_eps_raw=0.0049 synth_x0_hit=0.0000 synth_total=0.0049 extra_render_attn_share=0.5466
[step 13850] real_p1_mirror_hole_cov=0.0485 real_p1_eps=0.0781 real_p1_hole_frac=0.0785 real_p2_eps=0.0039 real_p2_hit=0.0000 real_total=0.0820 synth_eps=0.1131 synth_eps_raw=0.1131 synth_x0_hit=0.0000 synth_total=0.1131 extra_render_attn_share=0.5466
[step 13900] real_p1_mirror_hole_cov=0.2135 real_p1_eps=0.1676 real_p1_hole_frac=0.2270 real_p2_eps=0.2008 real_p2_hit=1.0000 real_p2_t=123.0000 real_p2_ldif=0.0316 real_p2_gen_adv=-0.2877 real_p2_lfm=0.0047 real_total=0.3805 discr_adv=1.0398 p2_d_real=0.2081 p2_d_fake=0.2877 g_grad_abs=1498.8923 d_grad_abs=428.9517 synth_eps=0.0099 synth_eps_raw=0.0099 synth_x0_hit=0.0000 synth_total=0.0099 extra_render_attn_share=0.5466
[step 13950] real_p1_mirror_hole_cov=0.1077 real_p1_eps=0.2290 real_p1_hole_frac=0.4009 real_p2_eps=0.0300 real_p2_hit=0.0000 real_total=0.2590 discr_adv=0.9815 x0_d_real=-0.0385 x0_d_fake=-0.1252 g_grad_abs=1090.1741 d_grad_abs=1471.0814 synth_eps=0.0818 synth_eps_raw=0.0818 synth_x0_hit=0.0000 synth_total=0.0818 extra_render_attn_share=0.5466
[val step 13999] val_novel_full=0.0307 val_novel_hole=0.0334 val_novel_visible=0.0295
[step 14000] real_p1_mirror_hole_cov=0.0285 real_p1_eps=0.2635 real_p1_hole_frac=0.1555 real_p2_eps=0.1365 real_p2_hit=0.0000 real_total=0.4000 discr_adv=0.9015 x0_d_real=0.5983 x0_d_fake=0.4013 g_grad_abs=1358.2788 d_grad_abs=1172.2972 synth_eps=0.0735 synth_eps_raw=0.0735 synth_x0_hit=0.0000 synth_total=0.0735 extra_render_attn_share=0.5510
[images] real: anchor | cond1 | cond2 | inv_warp_mirror | mask | mask_inv | warp_img | warp_warp_img | x | y_hat | y_hat_novel -> /home/xzy/warpgan-diffusiong-inpainting/warpgan-diffusion-inpainting-main/experiments/train_inpainting_diffusion/[20260913-032728]_v18w6_w4_100k/logs/images/train/real_step0014000.png
[images] synth: cond | mask | target | warp_img | x | y_hat_novel -> /home/xzy/warpgan-diffusiong-inpainting/warpgan-diffusion-inpainting-main/experiments/train_inpainting_diffusion/[20260913-032728]_v18w6_w4_100k/logs/images/train/synth_step0014000.png
[step 14050] real_p1_mirror_hole_cov=0.0435 real_p1_eps=0.0497 real_p1_hole_frac=0.0714 real_p2_eps=0.0157 real_p2_hit=0.0000 real_total=0.0654 synth_eps=0.7979 synth_eps_raw=0.7979 synth_x0_hit=1.0000 synth_x0_t=14.0000 synth_x0_ldif=0.0106 synth_x0_gen_adv=-0.1764 synth_x0_lfm=0.0010 synth_total=0.7930 extra_render_attn_share=0.5510
[step 14100] real_p1_mirror_hole_cov=0.2273 real_p1_eps=0.4622 real_p1_hole_frac=0.3728 real_p2_eps=0.2784 real_p2_hit=1.0000 real_p2_t=187.0000 real_p2_ldif=0.0815 real_p2_gen_adv=0.0151 real_p2_lfm=0.0054 real_total=0.8343 discr_adv=0.9279 p2_d_real=0.1290 p2_d_fake=-0.0151 g_grad_abs=1851.9791 d_grad_abs=783.1068 synth_eps=0.2146 synth_eps_raw=0.2146 synth_x0_hit=1.0000 synth_x0_t=246.0000 synth_x0_ldif=0.1008 synth_x0_gen_adv=0.4209 synth_x0_lfm=0.0071 synth_total=0.3717 extra_render_attn_share=0.5510
[step 14150] real_p1_mirror_hole_cov=0.2728 real_p1_eps=0.1408 real_p1_hole_frac=0.2736 real_p2_eps=0.0060 real_p2_hit=0.0000 real_total=0.1467 synth_eps=0.4194 synth_eps_raw=0.4194 synth_x0_hit=1.0000 synth_x0_t=108.0000 synth_x0_ldif=0.0549 synth_x0_gen_adv=0.7229 synth_x0_lfm=0.0048 synth_total=0.5562 extra_render_attn_share=0.5510
[step 14200] real_p1_mirror_hole_cov=0.0439 real_p1_eps=0.2105 real_p1_hole_frac=0.3282 real_p2_eps=0.1089 real_p2_hit=0.0000 real_total=0.3194 discr_adv=1.0211 x0_d_real=0.5042 x0_d_fake=0.5435 g_grad_abs=1526.3533 d_grad_abs=1275.9491 synth_eps=0.0038 synth_eps_raw=0.0038 synth_x0_hit=0.0000 synth_total=0.0038 extra_render_attn_share=0.5510
[step 14250] real_p1_mirror_hole_cov=0.2816 real_p1_eps=0.2445 real_p1_hole_frac=0.4321 real_p2_eps=0.0023 real_p2_hit=0.0000 real_total=0.2467 synth_eps=0.0341 synth_eps_raw=0.0341 synth_x0_hit=0.0000 synth_total=0.0341 extra_render_attn_share=0.5510
[step 14300] real_p1_mirror_hole_cov=0.0048 real_p1_eps=0.2171 real_p1_hole_frac=0.2418 real_p2_eps=0.1357 real_p2_hit=1.0000 real_p2_t=287.0000 real_p2_ldif=0.0859 real_p2_gen_adv=-0.1414 real_p2_lfm=0.0059 real_total=0.4362 discr_adv=1.1877 p2_d_real=-0.2340 p2_d_fake=0.1414 g_grad_abs=2418.9782 d_grad_abs=2438.4161 synth_eps=0.4140 synth_eps_raw=0.4140 synth_x0_hit=1.0000 synth_x0_t=79.0000 synth_x0_ldif=0.0363 synth_x0_gen_adv=0.5324 synth_x0_lfm=0.0041 synth_total=0.5116 extra_render_attn_share=0.5510
[step 14350] real_p1_mirror_hole_cov=0.0994 real_p1_eps=0.1050 real_p1_hole_frac=0.2114 real_p2_eps=0.0084 real_p2_hit=0.0000 real_total=0.1134 discr_adv=0.9847 x0_d_real=0.5178 x0_d_fake=0.4871 g_grad_abs=727.8991 d_grad_abs=244.8793 synth_eps=0.0376 synth_eps_raw=0.0376 synth_x0_hit=0.0000 synth_total=0.0376 extra_render_attn_share=0.5510
[step 14400] real_p1_mirror_hole_cov=0.0267 real_p1_eps=0.2549 real_p1_hole_frac=0.5098 real_p2_eps=0.2286 real_p2_hit=1.0000 real_p2_t=239.0000 real_p2_ldif=0.1019 real_p2_gen_adv=0.2267 real_p2_lfm=0.0052 real_total=0.6185 discr_adv=1.4103 x0_d_real=1.1259 x0_d_fake=-0.0973 p2_d_real=-0.0433 p2_d_fake=-0.2267 g_grad_abs=1744.0263 d_grad_abs=2019.7070 synth_eps=0.0020 synth_eps_raw=0.0020 synth_x0_hit=0.0000 synth_total=0.0020 extra_render_attn_share=0.5510
[step 14450] real_p1_mirror_hole_cov=0.2213 real_p1_eps=0.5278 real_p1_hole_frac=0.3666 real_p2_eps=0.0072 real_p2_hit=0.0000 real_total=0.5351 synth_eps=0.0127 synth_eps_raw=0.0127 synth_x0_hit=0.0000 synth_total=0.0127 extra_render_attn_share=0.5510
[step 14500] real_p1_mirror_hole_cov=0.0023 real_p1_eps=0.0351 real_p1_hole_frac=0.0262 real_p2_eps=0.0021 real_p2_hit=0.0000 real_total=0.0372 synth_eps=0.3422 synth_eps_raw=0.3422 synth_x0_hit=1.0000 synth_x0_t=123.0000 synth_x0_ldif=0.0535 synth_x0_gen_adv=0.7705 synth_x0_lfm=0.0049 synth_total=0.4826 extra_render_attn_share=0.5510
[images] real: anchor | cond1 | cond2 | inv_warp_mirror | mask | mask_inv | warp_img | warp_warp_img | x | y_hat | y_hat_novel -> /home/xzy/warpgan-diffusiong-inpainting/warpgan-diffusion-inpainting-main/experiments/train_inpainting_diffusion/[20260913-032728]_v18w6_w4_100k/logs/images/train/real_step0014500.png
[images] synth: cond | mask | target | warp_img | x | y_hat_novel -> /home/xzy/warpgan-diffusiong-inpainting/warpgan-diffusion-inpainting-main/experiments/train_inpainting_diffusion/[20260913-032728]_v18w6_w4_100k/logs/images/train/synth_step0014500.png
[step 14550] real_p1_mirror_hole_cov=0.0210 real_p1_eps=0.1865 real_p1_hole_frac=0.4825 real_p2_eps=0.0854 real_p2_hit=0.0000 real_total=0.2719 synth_eps=0.9455 synth_eps_raw=0.9455 synth_x0_hit=1.0000 synth_x0_t=1.0000 synth_x0_ldif=0.0016 synth_x0_gen_adv=0.6935 synth_x0_lfm=0.0003 synth_total=1.0170 extra_render_attn_share=0.5510
[step 14600] real_p1_mirror_hole_cov=0.2270 real_p1_eps=0.2108 real_p1_hole_frac=0.3818 real_p2_eps=0.0060 real_p2_hit=0.0000 real_total=0.2168 discr_adv=1.0006 x0_d_real=-0.7985 x0_d_fake=-0.8220 g_grad_abs=1077.7134 d_grad_abs=1136.7825 synth_eps=0.0803 synth_eps_raw=0.0803 synth_x0_hit=0.0000 synth_total=0.0803 extra_render_attn_share=0.5510
[step 14650] real_p1_mirror_hole_cov=0.0329 real_p1_eps=0.2905 real_p1_hole_frac=0.2640 real_p2_eps=0.2845 real_p2_hit=1.0000 real_p2_t=177.0000 real_p2_ldif=0.0762 real_p2_gen_adv=-0.6176 real_p2_lfm=0.0068 real_total=0.6030 discr_adv=1.0100 p2_d_real=0.6033 p2_d_fake=0.6176 g_grad_abs=2267.8795 d_grad_abs=189.4820 synth_eps=0.0739 synth_eps_raw=0.0739 synth_x0_hit=0.0000 synth_total=0.0739 extra_render_attn_share=0.5510
[step 14700] real_p1_mirror_hole_cov=0.0077 real_p1_eps=0.0694 real_p1_hole_frac=0.0437 real_p2_eps=0.0023 real_p2_hit=0.0000 real_total=0.0717 synth_eps=0.0052 synth_eps_raw=0.0052 synth_x0_hit=0.0000 synth_total=0.0052 extra_render_attn_share=0.5510
[step 14750] real_p1_mirror_hole_cov=0.0043 real_p1_eps=0.2038 real_p1_hole_frac=0.2092 real_p2_eps=0.0766 real_p2_hit=0.0000 real_total=0.2804 discr_adv=0.9871 x0_d_real=0.7036 x0_d_fake=0.6776 g_grad_abs=1156.1070 d_grad_abs=175.3670 synth_eps=0.0018 synth_eps_raw=0.0018 synth_x0_hit=0.0000 synth_total=0.0018 extra_render_attn_share=0.5510
[step 14800] real_p1_mirror_hole_cov=0.0687 real_p1_eps=0.1212 real_p1_hole_frac=0.1741 real_p2_eps=0.1468 real_p2_hit=1.0000 real_p2_t=185.0000 real_p2_ldif=0.0422 real_p2_gen_adv=-0.2865 real_p2_lfm=0.0043 real_total=0.2901 discr_adv=2.0780 x0_d_real=0.9834 x0_d_fake=0.9547 p2_d_real=0.1300 p2_d_fake=0.2865 g_grad_abs=1746.2234 d_grad_abs=1408.4887 synth_eps=0.0054 synth_eps_raw=0.0054 synth_x0_hit=0.0000 synth_total=0.0054 extra_render_attn_share=0.5510
[step 14850] real_p1_mirror_hole_cov=0.0433 real_p1_eps=0.1877 real_p1_hole_frac=0.3830 real_p2_eps=0.0033 real_p2_hit=0.0000 real_total=0.1910 synth_eps=0.0034 synth_eps_raw=0.0034 synth_x0_hit=0.0000 synth_total=0.0034 extra_render_attn_share=0.5510
[step 14900] real_p1_mirror_hole_cov=0.0148 real_p1_eps=0.2219 real_p1_hole_frac=0.2442 real_p2_eps=0.0016 real_p2_hit=0.0000 real_total=0.2236 synth_eps=0.0428 synth_eps_raw=0.0428 synth_x0_hit=0.0000 synth_total=0.0428 extra_render_attn_share=0.5510
[step 14950] real_p1_mirror_hole_cov=0.0998 real_p1_eps=0.0985 real_p1_hole_frac=0.2373 real_p2_eps=0.0367 real_p2_hit=0.0000 real_total=0.1352 discr_adv=0.9602 x0_d_real=-0.6846 x0_d_fake=-0.7643 g_grad_abs=943.7829 d_grad_abs=325.0647 synth_eps=0.0506 synth_eps_raw=0.0506 synth_x0_hit=0.0000 synth_total=0.0506 extra_render_attn_share=0.5510
[step 15000] real_p1_mirror_hole_cov=0.0064 real_p1_eps=0.1053 real_p1_hole_frac=0.1176 real_p2_eps=0.0152 real_p2_hit=0.0000 real_total=0.1205 synth_eps=0.3815 synth_eps_raw=0.3815 synth_x0_hit=1.0000 synth_x0_t=130.0000 synth_x0_ldif=0.0645 synth_x0_gen_adv=-0.8656 synth_x0_lfm=0.0048 synth_total=0.3690 extra_render_attn_share=0.5510
[images] real: anchor | cond1 | cond2 | inv_warp_mirror | mask | mask_inv | warp_img | warp_warp_img | x | y_hat | y_hat_novel -> /home/xzy/warpgan-diffusiong-inpainting/warpgan-diffusion-inpainting-main/experiments/train_inpainting_diffusion/[20260913-032728]_v18w6_w4_100k/logs/images/train/real_step0015000.png
[images] synth: cond | mask | target | warp_img | x | y_hat_novel -> /home/xzy/warpgan-diffusiong-inpainting/warpgan-diffusion-inpainting-main/experiments/train_inpainting_diffusion/[20260913-032728]_v18w6_w4_100k/logs/images/train/synth_step0015000.png
[step 15050] real_p1_mirror_hole_cov=0.1206 real_p1_eps=0.0939 real_p1_hole_frac=0.2164 real_p2_eps=0.2177 real_p2_hit=1.0000 real_p2_t=139.0000 real_p2_ldif=0.0405 real_p2_gen_adv=-0.7738 real_p2_lfm=0.0047 real_total=0.2842 discr_adv=1.8440 x0_d_real=0.8350 x0_d_fake=0.5720 p2_d_real=0.8357 p2_d_fake=0.7738 g_grad_abs=1417.1305 d_grad_abs=3150.5085 synth_eps=0.0218 synth_eps_raw=0.0218 synth_x0_hit=0.0000 synth_total=0.0218 extra_render_attn_share=0.5510
[step 15100] real_p1_mirror_hole_cov=0.1522 real_p1_eps=0.1128 real_p1_hole_frac=0.4057 real_p2_eps=0.0720 real_p2_hit=0.0000 real_total=0.1848 synth_eps=0.8714 synth_eps_raw=0.8714 synth_x0_hit=1.0000 synth_x0_t=2.0000 synth_x0_ldif=0.0022 synth_x0_gen_adv=0.3816 synth_x0_lfm=0.0003 synth_total=0.9124 extra_render_attn_share=0.5510
[step 15150] real_p1_mirror_hole_cov=0.1766 real_p1_eps=0.1246 real_p1_hole_frac=0.6471 real_p2_eps=0.0891 real_p2_hit=0.0000 real_total=0.2138 synth_eps=0.0428 synth_eps_raw=0.0428 synth_x0_hit=0.0000 synth_total=0.0428 extra_render_attn_share=0.5510
[step 15200] real_p1_mirror_hole_cov=0.0976 real_p1_eps=0.1550 real_p1_hole_frac=0.2444 real_p2_eps=0.3126 real_p2_hit=1.0000 real_p2_t=128.0000 real_p2_ldif=0.0517 real_p2_gen_adv=-0.3394 real_p2_lfm=0.0035 real_total=0.4923 discr_adv=0.9987 p2_d_real=0.3419 p2_d_fake=0.3394 g_grad_abs=1653.5505 d_grad_abs=151.9106 synth_eps=0.1402 synth_eps_raw=0.1402 synth_x0_hit=0.0000 synth_total=0.1402 extra_render_attn_share=0.5510
[step 15250] real_p1_mirror_hole_cov=0.2708 real_p1_eps=0.5924 real_p1_hole_frac=0.3171 real_p2_eps=0.1754 real_p2_hit=1.0000 real_p2_t=280.0000 real_p2_ldif=0.1057 real_p2_gen_adv=0.0901 real_p2_lfm=0.0055 real_total=0.8935 discr_adv=1.9743 x0_d_real=-0.6044 x0_d_fake=-0.7593 p2_d_real=-0.1920 p2_d_fake=-0.0901 g_grad_abs=2150.9673 d_grad_abs=1381.3442 synth_eps=0.0018 synth_eps_raw=0.0018 synth_x0_hit=0.0000 synth_total=0.0018 extra_render_attn_share=0.5510
[step 15300] real_p1_mirror_hole_cov=0.0037 real_p1_eps=0.0479 real_p1_hole_frac=0.0314 real_p2_eps=0.0303 real_p2_hit=0.0000 real_total=0.0782 synth_eps=0.0787 synth_eps_raw=0.0787 synth_x0_hit=0.0000 synth_total=0.0787 extra_render_attn_share=0.5510
[step 15350] real_p1_mirror_hole_cov=0.1333 real_p1_eps=0.1994 real_p1_hole_frac=0.3922 real_p2_eps=0.0741 real_p2_hit=0.0000 real_total=0.2736 synth_eps=0.0017 synth_eps_raw=0.0017 synth_x0_hit=0.0000 synth_total=0.0017 extra_render_attn_share=0.5510
[step 15400] real_p1_mirror_hole_cov=0.2131 real_p1_eps=0.2421 real_p1_hole_frac=0.3849 real_p2_eps=0.2502 real_p2_hit=1.0000 real_p2_t=209.0000 real_p2_ldif=0.0881 real_p2_gen_adv=0.5771 real_p2_lfm=0.0050 real_total=0.6482 discr_adv=0.8389 p2_d_real=-0.2545 p2_d_fake=-0.5771 g_grad_abs=2076.3343 d_grad_abs=2526.1641 synth_eps=0.0082 synth_eps_raw=0.0082 synth_x0_hit=0.0000 synth_total=0.0082 extra_render_attn_share=0.5510
[step 15450] real_p1_mirror_hole_cov=0.0126 real_p1_eps=0.1447 real_p1_hole_frac=0.2614 real_p2_eps=0.2948 real_p2_hit=1.0000 real_p2_t=132.0000 real_p2_ldif=0.0509 real_p2_gen_adv=-0.4225 real_p2_lfm=0.0039 real_total=0.4561 discr_adv=1.0011 p2_d_real=0.4213 p2_d_fake=0.4225 g_grad_abs=1779.0448 d_grad_abs=46.9761 synth_eps=0.0592 synth_eps_raw=0.0592 synth_x0_hit=0.0000 synth_total=0.0592 extra_render_attn_share=0.5510
[step 15500] real_p1_mirror_hole_cov=0.1268 real_p1_eps=0.1773 real_p1_hole_frac=0.1669 real_p2_eps=0.0020 real_p2_hit=0.0000 real_total=0.1793 synth_eps=0.0079 synth_eps_raw=0.0079 synth_x0_hit=0.0000 synth_total=0.0079 extra_render_attn_share=0.5510
[images] real: anchor | cond1 | cond2 | inv_warp_mirror | mask | mask_inv | warp_img | warp_warp_img | x | y_hat | y_hat_novel -> /home/xzy/warpgan-diffusiong-inpainting/warpgan-diffusion-inpainting-main/experiments/train_inpainting_diffusion/[20260913-032728]_v18w6_w4_100k/logs/images/train/real_step0015500.png
[images] synth: cond | mask | target | warp_img | x | y_hat_novel -> /home/xzy/warpgan-diffusiong-inpainting/warpgan-diffusion-inpainting-main/experiments/train_inpainting_diffusion/[20260913-032728]_v18w6_w4_100k/logs/images/train/synth_step0015500.png
[step 15550] real_p1_mirror_hole_cov=0.0212 real_p1_eps=0.1290 real_p1_hole_frac=0.0281 real_p2_eps=0.0025 real_p2_hit=0.0000 real_total=0.1315 synth_eps=0.0026 synth_eps_raw=0.0026 synth_x0_hit=0.0000 synth_total=0.0026 extra_render_attn_share=0.5510
[step 15600] real_p1_mirror_hole_cov=0.1654 real_p1_eps=0.1165 real_p1_hole_frac=0.1258 real_p2_eps=0.1481 real_p2_hit=1.0000 real_p2_t=141.0000 real_p2_ldif=0.0281 real_p2_gen_adv=-0.3910 real_p2_lfm=0.0026 real_total=0.2587 discr_adv=1.9398 x0_d_real=0.2410 x0_d_fake=0.1422 p2_d_real=0.4140 p2_d_fake=0.3910 g_grad_abs=1147.9666 d_grad_abs=1056.9954 synth_eps=0.0061 synth_eps_raw=0.0061 synth_x0_hit=0.0000 synth_total=0.0061 extra_render_attn_share=0.5510
[step 15650] real_p1_mirror_hole_cov=0.0797 real_p1_eps=0.1155 real_p1_hole_frac=0.1679 real_p2_eps=0.1313 real_p2_hit=1.0000 real_p2_t=271.0000 real_p2_ldif=0.0742 real_p2_gen_adv=-0.6054 real_p2_lfm=0.0054 real_total=0.2713 discr_adv=2.0784 x0_d_real=-0.1589 x0_d_fake=-0.1099 p2_d_real=0.5247 p2_d_fake=0.6054 g_grad_abs=1508.1276 d_grad_abs=1292.1799 synth_eps=0.0617 synth_eps_raw=0.0617 synth_x0_hit=0.0000 synth_total=0.0617 extra_render_attn_share=0.5510
[step 15700] real_p1_mirror_hole_cov=0.0330 real_p1_eps=0.1111 real_p1_hole_frac=0.3994 real_p2_eps=0.1283 real_p2_hit=0.0000 real_total=0.2394 synth_eps=0.0079 synth_eps_raw=0.0079 synth_x0_hit=0.0000 synth_total=0.0079 extra_render_attn_share=0.5510
[step 15750] real_p1_mirror_hole_cov=0.0239 real_p1_eps=0.1775 real_p1_hole_frac=0.2067 real_p2_eps=0.0665 real_p2_hit=0.0000 real_total=0.2440 synth_eps=0.0371 synth_eps_raw=0.0371 synth_x0_hit=0.0000 synth_total=0.0371 extra_render_attn_share=0.5510
[step 15800] real_p1_mirror_hole_cov=0.1749 real_p1_eps=0.2608 real_p1_hole_frac=0.2911 real_p2_eps=0.0672 real_p2_hit=0.0000 real_total=0.3280 synth_eps=0.2131 synth_eps_raw=0.2131 synth_x0_hit=0.0000 synth_total=0.2131 extra_render_attn_share=0.5510
[step 15850] real_p1_mirror_hole_cov=0.0892 real_p1_eps=0.3006 real_p1_hole_frac=0.5533 real_p2_eps=0.1411 real_p2_hit=1.0000 real_p2_t=266.0000 real_p2_ldif=0.0768 real_p2_gen_adv=-0.0717 real_p2_lfm=0.0010 real_total=0.5135 discr_adv=0.9837 p2_d_real=0.1042 p2_d_fake=0.0717 g_grad_abs=2078.0740 d_grad_abs=340.6407 synth_eps=0.2600 synth_eps_raw=0.2600 synth_x0_hit=1.0000 synth_x0_t=226.0000 synth_x0_ldif=0.1048 synth_x0_gen_adv=-0.0716 synth_x0_lfm=0.0059 synth_total=0.3695 extra_render_attn_share=0.5510
[step 15900] real_p1_mirror_hole_cov=0.2277 real_p1_eps=0.1897 real_p1_hole_frac=0.5052 real_p2_eps=0.0626 real_p2_hit=0.0000 real_total=0.2523 synth_eps=0.0178 synth_eps_raw=0.0178 synth_x0_hit=0.0000 synth_total=0.0178 extra_render_attn_share=0.5510
[step 15950] real_p1_mirror_hole_cov=0.0164 real_p1_eps=0.1547 real_p1_hole_frac=0.3882 real_p2_eps=0.0167 real_p2_hit=0.0000 real_total=0.1714 synth_eps=0.0381 synth_eps_raw=0.0381 synth_x0_hit=0.0000 synth_total=0.0381 extra_render_attn_share=0.5510
[val step 15999] val_novel_full=0.0346 val_novel_hole=0.0263 val_novel_visible=0.0415
[step 16000] real_p1_mirror_hole_cov=0.0333 real_p1_eps=0.3732 real_p1_hole_frac=0.1570 real_p2_eps=0.0117 real_p2_hit=0.0000 real_total=0.3849 synth_eps=0.0019 synth_eps_raw=0.0019 synth_x0_hit=0.0000 synth_total=0.0019 extra_render_attn_share=0.5585
[images] real: anchor | cond1 | cond2 | inv_warp_mirror | mask | mask_inv | warp_img | warp_warp_img | x | y_hat | y_hat_novel -> /home/xzy/warpgan-diffusiong-inpainting/warpgan-diffusion-inpainting-main/experiments/train_inpainting_diffusion/[20260913-032728]_v18w6_w4_100k/logs/images/train/real_step0016000.png
[images] synth: cond | mask | target | warp_img | x | y_hat_novel -> /home/xzy/warpgan-diffusiong-inpainting/warpgan-diffusion-inpainting-main/experiments/train_inpainting_diffusion/[20260913-032728]_v18w6_w4_100k/logs/images/train/synth_step0016000.png
[step 16050] real_p1_mirror_hole_cov=0.2437 real_p1_eps=0.0739 real_p1_hole_frac=0.0228 real_p2_eps=0.0218 real_p2_hit=0.0000 real_total=0.0956 synth_eps=0.1268 synth_eps_raw=0.1268 synth_x0_hit=0.0000 synth_total=0.1268 extra_render_attn_share=0.5585
[step 16100] real_p1_mirror_hole_cov=0.1755 real_p1_eps=0.1371 real_p1_hole_frac=0.5509 real_p2_eps=0.0305 real_p2_hit=0.0000 real_total=0.1676 synth_eps=0.1307 synth_eps_raw=0.1307 synth_x0_hit=0.0000 synth_total=0.1307 extra_render_attn_share=0.5585
[step 16150] real_p1_mirror_hole_cov=0.2377 real_p1_eps=0.6545 real_p1_hole_frac=0.5756 real_p2_eps=0.0167 real_p2_hit=0.0000 real_total=0.6712 synth_eps=0.0145 synth_eps_raw=0.0145 synth_x0_hit=0.0000 synth_total=0.0145 extra_render_attn_share=0.5585
[step 16200] real_p1_mirror_hole_cov=0.3106 real_p1_eps=0.6959 real_p1_hole_frac=0.2612 real_p2_eps=0.1878 real_p2_hit=1.0000 real_p2_t=186.0000 real_p2_ldif=0.0546 real_p2_gen_adv=0.3406 real_p2_lfm=0.0041 real_total=0.9807 discr_adv=0.9846 p2_d_real=-0.3096 p2_d_fake=-0.3406 g_grad_abs=2713.9934 d_grad_abs=358.8852 synth_eps=0.4877 synth_eps_raw=0.4877 synth_x0_hit=1.0000 synth_x0_t=44.0000 synth_x0_ldif=0.0215 synth_x0_gen_adv=0.3127 synth_x0_lfm=0.0028 synth_total=0.5460 extra_render_attn_share=0.5585
[step 16250] real_p1_mirror_hole_cov=0.2366 real_p1_eps=0.1564 real_p1_hole_frac=0.4553 real_p2_eps=0.0341 real_p2_hit=0.0000 real_total=0.1905 synth_eps=0.4675 synth_eps_raw=0.4675 synth_x0_hit=1.0000 synth_x0_t=54.0000 synth_x0_ldif=0.0260 synth_x0_gen_adv=0.0943 synth_x0_lfm=0.0030 synth_total=0.5090 extra_render_attn_share=0.5585
[step 16300] real_p1_mirror_hole_cov=0.0106 real_p1_eps=0.2034 real_p1_hole_frac=0.1486 real_p2_eps=0.0014 real_p2_hit=0.0000 real_total=0.2048 discr_adv=1.0077 x0_d_real=0.7452 x0_d_fake=0.7593 g_grad_abs=1158.8637 d_grad_abs=235.3918 synth_eps=0.2812 synth_eps_raw=0.2812 synth_x0_hit=1.0000 synth_x0_t=147.0000 synth_x0_ldif=0.0568 synth_x0_gen_adv=0.1575 synth_x0_lfm=0.0038 synth_total=0.3613 extra_render_attn_share=0.5585
[step 16350] real_p1_mirror_hole_cov=0.1588 real_p1_eps=0.4572 real_p1_hole_frac=0.0938 real_p2_eps=0.0328 real_p2_hit=0.0000 real_total=0.4900 synth_eps=0.2992 synth_eps_raw=0.2992 synth_x0_hit=1.0000 synth_x0_t=131.0000 synth_x0_ldif=0.0511 synth_x0_gen_adv=-0.2472 synth_x0_lfm=0.0047 synth_total=0.3350 extra_render_attn_share=0.5585
[step 16400] real_p1_mirror_hole_cov=0.1485 real_p1_eps=0.2667 real_p1_hole_frac=0.2515 real_p2_eps=0.0160 real_p2_hit=0.0000 real_total=0.2828 synth_eps=0.4689 synth_eps_raw=0.4689 synth_x0_hit=1.0000 synth_x0_t=93.0000 synth_x0_ldif=0.0505 synth_x0_gen_adv=0.4933 synth_x0_lfm=0.0043 synth_total=0.5772 extra_render_attn_share=0.5585
[step 16450] real_p1_mirror_hole_cov=0.1141 real_p1_eps=0.1807 real_p1_hole_frac=0.1998 real_p2_eps=0.2586 real_p2_hit=1.0000 real_p2_t=95.0000 real_p2_ldif=0.0286 real_p2_gen_adv=0.2947 real_p2_lfm=0.0020 real_total=0.5014 discr_adv=1.9864 x0_d_real=-0.3515 x0_d_fake=-0.3683 p2_d_real=-0.2842 p2_d_fake=-0.2947 g_grad_abs=1606.6966 d_grad_abs=116.8001 synth_eps=0.0263 synth_eps_raw=0.0263 synth_x0_hit=0.0000 synth_total=0.0263 extra_render_attn_share=0.5585
[step 16500] real_p1_mirror_hole_cov=0.1709 real_p1_eps=0.2424 real_p1_hole_frac=0.4286 real_p2_eps=0.7761 real_p2_hit=1.0000 real_p2_t=7.0000 real_p2_ldif=0.0054 real_p2_gen_adv=0.3067 real_p2_lfm=0.0007 real_total=1.0561 discr_adv=0.9973 p2_d_real=-0.3013 p2_d_fake=-0.3067 g_grad_abs=1618.8260 d_grad_abs=17.9382 synth_eps=0.0044 synth_eps_raw=0.0044 synth_x0_hit=0.0000 synth_total=0.0044 extra_render_attn_share=0.5585
[images] real: anchor | cond1 | cond2 | inv_warp_mirror | mask | mask_inv | warp_img | warp_warp_img | x | y_hat | y_hat_novel -> /home/xzy/warpgan-diffusiong-inpainting/warpgan-diffusion-inpainting-main/experiments/train_inpainting_diffusion/[20260913-032728]_v18w6_w4_100k/logs/images/train/real_step0016500.png
[images] synth: cond | mask | target | warp_img | x | y_hat_novel -> /home/xzy/warpgan-diffusiong-inpainting/warpgan-diffusion-inpainting-main/experiments/train_inpainting_diffusion/[20260913-032728]_v18w6_w4_100k/logs/images/train/synth_step0016500.png
[step 16550] real_p1_mirror_hole_cov=0.2565 real_p1_eps=0.1266 real_p1_hole_frac=0.0684 real_p2_eps=0.0010 real_p2_hit=0.0000 real_total=0.1276 discr_adv=0.9818 x0_d_real=-0.5789 x0_d_fake=-0.6152 g_grad_abs=795.0656 d_grad_abs=92.7585 synth_eps=0.0504 synth_eps_raw=0.0504 synth_x0_hit=0.0000 synth_total=0.0504 extra_render_attn_share=0.5585
[step 16600] real_p1_mirror_hole_cov=0.1511 real_p1_eps=0.1722 real_p1_hole_frac=0.2829 real_p2_eps=0.0014 real_p2_hit=0.0000 real_total=0.1735 discr_adv=0.9402 x0_d_real=-0.4540 x0_d_fake=-0.5736 g_grad_abs=925.6423 d_grad_abs=308.5272 synth_eps=0.0146 synth_eps_raw=0.0146 synth_x0_hit=0.0000 synth_total=0.0146 extra_render_attn_share=0.5585
[step 16650] real_p1_mirror_hole_cov=0.0434 real_p1_eps=0.2165 real_p1_hole_frac=0.0502 real_p2_eps=0.0320 real_p2_hit=0.0000 real_total=0.2486 synth_eps=0.0212 synth_eps_raw=0.0212 synth_x0_hit=0.0000 synth_total=0.0212 extra_render_attn_share=0.5585
[step 16700] real_p1_mirror_hole_cov=0.0550 real_p1_eps=0.2562 real_p1_hole_frac=0.3951 real_p2_eps=0.2306 real_p2_hit=1.0000 real_p2_t=233.0000 real_p2_ldif=0.0981 real_p2_gen_adv=-0.5570 real_p2_lfm=0.0056 real_total=0.5403 discr_adv=0.9886 p2_d_real=0.5965 p2_d_fake=0.5570 g_grad_abs=2101.2400 d_grad_abs=460.1105 synth_eps=0.5092 synth_eps_raw=0.5092 synth_x0_hit=1.0000 synth_x0_t=64.0000 synth_x0_ldif=0.0345 synth_x0_gen_adv=-0.4944 synth_x0_lfm=0.0029 synth_total=0.5000 extra_render_attn_share=0.5585
[step 16750] real_p1_mirror_hole_cov=0.0306 real_p1_eps=0.1268 real_p1_hole_frac=0.2587 real_p2_eps=0.0332 real_p2_hit=0.0000 real_total=0.1599 synth_eps=0.0049 synth_eps_raw=0.0049 synth_x0_hit=0.0000 synth_total=0.0049 extra_render_attn_share=0.5585
[step 16800] real_p1_mirror_hole_cov=0.0012 real_p1_eps=0.2990 real_p1_hole_frac=0.2863 real_p2_eps=0.0516 real_p2_hit=0.0000 real_total=0.3507 synth_eps=0.1168 synth_eps_raw=0.1168 synth_x0_hit=1.0000 synth_x0_t=295.0000 synth_x0_ldif=0.0782 synth_x0_gen_adv=0.1277 synth_x0_lfm=0.0058 synth_total=0.2195 extra_render_attn_share=0.5585
[step 16850] real_p1_mirror_hole_cov=0.1405 real_p1_eps=0.1954 real_p1_hole_frac=0.3080 real_p2_eps=0.0097 real_p2_hit=0.0000 real_total=0.2051 discr_adv=0.9132 x0_d_real=0.0532 x0_d_fake=-0.1204 g_grad_abs=924.2724 d_grad_abs=484.6590 synth_eps=0.0098 synth_eps_raw=0.0098 synth_x0_hit=0.0000 synth_total=0.0098 extra_render_attn_share=0.5585
[step 16900] real_p1_mirror_hole_cov=0.0204 real_p1_eps=0.1071 real_p1_hole_frac=0.0904 real_p2_eps=0.0013 real_p2_hit=0.0000 real_total=0.1084 synth_eps=0.1075 synth_eps_raw=0.1075 synth_x0_hit=0.0000 synth_total=0.1075 extra_render_attn_share=0.5585
[step 16950] real_p1_mirror_hole_cov=0.0167 real_p1_eps=0.1047 real_p1_hole_frac=0.2502 real_p2_eps=0.2758 real_p2_hit=1.0000 real_p2_t=121.0000 real_p2_ldif=0.0423 real_p2_gen_adv=-0.2616 real_p2_lfm=0.0049 real_total=0.4065 discr_adv=1.0486 p2_d_real=0.1643 p2_d_fake=0.2616 g_grad_abs=1381.7222 d_grad_abs=710.1329 synth_eps=0.0271 synth_eps_raw=0.0271 synth_x0_hit=0.0000 synth_total=0.0271 extra_render_attn_share=0.5585
[step 17000] real_p1_mirror_hole_cov=0.3732 real_p1_eps=0.3587 real_p1_hole_frac=0.5692 real_p2_eps=0.0220 real_p2_hit=0.0000 real_total=0.3807 discr_adv=1.0925 x0_d_real=-0.7973 x0_d_fake=-0.8221 g_grad_abs=1320.6919 d_grad_abs=1100.1558 synth_eps=0.7342 synth_eps_raw=0.7342 synth_x0_hit=1.0000 synth_x0_t=11.0000 synth_x0_ldif=0.0078 synth_x0_gen_adv=0.4134 synth_x0_lfm=0.0012 synth_total=0.7857 extra_render_attn_share=0.5585
[images] real: anchor | cond1 | cond2 | inv_warp_mirror | mask | mask_inv | warp_img | warp_warp_img | x | y_hat | y_hat_novel -> /home/xzy/warpgan-diffusiong-inpainting/warpgan-diffusion-inpainting-main/experiments/train_inpainting_diffusion/[20260913-032728]_v18w6_w4_100k/logs/images/train/real_step0017000.png
[images] synth: cond | mask | target | warp_img | x | y_hat_novel -> /home/xzy/warpgan-diffusiong-inpainting/warpgan-diffusion-inpainting-main/experiments/train_inpainting_diffusion/[20260913-032728]_v18w6_w4_100k/logs/images/train/synth_step0017000.png
[step 17050] real_p1_mirror_hole_cov=0.1308 real_p1_eps=0.1038 real_p1_hole_frac=0.1672 real_p2_eps=0.0857 real_p2_hit=0.0000 real_total=0.1895 synth_eps=0.1050 synth_eps_raw=0.1050 synth_x0_hit=0.0000 synth_total=0.1050 extra_render_attn_share=0.5585
[step 17100] real_p1_mirror_hole_cov=0.0834 real_p1_eps=0.1033 real_p1_hole_frac=0.4255 real_p2_eps=0.1440 real_p2_hit=0.0000 real_total=0.2473 synth_eps=0.3483 synth_eps_raw=0.3483 synth_x0_hit=1.0000 synth_x0_t=174.0000 synth_x0_ldif=0.0909 synth_x0_gen_adv=-0.6431 synth_x0_lfm=0.0060 synth_total=0.3868 extra_render_attn_share=0.5585
[step 17150] real_p1_mirror_hole_cov=0.0156 real_p1_eps=0.1171 real_p1_hole_frac=0.2149 real_p2_eps=0.1662 real_p2_hit=1.0000 real_p2_t=239.0000 real_p2_ldif=0.0741 real_p2_gen_adv=-0.5731 real_p2_lfm=0.0035 real_total=0.3071 discr_adv=2.0048 x0_d_real=0.5094 x0_d_fake=0.5492 p2_d_real=0.6032 p2_d_fake=0.5731 g_grad_abs=1614.3031 d_grad_abs=462.5175 synth_eps=0.0092 synth_eps_raw=0.0092 synth_x0_hit=0.0000 synth_total=0.0092 extra_render_attn_share=0.5585
[step 17200] real_p1_mirror_hole_cov=0.0245 real_p1_eps=0.1096 real_p1_hole_frac=0.4445 real_p2_eps=0.0045 real_p2_hit=0.0000 real_total=0.1141 synth_eps=0.0053 synth_eps_raw=0.0053 synth_x0_hit=0.0000 synth_total=0.0053 extra_render_attn_share=0.5585
[step 17250] real_p1_mirror_hole_cov=0.0243 real_p1_eps=0.0869 real_p1_hole_frac=0.2925 real_p2_eps=0.0431 real_p2_hit=0.0000 real_total=0.1300 synth_eps=0.0298 synth_eps_raw=0.0298 synth_x0_hit=0.0000 synth_total=0.0298 extra_render_attn_share=0.5585
[step 17300] real_p1_mirror_hole_cov=0.1403 real_p1_eps=0.2282 real_p1_hole_frac=0.2406 real_p2_eps=0.2162 real_p2_hit=1.0000 real_p2_t=193.0000 real_p2_ldif=0.0666 real_p2_gen_adv=0.1565 real_p2_lfm=0.0045 real_total=0.5357 discr_adv=0.9892 p2_d_real=-0.1349 p2_d_fake=-0.1565 g_grad_abs=2221.5308 d_grad_abs=311.1072 synth_eps=0.0053 synth_eps_raw=0.0053 synth_x0_hit=0.0000 synth_total=0.0053 extra_render_attn_share=0.5585
[step 17350] real_p1_mirror_hole_cov=0.0497 real_p1_eps=0.2401 real_p1_hole_frac=0.2752 real_p2_eps=0.0217 real_p2_hit=0.0000 real_total=0.2618 discr_adv=0.9921 x0_d_real=-0.3510 x0_d_fake=-0.3667 g_grad_abs=1040.6004 d_grad_abs=44.2786 synth_eps=0.1028 synth_eps_raw=0.1028 synth_x0_hit=0.0000 synth_total=0.1028 extra_render_attn_share=0.5585
[step 17400] real_p1_mirror_hole_cov=0.0237 real_p1_eps=0.0745 real_p1_hole_frac=0.2026 real_p2_eps=0.0250 real_p2_hit=0.0000 real_total=0.0994 synth_eps=0.0112 synth_eps_raw=0.0112 synth_x0_hit=0.0000 synth_total=0.0112 extra_render_attn_share=0.5585
[step 17450] real_p1_mirror_hole_cov=0.0122 real_p1_eps=0.1845 real_p1_hole_frac=0.3749 real_p2_eps=0.0345 real_p2_hit=0.0000 real_total=0.2190 discr_adv=0.9607 x0_d_real=-0.5585 x0_d_fake=-0.6372 g_grad_abs=1047.2442 d_grad_abs=190.4310 synth_eps=0.0931 synth_eps_raw=0.0931 synth_x0_hit=0.0000 synth_total=0.0931 extra_render_attn_share=0.5585
[step 17500] real_p1_mirror_hole_cov=0.1764 real_p1_eps=0.1862 real_p1_hole_frac=0.3045 real_p2_eps=0.3114 real_p2_hit=1.0000 real_p2_t=142.0000 real_p2_ldif=0.0598 real_p2_gen_adv=-0.6659 real_p2_lfm=0.0045 real_total=0.4997 discr_adv=0.9926 p2_d_real=0.6810 p2_d_fake=0.6659 g_grad_abs=1656.7717 d_grad_abs=137.4482 synth_eps=0.0238 synth_eps_raw=0.0238 synth_x0_hit=0.0000 synth_total=0.0238 extra_render_attn_share=0.5585
[images] real: anchor | cond1 | cond2 | inv_warp_mirror | mask | mask_inv | warp_img | warp_warp_img | x | y_hat | y_hat_novel -> /home/xzy/warpgan-diffusiong-inpainting/warpgan-diffusion-inpainting-main/experiments/train_inpainting_diffusion/[20260913-032728]_v18w6_w4_100k/logs/images/train/real_step0017500.png
[images] synth: cond | mask | target | warp_img | x | y_hat_novel -> /home/xzy/warpgan-diffusiong-inpainting/warpgan-diffusion-inpainting-main/experiments/train_inpainting_diffusion/[20260913-032728]_v18w6_w4_100k/logs/images/train/synth_step0017500.png
[step 17550] real_p1_mirror_hole_cov=0.0185 real_p1_eps=0.1900 real_p1_hole_frac=0.1930 real_p2_eps=0.1438 real_p2_hit=1.0000 real_p2_t=235.0000 real_p2_ldif=0.0621 real_p2_gen_adv=-0.9184 real_p2_lfm=0.0044 real_total=0.3128 discr_adv=1.0079 p2_d_real=0.9207 p2_d_fake=0.9184 g_grad_abs=1617.8718 d_grad_abs=426.7905 synth_eps=0.3858 synth_eps_raw=0.3858 synth_x0_hit=1.0000 synth_x0_t=126.0000 synth_x0_ldif=0.0624 synth_x0_gen_adv=-0.5482 synth_x0_lfm=0.0053 synth_total=0.4040 extra_render_attn_share=0.5585
[step 17600] real_p1_mirror_hole_cov=0.0132 real_p1_eps=0.6078 real_p1_hole_frac=0.3655 real_p2_eps=0.6323 real_p2_hit=1.0000 real_p2_t=9.0000 real_p2_ldif=0.0055 real_p2_gen_adv=0.3318 real_p2_lfm=0.0011 real_total=1.2809 discr_adv=0.9941 p2_d_real=-0.3176 p2_d_fake=-0.3318 g_grad_abs=2151.3750 d_grad_abs=207.5188 synth_eps=0.1258 synth_eps_raw=0.1258 synth_x0_hit=0.0000 synth_total=0.1258 extra_render_attn_share=0.5585
[step 17650] real_p1_mirror_hole_cov=0.0023 real_p1_eps=0.0711 real_p1_hole_frac=0.2622 real_p2_eps=0.0257 real_p2_hit=0.0000 real_total=0.0968 discr_adv=0.9984 x0_d_real=-0.5211 x0_d_fake=-0.5280 g_grad_abs=632.6078 d_grad_abs=378.4694 synth_eps=0.0865 synth_eps_raw=0.0865 synth_x0_hit=0.0000 synth_total=0.0865 extra_render_attn_share=0.5585
[step 17700] real_p1_mirror_hole_cov=0.1210 real_p1_eps=0.1462 real_p1_hole_frac=0.3680 real_p2_eps=0.0022 real_p2_hit=0.0000 real_total=0.1484 discr_adv=0.9517 x0_d_real=0.1299 x0_d_fake=0.0332 g_grad_abs=883.7792 d_grad_abs=341.2620 synth_eps=0.0020 synth_eps_raw=0.0020 synth_x0_hit=0.0000 synth_total=0.0020 extra_render_attn_share=0.5585
[step 17750] real_p1_mirror_hole_cov=0.0268 real_p1_eps=0.2001 real_p1_hole_frac=0.2437 real_p2_eps=0.1824 real_p2_hit=1.0000 real_p2_t=147.0000 real_p2_ldif=0.0368 real_p2_gen_adv=-0.5326 real_p2_lfm=0.0031 real_total=0.3722 discr_adv=1.9154 x0_d_real=0.5594 x0_d_fake=0.4233 p2_d_real=0.5658 p2_d_fake=0.5326 g_grad_abs=1851.2614 d_grad_abs=1444.2821 synth_eps=0.0365 synth_eps_raw=0.0365 synth_x0_hit=0.0000 synth_total=0.0365 extra_render_attn_share=0.5585
[step 17800] real_p1_mirror_hole_cov=0.2772 real_p1_eps=0.3639 real_p1_hole_frac=0.5062 real_p2_eps=0.0745 real_p2_hit=0.0000 real_total=0.4383 synth_eps=0.0038 synth_eps_raw=0.0038 synth_x0_hit=0.0000 synth_total=0.0038 extra_render_attn_share=0.5585
[step 17850] real_p1_mirror_hole_cov=0.0192 real_p1_eps=0.0910 real_p1_hole_frac=0.2545 real_p2_eps=0.2523 real_p2_hit=1.0000 real_p2_t=121.0000 real_p2_ldif=0.0386 real_p2_gen_adv=-0.2033 real_p2_lfm=0.0032 real_total=0.3680 discr_adv=1.9495 x0_d_real=-0.1136 x0_d_fake=-0.2758 p2_d_real=0.1422 p2_d_fake=0.2033 g_grad_abs=1371.8808 d_grad_abs=1058.7221 synth_eps=0.3160 synth_eps_raw=0.3160 synth_x0_hit=1.0000 synth_x0_t=138.0000 synth_x0_ldif=0.0582 synth_x0_gen_adv=0.5234 synth_x0_lfm=0.0046 synth_total=0.4357 extra_render_attn_share=0.5585
[step 17900] real_p1_mirror_hole_cov=0.2341 real_p1_eps=0.1607 real_p1_hole_frac=0.1690 real_p2_eps=0.1105 real_p2_hit=1.0000 real_p2_t=259.0000 real_p2_ldif=0.0572 real_p2_gen_adv=-0.8297 real_p2_lfm=0.0046 real_total=0.2546 discr_adv=2.0322 x0_d_real=0.1652 x0_d_fake=0.1681 p2_d_real=0.7681 p2_d_fake=0.8297 g_grad_abs=1658.5458 d_grad_abs=636.7563 synth_eps=0.1278 synth_eps_raw=0.1278 synth_x0_hit=0.0000 synth_total=0.1278 extra_render_attn_share=0.5585
[step 17950] real_p1_mirror_hole_cov=0.0033 real_p1_eps=0.3115 real_p1_hole_frac=0.1982 real_p2_eps=0.0031 real_p2_hit=0.0000 real_total=0.3146 synth_eps=0.1956 synth_eps_raw=0.1956 synth_x0_hit=1.0000 synth_x0_t=273.0000 synth_x0_ldif=0.1121 synth_x0_gen_adv=-0.5542 synth_x0_lfm=0.0071 synth_total=0.2665 extra_render_attn_share=0.5585
[val step 17999] val_novel_full=0.0285 val_novel_hole=0.0313 val_novel_visible=0.0278
[step 18000] real_p1_mirror_hole_cov=0.0096 real_p1_eps=0.0870 real_p1_hole_frac=0.1964 real_p2_eps=0.0729 real_p2_hit=0.0000 real_total=0.1599 synth_eps=0.0378 synth_eps_raw=0.0378 synth_x0_hit=0.0000 synth_total=0.0378 extra_render_attn_share=0.5616
[images] real: anchor | cond1 | cond2 | inv_warp_mirror | mask | mask_inv | warp_img | warp_warp_img | x | y_hat | y_hat_novel -> /home/xzy/warpgan-diffusiong-inpainting/warpgan-diffusion-inpainting-main/experiments/train_inpainting_diffusion/[20260913-032728]_v18w6_w4_100k/logs/images/train/real_step0018000.png
[images] synth: cond | mask | target | warp_img | x | y_hat_novel -> /home/xzy/warpgan-diffusiong-inpainting/warpgan-diffusion-inpainting-main/experiments/train_inpainting_diffusion/[20260913-032728]_v18w6_w4_100k/logs/images/train/synth_step0018000.png
[step 18050] real_p1_mirror_hole_cov=0.0088 real_p1_eps=0.1348 real_p1_hole_frac=0.2296 real_p2_eps=0.0083 real_p2_hit=0.0000 real_total=0.1431 synth_eps=0.1861 synth_eps_raw=0.1861 synth_x0_hit=1.0000 synth_x0_t=204.0000 synth_x0_ldif=0.0629 synth_x0_gen_adv=0.1505 synth_x0_lfm=0.0034 synth_total=0.2708 extra_render_attn_share=0.5616
[step 18100] real_p1_mirror_hole_cov=0.0840 real_p1_eps=0.1912 real_p1_hole_frac=0.2197 real_p2_eps=0.2944 real_p2_hit=1.0000 real_p2_t=100.0000 real_p2_ldif=0.0348 real_p2_gen_adv=0.3193 real_p2_lfm=0.0028 real_total=0.5579 discr_adv=0.9708 p2_d_real=-0.2608 p2_d_fake=-0.3193 g_grad_abs=1528.7527 d_grad_abs=422.0329 synth_eps=0.1938 synth_eps_raw=0.1938 synth_x0_hit=0.0000 synth_total=0.1938 extra_render_attn_share=0.5616
[step 18150] real_p1_mirror_hole_cov=0.1367 real_p1_eps=0.3099 real_p1_hole_frac=0.2899 real_p2_eps=0.0725 real_p2_hit=0.0000 real_total=0.3824 discr_adv=1.0038 x0_d_real=-0.5680 x0_d_fake=-0.5831 g_grad_abs=1433.7479 d_grad_abs=771.2561 synth_eps=0.0177 synth_eps_raw=0.0177 synth_x0_hit=0.0000 synth_total=0.0177 extra_render_attn_share=0.5616
[step 18200] real_p1_mirror_hole_cov=0.2334 real_p1_eps=0.0992 real_p1_hole_frac=0.2453 real_p2_eps=0.0469 real_p2_hit=0.0000 real_total=0.1461 discr_adv=0.9096 x0_d_real=-0.4568 x0_d_fake=-0.6701 g_grad_abs=908.3041 d_grad_abs=5290.8279 synth_eps=0.0815 synth_eps_raw=0.0815 synth_x0_hit=0.0000 synth_total=0.0815 extra_render_attn_share=0.5616
[step 18250] real_p1_mirror_hole_cov=0.1764 real_p1_eps=0.3397 real_p1_hole_frac=0.5372 real_p2_eps=0.0429 real_p2_hit=0.0000 real_total=0.3827 synth_eps=0.0564 synth_eps_raw=0.0564 synth_x0_hit=0.0000 synth_total=0.0564 extra_render_attn_share=0.5616
[step 18300] real_p1_mirror_hole_cov=0.1703 real_p1_eps=0.6023 real_p1_hole_frac=0.5209 real_p2_eps=0.4928 real_p2_hit=1.0000 real_p2_t=58.0000 real_p2_ldif=0.0298 real_p2_gen_adv=-0.1138 real_p2_lfm=0.0020 real_total=1.1174 discr_adv=0.9386 p2_d_real=0.2375 p2_d_fake=0.1138 g_grad_abs=2003.8515 d_grad_abs=2234.7330 synth_eps=0.0401 synth_eps_raw=0.0401 synth_x0_hit=0.0000 synth_total=0.0401 extra_render_attn_share=0.5616
[step 18350] real_p1_mirror_hole_cov=0.0414 real_p1_eps=0.1708 real_p1_hole_frac=0.4441 real_p2_eps=0.0022 real_p2_hit=0.0000 real_total=0.1730 discr_adv=1.0892 x0_d_real=0.5491 x0_d_fake=0.7274 g_grad_abs=1039.0471 d_grad_abs=3503.9586 synth_eps=0.0068 synth_eps_raw=0.0068 synth_x0_hit=0.0000 synth_total=0.0068 extra_render_attn_share=0.5616
[step 18400] real_p1_mirror_hole_cov=0.2476 real_p1_eps=0.2274 real_p1_hole_frac=0.5575 real_p2_eps=0.1482 real_p2_hit=0.0000 real_total=0.3756 synth_eps=0.0065 synth_eps_raw=0.0065 synth_x0_hit=0.0000 synth_total=0.0065 extra_render_attn_share=0.5616
[step 18450] real_p1_mirror_hole_cov=0.0094 real_p1_eps=0.1789 real_p1_hole_frac=0.3236 real_p2_eps=0.1876 real_p2_hit=1.0000 real_p2_t=269.0000 real_p2_ldif=0.1044 real_p2_gen_adv=-0.9277 real_p2_lfm=0.0067 real_total=0.3916 discr_adv=1.0153 p2_d_real=0.9174 p2_d_fake=0.9277 g_grad_abs=1894.8502 d_grad_abs=477.1082 synth_eps=0.1408 synth_eps_raw=0.1408 synth_x0_hit=0.0000 synth_total=0.1408 extra_render_attn_share=0.5616
[step 18500] real_p1_mirror_hole_cov=0.0003 real_p1_eps=0.0288 real_p1_hole_frac=0.0373 real_p2_eps=0.0027 real_p2_hit=0.0000 real_total=0.0315 synth_eps=0.0444 synth_eps_raw=0.0444 synth_x0_hit=0.0000 synth_total=0.0444 extra_render_attn_share=0.5616
[images] real: anchor | cond1 | cond2 | inv_warp_mirror | mask | mask_inv | warp_img | warp_warp_img | x | y_hat | y_hat_novel -> /home/xzy/warpgan-diffusiong-inpainting/warpgan-diffusion-inpainting-main/experiments/train_inpainting_diffusion/[20260913-032728]_v18w6_w4_100k/logs/images/train/real_step0018500.png
[images] synth: cond | mask | target | warp_img | x | y_hat_novel -> /home/xzy/warpgan-diffusiong-inpainting/warpgan-diffusion-inpainting-main/experiments/train_inpainting_diffusion/[20260913-032728]_v18w6_w4_100k/logs/images/train/synth_step0018500.png
[step 18550] real_p1_mirror_hole_cov=0.0853 real_p1_eps=0.2186 real_p1_hole_frac=0.3291 real_p2_eps=0.0847 real_p2_hit=0.0000 real_total=0.3033 synth_eps=0.1936 synth_eps_raw=0.1936 synth_x0_hit=1.0000 synth_x0_t=257.0000 synth_x0_ldif=0.0987 synth_x0_gen_adv=-0.2528 synth_x0_lfm=0.0075 synth_total=0.2819 extra_render_attn_share=0.5616
[step 18600] real_p1_mirror_hole_cov=0.0931 real_p1_eps=0.1129 real_p1_hole_frac=0.3273 real_p2_eps=0.0028 real_p2_hit=0.0000 real_total=0.1157 synth_eps=0.0605 synth_eps_raw=0.0605 synth_x0_hit=0.0000 synth_total=0.0605 extra_render_attn_share=0.5616
[step 18650] real_p1_mirror_hole_cov=0.0201 real_p1_eps=0.0964 real_p1_hole_frac=0.1132 real_p2_eps=0.0564 real_p2_hit=0.0000 real_total=0.1528 discr_adv=0.8815 x0_d_real=0.7408 x0_d_fake=0.5030 g_grad_abs=959.4828 d_grad_abs=3169.3434 synth_eps=0.1159 synth_eps_raw=0.1159 synth_x0_hit=0.0000 synth_total=0.1159 extra_render_attn_share=0.5616
[step 18700] real_p1_mirror_hole_cov=0.2513 real_p1_eps=0.2552 real_p1_hole_frac=0.4318 real_p2_eps=0.1935 real_p2_hit=1.0000 real_p2_t=235.0000 real_p2_ldif=0.0836 real_p2_gen_adv=-0.0350 real_p2_lfm=0.0050 real_total=0.5388 discr_adv=0.9686 p2_d_real=0.0977 p2_d_fake=0.0350 g_grad_abs=1876.7122 d_grad_abs=187.4857 synth_eps=0.2048 synth_eps_raw=0.2048 synth_x0_hit=1.0000 synth_x0_t=289.0000 synth_x0_ldif=0.1315 synth_x0_gen_adv=-0.7744 synth_x0_lfm=0.0060 synth_total=0.2709 extra_render_attn_share=0.5616
[step 18750] real_p1_mirror_hole_cov=0.0573 real_p1_eps=0.3701 real_p1_hole_frac=0.4717 real_p2_eps=0.2451 real_p2_hit=1.0000 real_p2_t=206.0000 real_p2_ldif=0.0842 real_p2_gen_adv=0.0436 real_p2_lfm=0.0057 real_total=0.7152 discr_adv=0.9847 p2_d_real=-0.0130 p2_d_fake=-0.0436 g_grad_abs=1875.0379 d_grad_abs=132.6748 synth_eps=0.0647 synth_eps_raw=0.0647 synth_x0_hit=0.0000 synth_total=0.0647 extra_render_attn_share=0.5616
[step 18800] real_p1_mirror_hole_cov=0.0145 real_p1_eps=0.0844 real_p1_hole_frac=0.2495 real_p2_eps=0.0106 real_p2_hit=0.0000 real_total=0.0950 synth_eps=0.1119 synth_eps_raw=0.1119 synth_x0_hit=0.0000 synth_total=0.1119 extra_render_attn_share=0.5616
[step 18850] real_p1_mirror_hole_cov=0.0774 real_p1_eps=0.1770 real_p1_hole_frac=0.4237 real_p2_eps=0.0333 real_p2_hit=0.0000 real_total=0.2103 synth_eps=0.0025 synth_eps_raw=0.0025 synth_x0_hit=0.0000 synth_total=0.0025 extra_render_attn_share=0.5616
[step 18900] real_p1_mirror_hole_cov=0.2077 real_p1_eps=0.1191 real_p1_hole_frac=0.4626 real_p2_eps=0.2464 real_p2_hit=1.0000 real_p2_t=158.0000 real_p2_ldif=0.0554 real_p2_gen_adv=-0.4544 real_p2_lfm=0.0031 real_total=0.3818 discr_adv=1.9649 x0_d_real=-0.0188 x0_d_fake=-0.0962 p2_d_real=0.4474 p2_d_fake=0.4544 g_grad_abs=1291.2310 d_grad_abs=404.9661 synth_eps=0.0033 synth_eps_raw=0.0033 synth_x0_hit=0.0000 synth_total=0.0033 extra_render_attn_share=0.5616
[step 18950] real_p1_mirror_hole_cov=0.0709 real_p1_eps=0.0732 real_p1_hole_frac=0.0569 real_p2_eps=0.0113 real_p2_hit=0.0000 real_total=0.0845 discr_adv=1.0385 x0_d_real=-0.0472 x0_d_fake=0.0298 g_grad_abs=701.1310 d_grad_abs=413.4856 synth_eps=0.2038 synth_eps_raw=0.2038 synth_x0_hit=1.0000 synth_x0_t=264.0000 synth_x0_ldif=0.1094 synth_x0_gen_adv=-0.7902 synth_x0_lfm=0.0084 synth_total=0.2511 extra_render_attn_share=0.5616
[step 19000] real_p1_mirror_hole_cov=0.0836 real_p1_eps=0.4115 real_p1_hole_frac=0.2836 real_p2_eps=0.0021 real_p2_hit=0.0000 real_total=0.4136 discr_adv=0.9396 x0_d_real=0.7999 x0_d_fake=0.6790 g_grad_abs=1436.5718 d_grad_abs=1363.8895 synth_eps=0.1234 synth_eps_raw=0.1234 synth_x0_hit=0.0000 synth_total=0.1234 extra_render_attn_share=0.5616
[images] real: anchor | cond1 | cond2 | inv_warp_mirror | mask | mask_inv | warp_img | warp_warp_img | x | y_hat | y_hat_novel -> /home/xzy/warpgan-diffusiong-inpainting/warpgan-diffusion-inpainting-main/experiments/train_inpainting_diffusion/[20260913-032728]_v18w6_w4_100k/logs/images/train/real_step0019000.png
[images] synth: cond | mask | target | warp_img | x | y_hat_novel -> /home/xzy/warpgan-diffusiong-inpainting/warpgan-diffusion-inpainting-main/experiments/train_inpainting_diffusion/[20260913-032728]_v18w6_w4_100k/logs/images/train/synth_step0019000.png
[step 19050] real_p1_mirror_hole_cov=0.0106 real_p1_eps=0.2207 real_p1_hole_frac=0.0975 real_p2_eps=0.1568 real_p2_hit=1.0000 real_p2_t=104.0000 real_p2_ldif=0.0195 real_p2_gen_adv=0.2527 real_p2_lfm=0.0017 real_total=0.4257 discr_adv=1.1432 p2_d_real=-0.5391 p2_d_fake=-0.2527 g_grad_abs=1738.4816 d_grad_abs=797.0370 synth_eps=0.0128 synth_eps_raw=0.0128 synth_x0_hit=0.0000 synth_total=0.0128 extra_render_attn_share=0.5616
[step 19100] real_p1_mirror_hole_cov=0.2566 real_p1_eps=0.1707 real_p1_hole_frac=0.2654 real_p2_eps=0.1003 real_p2_hit=0.0000 real_total=0.2710 discr_adv=0.9925 x0_d_real=0.5014 x0_d_fake=0.4863 g_grad_abs=1149.4129 d_grad_abs=87.1022 synth_eps=0.1051 synth_eps_raw=0.1051 synth_x0_hit=0.0000 synth_total=0.1051 extra_render_attn_share=0.5616
[step 19150] real_p1_mirror_hole_cov=0.0259 real_p1_eps=0.2619 real_p1_hole_frac=0.1609 real_p2_eps=0.0895 real_p2_hit=0.0000 real_total=0.3514 discr_adv=0.9915 x0_d_real=0.6244 x0_d_fake=0.6074 g_grad_abs=1511.7115 d_grad_abs=303.4791 synth_eps=0.2865 synth_eps_raw=0.2865 synth_x0_hit=1.0000 synth_x0_t=172.0000 synth_x0_ldif=0.0734 synth_x0_gen_adv=0.3427 synth_x0_lfm=0.0054 synth_total=0.4050 extra_render_attn_share=0.5616
[step 19200] real_p1_mirror_hole_cov=0.3362 real_p1_eps=0.1123 real_p1_hole_frac=0.1675 real_p2_eps=0.0024 real_p2_hit=0.0000 real_total=0.1147 synth_eps=0.0426 synth_eps_raw=0.0426 synth_x0_hit=0.0000 synth_total=0.0426 extra_render_attn_share=0.5616
[step 19250] real_p1_mirror_hole_cov=0.2468 real_p1_eps=0.2448 real_p1_hole_frac=0.1645 real_p2_eps=0.1991 real_p2_hit=1.0000 real_p2_t=163.0000 real_p2_ldif=0.0469 real_p2_gen_adv=0.3914 real_p2_lfm=0.0048 real_total=0.5396 discr_adv=0.9578 p2_d_real=-0.3069 p2_d_fake=-0.3914 g_grad_abs=1505.3044 d_grad_abs=347.9603 synth_eps=0.4290 synth_eps_raw=0.4290 synth_x0_hit=1.0000 synth_x0_t=88.0000 synth_x0_ldif=0.0430 synth_x0_gen_adv=0.3009 synth_x0_lfm=0.0038 synth_total=0.5097 extra_render_attn_share=0.5616
[step 19300] real_p1_mirror_hole_cov=0.1768 real_p1_eps=0.1373 real_p1_hole_frac=0.1917 real_p2_eps=0.2713 real_p2_hit=1.0000 real_p2_t=96.0000 real_p2_ldif=0.0304 real_p2_gen_adv=-0.8285 real_p2_lfm=0.0019 real_total=0.3600 discr_adv=0.9952 p2_d_real=0.8384 p2_d_fake=0.8285 g_grad_abs=1324.3719 d_grad_abs=63.6939 synth_eps=0.3785 synth_eps_raw=0.3785 synth_x0_hit=1.0000 synth_x0_t=72.0000 synth_x0_ldif=0.0296 synth_x0_gen_adv=-0.6739 synth_x0_lfm=0.0023 synth_total=0.3454 extra_render_attn_share=0.5616
[step 19350] real_p1_mirror_hole_cov=0.0510 real_p1_eps=0.1473 real_p1_hole_frac=0.3996 real_p2_eps=0.0019 real_p2_hit=0.0000 real_total=0.1492 synth_eps=0.0925 synth_eps_raw=0.0925 synth_x0_hit=0.0000 synth_total=0.0925 extra_render_attn_share=0.5616
[step 19400] real_p1_mirror_hole_cov=0.0085 real_p1_eps=0.1276 real_p1_hole_frac=0.0321 real_p2_eps=0.0355 real_p2_hit=0.0000 real_total=0.1631 synth_eps=0.0406 synth_eps_raw=0.0406 synth_x0_hit=0.0000 synth_total=0.0406 extra_render_attn_share=0.5616
[step 19450] real_p1_mirror_hole_cov=0.1358 real_p1_eps=0.1865 real_p1_hole_frac=0.1126 real_p2_eps=0.0395 real_p2_hit=0.0000 real_total=0.2261 synth_eps=0.0179 synth_eps_raw=0.0179 synth_x0_hit=0.0000 synth_total=0.0179 extra_render_attn_share=0.5616
[step 19500] real_p1_mirror_hole_cov=0.0116 real_p1_eps=0.1329 real_p1_hole_frac=0.1799 real_p2_eps=0.2859 real_p2_hit=1.0000 real_p2_t=78.0000 real_p2_ldif=0.0246 real_p2_gen_adv=-0.6059 real_p2_lfm=0.0021 real_total=0.3870 discr_adv=1.8332 x0_d_real=0.4223 x0_d_fake=0.1163 p2_d_real=0.6335 p2_d_fake=0.6059 g_grad_abs=1466.3570 d_grad_abs=936.5938 synth_eps=0.0021 synth_eps_raw=0.0021 synth_x0_hit=0.0000 synth_total=0.0021 extra_render_attn_share=0.5616
[images] real: anchor | cond1 | cond2 | inv_warp_mirror | mask | mask_inv | warp_img | warp_warp_img | x | y_hat | y_hat_novel -> /home/xzy/warpgan-diffusiong-inpainting/warpgan-diffusion-inpainting-main/experiments/train_inpainting_diffusion/[20260913-032728]_v18w6_w4_100k/logs/images/train/real_step0019500.png
[images] synth: cond | mask | target | warp_img | x | y_hat_novel -> /home/xzy/warpgan-diffusiong-inpainting/warpgan-diffusion-inpainting-main/experiments/train_inpainting_diffusion/[20260913-032728]_v18w6_w4_100k/logs/images/train/synth_step0019500.png
[step 19550] real_p1_mirror_hole_cov=0.0823 real_p1_eps=0.1890 real_p1_hole_frac=0.1795 real_p2_eps=0.0217 real_p2_hit=0.0000 real_total=0.2107 synth_eps=0.1248 synth_eps_raw=0.1248 synth_x0_hit=0.0000 synth_total=0.1248 extra_render_attn_share=0.5616
[step 19600] real_p1_mirror_hole_cov=0.2234 real_p1_eps=0.1810 real_p1_hole_frac=0.3929 real_p2_eps=0.2925 real_p2_hit=1.0000 real_p2_t=131.0000 real_p2_ldif=0.0500 real_p2_gen_adv=-0.5183 real_p2_lfm=0.0037 real_total=0.4789 discr_adv=1.8646 x0_d_real=0.3421 x0_d_fake=0.1338 p2_d_real=0.5809 p2_d_fake=0.5183 g_grad_abs=1424.1362 d_grad_abs=789.0012 synth_eps=0.1203 synth_eps_raw=0.1203 synth_x0_hit=0.0000 synth_total=0.1203 extra_render_attn_share=0.5616
[step 19650] real_p1_mirror_hole_cov=0.2169 real_p1_eps=0.1916 real_p1_hole_frac=0.5046 real_p2_eps=0.0780 real_p2_hit=0.0000 real_total=0.2697 synth_eps=0.0786 synth_eps_raw=0.0786 synth_x0_hit=0.0000 synth_total=0.0786 extra_render_attn_share=0.5616
[step 19700] real_p1_mirror_hole_cov=0.1883 real_p1_eps=0.1472 real_p1_hole_frac=0.6174 real_p2_eps=0.0193 real_p2_hit=0.0000 real_total=0.1665 synth_eps=0.0130 synth_eps_raw=0.0130 synth_x0_hit=0.0000 synth_total=0.0130 extra_render_attn_share=0.5616
[step 19750] real_p1_mirror_hole_cov=0.2511 real_p1_eps=0.4204 real_p1_hole_frac=0.3104 real_p2_eps=0.0495 real_p2_hit=0.0000 real_total=0.4699 synth_eps=0.0021 synth_eps_raw=0.0021 synth_x0_hit=0.0000 synth_total=0.0021 extra_render_attn_share=0.5616
[step 19800] real_p1_mirror_hole_cov=0.2260 real_p1_eps=0.2882 real_p1_hole_frac=0.3026 real_p2_eps=0.0023 real_p2_hit=0.0000 real_total=0.2905 synth_eps=0.2753 synth_eps_raw=0.2753 synth_x0_hit=1.0000 synth_x0_t=151.0000 synth_x0_ldif=0.0578 synth_x0_gen_adv=-0.6625 synth_x0_lfm=0.0060 synth_total=0.2790 extra_render_attn_share=0.5616
[step 19850] real_p1_mirror_hole_cov=0.1377 real_p1_eps=0.1093 real_p1_hole_frac=0.4900 real_p2_eps=0.0729 real_p2_hit=0.0000 real_total=0.1823 synth_eps=0.0332 synth_eps_raw=0.0332 synth_x0_hit=0.0000 synth_total=0.0332 extra_render_attn_share=0.5616
[step 19900] real_p1_mirror_hole_cov=0.2562 real_p1_eps=0.3580 real_p1_hole_frac=0.7505 real_p2_eps=0.1287 real_p2_hit=0.0000 real_total=0.4867 synth_eps=0.0370 synth_eps_raw=0.0370 synth_x0_hit=0.0000 synth_total=0.0370 extra_render_attn_share=0.5616
[step 19950] real_p1_mirror_hole_cov=0.0503 real_p1_eps=0.5999 real_p1_hole_frac=0.4018 real_p2_eps=0.0029 real_p2_hit=0.0000 real_total=0.6028 synth_eps=0.2993 synth_eps_raw=0.2993 synth_x0_hit=1.0000 synth_x0_t=182.0000 synth_x0_ldif=0.0838 synth_x0_gen_adv=-0.3443 synth_x0_lfm=0.0051 synth_total=0.3588 extra_render_attn_share=0.5616
[ckpt] saved /home/xzy/warpgan-diffusiong-inpainting/warpgan-diffusion-inpainting-main/experiments/train_inpainting_diffusion/[20260913-032728]_v18w6_w4_100k/checkpoints/iteration_0019999.pt
[val step 19999] val_novel_full=0.0223 val_novel_hole=0.0137 val_novel_visible=0.0239
[step 20000] real_p1_mirror_hole_cov=0.0069 real_p1_eps=0.0687 real_p1_hole_frac=0.1832 real_p2_eps=0.0041 real_p2_hit=0.0000 real_total=0.0728 synth_eps=0.4532 synth_eps_raw=0.4532 synth_x0_hit=1.0000 synth_x0_t=91.0000 synth_x0_ldif=0.0474 synth_x0_gen_adv=-0.7068 synth_x0_lfm=0.0042 synth_total=0.4383 extra_render_attn_share=0.5640
[images] real: anchor | cond1 | cond2 | inv_warp_mirror | mask | mask_inv | warp_img | warp_warp_img | x | y_hat | y_hat_novel -> /home/xzy/warpgan-diffusiong-inpainting/warpgan-diffusion-inpainting-main/experiments/train_inpainting_diffusion/[20260913-032728]_v18w6_w4_100k/logs/images/train/real_step0020000.png
[images] synth: cond | mask | target | warp_img | x | y_hat_novel -> /home/xzy/warpgan-diffusiong-inpainting/warpgan-diffusion-inpainting-main/experiments/train_inpainting_diffusion/[20260913-032728]_v18w6_w4_100k/logs/images/train/synth_step0020000.png
[step 20050] real_p1_mirror_hole_cov=0.0049 real_p1_eps=0.1092 real_p1_hole_frac=0.1574 real_p2_eps=0.0029 real_p2_hit=0.0000 real_total=0.1121 discr_adv=0.9741 x0_d_real=0.5377 x0_d_fake=0.4858 g_grad_abs=741.3152 d_grad_abs=235.7152 synth_eps=0.3349 synth_eps_raw=0.3349 synth_x0_hit=1.0000 synth_x0_t=136.0000 synth_x0_ldif=0.0604 synth_x0_gen_adv=-0.3165 synth_x0_lfm=0.0052 synth_total=0.3739 extra_render_attn_share=0.5640
[step 20100] real_p1_mirror_hole_cov=0.1762 real_p1_eps=0.1041 real_p1_hole_frac=0.1301 real_p2_eps=0.0526 real_p2_hit=0.0000 real_total=0.1567 synth_eps=0.2338 synth_eps_raw=0.2338 synth_x0_hit=1.0000 synth_x0_t=185.0000 synth_x0_ldif=0.0672 synth_x0_gen_adv=-0.2478 synth_x0_lfm=0.0045 synth_total=0.2853 extra_render_attn_share=0.5640
[step 20150] real_p1_mirror_hole_cov=0.0448 real_p1_eps=0.1349 real_p1_hole_frac=0.2401 real_p2_eps=0.1898 real_p2_hit=1.0000 real_p2_t=108.0000 real_p2_ldif=0.0249 real_p2_gen_adv=-0.2080 real_p2_lfm=0.0017 real_total=0.3322 discr_adv=1.8458 x0_d_real=0.4079 x0_d_fake=0.1688 p2_d_real=0.2772 p2_d_fake=0.2080 g_grad_abs=1364.7963 d_grad_abs=902.7321 synth_eps=0.0020 synth_eps_raw=0.0020 synth_x0_hit=0.0000 synth_total=0.0020 extra_render_attn_share=0.5640
[step 20200] real_p1_mirror_hole_cov=0.0449 real_p1_eps=0.1144 real_p1_hole_frac=0.4760 real_p2_eps=0.1081 real_p2_hit=0.0000 real_total=0.2226 discr_adv=0.9175 x0_d_real=-0.6164 x0_d_fake=-0.7853 g_grad_abs=1069.3255 d_grad_abs=1986.8725 synth_eps=0.0017 synth_eps_raw=0.0017 synth_x0_hit=0.0000 synth_total=0.0017 extra_render_attn_share=0.5640
[step 20250] real_p1_mirror_hole_cov=0.2959 real_p1_eps=0.2231 real_p1_hole_frac=0.3994 real_p2_eps=0.5025 real_p2_hit=1.0000 real_p2_t=28.0000 real_p2_ldif=0.0136 real_p2_gen_adv=0.0888 real_p2_lfm=0.0016 real_total=0.7513 discr_adv=0.9756 p2_d_real=-0.0399 p2_d_fake=-0.0888 g_grad_abs=1538.0424 d_grad_abs=163.0694 synth_eps=0.0019 synth_eps_raw=0.0019 synth_x0_hit=0.0000 synth_total=0.0019 extra_render_attn_share=0.5640
[step 20300] real_p1_mirror_hole_cov=0.0105 real_p1_eps=0.0801 real_p1_hole_frac=0.1470 real_p2_eps=0.0161 real_p2_hit=0.0000 real_total=0.0962 synth_eps=0.5209 synth_eps_raw=0.5209 synth_x0_hit=1.0000 synth_x0_t=42.0000 synth_x0_ldif=0.0218 synth_x0_gen_adv=-0.0942 synth_x0_lfm=0.0013 synth_total=0.5360 extra_render_attn_share=0.5640
[step 20350] real_p1_mirror_hole_cov=0.0704 real_p1_eps=0.1671 real_p1_hole_frac=0.2284 real_p2_eps=0.0858 real_p2_hit=0.0000 real_total=0.2528 synth_eps=0.0345 synth_eps_raw=0.0345 synth_x0_hit=0.0000 synth_total=0.0345 extra_render_attn_share=0.5640
[step 20400] real_p1_mirror_hole_cov=0.0851 real_p1_eps=0.2408 real_p1_hole_frac=0.4263 real_p2_eps=0.0692 real_p2_hit=0.0000 real_total=0.3099 synth_eps=0.0219 synth_eps_raw=0.0219 synth_x0_hit=0.0000 synth_total=0.0219 extra_render_attn_share=0.5640
[step 20450] real_p1_mirror_hole_cov=0.0299 real_p1_eps=0.1204 real_p1_hole_frac=0.0749 real_p2_eps=0.0301 real_p2_hit=0.0000 real_total=0.1505 discr_adv=0.9785 x0_d_real=0.6897 x0_d_fake=0.6467 g_grad_abs=924.7911 d_grad_abs=259.9069 synth_eps=0.1208 synth_eps_raw=0.1208 synth_x0_hit=0.0000 synth_total=0.1208 extra_render_attn_share=0.5640
[step 20500] real_p1_mirror_hole_cov=0.0254 real_p1_eps=0.0838 real_p1_hole_frac=0.2671 real_p2_eps=0.1605 real_p2_hit=1.0000 real_p2_t=290.0000 real_p2_ldif=0.1038 real_p2_gen_adv=-0.5702 real_p2_lfm=0.0064 real_total=0.3039 discr_adv=1.1787 p2_d_real=0.2129 p2_d_fake=0.5702 g_grad_abs=2242.1984 d_grad_abs=1476.2337 synth_eps=0.0740 synth_eps_raw=0.0740 synth_x0_hit=0.0000 synth_total=0.0740 extra_render_attn_share=0.5640
[images] real: anchor | cond1 | cond2 | inv_warp_mirror | mask | mask_inv | warp_img | warp_warp_img | x | y_hat | y_hat_novel -> /home/xzy/warpgan-diffusiong-inpainting/warpgan-diffusion-inpainting-main/experiments/train_inpainting_diffusion/[20260913-032728]_v18w6_w4_100k/logs/images/train/real_step0020500.png
[images] synth: cond | mask | target | warp_img | x | y_hat_novel -> /home/xzy/warpgan-diffusiong-inpainting/warpgan-diffusion-inpainting-main/experiments/train_inpainting_diffusion/[20260913-032728]_v18w6_w4_100k/logs/images/train/synth_step0020500.png
[step 20550] real_p1_mirror_hole_cov=0.1463 real_p1_eps=0.2760 real_p1_hole_frac=0.2540 real_p2_eps=0.3097 real_p2_hit=1.0000 real_p2_t=95.0000 real_p2_ldif=0.0343 real_p2_gen_adv=0.4841 real_p2_lfm=0.0027 real_total=0.6740 discr_adv=0.9703 p2_d_real=-0.4247 p2_d_fake=-0.4841 g_grad_abs=1760.7696 d_grad_abs=446.8112 synth_eps=0.2518 synth_eps_raw=0.2518 synth_x0_hit=1.0000 synth_x0_t=205.0000 synth_x0_ldif=0.0858 synth_x0_gen_adv=0.4215 synth_x0_lfm=0.0057 synth_total=0.3911 extra_render_attn_share=0.5640
[step 20600] real_p1_mirror_hole_cov=0.0668 real_p1_eps=0.2157 real_p1_hole_frac=0.3193 real_p2_eps=0.1840 real_p2_hit=1.0000 real_p2_t=297.0000 real_p2_ldif=0.1249 real_p2_gen_adv=-0.4398 real_p2_lfm=0.0094 real_total=0.4995 discr_adv=0.9589 p2_d_real=0.5222 p2_d_fake=0.4398 g_grad_abs=2167.0128 d_grad_abs=430.6552 synth_eps=0.0123 synth_eps_raw=0.0123 synth_x0_hit=0.0000 synth_total=0.0123 extra_render_attn_share=0.5640
[step 20650] real_p1_mirror_hole_cov=0.0150 real_p1_eps=0.2888 real_p1_hole_frac=0.3716 real_p2_eps=0.2701 real_p2_hit=1.0000 real_p2_t=134.0000 real_p2_ldif=0.0477 real_p2_gen_adv=-0.8288 real_p2_lfm=0.0043 real_total=0.5322 discr_adv=1.0016 p2_d_real=0.8256 p2_d_fake=0.8288 g_grad_abs=1895.9934 d_grad_abs=69.4480 synth_eps=0.1057 synth_eps_raw=0.1057 synth_x0_hit=0.0000 synth_total=0.1057 extra_render_attn_share=0.5640
[step 20700] real_p1_mirror_hole_cov=0.2588 real_p1_eps=0.1411 real_p1_hole_frac=0.2213 real_p2_eps=0.0502 real_p2_hit=0.0000 real_total=0.1913 synth_eps=0.1637 synth_eps_raw=0.1637 synth_x0_hit=1.0000 synth_x0_t=289.0000 synth_x0_ldif=0.1051 synth_x0_gen_adv=0.7389 synth_x0_lfm=0.0072 synth_total=0.3571 extra_render_attn_share=0.5640
[step 20750] real_p1_mirror_hole_cov=0.1675 real_p1_eps=0.1686 real_p1_hole_frac=0.4954 real_p2_eps=0.1779 real_p2_hit=1.0000 real_p2_t=252.0000 real_p2_ldif=0.0874 real_p2_gen_adv=0.4656 real_p2_lfm=0.0062 real_total=0.4929 discr_adv=1.9640 x0_d_real=-0.4265 x0_d_fake=-0.4467 p2_d_real=-0.4138 p2_d_fake=-0.4656 g_grad_abs=1794.9236 d_grad_abs=626.1215 synth_eps=0.4108 synth_eps_raw=0.4108 synth_x0_hit=1.0000 synth_x0_t=67.0000 synth_x0_ldif=0.0294 synth_x0_gen_adv=0.2827 synth_x0_lfm=0.0029 synth_total=0.4743 extra_render_attn_share=0.5640
[step 20800] real_p1_mirror_hole_cov=0.1488 real_p1_eps=0.2704 real_p1_hole_frac=0.4118 real_p2_eps=0.2026 real_p2_hit=1.0000 real_p2_t=225.0000 real_p2_ldif=0.0810 real_p2_gen_adv=0.8483 real_p2_lfm=0.0049 real_total=0.6487 discr_adv=0.8802 p2_d_real=-0.5629 p2_d_fake=-0.8483 g_grad_abs=1764.4829 d_grad_abs=1285.2359 synth_eps=0.0121 synth_eps_raw=0.0121 synth_x0_hit=0.0000 synth_total=0.0121 extra_render_attn_share=0.5640
[step 20850] real_p1_mirror_hole_cov=0.1430 real_p1_eps=0.1240 real_p1_hole_frac=0.2733 real_p2_eps=0.1318 real_p2_hit=0.0000 real_total=0.2558 synth_eps=0.0017 synth_eps_raw=0.0017 synth_x0_hit=0.0000 synth_total=0.0017 extra_render_attn_share=0.5640
[step 20900] real_p1_mirror_hole_cov=0.0079 real_p1_eps=0.3600 real_p1_hole_frac=0.2269 real_p2_eps=0.0491 real_p2_hit=0.0000 real_total=0.4091 synth_eps=0.0261 synth_eps_raw=0.0261 synth_x0_hit=0.0000 synth_total=0.0261 extra_render_attn_share=0.5640
[step 20950] real_p1_mirror_hole_cov=0.0308 real_p1_eps=0.2362 real_p1_hole_frac=0.4168 real_p2_eps=0.0868 real_p2_hit=0.0000 real_total=0.3229 synth_eps=0.0131 synth_eps_raw=0.0131 synth_x0_hit=0.0000 synth_total=0.0131 extra_render_attn_share=0.5640
[step 21000] real_p1_mirror_hole_cov=0.3110 real_p1_eps=0.1809 real_p1_hole_frac=0.2665 real_p2_eps=0.1280 real_p2_hit=1.0000 real_p2_t=214.0000 real_p2_ldif=0.0469 real_p2_gen_adv=0.0902 real_p2_lfm=0.0044 real_total=0.3736 discr_adv=1.9825 x0_d_real=0.0778 x0_d_fake=0.0233 p2_d_real=-0.1095 p2_d_fake=-0.0902 g_grad_abs=1823.2157 d_grad_abs=217.6630 synth_eps=0.0322 synth_eps_raw=0.0322 synth_x0_hit=0.0000 synth_total=0.0322 extra_render_attn_share=0.5640
[images] real: anchor | cond1 | cond2 | inv_warp_mirror | mask | mask_inv | warp_img | warp_warp_img | x | y_hat | y_hat_novel -> /home/xzy/warpgan-diffusiong-inpainting/warpgan-diffusion-inpainting-main/experiments/train_inpainting_diffusion/[20260913-032728]_v18w6_w4_100k/logs/images/train/real_step0021000.png
[images] synth: cond | mask | target | warp_img | x | y_hat_novel -> /home/xzy/warpgan-diffusiong-inpainting/warpgan-diffusion-inpainting-main/experiments/train_inpainting_diffusion/[20260913-032728]_v18w6_w4_100k/logs/images/train/synth_step0021000.png
[step 21050] real_p1_mirror_hole_cov=0.3561 real_p1_eps=0.3486 real_p1_hole_frac=0.2217 real_p2_eps=0.0080 real_p2_hit=0.0000 real_total=0.3565 discr_adv=1.1745 x0_d_real=-0.1103 x0_d_fake=0.2387 g_grad_abs=1250.5128 d_grad_abs=1583.5531 synth_eps=0.0867 synth_eps_raw=0.0867 synth_x0_hit=0.0000 synth_total=0.0867 extra_render_attn_share=0.5640
[step 21100] real_p1_mirror_hole_cov=0.3315 real_p1_eps=0.2534 real_p1_hole_frac=0.3238 real_p2_eps=0.1271 real_p2_hit=0.0000 real_total=0.3805 discr_adv=0.9806 x0_d_real=0.5372 x0_d_fake=0.4983 g_grad_abs=1275.6389 d_grad_abs=360.4506 synth_eps=0.0828 synth_eps_raw=0.0828 synth_x0_hit=0.0000 synth_total=0.0828 extra_render_attn_share=0.5640
[step 21150] real_p1_mirror_hole_cov=0.0190 real_p1_eps=0.1299 real_p1_hole_frac=0.3974 real_p2_eps=0.0407 real_p2_hit=0.0000 real_total=0.1706 synth_eps=0.3023 synth_eps_raw=0.3023 synth_x0_hit=1.0000 synth_x0_t=147.0000 synth_x0_ldif=0.0610 synth_x0_gen_adv=-0.4670 synth_x0_lfm=0.0045 synth_total=0.3256 extra_render_attn_share=0.5640
[step 21200] real_p1_mirror_hole_cov=0.0359 real_p1_eps=0.0715 real_p1_hole_frac=0.1066 real_p2_eps=0.2833 real_p2_hit=1.0000 real_p2_t=48.0000 real_p2_ldif=0.0138 real_p2_gen_adv=-0.2713 real_p2_lfm=0.0012 real_total=0.3439 discr_adv=2.1427 x0_d_real=-0.3360 x0_d_fake=-0.2391 p2_d_real=0.0830 p2_d_fake=0.2713 g_grad_abs=1271.0208 d_grad_abs=1169.0895 synth_eps=0.3206 synth_eps_raw=0.3206 synth_x0_hit=1.0000 synth_x0_t=122.0000 synth_x0_ldif=0.0496 synth_x0_gen_adv=0.4665 synth_x0_lfm=0.0038 synth_total=0.4245 extra_render_attn_share=0.5640
[step 21250] real_p1_mirror_hole_cov=0.0023 real_p1_eps=0.1000 real_p1_hole_frac=0.2760 real_p2_eps=0.0170 real_p2_hit=0.0000 real_total=0.1170 discr_adv=0.9624 x0_d_real=-0.1281 x0_d_fake=-0.2034 g_grad_abs=808.4489 d_grad_abs=1425.6364 synth_eps=0.0826 synth_eps_raw=0.0826 synth_x0_hit=0.0000 synth_total=0.0826 extra_render_attn_share=0.5640
[step 21300] real_p1_mirror_hole_cov=0.1843 real_p1_eps=0.1719 real_p1_hole_frac=0.5427 real_p2_eps=0.2183 real_p2_hit=1.0000 real_p2_t=254.0000 real_p2_ldif=0.1089 real_p2_gen_adv=-0.4494 real_p2_lfm=0.0073 real_total=0.4689 discr_adv=1.9331 x0_d_real=0.1009 x0_d_fake=0.0340 p2_d_real=0.5167 p2_d_fake=0.4494 g_grad_abs=2178.7551 d_grad_abs=1352.6177 synth_eps=0.2881 synth_eps_raw=0.2881 synth_x0_hit=1.0000 synth_x0_t=211.0000 synth_x0_ldif=0.1030 synth_x0_gen_adv=-0.7440 synth_x0_lfm=0.0076 synth_total=0.3320 extra_render_attn_share=0.5640
[step 21350] real_p1_mirror_hole_cov=0.2089 real_p1_eps=0.2290 real_p1_hole_frac=0.5567 real_p2_eps=0.0483 real_p2_hit=0.0000 real_total=0.2772 synth_eps=0.1252 synth_eps_raw=0.1252 synth_x0_hit=0.0000 synth_total=0.1252 extra_render_attn_share=0.5640
[step 21400] real_p1_mirror_hole_cov=0.0096 real_p1_eps=0.2502 real_p1_hole_frac=0.2666 real_p2_eps=0.4992 real_p2_hit=1.0000 real_p2_t=27.0000 real_p2_ldif=0.0130 real_p2_gen_adv=-0.2582 real_p2_lfm=0.0017 real_total=0.7398 discr_adv=0.9468 p2_d_real=0.3657 p2_d_fake=0.2582 g_grad_abs=1747.6000 d_grad_abs=492.6234 synth_eps=0.0422 synth_eps_raw=0.0422 synth_x0_hit=0.0000 synth_total=0.0422 extra_render_attn_share=0.5640
[step 21450] real_p1_mirror_hole_cov=0.0683 real_p1_eps=0.1327 real_p1_hole_frac=0.4709 real_p2_eps=0.0634 real_p2_hit=0.0000 real_total=0.1961 synth_eps=0.2293 synth_eps_raw=0.2293 synth_x0_hit=1.0000 synth_x0_t=285.0000 synth_x0_ldif=0.1432 synth_x0_gen_adv=0.3696 synth_x0_lfm=0.0103 synth_total=0.4300 extra_render_attn_share=0.5640
[step 21500] real_p1_mirror_hole_cov=0.0328 real_p1_eps=0.1956 real_p1_hole_frac=0.2391 real_p2_eps=0.0545 real_p2_hit=0.0000 real_total=0.2501 synth_eps=0.0471 synth_eps_raw=0.0471 synth_x0_hit=0.0000 synth_total=0.0471 extra_render_attn_share=0.5640
[images] real: anchor | cond1 | cond2 | inv_warp_mirror | mask | mask_inv | warp_img | warp_warp_img | x | y_hat | y_hat_novel -> /home/xzy/warpgan-diffusiong-inpainting/warpgan-diffusion-inpainting-main/experiments/train_inpainting_diffusion/[20260913-032728]_v18w6_w4_100k/logs/images/train/real_step0021500.png
[images] synth: cond | mask | target | warp_img | x | y_hat_novel -> /home/xzy/warpgan-diffusiong-inpainting/warpgan-diffusion-inpainting-main/experiments/train_inpainting_diffusion/[20260913-032728]_v18w6_w4_100k/logs/images/train/synth_step0021500.png
[step 21550] real_p1_mirror_hole_cov=0.0213 real_p1_eps=0.1844 real_p1_hole_frac=0.0834 real_p2_eps=0.0298 real_p2_hit=0.0000 real_total=0.2141 synth_eps=0.0431 synth_eps_raw=0.0431 synth_x0_hit=0.0000 synth_total=0.0431 extra_render_attn_share=0.5640
[step 21600] real_p1_mirror_hole_cov=0.0156 real_p1_eps=0.0441 real_p1_hole_frac=0.0841 real_p2_eps=0.2190 real_p2_hit=1.0000 real_p2_t=60.0000 real_p2_ldif=0.0138 real_p2_gen_adv=-0.0657 real_p2_lfm=0.0019 real_total=0.2742 discr_adv=1.9576 x0_d_real=-0.2950 x0_d_fake=-0.4642 p2_d_real=-0.0115 p2_d_fake=0.0657 g_grad_abs=1212.1207 d_grad_abs=972.7095 synth_eps=0.2338 synth_eps_raw=0.2338 synth_x0_hit=1.0000 synth_x0_t=260.0000 synth_x0_ldif=0.1219 synth_x0_gen_adv=-0.0361 synth_x0_lfm=0.0067 synth_total=0.3654 extra_render_attn_share=0.5640
[step 21650] real_p1_mirror_hole_cov=0.0065 real_p1_eps=0.1084 real_p1_hole_frac=0.2797 real_p2_eps=0.0057 real_p2_hit=0.0000 real_total=0.1141 synth_eps=0.1077 synth_eps_raw=0.1077 synth_x0_hit=0.0000 synth_total=0.1077 extra_render_attn_share=0.5640
[step 21700] real_p1_mirror_hole_cov=0.1741 real_p1_eps=0.1931 real_p1_hole_frac=0.4691 real_p2_eps=0.1413 real_p2_hit=0.0000 real_total=0.3344 discr_adv=0.9479 x0_d_real=-0.1533 x0_d_fake=-0.2630 g_grad_abs=1297.4935 d_grad_abs=1117.2055 synth_eps=0.0104 synth_eps_raw=0.0104 synth_x0_hit=0.0000 synth_total=0.0104 extra_render_attn_share=0.5640
[step 21750] real_p1_mirror_hole_cov=0.2711 real_p1_eps=0.1296 real_p1_hole_frac=0.3025 real_p2_eps=0.0026 real_p2_hit=0.0000 real_total=0.1322 discr_adv=0.9723 x0_d_real=-0.2397 x0_d_fake=-0.2952 g_grad_abs=895.2457 d_grad_abs=402.8649 synth_eps=0.0155 synth_eps_raw=0.0155 synth_x0_hit=0.0000 synth_total=0.0155 extra_render_attn_share=0.5640
[step 21800] real_p1_mirror_hole_cov=0.2192 real_p1_eps=0.2799 real_p1_hole_frac=0.4223 real_p2_eps=0.5964 real_p2_hit=1.0000 real_p2_t=17.0000 real_p2_ldif=0.0096 real_p2_gen_adv=0.2509 real_p2_lfm=0.0017 real_total=0.9145 discr_adv=0.9796 p2_d_real=-0.2100 p2_d_fake=-0.2509 g_grad_abs=1605.9081 d_grad_abs=210.3494 synth_eps=0.0376 synth_eps_raw=0.0376 synth_x0_hit=0.0000 synth_total=0.0376 extra_render_attn_share=0.5640
[step 21850] real_p1_mirror_hole_cov=0.4346 real_p1_eps=0.2561 real_p1_hole_frac=0.6610 real_p2_eps=0.1164 real_p2_hit=0.0000 real_total=0.3725 synth_eps=0.1813 synth_eps_raw=0.1813 synth_x0_hit=1.0000 synth_x0_t=260.0000 synth_x0_ldif=0.0945 synth_x0_gen_adv=0.3614 synth_x0_lfm=0.0075 synth_total=0.3269 extra_render_attn_share=0.5640
[step 21900] real_p1_mirror_hole_cov=0.1485 real_p1_eps=0.0611 real_p1_hole_frac=0.0868 real_p2_eps=0.0366 real_p2_hit=0.0000 real_total=0.0977 discr_adv=0.9854 x0_d_real=0.1809 x0_d_fake=0.1516 g_grad_abs=665.6993 d_grad_abs=286.2735 synth_eps=0.0043 synth_eps_raw=0.0043 synth_x0_hit=0.0000 synth_total=0.0043 extra_render_attn_share=0.5640
[step 21950] real_p1_mirror_hole_cov=0.0918 real_p1_eps=0.0491 real_p1_hole_frac=0.0277 real_p2_eps=0.2660 real_p2_hit=1.0000 real_p2_t=28.0000 real_p2_ldif=0.0072 real_p2_gen_adv=0.1387 real_p2_lfm=0.0014 real_total=0.3390 discr_adv=1.0075 p2_d_real=-0.1538 p2_d_fake=-0.1387 g_grad_abs=1231.1340 d_grad_abs=152.5815 synth_eps=0.0629 synth_eps_raw=0.0629 synth_x0_hit=0.0000 synth_total=0.0629 extra_render_attn_share=0.5640
[val step 21999] val_novel_full=0.0317 val_novel_hole=0.0316 val_novel_visible=0.0317
[step 22000] real_p1_mirror_hole_cov=0.0105 real_p1_eps=0.2385 real_p1_hole_frac=0.1610 real_p2_eps=0.1002 real_p2_hit=1.0000 real_p2_t=227.0000 real_p2_ldif=0.0407 real_p2_gen_adv=0.1628 real_p2_lfm=0.0036 real_total=0.4030 discr_adv=1.9871 x0_d_real=-0.6865 x0_d_fake=-0.7781 p2_d_real=-0.2118 p2_d_fake=-0.1628 g_grad_abs=1653.9720 d_grad_abs=2025.5536 synth_eps=0.0080 synth_eps_raw=0.0080 synth_x0_hit=0.0000 synth_total=0.0080 extra_render_attn_share=0.5653
[images] real: anchor | cond1 | cond2 | inv_warp_mirror | mask | mask_inv | warp_img | warp_warp_img | x | y_hat | y_hat_novel -> /home/xzy/warpgan-diffusiong-inpainting/warpgan-diffusion-inpainting-main/experiments/train_inpainting_diffusion/[20260913-032728]_v18w6_w4_100k/logs/images/train/real_step0022000.png
[images] synth: cond | mask | target | warp_img | x | y_hat_novel -> /home/xzy/warpgan-diffusiong-inpainting/warpgan-diffusion-inpainting-main/experiments/train_inpainting_diffusion/[20260913-032728]_v18w6_w4_100k/logs/images/train/synth_step0022000.png
[step 22050] real_p1_mirror_hole_cov=0.0054 real_p1_eps=0.3490 real_p1_hole_frac=0.1290 real_p2_eps=0.0075 real_p2_hit=0.0000 real_total=0.3565 synth_eps=0.0040 synth_eps_raw=0.0040 synth_x0_hit=0.0000 synth_total=0.0040 extra_render_attn_share=0.5653
[step 22100] real_p1_mirror_hole_cov=0.0932 real_p1_eps=0.2405 real_p1_hole_frac=0.2018 real_p2_eps=0.0410 real_p2_hit=0.0000 real_total=0.2815 synth_eps=0.0661 synth_eps_raw=0.0661 synth_x0_hit=0.0000 synth_total=0.0661 extra_render_attn_share=0.5653
[step 22150] real_p1_mirror_hole_cov=0.0322 real_p1_eps=0.1023 real_p1_hole_frac=0.1023 real_p2_eps=0.1122 real_p2_hit=1.0000 real_p2_t=234.0000 real_p2_ldif=0.0481 real_p2_gen_adv=-0.7114 real_p2_lfm=0.0038 real_total=0.1991 discr_adv=1.7436 x0_d_real=0.6038 x0_d_fake=0.0712 p2_d_real=0.6925 p2_d_fake=0.7114 g_grad_abs=1528.5844 d_grad_abs=2282.1424 synth_eps=0.0014 synth_eps_raw=0.0014 synth_x0_hit=0.0000 synth_total=0.0014 extra_render_attn_share=0.5653
[step 22200] real_p1_mirror_hole_cov=0.0198 real_p1_eps=0.0699 real_p1_hole_frac=0.0744 real_p2_eps=0.0020 real_p2_hit=0.0000 real_total=0.0719 synth_eps=0.2501 synth_eps_raw=0.2501 synth_x0_hit=1.0000 synth_x0_t=110.0000 synth_x0_ldif=0.0336 synth_x0_gen_adv=-0.0935 synth_x0_lfm=0.0029 synth_total=0.2801 extra_render_attn_share=0.5653
[step 22250] real_p1_mirror_hole_cov=0.2081 real_p1_eps=0.3044 real_p1_hole_frac=0.3990 real_p2_eps=0.1803 real_p2_hit=1.0000 real_p2_t=215.0000 real_p2_ldif=0.0666 real_p2_gen_adv=0.3589 real_p2_lfm=0.0055 real_total=0.5981 discr_adv=2.2495 x0_d_real=-0.0508 x0_d_fake=0.1922 p2_d_real=-0.6144 p2_d_fake=-0.3589 g_grad_abs=1985.0069 d_grad_abs=1349.7770 synth_eps=0.0180 synth_eps_raw=0.0180 synth_x0_hit=0.0000 synth_total=0.0180 extra_render_attn_share=0.5653
[step 22300] real_p1_mirror_hole_cov=0.1081 real_p1_eps=0.3022 real_p1_hole_frac=0.4941 real_p2_eps=0.1316 real_p2_hit=0.0000 real_total=0.4338 discr_adv=0.9411 x0_d_real=0.3108 x0_d_fake=0.1923 g_grad_abs=1366.3208 d_grad_abs=778.3522 synth_eps=0.2163 synth_eps_raw=0.2163 synth_x0_hit=1.0000 synth_x0_t=248.0000 synth_x0_ldif=0.1032 synth_x0_gen_adv=-0.3247 synth_x0_lfm=0.0082 synth_total=0.3033 extra_render_attn_share=0.5653
[step 22350] real_p1_mirror_hole_cov=0.0950 real_p1_eps=0.1133 real_p1_hole_frac=0.1784 real_p2_eps=0.0071 real_p2_hit=0.0000 real_total=0.1203 synth_eps=0.2087 synth_eps_raw=0.2087 synth_x0_hit=1.0000 synth_x0_t=274.0000 synth_x0_ldif=0.1205 synth_x0_gen_adv=0.2542 synth_x0_lfm=0.0078 synth_total=0.3701 extra_render_attn_share=0.5653
[step 22400] real_p1_mirror_hole_cov=0.0784 real_p1_eps=0.1999 real_p1_hole_frac=0.1251 real_p2_eps=0.0007 real_p2_hit=0.0000 real_total=0.2006 discr_adv=0.9787 x0_d_real=-0.0226 x0_d_fake=-0.0652 g_grad_abs=978.9277 d_grad_abs=320.6731 synth_eps=0.0094 synth_eps_raw=0.0094 synth_x0_hit=0.0000 synth_total=0.0094 extra_render_attn_share=0.5653
[step 22450] real_p1_mirror_hole_cov=0.2799 real_p1_eps=0.1332 real_p1_hole_frac=0.2182 real_p2_eps=0.0016 real_p2_hit=0.0000 real_total=0.1347 synth_eps=0.3334 synth_eps_raw=0.3334 synth_x0_hit=1.0000 synth_x0_t=113.0000 synth_x0_ldif=0.0464 synth_x0_gen_adv=0.3269 synth_x0_lfm=0.0040 synth_total=0.4204 extra_render_attn_share=0.5653
[step 22500] real_p1_mirror_hole_cov=0.1773 real_p1_eps=0.5976 real_p1_hole_frac=0.0406 real_p2_eps=0.0102 real_p2_hit=0.0000 real_total=0.6078 discr_adv=0.9630 x0_d_real=0.5964 x0_d_fake=0.5221 g_grad_abs=1937.9531 d_grad_abs=547.3428 synth_eps=0.0043 synth_eps_raw=0.0043 synth_x0_hit=0.0000 synth_total=0.0043 extra_render_attn_share=0.5653
[images] real: anchor | cond1 | cond2 | inv_warp_mirror | mask | mask_inv | warp_img | warp_warp_img | x | y_hat | y_hat_novel -> /home/xzy/warpgan-diffusiong-inpainting/warpgan-diffusion-inpainting-main/experiments/train_inpainting_diffusion/[20260913-032728]_v18w6_w4_100k/logs/images/train/real_step0022500.png
[images] synth: cond | mask | target | warp_img | x | y_hat_novel -> /home/xzy/warpgan-diffusiong-inpainting/warpgan-diffusion-inpainting-main/experiments/train_inpainting_diffusion/[20260913-032728]_v18w6_w4_100k/logs/images/train/synth_step0022500.png
[step 22550] real_p1_mirror_hole_cov=0.0053 real_p1_eps=0.1537 real_p1_hole_frac=0.0739 real_p2_eps=0.0052 real_p2_hit=0.0000 real_total=0.1589 synth_eps=0.0266 synth_eps_raw=0.0266 synth_x0_hit=0.0000 synth_total=0.0266 extra_render_attn_share=0.5653
[step 22600] real_p1_mirror_hole_cov=0.0099 real_p1_eps=0.3808 real_p1_hole_frac=0.1173 real_p2_eps=0.0146 real_p2_hit=0.0000 real_total=0.3954 synth_eps=0.1306 synth_eps_raw=0.1306 synth_x0_hit=0.0000 synth_total=0.1306 extra_render_attn_share=0.5653
[step 22650] real_p1_mirror_hole_cov=0.0201 real_p1_eps=0.1759 real_p1_hole_frac=0.3425 real_p2_eps=0.1167 real_p2_hit=0.0000 real_total=0.2926 synth_eps=0.0090 synth_eps_raw=0.0090 synth_x0_hit=0.0000 synth_total=0.0090 extra_render_attn_share=0.5653
[step 22700] real_p1_mirror_hole_cov=0.0902 real_p1_eps=0.0562 real_p1_hole_frac=0.0201 real_p2_eps=0.0005 real_p2_hit=0.0000 real_total=0.0567 synth_eps=0.2051 synth_eps_raw=0.2051 synth_x0_hit=1.0000 synth_x0_t=267.0000 synth_x0_ldif=0.1125 synth_x0_gen_adv=-0.7262 synth_x0_lfm=0.0089 synth_total=0.2628 extra_render_attn_share=0.5653
[step 22750] real_p1_mirror_hole_cov=0.1034 real_p1_eps=0.4743 real_p1_hole_frac=0.3694 real_p2_eps=0.0627 real_p2_hit=0.0000 real_total=0.5370 synth_eps=0.1810 synth_eps_raw=0.1810 synth_x0_hit=1.0000 synth_x0_t=257.0000 synth_x0_ldif=0.0923 synth_x0_gen_adv=-0.5260 synth_x0_lfm=0.0049 synth_total=0.2304 extra_render_attn_share=0.5653
[step 22800] real_p1_mirror_hole_cov=0.1486 real_p1_eps=0.1018 real_p1_hole_frac=0.1071 real_p2_eps=0.1672 real_p2_hit=1.0000 real_p2_t=146.0000 real_p2_ldif=0.0334 real_p2_gen_adv=-0.6575 real_p2_lfm=0.0026 real_total=0.2418 discr_adv=1.0898 p2_d_real=0.4779 p2_d_fake=0.6575 g_grad_abs=1319.9948 d_grad_abs=918.3787 synth_eps=0.0249 synth_eps_raw=0.0249 synth_x0_hit=0.0000 synth_total=0.0249 extra_render_attn_share=0.5653
[step 22850] real_p1_mirror_hole_cov=0.0258 real_p1_eps=0.2966 real_p1_hole_frac=0.4864 real_p2_eps=0.0821 real_p2_hit=0.0000 real_total=0.3787 synth_eps=0.1574 synth_eps_raw=0.1574 synth_x0_hit=0.0000 synth_total=0.1574 extra_render_attn_share=0.5653
[step 22900] real_p1_mirror_hole_cov=0.0425 real_p1_eps=0.2657 real_p1_hole_frac=0.0506 real_p2_eps=0.0374 real_p2_hit=0.0000 real_total=0.3031 discr_adv=0.9689 x0_d_real=0.2042 x0_d_fake=0.1420 g_grad_abs=1684.4938 d_grad_abs=130.1170 synth_eps=0.0169 synth_eps_raw=0.0169 synth_x0_hit=0.0000 synth_total=0.0169 extra_render_attn_share=0.5653
[step 22950] real_p1_mirror_hole_cov=0.5820 real_p1_eps=0.2714 real_p1_hole_frac=0.0639 real_p2_eps=0.0009 real_p2_hit=0.0000 real_total=0.2723 synth_eps=0.0295 synth_eps_raw=0.0295 synth_x0_hit=0.0000 synth_total=0.0295 extra_render_attn_share=0.5653
[step 23000] real_p1_mirror_hole_cov=0.1372 real_p1_eps=0.3318 real_p1_hole_frac=0.2595 real_p2_eps=0.0047 real_p2_hit=0.0000 real_total=0.3366 synth_eps=0.0104 synth_eps_raw=0.0104 synth_x0_hit=0.0000 synth_total=0.0104 extra_render_attn_share=0.5653
[images] real: anchor | cond1 | cond2 | inv_warp_mirror | mask | mask_inv | warp_img | warp_warp_img | x | y_hat | y_hat_novel -> /home/xzy/warpgan-diffusiong-inpainting/warpgan-diffusion-inpainting-main/experiments/train_inpainting_diffusion/[20260913-032728]_v18w6_w4_100k/logs/images/train/real_step0023000.png
[images] synth: cond | mask | target | warp_img | x | y_hat_novel -> /home/xzy/warpgan-diffusiong-inpainting/warpgan-diffusion-inpainting-main/experiments/train_inpainting_diffusion/[20260913-032728]_v18w6_w4_100k/logs/images/train/synth_step0023000.png
[step 23050] real_p1_mirror_hole_cov=0.1268 real_p1_eps=0.3767 real_p1_hole_frac=0.1737 real_p2_eps=0.1115 real_p2_hit=0.0000 real_total=0.4883 synth_eps=0.0272 synth_eps_raw=0.0272 synth_x0_hit=0.0000 synth_total=0.0272 extra_render_attn_share=0.5653
[step 23100] real_p1_mirror_hole_cov=0.0187 real_p1_eps=0.2499 real_p1_hole_frac=0.3669 real_p2_eps=0.1382 real_p2_hit=0.0000 real_total=0.3881 synth_eps=0.3087 synth_eps_raw=0.3087 synth_x0_hit=1.0000 synth_x0_t=69.0000 synth_x0_ldif=0.0229 synth_x0_gen_adv=0.4235 synth_x0_lfm=0.0025 synth_total=0.3790 extra_render_attn_share=0.5653
[step 23150] real_p1_mirror_hole_cov=0.2234 real_p1_eps=0.1384 real_p1_hole_frac=0.5240 real_p2_eps=0.0557 real_p2_hit=0.0000 real_total=0.1941 synth_eps=0.2378 synth_eps_raw=0.2378 synth_x0_hit=1.0000 synth_x0_t=186.0000 synth_x0_ldif=0.0690 synth_x0_gen_adv=0.4291 synth_x0_lfm=0.0070 synth_total=0.3638 extra_render_attn_share=0.5653
[step 23200] real_p1_mirror_hole_cov=0.2733 real_p1_eps=0.2146 real_p1_hole_frac=0.5559 real_p2_eps=0.0238 real_p2_hit=0.0000 real_total=0.2384 synth_eps=0.1965 synth_eps_raw=0.1965 synth_x0_hit=1.0000 synth_x0_t=248.0000 synth_x0_ldif=0.0937 synth_x0_gen_adv=-1.0296 synth_x0_lfm=0.0063 synth_total=0.1997 extra_render_attn_share=0.5653
[step 23250] real_p1_mirror_hole_cov=0.0352 real_p1_eps=0.3692 real_p1_hole_frac=0.1593 real_p2_eps=0.4515 real_p2_hit=1.0000 real_p2_t=28.0000 real_p2_ldif=0.0122 real_p2_gen_adv=-0.4512 real_p2_lfm=0.0012 real_total=0.7902 discr_adv=0.9867 p2_d_real=0.4778 p2_d_fake=0.4512 g_grad_abs=2370.7220 d_grad_abs=96.7306 synth_eps=0.2269 synth_eps_raw=0.2269 synth_x0_hit=1.0000 synth_x0_t=182.0000 synth_x0_ldif=0.0636 synth_x0_gen_adv=-0.2263 synth_x0_lfm=0.0012 synth_total=0.2702 extra_render_attn_share=0.5653
[step 23300] real_p1_mirror_hole_cov=0.0894 real_p1_eps=0.1227 real_p1_hole_frac=0.5114 real_p2_eps=0.0228 real_p2_hit=0.0000 real_total=0.1455 discr_adv=0.9484 x0_d_real=0.1447 x0_d_fake=0.0301 g_grad_abs=836.4747 d_grad_abs=555.1197 synth_eps=0.0358 synth_eps_raw=0.0358 synth_x0_hit=0.0000 synth_total=0.0358 extra_render_attn_share=0.5653
[step 23350] real_p1_mirror_hole_cov=0.2293 real_p1_eps=0.1728 real_p1_hole_frac=0.6321 real_p2_eps=0.2515 real_p2_hit=1.0000 real_p2_t=181.0000 real_p2_ldif=0.0698 real_p2_gen_adv=0.3103 real_p2_lfm=0.0058 real_total=0.5368 discr_adv=1.9482 x0_d_real=-0.2335 x0_d_fake=-0.2869 p2_d_real=-0.2602 p2_d_fake=-0.3103 g_grad_abs=1665.8927 d_grad_abs=666.5263 synth_eps=0.0575 synth_eps_raw=0.0575 synth_x0_hit=0.0000 synth_total=0.0575 extra_render_attn_share=0.5653
[step 23400] real_p1_mirror_hole_cov=0.2237 real_p1_eps=0.2513 real_p1_hole_frac=0.2212 real_p2_eps=0.1086 real_p2_hit=0.0000 real_total=0.3600 discr_adv=0.9251 x0_d_real=-0.1281 x0_d_fake=-0.2812 g_grad_abs=1204.1366 d_grad_abs=852.3835 synth_eps=0.0218 synth_eps_raw=0.0218 synth_x0_hit=0.0000 synth_total=0.0218 extra_render_attn_share=0.5653
[step 23450] real_p1_mirror_hole_cov=0.0025 real_p1_eps=0.0713 real_p1_hole_frac=0.1450 real_p2_eps=0.0317 real_p2_hit=0.0000 real_total=0.1031 synth_eps=0.1494 synth_eps_raw=0.1494 synth_x0_hit=0.0000 synth_total=0.1494 extra_render_attn_share=0.5653
[step 23500] real_p1_mirror_hole_cov=0.4144 real_p1_eps=0.2015 real_p1_hole_frac=0.1831 real_p2_eps=0.0032 real_p2_hit=0.0000 real_total=0.2047 synth_eps=0.0063 synth_eps_raw=0.0063 synth_x0_hit=0.0000 synth_total=0.0063 extra_render_attn_share=0.5653
[images] real: anchor | cond1 | cond2 | inv_warp_mirror | mask | mask_inv | warp_img | warp_warp_img | x | y_hat | y_hat_novel -> /home/xzy/warpgan-diffusiong-inpainting/warpgan-diffusion-inpainting-main/experiments/train_inpainting_diffusion/[20260913-032728]_v18w6_w4_100k/logs/images/train/real_step0023500.png
[images] synth: cond | mask | target | warp_img | x | y_hat_novel -> /home/xzy/warpgan-diffusiong-inpainting/warpgan-diffusion-inpainting-main/experiments/train_inpainting_diffusion/[20260913-032728]_v18w6_w4_100k/logs/images/train/synth_step0023500.png
[step 23550] real_p1_mirror_hole_cov=0.0192 real_p1_eps=0.1409 real_p1_hole_frac=0.3270 real_p2_eps=0.0720 real_p2_hit=0.0000 real_total=0.2129 synth_eps=0.1865 synth_eps_raw=0.1865 synth_x0_hit=1.0000 synth_x0_t=273.0000 synth_x0_ldif=0.1069 synth_x0_gen_adv=-0.0994 synth_x0_lfm=0.0079 synth_total=0.2991 extra_render_attn_share=0.5653
[step 23600] real_p1_mirror_hole_cov=0.0000 real_p1_eps=0.0690 real_p1_hole_frac=0.0663 real_p2_eps=0.0276 real_p2_hit=0.0000 real_total=0.0965 synth_eps=0.0031 synth_eps_raw=0.0031 synth_x0_hit=0.0000 synth_total=0.0031 extra_render_attn_share=0.5653
[step 23650] real_p1_mirror_hole_cov=0.1388 real_p1_eps=0.0279 real_p1_hole_frac=0.0354 real_p2_eps=0.1076 real_p2_hit=1.0000 real_p2_t=155.0000 real_p2_ldif=0.0235 real_p2_gen_adv=-0.1719 real_p2_lfm=0.0033 real_total=0.1483 discr_adv=1.1349 p2_d_real=-0.0978 p2_d_fake=0.1719 g_grad_abs=1837.1564 d_grad_abs=1426.1359 synth_eps=0.2050 synth_eps_raw=0.2050 synth_x0_hit=1.0000 synth_x0_t=298.0000 synth_x0_ldif=0.1402 synth_x0_gen_adv=0.1817 synth_x0_lfm=0.0091 synth_total=0.3815 extra_render_attn_share=0.5653
[step 23700] real_p1_mirror_hole_cov=0.2156 real_p1_eps=0.1378 real_p1_hole_frac=0.5131 real_p2_eps=0.4345 real_p2_hit=1.0000 real_p2_t=57.0000 real_p2_ldif=0.0257 real_p2_gen_adv=0.4585 real_p2_lfm=0.0031 real_total=0.6501 discr_adv=1.9556 x0_d_real=0.4355 x0_d_fake=0.4425 p2_d_real=-0.3626 p2_d_fake=-0.4585 g_grad_abs=1364.4051 d_grad_abs=2377.1506 synth_eps=0.0052 synth_eps_raw=0.0052 synth_x0_hit=0.0000 synth_total=0.0052 extra_render_attn_share=0.5653
[step 23750] real_p1_mirror_hole_cov=0.3265 real_p1_eps=0.1458 real_p1_hole_frac=0.4947 real_p2_eps=0.0028 real_p2_hit=0.0000 real_total=0.1486 discr_adv=0.9409 x0_d_real=-0.2206 x0_d_fake=-0.3395 g_grad_abs=824.3345 d_grad_abs=572.0004 synth_eps=0.2967 synth_eps_raw=0.2967 synth_x0_hit=1.0000 synth_x0_t=134.0000 synth_x0_ldif=0.0524 synth_x0_gen_adv=-0.1030 synth_x0_lfm=0.0029 synth_total=0.3445 extra_render_attn_share=0.5653
[step 23800] real_p1_mirror_hole_cov=0.2310 real_p1_eps=0.2769 real_p1_hole_frac=0.4892 real_p2_eps=0.0466 real_p2_hit=0.0000 real_total=0.3236 synth_eps=0.1491 synth_eps_raw=0.1491 synth_x0_hit=0.0000 synth_total=0.1491 extra_render_attn_share=0.5653
[step 23850] real_p1_mirror_hole_cov=0.0359 real_p1_eps=0.1056 real_p1_hole_frac=0.3285 real_p2_eps=0.0042 real_p2_hit=0.0000 real_total=0.1098 synth_eps=0.4424 synth_eps_raw=0.4424 synth_x0_hit=1.0000 synth_x0_t=64.0000 synth_x0_ldif=0.0300 synth_x0_gen_adv=-0.5960 synth_x0_lfm=0.0026 synth_total=0.4181 extra_render_attn_share=0.5653
[step 23900] real_p1_mirror_hole_cov=0.0110 real_p1_eps=0.4779 real_p1_hole_frac=0.3018 real_p2_eps=0.0850 real_p2_hit=0.0000 real_total=0.5628 discr_adv=0.9361 x0_d_real=0.0036 x0_d_fake=-0.1242 g_grad_abs=1648.7317 d_grad_abs=402.4227 synth_eps=0.0018 synth_eps_raw=0.0018 synth_x0_hit=0.0000 synth_total=0.0018 extra_render_attn_share=0.5653
[step 23950] real_p1_mirror_hole_cov=0.1784 real_p1_eps=0.2427 real_p1_hole_frac=0.5743 real_p2_eps=0.0073 real_p2_hit=0.0000 real_total=0.2500 synth_eps=0.0310 synth_eps_raw=0.0310 synth_x0_hit=0.0000 synth_total=0.0310 extra_render_attn_share=0.5653
[val step 23999] val_novel_full=0.0279 val_novel_hole=0.0300 val_novel_visible=0.0274
[step 24000] real_p1_mirror_hole_cov=0.2045 real_p1_eps=0.2297 real_p1_hole_frac=0.5896 real_p2_eps=0.0128 real_p2_hit=0.0000 real_total=0.2425 synth_eps=0.0236 synth_eps_raw=0.0236 synth_x0_hit=0.0000 synth_total=0.0236 extra_render_attn_share=0.5686
[images] real: anchor | cond1 | cond2 | inv_warp_mirror | mask | mask_inv | warp_img | warp_warp_img | x | y_hat | y_hat_novel -> /home/xzy/warpgan-diffusiong-inpainting/warpgan-diffusion-inpainting-main/experiments/train_inpainting_diffusion/[20260913-032728]_v18w6_w4_100k/logs/images/train/real_step0024000.png
[images] synth: cond | mask | target | warp_img | x | y_hat_novel -> /home/xzy/warpgan-diffusiong-inpainting/warpgan-diffusion-inpainting-main/experiments/train_inpainting_diffusion/[20260913-032728]_v18w6_w4_100k/logs/images/train/synth_step0024000.png
[step 24050] real_p1_mirror_hole_cov=0.0565 real_p1_eps=0.0925 real_p1_hole_frac=0.1705 real_p2_eps=0.1053 real_p2_hit=1.0000 real_p2_t=270.0000 real_p2_ldif=0.0590 real_p2_gen_adv=-0.5536 real_p2_lfm=0.0042 real_total=0.2098 discr_adv=1.0609 p2_d_real=0.4317 p2_d_fake=0.5536 g_grad_abs=1841.6383 d_grad_abs=421.5398 synth_eps=0.0580 synth_eps_raw=0.0580 synth_x0_hit=0.0000 synth_total=0.0580 extra_render_attn_share=0.5686
[step 24100] real_p1_mirror_hole_cov=0.0429 real_p1_eps=0.2192 real_p1_hole_frac=0.2920 real_p2_eps=0.0639 real_p2_hit=0.0000 real_total=0.2830 synth_eps=0.0246 synth_eps_raw=0.0246 synth_x0_hit=0.0000 synth_total=0.0246 extra_render_attn_share=0.5686
[step 24150] real_p1_mirror_hole_cov=0.0901 real_p1_eps=0.2022 real_p1_hole_frac=0.2119 real_p2_eps=0.0982 real_p2_hit=0.0000 real_total=0.3004 synth_eps=0.0354 synth_eps_raw=0.0354 synth_x0_hit=0.0000 synth_total=0.0354 extra_render_attn_share=0.5686
[step 24200] real_p1_mirror_hole_cov=0.0736 real_p1_eps=0.1040 real_p1_hole_frac=0.3482 real_p2_eps=0.0610 real_p2_hit=0.0000 real_total=0.1650 synth_eps=0.1298 synth_eps_raw=0.1298 synth_x0_hit=0.0000 synth_total=0.1298 extra_render_attn_share=0.5686
[step 24250] real_p1_mirror_hole_cov=0.0258 real_p1_eps=0.0765 real_p1_hole_frac=0.2086 real_p2_eps=0.1273 real_p2_hit=1.0000 real_p2_t=276.0000 real_p2_ldif=0.0745 real_p2_gen_adv=-0.8817 real_p2_lfm=0.0043 real_total=0.1987 discr_adv=1.1309 p2_d_real=0.6205 p2_d_fake=0.8817 g_grad_abs=2089.7144 d_grad_abs=2351.0465 synth_eps=0.0038 synth_eps_raw=0.0038 synth_x0_hit=0.0000 synth_total=0.0038 extra_render_attn_share=0.5686
[step 24300] real_p1_mirror_hole_cov=0.1599 real_p1_eps=0.1548 real_p1_hole_frac=0.3414 real_p2_eps=0.3352 real_p2_hit=1.0000 real_p2_t=92.0000 real_p2_ldif=0.0356 real_p2_gen_adv=-0.8256 real_p2_lfm=0.0026 real_total=0.4483 discr_adv=1.0026 p2_d_real=0.8207 p2_d_fake=0.8256 g_grad_abs=1691.8335 d_grad_abs=81.3492 synth_eps=0.0389 synth_eps_raw=0.0389 synth_x0_hit=0.0000 synth_total=0.0389 extra_render_attn_share=0.5686
[step 24350] real_p1_mirror_hole_cov=0.0499 real_p1_eps=0.2166 real_p1_hole_frac=0.1381 real_p2_eps=0.0506 real_p2_hit=0.0000 real_total=0.2672 discr_adv=0.9984 x0_d_real=0.6858 x0_d_fake=0.6825 g_grad_abs=1143.8030 d_grad_abs=23.6886 synth_eps=0.0233 synth_eps_raw=0.0233 synth_x0_hit=0.0000 synth_total=0.0233 extra_render_attn_share=0.5686
[step 24400] real_p1_mirror_hole_cov=0.1889 real_p1_eps=0.3201 real_p1_hole_frac=0.4037 real_p2_eps=0.3241 real_p2_hit=1.0000 real_p2_t=132.0000 real_p2_ldif=0.0560 real_p2_gen_adv=-0.3944 real_p2_lfm=0.0055 real_total=0.6718 discr_adv=0.8525 p2_d_real=0.6893 p2_d_fake=0.3944 g_grad_abs=1789.7379 d_grad_abs=1423.7759 synth_eps=0.2579 synth_eps_raw=0.2579 synth_x0_hit=1.0000 synth_x0_t=193.0000 synth_x0_ldif=0.0795 synth_x0_gen_adv=-0.8046 synth_x0_lfm=0.0062 synth_total=0.2693 extra_render_attn_share=0.5686
[step 24450] real_p1_mirror_hole_cov=0.1214 real_p1_eps=0.4726 real_p1_hole_frac=0.3510 real_p2_eps=0.0555 real_p2_hit=0.0000 real_total=0.5281 synth_eps=0.0456 synth_eps_raw=0.0456 synth_x0_hit=0.0000 synth_total=0.0456 extra_render_attn_share=0.5686
[step 24500] real_p1_mirror_hole_cov=0.0293 real_p1_eps=0.1843 real_p1_hole_frac=0.4380 real_p2_eps=0.0079 real_p2_hit=0.0000 real_total=0.1923 synth_eps=0.0515 synth_eps_raw=0.0515 synth_x0_hit=0.0000 synth_total=0.0515 extra_render_attn_share=0.5686
[images] real: anchor | cond1 | cond2 | inv_warp_mirror | mask | mask_inv | warp_img | warp_warp_img | x | y_hat | y_hat_novel -> /home/xzy/warpgan-diffusiong-inpainting/warpgan-diffusion-inpainting-main/experiments/train_inpainting_diffusion/[20260913-032728]_v18w6_w4_100k/logs/images/train/real_step0024500.png
[images] synth: cond | mask | target | warp_img | x | y_hat_novel -> /home/xzy/warpgan-diffusiong-inpainting/warpgan-diffusion-inpainting-main/experiments/train_inpainting_diffusion/[20260913-032728]_v18w6_w4_100k/logs/images/train/synth_step0024500.png
[step 24550] real_p1_mirror_hole_cov=0.1954 real_p1_eps=0.1537 real_p1_hole_frac=0.2809 real_p2_eps=0.2418 real_p2_hit=1.0000 real_p2_t=140.0000 real_p2_ldif=0.0455 real_p2_gen_adv=-0.4589 real_p2_lfm=0.0039 real_total=0.4030 discr_adv=0.9996 p2_d_real=0.4597 p2_d_fake=0.4589 g_grad_abs=1626.8568 d_grad_abs=102.7783 synth_eps=0.2822 synth_eps_raw=0.2822 synth_x0_hit=1.0000 synth_x0_t=197.0000 synth_x0_ldif=0.0899 synth_x0_gen_adv=-0.1574 synth_x0_lfm=0.0060 synth_total=0.3683 extra_render_attn_share=0.5686
[step 24600] real_p1_mirror_hole_cov=0.0422 real_p1_eps=0.0472 real_p1_hole_frac=0.0615 real_p2_eps=0.0831 real_p2_hit=1.0000 real_p2_t=296.0000 real_p2_ldif=0.0560 real_p2_gen_adv=-0.1436 real_p2_lfm=0.0053 real_total=0.1824 discr_adv=2.0593 x0_d_real=-0.0721 x0_d_fake=-0.0727 p2_d_real=0.0244 p2_d_fake=0.1436 g_grad_abs=1655.8359 d_grad_abs=470.0065 synth_eps=0.0151 synth_eps_raw=0.0151 synth_x0_hit=0.0000 synth_total=0.0151 extra_render_attn_share=0.5686
[step 24650] real_p1_mirror_hole_cov=0.0223 real_p1_eps=0.1113 real_p1_hole_frac=0.1152 real_p2_eps=0.0056 real_p2_hit=0.0000 real_total=0.1169 discr_adv=0.9367 x0_d_real=-0.5429 x0_d_fake=-0.6696 g_grad_abs=781.0710 d_grad_abs=959.1911 synth_eps=0.0064 synth_eps_raw=0.0064 synth_x0_hit=0.0000 synth_total=0.0064 extra_render_attn_share=0.5686
[step 24700] real_p1_mirror_hole_cov=0.0666 real_p1_eps=0.3034 real_p1_hole_frac=0.2555 real_p2_eps=0.0586 real_p2_hit=0.0000 real_total=0.3619 discr_adv=0.9986 x0_d_real=-0.5307 x0_d_fake=-0.5335 g_grad_abs=1233.0548 d_grad_abs=164.1822 synth_eps=0.8297 synth_eps_raw=0.8297 synth_x0_hit=1.0000 synth_x0_t=3.0000 synth_x0_ldif=0.0029 synth_x0_gen_adv=0.0178 synth_x0_lfm=0.0004 synth_total=0.8350 extra_render_attn_share=0.5686
[step 24750] real_p1_mirror_hole_cov=0.0262 real_p1_eps=0.1074 real_p1_hole_frac=0.1036 real_p2_eps=0.0013 real_p2_hit=0.0000 real_total=0.1087 synth_eps=0.0663 synth_eps_raw=0.0663 synth_x0_hit=0.0000 synth_total=0.0663 extra_render_attn_share=0.5686
[step 24800] real_p1_mirror_hole_cov=0.1151 real_p1_eps=0.1696 real_p1_hole_frac=0.5378 real_p2_eps=0.0018 real_p2_hit=0.0000 real_total=0.1714 synth_eps=0.1145 synth_eps_raw=0.1145 synth_x0_hit=0.0000 synth_total=0.1145 extra_render_attn_share=0.5686
[step 24850] real_p1_mirror_hole_cov=0.1407 real_p1_eps=0.6683 real_p1_hole_frac=0.4435 real_p2_eps=0.0213 real_p2_hit=0.0000 real_total=0.6897 synth_eps=0.0011 synth_eps_raw=0.0011 synth_x0_hit=0.0000 synth_total=0.0011 extra_render_attn_share=0.5686
[step 24900] real_p1_mirror_hole_cov=0.0557 real_p1_eps=0.2283 real_p1_hole_frac=0.3471 real_p2_eps=0.0348 real_p2_hit=0.0000 real_total=0.2632 synth_eps=0.0134 synth_eps_raw=0.0134 synth_x0_hit=0.0000 synth_total=0.0134 extra_render_attn_share=0.5686
[step 24950] real_p1_mirror_hole_cov=0.0596 real_p1_eps=0.1313 real_p1_hole_frac=0.3534 real_p2_eps=0.2751 real_p2_hit=1.0000 real_p2_t=182.0000 real_p2_ldif=0.0771 real_p2_gen_adv=-0.1085 real_p2_lfm=0.0063 real_total=0.4851 discr_adv=1.7100 x0_d_real=0.3828 x0_d_fake=0.2230 p2_d_real=0.5287 p2_d_fake=0.1085 g_grad_abs=1885.7641 d_grad_abs=1480.6288 synth_eps=0.3766 synth_eps_raw=0.3766 synth_x0_hit=1.0000 synth_x0_t=93.0000 synth_x0_ldif=0.0405 synth_x0_gen_adv=0.0132 synth_x0_lfm=0.0042 synth_total=0.4270 extra_render_attn_share=0.5686
[step 25000] real_p1_mirror_hole_cov=0.1223 real_p1_eps=0.2650 real_p1_hole_frac=0.5744 real_p2_eps=0.0351 real_p2_hit=0.0000 real_total=0.3001 discr_adv=1.1455 x0_d_real=-0.1408 x0_d_fake=0.1502 g_grad_abs=1101.1969 d_grad_abs=850.8243 synth_eps=0.4236 synth_eps_raw=0.4236 synth_x0_hit=1.0000 synth_x0_t=125.0000 synth_x0_ldif=0.0678 synth_x0_gen_adv=0.2054 synth_x0_lfm=0.0053 synth_total=0.5225 extra_render_attn_share=0.5686
[images] real: anchor | cond1 | cond2 | inv_warp_mirror | mask | mask_inv | warp_img | warp_warp_img | x | y_hat | y_hat_novel -> /home/xzy/warpgan-diffusiong-inpainting/warpgan-diffusion-inpainting-main/experiments/train_inpainting_diffusion/[20260913-032728]_v18w6_w4_100k/logs/images/train/real_step0025000.png
[images] synth: cond | mask | target | warp_img | x | y_hat_novel -> /home/xzy/warpgan-diffusiong-inpainting/warpgan-diffusion-inpainting-main/experiments/train_inpainting_diffusion/[20260913-032728]_v18w6_w4_100k/logs/images/train/synth_step0025000.png
[step 25050] real_p1_mirror_hole_cov=0.0250 real_p1_eps=0.0973 real_p1_hole_frac=0.2647 real_p2_eps=0.1422 real_p2_hit=1.0000 real_p2_t=254.0000 real_p2_ldif=0.0709 real_p2_gen_adv=0.2169 real_p2_lfm=0.0041 real_total=0.3403 discr_adv=1.9156 x0_d_real=-0.3189 x0_d_fake=-0.4395 p2_d_real=-0.1686 p2_d_fake=-0.2169 g_grad_abs=1363.3033 d_grad_abs=512.6166 synth_eps=0.5035 synth_eps_raw=0.5035 synth_x0_hit=1.0000 synth_x0_t=54.0000 synth_x0_ldif=0.0280 synth_x0_gen_adv=0.5162 synth_x0_lfm=0.0023 synth_total=0.5878 extra_render_attn_share=0.5686
[step 25100] real_p1_mirror_hole_cov=0.0121 real_p1_eps=0.0730 real_p1_hole_frac=0.1907 real_p2_eps=0.1868 real_p2_hit=1.0000 real_p2_t=139.0000 real_p2_ldif=0.0347 real_p2_gen_adv=-0.7633 real_p2_lfm=0.0032 real_total=0.2246 discr_adv=0.9754 p2_d_real=0.8136 p2_d_fake=0.7633 g_grad_abs=1232.8523 d_grad_abs=250.8938 synth_eps=0.0278 synth_eps_raw=0.0278 synth_x0_hit=0.0000 synth_total=0.0278 extra_render_attn_share=0.5686
[step 25150] real_p1_mirror_hole_cov=0.2821 real_p1_eps=0.1455 real_p1_hole_frac=0.3209 real_p2_eps=0.0251 real_p2_hit=0.0000 real_total=0.1706 synth_eps=0.0063 synth_eps_raw=0.0063 synth_x0_hit=0.0000 synth_total=0.0063 extra_render_attn_share=0.5686
