2026-09-14 03:02:47.956037: I tensorflow/core/util/util.cc:169] oneDNN custom operations are on. You may see slightly different numerical results due to floating-point round-off errors from different computation orders. To turn them off, set the environment variable `TF_ENABLE_ONEDNN_OPTS=0`.
2026-09-14 03:02:47.961431: W tensorflow/stream_executor/platform/default/dso_loader.cc:64] Could not load dynamic library 'libcudart.so.11.0'; dlerror: libcudart.so.11.0: cannot open shared object file: No such file or directory; LD_LIBRARY_PATH: /usr/local/cuda-12.2/lib64:/usr/local/cuda-12.2/lib64:/usr/local/cuda-12.2/lib64
2026-09-14 03:02:47.961461: I tensorflow/stream_executor/cuda/cudart_stub.cc:29] Ignore above cudart dlerror if you do not have a GPU set up on your machine.
/home/xzy/miniconda3/envs/warpgan/lib/python3.9/site-packages/sklearn/utils/fixes.py:28: UserWarning: pkg_resources is deprecated as an API. See https://setuptools.pypa.io/en/latest/pkg_resources.html. The pkg_resources package is slated for removal as early as 2025-11-30. Refrain from using this package or pin to Setuptools<81.
  from pkg_resources import parse_version  # type: ignore
W0914 03:02:54.344592 208974 site-packages/torch/utils/cpp_extension.py:2425] TORCH_CUDA_ARCH_LIST is not set, all archs for visible cards are included for compilation. 
W0914 03:02:54.344592 208974 site-packages/torch/utils/cpp_extension.py:2425] If this is not desired, please set os.environ['TORCH_CUDA_ARCH_LIST'] to specific architectures.
W0914 03:03:24.922952 208974 site-packages/torch/utils/cpp_extension.py:2425] TORCH_CUDA_ARCH_LIST is not set, all archs for visible cards are included for compilation. 
W0914 03:03:24.922952 208974 site-packages/torch/utils/cpp_extension.py:2425] If this is not desired, please set os.environ['TORCH_CUDA_ARCH_LIST'] to specific architectures.
[compat] patched models/goae WindowAttention.forward (torch>=2.6 CPU-bound clamp fix; numerically identical)
device: cuda:0
prompt:
  preset: invsr
  text: ''
infer:
  t_start: 300
hf:
  enable: true
  thresh: 50.0
prior_preserve:
  freq: 10
exp_dir: /home/xzy/warpgan-diffusiong-inpainting/warpgan-diffusion-inpainting-main/experiments/train_inpainting_diffusion/[20260914-030356]_v18w8_w5full_100k
checkpoint_path: null
max_steps: 100000
paths:
  sd: ./pretrained_models/AI-ModelScope/stable-diffusion-v1-5
  brushnet: ./pretrained_models/brushnet
  wplus_stage_c: /data/xzy/warpgan20260803/20260803/experiments/_wplus_identity_pretrain/checkpoints/iteration_50000.pt
  dataset:
    train: ./data/FFHQ-EG3D_all_static_rebalanced
    test: ./data/celeba-hq_1000_static_rebalanced
    synth: ./data/SynthData100000_rebalanced
data:
  batch_size: 1
  workers: 4
  test_batch_size: 2
  test_workers: 2
  rebalanced: false
  add_LPFF: false
  synth:
    able: true
    zplus: false
    batch_size: ${data.batch_size}
gan:
  device: ${device}
  eg3d_type: plus_r
  encoder_type: goae
  psp:
    n_styles: 14
  goae:
    mlp_layer: 2
    cfg: ./configs/swinv2.yaml
  state_dict_key: psp_state_dict
  checkpoint_path: ./pretrained_models/inversion/gan_encoder.pt
warp:
  warp_ori_train: true
  warp_ori_val: true
  warp_pred: false
  hybrid: true
  cond_erode_kernel: 3
  cond_gaussian_blur_kernel: 21
wplus:
  mode: s1_mapper
  gate_value: 3.0
  init_from_stage_c: false
reference:
  use: true
  use_mirror: true
  real_primary: mirror
  gate_init: 0.5
  lr: 5.0e-06
  local_window_k: 0
  local_gate_init: 0.25
brushnet:
  init: pretrained
  lr: 1.0e-05
  use_8bit_adam: true
  gradient_checkpointing: true
losses:
  eps_weight: 1.0
  synth_texture: full
  synth_lowpass_sigma: 2.0
  real_pass1:
    forward: true
    t_max: 300
    anchor_median: 0
    visible_weight: 1.0
    hole_weight: 0
    blind_struct_weight: 0
    mirror_anchor: true
  pixel:
    max_timestep: 200
    x0_clip: 3.0
    resolution: 256
    patch_latent: 32
    apply_to_synth: false
    l1_weight: 0
    resnet_pl_weight: 0
    id_weight: 0
    weights_path: ./pretrained_models/LaMa_perceptual_loss_models
  latent:
    weight: 0
  lpips:
    weight: 0
  adversarial:
    weight: 0
    kind: r1
    gp_coef: 0.001
    mask_as_fake_target: false
    allow_scale_mask: true
  feature_matching:
    weight: 0
  x0:
    enable: true
    mode: invsr
    t_max: 300
    w_ldif: 1.0
    w_lfm: 2.0
    w_ldis: 0.1
    dis_warmup: 3000
    latent_bound: 10.0
    l1_weight: 1.0
    llpips_enable: true
    llpips_ckpt: ./weights/vgg16_sdturbo_lpips.pth
    clip: 8.0
    res_latent: 32
    d_real: paired_target
  preserve:
    weight: 0
    teacher_wplus: true
  discriminator:
    kind: pix2pixhd_nlayer
    input_nc: 3
    ndf: 64
    n_layers: 4
  optimizers:
    discriminator:
      lr: 0.0001
log:
  image_interval: 500
  board_interval: 50
  val_interval: 2000
  save_interval: 10000
  use_wandb: false
smoke:
  check: true
  fix_timestep: null

==============================================================================
[EFFECTIVE CONFIG — verify line by line before trusting any run]
  exp_dir               : /home/xzy/warpgan-diffusiong-inpainting/warpgan-diffusion-inpainting-main/experiments/train_inpainting_diffusion/[20260914-030356]_v18w8_w5full_100k
  max_steps             : 100000
  device                : cuda:0
  synth/real 1:1        : use_synth=True
  batch_size (real/synth): 1 / 1
  warp: 512=True hybrid=True warp_pred=False mask=raw_splatting (NO erode/blur)
  warp cond soften     : erode=3px blur_k=21 (v10: CONDITION-side only, supervision keeps raw mask; orig port)
  wplus: mode=s1_mapper gate=fixed tanh(3.0) stage_c_init=False
  reference: use=True use_mirror=True gate_init=0.5 lr=5e-06
  reference real_primary : mirror (user plan: real photo = PRIMARY bank source, render -> extra)
  reference LOCAL       : window=0 gate_init=0.25 (v11 texture-band retrieval from PRIMARY (real-photo) source; activates the formerly-dead reference_local_scale)
  real pass1 dual-band  : visible/mirror FULL-band x1.0 + blind LOW-band x0.0 (v12: target=FULL SHARP render, only low-freq error penalized; hole_weight=0.0 ignored when dual-band active; 0=off -> single-band v11 path)
  loss synth_texture     : full (sigma=2.0 latent px; user plan: structure-only supervision, texture band = 0)
  brushnet: init=pretrained lr=1e-05 8bit=True grad_ckpt=True
  loss eps_weight       : 1.0
  real pass1 FORWARD    : True (False = STRUCT arm: real batch trains pass2 only; inference unchanged)
  real pass1 t-domain   : [0, 300] | infer.t_start=300 (0=pure-noise chain; >0=SDEdit from the noised anchor)
  loss real_p1 anchor   : visible=1.0 (target=inv_warp) hole=0 (target=y_hat_novel) mirror_anchor=True (hole real-photo coverage via inv_warp(x_mirror))
  loss pixel (t<200)   : L1*0 PL*0 ID*0 x0_clip=3.0 res=256
  loss latent closure   : *0 (orig L1195-1200)
  loss lpips/gan/fm     : 0 / 0 / 0  (orig GAN/FM 10/100 -> default 0)
  timestep range        : [0, 1000) FULL RANGE (no low-t clamp; v3.1 lesson)
  smoke: check=True fix_timestep=None
  path [OK ] sd            : ./pretrained_models/AI-ModelScope/stable-diffusion-v1-5
  path [OK ] brushnet      : ./pretrained_models/brushnet
  path [OK ] train         : ./data/FFHQ-EG3D_all_static_rebalanced
  path [OK ] test          : ./data/celeba-hq_1000_static_rebalanced
  path [OK ] synth         : ./data/SynthData100000_rebalanced
  path [OK ] LaMa_PL       : ./pretrained_models/LaMa_perceptual_loss_models
  path [OK ] gan_encoder   : ./pretrained_models/inversion/gan_encoder.pt
==============================================================================
[v18.5] CONSTANT prompt ACTIVE (preset=invsr): "Cinematic, high-contrast, photo-realistic, 8k, ultra HD, meticulous de..."
[BrushNet] init: official pretrained inpainting checkpoint
[v18.8] BrushNet conv_in_condition expanded: 9 → 12 input channels (+3 HF, zero-initialized)
[v18.3] InvSR x0 SUPERVISION ACTIVE: latent-space MSE+FM+adv on the single-step x0, t<=300, w=ldif:1.0/lfm:2.0/ldis:0.1
[v18.3 InvSR] latent UNet-D 106,176,612 params | t_max=300 | w ldif:lfm:ldis = 1.0:2.0:0.1 | latent clamp ±10.0 | dis_warmup=3000 (their 10K/100K iters scaled to our 30K budget)
/home/xzy/miniconda3/envs/warpgan/lib/python3.9/site-packages/torchvision/models/_utils.py:208: UserWarning: The parameter 'pretrained' is deprecated since 0.13 and may be removed in the future, please use 'weights' instead.
  warnings.warn(
/home/xzy/miniconda3/envs/warpgan/lib/python3.9/site-packages/torchvision/models/_utils.py:223: UserWarning: Arguments other than a weight enum or `None` for 'weights' are deprecated since 0.13 and may be removed in the future. The current behavior is equivalent to passing `weights=VGG16_Weights.IMAGENET1K_V1`. You can also use `weights=VGG16_Weights.DEFAULT` to get the most up-to-date weights.
  warnings.warn(msg)
[v18.4] InvSR finetuned latent-LPIPS ACTIVE (w=2.0) <- ./weights/vgg16_sdturbo_lpips.pth
[params] bank-retrieval adapters trainable: 37,183,696 | W+ QKV (s2) trainable: 0 | W+ mapper trainable: 1,967,616 | mirror: own K/V 24,780,800 + softmax competition (16 gauged layers) | RefNet DELETED (860M saved, bank=main-UNet self-read)
[optim] 8-bit AdamW (bitsandbytes)
Synth dataset: ./data/SynthData100000_rebalanced -> 100000 samples
Real train dataset: ./data/FFHQ-EG3D_all_static_rebalanced -> 139914 samples
Test dataset: ./data/celeba-hq_1000_static_rebalanced -> 1000 samples
Start diffusion-port training (orig semantics, BrushNet+SD1.5).
[bank input check] source=x_mirror shape=(1, 3, 512, 512) mean=0.3228 std=0.3125 finite=True
[bank input check] source=y_hat_novel shape=(1, 3, 512, 512) mean=0.3133 std=0.2578 finite=True

------------------------------------------------------------------------------
[v10 REAL-DATA AUDIT — condition-side softening]
  [PASS] output range [0,1]                           min=0.0000 max=1.0000
  [info] hole mean growth = 0.0222 (raw 0.1609 bin 0.1609 soft 0.1831; fragmentation-dependent, orig-equivalent by the check below)
  [PASS] vs ORIG ops on real tensor (kornia+tv, max diff < 1e-4) max_diff=2.98e-07
  [PASS] transition band exists (soft, not re-binarized) band_frac=0.04722 band_px/img=12379
  [PASS] no knife edge: max per-px jump <= 0.45 (orig ~0.38) max_jump=0.380
  [PASS] supervision mask_latents == interp(RAW mask) 
  [PASS] BrushNet channel != supervision at boundary (split real) max|soft-raw|@latent=1.000
  [PASS] off-state identity on real tensor            
------------------------------------------------------------------------------
v10 AUDIT PASSED — theory verified on real pipeline tensors.
/home/xzy/warpgan-diffusiong-inpainting/warpgan-diffusion-inpainting-main/./training/coach_inpainting_diffusion.py:1792: UserWarning: Converting a tensor with requires_grad=True to a scalar may lead to unexpected behavior.
Consider using tensor.detach() first. (Triggered internally at /pytorch/torch/csrc/autograd/generated/python_variable_methods.cpp:835.)
  metrics['p1_eps'] = float(loss_p1)
[bank input check] source=warp_warp_img shape=(1, 3, 512, 512) mean=0.2433 std=0.2649 finite=True
[bank input check] source=y_hat shape=(1, 3, 512, 512) mean=0.3224 std=0.2883 finite=True
[bank input check] source=target_hat shape=(1, 3, 512, 512) mean=0.3807 std=0.2304 finite=True
[bank input check] source=x_mirror shape=(1, 3, 512, 512) mean=0.4024 std=0.2549 finite=True
[step 0] real_p1_mirror_hole_cov=0.0702 real_p1_eps=0.2416 real_p1_hole_frac=0.1609 real_p2_eps=0.1985 real_p2_hit=1.0000 real_p2_t=292.0000 real_p2_ldif=0.1302 real_p2_lfm=0.0057 real_total=0.5819 discr_adv=0.9949 p2_d_real=-0.1161 p2_d_fake=-0.1293 g_grad_abs=7494.5317 d_grad_abs=5173.2871 synth_eps=0.2923 synth_eps_raw=0.2923 synth_x0_hit=1.0000 synth_x0_t=217.0000 synth_x0_ldif=0.1097 synth_x0_lfm=0.0060 synth_total=0.4140 prior_preserve=0.0360
[images] real: anchor | cond1 | cond2 | inv_warp_mirror | mask | mask_inv | warp_img | warp_warp_img | x | y_hat | y_hat_novel -> /home/xzy/warpgan-diffusiong-inpainting/warpgan-diffusion-inpainting-main/experiments/train_inpainting_diffusion/[20260914-030356]_v18w8_w5full_100k/logs/images/train/real_step0000000.png
[images] synth: cond | mask | target | warp_img | x | y_hat_novel -> /home/xzy/warpgan-diffusiong-inpainting/warpgan-diffusion-inpainting-main/experiments/train_inpainting_diffusion/[20260914-030356]_v18w8_w5full_100k/logs/images/train/synth_step0000000.png
[bank input check] source=x_mirror shape=(1, 3, 512, 512) mean=0.4327 std=0.2166 finite=True
[bank input check] source=y_hat_novel shape=(1, 3, 512, 512) mean=0.4238 std=0.1960 finite=True

------------------------------------------------------------------------------
[v10 REAL-DATA AUDIT — condition-side softening]
  [PASS] output range [0,1]                           min=0.0000 max=1.0000
  [info] hole mean growth = 0.0484 (raw 0.2225 bin 0.2225 soft 0.2709; fragmentation-dependent, orig-equivalent by the check below)
  [PASS] vs ORIG ops on real tensor (kornia+tv, max diff < 1e-4) max_diff=3.58e-07
  [PASS] transition band exists (soft, not re-binarized) band_frac=0.07328 band_px/img=19210
  [PASS] no knife edge: max per-px jump <= 0.45 (orig ~0.38) max_jump=0.380
  [PASS] supervision mask_latents == interp(RAW mask) 
  [PASS] BrushNet channel != supervision at boundary (split real) max|soft-raw|@latent=1.000
  [PASS] off-state identity on real tensor            
------------------------------------------------------------------------------
v10 AUDIT PASSED — theory verified on real pipeline tensors.
[bank input check] source=warp_warp_img shape=(1, 3, 512, 512) mean=0.3508 std=0.2578 finite=True
[bank input check] source=y_hat shape=(1, 3, 512, 512) mean=0.4235 std=0.2024 finite=True
[bank input check] source=target_hat shape=(1, 3, 512, 512) mean=0.4727 std=0.2063 finite=True
[bank input check] source=x_mirror shape=(1, 3, 512, 512) mean=0.4248 std=0.2297 finite=True
[bank input check] source=x_mirror shape=(1, 3, 512, 512) mean=0.5335 std=0.2773 finite=True
[bank input check] source=y_hat_novel shape=(1, 3, 512, 512) mean=0.5502 std=0.2151 finite=True

------------------------------------------------------------------------------
[v10 REAL-DATA AUDIT — condition-side softening]
  [PASS] output range [0,1]                           min=0.0000 max=1.0000
  [info] hole mean growth = 0.0869 (raw 0.5174 bin 0.5174 soft 0.6043; fragmentation-dependent, orig-equivalent by the check below)
  [PASS] vs ORIG ops on real tensor (kornia+tv, max diff < 1e-4) max_diff=2.98e-07
  [PASS] transition band exists (soft, not re-binarized) band_frac=0.08638 band_px/img=22644
  [PASS] no knife edge: max per-px jump <= 0.45 (orig ~0.38) max_jump=0.380
  [PASS] supervision mask_latents == interp(RAW mask) 
  [PASS] BrushNet channel != supervision at boundary (split real) max|soft-raw|@latent=1.000
  [PASS] off-state identity on real tensor            
------------------------------------------------------------------------------
v10 AUDIT PASSED — theory verified on real pipeline tensors.
[bank input check] source=warp_warp_img shape=(1, 3, 512, 512) mean=0.2779 std=0.2948 finite=True
[bank input check] source=y_hat shape=(1, 3, 512, 512) mean=0.5355 std=0.2647 finite=True
[bank input check] source=target_hat shape=(1, 3, 512, 512) mean=0.5501 std=0.2074 finite=True
[bank input check] source=x_mirror shape=(1, 3, 512, 512) mean=0.5603 std=0.2377 finite=True
[step 50] real_p1_mirror_hole_cov=0.0794 real_p1_eps=0.1037 real_p1_hole_frac=0.1880 real_p2_eps=0.0017 real_p2_hit=0.0000 real_total=0.1054 synth_eps=0.0040 synth_eps_raw=0.0040 synth_x0_hit=0.0000 synth_total=0.0040 prior_preserve=0.0109
[step 100] real_p1_mirror_hole_cov=0.0458 real_p1_eps=0.2651 real_p1_hole_frac=0.2278 real_p2_eps=0.0661 real_p2_hit=0.0000 real_total=0.3312 discr_adv=0.9636 x0_d_real=0.3618 x0_d_fake=0.2824 g_grad_abs=2458.5559 d_grad_abs=3173.5663 synth_eps=0.0579 synth_eps_raw=0.0579 synth_x0_hit=0.0000 synth_total=0.0579 prior_preserve=0.0552
[step 150] real_p1_mirror_hole_cov=0.0717 real_p1_eps=0.5964 real_p1_hole_frac=0.3661 real_p2_eps=0.0359 real_p2_hit=0.0000 real_total=0.6322 synth_eps=0.0290 synth_eps_raw=0.0290 synth_x0_hit=0.0000 synth_total=0.0290 prior_preserve=0.0100
[step 200] real_p1_mirror_hole_cov=0.0179 real_p1_eps=0.4691 real_p1_hole_frac=0.3508 real_p2_eps=0.0243 real_p2_hit=0.0000 real_total=0.4933 synth_eps=0.2563 synth_eps_raw=0.2563 synth_x0_hit=1.0000 synth_x0_t=188.0000 synth_x0_ldif=0.0757 synth_x0_lfm=0.0057 synth_total=0.3433 prior_preserve=0.0053
[step 250] real_p1_mirror_hole_cov=0.0185 real_p1_eps=0.0520 real_p1_hole_frac=0.0528 real_p2_eps=0.0025 real_p2_hit=0.0000 real_total=0.0545 discr_adv=0.8137 x0_d_real=0.2664 x0_d_fake=-0.1073 g_grad_abs=926.8271 d_grad_abs=10473.9082 synth_eps=0.1152 synth_eps_raw=0.1152 synth_x0_hit=0.0000 synth_total=0.1152 prior_preserve=0.0048
[step 300] real_p1_mirror_hole_cov=0.0204 real_p1_eps=0.0446 real_p1_hole_frac=0.0404 real_p2_eps=0.0312 real_p2_hit=0.0000 real_total=0.0758 discr_adv=0.9802 x0_d_real=0.1774 x0_d_fake=0.1347 g_grad_abs=816.6107 d_grad_abs=667.8597 synth_eps=0.0053 synth_eps_raw=0.0053 synth_x0_hit=0.0000 synth_total=0.0053 prior_preserve=0.0010
[step 350] real_p1_mirror_hole_cov=0.1440 real_p1_eps=0.1256 real_p1_hole_frac=0.0363 real_p2_eps=0.1368 real_p2_hit=1.0000 real_p2_t=135.0000 real_p2_ldif=0.0244 real_p2_lfm=0.0027 real_total=0.2923 discr_adv=1.9724 x0_d_real=-0.4068 x0_d_fake=-0.4174 p2_d_real=-0.4295 p2_d_fake=-0.4797 g_grad_abs=1448.4534 d_grad_abs=1779.2892 synth_eps=0.4115 synth_eps_raw=0.4115 synth_x0_hit=1.0000 synth_x0_t=105.0000 synth_x0_ldif=0.0519 synth_x0_lfm=0.0043 synth_total=0.4719 prior_preserve=0.0013
[step 400] real_p1_mirror_hole_cov=0.0291 real_p1_eps=0.2352 real_p1_hole_frac=0.4045 real_p2_eps=0.0038 real_p2_hit=0.0000 real_total=0.2390 synth_eps=0.0193 synth_eps_raw=0.0193 synth_x0_hit=0.0000 synth_total=0.0193 prior_preserve=0.0012
[step 450] real_p1_mirror_hole_cov=0.1135 real_p1_eps=0.3098 real_p1_hole_frac=0.3964 real_p2_eps=0.0906 real_p2_hit=0.0000 real_total=0.4004 synth_eps=0.0022 synth_eps_raw=0.0022 synth_x0_hit=0.0000 synth_total=0.0022 prior_preserve=0.0024
[step 500] real_p1_mirror_hole_cov=0.2229 real_p1_eps=0.1641 real_p1_hole_frac=0.3319 real_p2_eps=0.0040 real_p2_hit=0.0000 real_total=0.1681 synth_eps=0.0153 synth_eps_raw=0.0153 synth_x0_hit=0.0000 synth_total=0.0153 prior_preserve=0.0012
[images] real: anchor | cond1 | cond2 | inv_warp_mirror | mask | mask_inv | warp_img | warp_warp_img | x | y_hat | y_hat_novel -> /home/xzy/warpgan-diffusiong-inpainting/warpgan-diffusion-inpainting-main/experiments/train_inpainting_diffusion/[20260914-030356]_v18w8_w5full_100k/logs/images/train/real_step0000500.png
[images] synth: cond | mask | target | warp_img | x | y_hat_novel -> /home/xzy/warpgan-diffusiong-inpainting/warpgan-diffusion-inpainting-main/experiments/train_inpainting_diffusion/[20260914-030356]_v18w8_w5full_100k/logs/images/train/synth_step0000500.png
[step 550] real_p1_mirror_hole_cov=0.4685 real_p1_eps=0.3488 real_p1_hole_frac=0.4749 real_p2_eps=0.0427 real_p2_hit=0.0000 real_total=0.3915 synth_eps=0.0952 synth_eps_raw=0.0952 synth_x0_hit=0.0000 synth_total=0.0952 prior_preserve=0.0063
[step 600] real_p1_mirror_hole_cov=0.0207 real_p1_eps=0.0638 real_p1_hole_frac=0.1540 real_p2_eps=0.0018 real_p2_hit=0.0000 real_total=0.0656 synth_eps=0.2610 synth_eps_raw=0.2610 synth_x0_hit=1.0000 synth_x0_t=198.0000 synth_x0_ldif=0.0839 synth_x0_lfm=0.0054 synth_total=0.3557 prior_preserve=0.0011
[step 650] real_p1_mirror_hole_cov=0.2635 real_p1_eps=0.2893 real_p1_hole_frac=0.4091 real_p2_eps=0.1179 real_p2_hit=0.0000 real_total=0.4073 synth_eps=0.0141 synth_eps_raw=0.0141 synth_x0_hit=0.0000 synth_total=0.0141 prior_preserve=0.0010
[step 700] real_p1_mirror_hole_cov=0.1837 real_p1_eps=0.4891 real_p1_hole_frac=0.3127 real_p2_eps=0.0132 real_p2_hit=0.0000 real_total=0.5022 synth_eps=0.0040 synth_eps_raw=0.0040 synth_x0_hit=0.0000 synth_total=0.0040 prior_preserve=0.0008
[step 750] real_p1_mirror_hole_cov=0.2405 real_p1_eps=0.6053 real_p1_hole_frac=0.3056 real_p2_eps=0.0035 real_p2_hit=0.0000 real_total=0.6088 synth_eps=0.0350 synth_eps_raw=0.0350 synth_x0_hit=0.0000 synth_total=0.0350 prior_preserve=0.0006
[step 800] real_p1_mirror_hole_cov=0.0039 real_p1_eps=0.1391 real_p1_hole_frac=0.2392 real_p2_eps=0.0208 real_p2_hit=0.0000 real_total=0.1598 synth_eps=0.0021 synth_eps_raw=0.0021 synth_x0_hit=0.0000 synth_total=0.0021 prior_preserve=0.0073
[step 850] real_p1_mirror_hole_cov=0.2842 real_p1_eps=0.8583 real_p1_hole_frac=0.5606 real_p2_eps=0.0071 real_p2_hit=0.0000 real_total=0.8655 synth_eps=0.6057 synth_eps_raw=0.6057 synth_x0_hit=1.0000 synth_x0_t=38.0000 synth_x0_ldif=0.0227 synth_x0_lfm=0.0029 synth_total=0.6342 prior_preserve=0.0008
[step 900] real_p1_mirror_hole_cov=0.1059 real_p1_eps=0.0959 real_p1_hole_frac=0.1530 real_p2_eps=0.0207 real_p2_hit=0.0000 real_total=0.1165 synth_eps=0.0036 synth_eps_raw=0.0036 synth_x0_hit=0.0000 synth_total=0.0036 prior_preserve=0.0004
[step 950] real_p1_mirror_hole_cov=0.0371 real_p1_eps=0.1031 real_p1_hole_frac=0.2860 real_p2_eps=0.0561 real_p2_hit=0.0000 real_total=0.1592 synth_eps=0.0022 synth_eps_raw=0.0022 synth_x0_hit=0.0000 synth_total=0.0022 prior_preserve=0.0005
[step 1000] real_p1_mirror_hole_cov=0.1267 real_p1_eps=0.2208 real_p1_hole_frac=0.2468 real_p2_eps=0.0694 real_p2_hit=0.0000 real_total=0.2902 discr_adv=0.9935 x0_d_real=0.1526 x0_d_fake=0.1393 g_grad_abs=1102.4314 d_grad_abs=181.2435 synth_eps=0.0027 synth_eps_raw=0.0027 synth_x0_hit=0.0000 synth_total=0.0027 prior_preserve=0.0006
[images] real: anchor | cond1 | cond2 | inv_warp_mirror | mask | mask_inv | warp_img | warp_warp_img | x | y_hat | y_hat_novel -> /home/xzy/warpgan-diffusiong-inpainting/warpgan-diffusion-inpainting-main/experiments/train_inpainting_diffusion/[20260914-030356]_v18w8_w5full_100k/logs/images/train/real_step0001000.png
[images] synth: cond | mask | target | warp_img | x | y_hat_novel -> /home/xzy/warpgan-diffusiong-inpainting/warpgan-diffusion-inpainting-main/experiments/train_inpainting_diffusion/[20260914-030356]_v18w8_w5full_100k/logs/images/train/synth_step0001000.png
[step 1050] real_p1_mirror_hole_cov=0.1375 real_p1_eps=0.3203 real_p1_hole_frac=0.3820 real_p2_eps=0.2540 real_p2_hit=1.0000 real_p2_t=155.0000 real_p2_ldif=0.0555 real_p2_lfm=0.0027 real_total=0.6352 discr_adv=0.9856 p2_d_real=0.3810 p2_d_fake=0.3521 g_grad_abs=1831.6048 d_grad_abs=226.0899 synth_eps=0.2348 synth_eps_raw=0.2348 synth_x0_hit=1.0000 synth_x0_t=172.0000 synth_x0_ldif=0.0601 synth_x0_lfm=0.0054 synth_total=0.3058 prior_preserve=0.0004
[step 1100] real_p1_mirror_hole_cov=0.0072 real_p1_eps=0.2757 real_p1_hole_frac=0.3042 real_p2_eps=0.4871 real_p2_hit=1.0000 real_p2_t=40.0000 real_p2_ldif=0.0193 real_p2_lfm=0.0026 real_total=0.7873 discr_adv=0.9757 p2_d_real=0.5766 p2_d_fake=0.5277 g_grad_abs=3322.8934 d_grad_abs=383.7313 synth_eps=0.5846 synth_eps_raw=0.5846 synth_x0_hit=1.0000 synth_x0_t=31.0000 synth_x0_ldif=0.0176 synth_x0_lfm=0.0013 synth_total=0.6049 prior_preserve=0.0021
[step 1150] real_p1_mirror_hole_cov=0.0835 real_p1_eps=0.2501 real_p1_hole_frac=0.4383 real_p2_eps=0.0157 real_p2_hit=0.0000 real_total=0.2657 discr_adv=0.9670 x0_d_real=0.3344 x0_d_fake=0.2624 g_grad_abs=929.2949 d_grad_abs=822.2469 synth_eps=0.8451 synth_eps_raw=0.8451 synth_x0_hit=1.0000 synth_x0_t=8.0000 synth_x0_ldif=0.0066 synth_x0_lfm=0.0008 synth_total=0.8533 prior_preserve=0.0009
[step 1200] real_p1_mirror_hole_cov=0.2441 real_p1_eps=0.4927 real_p1_hole_frac=0.2668 real_p2_eps=0.1734 real_p2_hit=1.0000 real_p2_t=150.0000 real_p2_ldif=0.0361 real_p2_lfm=0.0036 real_total=0.7094 discr_adv=1.9172 x0_d_real=1.0801 x0_d_fake=0.8805 p2_d_real=0.6948 p2_d_fake=0.6158 g_grad_abs=1934.6228 d_grad_abs=6105.7861 synth_eps=0.7187 synth_eps_raw=0.7187 synth_x0_hit=1.0000 synth_x0_t=27.0000 synth_x0_ldif=0.0187 synth_x0_lfm=0.0020 synth_total=0.7414 prior_preserve=0.0006
[step 1250] real_p1_mirror_hole_cov=0.0231 real_p1_eps=0.3895 real_p1_hole_frac=0.4663 real_p2_eps=0.5838 real_p2_hit=1.0000 real_p2_t=49.0000 real_p2_ldif=0.0290 real_p2_lfm=0.0021 real_total=1.0065 discr_adv=0.9506 p2_d_real=0.7068 p2_d_fake=0.5450 g_grad_abs=1833.3804 d_grad_abs=4500.6990 synth_eps=0.2204 synth_eps_raw=0.2204 synth_x0_hit=1.0000 synth_x0_t=177.0000 synth_x0_ldif=0.0591 synth_x0_lfm=0.0050 synth_total=0.2895 prior_preserve=0.0019
[step 1300] real_p1_mirror_hole_cov=0.0455 real_p1_eps=0.1249 real_p1_hole_frac=0.0847 real_p2_eps=0.2842 real_p2_hit=1.0000 real_p2_t=26.0000 real_p2_ldif=0.0071 real_p2_lfm=0.0014 real_total=0.4192 discr_adv=0.9724 p2_d_real=0.3582 p2_d_fake=0.3018 g_grad_abs=1972.2687 d_grad_abs=414.5810 synth_eps=0.0768 synth_eps_raw=0.0768 synth_x0_hit=0.0000 synth_total=0.0768 prior_preserve=0.0014
[step 1350] real_p1_mirror_hole_cov=0.1732 real_p1_eps=0.5354 real_p1_hole_frac=0.6274 real_p2_eps=0.2081 real_p2_hit=1.0000 real_p2_t=268.0000 real_p2_ldif=0.1150 real_p2_lfm=0.0073 real_total=0.8731 discr_adv=0.4482 p2_d_real=1.4455 p2_d_fake=-0.1250 g_grad_abs=1767.1067 d_grad_abs=24612.1474 synth_eps=0.6914 synth_eps_raw=0.6914 synth_x0_hit=1.0000 synth_x0_t=16.0000 synth_x0_ldif=0.0105 synth_x0_lfm=0.0017 synth_total=0.7053 prior_preserve=0.0008
[step 1400] real_p1_mirror_hole_cov=0.0695 real_p1_eps=0.1772 real_p1_hole_frac=0.4728 real_p2_eps=0.0018 real_p2_hit=0.0000 real_total=0.1789 synth_eps=0.1889 synth_eps_raw=0.1889 synth_x0_hit=1.0000 synth_x0_t=246.0000 synth_x0_ldif=0.0888 synth_x0_lfm=0.0074 synth_total=0.2926 prior_preserve=0.0005
[step 1450] real_p1_mirror_hole_cov=0.1319 real_p1_eps=0.1131 real_p1_hole_frac=0.0351 real_p2_eps=0.0355 real_p2_hit=0.0000 real_total=0.1486 synth_eps=0.4930 synth_eps_raw=0.4930 synth_x0_hit=1.0000 synth_x0_t=64.0000 synth_x0_ldif=0.0334 synth_x0_lfm=0.0037 synth_total=0.5339 prior_preserve=0.0011
[step 1500] real_p1_mirror_hole_cov=0.0951 real_p1_eps=0.6458 real_p1_hole_frac=0.3381 real_p2_eps=0.3233 real_p2_hit=1.0000 real_p2_t=71.0000 real_p2_ldif=0.0248 real_p2_lfm=0.0030 real_total=0.9998 discr_adv=0.9777 p2_d_real=0.5958 p2_d_fake=0.5454 g_grad_abs=2319.6311 d_grad_abs=1008.1124 synth_eps=0.0020 synth_eps_raw=0.0020 synth_x0_hit=0.0000 synth_total=0.0020 prior_preserve=0.0005
[images] real: anchor | cond1 | cond2 | inv_warp_mirror | mask | mask_inv | warp_img | warp_warp_img | x | y_hat | y_hat_novel -> /home/xzy/warpgan-diffusiong-inpainting/warpgan-diffusion-inpainting-main/experiments/train_inpainting_diffusion/[20260914-030356]_v18w8_w5full_100k/logs/images/train/real_step0001500.png
[images] synth: cond | mask | target | warp_img | x | y_hat_novel -> /home/xzy/warpgan-diffusiong-inpainting/warpgan-diffusion-inpainting-main/experiments/train_inpainting_diffusion/[20260914-030356]_v18w8_w5full_100k/logs/images/train/synth_step0001500.png
[step 1550] real_p1_mirror_hole_cov=0.0237 real_p1_eps=0.1054 real_p1_hole_frac=0.1716 real_p2_eps=0.0244 real_p2_hit=0.0000 real_total=0.1297 discr_adv=1.0177 x0_d_real=1.0278 x0_d_fake=0.9024 g_grad_abs=984.5570 d_grad_abs=3478.6647 synth_eps=0.1786 synth_eps_raw=0.1786 synth_x0_hit=1.0000 synth_x0_t=279.0000 synth_x0_ldif=0.1068 synth_x0_lfm=0.0063 synth_total=0.2979 prior_preserve=0.0005
[step 1600] real_p1_mirror_hole_cov=0.1350 real_p1_eps=0.1363 real_p1_hole_frac=0.2496 real_p2_eps=0.0487 real_p2_hit=0.0000 real_total=0.1849 synth_eps=0.0193 synth_eps_raw=0.0193 synth_x0_hit=0.0000 synth_total=0.0193 prior_preserve=0.0623
[step 1650] real_p1_mirror_hole_cov=0.0738 real_p1_eps=0.0791 real_p1_hole_frac=0.0553 real_p2_eps=0.1814 real_p2_hit=1.0000 real_p2_t=124.0000 real_p2_ldif=0.0287 real_p2_lfm=0.0023 real_total=0.2938 discr_adv=0.9312 p2_d_real=0.6064 p2_d_fake=0.4688 g_grad_abs=1208.7865 d_grad_abs=1285.1087 synth_eps=0.2017 synth_eps_raw=0.2017 synth_x0_hit=1.0000 synth_x0_t=255.0000 synth_x0_ldif=0.1014 synth_x0_lfm=0.0075 synth_total=0.3181 prior_preserve=0.0009
[step 1700] real_p1_mirror_hole_cov=0.1508 real_p1_eps=0.3834 real_p1_hole_frac=0.5074 real_p2_eps=0.0258 real_p2_hit=0.0000 real_total=0.4092 synth_eps=0.0619 synth_eps_raw=0.0619 synth_x0_hit=0.0000 synth_total=0.0619 prior_preserve=0.0002
[step 1750] real_p1_mirror_hole_cov=0.5050 real_p1_eps=0.1527 real_p1_hole_frac=0.3793 real_p2_eps=0.0076 real_p2_hit=0.0000 real_total=0.1602 discr_adv=0.9797 x0_d_real=-0.6479 x0_d_fake=-0.6891 g_grad_abs=776.0084 d_grad_abs=462.7882 synth_eps=0.0034 synth_eps_raw=0.0034 synth_x0_hit=0.0000 synth_total=0.0034 prior_preserve=0.0015
[step 1800] real_p1_mirror_hole_cov=0.0077 real_p1_eps=0.0746 real_p1_hole_frac=0.0695 real_p2_eps=0.0327 real_p2_hit=0.0000 real_total=0.1073 synth_eps=0.0066 synth_eps_raw=0.0066 synth_x0_hit=0.0000 synth_total=0.0066 prior_preserve=0.0006
[step 1850] real_p1_mirror_hole_cov=0.0242 real_p1_eps=0.2586 real_p1_hole_frac=0.3277 real_p2_eps=0.0025 real_p2_hit=0.0000 real_total=0.2611 synth_eps=0.0033 synth_eps_raw=0.0033 synth_x0_hit=0.0000 synth_total=0.0033 prior_preserve=0.0088
[step 1900] real_p1_mirror_hole_cov=0.0004 real_p1_eps=0.2217 real_p1_hole_frac=0.1896 real_p2_eps=0.0032 real_p2_hit=0.0000 real_total=0.2249 discr_adv=0.9345 x0_d_real=0.0238 x0_d_fake=-0.1158 g_grad_abs=964.9060 d_grad_abs=1178.1832 synth_eps=0.0857 synth_eps_raw=0.0857 synth_x0_hit=0.0000 synth_total=0.0857 prior_preserve=0.0002
[step 1950] real_p1_mirror_hole_cov=0.1279 real_p1_eps=0.2298 real_p1_hole_frac=0.1991 real_p2_eps=0.3317 real_p2_hit=1.0000 real_p2_t=67.0000 real_p2_ldif=0.0238 real_p2_lfm=0.0038 real_total=0.5928 discr_adv=0.8171 p2_d_real=-0.1053 p2_d_fake=-0.4794 g_grad_abs=1506.3470 d_grad_abs=3293.1879 synth_eps=0.0143 synth_eps_raw=0.0143 synth_x0_hit=0.0000 synth_total=0.0143 prior_preserve=0.0003
[val step 1999] val_novel_full=0.0314 val_novel_hole=0.0323 val_novel_visible=0.0311
[step 2000] real_p1_mirror_hole_cov=0.2245 real_p1_eps=0.4849 real_p1_hole_frac=0.4083 real_p2_eps=0.1873 real_p2_hit=1.0000 real_p2_t=247.0000 real_p2_ldif=0.0887 real_p2_lfm=0.0063 real_total=0.7735 discr_adv=1.0270 p2_d_real=-1.0330 p2_d_fake=-1.1551 g_grad_abs=1927.5714 d_grad_abs=2526.2583 synth_eps=0.0542 synth_eps_raw=0.0542 synth_x0_hit=0.0000 synth_total=0.0542 prior_preserve=0.0007 extra_render_attn_share=0.5054
[images] real: anchor | cond1 | cond2 | inv_warp_mirror | mask | mask_inv | warp_img | warp_warp_img | x | y_hat | y_hat_novel -> /home/xzy/warpgan-diffusiong-inpainting/warpgan-diffusion-inpainting-main/experiments/train_inpainting_diffusion/[20260914-030356]_v18w8_w5full_100k/logs/images/train/real_step0002000.png
[images] synth: cond | mask | target | warp_img | x | y_hat_novel -> /home/xzy/warpgan-diffusiong-inpainting/warpgan-diffusion-inpainting-main/experiments/train_inpainting_diffusion/[20260914-030356]_v18w8_w5full_100k/logs/images/train/synth_step0002000.png
[step 2050] real_p1_mirror_hole_cov=0.2214 real_p1_eps=0.2380 real_p1_hole_frac=0.4873 real_p2_eps=0.0626 real_p2_hit=0.0000 real_total=0.3006 synth_eps=0.0118 synth_eps_raw=0.0118 synth_x0_hit=0.0000 synth_total=0.0118 prior_preserve=0.0003 extra_render_attn_share=0.5054
[step 2100] real_p1_mirror_hole_cov=0.0190 real_p1_eps=0.3998 real_p1_hole_frac=0.2384 real_p2_eps=0.0385 real_p2_hit=0.0000 real_total=0.4382 synth_eps=0.3152 synth_eps_raw=0.3152 synth_x0_hit=1.0000 synth_x0_t=167.0000 synth_x0_ldif=0.0771 synth_x0_lfm=0.0063 synth_total=0.4051 prior_preserve=0.0286 extra_render_attn_share=0.5054
[step 2150] real_p1_mirror_hole_cov=0.0088 real_p1_eps=0.0499 real_p1_hole_frac=0.0431 real_p2_eps=0.0265 real_p2_hit=0.0000 real_total=0.0764 synth_eps=0.0308 synth_eps_raw=0.0308 synth_x0_hit=0.0000 synth_total=0.0308 prior_preserve=0.0078 extra_render_attn_share=0.5054
[step 2200] real_p1_mirror_hole_cov=0.0413 real_p1_eps=0.3714 real_p1_hole_frac=0.4643 real_p2_eps=0.0259 real_p2_hit=0.0000 real_total=0.3973 synth_eps=0.0524 synth_eps_raw=0.0524 synth_x0_hit=0.0000 synth_total=0.0524 prior_preserve=0.0002 extra_render_attn_share=0.5054
[step 2250] real_p1_mirror_hole_cov=0.0187 real_p1_eps=0.1259 real_p1_hole_frac=0.0810 real_p2_eps=0.0017 real_p2_hit=0.0000 real_total=0.1276 synth_eps=0.0471 synth_eps_raw=0.0471 synth_x0_hit=0.0000 synth_total=0.0471 prior_preserve=0.0006 extra_render_attn_share=0.5054
[step 2300] real_p1_mirror_hole_cov=0.0893 real_p1_eps=0.2123 real_p1_hole_frac=0.5428 real_p2_eps=0.2323 real_p2_hit=1.0000 real_p2_t=242.0000 real_p2_ldif=0.1059 real_p2_lfm=0.0077 real_total=0.5659 discr_adv=1.1190 p2_d_real=-1.2373 p2_d_fake=-1.3244 g_grad_abs=1570.5802 d_grad_abs=1834.3571 synth_eps=0.0627 synth_eps_raw=0.0627 synth_x0_hit=0.0000 synth_total=0.0627 prior_preserve=0.0012 extra_render_attn_share=0.5054
[step 2350] real_p1_mirror_hole_cov=0.0586 real_p1_eps=0.1909 real_p1_hole_frac=0.3087 real_p2_eps=0.0233 real_p2_hit=0.0000 real_total=0.2142 synth_eps=0.7697 synth_eps_raw=0.7697 synth_x0_hit=1.0000 synth_x0_t=6.0000 synth_x0_ldif=0.0047 synth_x0_lfm=0.0006 synth_total=0.7757 prior_preserve=0.0020 extra_render_attn_share=0.5054
[step 2400] real_p1_mirror_hole_cov=0.0548 real_p1_eps=0.1054 real_p1_hole_frac=0.1559 real_p2_eps=0.0802 real_p2_hit=0.0000 real_total=0.1856 discr_adv=0.9903 x0_d_real=-0.2388 x0_d_fake=-0.2584 g_grad_abs=835.6984 d_grad_abs=132.0067 synth_eps=0.0046 synth_eps_raw=0.0046 synth_x0_hit=0.0000 synth_total=0.0046 prior_preserve=0.0005 extra_render_attn_share=0.5054
[step 2450] real_p1_mirror_hole_cov=0.0616 real_p1_eps=0.2913 real_p1_hole_frac=0.5147 real_p2_eps=0.0072 real_p2_hit=0.0000 real_total=0.2985 discr_adv=0.9607 x0_d_real=-0.0863 x0_d_fake=-0.1651 g_grad_abs=1145.1496 d_grad_abs=503.3884 synth_eps=0.0576 synth_eps_raw=0.0576 synth_x0_hit=0.0000 synth_total=0.0576 prior_preserve=0.0003 extra_render_attn_share=0.5054
[step 2500] real_p1_mirror_hole_cov=0.1086 real_p1_eps=0.1559 real_p1_hole_frac=0.5179 real_p2_eps=0.0922 real_p2_hit=0.0000 real_total=0.2481 synth_eps=0.1453 synth_eps_raw=0.1453 synth_x0_hit=0.0000 synth_total=0.1453 prior_preserve=0.0003 extra_render_attn_share=0.5054
[images] real: anchor | cond1 | cond2 | inv_warp_mirror | mask | mask_inv | warp_img | warp_warp_img | x | y_hat | y_hat_novel -> /home/xzy/warpgan-diffusiong-inpainting/warpgan-diffusion-inpainting-main/experiments/train_inpainting_diffusion/[20260914-030356]_v18w8_w5full_100k/logs/images/train/real_step0002500.png
[images] synth: cond | mask | target | warp_img | x | y_hat_novel -> /home/xzy/warpgan-diffusiong-inpainting/warpgan-diffusion-inpainting-main/experiments/train_inpainting_diffusion/[20260914-030356]_v18w8_w5full_100k/logs/images/train/synth_step0002500.png
[step 2550] real_p1_mirror_hole_cov=0.2220 real_p1_eps=0.2792 real_p1_hole_frac=0.3743 real_p2_eps=0.2308 real_p2_hit=1.0000 real_p2_t=221.0000 real_p2_ldif=0.0895 real_p2_lfm=0.0068 real_total=0.6131 discr_adv=1.8838 x0_d_real=-0.7193 x0_d_fake=-0.7777 p2_d_real=-0.5212 p2_d_fake=-0.7156 g_grad_abs=2042.8762 d_grad_abs=3596.8482 synth_eps=0.7101 synth_eps_raw=0.7101 synth_x0_hit=1.0000 synth_x0_t=18.0000 synth_x0_ldif=0.0122 synth_x0_lfm=0.0018 synth_total=0.7259 prior_preserve=0.0002 extra_render_attn_share=0.5054
[step 2600] real_p1_mirror_hole_cov=0.0163 real_p1_eps=0.1972 real_p1_hole_frac=0.0484 real_p2_eps=0.0028 real_p2_hit=0.0000 real_total=0.2000 discr_adv=0.9905 x0_d_real=-0.7891 x0_d_fake=-0.8149 g_grad_abs=1077.5754 d_grad_abs=500.3053 synth_eps=0.0234 synth_eps_raw=0.0234 synth_x0_hit=0.0000 synth_total=0.0234 prior_preserve=0.0004 extra_render_attn_share=0.5054
[step 2650] real_p1_mirror_hole_cov=0.3011 real_p1_eps=0.1979 real_p1_hole_frac=0.5266 real_p2_eps=0.5239 real_p2_hit=1.0000 real_p2_t=45.0000 real_p2_ldif=0.0237 real_p2_lfm=0.0030 real_total=0.7515 discr_adv=1.8938 x0_d_real=-0.6792 x0_d_fake=-0.8337 p2_d_real=-0.7362 p2_d_fake=-0.8160 g_grad_abs=1342.4272 d_grad_abs=2969.4389 synth_eps=0.0354 synth_eps_raw=0.0354 synth_x0_hit=0.0000 synth_total=0.0354 prior_preserve=0.0039 extra_render_attn_share=0.5054
[step 2700] real_p1_mirror_hole_cov=0.1499 real_p1_eps=0.1538 real_p1_hole_frac=0.4024 real_p2_eps=0.0174 real_p2_hit=0.0000 real_total=0.1712 discr_adv=1.0999 x0_d_real=-0.4168 x0_d_fake=-0.5024 g_grad_abs=821.4219 d_grad_abs=2122.6868 synth_eps=0.0254 synth_eps_raw=0.0254 synth_x0_hit=0.0000 synth_total=0.0254 prior_preserve=0.0002 extra_render_attn_share=0.5054
[step 2750] real_p1_mirror_hole_cov=0.0655 real_p1_eps=0.1518 real_p1_hole_frac=0.1244 real_p2_eps=0.0435 real_p2_hit=0.0000 real_total=0.1952 synth_eps=0.1498 synth_eps_raw=0.1498 synth_x0_hit=0.0000 synth_total=0.1498 prior_preserve=0.0017 extra_render_attn_share=0.5054
[step 2800] real_p1_mirror_hole_cov=0.0165 real_p1_eps=0.4028 real_p1_hole_frac=0.3017 real_p2_eps=0.4821 real_p2_hit=1.0000 real_p2_t=48.0000 real_p2_ldif=0.0234 real_p2_lfm=0.0025 real_total=0.9135 discr_adv=1.2240 x0_d_real=1.0971 x0_d_fake=-1.0580 p2_d_real=1.3544 p2_d_fake=1.3519 g_grad_abs=1729.8487 d_grad_abs=2006.5985 synth_eps=0.1043 synth_eps_raw=0.1043 synth_x0_hit=0.0000 synth_total=0.1043 prior_preserve=0.0002 extra_render_attn_share=0.5054
[step 2850] real_p1_mirror_hole_cov=0.1364 real_p1_eps=0.1156 real_p1_hole_frac=0.2358 real_p2_eps=0.6380 real_p2_hit=1.0000 real_p2_t=8.0000 real_p2_ldif=0.0050 real_p2_lfm=0.0009 real_total=0.7604 discr_adv=0.9920 p2_d_real=0.9539 p2_d_fake=0.9139 g_grad_abs=1671.0102 d_grad_abs=2267.2165 synth_eps=0.0533 synth_eps_raw=0.0533 synth_x0_hit=0.0000 synth_total=0.0533 prior_preserve=0.0002 extra_render_attn_share=0.5054
[step 2900] real_p1_mirror_hole_cov=0.0895 real_p1_eps=0.0828 real_p1_hole_frac=0.0731 real_p2_eps=0.0719 real_p2_hit=1.0000 real_p2_t=285.0000 real_p2_ldif=0.0449 real_p2_lfm=0.0033 real_total=0.2063 discr_adv=1.1670 p2_d_real=-1.3323 p2_d_fake=-1.3976 g_grad_abs=1084.0688 d_grad_abs=2648.3993 synth_eps=0.0099 synth_eps_raw=0.0099 synth_x0_hit=0.0000 synth_total=0.0099 prior_preserve=0.0003 extra_render_attn_share=0.5054
[step 2950] real_p1_mirror_hole_cov=0.0242 real_p1_eps=0.1010 real_p1_hole_frac=0.1061 real_p2_eps=0.0201 real_p2_hit=0.0000 real_total=0.1211 synth_eps=0.1229 synth_eps_raw=0.1229 synth_x0_hit=0.0000 synth_total=0.1229 prior_preserve=0.0006 extra_render_attn_share=0.5054
[step 3000] real_p1_mirror_hole_cov=0.0789 real_p1_eps=0.2918 real_p1_hole_frac=0.0695 real_p2_eps=0.1187 real_p2_hit=1.0000 real_p2_t=272.0000 real_p2_ldif=0.0675 real_p2_lfm=0.0059 real_total=0.4899 discr_adv=0.5501 p2_d_real=0.9961 p2_d_fake=0.0509 g_grad_abs=1800.9409 d_grad_abs=3275.4413 synth_eps=0.0554 synth_eps_raw=0.0554 synth_x0_hit=0.0000 synth_total=0.0554 prior_preserve=0.0007 extra_render_attn_share=0.5054
[images] real: anchor | cond1 | cond2 | inv_warp_mirror | mask | mask_inv | warp_img | warp_warp_img | x | y_hat | y_hat_novel -> /home/xzy/warpgan-diffusiong-inpainting/warpgan-diffusion-inpainting-main/experiments/train_inpainting_diffusion/[20260914-030356]_v18w8_w5full_100k/logs/images/train/real_step0003000.png
[images] synth: cond | mask | target | warp_img | x | y_hat_novel -> /home/xzy/warpgan-diffusiong-inpainting/warpgan-diffusion-inpainting-main/experiments/train_inpainting_diffusion/[20260914-030356]_v18w8_w5full_100k/logs/images/train/synth_step0003000.png
[step 3050] real_p1_mirror_hole_cov=0.1304 real_p1_eps=0.1525 real_p1_hole_frac=0.3107 real_p2_eps=0.1273 real_p2_hit=1.0000 real_p2_t=300.0000 real_p2_ldif=0.0883 real_p2_gen_adv=0.2593 real_p2_lfm=0.0075 real_total=0.4090 discr_adv=0.9576 p2_d_real=-0.1536 p2_d_fake=-0.2593 g_grad_abs=2124.3473 d_grad_abs=1356.2939 synth_eps=0.0214 synth_eps_raw=0.0214 synth_x0_hit=0.0000 synth_total=0.0214 prior_preserve=0.0003 extra_render_attn_share=0.5054
[step 3100] real_p1_mirror_hole_cov=0.0490 real_p1_eps=0.1367 real_p1_hole_frac=0.0765 real_p2_eps=0.0307 real_p2_hit=0.0000 real_total=0.1674 synth_eps=0.0014 synth_eps_raw=0.0014 synth_x0_hit=0.0000 synth_total=0.0014 prior_preserve=0.0006 extra_render_attn_share=0.5054
[step 3150] real_p1_mirror_hole_cov=0.0745 real_p1_eps=0.2528 real_p1_hole_frac=0.4607 real_p2_eps=0.1492 real_p2_hit=0.0000 real_total=0.4020 synth_eps=0.0046 synth_eps_raw=0.0046 synth_x0_hit=0.0000 synth_total=0.0046 prior_preserve=0.0010 extra_render_attn_share=0.5054
[step 3200] real_p1_mirror_hole_cov=0.1151 real_p1_eps=0.1914 real_p1_hole_frac=0.1630 real_p2_eps=0.2367 real_p2_hit=1.0000 real_p2_t=137.0000 real_p2_ldif=0.0431 real_p2_gen_adv=-0.8828 real_p2_lfm=0.0037 real_total=0.3903 discr_adv=1.0281 p2_d_real=0.8266 p2_d_fake=0.8828 g_grad_abs=1800.8351 d_grad_abs=1134.1282 synth_eps=0.0157 synth_eps_raw=0.0157 synth_x0_hit=0.0000 synth_total=0.0157 prior_preserve=0.0027 extra_render_attn_share=0.5054
[step 3250] real_p1_mirror_hole_cov=0.1550 real_p1_eps=0.1644 real_p1_hole_frac=0.4144 real_p2_eps=0.0150 real_p2_hit=0.0000 real_total=0.1794 discr_adv=0.7677 x0_d_real=0.8938 x0_d_fake=0.4288 g_grad_abs=2419.4579 d_grad_abs=9296.8281 synth_eps=0.0037 synth_eps_raw=0.0037 synth_x0_hit=0.0000 synth_total=0.0037 prior_preserve=0.0008 extra_render_attn_share=0.5054
[step 3300] real_p1_mirror_hole_cov=0.0672 real_p1_eps=0.2106 real_p1_hole_frac=0.1287 real_p2_eps=0.2600 real_p2_hit=1.0000 real_p2_t=108.0000 real_p2_ldif=0.0341 real_p2_gen_adv=-0.3902 real_p2_lfm=0.0024 real_total=0.4704 discr_adv=2.1433 x0_d_real=0.3523 x0_d_fake=0.5292 p2_d_real=0.2807 p2_d_fake=0.3902 g_grad_abs=1722.4058 d_grad_abs=3186.9292 synth_eps=0.4476 synth_eps_raw=0.4476 synth_x0_hit=1.0000 synth_x0_t=99.0000 synth_x0_ldif=0.0523 synth_x0_gen_adv=-0.5695 synth_x0_lfm=0.0046 synth_total=0.4521 prior_preserve=0.0018 extra_render_attn_share=0.5054
[step 3350] real_p1_mirror_hole_cov=0.3712 real_p1_eps=0.8403 real_p1_hole_frac=0.2715 real_p2_eps=0.0231 real_p2_hit=0.0000 real_total=0.8633 synth_eps=0.1938 synth_eps_raw=0.1938 synth_x0_hit=0.0000 synth_total=0.1938 prior_preserve=0.0008 extra_render_attn_share=0.5054
[step 3400] real_p1_mirror_hole_cov=0.0457 real_p1_eps=0.0558 real_p1_hole_frac=0.0726 real_p2_eps=0.0480 real_p2_hit=0.0000 real_total=0.1038 discr_adv=0.9915 x0_d_real=0.9117 x0_d_fake=0.8942 g_grad_abs=1179.0762 d_grad_abs=295.0648 synth_eps=0.0326 synth_eps_raw=0.0326 synth_x0_hit=0.0000 synth_total=0.0326 prior_preserve=0.0002 extra_render_attn_share=0.5054
[step 3450] real_p1_mirror_hole_cov=0.0388 real_p1_eps=0.5062 real_p1_hole_frac=0.2678 real_p2_eps=0.0138 real_p2_hit=0.0000 real_total=0.5200 synth_eps=0.1365 synth_eps_raw=0.1365 synth_x0_hit=0.0000 synth_total=0.1365 prior_preserve=0.0002 extra_render_attn_share=0.5054
[step 3500] real_p1_mirror_hole_cov=0.0815 real_p1_eps=0.1625 real_p1_hole_frac=0.3284 real_p2_eps=0.0684 real_p2_hit=0.0000 real_total=0.2309 synth_eps=0.0131 synth_eps_raw=0.0131 synth_x0_hit=0.0000 synth_total=0.0131 prior_preserve=0.0002 extra_render_attn_share=0.5054
[images] real: anchor | cond1 | cond2 | inv_warp_mirror | mask | mask_inv | warp_img | warp_warp_img | x | y_hat | y_hat_novel -> /home/xzy/warpgan-diffusiong-inpainting/warpgan-diffusion-inpainting-main/experiments/train_inpainting_diffusion/[20260914-030356]_v18w8_w5full_100k/logs/images/train/real_step0003500.png
[images] synth: cond | mask | target | warp_img | x | y_hat_novel -> /home/xzy/warpgan-diffusiong-inpainting/warpgan-diffusion-inpainting-main/experiments/train_inpainting_diffusion/[20260914-030356]_v18w8_w5full_100k/logs/images/train/synth_step0003500.png
[step 3550] real_p1_mirror_hole_cov=0.0458 real_p1_eps=0.1203 real_p1_hole_frac=0.4258 real_p2_eps=0.0938 real_p2_hit=0.0000 real_total=0.2141 discr_adv=0.9869 x0_d_real=0.4374 x0_d_fake=0.4083 g_grad_abs=836.3101 d_grad_abs=363.2501 synth_eps=0.0043 synth_eps_raw=0.0043 synth_x0_hit=0.0000 synth_total=0.0043 prior_preserve=0.0020 extra_render_attn_share=0.5054
[step 3600] real_p1_mirror_hole_cov=0.0169 real_p1_eps=0.1385 real_p1_hole_frac=0.2044 real_p2_eps=0.0320 real_p2_hit=0.0000 real_total=0.1705 synth_eps=0.0682 synth_eps_raw=0.0682 synth_x0_hit=0.0000 synth_total=0.0682 prior_preserve=0.0007 extra_render_attn_share=0.5054
[step 3650] real_p1_mirror_hole_cov=0.1139 real_p1_eps=0.2043 real_p1_hole_frac=0.3258 real_p2_eps=0.1569 real_p2_hit=0.0000 real_total=0.3613 discr_adv=0.9868 x0_d_real=0.5960 x0_d_fake=0.5696 g_grad_abs=1201.3024 d_grad_abs=191.3206 synth_eps=0.0122 synth_eps_raw=0.0122 synth_x0_hit=0.0000 synth_total=0.0122 prior_preserve=0.0004 extra_render_attn_share=0.5054
[step 3700] real_p1_mirror_hole_cov=0.1024 real_p1_eps=0.1412 real_p1_hole_frac=0.5059 real_p2_eps=0.1099 real_p2_hit=0.0000 real_total=0.2510 synth_eps=0.0601 synth_eps_raw=0.0601 synth_x0_hit=0.0000 synth_total=0.0601 prior_preserve=0.0009 extra_render_attn_share=0.5054
[step 3750] real_p1_mirror_hole_cov=0.0036 real_p1_eps=0.1107 real_p1_hole_frac=0.0595 real_p2_eps=0.0072 real_p2_hit=0.0000 real_total=0.1179 synth_eps=0.0176 synth_eps_raw=0.0176 synth_x0_hit=0.0000 synth_total=0.0176 prior_preserve=0.0004 extra_render_attn_share=0.5054
[step 3800] real_p1_mirror_hole_cov=0.1008 real_p1_eps=0.1686 real_p1_hole_frac=0.1401 real_p2_eps=0.0305 real_p2_hit=0.0000 real_total=0.1991 synth_eps=0.0041 synth_eps_raw=0.0041 synth_x0_hit=0.0000 synth_total=0.0041 prior_preserve=0.0007 extra_render_attn_share=0.5054
[step 3850] real_p1_mirror_hole_cov=0.0331 real_p1_eps=0.0658 real_p1_hole_frac=0.0820 real_p2_eps=0.0460 real_p2_hit=0.0000 real_total=0.1117 discr_adv=1.0208 x0_d_real=0.6895 x0_d_fake=0.7311 g_grad_abs=711.8595 d_grad_abs=476.5710 synth_eps=0.7797 synth_eps_raw=0.7797 synth_x0_hit=1.0000 synth_x0_t=12.0000 synth_x0_ldif=0.0090 synth_x0_gen_adv=0.5171 synth_x0_lfm=0.0015 synth_total=0.8433 prior_preserve=0.0002 extra_render_attn_share=0.5054
[step 3900] real_p1_mirror_hole_cov=0.0446 real_p1_eps=0.0976 real_p1_hole_frac=0.1129 real_p2_eps=0.0366 real_p2_hit=0.0000 real_total=0.1342 synth_eps=0.0331 synth_eps_raw=0.0331 synth_x0_hit=0.0000 synth_total=0.0331 prior_preserve=0.0066 extra_render_attn_share=0.5054
[step 3950] real_p1_mirror_hole_cov=0.1489 real_p1_eps=0.3514 real_p1_hole_frac=0.1561 real_p2_eps=0.1022 real_p2_hit=0.0000 real_total=0.4536 synth_eps=0.0517 synth_eps_raw=0.0517 synth_x0_hit=0.0000 synth_total=0.0517 prior_preserve=0.0008 extra_render_attn_share=0.5054
[val step 3999] val_novel_full=0.0376 val_novel_hole=0.0283 val_novel_visible=0.0453
[step 4000] real_p1_mirror_hole_cov=0.0201 real_p1_eps=0.2449 real_p1_hole_frac=0.2752 real_p2_eps=0.0031 real_p2_hit=0.0000 real_total=0.2479 synth_eps=0.0195 synth_eps_raw=0.0195 synth_x0_hit=0.0000 synth_total=0.0195 prior_preserve=0.0004 extra_render_attn_share=0.5202
[images] real: anchor | cond1 | cond2 | inv_warp_mirror | mask | mask_inv | warp_img | warp_warp_img | x | y_hat | y_hat_novel -> /home/xzy/warpgan-diffusiong-inpainting/warpgan-diffusion-inpainting-main/experiments/train_inpainting_diffusion/[20260914-030356]_v18w8_w5full_100k/logs/images/train/real_step0004000.png
[images] synth: cond | mask | target | warp_img | x | y_hat_novel -> /home/xzy/warpgan-diffusiong-inpainting/warpgan-diffusion-inpainting-main/experiments/train_inpainting_diffusion/[20260914-030356]_v18w8_w5full_100k/logs/images/train/synth_step0004000.png
[step 4050] real_p1_mirror_hole_cov=0.0642 real_p1_eps=0.1519 real_p1_hole_frac=0.4291 real_p2_eps=0.0658 real_p2_hit=0.0000 real_total=0.2177 synth_eps=0.0141 synth_eps_raw=0.0141 synth_x0_hit=0.0000 synth_total=0.0141 prior_preserve=0.0006 extra_render_attn_share=0.5202
[step 4100] real_p1_mirror_hole_cov=0.0949 real_p1_eps=0.1214 real_p1_hole_frac=0.3930 real_p2_eps=0.1267 real_p2_hit=0.0000 real_total=0.2482 discr_adv=0.9772 x0_d_real=-0.8470 x0_d_fake=-0.9051 g_grad_abs=914.2764 d_grad_abs=929.5169 synth_eps=0.2615 synth_eps_raw=0.2615 synth_x0_hit=1.0000 synth_x0_t=157.0000 synth_x0_ldif=0.0582 synth_x0_gen_adv=0.7787 synth_x0_lfm=0.0058 synth_total=0.4091 prior_preserve=0.0002 extra_render_attn_share=0.5202
[step 4150] real_p1_mirror_hole_cov=0.0022 real_p1_eps=0.1206 real_p1_hole_frac=0.1853 real_p2_eps=0.0753 real_p2_hit=0.0000 real_total=0.1959 discr_adv=0.9987 x0_d_real=-0.8688 x0_d_fake=-0.8714 g_grad_abs=924.0081 d_grad_abs=42.0125 synth_eps=0.0758 synth_eps_raw=0.0758 synth_x0_hit=0.0000 synth_total=0.0758 prior_preserve=0.0027 extra_render_attn_share=0.5202
[step 4200] real_p1_mirror_hole_cov=0.0795 real_p1_eps=0.1612 real_p1_hole_frac=0.1192 real_p2_eps=0.7375 real_p2_hit=1.0000 real_p2_t=2.0000 real_p2_ldif=0.0019 real_p2_gen_adv=0.2407 real_p2_lfm=0.0004 real_total=0.9255 discr_adv=1.8055 x0_d_real=0.0346 x0_d_fake=-0.3533 p2_d_real=-0.2393 p2_d_fake=-0.2407 g_grad_abs=1937.7883 d_grad_abs=3120.2250 synth_eps=0.1285 synth_eps_raw=0.1285 synth_x0_hit=0.0000 synth_total=0.1285 prior_preserve=0.0041 extra_render_attn_share=0.5202
[step 4250] real_p1_mirror_hole_cov=0.1290 real_p1_eps=0.4959 real_p1_hole_frac=0.1506 real_p2_eps=0.0047 real_p2_hit=0.0000 real_total=0.5006 synth_eps=0.0234 synth_eps_raw=0.0234 synth_x0_hit=0.0000 synth_total=0.0234 prior_preserve=0.0002 extra_render_attn_share=0.5202
[step 4300] real_p1_mirror_hole_cov=0.1799 real_p1_eps=0.1300 real_p1_hole_frac=0.2652 real_p2_eps=0.0044 real_p2_hit=0.0000 real_total=0.1344 synth_eps=0.0958 synth_eps_raw=0.0958 synth_x0_hit=0.0000 synth_total=0.0958 prior_preserve=0.0003 extra_render_attn_share=0.5202
[step 4350] real_p1_mirror_hole_cov=0.0167 real_p1_eps=0.2421 real_p1_hole_frac=0.2287 real_p2_eps=0.0219 real_p2_hit=0.0000 real_total=0.2640 synth_eps=0.0705 synth_eps_raw=0.0705 synth_x0_hit=0.0000 synth_total=0.0705 prior_preserve=0.0010 extra_render_attn_share=0.5202
[step 4400] real_p1_mirror_hole_cov=0.0648 real_p1_eps=0.1476 real_p1_hole_frac=0.1734 real_p2_eps=0.2442 real_p2_hit=1.0000 real_p2_t=146.0000 real_p2_ldif=0.0488 real_p2_gen_adv=-0.5097 real_p2_lfm=0.0024 real_total=0.3945 discr_adv=0.9615 p2_d_real=0.5866 p2_d_fake=0.5097 g_grad_abs=1468.6383 d_grad_abs=461.1592 synth_eps=0.1425 synth_eps_raw=0.1425 synth_x0_hit=0.0000 synth_total=0.1425 prior_preserve=0.0005 extra_render_attn_share=0.5202
[step 4450] real_p1_mirror_hole_cov=0.1833 real_p1_eps=0.1262 real_p1_hole_frac=0.0653 real_p2_eps=0.0018 real_p2_hit=0.0000 real_total=0.1280 synth_eps=0.0866 synth_eps_raw=0.0866 synth_x0_hit=0.0000 synth_total=0.0866 prior_preserve=0.0005 extra_render_attn_share=0.5202
[step 4500] real_p1_mirror_hole_cov=0.1499 real_p1_eps=0.5231 real_p1_hole_frac=0.1323 real_p2_eps=0.1156 real_p2_hit=1.0000 real_p2_t=268.0000 real_p2_ldif=0.0639 real_p2_gen_adv=-0.8078 real_p2_lfm=0.0057 real_total=0.6331 discr_adv=1.0439 p2_d_real=0.7211 p2_d_fake=0.8078 g_grad_abs=2169.5964 d_grad_abs=742.1307 synth_eps=0.0176 synth_eps_raw=0.0176 synth_x0_hit=0.0000 synth_total=0.0176 prior_preserve=0.0004 extra_render_attn_share=0.5202
[images] real: anchor | cond1 | cond2 | inv_warp_mirror | mask | mask_inv | warp_img | warp_warp_img | x | y_hat | y_hat_novel -> /home/xzy/warpgan-diffusiong-inpainting/warpgan-diffusion-inpainting-main/experiments/train_inpainting_diffusion/[20260914-030356]_v18w8_w5full_100k/logs/images/train/real_step0004500.png
[images] synth: cond | mask | target | warp_img | x | y_hat_novel -> /home/xzy/warpgan-diffusiong-inpainting/warpgan-diffusion-inpainting-main/experiments/train_inpainting_diffusion/[20260914-030356]_v18w8_w5full_100k/logs/images/train/synth_step0004500.png
[step 4550] real_p1_mirror_hole_cov=0.1787 real_p1_eps=0.2706 real_p1_hole_frac=0.1098 real_p2_eps=0.2296 real_p2_hit=1.0000 real_p2_t=180.0000 real_p2_ldif=0.0632 real_p2_gen_adv=-0.7280 real_p2_lfm=0.0045 real_total=0.4996 discr_adv=0.9609 p2_d_real=0.8064 p2_d_fake=0.7280 g_grad_abs=1817.9129 d_grad_abs=1336.0444 synth_eps=0.0668 synth_eps_raw=0.0668 synth_x0_hit=0.0000 synth_total=0.0668 prior_preserve=0.0005 extra_render_attn_share=0.5202
[step 4600] real_p1_mirror_hole_cov=0.1062 real_p1_eps=0.2247 real_p1_hole_frac=0.3243 real_p2_eps=0.0020 real_p2_hit=0.0000 real_total=0.2267 synth_eps=0.0063 synth_eps_raw=0.0063 synth_x0_hit=0.0000 synth_total=0.0063 prior_preserve=0.0003 extra_render_attn_share=0.5202
[step 4650] real_p1_mirror_hole_cov=0.1497 real_p1_eps=0.3550 real_p1_hole_frac=0.4037 real_p2_eps=0.0017 real_p2_hit=0.0000 real_total=0.3568 discr_adv=1.0003 x0_d_real=0.3838 x0_d_fake=0.3843 g_grad_abs=1130.2673 d_grad_abs=1188.7783 synth_eps=0.0526 synth_eps_raw=0.0526 synth_x0_hit=0.0000 synth_total=0.0526 prior_preserve=0.0008 extra_render_attn_share=0.5202
[step 4700] real_p1_mirror_hole_cov=0.1232 real_p1_eps=0.1157 real_p1_hole_frac=0.1114 real_p2_eps=0.1793 real_p2_hit=1.0000 real_p2_t=108.0000 real_p2_ldif=0.0235 real_p2_gen_adv=-0.7099 real_p2_lfm=0.0013 real_total=0.2501 discr_adv=1.2578 p2_d_real=0.1942 p2_d_fake=0.7099 g_grad_abs=1950.1807 d_grad_abs=8460.2694 synth_eps=0.0407 synth_eps_raw=0.0407 synth_x0_hit=0.0000 synth_total=0.0407 prior_preserve=0.0004 extra_render_attn_share=0.5202
[step 4750] real_p1_mirror_hole_cov=0.0117 real_p1_eps=0.3189 real_p1_hole_frac=0.3078 real_p2_eps=0.0336 real_p2_hit=0.0000 real_total=0.3525 synth_eps=0.0039 synth_eps_raw=0.0039 synth_x0_hit=0.0000 synth_total=0.0039 prior_preserve=0.0007 extra_render_attn_share=0.5202
[step 4800] real_p1_mirror_hole_cov=0.1240 real_p1_eps=0.3902 real_p1_hole_frac=0.4579 real_p2_eps=0.0944 real_p2_hit=0.0000 real_total=0.4847 discr_adv=1.0898 x0_d_real=-0.0047 x0_d_fake=0.1750 g_grad_abs=1508.6644 d_grad_abs=1799.3440 synth_eps=0.0020 synth_eps_raw=0.0020 synth_x0_hit=0.0000 synth_total=0.0020 prior_preserve=0.0003 extra_render_attn_share=0.5202
[step 4850] real_p1_mirror_hole_cov=0.0880 real_p1_eps=0.6343 real_p1_hole_frac=0.2663 real_p2_eps=0.3045 real_p2_hit=1.0000 real_p2_t=99.0000 real_p2_ldif=0.0356 real_p2_gen_adv=0.1224 real_p2_lfm=0.0044 real_total=0.9954 discr_adv=0.9631 p2_d_real=-0.0486 p2_d_fake=-0.1224 g_grad_abs=2160.4922 d_grad_abs=678.2920 synth_eps=0.0783 synth_eps_raw=0.0783 synth_x0_hit=0.0000 synth_total=0.0783 prior_preserve=0.0003 extra_render_attn_share=0.5202
[step 4900] real_p1_mirror_hole_cov=0.0076 real_p1_eps=0.0723 real_p1_hole_frac=0.2374 real_p2_eps=0.0088 real_p2_hit=0.0000 real_total=0.0811 synth_eps=0.1787 synth_eps_raw=0.1787 synth_x0_hit=0.0000 synth_total=0.1787 prior_preserve=0.0004 extra_render_attn_share=0.5202
[step 4950] real_p1_mirror_hole_cov=0.0053 real_p1_eps=0.1599 real_p1_hole_frac=0.1823 real_p2_eps=0.0842 real_p2_hit=0.0000 real_total=0.2441 synth_eps=0.4353 synth_eps_raw=0.4353 synth_x0_hit=1.0000 synth_x0_t=79.0000 synth_x0_ldif=0.0381 synth_x0_gen_adv=-0.3492 synth_x0_lfm=0.0032 synth_total=0.4449 prior_preserve=0.0002 extra_render_attn_share=0.5202
[step 5000] real_p1_mirror_hole_cov=0.2491 real_p1_eps=0.2699 real_p1_hole_frac=0.5495 real_p2_eps=0.0238 real_p2_hit=0.0000 real_total=0.2937 discr_adv=0.9725 x0_d_real=0.4557 x0_d_fake=0.4008 g_grad_abs=1176.2463 d_grad_abs=909.5349 synth_eps=0.0041 synth_eps_raw=0.0041 synth_x0_hit=0.0000 synth_total=0.0041 prior_preserve=0.0190 extra_render_attn_share=0.5202
[images] real: anchor | cond1 | cond2 | inv_warp_mirror | mask | mask_inv | warp_img | warp_warp_img | x | y_hat | y_hat_novel -> /home/xzy/warpgan-diffusiong-inpainting/warpgan-diffusion-inpainting-main/experiments/train_inpainting_diffusion/[20260914-030356]_v18w8_w5full_100k/logs/images/train/real_step0005000.png
[images] synth: cond | mask | target | warp_img | x | y_hat_novel -> /home/xzy/warpgan-diffusiong-inpainting/warpgan-diffusion-inpainting-main/experiments/train_inpainting_diffusion/[20260914-030356]_v18w8_w5full_100k/logs/images/train/synth_step0005000.png
[step 5050] real_p1_mirror_hole_cov=0.0011 real_p1_eps=0.1777 real_p1_hole_frac=0.1237 real_p2_eps=0.0011 real_p2_hit=0.0000 real_total=0.1788 synth_eps=0.2977 synth_eps_raw=0.2977 synth_x0_hit=1.0000 synth_x0_t=194.0000 synth_x0_ldif=0.0925 synth_x0_gen_adv=-0.7362 synth_x0_lfm=0.0064 synth_total=0.3294 prior_preserve=0.0006 extra_render_attn_share=0.5202
[step 5100] real_p1_mirror_hole_cov=0.1879 real_p1_eps=0.2331 real_p1_hole_frac=0.3940 real_p2_eps=0.0357 real_p2_hit=0.0000 real_total=0.2689 discr_adv=0.9704 x0_d_real=0.1127 x0_d_fake=0.0532 g_grad_abs=1011.6060 d_grad_abs=718.1257 synth_eps=0.0075 synth_eps_raw=0.0075 synth_x0_hit=0.0000 synth_total=0.0075 prior_preserve=0.0003 extra_render_attn_share=0.5202
[step 5150] real_p1_mirror_hole_cov=0.0034 real_p1_eps=0.1268 real_p1_hole_frac=0.0093 real_p2_eps=0.0809 real_p2_hit=1.0000 real_p2_t=258.0000 real_p2_ldif=0.0416 real_p2_gen_adv=0.6456 real_p2_lfm=0.0042 real_total=0.3222 discr_adv=1.1108 p2_d_real=-0.8636 p2_d_fake=-0.6456 g_grad_abs=1839.9308 d_grad_abs=2218.6303 synth_eps=0.0374 synth_eps_raw=0.0374 synth_x0_hit=0.0000 synth_total=0.0374 prior_preserve=0.0003 extra_render_attn_share=0.5202
[step 5200] real_p1_mirror_hole_cov=0.1630 real_p1_eps=0.1468 real_p1_hole_frac=0.1547 real_p2_eps=0.2837 real_p2_hit=1.0000 real_p2_t=103.0000 real_p2_ldif=0.0349 real_p2_gen_adv=-0.3776 real_p2_lfm=0.0026 real_total=0.4329 discr_adv=1.9421 x0_d_real=-0.4433 x0_d_fake=-0.5504 p2_d_real=0.3885 p2_d_fake=0.3776 g_grad_abs=1547.0694 d_grad_abs=686.6102 synth_eps=0.0018 synth_eps_raw=0.0018 synth_x0_hit=0.0000 synth_total=0.0018 prior_preserve=0.0002 extra_render_attn_share=0.5202
[step 5250] real_p1_mirror_hole_cov=0.3421 real_p1_eps=0.2302 real_p1_hole_frac=0.3489 real_p2_eps=0.0075 real_p2_hit=0.0000 real_total=0.2377 discr_adv=1.1587 x0_d_real=0.3398 x0_d_fake=0.6565 g_grad_abs=1167.9841 d_grad_abs=2525.6692 synth_eps=0.0775 synth_eps_raw=0.0775 synth_x0_hit=0.0000 synth_total=0.0775 prior_preserve=0.0012 extra_render_attn_share=0.5202
[step 5300] real_p1_mirror_hole_cov=0.2207 real_p1_eps=0.1261 real_p1_hole_frac=0.3204 real_p2_eps=0.2284 real_p2_hit=1.0000 real_p2_t=162.0000 real_p2_ldif=0.0533 real_p2_gen_adv=0.4876 real_p2_lfm=0.0037 real_total=0.4640 discr_adv=0.9627 p2_d_real=-0.4129 p2_d_fake=-0.4876 g_grad_abs=1565.1566 d_grad_abs=344.0383 synth_eps=0.0204 synth_eps_raw=0.0204 synth_x0_hit=0.0000 synth_total=0.0204 prior_preserve=0.0010 extra_render_attn_share=0.5202
[step 5350] real_p1_mirror_hole_cov=0.0508 real_p1_eps=0.3266 real_p1_hole_frac=0.3208 real_p2_eps=0.0948 real_p2_hit=0.0000 real_total=0.4214 synth_eps=0.0264 synth_eps_raw=0.0264 synth_x0_hit=0.0000 synth_total=0.0264 prior_preserve=0.0002 extra_render_attn_share=0.5202
[step 5400] real_p1_mirror_hole_cov=0.1448 real_p1_eps=0.1324 real_p1_hole_frac=0.3637 real_p2_eps=0.1208 real_p2_hit=0.0000 real_total=0.2532 synth_eps=0.3446 synth_eps_raw=0.3446 synth_x0_hit=1.0000 synth_x0_t=125.0000 synth_x0_ldif=0.0551 synth_x0_gen_adv=0.4775 synth_x0_lfm=0.0052 synth_total=0.4580 prior_preserve=0.0005 extra_render_attn_share=0.5202
[step 5450] real_p1_mirror_hole_cov=0.4055 real_p1_eps=0.2509 real_p1_hole_frac=0.7401 real_p2_eps=0.0114 real_p2_hit=0.0000 real_total=0.2623 synth_eps=0.1507 synth_eps_raw=0.1507 synth_x0_hit=0.0000 synth_total=0.1507 prior_preserve=0.0002 extra_render_attn_share=0.5202
[step 5500] real_p1_mirror_hole_cov=0.0970 real_p1_eps=0.1127 real_p1_hole_frac=0.1255 real_p2_eps=0.0013 real_p2_hit=0.0000 real_total=0.1140 discr_adv=0.9923 x0_d_real=0.4929 x0_d_fake=0.4733 g_grad_abs=873.1155 d_grad_abs=942.0489 synth_eps=0.0246 synth_eps_raw=0.0246 synth_x0_hit=0.0000 synth_total=0.0246 prior_preserve=0.0003 extra_render_attn_share=0.5202
[images] real: anchor | cond1 | cond2 | inv_warp_mirror | mask | mask_inv | warp_img | warp_warp_img | x | y_hat | y_hat_novel -> /home/xzy/warpgan-diffusiong-inpainting/warpgan-diffusion-inpainting-main/experiments/train_inpainting_diffusion/[20260914-030356]_v18w8_w5full_100k/logs/images/train/real_step0005500.png
[images] synth: cond | mask | target | warp_img | x | y_hat_novel -> /home/xzy/warpgan-diffusiong-inpainting/warpgan-diffusion-inpainting-main/experiments/train_inpainting_diffusion/[20260914-030356]_v18w8_w5full_100k/logs/images/train/synth_step0005500.png
[step 5550] real_p1_mirror_hole_cov=0.0062 real_p1_eps=0.1679 real_p1_hole_frac=0.1475 real_p2_eps=0.0043 real_p2_hit=0.0000 real_total=0.1722 synth_eps=0.0122 synth_eps_raw=0.0122 synth_x0_hit=0.0000 synth_total=0.0122 prior_preserve=0.0006 extra_render_attn_share=0.5202
[step 5600] real_p1_mirror_hole_cov=0.1778 real_p1_eps=0.4360 real_p1_hole_frac=0.3936 real_p2_eps=0.0462 real_p2_hit=0.0000 real_total=0.4822 synth_eps=0.2458 synth_eps_raw=0.2458 synth_x0_hit=1.0000 synth_x0_t=251.0000 synth_x0_ldif=0.1199 synth_x0_gen_adv=-0.5084 synth_x0_lfm=0.0066 synth_total=0.3280 prior_preserve=0.0003 extra_render_attn_share=0.5202
[step 5650] real_p1_mirror_hole_cov=0.1347 real_p1_eps=0.1249 real_p1_hole_frac=0.3491 real_p2_eps=0.0027 real_p2_hit=0.0000 real_total=0.1276 synth_eps=0.2566 synth_eps_raw=0.2566 synth_x0_hit=1.0000 synth_x0_t=200.0000 synth_x0_ldif=0.0839 synth_x0_gen_adv=-0.4076 synth_x0_lfm=0.0062 synth_total=0.3121 prior_preserve=0.0002 extra_render_attn_share=0.5202
[step 5700] real_p1_mirror_hole_cov=0.0023 real_p1_eps=0.1549 real_p1_hole_frac=0.1759 real_p2_eps=0.0014 real_p2_hit=0.0000 real_total=0.1563 synth_eps=0.2174 synth_eps_raw=0.2174 synth_x0_hit=1.0000 synth_x0_t=197.0000 synth_x0_ldif=0.0693 synth_x0_gen_adv=-0.2436 synth_x0_lfm=0.0079 synth_total=0.2780 prior_preserve=0.0009 extra_render_attn_share=0.5202
[step 5750] real_p1_mirror_hole_cov=0.3899 real_p1_eps=0.1324 real_p1_hole_frac=0.1306 real_p2_eps=0.1503 real_p2_hit=1.0000 real_p2_t=175.0000 real_p2_ldif=0.0396 real_p2_gen_adv=-0.3718 real_p2_lfm=0.0030 real_total=0.2913 discr_adv=1.9105 x0_d_real=0.3353 x0_d_fake=0.0137 p2_d_real=0.2297 p2_d_fake=0.3718 g_grad_abs=1930.3472 d_grad_abs=1854.0970 synth_eps=0.0019 synth_eps_raw=0.0019 synth_x0_hit=0.0000 synth_total=0.0019 prior_preserve=0.0002 extra_render_attn_share=0.5202
[step 5800] real_p1_mirror_hole_cov=0.0124 real_p1_eps=0.0816 real_p1_hole_frac=0.1324 real_p2_eps=0.0011 real_p2_hit=0.0000 real_total=0.0827 synth_eps=0.2654 synth_eps_raw=0.2654 synth_x0_hit=1.0000 synth_x0_t=177.0000 synth_x0_ldif=0.0711 synth_x0_gen_adv=-0.1766 synth_x0_lfm=0.0055 synth_total=0.3298 prior_preserve=0.0037 extra_render_attn_share=0.5202
[step 5850] real_p1_mirror_hole_cov=0.1525 real_p1_eps=0.3492 real_p1_hole_frac=0.3728 real_p2_eps=0.0061 real_p2_hit=0.0000 real_total=0.3553 synth_eps=0.0032 synth_eps_raw=0.0032 synth_x0_hit=0.0000 synth_total=0.0032 prior_preserve=0.0007 extra_render_attn_share=0.5202
[step 5900] real_p1_mirror_hole_cov=0.0098 real_p1_eps=0.0682 real_p1_hole_frac=0.0804 real_p2_eps=0.3143 real_p2_hit=1.0000 real_p2_t=26.0000 real_p2_ldif=0.0078 real_p2_gen_adv=0.8457 real_p2_lfm=0.0005 real_total=0.4758 discr_adv=0.9971 p2_d_real=-0.8389 p2_d_fake=-0.8457 g_grad_abs=1429.3795 d_grad_abs=130.2075 synth_eps=0.1102 synth_eps_raw=0.1102 synth_x0_hit=0.0000 synth_total=0.1102 prior_preserve=0.0003 extra_render_attn_share=0.5202
[step 5950] real_p1_mirror_hole_cov=0.2029 real_p1_eps=0.1885 real_p1_hole_frac=0.5356 real_p2_eps=0.1061 real_p2_hit=0.0000 real_total=0.2946 synth_eps=0.0141 synth_eps_raw=0.0141 synth_x0_hit=0.0000 synth_total=0.0141 prior_preserve=0.0005 extra_render_attn_share=0.5202
[val step 5999] val_novel_full=0.0326 val_novel_hole=0.0328 val_novel_visible=0.0326
[step 6000] real_p1_mirror_hole_cov=0.0190 real_p1_eps=0.2367 real_p1_hole_frac=0.3192 real_p2_eps=0.0502 real_p2_hit=0.0000 real_total=0.2869 discr_adv=1.7114 x0_d_real=-0.7733 x0_d_fake=0.6494 g_grad_abs=1737.6487 d_grad_abs=7074.7632 synth_eps=0.0162 synth_eps_raw=0.0162 synth_x0_hit=0.0000 synth_total=0.0162 prior_preserve=0.0044 extra_render_attn_share=0.5268
[images] real: anchor | cond1 | cond2 | inv_warp_mirror | mask | mask_inv | warp_img | warp_warp_img | x | y_hat | y_hat_novel -> /home/xzy/warpgan-diffusiong-inpainting/warpgan-diffusion-inpainting-main/experiments/train_inpainting_diffusion/[20260914-030356]_v18w8_w5full_100k/logs/images/train/real_step0006000.png
[images] synth: cond | mask | target | warp_img | x | y_hat_novel -> /home/xzy/warpgan-diffusiong-inpainting/warpgan-diffusion-inpainting-main/experiments/train_inpainting_diffusion/[20260914-030356]_v18w8_w5full_100k/logs/images/train/synth_step0006000.png
[step 6050] real_p1_mirror_hole_cov=0.0457 real_p1_eps=0.2080 real_p1_hole_frac=0.5277 real_p2_eps=0.0164 real_p2_hit=0.0000 real_total=0.2244 synth_eps=0.0105 synth_eps_raw=0.0105 synth_x0_hit=0.0000 synth_total=0.0105 prior_preserve=0.0004 extra_render_attn_share=0.5268
[step 6100] real_p1_mirror_hole_cov=0.1868 real_p1_eps=0.2589 real_p1_hole_frac=0.4825 real_p2_eps=0.0049 real_p2_hit=0.0000 real_total=0.2638 synth_eps=0.2505 synth_eps_raw=0.2505 synth_x0_hit=1.0000 synth_x0_t=242.0000 synth_x0_ldif=0.1142 synth_x0_gen_adv=0.2311 synth_x0_lfm=0.0075 synth_total=0.4029 prior_preserve=0.0036 extra_render_attn_share=0.5268
[step 6150] real_p1_mirror_hole_cov=0.1031 real_p1_eps=0.2564 real_p1_hole_frac=0.0516 real_p2_eps=0.0747 real_p2_hit=1.0000 real_p2_t=232.0000 real_p2_ldif=0.0315 real_p2_gen_adv=0.3653 real_p2_lfm=0.0034 real_total=0.4061 discr_adv=1.0051 p2_d_real=-0.3754 p2_d_fake=-0.3653 g_grad_abs=1435.7009 d_grad_abs=83.5845 synth_eps=0.0015 synth_eps_raw=0.0015 synth_x0_hit=0.0000 synth_total=0.0015 prior_preserve=0.0002 extra_render_attn_share=0.5268
[step 6200] real_p1_mirror_hole_cov=0.0165 real_p1_eps=0.0461 real_p1_hole_frac=0.0270 real_p2_eps=0.0312 real_p2_hit=0.0000 real_total=0.0773 synth_eps=0.6354 synth_eps_raw=0.6354 synth_x0_hit=1.0000 synth_x0_t=23.0000 synth_x0_ldif=0.0140 synth_x0_gen_adv=0.4855 synth_x0_lfm=0.0013 synth_total=0.7005 prior_preserve=0.0003 extra_render_attn_share=0.5268
[step 6250] real_p1_mirror_hole_cov=0.0457 real_p1_eps=0.1513 real_p1_hole_frac=0.2378 real_p2_eps=0.0088 real_p2_hit=0.0000 real_total=0.1601 synth_eps=0.0022 synth_eps_raw=0.0022 synth_x0_hit=0.0000 synth_total=0.0022 prior_preserve=0.0007 extra_render_attn_share=0.5268
[step 6300] real_p1_mirror_hole_cov=0.3347 real_p1_eps=0.2472 real_p1_hole_frac=0.6093 real_p2_eps=0.0117 real_p2_hit=0.0000 real_total=0.2589 discr_adv=1.0114 x0_d_real=0.8435 x0_d_fake=0.8660 g_grad_abs=1134.0334 d_grad_abs=168.4201 synth_eps=0.3258 synth_eps_raw=0.3258 synth_x0_hit=1.0000 synth_x0_t=152.0000 synth_x0_ldif=0.0691 synth_x0_gen_adv=-0.0695 synth_x0_lfm=0.0044 synth_total=0.3967 prior_preserve=0.0026 extra_render_attn_share=0.5268
[step 6350] real_p1_mirror_hole_cov=0.2148 real_p1_eps=0.2016 real_p1_hole_frac=0.3800 real_p2_eps=0.0038 real_p2_hit=0.0000 real_total=0.2054 synth_eps=0.7055 synth_eps_raw=0.7055 synth_x0_hit=1.0000 synth_x0_t=20.0000 synth_x0_ldif=0.0134 synth_x0_gen_adv=-0.4949 synth_x0_lfm=0.0017 synth_total=0.6728 prior_preserve=0.0002 extra_render_attn_share=0.5268
[step 6400] real_p1_mirror_hole_cov=0.0207 real_p1_eps=0.0837 real_p1_hole_frac=0.0465 real_p2_eps=0.0168 real_p2_hit=0.0000 real_total=0.1004 discr_adv=0.9630 x0_d_real=-0.0846 x0_d_fake=-0.1587 g_grad_abs=718.8148 d_grad_abs=634.7136 synth_eps=0.0794 synth_eps_raw=0.0794 synth_x0_hit=0.0000 synth_total=0.0794 prior_preserve=0.0014 extra_render_attn_share=0.5268
[step 6450] real_p1_mirror_hole_cov=0.1286 real_p1_eps=0.1455 real_p1_hole_frac=0.1012 real_p2_eps=0.0010 real_p2_hit=0.0000 real_total=0.1466 synth_eps=0.0529 synth_eps_raw=0.0529 synth_x0_hit=0.0000 synth_total=0.0529 prior_preserve=0.0011 extra_render_attn_share=0.5268
[step 6500] real_p1_mirror_hole_cov=0.1664 real_p1_eps=0.1046 real_p1_hole_frac=0.3266 real_p2_eps=0.0045 real_p2_hit=0.0000 real_total=0.1091 discr_adv=0.8628 x0_d_real=0.4325 x0_d_fake=0.1581 g_grad_abs=758.0181 d_grad_abs=1879.4958 synth_eps=0.0042 synth_eps_raw=0.0042 synth_x0_hit=0.0000 synth_total=0.0042 prior_preserve=0.0015 extra_render_attn_share=0.5268
[images] real: anchor | cond1 | cond2 | inv_warp_mirror | mask | mask_inv | warp_img | warp_warp_img | x | y_hat | y_hat_novel -> /home/xzy/warpgan-diffusiong-inpainting/warpgan-diffusion-inpainting-main/experiments/train_inpainting_diffusion/[20260914-030356]_v18w8_w5full_100k/logs/images/train/real_step0006500.png
[images] synth: cond | mask | target | warp_img | x | y_hat_novel -> /home/xzy/warpgan-diffusiong-inpainting/warpgan-diffusion-inpainting-main/experiments/train_inpainting_diffusion/[20260914-030356]_v18w8_w5full_100k/logs/images/train/synth_step0006500.png
[step 6550] real_p1_mirror_hole_cov=0.1735 real_p1_eps=0.1000 real_p1_hole_frac=0.0484 real_p2_eps=0.0141 real_p2_hit=0.0000 real_total=0.1141 synth_eps=0.6316 synth_eps_raw=0.6316 synth_x0_hit=1.0000 synth_x0_t=33.0000 synth_x0_ldif=0.0203 synth_x0_gen_adv=-0.3584 synth_x0_lfm=0.0018 synth_total=0.6197 prior_preserve=0.0018 extra_render_attn_share=0.5268
[step 6600] real_p1_mirror_hole_cov=0.0843 real_p1_eps=0.0302 real_p1_hole_frac=0.0130 real_p2_eps=0.1104 real_p2_hit=1.0000 real_p2_t=83.0000 real_p2_ldif=0.0103 real_p2_gen_adv=-0.0452 real_p2_lfm=0.0009 real_total=0.1483 discr_adv=2.0484 x0_d_real=-0.1577 x0_d_fake=-0.1032 p2_d_real=0.0033 p2_d_fake=0.0452 g_grad_abs=1721.2015 d_grad_abs=832.8035 synth_eps=0.0470 synth_eps_raw=0.0470 synth_x0_hit=0.0000 synth_total=0.0470 prior_preserve=0.0013 extra_render_attn_share=0.5268
[step 6650] real_p1_mirror_hole_cov=0.1867 real_p1_eps=0.1284 real_p1_hole_frac=0.2606 real_p2_eps=0.2116 real_p2_hit=1.0000 real_p2_t=141.0000 real_p2_ldif=0.0402 real_p2_gen_adv=0.3006 real_p2_lfm=0.0031 real_total=0.4165 discr_adv=1.9541 x0_d_real=-0.8268 x0_d_fake=-0.8737 p2_d_real=-0.2252 p2_d_fake=-0.3006 g_grad_abs=1467.9327 d_grad_abs=1098.8727 synth_eps=0.6770 synth_eps_raw=0.6770 synth_x0_hit=1.0000 synth_x0_t=17.0000 synth_x0_ldif=0.0109 synth_x0_gen_adv=0.6249 synth_x0_lfm=0.0015 synth_total=0.7533 prior_preserve=0.0003 extra_render_attn_share=0.5268
[step 6700] real_p1_mirror_hole_cov=0.0691 real_p1_eps=0.2044 real_p1_hole_frac=0.0712 real_p2_eps=0.0658 real_p2_hit=0.0000 real_total=0.2702 synth_eps=0.3790 synth_eps_raw=0.3790 synth_x0_hit=1.0000 synth_x0_t=138.0000 synth_x0_ldif=0.0698 synth_x0_gen_adv=-0.2719 synth_x0_lfm=0.0052 synth_total=0.4320 prior_preserve=0.0018 extra_render_attn_share=0.5268
[step 6750] real_p1_mirror_hole_cov=0.1138 real_p1_eps=0.1811 real_p1_hole_frac=0.2820 real_p2_eps=0.0693 real_p2_hit=0.0000 real_total=0.2504 discr_adv=1.1115 x0_d_real=0.2578 x0_d_fake=0.4807 g_grad_abs=1184.2949 d_grad_abs=1244.7831 synth_eps=0.1406 synth_eps_raw=0.1406 synth_x0_hit=0.0000 synth_total=0.1406 prior_preserve=0.0006 extra_render_attn_share=0.5268
[step 6800] real_p1_mirror_hole_cov=0.0041 real_p1_eps=0.2507 real_p1_hole_frac=0.2724 real_p2_eps=0.1446 real_p2_hit=1.0000 real_p2_t=240.0000 real_p2_ldif=0.0649 real_p2_gen_adv=-0.5591 real_p2_lfm=0.0070 real_total=0.4184 discr_adv=1.0218 p2_d_real=0.5155 p2_d_fake=0.5591 g_grad_abs=1852.4789 d_grad_abs=748.6426 synth_eps=0.0155 synth_eps_raw=0.0155 synth_x0_hit=0.0000 synth_total=0.0155 prior_preserve=0.0006 extra_render_attn_share=0.5268
[step 6850] real_p1_mirror_hole_cov=0.0952 real_p1_eps=0.3039 real_p1_hole_frac=0.1883 real_p2_eps=0.0388 real_p2_hit=0.0000 real_total=0.3427 synth_eps=0.0469 synth_eps_raw=0.0469 synth_x0_hit=0.0000 synth_total=0.0469 prior_preserve=0.0005 extra_render_attn_share=0.5268
[step 6900] real_p1_mirror_hole_cov=0.0412 real_p1_eps=0.5348 real_p1_hole_frac=0.1861 real_p2_eps=0.5698 real_p2_hit=1.0000 real_p2_t=22.0000 real_p2_ldif=0.0120 real_p2_gen_adv=-0.5874 real_p2_lfm=0.0013 real_total=1.0603 discr_adv=0.9771 p2_d_real=0.6332 p2_d_fake=0.5874 g_grad_abs=2147.8052 d_grad_abs=477.7039 synth_eps=0.2491 synth_eps_raw=0.2491 synth_x0_hit=1.0000 synth_x0_t=172.0000 synth_x0_ldif=0.0638 synth_x0_gen_adv=-0.5190 synth_x0_lfm=0.0044 synth_total=0.2698 prior_preserve=0.0004 extra_render_attn_share=0.5268
[step 6950] real_p1_mirror_hole_cov=0.3031 real_p1_eps=0.1893 real_p1_hole_frac=0.1937 real_p2_eps=0.0139 real_p2_hit=0.0000 real_total=0.2032 synth_eps=0.7063 synth_eps_raw=0.7063 synth_x0_hit=1.0000 synth_x0_t=17.0000 synth_x0_ldif=0.0114 synth_x0_gen_adv=0.0958 synth_x0_lfm=0.0018 synth_total=0.7309 prior_preserve=0.0036 extra_render_attn_share=0.5268
[step 7000] real_p1_mirror_hole_cov=0.0081 real_p1_eps=0.1796 real_p1_hole_frac=0.4040 real_p2_eps=0.0017 real_p2_hit=0.0000 real_total=0.1813 synth_eps=0.2042 synth_eps_raw=0.2042 synth_x0_hit=1.0000 synth_x0_t=255.0000 synth_x0_ldif=0.1026 synth_x0_gen_adv=0.5524 synth_x0_lfm=0.0059 synth_total=0.3737 prior_preserve=0.0001 extra_render_attn_share=0.5268
[images] real: anchor | cond1 | cond2 | inv_warp_mirror | mask | mask_inv | warp_img | warp_warp_img | x | y_hat | y_hat_novel -> /home/xzy/warpgan-diffusiong-inpainting/warpgan-diffusion-inpainting-main/experiments/train_inpainting_diffusion/[20260914-030356]_v18w8_w5full_100k/logs/images/train/real_step0007000.png
[images] synth: cond | mask | target | warp_img | x | y_hat_novel -> /home/xzy/warpgan-diffusiong-inpainting/warpgan-diffusion-inpainting-main/experiments/train_inpainting_diffusion/[20260914-030356]_v18w8_w5full_100k/logs/images/train/synth_step0007000.png
[step 7050] real_p1_mirror_hole_cov=0.0033 real_p1_eps=0.1219 real_p1_hole_frac=0.1747 real_p2_eps=0.1173 real_p2_hit=1.0000 real_p2_t=248.0000 real_p2_ldif=0.0559 real_p2_gen_adv=0.2761 real_p2_lfm=0.0058 real_total=0.3343 discr_adv=0.6172 p2_d_real=0.5038 p2_d_fake=-0.2761 g_grad_abs=82339.3769 d_grad_abs=134398.5933 synth_eps=0.0545 synth_eps_raw=0.0545 synth_x0_hit=0.0000 synth_total=0.0545 prior_preserve=0.0022 extra_render_attn_share=0.5268
[step 7100] real_p1_mirror_hole_cov=0.2451 real_p1_eps=0.6261 real_p1_hole_frac=0.3257 real_p2_eps=0.0665 real_p2_hit=0.0000 real_total=0.6926 synth_eps=0.1053 synth_eps_raw=0.1053 synth_x0_hit=0.0000 synth_total=0.1053 prior_preserve=0.0035 extra_render_attn_share=0.5268
[step 7150] real_p1_mirror_hole_cov=0.1283 real_p1_eps=0.1475 real_p1_hole_frac=0.4545 real_p2_eps=0.0546 real_p2_hit=0.0000 real_total=0.2021 synth_eps=0.0052 synth_eps_raw=0.0052 synth_x0_hit=0.0000 synth_total=0.0052 prior_preserve=0.0003 extra_render_attn_share=0.5268
[step 7200] real_p1_mirror_hole_cov=0.0346 real_p1_eps=0.1151 real_p1_hole_frac=0.4332 real_p2_eps=0.6170 real_p2_hit=1.0000 real_p2_t=33.0000 real_p2_ldif=0.0198 real_p2_gen_adv=0.5104 real_p2_lfm=0.0017 real_total=0.8065 discr_adv=1.9939 x0_d_real=-0.5444 x0_d_fake=-0.5524 p2_d_real=-0.5062 p2_d_fake=-0.5104 g_grad_abs=1445.5025 d_grad_abs=48.5116 synth_eps=0.0014 synth_eps_raw=0.0014 synth_x0_hit=0.0000 synth_total=0.0014 prior_preserve=0.0004 extra_render_attn_share=0.5268
[step 7250] real_p1_mirror_hole_cov=0.0680 real_p1_eps=0.6157 real_p1_hole_frac=0.3362 real_p2_eps=0.0095 real_p2_hit=0.0000 real_total=0.6253 synth_eps=0.0035 synth_eps_raw=0.0035 synth_x0_hit=0.0000 synth_total=0.0035 prior_preserve=0.0039 extra_render_attn_share=0.5268
[step 7300] real_p1_mirror_hole_cov=0.0152 real_p1_eps=0.0655 real_p1_hole_frac=0.1162 real_p2_eps=0.0128 real_p2_hit=0.0000 real_total=0.0783 discr_adv=0.9818 x0_d_real=-0.2784 x0_d_fake=-0.3338 g_grad_abs=629.1978 d_grad_abs=1187.4100 synth_eps=0.1685 synth_eps_raw=0.1685 synth_x0_hit=1.0000 synth_x0_t=294.0000 synth_x0_ldif=0.1120 synth_x0_gen_adv=0.5800 synth_x0_lfm=0.0083 synth_total=0.3551 prior_preserve=0.0003 extra_render_attn_share=0.5268
[step 7350] real_p1_mirror_hole_cov=0.0666 real_p1_eps=0.1445 real_p1_hole_frac=0.6529 real_p2_eps=0.0420 real_p2_hit=0.0000 real_total=0.1866 synth_eps=0.0046 synth_eps_raw=0.0046 synth_x0_hit=0.0000 synth_total=0.0046 prior_preserve=0.0008 extra_render_attn_share=0.5268
[step 7400] real_p1_mirror_hole_cov=0.0070 real_p1_eps=0.1417 real_p1_hole_frac=0.3398 real_p2_eps=0.2379 real_p2_hit=1.0000 real_p2_t=134.0000 real_p2_ldif=0.0420 real_p2_gen_adv=0.4022 real_p2_lfm=0.0034 real_total=0.4687 discr_adv=0.9819 p2_d_real=-0.3659 p2_d_fake=-0.4022 g_grad_abs=1373.6478 d_grad_abs=327.7979 synth_eps=0.1538 synth_eps_raw=0.1538 synth_x0_hit=1.0000 synth_x0_t=299.0000 synth_x0_ldif=0.1059 synth_x0_gen_adv=0.5774 synth_x0_lfm=0.0062 synth_total=0.3298 prior_preserve=0.0087 extra_render_attn_share=0.5268
[step 7450] real_p1_mirror_hole_cov=0.1479 real_p1_eps=0.2326 real_p1_hole_frac=0.4405 real_p2_eps=0.3177 real_p2_hit=1.0000 real_p2_t=76.0000 real_p2_ldif=0.0265 real_p2_gen_adv=-0.1756 real_p2_lfm=0.0024 real_total=0.5641 discr_adv=0.9766 p2_d_real=0.2268 p2_d_fake=0.1756 g_grad_abs=1446.8441 d_grad_abs=874.9754 synth_eps=0.1073 synth_eps_raw=0.1073 synth_x0_hit=0.0000 synth_total=0.1073 prior_preserve=0.0034 extra_render_attn_share=0.5268
[step 7500] real_p1_mirror_hole_cov=0.2140 real_p1_eps=0.2170 real_p1_hole_frac=0.4330 real_p2_eps=0.0666 real_p2_hit=0.0000 real_total=0.2836 synth_eps=0.0361 synth_eps_raw=0.0361 synth_x0_hit=0.0000 synth_total=0.0361 prior_preserve=0.0002 extra_render_attn_share=0.5268
[images] real: anchor | cond1 | cond2 | inv_warp_mirror | mask | mask_inv | warp_img | warp_warp_img | x | y_hat | y_hat_novel -> /home/xzy/warpgan-diffusiong-inpainting/warpgan-diffusion-inpainting-main/experiments/train_inpainting_diffusion/[20260914-030356]_v18w8_w5full_100k/logs/images/train/real_step0007500.png
[images] synth: cond | mask | target | warp_img | x | y_hat_novel -> /home/xzy/warpgan-diffusiong-inpainting/warpgan-diffusion-inpainting-main/experiments/train_inpainting_diffusion/[20260914-030356]_v18w8_w5full_100k/logs/images/train/synth_step0007500.png
[step 7550] real_p1_mirror_hole_cov=0.1399 real_p1_eps=0.3387 real_p1_hole_frac=0.3399 real_p2_eps=0.0978 real_p2_hit=0.0000 real_total=0.4365 synth_eps=0.0095 synth_eps_raw=0.0095 synth_x0_hit=0.0000 synth_total=0.0095 prior_preserve=0.0003 extra_render_attn_share=0.5268
[step 7600] real_p1_mirror_hole_cov=0.0622 real_p1_eps=0.1152 real_p1_hole_frac=0.0976 real_p2_eps=0.0014 real_p2_hit=0.0000 real_total=0.1166 discr_adv=0.9949 x0_d_real=-0.5464 x0_d_fake=-0.6070 g_grad_abs=883.2484 d_grad_abs=595.8453 synth_eps=0.0677 synth_eps_raw=0.0677 synth_x0_hit=0.0000 synth_total=0.0677 prior_preserve=0.0002 extra_render_attn_share=0.5268
[step 7650] real_p1_mirror_hole_cov=0.2758 real_p1_eps=0.0802 real_p1_hole_frac=0.0381 real_p2_eps=0.1071 real_p2_hit=1.0000 real_p2_t=218.0000 real_p2_ldif=0.0405 real_p2_gen_adv=0.6840 real_p2_lfm=0.0036 real_total=0.3035 discr_adv=0.9908 p2_d_real=-0.6588 p2_d_fake=-0.6840 g_grad_abs=1372.8004 d_grad_abs=632.0582 synth_eps=0.1581 synth_eps_raw=0.1581 synth_x0_hit=1.0000 synth_x0_t=233.0000 synth_x0_ldif=0.0673 synth_x0_gen_adv=0.8489 synth_x0_lfm=0.0068 synth_total=0.3238 prior_preserve=0.0003 extra_render_attn_share=0.5268
[step 7700] real_p1_mirror_hole_cov=0.0308 real_p1_eps=0.0908 real_p1_hole_frac=0.0527 real_p2_eps=0.2300 real_p2_hit=1.0000 real_p2_t=49.0000 real_p2_ldif=0.0114 real_p2_gen_adv=0.2080 real_p2_lfm=0.0009 real_total=0.3550 discr_adv=0.9872 p2_d_real=-0.1824 p2_d_fake=-0.2080 g_grad_abs=1488.8580 d_grad_abs=163.9391 synth_eps=0.1019 synth_eps_raw=0.1019 synth_x0_hit=0.0000 synth_total=0.1019 prior_preserve=0.0002 extra_render_attn_share=0.5268
[step 7750] real_p1_mirror_hole_cov=0.0724 real_p1_eps=0.1234 real_p1_hole_frac=0.4751 real_p2_eps=0.0174 real_p2_hit=0.0000 real_total=0.1408 synth_eps=0.0428 synth_eps_raw=0.0428 synth_x0_hit=0.0000 synth_total=0.0428 prior_preserve=0.0003 extra_render_attn_share=0.5268
[step 7800] real_p1_mirror_hole_cov=0.0160 real_p1_eps=0.4686 real_p1_hole_frac=0.3533 real_p2_eps=0.4008 real_p2_hit=1.0000 real_p2_t=92.0000 real_p2_ldif=0.0425 real_p2_gen_adv=0.6563 real_p2_lfm=0.0026 real_total=0.9828 discr_adv=0.9408 p2_d_real=-0.5378 p2_d_fake=-0.6563 g_grad_abs=1963.9011 d_grad_abs=826.5043 synth_eps=0.0026 synth_eps_raw=0.0026 synth_x0_hit=0.0000 synth_total=0.0026 prior_preserve=0.0003 extra_render_attn_share=0.5268
[step 7850] real_p1_mirror_hole_cov=0.0739 real_p1_eps=0.3161 real_p1_hole_frac=0.2610 real_p2_eps=0.0164 real_p2_hit=0.0000 real_total=0.3325 synth_eps=0.3522 synth_eps_raw=0.3522 synth_x0_hit=1.0000 synth_x0_t=90.0000 synth_x0_ldif=0.0363 synth_x0_gen_adv=0.5903 synth_x0_lfm=0.0037 synth_total=0.4549 prior_preserve=0.0170 extra_render_attn_share=0.5268
[step 7900] real_p1_mirror_hole_cov=0.3161 real_p1_eps=0.1252 real_p1_hole_frac=0.2250 real_p2_eps=0.0107 real_p2_hit=0.0000 real_total=0.1360 synth_eps=0.1738 synth_eps_raw=0.1738 synth_x0_hit=1.0000 synth_x0_t=263.0000 synth_x0_ldif=0.0926 synth_x0_gen_adv=0.8805 synth_x0_lfm=0.0071 synth_total=0.3687 prior_preserve=0.0071 extra_render_attn_share=0.5268
[step 7950] real_p1_mirror_hole_cov=0.0162 real_p1_eps=0.1224 real_p1_hole_frac=0.1047 real_p2_eps=0.0399 real_p2_hit=0.0000 real_total=0.1623 discr_adv=0.8804 x0_d_real=-0.1558 x0_d_fake=-0.3950 g_grad_abs=830.9258 d_grad_abs=600.6413 synth_eps=0.0061 synth_eps_raw=0.0061 synth_x0_hit=0.0000 synth_total=0.0061 prior_preserve=0.0002 extra_render_attn_share=0.5268
[val step 7999] val_novel_full=0.0344 val_novel_hole=0.0351 val_novel_visible=0.0341
[step 8000] real_p1_mirror_hole_cov=0.0861 real_p1_eps=0.0846 real_p1_hole_frac=0.2321 real_p2_eps=0.3605 real_p2_hit=1.0000 real_p2_t=28.0000 real_p2_ldif=0.0097 real_p2_gen_adv=0.7739 real_p2_lfm=0.0023 real_total=0.5369 discr_adv=2.0167 x0_d_real=-0.4766 x0_d_fake=-0.5428 p2_d_real=-0.7865 p2_d_fake=-0.7739 g_grad_abs=1756.5240 d_grad_abs=1000.7386 synth_eps=0.1741 synth_eps_raw=0.1741 synth_x0_hit=1.0000 synth_x0_t=277.0000 synth_x0_ldif=0.1027 synth_x0_gen_adv=0.3961 synth_x0_lfm=0.0058 synth_total=0.3280 prior_preserve=0.0006 extra_render_attn_share=0.5341
[images] real: anchor | cond1 | cond2 | inv_warp_mirror | mask | mask_inv | warp_img | warp_warp_img | x | y_hat | y_hat_novel -> /home/xzy/warpgan-diffusiong-inpainting/warpgan-diffusion-inpainting-main/experiments/train_inpainting_diffusion/[20260914-030356]_v18w8_w5full_100k/logs/images/train/real_step0008000.png
[images] synth: cond | mask | target | warp_img | x | y_hat_novel -> /home/xzy/warpgan-diffusiong-inpainting/warpgan-diffusion-inpainting-main/experiments/train_inpainting_diffusion/[20260914-030356]_v18w8_w5full_100k/logs/images/train/synth_step0008000.png
[step 8050] real_p1_mirror_hole_cov=0.0141 real_p1_eps=0.1459 real_p1_hole_frac=0.2448 real_p2_eps=0.0154 real_p2_hit=0.0000 real_total=0.1613 synth_eps=0.0973 synth_eps_raw=0.0973 synth_x0_hit=0.0000 synth_total=0.0973 prior_preserve=0.0004 extra_render_attn_share=0.5341
[step 8100] real_p1_mirror_hole_cov=0.2104 real_p1_eps=0.2671 real_p1_hole_frac=0.0544 real_p2_eps=0.0049 real_p2_hit=0.0000 real_total=0.2720 discr_adv=0.9750 x0_d_real=-0.2767 x0_d_fake=-0.3522 g_grad_abs=1656.6390 d_grad_abs=1828.8443 synth_eps=0.0658 synth_eps_raw=0.0658 synth_x0_hit=0.0000 synth_total=0.0658 prior_preserve=0.0007 extra_render_attn_share=0.5341
[step 8150] real_p1_mirror_hole_cov=0.1386 real_p1_eps=0.1169 real_p1_hole_frac=0.5221 real_p2_eps=0.0067 real_p2_hit=0.0000 real_total=0.1235 synth_eps=0.3242 synth_eps_raw=0.3242 synth_x0_hit=1.0000 synth_x0_t=156.0000 synth_x0_ldif=0.0715 synth_x0_gen_adv=-0.4868 synth_x0_lfm=0.0069 synth_total=0.3608 prior_preserve=0.0125 extra_render_attn_share=0.5341
[step 8200] real_p1_mirror_hole_cov=0.1353 real_p1_eps=0.1458 real_p1_hole_frac=0.3377 real_p2_eps=0.0122 real_p2_hit=0.0000 real_total=0.1581 discr_adv=0.9003 x0_d_real=0.2480 x0_d_fake=0.0486 g_grad_abs=901.1609 d_grad_abs=850.1946 synth_eps=0.1028 synth_eps_raw=0.1028 synth_x0_hit=0.0000 synth_total=0.1028 prior_preserve=0.0007 extra_render_attn_share=0.5341
[step 8250] real_p1_mirror_hole_cov=0.0849 real_p1_eps=0.2175 real_p1_hole_frac=0.0960 real_p2_eps=0.2317 real_p2_hit=1.0000 real_p2_t=108.0000 real_p2_ldif=0.0304 real_p2_gen_adv=-0.2783 real_p2_lfm=0.0029 real_total=0.4576 discr_adv=1.0146 p2_d_real=0.2882 p2_d_fake=0.2783 g_grad_abs=1507.3784 d_grad_abs=526.5187 synth_eps=0.0021 synth_eps_raw=0.0021 synth_x0_hit=0.0000 synth_total=0.0021 prior_preserve=0.0005 extra_render_attn_share=0.5341
[step 8300] real_p1_mirror_hole_cov=0.0669 real_p1_eps=0.3638 real_p1_hole_frac=0.1468 real_p2_eps=0.1461 real_p2_hit=1.0000 real_p2_t=274.0000 real_p2_ldif=0.0843 real_p2_gen_adv=-0.5651 real_p2_lfm=0.0057 real_total=0.5491 discr_adv=1.0774 p2_d_real=0.4105 p2_d_fake=0.5651 g_grad_abs=1840.6284 d_grad_abs=1610.0293 synth_eps=0.0330 synth_eps_raw=0.0330 synth_x0_hit=0.0000 synth_total=0.0330 prior_preserve=0.0007 extra_render_attn_share=0.5341
[step 8350] real_p1_mirror_hole_cov=0.1630 real_p1_eps=0.2129 real_p1_hole_frac=0.3022 real_p2_eps=0.0038 real_p2_hit=0.0000 real_total=0.2167 synth_eps=0.0215 synth_eps_raw=0.0215 synth_x0_hit=0.0000 synth_total=0.0215 prior_preserve=0.0008 extra_render_attn_share=0.5341
[step 8400] real_p1_mirror_hole_cov=0.1515 real_p1_eps=0.1551 real_p1_hole_frac=0.2129 real_p2_eps=0.1487 real_p2_hit=1.0000 real_p2_t=264.0000 real_p2_ldif=0.0798 real_p2_gen_adv=-0.0541 real_p2_lfm=0.0045 real_total=0.3871 discr_adv=1.8315 x0_d_real=0.1442 x0_d_fake=-0.0364 p2_d_real=0.2105 p2_d_fake=0.0541 g_grad_abs=1586.4489 d_grad_abs=2200.8413 synth_eps=0.0089 synth_eps_raw=0.0089 synth_x0_hit=0.0000 synth_total=0.0089 prior_preserve=0.0010 extra_render_attn_share=0.5341
[step 8450] real_p1_mirror_hole_cov=0.1734 real_p1_eps=0.1069 real_p1_hole_frac=0.2226 real_p2_eps=0.0079 real_p2_hit=0.0000 real_total=0.1148 synth_eps=0.4685 synth_eps_raw=0.4685 synth_x0_hit=1.0000 synth_x0_t=92.0000 synth_x0_ldif=0.0497 synth_x0_gen_adv=-0.6438 synth_x0_lfm=0.0047 synth_total=0.4633 prior_preserve=0.0006 extra_render_attn_share=0.5341
[step 8500] real_p1_mirror_hole_cov=0.0249 real_p1_eps=0.0873 real_p1_hole_frac=0.1139 real_p2_eps=0.0531 real_p2_hit=0.0000 real_total=0.1403 synth_eps=0.0200 synth_eps_raw=0.0200 synth_x0_hit=0.0000 synth_total=0.0200 prior_preserve=0.0081 extra_render_attn_share=0.5341
[images] real: anchor | cond1 | cond2 | inv_warp_mirror | mask | mask_inv | warp_img | warp_warp_img | x | y_hat | y_hat_novel -> /home/xzy/warpgan-diffusiong-inpainting/warpgan-diffusion-inpainting-main/experiments/train_inpainting_diffusion/[20260914-030356]_v18w8_w5full_100k/logs/images/train/real_step0008500.png
[images] synth: cond | mask | target | warp_img | x | y_hat_novel -> /home/xzy/warpgan-diffusiong-inpainting/warpgan-diffusion-inpainting-main/experiments/train_inpainting_diffusion/[20260914-030356]_v18w8_w5full_100k/logs/images/train/synth_step0008500.png
[step 8550] real_p1_mirror_hole_cov=0.1829 real_p1_eps=0.1521 real_p1_hole_frac=0.4485 real_p2_eps=0.0265 real_p2_hit=0.0000 real_total=0.1786 synth_eps=0.0238 synth_eps_raw=0.0238 synth_x0_hit=0.0000 synth_total=0.0238 prior_preserve=0.0003 extra_render_attn_share=0.5341
[step 8600] real_p1_mirror_hole_cov=0.0060 real_p1_eps=0.0999 real_p1_hole_frac=0.0906 real_p2_eps=0.0271 real_p2_hit=0.0000 real_total=0.1270 synth_eps=0.4736 synth_eps_raw=0.4736 synth_x0_hit=1.0000 synth_x0_t=69.0000 synth_x0_ldif=0.0351 synth_x0_gen_adv=0.0570 synth_x0_lfm=0.0032 synth_total=0.5208 prior_preserve=0.0001 extra_render_attn_share=0.5341
[step 8650] real_p1_mirror_hole_cov=0.0133 real_p1_eps=0.0890 real_p1_hole_frac=0.1530 real_p2_eps=0.0414 real_p2_hit=0.0000 real_total=0.1304 discr_adv=0.9537 x0_d_real=-0.3638 x0_d_fake=-0.4577 g_grad_abs=770.8713 d_grad_abs=824.4498 synth_eps=0.3792 synth_eps_raw=0.3792 synth_x0_hit=1.0000 synth_x0_t=147.0000 synth_x0_ldif=0.0766 synth_x0_gen_adv=-0.3345 synth_x0_lfm=0.0061 synth_total=0.4345 prior_preserve=0.0017 extra_render_attn_share=0.5341
[step 8700] real_p1_mirror_hole_cov=0.5605 real_p1_eps=0.2338 real_p1_hole_frac=0.4234 real_p2_eps=0.0070 real_p2_hit=0.0000 real_total=0.2408 synth_eps=0.0558 synth_eps_raw=0.0558 synth_x0_hit=0.0000 synth_total=0.0558 prior_preserve=0.0014 extra_render_attn_share=0.5341
[step 8750] real_p1_mirror_hole_cov=0.0143 real_p1_eps=0.1147 real_p1_hole_frac=0.1918 real_p2_eps=0.0750 real_p2_hit=0.0000 real_total=0.1897 discr_adv=0.9770 x0_d_real=-0.3742 x0_d_fake=-0.4203 g_grad_abs=1118.3547 d_grad_abs=696.4669 synth_eps=0.0158 synth_eps_raw=0.0158 synth_x0_hit=0.0000 synth_total=0.0158 prior_preserve=0.0008 extra_render_attn_share=0.5341
[step 8800] real_p1_mirror_hole_cov=0.5707 real_p1_eps=0.1173 real_p1_hole_frac=0.2904 real_p2_eps=0.0576 real_p2_hit=0.0000 real_total=0.1749 synth_eps=0.0398 synth_eps_raw=0.0398 synth_x0_hit=0.0000 synth_total=0.0398 prior_preserve=0.0002 extra_render_attn_share=0.5341
[step 8850] real_p1_mirror_hole_cov=0.0113 real_p1_eps=0.0592 real_p1_hole_frac=0.0778 real_p2_eps=0.0708 real_p2_hit=1.0000 real_p2_t=251.0000 real_p2_ldif=0.0346 real_p2_gen_adv=-0.5382 real_p2_lfm=0.0014 real_total=0.1136 discr_adv=1.1521 p2_d_real=0.2342 p2_d_fake=0.5382 g_grad_abs=2268.4423 d_grad_abs=1998.7390 synth_eps=0.3821 synth_eps_raw=0.3821 synth_x0_hit=1.0000 synth_x0_t=122.0000 synth_x0_ldif=0.0591 synth_x0_gen_adv=0.0006 synth_x0_lfm=0.0055 synth_total=0.4523 prior_preserve=0.0023 extra_render_attn_share=0.5341
[step 8900] real_p1_mirror_hole_cov=0.1361 real_p1_eps=0.1034 real_p1_hole_frac=0.1043 real_p2_eps=0.0306 real_p2_hit=0.0000 real_total=0.1340 discr_adv=0.9164 x0_d_real=0.2659 x0_d_fake=0.0986 g_grad_abs=789.1729 d_grad_abs=1205.3513 synth_eps=0.1678 synth_eps_raw=0.1678 synth_x0_hit=1.0000 synth_x0_t=299.0000 synth_x0_ldif=0.1156 synth_x0_gen_adv=0.4600 synth_x0_lfm=0.0081 synth_total=0.3455 prior_preserve=0.0004 extra_render_attn_share=0.5341
[step 8950] real_p1_mirror_hole_cov=0.1708 real_p1_eps=0.3093 real_p1_hole_frac=0.4102 real_p2_eps=0.1499 real_p2_hit=0.0000 real_total=0.4593 discr_adv=1.1363 x0_d_real=-0.2685 x0_d_fake=0.0037 g_grad_abs=1336.7141 d_grad_abs=2460.9503 synth_eps=0.2172 synth_eps_raw=0.2172 synth_x0_hit=1.0000 synth_x0_t=240.0000 synth_x0_ldif=0.0975 synth_x0_gen_adv=-0.2545 synth_x0_lfm=0.0063 synth_total=0.3019 prior_preserve=0.0002 extra_render_attn_share=0.5341
[step 9000] real_p1_mirror_hole_cov=0.2751 real_p1_eps=0.1310 real_p1_hole_frac=0.4522 real_p2_eps=0.1611 real_p2_hit=1.0000 real_p2_t=279.0000 real_p2_ldif=0.0964 real_p2_gen_adv=-0.0970 real_p2_lfm=0.0050 real_total=0.3888 discr_adv=0.8541 p2_d_real=0.3888 p2_d_fake=0.0970 g_grad_abs=2301.6523 d_grad_abs=2366.2209 synth_eps=0.7322 synth_eps_raw=0.7322 synth_x0_hit=1.0000 synth_x0_t=15.0000 synth_x0_ldif=0.0105 synth_x0_gen_adv=-0.5335 synth_x0_lfm=0.0014 synth_total=0.6921 prior_preserve=0.0007 extra_render_attn_share=0.5341
[images] real: anchor | cond1 | cond2 | inv_warp_mirror | mask | mask_inv | warp_img | warp_warp_img | x | y_hat | y_hat_novel -> /home/xzy/warpgan-diffusiong-inpainting/warpgan-diffusion-inpainting-main/experiments/train_inpainting_diffusion/[20260914-030356]_v18w8_w5full_100k/logs/images/train/real_step0009000.png
[images] synth: cond | mask | target | warp_img | x | y_hat_novel -> /home/xzy/warpgan-diffusiong-inpainting/warpgan-diffusion-inpainting-main/experiments/train_inpainting_diffusion/[20260914-030356]_v18w8_w5full_100k/logs/images/train/synth_step0009000.png
[step 9050] real_p1_mirror_hole_cov=0.1991 real_p1_eps=0.1344 real_p1_hole_frac=0.5533 real_p2_eps=0.0084 real_p2_hit=0.0000 real_total=0.1428 synth_eps=0.0131 synth_eps_raw=0.0131 synth_x0_hit=0.0000 synth_total=0.0131 prior_preserve=0.0064 extra_render_attn_share=0.5341
[step 9100] real_p1_mirror_hole_cov=0.0881 real_p1_eps=0.1944 real_p1_hole_frac=0.1018 real_p2_eps=0.0671 real_p2_hit=0.0000 real_total=0.2615 synth_eps=0.0055 synth_eps_raw=0.0055 synth_x0_hit=0.0000 synth_total=0.0055 prior_preserve=0.0048 extra_render_attn_share=0.5341
[step 9150] real_p1_mirror_hole_cov=0.2028 real_p1_eps=0.1476 real_p1_hole_frac=0.2966 real_p2_eps=0.5870 real_p2_hit=1.0000 real_p2_t=15.0000 real_p2_ldif=0.0084 real_p2_gen_adv=-0.0108 real_p2_lfm=0.0009 real_total=0.7438 discr_adv=0.9893 p2_d_real=0.0322 p2_d_fake=0.0108 g_grad_abs=1591.3260 d_grad_abs=196.2158 synth_eps=0.0313 synth_eps_raw=0.0313 synth_x0_hit=0.0000 synth_total=0.0313 prior_preserve=0.0002 extra_render_attn_share=0.5341
[step 9200] real_p1_mirror_hole_cov=0.0966 real_p1_eps=0.3341 real_p1_hole_frac=0.4636 real_p2_eps=0.1818 real_p2_hit=1.0000 real_p2_t=290.0000 real_p2_ldif=0.1175 real_p2_gen_adv=0.2181 real_p2_lfm=0.0074 real_total=0.6699 discr_adv=1.7460 x0_d_real=-0.2102 x0_d_fake=-0.3199 p2_d_real=0.1802 p2_d_fake=-0.2181 g_grad_abs=2020.4023 d_grad_abs=2232.1032 synth_eps=0.0120 synth_eps_raw=0.0120 synth_x0_hit=0.0000 synth_total=0.0120 prior_preserve=0.0005 extra_render_attn_share=0.5341
[step 9250] real_p1_mirror_hole_cov=0.0448 real_p1_eps=0.0960 real_p1_hole_frac=0.1784 real_p2_eps=0.0818 real_p2_hit=0.0000 real_total=0.1777 synth_eps=0.0417 synth_eps_raw=0.0417 synth_x0_hit=0.0000 synth_total=0.0417 prior_preserve=0.0001 extra_render_attn_share=0.5341
[step 9300] real_p1_mirror_hole_cov=0.0374 real_p1_eps=0.1351 real_p1_hole_frac=0.4500 real_p2_eps=0.8492 real_p2_hit=1.0000 real_p2_t=3.0000 real_p2_ldif=0.0029 real_p2_gen_adv=0.0346 real_p2_lfm=0.0005 real_total=0.9917 discr_adv=0.9953 p2_d_real=-0.0252 p2_d_fake=-0.0346 g_grad_abs=1323.3909 d_grad_abs=46.3335 synth_eps=0.2778 synth_eps_raw=0.2778 synth_x0_hit=1.0000 synth_x0_t=193.0000 synth_x0_ldif=0.0856 synth_x0_gen_adv=-0.3583 synth_x0_lfm=0.0078 synth_total=0.3431 prior_preserve=0.0011 extra_render_attn_share=0.5341
[step 9350] real_p1_mirror_hole_cov=0.0986 real_p1_eps=0.2859 real_p1_hole_frac=0.1162 real_p2_eps=0.0725 real_p2_hit=0.0000 real_total=0.3584 synth_eps=0.0284 synth_eps_raw=0.0284 synth_x0_hit=0.0000 synth_total=0.0284 prior_preserve=0.0002 extra_render_attn_share=0.5341
[step 9400] real_p1_mirror_hole_cov=0.0024 real_p1_eps=0.0411 real_p1_hole_frac=0.0464 real_p2_eps=0.1649 real_p2_hit=1.0000 real_p2_t=102.0000 real_p2_ldif=0.0200 real_p2_gen_adv=-0.3846 real_p2_lfm=0.0020 real_total=0.1915 discr_adv=1.9851 x0_d_real=-0.0843 x0_d_fake=-0.1234 p2_d_real=0.3811 p2_d_fake=0.3846 g_grad_abs=1052.8813 d_grad_abs=369.1850 synth_eps=0.2055 synth_eps_raw=0.2055 synth_x0_hit=1.0000 synth_x0_t=292.0000 synth_x0_ldif=0.1348 synth_x0_gen_adv=-0.1592 synth_x0_lfm=0.0081 synth_total=0.3406 prior_preserve=0.0046 extra_render_attn_share=0.5341
[step 9450] real_p1_mirror_hole_cov=0.0017 real_p1_eps=0.1345 real_p1_hole_frac=0.2620 real_p2_eps=0.0150 real_p2_hit=0.0000 real_total=0.1494 discr_adv=0.9941 x0_d_real=0.2563 x0_d_fake=0.2363 g_grad_abs=943.0572 d_grad_abs=623.0508 synth_eps=0.0434 synth_eps_raw=0.0434 synth_x0_hit=0.0000 synth_total=0.0434 prior_preserve=0.0009 extra_render_attn_share=0.5341
[step 9500] real_p1_mirror_hole_cov=0.2157 real_p1_eps=0.1685 real_p1_hole_frac=0.2050 real_p2_eps=0.1646 real_p2_hit=1.0000 real_p2_t=206.0000 real_p2_ldif=0.0565 real_p2_gen_adv=-0.3238 real_p2_lfm=0.0046 real_total=0.3664 discr_adv=2.0212 x0_d_real=0.7300 x0_d_fake=0.7155 p2_d_real=0.2668 p2_d_fake=0.3238 g_grad_abs=1477.7962 d_grad_abs=622.5264 synth_eps=0.2060 synth_eps_raw=0.2060 synth_x0_hit=1.0000 synth_x0_t=224.0000 synth_x0_ldif=0.0817 synth_x0_gen_adv=0.0823 synth_x0_lfm=0.0080 synth_total=0.3121 prior_preserve=0.0007 extra_render_attn_share=0.5341
[images] real: anchor | cond1 | cond2 | inv_warp_mirror | mask | mask_inv | warp_img | warp_warp_img | x | y_hat | y_hat_novel -> /home/xzy/warpgan-diffusiong-inpainting/warpgan-diffusion-inpainting-main/experiments/train_inpainting_diffusion/[20260914-030356]_v18w8_w5full_100k/logs/images/train/real_step0009500.png
[images] synth: cond | mask | target | warp_img | x | y_hat_novel -> /home/xzy/warpgan-diffusiong-inpainting/warpgan-diffusion-inpainting-main/experiments/train_inpainting_diffusion/[20260914-030356]_v18w8_w5full_100k/logs/images/train/synth_step0009500.png
[step 9550] real_p1_mirror_hole_cov=0.1135 real_p1_eps=0.1208 real_p1_hole_frac=0.3723 real_p2_eps=0.0035 real_p2_hit=0.0000 real_total=0.1243 synth_eps=0.0714 synth_eps_raw=0.0714 synth_x0_hit=0.0000 synth_total=0.0714 prior_preserve=0.0104 extra_render_attn_share=0.5341
[step 9600] real_p1_mirror_hole_cov=0.3806 real_p1_eps=0.3283 real_p1_hole_frac=0.1783 real_p2_eps=0.0023 real_p2_hit=0.0000 real_total=0.3305 discr_adv=0.8818 x0_d_real=-0.2281 x0_d_fake=-0.4646 g_grad_abs=1159.0963 d_grad_abs=1518.3475 synth_eps=0.4489 synth_eps_raw=0.4489 synth_x0_hit=1.0000 synth_x0_t=66.0000 synth_x0_ldif=0.0316 synth_x0_gen_adv=0.5634 synth_x0_lfm=0.0030 synth_total=0.5429 prior_preserve=0.0005 extra_render_attn_share=0.5341
[step 9650] real_p1_mirror_hole_cov=0.1538 real_p1_eps=0.2955 real_p1_hole_frac=0.5632 real_p2_eps=0.0098 real_p2_hit=0.0000 real_total=0.3053 synth_eps=0.0244 synth_eps_raw=0.0244 synth_x0_hit=0.0000 synth_total=0.0244 prior_preserve=0.0002 extra_render_attn_share=0.5341
[step 9700] real_p1_mirror_hole_cov=0.0032 real_p1_eps=0.3248 real_p1_hole_frac=0.1766 real_p2_eps=0.0133 real_p2_hit=0.0000 real_total=0.3381 synth_eps=0.4023 synth_eps_raw=0.4023 synth_x0_hit=1.0000 synth_x0_t=84.0000 synth_x0_ldif=0.0380 synth_x0_gen_adv=0.5781 synth_x0_lfm=0.0038 synth_total=0.5057 prior_preserve=0.0009 extra_render_attn_share=0.5341
[step 9750] real_p1_mirror_hole_cov=0.1528 real_p1_eps=0.2979 real_p1_hole_frac=0.3453 real_p2_eps=0.0077 real_p2_hit=0.0000 real_total=0.3056 discr_adv=0.9195 x0_d_real=-0.1004 x0_d_fake=-0.2616 g_grad_abs=1113.6255 d_grad_abs=1152.3038 synth_eps=0.4671 synth_eps_raw=0.4671 synth_x0_hit=1.0000 synth_x0_t=95.0000 synth_x0_ldif=0.0517 synth_x0_gen_adv=-0.4426 synth_x0_lfm=0.0043 synth_total=0.4830 prior_preserve=0.0009 extra_render_attn_share=0.5341
[step 9800] real_p1_mirror_hole_cov=0.0104 real_p1_eps=0.1542 real_p1_hole_frac=0.1135 real_p2_eps=0.0467 real_p2_hit=0.0000 real_total=0.2009 synth_eps=0.1264 synth_eps_raw=0.1264 synth_x0_hit=0.0000 synth_total=0.1264 prior_preserve=0.0057 extra_render_attn_share=0.5341
[step 9850] real_p1_mirror_hole_cov=0.0643 real_p1_eps=0.0905 real_p1_hole_frac=0.1901 real_p2_eps=0.0459 real_p2_hit=0.0000 real_total=0.1364 synth_eps=0.1020 synth_eps_raw=0.1020 synth_x0_hit=0.0000 synth_total=0.1020 prior_preserve=0.0018 extra_render_attn_share=0.5341
[step 9900] real_p1_mirror_hole_cov=0.0927 real_p1_eps=0.0616 real_p1_hole_frac=0.0553 real_p2_eps=0.0336 real_p2_hit=0.0000 real_total=0.0952 discr_adv=0.9681 x0_d_real=0.4441 x0_d_fake=0.3774 g_grad_abs=773.3415 d_grad_abs=642.1504 synth_eps=0.0018 synth_eps_raw=0.0018 synth_x0_hit=0.0000 synth_total=0.0018 prior_preserve=0.0003 extra_render_attn_share=0.5341
[step 9950] real_p1_mirror_hole_cov=0.0901 real_p1_eps=0.1773 real_p1_hole_frac=0.4768 real_p2_eps=0.0233 real_p2_hit=0.0000 real_total=0.2006 synth_eps=0.1586 synth_eps_raw=0.1586 synth_x0_hit=0.0000 synth_total=0.1586 prior_preserve=0.0037 extra_render_attn_share=0.5341
[ckpt] saved /home/xzy/warpgan-diffusiong-inpainting/warpgan-diffusion-inpainting-main/experiments/train_inpainting_diffusion/[20260914-030356]_v18w8_w5full_100k/checkpoints/iteration_0009999.pt
[val step 9999] val_novel_full=0.0289 val_novel_hole=0.0313 val_novel_visible=0.0284
[step 10000] real_p1_mirror_hole_cov=0.1206 real_p1_eps=0.1902 real_p1_hole_frac=0.1509 real_p2_eps=0.0494 real_p2_hit=0.0000 real_total=0.2395 discr_adv=0.9667 x0_d_real=-0.3171 x0_d_fake=-0.3988 g_grad_abs=1060.8107 d_grad_abs=1444.8766 synth_eps=0.0041 synth_eps_raw=0.0041 synth_x0_hit=0.0000 synth_total=0.0041 prior_preserve=0.0002 extra_render_attn_share=0.5409
[images] real: anchor | cond1 | cond2 | inv_warp_mirror | mask | mask_inv | warp_img | warp_warp_img | x | y_hat | y_hat_novel -> /home/xzy/warpgan-diffusiong-inpainting/warpgan-diffusion-inpainting-main/experiments/train_inpainting_diffusion/[20260914-030356]_v18w8_w5full_100k/logs/images/train/real_step0010000.png
[images] synth: cond | mask | target | warp_img | x | y_hat_novel -> /home/xzy/warpgan-diffusiong-inpainting/warpgan-diffusion-inpainting-main/experiments/train_inpainting_diffusion/[20260914-030356]_v18w8_w5full_100k/logs/images/train/synth_step0010000.png
[step 10050] real_p1_mirror_hole_cov=0.0436 real_p1_eps=0.1677 real_p1_hole_frac=0.1551 real_p2_eps=0.0178 real_p2_hit=0.0000 real_total=0.1856 synth_eps=0.1030 synth_eps_raw=0.1030 synth_x0_hit=0.0000 synth_total=0.1030 prior_preserve=0.0005 extra_render_attn_share=0.5409
[step 10100] real_p1_mirror_hole_cov=0.1151 real_p1_eps=0.1271 real_p1_hole_frac=0.2898 real_p2_eps=0.2847 real_p2_hit=1.0000 real_p2_t=118.0000 real_p2_ldif=0.0421 real_p2_gen_adv=-0.2352 real_p2_lfm=0.0036 real_total=0.4376 discr_adv=1.0048 p2_d_real=0.2256 p2_d_fake=0.2352 g_grad_abs=1578.9043 d_grad_abs=605.7432 synth_eps=0.0680 synth_eps_raw=0.0680 synth_x0_hit=0.0000 synth_total=0.0680 prior_preserve=0.0012 extra_render_attn_share=0.5409
[step 10150] real_p1_mirror_hole_cov=0.0294 real_p1_eps=0.1077 real_p1_hole_frac=0.0749 real_p2_eps=0.5059 real_p2_hit=1.0000 real_p2_t=14.0000 real_p2_ldif=0.0068 real_p2_gen_adv=-0.7632 real_p2_lfm=0.0008 real_total=0.5458 discr_adv=0.9992 p2_d_real=0.7648 p2_d_fake=0.7632 g_grad_abs=1605.6768 d_grad_abs=24.0539 synth_eps=0.0028 synth_eps_raw=0.0028 synth_x0_hit=0.0000 synth_total=0.0028 prior_preserve=0.0002 extra_render_attn_share=0.5409
[step 10200] real_p1_mirror_hole_cov=0.0881 real_p1_eps=0.1264 real_p1_hole_frac=0.1903 real_p2_eps=0.0454 real_p2_hit=0.0000 real_total=0.1718 synth_eps=0.5009 synth_eps_raw=0.5009 synth_x0_hit=1.0000 synth_x0_t=60.0000 synth_x0_ldif=0.0315 synth_x0_gen_adv=0.2507 synth_x0_lfm=0.0040 synth_total=0.5654 prior_preserve=0.0021 extra_render_attn_share=0.5409
[step 10250] real_p1_mirror_hole_cov=0.1354 real_p1_eps=0.2546 real_p1_hole_frac=0.2320 real_p2_eps=0.0014 real_p2_hit=0.0000 real_total=0.2560 discr_adv=0.9381 x0_d_real=0.3295 x0_d_fake=0.2053 g_grad_abs=1017.2608 d_grad_abs=1044.0716 synth_eps=0.9633 synth_eps_raw=0.9633 synth_x0_hit=1.0000 synth_x0_t=0.0000 synth_x0_ldif=0.0008 synth_x0_gen_adv=0.0296 synth_x0_lfm=0.0001 synth_total=0.9673 prior_preserve=0.0007 extra_render_attn_share=0.5409
[step 10300] real_p1_mirror_hole_cov=0.1610 real_p1_eps=0.0740 real_p1_hole_frac=0.0767 real_p2_eps=0.0083 real_p2_hit=0.0000 real_total=0.0823 discr_adv=0.8743 x0_d_real=-0.4230 x0_d_fake=-0.6745 g_grad_abs=828.1599 d_grad_abs=1336.3063 synth_eps=0.9557 synth_eps_raw=0.9557 synth_x0_hit=1.0000 synth_x0_t=0.0000 synth_x0_ldif=0.0008 synth_x0_gen_adv=0.3124 synth_x0_lfm=0.0001 synth_total=0.9881 prior_preserve=0.0028 extra_render_attn_share=0.5409
[step 10350] real_p1_mirror_hole_cov=0.1962 real_p1_eps=0.1659 real_p1_hole_frac=0.3654 real_p2_eps=0.0576 real_p2_hit=0.0000 real_total=0.2235 discr_adv=0.9477 x0_d_real=0.1246 x0_d_fake=0.0186 g_grad_abs=827.3651 d_grad_abs=493.5430 synth_eps=0.0320 synth_eps_raw=0.0320 synth_x0_hit=0.0000 synth_total=0.0320 prior_preserve=0.0044 extra_render_attn_share=0.5409
[step 10400] real_p1_mirror_hole_cov=0.1672 real_p1_eps=0.2915 real_p1_hole_frac=0.1939 real_p2_eps=0.9026 real_p2_hit=1.0000 real_p2_t=0.0000 real_p2_ldif=0.0008 real_p2_gen_adv=-0.0509 real_p2_lfm=0.0002 real_total=1.1901 discr_adv=2.0375 x0_d_real=0.1502 x0_d_fake=0.2251 p2_d_real=0.0535 p2_d_fake=0.0509 g_grad_abs=1705.4615 d_grad_abs=672.7097 synth_eps=0.3347 synth_eps_raw=0.3347 synth_x0_hit=1.0000 synth_x0_t=144.0000 synth_x0_ldif=0.0655 synth_x0_gen_adv=0.3081 synth_x0_lfm=0.0044 synth_total=0.4399 prior_preserve=0.0003 extra_render_attn_share=0.5409
[step 10450] real_p1_mirror_hole_cov=0.0155 real_p1_eps=0.1230 real_p1_hole_frac=0.2976 real_p2_eps=0.0476 real_p2_hit=0.0000 real_total=0.1706 synth_eps=0.0090 synth_eps_raw=0.0090 synth_x0_hit=0.0000 synth_total=0.0090 prior_preserve=0.0010 extra_render_attn_share=0.5409
[step 10500] real_p1_mirror_hole_cov=0.0626 real_p1_eps=0.2101 real_p1_hole_frac=0.2202 real_p2_eps=0.1660 real_p2_hit=1.0000 real_p2_t=271.0000 real_p2_ldif=0.0937 real_p2_gen_adv=0.1636 real_p2_lfm=0.0057 real_total=0.4976 discr_adv=0.8704 p2_d_real=0.0955 p2_d_fake=-0.1636 g_grad_abs=2081.9860 d_grad_abs=2201.4115 synth_eps=0.1891 synth_eps_raw=0.1891 synth_x0_hit=1.0000 synth_x0_t=283.0000 synth_x0_ldif=0.1164 synth_x0_gen_adv=0.5176 synth_x0_lfm=0.0050 synth_total=0.3672 prior_preserve=0.0007 extra_render_attn_share=0.5409
[images] real: anchor | cond1 | cond2 | inv_warp_mirror | mask | mask_inv | warp_img | warp_warp_img | x | y_hat | y_hat_novel -> /home/xzy/warpgan-diffusiong-inpainting/warpgan-diffusion-inpainting-main/experiments/train_inpainting_diffusion/[20260914-030356]_v18w8_w5full_100k/logs/images/train/real_step0010500.png
[images] synth: cond | mask | target | warp_img | x | y_hat_novel -> /home/xzy/warpgan-diffusiong-inpainting/warpgan-diffusion-inpainting-main/experiments/train_inpainting_diffusion/[20260914-030356]_v18w8_w5full_100k/logs/images/train/synth_step0010500.png
[step 10550] real_p1_mirror_hole_cov=0.2702 real_p1_eps=0.4259 real_p1_hole_frac=0.3791 real_p2_eps=0.0140 real_p2_hit=0.0000 real_total=0.4399 synth_eps=0.0027 synth_eps_raw=0.0027 synth_x0_hit=0.0000 synth_total=0.0027 prior_preserve=0.0006 extra_render_attn_share=0.5409
[step 10600] real_p1_mirror_hole_cov=0.1023 real_p1_eps=0.1262 real_p1_hole_frac=0.1614 real_p2_eps=0.1091 real_p2_hit=0.0000 real_total=0.2353 synth_eps=0.1141 synth_eps_raw=0.1141 synth_x0_hit=0.0000 synth_total=0.1141 prior_preserve=0.0003 extra_render_attn_share=0.5409
[step 10650] real_p1_mirror_hole_cov=0.1852 real_p1_eps=0.0617 real_p1_hole_frac=0.0366 real_p2_eps=0.5535 real_p2_hit=1.0000 real_p2_t=4.0000 real_p2_ldif=0.0024 real_p2_gen_adv=-0.4059 real_p2_lfm=0.0003 real_total=0.5777 discr_adv=1.9490 x0_d_real=-0.1644 x0_d_fake=-0.2641 p2_d_real=0.4084 p2_d_fake=0.4059 g_grad_abs=1971.3455 d_grad_abs=528.4742 synth_eps=0.1473 synth_eps_raw=0.1473 synth_x0_hit=0.0000 synth_total=0.1473 prior_preserve=0.0002 extra_render_attn_share=0.5409
[step 10700] real_p1_mirror_hole_cov=0.0547 real_p1_eps=0.1071 real_p1_hole_frac=0.3635 real_p2_eps=0.0250 real_p2_hit=0.0000 real_total=0.1322 synth_eps=0.2978 synth_eps_raw=0.2978 synth_x0_hit=1.0000 synth_x0_t=133.0000 synth_x0_ldif=0.0520 synth_x0_gen_adv=0.6534 synth_x0_lfm=0.0044 synth_total=0.4238 prior_preserve=0.0001 extra_render_attn_share=0.5409
[step 10750] real_p1_mirror_hole_cov=0.0087 real_p1_eps=0.0577 real_p1_hole_frac=0.0569 real_p2_eps=0.0114 real_p2_hit=0.0000 real_total=0.0691 synth_eps=0.2600 synth_eps_raw=0.2600 synth_x0_hit=1.0000 synth_x0_t=155.0000 synth_x0_ldif=0.0568 synth_x0_gen_adv=0.1169 synth_x0_lfm=0.0057 synth_total=0.3397 prior_preserve=0.0010 extra_render_attn_share=0.5409
[step 10800] real_p1_mirror_hole_cov=0.0357 real_p1_eps=0.2683 real_p1_hole_frac=0.6157 real_p2_eps=0.0026 real_p2_hit=0.0000 real_total=0.2709 synth_eps=0.7980 synth_eps_raw=0.7980 synth_x0_hit=1.0000 synth_x0_t=8.0000 synth_x0_ldif=0.0063 synth_x0_gen_adv=-0.3095 synth_x0_lfm=0.0010 synth_total=0.7752 prior_preserve=0.0005 extra_render_attn_share=0.5409
[step 10850] real_p1_mirror_hole_cov=0.0234 real_p1_eps=0.1963 real_p1_hole_frac=0.0815 real_p2_eps=0.1215 real_p2_hit=1.0000 real_p2_t=251.0000 real_p2_ldif=0.0593 real_p2_gen_adv=-0.2470 real_p2_lfm=0.0051 real_total=0.3626 discr_adv=1.0467 p2_d_real=0.1536 p2_d_fake=0.2470 g_grad_abs=1870.6101 d_grad_abs=1255.9332 synth_eps=0.0148 synth_eps_raw=0.0148 synth_x0_hit=0.0000 synth_total=0.0148 prior_preserve=0.0004 extra_render_attn_share=0.5409
[step 10900] real_p1_mirror_hole_cov=0.0761 real_p1_eps=0.1169 real_p1_hole_frac=0.2249 real_p2_eps=0.0817 real_p2_hit=0.0000 real_total=0.1986 synth_eps=0.0042 synth_eps_raw=0.0042 synth_x0_hit=0.0000 synth_total=0.0042 prior_preserve=0.0008 extra_render_attn_share=0.5409
[step 10950] real_p1_mirror_hole_cov=0.1219 real_p1_eps=0.1134 real_p1_hole_frac=0.1202 real_p2_eps=0.0363 real_p2_hit=0.0000 real_total=0.1497 synth_eps=0.0024 synth_eps_raw=0.0024 synth_x0_hit=0.0000 synth_total=0.0024 prior_preserve=0.0001 extra_render_attn_share=0.5409
[step 11000] real_p1_mirror_hole_cov=0.1590 real_p1_eps=0.1832 real_p1_hole_frac=0.3894 real_p2_eps=0.1835 real_p2_hit=1.0000 real_p2_t=277.0000 real_p2_ldif=0.1082 real_p2_gen_adv=0.4037 real_p2_lfm=0.0065 real_total=0.5284 discr_adv=0.8808 p2_d_real=-0.1653 p2_d_fake=-0.4037 g_grad_abs=1697.1209 d_grad_abs=806.9708 synth_eps=0.1265 synth_eps_raw=0.1265 synth_x0_hit=0.0000 synth_total=0.1265 prior_preserve=0.0003 extra_render_attn_share=0.5409
[images] real: anchor | cond1 | cond2 | inv_warp_mirror | mask | mask_inv | warp_img | warp_warp_img | x | y_hat | y_hat_novel -> /home/xzy/warpgan-diffusiong-inpainting/warpgan-diffusion-inpainting-main/experiments/train_inpainting_diffusion/[20260914-030356]_v18w8_w5full_100k/logs/images/train/real_step0011000.png
[images] synth: cond | mask | target | warp_img | x | y_hat_novel -> /home/xzy/warpgan-diffusiong-inpainting/warpgan-diffusion-inpainting-main/experiments/train_inpainting_diffusion/[20260914-030356]_v18w8_w5full_100k/logs/images/train/synth_step0011000.png
[step 11050] real_p1_mirror_hole_cov=0.0256 real_p1_eps=0.1612 real_p1_hole_frac=0.4856 real_p2_eps=0.0386 real_p2_hit=0.0000 real_total=0.1998 discr_adv=1.0272 x0_d_real=-0.6875 x0_d_fake=-0.7646 g_grad_abs=1114.4347 d_grad_abs=2046.0839 synth_eps=0.0095 synth_eps_raw=0.0095 synth_x0_hit=0.0000 synth_total=0.0095 prior_preserve=0.0101 extra_render_attn_share=0.5409
[step 11100] real_p1_mirror_hole_cov=0.0332 real_p1_eps=0.1994 real_p1_hole_frac=0.0888 real_p2_eps=0.0523 real_p2_hit=0.0000 real_total=0.2517 synth_eps=0.2326 synth_eps_raw=0.2326 synth_x0_hit=1.0000 synth_x0_t=263.0000 synth_x0_ldif=0.1239 synth_x0_gen_adv=0.1790 synth_x0_lfm=0.0061 synth_total=0.3865 prior_preserve=0.0001 extra_render_attn_share=0.5409
[step 11150] real_p1_mirror_hole_cov=0.1903 real_p1_eps=0.0330 real_p1_hole_frac=0.0141 real_p2_eps=0.0070 real_p2_hit=0.0000 real_total=0.0400 synth_eps=0.0341 synth_eps_raw=0.0341 synth_x0_hit=0.0000 synth_total=0.0341 prior_preserve=0.0003 extra_render_attn_share=0.5409
[step 11200] real_p1_mirror_hole_cov=0.0843 real_p1_eps=0.1090 real_p1_hole_frac=0.3343 real_p2_eps=0.0016 real_p2_hit=0.0000 real_total=0.1106 discr_adv=0.8920 x0_d_real=-0.3098 x0_d_fake=-0.5259 g_grad_abs=616.5643 d_grad_abs=630.8821 synth_eps=0.0075 synth_eps_raw=0.0075 synth_x0_hit=0.0000 synth_total=0.0075 prior_preserve=0.0005 extra_render_attn_share=0.5409
[step 11250] real_p1_mirror_hole_cov=0.0322 real_p1_eps=0.1460 real_p1_hole_frac=0.2303 real_p2_eps=0.1349 real_p2_hit=0.0000 real_total=0.2809 discr_adv=0.9204 x0_d_real=-0.6736 x0_d_fake=-0.8508 g_grad_abs=1163.7439 d_grad_abs=2293.5836 synth_eps=0.1275 synth_eps_raw=0.1275 synth_x0_hit=0.0000 synth_total=0.1275 prior_preserve=0.0004 extra_render_attn_share=0.5409
[step 11300] real_p1_mirror_hole_cov=0.1030 real_p1_eps=0.2369 real_p1_hole_frac=0.3273 real_p2_eps=0.0398 real_p2_hit=0.0000 real_total=0.2767 synth_eps=0.0397 synth_eps_raw=0.0397 synth_x0_hit=0.0000 synth_total=0.0397 prior_preserve=0.0002 extra_render_attn_share=0.5409
[step 11350] real_p1_mirror_hole_cov=0.1675 real_p1_eps=0.1942 real_p1_hole_frac=0.6130 real_p2_eps=0.3318 real_p2_hit=1.0000 real_p2_t=113.0000 real_p2_ldif=0.0462 real_p2_gen_adv=0.0232 real_p2_lfm=0.0045 real_total=0.5834 discr_adv=1.8410 x0_d_real=0.2456 x0_d_fake=0.0770 p2_d_real=0.1262 p2_d_fake=-0.0232 g_grad_abs=1653.2914 d_grad_abs=1457.1660 synth_eps=0.6129 synth_eps_raw=0.6129 synth_x0_hit=1.0000 synth_x0_t=31.0000 synth_x0_ldif=0.0184 synth_x0_gen_adv=0.4200 synth_x0_lfm=0.0020 synth_total=0.6772 prior_preserve=0.0002 extra_render_attn_share=0.5409
[step 11400] real_p1_mirror_hole_cov=0.2589 real_p1_eps=0.2772 real_p1_hole_frac=0.3128 real_p2_eps=0.0300 real_p2_hit=0.0000 real_total=0.3073 synth_eps=0.0044 synth_eps_raw=0.0044 synth_x0_hit=0.0000 synth_total=0.0044 prior_preserve=0.0004 extra_render_attn_share=0.5409
[step 11450] real_p1_mirror_hole_cov=0.1074 real_p1_eps=0.1241 real_p1_hole_frac=0.4615 real_p2_eps=0.5310 real_p2_hit=1.0000 real_p2_t=33.0000 real_p2_ldif=0.0171 real_p2_gen_adv=0.6694 real_p2_lfm=0.0023 real_total=0.7436 discr_adv=1.9239 x0_d_real=-0.5131 x0_d_fake=-0.6355 p2_d_real=-0.6337 p2_d_fake=-0.6694 g_grad_abs=1535.2287 d_grad_abs=724.6187 synth_eps=0.0015 synth_eps_raw=0.0015 synth_x0_hit=0.0000 synth_total=0.0015 prior_preserve=0.0001 extra_render_attn_share=0.5409
[step 11500] real_p1_mirror_hole_cov=0.0004 real_p1_eps=0.1455 real_p1_hole_frac=0.1017 real_p2_eps=0.0009 real_p2_hit=0.0000 real_total=0.1463 discr_adv=0.8759 x0_d_real=-0.3906 x0_d_fake=-0.6429 g_grad_abs=1119.4396 d_grad_abs=1618.4248 synth_eps=0.0178 synth_eps_raw=0.0178 synth_x0_hit=0.0000 synth_total=0.0178 prior_preserve=0.0021 extra_render_attn_share=0.5409
[images] real: anchor | cond1 | cond2 | inv_warp_mirror | mask | mask_inv | warp_img | warp_warp_img | x | y_hat | y_hat_novel -> /home/xzy/warpgan-diffusiong-inpainting/warpgan-diffusion-inpainting-main/experiments/train_inpainting_diffusion/[20260914-030356]_v18w8_w5full_100k/logs/images/train/real_step0011500.png
[images] synth: cond | mask | target | warp_img | x | y_hat_novel -> /home/xzy/warpgan-diffusiong-inpainting/warpgan-diffusion-inpainting-main/experiments/train_inpainting_diffusion/[20260914-030356]_v18w8_w5full_100k/logs/images/train/synth_step0011500.png
[step 11550] real_p1_mirror_hole_cov=0.1794 real_p1_eps=0.1501 real_p1_hole_frac=0.2236 real_p2_eps=0.0039 real_p2_hit=0.0000 real_total=0.1541 synth_eps=0.2708 synth_eps_raw=0.2708 synth_x0_hit=1.0000 synth_x0_t=185.0000 synth_x0_ldif=0.0779 synth_x0_gen_adv=-0.0800 synth_x0_lfm=0.0071 synth_total=0.3548 prior_preserve=0.0005 extra_render_attn_share=0.5409
[step 11600] real_p1_mirror_hole_cov=0.3170 real_p1_eps=0.1549 real_p1_hole_frac=0.2814 real_p2_eps=0.4947 real_p2_hit=1.0000 real_p2_t=28.0000 real_p2_ldif=0.0133 real_p2_gen_adv=-0.1329 real_p2_lfm=0.0011 real_total=0.6518 discr_adv=0.9876 p2_d_real=0.1578 p2_d_fake=0.1329 g_grad_abs=1525.5614 d_grad_abs=194.5241 synth_eps=0.3823 synth_eps_raw=0.3823 synth_x0_hit=1.0000 synth_x0_t=139.0000 synth_x0_ldif=0.0711 synth_x0_gen_adv=-0.4807 synth_x0_lfm=0.0053 synth_total=0.4159 prior_preserve=0.0003 extra_render_attn_share=0.5409
[step 11650] real_p1_mirror_hole_cov=0.1806 real_p1_eps=0.1762 real_p1_hole_frac=0.5778 real_p2_eps=0.0263 real_p2_hit=0.0000 real_total=0.2025 synth_eps=0.0023 synth_eps_raw=0.0023 synth_x0_hit=0.0000 synth_total=0.0023 prior_preserve=0.0020 extra_render_attn_share=0.5409
[step 11700] real_p1_mirror_hole_cov=0.0735 real_p1_eps=0.1085 real_p1_hole_frac=0.1528 real_p2_eps=0.0063 real_p2_hit=0.0000 real_total=0.1148 discr_adv=0.9360 x0_d_real=0.6693 x0_d_fake=0.5412 g_grad_abs=702.8742 d_grad_abs=1719.5886 synth_eps=0.2735 synth_eps_raw=0.2735 synth_x0_hit=1.0000 synth_x0_t=237.0000 synth_x0_ldif=0.1200 synth_x0_gen_adv=-0.6130 synth_x0_lfm=0.0079 synth_total=0.3480 prior_preserve=0.0010 extra_render_attn_share=0.5409
[step 11750] real_p1_mirror_hole_cov=0.1473 real_p1_eps=0.1411 real_p1_hole_frac=0.0423 real_p2_eps=0.0127 real_p2_hit=0.0000 real_total=0.1538 synth_eps=0.1944 synth_eps_raw=0.1944 synth_x0_hit=1.0000 synth_x0_t=221.0000 synth_x0_ldif=0.0754 synth_x0_gen_adv=-0.3967 synth_x0_lfm=0.0060 synth_total=0.2422 prior_preserve=0.0006 extra_render_attn_share=0.5409
[step 11800] real_p1_mirror_hole_cov=0.0693 real_p1_eps=0.2152 real_p1_hole_frac=0.3912 real_p2_eps=0.1185 real_p2_hit=0.0000 real_total=0.3337 synth_eps=0.0016 synth_eps_raw=0.0016 synth_x0_hit=0.0000 synth_total=0.0016 prior_preserve=0.0003 extra_render_attn_share=0.5409
[step 11850] real_p1_mirror_hole_cov=0.1276 real_p1_eps=0.1503 real_p1_hole_frac=0.4286 real_p2_eps=0.0028 real_p2_hit=0.0000 real_total=0.1530 synth_eps=0.0021 synth_eps_raw=0.0021 synth_x0_hit=0.0000 synth_total=0.0021 prior_preserve=0.0011 extra_render_attn_share=0.5409
[step 11900] real_p1_mirror_hole_cov=0.1855 real_p1_eps=0.1661 real_p1_hole_frac=0.4688 real_p2_eps=0.2486 real_p2_hit=1.0000 real_p2_t=191.0000 real_p2_ldif=0.0753 real_p2_gen_adv=-0.5687 real_p2_lfm=0.0051 real_total=0.4432 discr_adv=0.9839 p2_d_real=0.6010 p2_d_fake=0.5687 g_grad_abs=1534.8936 d_grad_abs=276.1695 synth_eps=0.1557 synth_eps_raw=0.1557 synth_x0_hit=1.0000 synth_x0_t=241.0000 synth_x0_ldif=0.0704 synth_x0_gen_adv=-0.1476 synth_x0_lfm=0.0057 synth_total=0.2227 prior_preserve=0.0003 extra_render_attn_share=0.5409
[step 11950] real_p1_mirror_hole_cov=0.0729 real_p1_eps=0.1022 real_p1_hole_frac=0.0665 real_p2_eps=0.0609 real_p2_hit=0.0000 real_total=0.1631 synth_eps=0.0014 synth_eps_raw=0.0014 synth_x0_hit=0.0000 synth_total=0.0014 prior_preserve=0.0002 extra_render_attn_share=0.5409
[val step 11999] val_novel_full=0.0305 val_novel_hole=0.0328 val_novel_visible=0.0296
[step 12000] real_p1_mirror_hole_cov=0.1581 real_p1_eps=0.2506 real_p1_hole_frac=0.4431 real_p2_eps=0.0016 real_p2_hit=0.0000 real_total=0.2522 discr_adv=0.9304 x0_d_real=-0.1846 x0_d_fake=-0.3239 g_grad_abs=1005.3315 d_grad_abs=442.2125 synth_eps=0.3097 synth_eps_raw=0.3097 synth_x0_hit=1.0000 synth_x0_t=161.0000 synth_x0_ldif=0.0717 synth_x0_gen_adv=0.3529 synth_x0_lfm=0.0068 synth_total=0.4303 prior_preserve=0.0015 extra_render_attn_share=0.5482
[images] real: anchor | cond1 | cond2 | inv_warp_mirror | mask | mask_inv | warp_img | warp_warp_img | x | y_hat | y_hat_novel -> /home/xzy/warpgan-diffusiong-inpainting/warpgan-diffusion-inpainting-main/experiments/train_inpainting_diffusion/[20260914-030356]_v18w8_w5full_100k/logs/images/train/real_step0012000.png
[images] synth: cond | mask | target | warp_img | x | y_hat_novel -> /home/xzy/warpgan-diffusiong-inpainting/warpgan-diffusion-inpainting-main/experiments/train_inpainting_diffusion/[20260914-030356]_v18w8_w5full_100k/logs/images/train/synth_step0012000.png
[step 12050] real_p1_mirror_hole_cov=0.1944 real_p1_eps=0.0716 real_p1_hole_frac=0.0889 real_p2_eps=0.0007 real_p2_hit=0.0000 real_total=0.0723 discr_adv=0.9391 x0_d_real=-0.4394 x0_d_fake=-0.5633 g_grad_abs=607.9325 d_grad_abs=478.8681 synth_eps=0.0154 synth_eps_raw=0.0154 synth_x0_hit=0.0000 synth_total=0.0154 prior_preserve=0.0002 extra_render_attn_share=0.5482
[step 12100] real_p1_mirror_hole_cov=0.1250 real_p1_eps=0.1455 real_p1_hole_frac=0.4299 real_p2_eps=0.2108 real_p2_hit=1.0000 real_p2_t=152.0000 real_p2_ldif=0.0447 real_p2_gen_adv=-0.1161 real_p2_lfm=0.0034 real_total=0.3962 discr_adv=1.9162 x0_d_real=0.3540 x0_d_fake=0.1993 p2_d_real=0.1292 p2_d_fake=0.1161 g_grad_abs=1414.0308 d_grad_abs=723.4552 synth_eps=0.0128 synth_eps_raw=0.0128 synth_x0_hit=0.0000 synth_total=0.0128 prior_preserve=0.0013 extra_render_attn_share=0.5482
[step 12150] real_p1_mirror_hole_cov=0.0464 real_p1_eps=0.1387 real_p1_hole_frac=0.3609 real_p2_eps=0.0031 real_p2_hit=0.0000 real_total=0.1417 synth_eps=0.0231 synth_eps_raw=0.0231 synth_x0_hit=0.0000 synth_total=0.0231 prior_preserve=0.0003 extra_render_attn_share=0.5482
[step 12200] real_p1_mirror_hole_cov=0.0958 real_p1_eps=0.1197 real_p1_hole_frac=0.3320 real_p2_eps=0.0040 real_p2_hit=0.0000 real_total=0.1237 synth_eps=0.3162 synth_eps_raw=0.3162 synth_x0_hit=1.0000 synth_x0_t=153.0000 synth_x0_ldif=0.0679 synth_x0_gen_adv=0.1691 synth_x0_lfm=0.0074 synth_total=0.4159 prior_preserve=0.0001 extra_render_attn_share=0.5482
[step 12250] real_p1_mirror_hole_cov=0.3986 real_p1_eps=0.1011 real_p1_hole_frac=0.2447 real_p2_eps=0.0365 real_p2_hit=0.0000 real_total=0.1376 synth_eps=0.0431 synth_eps_raw=0.0431 synth_x0_hit=0.0000 synth_total=0.0431 prior_preserve=0.0004 extra_render_attn_share=0.5482
[step 12300] real_p1_mirror_hole_cov=0.0113 real_p1_eps=0.0396 real_p1_hole_frac=0.0188 real_p2_eps=0.0295 real_p2_hit=0.0000 real_total=0.0691 synth_eps=0.0568 synth_eps_raw=0.0568 synth_x0_hit=0.0000 synth_total=0.0568 prior_preserve=0.0001 extra_render_attn_share=0.5482
[step 12350] real_p1_mirror_hole_cov=0.1797 real_p1_eps=0.1242 real_p1_hole_frac=0.3726 real_p2_eps=0.0062 real_p2_hit=0.0000 real_total=0.1304 synth_eps=0.0036 synth_eps_raw=0.0036 synth_x0_hit=0.0000 synth_total=0.0036 prior_preserve=0.0010 extra_render_attn_share=0.5482
[step 12400] real_p1_mirror_hole_cov=0.1317 real_p1_eps=0.1478 real_p1_hole_frac=0.3755 real_p2_eps=0.0235 real_p2_hit=0.0000 real_total=0.1713 synth_eps=0.0046 synth_eps_raw=0.0046 synth_x0_hit=0.0000 synth_total=0.0046 prior_preserve=0.0003 extra_render_attn_share=0.5482
[step 12450] real_p1_mirror_hole_cov=0.2461 real_p1_eps=0.2201 real_p1_hole_frac=0.3696 real_p2_eps=0.0427 real_p2_hit=0.0000 real_total=0.2627 synth_eps=0.0964 synth_eps_raw=0.0964 synth_x0_hit=0.0000 synth_total=0.0964 prior_preserve=0.0012 extra_render_attn_share=0.5482
[step 12500] real_p1_mirror_hole_cov=0.0250 real_p1_eps=0.0930 real_p1_hole_frac=0.0805 real_p2_eps=0.0013 real_p2_hit=0.0000 real_total=0.0943 discr_adv=1.0831 x0_d_real=0.4621 x0_d_fake=0.6282 g_grad_abs=703.1153 d_grad_abs=1101.4692 synth_eps=0.0017 synth_eps_raw=0.0017 synth_x0_hit=0.0000 synth_total=0.0017 prior_preserve=0.0001 extra_render_attn_share=0.5482
[images] real: anchor | cond1 | cond2 | inv_warp_mirror | mask | mask_inv | warp_img | warp_warp_img | x | y_hat | y_hat_novel -> /home/xzy/warpgan-diffusiong-inpainting/warpgan-diffusion-inpainting-main/experiments/train_inpainting_diffusion/[20260914-030356]_v18w8_w5full_100k/logs/images/train/real_step0012500.png
[images] synth: cond | mask | target | warp_img | x | y_hat_novel -> /home/xzy/warpgan-diffusiong-inpainting/warpgan-diffusion-inpainting-main/experiments/train_inpainting_diffusion/[20260914-030356]_v18w8_w5full_100k/logs/images/train/synth_step0012500.png
[step 12550] real_p1_mirror_hole_cov=0.0429 real_p1_eps=0.1443 real_p1_hole_frac=0.0979 real_p2_eps=0.0131 real_p2_hit=0.0000 real_total=0.1574 synth_eps=0.3414 synth_eps_raw=0.3414 synth_x0_hit=1.0000 synth_x0_t=105.0000 synth_x0_ldif=0.0431 synth_x0_gen_adv=-0.4135 synth_x0_lfm=0.0050 synth_total=0.3531 prior_preserve=0.0007 extra_render_attn_share=0.5482
[step 12600] real_p1_mirror_hole_cov=0.1734 real_p1_eps=0.2291 real_p1_hole_frac=0.5463 real_p2_eps=0.2519 real_p2_hit=1.0000 real_p2_t=188.0000 real_p2_ldif=0.0744 real_p2_gen_adv=0.2434 real_p2_lfm=0.0065 real_total=0.5928 discr_adv=2.0122 x0_d_real=-0.3045 x0_d_fake=-0.3017 p2_d_real=-0.2649 p2_d_fake=-0.2434 g_grad_abs=1706.0368 d_grad_abs=450.2797 synth_eps=0.0013 synth_eps_raw=0.0013 synth_x0_hit=0.0000 synth_total=0.0013 prior_preserve=0.0002 extra_render_attn_share=0.5482
[step 12650] real_p1_mirror_hole_cov=0.0753 real_p1_eps=0.1426 real_p1_hole_frac=0.5500 real_p2_eps=0.0873 real_p2_hit=0.0000 real_total=0.2299 discr_adv=0.9994 x0_d_real=-0.0919 x0_d_fake=-0.0943 g_grad_abs=870.6590 d_grad_abs=237.8513 synth_eps=0.0627 synth_eps_raw=0.0627 synth_x0_hit=0.0000 synth_total=0.0627 prior_preserve=0.0006 extra_render_attn_share=0.5482
[step 12700] real_p1_mirror_hole_cov=0.0196 real_p1_eps=0.1461 real_p1_hole_frac=0.1926 real_p2_eps=0.0015 real_p2_hit=0.0000 real_total=0.1476 synth_eps=0.0358 synth_eps_raw=0.0358 synth_x0_hit=0.0000 synth_total=0.0358 prior_preserve=0.0002 extra_render_attn_share=0.5482
[step 12750] real_p1_mirror_hole_cov=0.4494 real_p1_eps=0.2376 real_p1_hole_frac=0.2734 real_p2_eps=0.2447 real_p2_hit=1.0000 real_p2_t=172.0000 real_p2_ldif=0.0629 real_p2_gen_adv=-0.2378 real_p2_lfm=0.0043 real_total=0.5301 discr_adv=0.9248 p2_d_real=0.3882 p2_d_fake=0.2378 g_grad_abs=1600.2601 d_grad_abs=608.1429 synth_eps=0.0197 synth_eps_raw=0.0197 synth_x0_hit=0.0000 synth_total=0.0197 prior_preserve=0.0004 extra_render_attn_share=0.5482
[step 12800] real_p1_mirror_hole_cov=0.0181 real_p1_eps=0.0935 real_p1_hole_frac=0.3890 real_p2_eps=0.0110 real_p2_hit=0.0000 real_total=0.1045 synth_eps=0.3013 synth_eps_raw=0.3013 synth_x0_hit=1.0000 synth_x0_t=229.0000 synth_x0_ldif=0.1244 synth_x0_gen_adv=-0.7857 synth_x0_lfm=0.0075 synth_total=0.3622 prior_preserve=0.0002 extra_render_attn_share=0.5482
[step 12850] real_p1_mirror_hole_cov=0.1909 real_p1_eps=0.1164 real_p1_hole_frac=0.2896 real_p2_eps=0.0149 real_p2_hit=0.0000 real_total=0.1314 synth_eps=0.0340 synth_eps_raw=0.0340 synth_x0_hit=0.0000 synth_total=0.0340 prior_preserve=0.0129 extra_render_attn_share=0.5482
[step 12900] real_p1_mirror_hole_cov=0.1774 real_p1_eps=0.1490 real_p1_hole_frac=0.1852 real_p2_eps=0.2157 real_p2_hit=1.0000 real_p2_t=191.0000 real_p2_ldif=0.0653 real_p2_gen_adv=-0.3622 real_p2_lfm=0.0049 real_total=0.4036 discr_adv=0.9595 p2_d_real=0.4437 p2_d_fake=0.3622 g_grad_abs=1332.7281 d_grad_abs=344.6747 synth_eps=0.1959 synth_eps_raw=0.1959 synth_x0_hit=1.0000 synth_x0_t=264.0000 synth_x0_ldif=0.1052 synth_x0_gen_adv=0.1674 synth_x0_lfm=0.0091 synth_total=0.3361 prior_preserve=0.0003 extra_render_attn_share=0.5482
[step 12950] real_p1_mirror_hole_cov=0.0384 real_p1_eps=0.1582 real_p1_hole_frac=0.0919 real_p2_eps=0.4568 real_p2_hit=1.0000 real_p2_t=13.0000 real_p2_ldif=0.0057 real_p2_gen_adv=-0.3084 real_p2_lfm=0.0009 real_total=0.5915 discr_adv=0.9987 p2_d_real=0.3109 p2_d_fake=0.3084 g_grad_abs=1901.5347 d_grad_abs=71.5920 synth_eps=0.0126 synth_eps_raw=0.0126 synth_x0_hit=0.0000 synth_total=0.0126 prior_preserve=0.0002 extra_render_attn_share=0.5482
[step 13000] real_p1_mirror_hole_cov=0.0165 real_p1_eps=0.1840 real_p1_hole_frac=0.3965 real_p2_eps=0.0077 real_p2_hit=0.0000 real_total=0.1917 synth_eps=0.1322 synth_eps_raw=0.1322 synth_x0_hit=0.0000 synth_total=0.1322 prior_preserve=0.0003 extra_render_attn_share=0.5482
[images] real: anchor | cond1 | cond2 | inv_warp_mirror | mask | mask_inv | warp_img | warp_warp_img | x | y_hat | y_hat_novel -> /home/xzy/warpgan-diffusiong-inpainting/warpgan-diffusion-inpainting-main/experiments/train_inpainting_diffusion/[20260914-030356]_v18w8_w5full_100k/logs/images/train/real_step0013000.png
[images] synth: cond | mask | target | warp_img | x | y_hat_novel -> /home/xzy/warpgan-diffusiong-inpainting/warpgan-diffusion-inpainting-main/experiments/train_inpainting_diffusion/[20260914-030356]_v18w8_w5full_100k/logs/images/train/synth_step0013000.png
[step 13050] real_p1_mirror_hole_cov=0.0660 real_p1_eps=0.1349 real_p1_hole_frac=0.3606 real_p2_eps=0.3524 real_p2_hit=1.0000 real_p2_t=82.0000 real_p2_ldif=0.0323 real_p2_gen_adv=0.3606 real_p2_lfm=0.0018 real_total=0.5593 discr_adv=0.9856 p2_d_real=-0.3318 p2_d_fake=-0.3606 g_grad_abs=1551.1693 d_grad_abs=171.5662 synth_eps=0.4517 synth_eps_raw=0.4517 synth_x0_hit=1.0000 synth_x0_t=79.0000 synth_x0_ldif=0.0396 synth_x0_gen_adv=0.2348 synth_x0_lfm=0.0038 synth_total=0.5224 prior_preserve=0.0003 extra_render_attn_share=0.5482
[step 13100] real_p1_mirror_hole_cov=0.0662 real_p1_eps=0.1183 real_p1_hole_frac=0.3655 real_p2_eps=0.0143 real_p2_hit=0.0000 real_total=0.1325 synth_eps=0.0935 synth_eps_raw=0.0935 synth_x0_hit=0.0000 synth_total=0.0935 prior_preserve=0.0003 extra_render_attn_share=0.5482
[step 13150] real_p1_mirror_hole_cov=0.0191 real_p1_eps=0.1918 real_p1_hole_frac=0.3064 real_p2_eps=0.4502 real_p2_hit=1.0000 real_p2_t=41.0000 real_p2_ldif=0.0183 real_p2_gen_adv=-0.8574 real_p2_lfm=0.0023 real_total=0.5793 discr_adv=0.9954 p2_d_real=0.8667 p2_d_fake=0.8574 g_grad_abs=1542.5769 d_grad_abs=112.5240 synth_eps=0.0032 synth_eps_raw=0.0032 synth_x0_hit=0.0000 synth_total=0.0032 prior_preserve=0.0002 extra_render_attn_share=0.5482
[step 13200] real_p1_mirror_hole_cov=0.0721 real_p1_eps=0.1444 real_p1_hole_frac=0.0462 real_p2_eps=0.0151 real_p2_hit=0.0000 real_total=0.1595 discr_adv=0.9852 x0_d_real=-0.7171 x0_d_fake=-0.7585 g_grad_abs=865.9414 d_grad_abs=620.5215 synth_eps=0.0066 synth_eps_raw=0.0066 synth_x0_hit=0.0000 synth_total=0.0066 prior_preserve=0.0002 extra_render_attn_share=0.5482
[step 13250] real_p1_mirror_hole_cov=0.0594 real_p1_eps=0.3542 real_p1_hole_frac=0.1160 real_p2_eps=0.0305 real_p2_hit=0.0000 real_total=0.3847 synth_eps=0.2914 synth_eps_raw=0.2914 synth_x0_hit=1.0000 synth_x0_t=123.0000 synth_x0_ldif=0.0456 synth_x0_gen_adv=0.4947 synth_x0_lfm=0.0053 synth_total=0.3970 prior_preserve=0.0010 extra_render_attn_share=0.5482
[step 13300] real_p1_mirror_hole_cov=0.1324 real_p1_eps=0.1188 real_p1_hole_frac=0.4654 real_p2_eps=0.0062 real_p2_hit=0.0000 real_total=0.1250 discr_adv=0.9875 x0_d_real=-0.2210 x0_d_fake=-0.2467 g_grad_abs=671.9892 d_grad_abs=488.1646 synth_eps=0.8479 synth_eps_raw=0.8479 synth_x0_hit=1.0000 synth_x0_t=5.0000 synth_x0_ldif=0.0044 synth_x0_gen_adv=0.5121 synth_x0_lfm=0.0006 synth_total=0.9046 prior_preserve=0.0003 extra_render_attn_share=0.5482
[step 13350] real_p1_mirror_hole_cov=0.2005 real_p1_eps=0.1720 real_p1_hole_frac=0.3726 real_p2_eps=0.7576 real_p2_hit=1.0000 real_p2_t=10.0000 real_p2_ldif=0.0073 real_p2_gen_adv=0.1002 real_p2_lfm=0.0006 real_total=0.9482 discr_adv=1.9360 x0_d_real=-0.5415 x0_d_fake=-0.6232 p2_d_real=-0.0498 p2_d_fake=-0.1002 g_grad_abs=1407.9859 d_grad_abs=557.0637 synth_eps=0.0606 synth_eps_raw=0.0606 synth_x0_hit=0.0000 synth_total=0.0606 prior_preserve=0.0005 extra_render_attn_share=0.5482
[step 13400] real_p1_mirror_hole_cov=0.0130 real_p1_eps=0.0373 real_p1_hole_frac=0.0125 real_p2_eps=0.0915 real_p2_hit=1.0000 real_p2_t=213.0000 real_p2_ldif=0.0333 real_p2_gen_adv=-0.9072 real_p2_lfm=0.0036 real_total=0.0784 discr_adv=1.0485 p2_d_real=0.8440 p2_d_fake=0.9072 g_grad_abs=1121.1497 d_grad_abs=455.4558 synth_eps=0.0193 synth_eps_raw=0.0193 synth_x0_hit=0.0000 synth_total=0.0193 prior_preserve=0.0003 extra_render_attn_share=0.5482
[step 13450] real_p1_mirror_hole_cov=0.1784 real_p1_eps=0.3230 real_p1_hole_frac=0.4670 real_p2_eps=0.0360 real_p2_hit=0.0000 real_total=0.3590 synth_eps=0.0459 synth_eps_raw=0.0459 synth_x0_hit=0.0000 synth_total=0.0459 prior_preserve=0.0001 extra_render_attn_share=0.5482
[step 13500] real_p1_mirror_hole_cov=0.2138 real_p1_eps=0.3487 real_p1_hole_frac=0.1240 real_p2_eps=0.0123 real_p2_hit=0.0000 real_total=0.3610 discr_adv=0.9670 x0_d_real=-0.4749 x0_d_fake=-0.5410 g_grad_abs=1269.4185 d_grad_abs=208.4637 synth_eps=0.3075 synth_eps_raw=0.3075 synth_x0_hit=1.0000 synth_x0_t=186.0000 synth_x0_ldif=0.0892 synth_x0_gen_adv=0.6555 synth_x0_lfm=0.0066 synth_total=0.4755 prior_preserve=0.0001 extra_render_attn_share=0.5482
[images] real: anchor | cond1 | cond2 | inv_warp_mirror | mask | mask_inv | warp_img | warp_warp_img | x | y_hat | y_hat_novel -> /home/xzy/warpgan-diffusiong-inpainting/warpgan-diffusion-inpainting-main/experiments/train_inpainting_diffusion/[20260914-030356]_v18w8_w5full_100k/logs/images/train/real_step0013500.png
[images] synth: cond | mask | target | warp_img | x | y_hat_novel -> /home/xzy/warpgan-diffusiong-inpainting/warpgan-diffusion-inpainting-main/experiments/train_inpainting_diffusion/[20260914-030356]_v18w8_w5full_100k/logs/images/train/synth_step0013500.png
[step 13550] real_p1_mirror_hole_cov=0.0279 real_p1_eps=0.3296 real_p1_hole_frac=0.1624 real_p2_eps=0.3701 real_p2_hit=1.0000 real_p2_t=66.0000 real_p2_ldif=0.0260 real_p2_gen_adv=0.4420 real_p2_lfm=0.0022 real_total=0.7744 discr_adv=1.8547 x0_d_real=-0.5068 x0_d_fake=-0.6775 p2_d_real=-0.3143 p2_d_fake=-0.4420 g_grad_abs=1895.2320 d_grad_abs=1697.5782 synth_eps=0.1816 synth_eps_raw=0.1816 synth_x0_hit=1.0000 synth_x0_t=288.0000 synth_x0_ldif=0.1158 synth_x0_gen_adv=0.1346 synth_x0_lfm=0.0062 synth_total=0.3232 prior_preserve=0.0002 extra_render_attn_share=0.5482
[step 13600] real_p1_mirror_hole_cov=0.1317 real_p1_eps=0.2855 real_p1_hole_frac=0.3887 real_p2_eps=0.1447 real_p2_hit=0.0000 real_total=0.4303 synth_eps=0.0997 synth_eps_raw=0.0997 synth_x0_hit=0.0000 synth_total=0.0997 prior_preserve=0.0002 extra_render_attn_share=0.5482
[step 13650] real_p1_mirror_hole_cov=0.1540 real_p1_eps=0.2176 real_p1_hole_frac=0.3716 real_p2_eps=0.0447 real_p2_hit=0.0000 real_total=0.2623 synth_eps=0.0175 synth_eps_raw=0.0175 synth_x0_hit=0.0000 synth_total=0.0175 prior_preserve=0.0003 extra_render_attn_share=0.5482
[step 13700] real_p1_mirror_hole_cov=0.0337 real_p1_eps=0.1219 real_p1_hole_frac=0.1992 real_p2_eps=0.1146 real_p2_hit=1.0000 real_p2_t=292.0000 real_p2_ldif=0.0751 real_p2_gen_adv=-0.6556 real_p2_lfm=0.0051 real_total=0.2562 discr_adv=0.9931 p2_d_real=0.6695 p2_d_fake=0.6556 g_grad_abs=1719.2076 d_grad_abs=202.9398 synth_eps=0.3087 synth_eps_raw=0.3087 synth_x0_hit=1.0000 synth_x0_t=146.0000 synth_x0_ldif=0.0617 synth_x0_gen_adv=-0.0360 synth_x0_lfm=0.0053 synth_total=0.3774 prior_preserve=0.0039 extra_render_attn_share=0.5482
[step 13750] real_p1_mirror_hole_cov=0.0736 real_p1_eps=0.1408 real_p1_hole_frac=0.5399 real_p2_eps=0.2088 real_p2_hit=1.0000 real_p2_t=271.0000 real_p2_ldif=0.1179 real_p2_gen_adv=0.2342 real_p2_lfm=0.0078 real_total=0.5065 discr_adv=0.9109 p2_d_real=-0.0559 p2_d_fake=-0.2342 g_grad_abs=1377.0794 d_grad_abs=597.8066 synth_eps=0.0578 synth_eps_raw=0.0578 synth_x0_hit=0.0000 synth_total=0.0578 prior_preserve=0.0002 extra_render_attn_share=0.5482
[step 13800] real_p1_mirror_hole_cov=0.1518 real_p1_eps=0.1882 real_p1_hole_frac=0.3573 real_p2_eps=0.0158 real_p2_hit=0.0000 real_total=0.2040 synth_eps=0.0035 synth_eps_raw=0.0035 synth_x0_hit=0.0000 synth_total=0.0035 prior_preserve=0.0013 extra_render_attn_share=0.5482
[step 13850] real_p1_mirror_hole_cov=0.0485 real_p1_eps=0.0668 real_p1_hole_frac=0.0785 real_p2_eps=0.0031 real_p2_hit=0.0000 real_total=0.0699 synth_eps=0.0059 synth_eps_raw=0.0059 synth_x0_hit=0.0000 synth_total=0.0059 prior_preserve=0.0003 extra_render_attn_share=0.5482
[step 13900] real_p1_mirror_hole_cov=0.2135 real_p1_eps=0.2997 real_p1_hole_frac=0.2270 real_p2_eps=0.0615 real_p2_hit=0.0000 real_total=0.3612 discr_adv=1.0999 x0_d_real=-0.3473 x0_d_fake=-0.1475 g_grad_abs=1433.4827 d_grad_abs=1233.8916 synth_eps=0.4309 synth_eps_raw=0.4309 synth_x0_hit=1.0000 synth_x0_t=90.0000 synth_x0_ldif=0.0445 synth_x0_gen_adv=0.6578 synth_x0_lfm=0.0040 synth_total=0.5492 prior_preserve=0.0004 extra_render_attn_share=0.5482
[step 13950] real_p1_mirror_hole_cov=0.1077 real_p1_eps=0.1988 real_p1_hole_frac=0.4009 real_p2_eps=0.4003 real_p2_hit=1.0000 real_p2_t=94.0000 real_p2_ldif=0.0437 real_p2_gen_adv=0.3991 real_p2_lfm=0.0034 real_total=0.6894 discr_adv=0.9683 p2_d_real=-0.3356 p2_d_fake=-0.3991 g_grad_abs=1590.8525 d_grad_abs=506.7399 synth_eps=0.4401 synth_eps_raw=0.4401 synth_x0_hit=1.0000 synth_x0_t=91.0000 synth_x0_ldif=0.0461 synth_x0_gen_adv=0.5145 synth_x0_lfm=0.0050 synth_total=0.5476 prior_preserve=0.0005 extra_render_attn_share=0.5482
[val step 13999] val_novel_full=0.0302 val_novel_hole=0.0324 val_novel_visible=0.0293
[step 14000] real_p1_mirror_hole_cov=0.0285 real_p1_eps=0.2165 real_p1_hole_frac=0.1555 real_p2_eps=0.0463 real_p2_hit=0.0000 real_total=0.2628 synth_eps=0.4156 synth_eps_raw=0.4156 synth_x0_hit=1.0000 synth_x0_t=99.0000 synth_x0_ldif=0.0485 synth_x0_gen_adv=-0.3413 synth_x0_lfm=0.0039 synth_total=0.4377 prior_preserve=0.0001 extra_render_attn_share=0.5518
[images] real: anchor | cond1 | cond2 | inv_warp_mirror | mask | mask_inv | warp_img | warp_warp_img | x | y_hat | y_hat_novel -> /home/xzy/warpgan-diffusiong-inpainting/warpgan-diffusion-inpainting-main/experiments/train_inpainting_diffusion/[20260914-030356]_v18w8_w5full_100k/logs/images/train/real_step0014000.png
[images] synth: cond | mask | target | warp_img | x | y_hat_novel -> /home/xzy/warpgan-diffusiong-inpainting/warpgan-diffusion-inpainting-main/experiments/train_inpainting_diffusion/[20260914-030356]_v18w8_w5full_100k/logs/images/train/synth_step0014000.png
[step 14050] real_p1_mirror_hole_cov=0.0435 real_p1_eps=0.1166 real_p1_hole_frac=0.0714 real_p2_eps=0.0072 real_p2_hit=0.0000 real_total=0.1238 synth_eps=0.0050 synth_eps_raw=0.0050 synth_x0_hit=0.0000 synth_total=0.0050 prior_preserve=0.0005 extra_render_attn_share=0.5518
[step 14100] real_p1_mirror_hole_cov=0.2273 real_p1_eps=0.3733 real_p1_hole_frac=0.3728 real_p2_eps=0.0472 real_p2_hit=0.0000 real_total=0.4206 synth_eps=0.0200 synth_eps_raw=0.0200 synth_x0_hit=0.0000 synth_total=0.0200 prior_preserve=0.0090 extra_render_attn_share=0.5518
[step 14150] real_p1_mirror_hole_cov=0.2728 real_p1_eps=0.3884 real_p1_hole_frac=0.2736 real_p2_eps=0.0525 real_p2_hit=0.0000 real_total=0.4409 discr_adv=0.9486 x0_d_real=-0.3672 x0_d_fake=-0.4701 g_grad_abs=1258.9777 d_grad_abs=391.6957 synth_eps=0.0898 synth_eps_raw=0.0898 synth_x0_hit=0.0000 synth_total=0.0898 prior_preserve=0.0001 extra_render_attn_share=0.5518
[step 14200] real_p1_mirror_hole_cov=0.0439 real_p1_eps=0.1174 real_p1_hole_frac=0.3282 real_p2_eps=0.0485 real_p2_hit=0.0000 real_total=0.1659 synth_eps=0.0249 synth_eps_raw=0.0249 synth_x0_hit=0.0000 synth_total=0.0249 prior_preserve=0.0003 extra_render_attn_share=0.5518
[step 14250] real_p1_mirror_hole_cov=0.2816 real_p1_eps=0.3391 real_p1_hole_frac=0.4321 real_p2_eps=0.0368 real_p2_hit=0.0000 real_total=0.3758 synth_eps=0.0021 synth_eps_raw=0.0021 synth_x0_hit=0.0000 synth_total=0.0021 prior_preserve=0.0066 extra_render_attn_share=0.5518
[step 14300] real_p1_mirror_hole_cov=0.0048 real_p1_eps=0.3107 real_p1_hole_frac=0.2418 real_p2_eps=0.0025 real_p2_hit=0.0000 real_total=0.3132 synth_eps=0.0322 synth_eps_raw=0.0322 synth_x0_hit=0.0000 synth_total=0.0322 prior_preserve=0.0002 extra_render_attn_share=0.5518
[step 14350] real_p1_mirror_hole_cov=0.0994 real_p1_eps=0.2468 real_p1_hole_frac=0.2114 real_p2_eps=0.2461 real_p2_hit=1.0000 real_p2_t=127.0000 real_p2_ldif=0.0403 real_p2_gen_adv=-0.2599 real_p2_lfm=0.0040 real_total=0.5153 discr_adv=1.9631 x0_d_real=-0.4252 x0_d_fake=-0.5819 p2_d_real=0.1943 p2_d_fake=0.2599 g_grad_abs=1926.5204 d_grad_abs=2894.4339 synth_eps=0.0323 synth_eps_raw=0.0323 synth_x0_hit=0.0000 synth_total=0.0323 prior_preserve=0.0524 extra_render_attn_share=0.5518
[step 14400] real_p1_mirror_hole_cov=0.0267 real_p1_eps=0.1586 real_p1_hole_frac=0.5098 real_p2_eps=0.0521 real_p2_hit=0.0000 real_total=0.2107 discr_adv=0.9558 x0_d_real=0.4633 x0_d_fake=0.3748 g_grad_abs=1024.8095 d_grad_abs=725.2411 synth_eps=0.0689 synth_eps_raw=0.0689 synth_x0_hit=0.0000 synth_total=0.0689 prior_preserve=0.0002 extra_render_attn_share=0.5518
[step 14450] real_p1_mirror_hole_cov=0.2213 real_p1_eps=0.3090 real_p1_hole_frac=0.3666 real_p2_eps=0.0720 real_p2_hit=0.0000 real_total=0.3810 synth_eps=0.0231 synth_eps_raw=0.0231 synth_x0_hit=0.0000 synth_total=0.0231 prior_preserve=0.0001 extra_render_attn_share=0.5518
[step 14500] real_p1_mirror_hole_cov=0.0023 real_p1_eps=0.0530 real_p1_hole_frac=0.0262 real_p2_eps=0.1859 real_p2_hit=1.0000 real_p2_t=76.0000 real_p2_ldif=0.0155 real_p2_gen_adv=0.7275 real_p2_lfm=0.0025 real_total=0.3321 discr_adv=1.0578 p2_d_real=-0.7994 p2_d_fake=-0.7275 g_grad_abs=1235.3191 d_grad_abs=473.8853 synth_eps=0.0390 synth_eps_raw=0.0390 synth_x0_hit=0.0000 synth_total=0.0390 prior_preserve=0.0004 extra_render_attn_share=0.5518
[images] real: anchor | cond1 | cond2 | inv_warp_mirror | mask | mask_inv | warp_img | warp_warp_img | x | y_hat | y_hat_novel -> /home/xzy/warpgan-diffusiong-inpainting/warpgan-diffusion-inpainting-main/experiments/train_inpainting_diffusion/[20260914-030356]_v18w8_w5full_100k/logs/images/train/real_step0014500.png
[images] synth: cond | mask | target | warp_img | x | y_hat_novel -> /home/xzy/warpgan-diffusiong-inpainting/warpgan-diffusion-inpainting-main/experiments/train_inpainting_diffusion/[20260914-030356]_v18w8_w5full_100k/logs/images/train/synth_step0014500.png
[step 14550] real_p1_mirror_hole_cov=0.0210 real_p1_eps=0.2424 real_p1_hole_frac=0.4825 real_p2_eps=0.7048 real_p2_hit=1.0000 real_p2_t=11.0000 real_p2_ldif=0.0075 real_p2_gen_adv=-0.3782 real_p2_lfm=0.0010 real_total=0.9187 discr_adv=0.9900 p2_d_real=0.3981 p2_d_fake=0.3782 g_grad_abs=1607.8043 d_grad_abs=119.6101 synth_eps=0.2605 synth_eps_raw=0.2605 synth_x0_hit=1.0000 synth_x0_t=239.0000 synth_x0_ldif=0.1161 synth_x0_gen_adv=-0.2118 synth_x0_lfm=0.0074 synth_total=0.3701 prior_preserve=0.0008 extra_render_attn_share=0.5518
[step 14600] real_p1_mirror_hole_cov=0.2270 real_p1_eps=0.3460 real_p1_hole_frac=0.3818 real_p2_eps=0.0271 real_p2_hit=0.0000 real_total=0.3731 synth_eps=0.0930 synth_eps_raw=0.0930 synth_x0_hit=0.0000 synth_total=0.0930 prior_preserve=0.0001 extra_render_attn_share=0.5518
[step 14650] real_p1_mirror_hole_cov=0.0329 real_p1_eps=0.1976 real_p1_hole_frac=0.2640 real_p2_eps=0.1325 real_p2_hit=0.0000 real_total=0.3301 discr_adv=1.0329 x0_d_real=-0.0296 x0_d_fake=0.0363 g_grad_abs=1207.3764 d_grad_abs=379.2052 synth_eps=0.0026 synth_eps_raw=0.0026 synth_x0_hit=0.0000 synth_total=0.0026 prior_preserve=0.0209 extra_render_attn_share=0.5518
[step 14700] real_p1_mirror_hole_cov=0.0077 real_p1_eps=0.1439 real_p1_hole_frac=0.0437 real_p2_eps=0.0494 real_p2_hit=0.0000 real_total=0.1933 synth_eps=0.0013 synth_eps_raw=0.0013 synth_x0_hit=0.0000 synth_total=0.0013 prior_preserve=0.0012 extra_render_attn_share=0.5518
[step 14750] real_p1_mirror_hole_cov=0.0043 real_p1_eps=0.0941 real_p1_hole_frac=0.2092 real_p2_eps=0.1225 real_p2_hit=1.0000 real_p2_t=245.0000 real_p2_ldif=0.0571 real_p2_gen_adv=-0.8411 real_p2_lfm=0.0052 real_total=0.2001 discr_adv=1.8593 x0_d_real=0.7695 x0_d_fake=0.4976 p2_d_real=0.8507 p2_d_fake=0.8411 g_grad_abs=1451.0423 d_grad_abs=3128.1399 synth_eps=0.0913 synth_eps_raw=0.0913 synth_x0_hit=0.0000 synth_total=0.0913 prior_preserve=0.0003 extra_render_attn_share=0.5518
[step 14800] real_p1_mirror_hole_cov=0.0687 real_p1_eps=0.0895 real_p1_hole_frac=0.1741 real_p2_eps=0.0131 real_p2_hit=0.0000 real_total=0.1026 synth_eps=0.3070 synth_eps_raw=0.3070 synth_x0_hit=1.0000 synth_x0_t=149.0000 synth_x0_ldif=0.0632 synth_x0_gen_adv=0.7151 synth_x0_lfm=0.0063 synth_total=0.4545 prior_preserve=0.0002 extra_render_attn_share=0.5518
[step 14850] real_p1_mirror_hole_cov=0.0433 real_p1_eps=0.1239 real_p1_hole_frac=0.3830 real_p2_eps=0.0187 real_p2_hit=0.0000 real_total=0.1427 synth_eps=0.0149 synth_eps_raw=0.0149 synth_x0_hit=0.0000 synth_total=0.0149 prior_preserve=0.0001 extra_render_attn_share=0.5518
[step 14900] real_p1_mirror_hole_cov=0.0148 real_p1_eps=0.1402 real_p1_hole_frac=0.2442 real_p2_eps=0.0015 real_p2_hit=0.0000 real_total=0.1418 synth_eps=0.4186 synth_eps_raw=0.4186 synth_x0_hit=1.0000 synth_x0_t=75.0000 synth_x0_ldif=0.0344 synth_x0_gen_adv=-0.0856 synth_x0_lfm=0.0019 synth_total=0.4482 prior_preserve=0.0002 extra_render_attn_share=0.5518
[step 14950] real_p1_mirror_hole_cov=0.0998 real_p1_eps=0.1267 real_p1_hole_frac=0.2373 real_p2_eps=0.0050 real_p2_hit=0.0000 real_total=0.1317 synth_eps=0.0619 synth_eps_raw=0.0619 synth_x0_hit=0.0000 synth_total=0.0619 prior_preserve=0.0003 extra_render_attn_share=0.5518
[step 15000] real_p1_mirror_hole_cov=0.0064 real_p1_eps=0.1470 real_p1_hole_frac=0.1176 real_p2_eps=0.0843 real_p2_hit=1.0000 real_p2_t=300.0000 real_p2_ldif=0.0585 real_p2_gen_adv=-0.0631 real_p2_lfm=0.0039 real_total=0.2912 discr_adv=1.8654 x0_d_real=-0.2425 x0_d_fake=-0.5520 p2_d_real=0.0229 p2_d_fake=0.0631 g_grad_abs=2012.5802 d_grad_abs=1704.8283 synth_eps=0.0769 synth_eps_raw=0.0769 synth_x0_hit=0.0000 synth_total=0.0769 prior_preserve=0.0015 extra_render_attn_share=0.5518
[images] real: anchor | cond1 | cond2 | inv_warp_mirror | mask | mask_inv | warp_img | warp_warp_img | x | y_hat | y_hat_novel -> /home/xzy/warpgan-diffusiong-inpainting/warpgan-diffusion-inpainting-main/experiments/train_inpainting_diffusion/[20260914-030356]_v18w8_w5full_100k/logs/images/train/real_step0015000.png
[images] synth: cond | mask | target | warp_img | x | y_hat_novel -> /home/xzy/warpgan-diffusiong-inpainting/warpgan-diffusion-inpainting-main/experiments/train_inpainting_diffusion/[20260914-030356]_v18w8_w5full_100k/logs/images/train/synth_step0015000.png
[step 15050] real_p1_mirror_hole_cov=0.1206 real_p1_eps=0.1085 real_p1_hole_frac=0.2164 real_p2_eps=0.1639 real_p2_hit=1.0000 real_p2_t=233.0000 real_p2_ldif=0.0698 real_p2_gen_adv=-0.3786 real_p2_lfm=0.0058 real_total=0.3160 discr_adv=1.0635 p2_d_real=0.2527 p2_d_fake=0.3786 g_grad_abs=1707.0567 d_grad_abs=1506.4401 synth_eps=0.2990 synth_eps_raw=0.2990 synth_x0_hit=1.0000 synth_x0_t=134.0000 synth_x0_ldif=0.0528 synth_x0_gen_adv=0.5968 synth_x0_lfm=0.0038 synth_total=0.4190 prior_preserve=0.0007 extra_render_attn_share=0.5518
[step 15100] real_p1_mirror_hole_cov=0.1522 real_p1_eps=0.2574 real_p1_hole_frac=0.4057 real_p2_eps=0.1779 real_p2_hit=1.0000 real_p2_t=262.0000 real_p2_ldif=0.0941 real_p2_gen_adv=-0.1550 real_p2_lfm=0.0061 real_total=0.5261 discr_adv=1.0314 p2_d_real=0.0923 p2_d_fake=0.1550 g_grad_abs=1916.6968 d_grad_abs=1022.9932 synth_eps=0.0411 synth_eps_raw=0.0411 synth_x0_hit=0.0000 synth_total=0.0411 prior_preserve=0.0003 extra_render_attn_share=0.5518
[step 15150] real_p1_mirror_hole_cov=0.1766 real_p1_eps=0.1506 real_p1_hole_frac=0.6471 real_p2_eps=0.0200 real_p2_hit=0.0000 real_total=0.1705 synth_eps=0.0027 synth_eps_raw=0.0027 synth_x0_hit=0.0000 synth_total=0.0027 prior_preserve=0.0004 extra_render_attn_share=0.5518
[step 15200] real_p1_mirror_hole_cov=0.0976 real_p1_eps=0.3541 real_p1_hole_frac=0.2444 real_p2_eps=0.0096 real_p2_hit=0.0000 real_total=0.3637 discr_adv=0.9937 x0_d_real=0.3183 x0_d_fake=0.3048 g_grad_abs=1214.6758 d_grad_abs=233.6083 synth_eps=0.5259 synth_eps_raw=0.5259 synth_x0_hit=1.0000 synth_x0_t=41.0000 synth_x0_ldif=0.0214 synth_x0_gen_adv=-0.2642 synth_x0_lfm=0.0024 synth_total=0.5257 prior_preserve=0.0024 extra_render_attn_share=0.5518
[step 15250] real_p1_mirror_hole_cov=0.2708 real_p1_eps=0.1292 real_p1_hole_frac=0.3171 real_p2_eps=0.1085 real_p2_hit=0.0000 real_total=0.2378 synth_eps=0.1532 synth_eps_raw=0.1532 synth_x0_hit=1.0000 synth_x0_t=300.0000 synth_x0_ldif=0.1062 synth_x0_gen_adv=0.5542 synth_x0_lfm=0.0073 synth_total=0.3293 prior_preserve=0.0003 extra_render_attn_share=0.5518
[step 15300] real_p1_mirror_hole_cov=0.0037 real_p1_eps=0.0944 real_p1_hole_frac=0.0314 real_p2_eps=0.0014 real_p2_hit=0.0000 real_total=0.0958 discr_adv=0.9185 x0_d_real=0.1454 x0_d_fake=-0.0179 g_grad_abs=855.5591 d_grad_abs=1225.3555 synth_eps=0.5603 synth_eps_raw=0.5603 synth_x0_hit=1.0000 synth_x0_t=40.0000 synth_x0_ldif=0.0222 synth_x0_gen_adv=-0.3515 synth_x0_lfm=0.0021 synth_total=0.5516 prior_preserve=0.0002 extra_render_attn_share=0.5518
[step 15350] real_p1_mirror_hole_cov=0.1333 real_p1_eps=0.2889 real_p1_hole_frac=0.3922 real_p2_eps=0.0066 real_p2_hit=0.0000 real_total=0.2955 synth_eps=0.2099 synth_eps_raw=0.2099 synth_x0_hit=1.0000 synth_x0_t=236.0000 synth_x0_ldif=0.0914 synth_x0_gen_adv=0.0453 synth_x0_lfm=0.0079 synth_total=0.3218 prior_preserve=0.0014 extra_render_attn_share=0.5518
[step 15400] real_p1_mirror_hole_cov=0.2131 real_p1_eps=0.2166 real_p1_hole_frac=0.3849 real_p2_eps=0.0638 real_p2_hit=0.0000 real_total=0.2804 synth_eps=0.0174 synth_eps_raw=0.0174 synth_x0_hit=0.0000 synth_total=0.0174 prior_preserve=0.0006 extra_render_attn_share=0.5518
[step 15450] real_p1_mirror_hole_cov=0.0126 real_p1_eps=0.1221 real_p1_hole_frac=0.2614 real_p2_eps=0.0676 real_p2_hit=0.0000 real_total=0.1898 synth_eps=0.0024 synth_eps_raw=0.0024 synth_x0_hit=0.0000 synth_total=0.0024 prior_preserve=0.0001 extra_render_attn_share=0.5518
[step 15500] real_p1_mirror_hole_cov=0.1268 real_p1_eps=0.1342 real_p1_hole_frac=0.1669 real_p2_eps=0.0070 real_p2_hit=0.0000 real_total=0.1413 synth_eps=0.0081 synth_eps_raw=0.0081 synth_x0_hit=0.0000 synth_total=0.0081 prior_preserve=0.0003 extra_render_attn_share=0.5518
[images] real: anchor | cond1 | cond2 | inv_warp_mirror | mask | mask_inv | warp_img | warp_warp_img | x | y_hat | y_hat_novel -> /home/xzy/warpgan-diffusiong-inpainting/warpgan-diffusion-inpainting-main/experiments/train_inpainting_diffusion/[20260914-030356]_v18w8_w5full_100k/logs/images/train/real_step0015500.png
[images] synth: cond | mask | target | warp_img | x | y_hat_novel -> /home/xzy/warpgan-diffusiong-inpainting/warpgan-diffusion-inpainting-main/experiments/train_inpainting_diffusion/[20260914-030356]_v18w8_w5full_100k/logs/images/train/synth_step0015500.png
[step 15550] real_p1_mirror_hole_cov=0.0212 real_p1_eps=0.0650 real_p1_hole_frac=0.0281 real_p2_eps=0.0291 real_p2_hit=0.0000 real_total=0.0941 synth_eps=0.3403 synth_eps_raw=0.3403 synth_x0_hit=1.0000 synth_x0_t=122.0000 synth_x0_ldif=0.0526 synth_x0_gen_adv=0.4754 synth_x0_lfm=0.0067 synth_total=0.4539 prior_preserve=0.0005 extra_render_attn_share=0.5518
[step 15600] real_p1_mirror_hole_cov=0.1654 real_p1_eps=0.1955 real_p1_hole_frac=0.1258 real_p2_eps=0.0060 real_p2_hit=0.0000 real_total=0.2015 synth_eps=0.0033 synth_eps_raw=0.0033 synth_x0_hit=0.0000 synth_total=0.0033 prior_preserve=0.0002 extra_render_attn_share=0.5518
[step 15650] real_p1_mirror_hole_cov=0.0797 real_p1_eps=0.1203 real_p1_hole_frac=0.1679 real_p2_eps=0.0811 real_p2_hit=0.0000 real_total=0.2014 synth_eps=0.0435 synth_eps_raw=0.0435 synth_x0_hit=0.0000 synth_total=0.0435 prior_preserve=0.0080 extra_render_attn_share=0.5518
[step 15700] real_p1_mirror_hole_cov=0.0330 real_p1_eps=0.0975 real_p1_hole_frac=0.3994 real_p2_eps=0.3565 real_p2_hit=1.0000 real_p2_t=86.0000 real_p2_ldif=0.0347 real_p2_gen_adv=-0.1073 real_p2_lfm=0.0032 real_total=0.4844 discr_adv=0.9752 p2_d_real=0.1570 p2_d_fake=0.1073 g_grad_abs=1418.2996 d_grad_abs=293.1144 synth_eps=0.5105 synth_eps_raw=0.5105 synth_x0_hit=1.0000 synth_x0_t=39.0000 synth_x0_ldif=0.0197 synth_x0_gen_adv=-0.0695 synth_x0_lfm=0.0022 synth_total=0.5276 prior_preserve=0.0056 extra_render_attn_share=0.5518
[step 15750] real_p1_mirror_hole_cov=0.0239 real_p1_eps=0.3355 real_p1_hole_frac=0.2067 real_p2_eps=0.1563 real_p2_hit=1.0000 real_p2_t=263.0000 real_p2_ldif=0.0833 real_p2_gen_adv=0.3842 real_p2_lfm=0.0044 real_total=0.6223 discr_adv=1.0761 p2_d_real=-0.5365 p2_d_fake=-0.3842 g_grad_abs=1762.5701 d_grad_abs=1119.8588 synth_eps=0.0148 synth_eps_raw=0.0148 synth_x0_hit=0.0000 synth_total=0.0148 prior_preserve=0.0002 extra_render_attn_share=0.5518
[step 15800] real_p1_mirror_hole_cov=0.1749 real_p1_eps=0.1194 real_p1_hole_frac=0.2911 real_p2_eps=0.0027 real_p2_hit=0.0000 real_total=0.1221 discr_adv=0.9677 x0_d_real=-0.8161 x0_d_fake=-0.8868 g_grad_abs=648.4612 d_grad_abs=428.1704 synth_eps=0.5842 synth_eps_raw=0.5842 synth_x0_hit=1.0000 synth_x0_t=48.0000 synth_x0_ldif=0.0284 synth_x0_gen_adv=0.6047 synth_x0_lfm=0.0033 synth_total=0.6796 prior_preserve=0.0004 extra_render_attn_share=0.5518
[step 15850] real_p1_mirror_hole_cov=0.0892 real_p1_eps=0.1498 real_p1_hole_frac=0.5533 real_p2_eps=0.1255 real_p2_hit=1.0000 real_p2_t=281.0000 real_p2_ldif=0.0761 real_p2_gen_adv=0.7247 real_p2_lfm=0.0013 real_total=0.4265 discr_adv=0.9036 p2_d_real=-0.5277 p2_d_fake=-0.7247 g_grad_abs=2036.7208 d_grad_abs=1171.9535 synth_eps=0.3560 synth_eps_raw=0.3560 synth_x0_hit=1.0000 synth_x0_t=126.0000 synth_x0_ldif=0.0576 synth_x0_gen_adv=0.4755 synth_x0_lfm=0.0035 synth_total=0.4681 prior_preserve=0.0005 extra_render_attn_share=0.5518
[step 15900] real_p1_mirror_hole_cov=0.2277 real_p1_eps=0.1761 real_p1_hole_frac=0.5052 real_p2_eps=0.0724 real_p2_hit=0.0000 real_total=0.2485 synth_eps=0.2510 synth_eps_raw=0.2510 synth_x0_hit=1.0000 synth_x0_t=200.0000 synth_x0_ldif=0.0820 synth_x0_gen_adv=-0.3008 synth_x0_lfm=0.0060 synth_total=0.3150 prior_preserve=0.0001 extra_render_attn_share=0.5518
[step 15950] real_p1_mirror_hole_cov=0.0164 real_p1_eps=0.4493 real_p1_hole_frac=0.3882 real_p2_eps=0.0116 real_p2_hit=0.0000 real_total=0.4609 discr_adv=0.9687 x0_d_real=0.4354 x0_d_fake=0.3718 g_grad_abs=1528.4677 d_grad_abs=692.6660 synth_eps=0.0290 synth_eps_raw=0.0290 synth_x0_hit=0.0000 synth_total=0.0290 prior_preserve=0.0005 extra_render_attn_share=0.5518
[val step 15999] val_novel_full=0.0351 val_novel_hole=0.0263 val_novel_visible=0.0423
[step 16000] real_p1_mirror_hole_cov=0.0333 real_p1_eps=0.2748 real_p1_hole_frac=0.1570 real_p2_eps=0.0203 real_p2_hit=0.0000 real_total=0.2950 synth_eps=0.2632 synth_eps_raw=0.2632 synth_x0_hit=1.0000 synth_x0_t=187.0000 synth_x0_ldif=0.0770 synth_x0_gen_adv=0.2324 synth_x0_lfm=0.0047 synth_total=0.3729 prior_preserve=0.0008 extra_render_attn_share=0.5579
[images] real: anchor | cond1 | cond2 | inv_warp_mirror | mask | mask_inv | warp_img | warp_warp_img | x | y_hat | y_hat_novel -> /home/xzy/warpgan-diffusiong-inpainting/warpgan-diffusion-inpainting-main/experiments/train_inpainting_diffusion/[20260914-030356]_v18w8_w5full_100k/logs/images/train/real_step0016000.png
[images] synth: cond | mask | target | warp_img | x | y_hat_novel -> /home/xzy/warpgan-diffusiong-inpainting/warpgan-diffusion-inpainting-main/experiments/train_inpainting_diffusion/[20260914-030356]_v18w8_w5full_100k/logs/images/train/synth_step0016000.png
[step 16050] real_p1_mirror_hole_cov=0.2437 real_p1_eps=0.0846 real_p1_hole_frac=0.0228 real_p2_eps=0.1719 real_p2_hit=1.0000 real_p2_t=93.0000 real_p2_ldif=0.0185 real_p2_gen_adv=-0.6671 real_p2_lfm=0.0018 real_total=0.2120 discr_adv=0.9990 p2_d_real=0.6692 p2_d_fake=0.6671 g_grad_abs=1160.8369 d_grad_abs=40.6050 synth_eps=0.0603 synth_eps_raw=0.0603 synth_x0_hit=0.0000 synth_total=0.0603 prior_preserve=0.0023 extra_render_attn_share=0.5579
[step 16100] real_p1_mirror_hole_cov=0.1755 real_p1_eps=0.1791 real_p1_hole_frac=0.5509 real_p2_eps=0.1032 real_p2_hit=0.0000 real_total=0.2823 discr_adv=0.8842 x0_d_real=0.1758 x0_d_fake=-0.0560 g_grad_abs=1152.1475 d_grad_abs=1247.2824 synth_eps=0.1254 synth_eps_raw=0.1254 synth_x0_hit=0.0000 synth_total=0.1254 prior_preserve=0.0192 extra_render_attn_share=0.5579
[step 16150] real_p1_mirror_hole_cov=0.2377 real_p1_eps=0.3675 real_p1_hole_frac=0.5756 real_p2_eps=0.0025 real_p2_hit=0.0000 real_total=0.3700 synth_eps=0.2694 synth_eps_raw=0.2694 synth_x0_hit=1.0000 synth_x0_t=170.0000 synth_x0_ldif=0.0678 synth_x0_gen_adv=0.2125 synth_x0_lfm=0.0047 synth_total=0.3678 prior_preserve=0.0001 extra_render_attn_share=0.5579
[step 16200] real_p1_mirror_hole_cov=0.3106 real_p1_eps=0.1634 real_p1_hole_frac=0.2612 real_p2_eps=0.0188 real_p2_hit=0.0000 real_total=0.1823 discr_adv=0.9411 x0_d_real=0.1811 x0_d_fake=0.0593 g_grad_abs=1035.2892 d_grad_abs=882.8056 synth_eps=0.0108 synth_eps_raw=0.0108 synth_x0_hit=0.0000 synth_total=0.0108 prior_preserve=0.0002 extra_render_attn_share=0.5579
[step 16250] real_p1_mirror_hole_cov=0.2366 real_p1_eps=0.2172 real_p1_hole_frac=0.4553 real_p2_eps=0.0017 real_p2_hit=0.0000 real_total=0.2189 synth_eps=0.1043 synth_eps_raw=0.1043 synth_x0_hit=0.0000 synth_total=0.1043 prior_preserve=0.0004 extra_render_attn_share=0.5579
[step 16300] real_p1_mirror_hole_cov=0.0106 real_p1_eps=0.1592 real_p1_hole_frac=0.1486 real_p2_eps=0.0018 real_p2_hit=0.0000 real_total=0.1610 synth_eps=0.0155 synth_eps_raw=0.0155 synth_x0_hit=0.0000 synth_total=0.0155 prior_preserve=0.0002 extra_render_attn_share=0.5579
[step 16350] real_p1_mirror_hole_cov=0.1588 real_p1_eps=0.0985 real_p1_hole_frac=0.0938 real_p2_eps=0.0537 real_p2_hit=0.0000 real_total=0.1522 synth_eps=0.1312 synth_eps_raw=0.1312 synth_x0_hit=0.0000 synth_total=0.1312 prior_preserve=0.0002 extra_render_attn_share=0.5579
[step 16400] real_p1_mirror_hole_cov=0.1485 real_p1_eps=0.2101 real_p1_hole_frac=0.2515 real_p2_eps=0.0016 real_p2_hit=0.0000 real_total=0.2118 synth_eps=0.2885 synth_eps_raw=0.2885 synth_x0_hit=1.0000 synth_x0_t=206.0000 synth_x0_ldif=0.0991 synth_x0_gen_adv=-0.0080 synth_x0_lfm=0.0075 synth_total=0.4018 prior_preserve=0.0006 extra_render_attn_share=0.5579
[step 16450] real_p1_mirror_hole_cov=0.1141 real_p1_eps=0.1666 real_p1_hole_frac=0.1998 real_p2_eps=0.0333 real_p2_hit=0.0000 real_total=0.1999 synth_eps=0.2260 synth_eps_raw=0.2260 synth_x0_hit=1.0000 synth_x0_t=211.0000 synth_x0_ldif=0.0811 synth_x0_gen_adv=0.1918 synth_x0_lfm=0.0070 synth_total=0.3403 prior_preserve=0.0001 extra_render_attn_share=0.5579
[step 16500] real_p1_mirror_hole_cov=0.1709 real_p1_eps=0.1322 real_p1_hole_frac=0.4286 real_p2_eps=0.1127 real_p2_hit=0.0000 real_total=0.2450 synth_eps=0.3868 synth_eps_raw=0.3868 synth_x0_hit=1.0000 synth_x0_t=111.0000 synth_x0_ldif=0.0526 synth_x0_gen_adv=-0.1377 synth_x0_lfm=0.0053 synth_total=0.4363 prior_preserve=0.0014 extra_render_attn_share=0.5579
[images] real: anchor | cond1 | cond2 | inv_warp_mirror | mask | mask_inv | warp_img | warp_warp_img | x | y_hat | y_hat_novel -> /home/xzy/warpgan-diffusiong-inpainting/warpgan-diffusion-inpainting-main/experiments/train_inpainting_diffusion/[20260914-030356]_v18w8_w5full_100k/logs/images/train/real_step0016500.png
[images] synth: cond | mask | target | warp_img | x | y_hat_novel -> /home/xzy/warpgan-diffusiong-inpainting/warpgan-diffusion-inpainting-main/experiments/train_inpainting_diffusion/[20260914-030356]_v18w8_w5full_100k/logs/images/train/synth_step0016500.png
[step 16550] real_p1_mirror_hole_cov=0.2565 real_p1_eps=0.1460 real_p1_hole_frac=0.0684 real_p2_eps=0.0442 real_p2_hit=0.0000 real_total=0.1901 synth_eps=0.5095 synth_eps_raw=0.5095 synth_x0_hit=1.0000 synth_x0_t=63.0000 synth_x0_ldif=0.0339 synth_x0_gen_adv=0.0895 synth_x0_lfm=0.0035 synth_total=0.5595 prior_preserve=0.0002 extra_render_attn_share=0.5579
[step 16600] real_p1_mirror_hole_cov=0.1511 real_p1_eps=0.2199 real_p1_hole_frac=0.2829 real_p2_eps=0.0899 real_p2_hit=0.0000 real_total=0.3098 discr_adv=1.0661 x0_d_real=-0.2126 x0_d_fake=-0.0804 g_grad_abs=1163.9499 d_grad_abs=640.5707 synth_eps=0.0112 synth_eps_raw=0.0112 synth_x0_hit=0.0000 synth_total=0.0112 prior_preserve=0.0007 extra_render_attn_share=0.5579
[step 16650] real_p1_mirror_hole_cov=0.0434 real_p1_eps=0.0544 real_p1_hole_frac=0.0502 real_p2_eps=0.0009 real_p2_hit=0.0000 real_total=0.0554 discr_adv=0.9480 x0_d_real=-0.3911 x0_d_fake=-0.4951 g_grad_abs=678.6106 d_grad_abs=756.5817 synth_eps=0.0030 synth_eps_raw=0.0030 synth_x0_hit=0.0000 synth_total=0.0030 prior_preserve=0.0024 extra_render_attn_share=0.5579
[step 16700] real_p1_mirror_hole_cov=0.0550 real_p1_eps=0.1782 real_p1_hole_frac=0.3951 real_p2_eps=0.1056 real_p2_hit=0.0000 real_total=0.2838 synth_eps=0.0048 synth_eps_raw=0.0048 synth_x0_hit=0.0000 synth_total=0.0048 prior_preserve=0.0002 extra_render_attn_share=0.5579
[step 16750] real_p1_mirror_hole_cov=0.0306 real_p1_eps=0.1330 real_p1_hole_frac=0.2587 real_p2_eps=0.0037 real_p2_hit=0.0000 real_total=0.1367 synth_eps=0.3860 synth_eps_raw=0.3860 synth_x0_hit=1.0000 synth_x0_t=123.0000 synth_x0_ldif=0.0604 synth_x0_gen_adv=-0.1545 synth_x0_lfm=0.0060 synth_total=0.4429 prior_preserve=0.0011 extra_render_attn_share=0.5579
[step 16800] real_p1_mirror_hole_cov=0.0012 real_p1_eps=0.0654 real_p1_hole_frac=0.2863 real_p2_eps=0.1180 real_p2_hit=1.0000 real_p2_t=256.0000 real_p2_ldif=0.0597 real_p2_gen_adv=0.2601 real_p2_lfm=0.0055 real_total=0.2801 discr_adv=1.0160 p2_d_real=-0.2922 p2_d_fake=-0.2601 g_grad_abs=1375.0003 d_grad_abs=139.7059 synth_eps=0.0345 synth_eps_raw=0.0345 synth_x0_hit=0.0000 synth_total=0.0345 prior_preserve=0.0002 extra_render_attn_share=0.5579
[step 16850] real_p1_mirror_hole_cov=0.1405 real_p1_eps=0.3915 real_p1_hole_frac=0.3080 real_p2_eps=0.6945 real_p2_hit=1.0000 real_p2_t=7.0000 real_p2_ldif=0.0048 real_p2_gen_adv=0.3341 real_p2_lfm=0.0009 real_total=1.1262 discr_adv=1.0012 p2_d_real=-0.3364 p2_d_fake=-0.3341 g_grad_abs=1936.6014 d_grad_abs=89.2686 synth_eps=0.0022 synth_eps_raw=0.0022 synth_x0_hit=0.0000 synth_total=0.0022 prior_preserve=0.0002 extra_render_attn_share=0.5579
[step 16900] real_p1_mirror_hole_cov=0.0204 real_p1_eps=0.0753 real_p1_hole_frac=0.0904 real_p2_eps=0.0043 real_p2_hit=0.0000 real_total=0.0796 synth_eps=0.1597 synth_eps_raw=0.1597 synth_x0_hit=1.0000 synth_x0_t=294.0000 synth_x0_ldif=0.1062 synth_x0_gen_adv=0.0824 synth_x0_lfm=0.0080 synth_total=0.2902 prior_preserve=0.0003 extra_render_attn_share=0.5579
[step 16950] real_p1_mirror_hole_cov=0.0167 real_p1_eps=0.2117 real_p1_hole_frac=0.2502 real_p2_eps=0.0318 real_p2_hit=0.0000 real_total=0.2435 synth_eps=0.0667 synth_eps_raw=0.0667 synth_x0_hit=0.0000 synth_total=0.0667 prior_preserve=0.0005 extra_render_attn_share=0.5579
[step 17000] real_p1_mirror_hole_cov=0.3732 real_p1_eps=0.3350 real_p1_hole_frac=0.5692 real_p2_eps=0.0057 real_p2_hit=0.0000 real_total=0.3407 synth_eps=0.4613 synth_eps_raw=0.4613 synth_x0_hit=1.0000 synth_x0_t=64.0000 synth_x0_ldif=0.0313 synth_x0_gen_adv=0.1138 synth_x0_lfm=0.0034 synth_total=0.5108 prior_preserve=0.0005 extra_render_attn_share=0.5579
[images] real: anchor | cond1 | cond2 | inv_warp_mirror | mask | mask_inv | warp_img | warp_warp_img | x | y_hat | y_hat_novel -> /home/xzy/warpgan-diffusiong-inpainting/warpgan-diffusion-inpainting-main/experiments/train_inpainting_diffusion/[20260914-030356]_v18w8_w5full_100k/logs/images/train/real_step0017000.png
[images] synth: cond | mask | target | warp_img | x | y_hat_novel -> /home/xzy/warpgan-diffusiong-inpainting/warpgan-diffusion-inpainting-main/experiments/train_inpainting_diffusion/[20260914-030356]_v18w8_w5full_100k/logs/images/train/synth_step0017000.png
[step 17050] real_p1_mirror_hole_cov=0.1308 real_p1_eps=0.0939 real_p1_hole_frac=0.1672 real_p2_eps=0.2897 real_p2_hit=1.0000 real_p2_t=77.0000 real_p2_ldif=0.0246 real_p2_gen_adv=-0.1410 real_p2_lfm=0.0030 real_total=0.4001 discr_adv=0.9629 p2_d_real=0.2152 p2_d_fake=0.1410 g_grad_abs=1364.1386 d_grad_abs=446.9144 synth_eps=0.0054 synth_eps_raw=0.0054 synth_x0_hit=0.0000 synth_total=0.0054 prior_preserve=0.0002 extra_render_attn_share=0.5579
[step 17100] real_p1_mirror_hole_cov=0.0834 real_p1_eps=0.2765 real_p1_hole_frac=0.4255 real_p2_eps=0.2845 real_p2_hit=1.0000 real_p2_t=117.0000 real_p2_ldif=0.0415 real_p2_gen_adv=-0.6521 real_p2_lfm=0.0034 real_total=0.5441 discr_adv=1.9465 x0_d_real=0.7082 x0_d_fake=0.6287 p2_d_real=0.6818 p2_d_fake=0.6521 g_grad_abs=1682.7320 d_grad_abs=630.4283 synth_eps=0.0072 synth_eps_raw=0.0072 synth_x0_hit=0.0000 synth_total=0.0072 prior_preserve=0.0003 extra_render_attn_share=0.5579
[step 17150] real_p1_mirror_hole_cov=0.0156 real_p1_eps=0.1473 real_p1_hole_frac=0.2149 real_p2_eps=0.2809 real_p2_hit=1.0000 real_p2_t=107.0000 real_p2_ldif=0.0363 real_p2_gen_adv=0.2063 real_p2_lfm=0.0024 real_total=0.4899 discr_adv=0.9888 p2_d_real=-0.1831 p2_d_fake=-0.2063 g_grad_abs=1633.3025 d_grad_abs=171.2768 synth_eps=0.0033 synth_eps_raw=0.0033 synth_x0_hit=0.0000 synth_total=0.0033 prior_preserve=0.0006 extra_render_attn_share=0.5579
[step 17200] real_p1_mirror_hole_cov=0.0245 real_p1_eps=0.1081 real_p1_hole_frac=0.4445 real_p2_eps=0.1666 real_p2_hit=1.0000 real_p2_t=267.0000 real_p2_ldif=0.0914 real_p2_gen_adv=-0.1787 real_p2_lfm=0.0066 real_total=0.3614 discr_adv=0.9903 p2_d_real=0.1981 p2_d_fake=0.1787 g_grad_abs=2069.9221 d_grad_abs=318.1555 synth_eps=0.0398 synth_eps_raw=0.0398 synth_x0_hit=0.0000 synth_total=0.0398 prior_preserve=0.0008 extra_render_attn_share=0.5579
[step 17250] real_p1_mirror_hole_cov=0.0243 real_p1_eps=0.1084 real_p1_hole_frac=0.2925 real_p2_eps=0.0211 real_p2_hit=0.0000 real_total=0.1295 discr_adv=0.9345 x0_d_real=0.1469 x0_d_fake=0.0160 g_grad_abs=754.0010 d_grad_abs=459.7418 synth_eps=0.2726 synth_eps_raw=0.2726 synth_x0_hit=1.0000 synth_x0_t=172.0000 synth_x0_ldif=0.0698 synth_x0_gen_adv=0.3575 synth_x0_lfm=0.0074 synth_total=0.3929 prior_preserve=0.0006 extra_render_attn_share=0.5579
[step 17300] real_p1_mirror_hole_cov=0.1403 real_p1_eps=0.1986 real_p1_hole_frac=0.2406 real_p2_eps=0.1224 real_p2_hit=0.0000 real_total=0.3211 discr_adv=0.9502 x0_d_real=0.1123 x0_d_fake=0.0127 g_grad_abs=1280.5332 d_grad_abs=438.6748 synth_eps=0.0346 synth_eps_raw=0.0346 synth_x0_hit=0.0000 synth_total=0.0346 prior_preserve=0.0002 extra_render_attn_share=0.5579
[step 17350] real_p1_mirror_hole_cov=0.0497 real_p1_eps=0.1096 real_p1_hole_frac=0.2752 real_p2_eps=0.0356 real_p2_hit=0.0000 real_total=0.1452 synth_eps=0.0032 synth_eps_raw=0.0032 synth_x0_hit=0.0000 synth_total=0.0032 prior_preserve=0.0007 extra_render_attn_share=0.5579
[step 17400] real_p1_mirror_hole_cov=0.0237 real_p1_eps=0.1005 real_p1_hole_frac=0.2026 real_p2_eps=0.2368 real_p2_hit=1.0000 real_p2_t=97.0000 real_p2_ldif=0.0269 real_p2_gen_adv=-0.7645 real_p2_lfm=0.0027 real_total=0.2933 discr_adv=1.0224 p2_d_real=0.7203 p2_d_fake=0.7645 g_grad_abs=1415.0781 d_grad_abs=434.4145 synth_eps=0.0029 synth_eps_raw=0.0029 synth_x0_hit=0.0000 synth_total=0.0029 prior_preserve=0.0076 extra_render_attn_share=0.5579
[step 17450] real_p1_mirror_hole_cov=0.0122 real_p1_eps=0.2637 real_p1_hole_frac=0.3749 real_p2_eps=0.0635 real_p2_hit=0.0000 real_total=0.3272 synth_eps=0.0133 synth_eps_raw=0.0133 synth_x0_hit=0.0000 synth_total=0.0133 prior_preserve=0.0113 extra_render_attn_share=0.5579
[step 17500] real_p1_mirror_hole_cov=0.1764 real_p1_eps=0.1624 real_p1_hole_frac=0.3045 real_p2_eps=0.2438 real_p2_hit=1.0000 real_p2_t=189.0000 real_p2_ldif=0.0726 real_p2_gen_adv=-0.5217 real_p2_lfm=0.0046 real_total=0.4360 discr_adv=1.8123 x0_d_real=0.2418 x0_d_fake=0.0807 p2_d_real=0.7364 p2_d_fake=0.5217 g_grad_abs=1714.9793 d_grad_abs=1681.5071 synth_eps=0.0235 synth_eps_raw=0.0235 synth_x0_hit=0.0000 synth_total=0.0235 prior_preserve=0.0013 extra_render_attn_share=0.5579
[images] real: anchor | cond1 | cond2 | inv_warp_mirror | mask | mask_inv | warp_img | warp_warp_img | x | y_hat | y_hat_novel -> /home/xzy/warpgan-diffusiong-inpainting/warpgan-diffusion-inpainting-main/experiments/train_inpainting_diffusion/[20260914-030356]_v18w8_w5full_100k/logs/images/train/real_step0017500.png
[images] synth: cond | mask | target | warp_img | x | y_hat_novel -> /home/xzy/warpgan-diffusiong-inpainting/warpgan-diffusion-inpainting-main/experiments/train_inpainting_diffusion/[20260914-030356]_v18w8_w5full_100k/logs/images/train/synth_step0017500.png
[step 17550] real_p1_mirror_hole_cov=0.0185 real_p1_eps=0.0813 real_p1_hole_frac=0.1930 real_p2_eps=0.0208 real_p2_hit=0.0000 real_total=0.1020 synth_eps=0.0361 synth_eps_raw=0.0361 synth_x0_hit=0.0000 synth_total=0.0361 prior_preserve=0.0008 extra_render_attn_share=0.5579
[step 17600] real_p1_mirror_hole_cov=0.0132 real_p1_eps=0.1899 real_p1_hole_frac=0.3655 real_p2_eps=0.0023 real_p2_hit=0.0000 real_total=0.1922 synth_eps=0.0026 synth_eps_raw=0.0026 synth_x0_hit=0.0000 synth_total=0.0026 prior_preserve=0.0002 extra_render_attn_share=0.5579
[step 17650] real_p1_mirror_hole_cov=0.0023 real_p1_eps=0.0922 real_p1_hole_frac=0.2622 real_p2_eps=0.2268 real_p2_hit=1.0000 real_p2_t=147.0000 real_p2_ldif=0.0458 real_p2_gen_adv=0.4445 real_p2_lfm=0.0031 real_total=0.4155 discr_adv=0.9993 p2_d_real=-0.4411 p2_d_fake=-0.4445 g_grad_abs=1328.0805 d_grad_abs=180.7392 synth_eps=0.1038 synth_eps_raw=0.1038 synth_x0_hit=0.0000 synth_total=0.1038 prior_preserve=0.0019 extra_render_attn_share=0.5579
[step 17700] real_p1_mirror_hole_cov=0.1210 real_p1_eps=0.1452 real_p1_hole_frac=0.3680 real_p2_eps=0.4580 real_p2_hit=1.0000 real_p2_t=35.0000 real_p2_ldif=0.0157 real_p2_gen_adv=0.2574 real_p2_lfm=0.0019 real_total=0.6485 discr_adv=0.9625 p2_d_real=-0.1823 p2_d_fake=-0.2574 g_grad_abs=1354.2829 d_grad_abs=407.3535 synth_eps=0.0015 synth_eps_raw=0.0015 synth_x0_hit=0.0000 synth_total=0.0015 prior_preserve=0.0005 extra_render_attn_share=0.5579
[step 17750] real_p1_mirror_hole_cov=0.0268 real_p1_eps=0.1834 real_p1_hole_frac=0.2437 real_p2_eps=0.0059 real_p2_hit=0.0000 real_total=0.1893 discr_adv=0.7913 x0_d_real=0.1216 x0_d_fake=-0.2965 g_grad_abs=1116.0671 d_grad_abs=2725.8334 synth_eps=0.0021 synth_eps_raw=0.0021 synth_x0_hit=0.0000 synth_total=0.0021 prior_preserve=0.0030 extra_render_attn_share=0.5579
[step 17800] real_p1_mirror_hole_cov=0.2772 real_p1_eps=0.2544 real_p1_hole_frac=0.5062 real_p2_eps=0.2199 real_p2_hit=1.0000 real_p2_t=182.0000 real_p2_ldif=0.0616 real_p2_gen_adv=-0.0734 real_p2_lfm=0.0043 real_total=0.5373 discr_adv=0.9032 p2_d_real=0.2671 p2_d_fake=0.0734 g_grad_abs=1789.0855 d_grad_abs=799.8507 synth_eps=0.2227 synth_eps_raw=0.2227 synth_x0_hit=1.0000 synth_x0_t=171.0000 synth_x0_ldif=0.0565 synth_x0_gen_adv=-0.4106 synth_x0_lfm=0.0059 synth_total=0.2500 prior_preserve=0.0001 extra_render_attn_share=0.5579
[step 17850] real_p1_mirror_hole_cov=0.0192 real_p1_eps=0.1118 real_p1_hole_frac=0.2545 real_p2_eps=0.2986 real_p2_hit=1.0000 real_p2_t=82.0000 real_p2_ldif=0.0274 real_p2_gen_adv=-0.1347 real_p2_lfm=0.0028 real_total=0.4300 discr_adv=1.9123 x0_d_real=0.2333 x0_d_fake=0.1847 p2_d_real=0.2614 p2_d_fake=0.1347 g_grad_abs=1402.9458 d_grad_abs=728.1344 synth_eps=0.2146 synth_eps_raw=0.2146 synth_x0_hit=1.0000 synth_x0_t=252.0000 synth_x0_ldif=0.1055 synth_x0_gen_adv=-0.2795 synth_x0_lfm=0.0069 synth_total=0.3060 prior_preserve=0.0054 extra_render_attn_share=0.5579
[step 17900] real_p1_mirror_hole_cov=0.2341 real_p1_eps=0.4471 real_p1_hole_frac=0.1690 real_p2_eps=0.0012 real_p2_hit=0.0000 real_total=0.4483 synth_eps=0.0854 synth_eps_raw=0.0854 synth_x0_hit=0.0000 synth_total=0.0854 prior_preserve=0.0004 extra_render_attn_share=0.5579
[step 17950] real_p1_mirror_hole_cov=0.0033 real_p1_eps=0.1036 real_p1_hole_frac=0.1982 real_p2_eps=0.0858 real_p2_hit=0.0000 real_total=0.1893 discr_adv=0.9776 x0_d_real=0.6319 x0_d_fake=0.5871 g_grad_abs=801.1915 d_grad_abs=292.4299 synth_eps=0.2250 synth_eps_raw=0.2250 synth_x0_hit=1.0000 synth_x0_t=223.0000 synth_x0_ldif=0.0886 synth_x0_gen_adv=-0.6721 synth_x0_lfm=0.0067 synth_total=0.2598 prior_preserve=0.0006 extra_render_attn_share=0.5579
[val step 17999] val_novel_full=0.0282 val_novel_hole=0.0300 val_novel_visible=0.0277
[step 18000] real_p1_mirror_hole_cov=0.0096 real_p1_eps=0.6128 real_p1_hole_frac=0.1964 real_p2_eps=0.1516 real_p2_hit=1.0000 real_p2_t=203.0000 real_p2_ldif=0.0508 real_p2_gen_adv=-0.5200 real_p2_lfm=0.0049 real_total=0.7729 discr_adv=1.9880 x0_d_real=0.5601 x0_d_fake=0.5353 p2_d_real=0.5192 p2_d_fake=0.5200 g_grad_abs=1993.3184 d_grad_abs=243.3889 synth_eps=0.0275 synth_eps_raw=0.0275 synth_x0_hit=0.0000 synth_total=0.0275 prior_preserve=0.0009 extra_render_attn_share=0.5610
[images] real: anchor | cond1 | cond2 | inv_warp_mirror | mask | mask_inv | warp_img | warp_warp_img | x | y_hat | y_hat_novel -> /home/xzy/warpgan-diffusiong-inpainting/warpgan-diffusion-inpainting-main/experiments/train_inpainting_diffusion/[20260914-030356]_v18w8_w5full_100k/logs/images/train/real_step0018000.png
[images] synth: cond | mask | target | warp_img | x | y_hat_novel -> /home/xzy/warpgan-diffusiong-inpainting/warpgan-diffusion-inpainting-main/experiments/train_inpainting_diffusion/[20260914-030356]_v18w8_w5full_100k/logs/images/train/synth_step0018000.png
[step 18050] real_p1_mirror_hole_cov=0.0088 real_p1_eps=0.2781 real_p1_hole_frac=0.2296 real_p2_eps=0.0156 real_p2_hit=0.0000 real_total=0.2937 synth_eps=0.0029 synth_eps_raw=0.0029 synth_x0_hit=0.0000 synth_total=0.0029 prior_preserve=0.0002 extra_render_attn_share=0.5610
[step 18100] real_p1_mirror_hole_cov=0.0840 real_p1_eps=0.1638 real_p1_hole_frac=0.2197 real_p2_eps=0.2851 real_p2_hit=1.0000 real_p2_t=114.0000 real_p2_ldif=0.0402 real_p2_gen_adv=0.2314 real_p2_lfm=0.0039 real_total=0.5201 discr_adv=0.9615 p2_d_real=-0.1544 p2_d_fake=-0.2314 g_grad_abs=1447.4237 d_grad_abs=347.6103 synth_eps=0.0691 synth_eps_raw=0.0691 synth_x0_hit=0.0000 synth_total=0.0691 prior_preserve=0.0002 extra_render_attn_share=0.5610
[step 18150] real_p1_mirror_hole_cov=0.1367 real_p1_eps=0.1331 real_p1_hole_frac=0.2899 real_p2_eps=0.0589 real_p2_hit=0.0000 real_total=0.1919 synth_eps=0.0129 synth_eps_raw=0.0129 synth_x0_hit=0.0000 synth_total=0.0129 prior_preserve=0.0006 extra_render_attn_share=0.5610
[step 18200] real_p1_mirror_hole_cov=0.2334 real_p1_eps=0.1010 real_p1_hole_frac=0.2453 real_p2_eps=0.1716 real_p2_hit=1.0000 real_p2_t=171.0000 real_p2_ldif=0.0438 real_p2_gen_adv=0.6898 real_p2_lfm=0.0033 real_total=0.3920 discr_adv=0.9887 p2_d_real=-0.6671 p2_d_fake=-0.6898 g_grad_abs=1251.6976 d_grad_abs=239.8772 synth_eps=0.0015 synth_eps_raw=0.0015 synth_x0_hit=0.0000 synth_total=0.0015 prior_preserve=0.0001 extra_render_attn_share=0.5610
[step 18250] real_p1_mirror_hole_cov=0.1764 real_p1_eps=0.1586 real_p1_hole_frac=0.5372 real_p2_eps=0.0017 real_p2_hit=0.0000 real_total=0.1603 synth_eps=0.7261 synth_eps_raw=0.7261 synth_x0_hit=1.0000 synth_x0_t=12.0000 synth_x0_ldif=0.0083 synth_x0_gen_adv=0.5006 synth_x0_lfm=0.0011 synth_total=0.7868 prior_preserve=0.0004 extra_render_attn_share=0.5610
[step 18300] real_p1_mirror_hole_cov=0.1703 real_p1_eps=0.2098 real_p1_hole_frac=0.5209 real_p2_eps=0.2544 real_p2_hit=1.0000 real_p2_t=200.0000 real_p2_ldif=0.0832 real_p2_gen_adv=-0.4359 real_p2_lfm=0.0036 real_total=0.5109 discr_adv=1.6857 x0_d_real=0.1308 x0_d_fake=-0.2378 p2_d_real=0.7366 p2_d_fake=0.4359 g_grad_abs=1869.6150 d_grad_abs=2878.4591 synth_eps=0.2368 synth_eps_raw=0.2368 synth_x0_hit=1.0000 synth_x0_t=230.0000 synth_x0_ldif=0.0984 synth_x0_gen_adv=-0.2187 synth_x0_lfm=0.0069 synth_total=0.3271 prior_preserve=0.0001 extra_render_attn_share=0.5610
[step 18350] real_p1_mirror_hole_cov=0.0414 real_p1_eps=0.2044 real_p1_hole_frac=0.4441 real_p2_eps=0.3819 real_p2_hit=1.0000 real_p2_t=69.0000 real_p2_ldif=0.0283 real_p2_gen_adv=-0.7713 real_p2_lfm=0.0031 real_total=0.5437 discr_adv=1.9676 x0_d_real=0.8340 x0_d_fake=0.7929 p2_d_real=0.8180 p2_d_fake=0.7713 g_grad_abs=1565.3902 d_grad_abs=1100.8486 synth_eps=0.0195 synth_eps_raw=0.0195 synth_x0_hit=0.0000 synth_total=0.0195 prior_preserve=0.0003 extra_render_attn_share=0.5610
[step 18400] real_p1_mirror_hole_cov=0.2476 real_p1_eps=0.2517 real_p1_hole_frac=0.5575 real_p2_eps=0.0986 real_p2_hit=0.0000 real_total=0.3503 synth_eps=0.2599 synth_eps_raw=0.2599 synth_x0_hit=1.0000 synth_x0_t=250.0000 synth_x0_ldif=0.1259 synth_x0_gen_adv=0.4007 synth_x0_lfm=0.0062 synth_total=0.4383 prior_preserve=0.0009 extra_render_attn_share=0.5610
[step 18450] real_p1_mirror_hole_cov=0.0094 real_p1_eps=0.1260 real_p1_hole_frac=0.3236 real_p2_eps=0.5101 real_p2_hit=1.0000 real_p2_t=31.0000 real_p2_ldif=0.0153 real_p2_gen_adv=0.4136 real_p2_lfm=0.0022 real_total=0.6973 discr_adv=0.9956 p2_d_real=-0.4048 p2_d_fake=-0.4136 g_grad_abs=1456.1307 d_grad_abs=35.0022 synth_eps=0.5026 synth_eps_raw=0.5026 synth_x0_hit=1.0000 synth_x0_t=86.0000 synth_x0_ldif=0.0490 synth_x0_gen_adv=0.4657 synth_x0_lfm=0.0041 synth_total=0.6063 prior_preserve=0.0003 extra_render_attn_share=0.5610
[step 18500] real_p1_mirror_hole_cov=0.0003 real_p1_eps=0.1349 real_p1_hole_frac=0.0373 real_p2_eps=0.0086 real_p2_hit=0.0000 real_total=0.1435 discr_adv=0.8178 x0_d_real=-0.0843 x0_d_fake=-0.4489 g_grad_abs=961.0500 d_grad_abs=1049.5176 synth_eps=0.0874 synth_eps_raw=0.0874 synth_x0_hit=0.0000 synth_total=0.0874 prior_preserve=0.0029 extra_render_attn_share=0.5610
[images] real: anchor | cond1 | cond2 | inv_warp_mirror | mask | mask_inv | warp_img | warp_warp_img | x | y_hat | y_hat_novel -> /home/xzy/warpgan-diffusiong-inpainting/warpgan-diffusion-inpainting-main/experiments/train_inpainting_diffusion/[20260914-030356]_v18w8_w5full_100k/logs/images/train/real_step0018500.png
[images] synth: cond | mask | target | warp_img | x | y_hat_novel -> /home/xzy/warpgan-diffusiong-inpainting/warpgan-diffusion-inpainting-main/experiments/train_inpainting_diffusion/[20260914-030356]_v18w8_w5full_100k/logs/images/train/synth_step0018500.png
[step 18550] real_p1_mirror_hole_cov=0.0853 real_p1_eps=0.3435 real_p1_hole_frac=0.3291 real_p2_eps=0.0075 real_p2_hit=0.0000 real_total=0.3510 synth_eps=0.0498 synth_eps_raw=0.0498 synth_x0_hit=0.0000 synth_total=0.0498 prior_preserve=0.0006 extra_render_attn_share=0.5610
[step 18600] real_p1_mirror_hole_cov=0.0931 real_p1_eps=0.1821 real_p1_hole_frac=0.3273 real_p2_eps=0.4867 real_p2_hit=1.0000 real_p2_t=34.0000 real_p2_ldif=0.0162 real_p2_gen_adv=-0.2134 real_p2_lfm=0.0019 real_total=0.6675 discr_adv=1.0405 p2_d_real=0.2238 p2_d_fake=0.2134 g_grad_abs=1648.0373 d_grad_abs=804.0481 synth_eps=0.0599 synth_eps_raw=0.0599 synth_x0_hit=0.0000 synth_total=0.0599 prior_preserve=0.0002 extra_render_attn_share=0.5610
[step 18650] real_p1_mirror_hole_cov=0.0201 real_p1_eps=0.5070 real_p1_hole_frac=0.1132 real_p2_eps=0.0435 real_p2_hit=0.0000 real_total=0.5505 synth_eps=0.0716 synth_eps_raw=0.0716 synth_x0_hit=0.0000 synth_total=0.0716 prior_preserve=0.0004 extra_render_attn_share=0.5610
[step 18700] real_p1_mirror_hole_cov=0.2513 real_p1_eps=0.1336 real_p1_hole_frac=0.4318 real_p2_eps=0.0250 real_p2_hit=0.0000 real_total=0.1586 synth_eps=0.0771 synth_eps_raw=0.0771 synth_x0_hit=0.0000 synth_total=0.0771 prior_preserve=0.0004 extra_render_attn_share=0.5610
[step 18750] real_p1_mirror_hole_cov=0.0573 real_p1_eps=0.5297 real_p1_hole_frac=0.4717 real_p2_eps=0.0031 real_p2_hit=0.0000 real_total=0.5328 synth_eps=0.0436 synth_eps_raw=0.0436 synth_x0_hit=0.0000 synth_total=0.0436 prior_preserve=0.0002 extra_render_attn_share=0.5610
[step 18800] real_p1_mirror_hole_cov=0.0145 real_p1_eps=0.1000 real_p1_hole_frac=0.2495 real_p2_eps=0.0610 real_p2_hit=0.0000 real_total=0.1610 discr_adv=0.9551 x0_d_real=0.7605 x0_d_fake=0.6707 g_grad_abs=867.6856 d_grad_abs=398.6045 synth_eps=0.1416 synth_eps_raw=0.1416 synth_x0_hit=0.0000 synth_total=0.1416 prior_preserve=0.0003 extra_render_attn_share=0.5610
[step 18850] real_p1_mirror_hole_cov=0.0774 real_p1_eps=0.2390 real_p1_hole_frac=0.4237 real_p2_eps=0.0253 real_p2_hit=0.0000 real_total=0.2642 synth_eps=0.0670 synth_eps_raw=0.0670 synth_x0_hit=0.0000 synth_total=0.0670 prior_preserve=0.0004 extra_render_attn_share=0.5610
[step 18900] real_p1_mirror_hole_cov=0.2077 real_p1_eps=0.2042 real_p1_hole_frac=0.4626 real_p2_eps=0.0059 real_p2_hit=0.0000 real_total=0.2101 synth_eps=0.2738 synth_eps_raw=0.2738 synth_x0_hit=1.0000 synth_x0_t=155.0000 synth_x0_ldif=0.0598 synth_x0_gen_adv=-0.0138 synth_x0_lfm=0.0039 synth_total=0.3401 prior_preserve=0.0003 extra_render_attn_share=0.5610
[step 18950] real_p1_mirror_hole_cov=0.0709 real_p1_eps=0.0445 real_p1_hole_frac=0.0569 real_p2_eps=0.0558 real_p2_hit=1.0000 real_p2_t=262.0000 real_p2_ldif=0.0295 real_p2_gen_adv=0.1202 real_p2_lfm=0.0029 real_total=0.1477 discr_adv=1.0746 p2_d_real=-0.2693 p2_d_fake=-0.1202 g_grad_abs=1160.9312 d_grad_abs=441.2935 synth_eps=0.0202 synth_eps_raw=0.0202 synth_x0_hit=0.0000 synth_total=0.0202 prior_preserve=0.0001 extra_render_attn_share=0.5610
[step 19000] real_p1_mirror_hole_cov=0.0836 real_p1_eps=0.2511 real_p1_hole_frac=0.2836 real_p2_eps=0.0052 real_p2_hit=0.0000 real_total=0.2563 synth_eps=0.0114 synth_eps_raw=0.0114 synth_x0_hit=0.0000 synth_total=0.0114 prior_preserve=0.0001 extra_render_attn_share=0.5610
[images] real: anchor | cond1 | cond2 | inv_warp_mirror | mask | mask_inv | warp_img | warp_warp_img | x | y_hat | y_hat_novel -> /home/xzy/warpgan-diffusiong-inpainting/warpgan-diffusion-inpainting-main/experiments/train_inpainting_diffusion/[20260914-030356]_v18w8_w5full_100k/logs/images/train/real_step0019000.png
[images] synth: cond | mask | target | warp_img | x | y_hat_novel -> /home/xzy/warpgan-diffusiong-inpainting/warpgan-diffusion-inpainting-main/experiments/train_inpainting_diffusion/[20260914-030356]_v18w8_w5full_100k/logs/images/train/synth_step0019000.png
[step 19050] real_p1_mirror_hole_cov=0.0106 real_p1_eps=0.1051 real_p1_hole_frac=0.0975 real_p2_eps=0.0957 real_p2_hit=1.0000 real_p2_t=207.0000 real_p2_ldif=0.0331 real_p2_gen_adv=0.1304 real_p2_lfm=0.0019 real_total=0.2509 discr_adv=1.1242 p2_d_real=-0.3788 p2_d_fake=-0.1304 g_grad_abs=1327.1256 d_grad_abs=787.9323 synth_eps=0.3011 synth_eps_raw=0.3011 synth_x0_hit=1.0000 synth_x0_t=137.0000 synth_x0_ldif=0.0549 synth_x0_gen_adv=0.3514 synth_x0_lfm=0.0049 synth_total=0.4008 prior_preserve=0.0002 extra_render_attn_share=0.5610
[step 19100] real_p1_mirror_hole_cov=0.2566 real_p1_eps=0.6263 real_p1_hole_frac=0.2654 real_p2_eps=0.0466 real_p2_hit=0.0000 real_total=0.6730 synth_eps=0.0130 synth_eps_raw=0.0130 synth_x0_hit=0.0000 synth_total=0.0130 prior_preserve=0.0001 extra_render_attn_share=0.5610
[step 19150] real_p1_mirror_hole_cov=0.0259 real_p1_eps=0.1369 real_p1_hole_frac=0.1609 real_p2_eps=0.0091 real_p2_hit=0.0000 real_total=0.1460 synth_eps=0.0058 synth_eps_raw=0.0058 synth_x0_hit=0.0000 synth_total=0.0058 prior_preserve=0.0007 extra_render_attn_share=0.5610
[step 19200] real_p1_mirror_hole_cov=0.3362 real_p1_eps=0.1252 real_p1_hole_frac=0.1675 real_p2_eps=0.1978 real_p2_hit=1.0000 real_p2_t=167.0000 real_p2_ldif=0.0484 real_p2_gen_adv=-0.2603 real_p2_lfm=0.0040 real_total=0.3534 discr_adv=1.0730 p2_d_real=0.1142 p2_d_fake=0.2603 g_grad_abs=1621.9128 d_grad_abs=482.2488 synth_eps=0.0332 synth_eps_raw=0.0332 synth_x0_hit=0.0000 synth_total=0.0332 prior_preserve=0.0061 extra_render_attn_share=0.5610
[step 19250] real_p1_mirror_hole_cov=0.2468 real_p1_eps=0.4166 real_p1_hole_frac=0.1645 real_p2_eps=0.3325 real_p2_hit=1.0000 real_p2_t=64.0000 real_p2_ldif=0.0226 real_p2_gen_adv=0.0357 real_p2_lfm=0.0026 real_total=0.7804 discr_adv=0.9610 p2_d_real=0.0424 p2_d_fake=-0.0357 g_grad_abs=1754.7371 d_grad_abs=275.8279 synth_eps=0.7761 synth_eps_raw=0.7761 synth_x0_hit=1.0000 synth_x0_t=10.0000 synth_x0_ldif=0.0075 synth_x0_gen_adv=-0.3337 synth_x0_lfm=0.0006 synth_total=0.7515 prior_preserve=0.0001 extra_render_attn_share=0.5610
[step 19300] real_p1_mirror_hole_cov=0.1768 real_p1_eps=0.1486 real_p1_hole_frac=0.1917 real_p2_eps=0.0247 real_p2_hit=0.0000 real_total=0.1733 synth_eps=0.5584 synth_eps_raw=0.5584 synth_x0_hit=1.0000 synth_x0_t=26.0000 synth_x0_ldif=0.0139 synth_x0_gen_adv=-0.3821 synth_x0_lfm=0.0016 synth_total=0.5373 prior_preserve=0.0018 extra_render_attn_share=0.5610
[step 19350] real_p1_mirror_hole_cov=0.0510 real_p1_eps=0.2189 real_p1_hole_frac=0.3996 real_p2_eps=0.0153 real_p2_hit=0.0000 real_total=0.2342 synth_eps=0.0506 synth_eps_raw=0.0506 synth_x0_hit=0.0000 synth_total=0.0506 prior_preserve=0.0018 extra_render_attn_share=0.5610
[step 19400] real_p1_mirror_hole_cov=0.0085 real_p1_eps=0.0483 real_p1_hole_frac=0.0321 real_p2_eps=0.0194 real_p2_hit=0.0000 real_total=0.0677 synth_eps=0.0939 synth_eps_raw=0.0939 synth_x0_hit=0.0000 synth_total=0.0939 prior_preserve=0.0002 extra_render_attn_share=0.5610
[step 19450] real_p1_mirror_hole_cov=0.1358 real_p1_eps=0.1207 real_p1_hole_frac=0.1126 real_p2_eps=0.1392 real_p2_hit=1.0000 real_p2_t=221.0000 real_p2_ldif=0.0540 real_p2_gen_adv=-0.7613 real_p2_lfm=0.0043 real_total=0.2464 discr_adv=1.9678 x0_d_real=0.7068 x0_d_fake=0.6612 p2_d_real=0.7801 p2_d_fake=0.7613 g_grad_abs=1274.5513 d_grad_abs=264.3353 synth_eps=0.0012 synth_eps_raw=0.0012 synth_x0_hit=0.0000 synth_total=0.0012 prior_preserve=0.0004 extra_render_attn_share=0.5610
[step 19500] real_p1_mirror_hole_cov=0.0116 real_p1_eps=0.1642 real_p1_hole_frac=0.1799 real_p2_eps=0.0493 real_p2_hit=0.0000 real_total=0.2136 synth_eps=0.0247 synth_eps_raw=0.0247 synth_x0_hit=0.0000 synth_total=0.0247 prior_preserve=0.0005 extra_render_attn_share=0.5610
[images] real: anchor | cond1 | cond2 | inv_warp_mirror | mask | mask_inv | warp_img | warp_warp_img | x | y_hat | y_hat_novel -> /home/xzy/warpgan-diffusiong-inpainting/warpgan-diffusion-inpainting-main/experiments/train_inpainting_diffusion/[20260914-030356]_v18w8_w5full_100k/logs/images/train/real_step0019500.png
[images] synth: cond | mask | target | warp_img | x | y_hat_novel -> /home/xzy/warpgan-diffusiong-inpainting/warpgan-diffusion-inpainting-main/experiments/train_inpainting_diffusion/[20260914-030356]_v18w8_w5full_100k/logs/images/train/synth_step0019500.png
[step 19550] real_p1_mirror_hole_cov=0.0823 real_p1_eps=0.1187 real_p1_hole_frac=0.1795 real_p2_eps=0.0076 real_p2_hit=0.0000 real_total=0.1263 synth_eps=0.3206 synth_eps_raw=0.3206 synth_x0_hit=1.0000 synth_x0_t=226.0000 synth_x0_ldif=0.1292 synth_x0_gen_adv=-0.3562 synth_x0_lfm=0.0091 synth_total=0.4324 prior_preserve=0.0008 extra_render_attn_share=0.5610
[step 19600] real_p1_mirror_hole_cov=0.2234 real_p1_eps=0.1159 real_p1_hole_frac=0.3929 real_p2_eps=0.1257 real_p2_hit=0.0000 real_total=0.2416 synth_eps=0.2548 synth_eps_raw=0.2548 synth_x0_hit=1.0000 synth_x0_t=232.0000 synth_x0_ldif=0.1076 synth_x0_gen_adv=0.0837 synth_x0_lfm=0.0067 synth_total=0.3841 prior_preserve=0.0003 extra_render_attn_share=0.5610
[step 19650] real_p1_mirror_hole_cov=0.2169 real_p1_eps=0.3318 real_p1_hole_frac=0.5046 real_p2_eps=0.3913 real_p2_hit=1.0000 real_p2_t=100.0000 real_p2_ldif=0.0463 real_p2_gen_adv=0.7873 real_p2_lfm=0.0044 real_total=0.8569 discr_adv=0.9029 p2_d_real=-0.5831 p2_d_fake=-0.7873 g_grad_abs=1778.9887 d_grad_abs=1559.9528 synth_eps=0.0703 synth_eps_raw=0.0703 synth_x0_hit=0.0000 synth_total=0.0703 prior_preserve=0.0005 extra_render_attn_share=0.5610
[step 19700] real_p1_mirror_hole_cov=0.1883 real_p1_eps=0.3160 real_p1_hole_frac=0.6174 real_p2_eps=0.0513 real_p2_hit=0.0000 real_total=0.3673 synth_eps=0.0808 synth_eps_raw=0.0808 synth_x0_hit=0.0000 synth_total=0.0808 prior_preserve=0.0006 extra_render_attn_share=0.5610
[step 19750] real_p1_mirror_hole_cov=0.2511 real_p1_eps=0.1398 real_p1_hole_frac=0.3104 real_p2_eps=0.0851 real_p2_hit=0.0000 real_total=0.2249 synth_eps=0.0196 synth_eps_raw=0.0196 synth_x0_hit=0.0000 synth_total=0.0196 prior_preserve=0.0010 extra_render_attn_share=0.5610
[step 19800] real_p1_mirror_hole_cov=0.2260 real_p1_eps=0.1005 real_p1_hole_frac=0.3026 real_p2_eps=0.0294 real_p2_hit=0.0000 real_total=0.1299 synth_eps=0.0014 synth_eps_raw=0.0014 synth_x0_hit=0.0000 synth_total=0.0014 prior_preserve=0.0006 extra_render_attn_share=0.5610
[step 19850] real_p1_mirror_hole_cov=0.1377 real_p1_eps=0.2562 real_p1_hole_frac=0.4900 real_p2_eps=0.2006 real_p2_hit=1.0000 real_p2_t=166.0000 real_p2_ldif=0.0486 real_p2_gen_adv=0.3446 real_p2_lfm=0.0053 real_total=0.5505 discr_adv=1.8534 x0_d_real=-0.3995 x0_d_fake=-0.5774 p2_d_real=-0.2290 p2_d_fake=-0.3446 g_grad_abs=1851.2990 d_grad_abs=1159.6292 synth_eps=0.0169 synth_eps_raw=0.0169 synth_x0_hit=0.0000 synth_total=0.0169 prior_preserve=0.0006 extra_render_attn_share=0.5610
[step 19900] real_p1_mirror_hole_cov=0.2562 real_p1_eps=0.2707 real_p1_hole_frac=0.7505 real_p2_eps=0.5478 real_p2_hit=1.0000 real_p2_t=32.0000 real_p2_ldif=0.0170 real_p2_gen_adv=0.5566 real_p2_lfm=0.0023 real_total=0.8958 discr_adv=0.9522 p2_d_real=-0.4538 p2_d_fake=-0.5566 g_grad_abs=1538.3799 d_grad_abs=458.6995 synth_eps=0.0022 synth_eps_raw=0.0022 synth_x0_hit=0.0000 synth_total=0.0022 prior_preserve=0.0003 extra_render_attn_share=0.5610
[step 19950] real_p1_mirror_hole_cov=0.0503 real_p1_eps=0.3814 real_p1_hole_frac=0.4018 real_p2_eps=0.0762 real_p2_hit=0.0000 real_total=0.4577 synth_eps=0.0020 synth_eps_raw=0.0020 synth_x0_hit=0.0000 synth_total=0.0020 prior_preserve=0.0005 extra_render_attn_share=0.5610
[ckpt] saved /home/xzy/warpgan-diffusiong-inpainting/warpgan-diffusion-inpainting-main/experiments/train_inpainting_diffusion/[20260914-030356]_v18w8_w5full_100k/checkpoints/iteration_0019999.pt
[val step 19999] val_novel_full=0.0223 val_novel_hole=0.0142 val_novel_visible=0.0237
[step 20000] real_p1_mirror_hole_cov=0.0069 real_p1_eps=0.1310 real_p1_hole_frac=0.1832 real_p2_eps=0.0151 real_p2_hit=0.0000 real_total=0.1461 discr_adv=0.9531 x0_d_real=-0.0056 x0_d_fake=-0.0994 g_grad_abs=789.8486 d_grad_abs=361.0530 synth_eps=0.0463 synth_eps_raw=0.0463 synth_x0_hit=0.0000 synth_total=0.0463 prior_preserve=0.0007 extra_render_attn_share=0.5600
[images] real: anchor | cond1 | cond2 | inv_warp_mirror | mask | mask_inv | warp_img | warp_warp_img | x | y_hat | y_hat_novel -> /home/xzy/warpgan-diffusiong-inpainting/warpgan-diffusion-inpainting-main/experiments/train_inpainting_diffusion/[20260914-030356]_v18w8_w5full_100k/logs/images/train/real_step0020000.png
[images] synth: cond | mask | target | warp_img | x | y_hat_novel -> /home/xzy/warpgan-diffusiong-inpainting/warpgan-diffusion-inpainting-main/experiments/train_inpainting_diffusion/[20260914-030356]_v18w8_w5full_100k/logs/images/train/synth_step0020000.png
[step 20050] real_p1_mirror_hole_cov=0.0049 real_p1_eps=0.1466 real_p1_hole_frac=0.1574 real_p2_eps=0.0034 real_p2_hit=0.0000 real_total=0.1500 synth_eps=0.0018 synth_eps_raw=0.0018 synth_x0_hit=0.0000 synth_total=0.0018 prior_preserve=0.0001 extra_render_attn_share=0.5600
[step 20100] real_p1_mirror_hole_cov=0.1762 real_p1_eps=0.7720 real_p1_hole_frac=0.1301 real_p2_eps=0.0051 real_p2_hit=0.0000 real_total=0.7771 synth_eps=0.0021 synth_eps_raw=0.0021 synth_x0_hit=0.0000 synth_total=0.0021 prior_preserve=0.0001 extra_render_attn_share=0.5600
[step 20150] real_p1_mirror_hole_cov=0.0448 real_p1_eps=0.0952 real_p1_hole_frac=0.2401 real_p2_eps=0.1142 real_p2_hit=1.0000 real_p2_t=201.0000 real_p2_ldif=0.0376 real_p2_gen_adv=-0.2043 real_p2_lfm=0.0018 real_total=0.2303 discr_adv=0.9968 p2_d_real=0.2107 p2_d_fake=0.2043 g_grad_abs=1126.2325 d_grad_abs=59.5088 synth_eps=0.0054 synth_eps_raw=0.0054 synth_x0_hit=0.0000 synth_total=0.0054 prior_preserve=0.0003 extra_render_attn_share=0.5600
[step 20200] real_p1_mirror_hole_cov=0.0449 real_p1_eps=0.2739 real_p1_hole_frac=0.4760 real_p2_eps=0.0049 real_p2_hit=0.0000 real_total=0.2788 synth_eps=0.3174 synth_eps_raw=0.3174 synth_x0_hit=1.0000 synth_x0_t=161.0000 synth_x0_ldif=0.0736 synth_x0_gen_adv=0.2134 synth_x0_lfm=0.0064 synth_total=0.4251 prior_preserve=0.0006 extra_render_attn_share=0.5600
[step 20250] real_p1_mirror_hole_cov=0.2959 real_p1_eps=0.1304 real_p1_hole_frac=0.3994 real_p2_eps=0.0939 real_p2_hit=0.0000 real_total=0.2243 discr_adv=0.7877 x0_d_real=0.7161 x0_d_fake=0.2912 g_grad_abs=991.1499 d_grad_abs=1034.6854 synth_eps=0.3429 synth_eps_raw=0.3429 synth_x0_hit=1.0000 synth_x0_t=102.0000 synth_x0_ldif=0.0416 synth_x0_gen_adv=-0.2231 synth_x0_lfm=0.0038 synth_total=0.3699 prior_preserve=0.0011 extra_render_attn_share=0.5600
[step 20300] real_p1_mirror_hole_cov=0.0105 real_p1_eps=0.0811 real_p1_hole_frac=0.1470 real_p2_eps=0.0112 real_p2_hit=0.0000 real_total=0.0924 synth_eps=0.1770 synth_eps_raw=0.1770 synth_x0_hit=1.0000 synth_x0_t=260.0000 synth_x0_ldif=0.0923 synth_x0_gen_adv=-0.8931 synth_x0_lfm=0.0054 synth_total=0.1908 prior_preserve=0.0014 extra_render_attn_share=0.5600
[step 20350] real_p1_mirror_hole_cov=0.0704 real_p1_eps=0.2590 real_p1_hole_frac=0.2284 real_p2_eps=0.0015 real_p2_hit=0.0000 real_total=0.2605 synth_eps=0.0391 synth_eps_raw=0.0391 synth_x0_hit=0.0000 synth_total=0.0391 prior_preserve=0.0002 extra_render_attn_share=0.5600
[step 20400] real_p1_mirror_hole_cov=0.0851 real_p1_eps=0.1216 real_p1_hole_frac=0.4263 real_p2_eps=0.0138 real_p2_hit=0.0000 real_total=0.1353 discr_adv=0.9714 x0_d_real=-0.6818 x0_d_fake=-0.7391 g_grad_abs=825.8470 d_grad_abs=279.7923 synth_eps=0.0540 synth_eps_raw=0.0540 synth_x0_hit=0.0000 synth_total=0.0540 prior_preserve=0.0004 extra_render_attn_share=0.5600
[step 20450] real_p1_mirror_hole_cov=0.0299 real_p1_eps=0.0886 real_p1_hole_frac=0.0749 real_p2_eps=0.0008 real_p2_hit=0.0000 real_total=0.0894 synth_eps=0.0602 synth_eps_raw=0.0602 synth_x0_hit=0.0000 synth_total=0.0602 prior_preserve=0.0001 extra_render_attn_share=0.5600
[step 20500] real_p1_mirror_hole_cov=0.0254 real_p1_eps=0.1247 real_p1_hole_frac=0.2671 real_p2_eps=0.0974 real_p2_hit=0.0000 real_total=0.2220 discr_adv=0.9458 x0_d_real=0.0741 x0_d_fake=-0.0359 g_grad_abs=1012.7049 d_grad_abs=556.8306 synth_eps=0.0848 synth_eps_raw=0.0848 synth_x0_hit=0.0000 synth_total=0.0848 prior_preserve=0.0002 extra_render_attn_share=0.5600
[images] real: anchor | cond1 | cond2 | inv_warp_mirror | mask | mask_inv | warp_img | warp_warp_img | x | y_hat | y_hat_novel -> /home/xzy/warpgan-diffusiong-inpainting/warpgan-diffusion-inpainting-main/experiments/train_inpainting_diffusion/[20260914-030356]_v18w8_w5full_100k/logs/images/train/real_step0020500.png
[images] synth: cond | mask | target | warp_img | x | y_hat_novel -> /home/xzy/warpgan-diffusiong-inpainting/warpgan-diffusion-inpainting-main/experiments/train_inpainting_diffusion/[20260914-030356]_v18w8_w5full_100k/logs/images/train/synth_step0020500.png
[step 20550] real_p1_mirror_hole_cov=0.1463 real_p1_eps=0.2162 real_p1_hole_frac=0.2540 real_p2_eps=0.0171 real_p2_hit=0.0000 real_total=0.2333 synth_eps=0.0222 synth_eps_raw=0.0222 synth_x0_hit=0.0000 synth_total=0.0222 prior_preserve=0.0002 extra_render_attn_share=0.5600
[step 20600] real_p1_mirror_hole_cov=0.0668 real_p1_eps=0.4242 real_p1_hole_frac=0.3193 real_p2_eps=0.2240 real_p2_hit=1.0000 real_p2_t=226.0000 real_p2_ldif=0.0903 real_p2_gen_adv=-0.2385 real_p2_lfm=0.0069 real_total=0.7285 discr_adv=0.9388 p2_d_real=0.3609 p2_d_fake=0.2385 g_grad_abs=2312.8374 d_grad_abs=487.2685 synth_eps=0.1639 synth_eps_raw=0.1639 synth_x0_hit=1.0000 synth_x0_t=283.0000 synth_x0_ldif=0.1009 synth_x0_gen_adv=-0.2834 synth_x0_lfm=0.0076 synth_total=0.2517 prior_preserve=0.0002 extra_render_attn_share=0.5600
[step 20650] real_p1_mirror_hole_cov=0.0150 real_p1_eps=0.1363 real_p1_hole_frac=0.3716 real_p2_eps=0.0015 real_p2_hit=0.0000 real_total=0.1378 discr_adv=0.7996 x0_d_real=0.6655 x0_d_fake=0.2625 g_grad_abs=901.3627 d_grad_abs=2007.2324 synth_eps=0.0015 synth_eps_raw=0.0015 synth_x0_hit=0.0000 synth_total=0.0015 prior_preserve=0.0002 extra_render_attn_share=0.5600
[step 20700] real_p1_mirror_hole_cov=0.2588 real_p1_eps=0.1821 real_p1_hole_frac=0.2213 real_p2_eps=0.3043 real_p2_hit=1.0000 real_p2_t=59.0000 real_p2_ldif=0.0187 real_p2_gen_adv=0.2489 real_p2_lfm=0.0021 real_total=0.5342 discr_adv=1.0080 p2_d_real=-0.2648 p2_d_fake=-0.2489 g_grad_abs=1534.7114 d_grad_abs=63.4912 synth_eps=0.0316 synth_eps_raw=0.0316 synth_x0_hit=0.0000 synth_total=0.0316 prior_preserve=0.0012 extra_render_attn_share=0.5600
[step 20750] real_p1_mirror_hole_cov=0.1675 real_p1_eps=0.1929 real_p1_hole_frac=0.4954 real_p2_eps=0.3153 real_p2_hit=1.0000 real_p2_t=117.0000 real_p2_ldif=0.0460 real_p2_gen_adv=-0.4467 real_p2_lfm=0.0047 real_total=0.5190 discr_adv=1.9206 x0_d_real=0.8577 x0_d_fake=0.8167 p2_d_real=0.5663 p2_d_fake=0.4467 g_grad_abs=1596.6706 d_grad_abs=1234.9554 synth_eps=0.0323 synth_eps_raw=0.0323 synth_x0_hit=0.0000 synth_total=0.0323 prior_preserve=0.0002 extra_render_attn_share=0.5600
[step 20800] real_p1_mirror_hole_cov=0.1488 real_p1_eps=0.2648 real_p1_hole_frac=0.4118 real_p2_eps=0.3448 real_p2_hit=1.0000 real_p2_t=116.0000 real_p2_ldif=0.0497 real_p2_gen_adv=0.2595 real_p2_lfm=0.0040 real_total=0.6932 discr_adv=1.0457 p2_d_real=-0.3509 p2_d_fake=-0.2595 g_grad_abs=1850.0239 d_grad_abs=289.2714 synth_eps=0.7082 synth_eps_raw=0.7082 synth_x0_hit=1.0000 synth_x0_t=22.0000 synth_x0_ldif=0.0149 synth_x0_gen_adv=0.6110 synth_x0_lfm=0.0020 synth_total=0.7882 prior_preserve=0.0107 extra_render_attn_share=0.5600
[step 20850] real_p1_mirror_hole_cov=0.1430 real_p1_eps=0.1437 real_p1_hole_frac=0.2733 real_p2_eps=0.0203 real_p2_hit=0.0000 real_total=0.1640 synth_eps=0.3488 synth_eps_raw=0.3488 synth_x0_hit=1.0000 synth_x0_t=101.0000 synth_x0_ldif=0.0418 synth_x0_gen_adv=0.7569 synth_x0_lfm=0.0046 synth_total=0.4756 prior_preserve=0.0012 extra_render_attn_share=0.5600
[step 20900] real_p1_mirror_hole_cov=0.0079 real_p1_eps=0.2344 real_p1_hole_frac=0.2269 real_p2_eps=0.1875 real_p2_hit=1.0000 real_p2_t=150.0000 real_p2_ldif=0.0390 real_p2_gen_adv=0.1521 real_p2_lfm=0.0033 real_total=0.4827 discr_adv=1.9861 x0_d_real=0.8762 x0_d_fake=0.8551 p2_d_real=-0.1431 p2_d_fake=-0.1521 g_grad_abs=2001.0199 d_grad_abs=344.3107 synth_eps=0.0061 synth_eps_raw=0.0061 synth_x0_hit=0.0000 synth_total=0.0061 prior_preserve=0.0001 extra_render_attn_share=0.5600
[step 20950] real_p1_mirror_hole_cov=0.0308 real_p1_eps=0.1771 real_p1_hole_frac=0.4168 real_p2_eps=0.1637 real_p2_hit=0.0000 real_total=0.3408 synth_eps=0.2490 synth_eps_raw=0.2490 synth_x0_hit=1.0000 synth_x0_t=201.0000 synth_x0_ldif=0.0820 synth_x0_gen_adv=0.0655 synth_x0_lfm=0.0068 synth_total=0.3512 prior_preserve=0.0025 extra_render_attn_share=0.5600
[step 21000] real_p1_mirror_hole_cov=0.3110 real_p1_eps=0.2248 real_p1_hole_frac=0.2665 real_p2_eps=0.0022 real_p2_hit=0.0000 real_total=0.2271 synth_eps=0.0588 synth_eps_raw=0.0588 synth_x0_hit=0.0000 synth_total=0.0588 prior_preserve=0.0009 extra_render_attn_share=0.5600
[images] real: anchor | cond1 | cond2 | inv_warp_mirror | mask | mask_inv | warp_img | warp_warp_img | x | y_hat | y_hat_novel -> /home/xzy/warpgan-diffusiong-inpainting/warpgan-diffusion-inpainting-main/experiments/train_inpainting_diffusion/[20260914-030356]_v18w8_w5full_100k/logs/images/train/real_step0021000.png
[images] synth: cond | mask | target | warp_img | x | y_hat_novel -> /home/xzy/warpgan-diffusiong-inpainting/warpgan-diffusion-inpainting-main/experiments/train_inpainting_diffusion/[20260914-030356]_v18w8_w5full_100k/logs/images/train/synth_step0021000.png
[step 21050] real_p1_mirror_hole_cov=0.3561 real_p1_eps=0.3608 real_p1_hole_frac=0.2217 real_p2_eps=0.4332 real_p2_hit=1.0000 real_p2_t=33.0000 real_p2_ldif=0.0139 real_p2_gen_adv=0.2916 real_p2_lfm=0.0012 real_total=0.8395 discr_adv=1.9716 x0_d_real=-0.4943 x0_d_fake=-0.5214 p2_d_real=-0.2619 p2_d_fake=-0.2916 g_grad_abs=1817.9527 d_grad_abs=127.6667 synth_eps=0.0940 synth_eps_raw=0.0940 synth_x0_hit=0.0000 synth_total=0.0940 prior_preserve=0.0002 extra_render_attn_share=0.5600
[step 21100] real_p1_mirror_hole_cov=0.3315 real_p1_eps=0.2211 real_p1_hole_frac=0.3238 real_p2_eps=0.1224 real_p2_hit=0.0000 real_total=0.3434 synth_eps=0.1184 synth_eps_raw=0.1184 synth_x0_hit=0.0000 synth_total=0.1184 prior_preserve=0.0059 extra_render_attn_share=0.5600
[step 21150] real_p1_mirror_hole_cov=0.0190 real_p1_eps=0.2161 real_p1_hole_frac=0.3974 real_p2_eps=0.3354 real_p2_hit=1.0000 real_p2_t=100.0000 real_p2_ldif=0.0397 real_p2_gen_adv=-0.6138 real_p2_lfm=0.0037 real_total=0.5372 discr_adv=1.8494 x0_d_real=0.6178 x0_d_fake=0.4061 p2_d_real=0.7033 p2_d_fake=0.6138 g_grad_abs=1540.4784 d_grad_abs=1593.1928 synth_eps=0.1004 synth_eps_raw=0.1004 synth_x0_hit=0.0000 synth_total=0.1004 prior_preserve=0.0008 extra_render_attn_share=0.5600
[step 21200] real_p1_mirror_hole_cov=0.0359 real_p1_eps=0.0865 real_p1_hole_frac=0.1066 real_p2_eps=0.0066 real_p2_hit=0.0000 real_total=0.0931 discr_adv=1.0859 x0_d_real=0.3252 x0_d_fake=0.4969 g_grad_abs=646.8693 d_grad_abs=727.1273 synth_eps=0.0473 synth_eps_raw=0.0473 synth_x0_hit=0.0000 synth_total=0.0473 prior_preserve=0.0005 extra_render_attn_share=0.5600
[step 21250] real_p1_mirror_hole_cov=0.0023 real_p1_eps=0.1101 real_p1_hole_frac=0.2760 real_p2_eps=0.1360 real_p2_hit=1.0000 real_p2_t=289.0000 real_p2_ldif=0.0873 real_p2_gen_adv=-0.6861 real_p2_lfm=0.0065 real_total=0.2777 discr_adv=0.9626 p2_d_real=0.7614 p2_d_fake=0.6861 g_grad_abs=1584.2424 d_grad_abs=329.0026 synth_eps=0.1558 synth_eps_raw=0.1558 synth_x0_hit=1.0000 synth_x0_t=232.0000 synth_x0_ldif=0.0658 synth_x0_gen_adv=0.0595 synth_x0_lfm=0.0064 synth_total=0.2403 prior_preserve=0.0003 extra_render_attn_share=0.5600
[step 21300] real_p1_mirror_hole_cov=0.1843 real_p1_eps=0.4364 real_p1_hole_frac=0.5427 real_p2_eps=0.6896 real_p2_hit=1.0000 real_p2_t=16.0000 real_p2_ldif=0.0105 real_p2_gen_adv=0.4372 real_p2_lfm=0.0014 real_total=1.1830 discr_adv=1.9526 x0_d_real=-0.6868 x0_d_fake=-0.7309 p2_d_real=-0.3865 p2_d_fake=-0.4372 g_grad_abs=1614.3209 d_grad_abs=357.1423 synth_eps=0.0075 synth_eps_raw=0.0075 synth_x0_hit=0.0000 synth_total=0.0075 prior_preserve=0.0007 extra_render_attn_share=0.5600
[step 21350] real_p1_mirror_hole_cov=0.2089 real_p1_eps=0.1971 real_p1_hole_frac=0.5567 real_p2_eps=0.0329 real_p2_hit=0.0000 real_total=0.2300 synth_eps=0.0092 synth_eps_raw=0.0092 synth_x0_hit=0.0000 synth_total=0.0092 prior_preserve=0.0001 extra_render_attn_share=0.5600
[step 21400] real_p1_mirror_hole_cov=0.0096 real_p1_eps=0.1059 real_p1_hole_frac=0.2666 real_p2_eps=0.0039 real_p2_hit=0.0000 real_total=0.1098 synth_eps=0.1867 synth_eps_raw=0.1867 synth_x0_hit=1.0000 synth_x0_t=290.0000 synth_x0_ldif=0.1208 synth_x0_gen_adv=-0.8247 synth_x0_lfm=0.0069 synth_total=0.2388 prior_preserve=0.0002 extra_render_attn_share=0.5600
[step 21450] real_p1_mirror_hole_cov=0.0683 real_p1_eps=0.1446 real_p1_hole_frac=0.4709 real_p2_eps=0.0747 real_p2_hit=0.0000 real_total=0.2193 discr_adv=0.9852 x0_d_real=0.7979 x0_d_fake=0.7600 g_grad_abs=947.6733 d_grad_abs=436.4140 synth_eps=0.0144 synth_eps_raw=0.0144 synth_x0_hit=0.0000 synth_total=0.0144 prior_preserve=0.0106 extra_render_attn_share=0.5600
[step 21500] real_p1_mirror_hole_cov=0.0328 real_p1_eps=0.2263 real_p1_hole_frac=0.2391 real_p2_eps=0.0014 real_p2_hit=0.0000 real_total=0.2277 synth_eps=0.0151 synth_eps_raw=0.0151 synth_x0_hit=0.0000 synth_total=0.0151 prior_preserve=0.0004 extra_render_attn_share=0.5600
[images] real: anchor | cond1 | cond2 | inv_warp_mirror | mask | mask_inv | warp_img | warp_warp_img | x | y_hat | y_hat_novel -> /home/xzy/warpgan-diffusiong-inpainting/warpgan-diffusion-inpainting-main/experiments/train_inpainting_diffusion/[20260914-030356]_v18w8_w5full_100k/logs/images/train/real_step0021500.png
[images] synth: cond | mask | target | warp_img | x | y_hat_novel -> /home/xzy/warpgan-diffusiong-inpainting/warpgan-diffusion-inpainting-main/experiments/train_inpainting_diffusion/[20260914-030356]_v18w8_w5full_100k/logs/images/train/synth_step0021500.png
[step 21550] real_p1_mirror_hole_cov=0.0213 real_p1_eps=0.0742 real_p1_hole_frac=0.0834 real_p2_eps=0.0259 real_p2_hit=0.0000 real_total=0.1001 discr_adv=0.9403 x0_d_real=-0.4194 x0_d_fake=-0.5474 g_grad_abs=762.5086 d_grad_abs=770.7097 synth_eps=0.0516 synth_eps_raw=0.0516 synth_x0_hit=0.0000 synth_total=0.0516 prior_preserve=0.0001 extra_render_attn_share=0.5600
[step 21600] real_p1_mirror_hole_cov=0.0156 real_p1_eps=0.0574 real_p1_hole_frac=0.0841 real_p2_eps=0.0324 real_p2_hit=0.0000 real_total=0.0898 synth_eps=0.0065 synth_eps_raw=0.0065 synth_x0_hit=0.0000 synth_total=0.0065 prior_preserve=0.0015 extra_render_attn_share=0.5600
[step 21650] real_p1_mirror_hole_cov=0.0065 real_p1_eps=0.3899 real_p1_hole_frac=0.2797 real_p2_eps=0.6541 real_p2_hit=1.0000 real_p2_t=10.0000 real_p2_ldif=0.0063 real_p2_gen_adv=-0.4404 real_p2_lfm=0.0008 real_total=1.0078 discr_adv=0.9891 p2_d_real=0.4622 p2_d_fake=0.4404 g_grad_abs=1835.9297 d_grad_abs=167.2933 synth_eps=0.0832 synth_eps_raw=0.0832 synth_x0_hit=0.0000 synth_total=0.0832 prior_preserve=0.0004 extra_render_attn_share=0.5600
[step 21700] real_p1_mirror_hole_cov=0.1741 real_p1_eps=0.3223 real_p1_hole_frac=0.4691 real_p2_eps=0.1177 real_p2_hit=0.0000 real_total=0.4399 synth_eps=0.0083 synth_eps_raw=0.0083 synth_x0_hit=0.0000 synth_total=0.0083 prior_preserve=0.0007 extra_render_attn_share=0.5600
[step 21750] real_p1_mirror_hole_cov=0.2711 real_p1_eps=0.3177 real_p1_hole_frac=0.3025 real_p2_eps=0.0570 real_p2_hit=0.0000 real_total=0.3747 synth_eps=0.0065 synth_eps_raw=0.0065 synth_x0_hit=0.0000 synth_total=0.0065 prior_preserve=0.0005 extra_render_attn_share=0.5600
[step 21800] real_p1_mirror_hole_cov=0.2192 real_p1_eps=0.2273 real_p1_hole_frac=0.4223 real_p2_eps=0.0026 real_p2_hit=0.0000 real_total=0.2299 discr_adv=0.8983 x0_d_real=-0.0372 x0_d_fake=-0.2407 g_grad_abs=1097.1654 d_grad_abs=1664.6666 synth_eps=0.0049 synth_eps_raw=0.0049 synth_x0_hit=0.0000 synth_total=0.0049 prior_preserve=0.0001 extra_render_attn_share=0.5600
[step 21850] real_p1_mirror_hole_cov=0.4346 real_p1_eps=0.4627 real_p1_hole_frac=0.6610 real_p2_eps=0.0688 real_p2_hit=0.0000 real_total=0.5316 synth_eps=0.0149 synth_eps_raw=0.0149 synth_x0_hit=0.0000 synth_total=0.0149 prior_preserve=0.0031 extra_render_attn_share=0.5600
[step 21900] real_p1_mirror_hole_cov=0.1485 real_p1_eps=0.0777 real_p1_hole_frac=0.0868 real_p2_eps=0.0448 real_p2_hit=0.0000 real_total=0.1225 discr_adv=0.9834 x0_d_real=-0.2081 x0_d_fake=-0.2412 g_grad_abs=778.9591 d_grad_abs=120.2423 synth_eps=0.3201 synth_eps_raw=0.3201 synth_x0_hit=1.0000 synth_x0_t=150.0000 synth_x0_ldif=0.0666 synth_x0_gen_adv=0.4770 synth_x0_lfm=0.0063 synth_total=0.4470 prior_preserve=0.0012 extra_render_attn_share=0.5600
[step 21950] real_p1_mirror_hole_cov=0.0918 real_p1_eps=0.0496 real_p1_hole_frac=0.0277 real_p2_eps=0.0092 real_p2_hit=0.0000 real_total=0.0588 discr_adv=0.9310 x0_d_real=0.4156 x0_d_fake=0.2775 g_grad_abs=691.8695 d_grad_abs=562.6665 synth_eps=0.0561 synth_eps_raw=0.0561 synth_x0_hit=0.0000 synth_total=0.0561 prior_preserve=0.0001 extra_render_attn_share=0.5600
[val step 21999] val_novel_full=0.0334 val_novel_hole=0.0351 val_novel_visible=0.0326
[step 22000] real_p1_mirror_hole_cov=0.0105 real_p1_eps=0.0898 real_p1_hole_frac=0.1610 real_p2_eps=0.0231 real_p2_hit=0.0000 real_total=0.1130 synth_eps=0.0791 synth_eps_raw=0.0791 synth_x0_hit=0.0000 synth_total=0.0791 prior_preserve=0.0002 extra_render_attn_share=0.5653
[images] real: anchor | cond1 | cond2 | inv_warp_mirror | mask | mask_inv | warp_img | warp_warp_img | x | y_hat | y_hat_novel -> /home/xzy/warpgan-diffusiong-inpainting/warpgan-diffusion-inpainting-main/experiments/train_inpainting_diffusion/[20260914-030356]_v18w8_w5full_100k/logs/images/train/real_step0022000.png
[images] synth: cond | mask | target | warp_img | x | y_hat_novel -> /home/xzy/warpgan-diffusiong-inpainting/warpgan-diffusion-inpainting-main/experiments/train_inpainting_diffusion/[20260914-030356]_v18w8_w5full_100k/logs/images/train/synth_step0022000.png
[step 22050] real_p1_mirror_hole_cov=0.0054 real_p1_eps=0.1779 real_p1_hole_frac=0.1290 real_p2_eps=0.7427 real_p2_hit=1.0000 real_p2_t=1.0000 real_p2_ldif=0.0013 real_p2_gen_adv=0.0716 real_p2_lfm=0.0002 real_total=0.9295 discr_adv=0.9990 p2_d_real=-0.0695 p2_d_fake=-0.0716 g_grad_abs=1695.4299 d_grad_abs=14.6343 synth_eps=0.0044 synth_eps_raw=0.0044 synth_x0_hit=0.0000 synth_total=0.0044 prior_preserve=0.0001 extra_render_attn_share=0.5653
[step 22100] real_p1_mirror_hole_cov=0.0932 real_p1_eps=0.1244 real_p1_hole_frac=0.2018 real_p2_eps=0.0626 real_p2_hit=0.0000 real_total=0.1870 synth_eps=0.3870 synth_eps_raw=0.3870 synth_x0_hit=1.0000 synth_x0_t=119.0000 synth_x0_ldif=0.0578 synth_x0_gen_adv=-0.5619 synth_x0_lfm=0.0064 synth_total=0.4015 prior_preserve=0.0001 extra_render_attn_share=0.5653
[step 22150] real_p1_mirror_hole_cov=0.0322 real_p1_eps=0.1651 real_p1_hole_frac=0.1023 real_p2_eps=0.0012 real_p2_hit=0.0000 real_total=0.1663 synth_eps=0.3953 synth_eps_raw=0.3953 synth_x0_hit=1.0000 synth_x0_t=103.0000 synth_x0_ldif=0.0486 synth_x0_gen_adv=-0.5601 synth_x0_lfm=0.0032 synth_total=0.3943 prior_preserve=0.0003 extra_render_attn_share=0.5653
[step 22200] real_p1_mirror_hole_cov=0.0198 real_p1_eps=0.0952 real_p1_hole_frac=0.0744 real_p2_eps=0.0051 real_p2_hit=0.0000 real_total=0.1003 discr_adv=0.9360 x0_d_real=-0.1323 x0_d_fake=-0.2604 g_grad_abs=719.1352 d_grad_abs=854.9602 synth_eps=0.0010 synth_eps_raw=0.0010 synth_x0_hit=0.0000 synth_total=0.0010 prior_preserve=0.0004 extra_render_attn_share=0.5653
[step 22250] real_p1_mirror_hole_cov=0.2081 real_p1_eps=0.1422 real_p1_hole_frac=0.3990 real_p2_eps=0.1467 real_p2_hit=1.0000 real_p2_t=282.0000 real_p2_ldif=0.0897 real_p2_gen_adv=0.6020 real_p2_lfm=0.0054 real_total=0.4495 discr_adv=1.0799 p2_d_real=-0.7609 p2_d_fake=-0.6020 g_grad_abs=2255.5313 d_grad_abs=537.2200 synth_eps=0.0500 synth_eps_raw=0.0500 synth_x0_hit=0.0000 synth_total=0.0500 prior_preserve=0.0014 extra_render_attn_share=0.5653
[step 22300] real_p1_mirror_hole_cov=0.1081 real_p1_eps=0.3335 real_p1_hole_frac=0.4941 real_p2_eps=0.0095 real_p2_hit=0.0000 real_total=0.3430 synth_eps=0.2091 synth_eps_raw=0.2091 synth_x0_hit=1.0000 synth_x0_t=238.0000 synth_x0_ldif=0.0925 synth_x0_gen_adv=0.6043 synth_x0_lfm=0.0060 synth_total=0.3741 prior_preserve=0.0005 extra_render_attn_share=0.5653
[step 22350] real_p1_mirror_hole_cov=0.0950 real_p1_eps=0.1172 real_p1_hole_frac=0.1784 real_p2_eps=0.0012 real_p2_hit=0.0000 real_total=0.1184 synth_eps=0.0066 synth_eps_raw=0.0066 synth_x0_hit=0.0000 synth_total=0.0066 prior_preserve=0.0030 extra_render_attn_share=0.5653
[step 22400] real_p1_mirror_hole_cov=0.0784 real_p1_eps=0.0843 real_p1_hole_frac=0.1251 real_p2_eps=0.0012 real_p2_hit=0.0000 real_total=0.0855 synth_eps=0.1092 synth_eps_raw=0.1092 synth_x0_hit=0.0000 synth_total=0.1092 prior_preserve=0.0002 extra_render_attn_share=0.5653
[step 22450] real_p1_mirror_hole_cov=0.2799 real_p1_eps=0.2629 real_p1_hole_frac=0.2182 real_p2_eps=0.0038 real_p2_hit=0.0000 real_total=0.2667 synth_eps=0.2160 synth_eps_raw=0.2160 synth_x0_hit=1.0000 synth_x0_t=212.0000 synth_x0_ldif=0.0779 synth_x0_gen_adv=-0.1695 synth_x0_lfm=0.0055 synth_total=0.2881 prior_preserve=0.0005 extra_render_attn_share=0.5653
[step 22500] real_p1_mirror_hole_cov=0.1773 real_p1_eps=0.1711 real_p1_hole_frac=0.0406 real_p2_eps=0.0017 real_p2_hit=0.0000 real_total=0.1728 synth_eps=0.4856 synth_eps_raw=0.4856 synth_x0_hit=1.0000 synth_x0_t=51.0000 synth_x0_ldif=0.0253 synth_x0_gen_adv=0.1315 synth_x0_lfm=0.0037 synth_total=0.5314 prior_preserve=0.0004 extra_render_attn_share=0.5653
[images] real: anchor | cond1 | cond2 | inv_warp_mirror | mask | mask_inv | warp_img | warp_warp_img | x | y_hat | y_hat_novel -> /home/xzy/warpgan-diffusiong-inpainting/warpgan-diffusion-inpainting-main/experiments/train_inpainting_diffusion/[20260914-030356]_v18w8_w5full_100k/logs/images/train/real_step0022500.png
[images] synth: cond | mask | target | warp_img | x | y_hat_novel -> /home/xzy/warpgan-diffusiong-inpainting/warpgan-diffusion-inpainting-main/experiments/train_inpainting_diffusion/[20260914-030356]_v18w8_w5full_100k/logs/images/train/synth_step0022500.png
[step 22550] real_p1_mirror_hole_cov=0.0053 real_p1_eps=0.0640 real_p1_hole_frac=0.0739 real_p2_eps=0.0021 real_p2_hit=0.0000 real_total=0.0661 synth_eps=0.0405 synth_eps_raw=0.0405 synth_x0_hit=0.0000 synth_total=0.0405 prior_preserve=0.0006 extra_render_attn_share=0.5653
[step 22600] real_p1_mirror_hole_cov=0.0099 real_p1_eps=0.0658 real_p1_hole_frac=0.1173 real_p2_eps=0.3460 real_p2_hit=1.0000 real_p2_t=28.0000 real_p2_ldif=0.0093 real_p2_gen_adv=-0.3223 real_p2_lfm=0.0007 real_total=0.3902 discr_adv=2.0890 x0_d_real=-0.3796 x0_d_fake=-0.1883 p2_d_real=0.3355 p2_d_fake=0.3223 g_grad_abs=1275.6755 d_grad_abs=1231.4473 synth_eps=0.0471 synth_eps_raw=0.0471 synth_x0_hit=0.0000 synth_total=0.0471 prior_preserve=0.0003 extra_render_attn_share=0.5653
[step 22650] real_p1_mirror_hole_cov=0.0201 real_p1_eps=0.5805 real_p1_hole_frac=0.3425 real_p2_eps=0.0099 real_p2_hit=0.0000 real_total=0.5904 synth_eps=0.0083 synth_eps_raw=0.0083 synth_x0_hit=0.0000 synth_total=0.0083 prior_preserve=0.0010 extra_render_attn_share=0.5653
[step 22700] real_p1_mirror_hole_cov=0.0902 real_p1_eps=0.0361 real_p1_hole_frac=0.0201 real_p2_eps=0.0340 real_p2_hit=0.0000 real_total=0.0701 synth_eps=0.0477 synth_eps_raw=0.0477 synth_x0_hit=0.0000 synth_total=0.0477 prior_preserve=0.0006 extra_render_attn_share=0.5653
[step 22750] real_p1_mirror_hole_cov=0.1034 real_p1_eps=0.1163 real_p1_hole_frac=0.3694 real_p2_eps=0.2761 real_p2_hit=1.0000 real_p2_t=122.0000 real_p2_ldif=0.0427 real_p2_gen_adv=0.3140 real_p2_lfm=0.0037 real_total=0.4740 discr_adv=1.8795 x0_d_real=-0.5571 x0_d_fake=-0.7074 p2_d_real=-0.2185 p2_d_fake=-0.3140 g_grad_abs=1434.2401 d_grad_abs=649.1812 synth_eps=0.0115 synth_eps_raw=0.0115 synth_x0_hit=0.0000 synth_total=0.0115 prior_preserve=0.0008 extra_render_attn_share=0.5653
[step 22800] real_p1_mirror_hole_cov=0.1486 real_p1_eps=0.0783 real_p1_hole_frac=0.1071 real_p2_eps=0.0026 real_p2_hit=0.0000 real_total=0.0809 discr_adv=1.0334 x0_d_real=-0.0657 x0_d_fake=0.0011 g_grad_abs=724.6536 d_grad_abs=463.3115 synth_eps=0.0977 synth_eps_raw=0.0977 synth_x0_hit=0.0000 synth_total=0.0977 prior_preserve=0.0009 extra_render_attn_share=0.5653
[step 22850] real_p1_mirror_hole_cov=0.0258 real_p1_eps=0.2013 real_p1_hole_frac=0.4864 real_p2_eps=0.4487 real_p2_hit=1.0000 real_p2_t=56.0000 real_p2_ldif=0.0260 real_p2_gen_adv=0.4612 real_p2_lfm=0.0021 real_total=0.7263 discr_adv=1.8783 x0_d_real=-0.0840 x0_d_fake=-0.1877 p2_d_real=-0.3103 p2_d_fake=-0.4612 g_grad_abs=1591.4383 d_grad_abs=889.5366 synth_eps=0.2097 synth_eps_raw=0.2097 synth_x0_hit=1.0000 synth_x0_t=295.0000 synth_x0_ldif=0.1404 synth_x0_gen_adv=-0.6792 synth_x0_lfm=0.0109 synth_total=0.3040 prior_preserve=0.0002 extra_render_attn_share=0.5653
[step 22900] real_p1_mirror_hole_cov=0.0425 real_p1_eps=0.1132 real_p1_hole_frac=0.0506 real_p2_eps=0.2258 real_p2_hit=1.0000 real_p2_t=58.0000 real_p2_ldif=0.0136 real_p2_gen_adv=-0.3451 real_p2_lfm=0.0019 real_total=0.3219 discr_adv=1.9939 x0_d_real=0.5149 x0_d_fake=0.4870 p2_d_real=0.3296 p2_d_fake=0.3451 g_grad_abs=1527.3162 d_grad_abs=236.5618 synth_eps=0.0986 synth_eps_raw=0.0986 synth_x0_hit=0.0000 synth_total=0.0986 prior_preserve=0.0022 extra_render_attn_share=0.5653
[step 22950] real_p1_mirror_hole_cov=0.5820 real_p1_eps=0.1647 real_p1_hole_frac=0.0639 real_p2_eps=0.1165 real_p2_hit=1.0000 real_p2_t=143.0000 real_p2_ldif=0.0226 real_p2_gen_adv=0.0408 real_p2_lfm=0.0036 real_total=0.3150 discr_adv=1.0686 p2_d_real=-0.1781 p2_d_fake=-0.0408 g_grad_abs=1510.3085 d_grad_abs=993.6218 synth_eps=0.1876 synth_eps_raw=0.1876 synth_x0_hit=1.0000 synth_x0_t=286.0000 synth_x0_ldif=0.1179 synth_x0_gen_adv=-0.6602 synth_x0_lfm=0.0068 synth_total=0.2532 prior_preserve=0.0002 extra_render_attn_share=0.5653
[step 23000] real_p1_mirror_hole_cov=0.1372 real_p1_eps=0.3991 real_p1_hole_frac=0.2595 real_p2_eps=0.0426 real_p2_hit=0.0000 real_total=0.4417 synth_eps=0.1764 synth_eps_raw=0.1764 synth_x0_hit=1.0000 synth_x0_t=281.0000 synth_x0_ldif=0.1070 synth_x0_gen_adv=-0.5888 synth_x0_lfm=0.0068 synth_total=0.2381 prior_preserve=0.0408 extra_render_attn_share=0.5653
[images] real: anchor | cond1 | cond2 | inv_warp_mirror | mask | mask_inv | warp_img | warp_warp_img | x | y_hat | y_hat_novel -> /home/xzy/warpgan-diffusiong-inpainting/warpgan-diffusion-inpainting-main/experiments/train_inpainting_diffusion/[20260914-030356]_v18w8_w5full_100k/logs/images/train/real_step0023000.png
[images] synth: cond | mask | target | warp_img | x | y_hat_novel -> /home/xzy/warpgan-diffusiong-inpainting/warpgan-diffusion-inpainting-main/experiments/train_inpainting_diffusion/[20260914-030356]_v18w8_w5full_100k/logs/images/train/synth_step0023000.png
[step 23050] real_p1_mirror_hole_cov=0.1268 real_p1_eps=0.2033 real_p1_hole_frac=0.1737 real_p2_eps=0.0163 real_p2_hit=0.0000 real_total=0.2195 synth_eps=0.0124 synth_eps_raw=0.0124 synth_x0_hit=0.0000 synth_total=0.0124 prior_preserve=0.0018 extra_render_attn_share=0.5653
[step 23100] real_p1_mirror_hole_cov=0.0187 real_p1_eps=0.1188 real_p1_hole_frac=0.3669 real_p2_eps=0.1045 real_p2_hit=0.0000 real_total=0.2232 synth_eps=0.0529 synth_eps_raw=0.0529 synth_x0_hit=0.0000 synth_total=0.0529 prior_preserve=0.0005 extra_render_attn_share=0.5653
[step 23150] real_p1_mirror_hole_cov=0.2234 real_p1_eps=0.3472 real_p1_hole_frac=0.5240 real_p2_eps=0.0074 real_p2_hit=0.0000 real_total=0.3547 synth_eps=0.2032 synth_eps_raw=0.2032 synth_x0_hit=1.0000 synth_x0_t=211.0000 synth_x0_ldif=0.0727 synth_x0_gen_adv=0.6076 synth_x0_lfm=0.0067 synth_total=0.3499 prior_preserve=0.0001 extra_render_attn_share=0.5653
[step 23200] real_p1_mirror_hole_cov=0.2733 real_p1_eps=0.1971 real_p1_hole_frac=0.5559 real_p2_eps=0.0804 real_p2_hit=0.0000 real_total=0.2775 discr_adv=0.9948 x0_d_real=-0.3541 x0_d_fake=-0.3645 g_grad_abs=1199.8670 d_grad_abs=104.0236 synth_eps=0.3010 synth_eps_raw=0.3010 synth_x0_hit=1.0000 synth_x0_t=131.0000 synth_x0_ldif=0.0514 synth_x0_gen_adv=0.4029 synth_x0_lfm=0.0037 synth_total=0.4001 prior_preserve=0.0008 extra_render_attn_share=0.5653
[step 23250] real_p1_mirror_hole_cov=0.0352 real_p1_eps=0.1019 real_p1_hole_frac=0.1593 real_p2_eps=0.1379 real_p2_hit=1.0000 real_p2_t=281.0000 real_p2_ldif=0.0837 real_p2_gen_adv=-0.2221 real_p2_lfm=0.0054 real_total=0.3120 discr_adv=1.9895 x0_d_real=0.0854 x0_d_fake=0.0716 p2_d_real=0.2294 p2_d_fake=0.2221 g_grad_abs=2054.3178 d_grad_abs=494.9983 synth_eps=0.1306 synth_eps_raw=0.1306 synth_x0_hit=1.0000 synth_x0_t=298.0000 synth_x0_ldif=0.0893 synth_x0_gen_adv=0.4450 synth_x0_lfm=0.0019 synth_total=0.2682 prior_preserve=0.0016 extra_render_attn_share=0.5653
[step 23300] real_p1_mirror_hole_cov=0.0894 real_p1_eps=0.2034 real_p1_hole_frac=0.5114 real_p2_eps=0.0629 real_p2_hit=0.0000 real_total=0.2663 synth_eps=0.0035 synth_eps_raw=0.0035 synth_x0_hit=0.0000 synth_total=0.0035 prior_preserve=0.0001 extra_render_attn_share=0.5653
[step 23350] real_p1_mirror_hole_cov=0.2293 real_p1_eps=0.2358 real_p1_hole_frac=0.6321 real_p2_eps=0.3308 real_p2_hit=1.0000 real_p2_t=96.0000 real_p2_ldif=0.0371 real_p2_gen_adv=0.3041 real_p2_lfm=0.0030 real_total=0.6401 discr_adv=0.9254 p2_d_real=-0.1548 p2_d_fake=-0.3041 g_grad_abs=1451.5391 d_grad_abs=596.7842 synth_eps=0.0125 synth_eps_raw=0.0125 synth_x0_hit=0.0000 synth_total=0.0125 prior_preserve=0.0008 extra_render_attn_share=0.5653
[step 23400] real_p1_mirror_hole_cov=0.2237 real_p1_eps=0.3857 real_p1_hole_frac=0.2212 real_p2_eps=0.0115 real_p2_hit=0.0000 real_total=0.3972 synth_eps=0.1033 synth_eps_raw=0.1033 synth_x0_hit=0.0000 synth_total=0.1033 prior_preserve=0.0004 extra_render_attn_share=0.5653
[step 23450] real_p1_mirror_hole_cov=0.0025 real_p1_eps=0.0633 real_p1_hole_frac=0.1450 real_p2_eps=0.1085 real_p2_hit=1.0000 real_p2_t=242.0000 real_p2_ldif=0.0495 real_p2_gen_adv=-0.5924 real_p2_lfm=0.0055 real_total=0.1730 discr_adv=0.9993 p2_d_real=0.5938 p2_d_fake=0.5924 g_grad_abs=1321.5795 d_grad_abs=290.9915 synth_eps=0.0457 synth_eps_raw=0.0457 synth_x0_hit=0.0000 synth_total=0.0457 prior_preserve=0.0012 extra_render_attn_share=0.5653
[step 23500] real_p1_mirror_hole_cov=0.4144 real_p1_eps=0.5130 real_p1_hole_frac=0.1831 real_p2_eps=0.0739 real_p2_hit=0.0000 real_total=0.5869 synth_eps=0.0088 synth_eps_raw=0.0088 synth_x0_hit=0.0000 synth_total=0.0088 prior_preserve=0.0050 extra_render_attn_share=0.5653
[images] real: anchor | cond1 | cond2 | inv_warp_mirror | mask | mask_inv | warp_img | warp_warp_img | x | y_hat | y_hat_novel -> /home/xzy/warpgan-diffusiong-inpainting/warpgan-diffusion-inpainting-main/experiments/train_inpainting_diffusion/[20260914-030356]_v18w8_w5full_100k/logs/images/train/real_step0023500.png
[images] synth: cond | mask | target | warp_img | x | y_hat_novel -> /home/xzy/warpgan-diffusiong-inpainting/warpgan-diffusion-inpainting-main/experiments/train_inpainting_diffusion/[20260914-030356]_v18w8_w5full_100k/logs/images/train/synth_step0023500.png
[step 23550] real_p1_mirror_hole_cov=0.0192 real_p1_eps=0.1233 real_p1_hole_frac=0.3270 real_p2_eps=0.0215 real_p2_hit=0.0000 real_total=0.1448 synth_eps=0.2770 synth_eps_raw=0.2770 synth_x0_hit=1.0000 synth_x0_t=184.0000 synth_x0_ldif=0.0789 synth_x0_gen_adv=-0.0830 synth_x0_lfm=0.0067 synth_total=0.3609 prior_preserve=0.0006 extra_render_attn_share=0.5653
[step 23600] real_p1_mirror_hole_cov=0.0000 real_p1_eps=0.0542 real_p1_hole_frac=0.0663 real_p2_eps=0.5037 real_p2_hit=1.0000 real_p2_t=4.0000 real_p2_ldif=0.0022 real_p2_gen_adv=0.2089 real_p2_lfm=0.0002 real_total=0.5814 discr_adv=1.9411 x0_d_real=0.0077 x0_d_fake=-0.0967 p2_d_real=-0.1954 p2_d_fake=-0.2089 g_grad_abs=1741.2933 d_grad_abs=558.1471 synth_eps=0.0812 synth_eps_raw=0.0812 synth_x0_hit=0.0000 synth_total=0.0812 prior_preserve=0.0001 extra_render_attn_share=0.5653
[step 23650] real_p1_mirror_hole_cov=0.1388 real_p1_eps=0.1131 real_p1_hole_frac=0.0354 real_p2_eps=0.0038 real_p2_hit=0.0000 real_total=0.1170 synth_eps=0.8427 synth_eps_raw=0.8427 synth_x0_hit=1.0000 synth_x0_t=4.0000 synth_x0_ldif=0.0036 synth_x0_gen_adv=-0.3130 synth_x0_lfm=0.0004 synth_total=0.8158 prior_preserve=0.0002 extra_render_attn_share=0.5653
[step 23700] real_p1_mirror_hole_cov=0.2156 real_p1_eps=0.3148 real_p1_hole_frac=0.5131 real_p2_eps=0.0903 real_p2_hit=0.0000 real_total=0.4052 synth_eps=0.0103 synth_eps_raw=0.0103 synth_x0_hit=0.0000 synth_total=0.0103 prior_preserve=0.0004 extra_render_attn_share=0.5653
[step 23750] real_p1_mirror_hole_cov=0.3265 real_p1_eps=0.2239 real_p1_hole_frac=0.4947 real_p2_eps=0.1668 real_p2_hit=1.0000 real_p2_t=290.0000 real_p2_ldif=0.1079 real_p2_gen_adv=-0.1978 real_p2_lfm=0.0078 real_total=0.4944 discr_adv=0.9517 p2_d_real=0.2945 p2_d_fake=0.1978 g_grad_abs=1816.9451 d_grad_abs=355.5332 synth_eps=0.0014 synth_eps_raw=0.0014 synth_x0_hit=0.0000 synth_total=0.0014 prior_preserve=0.0004 extra_render_attn_share=0.5653
[step 23800] real_p1_mirror_hole_cov=0.2310 real_p1_eps=0.1300 real_p1_hole_frac=0.4892 real_p2_eps=0.0161 real_p2_hit=0.0000 real_total=0.1461 discr_adv=0.9441 x0_d_real=0.5135 x0_d_fake=0.4017 g_grad_abs=744.2774 d_grad_abs=408.4950 synth_eps=0.3421 synth_eps_raw=0.3421 synth_x0_hit=1.0000 synth_x0_t=173.0000 synth_x0_ldif=0.0884 synth_x0_gen_adv=-0.4845 synth_x0_lfm=0.0065 synth_total=0.3950 prior_preserve=0.0003 extra_render_attn_share=0.5653
[step 23850] real_p1_mirror_hole_cov=0.0359 real_p1_eps=0.1023 real_p1_hole_frac=0.3285 real_p2_eps=0.0018 real_p2_hit=0.0000 real_total=0.1041 synth_eps=0.1270 synth_eps_raw=0.1270 synth_x0_hit=0.0000 synth_total=0.1270 prior_preserve=0.0002 extra_render_attn_share=0.5653
[step 23900] real_p1_mirror_hole_cov=0.0110 real_p1_eps=0.0881 real_p1_hole_frac=0.3018 real_p2_eps=0.4925 real_p2_hit=1.0000 real_p2_t=23.0000 real_p2_ldif=0.0108 real_p2_gen_adv=-0.2057 real_p2_lfm=0.0014 real_total=0.5736 discr_adv=0.9818 p2_d_real=0.2420 p2_d_fake=0.2057 g_grad_abs=1435.7292 d_grad_abs=115.1664 synth_eps=0.1539 synth_eps_raw=0.1539 synth_x0_hit=0.0000 synth_total=0.1539 prior_preserve=0.0003 extra_render_attn_share=0.5653
[step 23950] real_p1_mirror_hole_cov=0.1784 real_p1_eps=0.1270 real_p1_hole_frac=0.5743 real_p2_eps=0.1949 real_p2_hit=1.0000 real_p2_t=205.0000 real_p2_ldif=0.0664 real_p2_gen_adv=0.4736 real_p2_lfm=0.0043 real_total=0.4441 discr_adv=1.0407 p2_d_real=-0.5550 p2_d_fake=-0.4736 g_grad_abs=1540.8722 d_grad_abs=449.4317 synth_eps=0.3257 synth_eps_raw=0.3257 synth_x0_hit=1.0000 synth_x0_t=116.0000 synth_x0_ldif=0.0470 synth_x0_gen_adv=0.7020 synth_x0_lfm=0.0044 synth_total=0.4516 prior_preserve=0.0007 extra_render_attn_share=0.5653
[val step 23999] val_novel_full=0.0285 val_novel_hole=0.0315 val_novel_visible=0.0278
[step 24000] real_p1_mirror_hole_cov=0.2045 real_p1_eps=0.3049 real_p1_hole_frac=0.5896 real_p2_eps=0.0065 real_p2_hit=0.0000 real_total=0.3113 synth_eps=0.1346 synth_eps_raw=0.1346 synth_x0_hit=0.0000 synth_total=0.1346 prior_preserve=0.0004 extra_render_attn_share=0.5690
[images] real: anchor | cond1 | cond2 | inv_warp_mirror | mask | mask_inv | warp_img | warp_warp_img | x | y_hat | y_hat_novel -> /home/xzy/warpgan-diffusiong-inpainting/warpgan-diffusion-inpainting-main/experiments/train_inpainting_diffusion/[20260914-030356]_v18w8_w5full_100k/logs/images/train/real_step0024000.png
[images] synth: cond | mask | target | warp_img | x | y_hat_novel -> /home/xzy/warpgan-diffusiong-inpainting/warpgan-diffusion-inpainting-main/experiments/train_inpainting_diffusion/[20260914-030356]_v18w8_w5full_100k/logs/images/train/synth_step0024000.png
[step 24050] real_p1_mirror_hole_cov=0.0565 real_p1_eps=0.6964 real_p1_hole_frac=0.1705 real_p2_eps=0.0262 real_p2_hit=0.0000 real_total=0.7226 discr_adv=0.9695 x0_d_real=0.3248 x0_d_fake=0.2596 g_grad_abs=1809.4836 d_grad_abs=452.8091 synth_eps=0.2039 synth_eps_raw=0.2039 synth_x0_hit=1.0000 synth_x0_t=261.0000 synth_x0_ldif=0.1071 synth_x0_gen_adv=-0.4260 synth_x0_lfm=0.0052 synth_total=0.2786 prior_preserve=0.0003 extra_render_attn_share=0.5690
[step 24100] real_p1_mirror_hole_cov=0.0429 real_p1_eps=0.1065 real_p1_hole_frac=0.2920 real_p2_eps=0.0107 real_p2_hit=0.0000 real_total=0.1172 synth_eps=0.0064 synth_eps_raw=0.0064 synth_x0_hit=0.0000 synth_total=0.0064 prior_preserve=0.0003 extra_render_attn_share=0.5690
[step 24150] real_p1_mirror_hole_cov=0.0901 real_p1_eps=0.3480 real_p1_hole_frac=0.2119 real_p2_eps=0.0133 real_p2_hit=0.0000 real_total=0.3614 discr_adv=0.8491 x0_d_real=-0.2664 x0_d_fake=-0.5694 g_grad_abs=1401.3896 d_grad_abs=1767.8054 synth_eps=0.0641 synth_eps_raw=0.0641 synth_x0_hit=0.0000 synth_total=0.0641 prior_preserve=0.0002 extra_render_attn_share=0.5690
[step 24200] real_p1_mirror_hole_cov=0.0736 real_p1_eps=0.1517 real_p1_hole_frac=0.3482 real_p2_eps=0.0068 real_p2_hit=0.0000 real_total=0.1585 discr_adv=0.9673 x0_d_real=-0.5960 x0_d_fake=-0.6615 g_grad_abs=1245.5524 d_grad_abs=222.6389 synth_eps=0.1123 synth_eps_raw=0.1123 synth_x0_hit=0.0000 synth_total=0.1123 prior_preserve=0.0016 extra_render_attn_share=0.5690
[step 24250] real_p1_mirror_hole_cov=0.0258 real_p1_eps=0.1415 real_p1_hole_frac=0.2086 real_p2_eps=0.0578 real_p2_hit=0.0000 real_total=0.1993 discr_adv=0.8623 x0_d_real=-0.0680 x0_d_fake=-0.3436 g_grad_abs=1037.1126 d_grad_abs=732.3964 synth_eps=0.6471 synth_eps_raw=0.6471 synth_x0_hit=1.0000 synth_x0_t=17.0000 synth_x0_ldif=0.0105 synth_x0_gen_adv=0.1207 synth_x0_lfm=0.0014 synth_total=0.6724 prior_preserve=0.0007 extra_render_attn_share=0.5690
[step 24300] real_p1_mirror_hole_cov=0.1599 real_p1_eps=0.3167 real_p1_hole_frac=0.3414 real_p2_eps=0.0338 real_p2_hit=0.0000 real_total=0.3505 synth_eps=0.0010 synth_eps_raw=0.0010 synth_x0_hit=0.0000 synth_total=0.0010 prior_preserve=0.0003 extra_render_attn_share=0.5690
[step 24350] real_p1_mirror_hole_cov=0.0499 real_p1_eps=0.0918 real_p1_hole_frac=0.1381 real_p2_eps=0.2461 real_p2_hit=1.0000 real_p2_t=86.0000 real_p2_ldif=0.0240 real_p2_gen_adv=-0.4456 real_p2_lfm=0.0021 real_total=0.3215 discr_adv=0.9978 p2_d_real=0.4501 p2_d_fake=0.4456 g_grad_abs=1461.1076 d_grad_abs=22.8437 synth_eps=0.0031 synth_eps_raw=0.0031 synth_x0_hit=0.0000 synth_total=0.0031 prior_preserve=0.0002 extra_render_attn_share=0.5690
[step 24400] real_p1_mirror_hole_cov=0.1889 real_p1_eps=0.1714 real_p1_hole_frac=0.4037 real_p2_eps=0.0131 real_p2_hit=0.0000 real_total=0.1845 synth_eps=0.0040 synth_eps_raw=0.0040 synth_x0_hit=0.0000 synth_total=0.0040 prior_preserve=0.0002 extra_render_attn_share=0.5690
[step 24450] real_p1_mirror_hole_cov=0.1214 real_p1_eps=0.1236 real_p1_hole_frac=0.3510 real_p2_eps=0.0082 real_p2_hit=0.0000 real_total=0.1318 synth_eps=0.0489 synth_eps_raw=0.0489 synth_x0_hit=0.0000 synth_total=0.0489 prior_preserve=0.0042 extra_render_attn_share=0.5690
[step 24500] real_p1_mirror_hole_cov=0.0293 real_p1_eps=0.1548 real_p1_hole_frac=0.4380 real_p2_eps=0.4760 real_p2_hit=1.0000 real_p2_t=44.0000 real_p2_ldif=0.0210 real_p2_gen_adv=0.3778 real_p2_lfm=0.0015 real_total=0.6925 discr_adv=1.8538 x0_d_real=-0.6413 x0_d_fake=-0.8759 p2_d_real=-0.3002 p2_d_fake=-0.3778 g_grad_abs=1518.5855 d_grad_abs=1191.9144 synth_eps=0.0074 synth_eps_raw=0.0074 synth_x0_hit=0.0000 synth_total=0.0074 prior_preserve=0.0003 extra_render_attn_share=0.5690
[images] real: anchor | cond1 | cond2 | inv_warp_mirror | mask | mask_inv | warp_img | warp_warp_img | x | y_hat | y_hat_novel -> /home/xzy/warpgan-diffusiong-inpainting/warpgan-diffusion-inpainting-main/experiments/train_inpainting_diffusion/[20260914-030356]_v18w8_w5full_100k/logs/images/train/real_step0024500.png
[images] synth: cond | mask | target | warp_img | x | y_hat_novel -> /home/xzy/warpgan-diffusiong-inpainting/warpgan-diffusion-inpainting-main/experiments/train_inpainting_diffusion/[20260914-030356]_v18w8_w5full_100k/logs/images/train/synth_step0024500.png
[step 24550] real_p1_mirror_hole_cov=0.1954 real_p1_eps=0.2620 real_p1_hole_frac=0.2809 real_p2_eps=0.0205 real_p2_hit=0.0000 real_total=0.2825 synth_eps=0.0068 synth_eps_raw=0.0068 synth_x0_hit=0.0000 synth_total=0.0068 prior_preserve=0.0003 extra_render_attn_share=0.5690
[step 24600] real_p1_mirror_hole_cov=0.0422 real_p1_eps=0.0489 real_p1_hole_frac=0.0615 real_p2_eps=0.0117 real_p2_hit=0.0000 real_total=0.0606 synth_eps=0.0388 synth_eps_raw=0.0388 synth_x0_hit=0.0000 synth_total=0.0388 prior_preserve=0.0003 extra_render_attn_share=0.5690
[step 24650] real_p1_mirror_hole_cov=0.0223 real_p1_eps=0.0610 real_p1_hole_frac=0.1152 real_p2_eps=0.0863 real_p2_hit=1.0000 real_p2_t=299.0000 real_p2_ldif=0.0594 real_p2_gen_adv=-0.2164 real_p2_lfm=0.0044 real_total=0.1939 discr_adv=1.0343 p2_d_real=0.1478 p2_d_fake=0.2164 g_grad_abs=1398.2705 d_grad_abs=325.0940 synth_eps=0.0066 synth_eps_raw=0.0066 synth_x0_hit=0.0000 synth_total=0.0066 prior_preserve=0.0011 extra_render_attn_share=0.5690
[step 24700] real_p1_mirror_hole_cov=0.0666 real_p1_eps=0.1261 real_p1_hole_frac=0.2555 real_p2_eps=0.1190 real_p2_hit=0.0000 real_total=0.2451 synth_eps=0.1495 synth_eps_raw=0.1495 synth_x0_hit=1.0000 synth_x0_t=292.0000 synth_x0_ldif=0.0980 synth_x0_gen_adv=-0.5527 synth_x0_lfm=0.0055 synth_total=0.2032 prior_preserve=0.0002 extra_render_attn_share=0.5690
[step 24750] real_p1_mirror_hole_cov=0.0262 real_p1_eps=0.2535 real_p1_hole_frac=0.1036 real_p2_eps=0.0657 real_p2_hit=0.0000 real_total=0.3193 synth_eps=0.1871 synth_eps_raw=0.1871 synth_x0_hit=0.0000 synth_total=0.1871 prior_preserve=0.0008 extra_render_attn_share=0.5690
[step 24800] real_p1_mirror_hole_cov=0.1151 real_p1_eps=0.1573 real_p1_hole_frac=0.5378 real_p2_eps=0.2957 real_p2_hit=1.0000 real_p2_t=156.0000 real_p2_ldif=0.0652 real_p2_gen_adv=0.1393 real_p2_lfm=0.0041 real_total=0.5402 discr_adv=2.3107 x0_d_real=0.1314 x0_d_fake=0.7418 p2_d_real=-0.1502 p2_d_fake=-0.1393 g_grad_abs=1435.9980 d_grad_abs=2006.6684 synth_eps=0.1109 synth_eps_raw=0.1109 synth_x0_hit=0.0000 synth_total=0.1109 prior_preserve=0.0003 extra_render_attn_share=0.5690
[step 24850] real_p1_mirror_hole_cov=0.1407 real_p1_eps=0.2418 real_p1_hole_frac=0.4435 real_p2_eps=0.0067 real_p2_hit=0.0000 real_total=0.2486 discr_adv=0.9546 x0_d_real=0.6038 x0_d_fake=0.5131 g_grad_abs=1119.7751 d_grad_abs=926.4365 synth_eps=0.0010 synth_eps_raw=0.0010 synth_x0_hit=0.0000 synth_total=0.0010 prior_preserve=0.0006 extra_render_attn_share=0.5690
[step 24900] real_p1_mirror_hole_cov=0.0557 real_p1_eps=0.2977 real_p1_hole_frac=0.3471 real_p2_eps=0.0013 real_p2_hit=0.0000 real_total=0.2990 synth_eps=0.3519 synth_eps_raw=0.3519 synth_x0_hit=1.0000 synth_x0_t=142.0000 synth_x0_ldif=0.0675 synth_x0_gen_adv=-0.1269 synth_x0_lfm=0.0051 synth_total=0.4170 prior_preserve=0.0004 extra_render_attn_share=0.5690
[step 24950] real_p1_mirror_hole_cov=0.0596 real_p1_eps=0.2176 real_p1_hole_frac=0.3534 real_p2_eps=0.0712 real_p2_hit=0.0000 real_total=0.2888 synth_eps=0.5975 synth_eps_raw=0.5975 synth_x0_hit=1.0000 synth_x0_t=29.0000 synth_x0_ldif=0.0167 synth_x0_gen_adv=-0.2323 synth_x0_lfm=0.0020 synth_total=0.5950 prior_preserve=0.0030 extra_render_attn_share=0.5690
[step 25000] real_p1_mirror_hole_cov=0.1223 real_p1_eps=0.2387 real_p1_hole_frac=0.5744 real_p2_eps=0.0571 real_p2_hit=0.0000 real_total=0.2957 discr_adv=0.9160 x0_d_real=0.4472 x0_d_fake=0.2791 g_grad_abs=1245.6779 d_grad_abs=548.0073 synth_eps=0.0090 synth_eps_raw=0.0090 synth_x0_hit=0.0000 synth_total=0.0090 prior_preserve=0.0002 extra_render_attn_share=0.5690
[images] real: anchor | cond1 | cond2 | inv_warp_mirror | mask | mask_inv | warp_img | warp_warp_img | x | y_hat | y_hat_novel -> /home/xzy/warpgan-diffusiong-inpainting/warpgan-diffusion-inpainting-main/experiments/train_inpainting_diffusion/[20260914-030356]_v18w8_w5full_100k/logs/images/train/real_step0025000.png
[images] synth: cond | mask | target | warp_img | x | y_hat_novel -> /home/xzy/warpgan-diffusiong-inpainting/warpgan-diffusion-inpainting-main/experiments/train_inpainting_diffusion/[20260914-030356]_v18w8_w5full_100k/logs/images/train/synth_step0025000.png
[step 25050] real_p1_mirror_hole_cov=0.0250 real_p1_eps=0.1846 real_p1_hole_frac=0.2647 real_p2_eps=0.6507 real_p2_hit=1.0000 real_p2_t=7.0000 real_p2_ldif=0.0045 real_p2_gen_adv=-0.4757 real_p2_lfm=0.0006 real_total=0.7935 discr_adv=0.9883 p2_d_real=0.4990 p2_d_fake=0.4757 g_grad_abs=1634.5285 d_grad_abs=80.5169 synth_eps=0.0473 synth_eps_raw=0.0473 synth_x0_hit=0.0000 synth_total=0.0473 prior_preserve=0.0001 extra_render_attn_share=0.5690
[step 25100] real_p1_mirror_hole_cov=0.0121 real_p1_eps=0.1149 real_p1_hole_frac=0.1907 real_p2_eps=0.1258 real_p2_hit=1.0000 real_p2_t=235.0000 real_p2_ldif=0.0544 real_p2_gen_adv=-0.8266 real_p2_lfm=0.0036 real_total=0.2196 discr_adv=0.9913 p2_d_real=0.8439 p2_d_fake=0.8266 g_grad_abs=1459.5417 d_grad_abs=125.4233 synth_eps=0.0083 synth_eps_raw=0.0083 synth_x0_hit=0.0000 synth_total=0.0083 prior_preserve=0.0002 extra_render_attn_share=0.5690
[step 25150] real_p1_mirror_hole_cov=0.2821 real_p1_eps=0.2312 real_p1_hole_frac=0.3209 real_p2_eps=0.0050 real_p2_hit=0.0000 real_total=0.2362 discr_adv=0.9827 x0_d_real=-0.0271 x0_d_fake=-0.0621 g_grad_abs=1201.0202 d_grad_abs=303.3921 synth_eps=0.1961 synth_eps_raw=0.1961 synth_x0_hit=1.0000 synth_x0_t=238.0000 synth_x0_ldif=0.0867 synth_x0_gen_adv=-0.0192 synth_x0_lfm=0.0071 synth_total=0.2950 prior_preserve=0.0001 extra_render_attn_share=0.5690
[step 25200] real_p1_mirror_hole_cov=0.2774 real_p1_eps=0.1685 real_p1_hole_frac=0.2477 real_p2_eps=0.0536 real_p2_hit=0.0000 real_total=0.2221 discr_adv=0.9778 x0_d_real=-0.6507 x0_d_fake=-0.6951 g_grad_abs=951.7552 d_grad_abs=257.6458 synth_eps=0.0866 synth_eps_raw=0.0866 synth_x0_hit=0.0000 synth_total=0.0866 prior_preserve=0.0003 extra_render_attn_share=0.5690
[step 25250] real_p1_mirror_hole_cov=0.1332 real_p1_eps=0.1805 real_p1_hole_frac=0.5121 real_p2_eps=0.3068 real_p2_hit=1.0000 real_p2_t=114.0000 real_p2_ldif=0.0432 real_p2_gen_adv=0.2392 real_p2_lfm=0.0036 real_total=0.5615 discr_adv=1.8827 x0_d_real=0.3377 x0_d_fake=0.2304 p2_d_real=-0.1120 p2_d_fake=-0.2392 g_grad_abs=1592.4992 d_grad_abs=857.7284 synth_eps=0.0291 synth_eps_raw=0.0291 synth_x0_hit=0.0000 synth_total=0.0291 prior_preserve=0.0002 extra_render_attn_share=0.5690
[step 25300] real_p1_mirror_hole_cov=0.0718 real_p1_eps=0.0637 real_p1_hole_frac=0.0732 real_p2_eps=0.0067 real_p2_hit=0.0000 real_total=0.0704 discr_adv=1.0478 x0_d_real=0.2189 x0_d_fake=0.3145 g_grad_abs=619.4438 d_grad_abs=509.0272 synth_eps=0.1967 synth_eps_raw=0.1967 synth_x0_hit=1.0000 synth_x0_t=219.0000 synth_x0_ldif=0.0750 synth_x0_gen_adv=-0.3178 synth_x0_lfm=0.0050 synth_total=0.2501 prior_preserve=0.0004 extra_render_attn_share=0.5690
[step 25350] real_p1_mirror_hole_cov=0.0269 real_p1_eps=0.0925 real_p1_hole_frac=0.1977 real_p2_eps=0.0029 real_p2_hit=0.0000 real_total=0.0954 synth_eps=0.0083 synth_eps_raw=0.0083 synth_x0_hit=0.0000 synth_total=0.0083 prior_preserve=0.0011 extra_render_attn_share=0.5690
[step 25400] real_p1_mirror_hole_cov=0.1026 real_p1_eps=0.1195 real_p1_hole_frac=0.1631 real_p2_eps=0.3504 real_p2_hit=1.0000 real_p2_t=54.0000 real_p2_ldif=0.0195 real_p2_gen_adv=-0.4853 real_p2_lfm=0.0028 real_total=0.4464 discr_adv=1.0013 p2_d_real=0.4827 p2_d_fake=0.4853 g_grad_abs=1444.3007 d_grad_abs=82.0004 synth_eps=0.0808 synth_eps_raw=0.0808 synth_x0_hit=0.0000 synth_total=0.0808 prior_preserve=0.0003 extra_render_attn_share=0.5690
[step 25450] real_p1_mirror_hole_cov=0.2521 real_p1_eps=0.0671 real_p1_hole_frac=0.0158 real_p2_eps=0.0010 real_p2_hit=0.0000 real_total=0.0681 synth_eps=0.0189 synth_eps_raw=0.0189 synth_x0_hit=0.0000 synth_total=0.0189 prior_preserve=0.0008 extra_render_attn_share=0.5690
[step 25500] real_p1_mirror_hole_cov=0.0583 real_p1_eps=0.1934 real_p1_hole_frac=0.0933 real_p2_eps=0.0105 real_p2_hit=0.0000 real_total=0.2039 synth_eps=0.0031 synth_eps_raw=0.0031 synth_x0_hit=0.0000 synth_total=0.0031 prior_preserve=0.0006 extra_render_attn_share=0.5690
[images] real: anchor | cond1 | cond2 | inv_warp_mirror | mask | mask_inv | warp_img | warp_warp_img | x | y_hat | y_hat_novel -> /home/xzy/warpgan-diffusiong-inpainting/warpgan-diffusion-inpainting-main/experiments/train_inpainting_diffusion/[20260914-030356]_v18w8_w5full_100k/logs/images/train/real_step0025500.png
[images] synth: cond | mask | target | warp_img | x | y_hat_novel -> /home/xzy/warpgan-diffusiong-inpainting/warpgan-diffusion-inpainting-main/experiments/train_inpainting_diffusion/[20260914-030356]_v18w8_w5full_100k/logs/images/train/synth_step0025500.png
[step 25550] real_p1_mirror_hole_cov=0.1815 real_p1_eps=0.4864 real_p1_hole_frac=0.4036 real_p2_eps=0.0234 real_p2_hit=0.0000 real_total=0.5097 discr_adv=0.9325 x0_d_real=-0.0987 x0_d_fake=-0.2338 g_grad_abs=1498.4935 d_grad_abs=710.5871 synth_eps=0.2746 synth_eps_raw=0.2746 synth_x0_hit=1.0000 synth_x0_t=195.0000 synth_x0_ldif=0.0860 synth_x0_gen_adv=-0.0996 synth_x0_lfm=0.0060 synth_total=0.3626 prior_preserve=0.0002 extra_render_attn_share=0.5690
[step 25600] real_p1_mirror_hole_cov=0.0250 real_p1_eps=0.1199 real_p1_hole_frac=0.1429 real_p2_eps=0.0017 real_p2_hit=0.0000 real_total=0.1216 synth_eps=0.0364 synth_eps_raw=0.0364 synth_x0_hit=0.0000 synth_total=0.0364 prior_preserve=0.0016 extra_render_attn_share=0.5690
[step 25650] real_p1_mirror_hole_cov=0.0185 real_p1_eps=0.0504 real_p1_hole_frac=0.0649 real_p2_eps=0.0621 real_p2_hit=1.0000 real_p2_t=296.0000 real_p2_ldif=0.0419 real_p2_gen_adv=-0.2605 real_p2_lfm=0.0037 real_total=0.1358 discr_adv=2.0079 x0_d_real=0.2889 x0_d_fake=0.2749 p2_d_real=0.2356 p2_d_fake=0.2605 g_grad_abs=1222.4099 d_grad_abs=400.3479 synth_eps=0.0271 synth_eps_raw=0.0271 synth_x0_hit=0.0000 synth_total=0.0271 prior_preserve=0.0011 extra_render_attn_share=0.5690
[step 25700] real_p1_mirror_hole_cov=0.1247 real_p1_eps=0.2233 real_p1_hole_frac=0.5854 real_p2_eps=0.0090 real_p2_hit=0.0000 real_total=0.2323 discr_adv=0.9938 x0_d_real=-0.0183 x0_d_fake=-0.0308 g_grad_abs=1038.3571 d_grad_abs=76.7447 synth_eps=0.0044 synth_eps_raw=0.0044 synth_x0_hit=0.0000 synth_total=0.0044 prior_preserve=0.0004 extra_render_attn_share=0.5690
[step 25750] real_p1_mirror_hole_cov=0.0148 real_p1_eps=0.0812 real_p1_hole_frac=0.1090 real_p2_eps=0.0019 real_p2_hit=0.0000 real_total=0.0830 synth_eps=0.1234 synth_eps_raw=0.1234 synth_x0_hit=0.0000 synth_total=0.1234 prior_preserve=0.0003 extra_render_attn_share=0.5690
[step 25800] real_p1_mirror_hole_cov=0.0101 real_p1_eps=0.2678 real_p1_hole_frac=0.2236 real_p2_eps=0.0357 real_p2_hit=0.0000 real_total=0.3034 discr_adv=0.9245 x0_d_real=-0.0342 x0_d_fake=-0.1854 g_grad_abs=1133.7110 d_grad_abs=998.5601 synth_eps=0.2957 synth_eps_raw=0.2957 synth_x0_hit=1.0000 synth_x0_t=174.0000 synth_x0_ldif=0.0772 synth_x0_gen_adv=0.0440 synth_x0_lfm=0.0060 synth_total=0.3892 prior_preserve=0.0001 extra_render_attn_share=0.5690
[step 25850] real_p1_mirror_hole_cov=0.2221 real_p1_eps=0.2015 real_p1_hole_frac=0.2704 real_p2_eps=0.0017 real_p2_hit=0.0000 real_total=0.2032 synth_eps=0.1749 synth_eps_raw=0.1749 synth_x0_hit=0.0000 synth_total=0.1749 prior_preserve=0.0009 extra_render_attn_share=0.5690
[step 25900] real_p1_mirror_hole_cov=0.0998 real_p1_eps=0.2041 real_p1_hole_frac=0.4285 real_p2_eps=0.2775 real_p2_hit=1.0000 real_p2_t=95.0000 real_p2_ldif=0.0307 real_p2_gen_adv=0.1859 real_p2_lfm=0.0026 real_total=0.5361 discr_adv=1.9802 x0_d_real=-0.2122 x0_d_fake=-0.2015 p2_d_real=-0.1356 p2_d_fake=-0.1859 g_grad_abs=1488.5740 d_grad_abs=195.6134 synth_eps=0.0144 synth_eps_raw=0.0144 synth_x0_hit=0.0000 synth_total=0.0144 prior_preserve=0.0002 extra_render_attn_share=0.5690
[step 25950] real_p1_mirror_hole_cov=0.0742 real_p1_eps=0.0495 real_p1_hole_frac=0.1028 real_p2_eps=0.0019 real_p2_hit=0.0000 real_total=0.0514 synth_eps=0.2276 synth_eps_raw=0.2276 synth_x0_hit=1.0000 synth_x0_t=177.0000 synth_x0_ldif=0.0611 synth_x0_gen_adv=0.0300 synth_x0_lfm=0.0035 synth_total=0.2987 prior_preserve=0.0004 extra_render_attn_share=0.5690
[val step 25999] val_novel_full=0.0309 val_novel_hole=0.0336 val_novel_visible=0.0297
[step 26000] real_p1_mirror_hole_cov=0.0451 real_p1_eps=0.1549 real_p1_hole_frac=0.3502 real_p2_eps=0.0261 real_p2_hit=0.0000 real_total=0.1810 synth_eps=0.3561 synth_eps_raw=0.3561 synth_x0_hit=1.0000 synth_x0_t=146.0000 synth_x0_ldif=0.0712 synth_x0_gen_adv=0.1840 synth_x0_lfm=0.0054 synth_total=0.4564 prior_preserve=0.0002 extra_render_attn_share=0.5689
[images] real: anchor | cond1 | cond2 | inv_warp_mirror | mask | mask_inv | warp_img | warp_warp_img | x | y_hat | y_hat_novel -> /home/xzy/warpgan-diffusiong-inpainting/warpgan-diffusion-inpainting-main/experiments/train_inpainting_diffusion/[20260914-030356]_v18w8_w5full_100k/logs/images/train/real_step0026000.png
[images] synth: cond | mask | target | warp_img | x | y_hat_novel -> /home/xzy/warpgan-diffusiong-inpainting/warpgan-diffusion-inpainting-main/experiments/train_inpainting_diffusion/[20260914-030356]_v18w8_w5full_100k/logs/images/train/synth_step0026000.png
[step 26050] real_p1_mirror_hole_cov=0.0383 real_p1_eps=0.1065 real_p1_hole_frac=0.3967 real_p2_eps=0.0406 real_p2_hit=0.0000 real_total=0.1471 synth_eps=0.0707 synth_eps_raw=0.0707 synth_x0_hit=0.0000 synth_total=0.0707 prior_preserve=0.0003 extra_render_attn_share=0.5689
[step 26100] real_p1_mirror_hole_cov=0.0342 real_p1_eps=0.1347 real_p1_hole_frac=0.0265 real_p2_eps=0.0458 real_p2_hit=0.0000 real_total=0.1805 synth_eps=0.1952 synth_eps_raw=0.1952 synth_x0_hit=1.0000 synth_x0_t=263.0000 synth_x0_ldif=0.1042 synth_x0_gen_adv=-0.4705 synth_x0_lfm=0.0052 synth_total=0.2628 prior_preserve=0.0006 extra_render_attn_share=0.5689
[step 26150] real_p1_mirror_hole_cov=0.1440 real_p1_eps=0.2230 real_p1_hole_frac=0.3851 real_p2_eps=0.0291 real_p2_hit=0.0000 real_total=0.2521 discr_adv=1.0417 x0_d_real=0.4780 x0_d_fake=0.5614 g_grad_abs=1178.8271 d_grad_abs=248.5516 synth_eps=0.2738 synth_eps_raw=0.2738 synth_x0_hit=1.0000 synth_x0_t=191.0000 synth_x0_ldif=0.0830 synth_x0_gen_adv=-0.5639 synth_x0_lfm=0.0067 synth_total=0.3138 prior_preserve=0.0008 extra_render_attn_share=0.5689
[step 26200] real_p1_mirror_hole_cov=0.0436 real_p1_eps=0.2005 real_p1_hole_frac=0.2802 real_p2_eps=0.0055 real_p2_hit=0.0000 real_total=0.2060 synth_eps=0.4364 synth_eps_raw=0.4364 synth_x0_hit=1.0000 synth_x0_t=113.0000 synth_x0_ldif=0.0608 synth_x0_gen_adv=-0.1346 synth_x0_lfm=0.0041 synth_total=0.4919 prior_preserve=0.0002 extra_render_attn_share=0.5689
[step 26250] real_p1_mirror_hole_cov=0.2031 real_p1_eps=0.1620 real_p1_hole_frac=0.2102 real_p2_eps=0.0214 real_p2_hit=0.0000 real_total=0.1833 discr_adv=0.9315 x0_d_real=-0.1987 x0_d_fake=-0.3358 g_grad_abs=1318.3296 d_grad_abs=393.9359 synth_eps=0.0312 synth_eps_raw=0.0312 synth_x0_hit=0.0000 synth_total=0.0312 prior_preserve=0.0001 extra_render_attn_share=0.5689
[step 26300] real_p1_mirror_hole_cov=0.0385 real_p1_eps=0.1237 real_p1_hole_frac=0.1074 real_p2_eps=0.2361 real_p2_hit=1.0000 real_p2_t=73.0000 real_p2_ldif=0.0188 real_p2_gen_adv=-0.2472 real_p2_lfm=0.0019 real_total=0.3576 discr_adv=1.0479 p2_d_real=0.1514 p2_d_fake=0.2472 g_grad_abs=1410.0541 d_grad_abs=530.5586 synth_eps=0.3093 synth_eps_raw=0.3093 synth_x0_hit=1.0000 synth_x0_t=188.0000 synth_x0_ldif=0.0913 synth_x0_gen_adv=-0.0459 synth_x0_lfm=0.0072 synth_total=0.4104 prior_preserve=0.0017 extra_render_attn_share=0.5689
[step 26350] real_p1_mirror_hole_cov=0.1299 real_p1_eps=0.0677 real_p1_hole_frac=0.0545 real_p2_eps=0.0035 real_p2_hit=0.0000 real_total=0.0712 synth_eps=0.9053 synth_eps_raw=0.9053 synth_x0_hit=1.0000 synth_x0_t=2.0000 synth_x0_ldif=0.0023 synth_x0_gen_adv=-0.4697 synth_x0_lfm=0.0004 synth_total=0.8614 prior_preserve=0.0003 extra_render_attn_share=0.5689
[step 26400] real_p1_mirror_hole_cov=0.3396 real_p1_eps=0.1625 real_p1_hole_frac=0.0789 real_p2_eps=0.0827 real_p2_hit=1.0000 real_p2_t=262.0000 real_p2_ldif=0.0438 real_p2_gen_adv=-0.6619 real_p2_lfm=0.0035 real_total=0.2299 discr_adv=1.0394 p2_d_real=0.5834 p2_d_fake=0.6619 g_grad_abs=1367.5386 d_grad_abs=278.5942 synth_eps=0.3536 synth_eps_raw=0.3536 synth_x0_hit=1.0000 synth_x0_t=97.0000 synth_x0_ldif=0.0402 synth_x0_gen_adv=0.2988 synth_x0_lfm=0.0040 synth_total=0.4316 prior_preserve=0.0002 extra_render_attn_share=0.5689
[step 26450] real_p1_mirror_hole_cov=0.0178 real_p1_eps=0.5404 real_p1_hole_frac=0.1913 real_p2_eps=0.2021 real_p2_hit=1.0000 real_p2_t=99.0000 real_p2_ldif=0.0236 real_p2_gen_adv=-0.4124 real_p2_lfm=0.0025 real_total=0.7299 discr_adv=1.0430 p2_d_real=0.3264 p2_d_fake=0.4124 g_grad_abs=1918.1577 d_grad_abs=619.4406 synth_eps=0.3993 synth_eps_raw=0.3993 synth_x0_hit=1.0000 synth_x0_t=99.0000 synth_x0_ldif=0.0470 synth_x0_gen_adv=0.1522 synth_x0_lfm=0.0045 synth_total=0.4705 prior_preserve=0.0007 extra_render_attn_share=0.5689
[step 26500] real_p1_mirror_hole_cov=0.2690 real_p1_eps=0.5280 real_p1_hole_frac=0.1068 real_p2_eps=0.0029 real_p2_hit=0.0000 real_total=0.5308 discr_adv=0.9815 x0_d_real=0.8078 x0_d_fake=0.7704 g_grad_abs=1630.2283 d_grad_abs=250.4136 synth_eps=0.0665 synth_eps_raw=0.0665 synth_x0_hit=0.0000 synth_total=0.0665 prior_preserve=0.0003 extra_render_attn_share=0.5689
[images] real: anchor | cond1 | cond2 | inv_warp_mirror | mask | mask_inv | warp_img | warp_warp_img | x | y_hat | y_hat_novel -> /home/xzy/warpgan-diffusiong-inpainting/warpgan-diffusion-inpainting-main/experiments/train_inpainting_diffusion/[20260914-030356]_v18w8_w5full_100k/logs/images/train/real_step0026500.png
[images] synth: cond | mask | target | warp_img | x | y_hat_novel -> /home/xzy/warpgan-diffusiong-inpainting/warpgan-diffusion-inpainting-main/experiments/train_inpainting_diffusion/[20260914-030356]_v18w8_w5full_100k/logs/images/train/synth_step0026500.png
[step 26550] real_p1_mirror_hole_cov=0.0162 real_p1_eps=0.1049 real_p1_hole_frac=0.1252 real_p2_eps=0.0147 real_p2_hit=0.0000 real_total=0.1196 synth_eps=0.0076 synth_eps_raw=0.0076 synth_x0_hit=0.0000 synth_total=0.0076 prior_preserve=0.0002 extra_render_attn_share=0.5689
[step 26600] real_p1_mirror_hole_cov=0.0144 real_p1_eps=0.2475 real_p1_hole_frac=0.4302 real_p2_eps=0.1799 real_p2_hit=1.0000 real_p2_t=247.0000 real_p2_ldif=0.0852 real_p2_gen_adv=-0.3657 real_p2_lfm=0.0047 real_total=0.4853 discr_adv=1.0359 p2_d_real=0.2939 p2_d_fake=0.3657 g_grad_abs=2257.9655 d_grad_abs=489.2905 synth_eps=0.0623 synth_eps_raw=0.0623 synth_x0_hit=0.0000 synth_total=0.0623 prior_preserve=0.0049 extra_render_attn_share=0.5689
[step 26650] real_p1_mirror_hole_cov=0.2480 real_p1_eps=0.1396 real_p1_hole_frac=0.4242 real_p2_eps=0.0256 real_p2_hit=0.0000 real_total=0.1653 synth_eps=0.0201 synth_eps_raw=0.0201 synth_x0_hit=0.0000 synth_total=0.0201 prior_preserve=0.0003 extra_render_attn_share=0.5689
[step 26700] real_p1_mirror_hole_cov=0.0179 real_p1_eps=0.0979 real_p1_hole_frac=0.4231 real_p2_eps=0.1629 real_p2_hit=0.0000 real_total=0.2608 discr_adv=0.9411 x0_d_real=0.8482 x0_d_fake=0.7285 g_grad_abs=982.8753 d_grad_abs=727.7143 synth_eps=0.0385 synth_eps_raw=0.0385 synth_x0_hit=0.0000 synth_total=0.0385 prior_preserve=0.0002 extra_render_attn_share=0.5689
[step 26750] real_p1_mirror_hole_cov=0.0072 real_p1_eps=0.6966 real_p1_hole_frac=0.1411 real_p2_eps=0.0013 real_p2_hit=0.0000 real_total=0.6978 discr_adv=0.8762 x0_d_real=-0.2115 x0_d_fake=-0.4629 g_grad_abs=1777.2371 d_grad_abs=1054.2686 synth_eps=0.0057 synth_eps_raw=0.0057 synth_x0_hit=0.0000 synth_total=0.0057 prior_preserve=0.0002 extra_render_attn_share=0.5689
[step 26800] real_p1_mirror_hole_cov=0.1221 real_p1_eps=0.2322 real_p1_hole_frac=0.4036 real_p2_eps=0.0652 real_p2_hit=0.0000 real_total=0.2974 synth_eps=0.0530 synth_eps_raw=0.0530 synth_x0_hit=0.0000 synth_total=0.0530 prior_preserve=0.0002 extra_render_attn_share=0.5689
[step 26850] real_p1_mirror_hole_cov=0.1193 real_p1_eps=0.1301 real_p1_hole_frac=0.3491 real_p2_eps=0.0037 real_p2_hit=0.0000 real_total=0.1338 synth_eps=0.0112 synth_eps_raw=0.0112 synth_x0_hit=0.0000 synth_total=0.0112 prior_preserve=0.0030 extra_render_attn_share=0.5689
[step 26900] real_p1_mirror_hole_cov=0.0160 real_p1_eps=0.0937 real_p1_hole_frac=0.3043 real_p2_eps=0.0249 real_p2_hit=0.0000 real_total=0.1186 synth_eps=0.0261 synth_eps_raw=0.0261 synth_x0_hit=0.0000 synth_total=0.0261 prior_preserve=0.0001 extra_render_attn_share=0.5689
[step 26950] real_p1_mirror_hole_cov=0.0333 real_p1_eps=0.1223 real_p1_hole_frac=0.0711 real_p2_eps=0.0283 real_p2_hit=0.0000 real_total=0.1506 synth_eps=0.0144 synth_eps_raw=0.0144 synth_x0_hit=0.0000 synth_total=0.0144 prior_preserve=0.0002 extra_render_attn_share=0.5689
[step 27000] real_p1_mirror_hole_cov=0.1267 real_p1_eps=0.1432 real_p1_hole_frac=0.4199 real_p2_eps=0.1104 real_p2_hit=0.0000 real_total=0.2536 discr_adv=0.8523 x0_d_real=-0.2165 x0_d_fake=-0.5120 g_grad_abs=994.4212 d_grad_abs=923.1419 synth_eps=0.0706 synth_eps_raw=0.0706 synth_x0_hit=0.0000 synth_total=0.0706 prior_preserve=0.0001 extra_render_attn_share=0.5689
[images] real: anchor | cond1 | cond2 | inv_warp_mirror | mask | mask_inv | warp_img | warp_warp_img | x | y_hat | y_hat_novel -> /home/xzy/warpgan-diffusiong-inpainting/warpgan-diffusion-inpainting-main/experiments/train_inpainting_diffusion/[20260914-030356]_v18w8_w5full_100k/logs/images/train/real_step0027000.png
[images] synth: cond | mask | target | warp_img | x | y_hat_novel -> /home/xzy/warpgan-diffusiong-inpainting/warpgan-diffusion-inpainting-main/experiments/train_inpainting_diffusion/[20260914-030356]_v18w8_w5full_100k/logs/images/train/synth_step0027000.png
[step 27050] real_p1_mirror_hole_cov=0.0081 real_p1_eps=0.1501 real_p1_hole_frac=0.1258 real_p2_eps=0.0038 real_p2_hit=0.0000 real_total=0.1538 discr_adv=0.9461 x0_d_real=0.0518 x0_d_fake=-0.0560 g_grad_abs=1159.6868 d_grad_abs=894.0363 synth_eps=0.0089 synth_eps_raw=0.0089 synth_x0_hit=0.0000 synth_total=0.0089 prior_preserve=0.0002 extra_render_attn_share=0.5689
[step 27100] real_p1_mirror_hole_cov=0.0060 real_p1_eps=0.1062 real_p1_hole_frac=0.2022 real_p2_eps=0.0331 real_p2_hit=0.0000 real_total=0.1394 synth_eps=0.0056 synth_eps_raw=0.0056 synth_x0_hit=0.0000 synth_total=0.0056 prior_preserve=0.0012 extra_render_attn_share=0.5689
[step 27150] real_p1_mirror_hole_cov=0.1238 real_p1_eps=0.2523 real_p1_hole_frac=0.6337 real_p2_eps=0.0022 real_p2_hit=0.0000 real_total=0.2544 synth_eps=0.0195 synth_eps_raw=0.0195 synth_x0_hit=0.0000 synth_total=0.0195 prior_preserve=0.0001 extra_render_attn_share=0.5689
[step 27200] real_p1_mirror_hole_cov=0.0219 real_p1_eps=0.2163 real_p1_hole_frac=0.4520 real_p2_eps=0.2218 real_p2_hit=1.0000 real_p2_t=214.0000 real_p2_ldif=0.0813 real_p2_gen_adv=0.4627 real_p2_lfm=0.0060 real_total=0.5776 discr_adv=0.7611 p2_d_real=0.0152 p2_d_fake=-0.4627 g_grad_abs=2077.0669 d_grad_abs=1280.4900 synth_eps=0.1811 synth_eps_raw=0.1811 synth_x0_hit=1.0000 synth_x0_t=246.0000 synth_x0_ldif=0.0851 synth_x0_gen_adv=0.6109 synth_x0_lfm=0.0069 synth_total=0.3411 prior_preserve=0.0007 extra_render_attn_share=0.5689
[step 27250] real_p1_mirror_hole_cov=0.0172 real_p1_eps=0.0936 real_p1_hole_frac=0.4557 real_p2_eps=0.0790 real_p2_hit=0.0000 real_total=0.1726 synth_eps=0.0276 synth_eps_raw=0.0276 synth_x0_hit=0.0000 synth_total=0.0276 prior_preserve=0.0001 extra_render_attn_share=0.5689
[step 27300] real_p1_mirror_hole_cov=0.0967 real_p1_eps=0.4278 real_p1_hole_frac=0.4666 real_p2_eps=0.2482 real_p2_hit=1.0000 real_p2_t=179.0000 real_p2_ldif=0.0677 real_p2_gen_adv=-0.5132 real_p2_lfm=0.0054 real_total=0.7031 discr_adv=1.9133 x0_d_real=0.8814 x0_d_fake=0.8655 p2_d_real=0.6849 p2_d_fake=0.5132 g_grad_abs=1865.9646 d_grad_abs=654.5280 synth_eps=0.1960 synth_eps_raw=0.1960 synth_x0_hit=1.0000 synth_x0_t=258.0000 synth_x0_ldif=0.1008 synth_x0_gen_adv=-0.6447 synth_x0_lfm=0.0065 synth_total=0.2453 prior_preserve=0.0002 extra_render_attn_share=0.5689
[step 27350] real_p1_mirror_hole_cov=0.2015 real_p1_eps=0.1915 real_p1_hole_frac=0.4636 real_p2_eps=0.2322 real_p2_hit=1.0000 real_p2_t=164.0000 real_p2_ldif=0.0553 real_p2_gen_adv=0.3187 real_p2_lfm=0.0034 real_total=0.5177 discr_adv=1.8796 x0_d_real=-0.0564 x0_d_fake=-0.2020 p2_d_real=-0.2228 p2_d_fake=-0.3187 g_grad_abs=1657.1441 d_grad_abs=761.0487 synth_eps=0.1278 synth_eps_raw=0.1278 synth_x0_hit=0.0000 synth_total=0.1278 prior_preserve=0.0010 extra_render_attn_share=0.5689
[step 27400] real_p1_mirror_hole_cov=0.0062 real_p1_eps=0.0795 real_p1_hole_frac=0.1692 real_p2_eps=0.0017 real_p2_hit=0.0000 real_total=0.0812 synth_eps=0.0052 synth_eps_raw=0.0052 synth_x0_hit=0.0000 synth_total=0.0052 prior_preserve=0.0282 extra_render_attn_share=0.5689
[step 27450] real_p1_mirror_hole_cov=0.1392 real_p1_eps=0.3846 real_p1_hole_frac=0.4162 real_p2_eps=0.5977 real_p2_hit=1.0000 real_p2_t=33.0000 real_p2_ldif=0.0192 real_p2_gen_adv=0.4386 real_p2_lfm=0.0020 real_total=1.0494 discr_adv=0.9826 p2_d_real=-0.4033 p2_d_fake=-0.4386 g_grad_abs=1905.1010 d_grad_abs=108.4985 synth_eps=0.0502 synth_eps_raw=0.0502 synth_x0_hit=0.0000 synth_total=0.0502 prior_preserve=0.0002 extra_render_attn_share=0.5689
[step 27500] real_p1_mirror_hole_cov=0.0650 real_p1_eps=0.1076 real_p1_hole_frac=0.2868 real_p2_eps=0.0152 real_p2_hit=0.0000 real_total=0.1228 synth_eps=0.0929 synth_eps_raw=0.0929 synth_x0_hit=0.0000 synth_total=0.0929 prior_preserve=0.0001 extra_render_attn_share=0.5689
[images] real: anchor | cond1 | cond2 | inv_warp_mirror | mask | mask_inv | warp_img | warp_warp_img | x | y_hat | y_hat_novel -> /home/xzy/warpgan-diffusiong-inpainting/warpgan-diffusion-inpainting-main/experiments/train_inpainting_diffusion/[20260914-030356]_v18w8_w5full_100k/logs/images/train/real_step0027500.png
[images] synth: cond | mask | target | warp_img | x | y_hat_novel -> /home/xzy/warpgan-diffusiong-inpainting/warpgan-diffusion-inpainting-main/experiments/train_inpainting_diffusion/[20260914-030356]_v18w8_w5full_100k/logs/images/train/synth_step0027500.png
[step 27550] real_p1_mirror_hole_cov=0.0716 real_p1_eps=0.3393 real_p1_hole_frac=0.1307 real_p2_eps=0.0233 real_p2_hit=0.0000 real_total=0.3626 synth_eps=0.0309 synth_eps_raw=0.0309 synth_x0_hit=0.0000 synth_total=0.0309 prior_preserve=0.0052 extra_render_attn_share=0.5689
[step 27600] real_p1_mirror_hole_cov=0.2238 real_p1_eps=0.1836 real_p1_hole_frac=0.3513 real_p2_eps=0.5685 real_p2_hit=1.0000 real_p2_t=17.0000 real_p2_ldif=0.0092 real_p2_gen_adv=-0.7168 real_p2_lfm=0.0012 real_total=0.6921 discr_adv=0.9988 p2_d_real=0.7249 p2_d_fake=0.7168 g_grad_abs=1595.9382 d_grad_abs=102.6741 synth_eps=0.0232 synth_eps_raw=0.0232 synth_x0_hit=0.0000 synth_total=0.0232 prior_preserve=0.0002 extra_render_attn_share=0.5689
[step 27650] real_p1_mirror_hole_cov=0.0174 real_p1_eps=0.1869 real_p1_hole_frac=0.0602 real_p2_eps=0.0241 real_p2_hit=0.0000 real_total=0.2110 discr_adv=0.8848 x0_d_real=0.8172 x0_d_fake=0.5867 g_grad_abs=1001.1319 d_grad_abs=1128.7852 synth_eps=0.0048 synth_eps_raw=0.0048 synth_x0_hit=0.0000 synth_total=0.0048 prior_preserve=0.0016 extra_render_attn_share=0.5689
[step 27700] real_p1_mirror_hole_cov=0.0663 real_p1_eps=0.0531 real_p1_hole_frac=0.0740 real_p2_eps=0.0047 real_p2_hit=0.0000 real_total=0.0578 synth_eps=0.0338 synth_eps_raw=0.0338 synth_x0_hit=0.0000 synth_total=0.0338 prior_preserve=0.0002 extra_render_attn_share=0.5689
[step 27750] real_p1_mirror_hole_cov=0.0551 real_p1_eps=0.1780 real_p1_hole_frac=0.3134 real_p2_eps=0.0080 real_p2_hit=0.0000 real_total=0.1861 synth_eps=0.0148 synth_eps_raw=0.0148 synth_x0_hit=0.0000 synth_total=0.0148 prior_preserve=0.0005 extra_render_attn_share=0.5689
[step 27800] real_p1_mirror_hole_cov=0.1378 real_p1_eps=0.2476 real_p1_hole_frac=0.3850 real_p2_eps=0.0058 real_p2_hit=0.0000 real_total=0.2534 synth_eps=0.0091 synth_eps_raw=0.0091 synth_x0_hit=0.0000 synth_total=0.0091 prior_preserve=0.0001 extra_render_attn_share=0.5689
[step 27850] real_p1_mirror_hole_cov=0.0486 real_p1_eps=0.2445 real_p1_hole_frac=0.4015 real_p2_eps=0.2654 real_p2_hit=1.0000 real_p2_t=121.0000 real_p2_ldif=0.0406 real_p2_gen_adv=-0.3647 real_p2_lfm=0.0028 real_total=0.5196 discr_adv=1.0241 p2_d_real=0.3165 p2_d_fake=0.3647 g_grad_abs=2142.3688 d_grad_abs=592.3463 synth_eps=0.0014 synth_eps_raw=0.0014 synth_x0_hit=0.0000 synth_total=0.0014 prior_preserve=0.0004 extra_render_attn_share=0.5689
[step 27900] real_p1_mirror_hole_cov=0.0080 real_p1_eps=0.1228 real_p1_hole_frac=0.0433 real_p2_eps=0.0882 real_p2_hit=1.0000 real_p2_t=201.0000 real_p2_ldif=0.0291 real_p2_gen_adv=-0.5682 real_p2_lfm=0.0023 real_total=0.1878 discr_adv=0.9950 p2_d_real=0.5782 p2_d_fake=0.5682 g_grad_abs=1321.4269 d_grad_abs=76.6435 synth_eps=0.0250 synth_eps_raw=0.0250 synth_x0_hit=0.0000 synth_total=0.0250 prior_preserve=0.0013 extra_render_attn_share=0.5689
[step 27950] real_p1_mirror_hole_cov=0.1342 real_p1_eps=0.1473 real_p1_hole_frac=0.4715 real_p2_eps=0.0980 real_p2_hit=0.0000 real_total=0.2452 synth_eps=0.0094 synth_eps_raw=0.0094 synth_x0_hit=0.0000 synth_total=0.0094 prior_preserve=0.0001 extra_render_attn_share=0.5689
[val step 27999] val_novel_full=0.0280 val_novel_hole=0.0305 val_novel_visible=0.0274
[step 28000] real_p1_mirror_hole_cov=0.0183 real_p1_eps=0.3212 real_p1_hole_frac=0.3540 real_p2_eps=0.0048 real_p2_hit=0.0000 real_total=0.3260 synth_eps=0.0046 synth_eps_raw=0.0046 synth_x0_hit=0.0000 synth_total=0.0046 prior_preserve=0.0227 extra_render_attn_share=0.5715
[images] real: anchor | cond1 | cond2 | inv_warp_mirror | mask | mask_inv | warp_img | warp_warp_img | x | y_hat | y_hat_novel -> /home/xzy/warpgan-diffusiong-inpainting/warpgan-diffusion-inpainting-main/experiments/train_inpainting_diffusion/[20260914-030356]_v18w8_w5full_100k/logs/images/train/real_step0028000.png
[images] synth: cond | mask | target | warp_img | x | y_hat_novel -> /home/xzy/warpgan-diffusiong-inpainting/warpgan-diffusion-inpainting-main/experiments/train_inpainting_diffusion/[20260914-030356]_v18w8_w5full_100k/logs/images/train/synth_step0028000.png
[step 28050] real_p1_mirror_hole_cov=0.0943 real_p1_eps=0.1405 real_p1_hole_frac=0.4083 real_p2_eps=0.1572 real_p2_hit=0.0000 real_total=0.2977 synth_eps=0.1537 synth_eps_raw=0.1537 synth_x0_hit=1.0000 synth_x0_t=288.0000 synth_x0_ldif=0.0980 synth_x0_gen_adv=-0.1889 synth_x0_lfm=0.0078 synth_total=0.2483 prior_preserve=0.0036 extra_render_attn_share=0.5715
[step 28100] real_p1_mirror_hole_cov=0.1692 real_p1_eps=0.1384 real_p1_hole_frac=0.2534 real_p2_eps=0.0035 real_p2_hit=0.0000 real_total=0.1419 synth_eps=0.0147 synth_eps_raw=0.0147 synth_x0_hit=0.0000 synth_total=0.0147 prior_preserve=0.0002 extra_render_attn_share=0.5715
[step 28150] real_p1_mirror_hole_cov=0.2401 real_p1_eps=0.1991 real_p1_hole_frac=0.5017 real_p2_eps=0.0108 real_p2_hit=0.0000 real_total=0.2099 synth_eps=0.0488 synth_eps_raw=0.0488 synth_x0_hit=0.0000 synth_total=0.0488 prior_preserve=0.0002 extra_render_attn_share=0.5715
[step 28200] real_p1_mirror_hole_cov=0.2154 real_p1_eps=0.1002 real_p1_hole_frac=0.0951 real_p2_eps=0.0161 real_p2_hit=0.0000 real_total=0.1163 synth_eps=0.0701 synth_eps_raw=0.0701 synth_x0_hit=0.0000 synth_total=0.0701 prior_preserve=0.0002 extra_render_attn_share=0.5715
[step 28250] real_p1_mirror_hole_cov=0.0059 real_p1_eps=0.1121 real_p1_hole_frac=0.1941 real_p2_eps=0.0189 real_p2_hit=0.0000 real_total=0.1310 discr_adv=1.0939 x0_d_real=0.3541 x0_d_fake=0.5418 g_grad_abs=795.4135 d_grad_abs=703.1176 synth_eps=0.3250 synth_eps_raw=0.3250 synth_x0_hit=1.0000 synth_x0_t=144.0000 synth_x0_ldif=0.0636 synth_x0_gen_adv=0.3012 synth_x0_lfm=0.0050 synth_total=0.4287 prior_preserve=0.0005 extra_render_attn_share=0.5715
[step 28300] real_p1_mirror_hole_cov=0.1254 real_p1_eps=0.2889 real_p1_hole_frac=0.2384 real_p2_eps=0.3328 real_p2_hit=1.0000 real_p2_t=51.0000 real_p2_ldif=0.0173 real_p2_gen_adv=0.4053 real_p2_lfm=0.0013 real_total=0.6822 discr_adv=1.9716 x0_d_real=-0.2897 x0_d_fake=-0.2971 p2_d_real=-0.3549 p2_d_fake=-0.4053 g_grad_abs=1594.2289 d_grad_abs=222.3206 synth_eps=0.2595 synth_eps_raw=0.2595 synth_x0_hit=1.0000 synth_x0_t=194.0000 synth_x0_ldif=0.0806 synth_x0_gen_adv=0.3061 synth_x0_lfm=0.0053 synth_total=0.3814 prior_preserve=0.0001 extra_render_attn_share=0.5715
[step 28350] real_p1_mirror_hole_cov=0.0284 real_p1_eps=0.6352 real_p1_hole_frac=0.1429 real_p2_eps=0.1755 real_p2_hit=1.0000 real_p2_t=205.0000 real_p2_ldif=0.0598 real_p2_gen_adv=-0.7424 real_p2_lfm=0.0044 real_total=0.8050 discr_adv=1.0356 p2_d_real=0.6725 p2_d_fake=0.7424 g_grad_abs=2213.1154 d_grad_abs=464.4094 synth_eps=0.0460 synth_eps_raw=0.0460 synth_x0_hit=0.0000 synth_total=0.0460 prior_preserve=0.0001 extra_render_attn_share=0.5715
[step 28400] real_p1_mirror_hole_cov=0.0087 real_p1_eps=0.1305 real_p1_hole_frac=0.2951 real_p2_eps=0.3290 real_p2_hit=1.0000 real_p2_t=107.0000 real_p2_ldif=0.0426 real_p2_gen_adv=0.2778 real_p2_lfm=0.0027 real_total=0.5353 discr_adv=0.9454 p2_d_real=-0.1686 p2_d_fake=-0.2778 g_grad_abs=1585.9101 d_grad_abs=314.2285 synth_eps=0.4501 synth_eps_raw=0.4501 synth_x0_hit=1.0000 synth_x0_t=93.0000 synth_x0_ldif=0.0484 synth_x0_gen_adv=0.1197 synth_x0_lfm=0.0042 synth_total=0.5190 prior_preserve=0.0002 extra_render_attn_share=0.5715
[step 28450] real_p1_mirror_hole_cov=0.0598 real_p1_eps=0.1180 real_p1_hole_frac=0.3157 real_p2_eps=0.0018 real_p2_hit=0.0000 real_total=0.1198 discr_adv=0.8967 x0_d_real=0.0090 x0_d_fake=-0.1976 g_grad_abs=664.2973 d_grad_abs=618.1826 synth_eps=0.2115 synth_eps_raw=0.2115 synth_x0_hit=1.0000 synth_x0_t=258.0000 synth_x0_ldif=0.1086 synth_x0_gen_adv=0.0690 synth_x0_lfm=0.0073 synth_total=0.3417 prior_preserve=0.0009 extra_render_attn_share=0.5715
[step 28500] real_p1_mirror_hole_cov=0.0274 real_p1_eps=0.2199 real_p1_hole_frac=0.4804 real_p2_eps=0.9075 real_p2_hit=1.0000 real_p2_t=1.0000 real_p2_ldif=0.0015 real_p2_gen_adv=-0.7106 real_p2_lfm=0.0002 real_total=1.0582 discr_adv=0.9966 p2_d_real=0.7174 p2_d_fake=0.7106 g_grad_abs=1361.4272 d_grad_abs=53.8746 synth_eps=0.0870 synth_eps_raw=0.0870 synth_x0_hit=0.0000 synth_total=0.0870 prior_preserve=0.0002 extra_render_attn_share=0.5715
[images] real: anchor | cond1 | cond2 | inv_warp_mirror | mask | mask_inv | warp_img | warp_warp_img | x | y_hat | y_hat_novel -> /home/xzy/warpgan-diffusiong-inpainting/warpgan-diffusion-inpainting-main/experiments/train_inpainting_diffusion/[20260914-030356]_v18w8_w5full_100k/logs/images/train/real_step0028500.png
[images] synth: cond | mask | target | warp_img | x | y_hat_novel -> /home/xzy/warpgan-diffusiong-inpainting/warpgan-diffusion-inpainting-main/experiments/train_inpainting_diffusion/[20260914-030356]_v18w8_w5full_100k/logs/images/train/synth_step0028500.png
[step 28550] real_p1_mirror_hole_cov=0.1508 real_p1_eps=0.1872 real_p1_hole_frac=0.3543 real_p2_eps=0.2285 real_p2_hit=1.0000 real_p2_t=184.0000 real_p2_ldif=0.0652 real_p2_gen_adv=-0.1570 real_p2_lfm=0.0059 real_total=0.4770 discr_adv=1.9262 x0_d_real=-0.2650 x0_d_fake=-0.2778 p2_d_real=0.2922 p2_d_fake=0.1570 g_grad_abs=2063.0287 d_grad_abs=511.7592 synth_eps=0.1752 synth_eps_raw=0.1752 synth_x0_hit=1.0000 synth_x0_t=247.0000 synth_x0_ldif=0.0829 synth_x0_gen_adv=-0.2343 synth_x0_lfm=0.0062 synth_total=0.2471 prior_preserve=0.0018 extra_render_attn_share=0.5715
[step 28600] real_p1_mirror_hole_cov=0.0321 real_p1_eps=0.1202 real_p1_hole_frac=0.1261 real_p2_eps=0.0823 real_p2_hit=0.0000 real_total=0.2025 synth_eps=0.1061 synth_eps_raw=0.1061 synth_x0_hit=0.0000 synth_total=0.1061 prior_preserve=0.0006 extra_render_attn_share=0.5715
[step 28650] real_p1_mirror_hole_cov=0.0126 real_p1_eps=0.4334 real_p1_hole_frac=0.1443 real_p2_eps=0.0158 real_p2_hit=0.0000 real_total=0.4492 discr_adv=0.9532 x0_d_real=-0.0486 x0_d_fake=-0.1422 g_grad_abs=1418.3785 d_grad_abs=294.0148 synth_eps=0.1096 synth_eps_raw=0.1096 synth_x0_hit=0.0000 synth_total=0.1096 prior_preserve=0.0003 extra_render_attn_share=0.5715
[step 28700] real_p1_mirror_hole_cov=0.2073 real_p1_eps=0.0973 real_p1_hole_frac=0.1503 real_p2_eps=0.0957 real_p2_hit=0.0000 real_total=0.1931 synth_eps=0.0398 synth_eps_raw=0.0398 synth_x0_hit=0.0000 synth_total=0.0398 prior_preserve=0.0020 extra_render_attn_share=0.5715
[step 28750] real_p1_mirror_hole_cov=0.2465 real_p1_eps=0.0748 real_p1_hole_frac=0.0301 real_p2_eps=0.0016 real_p2_hit=0.0000 real_total=0.0763 synth_eps=0.0534 synth_eps_raw=0.0534 synth_x0_hit=0.0000 synth_total=0.0534 prior_preserve=0.0031 extra_render_attn_share=0.5715
[step 28800] real_p1_mirror_hole_cov=0.0827 real_p1_eps=0.2050 real_p1_hole_frac=0.0765 real_p2_eps=0.0719 real_p2_hit=0.0000 real_total=0.2769 discr_adv=0.9299 x0_d_real=-0.5100 x0_d_fake=-0.6503 g_grad_abs=1185.7451 d_grad_abs=376.0754 synth_eps=0.0272 synth_eps_raw=0.0272 synth_x0_hit=0.0000 synth_total=0.0272 prior_preserve=0.0003 extra_render_attn_share=0.5715
[step 28850] real_p1_mirror_hole_cov=0.1092 real_p1_eps=0.1827 real_p1_hole_frac=0.5906 real_p2_eps=0.0289 real_p2_hit=0.0000 real_total=0.2116 discr_adv=0.7830 x0_d_real=-0.2710 x0_d_fake=-0.7049 g_grad_abs=983.1689 d_grad_abs=1421.0517 synth_eps=0.0015 synth_eps_raw=0.0015 synth_x0_hit=0.0000 synth_total=0.0015 prior_preserve=0.0002 extra_render_attn_share=0.5715
[step 28900] real_p1_mirror_hole_cov=0.2297 real_p1_eps=0.3584 real_p1_hole_frac=0.4499 real_p2_eps=0.2289 real_p2_hit=1.0000 real_p2_t=166.0000 real_p2_ldif=0.0555 real_p2_gen_adv=-0.2413 real_p2_lfm=0.0022 real_total=0.6231 discr_adv=0.9972 p2_d_real=0.2469 p2_d_fake=0.2413 g_grad_abs=1756.8590 d_grad_abs=155.4085 synth_eps=0.0862 synth_eps_raw=0.0862 synth_x0_hit=0.0000 synth_total=0.0862 prior_preserve=0.0002 extra_render_attn_share=0.5715
[step 28950] real_p1_mirror_hole_cov=0.1447 real_p1_eps=0.3003 real_p1_hole_frac=0.6280 real_p2_eps=0.1027 real_p2_hit=0.0000 real_total=0.4029 synth_eps=0.2857 synth_eps_raw=0.2857 synth_x0_hit=1.0000 synth_x0_t=141.0000 synth_x0_ldif=0.0543 synth_x0_gen_adv=0.2562 synth_x0_lfm=0.0039 synth_total=0.3734 prior_preserve=0.0002 extra_render_attn_share=0.5715
[step 29000] real_p1_mirror_hole_cov=0.2229 real_p1_eps=0.2490 real_p1_hole_frac=0.5755 real_p2_eps=0.2147 real_p2_hit=1.0000 real_p2_t=206.0000 real_p2_ldif=0.0737 real_p2_gen_adv=-0.2691 real_p2_lfm=0.0055 real_total=0.5215 discr_adv=1.0696 p2_d_real=0.1298 p2_d_fake=0.2691 g_grad_abs=1542.2072 d_grad_abs=668.4558 synth_eps=0.0320 synth_eps_raw=0.0320 synth_x0_hit=0.0000 synth_total=0.0320 prior_preserve=0.0001 extra_render_attn_share=0.5715
[images] real: anchor | cond1 | cond2 | inv_warp_mirror | mask | mask_inv | warp_img | warp_warp_img | x | y_hat | y_hat_novel -> /home/xzy/warpgan-diffusiong-inpainting/warpgan-diffusion-inpainting-main/experiments/train_inpainting_diffusion/[20260914-030356]_v18w8_w5full_100k/logs/images/train/real_step0029000.png
[images] synth: cond | mask | target | warp_img | x | y_hat_novel -> /home/xzy/warpgan-diffusiong-inpainting/warpgan-diffusion-inpainting-main/experiments/train_inpainting_diffusion/[20260914-030356]_v18w8_w5full_100k/logs/images/train/synth_step0029000.png
[step 29050] real_p1_mirror_hole_cov=0.0252 real_p1_eps=0.0975 real_p1_hole_frac=0.1991 real_p2_eps=0.0033 real_p2_hit=0.0000 real_total=0.1008 synth_eps=0.2956 synth_eps_raw=0.2956 synth_x0_hit=1.0000 synth_x0_t=161.0000 synth_x0_ldif=0.0684 synth_x0_gen_adv=0.0945 synth_x0_lfm=0.0054 synth_total=0.3842 prior_preserve=0.0008 extra_render_attn_share=0.5715
[step 29100] real_p1_mirror_hole_cov=0.0833 real_p1_eps=0.1235 real_p1_hole_frac=0.2877 real_p2_eps=0.0888 real_p2_hit=0.0000 real_total=0.2123 synth_eps=0.0141 synth_eps_raw=0.0141 synth_x0_hit=0.0000 synth_total=0.0141 prior_preserve=0.0002 extra_render_attn_share=0.5715
[step 29150] real_p1_mirror_hole_cov=0.0344 real_p1_eps=0.1461 real_p1_hole_frac=0.1636 real_p2_eps=0.0697 real_p2_hit=0.0000 real_total=0.2158 synth_eps=0.1579 synth_eps_raw=0.1579 synth_x0_hit=1.0000 synth_x0_t=273.0000 synth_x0_ldif=0.0907 synth_x0_gen_adv=0.6330 synth_x0_lfm=0.0067 synth_total=0.3253 prior_preserve=0.0008 extra_render_attn_share=0.5715
[step 29200] real_p1_mirror_hole_cov=0.2160 real_p1_eps=0.2393 real_p1_hole_frac=0.2239 real_p2_eps=0.0105 real_p2_hit=0.0000 real_total=0.2499 synth_eps=0.0604 synth_eps_raw=0.0604 synth_x0_hit=0.0000 synth_total=0.0604 prior_preserve=0.0019 extra_render_attn_share=0.5715
[step 29250] real_p1_mirror_hole_cov=0.0355 real_p1_eps=0.3148 real_p1_hole_frac=0.1835 real_p2_eps=0.0011 real_p2_hit=0.0000 real_total=0.3159 discr_adv=0.9482 x0_d_real=0.3665 x0_d_fake=0.2629 g_grad_abs=1193.1327 d_grad_abs=485.8636 synth_eps=0.0801 synth_eps_raw=0.0801 synth_x0_hit=0.0000 synth_total=0.0801 prior_preserve=0.0006 extra_render_attn_share=0.5715
[step 29300] real_p1_mirror_hole_cov=0.2892 real_p1_eps=0.1760 real_p1_hole_frac=0.2252 real_p2_eps=0.0085 real_p2_hit=0.0000 real_total=0.1845 synth_eps=0.0528 synth_eps_raw=0.0528 synth_x0_hit=0.0000 synth_total=0.0528 prior_preserve=0.0002 extra_render_attn_share=0.5715
[step 29350] real_p1_mirror_hole_cov=0.1302 real_p1_eps=0.2770 real_p1_hole_frac=0.2977 real_p2_eps=0.0059 real_p2_hit=0.0000 real_total=0.2829 discr_adv=1.1014 x0_d_real=0.3511 x0_d_fake=0.5539 g_grad_abs=1324.7985 d_grad_abs=1045.7857 synth_eps=0.0043 synth_eps_raw=0.0043 synth_x0_hit=0.0000 synth_total=0.0043 prior_preserve=0.0968 extra_render_attn_share=0.5715
[step 29400] real_p1_mirror_hole_cov=0.1137 real_p1_eps=0.1327 real_p1_hole_frac=0.5539 real_p2_eps=0.0644 real_p2_hit=0.0000 real_total=0.1971 discr_adv=0.9724 x0_d_real=-0.3143 x0_d_fake=-0.3702 g_grad_abs=871.8801 d_grad_abs=192.1384 synth_eps=0.0055 synth_eps_raw=0.0055 synth_x0_hit=0.0000 synth_total=0.0055 prior_preserve=0.0013 extra_render_attn_share=0.5715
[step 29450] real_p1_mirror_hole_cov=0.0229 real_p1_eps=0.2196 real_p1_hole_frac=0.2914 real_p2_eps=0.0085 real_p2_hit=0.0000 real_total=0.2281 synth_eps=0.1825 synth_eps_raw=0.1825 synth_x0_hit=1.0000 synth_x0_t=297.0000 synth_x0_ldif=0.1240 synth_x0_gen_adv=-0.3722 synth_x0_lfm=0.0089 synth_total=0.2870 prior_preserve=0.0004 extra_render_attn_share=0.5715
[step 29500] real_p1_mirror_hole_cov=0.0120 real_p1_eps=0.2499 real_p1_hole_frac=0.2392 real_p2_eps=0.2342 real_p2_hit=1.0000 real_p2_t=82.0000 real_p2_ldif=0.0215 real_p2_gen_adv=-0.0232 real_p2_lfm=0.0016 real_total=0.5065 discr_adv=0.9956 p2_d_real=0.0319 p2_d_fake=0.0232 g_grad_abs=1486.1149 d_grad_abs=161.9916 synth_eps=0.0153 synth_eps_raw=0.0153 synth_x0_hit=0.0000 synth_total=0.0153 prior_preserve=0.0001 extra_render_attn_share=0.5715
[images] real: anchor | cond1 | cond2 | inv_warp_mirror | mask | mask_inv | warp_img | warp_warp_img | x | y_hat | y_hat_novel -> /home/xzy/warpgan-diffusiong-inpainting/warpgan-diffusion-inpainting-main/experiments/train_inpainting_diffusion/[20260914-030356]_v18w8_w5full_100k/logs/images/train/real_step0029500.png
[images] synth: cond | mask | target | warp_img | x | y_hat_novel -> /home/xzy/warpgan-diffusiong-inpainting/warpgan-diffusion-inpainting-main/experiments/train_inpainting_diffusion/[20260914-030356]_v18w8_w5full_100k/logs/images/train/synth_step0029500.png
[step 29550] real_p1_mirror_hole_cov=0.0301 real_p1_eps=0.1031 real_p1_hole_frac=0.0756 real_p2_eps=0.0945 real_p2_hit=1.0000 real_p2_t=245.0000 real_p2_ldif=0.0441 real_p2_gen_adv=-0.7521 real_p2_lfm=0.0033 real_total=0.1731 discr_adv=2.0454 x0_d_real=0.3726 x0_d_fake=0.4212 p2_d_real=0.7100 p2_d_fake=0.7521 g_grad_abs=1315.3056 d_grad_abs=310.3317 synth_eps=0.4395 synth_eps_raw=0.4395 synth_x0_hit=1.0000 synth_x0_t=85.0000 synth_x0_ldif=0.0422 synth_x0_gen_adv=-0.3356 synth_x0_lfm=0.0039 synth_total=0.4559 prior_preserve=0.0001 extra_render_attn_share=0.5715
[step 29600] real_p1_mirror_hole_cov=0.1418 real_p1_eps=0.1936 real_p1_hole_frac=0.3341 real_p2_eps=0.3931 real_p2_hit=1.0000 real_p2_t=69.0000 real_p2_ldif=0.0292 real_p2_gen_adv=0.4253 real_p2_lfm=0.0030 real_total=0.6644 discr_adv=1.0077 p2_d_real=-0.4407 p2_d_fake=-0.4253 g_grad_abs=1985.6833 d_grad_abs=51.5175 synth_eps=0.2866 synth_eps_raw=0.2866 synth_x0_hit=1.0000 synth_x0_t=183.0000 synth_x0_ldif=0.0809 synth_x0_gen_adv=-0.2634 synth_x0_lfm=0.0073 synth_total=0.3557 prior_preserve=0.0003 extra_render_attn_share=0.5715
[step 29650] real_p1_mirror_hole_cov=0.1588 real_p1_eps=0.3205 real_p1_hole_frac=0.3415 real_p2_eps=0.0961 real_p2_hit=0.0000 real_total=0.4166 discr_adv=1.0870 x0_d_real=-0.0405 x0_d_fake=0.1335 g_grad_abs=1514.5837 d_grad_abs=597.6805 synth_eps=0.0046 synth_eps_raw=0.0046 synth_x0_hit=0.0000 synth_total=0.0046 prior_preserve=0.0002 extra_render_attn_share=0.5715
[step 29700] real_p1_mirror_hole_cov=0.0561 real_p1_eps=0.0892 real_p1_hole_frac=0.0611 real_p2_eps=0.0100 real_p2_hit=0.0000 real_total=0.0992 synth_eps=0.2253 synth_eps_raw=0.2253 synth_x0_hit=1.0000 synth_x0_t=245.0000 synth_x0_ldif=0.1051 synth_x0_gen_adv=-0.5460 synth_x0_lfm=0.0071 synth_total=0.2900 prior_preserve=0.0001 extra_render_attn_share=0.5715
[step 29750] real_p1_mirror_hole_cov=0.0610 real_p1_eps=0.0591 real_p1_hole_frac=0.0820 real_p2_eps=0.0013 real_p2_hit=0.0000 real_total=0.0604 synth_eps=0.0354 synth_eps_raw=0.0354 synth_x0_hit=0.0000 synth_total=0.0354 prior_preserve=0.0119 extra_render_attn_share=0.5715
[step 29800] real_p1_mirror_hole_cov=0.0071 real_p1_eps=0.2991 real_p1_hole_frac=0.2868 real_p2_eps=0.0097 real_p2_hit=0.0000 real_total=0.3088 synth_eps=0.6131 synth_eps_raw=0.6131 synth_x0_hit=1.0000 synth_x0_t=25.0000 synth_x0_ldif=0.0147 synth_x0_gen_adv=0.3815 synth_x0_lfm=0.0014 synth_total=0.6689 prior_preserve=0.0002 extra_render_attn_share=0.5715
[step 29850] real_p1_mirror_hole_cov=0.0561 real_p1_eps=0.4110 real_p1_hole_frac=0.3607 real_p2_eps=0.1842 real_p2_hit=1.0000 real_p2_t=255.0000 real_p2_ldif=0.0925 real_p2_gen_adv=-0.2883 real_p2_lfm=0.0074 real_total=0.6737 discr_adv=0.9649 p2_d_real=0.3591 p2_d_fake=0.2883 g_grad_abs=2542.5185 d_grad_abs=333.5778 synth_eps=0.0220 synth_eps_raw=0.0220 synth_x0_hit=0.0000 synth_total=0.0220 prior_preserve=0.0006 extra_render_attn_share=0.5715
[step 29900] real_p1_mirror_hole_cov=0.0082 real_p1_eps=0.1263 real_p1_hole_frac=0.3497 real_p2_eps=0.2348 real_p2_hit=1.0000 real_p2_t=151.0000 real_p2_ldif=0.0493 real_p2_gen_adv=-0.4275 real_p2_lfm=0.0034 real_total=0.3746 discr_adv=2.0396 x0_d_real=-0.9497 x0_d_fake=-0.9453 p2_d_real=0.4263 p2_d_fake=0.4275 g_grad_abs=1494.9067 d_grad_abs=1070.5846 synth_eps=0.0057 synth_eps_raw=0.0057 synth_x0_hit=0.0000 synth_total=0.0057 prior_preserve=0.0002 extra_render_attn_share=0.5715
[step 29950] real_p1_mirror_hole_cov=0.1198 real_p1_eps=0.1450 real_p1_hole_frac=0.4004 real_p2_eps=0.3825 real_p2_hit=1.0000 real_p2_t=69.0000 real_p2_ldif=0.0284 real_p2_gen_adv=0.5682 real_p2_lfm=0.0027 real_total=0.6182 discr_adv=0.9906 p2_d_real=-0.5472 p2_d_fake=-0.5682 g_grad_abs=1369.0773 d_grad_abs=123.9885 synth_eps=0.4874 synth_eps_raw=0.4874 synth_x0_hit=1.0000 synth_x0_t=56.0000 synth_x0_ldif=0.0283 synth_x0_gen_adv=0.6595 synth_x0_lfm=0.0028 synth_total=0.5873 prior_preserve=0.0011 extra_render_attn_share=0.5715
[ckpt] saved /home/xzy/warpgan-diffusiong-inpainting/warpgan-diffusion-inpainting-main/experiments/train_inpainting_diffusion/[20260914-030356]_v18w8_w5full_100k/checkpoints/iteration_0029999.pt
[val step 29999] val_novel_full=0.0373 val_novel_hole=0.0287 val_novel_visible=0.0482
[step 30000] real_p1_mirror_hole_cov=0.0505 real_p1_eps=0.3331 real_p1_hole_frac=0.2901 real_p2_eps=0.3567 real_p2_hit=1.0000 real_p2_t=90.0000 real_p2_ldif=0.0368 real_p2_gen_adv=0.1905 real_p2_lfm=0.0036 real_total=0.7529 discr_adv=1.9331 x0_d_real=-0.2492 x0_d_fake=-0.3879 p2_d_real=-0.1953 p2_d_fake=-0.1905 g_grad_abs=1698.7280 d_grad_abs=760.3235 synth_eps=0.0190 synth_eps_raw=0.0190 synth_x0_hit=0.0000 synth_total=0.0190 prior_preserve=0.0002 extra_render_attn_share=0.5735
[images] real: anchor | cond1 | cond2 | inv_warp_mirror | mask | mask_inv | warp_img | warp_warp_img | x | y_hat | y_hat_novel -> /home/xzy/warpgan-diffusiong-inpainting/warpgan-diffusion-inpainting-main/experiments/train_inpainting_diffusion/[20260914-030356]_v18w8_w5full_100k/logs/images/train/real_step0030000.png
[images] synth: cond | mask | target | warp_img | x | y_hat_novel -> /home/xzy/warpgan-diffusiong-inpainting/warpgan-diffusion-inpainting-main/experiments/train_inpainting_diffusion/[20260914-030356]_v18w8_w5full_100k/logs/images/train/synth_step0030000.png
[step 30050] real_p1_mirror_hole_cov=0.1314 real_p1_eps=0.1166 real_p1_hole_frac=0.1521 real_p2_eps=0.0017 real_p2_hit=0.0000 real_total=0.1183 discr_adv=0.8345 x0_d_real=0.0744 x0_d_fake=-0.2762 g_grad_abs=716.1496 d_grad_abs=3912.4756 synth_eps=0.1747 synth_eps_raw=0.1747 synth_x0_hit=1.0000 synth_x0_t=294.0000 synth_x0_ldif=0.1162 synth_x0_gen_adv=0.2056 synth_x0_lfm=0.0095 synth_total=0.3305 prior_preserve=0.0012 extra_render_attn_share=0.5735
[step 30100] real_p1_mirror_hole_cov=0.0282 real_p1_eps=0.1027 real_p1_hole_frac=0.3826 real_p2_eps=0.0017 real_p2_hit=0.0000 real_total=0.1044 synth_eps=0.4466 synth_eps_raw=0.4466 synth_x0_hit=1.0000 synth_x0_t=49.0000 synth_x0_ldif=0.0222 synth_x0_gen_adv=-0.0736 synth_x0_lfm=0.0026 synth_total=0.4667 prior_preserve=0.0009 extra_render_attn_share=0.5735
[step 30150] real_p1_mirror_hole_cov=0.1336 real_p1_eps=0.1341 real_p1_hole_frac=0.3281 real_p2_eps=0.2581 real_p2_hit=1.0000 real_p2_t=121.0000 real_p2_ldif=0.0395 real_p2_gen_adv=0.2984 real_p2_lfm=0.0042 real_total=0.4699 discr_adv=1.9376 x0_d_real=-0.3764 x0_d_fake=-0.4056 p2_d_real=-0.1732 p2_d_fake=-0.2984 g_grad_abs=2931.0401 d_grad_abs=787.6813 synth_eps=0.3011 synth_eps_raw=0.3011 synth_x0_hit=1.0000 synth_x0_t=157.0000 synth_x0_ldif=0.0671 synth_x0_gen_adv=0.2588 synth_x0_lfm=0.0052 synth_total=0.4044 prior_preserve=0.0761 extra_render_attn_share=0.5735
[step 30200] real_p1_mirror_hole_cov=0.1041 real_p1_eps=0.0569 real_p1_hole_frac=0.0440 real_p2_eps=0.0052 real_p2_hit=0.0000 real_total=0.0621 synth_eps=0.4207 synth_eps_raw=0.4207 synth_x0_hit=1.0000 synth_x0_t=82.0000 synth_x0_ldif=0.0386 synth_x0_gen_adv=-0.0620 synth_x0_lfm=0.0029 synth_total=0.4589 prior_preserve=0.0003 extra_render_attn_share=0.5735
[step 30250] real_p1_mirror_hole_cov=0.0079 real_p1_eps=0.1064 real_p1_hole_frac=0.2316 real_p2_eps=0.0017 real_p2_hit=0.0000 real_total=0.1081 discr_adv=0.9317 x0_d_real=0.5499 x0_d_fake=0.4098 g_grad_abs=716.9971 d_grad_abs=1896.8499 synth_eps=0.0173 synth_eps_raw=0.0173 synth_x0_hit=0.0000 synth_total=0.0173 prior_preserve=0.0003 extra_render_attn_share=0.5735
[step 30300] real_p1_mirror_hole_cov=0.1970 real_p1_eps=0.1833 real_p1_hole_frac=0.0285 real_p2_eps=0.0094 real_p2_hit=0.0000 real_total=0.1927 synth_eps=0.0175 synth_eps_raw=0.0175 synth_x0_hit=0.0000 synth_total=0.0175 prior_preserve=0.0007 extra_render_attn_share=0.5735
[step 30350] real_p1_mirror_hole_cov=0.0368 real_p1_eps=0.2819 real_p1_hole_frac=0.3844 real_p2_eps=0.0695 real_p2_hit=0.0000 real_total=0.3514 synth_eps=0.0044 synth_eps_raw=0.0044 synth_x0_hit=0.0000 synth_total=0.0044 prior_preserve=0.0002 extra_render_attn_share=0.5735
[step 30400] real_p1_mirror_hole_cov=0.0677 real_p1_eps=0.1266 real_p1_hole_frac=0.2556 real_p2_eps=0.0493 real_p2_hit=0.0000 real_total=0.1758 synth_eps=0.2459 synth_eps_raw=0.2459 synth_x0_hit=1.0000 synth_x0_t=248.0000 synth_x0_ldif=0.1173 synth_x0_gen_adv=-0.0865 synth_x0_lfm=0.0074 synth_total=0.3693 prior_preserve=0.0003 extra_render_attn_share=0.5735
[step 30450] real_p1_mirror_hole_cov=0.0059 real_p1_eps=0.1380 real_p1_hole_frac=0.1157 real_p2_eps=0.0643 real_p2_hit=0.0000 real_total=0.2023 synth_eps=0.0024 synth_eps_raw=0.0024 synth_x0_hit=0.0000 synth_total=0.0024 prior_preserve=0.0003 extra_render_attn_share=0.5735
[step 30500] real_p1_mirror_hole_cov=0.0055 real_p1_eps=0.0577 real_p1_hole_frac=0.1481 real_p2_eps=0.0076 real_p2_hit=0.0000 real_total=0.0652 discr_adv=0.9222 x0_d_real=-0.0362 x0_d_fake=-0.1918 g_grad_abs=600.4740 d_grad_abs=365.7648 synth_eps=0.0712 synth_eps_raw=0.0712 synth_x0_hit=0.0000 synth_total=0.0712 prior_preserve=0.0001 extra_render_attn_share=0.5735
[images] real: anchor | cond1 | cond2 | inv_warp_mirror | mask | mask_inv | warp_img | warp_warp_img | x | y_hat | y_hat_novel -> /home/xzy/warpgan-diffusiong-inpainting/warpgan-diffusion-inpainting-main/experiments/train_inpainting_diffusion/[20260914-030356]_v18w8_w5full_100k/logs/images/train/real_step0030500.png
[images] synth: cond | mask | target | warp_img | x | y_hat_novel -> /home/xzy/warpgan-diffusiong-inpainting/warpgan-diffusion-inpainting-main/experiments/train_inpainting_diffusion/[20260914-030356]_v18w8_w5full_100k/logs/images/train/synth_step0030500.png
[step 30550] real_p1_mirror_hole_cov=0.1058 real_p1_eps=0.1512 real_p1_hole_frac=0.3630 real_p2_eps=0.0906 real_p2_hit=0.0000 real_total=0.2418 synth_eps=0.1668 synth_eps_raw=0.1668 synth_x0_hit=1.0000 synth_x0_t=288.0000 synth_x0_ldif=0.1064 synth_x0_gen_adv=-0.6939 synth_x0_lfm=0.0057 synth_total=0.2153 prior_preserve=0.0002 extra_render_attn_share=0.5735
[step 30600] real_p1_mirror_hole_cov=0.1388 real_p1_eps=0.2447 real_p1_hole_frac=0.4651 real_p2_eps=0.0304 real_p2_hit=0.0000 real_total=0.2750 synth_eps=0.1531 synth_eps_raw=0.1531 synth_x0_hit=0.0000 synth_total=0.1531 prior_preserve=0.0002 extra_render_attn_share=0.5735
[step 30650] real_p1_mirror_hole_cov=0.0725 real_p1_eps=0.0960 real_p1_hole_frac=0.2190 real_p2_eps=0.0011 real_p2_hit=0.0000 real_total=0.0971 discr_adv=1.0580 x0_d_real=-0.2847 x0_d_fake=-0.1698 g_grad_abs=779.0712 d_grad_abs=348.6913 synth_eps=0.0540 synth_eps_raw=0.0540 synth_x0_hit=0.0000 synth_total=0.0540 prior_preserve=0.0005 extra_render_attn_share=0.5735
[step 30700] real_p1_mirror_hole_cov=0.0108 real_p1_eps=0.1223 real_p1_hole_frac=0.1998 real_p2_eps=0.0905 real_p2_hit=0.0000 real_total=0.2128 synth_eps=0.0461 synth_eps_raw=0.0461 synth_x0_hit=0.0000 synth_total=0.0461 prior_preserve=0.0011 extra_render_attn_share=0.5735
[step 30750] real_p1_mirror_hole_cov=0.1579 real_p1_eps=0.2352 real_p1_hole_frac=0.6742 real_p2_eps=0.0458 real_p2_hit=0.0000 real_total=0.2810 synth_eps=0.0041 synth_eps_raw=0.0041 synth_x0_hit=0.0000 synth_total=0.0041 prior_preserve=0.0005 extra_render_attn_share=0.5735
[step 30800] real_p1_mirror_hole_cov=0.0061 real_p1_eps=0.1388 real_p1_hole_frac=0.2528 real_p2_eps=0.1778 real_p2_hit=1.0000 real_p2_t=233.0000 real_p2_ldif=0.0757 real_p2_gen_adv=-1.0029 real_p2_lfm=0.0060 real_total=0.3041 discr_adv=2.0485 x0_d_real=0.6907 x0_d_fake=0.7363 p2_d_real=0.9744 p2_d_fake=1.0029 g_grad_abs=1925.9054 d_grad_abs=603.2410 synth_eps=0.0055 synth_eps_raw=0.0055 synth_x0_hit=0.0000 synth_total=0.0055 prior_preserve=0.0004 extra_render_attn_share=0.5735
[step 30850] real_p1_mirror_hole_cov=0.0042 real_p1_eps=0.0948 real_p1_hole_frac=0.2188 real_p2_eps=0.1606 real_p2_hit=1.0000 real_p2_t=147.0000 real_p2_ldif=0.0324 real_p2_gen_adv=-0.3986 real_p2_lfm=0.0039 real_total=0.2557 discr_adv=1.9407 x0_d_real=0.4338 x0_d_fake=0.2724 p2_d_real=0.3557 p2_d_fake=0.3986 g_grad_abs=1548.3003 d_grad_abs=382.0005 synth_eps=0.0078 synth_eps_raw=0.0078 synth_x0_hit=0.0000 synth_total=0.0078 prior_preserve=0.0001 extra_render_attn_share=0.5735
[step 30900] real_p1_mirror_hole_cov=0.0971 real_p1_eps=0.1997 real_p1_hole_frac=0.2350 real_p2_eps=0.1737 real_p2_hit=1.0000 real_p2_t=152.0000 real_p2_ldif=0.0375 real_p2_gen_adv=0.3306 real_p2_lfm=0.0046 real_total=0.4532 discr_adv=1.2094 p2_d_real=-0.7493 p2_d_fake=-0.3306 g_grad_abs=1539.8355 d_grad_abs=1361.1621 synth_eps=0.0024 synth_eps_raw=0.0024 synth_x0_hit=0.0000 synth_total=0.0024 prior_preserve=0.0030 extra_render_attn_share=0.5735
[step 30950] real_p1_mirror_hole_cov=0.0948 real_p1_eps=0.0991 real_p1_hole_frac=0.1440 real_p2_eps=0.0121 real_p2_hit=0.0000 real_total=0.1112 synth_eps=0.0071 synth_eps_raw=0.0071 synth_x0_hit=0.0000 synth_total=0.0071 prior_preserve=0.0001 extra_render_attn_share=0.5735
[step 31000] real_p1_mirror_hole_cov=0.0209 real_p1_eps=0.0761 real_p1_hole_frac=0.1389 real_p2_eps=0.0037 real_p2_hit=0.0000 real_total=0.0798 synth_eps=0.2166 synth_eps_raw=0.2166 synth_x0_hit=1.0000 synth_x0_t=221.0000 synth_x0_ldif=0.0839 synth_x0_gen_adv=-0.4693 synth_x0_lfm=0.0087 synth_total=0.2711 prior_preserve=0.0002 extra_render_attn_share=0.5735
[images] real: anchor | cond1 | cond2 | inv_warp_mirror | mask | mask_inv | warp_img | warp_warp_img | x | y_hat | y_hat_novel -> /home/xzy/warpgan-diffusiong-inpainting/warpgan-diffusion-inpainting-main/experiments/train_inpainting_diffusion/[20260914-030356]_v18w8_w5full_100k/logs/images/train/real_step0031000.png
[images] synth: cond | mask | target | warp_img | x | y_hat_novel -> /home/xzy/warpgan-diffusiong-inpainting/warpgan-diffusion-inpainting-main/experiments/train_inpainting_diffusion/[20260914-030356]_v18w8_w5full_100k/logs/images/train/synth_step0031000.png
[step 31050] real_p1_mirror_hole_cov=0.1542 real_p1_eps=0.2112 real_p1_hole_frac=0.4798 real_p2_eps=0.0775 real_p2_hit=0.0000 real_total=0.2887 synth_eps=0.1987 synth_eps_raw=0.1987 synth_x0_hit=1.0000 synth_x0_t=200.0000 synth_x0_ldif=0.0652 synth_x0_gen_adv=0.7224 synth_x0_lfm=0.0055 synth_total=0.3471 prior_preserve=0.0026 extra_render_attn_share=0.5735
[step 31100] real_p1_mirror_hole_cov=0.0611 real_p1_eps=0.3048 real_p1_hole_frac=0.4918 real_p2_eps=0.0419 real_p2_hit=0.0000 real_total=0.3467 synth_eps=0.0038 synth_eps_raw=0.0038 synth_x0_hit=0.0000 synth_total=0.0038 prior_preserve=0.0006 extra_render_attn_share=0.5735
[step 31150] real_p1_mirror_hole_cov=0.0647 real_p1_eps=0.2016 real_p1_hole_frac=0.3265 real_p2_eps=0.0040 real_p2_hit=0.0000 real_total=0.2056 synth_eps=0.0107 synth_eps_raw=0.0107 synth_x0_hit=0.0000 synth_total=0.0107 prior_preserve=0.0021 extra_render_attn_share=0.5735
