2026-09-10 02:50:31.053041: I tensorflow/core/util/util.cc:169] oneDNN custom operations are on. You may see slightly different numerical results due to floating-point round-off errors from different computation orders. To turn them off, set the environment variable `TF_ENABLE_ONEDNN_OPTS=0`.
2026-09-10 02:50:31.057493: W tensorflow/stream_executor/platform/default/dso_loader.cc:64] Could not load dynamic library 'libcudart.so.11.0'; dlerror: libcudart.so.11.0: cannot open shared object file: No such file or directory; LD_LIBRARY_PATH: /usr/local/cuda-12.2/lib64:/usr/local/cuda-12.2/lib64:/usr/local/cuda-12.2/lib64
2026-09-10 02:50:31.057517: I tensorflow/stream_executor/cuda/cudart_stub.cc:29] Ignore above cudart dlerror if you do not have a GPU set up on your machine.
/home/xzy/miniconda3/envs/warpgan/lib/python3.9/site-packages/sklearn/utils/fixes.py:28: UserWarning: pkg_resources is deprecated as an API. See https://setuptools.pypa.io/en/latest/pkg_resources.html. The pkg_resources package is slated for removal as early as 2025-11-30. Refrain from using this package or pin to Setuptools<81.
  from pkg_resources import parse_version  # type: ignore
W0910 02:50:36.905215 245191 site-packages/torch/utils/cpp_extension.py:2425] TORCH_CUDA_ARCH_LIST is not set, all archs for visible cards are included for compilation. 
W0910 02:50:36.905215 245191 site-packages/torch/utils/cpp_extension.py:2425] If this is not desired, please set os.environ['TORCH_CUDA_ARCH_LIST'] to specific architectures.
W0910 02:50:37.180310 245191 site-packages/torch/utils/cpp_extension.py:2425] TORCH_CUDA_ARCH_LIST is not set, all archs for visible cards are included for compilation. 
W0910 02:50:37.180310 245191 site-packages/torch/utils/cpp_extension.py:2425] If this is not desired, please set os.environ['TORCH_CUDA_ARCH_LIST'] to specific architectures.
[compat] patched models/goae WindowAttention.forward (torch>=2.6 CPU-bound clamp fix; numerically identical)
device: cuda:0
exp_dir: /home/xzy/warpgan-diffusiong-inpainting/warpgan-diffusion-inpainting-main/experiments/train_inpainting_diffusion/[20260910-025038]_v18w1_ctrl_50k
checkpoint_path: null
max_steps: 50000
paths:
  sd: ./pretrained_models/AI-ModelScope/stable-diffusion-v1-5
  brushnet: ./pretrained_models/brushnet
  wplus_stage_c: /data/xzy/warpgan20260803/20260803/experiments/_wplus_identity_pretrain/checkpoints/iteration_50000.pt
  dataset:
    train: ./data/FFHQ-EG3D_all_static_rebalanced
    test: ./data/celeba-hq_1000_static_rebalanced
    synth: ./data/SynthData100000_rebalanced
data:
  batch_size: 1
  workers: 4
  test_batch_size: 2
  test_workers: 2
  rebalanced: false
  add_LPFF: false
  synth:
    able: true
    zplus: false
    batch_size: ${data.batch_size}
gan:
  device: ${device}
  eg3d_type: plus_r
  encoder_type: goae
  psp:
    n_styles: 14
  goae:
    mlp_layer: 2
    cfg: ./configs/swinv2.yaml
  state_dict_key: psp_state_dict
  checkpoint_path: ./pretrained_models/inversion/gan_encoder.pt
warp:
  warp_ori_train: true
  warp_ori_val: true
  warp_pred: false
  hybrid: true
  cond_erode_kernel: 3
  cond_gaussian_blur_kernel: 21
wplus:
  mode: s1_mapper
  gate_value: 3.0
  init_from_stage_c: false
reference:
  use: true
  use_mirror: true
  real_primary: mirror
  gate_init: 0.5
  lr: 5.0e-06
  local_window_k: 0
  local_gate_init: 0.25
brushnet:
  init: pretrained
  lr: 1.0e-05
  use_8bit_adam: true
  gradient_checkpointing: true
losses:
  eps_weight: 1.0
  synth_texture: full
  synth_lowpass_sigma: 2.0
  real_pass1:
    forward: true
    visible_weight: 1.0
    hole_weight: 1.0
    blind_struct_weight: 0
    mirror_anchor: true
  pixel:
    max_timestep: 200
    x0_clip: 3.0
    resolution: 256
    patch_latent: 32
    apply_to_synth: false
    l1_weight: 0
    resnet_pl_weight: 0
    id_weight: 0
    weights_path: ./pretrained_models/LaMa_perceptual_loss_models
  latent:
    weight: 0
  lpips:
    weight: 0
  adversarial:
    weight: 0
    kind: r1
    gp_coef: 0.001
    mask_as_fake_target: false
    allow_scale_mask: true
  feature_matching:
    weight: 0
  x0:
    enable: false
    l1_weight: 1.0
    clip: 8.0
    res_latent: 32
    d_real: paired_target
  preserve:
    weight: 0
    teacher_wplus: true
  discriminator:
    kind: pix2pixhd_nlayer
    input_nc: 3
    ndf: 64
    n_layers: 4
  optimizers:
    discriminator:
      lr: 0.0001
log:
  image_interval: 500
  board_interval: 50
  val_interval: 2000
  save_interval: 10000
  use_wandb: false
smoke:
  check: true
  fix_timestep: null

==============================================================================
[EFFECTIVE CONFIG — verify line by line before trusting any run]
  exp_dir               : /home/xzy/warpgan-diffusiong-inpainting/warpgan-diffusion-inpainting-main/experiments/train_inpainting_diffusion/[20260910-025038]_v18w1_ctrl_50k
  max_steps             : 50000
  device                : cuda:0
  synth/real 1:1        : use_synth=True
  batch_size (real/synth): 1 / 1
  warp: 512=True hybrid=True warp_pred=False mask=raw_splatting (NO erode/blur)
  warp cond soften     : erode=3px blur_k=21 (v10: CONDITION-side only, supervision keeps raw mask; orig port)
  wplus: mode=s1_mapper gate=fixed tanh(3.0) stage_c_init=False
  reference: use=True use_mirror=True gate_init=0.5 lr=5e-06
  reference real_primary : mirror (user plan: real photo = PRIMARY bank source, render -> extra)
  reference LOCAL       : window=0 gate_init=0.25 (v11 texture-band retrieval from PRIMARY (real-photo) source; activates the formerly-dead reference_local_scale)
  real pass1 dual-band  : visible/mirror FULL-band x1.0 + blind LOW-band x0.0 (v12: target=FULL SHARP render, only low-freq error penalized; hole_weight=1.0 ignored when dual-band active; 0=off -> single-band v11 path)
  loss synth_texture     : full (sigma=2.0 latent px; user plan: structure-only supervision, texture band = 0)
  brushnet: init=pretrained lr=1e-05 8bit=True grad_ckpt=True
  loss eps_weight       : 1.0
  real pass1 FORWARD    : True (False = STRUCT arm: real batch trains pass2 only; inference unchanged)
  loss real_p1 anchor   : visible=1.0 (target=inv_warp) hole=1.0 (target=y_hat_novel) mirror_anchor=True (hole real-photo coverage via inv_warp(x_mirror))
  loss pixel (t<200)   : L1*0 PL*0 ID*0 x0_clip=3.0 res=256
  loss latent closure   : *0 (orig L1195-1200)
  loss lpips/gan/fm     : 0 / 0 / 0  (orig GAN/FM 10/100 -> default 0)
  timestep range        : [0, 1000) FULL RANGE (no low-t clamp; v3.1 lesson)
  smoke: check=True fix_timestep=None
  path [OK ] sd            : ./pretrained_models/AI-ModelScope/stable-diffusion-v1-5
  path [OK ] brushnet      : ./pretrained_models/brushnet
  path [OK ] train         : ./data/FFHQ-EG3D_all_static_rebalanced
  path [OK ] test          : ./data/celeba-hq_1000_static_rebalanced
  path [OK ] synth         : ./data/SynthData100000_rebalanced
  path [OK ] LaMa_PL       : ./pretrained_models/LaMa_perceptual_loss_models
  path [OK ] gan_encoder   : ./pretrained_models/inversion/gan_encoder.pt
==============================================================================
[BrushNet] init: official pretrained inpainting checkpoint
[params] bank-retrieval adapters trainable: 37,183,696 | W+ QKV (s2) trainable: 0 | W+ mapper trainable: 1,967,616 | mirror: own K/V 24,780,800 + softmax competition (16 gauged layers) | RefNet DELETED (860M saved, bank=main-UNet self-read)
[optim] 8-bit AdamW (bitsandbytes)
Synth dataset: ./data/SynthData100000_rebalanced -> 100000 samples
Real train dataset: ./data/FFHQ-EG3D_all_static_rebalanced -> 139914 samples
Test dataset: ./data/celeba-hq_1000_static_rebalanced -> 1000 samples
Start diffusion-port training (orig semantics, BrushNet+SD1.5).
[bank input check] source=x_mirror shape=(1, 3, 512, 512) mean=0.4257 std=0.2281 finite=True
[bank input check] source=y_hat_novel shape=(1, 3, 512, 512) mean=0.4468 std=0.1665 finite=True

------------------------------------------------------------------------------
[v10 REAL-DATA AUDIT — condition-side softening]
  [PASS] output range [0,1]                           min=0.0000 max=1.0000
  [info] hole mean growth = 0.0776 (raw 0.3900 bin 0.3900 soft 0.4676; fragmentation-dependent, orig-equivalent by the check below)
  [PASS] vs ORIG ops on real tensor (kornia+tv, max diff < 1e-4) max_diff=3.58e-07
  [PASS] transition band exists (soft, not re-binarized) band_frac=0.12448 band_px/img=32631
  [PASS] no knife edge: max per-px jump <= 0.45 (orig ~0.38) max_jump=0.380
  [PASS] supervision mask_latents == interp(RAW mask) 
  [PASS] BrushNet channel != supervision at boundary (split real) max|soft-raw|@latent=1.000
  [PASS] off-state identity on real tensor            
------------------------------------------------------------------------------
v10 AUDIT PASSED — theory verified on real pipeline tensors.
/home/xzy/warpgan-diffusiong-inpainting/warpgan-diffusion-inpainting-main/./training/coach_inpainting_diffusion.py:1484: UserWarning: Converting a tensor with requires_grad=True to a scalar may lead to unexpected behavior.
Consider using tensor.detach() first. (Triggered internally at /pytorch/torch/csrc/autograd/generated/python_variable_methods.cpp:835.)
  metrics['p1_eps'] = float(loss_p1)
[bank input check] source=y_hat shape=(1, 3, 512, 512) mean=0.4285 std=0.1997 finite=True
[bank input check] source=x_mirror shape=(1, 3, 512, 512) mean=0.4257 std=0.2281 finite=True
[bank input check] source=target_hat shape=(1, 3, 512, 512) mean=0.4892 std=0.2122 finite=True
[bank input check] source=x_mirror shape=(1, 3, 512, 512) mean=0.5243 std=0.2664 finite=True
[step 0] real_p1_mirror_hole_cov=0.0689 real_p1_eps=0.0518 real_p1_hole_frac=0.3900 real_p2_eps=0.0497 real_p2_pixel_l1=0.0000 real_p2_pixel_pl=0.0000 real_p2_pixel_id=0.0000 real_p2_latent=0.0000 real_p2_low_t_hits=0.0000 real_total=0.1015 synth_eps=0.0989 synth_eps_raw=0.0989 synth_pixel_l1=0.0000 synth_pixel_pl=0.0000 synth_pixel_id=0.0000 synth_latent=0.0000 synth_low_t_hits=0.0000 synth_total=0.0989
[images] real: anchor | cond1 | cond2 | inv_warp_mirror | mask | mask_inv | warp_img | warp_warp_img | x | y_hat | y_hat_novel -> /home/xzy/warpgan-diffusiong-inpainting/warpgan-diffusion-inpainting-main/experiments/train_inpainting_diffusion/[20260910-025038]_v18w1_ctrl_50k/logs/images/train/real_step0000000.png
[images] synth: cond | mask | target | warp_img | x | y_hat_novel -> /home/xzy/warpgan-diffusiong-inpainting/warpgan-diffusion-inpainting-main/experiments/train_inpainting_diffusion/[20260910-025038]_v18w1_ctrl_50k/logs/images/train/synth_step0000000.png
[bank input check] source=x_mirror shape=(1, 3, 512, 512) mean=0.4655 std=0.2536 finite=True
[bank input check] source=y_hat_novel shape=(1, 3, 512, 512) mean=0.5022 std=0.2182 finite=True

------------------------------------------------------------------------------
[v10 REAL-DATA AUDIT — condition-side softening]
  [PASS] output range [0,1]                           min=0.0000 max=1.0000
  [info] hole mean growth = 0.1376 (raw 0.3741 bin 0.3741 soft 0.5116; fragmentation-dependent, orig-equivalent by the check below)
  [PASS] vs ORIG ops on real tensor (kornia+tv, max diff < 1e-4) max_diff=3.58e-07
  [PASS] transition band exists (soft, not re-binarized) band_frac=0.11983 band_px/img=31413
  [PASS] no knife edge: max per-px jump <= 0.45 (orig ~0.38) max_jump=0.380
  [PASS] supervision mask_latents == interp(RAW mask) 
  [PASS] BrushNet channel != supervision at boundary (split real) max|soft-raw|@latent=1.000
  [PASS] off-state identity on real tensor            
------------------------------------------------------------------------------
v10 AUDIT PASSED — theory verified on real pipeline tensors.
[bank input check] source=y_hat shape=(1, 3, 512, 512) mean=0.4731 std=0.2257 finite=True
[bank input check] source=x_mirror shape=(1, 3, 512, 512) mean=0.4655 std=0.2536 finite=True
[bank input check] source=target_hat shape=(1, 3, 512, 512) mean=0.3325 std=0.1974 finite=True
[bank input check] source=x_mirror shape=(1, 3, 512, 512) mean=0.3217 std=0.2164 finite=True
[bank input check] source=x_mirror shape=(1, 3, 512, 512) mean=0.3202 std=0.1900 finite=True
[bank input check] source=y_hat_novel shape=(1, 3, 512, 512) mean=0.3161 std=0.1621 finite=True

------------------------------------------------------------------------------
[v10 REAL-DATA AUDIT — condition-side softening]
  [PASS] output range [0,1]                           min=0.0000 max=1.0000
  [info] hole mean growth = 0.0203 (raw 0.0267 bin 0.0267 soft 0.0470; fragmentation-dependent, orig-equivalent by the check below)
  [PASS] vs ORIG ops on real tensor (kornia+tv, max diff < 1e-4) max_diff=2.98e-07
  [PASS] transition band exists (soft, not re-binarized) band_frac=0.04290 band_px/img=11247
  [PASS] no knife edge: max per-px jump <= 0.45 (orig ~0.38) max_jump=0.380
  [PASS] supervision mask_latents == interp(RAW mask) 
  [PASS] BrushNet channel != supervision at boundary (split real) max|soft-raw|@latent=1.000
  [PASS] off-state identity on real tensor            
------------------------------------------------------------------------------
v10 AUDIT PASSED — theory verified on real pipeline tensors.
[bank input check] source=y_hat shape=(1, 3, 512, 512) mean=0.3133 std=0.1643 finite=True
[bank input check] source=x_mirror shape=(1, 3, 512, 512) mean=0.3202 std=0.1900 finite=True
[bank input check] source=target_hat shape=(1, 3, 512, 512) mean=0.5339 std=0.1651 finite=True
[bank input check] source=x_mirror shape=(1, 3, 512, 512) mean=0.5235 std=0.1811 finite=True
[step 50] real_p1_mirror_hole_cov=0.2389 real_p1_eps=0.0351 real_p1_hole_frac=0.5073 real_p2_eps=0.0303 real_p2_pixel_l1=0.0000 real_p2_pixel_pl=0.0000 real_p2_pixel_id=0.0000 real_p2_latent=0.0000 real_p2_low_t_hits=0.0000 real_total=0.0654 synth_eps=0.0093 synth_eps_raw=0.0093 synth_pixel_l1=0.0000 synth_pixel_pl=0.0000 synth_pixel_id=0.0000 synth_latent=0.0000 synth_low_t_hits=0.0000 synth_total=0.0093
[step 100] real_p1_mirror_hole_cov=0.0021 real_p1_eps=0.0821 real_p1_hole_frac=0.2421 real_p2_eps=0.1924 real_p2_pixel_l1=0.0000 real_p2_pixel_pl=0.0000 real_p2_pixel_id=0.0000 real_p2_latent=0.0000 real_p2_low_t_hits=0.0000 real_total=0.2745 synth_eps=0.0130 synth_eps_raw=0.0130 synth_pixel_l1=0.0000 synth_pixel_pl=0.0000 synth_pixel_id=0.0000 synth_latent=0.0000 synth_low_t_hits=0.0000 synth_total=0.0130
[step 150] real_p1_mirror_hole_cov=0.0827 real_p1_eps=0.0909 real_p1_hole_frac=0.2609 real_p2_eps=0.0778 real_p2_pixel_l1=0.0000 real_p2_pixel_pl=0.0000 real_p2_pixel_id=0.0000 real_p2_latent=0.0000 real_p2_low_t_hits=0.0000 real_total=0.1688 synth_eps=0.0961 synth_eps_raw=0.0961 synth_pixel_l1=0.0000 synth_pixel_pl=0.0000 synth_pixel_id=0.0000 synth_latent=0.0000 synth_low_t_hits=0.0000 synth_total=0.0961
[step 200] real_p1_mirror_hole_cov=0.0201 real_p1_eps=0.0039 real_p1_hole_frac=0.3331 real_p2_eps=0.0061 real_p2_pixel_l1=0.0000 real_p2_pixel_pl=0.0000 real_p2_pixel_id=0.0000 real_p2_latent=0.0000 real_p2_low_t_hits=0.0000 real_total=0.0100 synth_eps=0.0098 synth_eps_raw=0.0098 synth_pixel_l1=0.0000 synth_pixel_pl=0.0000 synth_pixel_id=0.0000 synth_latent=0.0000 synth_low_t_hits=0.0000 synth_total=0.0098
[step 250] real_p1_mirror_hole_cov=0.0272 real_p1_eps=0.0046 real_p1_hole_frac=0.1203 real_p2_eps=0.3489 real_p2_pixel_l1=0.0000 real_p2_pixel_pl=0.0000 real_p2_pixel_id=0.0000 real_p2_latent=0.0000 real_p2_low_t_hits=1.0000 real_total=0.3534 synth_eps=0.1619 synth_eps_raw=0.1619 synth_pixel_l1=0.0000 synth_pixel_pl=0.0000 synth_pixel_id=0.0000 synth_latent=0.0000 synth_low_t_hits=0.0000 synth_total=0.1619
[step 300] real_p1_mirror_hole_cov=0.1114 real_p1_eps=0.0156 real_p1_hole_frac=0.0744 real_p2_eps=0.0013 real_p2_pixel_l1=0.0000 real_p2_pixel_pl=0.0000 real_p2_pixel_id=0.0000 real_p2_latent=0.0000 real_p2_low_t_hits=0.0000 real_total=0.0169 synth_eps=0.4420 synth_eps_raw=0.4420 synth_pixel_l1=0.0000 synth_pixel_pl=0.0000 synth_pixel_id=0.0000 synth_latent=0.0000 synth_low_t_hits=1.0000 synth_total=0.4420
[step 350] real_p1_mirror_hole_cov=0.0161 real_p1_eps=0.0607 real_p1_hole_frac=0.0460 real_p2_eps=0.0098 real_p2_pixel_l1=0.0000 real_p2_pixel_pl=0.0000 real_p2_pixel_id=0.0000 real_p2_latent=0.0000 real_p2_low_t_hits=0.0000 real_total=0.0705 synth_eps=0.1077 synth_eps_raw=0.1077 synth_pixel_l1=0.0000 synth_pixel_pl=0.0000 synth_pixel_id=0.0000 synth_latent=0.0000 synth_low_t_hits=0.0000 synth_total=0.1077
[step 400] real_p1_mirror_hole_cov=0.0161 real_p1_eps=0.0068 real_p1_hole_frac=0.3714 real_p2_eps=0.4705 real_p2_pixel_l1=0.0000 real_p2_pixel_pl=0.0000 real_p2_pixel_id=0.0000 real_p2_latent=0.0000 real_p2_low_t_hits=1.0000 real_total=0.4773 synth_eps=0.0698 synth_eps_raw=0.0698 synth_pixel_l1=0.0000 synth_pixel_pl=0.0000 synth_pixel_id=0.0000 synth_latent=0.0000 synth_low_t_hits=0.0000 synth_total=0.0698
[step 450] real_p1_mirror_hole_cov=0.2785 real_p1_eps=0.0100 real_p1_hole_frac=0.2754 real_p2_eps=0.0016 real_p2_pixel_l1=0.0000 real_p2_pixel_pl=0.0000 real_p2_pixel_id=0.0000 real_p2_latent=0.0000 real_p2_low_t_hits=0.0000 real_total=0.0116 synth_eps=0.0049 synth_eps_raw=0.0049 synth_pixel_l1=0.0000 synth_pixel_pl=0.0000 synth_pixel_id=0.0000 synth_latent=0.0000 synth_low_t_hits=0.0000 synth_total=0.0049
[step 500] real_p1_mirror_hole_cov=0.0934 real_p1_eps=0.0026 real_p1_hole_frac=0.1288 real_p2_eps=0.0247 real_p2_pixel_l1=0.0000 real_p2_pixel_pl=0.0000 real_p2_pixel_id=0.0000 real_p2_latent=0.0000 real_p2_low_t_hits=0.0000 real_total=0.0273 synth_eps=0.0669 synth_eps_raw=0.0669 synth_pixel_l1=0.0000 synth_pixel_pl=0.0000 synth_pixel_id=0.0000 synth_latent=0.0000 synth_low_t_hits=0.0000 synth_total=0.0669
[images] real: anchor | cond1 | cond2 | inv_warp_mirror | mask | mask_inv | warp_img | warp_warp_img | x | y_hat | y_hat_novel -> /home/xzy/warpgan-diffusiong-inpainting/warpgan-diffusion-inpainting-main/experiments/train_inpainting_diffusion/[20260910-025038]_v18w1_ctrl_50k/logs/images/train/real_step0000500.png
[images] synth: cond | mask | target | warp_img | x | y_hat_novel -> /home/xzy/warpgan-diffusiong-inpainting/warpgan-diffusion-inpainting-main/experiments/train_inpainting_diffusion/[20260910-025038]_v18w1_ctrl_50k/logs/images/train/synth_step0000500.png
[step 550] real_p1_mirror_hole_cov=0.1488 real_p1_eps=0.0014 real_p1_hole_frac=0.3273 real_p2_eps=0.0218 real_p2_pixel_l1=0.0000 real_p2_pixel_pl=0.0000 real_p2_pixel_id=0.0000 real_p2_latent=0.0000 real_p2_low_t_hits=0.0000 real_total=0.0232 synth_eps=0.2156 synth_eps_raw=0.2156 synth_pixel_l1=0.0000 synth_pixel_pl=0.0000 synth_pixel_id=0.0000 synth_latent=0.0000 synth_low_t_hits=0.0000 synth_total=0.2156
[step 600] real_p1_mirror_hole_cov=0.1373 real_p1_eps=0.2215 real_p1_hole_frac=0.1100 real_p2_eps=0.0427 real_p2_pixel_l1=0.0000 real_p2_pixel_pl=0.0000 real_p2_pixel_id=0.0000 real_p2_latent=0.0000 real_p2_low_t_hits=0.0000 real_total=0.2642 synth_eps=0.0714 synth_eps_raw=0.0714 synth_pixel_l1=0.0000 synth_pixel_pl=0.0000 synth_pixel_id=0.0000 synth_latent=0.0000 synth_low_t_hits=0.0000 synth_total=0.0714
[step 650] real_p1_mirror_hole_cov=0.0360 real_p1_eps=0.0242 real_p1_hole_frac=0.2607 real_p2_eps=0.1133 real_p2_pixel_l1=0.0000 real_p2_pixel_pl=0.0000 real_p2_pixel_id=0.0000 real_p2_latent=0.0000 real_p2_low_t_hits=0.0000 real_total=0.1375 synth_eps=0.1973 synth_eps_raw=0.1973 synth_pixel_l1=0.0000 synth_pixel_pl=0.0000 synth_pixel_id=0.0000 synth_latent=0.0000 synth_low_t_hits=0.0000 synth_total=0.1973
[step 700] real_p1_mirror_hole_cov=0.0905 real_p1_eps=0.0029 real_p1_hole_frac=0.1099 real_p2_eps=0.0024 real_p2_pixel_l1=0.0000 real_p2_pixel_pl=0.0000 real_p2_pixel_id=0.0000 real_p2_latent=0.0000 real_p2_low_t_hits=0.0000 real_total=0.0053 synth_eps=0.2236 synth_eps_raw=0.2236 synth_pixel_l1=0.0000 synth_pixel_pl=0.0000 synth_pixel_id=0.0000 synth_latent=0.0000 synth_low_t_hits=1.0000 synth_total=0.2236
[step 750] real_p1_mirror_hole_cov=0.2375 real_p1_eps=0.0724 real_p1_hole_frac=0.0316 real_p2_eps=0.0026 real_p2_pixel_l1=0.0000 real_p2_pixel_pl=0.0000 real_p2_pixel_id=0.0000 real_p2_latent=0.0000 real_p2_low_t_hits=0.0000 real_total=0.0750 synth_eps=0.1317 synth_eps_raw=0.1317 synth_pixel_l1=0.0000 synth_pixel_pl=0.0000 synth_pixel_id=0.0000 synth_latent=0.0000 synth_low_t_hits=0.0000 synth_total=0.1317
[step 800] real_p1_mirror_hole_cov=0.0158 real_p1_eps=0.0100 real_p1_hole_frac=0.2229 real_p2_eps=0.1788 real_p2_pixel_l1=0.0000 real_p2_pixel_pl=0.0000 real_p2_pixel_id=0.0000 real_p2_latent=0.0000 real_p2_low_t_hits=0.0000 real_total=0.1888 synth_eps=0.0091 synth_eps_raw=0.0091 synth_pixel_l1=0.0000 synth_pixel_pl=0.0000 synth_pixel_id=0.0000 synth_latent=0.0000 synth_low_t_hits=0.0000 synth_total=0.0091
[step 850] real_p1_mirror_hole_cov=0.1930 real_p1_eps=0.0675 real_p1_hole_frac=0.3460 real_p2_eps=0.0081 real_p2_pixel_l1=0.0000 real_p2_pixel_pl=0.0000 real_p2_pixel_id=0.0000 real_p2_latent=0.0000 real_p2_low_t_hits=0.0000 real_total=0.0756 synth_eps=0.0129 synth_eps_raw=0.0129 synth_pixel_l1=0.0000 synth_pixel_pl=0.0000 synth_pixel_id=0.0000 synth_latent=0.0000 synth_low_t_hits=0.0000 synth_total=0.0129
[step 900] real_p1_mirror_hole_cov=0.0320 real_p1_eps=0.0188 real_p1_hole_frac=0.2339 real_p2_eps=0.0762 real_p2_pixel_l1=0.0000 real_p2_pixel_pl=0.0000 real_p2_pixel_id=0.0000 real_p2_latent=0.0000 real_p2_low_t_hits=0.0000 real_total=0.0950 synth_eps=0.1247 synth_eps_raw=0.1247 synth_pixel_l1=0.0000 synth_pixel_pl=0.0000 synth_pixel_id=0.0000 synth_latent=0.0000 synth_low_t_hits=0.0000 synth_total=0.1247
[step 950] real_p1_mirror_hole_cov=0.0270 real_p1_eps=0.0065 real_p1_hole_frac=0.2232 real_p2_eps=0.4384 real_p2_pixel_l1=0.0000 real_p2_pixel_pl=0.0000 real_p2_pixel_id=0.0000 real_p2_latent=0.0000 real_p2_low_t_hits=1.0000 real_total=0.4449 synth_eps=0.1422 synth_eps_raw=0.1422 synth_pixel_l1=0.0000 synth_pixel_pl=0.0000 synth_pixel_id=0.0000 synth_latent=0.0000 synth_low_t_hits=0.0000 synth_total=0.1422
[step 1000] real_p1_mirror_hole_cov=0.0137 real_p1_eps=0.0041 real_p1_hole_frac=0.1972 real_p2_eps=0.2016 real_p2_pixel_l1=0.0000 real_p2_pixel_pl=0.0000 real_p2_pixel_id=0.0000 real_p2_latent=0.0000 real_p2_low_t_hits=1.0000 real_total=0.2057 synth_eps=0.0499 synth_eps_raw=0.0499 synth_pixel_l1=0.0000 synth_pixel_pl=0.0000 synth_pixel_id=0.0000 synth_latent=0.0000 synth_low_t_hits=0.0000 synth_total=0.0499
[images] real: anchor | cond1 | cond2 | inv_warp_mirror | mask | mask_inv | warp_img | warp_warp_img | x | y_hat | y_hat_novel -> /home/xzy/warpgan-diffusiong-inpainting/warpgan-diffusion-inpainting-main/experiments/train_inpainting_diffusion/[20260910-025038]_v18w1_ctrl_50k/logs/images/train/real_step0001000.png
[images] synth: cond | mask | target | warp_img | x | y_hat_novel -> /home/xzy/warpgan-diffusiong-inpainting/warpgan-diffusion-inpainting-main/experiments/train_inpainting_diffusion/[20260910-025038]_v18w1_ctrl_50k/logs/images/train/synth_step0001000.png
[step 1050] real_p1_mirror_hole_cov=0.0453 real_p1_eps=0.4199 real_p1_hole_frac=0.3459 real_p2_eps=0.0054 real_p2_pixel_l1=0.0000 real_p2_pixel_pl=0.0000 real_p2_pixel_id=0.0000 real_p2_latent=0.0000 real_p2_low_t_hits=0.0000 real_total=0.4254 synth_eps=0.0354 synth_eps_raw=0.0354 synth_pixel_l1=0.0000 synth_pixel_pl=0.0000 synth_pixel_id=0.0000 synth_latent=0.0000 synth_low_t_hits=0.0000 synth_total=0.0354
[step 1100] real_p1_mirror_hole_cov=0.0273 real_p1_eps=0.0200 real_p1_hole_frac=0.4671 real_p2_eps=0.0067 real_p2_pixel_l1=0.0000 real_p2_pixel_pl=0.0000 real_p2_pixel_id=0.0000 real_p2_latent=0.0000 real_p2_low_t_hits=0.0000 real_total=0.0267 synth_eps=0.0182 synth_eps_raw=0.0182 synth_pixel_l1=0.0000 synth_pixel_pl=0.0000 synth_pixel_id=0.0000 synth_latent=0.0000 synth_low_t_hits=0.0000 synth_total=0.0182
[step 1150] real_p1_mirror_hole_cov=0.1480 real_p1_eps=0.0566 real_p1_hole_frac=0.2197 real_p2_eps=0.1413 real_p2_pixel_l1=0.0000 real_p2_pixel_pl=0.0000 real_p2_pixel_id=0.0000 real_p2_latent=0.0000 real_p2_low_t_hits=1.0000 real_total=0.1978 synth_eps=0.5210 synth_eps_raw=0.5210 synth_pixel_l1=0.0000 synth_pixel_pl=0.0000 synth_pixel_id=0.0000 synth_latent=0.0000 synth_low_t_hits=1.0000 synth_total=0.5210
[step 1200] real_p1_mirror_hole_cov=0.0266 real_p1_eps=0.0402 real_p1_hole_frac=0.0759 real_p2_eps=0.0724 real_p2_pixel_l1=0.0000 real_p2_pixel_pl=0.0000 real_p2_pixel_id=0.0000 real_p2_latent=0.0000 real_p2_low_t_hits=0.0000 real_total=0.1126 synth_eps=0.0427 synth_eps_raw=0.0427 synth_pixel_l1=0.0000 synth_pixel_pl=0.0000 synth_pixel_id=0.0000 synth_latent=0.0000 synth_low_t_hits=0.0000 synth_total=0.0427
[step 1250] real_p1_mirror_hole_cov=0.0210 real_p1_eps=0.0277 real_p1_hole_frac=0.3524 real_p2_eps=0.0013 real_p2_pixel_l1=0.0000 real_p2_pixel_pl=0.0000 real_p2_pixel_id=0.0000 real_p2_latent=0.0000 real_p2_low_t_hits=0.0000 real_total=0.0290 synth_eps=0.3054 synth_eps_raw=0.3054 synth_pixel_l1=0.0000 synth_pixel_pl=0.0000 synth_pixel_id=0.0000 synth_latent=0.0000 synth_low_t_hits=1.0000 synth_total=0.3054
[step 1300] real_p1_mirror_hole_cov=0.0805 real_p1_eps=0.0007 real_p1_hole_frac=0.0602 real_p2_eps=0.0539 real_p2_pixel_l1=0.0000 real_p2_pixel_pl=0.0000 real_p2_pixel_id=0.0000 real_p2_latent=0.0000 real_p2_low_t_hits=0.0000 real_total=0.0546 synth_eps=0.0102 synth_eps_raw=0.0102 synth_pixel_l1=0.0000 synth_pixel_pl=0.0000 synth_pixel_id=0.0000 synth_latent=0.0000 synth_low_t_hits=0.0000 synth_total=0.0102
[step 1350] real_p1_mirror_hole_cov=0.1574 real_p1_eps=0.0025 real_p1_hole_frac=0.6162 real_p2_eps=0.0809 real_p2_pixel_l1=0.0000 real_p2_pixel_pl=0.0000 real_p2_pixel_id=0.0000 real_p2_latent=0.0000 real_p2_low_t_hits=0.0000 real_total=0.0834 synth_eps=0.0525 synth_eps_raw=0.0525 synth_pixel_l1=0.0000 synth_pixel_pl=0.0000 synth_pixel_id=0.0000 synth_latent=0.0000 synth_low_t_hits=0.0000 synth_total=0.0525
[step 1400] real_p1_mirror_hole_cov=0.0056 real_p1_eps=0.0226 real_p1_hole_frac=0.1863 real_p2_eps=0.0013 real_p2_pixel_l1=0.0000 real_p2_pixel_pl=0.0000 real_p2_pixel_id=0.0000 real_p2_latent=0.0000 real_p2_low_t_hits=0.0000 real_total=0.0239 synth_eps=0.0429 synth_eps_raw=0.0429 synth_pixel_l1=0.0000 synth_pixel_pl=0.0000 synth_pixel_id=0.0000 synth_latent=0.0000 synth_low_t_hits=0.0000 synth_total=0.0429
[step 1450] real_p1_mirror_hole_cov=0.1319 real_p1_eps=0.0662 real_p1_hole_frac=0.1326 real_p2_eps=0.0009 real_p2_pixel_l1=0.0000 real_p2_pixel_pl=0.0000 real_p2_pixel_id=0.0000 real_p2_latent=0.0000 real_p2_low_t_hits=0.0000 real_total=0.0671 synth_eps=0.1092 synth_eps_raw=0.1092 synth_pixel_l1=0.0000 synth_pixel_pl=0.0000 synth_pixel_id=0.0000 synth_latent=0.0000 synth_low_t_hits=0.0000 synth_total=0.1092
[step 1500] real_p1_mirror_hole_cov=0.0154 real_p1_eps=0.0538 real_p1_hole_frac=0.1211 real_p2_eps=0.0177 real_p2_pixel_l1=0.0000 real_p2_pixel_pl=0.0000 real_p2_pixel_id=0.0000 real_p2_latent=0.0000 real_p2_low_t_hits=0.0000 real_total=0.0716 synth_eps=0.2562 synth_eps_raw=0.2562 synth_pixel_l1=0.0000 synth_pixel_pl=0.0000 synth_pixel_id=0.0000 synth_latent=0.0000 synth_low_t_hits=1.0000 synth_total=0.2562
[images] real: anchor | cond1 | cond2 | inv_warp_mirror | mask | mask_inv | warp_img | warp_warp_img | x | y_hat | y_hat_novel -> /home/xzy/warpgan-diffusiong-inpainting/warpgan-diffusion-inpainting-main/experiments/train_inpainting_diffusion/[20260910-025038]_v18w1_ctrl_50k/logs/images/train/real_step0001500.png
[images] synth: cond | mask | target | warp_img | x | y_hat_novel -> /home/xzy/warpgan-diffusiong-inpainting/warpgan-diffusion-inpainting-main/experiments/train_inpainting_diffusion/[20260910-025038]_v18w1_ctrl_50k/logs/images/train/synth_step0001500.png
2026-09-10 12:34:03.177298: I tensorflow/core/util/util.cc:169] oneDNN custom operations are on. You may see slightly different numerical results due to floating-point round-off errors from different computation orders. To turn them off, set the environment variable `TF_ENABLE_ONEDNN_OPTS=0`.
2026-09-10 12:34:03.184490: W tensorflow/stream_executor/platform/default/dso_loader.cc:64] Could not load dynamic library 'libcudart.so.11.0'; dlerror: libcudart.so.11.0: cannot open shared object file: No such file or directory; LD_LIBRARY_PATH: /usr/local/cuda-12.2/lib64:/usr/local/cuda-12.2/lib64:/usr/local/cuda-12.2/lib64
2026-09-10 12:34:03.184511: I tensorflow/stream_executor/cuda/cudart_stub.cc:29] Ignore above cudart dlerror if you do not have a GPU set up on your machine.
/home/xzy/miniconda3/envs/warpgan/lib/python3.9/site-packages/sklearn/utils/fixes.py:28: UserWarning: pkg_resources is deprecated as an API. See https://setuptools.pypa.io/en/latest/pkg_resources.html. The pkg_resources package is slated for removal as early as 2025-11-30. Refrain from using this package or pin to Setuptools<81.
  from pkg_resources import parse_version  # type: ignore
W0910 12:34:08.824140 3569 site-packages/torch/utils/cpp_extension.py:2425] TORCH_CUDA_ARCH_LIST is not set, all archs for visible cards are included for compilation. 
W0910 12:34:08.824140 3569 site-packages/torch/utils/cpp_extension.py:2425] If this is not desired, please set os.environ['TORCH_CUDA_ARCH_LIST'] to specific architectures.
W0910 12:34:09.066541 3569 site-packages/torch/utils/cpp_extension.py:2425] TORCH_CUDA_ARCH_LIST is not set, all archs for visible cards are included for compilation. 
W0910 12:34:09.066541 3569 site-packages/torch/utils/cpp_extension.py:2425] If this is not desired, please set os.environ['TORCH_CUDA_ARCH_LIST'] to specific architectures.
[compat] patched models/goae WindowAttention.forward (torch>=2.6 CPU-bound clamp fix; numerically identical)
device: cuda:0
exp_dir: /home/xzy/warpgan-diffusiong-inpainting/warpgan-diffusion-inpainting-main/experiments/train_inpainting_diffusion/[20260910-123409]_v18w1_ctrl_50k
checkpoint_path: null
max_steps: 50000
paths:
  sd: ./pretrained_models/AI-ModelScope/stable-diffusion-v1-5
  brushnet: ./pretrained_models/brushnet
  wplus_stage_c: /data/xzy/warpgan20260803/20260803/experiments/_wplus_identity_pretrain/checkpoints/iteration_50000.pt
  dataset:
    train: ./data/FFHQ-EG3D_all_static_rebalanced
    test: ./data/celeba-hq_1000_static_rebalanced
    synth: ./data/SynthData100000_rebalanced
data:
  batch_size: 1
  workers: 4
  test_batch_size: 2
  test_workers: 2
  rebalanced: false
  add_LPFF: false
  synth:
    able: true
    zplus: false
    batch_size: ${data.batch_size}
gan:
  device: ${device}
  eg3d_type: plus_r
  encoder_type: goae
  psp:
    n_styles: 14
  goae:
    mlp_layer: 2
    cfg: ./configs/swinv2.yaml
  state_dict_key: psp_state_dict
  checkpoint_path: ./pretrained_models/inversion/gan_encoder.pt
warp:
  warp_ori_train: true
  warp_ori_val: true
  warp_pred: false
  hybrid: true
  cond_erode_kernel: 3
  cond_gaussian_blur_kernel: 21
wplus:
  mode: s1_mapper
  gate_value: 3.0
  init_from_stage_c: false
reference:
  use: true
  use_mirror: true
  real_primary: mirror
  gate_init: 0.5
  lr: 5.0e-06
  local_window_k: 0
  local_gate_init: 0.25
brushnet:
  init: pretrained
  lr: 1.0e-05
  use_8bit_adam: true
  gradient_checkpointing: true
losses:
  eps_weight: 1.0
  synth_texture: full
  synth_lowpass_sigma: 2.0
  real_pass1:
    forward: true
    visible_weight: 1.0
    hole_weight: 1.0
    blind_struct_weight: 0
    mirror_anchor: true
  pixel:
    max_timestep: 200
    x0_clip: 3.0
    resolution: 256
    patch_latent: 32
    apply_to_synth: false
    l1_weight: 0
    resnet_pl_weight: 0
    id_weight: 0
    weights_path: ./pretrained_models/LaMa_perceptual_loss_models
  latent:
    weight: 0
  lpips:
    weight: 0
  adversarial:
    weight: 0
    kind: r1
    gp_coef: 0.001
    mask_as_fake_target: false
    allow_scale_mask: true
  feature_matching:
    weight: 0
  x0:
    enable: false
    l1_weight: 1.0
    clip: 8.0
    res_latent: 32
    d_real: paired_target
  preserve:
    weight: 0
    teacher_wplus: true
  discriminator:
    kind: pix2pixhd_nlayer
    input_nc: 3
    ndf: 64
    n_layers: 4
  optimizers:
    discriminator:
      lr: 0.0001
log:
  image_interval: 500
  board_interval: 50
  val_interval: 2000
  save_interval: 10000
  use_wandb: false
smoke:
  check: true
  fix_timestep: null

==============================================================================
[EFFECTIVE CONFIG — verify line by line before trusting any run]
  exp_dir               : /home/xzy/warpgan-diffusiong-inpainting/warpgan-diffusion-inpainting-main/experiments/train_inpainting_diffusion/[20260910-123409]_v18w1_ctrl_50k
  max_steps             : 50000
  device                : cuda:0
  synth/real 1:1        : use_synth=True
  batch_size (real/synth): 1 / 1
  warp: 512=True hybrid=True warp_pred=False mask=raw_splatting (NO erode/blur)
  warp cond soften     : erode=3px blur_k=21 (v10: CONDITION-side only, supervision keeps raw mask; orig port)
  wplus: mode=s1_mapper gate=fixed tanh(3.0) stage_c_init=False
  reference: use=True use_mirror=True gate_init=0.5 lr=5e-06
  reference real_primary : mirror (user plan: real photo = PRIMARY bank source, render -> extra)
  reference LOCAL       : window=0 gate_init=0.25 (v11 texture-band retrieval from PRIMARY (real-photo) source; activates the formerly-dead reference_local_scale)
  real pass1 dual-band  : visible/mirror FULL-band x1.0 + blind LOW-band x0.0 (v12: target=FULL SHARP render, only low-freq error penalized; hole_weight=1.0 ignored when dual-band active; 0=off -> single-band v11 path)
  loss synth_texture     : full (sigma=2.0 latent px; user plan: structure-only supervision, texture band = 0)
  brushnet: init=pretrained lr=1e-05 8bit=True grad_ckpt=True
  loss eps_weight       : 1.0
  real pass1 FORWARD    : True (False = STRUCT arm: real batch trains pass2 only; inference unchanged)
  loss real_p1 anchor   : visible=1.0 (target=inv_warp) hole=1.0 (target=y_hat_novel) mirror_anchor=True (hole real-photo coverage via inv_warp(x_mirror))
  loss pixel (t<200)   : L1*0 PL*0 ID*0 x0_clip=3.0 res=256
  loss latent closure   : *0 (orig L1195-1200)
  loss lpips/gan/fm     : 0 / 0 / 0  (orig GAN/FM 10/100 -> default 0)
  timestep range        : [0, 1000) FULL RANGE (no low-t clamp; v3.1 lesson)
  smoke: check=True fix_timestep=None
  path [OK ] sd            : ./pretrained_models/AI-ModelScope/stable-diffusion-v1-5
  path [OK ] brushnet      : ./pretrained_models/brushnet
  path [OK ] train         : ./data/FFHQ-EG3D_all_static_rebalanced
  path [OK ] test          : ./data/celeba-hq_1000_static_rebalanced
  path [OK ] synth         : ./data/SynthData100000_rebalanced
  path [OK ] LaMa_PL       : ./pretrained_models/LaMa_perceptual_loss_models
  path [OK ] gan_encoder   : ./pretrained_models/inversion/gan_encoder.pt
==============================================================================
[BrushNet] init: official pretrained inpainting checkpoint
[params] bank-retrieval adapters trainable: 37,183,696 | W+ QKV (s2) trainable: 0 | W+ mapper trainable: 1,967,616 | mirror: own K/V 24,780,800 + softmax competition (16 gauged layers) | RefNet DELETED (860M saved, bank=main-UNet self-read)
[optim] 8-bit AdamW (bitsandbytes)
Synth dataset: ./data/SynthData100000_rebalanced -> 100000 samples
Real train dataset: ./data/FFHQ-EG3D_all_static_rebalanced -> 139914 samples
Test dataset: ./data/celeba-hq_1000_static_rebalanced -> 1000 samples
Start diffusion-port training (orig semantics, BrushNet+SD1.5).
[bank input check] source=x_mirror shape=(1, 3, 512, 512) mean=0.4257 std=0.2281 finite=True
[bank input check] source=y_hat_novel shape=(1, 3, 512, 512) mean=0.4468 std=0.1665 finite=True

------------------------------------------------------------------------------
[v10 REAL-DATA AUDIT — condition-side softening]
  [PASS] output range [0,1]                           min=0.0000 max=1.0000
  [info] hole mean growth = 0.0776 (raw 0.3900 bin 0.3900 soft 0.4676; fragmentation-dependent, orig-equivalent by the check below)
  [PASS] vs ORIG ops on real tensor (kornia+tv, max diff < 1e-4) max_diff=3.58e-07
  [PASS] transition band exists (soft, not re-binarized) band_frac=0.12448 band_px/img=32631
  [PASS] no knife edge: max per-px jump <= 0.45 (orig ~0.38) max_jump=0.380
  [PASS] supervision mask_latents == interp(RAW mask) 
  [PASS] BrushNet channel != supervision at boundary (split real) max|soft-raw|@latent=1.000
  [PASS] off-state identity on real tensor            
------------------------------------------------------------------------------
v10 AUDIT PASSED — theory verified on real pipeline tensors.
/home/xzy/warpgan-diffusiong-inpainting/warpgan-diffusion-inpainting-main/./training/coach_inpainting_diffusion.py:1484: UserWarning: Converting a tensor with requires_grad=True to a scalar may lead to unexpected behavior.
Consider using tensor.detach() first. (Triggered internally at /pytorch/torch/csrc/autograd/generated/python_variable_methods.cpp:835.)
  metrics['p1_eps'] = float(loss_p1)
[bank input check] source=y_hat shape=(1, 3, 512, 512) mean=0.4285 std=0.1997 finite=True
[bank input check] source=x_mirror shape=(1, 3, 512, 512) mean=0.4257 std=0.2281 finite=True
[bank input check] source=target_hat shape=(1, 3, 512, 512) mean=0.4892 std=0.2122 finite=True
[bank input check] source=x_mirror shape=(1, 3, 512, 512) mean=0.5243 std=0.2664 finite=True
[step 0] real_p1_mirror_hole_cov=0.0689 real_p1_eps=0.0518 real_p1_hole_frac=0.3900 real_p2_eps=0.0497 real_p2_pixel_l1=0.0000 real_p2_pixel_pl=0.0000 real_p2_pixel_id=0.0000 real_p2_latent=0.0000 real_p2_low_t_hits=0.0000 real_total=0.1015 synth_eps=0.0989 synth_eps_raw=0.0989 synth_pixel_l1=0.0000 synth_pixel_pl=0.0000 synth_pixel_id=0.0000 synth_latent=0.0000 synth_low_t_hits=0.0000 synth_total=0.0989
[images] real: anchor | cond1 | cond2 | inv_warp_mirror | mask | mask_inv | warp_img | warp_warp_img | x | y_hat | y_hat_novel -> /home/xzy/warpgan-diffusiong-inpainting/warpgan-diffusion-inpainting-main/experiments/train_inpainting_diffusion/[20260910-123409]_v18w1_ctrl_50k/logs/images/train/real_step0000000.png
[images] synth: cond | mask | target | warp_img | x | y_hat_novel -> /home/xzy/warpgan-diffusiong-inpainting/warpgan-diffusion-inpainting-main/experiments/train_inpainting_diffusion/[20260910-123409]_v18w1_ctrl_50k/logs/images/train/synth_step0000000.png
[bank input check] source=x_mirror shape=(1, 3, 512, 512) mean=0.4655 std=0.2536 finite=True
[bank input check] source=y_hat_novel shape=(1, 3, 512, 512) mean=0.5022 std=0.2182 finite=True

------------------------------------------------------------------------------
[v10 REAL-DATA AUDIT — condition-side softening]
  [PASS] output range [0,1]                           min=0.0000 max=1.0000
  [info] hole mean growth = 0.1376 (raw 0.3741 bin 0.3741 soft 0.5116; fragmentation-dependent, orig-equivalent by the check below)
  [PASS] vs ORIG ops on real tensor (kornia+tv, max diff < 1e-4) max_diff=3.58e-07
  [PASS] transition band exists (soft, not re-binarized) band_frac=0.11983 band_px/img=31413
  [PASS] no knife edge: max per-px jump <= 0.45 (orig ~0.38) max_jump=0.380
  [PASS] supervision mask_latents == interp(RAW mask) 
  [PASS] BrushNet channel != supervision at boundary (split real) max|soft-raw|@latent=1.000
  [PASS] off-state identity on real tensor            
------------------------------------------------------------------------------
v10 AUDIT PASSED — theory verified on real pipeline tensors.
[bank input check] source=y_hat shape=(1, 3, 512, 512) mean=0.4731 std=0.2257 finite=True
[bank input check] source=x_mirror shape=(1, 3, 512, 512) mean=0.4655 std=0.2536 finite=True
[bank input check] source=target_hat shape=(1, 3, 512, 512) mean=0.3325 std=0.1974 finite=True
[bank input check] source=x_mirror shape=(1, 3, 512, 512) mean=0.3217 std=0.2164 finite=True
[bank input check] source=x_mirror shape=(1, 3, 512, 512) mean=0.3202 std=0.1900 finite=True
[bank input check] source=y_hat_novel shape=(1, 3, 512, 512) mean=0.3161 std=0.1621 finite=True

------------------------------------------------------------------------------
[v10 REAL-DATA AUDIT — condition-side softening]
  [PASS] output range [0,1]                           min=0.0000 max=1.0000
  [info] hole mean growth = 0.0203 (raw 0.0267 bin 0.0267 soft 0.0470; fragmentation-dependent, orig-equivalent by the check below)
  [PASS] vs ORIG ops on real tensor (kornia+tv, max diff < 1e-4) max_diff=2.98e-07
  [PASS] transition band exists (soft, not re-binarized) band_frac=0.04290 band_px/img=11247
  [PASS] no knife edge: max per-px jump <= 0.45 (orig ~0.38) max_jump=0.380
  [PASS] supervision mask_latents == interp(RAW mask) 
  [PASS] BrushNet channel != supervision at boundary (split real) max|soft-raw|@latent=1.000
  [PASS] off-state identity on real tensor            
------------------------------------------------------------------------------
v10 AUDIT PASSED — theory verified on real pipeline tensors.
[bank input check] source=y_hat shape=(1, 3, 512, 512) mean=0.3133 std=0.1643 finite=True
[bank input check] source=x_mirror shape=(1, 3, 512, 512) mean=0.3202 std=0.1900 finite=True
[bank input check] source=target_hat shape=(1, 3, 512, 512) mean=0.5339 std=0.1651 finite=True
[bank input check] source=x_mirror shape=(1, 3, 512, 512) mean=0.5235 std=0.1811 finite=True
[step 50] real_p1_mirror_hole_cov=0.2389 real_p1_eps=0.0351 real_p1_hole_frac=0.5073 real_p2_eps=0.0303 real_p2_pixel_l1=0.0000 real_p2_pixel_pl=0.0000 real_p2_pixel_id=0.0000 real_p2_latent=0.0000 real_p2_low_t_hits=0.0000 real_total=0.0654 synth_eps=0.0093 synth_eps_raw=0.0093 synth_pixel_l1=0.0000 synth_pixel_pl=0.0000 synth_pixel_id=0.0000 synth_latent=0.0000 synth_low_t_hits=0.0000 synth_total=0.0093
[step 100] real_p1_mirror_hole_cov=0.0021 real_p1_eps=0.0821 real_p1_hole_frac=0.2421 real_p2_eps=0.1924 real_p2_pixel_l1=0.0000 real_p2_pixel_pl=0.0000 real_p2_pixel_id=0.0000 real_p2_latent=0.0000 real_p2_low_t_hits=0.0000 real_total=0.2745 synth_eps=0.0130 synth_eps_raw=0.0130 synth_pixel_l1=0.0000 synth_pixel_pl=0.0000 synth_pixel_id=0.0000 synth_latent=0.0000 synth_low_t_hits=0.0000 synth_total=0.0130
[step 150] real_p1_mirror_hole_cov=0.0827 real_p1_eps=0.0909 real_p1_hole_frac=0.2609 real_p2_eps=0.0779 real_p2_pixel_l1=0.0000 real_p2_pixel_pl=0.0000 real_p2_pixel_id=0.0000 real_p2_latent=0.0000 real_p2_low_t_hits=0.0000 real_total=0.1688 synth_eps=0.0961 synth_eps_raw=0.0961 synth_pixel_l1=0.0000 synth_pixel_pl=0.0000 synth_pixel_id=0.0000 synth_latent=0.0000 synth_low_t_hits=0.0000 synth_total=0.0961
[step 200] real_p1_mirror_hole_cov=0.0201 real_p1_eps=0.0039 real_p1_hole_frac=0.3331 real_p2_eps=0.0061 real_p2_pixel_l1=0.0000 real_p2_pixel_pl=0.0000 real_p2_pixel_id=0.0000 real_p2_latent=0.0000 real_p2_low_t_hits=0.0000 real_total=0.0100 synth_eps=0.0098 synth_eps_raw=0.0098 synth_pixel_l1=0.0000 synth_pixel_pl=0.0000 synth_pixel_id=0.0000 synth_latent=0.0000 synth_low_t_hits=0.0000 synth_total=0.0098
[step 250] real_p1_mirror_hole_cov=0.0272 real_p1_eps=0.0046 real_p1_hole_frac=0.1203 real_p2_eps=0.3489 real_p2_pixel_l1=0.0000 real_p2_pixel_pl=0.0000 real_p2_pixel_id=0.0000 real_p2_latent=0.0000 real_p2_low_t_hits=1.0000 real_total=0.3534 synth_eps=0.1619 synth_eps_raw=0.1619 synth_pixel_l1=0.0000 synth_pixel_pl=0.0000 synth_pixel_id=0.0000 synth_latent=0.0000 synth_low_t_hits=0.0000 synth_total=0.1619
[step 300] real_p1_mirror_hole_cov=0.1114 real_p1_eps=0.0156 real_p1_hole_frac=0.0744 real_p2_eps=0.0013 real_p2_pixel_l1=0.0000 real_p2_pixel_pl=0.0000 real_p2_pixel_id=0.0000 real_p2_latent=0.0000 real_p2_low_t_hits=0.0000 real_total=0.0169 synth_eps=0.4420 synth_eps_raw=0.4420 synth_pixel_l1=0.0000 synth_pixel_pl=0.0000 synth_pixel_id=0.0000 synth_latent=0.0000 synth_low_t_hits=1.0000 synth_total=0.4420
[step 350] real_p1_mirror_hole_cov=0.0161 real_p1_eps=0.0607 real_p1_hole_frac=0.0460 real_p2_eps=0.0098 real_p2_pixel_l1=0.0000 real_p2_pixel_pl=0.0000 real_p2_pixel_id=0.0000 real_p2_latent=0.0000 real_p2_low_t_hits=0.0000 real_total=0.0705 synth_eps=0.1077 synth_eps_raw=0.1077 synth_pixel_l1=0.0000 synth_pixel_pl=0.0000 synth_pixel_id=0.0000 synth_latent=0.0000 synth_low_t_hits=0.0000 synth_total=0.1077
[step 400] real_p1_mirror_hole_cov=0.0161 real_p1_eps=0.0068 real_p1_hole_frac=0.3714 real_p2_eps=0.4705 real_p2_pixel_l1=0.0000 real_p2_pixel_pl=0.0000 real_p2_pixel_id=0.0000 real_p2_latent=0.0000 real_p2_low_t_hits=1.0000 real_total=0.4773 synth_eps=0.0698 synth_eps_raw=0.0698 synth_pixel_l1=0.0000 synth_pixel_pl=0.0000 synth_pixel_id=0.0000 synth_latent=0.0000 synth_low_t_hits=0.0000 synth_total=0.0698
[step 450] real_p1_mirror_hole_cov=0.2785 real_p1_eps=0.0100 real_p1_hole_frac=0.2754 real_p2_eps=0.0016 real_p2_pixel_l1=0.0000 real_p2_pixel_pl=0.0000 real_p2_pixel_id=0.0000 real_p2_latent=0.0000 real_p2_low_t_hits=0.0000 real_total=0.0116 synth_eps=0.0049 synth_eps_raw=0.0049 synth_pixel_l1=0.0000 synth_pixel_pl=0.0000 synth_pixel_id=0.0000 synth_latent=0.0000 synth_low_t_hits=0.0000 synth_total=0.0049
[step 500] real_p1_mirror_hole_cov=0.0934 real_p1_eps=0.0026 real_p1_hole_frac=0.1288 real_p2_eps=0.0247 real_p2_pixel_l1=0.0000 real_p2_pixel_pl=0.0000 real_p2_pixel_id=0.0000 real_p2_latent=0.0000 real_p2_low_t_hits=0.0000 real_total=0.0273 synth_eps=0.0669 synth_eps_raw=0.0669 synth_pixel_l1=0.0000 synth_pixel_pl=0.0000 synth_pixel_id=0.0000 synth_latent=0.0000 synth_low_t_hits=0.0000 synth_total=0.0669
[images] real: anchor | cond1 | cond2 | inv_warp_mirror | mask | mask_inv | warp_img | warp_warp_img | x | y_hat | y_hat_novel -> /home/xzy/warpgan-diffusiong-inpainting/warpgan-diffusion-inpainting-main/experiments/train_inpainting_diffusion/[20260910-123409]_v18w1_ctrl_50k/logs/images/train/real_step0000500.png
[images] synth: cond | mask | target | warp_img | x | y_hat_novel -> /home/xzy/warpgan-diffusiong-inpainting/warpgan-diffusion-inpainting-main/experiments/train_inpainting_diffusion/[20260910-123409]_v18w1_ctrl_50k/logs/images/train/synth_step0000500.png
[step 550] real_p1_mirror_hole_cov=0.1488 real_p1_eps=0.0014 real_p1_hole_frac=0.3273 real_p2_eps=0.0218 real_p2_pixel_l1=0.0000 real_p2_pixel_pl=0.0000 real_p2_pixel_id=0.0000 real_p2_latent=0.0000 real_p2_low_t_hits=0.0000 real_total=0.0232 synth_eps=0.2155 synth_eps_raw=0.2155 synth_pixel_l1=0.0000 synth_pixel_pl=0.0000 synth_pixel_id=0.0000 synth_latent=0.0000 synth_low_t_hits=0.0000 synth_total=0.2155
[step 600] real_p1_mirror_hole_cov=0.1373 real_p1_eps=0.2215 real_p1_hole_frac=0.1100 real_p2_eps=0.0427 real_p2_pixel_l1=0.0000 real_p2_pixel_pl=0.0000 real_p2_pixel_id=0.0000 real_p2_latent=0.0000 real_p2_low_t_hits=0.0000 real_total=0.2642 synth_eps=0.0714 synth_eps_raw=0.0714 synth_pixel_l1=0.0000 synth_pixel_pl=0.0000 synth_pixel_id=0.0000 synth_latent=0.0000 synth_low_t_hits=0.0000 synth_total=0.0714
[step 650] real_p1_mirror_hole_cov=0.0360 real_p1_eps=0.0242 real_p1_hole_frac=0.2607 real_p2_eps=0.1134 real_p2_pixel_l1=0.0000 real_p2_pixel_pl=0.0000 real_p2_pixel_id=0.0000 real_p2_latent=0.0000 real_p2_low_t_hits=0.0000 real_total=0.1377 synth_eps=0.1975 synth_eps_raw=0.1975 synth_pixel_l1=0.0000 synth_pixel_pl=0.0000 synth_pixel_id=0.0000 synth_latent=0.0000 synth_low_t_hits=0.0000 synth_total=0.1975
[step 700] real_p1_mirror_hole_cov=0.0905 real_p1_eps=0.0027 real_p1_hole_frac=0.1099 real_p2_eps=0.0024 real_p2_pixel_l1=0.0000 real_p2_pixel_pl=0.0000 real_p2_pixel_id=0.0000 real_p2_latent=0.0000 real_p2_low_t_hits=0.0000 real_total=0.0051 synth_eps=0.2242 synth_eps_raw=0.2242 synth_pixel_l1=0.0000 synth_pixel_pl=0.0000 synth_pixel_id=0.0000 synth_latent=0.0000 synth_low_t_hits=1.0000 synth_total=0.2242
[step 750] real_p1_mirror_hole_cov=0.2375 real_p1_eps=0.0726 real_p1_hole_frac=0.0316 real_p2_eps=0.0025 real_p2_pixel_l1=0.0000 real_p2_pixel_pl=0.0000 real_p2_pixel_id=0.0000 real_p2_latent=0.0000 real_p2_low_t_hits=0.0000 real_total=0.0750 synth_eps=0.1270 synth_eps_raw=0.1270 synth_pixel_l1=0.0000 synth_pixel_pl=0.0000 synth_pixel_id=0.0000 synth_latent=0.0000 synth_low_t_hits=0.0000 synth_total=0.1270
[step 800] real_p1_mirror_hole_cov=0.0158 real_p1_eps=0.0098 real_p1_hole_frac=0.2229 real_p2_eps=0.1788 real_p2_pixel_l1=0.0000 real_p2_pixel_pl=0.0000 real_p2_pixel_id=0.0000 real_p2_latent=0.0000 real_p2_low_t_hits=0.0000 real_total=0.1886 synth_eps=0.0092 synth_eps_raw=0.0092 synth_pixel_l1=0.0000 synth_pixel_pl=0.0000 synth_pixel_id=0.0000 synth_latent=0.0000 synth_low_t_hits=0.0000 synth_total=0.0092
[step 850] real_p1_mirror_hole_cov=0.1930 real_p1_eps=0.0699 real_p1_hole_frac=0.3460 real_p2_eps=0.0081 real_p2_pixel_l1=0.0000 real_p2_pixel_pl=0.0000 real_p2_pixel_id=0.0000 real_p2_latent=0.0000 real_p2_low_t_hits=0.0000 real_total=0.0781 synth_eps=0.0130 synth_eps_raw=0.0130 synth_pixel_l1=0.0000 synth_pixel_pl=0.0000 synth_pixel_id=0.0000 synth_latent=0.0000 synth_low_t_hits=0.0000 synth_total=0.0130
[step 900] real_p1_mirror_hole_cov=0.0320 real_p1_eps=0.0238 real_p1_hole_frac=0.2339 real_p2_eps=0.0776 real_p2_pixel_l1=0.0000 real_p2_pixel_pl=0.0000 real_p2_pixel_id=0.0000 real_p2_latent=0.0000 real_p2_low_t_hits=0.0000 real_total=0.1014 synth_eps=0.1249 synth_eps_raw=0.1249 synth_pixel_l1=0.0000 synth_pixel_pl=0.0000 synth_pixel_id=0.0000 synth_latent=0.0000 synth_low_t_hits=0.0000 synth_total=0.1249
[step 950] real_p1_mirror_hole_cov=0.0270 real_p1_eps=0.0065 real_p1_hole_frac=0.2232 real_p2_eps=0.4387 real_p2_pixel_l1=0.0000 real_p2_pixel_pl=0.0000 real_p2_pixel_id=0.0000 real_p2_latent=0.0000 real_p2_low_t_hits=1.0000 real_total=0.4451 synth_eps=0.1426 synth_eps_raw=0.1426 synth_pixel_l1=0.0000 synth_pixel_pl=0.0000 synth_pixel_id=0.0000 synth_latent=0.0000 synth_low_t_hits=0.0000 synth_total=0.1426
[step 1000] real_p1_mirror_hole_cov=0.0137 real_p1_eps=0.0041 real_p1_hole_frac=0.1972 real_p2_eps=0.2018 real_p2_pixel_l1=0.0000 real_p2_pixel_pl=0.0000 real_p2_pixel_id=0.0000 real_p2_latent=0.0000 real_p2_low_t_hits=1.0000 real_total=0.2059 synth_eps=0.0499 synth_eps_raw=0.0499 synth_pixel_l1=0.0000 synth_pixel_pl=0.0000 synth_pixel_id=0.0000 synth_latent=0.0000 synth_low_t_hits=0.0000 synth_total=0.0499
[images] real: anchor | cond1 | cond2 | inv_warp_mirror | mask | mask_inv | warp_img | warp_warp_img | x | y_hat | y_hat_novel -> /home/xzy/warpgan-diffusiong-inpainting/warpgan-diffusion-inpainting-main/experiments/train_inpainting_diffusion/[20260910-123409]_v18w1_ctrl_50k/logs/images/train/real_step0001000.png
[images] synth: cond | mask | target | warp_img | x | y_hat_novel -> /home/xzy/warpgan-diffusiong-inpainting/warpgan-diffusion-inpainting-main/experiments/train_inpainting_diffusion/[20260910-123409]_v18w1_ctrl_50k/logs/images/train/synth_step0001000.png
[step 1050] real_p1_mirror_hole_cov=0.0453 real_p1_eps=0.4196 real_p1_hole_frac=0.3459 real_p2_eps=0.0054 real_p2_pixel_l1=0.0000 real_p2_pixel_pl=0.0000 real_p2_pixel_id=0.0000 real_p2_latent=0.0000 real_p2_low_t_hits=0.0000 real_total=0.4250 synth_eps=0.0354 synth_eps_raw=0.0354 synth_pixel_l1=0.0000 synth_pixel_pl=0.0000 synth_pixel_id=0.0000 synth_latent=0.0000 synth_low_t_hits=0.0000 synth_total=0.0354
[step 1100] real_p1_mirror_hole_cov=0.0273 real_p1_eps=0.0202 real_p1_hole_frac=0.4671 real_p2_eps=0.0068 real_p2_pixel_l1=0.0000 real_p2_pixel_pl=0.0000 real_p2_pixel_id=0.0000 real_p2_latent=0.0000 real_p2_low_t_hits=0.0000 real_total=0.0269 synth_eps=0.0182 synth_eps_raw=0.0182 synth_pixel_l1=0.0000 synth_pixel_pl=0.0000 synth_pixel_id=0.0000 synth_latent=0.0000 synth_low_t_hits=0.0000 synth_total=0.0182
[step 1150] real_p1_mirror_hole_cov=0.1480 real_p1_eps=0.0560 real_p1_hole_frac=0.2197 real_p2_eps=0.1410 real_p2_pixel_l1=0.0000 real_p2_pixel_pl=0.0000 real_p2_pixel_id=0.0000 real_p2_latent=0.0000 real_p2_low_t_hits=1.0000 real_total=0.1970 synth_eps=0.5212 synth_eps_raw=0.5212 synth_pixel_l1=0.0000 synth_pixel_pl=0.0000 synth_pixel_id=0.0000 synth_latent=0.0000 synth_low_t_hits=1.0000 synth_total=0.5212
[step 1200] real_p1_mirror_hole_cov=0.0266 real_p1_eps=0.0400 real_p1_hole_frac=0.0759 real_p2_eps=0.0727 real_p2_pixel_l1=0.0000 real_p2_pixel_pl=0.0000 real_p2_pixel_id=0.0000 real_p2_latent=0.0000 real_p2_low_t_hits=0.0000 real_total=0.1127 synth_eps=0.0417 synth_eps_raw=0.0417 synth_pixel_l1=0.0000 synth_pixel_pl=0.0000 synth_pixel_id=0.0000 synth_latent=0.0000 synth_low_t_hits=0.0000 synth_total=0.0417
[step 1250] real_p1_mirror_hole_cov=0.0210 real_p1_eps=0.0274 real_p1_hole_frac=0.3524 real_p2_eps=0.0013 real_p2_pixel_l1=0.0000 real_p2_pixel_pl=0.0000 real_p2_pixel_id=0.0000 real_p2_latent=0.0000 real_p2_low_t_hits=0.0000 real_total=0.0286 synth_eps=0.3051 synth_eps_raw=0.3051 synth_pixel_l1=0.0000 synth_pixel_pl=0.0000 synth_pixel_id=0.0000 synth_latent=0.0000 synth_low_t_hits=1.0000 synth_total=0.3051
[step 1300] real_p1_mirror_hole_cov=0.0805 real_p1_eps=0.0008 real_p1_hole_frac=0.0602 real_p2_eps=0.0539 real_p2_pixel_l1=0.0000 real_p2_pixel_pl=0.0000 real_p2_pixel_id=0.0000 real_p2_latent=0.0000 real_p2_low_t_hits=0.0000 real_total=0.0547 synth_eps=0.0102 synth_eps_raw=0.0102 synth_pixel_l1=0.0000 synth_pixel_pl=0.0000 synth_pixel_id=0.0000 synth_latent=0.0000 synth_low_t_hits=0.0000 synth_total=0.0102
[step 1350] real_p1_mirror_hole_cov=0.1574 real_p1_eps=0.0027 real_p1_hole_frac=0.6162 real_p2_eps=0.0810 real_p2_pixel_l1=0.0000 real_p2_pixel_pl=0.0000 real_p2_pixel_id=0.0000 real_p2_latent=0.0000 real_p2_low_t_hits=0.0000 real_total=0.0837 synth_eps=0.0523 synth_eps_raw=0.0523 synth_pixel_l1=0.0000 synth_pixel_pl=0.0000 synth_pixel_id=0.0000 synth_latent=0.0000 synth_low_t_hits=0.0000 synth_total=0.0523
[step 1400] real_p1_mirror_hole_cov=0.0056 real_p1_eps=0.0277 real_p1_hole_frac=0.1863 real_p2_eps=0.0014 real_p2_pixel_l1=0.0000 real_p2_pixel_pl=0.0000 real_p2_pixel_id=0.0000 real_p2_latent=0.0000 real_p2_low_t_hits=0.0000 real_total=0.0291 synth_eps=0.0434 synth_eps_raw=0.0434 synth_pixel_l1=0.0000 synth_pixel_pl=0.0000 synth_pixel_id=0.0000 synth_latent=0.0000 synth_low_t_hits=0.0000 synth_total=0.0434
[step 1450] real_p1_mirror_hole_cov=0.1319 real_p1_eps=0.0662 real_p1_hole_frac=0.1326 real_p2_eps=0.0009 real_p2_pixel_l1=0.0000 real_p2_pixel_pl=0.0000 real_p2_pixel_id=0.0000 real_p2_latent=0.0000 real_p2_low_t_hits=0.0000 real_total=0.0671 synth_eps=0.1092 synth_eps_raw=0.1092 synth_pixel_l1=0.0000 synth_pixel_pl=0.0000 synth_pixel_id=0.0000 synth_latent=0.0000 synth_low_t_hits=0.0000 synth_total=0.1092
[step 1500] real_p1_mirror_hole_cov=0.0154 real_p1_eps=0.0538 real_p1_hole_frac=0.1211 real_p2_eps=0.0177 real_p2_pixel_l1=0.0000 real_p2_pixel_pl=0.0000 real_p2_pixel_id=0.0000 real_p2_latent=0.0000 real_p2_low_t_hits=0.0000 real_total=0.0716 synth_eps=0.2563 synth_eps_raw=0.2563 synth_pixel_l1=0.0000 synth_pixel_pl=0.0000 synth_pixel_id=0.0000 synth_latent=0.0000 synth_low_t_hits=1.0000 synth_total=0.2563
[images] real: anchor | cond1 | cond2 | inv_warp_mirror | mask | mask_inv | warp_img | warp_warp_img | x | y_hat | y_hat_novel -> /home/xzy/warpgan-diffusiong-inpainting/warpgan-diffusion-inpainting-main/experiments/train_inpainting_diffusion/[20260910-123409]_v18w1_ctrl_50k/logs/images/train/real_step0001500.png
[images] synth: cond | mask | target | warp_img | x | y_hat_novel -> /home/xzy/warpgan-diffusiong-inpainting/warpgan-diffusion-inpainting-main/experiments/train_inpainting_diffusion/[20260910-123409]_v18w1_ctrl_50k/logs/images/train/synth_step0001500.png
[step 1550] real_p1_mirror_hole_cov=0.0265 real_p1_eps=0.0075 real_p1_hole_frac=0.2233 real_p2_eps=0.3001 real_p2_pixel_l1=0.0000 real_p2_pixel_pl=0.0000 real_p2_pixel_id=0.0000 real_p2_latent=0.0000 real_p2_low_t_hits=1.0000 real_total=0.3076 synth_eps=0.1618 synth_eps_raw=0.1618 synth_pixel_l1=0.0000 synth_pixel_pl=0.0000 synth_pixel_id=0.0000 synth_latent=0.0000 synth_low_t_hits=0.0000 synth_total=0.1618
[step 1600] real_p1_mirror_hole_cov=0.1022 real_p1_eps=0.0917 real_p1_hole_frac=0.1422 real_p2_eps=0.1649 real_p2_pixel_l1=0.0000 real_p2_pixel_pl=0.0000 real_p2_pixel_id=0.0000 real_p2_latent=0.0000 real_p2_low_t_hits=1.0000 real_total=0.2566 synth_eps=0.7334 synth_eps_raw=0.7334 synth_pixel_l1=0.0000 synth_pixel_pl=0.0000 synth_pixel_id=0.0000 synth_latent=0.0000 synth_low_t_hits=1.0000 synth_total=0.7334
[step 1650] real_p1_mirror_hole_cov=0.0056 real_p1_eps=0.0437 real_p1_hole_frac=0.3477 real_p2_eps=0.0487 real_p2_pixel_l1=0.0000 real_p2_pixel_pl=0.0000 real_p2_pixel_id=0.0000 real_p2_latent=0.0000 real_p2_low_t_hits=0.0000 real_total=0.0925 synth_eps=0.3198 synth_eps_raw=0.3198 synth_pixel_l1=0.0000 synth_pixel_pl=0.0000 synth_pixel_id=0.0000 synth_latent=0.0000 synth_low_t_hits=1.0000 synth_total=0.3198
[step 1700] real_p1_mirror_hole_cov=0.1736 real_p1_eps=0.0045 real_p1_hole_frac=0.4544 real_p2_eps=0.2585 real_p2_pixel_l1=0.0000 real_p2_pixel_pl=0.0000 real_p2_pixel_id=0.0000 real_p2_latent=0.0000 real_p2_low_t_hits=1.0000 real_total=0.2630 synth_eps=0.0120 synth_eps_raw=0.0120 synth_pixel_l1=0.0000 synth_pixel_pl=0.0000 synth_pixel_id=0.0000 synth_latent=0.0000 synth_low_t_hits=0.0000 synth_total=0.0120
[step 1750] real_p1_mirror_hole_cov=0.1233 real_p1_eps=0.0102 real_p1_hole_frac=0.4285 real_p2_eps=0.0027 real_p2_pixel_l1=0.0000 real_p2_pixel_pl=0.0000 real_p2_pixel_id=0.0000 real_p2_latent=0.0000 real_p2_low_t_hits=0.0000 real_total=0.0129 synth_eps=0.0095 synth_eps_raw=0.0095 synth_pixel_l1=0.0000 synth_pixel_pl=0.0000 synth_pixel_id=0.0000 synth_latent=0.0000 synth_low_t_hits=0.0000 synth_total=0.0095
[step 1800] real_p1_mirror_hole_cov=0.2364 real_p1_eps=0.0138 real_p1_hole_frac=0.2904 real_p2_eps=0.0424 real_p2_pixel_l1=0.0000 real_p2_pixel_pl=0.0000 real_p2_pixel_id=0.0000 real_p2_latent=0.0000 real_p2_low_t_hits=0.0000 real_total=0.0562 synth_eps=0.0670 synth_eps_raw=0.0670 synth_pixel_l1=0.0000 synth_pixel_pl=0.0000 synth_pixel_id=0.0000 synth_latent=0.0000 synth_low_t_hits=0.0000 synth_total=0.0670
[step 1850] real_p1_mirror_hole_cov=0.1185 real_p1_eps=0.0691 real_p1_hole_frac=0.3572 real_p2_eps=0.0074 real_p2_pixel_l1=0.0000 real_p2_pixel_pl=0.0000 real_p2_pixel_id=0.0000 real_p2_latent=0.0000 real_p2_low_t_hits=0.0000 real_total=0.0765 synth_eps=0.0409 synth_eps_raw=0.0409 synth_pixel_l1=0.0000 synth_pixel_pl=0.0000 synth_pixel_id=0.0000 synth_latent=0.0000 synth_low_t_hits=0.0000 synth_total=0.0409
[step 1900] real_p1_mirror_hole_cov=0.1516 real_p1_eps=0.0803 real_p1_hole_frac=0.5266 real_p2_eps=0.1406 real_p2_pixel_l1=0.0000 real_p2_pixel_pl=0.0000 real_p2_pixel_id=0.0000 real_p2_latent=0.0000 real_p2_low_t_hits=0.0000 real_total=0.2208 synth_eps=0.0569 synth_eps_raw=0.0569 synth_pixel_l1=0.0000 synth_pixel_pl=0.0000 synth_pixel_id=0.0000 synth_latent=0.0000 synth_low_t_hits=0.0000 synth_total=0.0569
[step 1950] real_p1_mirror_hole_cov=0.0009 real_p1_eps=0.1437 real_p1_hole_frac=0.0416 real_p2_eps=0.0175 real_p2_pixel_l1=0.0000 real_p2_pixel_pl=0.0000 real_p2_pixel_id=0.0000 real_p2_latent=0.0000 real_p2_low_t_hits=0.0000 real_total=0.1612 synth_eps=0.0633 synth_eps_raw=0.0633 synth_pixel_l1=0.0000 synth_pixel_pl=0.0000 synth_pixel_id=0.0000 synth_latent=0.0000 synth_low_t_hits=0.0000 synth_total=0.0633
[val step 1999] val_novel_full=0.0615 val_novel_hole=0.0521 val_novel_visible=0.0673
[step 2000] real_p1_mirror_hole_cov=0.0243 real_p1_eps=0.0959 real_p1_hole_frac=0.1768 real_p2_eps=0.0101 real_p2_pixel_l1=0.0000 real_p2_pixel_pl=0.0000 real_p2_pixel_id=0.0000 real_p2_latent=0.0000 real_p2_low_t_hits=0.0000 real_total=0.1060 synth_eps=0.0023 synth_eps_raw=0.0023 synth_pixel_l1=0.0000 synth_pixel_pl=0.0000 synth_pixel_id=0.0000 synth_latent=0.0000 synth_low_t_hits=0.0000 synth_total=0.0023 extra_render_attn_share=0.5173
[images] real: anchor | cond1 | cond2 | inv_warp_mirror | mask | mask_inv | warp_img | warp_warp_img | x | y_hat | y_hat_novel -> /home/xzy/warpgan-diffusiong-inpainting/warpgan-diffusion-inpainting-main/experiments/train_inpainting_diffusion/[20260910-123409]_v18w1_ctrl_50k/logs/images/train/real_step0002000.png
[images] synth: cond | mask | target | warp_img | x | y_hat_novel -> /home/xzy/warpgan-diffusiong-inpainting/warpgan-diffusion-inpainting-main/experiments/train_inpainting_diffusion/[20260910-123409]_v18w1_ctrl_50k/logs/images/train/synth_step0002000.png
[step 2050] real_p1_mirror_hole_cov=0.0395 real_p1_eps=0.0447 real_p1_hole_frac=0.2789 real_p2_eps=0.1845 real_p2_pixel_l1=0.0000 real_p2_pixel_pl=0.0000 real_p2_pixel_id=0.0000 real_p2_latent=0.0000 real_p2_low_t_hits=1.0000 real_total=0.2292 synth_eps=0.1794 synth_eps_raw=0.1794 synth_pixel_l1=0.0000 synth_pixel_pl=0.0000 synth_pixel_id=0.0000 synth_latent=0.0000 synth_low_t_hits=0.0000 synth_total=0.1794 extra_render_attn_share=0.5173
[step 2100] real_p1_mirror_hole_cov=0.1162 real_p1_eps=0.1537 real_p1_hole_frac=0.1380 real_p2_eps=0.0053 real_p2_pixel_l1=0.0000 real_p2_pixel_pl=0.0000 real_p2_pixel_id=0.0000 real_p2_latent=0.0000 real_p2_low_t_hits=0.0000 real_total=0.1590 synth_eps=0.0022 synth_eps_raw=0.0022 synth_pixel_l1=0.0000 synth_pixel_pl=0.0000 synth_pixel_id=0.0000 synth_latent=0.0000 synth_low_t_hits=0.0000 synth_total=0.0022 extra_render_attn_share=0.5173
[step 2150] real_p1_mirror_hole_cov=0.2239 real_p1_eps=0.0043 real_p1_hole_frac=0.4319 real_p2_eps=0.0015 real_p2_pixel_l1=0.0000 real_p2_pixel_pl=0.0000 real_p2_pixel_id=0.0000 real_p2_latent=0.0000 real_p2_low_t_hits=0.0000 real_total=0.0058 synth_eps=0.1364 synth_eps_raw=0.1364 synth_pixel_l1=0.0000 synth_pixel_pl=0.0000 synth_pixel_id=0.0000 synth_latent=0.0000 synth_low_t_hits=0.0000 synth_total=0.1364 extra_render_attn_share=0.5173
[step 2200] real_p1_mirror_hole_cov=0.0706 real_p1_eps=0.1668 real_p1_hole_frac=0.4493 real_p2_eps=0.0394 real_p2_pixel_l1=0.0000 real_p2_pixel_pl=0.0000 real_p2_pixel_id=0.0000 real_p2_latent=0.0000 real_p2_low_t_hits=0.0000 real_total=0.2062 synth_eps=0.1433 synth_eps_raw=0.1433 synth_pixel_l1=0.0000 synth_pixel_pl=0.0000 synth_pixel_id=0.0000 synth_latent=0.0000 synth_low_t_hits=0.0000 synth_total=0.1433 extra_render_attn_share=0.5173
[step 2250] real_p1_mirror_hole_cov=0.2948 real_p1_eps=0.0238 real_p1_hole_frac=0.5553 real_p2_eps=0.0374 real_p2_pixel_l1=0.0000 real_p2_pixel_pl=0.0000 real_p2_pixel_id=0.0000 real_p2_latent=0.0000 real_p2_low_t_hits=0.0000 real_total=0.0612 synth_eps=0.0486 synth_eps_raw=0.0486 synth_pixel_l1=0.0000 synth_pixel_pl=0.0000 synth_pixel_id=0.0000 synth_latent=0.0000 synth_low_t_hits=0.0000 synth_total=0.0486 extra_render_attn_share=0.5173
[step 2300] real_p1_mirror_hole_cov=0.0386 real_p1_eps=0.0029 real_p1_hole_frac=0.4658 real_p2_eps=0.0077 real_p2_pixel_l1=0.0000 real_p2_pixel_pl=0.0000 real_p2_pixel_id=0.0000 real_p2_latent=0.0000 real_p2_low_t_hits=0.0000 real_total=0.0106 synth_eps=0.1782 synth_eps_raw=0.1782 synth_pixel_l1=0.0000 synth_pixel_pl=0.0000 synth_pixel_id=0.0000 synth_latent=0.0000 synth_low_t_hits=0.0000 synth_total=0.1782 extra_render_attn_share=0.5173
[step 2350] real_p1_mirror_hole_cov=0.0038 real_p1_eps=0.0150 real_p1_hole_frac=0.2974 real_p2_eps=0.0012 real_p2_pixel_l1=0.0000 real_p2_pixel_pl=0.0000 real_p2_pixel_id=0.0000 real_p2_latent=0.0000 real_p2_low_t_hits=0.0000 real_total=0.0162 synth_eps=0.0125 synth_eps_raw=0.0125 synth_pixel_l1=0.0000 synth_pixel_pl=0.0000 synth_pixel_id=0.0000 synth_latent=0.0000 synth_low_t_hits=0.0000 synth_total=0.0125 extra_render_attn_share=0.5173
[step 2400] real_p1_mirror_hole_cov=0.1176 real_p1_eps=0.3104 real_p1_hole_frac=0.1890 real_p2_eps=0.2861 real_p2_pixel_l1=0.0000 real_p2_pixel_pl=0.0000 real_p2_pixel_id=0.0000 real_p2_latent=0.0000 real_p2_low_t_hits=1.0000 real_total=0.5965 synth_eps=0.1362 synth_eps_raw=0.1362 synth_pixel_l1=0.0000 synth_pixel_pl=0.0000 synth_pixel_id=0.0000 synth_latent=0.0000 synth_low_t_hits=0.0000 synth_total=0.1362 extra_render_attn_share=0.5173
[step 2450] real_p1_mirror_hole_cov=0.2049 real_p1_eps=0.2856 real_p1_hole_frac=0.4498 real_p2_eps=0.1688 real_p2_pixel_l1=0.0000 real_p2_pixel_pl=0.0000 real_p2_pixel_id=0.0000 real_p2_latent=0.0000 real_p2_low_t_hits=0.0000 real_total=0.4544 synth_eps=0.1340 synth_eps_raw=0.1340 synth_pixel_l1=0.0000 synth_pixel_pl=0.0000 synth_pixel_id=0.0000 synth_latent=0.0000 synth_low_t_hits=0.0000 synth_total=0.1340 extra_render_attn_share=0.5173
[step 2500] real_p1_mirror_hole_cov=0.3583 real_p1_eps=0.0096 real_p1_hole_frac=0.2585 real_p2_eps=0.0099 real_p2_pixel_l1=0.0000 real_p2_pixel_pl=0.0000 real_p2_pixel_id=0.0000 real_p2_latent=0.0000 real_p2_low_t_hits=0.0000 real_total=0.0194 synth_eps=0.1829 synth_eps_raw=0.1829 synth_pixel_l1=0.0000 synth_pixel_pl=0.0000 synth_pixel_id=0.0000 synth_latent=0.0000 synth_low_t_hits=0.0000 synth_total=0.1829 extra_render_attn_share=0.5173
[images] real: anchor | cond1 | cond2 | inv_warp_mirror | mask | mask_inv | warp_img | warp_warp_img | x | y_hat | y_hat_novel -> /home/xzy/warpgan-diffusiong-inpainting/warpgan-diffusion-inpainting-main/experiments/train_inpainting_diffusion/[20260910-123409]_v18w1_ctrl_50k/logs/images/train/real_step0002500.png
[images] synth: cond | mask | target | warp_img | x | y_hat_novel -> /home/xzy/warpgan-diffusiong-inpainting/warpgan-diffusion-inpainting-main/experiments/train_inpainting_diffusion/[20260910-123409]_v18w1_ctrl_50k/logs/images/train/synth_step0002500.png
[step 2550] real_p1_mirror_hole_cov=0.1765 real_p1_eps=0.5208 real_p1_hole_frac=0.4323 real_p2_eps=0.0112 real_p2_pixel_l1=0.0000 real_p2_pixel_pl=0.0000 real_p2_pixel_id=0.0000 real_p2_latent=0.0000 real_p2_low_t_hits=0.0000 real_total=0.5320 synth_eps=0.0574 synth_eps_raw=0.0574 synth_pixel_l1=0.0000 synth_pixel_pl=0.0000 synth_pixel_id=0.0000 synth_latent=0.0000 synth_low_t_hits=0.0000 synth_total=0.0574 extra_render_attn_share=0.5173
[step 2600] real_p1_mirror_hole_cov=0.0577 real_p1_eps=0.0558 real_p1_hole_frac=0.3759 real_p2_eps=0.4217 real_p2_pixel_l1=0.0000 real_p2_pixel_pl=0.0000 real_p2_pixel_id=0.0000 real_p2_latent=0.0000 real_p2_low_t_hits=1.0000 real_total=0.4775 synth_eps=0.5727 synth_eps_raw=0.5727 synth_pixel_l1=0.0000 synth_pixel_pl=0.0000 synth_pixel_id=0.0000 synth_latent=0.0000 synth_low_t_hits=1.0000 synth_total=0.5727 extra_render_attn_share=0.5173
[step 2650] real_p1_mirror_hole_cov=0.0473 real_p1_eps=0.0031 real_p1_hole_frac=0.2181 real_p2_eps=0.0162 real_p2_pixel_l1=0.0000 real_p2_pixel_pl=0.0000 real_p2_pixel_id=0.0000 real_p2_latent=0.0000 real_p2_low_t_hits=0.0000 real_total=0.0193 synth_eps=0.0131 synth_eps_raw=0.0131 synth_pixel_l1=0.0000 synth_pixel_pl=0.0000 synth_pixel_id=0.0000 synth_latent=0.0000 synth_low_t_hits=0.0000 synth_total=0.0131 extra_render_attn_share=0.5173
[step 2700] real_p1_mirror_hole_cov=0.1151 real_p1_eps=0.0327 real_p1_hole_frac=0.2056 real_p2_eps=0.0085 real_p2_pixel_l1=0.0000 real_p2_pixel_pl=0.0000 real_p2_pixel_id=0.0000 real_p2_latent=0.0000 real_p2_low_t_hits=0.0000 real_total=0.0411 synth_eps=0.0433 synth_eps_raw=0.0433 synth_pixel_l1=0.0000 synth_pixel_pl=0.0000 synth_pixel_id=0.0000 synth_latent=0.0000 synth_low_t_hits=0.0000 synth_total=0.0433 extra_render_attn_share=0.5173
[step 2750] real_p1_mirror_hole_cov=0.1380 real_p1_eps=0.0078 real_p1_hole_frac=0.3528 real_p2_eps=0.0128 real_p2_pixel_l1=0.0000 real_p2_pixel_pl=0.0000 real_p2_pixel_id=0.0000 real_p2_latent=0.0000 real_p2_low_t_hits=0.0000 real_total=0.0206 synth_eps=0.0035 synth_eps_raw=0.0035 synth_pixel_l1=0.0000 synth_pixel_pl=0.0000 synth_pixel_id=0.0000 synth_latent=0.0000 synth_low_t_hits=0.0000 synth_total=0.0035 extra_render_attn_share=0.5173
[step 2800] real_p1_mirror_hole_cov=0.0221 real_p1_eps=0.0574 real_p1_hole_frac=0.2593 real_p2_eps=0.0184 real_p2_pixel_l1=0.0000 real_p2_pixel_pl=0.0000 real_p2_pixel_id=0.0000 real_p2_latent=0.0000 real_p2_low_t_hits=0.0000 real_total=0.0758 synth_eps=0.0387 synth_eps_raw=0.0387 synth_pixel_l1=0.0000 synth_pixel_pl=0.0000 synth_pixel_id=0.0000 synth_latent=0.0000 synth_low_t_hits=0.0000 synth_total=0.0387 extra_render_attn_share=0.5173
[step 2850] real_p1_mirror_hole_cov=0.0074 real_p1_eps=0.0112 real_p1_hole_frac=0.1289 real_p2_eps=0.2693 real_p2_pixel_l1=0.0000 real_p2_pixel_pl=0.0000 real_p2_pixel_id=0.0000 real_p2_latent=0.0000 real_p2_low_t_hits=1.0000 real_total=0.2805 synth_eps=0.2104 synth_eps_raw=0.2104 synth_pixel_l1=0.0000 synth_pixel_pl=0.0000 synth_pixel_id=0.0000 synth_latent=0.0000 synth_low_t_hits=0.0000 synth_total=0.2104 extra_render_attn_share=0.5173
[step 2900] real_p1_mirror_hole_cov=0.0799 real_p1_eps=0.1496 real_p1_hole_frac=0.1260 real_p2_eps=0.0965 real_p2_pixel_l1=0.0000 real_p2_pixel_pl=0.0000 real_p2_pixel_id=0.0000 real_p2_latent=0.0000 real_p2_low_t_hits=0.0000 real_total=0.2461 synth_eps=0.0075 synth_eps_raw=0.0075 synth_pixel_l1=0.0000 synth_pixel_pl=0.0000 synth_pixel_id=0.0000 synth_latent=0.0000 synth_low_t_hits=0.0000 synth_total=0.0075 extra_render_attn_share=0.5173
[step 2950] real_p1_mirror_hole_cov=0.0444 real_p1_eps=0.0227 real_p1_hole_frac=0.1703 real_p2_eps=0.1785 real_p2_pixel_l1=0.0000 real_p2_pixel_pl=0.0000 real_p2_pixel_id=0.0000 real_p2_latent=0.0000 real_p2_low_t_hits=1.0000 real_total=0.2012 synth_eps=0.2241 synth_eps_raw=0.2241 synth_pixel_l1=0.0000 synth_pixel_pl=0.0000 synth_pixel_id=0.0000 synth_latent=0.0000 synth_low_t_hits=1.0000 synth_total=0.2241 extra_render_attn_share=0.5173
[step 3000] real_p1_mirror_hole_cov=0.4738 real_p1_eps=0.0174 real_p1_hole_frac=0.4931 real_p2_eps=0.0027 real_p2_pixel_l1=0.0000 real_p2_pixel_pl=0.0000 real_p2_pixel_id=0.0000 real_p2_latent=0.0000 real_p2_low_t_hits=0.0000 real_total=0.0201 synth_eps=0.0025 synth_eps_raw=0.0025 synth_pixel_l1=0.0000 synth_pixel_pl=0.0000 synth_pixel_id=0.0000 synth_latent=0.0000 synth_low_t_hits=0.0000 synth_total=0.0025 extra_render_attn_share=0.5173
[images] real: anchor | cond1 | cond2 | inv_warp_mirror | mask | mask_inv | warp_img | warp_warp_img | x | y_hat | y_hat_novel -> /home/xzy/warpgan-diffusiong-inpainting/warpgan-diffusion-inpainting-main/experiments/train_inpainting_diffusion/[20260910-123409]_v18w1_ctrl_50k/logs/images/train/real_step0003000.png
[images] synth: cond | mask | target | warp_img | x | y_hat_novel -> /home/xzy/warpgan-diffusiong-inpainting/warpgan-diffusion-inpainting-main/experiments/train_inpainting_diffusion/[20260910-123409]_v18w1_ctrl_50k/logs/images/train/synth_step0003000.png
[step 3050] real_p1_mirror_hole_cov=0.0547 real_p1_eps=0.3526 real_p1_hole_frac=0.1603 real_p2_eps=0.0555 real_p2_pixel_l1=0.0000 real_p2_pixel_pl=0.0000 real_p2_pixel_id=0.0000 real_p2_latent=0.0000 real_p2_low_t_hits=0.0000 real_total=0.4081 synth_eps=0.1110 synth_eps_raw=0.1110 synth_pixel_l1=0.0000 synth_pixel_pl=0.0000 synth_pixel_id=0.0000 synth_latent=0.0000 synth_low_t_hits=0.0000 synth_total=0.1110 extra_render_attn_share=0.5173
[step 3100] real_p1_mirror_hole_cov=0.0137 real_p1_eps=0.0058 real_p1_hole_frac=0.3640 real_p2_eps=0.0923 real_p2_pixel_l1=0.0000 real_p2_pixel_pl=0.0000 real_p2_pixel_id=0.0000 real_p2_latent=0.0000 real_p2_low_t_hits=0.0000 real_total=0.0982 synth_eps=0.0566 synth_eps_raw=0.0566 synth_pixel_l1=0.0000 synth_pixel_pl=0.0000 synth_pixel_id=0.0000 synth_latent=0.0000 synth_low_t_hits=0.0000 synth_total=0.0566 extra_render_attn_share=0.5173
[step 3150] real_p1_mirror_hole_cov=0.1828 real_p1_eps=0.0890 real_p1_hole_frac=0.2365 real_p2_eps=0.0191 real_p2_pixel_l1=0.0000 real_p2_pixel_pl=0.0000 real_p2_pixel_id=0.0000 real_p2_latent=0.0000 real_p2_low_t_hits=0.0000 real_total=0.1081 synth_eps=0.0392 synth_eps_raw=0.0392 synth_pixel_l1=0.0000 synth_pixel_pl=0.0000 synth_pixel_id=0.0000 synth_latent=0.0000 synth_low_t_hits=0.0000 synth_total=0.0392 extra_render_attn_share=0.5173
[step 3200] real_p1_mirror_hole_cov=0.0315 real_p1_eps=0.0040 real_p1_hole_frac=0.4498 real_p2_eps=0.5164 real_p2_pixel_l1=0.0000 real_p2_pixel_pl=0.0000 real_p2_pixel_id=0.0000 real_p2_latent=0.0000 real_p2_low_t_hits=1.0000 real_total=0.5204 synth_eps=0.0045 synth_eps_raw=0.0045 synth_pixel_l1=0.0000 synth_pixel_pl=0.0000 synth_pixel_id=0.0000 synth_latent=0.0000 synth_low_t_hits=0.0000 synth_total=0.0045 extra_render_attn_share=0.5173
[step 3250] real_p1_mirror_hole_cov=0.0121 real_p1_eps=0.0268 real_p1_hole_frac=0.2394 real_p2_eps=0.2275 real_p2_pixel_l1=0.0000 real_p2_pixel_pl=0.0000 real_p2_pixel_id=0.0000 real_p2_latent=0.0000 real_p2_low_t_hits=1.0000 real_total=0.2543 synth_eps=0.2189 synth_eps_raw=0.2189 synth_pixel_l1=0.0000 synth_pixel_pl=0.0000 synth_pixel_id=0.0000 synth_latent=0.0000 synth_low_t_hits=1.0000 synth_total=0.2189 extra_render_attn_share=0.5173
[step 3300] real_p1_mirror_hole_cov=0.1184 real_p1_eps=0.1206 real_p1_hole_frac=0.1486 real_p2_eps=0.0027 real_p2_pixel_l1=0.0000 real_p2_pixel_pl=0.0000 real_p2_pixel_id=0.0000 real_p2_latent=0.0000 real_p2_low_t_hits=0.0000 real_total=0.1233 synth_eps=0.0128 synth_eps_raw=0.0128 synth_pixel_l1=0.0000 synth_pixel_pl=0.0000 synth_pixel_id=0.0000 synth_latent=0.0000 synth_low_t_hits=0.0000 synth_total=0.0128 extra_render_attn_share=0.5173
[step 3350] real_p1_mirror_hole_cov=0.0170 real_p1_eps=0.0023 real_p1_hole_frac=0.3614 real_p2_eps=0.1110 real_p2_pixel_l1=0.0000 real_p2_pixel_pl=0.0000 real_p2_pixel_id=0.0000 real_p2_latent=0.0000 real_p2_low_t_hits=0.0000 real_total=0.1133 synth_eps=0.0893 synth_eps_raw=0.0893 synth_pixel_l1=0.0000 synth_pixel_pl=0.0000 synth_pixel_id=0.0000 synth_latent=0.0000 synth_low_t_hits=0.0000 synth_total=0.0893 extra_render_attn_share=0.5173
[step 3400] real_p1_mirror_hole_cov=0.0445 real_p1_eps=0.0022 real_p1_hole_frac=0.4394 real_p2_eps=0.1984 real_p2_pixel_l1=0.0000 real_p2_pixel_pl=0.0000 real_p2_pixel_id=0.0000 real_p2_latent=0.0000 real_p2_low_t_hits=0.0000 real_total=0.2005 synth_eps=0.0076 synth_eps_raw=0.0076 synth_pixel_l1=0.0000 synth_pixel_pl=0.0000 synth_pixel_id=0.0000 synth_latent=0.0000 synth_low_t_hits=0.0000 synth_total=0.0076 extra_render_attn_share=0.5173
[step 3450] real_p1_mirror_hole_cov=0.0498 real_p1_eps=0.0379 real_p1_hole_frac=0.0537 real_p2_eps=0.0008 real_p2_pixel_l1=0.0000 real_p2_pixel_pl=0.0000 real_p2_pixel_id=0.0000 real_p2_latent=0.0000 real_p2_low_t_hits=0.0000 real_total=0.0387 synth_eps=0.3094 synth_eps_raw=0.3094 synth_pixel_l1=0.0000 synth_pixel_pl=0.0000 synth_pixel_id=0.0000 synth_latent=0.0000 synth_low_t_hits=1.0000 synth_total=0.3094 extra_render_attn_share=0.5173
[step 3500] real_p1_mirror_hole_cov=0.0643 real_p1_eps=0.0393 real_p1_hole_frac=0.4898 real_p2_eps=0.1305 real_p2_pixel_l1=0.0000 real_p2_pixel_pl=0.0000 real_p2_pixel_id=0.0000 real_p2_latent=0.0000 real_p2_low_t_hits=0.0000 real_total=0.1698 synth_eps=0.0284 synth_eps_raw=0.0284 synth_pixel_l1=0.0000 synth_pixel_pl=0.0000 synth_pixel_id=0.0000 synth_latent=0.0000 synth_low_t_hits=0.0000 synth_total=0.0284 extra_render_attn_share=0.5173
[images] real: anchor | cond1 | cond2 | inv_warp_mirror | mask | mask_inv | warp_img | warp_warp_img | x | y_hat | y_hat_novel -> /home/xzy/warpgan-diffusiong-inpainting/warpgan-diffusion-inpainting-main/experiments/train_inpainting_diffusion/[20260910-123409]_v18w1_ctrl_50k/logs/images/train/real_step0003500.png
[images] synth: cond | mask | target | warp_img | x | y_hat_novel -> /home/xzy/warpgan-diffusiong-inpainting/warpgan-diffusion-inpainting-main/experiments/train_inpainting_diffusion/[20260910-123409]_v18w1_ctrl_50k/logs/images/train/synth_step0003500.png
[step 3550] real_p1_mirror_hole_cov=0.0338 real_p1_eps=0.0680 real_p1_hole_frac=0.0974 real_p2_eps=0.0383 real_p2_pixel_l1=0.0000 real_p2_pixel_pl=0.0000 real_p2_pixel_id=0.0000 real_p2_latent=0.0000 real_p2_low_t_hits=0.0000 real_total=0.1063 synth_eps=0.0026 synth_eps_raw=0.0026 synth_pixel_l1=0.0000 synth_pixel_pl=0.0000 synth_pixel_id=0.0000 synth_latent=0.0000 synth_low_t_hits=0.0000 synth_total=0.0026 extra_render_attn_share=0.5173
[step 3600] real_p1_mirror_hole_cov=0.0995 real_p1_eps=0.0028 real_p1_hole_frac=0.4645 real_p2_eps=0.1192 real_p2_pixel_l1=0.0000 real_p2_pixel_pl=0.0000 real_p2_pixel_id=0.0000 real_p2_latent=0.0000 real_p2_low_t_hits=0.0000 real_total=0.1220 synth_eps=0.1699 synth_eps_raw=0.1699 synth_pixel_l1=0.0000 synth_pixel_pl=0.0000 synth_pixel_id=0.0000 synth_latent=0.0000 synth_low_t_hits=0.0000 synth_total=0.1699 extra_render_attn_share=0.5173
[step 3650] real_p1_mirror_hole_cov=0.2450 real_p1_eps=0.0294 real_p1_hole_frac=0.0638 real_p2_eps=0.0310 real_p2_pixel_l1=0.0000 real_p2_pixel_pl=0.0000 real_p2_pixel_id=0.0000 real_p2_latent=0.0000 real_p2_low_t_hits=0.0000 real_total=0.0604 synth_eps=0.0223 synth_eps_raw=0.0223 synth_pixel_l1=0.0000 synth_pixel_pl=0.0000 synth_pixel_id=0.0000 synth_latent=0.0000 synth_low_t_hits=0.0000 synth_total=0.0223 extra_render_attn_share=0.5173
[step 3700] real_p1_mirror_hole_cov=0.2637 real_p1_eps=0.1171 real_p1_hole_frac=0.3117 real_p2_eps=0.3561 real_p2_pixel_l1=0.0000 real_p2_pixel_pl=0.0000 real_p2_pixel_id=0.0000 real_p2_latent=0.0000 real_p2_low_t_hits=1.0000 real_total=0.4732 synth_eps=0.0102 synth_eps_raw=0.0102 synth_pixel_l1=0.0000 synth_pixel_pl=0.0000 synth_pixel_id=0.0000 synth_latent=0.0000 synth_low_t_hits=0.0000 synth_total=0.0102 extra_render_attn_share=0.5173
[step 3750] real_p1_mirror_hole_cov=0.1215 real_p1_eps=0.0208 real_p1_hole_frac=0.2141 real_p2_eps=0.0155 real_p2_pixel_l1=0.0000 real_p2_pixel_pl=0.0000 real_p2_pixel_id=0.0000 real_p2_latent=0.0000 real_p2_low_t_hits=0.0000 real_total=0.0363 synth_eps=0.0580 synth_eps_raw=0.0580 synth_pixel_l1=0.0000 synth_pixel_pl=0.0000 synth_pixel_id=0.0000 synth_latent=0.0000 synth_low_t_hits=0.0000 synth_total=0.0580 extra_render_attn_share=0.5173
[step 3800] real_p1_mirror_hole_cov=0.0033 real_p1_eps=0.0016 real_p1_hole_frac=0.1925 real_p2_eps=0.0272 real_p2_pixel_l1=0.0000 real_p2_pixel_pl=0.0000 real_p2_pixel_id=0.0000 real_p2_latent=0.0000 real_p2_low_t_hits=0.0000 real_total=0.0288 synth_eps=0.1341 synth_eps_raw=0.1341 synth_pixel_l1=0.0000 synth_pixel_pl=0.0000 synth_pixel_id=0.0000 synth_latent=0.0000 synth_low_t_hits=0.0000 synth_total=0.1341 extra_render_attn_share=0.5173
[step 3850] real_p1_mirror_hole_cov=0.3054 real_p1_eps=0.5968 real_p1_hole_frac=0.4066 real_p2_eps=0.3639 real_p2_pixel_l1=0.0000 real_p2_pixel_pl=0.0000 real_p2_pixel_id=0.0000 real_p2_latent=0.0000 real_p2_low_t_hits=1.0000 real_total=0.9606 synth_eps=0.0165 synth_eps_raw=0.0165 synth_pixel_l1=0.0000 synth_pixel_pl=0.0000 synth_pixel_id=0.0000 synth_latent=0.0000 synth_low_t_hits=0.0000 synth_total=0.0165 extra_render_attn_share=0.5173
[step 3900] real_p1_mirror_hole_cov=0.0277 real_p1_eps=0.1195 real_p1_hole_frac=0.3521 real_p2_eps=0.0191 real_p2_pixel_l1=0.0000 real_p2_pixel_pl=0.0000 real_p2_pixel_id=0.0000 real_p2_latent=0.0000 real_p2_low_t_hits=0.0000 real_total=0.1386 synth_eps=0.0173 synth_eps_raw=0.0173 synth_pixel_l1=0.0000 synth_pixel_pl=0.0000 synth_pixel_id=0.0000 synth_latent=0.0000 synth_low_t_hits=0.0000 synth_total=0.0173 extra_render_attn_share=0.5173
[step 3950] real_p1_mirror_hole_cov=0.0004 real_p1_eps=0.1365 real_p1_hole_frac=0.1890 real_p2_eps=0.1758 real_p2_pixel_l1=0.0000 real_p2_pixel_pl=0.0000 real_p2_pixel_id=0.0000 real_p2_latent=0.0000 real_p2_low_t_hits=1.0000 real_total=0.3124 synth_eps=0.0843 synth_eps_raw=0.0843 synth_pixel_l1=0.0000 synth_pixel_pl=0.0000 synth_pixel_id=0.0000 synth_latent=0.0000 synth_low_t_hits=0.0000 synth_total=0.0843 extra_render_attn_share=0.5173
[val step 3999] val_novel_full=0.0490 val_novel_hole=0.0744 val_novel_visible=0.0428
[step 4000] real_p1_mirror_hole_cov=0.2946 real_p1_eps=0.1347 real_p1_hole_frac=0.2899 real_p2_eps=0.0426 real_p2_pixel_l1=0.0000 real_p2_pixel_pl=0.0000 real_p2_pixel_id=0.0000 real_p2_latent=0.0000 real_p2_low_t_hits=0.0000 real_total=0.1772 synth_eps=0.5808 synth_eps_raw=0.5808 synth_pixel_l1=0.0000 synth_pixel_pl=0.0000 synth_pixel_id=0.0000 synth_latent=0.0000 synth_low_t_hits=1.0000 synth_total=0.5808 extra_render_attn_share=0.5390
[images] real: anchor | cond1 | cond2 | inv_warp_mirror | mask | mask_inv | warp_img | warp_warp_img | x | y_hat | y_hat_novel -> /home/xzy/warpgan-diffusiong-inpainting/warpgan-diffusion-inpainting-main/experiments/train_inpainting_diffusion/[20260910-123409]_v18w1_ctrl_50k/logs/images/train/real_step0004000.png
[images] synth: cond | mask | target | warp_img | x | y_hat_novel -> /home/xzy/warpgan-diffusiong-inpainting/warpgan-diffusion-inpainting-main/experiments/train_inpainting_diffusion/[20260910-123409]_v18w1_ctrl_50k/logs/images/train/synth_step0004000.png
[step 4050] real_p1_mirror_hole_cov=0.3779 real_p1_eps=0.0181 real_p1_hole_frac=0.1898 real_p2_eps=0.0024 real_p2_pixel_l1=0.0000 real_p2_pixel_pl=0.0000 real_p2_pixel_id=0.0000 real_p2_latent=0.0000 real_p2_low_t_hits=0.0000 real_total=0.0205 synth_eps=0.2001 synth_eps_raw=0.2001 synth_pixel_l1=0.0000 synth_pixel_pl=0.0000 synth_pixel_id=0.0000 synth_latent=0.0000 synth_low_t_hits=0.0000 synth_total=0.2001 extra_render_attn_share=0.5390
[step 4100] real_p1_mirror_hole_cov=0.2954 real_p1_eps=0.1219 real_p1_hole_frac=0.1378 real_p2_eps=0.4934 real_p2_pixel_l1=0.0000 real_p2_pixel_pl=0.0000 real_p2_pixel_id=0.0000 real_p2_latent=0.0000 real_p2_low_t_hits=1.0000 real_total=0.6153 synth_eps=0.0500 synth_eps_raw=0.0500 synth_pixel_l1=0.0000 synth_pixel_pl=0.0000 synth_pixel_id=0.0000 synth_latent=0.0000 synth_low_t_hits=0.0000 synth_total=0.0500 extra_render_attn_share=0.5390
[step 4150] real_p1_mirror_hole_cov=0.3863 real_p1_eps=0.0203 real_p1_hole_frac=0.1714 real_p2_eps=0.0115 real_p2_pixel_l1=0.0000 real_p2_pixel_pl=0.0000 real_p2_pixel_id=0.0000 real_p2_latent=0.0000 real_p2_low_t_hits=0.0000 real_total=0.0317 synth_eps=0.0851 synth_eps_raw=0.0851 synth_pixel_l1=0.0000 synth_pixel_pl=0.0000 synth_pixel_id=0.0000 synth_latent=0.0000 synth_low_t_hits=0.0000 synth_total=0.0851 extra_render_attn_share=0.5390
[step 4200] real_p1_mirror_hole_cov=0.0974 real_p1_eps=0.1095 real_p1_hole_frac=0.0901 real_p2_eps=0.6312 real_p2_pixel_l1=0.0000 real_p2_pixel_pl=0.0000 real_p2_pixel_id=0.0000 real_p2_latent=0.0000 real_p2_low_t_hits=1.0000 real_total=0.7407 synth_eps=0.0682 synth_eps_raw=0.0682 synth_pixel_l1=0.0000 synth_pixel_pl=0.0000 synth_pixel_id=0.0000 synth_latent=0.0000 synth_low_t_hits=0.0000 synth_total=0.0682 extra_render_attn_share=0.5390
[step 4250] real_p1_mirror_hole_cov=0.0086 real_p1_eps=0.1120 real_p1_hole_frac=0.1268 real_p2_eps=0.0021 real_p2_pixel_l1=0.0000 real_p2_pixel_pl=0.0000 real_p2_pixel_id=0.0000 real_p2_latent=0.0000 real_p2_low_t_hits=0.0000 real_total=0.1142 synth_eps=0.0095 synth_eps_raw=0.0095 synth_pixel_l1=0.0000 synth_pixel_pl=0.0000 synth_pixel_id=0.0000 synth_latent=0.0000 synth_low_t_hits=0.0000 synth_total=0.0095 extra_render_attn_share=0.5390
[step 4300] real_p1_mirror_hole_cov=0.0463 real_p1_eps=0.0445 real_p1_hole_frac=0.2290 real_p2_eps=0.0406 real_p2_pixel_l1=0.0000 real_p2_pixel_pl=0.0000 real_p2_pixel_id=0.0000 real_p2_latent=0.0000 real_p2_low_t_hits=0.0000 real_total=0.0851 synth_eps=0.2104 synth_eps_raw=0.2104 synth_pixel_l1=0.0000 synth_pixel_pl=0.0000 synth_pixel_id=0.0000 synth_latent=0.0000 synth_low_t_hits=0.0000 synth_total=0.2104 extra_render_attn_share=0.5390
[step 4350] real_p1_mirror_hole_cov=0.3601 real_p1_eps=0.1169 real_p1_hole_frac=0.1124 real_p2_eps=0.0085 real_p2_pixel_l1=0.0000 real_p2_pixel_pl=0.0000 real_p2_pixel_id=0.0000 real_p2_latent=0.0000 real_p2_low_t_hits=0.0000 real_total=0.1254 synth_eps=0.0726 synth_eps_raw=0.0726 synth_pixel_l1=0.0000 synth_pixel_pl=0.0000 synth_pixel_id=0.0000 synth_latent=0.0000 synth_low_t_hits=0.0000 synth_total=0.0726 extra_render_attn_share=0.5390
[step 4400] real_p1_mirror_hole_cov=0.3629 real_p1_eps=0.0014 real_p1_hole_frac=0.6123 real_p2_eps=0.0443 real_p2_pixel_l1=0.0000 real_p2_pixel_pl=0.0000 real_p2_pixel_id=0.0000 real_p2_latent=0.0000 real_p2_low_t_hits=0.0000 real_total=0.0457 synth_eps=0.7487 synth_eps_raw=0.7487 synth_pixel_l1=0.0000 synth_pixel_pl=0.0000 synth_pixel_id=0.0000 synth_latent=0.0000 synth_low_t_hits=1.0000 synth_total=0.7487 extra_render_attn_share=0.5390
[step 4450] real_p1_mirror_hole_cov=0.0352 real_p1_eps=0.0469 real_p1_hole_frac=0.4382 real_p2_eps=0.0291 real_p2_pixel_l1=0.0000 real_p2_pixel_pl=0.0000 real_p2_pixel_id=0.0000 real_p2_latent=0.0000 real_p2_low_t_hits=0.0000 real_total=0.0760 synth_eps=0.0122 synth_eps_raw=0.0122 synth_pixel_l1=0.0000 synth_pixel_pl=0.0000 synth_pixel_id=0.0000 synth_latent=0.0000 synth_low_t_hits=0.0000 synth_total=0.0122 extra_render_attn_share=0.5390
[step 4500] real_p1_mirror_hole_cov=0.1062 real_p1_eps=0.0571 real_p1_hole_frac=0.0374 real_p2_eps=0.0008 real_p2_pixel_l1=0.0000 real_p2_pixel_pl=0.0000 real_p2_pixel_id=0.0000 real_p2_latent=0.0000 real_p2_low_t_hits=0.0000 real_total=0.0579 synth_eps=0.0085 synth_eps_raw=0.0085 synth_pixel_l1=0.0000 synth_pixel_pl=0.0000 synth_pixel_id=0.0000 synth_latent=0.0000 synth_low_t_hits=0.0000 synth_total=0.0085 extra_render_attn_share=0.5390
[images] real: anchor | cond1 | cond2 | inv_warp_mirror | mask | mask_inv | warp_img | warp_warp_img | x | y_hat | y_hat_novel -> /home/xzy/warpgan-diffusiong-inpainting/warpgan-diffusion-inpainting-main/experiments/train_inpainting_diffusion/[20260910-123409]_v18w1_ctrl_50k/logs/images/train/real_step0004500.png
[images] synth: cond | mask | target | warp_img | x | y_hat_novel -> /home/xzy/warpgan-diffusiong-inpainting/warpgan-diffusion-inpainting-main/experiments/train_inpainting_diffusion/[20260910-123409]_v18w1_ctrl_50k/logs/images/train/synth_step0004500.png
[step 4550] real_p1_mirror_hole_cov=0.1121 real_p1_eps=0.0042 real_p1_hole_frac=0.4207 real_p2_eps=0.2214 real_p2_pixel_l1=0.0000 real_p2_pixel_pl=0.0000 real_p2_pixel_id=0.0000 real_p2_latent=0.0000 real_p2_low_t_hits=0.0000 real_total=0.2257 synth_eps=0.0086 synth_eps_raw=0.0086 synth_pixel_l1=0.0000 synth_pixel_pl=0.0000 synth_pixel_id=0.0000 synth_latent=0.0000 synth_low_t_hits=0.0000 synth_total=0.0086 extra_render_attn_share=0.5390
[step 4600] real_p1_mirror_hole_cov=0.0015 real_p1_eps=0.0390 real_p1_hole_frac=0.2780 real_p2_eps=0.1336 real_p2_pixel_l1=0.0000 real_p2_pixel_pl=0.0000 real_p2_pixel_id=0.0000 real_p2_latent=0.0000 real_p2_low_t_hits=0.0000 real_total=0.1726 synth_eps=0.2778 synth_eps_raw=0.2778 synth_pixel_l1=0.0000 synth_pixel_pl=0.0000 synth_pixel_id=0.0000 synth_latent=0.0000 synth_low_t_hits=1.0000 synth_total=0.2778 extra_render_attn_share=0.5390
[step 4650] real_p1_mirror_hole_cov=0.0119 real_p1_eps=0.2954 real_p1_hole_frac=0.3394 real_p2_eps=0.7516 real_p2_pixel_l1=0.0000 real_p2_pixel_pl=0.0000 real_p2_pixel_id=0.0000 real_p2_latent=0.0000 real_p2_low_t_hits=1.0000 real_total=1.0470 synth_eps=0.2143 synth_eps_raw=0.2143 synth_pixel_l1=0.0000 synth_pixel_pl=0.0000 synth_pixel_id=0.0000 synth_latent=0.0000 synth_low_t_hits=0.0000 synth_total=0.2143 extra_render_attn_share=0.5390
[step 4700] real_p1_mirror_hole_cov=0.1146 real_p1_eps=0.1049 real_p1_hole_frac=0.1409 real_p2_eps=0.0041 real_p2_pixel_l1=0.0000 real_p2_pixel_pl=0.0000 real_p2_pixel_id=0.0000 real_p2_latent=0.0000 real_p2_low_t_hits=0.0000 real_total=0.1090 synth_eps=0.0770 synth_eps_raw=0.0770 synth_pixel_l1=0.0000 synth_pixel_pl=0.0000 synth_pixel_id=0.0000 synth_latent=0.0000 synth_low_t_hits=0.0000 synth_total=0.0770 extra_render_attn_share=0.5390
[step 4750] real_p1_mirror_hole_cov=0.2234 real_p1_eps=0.0555 real_p1_hole_frac=0.0657 real_p2_eps=0.0032 real_p2_pixel_l1=0.0000 real_p2_pixel_pl=0.0000 real_p2_pixel_id=0.0000 real_p2_latent=0.0000 real_p2_low_t_hits=0.0000 real_total=0.0587 synth_eps=0.0977 synth_eps_raw=0.0977 synth_pixel_l1=0.0000 synth_pixel_pl=0.0000 synth_pixel_id=0.0000 synth_latent=0.0000 synth_low_t_hits=0.0000 synth_total=0.0977 extra_render_attn_share=0.5390
[step 4800] real_p1_mirror_hole_cov=0.1837 real_p1_eps=0.5323 real_p1_hole_frac=0.5019 real_p2_eps=0.1720 real_p2_pixel_l1=0.0000 real_p2_pixel_pl=0.0000 real_p2_pixel_id=0.0000 real_p2_latent=0.0000 real_p2_low_t_hits=0.0000 real_total=0.7043 synth_eps=0.2310 synth_eps_raw=0.2310 synth_pixel_l1=0.0000 synth_pixel_pl=0.0000 synth_pixel_id=0.0000 synth_latent=0.0000 synth_low_t_hits=1.0000 synth_total=0.2310 extra_render_attn_share=0.5390
[step 4850] real_p1_mirror_hole_cov=0.0329 real_p1_eps=0.0307 real_p1_hole_frac=0.1278 real_p2_eps=0.0211 real_p2_pixel_l1=0.0000 real_p2_pixel_pl=0.0000 real_p2_pixel_id=0.0000 real_p2_latent=0.0000 real_p2_low_t_hits=0.0000 real_total=0.0519 synth_eps=0.0046 synth_eps_raw=0.0046 synth_pixel_l1=0.0000 synth_pixel_pl=0.0000 synth_pixel_id=0.0000 synth_latent=0.0000 synth_low_t_hits=0.0000 synth_total=0.0046 extra_render_attn_share=0.5390
[step 4900] real_p1_mirror_hole_cov=0.1183 real_p1_eps=0.1181 real_p1_hole_frac=0.5202 real_p2_eps=0.0054 real_p2_pixel_l1=0.0000 real_p2_pixel_pl=0.0000 real_p2_pixel_id=0.0000 real_p2_latent=0.0000 real_p2_low_t_hits=0.0000 real_total=0.1236 synth_eps=0.2017 synth_eps_raw=0.2017 synth_pixel_l1=0.0000 synth_pixel_pl=0.0000 synth_pixel_id=0.0000 synth_latent=0.0000 synth_low_t_hits=0.0000 synth_total=0.2017 extra_render_attn_share=0.5390
[step 4950] real_p1_mirror_hole_cov=0.0199 real_p1_eps=0.3163 real_p1_hole_frac=0.2961 real_p2_eps=0.2054 real_p2_pixel_l1=0.0000 real_p2_pixel_pl=0.0000 real_p2_pixel_id=0.0000 real_p2_latent=0.0000 real_p2_low_t_hits=1.0000 real_total=0.5217 synth_eps=0.0017 synth_eps_raw=0.0017 synth_pixel_l1=0.0000 synth_pixel_pl=0.0000 synth_pixel_id=0.0000 synth_latent=0.0000 synth_low_t_hits=0.0000 synth_total=0.0017 extra_render_attn_share=0.5390
[step 5000] real_p1_mirror_hole_cov=0.0779 real_p1_eps=0.0376 real_p1_hole_frac=0.5516 real_p2_eps=0.0431 real_p2_pixel_l1=0.0000 real_p2_pixel_pl=0.0000 real_p2_pixel_id=0.0000 real_p2_latent=0.0000 real_p2_low_t_hits=0.0000 real_total=0.0808 synth_eps=0.0099 synth_eps_raw=0.0099 synth_pixel_l1=0.0000 synth_pixel_pl=0.0000 synth_pixel_id=0.0000 synth_latent=0.0000 synth_low_t_hits=0.0000 synth_total=0.0099 extra_render_attn_share=0.5390
[images] real: anchor | cond1 | cond2 | inv_warp_mirror | mask | mask_inv | warp_img | warp_warp_img | x | y_hat | y_hat_novel -> /home/xzy/warpgan-diffusiong-inpainting/warpgan-diffusion-inpainting-main/experiments/train_inpainting_diffusion/[20260910-123409]_v18w1_ctrl_50k/logs/images/train/real_step0005000.png
[images] synth: cond | mask | target | warp_img | x | y_hat_novel -> /home/xzy/warpgan-diffusiong-inpainting/warpgan-diffusion-inpainting-main/experiments/train_inpainting_diffusion/[20260910-123409]_v18w1_ctrl_50k/logs/images/train/synth_step0005000.png
[step 5050] real_p1_mirror_hole_cov=0.0126 real_p1_eps=0.0056 real_p1_hole_frac=0.2782 real_p2_eps=0.2089 real_p2_pixel_l1=0.0000 real_p2_pixel_pl=0.0000 real_p2_pixel_id=0.0000 real_p2_latent=0.0000 real_p2_low_t_hits=0.0000 real_total=0.2145 synth_eps=0.0031 synth_eps_raw=0.0031 synth_pixel_l1=0.0000 synth_pixel_pl=0.0000 synth_pixel_id=0.0000 synth_latent=0.0000 synth_low_t_hits=0.0000 synth_total=0.0031 extra_render_attn_share=0.5390
[step 5100] real_p1_mirror_hole_cov=0.0427 real_p1_eps=0.0113 real_p1_hole_frac=0.3298 real_p2_eps=0.0578 real_p2_pixel_l1=0.0000 real_p2_pixel_pl=0.0000 real_p2_pixel_id=0.0000 real_p2_latent=0.0000 real_p2_low_t_hits=0.0000 real_total=0.0692 synth_eps=0.2842 synth_eps_raw=0.2842 synth_pixel_l1=0.0000 synth_pixel_pl=0.0000 synth_pixel_id=0.0000 synth_latent=0.0000 synth_low_t_hits=1.0000 synth_total=0.2842 extra_render_attn_share=0.5390
[step 5150] real_p1_mirror_hole_cov=0.0261 real_p1_eps=0.0094 real_p1_hole_frac=0.1136 real_p2_eps=0.0478 real_p2_pixel_l1=0.0000 real_p2_pixel_pl=0.0000 real_p2_pixel_id=0.0000 real_p2_latent=0.0000 real_p2_low_t_hits=0.0000 real_total=0.0573 synth_eps=0.1021 synth_eps_raw=0.1021 synth_pixel_l1=0.0000 synth_pixel_pl=0.0000 synth_pixel_id=0.0000 synth_latent=0.0000 synth_low_t_hits=0.0000 synth_total=0.1021 extra_render_attn_share=0.5390
[step 5200] real_p1_mirror_hole_cov=0.0883 real_p1_eps=0.2093 real_p1_hole_frac=0.3468 real_p2_eps=0.1417 real_p2_pixel_l1=0.0000 real_p2_pixel_pl=0.0000 real_p2_pixel_id=0.0000 real_p2_latent=0.0000 real_p2_low_t_hits=0.0000 real_total=0.3510 synth_eps=0.0675 synth_eps_raw=0.0675 synth_pixel_l1=0.0000 synth_pixel_pl=0.0000 synth_pixel_id=0.0000 synth_latent=0.0000 synth_low_t_hits=0.0000 synth_total=0.0675 extra_render_attn_share=0.5390
[step 5250] real_p1_mirror_hole_cov=0.2133 real_p1_eps=0.0501 real_p1_hole_frac=0.6857 real_p2_eps=0.0221 real_p2_pixel_l1=0.0000 real_p2_pixel_pl=0.0000 real_p2_pixel_id=0.0000 real_p2_latent=0.0000 real_p2_low_t_hits=0.0000 real_total=0.0721 synth_eps=0.0030 synth_eps_raw=0.0030 synth_pixel_l1=0.0000 synth_pixel_pl=0.0000 synth_pixel_id=0.0000 synth_latent=0.0000 synth_low_t_hits=0.0000 synth_total=0.0030 extra_render_attn_share=0.5390
[step 5300] real_p1_mirror_hole_cov=0.1983 real_p1_eps=0.0088 real_p1_hole_frac=0.2403 real_p2_eps=0.0965 real_p2_pixel_l1=0.0000 real_p2_pixel_pl=0.0000 real_p2_pixel_id=0.0000 real_p2_latent=0.0000 real_p2_low_t_hits=0.0000 real_total=0.1053 synth_eps=0.0019 synth_eps_raw=0.0019 synth_pixel_l1=0.0000 synth_pixel_pl=0.0000 synth_pixel_id=0.0000 synth_latent=0.0000 synth_low_t_hits=0.0000 synth_total=0.0019 extra_render_attn_share=0.5390
[step 5350] real_p1_mirror_hole_cov=0.1318 real_p1_eps=0.1830 real_p1_hole_frac=0.2853 real_p2_eps=0.0256 real_p2_pixel_l1=0.0000 real_p2_pixel_pl=0.0000 real_p2_pixel_id=0.0000 real_p2_latent=0.0000 real_p2_low_t_hits=0.0000 real_total=0.2086 synth_eps=0.0247 synth_eps_raw=0.0247 synth_pixel_l1=0.0000 synth_pixel_pl=0.0000 synth_pixel_id=0.0000 synth_latent=0.0000 synth_low_t_hits=0.0000 synth_total=0.0247 extra_render_attn_share=0.5390
[step 5400] real_p1_mirror_hole_cov=0.0970 real_p1_eps=0.2880 real_p1_hole_frac=0.4368 real_p2_eps=0.0437 real_p2_pixel_l1=0.0000 real_p2_pixel_pl=0.0000 real_p2_pixel_id=0.0000 real_p2_latent=0.0000 real_p2_low_t_hits=0.0000 real_total=0.3316 synth_eps=0.0185 synth_eps_raw=0.0185 synth_pixel_l1=0.0000 synth_pixel_pl=0.0000 synth_pixel_id=0.0000 synth_latent=0.0000 synth_low_t_hits=0.0000 synth_total=0.0185 extra_render_attn_share=0.5390
[step 5450] real_p1_mirror_hole_cov=0.0987 real_p1_eps=0.2547 real_p1_hole_frac=0.2206 real_p2_eps=0.0020 real_p2_pixel_l1=0.0000 real_p2_pixel_pl=0.0000 real_p2_pixel_id=0.0000 real_p2_latent=0.0000 real_p2_low_t_hits=0.0000 real_total=0.2567 synth_eps=0.0401 synth_eps_raw=0.0401 synth_pixel_l1=0.0000 synth_pixel_pl=0.0000 synth_pixel_id=0.0000 synth_latent=0.0000 synth_low_t_hits=0.0000 synth_total=0.0401 extra_render_attn_share=0.5390
[step 5500] real_p1_mirror_hole_cov=0.0238 real_p1_eps=0.2767 real_p1_hole_frac=0.5375 real_p2_eps=0.0072 real_p2_pixel_l1=0.0000 real_p2_pixel_pl=0.0000 real_p2_pixel_id=0.0000 real_p2_latent=0.0000 real_p2_low_t_hits=0.0000 real_total=0.2840 synth_eps=0.1027 synth_eps_raw=0.1027 synth_pixel_l1=0.0000 synth_pixel_pl=0.0000 synth_pixel_id=0.0000 synth_latent=0.0000 synth_low_t_hits=0.0000 synth_total=0.1027 extra_render_attn_share=0.5390
[images] real: anchor | cond1 | cond2 | inv_warp_mirror | mask | mask_inv | warp_img | warp_warp_img | x | y_hat | y_hat_novel -> /home/xzy/warpgan-diffusiong-inpainting/warpgan-diffusion-inpainting-main/experiments/train_inpainting_diffusion/[20260910-123409]_v18w1_ctrl_50k/logs/images/train/real_step0005500.png
[images] synth: cond | mask | target | warp_img | x | y_hat_novel -> /home/xzy/warpgan-diffusiong-inpainting/warpgan-diffusion-inpainting-main/experiments/train_inpainting_diffusion/[20260910-123409]_v18w1_ctrl_50k/logs/images/train/synth_step0005500.png
[step 5550] real_p1_mirror_hole_cov=0.1382 real_p1_eps=0.0437 real_p1_hole_frac=0.1564 real_p2_eps=0.0275 real_p2_pixel_l1=0.0000 real_p2_pixel_pl=0.0000 real_p2_pixel_id=0.0000 real_p2_latent=0.0000 real_p2_low_t_hits=0.0000 real_total=0.0713 synth_eps=0.0019 synth_eps_raw=0.0019 synth_pixel_l1=0.0000 synth_pixel_pl=0.0000 synth_pixel_id=0.0000 synth_latent=0.0000 synth_low_t_hits=0.0000 synth_total=0.0019 extra_render_attn_share=0.5390
[step 5600] real_p1_mirror_hole_cov=0.0801 real_p1_eps=0.2991 real_p1_hole_frac=0.1500 real_p2_eps=0.0013 real_p2_pixel_l1=0.0000 real_p2_pixel_pl=0.0000 real_p2_pixel_id=0.0000 real_p2_latent=0.0000 real_p2_low_t_hits=0.0000 real_total=0.3004 synth_eps=0.0032 synth_eps_raw=0.0032 synth_pixel_l1=0.0000 synth_pixel_pl=0.0000 synth_pixel_id=0.0000 synth_latent=0.0000 synth_low_t_hits=0.0000 synth_total=0.0032 extra_render_attn_share=0.5390
[step 5650] real_p1_mirror_hole_cov=0.5790 real_p1_eps=0.0439 real_p1_hole_frac=0.1314 real_p2_eps=0.0363 real_p2_pixel_l1=0.0000 real_p2_pixel_pl=0.0000 real_p2_pixel_id=0.0000 real_p2_latent=0.0000 real_p2_low_t_hits=0.0000 real_total=0.0801 synth_eps=0.0410 synth_eps_raw=0.0410 synth_pixel_l1=0.0000 synth_pixel_pl=0.0000 synth_pixel_id=0.0000 synth_latent=0.0000 synth_low_t_hits=0.0000 synth_total=0.0410 extra_render_attn_share=0.5390
[step 5700] real_p1_mirror_hole_cov=0.1663 real_p1_eps=0.3061 real_p1_hole_frac=0.4767 real_p2_eps=0.0016 real_p2_pixel_l1=0.0000 real_p2_pixel_pl=0.0000 real_p2_pixel_id=0.0000 real_p2_latent=0.0000 real_p2_low_t_hits=0.0000 real_total=0.3077 synth_eps=0.0852 synth_eps_raw=0.0852 synth_pixel_l1=0.0000 synth_pixel_pl=0.0000 synth_pixel_id=0.0000 synth_latent=0.0000 synth_low_t_hits=0.0000 synth_total=0.0852 extra_render_attn_share=0.5390
[step 5750] real_p1_mirror_hole_cov=0.3562 real_p1_eps=0.0804 real_p1_hole_frac=0.2537 real_p2_eps=0.1529 real_p2_pixel_l1=0.0000 real_p2_pixel_pl=0.0000 real_p2_pixel_id=0.0000 real_p2_latent=0.0000 real_p2_low_t_hits=0.0000 real_total=0.2333 synth_eps=0.3393 synth_eps_raw=0.3393 synth_pixel_l1=0.0000 synth_pixel_pl=0.0000 synth_pixel_id=0.0000 synth_latent=0.0000 synth_low_t_hits=1.0000 synth_total=0.3393 extra_render_attn_share=0.5390
[step 5800] real_p1_mirror_hole_cov=0.0627 real_p1_eps=0.0195 real_p1_hole_frac=0.1449 real_p2_eps=0.0567 real_p2_pixel_l1=0.0000 real_p2_pixel_pl=0.0000 real_p2_pixel_id=0.0000 real_p2_latent=0.0000 real_p2_low_t_hits=0.0000 real_total=0.0762 synth_eps=0.0054 synth_eps_raw=0.0054 synth_pixel_l1=0.0000 synth_pixel_pl=0.0000 synth_pixel_id=0.0000 synth_latent=0.0000 synth_low_t_hits=0.0000 synth_total=0.0054 extra_render_attn_share=0.5390
[step 5850] real_p1_mirror_hole_cov=0.0287 real_p1_eps=0.0165 real_p1_hole_frac=0.4874 real_p2_eps=0.0090 real_p2_pixel_l1=0.0000 real_p2_pixel_pl=0.0000 real_p2_pixel_id=0.0000 real_p2_latent=0.0000 real_p2_low_t_hits=0.0000 real_total=0.0254 synth_eps=0.5858 synth_eps_raw=0.5858 synth_pixel_l1=0.0000 synth_pixel_pl=0.0000 synth_pixel_id=0.0000 synth_latent=0.0000 synth_low_t_hits=1.0000 synth_total=0.5858 extra_render_attn_share=0.5390
[step 5900] real_p1_mirror_hole_cov=0.0026 real_p1_eps=0.2074 real_p1_hole_frac=0.1825 real_p2_eps=0.0028 real_p2_pixel_l1=0.0000 real_p2_pixel_pl=0.0000 real_p2_pixel_id=0.0000 real_p2_latent=0.0000 real_p2_low_t_hits=0.0000 real_total=0.2102 synth_eps=0.0152 synth_eps_raw=0.0152 synth_pixel_l1=0.0000 synth_pixel_pl=0.0000 synth_pixel_id=0.0000 synth_latent=0.0000 synth_low_t_hits=0.0000 synth_total=0.0152 extra_render_attn_share=0.5390
[step 5950] real_p1_mirror_hole_cov=0.1968 real_p1_eps=0.0058 real_p1_hole_frac=0.3251 real_p2_eps=0.1307 real_p2_pixel_l1=0.0000 real_p2_pixel_pl=0.0000 real_p2_pixel_id=0.0000 real_p2_latent=0.0000 real_p2_low_t_hits=0.0000 real_total=0.1365 synth_eps=0.0038 synth_eps_raw=0.0038 synth_pixel_l1=0.0000 synth_pixel_pl=0.0000 synth_pixel_id=0.0000 synth_latent=0.0000 synth_low_t_hits=0.0000 synth_total=0.0038 extra_render_attn_share=0.5390
[val step 5999] val_novel_full=0.0748 val_novel_hole=0.0636 val_novel_visible=0.0841
[step 6000] real_p1_mirror_hole_cov=0.2531 real_p1_eps=0.0037 real_p1_hole_frac=0.5868 real_p2_eps=0.0452 real_p2_pixel_l1=0.0000 real_p2_pixel_pl=0.0000 real_p2_pixel_id=0.0000 real_p2_latent=0.0000 real_p2_low_t_hits=0.0000 real_total=0.0490 synth_eps=0.0942 synth_eps_raw=0.0942 synth_pixel_l1=0.0000 synth_pixel_pl=0.0000 synth_pixel_id=0.0000 synth_latent=0.0000 synth_low_t_hits=0.0000 synth_total=0.0942 extra_render_attn_share=0.5581
[images] real: anchor | cond1 | cond2 | inv_warp_mirror | mask | mask_inv | warp_img | warp_warp_img | x | y_hat | y_hat_novel -> /home/xzy/warpgan-diffusiong-inpainting/warpgan-diffusion-inpainting-main/experiments/train_inpainting_diffusion/[20260910-123409]_v18w1_ctrl_50k/logs/images/train/real_step0006000.png
[images] synth: cond | mask | target | warp_img | x | y_hat_novel -> /home/xzy/warpgan-diffusiong-inpainting/warpgan-diffusion-inpainting-main/experiments/train_inpainting_diffusion/[20260910-123409]_v18w1_ctrl_50k/logs/images/train/synth_step0006000.png
[step 6050] real_p1_mirror_hole_cov=0.0413 real_p1_eps=0.0086 real_p1_hole_frac=0.0395 real_p2_eps=0.0049 real_p2_pixel_l1=0.0000 real_p2_pixel_pl=0.0000 real_p2_pixel_id=0.0000 real_p2_latent=0.0000 real_p2_low_t_hits=0.0000 real_total=0.0135 synth_eps=0.0204 synth_eps_raw=0.0204 synth_pixel_l1=0.0000 synth_pixel_pl=0.0000 synth_pixel_id=0.0000 synth_latent=0.0000 synth_low_t_hits=0.0000 synth_total=0.0204 extra_render_attn_share=0.5581
[step 6100] real_p1_mirror_hole_cov=0.0750 real_p1_eps=0.0934 real_p1_hole_frac=0.1551 real_p2_eps=0.2806 real_p2_pixel_l1=0.0000 real_p2_pixel_pl=0.0000 real_p2_pixel_id=0.0000 real_p2_latent=0.0000 real_p2_low_t_hits=1.0000 real_total=0.3739 synth_eps=0.0129 synth_eps_raw=0.0129 synth_pixel_l1=0.0000 synth_pixel_pl=0.0000 synth_pixel_id=0.0000 synth_latent=0.0000 synth_low_t_hits=0.0000 synth_total=0.0129 extra_render_attn_share=0.5581
[step 6150] real_p1_mirror_hole_cov=0.0168 real_p1_eps=0.0007 real_p1_hole_frac=0.2014 real_p2_eps=0.2695 real_p2_pixel_l1=0.0000 real_p2_pixel_pl=0.0000 real_p2_pixel_id=0.0000 real_p2_latent=0.0000 real_p2_low_t_hits=1.0000 real_total=0.2702 synth_eps=0.0097 synth_eps_raw=0.0097 synth_pixel_l1=0.0000 synth_pixel_pl=0.0000 synth_pixel_id=0.0000 synth_latent=0.0000 synth_low_t_hits=0.0000 synth_total=0.0097 extra_render_attn_share=0.5581
[step 6200] real_p1_mirror_hole_cov=0.3831 real_p1_eps=0.0013 real_p1_hole_frac=0.5492 real_p2_eps=0.0753 real_p2_pixel_l1=0.0000 real_p2_pixel_pl=0.0000 real_p2_pixel_id=0.0000 real_p2_latent=0.0000 real_p2_low_t_hits=0.0000 real_total=0.0766 synth_eps=0.0072 synth_eps_raw=0.0072 synth_pixel_l1=0.0000 synth_pixel_pl=0.0000 synth_pixel_id=0.0000 synth_latent=0.0000 synth_low_t_hits=0.0000 synth_total=0.0072 extra_render_attn_share=0.5581
[step 6250] real_p1_mirror_hole_cov=0.1130 real_p1_eps=0.0021 real_p1_hole_frac=0.0477 real_p2_eps=0.0149 real_p2_pixel_l1=0.0000 real_p2_pixel_pl=0.0000 real_p2_pixel_id=0.0000 real_p2_latent=0.0000 real_p2_low_t_hits=0.0000 real_total=0.0170 synth_eps=0.0880 synth_eps_raw=0.0880 synth_pixel_l1=0.0000 synth_pixel_pl=0.0000 synth_pixel_id=0.0000 synth_latent=0.0000 synth_low_t_hits=0.0000 synth_total=0.0880 extra_render_attn_share=0.5581
[step 6300] real_p1_mirror_hole_cov=0.0206 real_p1_eps=0.0014 real_p1_hole_frac=0.2478 real_p2_eps=0.0203 real_p2_pixel_l1=0.0000 real_p2_pixel_pl=0.0000 real_p2_pixel_id=0.0000 real_p2_latent=0.0000 real_p2_low_t_hits=0.0000 real_total=0.0217 synth_eps=0.0168 synth_eps_raw=0.0168 synth_pixel_l1=0.0000 synth_pixel_pl=0.0000 synth_pixel_id=0.0000 synth_latent=0.0000 synth_low_t_hits=0.0000 synth_total=0.0168 extra_render_attn_share=0.5581
[step 6350] real_p1_mirror_hole_cov=0.0706 real_p1_eps=0.0122 real_p1_hole_frac=0.4624 real_p2_eps=0.0417 real_p2_pixel_l1=0.0000 real_p2_pixel_pl=0.0000 real_p2_pixel_id=0.0000 real_p2_latent=0.0000 real_p2_low_t_hits=0.0000 real_total=0.0539 synth_eps=0.7311 synth_eps_raw=0.7311 synth_pixel_l1=0.0000 synth_pixel_pl=0.0000 synth_pixel_id=0.0000 synth_latent=0.0000 synth_low_t_hits=1.0000 synth_total=0.7311 extra_render_attn_share=0.5581
[step 6400] real_p1_mirror_hole_cov=0.0151 real_p1_eps=0.0456 real_p1_hole_frac=0.1523 real_p2_eps=0.0012 real_p2_pixel_l1=0.0000 real_p2_pixel_pl=0.0000 real_p2_pixel_id=0.0000 real_p2_latent=0.0000 real_p2_low_t_hits=0.0000 real_total=0.0468 synth_eps=0.3750 synth_eps_raw=0.3750 synth_pixel_l1=0.0000 synth_pixel_pl=0.0000 synth_pixel_id=0.0000 synth_latent=0.0000 synth_low_t_hits=1.0000 synth_total=0.3750 extra_render_attn_share=0.5581
[step 6450] real_p1_mirror_hole_cov=0.0326 real_p1_eps=0.0022 real_p1_hole_frac=0.3106 real_p2_eps=0.1221 real_p2_pixel_l1=0.0000 real_p2_pixel_pl=0.0000 real_p2_pixel_id=0.0000 real_p2_latent=0.0000 real_p2_low_t_hits=0.0000 real_total=0.1244 synth_eps=0.0500 synth_eps_raw=0.0500 synth_pixel_l1=0.0000 synth_pixel_pl=0.0000 synth_pixel_id=0.0000 synth_latent=0.0000 synth_low_t_hits=0.0000 synth_total=0.0500 extra_render_attn_share=0.5581
[step 6500] real_p1_mirror_hole_cov=0.0403 real_p1_eps=0.0309 real_p1_hole_frac=0.0372 real_p2_eps=0.0014 real_p2_pixel_l1=0.0000 real_p2_pixel_pl=0.0000 real_p2_pixel_id=0.0000 real_p2_latent=0.0000 real_p2_low_t_hits=0.0000 real_total=0.0324 synth_eps=0.0511 synth_eps_raw=0.0511 synth_pixel_l1=0.0000 synth_pixel_pl=0.0000 synth_pixel_id=0.0000 synth_latent=0.0000 synth_low_t_hits=0.0000 synth_total=0.0511 extra_render_attn_share=0.5581
[images] real: anchor | cond1 | cond2 | inv_warp_mirror | mask | mask_inv | warp_img | warp_warp_img | x | y_hat | y_hat_novel -> /home/xzy/warpgan-diffusiong-inpainting/warpgan-diffusion-inpainting-main/experiments/train_inpainting_diffusion/[20260910-123409]_v18w1_ctrl_50k/logs/images/train/real_step0006500.png
[images] synth: cond | mask | target | warp_img | x | y_hat_novel -> /home/xzy/warpgan-diffusiong-inpainting/warpgan-diffusion-inpainting-main/experiments/train_inpainting_diffusion/[20260910-123409]_v18w1_ctrl_50k/logs/images/train/synth_step0006500.png
[step 6550] real_p1_mirror_hole_cov=0.0340 real_p1_eps=0.0029 real_p1_hole_frac=0.4447 real_p2_eps=0.0043 real_p2_pixel_l1=0.0000 real_p2_pixel_pl=0.0000 real_p2_pixel_id=0.0000 real_p2_latent=0.0000 real_p2_low_t_hits=0.0000 real_total=0.0072 synth_eps=0.1169 synth_eps_raw=0.1169 synth_pixel_l1=0.0000 synth_pixel_pl=0.0000 synth_pixel_id=0.0000 synth_latent=0.0000 synth_low_t_hits=0.0000 synth_total=0.1169 extra_render_attn_share=0.5581
[step 6600] real_p1_mirror_hole_cov=0.0629 real_p1_eps=0.0356 real_p1_hole_frac=0.3443 real_p2_eps=0.0124 real_p2_pixel_l1=0.0000 real_p2_pixel_pl=0.0000 real_p2_pixel_id=0.0000 real_p2_latent=0.0000 real_p2_low_t_hits=0.0000 real_total=0.0480 synth_eps=0.7958 synth_eps_raw=0.7958 synth_pixel_l1=0.0000 synth_pixel_pl=0.0000 synth_pixel_id=0.0000 synth_latent=0.0000 synth_low_t_hits=1.0000 synth_total=0.7958 extra_render_attn_share=0.5581
[step 6650] real_p1_mirror_hole_cov=0.0008 real_p1_eps=0.0248 real_p1_hole_frac=0.2591 real_p2_eps=0.4028 real_p2_pixel_l1=0.0000 real_p2_pixel_pl=0.0000 real_p2_pixel_id=0.0000 real_p2_latent=0.0000 real_p2_low_t_hits=1.0000 real_total=0.4276 synth_eps=0.0536 synth_eps_raw=0.0536 synth_pixel_l1=0.0000 synth_pixel_pl=0.0000 synth_pixel_id=0.0000 synth_latent=0.0000 synth_low_t_hits=0.0000 synth_total=0.0536 extra_render_attn_share=0.5581
[step 6700] real_p1_mirror_hole_cov=0.0524 real_p1_eps=0.0704 real_p1_hole_frac=0.4145 real_p2_eps=0.0040 real_p2_pixel_l1=0.0000 real_p2_pixel_pl=0.0000 real_p2_pixel_id=0.0000 real_p2_latent=0.0000 real_p2_low_t_hits=0.0000 real_total=0.0745 synth_eps=0.0670 synth_eps_raw=0.0670 synth_pixel_l1=0.0000 synth_pixel_pl=0.0000 synth_pixel_id=0.0000 synth_latent=0.0000 synth_low_t_hits=0.0000 synth_total=0.0670 extra_render_attn_share=0.5581
[step 6750] real_p1_mirror_hole_cov=0.1161 real_p1_eps=0.0187 real_p1_hole_frac=0.2252 real_p2_eps=0.1750 real_p2_pixel_l1=0.0000 real_p2_pixel_pl=0.0000 real_p2_pixel_id=0.0000 real_p2_latent=0.0000 real_p2_low_t_hits=0.0000 real_total=0.1937 synth_eps=0.1405 synth_eps_raw=0.1405 synth_pixel_l1=0.0000 synth_pixel_pl=0.0000 synth_pixel_id=0.0000 synth_latent=0.0000 synth_low_t_hits=0.0000 synth_total=0.1405 extra_render_attn_share=0.5581
[step 6800] real_p1_mirror_hole_cov=0.0310 real_p1_eps=0.0396 real_p1_hole_frac=0.4292 real_p2_eps=0.0420 real_p2_pixel_l1=0.0000 real_p2_pixel_pl=0.0000 real_p2_pixel_id=0.0000 real_p2_latent=0.0000 real_p2_low_t_hits=0.0000 real_total=0.0816 synth_eps=0.0560 synth_eps_raw=0.0560 synth_pixel_l1=0.0000 synth_pixel_pl=0.0000 synth_pixel_id=0.0000 synth_latent=0.0000 synth_low_t_hits=0.0000 synth_total=0.0560 extra_render_attn_share=0.5581
[step 6850] real_p1_mirror_hole_cov=0.0395 real_p1_eps=0.0659 real_p1_hole_frac=0.3912 real_p2_eps=0.2604 real_p2_pixel_l1=0.0000 real_p2_pixel_pl=0.0000 real_p2_pixel_id=0.0000 real_p2_latent=0.0000 real_p2_low_t_hits=1.0000 real_total=0.3263 synth_eps=0.3755 synth_eps_raw=0.3755 synth_pixel_l1=0.0000 synth_pixel_pl=0.0000 synth_pixel_id=0.0000 synth_latent=0.0000 synth_low_t_hits=1.0000 synth_total=0.3755 extra_render_attn_share=0.5581
[step 6900] real_p1_mirror_hole_cov=0.0333 real_p1_eps=0.0024 real_p1_hole_frac=0.1076 real_p2_eps=0.0534 real_p2_pixel_l1=0.0000 real_p2_pixel_pl=0.0000 real_p2_pixel_id=0.0000 real_p2_latent=0.0000 real_p2_low_t_hits=0.0000 real_total=0.0558 synth_eps=0.5040 synth_eps_raw=0.5040 synth_pixel_l1=0.0000 synth_pixel_pl=0.0000 synth_pixel_id=0.0000 synth_latent=0.0000 synth_low_t_hits=1.0000 synth_total=0.5040 extra_render_attn_share=0.5581
[step 6950] real_p1_mirror_hole_cov=0.0588 real_p1_eps=0.0049 real_p1_hole_frac=0.0450 real_p2_eps=0.1003 real_p2_pixel_l1=0.0000 real_p2_pixel_pl=0.0000 real_p2_pixel_id=0.0000 real_p2_latent=0.0000 real_p2_low_t_hits=0.0000 real_total=0.1052 synth_eps=0.0544 synth_eps_raw=0.0544 synth_pixel_l1=0.0000 synth_pixel_pl=0.0000 synth_pixel_id=0.0000 synth_latent=0.0000 synth_low_t_hits=0.0000 synth_total=0.0544 extra_render_attn_share=0.5581
[step 7000] real_p1_mirror_hole_cov=0.0505 real_p1_eps=0.0640 real_p1_hole_frac=0.1243 real_p2_eps=0.0061 real_p2_pixel_l1=0.0000 real_p2_pixel_pl=0.0000 real_p2_pixel_id=0.0000 real_p2_latent=0.0000 real_p2_low_t_hits=0.0000 real_total=0.0702 synth_eps=0.3265 synth_eps_raw=0.3265 synth_pixel_l1=0.0000 synth_pixel_pl=0.0000 synth_pixel_id=0.0000 synth_latent=0.0000 synth_low_t_hits=1.0000 synth_total=0.3265 extra_render_attn_share=0.5581
[images] real: anchor | cond1 | cond2 | inv_warp_mirror | mask | mask_inv | warp_img | warp_warp_img | x | y_hat | y_hat_novel -> /home/xzy/warpgan-diffusiong-inpainting/warpgan-diffusion-inpainting-main/experiments/train_inpainting_diffusion/[20260910-123409]_v18w1_ctrl_50k/logs/images/train/real_step0007000.png
[images] synth: cond | mask | target | warp_img | x | y_hat_novel -> /home/xzy/warpgan-diffusiong-inpainting/warpgan-diffusion-inpainting-main/experiments/train_inpainting_diffusion/[20260910-123409]_v18w1_ctrl_50k/logs/images/train/synth_step0007000.png
[step 7050] real_p1_mirror_hole_cov=0.1506 real_p1_eps=0.0241 real_p1_hole_frac=0.1512 real_p2_eps=0.5982 real_p2_pixel_l1=0.0000 real_p2_pixel_pl=0.0000 real_p2_pixel_id=0.0000 real_p2_latent=0.0000 real_p2_low_t_hits=1.0000 real_total=0.6223 synth_eps=0.0661 synth_eps_raw=0.0661 synth_pixel_l1=0.0000 synth_pixel_pl=0.0000 synth_pixel_id=0.0000 synth_latent=0.0000 synth_low_t_hits=0.0000 synth_total=0.0661 extra_render_attn_share=0.5581
[step 7100] real_p1_mirror_hole_cov=0.2111 real_p1_eps=0.0056 real_p1_hole_frac=0.5151 real_p2_eps=0.0212 real_p2_pixel_l1=0.0000 real_p2_pixel_pl=0.0000 real_p2_pixel_id=0.0000 real_p2_latent=0.0000 real_p2_low_t_hits=0.0000 real_total=0.0268 synth_eps=0.0051 synth_eps_raw=0.0051 synth_pixel_l1=0.0000 synth_pixel_pl=0.0000 synth_pixel_id=0.0000 synth_latent=0.0000 synth_low_t_hits=0.0000 synth_total=0.0051 extra_render_attn_share=0.5581
[step 7150] real_p1_mirror_hole_cov=0.3689 real_p1_eps=0.2719 real_p1_hole_frac=0.6877 real_p2_eps=0.1490 real_p2_pixel_l1=0.0000 real_p2_pixel_pl=0.0000 real_p2_pixel_id=0.0000 real_p2_latent=0.0000 real_p2_low_t_hits=0.0000 real_total=0.4209 synth_eps=0.0066 synth_eps_raw=0.0066 synth_pixel_l1=0.0000 synth_pixel_pl=0.0000 synth_pixel_id=0.0000 synth_latent=0.0000 synth_low_t_hits=0.0000 synth_total=0.0066 extra_render_attn_share=0.5581
[step 7200] real_p1_mirror_hole_cov=0.0373 real_p1_eps=0.1245 real_p1_hole_frac=0.2858 real_p2_eps=0.0354 real_p2_pixel_l1=0.0000 real_p2_pixel_pl=0.0000 real_p2_pixel_id=0.0000 real_p2_latent=0.0000 real_p2_low_t_hits=0.0000 real_total=0.1599 synth_eps=0.1203 synth_eps_raw=0.1203 synth_pixel_l1=0.0000 synth_pixel_pl=0.0000 synth_pixel_id=0.0000 synth_latent=0.0000 synth_low_t_hits=0.0000 synth_total=0.1203 extra_render_attn_share=0.5581
[step 7250] real_p1_mirror_hole_cov=0.2915 real_p1_eps=0.2391 real_p1_hole_frac=0.4078 real_p2_eps=0.0319 real_p2_pixel_l1=0.0000 real_p2_pixel_pl=0.0000 real_p2_pixel_id=0.0000 real_p2_latent=0.0000 real_p2_low_t_hits=0.0000 real_total=0.2710 synth_eps=0.0044 synth_eps_raw=0.0044 synth_pixel_l1=0.0000 synth_pixel_pl=0.0000 synth_pixel_id=0.0000 synth_latent=0.0000 synth_low_t_hits=0.0000 synth_total=0.0044 extra_render_attn_share=0.5581
[step 7300] real_p1_mirror_hole_cov=0.0334 real_p1_eps=0.1465 real_p1_hole_frac=0.1574 real_p2_eps=0.3941 real_p2_pixel_l1=0.0000 real_p2_pixel_pl=0.0000 real_p2_pixel_id=0.0000 real_p2_latent=0.0000 real_p2_low_t_hits=1.0000 real_total=0.5406 synth_eps=0.0370 synth_eps_raw=0.0370 synth_pixel_l1=0.0000 synth_pixel_pl=0.0000 synth_pixel_id=0.0000 synth_latent=0.0000 synth_low_t_hits=0.0000 synth_total=0.0370 extra_render_attn_share=0.5581
[step 7350] real_p1_mirror_hole_cov=0.0091 real_p1_eps=0.0941 real_p1_hole_frac=0.3553 real_p2_eps=0.0180 real_p2_pixel_l1=0.0000 real_p2_pixel_pl=0.0000 real_p2_pixel_id=0.0000 real_p2_latent=0.0000 real_p2_low_t_hits=0.0000 real_total=0.1121 synth_eps=0.0026 synth_eps_raw=0.0026 synth_pixel_l1=0.0000 synth_pixel_pl=0.0000 synth_pixel_id=0.0000 synth_latent=0.0000 synth_low_t_hits=0.0000 synth_total=0.0026 extra_render_attn_share=0.5581
[step 7400] real_p1_mirror_hole_cov=0.0892 real_p1_eps=0.0039 real_p1_hole_frac=0.3910 real_p2_eps=0.1056 real_p2_pixel_l1=0.0000 real_p2_pixel_pl=0.0000 real_p2_pixel_id=0.0000 real_p2_latent=0.0000 real_p2_low_t_hits=0.0000 real_total=0.1095 synth_eps=0.5169 synth_eps_raw=0.5169 synth_pixel_l1=0.0000 synth_pixel_pl=0.0000 synth_pixel_id=0.0000 synth_latent=0.0000 synth_low_t_hits=1.0000 synth_total=0.5169 extra_render_attn_share=0.5581
[step 7450] real_p1_mirror_hole_cov=0.2509 real_p1_eps=0.1991 real_p1_hole_frac=0.3689 real_p2_eps=0.1260 real_p2_pixel_l1=0.0000 real_p2_pixel_pl=0.0000 real_p2_pixel_id=0.0000 real_p2_latent=0.0000 real_p2_low_t_hits=0.0000 real_total=0.3250 synth_eps=0.0013 synth_eps_raw=0.0013 synth_pixel_l1=0.0000 synth_pixel_pl=0.0000 synth_pixel_id=0.0000 synth_latent=0.0000 synth_low_t_hits=0.0000 synth_total=0.0013 extra_render_attn_share=0.5581
[step 7500] real_p1_mirror_hole_cov=0.1430 real_p1_eps=0.1419 real_p1_hole_frac=0.5644 real_p2_eps=0.0353 real_p2_pixel_l1=0.0000 real_p2_pixel_pl=0.0000 real_p2_pixel_id=0.0000 real_p2_latent=0.0000 real_p2_low_t_hits=0.0000 real_total=0.1772 synth_eps=0.4494 synth_eps_raw=0.4494 synth_pixel_l1=0.0000 synth_pixel_pl=0.0000 synth_pixel_id=0.0000 synth_latent=0.0000 synth_low_t_hits=1.0000 synth_total=0.4494 extra_render_attn_share=0.5581
[images] real: anchor | cond1 | cond2 | inv_warp_mirror | mask | mask_inv | warp_img | warp_warp_img | x | y_hat | y_hat_novel -> /home/xzy/warpgan-diffusiong-inpainting/warpgan-diffusion-inpainting-main/experiments/train_inpainting_diffusion/[20260910-123409]_v18w1_ctrl_50k/logs/images/train/real_step0007500.png
[images] synth: cond | mask | target | warp_img | x | y_hat_novel -> /home/xzy/warpgan-diffusiong-inpainting/warpgan-diffusion-inpainting-main/experiments/train_inpainting_diffusion/[20260910-123409]_v18w1_ctrl_50k/logs/images/train/synth_step0007500.png
[step 7550] real_p1_mirror_hole_cov=0.0085 real_p1_eps=0.0063 real_p1_hole_frac=0.1437 real_p2_eps=0.0049 real_p2_pixel_l1=0.0000 real_p2_pixel_pl=0.0000 real_p2_pixel_id=0.0000 real_p2_latent=0.0000 real_p2_low_t_hits=0.0000 real_total=0.0112 synth_eps=0.0944 synth_eps_raw=0.0944 synth_pixel_l1=0.0000 synth_pixel_pl=0.0000 synth_pixel_id=0.0000 synth_latent=0.0000 synth_low_t_hits=0.0000 synth_total=0.0944 extra_render_attn_share=0.5581
[step 7600] real_p1_mirror_hole_cov=0.0289 real_p1_eps=0.0018 real_p1_hole_frac=0.4257 real_p2_eps=0.0068 real_p2_pixel_l1=0.0000 real_p2_pixel_pl=0.0000 real_p2_pixel_id=0.0000 real_p2_latent=0.0000 real_p2_low_t_hits=0.0000 real_total=0.0087 synth_eps=0.0068 synth_eps_raw=0.0068 synth_pixel_l1=0.0000 synth_pixel_pl=0.0000 synth_pixel_id=0.0000 synth_latent=0.0000 synth_low_t_hits=0.0000 synth_total=0.0068 extra_render_attn_share=0.5581
[step 7650] real_p1_mirror_hole_cov=0.0320 real_p1_eps=0.1119 real_p1_hole_frac=0.0869 real_p2_eps=0.0017 real_p2_pixel_l1=0.0000 real_p2_pixel_pl=0.0000 real_p2_pixel_id=0.0000 real_p2_latent=0.0000 real_p2_low_t_hits=0.0000 real_total=0.1136 synth_eps=0.0667 synth_eps_raw=0.0667 synth_pixel_l1=0.0000 synth_pixel_pl=0.0000 synth_pixel_id=0.0000 synth_latent=0.0000 synth_low_t_hits=0.0000 synth_total=0.0667 extra_render_attn_share=0.5581
[step 7700] real_p1_mirror_hole_cov=0.2181 real_p1_eps=0.0072 real_p1_hole_frac=0.2202 real_p2_eps=0.3204 real_p2_pixel_l1=0.0000 real_p2_pixel_pl=0.0000 real_p2_pixel_id=0.0000 real_p2_latent=0.0000 real_p2_low_t_hits=1.0000 real_total=0.3277 synth_eps=0.0011 synth_eps_raw=0.0011 synth_pixel_l1=0.0000 synth_pixel_pl=0.0000 synth_pixel_id=0.0000 synth_latent=0.0000 synth_low_t_hits=0.0000 synth_total=0.0011 extra_render_attn_share=0.5581
[step 7750] real_p1_mirror_hole_cov=0.0167 real_p1_eps=0.0163 real_p1_hole_frac=0.1272 real_p2_eps=0.0056 real_p2_pixel_l1=0.0000 real_p2_pixel_pl=0.0000 real_p2_pixel_id=0.0000 real_p2_latent=0.0000 real_p2_low_t_hits=0.0000 real_total=0.0219 synth_eps=0.0094 synth_eps_raw=0.0094 synth_pixel_l1=0.0000 synth_pixel_pl=0.0000 synth_pixel_id=0.0000 synth_latent=0.0000 synth_low_t_hits=0.0000 synth_total=0.0094 extra_render_attn_share=0.5581
[step 7800] real_p1_mirror_hole_cov=0.0354 real_p1_eps=0.0170 real_p1_hole_frac=0.1251 real_p2_eps=0.0913 real_p2_pixel_l1=0.0000 real_p2_pixel_pl=0.0000 real_p2_pixel_id=0.0000 real_p2_latent=0.0000 real_p2_low_t_hits=0.0000 real_total=0.1083 synth_eps=0.3973 synth_eps_raw=0.3973 synth_pixel_l1=0.0000 synth_pixel_pl=0.0000 synth_pixel_id=0.0000 synth_latent=0.0000 synth_low_t_hits=1.0000 synth_total=0.3973 extra_render_attn_share=0.5581
[step 7850] real_p1_mirror_hole_cov=0.2861 real_p1_eps=0.0104 real_p1_hole_frac=0.0169 real_p2_eps=0.0010 real_p2_pixel_l1=0.0000 real_p2_pixel_pl=0.0000 real_p2_pixel_id=0.0000 real_p2_latent=0.0000 real_p2_low_t_hits=0.0000 real_total=0.0114 synth_eps=0.1686 synth_eps_raw=0.1686 synth_pixel_l1=0.0000 synth_pixel_pl=0.0000 synth_pixel_id=0.0000 synth_latent=0.0000 synth_low_t_hits=0.0000 synth_total=0.1686 extra_render_attn_share=0.5581
[step 7900] real_p1_mirror_hole_cov=0.4336 real_p1_eps=0.0138 real_p1_hole_frac=0.3032 real_p2_eps=0.0051 real_p2_pixel_l1=0.0000 real_p2_pixel_pl=0.0000 real_p2_pixel_id=0.0000 real_p2_latent=0.0000 real_p2_low_t_hits=0.0000 real_total=0.0189 synth_eps=0.2994 synth_eps_raw=0.2994 synth_pixel_l1=0.0000 synth_pixel_pl=0.0000 synth_pixel_id=0.0000 synth_latent=0.0000 synth_low_t_hits=1.0000 synth_total=0.2994 extra_render_attn_share=0.5581
[step 7950] real_p1_mirror_hole_cov=0.0812 real_p1_eps=0.0096 real_p1_hole_frac=0.4787 real_p2_eps=0.0020 real_p2_pixel_l1=0.0000 real_p2_pixel_pl=0.0000 real_p2_pixel_id=0.0000 real_p2_latent=0.0000 real_p2_low_t_hits=0.0000 real_total=0.0116 synth_eps=0.1402 synth_eps_raw=0.1402 synth_pixel_l1=0.0000 synth_pixel_pl=0.0000 synth_pixel_id=0.0000 synth_latent=0.0000 synth_low_t_hits=0.0000 synth_total=0.1402 extra_render_attn_share=0.5581
[val step 7999] val_novel_full=0.0965 val_novel_hole=0.0991 val_novel_visible=0.0931
[step 8000] real_p1_mirror_hole_cov=0.4894 real_p1_eps=0.0045 real_p1_hole_frac=0.2813 real_p2_eps=0.0880 real_p2_pixel_l1=0.0000 real_p2_pixel_pl=0.0000 real_p2_pixel_id=0.0000 real_p2_latent=0.0000 real_p2_low_t_hits=0.0000 real_total=0.0925 synth_eps=0.2784 synth_eps_raw=0.2784 synth_pixel_l1=0.0000 synth_pixel_pl=0.0000 synth_pixel_id=0.0000 synth_latent=0.0000 synth_low_t_hits=1.0000 synth_total=0.2784 extra_render_attn_share=0.5758
[images] real: anchor | cond1 | cond2 | inv_warp_mirror | mask | mask_inv | warp_img | warp_warp_img | x | y_hat | y_hat_novel -> /home/xzy/warpgan-diffusiong-inpainting/warpgan-diffusion-inpainting-main/experiments/train_inpainting_diffusion/[20260910-123409]_v18w1_ctrl_50k/logs/images/train/real_step0008000.png
[images] synth: cond | mask | target | warp_img | x | y_hat_novel -> /home/xzy/warpgan-diffusiong-inpainting/warpgan-diffusion-inpainting-main/experiments/train_inpainting_diffusion/[20260910-123409]_v18w1_ctrl_50k/logs/images/train/synth_step0008000.png
[step 8050] real_p1_mirror_hole_cov=0.2544 real_p1_eps=0.2610 real_p1_hole_frac=0.4534 real_p2_eps=0.0325 real_p2_pixel_l1=0.0000 real_p2_pixel_pl=0.0000 real_p2_pixel_id=0.0000 real_p2_latent=0.0000 real_p2_low_t_hits=0.0000 real_total=0.2934 synth_eps=0.2560 synth_eps_raw=0.2560 synth_pixel_l1=0.0000 synth_pixel_pl=0.0000 synth_pixel_id=0.0000 synth_latent=0.0000 synth_low_t_hits=0.0000 synth_total=0.2560 extra_render_attn_share=0.5758
[step 8100] real_p1_mirror_hole_cov=0.0820 real_p1_eps=0.0812 real_p1_hole_frac=0.3496 real_p2_eps=0.1603 real_p2_pixel_l1=0.0000 real_p2_pixel_pl=0.0000 real_p2_pixel_id=0.0000 real_p2_latent=0.0000 real_p2_low_t_hits=0.0000 real_total=0.2415 synth_eps=0.0363 synth_eps_raw=0.0363 synth_pixel_l1=0.0000 synth_pixel_pl=0.0000 synth_pixel_id=0.0000 synth_latent=0.0000 synth_low_t_hits=0.0000 synth_total=0.0363 extra_render_attn_share=0.5758
[step 8150] real_p1_mirror_hole_cov=0.0730 real_p1_eps=0.0041 real_p1_hole_frac=0.4531 real_p2_eps=0.1725 real_p2_pixel_l1=0.0000 real_p2_pixel_pl=0.0000 real_p2_pixel_id=0.0000 real_p2_latent=0.0000 real_p2_low_t_hits=0.0000 real_total=0.1766 synth_eps=0.3237 synth_eps_raw=0.3237 synth_pixel_l1=0.0000 synth_pixel_pl=0.0000 synth_pixel_id=0.0000 synth_latent=0.0000 synth_low_t_hits=1.0000 synth_total=0.3237 extra_render_attn_share=0.5758
[step 8200] real_p1_mirror_hole_cov=0.1024 real_p1_eps=0.1052 real_p1_hole_frac=0.3151 real_p2_eps=0.0669 real_p2_pixel_l1=0.0000 real_p2_pixel_pl=0.0000 real_p2_pixel_id=0.0000 real_p2_latent=0.0000 real_p2_low_t_hits=0.0000 real_total=0.1721 synth_eps=0.0230 synth_eps_raw=0.0230 synth_pixel_l1=0.0000 synth_pixel_pl=0.0000 synth_pixel_id=0.0000 synth_latent=0.0000 synth_low_t_hits=0.0000 synth_total=0.0230 extra_render_attn_share=0.5758
[step 8250] real_p1_mirror_hole_cov=0.0442 real_p1_eps=0.0420 real_p1_hole_frac=0.4918 real_p2_eps=0.6831 real_p2_pixel_l1=0.0000 real_p2_pixel_pl=0.0000 real_p2_pixel_id=0.0000 real_p2_latent=0.0000 real_p2_low_t_hits=1.0000 real_total=0.7251 synth_eps=0.3135 synth_eps_raw=0.3135 synth_pixel_l1=0.0000 synth_pixel_pl=0.0000 synth_pixel_id=0.0000 synth_latent=0.0000 synth_low_t_hits=1.0000 synth_total=0.3135 extra_render_attn_share=0.5758
[step 8300] real_p1_mirror_hole_cov=0.2675 real_p1_eps=0.0012 real_p1_hole_frac=0.2345 real_p2_eps=0.0231 real_p2_pixel_l1=0.0000 real_p2_pixel_pl=0.0000 real_p2_pixel_id=0.0000 real_p2_latent=0.0000 real_p2_low_t_hits=0.0000 real_total=0.0242 synth_eps=0.1400 synth_eps_raw=0.1400 synth_pixel_l1=0.0000 synth_pixel_pl=0.0000 synth_pixel_id=0.0000 synth_latent=0.0000 synth_low_t_hits=0.0000 synth_total=0.1400 extra_render_attn_share=0.5758
[step 8350] real_p1_mirror_hole_cov=0.0211 real_p1_eps=0.0226 real_p1_hole_frac=0.3922 real_p2_eps=0.0912 real_p2_pixel_l1=0.0000 real_p2_pixel_pl=0.0000 real_p2_pixel_id=0.0000 real_p2_latent=0.0000 real_p2_low_t_hits=0.0000 real_total=0.1138 synth_eps=0.0046 synth_eps_raw=0.0046 synth_pixel_l1=0.0000 synth_pixel_pl=0.0000 synth_pixel_id=0.0000 synth_latent=0.0000 synth_low_t_hits=0.0000 synth_total=0.0046 extra_render_attn_share=0.5758
[step 8400] real_p1_mirror_hole_cov=0.1509 real_p1_eps=0.0511 real_p1_hole_frac=0.3085 real_p2_eps=0.1079 real_p2_pixel_l1=0.0000 real_p2_pixel_pl=0.0000 real_p2_pixel_id=0.0000 real_p2_latent=0.0000 real_p2_low_t_hits=0.0000 real_total=0.1590 synth_eps=0.1229 synth_eps_raw=0.1229 synth_pixel_l1=0.0000 synth_pixel_pl=0.0000 synth_pixel_id=0.0000 synth_latent=0.0000 synth_low_t_hits=0.0000 synth_total=0.1229 extra_render_attn_share=0.5758
[step 8450] real_p1_mirror_hole_cov=0.1324 real_p1_eps=0.7546 real_p1_hole_frac=0.0852 real_p2_eps=0.0241 real_p2_pixel_l1=0.0000 real_p2_pixel_pl=0.0000 real_p2_pixel_id=0.0000 real_p2_latent=0.0000 real_p2_low_t_hits=0.0000 real_total=0.7787 synth_eps=0.2140 synth_eps_raw=0.2140 synth_pixel_l1=0.0000 synth_pixel_pl=0.0000 synth_pixel_id=0.0000 synth_latent=0.0000 synth_low_t_hits=1.0000 synth_total=0.2140 extra_render_attn_share=0.5758
[step 8500] real_p1_mirror_hole_cov=0.1201 real_p1_eps=0.0867 real_p1_hole_frac=0.2855 real_p2_eps=0.0036 real_p2_pixel_l1=0.0000 real_p2_pixel_pl=0.0000 real_p2_pixel_id=0.0000 real_p2_latent=0.0000 real_p2_low_t_hits=0.0000 real_total=0.0903 synth_eps=0.0013 synth_eps_raw=0.0013 synth_pixel_l1=0.0000 synth_pixel_pl=0.0000 synth_pixel_id=0.0000 synth_latent=0.0000 synth_low_t_hits=0.0000 synth_total=0.0013 extra_render_attn_share=0.5758
[images] real: anchor | cond1 | cond2 | inv_warp_mirror | mask | mask_inv | warp_img | warp_warp_img | x | y_hat | y_hat_novel -> /home/xzy/warpgan-diffusiong-inpainting/warpgan-diffusion-inpainting-main/experiments/train_inpainting_diffusion/[20260910-123409]_v18w1_ctrl_50k/logs/images/train/real_step0008500.png
[images] synth: cond | mask | target | warp_img | x | y_hat_novel -> /home/xzy/warpgan-diffusiong-inpainting/warpgan-diffusion-inpainting-main/experiments/train_inpainting_diffusion/[20260910-123409]_v18w1_ctrl_50k/logs/images/train/synth_step0008500.png
[step 8550] real_p1_mirror_hole_cov=0.2965 real_p1_eps=0.0155 real_p1_hole_frac=0.4010 real_p2_eps=0.0033 real_p2_pixel_l1=0.0000 real_p2_pixel_pl=0.0000 real_p2_pixel_id=0.0000 real_p2_latent=0.0000 real_p2_low_t_hits=0.0000 real_total=0.0187 synth_eps=0.0736 synth_eps_raw=0.0736 synth_pixel_l1=0.0000 synth_pixel_pl=0.0000 synth_pixel_id=0.0000 synth_latent=0.0000 synth_low_t_hits=0.0000 synth_total=0.0736 extra_render_attn_share=0.5758
[step 8600] real_p1_mirror_hole_cov=0.1248 real_p1_eps=0.0684 real_p1_hole_frac=0.2504 real_p2_eps=0.0305 real_p2_pixel_l1=0.0000 real_p2_pixel_pl=0.0000 real_p2_pixel_id=0.0000 real_p2_latent=0.0000 real_p2_low_t_hits=0.0000 real_total=0.0988 synth_eps=0.0265 synth_eps_raw=0.0265 synth_pixel_l1=0.0000 synth_pixel_pl=0.0000 synth_pixel_id=0.0000 synth_latent=0.0000 synth_low_t_hits=0.0000 synth_total=0.0265 extra_render_attn_share=0.5758
[step 8650] real_p1_mirror_hole_cov=0.1107 real_p1_eps=0.0468 real_p1_hole_frac=0.3658 real_p2_eps=0.3970 real_p2_pixel_l1=0.0000 real_p2_pixel_pl=0.0000 real_p2_pixel_id=0.0000 real_p2_latent=0.0000 real_p2_low_t_hits=1.0000 real_total=0.4437 synth_eps=0.0129 synth_eps_raw=0.0129 synth_pixel_l1=0.0000 synth_pixel_pl=0.0000 synth_pixel_id=0.0000 synth_latent=0.0000 synth_low_t_hits=0.0000 synth_total=0.0129 extra_render_attn_share=0.5758
[step 8700] real_p1_mirror_hole_cov=0.0452 real_p1_eps=0.1218 real_p1_hole_frac=0.3134 real_p2_eps=0.0511 real_p2_pixel_l1=0.0000 real_p2_pixel_pl=0.0000 real_p2_pixel_id=0.0000 real_p2_latent=0.0000 real_p2_low_t_hits=0.0000 real_total=0.1729 synth_eps=0.7977 synth_eps_raw=0.7977 synth_pixel_l1=0.0000 synth_pixel_pl=0.0000 synth_pixel_id=0.0000 synth_latent=0.0000 synth_low_t_hits=1.0000 synth_total=0.7977 extra_render_attn_share=0.5758
[step 8750] real_p1_mirror_hole_cov=0.0521 real_p1_eps=0.0997 real_p1_hole_frac=0.3432 real_p2_eps=0.0977 real_p2_pixel_l1=0.0000 real_p2_pixel_pl=0.0000 real_p2_pixel_id=0.0000 real_p2_latent=0.0000 real_p2_low_t_hits=0.0000 real_total=0.1975 synth_eps=0.0035 synth_eps_raw=0.0035 synth_pixel_l1=0.0000 synth_pixel_pl=0.0000 synth_pixel_id=0.0000 synth_latent=0.0000 synth_low_t_hits=0.0000 synth_total=0.0035 extra_render_attn_share=0.5758
[step 8800] real_p1_mirror_hole_cov=0.0156 real_p1_eps=0.0930 real_p1_hole_frac=0.4098 real_p2_eps=0.4036 real_p2_pixel_l1=0.0000 real_p2_pixel_pl=0.0000 real_p2_pixel_id=0.0000 real_p2_latent=0.0000 real_p2_low_t_hits=1.0000 real_total=0.4966 synth_eps=0.1127 synth_eps_raw=0.1127 synth_pixel_l1=0.0000 synth_pixel_pl=0.0000 synth_pixel_id=0.0000 synth_latent=0.0000 synth_low_t_hits=0.0000 synth_total=0.1127 extra_render_attn_share=0.5758
[step 8850] real_p1_mirror_hole_cov=0.1516 real_p1_eps=0.0224 real_p1_hole_frac=0.6078 real_p2_eps=0.1709 real_p2_pixel_l1=0.0000 real_p2_pixel_pl=0.0000 real_p2_pixel_id=0.0000 real_p2_latent=0.0000 real_p2_low_t_hits=0.0000 real_total=0.1934 synth_eps=0.8700 synth_eps_raw=0.8700 synth_pixel_l1=0.0000 synth_pixel_pl=0.0000 synth_pixel_id=0.0000 synth_latent=0.0000 synth_low_t_hits=1.0000 synth_total=0.8700 extra_render_attn_share=0.5758
[step 8900] real_p1_mirror_hole_cov=0.0052 real_p1_eps=0.0652 real_p1_hole_frac=0.0412 real_p2_eps=0.0009 real_p2_pixel_l1=0.0000 real_p2_pixel_pl=0.0000 real_p2_pixel_id=0.0000 real_p2_latent=0.0000 real_p2_low_t_hits=0.0000 real_total=0.0661 synth_eps=0.1316 synth_eps_raw=0.1316 synth_pixel_l1=0.0000 synth_pixel_pl=0.0000 synth_pixel_id=0.0000 synth_latent=0.0000 synth_low_t_hits=0.0000 synth_total=0.1316 extra_render_attn_share=0.5758
[step 8950] real_p1_mirror_hole_cov=0.0112 real_p1_eps=0.0266 real_p1_hole_frac=0.3328 real_p2_eps=0.0233 real_p2_pixel_l1=0.0000 real_p2_pixel_pl=0.0000 real_p2_pixel_id=0.0000 real_p2_latent=0.0000 real_p2_low_t_hits=0.0000 real_total=0.0499 synth_eps=0.0317 synth_eps_raw=0.0317 synth_pixel_l1=0.0000 synth_pixel_pl=0.0000 synth_pixel_id=0.0000 synth_latent=0.0000 synth_low_t_hits=0.0000 synth_total=0.0317 extra_render_attn_share=0.5758
[step 9000] real_p1_mirror_hole_cov=0.0178 real_p1_eps=0.0299 real_p1_hole_frac=0.3486 real_p2_eps=0.0986 real_p2_pixel_l1=0.0000 real_p2_pixel_pl=0.0000 real_p2_pixel_id=0.0000 real_p2_latent=0.0000 real_p2_low_t_hits=0.0000 real_total=0.1285 synth_eps=0.0237 synth_eps_raw=0.0237 synth_pixel_l1=0.0000 synth_pixel_pl=0.0000 synth_pixel_id=0.0000 synth_latent=0.0000 synth_low_t_hits=0.0000 synth_total=0.0237 extra_render_attn_share=0.5758
[images] real: anchor | cond1 | cond2 | inv_warp_mirror | mask | mask_inv | warp_img | warp_warp_img | x | y_hat | y_hat_novel -> /home/xzy/warpgan-diffusiong-inpainting/warpgan-diffusion-inpainting-main/experiments/train_inpainting_diffusion/[20260910-123409]_v18w1_ctrl_50k/logs/images/train/real_step0009000.png
[images] synth: cond | mask | target | warp_img | x | y_hat_novel -> /home/xzy/warpgan-diffusiong-inpainting/warpgan-diffusion-inpainting-main/experiments/train_inpainting_diffusion/[20260910-123409]_v18w1_ctrl_50k/logs/images/train/synth_step0009000.png
[step 9050] real_p1_mirror_hole_cov=0.0010 real_p1_eps=0.0515 real_p1_hole_frac=0.0849 real_p2_eps=0.0848 real_p2_pixel_l1=0.0000 real_p2_pixel_pl=0.0000 real_p2_pixel_id=0.0000 real_p2_latent=0.0000 real_p2_low_t_hits=0.0000 real_total=0.1364 synth_eps=0.0529 synth_eps_raw=0.0529 synth_pixel_l1=0.0000 synth_pixel_pl=0.0000 synth_pixel_id=0.0000 synth_latent=0.0000 synth_low_t_hits=0.0000 synth_total=0.0529 extra_render_attn_share=0.5758
[step 9100] real_p1_mirror_hole_cov=0.3882 real_p1_eps=0.0013 real_p1_hole_frac=0.2417 real_p2_eps=0.0293 real_p2_pixel_l1=0.0000 real_p2_pixel_pl=0.0000 real_p2_pixel_id=0.0000 real_p2_latent=0.0000 real_p2_low_t_hits=0.0000 real_total=0.0306 synth_eps=0.1393 synth_eps_raw=0.1393 synth_pixel_l1=0.0000 synth_pixel_pl=0.0000 synth_pixel_id=0.0000 synth_latent=0.0000 synth_low_t_hits=0.0000 synth_total=0.1393 extra_render_attn_share=0.5758
[step 9150] real_p1_mirror_hole_cov=0.1959 real_p1_eps=0.0058 real_p1_hole_frac=0.2114 real_p2_eps=0.0015 real_p2_pixel_l1=0.0000 real_p2_pixel_pl=0.0000 real_p2_pixel_id=0.0000 real_p2_latent=0.0000 real_p2_low_t_hits=0.0000 real_total=0.0073 synth_eps=0.0101 synth_eps_raw=0.0101 synth_pixel_l1=0.0000 synth_pixel_pl=0.0000 synth_pixel_id=0.0000 synth_latent=0.0000 synth_low_t_hits=0.0000 synth_total=0.0101 extra_render_attn_share=0.5758
[step 9200] real_p1_mirror_hole_cov=0.0060 real_p1_eps=0.0028 real_p1_hole_frac=0.3386 real_p2_eps=0.0491 real_p2_pixel_l1=0.0000 real_p2_pixel_pl=0.0000 real_p2_pixel_id=0.0000 real_p2_latent=0.0000 real_p2_low_t_hits=0.0000 real_total=0.0518 synth_eps=0.1546 synth_eps_raw=0.1546 synth_pixel_l1=0.0000 synth_pixel_pl=0.0000 synth_pixel_id=0.0000 synth_latent=0.0000 synth_low_t_hits=0.0000 synth_total=0.1546 extra_render_attn_share=0.5758
[step 9250] real_p1_mirror_hole_cov=0.0090 real_p1_eps=0.0738 real_p1_hole_frac=0.4560 real_p2_eps=0.0364 real_p2_pixel_l1=0.0000 real_p2_pixel_pl=0.0000 real_p2_pixel_id=0.0000 real_p2_latent=0.0000 real_p2_low_t_hits=0.0000 real_total=0.1102 synth_eps=0.0910 synth_eps_raw=0.0910 synth_pixel_l1=0.0000 synth_pixel_pl=0.0000 synth_pixel_id=0.0000 synth_latent=0.0000 synth_low_t_hits=0.0000 synth_total=0.0910 extra_render_attn_share=0.5758
[step 9300] real_p1_mirror_hole_cov=0.0165 real_p1_eps=0.0087 real_p1_hole_frac=0.0466 real_p2_eps=0.0159 real_p2_pixel_l1=0.0000 real_p2_pixel_pl=0.0000 real_p2_pixel_id=0.0000 real_p2_latent=0.0000 real_p2_low_t_hits=0.0000 real_total=0.0245 synth_eps=0.3241 synth_eps_raw=0.3241 synth_pixel_l1=0.0000 synth_pixel_pl=0.0000 synth_pixel_id=0.0000 synth_latent=0.0000 synth_low_t_hits=1.0000 synth_total=0.3241 extra_render_attn_share=0.5758
[step 9350] real_p1_mirror_hole_cov=0.1480 real_p1_eps=0.0300 real_p1_hole_frac=0.1294 real_p2_eps=0.0612 real_p2_pixel_l1=0.0000 real_p2_pixel_pl=0.0000 real_p2_pixel_id=0.0000 real_p2_latent=0.0000 real_p2_low_t_hits=0.0000 real_total=0.0911 synth_eps=0.0286 synth_eps_raw=0.0286 synth_pixel_l1=0.0000 synth_pixel_pl=0.0000 synth_pixel_id=0.0000 synth_latent=0.0000 synth_low_t_hits=0.0000 synth_total=0.0286 extra_render_attn_share=0.5758
[step 9400] real_p1_mirror_hole_cov=0.0260 real_p1_eps=0.1465 real_p1_hole_frac=0.0353 real_p2_eps=0.0031 real_p2_pixel_l1=0.0000 real_p2_pixel_pl=0.0000 real_p2_pixel_id=0.0000 real_p2_latent=0.0000 real_p2_low_t_hits=0.0000 real_total=0.1496 synth_eps=0.0277 synth_eps_raw=0.0277 synth_pixel_l1=0.0000 synth_pixel_pl=0.0000 synth_pixel_id=0.0000 synth_latent=0.0000 synth_low_t_hits=0.0000 synth_total=0.0277 extra_render_attn_share=0.5758
[step 9450] real_p1_mirror_hole_cov=0.0313 real_p1_eps=0.0050 real_p1_hole_frac=0.2502 real_p2_eps=0.0014 real_p2_pixel_l1=0.0000 real_p2_pixel_pl=0.0000 real_p2_pixel_id=0.0000 real_p2_latent=0.0000 real_p2_low_t_hits=0.0000 real_total=0.0065 synth_eps=0.6518 synth_eps_raw=0.6518 synth_pixel_l1=0.0000 synth_pixel_pl=0.0000 synth_pixel_id=0.0000 synth_latent=0.0000 synth_low_t_hits=1.0000 synth_total=0.6518 extra_render_attn_share=0.5758
[step 9500] real_p1_mirror_hole_cov=0.0213 real_p1_eps=0.0298 real_p1_hole_frac=0.0800 real_p2_eps=0.0520 real_p2_pixel_l1=0.0000 real_p2_pixel_pl=0.0000 real_p2_pixel_id=0.0000 real_p2_latent=0.0000 real_p2_low_t_hits=0.0000 real_total=0.0818 synth_eps=0.3246 synth_eps_raw=0.3246 synth_pixel_l1=0.0000 synth_pixel_pl=0.0000 synth_pixel_id=0.0000 synth_latent=0.0000 synth_low_t_hits=1.0000 synth_total=0.3246 extra_render_attn_share=0.5758
[images] real: anchor | cond1 | cond2 | inv_warp_mirror | mask | mask_inv | warp_img | warp_warp_img | x | y_hat | y_hat_novel -> /home/xzy/warpgan-diffusiong-inpainting/warpgan-diffusion-inpainting-main/experiments/train_inpainting_diffusion/[20260910-123409]_v18w1_ctrl_50k/logs/images/train/real_step0009500.png
[images] synth: cond | mask | target | warp_img | x | y_hat_novel -> /home/xzy/warpgan-diffusiong-inpainting/warpgan-diffusion-inpainting-main/experiments/train_inpainting_diffusion/[20260910-123409]_v18w1_ctrl_50k/logs/images/train/synth_step0009500.png
[step 9550] real_p1_mirror_hole_cov=0.1871 real_p1_eps=0.5975 real_p1_hole_frac=0.4546 real_p2_eps=0.0073 real_p2_pixel_l1=0.0000 real_p2_pixel_pl=0.0000 real_p2_pixel_id=0.0000 real_p2_latent=0.0000 real_p2_low_t_hits=0.0000 real_total=0.6048 synth_eps=0.1148 synth_eps_raw=0.1148 synth_pixel_l1=0.0000 synth_pixel_pl=0.0000 synth_pixel_id=0.0000 synth_latent=0.0000 synth_low_t_hits=0.0000 synth_total=0.1148 extra_render_attn_share=0.5758
[step 9600] real_p1_mirror_hole_cov=0.1323 real_p1_eps=0.0132 real_p1_hole_frac=0.3270 real_p2_eps=0.1301 real_p2_pixel_l1=0.0000 real_p2_pixel_pl=0.0000 real_p2_pixel_id=0.0000 real_p2_latent=0.0000 real_p2_low_t_hits=0.0000 real_total=0.1433 synth_eps=0.0031 synth_eps_raw=0.0031 synth_pixel_l1=0.0000 synth_pixel_pl=0.0000 synth_pixel_id=0.0000 synth_latent=0.0000 synth_low_t_hits=0.0000 synth_total=0.0031 extra_render_attn_share=0.5758
[step 9650] real_p1_mirror_hole_cov=0.0986 real_p1_eps=0.0036 real_p1_hole_frac=0.4481 real_p2_eps=0.0034 real_p2_pixel_l1=0.0000 real_p2_pixel_pl=0.0000 real_p2_pixel_id=0.0000 real_p2_latent=0.0000 real_p2_low_t_hits=0.0000 real_total=0.0071 synth_eps=0.3423 synth_eps_raw=0.3423 synth_pixel_l1=0.0000 synth_pixel_pl=0.0000 synth_pixel_id=0.0000 synth_latent=0.0000 synth_low_t_hits=1.0000 synth_total=0.3423 extra_render_attn_share=0.5758
[step 9700] real_p1_mirror_hole_cov=0.0493 real_p1_eps=0.0033 real_p1_hole_frac=0.2638 real_p2_eps=0.0265 real_p2_pixel_l1=0.0000 real_p2_pixel_pl=0.0000 real_p2_pixel_id=0.0000 real_p2_latent=0.0000 real_p2_low_t_hits=0.0000 real_total=0.0298 synth_eps=0.0385 synth_eps_raw=0.0385 synth_pixel_l1=0.0000 synth_pixel_pl=0.0000 synth_pixel_id=0.0000 synth_latent=0.0000 synth_low_t_hits=0.0000 synth_total=0.0385 extra_render_attn_share=0.5758
[step 9750] real_p1_mirror_hole_cov=0.2056 real_p1_eps=0.0026 real_p1_hole_frac=0.5926 real_p2_eps=0.0238 real_p2_pixel_l1=0.0000 real_p2_pixel_pl=0.0000 real_p2_pixel_id=0.0000 real_p2_latent=0.0000 real_p2_low_t_hits=0.0000 real_total=0.0263 synth_eps=0.0030 synth_eps_raw=0.0030 synth_pixel_l1=0.0000 synth_pixel_pl=0.0000 synth_pixel_id=0.0000 synth_latent=0.0000 synth_low_t_hits=0.0000 synth_total=0.0030 extra_render_attn_share=0.5758
[step 9800] real_p1_mirror_hole_cov=0.1392 real_p1_eps=0.0439 real_p1_hole_frac=0.5109 real_p2_eps=0.0838 real_p2_pixel_l1=0.0000 real_p2_pixel_pl=0.0000 real_p2_pixel_id=0.0000 real_p2_latent=0.0000 real_p2_low_t_hits=0.0000 real_total=0.1276 synth_eps=0.0131 synth_eps_raw=0.0131 synth_pixel_l1=0.0000 synth_pixel_pl=0.0000 synth_pixel_id=0.0000 synth_latent=0.0000 synth_low_t_hits=0.0000 synth_total=0.0131 extra_render_attn_share=0.5758
[step 9850] real_p1_mirror_hole_cov=0.1242 real_p1_eps=0.0011 real_p1_hole_frac=0.2970 real_p2_eps=0.1791 real_p2_pixel_l1=0.0000 real_p2_pixel_pl=0.0000 real_p2_pixel_id=0.0000 real_p2_latent=0.0000 real_p2_low_t_hits=1.0000 real_total=0.1801 synth_eps=0.0464 synth_eps_raw=0.0464 synth_pixel_l1=0.0000 synth_pixel_pl=0.0000 synth_pixel_id=0.0000 synth_latent=0.0000 synth_low_t_hits=0.0000 synth_total=0.0464 extra_render_attn_share=0.5758
[step 9900] real_p1_mirror_hole_cov=0.4213 real_p1_eps=0.0221 real_p1_hole_frac=0.1915 real_p2_eps=0.0132 real_p2_pixel_l1=0.0000 real_p2_pixel_pl=0.0000 real_p2_pixel_id=0.0000 real_p2_latent=0.0000 real_p2_low_t_hits=0.0000 real_total=0.0354 synth_eps=0.0053 synth_eps_raw=0.0053 synth_pixel_l1=0.0000 synth_pixel_pl=0.0000 synth_pixel_id=0.0000 synth_latent=0.0000 synth_low_t_hits=0.0000 synth_total=0.0053 extra_render_attn_share=0.5758
[step 9950] real_p1_mirror_hole_cov=0.1437 real_p1_eps=0.2534 real_p1_hole_frac=0.3633 real_p2_eps=0.2906 real_p2_pixel_l1=0.0000 real_p2_pixel_pl=0.0000 real_p2_pixel_id=0.0000 real_p2_latent=0.0000 real_p2_low_t_hits=1.0000 real_total=0.5441 synth_eps=0.0725 synth_eps_raw=0.0725 synth_pixel_l1=0.0000 synth_pixel_pl=0.0000 synth_pixel_id=0.0000 synth_latent=0.0000 synth_low_t_hits=0.0000 synth_total=0.0725 extra_render_attn_share=0.5758
[ckpt] saved /home/xzy/warpgan-diffusiong-inpainting/warpgan-diffusion-inpainting-main/experiments/train_inpainting_diffusion/[20260910-123409]_v18w1_ctrl_50k/checkpoints/iteration_0009999.pt
[val step 9999] val_novel_full=0.0723 val_novel_hole=0.1176 val_novel_visible=0.0500
[step 10000] real_p1_mirror_hole_cov=0.0306 real_p1_eps=0.0701 real_p1_hole_frac=0.0704 real_p2_eps=0.0318 real_p2_pixel_l1=0.0000 real_p2_pixel_pl=0.0000 real_p2_pixel_id=0.0000 real_p2_latent=0.0000 real_p2_low_t_hits=0.0000 real_total=0.1018 synth_eps=0.8130 synth_eps_raw=0.8130 synth_pixel_l1=0.0000 synth_pixel_pl=0.0000 synth_pixel_id=0.0000 synth_latent=0.0000 synth_low_t_hits=1.0000 synth_total=0.8130 extra_render_attn_share=0.5927
[images] real: anchor | cond1 | cond2 | inv_warp_mirror | mask | mask_inv | warp_img | warp_warp_img | x | y_hat | y_hat_novel -> /home/xzy/warpgan-diffusiong-inpainting/warpgan-diffusion-inpainting-main/experiments/train_inpainting_diffusion/[20260910-123409]_v18w1_ctrl_50k/logs/images/train/real_step0010000.png
[images] synth: cond | mask | target | warp_img | x | y_hat_novel -> /home/xzy/warpgan-diffusiong-inpainting/warpgan-diffusion-inpainting-main/experiments/train_inpainting_diffusion/[20260910-123409]_v18w1_ctrl_50k/logs/images/train/synth_step0010000.png
[step 10050] real_p1_mirror_hole_cov=0.0252 real_p1_eps=0.2930 real_p1_hole_frac=0.0676 real_p2_eps=0.2123 real_p2_pixel_l1=0.0000 real_p2_pixel_pl=0.0000 real_p2_pixel_id=0.0000 real_p2_latent=0.0000 real_p2_low_t_hits=1.0000 real_total=0.5053 synth_eps=0.0982 synth_eps_raw=0.0982 synth_pixel_l1=0.0000 synth_pixel_pl=0.0000 synth_pixel_id=0.0000 synth_latent=0.0000 synth_low_t_hits=0.0000 synth_total=0.0982 extra_render_attn_share=0.5927
[step 10100] real_p1_mirror_hole_cov=0.1248 real_p1_eps=0.0581 real_p1_hole_frac=0.5856 real_p2_eps=0.0681 real_p2_pixel_l1=0.0000 real_p2_pixel_pl=0.0000 real_p2_pixel_id=0.0000 real_p2_latent=0.0000 real_p2_low_t_hits=0.0000 real_total=0.1262 synth_eps=0.4863 synth_eps_raw=0.4863 synth_pixel_l1=0.0000 synth_pixel_pl=0.0000 synth_pixel_id=0.0000 synth_latent=0.0000 synth_low_t_hits=1.0000 synth_total=0.4863 extra_render_attn_share=0.5927
[step 10150] real_p1_mirror_hole_cov=0.0193 real_p1_eps=0.1436 real_p1_hole_frac=0.1429 real_p2_eps=0.0238 real_p2_pixel_l1=0.0000 real_p2_pixel_pl=0.0000 real_p2_pixel_id=0.0000 real_p2_latent=0.0000 real_p2_low_t_hits=0.0000 real_total=0.1674 synth_eps=0.0244 synth_eps_raw=0.0244 synth_pixel_l1=0.0000 synth_pixel_pl=0.0000 synth_pixel_id=0.0000 synth_latent=0.0000 synth_low_t_hits=0.0000 synth_total=0.0244 extra_render_attn_share=0.5927
[step 10200] real_p1_mirror_hole_cov=0.1517 real_p1_eps=0.1701 real_p1_hole_frac=0.2871 real_p2_eps=0.0059 real_p2_pixel_l1=0.0000 real_p2_pixel_pl=0.0000 real_p2_pixel_id=0.0000 real_p2_latent=0.0000 real_p2_low_t_hits=0.0000 real_total=0.1760 synth_eps=0.3389 synth_eps_raw=0.3389 synth_pixel_l1=0.0000 synth_pixel_pl=0.0000 synth_pixel_id=0.0000 synth_latent=0.0000 synth_low_t_hits=1.0000 synth_total=0.3389 extra_render_attn_share=0.5927
[step 10250] real_p1_mirror_hole_cov=0.2127 real_p1_eps=0.1034 real_p1_hole_frac=0.4668 real_p2_eps=0.2960 real_p2_pixel_l1=0.0000 real_p2_pixel_pl=0.0000 real_p2_pixel_id=0.0000 real_p2_latent=0.0000 real_p2_low_t_hits=1.0000 real_total=0.3994 synth_eps=0.6605 synth_eps_raw=0.6605 synth_pixel_l1=0.0000 synth_pixel_pl=0.0000 synth_pixel_id=0.0000 synth_latent=0.0000 synth_low_t_hits=1.0000 synth_total=0.6605 extra_render_attn_share=0.5927
[step 10300] real_p1_mirror_hole_cov=0.0742 real_p1_eps=0.0058 real_p1_hole_frac=0.0855 real_p2_eps=0.0340 real_p2_pixel_l1=0.0000 real_p2_pixel_pl=0.0000 real_p2_pixel_id=0.0000 real_p2_latent=0.0000 real_p2_low_t_hits=0.0000 real_total=0.0398 synth_eps=0.0088 synth_eps_raw=0.0088 synth_pixel_l1=0.0000 synth_pixel_pl=0.0000 synth_pixel_id=0.0000 synth_latent=0.0000 synth_low_t_hits=0.0000 synth_total=0.0088 extra_render_attn_share=0.5927
[step 10350] real_p1_mirror_hole_cov=0.0298 real_p1_eps=0.0089 real_p1_hole_frac=0.1171 real_p2_eps=0.4678 real_p2_pixel_l1=0.0000 real_p2_pixel_pl=0.0000 real_p2_pixel_id=0.0000 real_p2_latent=0.0000 real_p2_low_t_hits=1.0000 real_total=0.4767 synth_eps=0.1334 synth_eps_raw=0.1334 synth_pixel_l1=0.0000 synth_pixel_pl=0.0000 synth_pixel_id=0.0000 synth_latent=0.0000 synth_low_t_hits=0.0000 synth_total=0.1334 extra_render_attn_share=0.5927
[step 10400] real_p1_mirror_hole_cov=0.0151 real_p1_eps=0.0044 real_p1_hole_frac=0.1949 real_p2_eps=0.0826 real_p2_pixel_l1=0.0000 real_p2_pixel_pl=0.0000 real_p2_pixel_id=0.0000 real_p2_latent=0.0000 real_p2_low_t_hits=0.0000 real_total=0.0870 synth_eps=0.1106 synth_eps_raw=0.1106 synth_pixel_l1=0.0000 synth_pixel_pl=0.0000 synth_pixel_id=0.0000 synth_latent=0.0000 synth_low_t_hits=0.0000 synth_total=0.1106 extra_render_attn_share=0.5927
[step 10450] real_p1_mirror_hole_cov=0.2633 real_p1_eps=0.0029 real_p1_hole_frac=0.3664 real_p2_eps=0.0100 real_p2_pixel_l1=0.0000 real_p2_pixel_pl=0.0000 real_p2_pixel_id=0.0000 real_p2_latent=0.0000 real_p2_low_t_hits=0.0000 real_total=0.0129 synth_eps=0.0501 synth_eps_raw=0.0501 synth_pixel_l1=0.0000 synth_pixel_pl=0.0000 synth_pixel_id=0.0000 synth_latent=0.0000 synth_low_t_hits=0.0000 synth_total=0.0501 extra_render_attn_share=0.5927
[step 10500] real_p1_mirror_hole_cov=0.0131 real_p1_eps=0.0017 real_p1_hole_frac=0.3598 real_p2_eps=0.0017 real_p2_pixel_l1=0.0000 real_p2_pixel_pl=0.0000 real_p2_pixel_id=0.0000 real_p2_latent=0.0000 real_p2_low_t_hits=0.0000 real_total=0.0034 synth_eps=0.0291 synth_eps_raw=0.0291 synth_pixel_l1=0.0000 synth_pixel_pl=0.0000 synth_pixel_id=0.0000 synth_latent=0.0000 synth_low_t_hits=0.0000 synth_total=0.0291 extra_render_attn_share=0.5927
[images] real: anchor | cond1 | cond2 | inv_warp_mirror | mask | mask_inv | warp_img | warp_warp_img | x | y_hat | y_hat_novel -> /home/xzy/warpgan-diffusiong-inpainting/warpgan-diffusion-inpainting-main/experiments/train_inpainting_diffusion/[20260910-123409]_v18w1_ctrl_50k/logs/images/train/real_step0010500.png
[images] synth: cond | mask | target | warp_img | x | y_hat_novel -> /home/xzy/warpgan-diffusiong-inpainting/warpgan-diffusion-inpainting-main/experiments/train_inpainting_diffusion/[20260910-123409]_v18w1_ctrl_50k/logs/images/train/synth_step0010500.png
[step 10550] real_p1_mirror_hole_cov=0.0356 real_p1_eps=0.1019 real_p1_hole_frac=0.3701 real_p2_eps=0.0011 real_p2_pixel_l1=0.0000 real_p2_pixel_pl=0.0000 real_p2_pixel_id=0.0000 real_p2_latent=0.0000 real_p2_low_t_hits=0.0000 real_total=0.1030 synth_eps=0.3489 synth_eps_raw=0.3489 synth_pixel_l1=0.0000 synth_pixel_pl=0.0000 synth_pixel_id=0.0000 synth_latent=0.0000 synth_low_t_hits=1.0000 synth_total=0.3489 extra_render_attn_share=0.5927
[step 10600] real_p1_mirror_hole_cov=0.0001 real_p1_eps=0.1737 real_p1_hole_frac=0.2367 real_p2_eps=0.0197 real_p2_pixel_l1=0.0000 real_p2_pixel_pl=0.0000 real_p2_pixel_id=0.0000 real_p2_latent=0.0000 real_p2_low_t_hits=0.0000 real_total=0.1934 synth_eps=0.0046 synth_eps_raw=0.0046 synth_pixel_l1=0.0000 synth_pixel_pl=0.0000 synth_pixel_id=0.0000 synth_latent=0.0000 synth_low_t_hits=0.0000 synth_total=0.0046 extra_render_attn_share=0.5927
[step 10650] real_p1_mirror_hole_cov=0.1568 real_p1_eps=0.0571 real_p1_hole_frac=0.5058 real_p2_eps=0.0013 real_p2_pixel_l1=0.0000 real_p2_pixel_pl=0.0000 real_p2_pixel_id=0.0000 real_p2_latent=0.0000 real_p2_low_t_hits=0.0000 real_total=0.0584 synth_eps=0.2053 synth_eps_raw=0.2053 synth_pixel_l1=0.0000 synth_pixel_pl=0.0000 synth_pixel_id=0.0000 synth_latent=0.0000 synth_low_t_hits=1.0000 synth_total=0.2053 extra_render_attn_share=0.5927
[step 10700] real_p1_mirror_hole_cov=0.0281 real_p1_eps=0.0066 real_p1_hole_frac=0.4630 real_p2_eps=0.1219 real_p2_pixel_l1=0.0000 real_p2_pixel_pl=0.0000 real_p2_pixel_id=0.0000 real_p2_latent=0.0000 real_p2_low_t_hits=0.0000 real_total=0.1285 synth_eps=0.0858 synth_eps_raw=0.0858 synth_pixel_l1=0.0000 synth_pixel_pl=0.0000 synth_pixel_id=0.0000 synth_latent=0.0000 synth_low_t_hits=0.0000 synth_total=0.0858 extra_render_attn_share=0.5927
[step 10750] real_p1_mirror_hole_cov=0.2106 real_p1_eps=0.0306 real_p1_hole_frac=0.3212 real_p2_eps=0.0267 real_p2_pixel_l1=0.0000 real_p2_pixel_pl=0.0000 real_p2_pixel_id=0.0000 real_p2_latent=0.0000 real_p2_low_t_hits=0.0000 real_total=0.0573 synth_eps=0.0089 synth_eps_raw=0.0089 synth_pixel_l1=0.0000 synth_pixel_pl=0.0000 synth_pixel_id=0.0000 synth_latent=0.0000 synth_low_t_hits=0.0000 synth_total=0.0089 extra_render_attn_share=0.5927
[step 10800] real_p1_mirror_hole_cov=0.0628 real_p1_eps=0.0083 real_p1_hole_frac=0.4756 real_p2_eps=0.1143 real_p2_pixel_l1=0.0000 real_p2_pixel_pl=0.0000 real_p2_pixel_id=0.0000 real_p2_latent=0.0000 real_p2_low_t_hits=0.0000 real_total=0.1226 synth_eps=0.0060 synth_eps_raw=0.0060 synth_pixel_l1=0.0000 synth_pixel_pl=0.0000 synth_pixel_id=0.0000 synth_latent=0.0000 synth_low_t_hits=0.0000 synth_total=0.0060 extra_render_attn_share=0.5927
[step 10850] real_p1_mirror_hole_cov=0.0431 real_p1_eps=0.2789 real_p1_hole_frac=0.1944 real_p2_eps=0.0049 real_p2_pixel_l1=0.0000 real_p2_pixel_pl=0.0000 real_p2_pixel_id=0.0000 real_p2_latent=0.0000 real_p2_low_t_hits=0.0000 real_total=0.2838 synth_eps=0.0464 synth_eps_raw=0.0464 synth_pixel_l1=0.0000 synth_pixel_pl=0.0000 synth_pixel_id=0.0000 synth_latent=0.0000 synth_low_t_hits=0.0000 synth_total=0.0464 extra_render_attn_share=0.5927
[step 10900] real_p1_mirror_hole_cov=0.0060 real_p1_eps=0.0222 real_p1_hole_frac=0.2781 real_p2_eps=0.0016 real_p2_pixel_l1=0.0000 real_p2_pixel_pl=0.0000 real_p2_pixel_id=0.0000 real_p2_latent=0.0000 real_p2_low_t_hits=0.0000 real_total=0.0239 synth_eps=0.0197 synth_eps_raw=0.0197 synth_pixel_l1=0.0000 synth_pixel_pl=0.0000 synth_pixel_id=0.0000 synth_latent=0.0000 synth_low_t_hits=0.0000 synth_total=0.0197 extra_render_attn_share=0.5927
[step 10950] real_p1_mirror_hole_cov=0.1252 real_p1_eps=0.4706 real_p1_hole_frac=0.5286 real_p2_eps=0.0469 real_p2_pixel_l1=0.0000 real_p2_pixel_pl=0.0000 real_p2_pixel_id=0.0000 real_p2_latent=0.0000 real_p2_low_t_hits=0.0000 real_total=0.5175 synth_eps=0.0172 synth_eps_raw=0.0172 synth_pixel_l1=0.0000 synth_pixel_pl=0.0000 synth_pixel_id=0.0000 synth_latent=0.0000 synth_low_t_hits=0.0000 synth_total=0.0172 extra_render_attn_share=0.5927
[step 11000] real_p1_mirror_hole_cov=0.1918 real_p1_eps=0.2675 real_p1_hole_frac=0.3841 real_p2_eps=0.0974 real_p2_pixel_l1=0.0000 real_p2_pixel_pl=0.0000 real_p2_pixel_id=0.0000 real_p2_latent=0.0000 real_p2_low_t_hits=0.0000 real_total=0.3648 synth_eps=0.0297 synth_eps_raw=0.0297 synth_pixel_l1=0.0000 synth_pixel_pl=0.0000 synth_pixel_id=0.0000 synth_latent=0.0000 synth_low_t_hits=0.0000 synth_total=0.0297 extra_render_attn_share=0.5927
[images] real: anchor | cond1 | cond2 | inv_warp_mirror | mask | mask_inv | warp_img | warp_warp_img | x | y_hat | y_hat_novel -> /home/xzy/warpgan-diffusiong-inpainting/warpgan-diffusion-inpainting-main/experiments/train_inpainting_diffusion/[20260910-123409]_v18w1_ctrl_50k/logs/images/train/real_step0011000.png
[images] synth: cond | mask | target | warp_img | x | y_hat_novel -> /home/xzy/warpgan-diffusiong-inpainting/warpgan-diffusion-inpainting-main/experiments/train_inpainting_diffusion/[20260910-123409]_v18w1_ctrl_50k/logs/images/train/synth_step0011000.png
[step 11050] real_p1_mirror_hole_cov=0.1134 real_p1_eps=0.1194 real_p1_hole_frac=0.2472 real_p2_eps=0.0451 real_p2_pixel_l1=0.0000 real_p2_pixel_pl=0.0000 real_p2_pixel_id=0.0000 real_p2_latent=0.0000 real_p2_low_t_hits=0.0000 real_total=0.1645 synth_eps=0.0029 synth_eps_raw=0.0029 synth_pixel_l1=0.0000 synth_pixel_pl=0.0000 synth_pixel_id=0.0000 synth_latent=0.0000 synth_low_t_hits=0.0000 synth_total=0.0029 extra_render_attn_share=0.5927
[step 11100] real_p1_mirror_hole_cov=0.0122 real_p1_eps=0.0066 real_p1_hole_frac=0.1550 real_p2_eps=0.3594 real_p2_pixel_l1=0.0000 real_p2_pixel_pl=0.0000 real_p2_pixel_id=0.0000 real_p2_latent=0.0000 real_p2_low_t_hits=1.0000 real_total=0.3660 synth_eps=0.0559 synth_eps_raw=0.0559 synth_pixel_l1=0.0000 synth_pixel_pl=0.0000 synth_pixel_id=0.0000 synth_latent=0.0000 synth_low_t_hits=0.0000 synth_total=0.0559 extra_render_attn_share=0.5927
[step 11150] real_p1_mirror_hole_cov=0.0476 real_p1_eps=0.1004 real_p1_hole_frac=0.5812 real_p2_eps=0.0067 real_p2_pixel_l1=0.0000 real_p2_pixel_pl=0.0000 real_p2_pixel_id=0.0000 real_p2_latent=0.0000 real_p2_low_t_hits=0.0000 real_total=0.1071 synth_eps=0.4965 synth_eps_raw=0.4965 synth_pixel_l1=0.0000 synth_pixel_pl=0.0000 synth_pixel_id=0.0000 synth_latent=0.0000 synth_low_t_hits=1.0000 synth_total=0.4965 extra_render_attn_share=0.5927
[step 11200] real_p1_mirror_hole_cov=0.1789 real_p1_eps=0.1473 real_p1_hole_frac=0.1957 real_p2_eps=0.4403 real_p2_pixel_l1=0.0000 real_p2_pixel_pl=0.0000 real_p2_pixel_id=0.0000 real_p2_latent=0.0000 real_p2_low_t_hits=1.0000 real_total=0.5876 synth_eps=0.0476 synth_eps_raw=0.0476 synth_pixel_l1=0.0000 synth_pixel_pl=0.0000 synth_pixel_id=0.0000 synth_latent=0.0000 synth_low_t_hits=0.0000 synth_total=0.0476 extra_render_attn_share=0.5927
[step 11250] real_p1_mirror_hole_cov=0.0208 real_p1_eps=0.1489 real_p1_hole_frac=0.2924 real_p2_eps=0.1513 real_p2_pixel_l1=0.0000 real_p2_pixel_pl=0.0000 real_p2_pixel_id=0.0000 real_p2_latent=0.0000 real_p2_low_t_hits=0.0000 real_total=0.3002 synth_eps=0.2777 synth_eps_raw=0.2777 synth_pixel_l1=0.0000 synth_pixel_pl=0.0000 synth_pixel_id=0.0000 synth_latent=0.0000 synth_low_t_hits=1.0000 synth_total=0.2777 extra_render_attn_share=0.5927
[step 11300] real_p1_mirror_hole_cov=0.0980 real_p1_eps=0.2885 real_p1_hole_frac=0.4252 real_p2_eps=0.0011 real_p2_pixel_l1=0.0000 real_p2_pixel_pl=0.0000 real_p2_pixel_id=0.0000 real_p2_latent=0.0000 real_p2_low_t_hits=0.0000 real_total=0.2896 synth_eps=0.2098 synth_eps_raw=0.2098 synth_pixel_l1=0.0000 synth_pixel_pl=0.0000 synth_pixel_id=0.0000 synth_latent=0.0000 synth_low_t_hits=0.0000 synth_total=0.2098 extra_render_attn_share=0.5927
[step 11350] real_p1_mirror_hole_cov=0.1376 real_p1_eps=0.0381 real_p1_hole_frac=0.1290 real_p2_eps=0.0124 real_p2_pixel_l1=0.0000 real_p2_pixel_pl=0.0000 real_p2_pixel_id=0.0000 real_p2_latent=0.0000 real_p2_low_t_hits=0.0000 real_total=0.0505 synth_eps=0.0365 synth_eps_raw=0.0365 synth_pixel_l1=0.0000 synth_pixel_pl=0.0000 synth_pixel_id=0.0000 synth_latent=0.0000 synth_low_t_hits=0.0000 synth_total=0.0365 extra_render_attn_share=0.5927
[step 11400] real_p1_mirror_hole_cov=0.0245 real_p1_eps=0.0008 real_p1_hole_frac=0.2222 real_p2_eps=0.3072 real_p2_pixel_l1=0.0000 real_p2_pixel_pl=0.0000 real_p2_pixel_id=0.0000 real_p2_latent=0.0000 real_p2_low_t_hits=1.0000 real_total=0.3080 synth_eps=0.0990 synth_eps_raw=0.0990 synth_pixel_l1=0.0000 synth_pixel_pl=0.0000 synth_pixel_id=0.0000 synth_latent=0.0000 synth_low_t_hits=0.0000 synth_total=0.0990 extra_render_attn_share=0.5927
[step 11450] real_p1_mirror_hole_cov=0.2714 real_p1_eps=0.0069 real_p1_hole_frac=0.2022 real_p2_eps=0.0442 real_p2_pixel_l1=0.0000 real_p2_pixel_pl=0.0000 real_p2_pixel_id=0.0000 real_p2_latent=0.0000 real_p2_low_t_hits=0.0000 real_total=0.0511 synth_eps=0.1193 synth_eps_raw=0.1193 synth_pixel_l1=0.0000 synth_pixel_pl=0.0000 synth_pixel_id=0.0000 synth_latent=0.0000 synth_low_t_hits=0.0000 synth_total=0.1193 extra_render_attn_share=0.5927
[step 11500] real_p1_mirror_hole_cov=0.0154 real_p1_eps=0.0198 real_p1_hole_frac=0.2234 real_p2_eps=0.0023 real_p2_pixel_l1=0.0000 real_p2_pixel_pl=0.0000 real_p2_pixel_id=0.0000 real_p2_latent=0.0000 real_p2_low_t_hits=0.0000 real_total=0.0221 synth_eps=0.2181 synth_eps_raw=0.2181 synth_pixel_l1=0.0000 synth_pixel_pl=0.0000 synth_pixel_id=0.0000 synth_latent=0.0000 synth_low_t_hits=0.0000 synth_total=0.2181 extra_render_attn_share=0.5927
[images] real: anchor | cond1 | cond2 | inv_warp_mirror | mask | mask_inv | warp_img | warp_warp_img | x | y_hat | y_hat_novel -> /home/xzy/warpgan-diffusiong-inpainting/warpgan-diffusion-inpainting-main/experiments/train_inpainting_diffusion/[20260910-123409]_v18w1_ctrl_50k/logs/images/train/real_step0011500.png
[images] synth: cond | mask | target | warp_img | x | y_hat_novel -> /home/xzy/warpgan-diffusiong-inpainting/warpgan-diffusion-inpainting-main/experiments/train_inpainting_diffusion/[20260910-123409]_v18w1_ctrl_50k/logs/images/train/synth_step0011500.png
[step 11550] real_p1_mirror_hole_cov=0.0546 real_p1_eps=0.0239 real_p1_hole_frac=0.0710 real_p2_eps=0.0030 real_p2_pixel_l1=0.0000 real_p2_pixel_pl=0.0000 real_p2_pixel_id=0.0000 real_p2_latent=0.0000 real_p2_low_t_hits=0.0000 real_total=0.0268 synth_eps=0.0375 synth_eps_raw=0.0375 synth_pixel_l1=0.0000 synth_pixel_pl=0.0000 synth_pixel_id=0.0000 synth_latent=0.0000 synth_low_t_hits=0.0000 synth_total=0.0375 extra_render_attn_share=0.5927
[step 11600] real_p1_mirror_hole_cov=0.0070 real_p1_eps=0.0538 real_p1_hole_frac=0.2804 real_p2_eps=0.1234 real_p2_pixel_l1=0.0000 real_p2_pixel_pl=0.0000 real_p2_pixel_id=0.0000 real_p2_latent=0.0000 real_p2_low_t_hits=0.0000 real_total=0.1772 synth_eps=0.0162 synth_eps_raw=0.0162 synth_pixel_l1=0.0000 synth_pixel_pl=0.0000 synth_pixel_id=0.0000 synth_latent=0.0000 synth_low_t_hits=0.0000 synth_total=0.0162 extra_render_attn_share=0.5927
[step 11650] real_p1_mirror_hole_cov=0.1317 real_p1_eps=0.2854 real_p1_hole_frac=0.4403 real_p2_eps=0.5048 real_p2_pixel_l1=0.0000 real_p2_pixel_pl=0.0000 real_p2_pixel_id=0.0000 real_p2_latent=0.0000 real_p2_low_t_hits=1.0000 real_total=0.7902 synth_eps=0.0173 synth_eps_raw=0.0173 synth_pixel_l1=0.0000 synth_pixel_pl=0.0000 synth_pixel_id=0.0000 synth_latent=0.0000 synth_low_t_hits=0.0000 synth_total=0.0173 extra_render_attn_share=0.5927
[step 11700] real_p1_mirror_hole_cov=0.0706 real_p1_eps=0.0048 real_p1_hole_frac=0.5339 real_p2_eps=0.0086 real_p2_pixel_l1=0.0000 real_p2_pixel_pl=0.0000 real_p2_pixel_id=0.0000 real_p2_latent=0.0000 real_p2_low_t_hits=0.0000 real_total=0.0134 synth_eps=0.0174 synth_eps_raw=0.0174 synth_pixel_l1=0.0000 synth_pixel_pl=0.0000 synth_pixel_id=0.0000 synth_latent=0.0000 synth_low_t_hits=0.0000 synth_total=0.0174 extra_render_attn_share=0.5927
[step 11750] real_p1_mirror_hole_cov=0.0051 real_p1_eps=0.0903 real_p1_hole_frac=0.0487 real_p2_eps=0.0092 real_p2_pixel_l1=0.0000 real_p2_pixel_pl=0.0000 real_p2_pixel_id=0.0000 real_p2_latent=0.0000 real_p2_low_t_hits=0.0000 real_total=0.0994 synth_eps=0.0394 synth_eps_raw=0.0394 synth_pixel_l1=0.0000 synth_pixel_pl=0.0000 synth_pixel_id=0.0000 synth_latent=0.0000 synth_low_t_hits=0.0000 synth_total=0.0394 extra_render_attn_share=0.5927
[step 11800] real_p1_mirror_hole_cov=0.0383 real_p1_eps=0.0009 real_p1_hole_frac=0.3705 real_p2_eps=0.6482 real_p2_pixel_l1=0.0000 real_p2_pixel_pl=0.0000 real_p2_pixel_id=0.0000 real_p2_latent=0.0000 real_p2_low_t_hits=1.0000 real_total=0.6490 synth_eps=0.0318 synth_eps_raw=0.0318 synth_pixel_l1=0.0000 synth_pixel_pl=0.0000 synth_pixel_id=0.0000 synth_latent=0.0000 synth_low_t_hits=0.0000 synth_total=0.0318 extra_render_attn_share=0.5927
[step 11850] real_p1_mirror_hole_cov=0.0273 real_p1_eps=0.0108 real_p1_hole_frac=0.4924 real_p2_eps=0.0172 real_p2_pixel_l1=0.0000 real_p2_pixel_pl=0.0000 real_p2_pixel_id=0.0000 real_p2_latent=0.0000 real_p2_low_t_hits=0.0000 real_total=0.0279 synth_eps=0.0185 synth_eps_raw=0.0185 synth_pixel_l1=0.0000 synth_pixel_pl=0.0000 synth_pixel_id=0.0000 synth_latent=0.0000 synth_low_t_hits=0.0000 synth_total=0.0185 extra_render_attn_share=0.5927
[step 11900] real_p1_mirror_hole_cov=0.0072 real_p1_eps=0.2571 real_p1_hole_frac=0.2765 real_p2_eps=0.0020 real_p2_pixel_l1=0.0000 real_p2_pixel_pl=0.0000 real_p2_pixel_id=0.0000 real_p2_latent=0.0000 real_p2_low_t_hits=0.0000 real_total=0.2591 synth_eps=0.6426 synth_eps_raw=0.6426 synth_pixel_l1=0.0000 synth_pixel_pl=0.0000 synth_pixel_id=0.0000 synth_latent=0.0000 synth_low_t_hits=1.0000 synth_total=0.6426 extra_render_attn_share=0.5927
[step 11950] real_p1_mirror_hole_cov=0.0142 real_p1_eps=0.0005 real_p1_hole_frac=0.0441 real_p2_eps=0.0111 real_p2_pixel_l1=0.0000 real_p2_pixel_pl=0.0000 real_p2_pixel_id=0.0000 real_p2_latent=0.0000 real_p2_low_t_hits=0.0000 real_total=0.0116 synth_eps=0.0048 synth_eps_raw=0.0048 synth_pixel_l1=0.0000 synth_pixel_pl=0.0000 synth_pixel_id=0.0000 synth_latent=0.0000 synth_low_t_hits=0.0000 synth_total=0.0048 extra_render_attn_share=0.5927
[val step 11999] val_novel_full=0.0450 val_novel_hole=0.0531 val_novel_visible=0.0427
[step 12000] real_p1_mirror_hole_cov=0.0102 real_p1_eps=0.0031 real_p1_hole_frac=0.2855 real_p2_eps=0.0524 real_p2_pixel_l1=0.0000 real_p2_pixel_pl=0.0000 real_p2_pixel_id=0.0000 real_p2_latent=0.0000 real_p2_low_t_hits=0.0000 real_total=0.0555 synth_eps=0.0138 synth_eps_raw=0.0138 synth_pixel_l1=0.0000 synth_pixel_pl=0.0000 synth_pixel_id=0.0000 synth_latent=0.0000 synth_low_t_hits=0.0000 synth_total=0.0138 extra_render_attn_share=0.6136
[images] real: anchor | cond1 | cond2 | inv_warp_mirror | mask | mask_inv | warp_img | warp_warp_img | x | y_hat | y_hat_novel -> /home/xzy/warpgan-diffusiong-inpainting/warpgan-diffusion-inpainting-main/experiments/train_inpainting_diffusion/[20260910-123409]_v18w1_ctrl_50k/logs/images/train/real_step0012000.png
[images] synth: cond | mask | target | warp_img | x | y_hat_novel -> /home/xzy/warpgan-diffusiong-inpainting/warpgan-diffusion-inpainting-main/experiments/train_inpainting_diffusion/[20260910-123409]_v18w1_ctrl_50k/logs/images/train/synth_step0012000.png
[step 12050] real_p1_mirror_hole_cov=0.1091 real_p1_eps=0.0067 real_p1_hole_frac=0.1315 real_p2_eps=0.0788 real_p2_pixel_l1=0.0000 real_p2_pixel_pl=0.0000 real_p2_pixel_id=0.0000 real_p2_latent=0.0000 real_p2_low_t_hits=0.0000 real_total=0.0855 synth_eps=0.3740 synth_eps_raw=0.3740 synth_pixel_l1=0.0000 synth_pixel_pl=0.0000 synth_pixel_id=0.0000 synth_latent=0.0000 synth_low_t_hits=1.0000 synth_total=0.3740 extra_render_attn_share=0.6136
[step 12100] real_p1_mirror_hole_cov=0.0256 real_p1_eps=0.0057 real_p1_hole_frac=0.1826 real_p2_eps=0.0059 real_p2_pixel_l1=0.0000 real_p2_pixel_pl=0.0000 real_p2_pixel_id=0.0000 real_p2_latent=0.0000 real_p2_low_t_hits=0.0000 real_total=0.0116 synth_eps=0.2420 synth_eps_raw=0.2420 synth_pixel_l1=0.0000 synth_pixel_pl=0.0000 synth_pixel_id=0.0000 synth_latent=0.0000 synth_low_t_hits=1.0000 synth_total=0.2420 extra_render_attn_share=0.6136
[step 12150] real_p1_mirror_hole_cov=0.1866 real_p1_eps=0.0036 real_p1_hole_frac=0.4639 real_p2_eps=0.2277 real_p2_pixel_l1=0.0000 real_p2_pixel_pl=0.0000 real_p2_pixel_id=0.0000 real_p2_latent=0.0000 real_p2_low_t_hits=0.0000 real_total=0.2313 synth_eps=0.4119 synth_eps_raw=0.4119 synth_pixel_l1=0.0000 synth_pixel_pl=0.0000 synth_pixel_id=0.0000 synth_latent=0.0000 synth_low_t_hits=1.0000 synth_total=0.4119 extra_render_attn_share=0.6136
[step 12200] real_p1_mirror_hole_cov=0.0057 real_p1_eps=0.0279 real_p1_hole_frac=0.1454 real_p2_eps=0.0105 real_p2_pixel_l1=0.0000 real_p2_pixel_pl=0.0000 real_p2_pixel_id=0.0000 real_p2_latent=0.0000 real_p2_low_t_hits=0.0000 real_total=0.0384 synth_eps=0.4747 synth_eps_raw=0.4747 synth_pixel_l1=0.0000 synth_pixel_pl=0.0000 synth_pixel_id=0.0000 synth_latent=0.0000 synth_low_t_hits=1.0000 synth_total=0.4747 extra_render_attn_share=0.6136
[step 12250] real_p1_mirror_hole_cov=0.1695 real_p1_eps=0.0044 real_p1_hole_frac=0.2862 real_p2_eps=0.1003 real_p2_pixel_l1=0.0000 real_p2_pixel_pl=0.0000 real_p2_pixel_id=0.0000 real_p2_latent=0.0000 real_p2_low_t_hits=0.0000 real_total=0.1048 synth_eps=0.1879 synth_eps_raw=0.1879 synth_pixel_l1=0.0000 synth_pixel_pl=0.0000 synth_pixel_id=0.0000 synth_latent=0.0000 synth_low_t_hits=0.0000 synth_total=0.1879 extra_render_attn_share=0.6136
[step 12300] real_p1_mirror_hole_cov=0.1854 real_p1_eps=0.0580 real_p1_hole_frac=0.3907 real_p2_eps=0.2421 real_p2_pixel_l1=0.0000 real_p2_pixel_pl=0.0000 real_p2_pixel_id=0.0000 real_p2_latent=0.0000 real_p2_low_t_hits=1.0000 real_total=0.3001 synth_eps=0.0029 synth_eps_raw=0.0029 synth_pixel_l1=0.0000 synth_pixel_pl=0.0000 synth_pixel_id=0.0000 synth_latent=0.0000 synth_low_t_hits=0.0000 synth_total=0.0029 extra_render_attn_share=0.6136
[step 12350] real_p1_mirror_hole_cov=0.1522 real_p1_eps=0.1180 real_p1_hole_frac=0.2281 real_p2_eps=0.1564 real_p2_pixel_l1=0.0000 real_p2_pixel_pl=0.0000 real_p2_pixel_id=0.0000 real_p2_latent=0.0000 real_p2_low_t_hits=0.0000 real_total=0.2744 synth_eps=0.0243 synth_eps_raw=0.0243 synth_pixel_l1=0.0000 synth_pixel_pl=0.0000 synth_pixel_id=0.0000 synth_latent=0.0000 synth_low_t_hits=0.0000 synth_total=0.0243 extra_render_attn_share=0.6136
[step 12400] real_p1_mirror_hole_cov=0.2004 real_p1_eps=0.0312 real_p1_hole_frac=0.1745 real_p2_eps=0.1881 real_p2_pixel_l1=0.0000 real_p2_pixel_pl=0.0000 real_p2_pixel_id=0.0000 real_p2_latent=0.0000 real_p2_low_t_hits=1.0000 real_total=0.2193 synth_eps=0.0643 synth_eps_raw=0.0643 synth_pixel_l1=0.0000 synth_pixel_pl=0.0000 synth_pixel_id=0.0000 synth_latent=0.0000 synth_low_t_hits=0.0000 synth_total=0.0643 extra_render_attn_share=0.6136
[step 12450] real_p1_mirror_hole_cov=0.2330 real_p1_eps=0.0588 real_p1_hole_frac=0.5320 real_p2_eps=0.1006 real_p2_pixel_l1=0.0000 real_p2_pixel_pl=0.0000 real_p2_pixel_id=0.0000 real_p2_latent=0.0000 real_p2_low_t_hits=0.0000 real_total=0.1594 synth_eps=0.0625 synth_eps_raw=0.0625 synth_pixel_l1=0.0000 synth_pixel_pl=0.0000 synth_pixel_id=0.0000 synth_latent=0.0000 synth_low_t_hits=0.0000 synth_total=0.0625 extra_render_attn_share=0.6136
[step 12500] real_p1_mirror_hole_cov=0.3974 real_p1_eps=0.1819 real_p1_hole_frac=0.7014 real_p2_eps=0.0041 real_p2_pixel_l1=0.0000 real_p2_pixel_pl=0.0000 real_p2_pixel_id=0.0000 real_p2_latent=0.0000 real_p2_low_t_hits=0.0000 real_total=0.1860 synth_eps=0.0711 synth_eps_raw=0.0711 synth_pixel_l1=0.0000 synth_pixel_pl=0.0000 synth_pixel_id=0.0000 synth_latent=0.0000 synth_low_t_hits=0.0000 synth_total=0.0711 extra_render_attn_share=0.6136
[images] real: anchor | cond1 | cond2 | inv_warp_mirror | mask | mask_inv | warp_img | warp_warp_img | x | y_hat | y_hat_novel -> /home/xzy/warpgan-diffusiong-inpainting/warpgan-diffusion-inpainting-main/experiments/train_inpainting_diffusion/[20260910-123409]_v18w1_ctrl_50k/logs/images/train/real_step0012500.png
[images] synth: cond | mask | target | warp_img | x | y_hat_novel -> /home/xzy/warpgan-diffusiong-inpainting/warpgan-diffusion-inpainting-main/experiments/train_inpainting_diffusion/[20260910-123409]_v18w1_ctrl_50k/logs/images/train/synth_step0012500.png
[step 12550] real_p1_mirror_hole_cov=0.0703 real_p1_eps=0.0014 real_p1_hole_frac=0.3723 real_p2_eps=0.0036 real_p2_pixel_l1=0.0000 real_p2_pixel_pl=0.0000 real_p2_pixel_id=0.0000 real_p2_latent=0.0000 real_p2_low_t_hits=0.0000 real_total=0.0050 synth_eps=0.0436 synth_eps_raw=0.0436 synth_pixel_l1=0.0000 synth_pixel_pl=0.0000 synth_pixel_id=0.0000 synth_latent=0.0000 synth_low_t_hits=0.0000 synth_total=0.0436 extra_render_attn_share=0.6136
[step 12600] real_p1_mirror_hole_cov=0.0130 real_p1_eps=0.0049 real_p1_hole_frac=0.3093 real_p2_eps=0.0014 real_p2_pixel_l1=0.0000 real_p2_pixel_pl=0.0000 real_p2_pixel_id=0.0000 real_p2_latent=0.0000 real_p2_low_t_hits=0.0000 real_total=0.0063 synth_eps=0.0655 synth_eps_raw=0.0655 synth_pixel_l1=0.0000 synth_pixel_pl=0.0000 synth_pixel_id=0.0000 synth_latent=0.0000 synth_low_t_hits=0.0000 synth_total=0.0655 extra_render_attn_share=0.6136
[step 12650] real_p1_mirror_hole_cov=0.0513 real_p1_eps=0.0246 real_p1_hole_frac=0.1168 real_p2_eps=0.1182 real_p2_pixel_l1=0.0000 real_p2_pixel_pl=0.0000 real_p2_pixel_id=0.0000 real_p2_latent=0.0000 real_p2_low_t_hits=0.0000 real_total=0.1429 synth_eps=0.0379 synth_eps_raw=0.0379 synth_pixel_l1=0.0000 synth_pixel_pl=0.0000 synth_pixel_id=0.0000 synth_latent=0.0000 synth_low_t_hits=0.0000 synth_total=0.0379 extra_render_attn_share=0.6136
[step 12700] real_p1_mirror_hole_cov=0.1292 real_p1_eps=0.0371 real_p1_hole_frac=0.0701 real_p2_eps=0.0005 real_p2_pixel_l1=0.0000 real_p2_pixel_pl=0.0000 real_p2_pixel_id=0.0000 real_p2_latent=0.0000 real_p2_low_t_hits=0.0000 real_total=0.0377 synth_eps=0.0519 synth_eps_raw=0.0519 synth_pixel_l1=0.0000 synth_pixel_pl=0.0000 synth_pixel_id=0.0000 synth_latent=0.0000 synth_low_t_hits=0.0000 synth_total=0.0519 extra_render_attn_share=0.6136
[step 12750] real_p1_mirror_hole_cov=0.1985 real_p1_eps=0.0861 real_p1_hole_frac=0.3554 real_p2_eps=0.0940 real_p2_pixel_l1=0.0000 real_p2_pixel_pl=0.0000 real_p2_pixel_id=0.0000 real_p2_latent=0.0000 real_p2_low_t_hits=0.0000 real_total=0.1801 synth_eps=0.1764 synth_eps_raw=0.1764 synth_pixel_l1=0.0000 synth_pixel_pl=0.0000 synth_pixel_id=0.0000 synth_latent=0.0000 synth_low_t_hits=0.0000 synth_total=0.1764 extra_render_attn_share=0.6136
[step 12800] real_p1_mirror_hole_cov=0.1767 real_p1_eps=0.0011 real_p1_hole_frac=0.2475 real_p2_eps=0.0014 real_p2_pixel_l1=0.0000 real_p2_pixel_pl=0.0000 real_p2_pixel_id=0.0000 real_p2_latent=0.0000 real_p2_low_t_hits=0.0000 real_total=0.0025 synth_eps=0.1097 synth_eps_raw=0.1097 synth_pixel_l1=0.0000 synth_pixel_pl=0.0000 synth_pixel_id=0.0000 synth_latent=0.0000 synth_low_t_hits=0.0000 synth_total=0.1097 extra_render_attn_share=0.6136
[step 12850] real_p1_mirror_hole_cov=0.1911 real_p1_eps=0.0340 real_p1_hole_frac=0.3967 real_p2_eps=0.0620 real_p2_pixel_l1=0.0000 real_p2_pixel_pl=0.0000 real_p2_pixel_id=0.0000 real_p2_latent=0.0000 real_p2_low_t_hits=0.0000 real_total=0.0960 synth_eps=0.0681 synth_eps_raw=0.0681 synth_pixel_l1=0.0000 synth_pixel_pl=0.0000 synth_pixel_id=0.0000 synth_latent=0.0000 synth_low_t_hits=0.0000 synth_total=0.0681 extra_render_attn_share=0.6136
[step 12900] real_p1_mirror_hole_cov=0.0509 real_p1_eps=0.1545 real_p1_hole_frac=0.5457 real_p2_eps=0.0367 real_p2_pixel_l1=0.0000 real_p2_pixel_pl=0.0000 real_p2_pixel_id=0.0000 real_p2_latent=0.0000 real_p2_low_t_hits=0.0000 real_total=0.1912 synth_eps=0.0918 synth_eps_raw=0.0918 synth_pixel_l1=0.0000 synth_pixel_pl=0.0000 synth_pixel_id=0.0000 synth_latent=0.0000 synth_low_t_hits=0.0000 synth_total=0.0918 extra_render_attn_share=0.6136
[step 12950] real_p1_mirror_hole_cov=0.0210 real_p1_eps=0.0023 real_p1_hole_frac=0.4125 real_p2_eps=0.0107 real_p2_pixel_l1=0.0000 real_p2_pixel_pl=0.0000 real_p2_pixel_id=0.0000 real_p2_latent=0.0000 real_p2_low_t_hits=0.0000 real_total=0.0130 synth_eps=0.1480 synth_eps_raw=0.1480 synth_pixel_l1=0.0000 synth_pixel_pl=0.0000 synth_pixel_id=0.0000 synth_latent=0.0000 synth_low_t_hits=0.0000 synth_total=0.1480 extra_render_attn_share=0.6136
[step 13000] real_p1_mirror_hole_cov=0.0104 real_p1_eps=0.0950 real_p1_hole_frac=0.1127 real_p2_eps=0.0383 real_p2_pixel_l1=0.0000 real_p2_pixel_pl=0.0000 real_p2_pixel_id=0.0000 real_p2_latent=0.0000 real_p2_low_t_hits=0.0000 real_total=0.1332 synth_eps=0.0023 synth_eps_raw=0.0023 synth_pixel_l1=0.0000 synth_pixel_pl=0.0000 synth_pixel_id=0.0000 synth_latent=0.0000 synth_low_t_hits=0.0000 synth_total=0.0023 extra_render_attn_share=0.6136
[images] real: anchor | cond1 | cond2 | inv_warp_mirror | mask | mask_inv | warp_img | warp_warp_img | x | y_hat | y_hat_novel -> /home/xzy/warpgan-diffusiong-inpainting/warpgan-diffusion-inpainting-main/experiments/train_inpainting_diffusion/[20260910-123409]_v18w1_ctrl_50k/logs/images/train/real_step0013000.png
[images] synth: cond | mask | target | warp_img | x | y_hat_novel -> /home/xzy/warpgan-diffusiong-inpainting/warpgan-diffusion-inpainting-main/experiments/train_inpainting_diffusion/[20260910-123409]_v18w1_ctrl_50k/logs/images/train/synth_step0013000.png
[step 13050] real_p1_mirror_hole_cov=0.1114 real_p1_eps=0.0115 real_p1_hole_frac=0.2499 real_p2_eps=0.3400 real_p2_pixel_l1=0.0000 real_p2_pixel_pl=0.0000 real_p2_pixel_id=0.0000 real_p2_latent=0.0000 real_p2_low_t_hits=1.0000 real_total=0.3515 synth_eps=0.0830 synth_eps_raw=0.0830 synth_pixel_l1=0.0000 synth_pixel_pl=0.0000 synth_pixel_id=0.0000 synth_latent=0.0000 synth_low_t_hits=0.0000 synth_total=0.0830 extra_render_attn_share=0.6136
[step 13100] real_p1_mirror_hole_cov=0.0248 real_p1_eps=0.0090 real_p1_hole_frac=0.0476 real_p2_eps=0.0016 real_p2_pixel_l1=0.0000 real_p2_pixel_pl=0.0000 real_p2_pixel_id=0.0000 real_p2_latent=0.0000 real_p2_low_t_hits=0.0000 real_total=0.0106 synth_eps=0.1553 synth_eps_raw=0.1553 synth_pixel_l1=0.0000 synth_pixel_pl=0.0000 synth_pixel_id=0.0000 synth_latent=0.0000 synth_low_t_hits=0.0000 synth_total=0.1553 extra_render_attn_share=0.6136
[step 13150] real_p1_mirror_hole_cov=0.0853 real_p1_eps=0.0700 real_p1_hole_frac=0.1308 real_p2_eps=0.0289 real_p2_pixel_l1=0.0000 real_p2_pixel_pl=0.0000 real_p2_pixel_id=0.0000 real_p2_latent=0.0000 real_p2_low_t_hits=0.0000 real_total=0.0988 synth_eps=0.1793 synth_eps_raw=0.1793 synth_pixel_l1=0.0000 synth_pixel_pl=0.0000 synth_pixel_id=0.0000 synth_latent=0.0000 synth_low_t_hits=0.0000 synth_total=0.1793 extra_render_attn_share=0.6136
[step 13200] real_p1_mirror_hole_cov=0.0216 real_p1_eps=0.0137 real_p1_hole_frac=0.3216 real_p2_eps=0.2173 real_p2_pixel_l1=0.0000 real_p2_pixel_pl=0.0000 real_p2_pixel_id=0.0000 real_p2_latent=0.0000 real_p2_low_t_hits=1.0000 real_total=0.2310 synth_eps=0.0096 synth_eps_raw=0.0096 synth_pixel_l1=0.0000 synth_pixel_pl=0.0000 synth_pixel_id=0.0000 synth_latent=0.0000 synth_low_t_hits=0.0000 synth_total=0.0096 extra_render_attn_share=0.6136
[step 13250] real_p1_mirror_hole_cov=0.0857 real_p1_eps=0.0863 real_p1_hole_frac=0.2826 real_p2_eps=0.2588 real_p2_pixel_l1=0.0000 real_p2_pixel_pl=0.0000 real_p2_pixel_id=0.0000 real_p2_latent=0.0000 real_p2_low_t_hits=1.0000 real_total=0.3451 synth_eps=0.0211 synth_eps_raw=0.0211 synth_pixel_l1=0.0000 synth_pixel_pl=0.0000 synth_pixel_id=0.0000 synth_latent=0.0000 synth_low_t_hits=0.0000 synth_total=0.0211 extra_render_attn_share=0.6136
[step 13300] real_p1_mirror_hole_cov=0.1309 real_p1_eps=0.1431 real_p1_hole_frac=0.2298 real_p2_eps=0.1648 real_p2_pixel_l1=0.0000 real_p2_pixel_pl=0.0000 real_p2_pixel_id=0.0000 real_p2_latent=0.0000 real_p2_low_t_hits=0.0000 real_total=0.3079 synth_eps=0.0201 synth_eps_raw=0.0201 synth_pixel_l1=0.0000 synth_pixel_pl=0.0000 synth_pixel_id=0.0000 synth_latent=0.0000 synth_low_t_hits=0.0000 synth_total=0.0201 extra_render_attn_share=0.6136
[step 13350] real_p1_mirror_hole_cov=0.0588 real_p1_eps=0.0161 real_p1_hole_frac=0.1583 real_p2_eps=0.1620 real_p2_pixel_l1=0.0000 real_p2_pixel_pl=0.0000 real_p2_pixel_id=0.0000 real_p2_latent=0.0000 real_p2_low_t_hits=1.0000 real_total=0.1781 synth_eps=0.2061 synth_eps_raw=0.2061 synth_pixel_l1=0.0000 synth_pixel_pl=0.0000 synth_pixel_id=0.0000 synth_latent=0.0000 synth_low_t_hits=0.0000 synth_total=0.2061 extra_render_attn_share=0.6136
[step 13400] real_p1_mirror_hole_cov=0.1004 real_p1_eps=0.0098 real_p1_hole_frac=0.0265 real_p2_eps=0.0295 real_p2_pixel_l1=0.0000 real_p2_pixel_pl=0.0000 real_p2_pixel_id=0.0000 real_p2_latent=0.0000 real_p2_low_t_hits=0.0000 real_total=0.0393 synth_eps=0.5271 synth_eps_raw=0.5271 synth_pixel_l1=0.0000 synth_pixel_pl=0.0000 synth_pixel_id=0.0000 synth_latent=0.0000 synth_low_t_hits=1.0000 synth_total=0.5271 extra_render_attn_share=0.6136
[step 13450] real_p1_mirror_hole_cov=0.0512 real_p1_eps=0.0598 real_p1_hole_frac=0.5356 real_p2_eps=0.1773 real_p2_pixel_l1=0.0000 real_p2_pixel_pl=0.0000 real_p2_pixel_id=0.0000 real_p2_latent=0.0000 real_p2_low_t_hits=0.0000 real_total=0.2371 synth_eps=0.0465 synth_eps_raw=0.0465 synth_pixel_l1=0.0000 synth_pixel_pl=0.0000 synth_pixel_id=0.0000 synth_latent=0.0000 synth_low_t_hits=0.0000 synth_total=0.0465 extra_render_attn_share=0.6136
[step 13500] real_p1_mirror_hole_cov=0.0084 real_p1_eps=0.0332 real_p1_hole_frac=0.1297 real_p2_eps=0.0320 real_p2_pixel_l1=0.0000 real_p2_pixel_pl=0.0000 real_p2_pixel_id=0.0000 real_p2_latent=0.0000 real_p2_low_t_hits=0.0000 real_total=0.0652 synth_eps=0.0104 synth_eps_raw=0.0104 synth_pixel_l1=0.0000 synth_pixel_pl=0.0000 synth_pixel_id=0.0000 synth_latent=0.0000 synth_low_t_hits=0.0000 synth_total=0.0104 extra_render_attn_share=0.6136
[images] real: anchor | cond1 | cond2 | inv_warp_mirror | mask | mask_inv | warp_img | warp_warp_img | x | y_hat | y_hat_novel -> /home/xzy/warpgan-diffusiong-inpainting/warpgan-diffusion-inpainting-main/experiments/train_inpainting_diffusion/[20260910-123409]_v18w1_ctrl_50k/logs/images/train/real_step0013500.png
[images] synth: cond | mask | target | warp_img | x | y_hat_novel -> /home/xzy/warpgan-diffusiong-inpainting/warpgan-diffusion-inpainting-main/experiments/train_inpainting_diffusion/[20260910-123409]_v18w1_ctrl_50k/logs/images/train/synth_step0013500.png
[step 13550] real_p1_mirror_hole_cov=0.0463 real_p1_eps=0.0550 real_p1_hole_frac=0.1304 real_p2_eps=0.0389 real_p2_pixel_l1=0.0000 real_p2_pixel_pl=0.0000 real_p2_pixel_id=0.0000 real_p2_latent=0.0000 real_p2_low_t_hits=0.0000 real_total=0.0939 synth_eps=0.0177 synth_eps_raw=0.0177 synth_pixel_l1=0.0000 synth_pixel_pl=0.0000 synth_pixel_id=0.0000 synth_latent=0.0000 synth_low_t_hits=0.0000 synth_total=0.0177 extra_render_attn_share=0.6136
[step 13600] real_p1_mirror_hole_cov=0.0367 real_p1_eps=0.0481 real_p1_hole_frac=0.0809 real_p2_eps=0.0015 real_p2_pixel_l1=0.0000 real_p2_pixel_pl=0.0000 real_p2_pixel_id=0.0000 real_p2_latent=0.0000 real_p2_low_t_hits=0.0000 real_total=0.0497 synth_eps=0.0054 synth_eps_raw=0.0054 synth_pixel_l1=0.0000 synth_pixel_pl=0.0000 synth_pixel_id=0.0000 synth_latent=0.0000 synth_low_t_hits=0.0000 synth_total=0.0054 extra_render_attn_share=0.6136
[step 13650] real_p1_mirror_hole_cov=0.0465 real_p1_eps=0.1584 real_p1_hole_frac=0.3516 real_p2_eps=0.1158 real_p2_pixel_l1=0.0000 real_p2_pixel_pl=0.0000 real_p2_pixel_id=0.0000 real_p2_latent=0.0000 real_p2_low_t_hits=0.0000 real_total=0.2742 synth_eps=0.2891 synth_eps_raw=0.2891 synth_pixel_l1=0.0000 synth_pixel_pl=0.0000 synth_pixel_id=0.0000 synth_latent=0.0000 synth_low_t_hits=1.0000 synth_total=0.2891 extra_render_attn_share=0.6136
[step 13700] real_p1_mirror_hole_cov=0.2644 real_p1_eps=0.1705 real_p1_hole_frac=0.1363 real_p2_eps=0.0424 real_p2_pixel_l1=0.0000 real_p2_pixel_pl=0.0000 real_p2_pixel_id=0.0000 real_p2_latent=0.0000 real_p2_low_t_hits=0.0000 real_total=0.2129 synth_eps=0.0017 synth_eps_raw=0.0017 synth_pixel_l1=0.0000 synth_pixel_pl=0.0000 synth_pixel_id=0.0000 synth_latent=0.0000 synth_low_t_hits=0.0000 synth_total=0.0017 extra_render_attn_share=0.6136
[step 13750] real_p1_mirror_hole_cov=0.1465 real_p1_eps=0.0256 real_p1_hole_frac=0.2196 real_p2_eps=0.0069 real_p2_pixel_l1=0.0000 real_p2_pixel_pl=0.0000 real_p2_pixel_id=0.0000 real_p2_latent=0.0000 real_p2_low_t_hits=0.0000 real_total=0.0325 synth_eps=0.0279 synth_eps_raw=0.0279 synth_pixel_l1=0.0000 synth_pixel_pl=0.0000 synth_pixel_id=0.0000 synth_latent=0.0000 synth_low_t_hits=0.0000 synth_total=0.0279 extra_render_attn_share=0.6136
[step 13800] real_p1_mirror_hole_cov=0.0541 real_p1_eps=0.1025 real_p1_hole_frac=0.1290 real_p2_eps=0.0011 real_p2_pixel_l1=0.0000 real_p2_pixel_pl=0.0000 real_p2_pixel_id=0.0000 real_p2_latent=0.0000 real_p2_low_t_hits=0.0000 real_total=0.1036 synth_eps=0.0100 synth_eps_raw=0.0100 synth_pixel_l1=0.0000 synth_pixel_pl=0.0000 synth_pixel_id=0.0000 synth_latent=0.0000 synth_low_t_hits=0.0000 synth_total=0.0100 extra_render_attn_share=0.6136
[step 13850] real_p1_mirror_hole_cov=0.1557 real_p1_eps=0.3983 real_p1_hole_frac=0.5301 real_p2_eps=0.0105 real_p2_pixel_l1=0.0000 real_p2_pixel_pl=0.0000 real_p2_pixel_id=0.0000 real_p2_latent=0.0000 real_p2_low_t_hits=0.0000 real_total=0.4088 synth_eps=0.1378 synth_eps_raw=0.1378 synth_pixel_l1=0.0000 synth_pixel_pl=0.0000 synth_pixel_id=0.0000 synth_latent=0.0000 synth_low_t_hits=0.0000 synth_total=0.1378 extra_render_attn_share=0.6136
[step 13900] real_p1_mirror_hole_cov=0.2118 real_p1_eps=0.0122 real_p1_hole_frac=0.5070 real_p2_eps=0.2753 real_p2_pixel_l1=0.0000 real_p2_pixel_pl=0.0000 real_p2_pixel_id=0.0000 real_p2_latent=0.0000 real_p2_low_t_hits=1.0000 real_total=0.2875 synth_eps=0.0082 synth_eps_raw=0.0082 synth_pixel_l1=0.0000 synth_pixel_pl=0.0000 synth_pixel_id=0.0000 synth_latent=0.0000 synth_low_t_hits=0.0000 synth_total=0.0082 extra_render_attn_share=0.6136
[step 13950] real_p1_mirror_hole_cov=0.0430 real_p1_eps=0.0019 real_p1_hole_frac=0.2303 real_p2_eps=0.0263 real_p2_pixel_l1=0.0000 real_p2_pixel_pl=0.0000 real_p2_pixel_id=0.0000 real_p2_latent=0.0000 real_p2_low_t_hits=0.0000 real_total=0.0282 synth_eps=0.0805 synth_eps_raw=0.0805 synth_pixel_l1=0.0000 synth_pixel_pl=0.0000 synth_pixel_id=0.0000 synth_latent=0.0000 synth_low_t_hits=0.0000 synth_total=0.0805 extra_render_attn_share=0.6136
[val step 13999] val_novel_full=0.0384 val_novel_hole=0.0479 val_novel_visible=0.0367
[step 14000] real_p1_mirror_hole_cov=0.0965 real_p1_eps=0.0144 real_p1_hole_frac=0.3099 real_p2_eps=0.1288 real_p2_pixel_l1=0.0000 real_p2_pixel_pl=0.0000 real_p2_pixel_id=0.0000 real_p2_latent=0.0000 real_p2_low_t_hits=0.0000 real_total=0.1432 synth_eps=0.0735 synth_eps_raw=0.0735 synth_pixel_l1=0.0000 synth_pixel_pl=0.0000 synth_pixel_id=0.0000 synth_latent=0.0000 synth_low_t_hits=0.0000 synth_total=0.0735 extra_render_attn_share=0.6261
[images] real: anchor | cond1 | cond2 | inv_warp_mirror | mask | mask_inv | warp_img | warp_warp_img | x | y_hat | y_hat_novel -> /home/xzy/warpgan-diffusiong-inpainting/warpgan-diffusion-inpainting-main/experiments/train_inpainting_diffusion/[20260910-123409]_v18w1_ctrl_50k/logs/images/train/real_step0014000.png
[images] synth: cond | mask | target | warp_img | x | y_hat_novel -> /home/xzy/warpgan-diffusiong-inpainting/warpgan-diffusion-inpainting-main/experiments/train_inpainting_diffusion/[20260910-123409]_v18w1_ctrl_50k/logs/images/train/synth_step0014000.png
[step 14050] real_p1_mirror_hole_cov=0.1238 real_p1_eps=0.0340 real_p1_hole_frac=0.3562 real_p2_eps=0.0308 real_p2_pixel_l1=0.0000 real_p2_pixel_pl=0.0000 real_p2_pixel_id=0.0000 real_p2_latent=0.0000 real_p2_low_t_hits=0.0000 real_total=0.0649 synth_eps=0.6919 synth_eps_raw=0.6919 synth_pixel_l1=0.0000 synth_pixel_pl=0.0000 synth_pixel_id=0.0000 synth_latent=0.0000 synth_low_t_hits=1.0000 synth_total=0.6919 extra_render_attn_share=0.6261
[step 14100] real_p1_mirror_hole_cov=0.0202 real_p1_eps=0.0063 real_p1_hole_frac=0.1678 real_p2_eps=0.1585 real_p2_pixel_l1=0.0000 real_p2_pixel_pl=0.0000 real_p2_pixel_id=0.0000 real_p2_latent=0.0000 real_p2_low_t_hits=1.0000 real_total=0.1648 synth_eps=0.1652 synth_eps_raw=0.1652 synth_pixel_l1=0.0000 synth_pixel_pl=0.0000 synth_pixel_id=0.0000 synth_latent=0.0000 synth_low_t_hits=0.0000 synth_total=0.1652 extra_render_attn_share=0.6261
[step 14150] real_p1_mirror_hole_cov=0.2403 real_p1_eps=0.0521 real_p1_hole_frac=0.5291 real_p2_eps=0.0102 real_p2_pixel_l1=0.0000 real_p2_pixel_pl=0.0000 real_p2_pixel_id=0.0000 real_p2_latent=0.0000 real_p2_low_t_hits=0.0000 real_total=0.0623 synth_eps=0.3870 synth_eps_raw=0.3870 synth_pixel_l1=0.0000 synth_pixel_pl=0.0000 synth_pixel_id=0.0000 synth_latent=0.0000 synth_low_t_hits=1.0000 synth_total=0.3870 extra_render_attn_share=0.6261
[step 14200] real_p1_mirror_hole_cov=0.1130 real_p1_eps=0.0058 real_p1_hole_frac=0.5486 real_p2_eps=0.0930 real_p2_pixel_l1=0.0000 real_p2_pixel_pl=0.0000 real_p2_pixel_id=0.0000 real_p2_latent=0.0000 real_p2_low_t_hits=0.0000 real_total=0.0988 synth_eps=0.0046 synth_eps_raw=0.0046 synth_pixel_l1=0.0000 synth_pixel_pl=0.0000 synth_pixel_id=0.0000 synth_latent=0.0000 synth_low_t_hits=0.0000 synth_total=0.0046 extra_render_attn_share=0.6261
[step 14250] real_p1_mirror_hole_cov=0.2703 real_p1_eps=0.1341 real_p1_hole_frac=0.5528 real_p2_eps=0.0035 real_p2_pixel_l1=0.0000 real_p2_pixel_pl=0.0000 real_p2_pixel_id=0.0000 real_p2_latent=0.0000 real_p2_low_t_hits=0.0000 real_total=0.1376 synth_eps=0.0378 synth_eps_raw=0.0378 synth_pixel_l1=0.0000 synth_pixel_pl=0.0000 synth_pixel_id=0.0000 synth_latent=0.0000 synth_low_t_hits=0.0000 synth_total=0.0378 extra_render_attn_share=0.6261
[step 14300] real_p1_mirror_hole_cov=0.2747 real_p1_eps=0.2425 real_p1_hole_frac=0.4829 real_p2_eps=0.1421 real_p2_pixel_l1=0.0000 real_p2_pixel_pl=0.0000 real_p2_pixel_id=0.0000 real_p2_latent=0.0000 real_p2_low_t_hits=0.0000 real_total=0.3846 synth_eps=0.4687 synth_eps_raw=0.4687 synth_pixel_l1=0.0000 synth_pixel_pl=0.0000 synth_pixel_id=0.0000 synth_latent=0.0000 synth_low_t_hits=1.0000 synth_total=0.4687 extra_render_attn_share=0.6261
[step 14350] real_p1_mirror_hole_cov=0.2124 real_p1_eps=0.0014 real_p1_hole_frac=0.2737 real_p2_eps=0.0130 real_p2_pixel_l1=0.0000 real_p2_pixel_pl=0.0000 real_p2_pixel_id=0.0000 real_p2_latent=0.0000 real_p2_low_t_hits=0.0000 real_total=0.0143 synth_eps=0.0278 synth_eps_raw=0.0278 synth_pixel_l1=0.0000 synth_pixel_pl=0.0000 synth_pixel_id=0.0000 synth_latent=0.0000 synth_low_t_hits=0.0000 synth_total=0.0278 extra_render_attn_share=0.6261
[step 14400] real_p1_mirror_hole_cov=0.0415 real_p1_eps=0.0203 real_p1_hole_frac=0.1668 real_p2_eps=0.1215 real_p2_pixel_l1=0.0000 real_p2_pixel_pl=0.0000 real_p2_pixel_id=0.0000 real_p2_latent=0.0000 real_p2_low_t_hits=0.0000 real_total=0.1417 synth_eps=0.0018 synth_eps_raw=0.0018 synth_pixel_l1=0.0000 synth_pixel_pl=0.0000 synth_pixel_id=0.0000 synth_latent=0.0000 synth_low_t_hits=0.0000 synth_total=0.0018 extra_render_attn_share=0.6261
[step 14450] real_p1_mirror_hole_cov=0.0081 real_p1_eps=0.3901 real_p1_hole_frac=0.2540 real_p2_eps=0.0047 real_p2_pixel_l1=0.0000 real_p2_pixel_pl=0.0000 real_p2_pixel_id=0.0000 real_p2_latent=0.0000 real_p2_low_t_hits=0.0000 real_total=0.3949 synth_eps=0.0164 synth_eps_raw=0.0164 synth_pixel_l1=0.0000 synth_pixel_pl=0.0000 synth_pixel_id=0.0000 synth_latent=0.0000 synth_low_t_hits=0.0000 synth_total=0.0164 extra_render_attn_share=0.6261
[step 14500] real_p1_mirror_hole_cov=0.1785 real_p1_eps=0.1683 real_p1_hole_frac=0.3949 real_p2_eps=0.0064 real_p2_pixel_l1=0.0000 real_p2_pixel_pl=0.0000 real_p2_pixel_id=0.0000 real_p2_latent=0.0000 real_p2_low_t_hits=0.0000 real_total=0.1747 synth_eps=0.3246 synth_eps_raw=0.3246 synth_pixel_l1=0.0000 synth_pixel_pl=0.0000 synth_pixel_id=0.0000 synth_latent=0.0000 synth_low_t_hits=1.0000 synth_total=0.3246 extra_render_attn_share=0.6261
[images] real: anchor | cond1 | cond2 | inv_warp_mirror | mask | mask_inv | warp_img | warp_warp_img | x | y_hat | y_hat_novel -> /home/xzy/warpgan-diffusiong-inpainting/warpgan-diffusion-inpainting-main/experiments/train_inpainting_diffusion/[20260910-123409]_v18w1_ctrl_50k/logs/images/train/real_step0014500.png
[images] synth: cond | mask | target | warp_img | x | y_hat_novel -> /home/xzy/warpgan-diffusiong-inpainting/warpgan-diffusion-inpainting-main/experiments/train_inpainting_diffusion/[20260910-123409]_v18w1_ctrl_50k/logs/images/train/synth_step0014500.png
[step 14550] real_p1_mirror_hole_cov=0.1564 real_p1_eps=0.0396 real_p1_hole_frac=0.4294 real_p2_eps=0.0779 real_p2_pixel_l1=0.0000 real_p2_pixel_pl=0.0000 real_p2_pixel_id=0.0000 real_p2_latent=0.0000 real_p2_low_t_hits=0.0000 real_total=0.1175 synth_eps=0.9081 synth_eps_raw=0.9081 synth_pixel_l1=0.0000 synth_pixel_pl=0.0000 synth_pixel_id=0.0000 synth_latent=0.0000 synth_low_t_hits=1.0000 synth_total=0.9081 extra_render_attn_share=0.6261
[step 14600] real_p1_mirror_hole_cov=0.0800 real_p1_eps=0.0395 real_p1_hole_frac=0.1892 real_p2_eps=0.0052 real_p2_pixel_l1=0.0000 real_p2_pixel_pl=0.0000 real_p2_pixel_id=0.0000 real_p2_latent=0.0000 real_p2_low_t_hits=0.0000 real_total=0.0447 synth_eps=0.0440 synth_eps_raw=0.0440 synth_pixel_l1=0.0000 synth_pixel_pl=0.0000 synth_pixel_id=0.0000 synth_latent=0.0000 synth_low_t_hits=0.0000 synth_total=0.0440 extra_render_attn_share=0.6261
[step 14650] real_p1_mirror_hole_cov=0.1120 real_p1_eps=0.0437 real_p1_hole_frac=0.4137 real_p2_eps=0.1791 real_p2_pixel_l1=0.0000 real_p2_pixel_pl=0.0000 real_p2_pixel_id=0.0000 real_p2_latent=0.0000 real_p2_low_t_hits=1.0000 real_total=0.2227 synth_eps=0.0780 synth_eps_raw=0.0780 synth_pixel_l1=0.0000 synth_pixel_pl=0.0000 synth_pixel_id=0.0000 synth_latent=0.0000 synth_low_t_hits=0.0000 synth_total=0.0780 extra_render_attn_share=0.6261
[step 14700] real_p1_mirror_hole_cov=0.2441 real_p1_eps=0.1056 real_p1_hole_frac=0.5820 real_p2_eps=0.0077 real_p2_pixel_l1=0.0000 real_p2_pixel_pl=0.0000 real_p2_pixel_id=0.0000 real_p2_latent=0.0000 real_p2_low_t_hits=0.0000 real_total=0.1133 synth_eps=0.0077 synth_eps_raw=0.0077 synth_pixel_l1=0.0000 synth_pixel_pl=0.0000 synth_pixel_id=0.0000 synth_latent=0.0000 synth_low_t_hits=0.0000 synth_total=0.0077 extra_render_attn_share=0.6261
[step 14750] real_p1_mirror_hole_cov=0.0849 real_p1_eps=0.0289 real_p1_hole_frac=0.1420 real_p2_eps=0.1005 real_p2_pixel_l1=0.0000 real_p2_pixel_pl=0.0000 real_p2_pixel_id=0.0000 real_p2_latent=0.0000 real_p2_low_t_hits=0.0000 real_total=0.1294 synth_eps=0.0029 synth_eps_raw=0.0029 synth_pixel_l1=0.0000 synth_pixel_pl=0.0000 synth_pixel_id=0.0000 synth_latent=0.0000 synth_low_t_hits=0.0000 synth_total=0.0029 extra_render_attn_share=0.6261
[step 14800] real_p1_mirror_hole_cov=0.1406 real_p1_eps=0.0150 real_p1_hole_frac=0.0449 real_p2_eps=0.1322 real_p2_pixel_l1=0.0000 real_p2_pixel_pl=0.0000 real_p2_pixel_id=0.0000 real_p2_latent=0.0000 real_p2_low_t_hits=1.0000 real_total=0.1472 synth_eps=0.0047 synth_eps_raw=0.0047 synth_pixel_l1=0.0000 synth_pixel_pl=0.0000 synth_pixel_id=0.0000 synth_latent=0.0000 synth_low_t_hits=0.0000 synth_total=0.0047 extra_render_attn_share=0.6261
[step 14850] real_p1_mirror_hole_cov=0.2377 real_p1_eps=0.1107 real_p1_hole_frac=0.4329 real_p2_eps=0.0037 real_p2_pixel_l1=0.0000 real_p2_pixel_pl=0.0000 real_p2_pixel_id=0.0000 real_p2_latent=0.0000 real_p2_low_t_hits=0.0000 real_total=0.1144 synth_eps=0.0022 synth_eps_raw=0.0022 synth_pixel_l1=0.0000 synth_pixel_pl=0.0000 synth_pixel_id=0.0000 synth_latent=0.0000 synth_low_t_hits=0.0000 synth_total=0.0022 extra_render_attn_share=0.6261
[step 14900] real_p1_mirror_hole_cov=0.1322 real_p1_eps=0.0213 real_p1_hole_frac=0.1959 real_p2_eps=0.0023 real_p2_pixel_l1=0.0000 real_p2_pixel_pl=0.0000 real_p2_pixel_id=0.0000 real_p2_latent=0.0000 real_p2_low_t_hits=0.0000 real_total=0.0236 synth_eps=0.0358 synth_eps_raw=0.0358 synth_pixel_l1=0.0000 synth_pixel_pl=0.0000 synth_pixel_id=0.0000 synth_latent=0.0000 synth_low_t_hits=0.0000 synth_total=0.0358 extra_render_attn_share=0.6261
[step 14950] real_p1_mirror_hole_cov=0.0051 real_p1_eps=0.1412 real_p1_hole_frac=0.2430 real_p2_eps=0.0417 real_p2_pixel_l1=0.0000 real_p2_pixel_pl=0.0000 real_p2_pixel_id=0.0000 real_p2_latent=0.0000 real_p2_low_t_hits=0.0000 real_total=0.1829 synth_eps=0.0682 synth_eps_raw=0.0682 synth_pixel_l1=0.0000 synth_pixel_pl=0.0000 synth_pixel_id=0.0000 synth_latent=0.0000 synth_low_t_hits=0.0000 synth_total=0.0682 extra_render_attn_share=0.6261
[step 15000] real_p1_mirror_hole_cov=0.0095 real_p1_eps=0.1586 real_p1_hole_frac=0.1119 real_p2_eps=0.0189 real_p2_pixel_l1=0.0000 real_p2_pixel_pl=0.0000 real_p2_pixel_id=0.0000 real_p2_latent=0.0000 real_p2_low_t_hits=0.0000 real_total=0.1774 synth_eps=0.3608 synth_eps_raw=0.3608 synth_pixel_l1=0.0000 synth_pixel_pl=0.0000 synth_pixel_id=0.0000 synth_latent=0.0000 synth_low_t_hits=1.0000 synth_total=0.3608 extra_render_attn_share=0.6261
[images] real: anchor | cond1 | cond2 | inv_warp_mirror | mask | mask_inv | warp_img | warp_warp_img | x | y_hat | y_hat_novel -> /home/xzy/warpgan-diffusiong-inpainting/warpgan-diffusion-inpainting-main/experiments/train_inpainting_diffusion/[20260910-123409]_v18w1_ctrl_50k/logs/images/train/real_step0015000.png
[images] synth: cond | mask | target | warp_img | x | y_hat_novel -> /home/xzy/warpgan-diffusiong-inpainting/warpgan-diffusion-inpainting-main/experiments/train_inpainting_diffusion/[20260910-123409]_v18w1_ctrl_50k/logs/images/train/synth_step0015000.png
[step 15050] real_p1_mirror_hole_cov=0.2456 real_p1_eps=0.0017 real_p1_hole_frac=0.4486 real_p2_eps=0.2376 real_p2_pixel_l1=0.0000 real_p2_pixel_pl=0.0000 real_p2_pixel_id=0.0000 real_p2_latent=0.0000 real_p2_low_t_hits=1.0000 real_total=0.2392 synth_eps=0.0248 synth_eps_raw=0.0248 synth_pixel_l1=0.0000 synth_pixel_pl=0.0000 synth_pixel_id=0.0000 synth_latent=0.0000 synth_low_t_hits=0.0000 synth_total=0.0248 extra_render_attn_share=0.6261
[step 15100] real_p1_mirror_hole_cov=0.0008 real_p1_eps=0.0017 real_p1_hole_frac=0.1096 real_p2_eps=0.0266 real_p2_pixel_l1=0.0000 real_p2_pixel_pl=0.0000 real_p2_pixel_id=0.0000 real_p2_latent=0.0000 real_p2_low_t_hits=0.0000 real_total=0.0283 synth_eps=0.9100 synth_eps_raw=0.9100 synth_pixel_l1=0.0000 synth_pixel_pl=0.0000 synth_pixel_id=0.0000 synth_latent=0.0000 synth_low_t_hits=1.0000 synth_total=0.9100 extra_render_attn_share=0.6261
[step 15150] real_p1_mirror_hole_cov=0.1919 real_p1_eps=0.2868 real_p1_hole_frac=0.4027 real_p2_eps=0.0589 real_p2_pixel_l1=0.0000 real_p2_pixel_pl=0.0000 real_p2_pixel_id=0.0000 real_p2_latent=0.0000 real_p2_low_t_hits=0.0000 real_total=0.3457 synth_eps=0.0896 synth_eps_raw=0.0896 synth_pixel_l1=0.0000 synth_pixel_pl=0.0000 synth_pixel_id=0.0000 synth_latent=0.0000 synth_low_t_hits=0.0000 synth_total=0.0896 extra_render_attn_share=0.6261
[step 15200] real_p1_mirror_hole_cov=0.0156 real_p1_eps=0.0056 real_p1_hole_frac=0.2513 real_p2_eps=0.1855 real_p2_pixel_l1=0.0000 real_p2_pixel_pl=0.0000 real_p2_pixel_id=0.0000 real_p2_latent=0.0000 real_p2_low_t_hits=1.0000 real_total=0.1911 synth_eps=0.1314 synth_eps_raw=0.1314 synth_pixel_l1=0.0000 synth_pixel_pl=0.0000 synth_pixel_id=0.0000 synth_latent=0.0000 synth_low_t_hits=0.0000 synth_total=0.1314 extra_render_attn_share=0.6261
[step 15250] real_p1_mirror_hole_cov=0.0884 real_p1_eps=0.0810 real_p1_hole_frac=0.1702 real_p2_eps=0.0925 real_p2_pixel_l1=0.0000 real_p2_pixel_pl=0.0000 real_p2_pixel_id=0.0000 real_p2_latent=0.0000 real_p2_low_t_hits=0.0000 real_total=0.1735 synth_eps=0.0021 synth_eps_raw=0.0021 synth_pixel_l1=0.0000 synth_pixel_pl=0.0000 synth_pixel_id=0.0000 synth_latent=0.0000 synth_low_t_hits=0.0000 synth_total=0.0021 extra_render_attn_share=0.6261
[step 15300] real_p1_mirror_hole_cov=0.0188 real_p1_eps=0.0281 real_p1_hole_frac=0.1536 real_p2_eps=0.0466 real_p2_pixel_l1=0.0000 real_p2_pixel_pl=0.0000 real_p2_pixel_id=0.0000 real_p2_latent=0.0000 real_p2_low_t_hits=0.0000 real_total=0.0747 synth_eps=0.0554 synth_eps_raw=0.0554 synth_pixel_l1=0.0000 synth_pixel_pl=0.0000 synth_pixel_id=0.0000 synth_latent=0.0000 synth_low_t_hits=0.0000 synth_total=0.0554 extra_render_attn_share=0.6261
[step 15350] real_p1_mirror_hole_cov=0.0640 real_p1_eps=0.0560 real_p1_hole_frac=0.1203 real_p2_eps=0.0251 real_p2_pixel_l1=0.0000 real_p2_pixel_pl=0.0000 real_p2_pixel_id=0.0000 real_p2_latent=0.0000 real_p2_low_t_hits=0.0000 real_total=0.0811 synth_eps=0.0011 synth_eps_raw=0.0011 synth_pixel_l1=0.0000 synth_pixel_pl=0.0000 synth_pixel_id=0.0000 synth_latent=0.0000 synth_low_t_hits=0.0000 synth_total=0.0011 extra_render_attn_share=0.6261
[step 15400] real_p1_mirror_hole_cov=0.1650 real_p1_eps=0.0043 real_p1_hole_frac=0.2561 real_p2_eps=0.1341 real_p2_pixel_l1=0.0000 real_p2_pixel_pl=0.0000 real_p2_pixel_id=0.0000 real_p2_latent=0.0000 real_p2_low_t_hits=0.0000 real_total=0.1383 synth_eps=0.0075 synth_eps_raw=0.0075 synth_pixel_l1=0.0000 synth_pixel_pl=0.0000 synth_pixel_id=0.0000 synth_latent=0.0000 synth_low_t_hits=0.0000 synth_total=0.0075 extra_render_attn_share=0.6261
[step 15450] real_p1_mirror_hole_cov=0.2404 real_p1_eps=0.0074 real_p1_hole_frac=0.5456 real_p2_eps=0.3046 real_p2_pixel_l1=0.0000 real_p2_pixel_pl=0.0000 real_p2_pixel_id=0.0000 real_p2_latent=0.0000 real_p2_low_t_hits=1.0000 real_total=0.3120 synth_eps=0.0637 synth_eps_raw=0.0637 synth_pixel_l1=0.0000 synth_pixel_pl=0.0000 synth_pixel_id=0.0000 synth_latent=0.0000 synth_low_t_hits=0.0000 synth_total=0.0637 extra_render_attn_share=0.6261
[step 15500] real_p1_mirror_hole_cov=0.0177 real_p1_eps=0.0034 real_p1_hole_frac=0.0602 real_p2_eps=0.0019 real_p2_pixel_l1=0.0000 real_p2_pixel_pl=0.0000 real_p2_pixel_id=0.0000 real_p2_latent=0.0000 real_p2_low_t_hits=0.0000 real_total=0.0054 synth_eps=0.0045 synth_eps_raw=0.0045 synth_pixel_l1=0.0000 synth_pixel_pl=0.0000 synth_pixel_id=0.0000 synth_latent=0.0000 synth_low_t_hits=0.0000 synth_total=0.0045 extra_render_attn_share=0.6261
[images] real: anchor | cond1 | cond2 | inv_warp_mirror | mask | mask_inv | warp_img | warp_warp_img | x | y_hat | y_hat_novel -> /home/xzy/warpgan-diffusiong-inpainting/warpgan-diffusion-inpainting-main/experiments/train_inpainting_diffusion/[20260910-123409]_v18w1_ctrl_50k/logs/images/train/real_step0015500.png
[images] synth: cond | mask | target | warp_img | x | y_hat_novel -> /home/xzy/warpgan-diffusiong-inpainting/warpgan-diffusion-inpainting-main/experiments/train_inpainting_diffusion/[20260910-123409]_v18w1_ctrl_50k/logs/images/train/synth_step0015500.png
[step 15550] real_p1_mirror_hole_cov=0.2241 real_p1_eps=0.0040 real_p1_hole_frac=0.4142 real_p2_eps=0.0072 real_p2_pixel_l1=0.0000 real_p2_pixel_pl=0.0000 real_p2_pixel_id=0.0000 real_p2_latent=0.0000 real_p2_low_t_hits=0.0000 real_total=0.0112 synth_eps=0.0030 synth_eps_raw=0.0030 synth_pixel_l1=0.0000 synth_pixel_pl=0.0000 synth_pixel_id=0.0000 synth_latent=0.0000 synth_low_t_hits=0.0000 synth_total=0.0030 extra_render_attn_share=0.6261
[step 15600] real_p1_mirror_hole_cov=0.0325 real_p1_eps=0.0570 real_p1_hole_frac=0.1919 real_p2_eps=0.1535 real_p2_pixel_l1=0.0000 real_p2_pixel_pl=0.0000 real_p2_pixel_id=0.0000 real_p2_latent=0.0000 real_p2_low_t_hits=1.0000 real_total=0.2105 synth_eps=0.0062 synth_eps_raw=0.0062 synth_pixel_l1=0.0000 synth_pixel_pl=0.0000 synth_pixel_id=0.0000 synth_latent=0.0000 synth_low_t_hits=0.0000 synth_total=0.0062 extra_render_attn_share=0.6261
[step 15650] real_p1_mirror_hole_cov=0.0203 real_p1_eps=0.0025 real_p1_hole_frac=0.0442 real_p2_eps=0.0554 real_p2_pixel_l1=0.0000 real_p2_pixel_pl=0.0000 real_p2_pixel_id=0.0000 real_p2_latent=0.0000 real_p2_low_t_hits=0.0000 real_total=0.0579 synth_eps=0.0455 synth_eps_raw=0.0455 synth_pixel_l1=0.0000 synth_pixel_pl=0.0000 synth_pixel_id=0.0000 synth_latent=0.0000 synth_low_t_hits=0.0000 synth_total=0.0455 extra_render_attn_share=0.6261
[step 15700] real_p1_mirror_hole_cov=0.0904 real_p1_eps=0.0035 real_p1_hole_frac=0.3681 real_p2_eps=0.0926 real_p2_pixel_l1=0.0000 real_p2_pixel_pl=0.0000 real_p2_pixel_id=0.0000 real_p2_latent=0.0000 real_p2_low_t_hits=0.0000 real_total=0.0962 synth_eps=0.0079 synth_eps_raw=0.0079 synth_pixel_l1=0.0000 synth_pixel_pl=0.0000 synth_pixel_id=0.0000 synth_latent=0.0000 synth_low_t_hits=0.0000 synth_total=0.0079 extra_render_attn_share=0.6261
[step 15750] real_p1_mirror_hole_cov=0.0713 real_p1_eps=0.0123 real_p1_hole_frac=0.0667 real_p2_eps=0.0400 real_p2_pixel_l1=0.0000 real_p2_pixel_pl=0.0000 real_p2_pixel_id=0.0000 real_p2_latent=0.0000 real_p2_low_t_hits=0.0000 real_total=0.0524 synth_eps=0.0526 synth_eps_raw=0.0526 synth_pixel_l1=0.0000 synth_pixel_pl=0.0000 synth_pixel_id=0.0000 synth_latent=0.0000 synth_low_t_hits=0.0000 synth_total=0.0526 extra_render_attn_share=0.6261
[step 15800] real_p1_mirror_hole_cov=0.0470 real_p1_eps=0.1095 real_p1_hole_frac=0.0725 real_p2_eps=0.0265 real_p2_pixel_l1=0.0000 real_p2_pixel_pl=0.0000 real_p2_pixel_id=0.0000 real_p2_latent=0.0000 real_p2_low_t_hits=0.0000 real_total=0.1360 synth_eps=0.1332 synth_eps_raw=0.1332 synth_pixel_l1=0.0000 synth_pixel_pl=0.0000 synth_pixel_id=0.0000 synth_latent=0.0000 synth_low_t_hits=0.0000 synth_total=0.1332 extra_render_attn_share=0.6261
[step 15850] real_p1_mirror_hole_cov=0.0537 real_p1_eps=0.0038 real_p1_hole_frac=0.4263 real_p2_eps=0.1508 real_p2_pixel_l1=0.0000 real_p2_pixel_pl=0.0000 real_p2_pixel_id=0.0000 real_p2_latent=0.0000 real_p2_low_t_hits=0.0000 real_total=0.1546 synth_eps=0.1672 synth_eps_raw=0.1672 synth_pixel_l1=0.0000 synth_pixel_pl=0.0000 synth_pixel_id=0.0000 synth_latent=0.0000 synth_low_t_hits=0.0000 synth_total=0.1672 extra_render_attn_share=0.6261
[step 15900] real_p1_mirror_hole_cov=0.1322 real_p1_eps=0.0028 real_p1_hole_frac=0.3234 real_p2_eps=0.0562 real_p2_pixel_l1=0.0000 real_p2_pixel_pl=0.0000 real_p2_pixel_id=0.0000 real_p2_latent=0.0000 real_p2_low_t_hits=0.0000 real_total=0.0590 synth_eps=0.0162 synth_eps_raw=0.0162 synth_pixel_l1=0.0000 synth_pixel_pl=0.0000 synth_pixel_id=0.0000 synth_latent=0.0000 synth_low_t_hits=0.0000 synth_total=0.0162 extra_render_attn_share=0.6261
[step 15950] real_p1_mirror_hole_cov=0.1168 real_p1_eps=0.1080 real_p1_hole_frac=0.5923 real_p2_eps=0.0171 real_p2_pixel_l1=0.0000 real_p2_pixel_pl=0.0000 real_p2_pixel_id=0.0000 real_p2_latent=0.0000 real_p2_low_t_hits=0.0000 real_total=0.1251 synth_eps=0.0391 synth_eps_raw=0.0391 synth_pixel_l1=0.0000 synth_pixel_pl=0.0000 synth_pixel_id=0.0000 synth_latent=0.0000 synth_low_t_hits=0.0000 synth_total=0.0391 extra_render_attn_share=0.6261
[val step 15999] val_novel_full=0.0447 val_novel_hole=0.0519 val_novel_visible=0.0426
[step 16000] real_p1_mirror_hole_cov=0.0669 real_p1_eps=0.0285 real_p1_hole_frac=0.4207 real_p2_eps=0.0192 real_p2_pixel_l1=0.0000 real_p2_pixel_pl=0.0000 real_p2_pixel_id=0.0000 real_p2_latent=0.0000 real_p2_low_t_hits=0.0000 real_total=0.0477 synth_eps=0.0017 synth_eps_raw=0.0017 synth_pixel_l1=0.0000 synth_pixel_pl=0.0000 synth_pixel_id=0.0000 synth_latent=0.0000 synth_low_t_hits=0.0000 synth_total=0.0017 extra_render_attn_share=0.6568
[images] real: anchor | cond1 | cond2 | inv_warp_mirror | mask | mask_inv | warp_img | warp_warp_img | x | y_hat | y_hat_novel -> /home/xzy/warpgan-diffusiong-inpainting/warpgan-diffusion-inpainting-main/experiments/train_inpainting_diffusion/[20260910-123409]_v18w1_ctrl_50k/logs/images/train/real_step0016000.png
[images] synth: cond | mask | target | warp_img | x | y_hat_novel -> /home/xzy/warpgan-diffusiong-inpainting/warpgan-diffusion-inpainting-main/experiments/train_inpainting_diffusion/[20260910-123409]_v18w1_ctrl_50k/logs/images/train/synth_step0016000.png
[step 16050] real_p1_mirror_hole_cov=0.2020 real_p1_eps=0.0402 real_p1_hole_frac=0.2193 real_p2_eps=0.0327 real_p2_pixel_l1=0.0000 real_p2_pixel_pl=0.0000 real_p2_pixel_id=0.0000 real_p2_latent=0.0000 real_p2_low_t_hits=0.0000 real_total=0.0729 synth_eps=0.1362 synth_eps_raw=0.1362 synth_pixel_l1=0.0000 synth_pixel_pl=0.0000 synth_pixel_id=0.0000 synth_latent=0.0000 synth_low_t_hits=0.0000 synth_total=0.1362 extra_render_attn_share=0.6568
[step 16100] real_p1_mirror_hole_cov=0.0372 real_p1_eps=0.0027 real_p1_hole_frac=0.0311 real_p2_eps=0.0101 real_p2_pixel_l1=0.0000 real_p2_pixel_pl=0.0000 real_p2_pixel_id=0.0000 real_p2_latent=0.0000 real_p2_low_t_hits=0.0000 real_total=0.0128 synth_eps=0.1024 synth_eps_raw=0.1024 synth_pixel_l1=0.0000 synth_pixel_pl=0.0000 synth_pixel_id=0.0000 synth_latent=0.0000 synth_low_t_hits=0.0000 synth_total=0.1024 extra_render_attn_share=0.6568
[step 16150] real_p1_mirror_hole_cov=0.1109 real_p1_eps=0.0053 real_p1_hole_frac=0.3571 real_p2_eps=0.0126 real_p2_pixel_l1=0.0000 real_p2_pixel_pl=0.0000 real_p2_pixel_id=0.0000 real_p2_latent=0.0000 real_p2_low_t_hits=0.0000 real_total=0.0179 synth_eps=0.0203 synth_eps_raw=0.0203 synth_pixel_l1=0.0000 synth_pixel_pl=0.0000 synth_pixel_id=0.0000 synth_latent=0.0000 synth_low_t_hits=0.0000 synth_total=0.0203 extra_render_attn_share=0.6568
[step 16200] real_p1_mirror_hole_cov=0.0209 real_p1_eps=0.0093 real_p1_hole_frac=0.3139 real_p2_eps=0.1913 real_p2_pixel_l1=0.0000 real_p2_pixel_pl=0.0000 real_p2_pixel_id=0.0000 real_p2_latent=0.0000 real_p2_low_t_hits=1.0000 real_total=0.2007 synth_eps=0.5337 synth_eps_raw=0.5337 synth_pixel_l1=0.0000 synth_pixel_pl=0.0000 synth_pixel_id=0.0000 synth_latent=0.0000 synth_low_t_hits=1.0000 synth_total=0.5337 extra_render_attn_share=0.6568
[step 16250] real_p1_mirror_hole_cov=0.0253 real_p1_eps=0.0169 real_p1_hole_frac=0.3439 real_p2_eps=0.0312 real_p2_pixel_l1=0.0000 real_p2_pixel_pl=0.0000 real_p2_pixel_id=0.0000 real_p2_latent=0.0000 real_p2_low_t_hits=0.0000 real_total=0.0481 synth_eps=0.4095 synth_eps_raw=0.4095 synth_pixel_l1=0.0000 synth_pixel_pl=0.0000 synth_pixel_id=0.0000 synth_latent=0.0000 synth_low_t_hits=1.0000 synth_total=0.4095 extra_render_attn_share=0.6568
[step 16300] real_p1_mirror_hole_cov=0.2926 real_p1_eps=0.0019 real_p1_hole_frac=0.1350 real_p2_eps=0.0014 real_p2_pixel_l1=0.0000 real_p2_pixel_pl=0.0000 real_p2_pixel_id=0.0000 real_p2_latent=0.0000 real_p2_low_t_hits=0.0000 real_total=0.0032 synth_eps=0.2960 synth_eps_raw=0.2960 synth_pixel_l1=0.0000 synth_pixel_pl=0.0000 synth_pixel_id=0.0000 synth_latent=0.0000 synth_low_t_hits=1.0000 synth_total=0.2960 extra_render_attn_share=0.6568
[step 16350] real_p1_mirror_hole_cov=0.2964 real_p1_eps=0.0024 real_p1_hole_frac=0.2662 real_p2_eps=0.0564 real_p2_pixel_l1=0.0000 real_p2_pixel_pl=0.0000 real_p2_pixel_id=0.0000 real_p2_latent=0.0000 real_p2_low_t_hits=0.0000 real_total=0.0588 synth_eps=0.3432 synth_eps_raw=0.3432 synth_pixel_l1=0.0000 synth_pixel_pl=0.0000 synth_pixel_id=0.0000 synth_latent=0.0000 synth_low_t_hits=1.0000 synth_total=0.3432 extra_render_attn_share=0.6568
[step 16400] real_p1_mirror_hole_cov=0.0340 real_p1_eps=0.0339 real_p1_hole_frac=0.1435 real_p2_eps=0.0112 real_p2_pixel_l1=0.0000 real_p2_pixel_pl=0.0000 real_p2_pixel_id=0.0000 real_p2_latent=0.0000 real_p2_low_t_hits=0.0000 real_total=0.0451 synth_eps=0.3778 synth_eps_raw=0.3778 synth_pixel_l1=0.0000 synth_pixel_pl=0.0000 synth_pixel_id=0.0000 synth_latent=0.0000 synth_low_t_hits=1.0000 synth_total=0.3778 extra_render_attn_share=0.6568
[step 16450] real_p1_mirror_hole_cov=0.0625 real_p1_eps=0.0133 real_p1_hole_frac=0.2262 real_p2_eps=0.2052 real_p2_pixel_l1=0.0000 real_p2_pixel_pl=0.0000 real_p2_pixel_id=0.0000 real_p2_latent=0.0000 real_p2_low_t_hits=1.0000 real_total=0.2184 synth_eps=0.0276 synth_eps_raw=0.0276 synth_pixel_l1=0.0000 synth_pixel_pl=0.0000 synth_pixel_id=0.0000 synth_latent=0.0000 synth_low_t_hits=0.0000 synth_total=0.0276 extra_render_attn_share=0.6568
[step 16500] real_p1_mirror_hole_cov=0.3084 real_p1_eps=0.2218 real_p1_hole_frac=0.5720 real_p2_eps=0.7835 real_p2_pixel_l1=0.0000 real_p2_pixel_pl=0.0000 real_p2_pixel_id=0.0000 real_p2_latent=0.0000 real_p2_low_t_hits=1.0000 real_total=1.0053 synth_eps=0.0042 synth_eps_raw=0.0042 synth_pixel_l1=0.0000 synth_pixel_pl=0.0000 synth_pixel_id=0.0000 synth_latent=0.0000 synth_low_t_hits=0.0000 synth_total=0.0042 extra_render_attn_share=0.6568
[images] real: anchor | cond1 | cond2 | inv_warp_mirror | mask | mask_inv | warp_img | warp_warp_img | x | y_hat | y_hat_novel -> /home/xzy/warpgan-diffusiong-inpainting/warpgan-diffusion-inpainting-main/experiments/train_inpainting_diffusion/[20260910-123409]_v18w1_ctrl_50k/logs/images/train/real_step0016500.png
[images] synth: cond | mask | target | warp_img | x | y_hat_novel -> /home/xzy/warpgan-diffusiong-inpainting/warpgan-diffusion-inpainting-main/experiments/train_inpainting_diffusion/[20260910-123409]_v18w1_ctrl_50k/logs/images/train/synth_step0016500.png
[step 16550] real_p1_mirror_hole_cov=0.0653 real_p1_eps=0.0020 real_p1_hole_frac=0.0699 real_p2_eps=0.0009 real_p2_pixel_l1=0.0000 real_p2_pixel_pl=0.0000 real_p2_pixel_id=0.0000 real_p2_latent=0.0000 real_p2_low_t_hits=0.0000 real_total=0.0029 synth_eps=0.0397 synth_eps_raw=0.0397 synth_pixel_l1=0.0000 synth_pixel_pl=0.0000 synth_pixel_id=0.0000 synth_latent=0.0000 synth_low_t_hits=0.0000 synth_total=0.0397 extra_render_attn_share=0.6568
[step 16600] real_p1_mirror_hole_cov=0.1375 real_p1_eps=0.0412 real_p1_hole_frac=0.3104 real_p2_eps=0.0017 real_p2_pixel_l1=0.0000 real_p2_pixel_pl=0.0000 real_p2_pixel_id=0.0000 real_p2_latent=0.0000 real_p2_low_t_hits=0.0000 real_total=0.0429 synth_eps=0.0117 synth_eps_raw=0.0117 synth_pixel_l1=0.0000 synth_pixel_pl=0.0000 synth_pixel_id=0.0000 synth_latent=0.0000 synth_low_t_hits=0.0000 synth_total=0.0117 extra_render_attn_share=0.6568
[step 16650] real_p1_mirror_hole_cov=0.0165 real_p1_eps=0.0402 real_p1_hole_frac=0.3098 real_p2_eps=0.0448 real_p2_pixel_l1=0.0000 real_p2_pixel_pl=0.0000 real_p2_pixel_id=0.0000 real_p2_latent=0.0000 real_p2_low_t_hits=0.0000 real_total=0.0850 synth_eps=0.0240 synth_eps_raw=0.0240 synth_pixel_l1=0.0000 synth_pixel_pl=0.0000 synth_pixel_id=0.0000 synth_latent=0.0000 synth_low_t_hits=0.0000 synth_total=0.0240 extra_render_attn_share=0.6568
[step 16700] real_p1_mirror_hole_cov=0.1308 real_p1_eps=0.0649 real_p1_hole_frac=0.5882 real_p2_eps=0.2259 real_p2_pixel_l1=0.0000 real_p2_pixel_pl=0.0000 real_p2_pixel_id=0.0000 real_p2_latent=0.0000 real_p2_low_t_hits=0.0000 real_total=0.2908 synth_eps=0.4493 synth_eps_raw=0.4493 synth_pixel_l1=0.0000 synth_pixel_pl=0.0000 synth_pixel_id=0.0000 synth_latent=0.0000 synth_low_t_hits=1.0000 synth_total=0.4493 extra_render_attn_share=0.6568
[step 16750] real_p1_mirror_hole_cov=0.0033 real_p1_eps=0.0430 real_p1_hole_frac=0.0450 real_p2_eps=0.0112 real_p2_pixel_l1=0.0000 real_p2_pixel_pl=0.0000 real_p2_pixel_id=0.0000 real_p2_latent=0.0000 real_p2_low_t_hits=0.0000 real_total=0.0542 synth_eps=0.0045 synth_eps_raw=0.0045 synth_pixel_l1=0.0000 synth_pixel_pl=0.0000 synth_pixel_id=0.0000 synth_latent=0.0000 synth_low_t_hits=0.0000 synth_total=0.0045 extra_render_attn_share=0.6568
[step 16800] real_p1_mirror_hole_cov=0.0181 real_p1_eps=0.0043 real_p1_hole_frac=0.1902 real_p2_eps=0.0389 real_p2_pixel_l1=0.0000 real_p2_pixel_pl=0.0000 real_p2_pixel_id=0.0000 real_p2_latent=0.0000 real_p2_low_t_hits=0.0000 real_total=0.0432 synth_eps=0.1500 synth_eps_raw=0.1500 synth_pixel_l1=0.0000 synth_pixel_pl=0.0000 synth_pixel_id=0.0000 synth_latent=0.0000 synth_low_t_hits=0.0000 synth_total=0.1500 extra_render_attn_share=0.6568
[step 16850] real_p1_mirror_hole_cov=0.1862 real_p1_eps=0.1468 real_p1_hole_frac=0.3041 real_p2_eps=0.0127 real_p2_pixel_l1=0.0000 real_p2_pixel_pl=0.0000 real_p2_pixel_id=0.0000 real_p2_latent=0.0000 real_p2_low_t_hits=0.0000 real_total=0.1594 synth_eps=0.0095 synth_eps_raw=0.0095 synth_pixel_l1=0.0000 synth_pixel_pl=0.0000 synth_pixel_id=0.0000 synth_latent=0.0000 synth_low_t_hits=0.0000 synth_total=0.0095 extra_render_attn_share=0.6568
[step 16900] real_p1_mirror_hole_cov=0.1388 real_p1_eps=0.0496 real_p1_hole_frac=0.2462 real_p2_eps=0.0027 real_p2_pixel_l1=0.0000 real_p2_pixel_pl=0.0000 real_p2_pixel_id=0.0000 real_p2_latent=0.0000 real_p2_low_t_hits=0.0000 real_total=0.0524 synth_eps=0.1322 synth_eps_raw=0.1322 synth_pixel_l1=0.0000 synth_pixel_pl=0.0000 synth_pixel_id=0.0000 synth_latent=0.0000 synth_low_t_hits=0.0000 synth_total=0.1322 extra_render_attn_share=0.6568
[step 16950] real_p1_mirror_hole_cov=0.1146 real_p1_eps=0.1583 real_p1_hole_frac=0.2602 real_p2_eps=0.1973 real_p2_pixel_l1=0.0000 real_p2_pixel_pl=0.0000 real_p2_pixel_id=0.0000 real_p2_latent=0.0000 real_p2_low_t_hits=1.0000 real_total=0.3556 synth_eps=0.0204 synth_eps_raw=0.0204 synth_pixel_l1=0.0000 synth_pixel_pl=0.0000 synth_pixel_id=0.0000 synth_latent=0.0000 synth_low_t_hits=0.0000 synth_total=0.0204 extra_render_attn_share=0.6568
[step 17000] real_p1_mirror_hole_cov=0.2078 real_p1_eps=0.0618 real_p1_hole_frac=0.4308 real_p2_eps=0.0225 real_p2_pixel_l1=0.0000 real_p2_pixel_pl=0.0000 real_p2_pixel_id=0.0000 real_p2_latent=0.0000 real_p2_low_t_hits=0.0000 real_total=0.0844 synth_eps=0.7315 synth_eps_raw=0.7315 synth_pixel_l1=0.0000 synth_pixel_pl=0.0000 synth_pixel_id=0.0000 synth_latent=0.0000 synth_low_t_hits=1.0000 synth_total=0.7315 extra_render_attn_share=0.6568
[images] real: anchor | cond1 | cond2 | inv_warp_mirror | mask | mask_inv | warp_img | warp_warp_img | x | y_hat | y_hat_novel -> /home/xzy/warpgan-diffusiong-inpainting/warpgan-diffusion-inpainting-main/experiments/train_inpainting_diffusion/[20260910-123409]_v18w1_ctrl_50k/logs/images/train/real_step0017000.png
[images] synth: cond | mask | target | warp_img | x | y_hat_novel -> /home/xzy/warpgan-diffusiong-inpainting/warpgan-diffusion-inpainting-main/experiments/train_inpainting_diffusion/[20260910-123409]_v18w1_ctrl_50k/logs/images/train/synth_step0017000.png
[step 17050] real_p1_mirror_hole_cov=0.0034 real_p1_eps=0.0015 real_p1_hole_frac=0.3266 real_p2_eps=0.0998 real_p2_pixel_l1=0.0000 real_p2_pixel_pl=0.0000 real_p2_pixel_id=0.0000 real_p2_latent=0.0000 real_p2_low_t_hits=0.0000 real_total=0.1013 synth_eps=0.0771 synth_eps_raw=0.0771 synth_pixel_l1=0.0000 synth_pixel_pl=0.0000 synth_pixel_id=0.0000 synth_latent=0.0000 synth_low_t_hits=0.0000 synth_total=0.0771 extra_render_attn_share=0.6568
[step 17100] real_p1_mirror_hole_cov=0.0367 real_p1_eps=0.2493 real_p1_hole_frac=0.4799 real_p2_eps=0.0936 real_p2_pixel_l1=0.0000 real_p2_pixel_pl=0.0000 real_p2_pixel_id=0.0000 real_p2_latent=0.0000 real_p2_low_t_hits=0.0000 real_total=0.3429 synth_eps=0.2062 synth_eps_raw=0.2062 synth_pixel_l1=0.0000 synth_pixel_pl=0.0000 synth_pixel_id=0.0000 synth_latent=0.0000 synth_low_t_hits=1.0000 synth_total=0.2062 extra_render_attn_share=0.6568
[step 17150] real_p1_mirror_hole_cov=0.0094 real_p1_eps=0.0265 real_p1_hole_frac=0.2207 real_p2_eps=0.0822 real_p2_pixel_l1=0.0000 real_p2_pixel_pl=0.0000 real_p2_pixel_id=0.0000 real_p2_latent=0.0000 real_p2_low_t_hits=0.0000 real_total=0.1088 synth_eps=0.0066 synth_eps_raw=0.0066 synth_pixel_l1=0.0000 synth_pixel_pl=0.0000 synth_pixel_id=0.0000 synth_latent=0.0000 synth_low_t_hits=0.0000 synth_total=0.0066 extra_render_attn_share=0.6568
[step 17200] real_p1_mirror_hole_cov=0.2940 real_p1_eps=0.0053 real_p1_hole_frac=0.6492 real_p2_eps=0.0060 real_p2_pixel_l1=0.0000 real_p2_pixel_pl=0.0000 real_p2_pixel_id=0.0000 real_p2_latent=0.0000 real_p2_low_t_hits=0.0000 real_total=0.0112 synth_eps=0.0052 synth_eps_raw=0.0052 synth_pixel_l1=0.0000 synth_pixel_pl=0.0000 synth_pixel_id=0.0000 synth_latent=0.0000 synth_low_t_hits=0.0000 synth_total=0.0052 extra_render_attn_share=0.6568
[step 17250] real_p1_mirror_hole_cov=0.2203 real_p1_eps=0.0309 real_p1_hole_frac=0.0685 real_p2_eps=0.0168 real_p2_pixel_l1=0.0000 real_p2_pixel_pl=0.0000 real_p2_pixel_id=0.0000 real_p2_latent=0.0000 real_p2_low_t_hits=0.0000 real_total=0.0477 synth_eps=0.0354 synth_eps_raw=0.0354 synth_pixel_l1=0.0000 synth_pixel_pl=0.0000 synth_pixel_id=0.0000 synth_latent=0.0000 synth_low_t_hits=0.0000 synth_total=0.0354 extra_render_attn_share=0.6568
[step 17300] real_p1_mirror_hole_cov=0.0413 real_p1_eps=0.0405 real_p1_hole_frac=0.1172 real_p2_eps=0.1525 real_p2_pixel_l1=0.0000 real_p2_pixel_pl=0.0000 real_p2_pixel_id=0.0000 real_p2_latent=0.0000 real_p2_low_t_hits=1.0000 real_total=0.1930 synth_eps=0.0069 synth_eps_raw=0.0069 synth_pixel_l1=0.0000 synth_pixel_pl=0.0000 synth_pixel_id=0.0000 synth_latent=0.0000 synth_low_t_hits=0.0000 synth_total=0.0069 extra_render_attn_share=0.6568
[step 17350] real_p1_mirror_hole_cov=0.0577 real_p1_eps=0.0071 real_p1_hole_frac=0.3487 real_p2_eps=0.0228 real_p2_pixel_l1=0.0000 real_p2_pixel_pl=0.0000 real_p2_pixel_id=0.0000 real_p2_latent=0.0000 real_p2_low_t_hits=0.0000 real_total=0.0299 synth_eps=0.0786 synth_eps_raw=0.0786 synth_pixel_l1=0.0000 synth_pixel_pl=0.0000 synth_pixel_id=0.0000 synth_latent=0.0000 synth_low_t_hits=0.0000 synth_total=0.0786 extra_render_attn_share=0.6568
[step 17400] real_p1_mirror_hole_cov=0.0680 real_p1_eps=0.0009 real_p1_hole_frac=0.1013 real_p2_eps=0.0214 real_p2_pixel_l1=0.0000 real_p2_pixel_pl=0.0000 real_p2_pixel_id=0.0000 real_p2_latent=0.0000 real_p2_low_t_hits=0.0000 real_total=0.0222 synth_eps=0.0059 synth_eps_raw=0.0059 synth_pixel_l1=0.0000 synth_pixel_pl=0.0000 synth_pixel_id=0.0000 synth_latent=0.0000 synth_low_t_hits=0.0000 synth_total=0.0059 extra_render_attn_share=0.6568
[step 17450] real_p1_mirror_hole_cov=0.3365 real_p1_eps=0.0908 real_p1_hole_frac=0.2937 real_p2_eps=0.0220 real_p2_pixel_l1=0.0000 real_p2_pixel_pl=0.0000 real_p2_pixel_id=0.0000 real_p2_latent=0.0000 real_p2_low_t_hits=0.0000 real_total=0.1128 synth_eps=0.0826 synth_eps_raw=0.0826 synth_pixel_l1=0.0000 synth_pixel_pl=0.0000 synth_pixel_id=0.0000 synth_latent=0.0000 synth_low_t_hits=0.0000 synth_total=0.0826 extra_render_attn_share=0.6568
[step 17500] real_p1_mirror_hole_cov=0.0144 real_p1_eps=0.0214 real_p1_hole_frac=0.0683 real_p2_eps=0.1000 real_p2_pixel_l1=0.0000 real_p2_pixel_pl=0.0000 real_p2_pixel_id=0.0000 real_p2_latent=0.0000 real_p2_low_t_hits=1.0000 real_total=0.1214 synth_eps=0.0261 synth_eps_raw=0.0261 synth_pixel_l1=0.0000 synth_pixel_pl=0.0000 synth_pixel_id=0.0000 synth_latent=0.0000 synth_low_t_hits=0.0000 synth_total=0.0261 extra_render_attn_share=0.6568
[images] real: anchor | cond1 | cond2 | inv_warp_mirror | mask | mask_inv | warp_img | warp_warp_img | x | y_hat | y_hat_novel -> /home/xzy/warpgan-diffusiong-inpainting/warpgan-diffusion-inpainting-main/experiments/train_inpainting_diffusion/[20260910-123409]_v18w1_ctrl_50k/logs/images/train/real_step0017500.png
[images] synth: cond | mask | target | warp_img | x | y_hat_novel -> /home/xzy/warpgan-diffusiong-inpainting/warpgan-diffusion-inpainting-main/experiments/train_inpainting_diffusion/[20260910-123409]_v18w1_ctrl_50k/logs/images/train/synth_step0017500.png
[step 17550] real_p1_mirror_hole_cov=0.0986 real_p1_eps=0.0176 real_p1_hole_frac=0.3596 real_p2_eps=0.1648 real_p2_pixel_l1=0.0000 real_p2_pixel_pl=0.0000 real_p2_pixel_id=0.0000 real_p2_latent=0.0000 real_p2_low_t_hits=0.0000 real_total=0.1825 synth_eps=0.2975 synth_eps_raw=0.2975 synth_pixel_l1=0.0000 synth_pixel_pl=0.0000 synth_pixel_id=0.0000 synth_latent=0.0000 synth_low_t_hits=1.0000 synth_total=0.2975 extra_render_attn_share=0.6568
[step 17600] real_p1_mirror_hole_cov=0.0674 real_p1_eps=0.0837 real_p1_hole_frac=0.5307 real_p2_eps=0.6820 real_p2_pixel_l1=0.0000 real_p2_pixel_pl=0.0000 real_p2_pixel_id=0.0000 real_p2_latent=0.0000 real_p2_low_t_hits=1.0000 real_total=0.7657 synth_eps=0.0949 synth_eps_raw=0.0949 synth_pixel_l1=0.0000 synth_pixel_pl=0.0000 synth_pixel_id=0.0000 synth_latent=0.0000 synth_low_t_hits=0.0000 synth_total=0.0949 extra_render_attn_share=0.6568
[step 17650] real_p1_mirror_hole_cov=0.0392 real_p1_eps=0.2468 real_p1_hole_frac=0.3465 real_p2_eps=0.0342 real_p2_pixel_l1=0.0000 real_p2_pixel_pl=0.0000 real_p2_pixel_id=0.0000 real_p2_latent=0.0000 real_p2_low_t_hits=0.0000 real_total=0.2810 synth_eps=0.1235 synth_eps_raw=0.1235 synth_pixel_l1=0.0000 synth_pixel_pl=0.0000 synth_pixel_id=0.0000 synth_latent=0.0000 synth_low_t_hits=0.0000 synth_total=0.1235 extra_render_attn_share=0.6568
[step 17700] real_p1_mirror_hole_cov=0.1579 real_p1_eps=0.2270 real_p1_hole_frac=0.3892 real_p2_eps=0.0017 real_p2_pixel_l1=0.0000 real_p2_pixel_pl=0.0000 real_p2_pixel_id=0.0000 real_p2_latent=0.0000 real_p2_low_t_hits=0.0000 real_total=0.2287 synth_eps=0.0019 synth_eps_raw=0.0019 synth_pixel_l1=0.0000 synth_pixel_pl=0.0000 synth_pixel_id=0.0000 synth_latent=0.0000 synth_low_t_hits=0.0000 synth_total=0.0019 extra_render_attn_share=0.6568
[step 17750] real_p1_mirror_hole_cov=0.0058 real_p1_eps=0.0173 real_p1_hole_frac=0.1058 real_p2_eps=0.1901 real_p2_pixel_l1=0.0000 real_p2_pixel_pl=0.0000 real_p2_pixel_id=0.0000 real_p2_latent=0.0000 real_p2_low_t_hits=1.0000 real_total=0.2074 synth_eps=0.0359 synth_eps_raw=0.0359 synth_pixel_l1=0.0000 synth_pixel_pl=0.0000 synth_pixel_id=0.0000 synth_latent=0.0000 synth_low_t_hits=0.0000 synth_total=0.0359 extra_render_attn_share=0.6568
[step 17800] real_p1_mirror_hole_cov=0.0190 real_p1_eps=0.2443 real_p1_hole_frac=0.1854 real_p2_eps=0.0371 real_p2_pixel_l1=0.0000 real_p2_pixel_pl=0.0000 real_p2_pixel_id=0.0000 real_p2_latent=0.0000 real_p2_low_t_hits=0.0000 real_total=0.2814 synth_eps=0.0051 synth_eps_raw=0.0051 synth_pixel_l1=0.0000 synth_pixel_pl=0.0000 synth_pixel_id=0.0000 synth_latent=0.0000 synth_low_t_hits=0.0000 synth_total=0.0051 extra_render_attn_share=0.6568
[step 17850] real_p1_mirror_hole_cov=0.0947 real_p1_eps=0.2716 real_p1_hole_frac=0.4626 real_p2_eps=0.2611 real_p2_pixel_l1=0.0000 real_p2_pixel_pl=0.0000 real_p2_pixel_id=0.0000 real_p2_latent=0.0000 real_p2_low_t_hits=1.0000 real_total=0.5327 synth_eps=0.2602 synth_eps_raw=0.2602 synth_pixel_l1=0.0000 synth_pixel_pl=0.0000 synth_pixel_id=0.0000 synth_latent=0.0000 synth_low_t_hits=1.0000 synth_total=0.2602 extra_render_attn_share=0.6568
[step 17900] real_p1_mirror_hole_cov=0.0941 real_p1_eps=0.0623 real_p1_hole_frac=0.0917 real_p2_eps=0.0688 real_p2_pixel_l1=0.0000 real_p2_pixel_pl=0.0000 real_p2_pixel_id=0.0000 real_p2_latent=0.0000 real_p2_low_t_hits=0.0000 real_total=0.1311 synth_eps=0.1312 synth_eps_raw=0.1312 synth_pixel_l1=0.0000 synth_pixel_pl=0.0000 synth_pixel_id=0.0000 synth_latent=0.0000 synth_low_t_hits=0.0000 synth_total=0.1312 extra_render_attn_share=0.6568
[step 17950] real_p1_mirror_hole_cov=0.1036 real_p1_eps=0.0021 real_p1_hole_frac=0.4440 real_p2_eps=0.0040 real_p2_pixel_l1=0.0000 real_p2_pixel_pl=0.0000 real_p2_pixel_id=0.0000 real_p2_latent=0.0000 real_p2_low_t_hits=0.0000 real_total=0.0061 synth_eps=0.1375 synth_eps_raw=0.1375 synth_pixel_l1=0.0000 synth_pixel_pl=0.0000 synth_pixel_id=0.0000 synth_latent=0.0000 synth_low_t_hits=0.0000 synth_total=0.1375 extra_render_attn_share=0.6568
[val step 17999] val_novel_full=0.0456 val_novel_hole=0.0498 val_novel_visible=0.0444
[step 18000] real_p1_mirror_hole_cov=0.1409 real_p1_eps=0.1365 real_p1_hole_frac=0.4212 real_p2_eps=0.1165 real_p2_pixel_l1=0.0000 real_p2_pixel_pl=0.0000 real_p2_pixel_id=0.0000 real_p2_latent=0.0000 real_p2_low_t_hits=0.0000 real_total=0.2529 synth_eps=0.0366 synth_eps_raw=0.0366 synth_pixel_l1=0.0000 synth_pixel_pl=0.0000 synth_pixel_id=0.0000 synth_latent=0.0000 synth_low_t_hits=0.0000 synth_total=0.0366 extra_render_attn_share=0.6741
[images] real: anchor | cond1 | cond2 | inv_warp_mirror | mask | mask_inv | warp_img | warp_warp_img | x | y_hat | y_hat_novel -> /home/xzy/warpgan-diffusiong-inpainting/warpgan-diffusion-inpainting-main/experiments/train_inpainting_diffusion/[20260910-123409]_v18w1_ctrl_50k/logs/images/train/real_step0018000.png
[images] synth: cond | mask | target | warp_img | x | y_hat_novel -> /home/xzy/warpgan-diffusiong-inpainting/warpgan-diffusion-inpainting-main/experiments/train_inpainting_diffusion/[20260910-123409]_v18w1_ctrl_50k/logs/images/train/synth_step0018000.png
[step 18050] real_p1_mirror_hole_cov=0.1013 real_p1_eps=0.0057 real_p1_hole_frac=0.4656 real_p2_eps=0.0101 real_p2_pixel_l1=0.0000 real_p2_pixel_pl=0.0000 real_p2_pixel_id=0.0000 real_p2_latent=0.0000 real_p2_low_t_hits=0.0000 real_total=0.0158 synth_eps=0.2292 synth_eps_raw=0.2292 synth_pixel_l1=0.0000 synth_pixel_pl=0.0000 synth_pixel_id=0.0000 synth_latent=0.0000 synth_low_t_hits=0.0000 synth_total=0.2292 extra_render_attn_share=0.6741
[step 18100] real_p1_mirror_hole_cov=0.1425 real_p1_eps=0.0014 real_p1_hole_frac=0.3037 real_p2_eps=0.2387 real_p2_pixel_l1=0.0000 real_p2_pixel_pl=0.0000 real_p2_pixel_id=0.0000 real_p2_latent=0.0000 real_p2_low_t_hits=1.0000 real_total=0.2401 synth_eps=0.1174 synth_eps_raw=0.1174 synth_pixel_l1=0.0000 synth_pixel_pl=0.0000 synth_pixel_id=0.0000 synth_latent=0.0000 synth_low_t_hits=0.0000 synth_total=0.1174 extra_render_attn_share=0.6741
[step 18150] real_p1_mirror_hole_cov=0.0688 real_p1_eps=0.0008 real_p1_hole_frac=0.0380 real_p2_eps=0.0268 real_p2_pixel_l1=0.0000 real_p2_pixel_pl=0.0000 real_p2_pixel_id=0.0000 real_p2_latent=0.0000 real_p2_low_t_hits=0.0000 real_total=0.0276 synth_eps=0.0209 synth_eps_raw=0.0209 synth_pixel_l1=0.0000 synth_pixel_pl=0.0000 synth_pixel_id=0.0000 synth_latent=0.0000 synth_low_t_hits=0.0000 synth_total=0.0209 extra_render_attn_share=0.6741
[step 18200] real_p1_mirror_hole_cov=0.0169 real_p1_eps=0.2732 real_p1_hole_frac=0.2054 real_p2_eps=0.0592 real_p2_pixel_l1=0.0000 real_p2_pixel_pl=0.0000 real_p2_pixel_id=0.0000 real_p2_latent=0.0000 real_p2_low_t_hits=0.0000 real_total=0.3324 synth_eps=0.0564 synth_eps_raw=0.0564 synth_pixel_l1=0.0000 synth_pixel_pl=0.0000 synth_pixel_id=0.0000 synth_latent=0.0000 synth_low_t_hits=0.0000 synth_total=0.0564 extra_render_attn_share=0.6741
[step 18250] real_p1_mirror_hole_cov=0.0699 real_p1_eps=0.0474 real_p1_hole_frac=0.0613 real_p2_eps=0.0266 real_p2_pixel_l1=0.0000 real_p2_pixel_pl=0.0000 real_p2_pixel_id=0.0000 real_p2_latent=0.0000 real_p2_low_t_hits=0.0000 real_total=0.0740 synth_eps=0.0431 synth_eps_raw=0.0431 synth_pixel_l1=0.0000 synth_pixel_pl=0.0000 synth_pixel_id=0.0000 synth_latent=0.0000 synth_low_t_hits=0.0000 synth_total=0.0431 extra_render_attn_share=0.6741
[step 18300] real_p1_mirror_hole_cov=0.0457 real_p1_eps=0.0222 real_p1_hole_frac=0.2075 real_p2_eps=0.3144 real_p2_pixel_l1=0.0000 real_p2_pixel_pl=0.0000 real_p2_pixel_id=0.0000 real_p2_latent=0.0000 real_p2_low_t_hits=1.0000 real_total=0.3366 synth_eps=0.0388 synth_eps_raw=0.0388 synth_pixel_l1=0.0000 synth_pixel_pl=0.0000 synth_pixel_id=0.0000 synth_latent=0.0000 synth_low_t_hits=0.0000 synth_total=0.0388 extra_render_attn_share=0.6741
[step 18350] real_p1_mirror_hole_cov=0.0672 real_p1_eps=0.1063 real_p1_hole_frac=0.4374 real_p2_eps=0.0013 real_p2_pixel_l1=0.0000 real_p2_pixel_pl=0.0000 real_p2_pixel_id=0.0000 real_p2_latent=0.0000 real_p2_low_t_hits=0.0000 real_total=0.1076 synth_eps=0.0106 synth_eps_raw=0.0106 synth_pixel_l1=0.0000 synth_pixel_pl=0.0000 synth_pixel_id=0.0000 synth_latent=0.0000 synth_low_t_hits=0.0000 synth_total=0.0106 extra_render_attn_share=0.6741
[step 18400] real_p1_mirror_hole_cov=0.0427 real_p1_eps=0.0323 real_p1_hole_frac=0.1315 real_p2_eps=0.0616 real_p2_pixel_l1=0.0000 real_p2_pixel_pl=0.0000 real_p2_pixel_id=0.0000 real_p2_latent=0.0000 real_p2_low_t_hits=0.0000 real_total=0.0939 synth_eps=0.0061 synth_eps_raw=0.0061 synth_pixel_l1=0.0000 synth_pixel_pl=0.0000 synth_pixel_id=0.0000 synth_latent=0.0000 synth_low_t_hits=0.0000 synth_total=0.0061 extra_render_attn_share=0.6741
[step 18450] real_p1_mirror_hole_cov=0.0030 real_p1_eps=0.0030 real_p1_hole_frac=0.0516 real_p2_eps=0.0770 real_p2_pixel_l1=0.0000 real_p2_pixel_pl=0.0000 real_p2_pixel_id=0.0000 real_p2_latent=0.0000 real_p2_low_t_hits=0.0000 real_total=0.0800 synth_eps=0.0804 synth_eps_raw=0.0804 synth_pixel_l1=0.0000 synth_pixel_pl=0.0000 synth_pixel_id=0.0000 synth_latent=0.0000 synth_low_t_hits=0.0000 synth_total=0.0804 extra_render_attn_share=0.6741
[step 18500] real_p1_mirror_hole_cov=0.0382 real_p1_eps=0.0083 real_p1_hole_frac=0.4556 real_p2_eps=0.0080 real_p2_pixel_l1=0.0000 real_p2_pixel_pl=0.0000 real_p2_pixel_id=0.0000 real_p2_latent=0.0000 real_p2_low_t_hits=0.0000 real_total=0.0163 synth_eps=0.0413 synth_eps_raw=0.0413 synth_pixel_l1=0.0000 synth_pixel_pl=0.0000 synth_pixel_id=0.0000 synth_latent=0.0000 synth_low_t_hits=0.0000 synth_total=0.0413 extra_render_attn_share=0.6741
[images] real: anchor | cond1 | cond2 | inv_warp_mirror | mask | mask_inv | warp_img | warp_warp_img | x | y_hat | y_hat_novel -> /home/xzy/warpgan-diffusiong-inpainting/warpgan-diffusion-inpainting-main/experiments/train_inpainting_diffusion/[20260910-123409]_v18w1_ctrl_50k/logs/images/train/real_step0018500.png
[images] synth: cond | mask | target | warp_img | x | y_hat_novel -> /home/xzy/warpgan-diffusiong-inpainting/warpgan-diffusion-inpainting-main/experiments/train_inpainting_diffusion/[20260910-123409]_v18w1_ctrl_50k/logs/images/train/synth_step0018500.png
[step 18550] real_p1_mirror_hole_cov=0.1256 real_p1_eps=0.0047 real_p1_hole_frac=0.2329 real_p2_eps=0.0528 real_p2_pixel_l1=0.0000 real_p2_pixel_pl=0.0000 real_p2_pixel_id=0.0000 real_p2_latent=0.0000 real_p2_low_t_hits=0.0000 real_total=0.0576 synth_eps=0.1582 synth_eps_raw=0.1582 synth_pixel_l1=0.0000 synth_pixel_pl=0.0000 synth_pixel_id=0.0000 synth_latent=0.0000 synth_low_t_hits=0.0000 synth_total=0.1582 extra_render_attn_share=0.6741
[step 18600] real_p1_mirror_hole_cov=0.0555 real_p1_eps=0.0026 real_p1_hole_frac=0.4096 real_p2_eps=0.0031 real_p2_pixel_l1=0.0000 real_p2_pixel_pl=0.0000 real_p2_pixel_id=0.0000 real_p2_latent=0.0000 real_p2_low_t_hits=0.0000 real_total=0.0057 synth_eps=0.0549 synth_eps_raw=0.0549 synth_pixel_l1=0.0000 synth_pixel_pl=0.0000 synth_pixel_id=0.0000 synth_latent=0.0000 synth_low_t_hits=0.0000 synth_total=0.0549 extra_render_attn_share=0.6741
[step 18650] real_p1_mirror_hole_cov=0.1771 real_p1_eps=0.2339 real_p1_hole_frac=0.2434 real_p2_eps=0.0779 real_p2_pixel_l1=0.0000 real_p2_pixel_pl=0.0000 real_p2_pixel_id=0.0000 real_p2_latent=0.0000 real_p2_low_t_hits=0.0000 real_total=0.3118 synth_eps=0.1193 synth_eps_raw=0.1193 synth_pixel_l1=0.0000 synth_pixel_pl=0.0000 synth_pixel_id=0.0000 synth_latent=0.0000 synth_low_t_hits=0.0000 synth_total=0.1193 extra_render_attn_share=0.6741
[step 18700] real_p1_mirror_hole_cov=0.0353 real_p1_eps=0.0011 real_p1_hole_frac=0.0611 real_p2_eps=0.0721 real_p2_pixel_l1=0.0000 real_p2_pixel_pl=0.0000 real_p2_pixel_id=0.0000 real_p2_latent=0.0000 real_p2_low_t_hits=0.0000 real_total=0.0732 synth_eps=0.1627 synth_eps_raw=0.1627 synth_pixel_l1=0.0000 synth_pixel_pl=0.0000 synth_pixel_id=0.0000 synth_latent=0.0000 synth_low_t_hits=0.0000 synth_total=0.1627 extra_render_attn_share=0.6741
[step 18750] real_p1_mirror_hole_cov=0.1289 real_p1_eps=0.1358 real_p1_hole_frac=0.3181 real_p2_eps=0.1589 real_p2_pixel_l1=0.0000 real_p2_pixel_pl=0.0000 real_p2_pixel_id=0.0000 real_p2_latent=0.0000 real_p2_low_t_hits=0.0000 real_total=0.2946 synth_eps=0.0892 synth_eps_raw=0.0892 synth_pixel_l1=0.0000 synth_pixel_pl=0.0000 synth_pixel_id=0.0000 synth_latent=0.0000 synth_low_t_hits=0.0000 synth_total=0.0892 extra_render_attn_share=0.6741
[step 18800] real_p1_mirror_hole_cov=0.1777 real_p1_eps=0.0038 real_p1_hole_frac=0.0560 real_p2_eps=0.0031 real_p2_pixel_l1=0.0000 real_p2_pixel_pl=0.0000 real_p2_pixel_id=0.0000 real_p2_latent=0.0000 real_p2_low_t_hits=0.0000 real_total=0.0069 synth_eps=0.0956 synth_eps_raw=0.0956 synth_pixel_l1=0.0000 synth_pixel_pl=0.0000 synth_pixel_id=0.0000 synth_latent=0.0000 synth_low_t_hits=0.0000 synth_total=0.0956 extra_render_attn_share=0.6741
[step 18850] real_p1_mirror_hole_cov=0.1428 real_p1_eps=0.0038 real_p1_hole_frac=0.2868 real_p2_eps=0.0223 real_p2_pixel_l1=0.0000 real_p2_pixel_pl=0.0000 real_p2_pixel_id=0.0000 real_p2_latent=0.0000 real_p2_low_t_hits=0.0000 real_total=0.0261 synth_eps=0.0026 synth_eps_raw=0.0026 synth_pixel_l1=0.0000 synth_pixel_pl=0.0000 synth_pixel_id=0.0000 synth_latent=0.0000 synth_low_t_hits=0.0000 synth_total=0.0026 extra_render_attn_share=0.6741
[step 18900] real_p1_mirror_hole_cov=0.0197 real_p1_eps=0.0113 real_p1_hole_frac=0.0846 real_p2_eps=0.1563 real_p2_pixel_l1=0.0000 real_p2_pixel_pl=0.0000 real_p2_pixel_id=0.0000 real_p2_latent=0.0000 real_p2_low_t_hits=1.0000 real_total=0.1676 synth_eps=0.0026 synth_eps_raw=0.0026 synth_pixel_l1=0.0000 synth_pixel_pl=0.0000 synth_pixel_id=0.0000 synth_latent=0.0000 synth_low_t_hits=0.0000 synth_total=0.0026 extra_render_attn_share=0.6741
[step 18950] real_p1_mirror_hole_cov=0.2247 real_p1_eps=0.0243 real_p1_hole_frac=0.5583 real_p2_eps=0.0423 real_p2_pixel_l1=0.0000 real_p2_pixel_pl=0.0000 real_p2_pixel_id=0.0000 real_p2_latent=0.0000 real_p2_low_t_hits=0.0000 real_total=0.0666 synth_eps=0.2005 synth_eps_raw=0.2005 synth_pixel_l1=0.0000 synth_pixel_pl=0.0000 synth_pixel_id=0.0000 synth_latent=0.0000 synth_low_t_hits=0.0000 synth_total=0.2005 extra_render_attn_share=0.6741
[step 19000] real_p1_mirror_hole_cov=0.3446 real_p1_eps=0.4722 real_p1_hole_frac=0.3688 real_p2_eps=0.0032 real_p2_pixel_l1=0.0000 real_p2_pixel_pl=0.0000 real_p2_pixel_id=0.0000 real_p2_latent=0.0000 real_p2_low_t_hits=0.0000 real_total=0.4754 synth_eps=0.1080 synth_eps_raw=0.1080 synth_pixel_l1=0.0000 synth_pixel_pl=0.0000 synth_pixel_id=0.0000 synth_latent=0.0000 synth_low_t_hits=0.0000 synth_total=0.1080 extra_render_attn_share=0.6741
[images] real: anchor | cond1 | cond2 | inv_warp_mirror | mask | mask_inv | warp_img | warp_warp_img | x | y_hat | y_hat_novel -> /home/xzy/warpgan-diffusiong-inpainting/warpgan-diffusion-inpainting-main/experiments/train_inpainting_diffusion/[20260910-123409]_v18w1_ctrl_50k/logs/images/train/real_step0019000.png
[images] synth: cond | mask | target | warp_img | x | y_hat_novel -> /home/xzy/warpgan-diffusiong-inpainting/warpgan-diffusion-inpainting-main/experiments/train_inpainting_diffusion/[20260910-123409]_v18w1_ctrl_50k/logs/images/train/synth_step0019000.png
[step 19050] real_p1_mirror_hole_cov=0.1067 real_p1_eps=0.3867 real_p1_hole_frac=0.3875 real_p2_eps=0.2745 real_p2_pixel_l1=0.0000 real_p2_pixel_pl=0.0000 real_p2_pixel_id=0.0000 real_p2_latent=0.0000 real_p2_low_t_hits=1.0000 real_total=0.6613 synth_eps=0.0095 synth_eps_raw=0.0095 synth_pixel_l1=0.0000 synth_pixel_pl=0.0000 synth_pixel_id=0.0000 synth_latent=0.0000 synth_low_t_hits=0.0000 synth_total=0.0095 extra_render_attn_share=0.6741
[step 19100] real_p1_mirror_hole_cov=0.2119 real_p1_eps=0.1142 real_p1_hole_frac=0.5023 real_p2_eps=0.0561 real_p2_pixel_l1=0.0000 real_p2_pixel_pl=0.0000 real_p2_pixel_id=0.0000 real_p2_latent=0.0000 real_p2_low_t_hits=0.0000 real_total=0.1704 synth_eps=0.0743 synth_eps_raw=0.0743 synth_pixel_l1=0.0000 synth_pixel_pl=0.0000 synth_pixel_id=0.0000 synth_latent=0.0000 synth_low_t_hits=0.0000 synth_total=0.0743 extra_render_attn_share=0.6741
[step 19150] real_p1_mirror_hole_cov=0.0786 real_p1_eps=0.0021 real_p1_hole_frac=0.1987 real_p2_eps=0.0443 real_p2_pixel_l1=0.0000 real_p2_pixel_pl=0.0000 real_p2_pixel_id=0.0000 real_p2_latent=0.0000 real_p2_low_t_hits=0.0000 real_total=0.0464 synth_eps=0.2414 synth_eps_raw=0.2414 synth_pixel_l1=0.0000 synth_pixel_pl=0.0000 synth_pixel_id=0.0000 synth_latent=0.0000 synth_low_t_hits=1.0000 synth_total=0.2414 extra_render_attn_share=0.6741
[step 19200] real_p1_mirror_hole_cov=0.0449 real_p1_eps=0.0582 real_p1_hole_frac=0.1707 real_p2_eps=0.0026 real_p2_pixel_l1=0.0000 real_p2_pixel_pl=0.0000 real_p2_pixel_id=0.0000 real_p2_latent=0.0000 real_p2_low_t_hits=0.0000 real_total=0.0608 synth_eps=0.0412 synth_eps_raw=0.0412 synth_pixel_l1=0.0000 synth_pixel_pl=0.0000 synth_pixel_id=0.0000 synth_latent=0.0000 synth_low_t_hits=0.0000 synth_total=0.0412 extra_render_attn_share=0.6741
[step 19250] real_p1_mirror_hole_cov=0.0099 real_p1_eps=0.0667 real_p1_hole_frac=0.1034 real_p2_eps=0.0809 real_p2_pixel_l1=0.0000 real_p2_pixel_pl=0.0000 real_p2_pixel_id=0.0000 real_p2_latent=0.0000 real_p2_low_t_hits=1.0000 real_total=0.1476 synth_eps=0.3808 synth_eps_raw=0.3808 synth_pixel_l1=0.0000 synth_pixel_pl=0.0000 synth_pixel_id=0.0000 synth_latent=0.0000 synth_low_t_hits=1.0000 synth_total=0.3808 extra_render_attn_share=0.6741
[step 19300] real_p1_mirror_hole_cov=0.0001 real_p1_eps=0.0040 real_p1_hole_frac=0.2094 real_p2_eps=0.2169 real_p2_pixel_l1=0.0000 real_p2_pixel_pl=0.0000 real_p2_pixel_id=0.0000 real_p2_latent=0.0000 real_p2_low_t_hits=1.0000 real_total=0.2209 synth_eps=0.3788 synth_eps_raw=0.3788 synth_pixel_l1=0.0000 synth_pixel_pl=0.0000 synth_pixel_id=0.0000 synth_latent=0.0000 synth_low_t_hits=1.0000 synth_total=0.3788 extra_render_attn_share=0.6741
[step 19350] real_p1_mirror_hole_cov=0.0342 real_p1_eps=0.0610 real_p1_hole_frac=0.3128 real_p2_eps=0.0012 real_p2_pixel_l1=0.0000 real_p2_pixel_pl=0.0000 real_p2_pixel_id=0.0000 real_p2_latent=0.0000 real_p2_low_t_hits=0.0000 real_total=0.0622 synth_eps=0.0940 synth_eps_raw=0.0940 synth_pixel_l1=0.0000 synth_pixel_pl=0.0000 synth_pixel_id=0.0000 synth_latent=0.0000 synth_low_t_hits=0.0000 synth_total=0.0940 extra_render_attn_share=0.6741
[step 19400] real_p1_mirror_hole_cov=0.0071 real_p1_eps=0.0169 real_p1_hole_frac=0.2343 real_p2_eps=0.0423 real_p2_pixel_l1=0.0000 real_p2_pixel_pl=0.0000 real_p2_pixel_id=0.0000 real_p2_latent=0.0000 real_p2_low_t_hits=0.0000 real_total=0.0592 synth_eps=0.0572 synth_eps_raw=0.0572 synth_pixel_l1=0.0000 synth_pixel_pl=0.0000 synth_pixel_id=0.0000 synth_latent=0.0000 synth_low_t_hits=0.0000 synth_total=0.0572 extra_render_attn_share=0.6741
[step 19450] real_p1_mirror_hole_cov=0.3216 real_p1_eps=0.0282 real_p1_hole_frac=0.4301 real_p2_eps=0.0527 real_p2_pixel_l1=0.0000 real_p2_pixel_pl=0.0000 real_p2_pixel_id=0.0000 real_p2_latent=0.0000 real_p2_low_t_hits=0.0000 real_total=0.0809 synth_eps=0.0212 synth_eps_raw=0.0212 synth_pixel_l1=0.0000 synth_pixel_pl=0.0000 synth_pixel_id=0.0000 synth_latent=0.0000 synth_low_t_hits=0.0000 synth_total=0.0212 extra_render_attn_share=0.6741
[step 19500] real_p1_mirror_hole_cov=0.2846 real_p1_eps=0.1602 real_p1_hole_frac=0.4311 real_p2_eps=0.3404 real_p2_pixel_l1=0.0000 real_p2_pixel_pl=0.0000 real_p2_pixel_id=0.0000 real_p2_latent=0.0000 real_p2_low_t_hits=1.0000 real_total=0.5005 synth_eps=0.0023 synth_eps_raw=0.0023 synth_pixel_l1=0.0000 synth_pixel_pl=0.0000 synth_pixel_id=0.0000 synth_latent=0.0000 synth_low_t_hits=0.0000 synth_total=0.0023 extra_render_attn_share=0.6741
[images] real: anchor | cond1 | cond2 | inv_warp_mirror | mask | mask_inv | warp_img | warp_warp_img | x | y_hat | y_hat_novel -> /home/xzy/warpgan-diffusiong-inpainting/warpgan-diffusion-inpainting-main/experiments/train_inpainting_diffusion/[20260910-123409]_v18w1_ctrl_50k/logs/images/train/real_step0019500.png
[images] synth: cond | mask | target | warp_img | x | y_hat_novel -> /home/xzy/warpgan-diffusiong-inpainting/warpgan-diffusion-inpainting-main/experiments/train_inpainting_diffusion/[20260910-123409]_v18w1_ctrl_50k/logs/images/train/synth_step0019500.png
[step 19550] real_p1_mirror_hole_cov=0.2052 real_p1_eps=0.0033 real_p1_hole_frac=0.3522 real_p2_eps=0.0258 real_p2_pixel_l1=0.0000 real_p2_pixel_pl=0.0000 real_p2_pixel_id=0.0000 real_p2_latent=0.0000 real_p2_low_t_hits=0.0000 real_total=0.0291 synth_eps=0.0903 synth_eps_raw=0.0903 synth_pixel_l1=0.0000 synth_pixel_pl=0.0000 synth_pixel_id=0.0000 synth_latent=0.0000 synth_low_t_hits=0.0000 synth_total=0.0903 extra_render_attn_share=0.6741
[step 19600] real_p1_mirror_hole_cov=0.3145 real_p1_eps=0.0433 real_p1_hole_frac=0.3396 real_p2_eps=0.1723 real_p2_pixel_l1=0.0000 real_p2_pixel_pl=0.0000 real_p2_pixel_id=0.0000 real_p2_latent=0.0000 real_p2_low_t_hits=1.0000 real_total=0.2156 synth_eps=0.1044 synth_eps_raw=0.1044 synth_pixel_l1=0.0000 synth_pixel_pl=0.0000 synth_pixel_id=0.0000 synth_latent=0.0000 synth_low_t_hits=0.0000 synth_total=0.1044 extra_render_attn_share=0.6741
[step 19650] real_p1_mirror_hole_cov=0.1411 real_p1_eps=0.0325 real_p1_hole_frac=0.5292 real_p2_eps=0.0714 real_p2_pixel_l1=0.0000 real_p2_pixel_pl=0.0000 real_p2_pixel_id=0.0000 real_p2_latent=0.0000 real_p2_low_t_hits=0.0000 real_total=0.1040 synth_eps=0.0756 synth_eps_raw=0.0756 synth_pixel_l1=0.0000 synth_pixel_pl=0.0000 synth_pixel_id=0.0000 synth_latent=0.0000 synth_low_t_hits=0.0000 synth_total=0.0756 extra_render_attn_share=0.6741
[step 19700] real_p1_mirror_hole_cov=0.0822 real_p1_eps=0.1076 real_p1_hole_frac=0.4729 real_p2_eps=0.0192 real_p2_pixel_l1=0.0000 real_p2_pixel_pl=0.0000 real_p2_pixel_id=0.0000 real_p2_latent=0.0000 real_p2_low_t_hits=0.0000 real_total=0.1268 synth_eps=0.0065 synth_eps_raw=0.0065 synth_pixel_l1=0.0000 synth_pixel_pl=0.0000 synth_pixel_id=0.0000 synth_latent=0.0000 synth_low_t_hits=0.0000 synth_total=0.0065 extra_render_attn_share=0.6741
[step 19750] real_p1_mirror_hole_cov=0.2773 real_p1_eps=0.0063 real_p1_hole_frac=0.4714 real_p2_eps=0.0487 real_p2_pixel_l1=0.0000 real_p2_pixel_pl=0.0000 real_p2_pixel_id=0.0000 real_p2_latent=0.0000 real_p2_low_t_hits=0.0000 real_total=0.0549 synth_eps=0.0020 synth_eps_raw=0.0020 synth_pixel_l1=0.0000 synth_pixel_pl=0.0000 synth_pixel_id=0.0000 synth_latent=0.0000 synth_low_t_hits=0.0000 synth_total=0.0020 extra_render_attn_share=0.6741
[step 19800] real_p1_mirror_hole_cov=0.1378 real_p1_eps=0.0550 real_p1_hole_frac=0.0386 real_p2_eps=0.0008 real_p2_pixel_l1=0.0000 real_p2_pixel_pl=0.0000 real_p2_pixel_id=0.0000 real_p2_latent=0.0000 real_p2_low_t_hits=0.0000 real_total=0.0558 synth_eps=0.2929 synth_eps_raw=0.2929 synth_pixel_l1=0.0000 synth_pixel_pl=0.0000 synth_pixel_id=0.0000 synth_latent=0.0000 synth_low_t_hits=1.0000 synth_total=0.2929 extra_render_attn_share=0.6741
[step 19850] real_p1_mirror_hole_cov=0.2033 real_p1_eps=0.0113 real_p1_hole_frac=0.2919 real_p2_eps=0.0689 real_p2_pixel_l1=0.0000 real_p2_pixel_pl=0.0000 real_p2_pixel_id=0.0000 real_p2_latent=0.0000 real_p2_low_t_hits=0.0000 real_total=0.0802 synth_eps=0.0306 synth_eps_raw=0.0306 synth_pixel_l1=0.0000 synth_pixel_pl=0.0000 synth_pixel_id=0.0000 synth_latent=0.0000 synth_low_t_hits=0.0000 synth_total=0.0306 extra_render_attn_share=0.6741
[step 19900] real_p1_mirror_hole_cov=0.0355 real_p1_eps=0.0034 real_p1_hole_frac=0.1537 real_p2_eps=0.0900 real_p2_pixel_l1=0.0000 real_p2_pixel_pl=0.0000 real_p2_pixel_id=0.0000 real_p2_latent=0.0000 real_p2_low_t_hits=0.0000 real_total=0.0934 synth_eps=0.0541 synth_eps_raw=0.0541 synth_pixel_l1=0.0000 synth_pixel_pl=0.0000 synth_pixel_id=0.0000 synth_latent=0.0000 synth_low_t_hits=0.0000 synth_total=0.0541 extra_render_attn_share=0.6741
[step 19950] real_p1_mirror_hole_cov=0.1116 real_p1_eps=0.0302 real_p1_hole_frac=0.1878 real_p2_eps=0.0016 real_p2_pixel_l1=0.0000 real_p2_pixel_pl=0.0000 real_p2_pixel_id=0.0000 real_p2_latent=0.0000 real_p2_low_t_hits=0.0000 real_total=0.0318 synth_eps=0.2556 synth_eps_raw=0.2556 synth_pixel_l1=0.0000 synth_pixel_pl=0.0000 synth_pixel_id=0.0000 synth_latent=0.0000 synth_low_t_hits=1.0000 synth_total=0.2556 extra_render_attn_share=0.6741
[ckpt] saved /home/xzy/warpgan-diffusiong-inpainting/warpgan-diffusion-inpainting-main/experiments/train_inpainting_diffusion/[20260910-123409]_v18w1_ctrl_50k/checkpoints/iteration_0019999.pt
[val step 19999] val_novel_full=0.0395 val_novel_hole=0.0715 val_novel_visible=0.0350
[step 20000] real_p1_mirror_hole_cov=0.0129 real_p1_eps=0.0254 real_p1_hole_frac=0.3153 real_p2_eps=0.0064 real_p2_pixel_l1=0.0000 real_p2_pixel_pl=0.0000 real_p2_pixel_id=0.0000 real_p2_latent=0.0000 real_p2_low_t_hits=0.0000 real_total=0.0318 synth_eps=0.4368 synth_eps_raw=0.4368 synth_pixel_l1=0.0000 synth_pixel_pl=0.0000 synth_pixel_id=0.0000 synth_latent=0.0000 synth_low_t_hits=1.0000 synth_total=0.4368 extra_render_attn_share=0.6809
[images] real: anchor | cond1 | cond2 | inv_warp_mirror | mask | mask_inv | warp_img | warp_warp_img | x | y_hat | y_hat_novel -> /home/xzy/warpgan-diffusiong-inpainting/warpgan-diffusion-inpainting-main/experiments/train_inpainting_diffusion/[20260910-123409]_v18w1_ctrl_50k/logs/images/train/real_step0020000.png
[images] synth: cond | mask | target | warp_img | x | y_hat_novel -> /home/xzy/warpgan-diffusiong-inpainting/warpgan-diffusion-inpainting-main/experiments/train_inpainting_diffusion/[20260910-123409]_v18w1_ctrl_50k/logs/images/train/synth_step0020000.png
[step 20050] real_p1_mirror_hole_cov=0.0256 real_p1_eps=0.0417 real_p1_hole_frac=0.2051 real_p2_eps=0.0053 real_p2_pixel_l1=0.0000 real_p2_pixel_pl=0.0000 real_p2_pixel_id=0.0000 real_p2_latent=0.0000 real_p2_low_t_hits=0.0000 real_total=0.0470 synth_eps=0.2410 synth_eps_raw=0.2410 synth_pixel_l1=0.0000 synth_pixel_pl=0.0000 synth_pixel_id=0.0000 synth_latent=0.0000 synth_low_t_hits=1.0000 synth_total=0.2410 extra_render_attn_share=0.6809
[step 20100] real_p1_mirror_hole_cov=0.1346 real_p1_eps=0.0025 real_p1_hole_frac=0.0383 real_p2_eps=0.0260 real_p2_pixel_l1=0.0000 real_p2_pixel_pl=0.0000 real_p2_pixel_id=0.0000 real_p2_latent=0.0000 real_p2_low_t_hits=0.0000 real_total=0.0285 synth_eps=0.2229 synth_eps_raw=0.2229 synth_pixel_l1=0.0000 synth_pixel_pl=0.0000 synth_pixel_id=0.0000 synth_latent=0.0000 synth_low_t_hits=1.0000 synth_total=0.2229 extra_render_attn_share=0.6809
[step 20150] real_p1_mirror_hole_cov=0.4724 real_p1_eps=0.0621 real_p1_hole_frac=0.3691 real_p2_eps=0.2086 real_p2_pixel_l1=0.0000 real_p2_pixel_pl=0.0000 real_p2_pixel_id=0.0000 real_p2_latent=0.0000 real_p2_low_t_hits=1.0000 real_total=0.2706 synth_eps=0.0020 synth_eps_raw=0.0020 synth_pixel_l1=0.0000 synth_pixel_pl=0.0000 synth_pixel_id=0.0000 synth_latent=0.0000 synth_low_t_hits=0.0000 synth_total=0.0020 extra_render_attn_share=0.6809
[step 20200] real_p1_mirror_hole_cov=0.1301 real_p1_eps=0.0455 real_p1_hole_frac=0.5405 real_p2_eps=0.0896 real_p2_pixel_l1=0.0000 real_p2_pixel_pl=0.0000 real_p2_pixel_id=0.0000 real_p2_latent=0.0000 real_p2_low_t_hits=0.0000 real_total=0.1351 synth_eps=0.0016 synth_eps_raw=0.0016 synth_pixel_l1=0.0000 synth_pixel_pl=0.0000 synth_pixel_id=0.0000 synth_latent=0.0000 synth_low_t_hits=0.0000 synth_total=0.0016 extra_render_attn_share=0.6809
[step 20250] real_p1_mirror_hole_cov=0.0080 real_p1_eps=0.0022 real_p1_hole_frac=0.2190 real_p2_eps=0.3765 real_p2_pixel_l1=0.0000 real_p2_pixel_pl=0.0000 real_p2_pixel_id=0.0000 real_p2_latent=0.0000 real_p2_low_t_hits=1.0000 real_total=0.3787 synth_eps=0.0019 synth_eps_raw=0.0019 synth_pixel_l1=0.0000 synth_pixel_pl=0.0000 synth_pixel_id=0.0000 synth_latent=0.0000 synth_low_t_hits=0.0000 synth_total=0.0019 extra_render_attn_share=0.6809
[step 20300] real_p1_mirror_hole_cov=0.1542 real_p1_eps=0.0794 real_p1_hole_frac=0.2001 real_p2_eps=0.0183 real_p2_pixel_l1=0.0000 real_p2_pixel_pl=0.0000 real_p2_pixel_id=0.0000 real_p2_latent=0.0000 real_p2_low_t_hits=0.0000 real_total=0.0977 synth_eps=0.5477 synth_eps_raw=0.5477 synth_pixel_l1=0.0000 synth_pixel_pl=0.0000 synth_pixel_id=0.0000 synth_latent=0.0000 synth_low_t_hits=1.0000 synth_total=0.5477 extra_render_attn_share=0.6809
[step 20350] real_p1_mirror_hole_cov=0.2131 real_p1_eps=0.0226 real_p1_hole_frac=0.5976 real_p2_eps=0.1228 real_p2_pixel_l1=0.0000 real_p2_pixel_pl=0.0000 real_p2_pixel_id=0.0000 real_p2_latent=0.0000 real_p2_low_t_hits=0.0000 real_total=0.1454 synth_eps=0.0541 synth_eps_raw=0.0541 synth_pixel_l1=0.0000 synth_pixel_pl=0.0000 synth_pixel_id=0.0000 synth_latent=0.0000 synth_low_t_hits=0.0000 synth_total=0.0541 extra_render_attn_share=0.6809
[step 20400] real_p1_mirror_hole_cov=0.2120 real_p1_eps=0.0026 real_p1_hole_frac=0.2691 real_p2_eps=0.0435 real_p2_pixel_l1=0.0000 real_p2_pixel_pl=0.0000 real_p2_pixel_id=0.0000 real_p2_latent=0.0000 real_p2_low_t_hits=0.0000 real_total=0.0460 synth_eps=0.0210 synth_eps_raw=0.0210 synth_pixel_l1=0.0000 synth_pixel_pl=0.0000 synth_pixel_id=0.0000 synth_latent=0.0000 synth_low_t_hits=0.0000 synth_total=0.0210 extra_render_attn_share=0.6809
[step 20450] real_p1_mirror_hole_cov=0.0194 real_p1_eps=0.0432 real_p1_hole_frac=0.1176 real_p2_eps=0.0265 real_p2_pixel_l1=0.0000 real_p2_pixel_pl=0.0000 real_p2_pixel_id=0.0000 real_p2_latent=0.0000 real_p2_low_t_hits=0.0000 real_total=0.0696 synth_eps=0.0835 synth_eps_raw=0.0835 synth_pixel_l1=0.0000 synth_pixel_pl=0.0000 synth_pixel_id=0.0000 synth_latent=0.0000 synth_low_t_hits=0.0000 synth_total=0.0835 extra_render_attn_share=0.6809
[step 20500] real_p1_mirror_hole_cov=0.0651 real_p1_eps=0.1962 real_p1_hole_frac=0.1531 real_p2_eps=0.0842 real_p2_pixel_l1=0.0000 real_p2_pixel_pl=0.0000 real_p2_pixel_id=0.0000 real_p2_latent=0.0000 real_p2_low_t_hits=0.0000 real_total=0.2803 synth_eps=0.0712 synth_eps_raw=0.0712 synth_pixel_l1=0.0000 synth_pixel_pl=0.0000 synth_pixel_id=0.0000 synth_latent=0.0000 synth_low_t_hits=0.0000 synth_total=0.0712 extra_render_attn_share=0.6809
[images] real: anchor | cond1 | cond2 | inv_warp_mirror | mask | mask_inv | warp_img | warp_warp_img | x | y_hat | y_hat_novel -> /home/xzy/warpgan-diffusiong-inpainting/warpgan-diffusion-inpainting-main/experiments/train_inpainting_diffusion/[20260910-123409]_v18w1_ctrl_50k/logs/images/train/real_step0020500.png
[images] synth: cond | mask | target | warp_img | x | y_hat_novel -> /home/xzy/warpgan-diffusiong-inpainting/warpgan-diffusion-inpainting-main/experiments/train_inpainting_diffusion/[20260910-123409]_v18w1_ctrl_50k/logs/images/train/synth_step0020500.png
[step 20550] real_p1_mirror_hole_cov=0.1376 real_p1_eps=0.0802 real_p1_hole_frac=0.4515 real_p2_eps=0.2778 real_p2_pixel_l1=0.0000 real_p2_pixel_pl=0.0000 real_p2_pixel_id=0.0000 real_p2_latent=0.0000 real_p2_low_t_hits=1.0000 real_total=0.3580 synth_eps=0.2771 synth_eps_raw=0.2771 synth_pixel_l1=0.0000 synth_pixel_pl=0.0000 synth_pixel_id=0.0000 synth_latent=0.0000 synth_low_t_hits=0.0000 synth_total=0.2771 extra_render_attn_share=0.6809
[step 20600] real_p1_mirror_hole_cov=0.0384 real_p1_eps=0.0029 real_p1_hole_frac=0.5479 real_p2_eps=0.0932 real_p2_pixel_l1=0.0000 real_p2_pixel_pl=0.0000 real_p2_pixel_id=0.0000 real_p2_latent=0.0000 real_p2_low_t_hits=0.0000 real_total=0.0962 synth_eps=0.0137 synth_eps_raw=0.0137 synth_pixel_l1=0.0000 synth_pixel_pl=0.0000 synth_pixel_id=0.0000 synth_latent=0.0000 synth_low_t_hits=0.0000 synth_total=0.0137 extra_render_attn_share=0.6809
[step 20650] real_p1_mirror_hole_cov=0.0702 real_p1_eps=0.3019 real_p1_hole_frac=0.1374 real_p2_eps=0.1556 real_p2_pixel_l1=0.0000 real_p2_pixel_pl=0.0000 real_p2_pixel_id=0.0000 real_p2_latent=0.0000 real_p2_low_t_hits=1.0000 real_total=0.4575 synth_eps=0.1097 synth_eps_raw=0.1097 synth_pixel_l1=0.0000 synth_pixel_pl=0.0000 synth_pixel_id=0.0000 synth_latent=0.0000 synth_low_t_hits=0.0000 synth_total=0.1097 extra_render_attn_share=0.6809
[step 20700] real_p1_mirror_hole_cov=0.1016 real_p1_eps=0.0069 real_p1_hole_frac=0.4552 real_p2_eps=0.0867 real_p2_pixel_l1=0.0000 real_p2_pixel_pl=0.0000 real_p2_pixel_id=0.0000 real_p2_latent=0.0000 real_p2_low_t_hits=0.0000 real_total=0.0937 synth_eps=0.1708 synth_eps_raw=0.1708 synth_pixel_l1=0.0000 synth_pixel_pl=0.0000 synth_pixel_id=0.0000 synth_latent=0.0000 synth_low_t_hits=0.0000 synth_total=0.1708 extra_render_attn_share=0.6809
[step 20750] real_p1_mirror_hole_cov=0.0211 real_p1_eps=0.0823 real_p1_hole_frac=0.1582 real_p2_eps=0.0890 real_p2_pixel_l1=0.0000 real_p2_pixel_pl=0.0000 real_p2_pixel_id=0.0000 real_p2_latent=0.0000 real_p2_low_t_hits=0.0000 real_total=0.1713 synth_eps=0.4860 synth_eps_raw=0.4860 synth_pixel_l1=0.0000 synth_pixel_pl=0.0000 synth_pixel_id=0.0000 synth_latent=0.0000 synth_low_t_hits=1.0000 synth_total=0.4860 extra_render_attn_share=0.6809
[step 20800] real_p1_mirror_hole_cov=0.1036 real_p1_eps=0.1071 real_p1_hole_frac=0.3827 real_p2_eps=0.1720 real_p2_pixel_l1=0.0000 real_p2_pixel_pl=0.0000 real_p2_pixel_id=0.0000 real_p2_latent=0.0000 real_p2_low_t_hits=0.0000 real_total=0.2791 synth_eps=0.0129 synth_eps_raw=0.0129 synth_pixel_l1=0.0000 synth_pixel_pl=0.0000 synth_pixel_id=0.0000 synth_latent=0.0000 synth_low_t_hits=0.0000 synth_total=0.0129 extra_render_attn_share=0.6809
[step 20850] real_p1_mirror_hole_cov=0.2761 real_p1_eps=0.0291 real_p1_hole_frac=0.2755 real_p2_eps=0.0846 real_p2_pixel_l1=0.0000 real_p2_pixel_pl=0.0000 real_p2_pixel_id=0.0000 real_p2_latent=0.0000 real_p2_low_t_hits=0.0000 real_total=0.1137 synth_eps=0.0031 synth_eps_raw=0.0031 synth_pixel_l1=0.0000 synth_pixel_pl=0.0000 synth_pixel_id=0.0000 synth_latent=0.0000 synth_low_t_hits=0.0000 synth_total=0.0031 extra_render_attn_share=0.6809
[step 20900] real_p1_mirror_hole_cov=0.1400 real_p1_eps=0.0242 real_p1_hole_frac=0.1568 real_p2_eps=0.0772 real_p2_pixel_l1=0.0000 real_p2_pixel_pl=0.0000 real_p2_pixel_id=0.0000 real_p2_latent=0.0000 real_p2_low_t_hits=0.0000 real_total=0.1014 synth_eps=0.0275 synth_eps_raw=0.0275 synth_pixel_l1=0.0000 synth_pixel_pl=0.0000 synth_pixel_id=0.0000 synth_latent=0.0000 synth_low_t_hits=0.0000 synth_total=0.0275 extra_render_attn_share=0.6809
[step 20950] real_p1_mirror_hole_cov=0.1609 real_p1_eps=0.0688 real_p1_hole_frac=0.0922 real_p2_eps=0.0312 real_p2_pixel_l1=0.0000 real_p2_pixel_pl=0.0000 real_p2_pixel_id=0.0000 real_p2_latent=0.0000 real_p2_low_t_hits=0.0000 real_total=0.1000 synth_eps=0.0221 synth_eps_raw=0.0221 synth_pixel_l1=0.0000 synth_pixel_pl=0.0000 synth_pixel_id=0.0000 synth_latent=0.0000 synth_low_t_hits=0.0000 synth_total=0.0221 extra_render_attn_share=0.6809
[step 21000] real_p1_mirror_hole_cov=0.0058 real_p1_eps=0.0021 real_p1_hole_frac=0.3986 real_p2_eps=0.0974 real_p2_pixel_l1=0.0000 real_p2_pixel_pl=0.0000 real_p2_pixel_id=0.0000 real_p2_latent=0.0000 real_p2_low_t_hits=0.0000 real_total=0.0994 synth_eps=0.0374 synth_eps_raw=0.0374 synth_pixel_l1=0.0000 synth_pixel_pl=0.0000 synth_pixel_id=0.0000 synth_latent=0.0000 synth_low_t_hits=0.0000 synth_total=0.0374 extra_render_attn_share=0.6809
[images] real: anchor | cond1 | cond2 | inv_warp_mirror | mask | mask_inv | warp_img | warp_warp_img | x | y_hat | y_hat_novel -> /home/xzy/warpgan-diffusiong-inpainting/warpgan-diffusion-inpainting-main/experiments/train_inpainting_diffusion/[20260910-123409]_v18w1_ctrl_50k/logs/images/train/real_step0021000.png
[images] synth: cond | mask | target | warp_img | x | y_hat_novel -> /home/xzy/warpgan-diffusiong-inpainting/warpgan-diffusion-inpainting-main/experiments/train_inpainting_diffusion/[20260910-123409]_v18w1_ctrl_50k/logs/images/train/synth_step0021000.png
[step 21050] real_p1_mirror_hole_cov=0.0274 real_p1_eps=0.1130 real_p1_hole_frac=0.4063 real_p2_eps=0.0099 real_p2_pixel_l1=0.0000 real_p2_pixel_pl=0.0000 real_p2_pixel_id=0.0000 real_p2_latent=0.0000 real_p2_low_t_hits=0.0000 real_total=0.1230 synth_eps=0.0889 synth_eps_raw=0.0889 synth_pixel_l1=0.0000 synth_pixel_pl=0.0000 synth_pixel_id=0.0000 synth_latent=0.0000 synth_low_t_hits=0.0000 synth_total=0.0889 extra_render_attn_share=0.6809
[step 21100] real_p1_mirror_hole_cov=0.0015 real_p1_eps=0.0166 real_p1_hole_frac=0.0645 real_p2_eps=0.0558 real_p2_pixel_l1=0.0000 real_p2_pixel_pl=0.0000 real_p2_pixel_id=0.0000 real_p2_latent=0.0000 real_p2_low_t_hits=0.0000 real_total=0.0724 synth_eps=0.0614 synth_eps_raw=0.0614 synth_pixel_l1=0.0000 synth_pixel_pl=0.0000 synth_pixel_id=0.0000 synth_latent=0.0000 synth_low_t_hits=0.0000 synth_total=0.0614 extra_render_attn_share=0.6809
[step 21150] real_p1_mirror_hole_cov=0.2408 real_p1_eps=0.0650 real_p1_hole_frac=0.4814 real_p2_eps=0.0357 real_p2_pixel_l1=0.0000 real_p2_pixel_pl=0.0000 real_p2_pixel_id=0.0000 real_p2_latent=0.0000 real_p2_low_t_hits=0.0000 real_total=0.1007 synth_eps=0.2732 synth_eps_raw=0.2732 synth_pixel_l1=0.0000 synth_pixel_pl=0.0000 synth_pixel_id=0.0000 synth_latent=0.0000 synth_low_t_hits=1.0000 synth_total=0.2732 extra_render_attn_share=0.6809
[step 21200] real_p1_mirror_hole_cov=0.1930 real_p1_eps=0.0019 real_p1_hole_frac=0.2949 real_p2_eps=0.3622 real_p2_pixel_l1=0.0000 real_p2_pixel_pl=0.0000 real_p2_pixel_id=0.0000 real_p2_latent=0.0000 real_p2_low_t_hits=1.0000 real_total=0.3641 synth_eps=0.3011 synth_eps_raw=0.3011 synth_pixel_l1=0.0000 synth_pixel_pl=0.0000 synth_pixel_id=0.0000 synth_latent=0.0000 synth_low_t_hits=1.0000 synth_total=0.3011 extra_render_attn_share=0.6809
[step 21250] real_p1_mirror_hole_cov=0.0038 real_p1_eps=0.0317 real_p1_hole_frac=0.0943 real_p2_eps=0.0051 real_p2_pixel_l1=0.0000 real_p2_pixel_pl=0.0000 real_p2_pixel_id=0.0000 real_p2_latent=0.0000 real_p2_low_t_hits=0.0000 real_total=0.0369 synth_eps=0.1171 synth_eps_raw=0.1171 synth_pixel_l1=0.0000 synth_pixel_pl=0.0000 synth_pixel_id=0.0000 synth_latent=0.0000 synth_low_t_hits=0.0000 synth_total=0.1171 extra_render_attn_share=0.6809
[step 21300] real_p1_mirror_hole_cov=0.0125 real_p1_eps=0.0284 real_p1_hole_frac=0.3656 real_p2_eps=0.1280 real_p2_pixel_l1=0.0000 real_p2_pixel_pl=0.0000 real_p2_pixel_id=0.0000 real_p2_latent=0.0000 real_p2_low_t_hits=0.0000 real_total=0.1564 synth_eps=0.2158 synth_eps_raw=0.2158 synth_pixel_l1=0.0000 synth_pixel_pl=0.0000 synth_pixel_id=0.0000 synth_latent=0.0000 synth_low_t_hits=0.0000 synth_total=0.2158 extra_render_attn_share=0.6809
[step 21350] real_p1_mirror_hole_cov=0.0433 real_p1_eps=0.0425 real_p1_hole_frac=0.4707 real_p2_eps=0.0335 real_p2_pixel_l1=0.0000 real_p2_pixel_pl=0.0000 real_p2_pixel_id=0.0000 real_p2_latent=0.0000 real_p2_low_t_hits=0.0000 real_total=0.0760 synth_eps=0.1156 synth_eps_raw=0.1156 synth_pixel_l1=0.0000 synth_pixel_pl=0.0000 synth_pixel_id=0.0000 synth_latent=0.0000 synth_low_t_hits=0.0000 synth_total=0.1156 extra_render_attn_share=0.6809
[step 21400] real_p1_mirror_hole_cov=0.1286 real_p1_eps=0.0014 real_p1_hole_frac=0.3116 real_p2_eps=0.4817 real_p2_pixel_l1=0.0000 real_p2_pixel_pl=0.0000 real_p2_pixel_id=0.0000 real_p2_latent=0.0000 real_p2_low_t_hits=1.0000 real_total=0.4831 synth_eps=0.0371 synth_eps_raw=0.0371 synth_pixel_l1=0.0000 synth_pixel_pl=0.0000 synth_pixel_id=0.0000 synth_latent=0.0000 synth_low_t_hits=0.0000 synth_total=0.0371 extra_render_attn_share=0.6809
[step 21450] real_p1_mirror_hole_cov=0.0151 real_p1_eps=0.0009 real_p1_hole_frac=0.2159 real_p2_eps=0.0426 real_p2_pixel_l1=0.0000 real_p2_pixel_pl=0.0000 real_p2_pixel_id=0.0000 real_p2_latent=0.0000 real_p2_low_t_hits=0.0000 real_total=0.0435 synth_eps=0.1447 synth_eps_raw=0.1447 synth_pixel_l1=0.0000 synth_pixel_pl=0.0000 synth_pixel_id=0.0000 synth_latent=0.0000 synth_low_t_hits=0.0000 synth_total=0.1447 extra_render_attn_share=0.6809
[step 21500] real_p1_mirror_hole_cov=0.1208 real_p1_eps=0.2588 real_p1_hole_frac=0.3811 real_p2_eps=0.0506 real_p2_pixel_l1=0.0000 real_p2_pixel_pl=0.0000 real_p2_pixel_id=0.0000 real_p2_latent=0.0000 real_p2_low_t_hits=0.0000 real_total=0.3094 synth_eps=0.0522 synth_eps_raw=0.0522 synth_pixel_l1=0.0000 synth_pixel_pl=0.0000 synth_pixel_id=0.0000 synth_latent=0.0000 synth_low_t_hits=0.0000 synth_total=0.0522 extra_render_attn_share=0.6809
[images] real: anchor | cond1 | cond2 | inv_warp_mirror | mask | mask_inv | warp_img | warp_warp_img | x | y_hat | y_hat_novel -> /home/xzy/warpgan-diffusiong-inpainting/warpgan-diffusion-inpainting-main/experiments/train_inpainting_diffusion/[20260910-123409]_v18w1_ctrl_50k/logs/images/train/real_step0021500.png
[images] synth: cond | mask | target | warp_img | x | y_hat_novel -> /home/xzy/warpgan-diffusiong-inpainting/warpgan-diffusion-inpainting-main/experiments/train_inpainting_diffusion/[20260910-123409]_v18w1_ctrl_50k/logs/images/train/synth_step0021500.png
[step 21550] real_p1_mirror_hole_cov=0.1392 real_p1_eps=0.1294 real_p1_hole_frac=0.2856 real_p2_eps=0.0345 real_p2_pixel_l1=0.0000 real_p2_pixel_pl=0.0000 real_p2_pixel_id=0.0000 real_p2_latent=0.0000 real_p2_low_t_hits=0.0000 real_total=0.1639 synth_eps=0.0409 synth_eps_raw=0.0409 synth_pixel_l1=0.0000 synth_pixel_pl=0.0000 synth_pixel_id=0.0000 synth_latent=0.0000 synth_low_t_hits=0.0000 synth_total=0.0409 extra_render_attn_share=0.6809
[step 21600] real_p1_mirror_hole_cov=0.0215 real_p1_eps=0.0053 real_p1_hole_frac=0.3650 real_p2_eps=0.3066 real_p2_pixel_l1=0.0000 real_p2_pixel_pl=0.0000 real_p2_pixel_id=0.0000 real_p2_latent=0.0000 real_p2_low_t_hits=1.0000 real_total=0.3118 synth_eps=0.1547 synth_eps_raw=0.1547 synth_pixel_l1=0.0000 synth_pixel_pl=0.0000 synth_pixel_id=0.0000 synth_latent=0.0000 synth_low_t_hits=0.0000 synth_total=0.1547 extra_render_attn_share=0.6809
[step 21650] real_p1_mirror_hole_cov=0.0825 real_p1_eps=0.0313 real_p1_hole_frac=0.1603 real_p2_eps=0.0035 real_p2_pixel_l1=0.0000 real_p2_pixel_pl=0.0000 real_p2_pixel_id=0.0000 real_p2_latent=0.0000 real_p2_low_t_hits=0.0000 real_total=0.0348 synth_eps=0.1864 synth_eps_raw=0.1864 synth_pixel_l1=0.0000 synth_pixel_pl=0.0000 synth_pixel_id=0.0000 synth_latent=0.0000 synth_low_t_hits=0.0000 synth_total=0.1864 extra_render_attn_share=0.6809
[step 21700] real_p1_mirror_hole_cov=0.1261 real_p1_eps=0.0006 real_p1_hole_frac=0.0353 real_p2_eps=0.0337 real_p2_pixel_l1=0.0000 real_p2_pixel_pl=0.0000 real_p2_pixel_id=0.0000 real_p2_latent=0.0000 real_p2_low_t_hits=0.0000 real_total=0.0343 synth_eps=0.0118 synth_eps_raw=0.0118 synth_pixel_l1=0.0000 synth_pixel_pl=0.0000 synth_pixel_id=0.0000 synth_latent=0.0000 synth_low_t_hits=0.0000 synth_total=0.0118 extra_render_attn_share=0.6809
[step 21750] real_p1_mirror_hole_cov=0.4440 real_p1_eps=0.0074 real_p1_hole_frac=0.1177 real_p2_eps=0.0017 real_p2_pixel_l1=0.0000 real_p2_pixel_pl=0.0000 real_p2_pixel_id=0.0000 real_p2_latent=0.0000 real_p2_low_t_hits=0.0000 real_total=0.0091 synth_eps=0.0166 synth_eps_raw=0.0166 synth_pixel_l1=0.0000 synth_pixel_pl=0.0000 synth_pixel_id=0.0000 synth_latent=0.0000 synth_low_t_hits=0.0000 synth_total=0.0166 extra_render_attn_share=0.6809
[step 21800] real_p1_mirror_hole_cov=0.0137 real_p1_eps=0.0357 real_p1_hole_frac=0.1953 real_p2_eps=0.4824 real_p2_pixel_l1=0.0000 real_p2_pixel_pl=0.0000 real_p2_pixel_id=0.0000 real_p2_latent=0.0000 real_p2_low_t_hits=1.0000 real_total=0.5181 synth_eps=0.0210 synth_eps_raw=0.0210 synth_pixel_l1=0.0000 synth_pixel_pl=0.0000 synth_pixel_id=0.0000 synth_latent=0.0000 synth_low_t_hits=0.0000 synth_total=0.0210 extra_render_attn_share=0.6809
[step 21850] real_p1_mirror_hole_cov=0.0000 real_p1_eps=0.0055 real_p1_hole_frac=0.1253 real_p2_eps=0.0320 real_p2_pixel_l1=0.0000 real_p2_pixel_pl=0.0000 real_p2_pixel_id=0.0000 real_p2_latent=0.0000 real_p2_low_t_hits=0.0000 real_total=0.0376 synth_eps=0.1003 synth_eps_raw=0.1003 synth_pixel_l1=0.0000 synth_pixel_pl=0.0000 synth_pixel_id=0.0000 synth_latent=0.0000 synth_low_t_hits=0.0000 synth_total=0.1003 extra_render_attn_share=0.6809
[step 21900] real_p1_mirror_hole_cov=0.1361 real_p1_eps=0.0086 real_p1_hole_frac=0.2790 real_p2_eps=0.0638 real_p2_pixel_l1=0.0000 real_p2_pixel_pl=0.0000 real_p2_pixel_id=0.0000 real_p2_latent=0.0000 real_p2_low_t_hits=0.0000 real_total=0.0724 synth_eps=0.0045 synth_eps_raw=0.0045 synth_pixel_l1=0.0000 synth_pixel_pl=0.0000 synth_pixel_id=0.0000 synth_latent=0.0000 synth_low_t_hits=0.0000 synth_total=0.0045 extra_render_attn_share=0.6809
[step 21950] real_p1_mirror_hole_cov=0.1221 real_p1_eps=0.0040 real_p1_hole_frac=0.3513 real_p2_eps=0.4605 real_p2_pixel_l1=0.0000 real_p2_pixel_pl=0.0000 real_p2_pixel_id=0.0000 real_p2_latent=0.0000 real_p2_low_t_hits=1.0000 real_total=0.4645 synth_eps=0.0519 synth_eps_raw=0.0519 synth_pixel_l1=0.0000 synth_pixel_pl=0.0000 synth_pixel_id=0.0000 synth_latent=0.0000 synth_low_t_hits=0.0000 synth_total=0.0519 extra_render_attn_share=0.6809
[val step 21999] val_novel_full=0.1021 val_novel_hole=0.1030 val_novel_visible=0.1010
[step 22000] real_p1_mirror_hole_cov=0.1257 real_p1_eps=0.0063 real_p1_hole_frac=0.4590 real_p2_eps=0.1588 real_p2_pixel_l1=0.0000 real_p2_pixel_pl=0.0000 real_p2_pixel_id=0.0000 real_p2_latent=0.0000 real_p2_low_t_hits=0.0000 real_total=0.1651 synth_eps=0.0082 synth_eps_raw=0.0082 synth_pixel_l1=0.0000 synth_pixel_pl=0.0000 synth_pixel_id=0.0000 synth_latent=0.0000 synth_low_t_hits=0.0000 synth_total=0.0082 extra_render_attn_share=0.7029
[images] real: anchor | cond1 | cond2 | inv_warp_mirror | mask | mask_inv | warp_img | warp_warp_img | x | y_hat | y_hat_novel -> /home/xzy/warpgan-diffusiong-inpainting/warpgan-diffusion-inpainting-main/experiments/train_inpainting_diffusion/[20260910-123409]_v18w1_ctrl_50k/logs/images/train/real_step0022000.png
[images] synth: cond | mask | target | warp_img | x | y_hat_novel -> /home/xzy/warpgan-diffusiong-inpainting/warpgan-diffusion-inpainting-main/experiments/train_inpainting_diffusion/[20260910-123409]_v18w1_ctrl_50k/logs/images/train/synth_step0022000.png
[step 22050] real_p1_mirror_hole_cov=0.0132 real_p1_eps=0.2151 real_p1_hole_frac=0.4040 real_p2_eps=0.0165 real_p2_pixel_l1=0.0000 real_p2_pixel_pl=0.0000 real_p2_pixel_id=0.0000 real_p2_latent=0.0000 real_p2_low_t_hits=0.0000 real_total=0.2316 synth_eps=0.0046 synth_eps_raw=0.0046 synth_pixel_l1=0.0000 synth_pixel_pl=0.0000 synth_pixel_id=0.0000 synth_latent=0.0000 synth_low_t_hits=0.0000 synth_total=0.0046 extra_render_attn_share=0.7029
[step 22100] real_p1_mirror_hole_cov=0.0264 real_p1_eps=0.0010 real_p1_hole_frac=0.4252 real_p2_eps=0.0465 real_p2_pixel_l1=0.0000 real_p2_pixel_pl=0.0000 real_p2_pixel_id=0.0000 real_p2_latent=0.0000 real_p2_low_t_hits=0.0000 real_total=0.0475 synth_eps=0.0566 synth_eps_raw=0.0566 synth_pixel_l1=0.0000 synth_pixel_pl=0.0000 synth_pixel_id=0.0000 synth_latent=0.0000 synth_low_t_hits=0.0000 synth_total=0.0566 extra_render_attn_share=0.7029
[step 22150] real_p1_mirror_hole_cov=0.0182 real_p1_eps=0.0096 real_p1_hole_frac=0.2423 real_p2_eps=0.0943 real_p2_pixel_l1=0.0000 real_p2_pixel_pl=0.0000 real_p2_pixel_id=0.0000 real_p2_latent=0.0000 real_p2_low_t_hits=0.0000 real_total=0.1038 synth_eps=0.0015 synth_eps_raw=0.0015 synth_pixel_l1=0.0000 synth_pixel_pl=0.0000 synth_pixel_id=0.0000 synth_latent=0.0000 synth_low_t_hits=0.0000 synth_total=0.0015 extra_render_attn_share=0.7029
[step 22200] real_p1_mirror_hole_cov=0.1412 real_p1_eps=0.0579 real_p1_hole_frac=0.2744 real_p2_eps=0.0041 real_p2_pixel_l1=0.0000 real_p2_pixel_pl=0.0000 real_p2_pixel_id=0.0000 real_p2_latent=0.0000 real_p2_low_t_hits=0.0000 real_total=0.0621 synth_eps=0.3872 synth_eps_raw=0.3872 synth_pixel_l1=0.0000 synth_pixel_pl=0.0000 synth_pixel_id=0.0000 synth_latent=0.0000 synth_low_t_hits=1.0000 synth_total=0.3872 extra_render_attn_share=0.7029
[step 22250] real_p1_mirror_hole_cov=0.0075 real_p1_eps=0.0109 real_p1_hole_frac=0.2129 real_p2_eps=0.1097 real_p2_pixel_l1=0.0000 real_p2_pixel_pl=0.0000 real_p2_pixel_id=0.0000 real_p2_latent=0.0000 real_p2_low_t_hits=0.0000 real_total=0.1206 synth_eps=0.0199 synth_eps_raw=0.0199 synth_pixel_l1=0.0000 synth_pixel_pl=0.0000 synth_pixel_id=0.0000 synth_latent=0.0000 synth_low_t_hits=0.0000 synth_total=0.0199 extra_render_attn_share=0.7029
[step 22300] real_p1_mirror_hole_cov=0.0521 real_p1_eps=0.0086 real_p1_hole_frac=0.1947 real_p2_eps=0.1014 real_p2_pixel_l1=0.0000 real_p2_pixel_pl=0.0000 real_p2_pixel_id=0.0000 real_p2_latent=0.0000 real_p2_low_t_hits=0.0000 real_total=0.1100 synth_eps=0.1938 synth_eps_raw=0.1938 synth_pixel_l1=0.0000 synth_pixel_pl=0.0000 synth_pixel_id=0.0000 synth_latent=0.0000 synth_low_t_hits=0.0000 synth_total=0.1938 extra_render_attn_share=0.7029
[step 22350] real_p1_mirror_hole_cov=0.1356 real_p1_eps=0.0725 real_p1_hole_frac=0.2449 real_p2_eps=0.0082 real_p2_pixel_l1=0.0000 real_p2_pixel_pl=0.0000 real_p2_pixel_id=0.0000 real_p2_latent=0.0000 real_p2_low_t_hits=0.0000 real_total=0.0807 synth_eps=0.1743 synth_eps_raw=0.1743 synth_pixel_l1=0.0000 synth_pixel_pl=0.0000 synth_pixel_id=0.0000 synth_latent=0.0000 synth_low_t_hits=0.0000 synth_total=0.1743 extra_render_attn_share=0.7029
[step 22400] real_p1_mirror_hole_cov=0.3269 real_p1_eps=0.0088 real_p1_hole_frac=0.1576 real_p2_eps=0.0012 real_p2_pixel_l1=0.0000 real_p2_pixel_pl=0.0000 real_p2_pixel_id=0.0000 real_p2_latent=0.0000 real_p2_low_t_hits=0.0000 real_total=0.0100 synth_eps=0.0058 synth_eps_raw=0.0058 synth_pixel_l1=0.0000 synth_pixel_pl=0.0000 synth_pixel_id=0.0000 synth_latent=0.0000 synth_low_t_hits=0.0000 synth_total=0.0058 extra_render_attn_share=0.7029
[step 22450] real_p1_mirror_hole_cov=0.0985 real_p1_eps=0.0223 real_p1_hole_frac=0.2951 real_p2_eps=0.0014 real_p2_pixel_l1=0.0000 real_p2_pixel_pl=0.0000 real_p2_pixel_id=0.0000 real_p2_latent=0.0000 real_p2_low_t_hits=0.0000 real_total=0.0238 synth_eps=0.3595 synth_eps_raw=0.3595 synth_pixel_l1=0.0000 synth_pixel_pl=0.0000 synth_pixel_id=0.0000 synth_latent=0.0000 synth_low_t_hits=1.0000 synth_total=0.3595 extra_render_attn_share=0.7029
[step 22500] real_p1_mirror_hole_cov=0.1417 real_p1_eps=0.7706 real_p1_hole_frac=0.3368 real_p2_eps=0.0325 real_p2_pixel_l1=0.0000 real_p2_pixel_pl=0.0000 real_p2_pixel_id=0.0000 real_p2_latent=0.0000 real_p2_low_t_hits=0.0000 real_total=0.8031 synth_eps=0.0060 synth_eps_raw=0.0060 synth_pixel_l1=0.0000 synth_pixel_pl=0.0000 synth_pixel_id=0.0000 synth_latent=0.0000 synth_low_t_hits=0.0000 synth_total=0.0060 extra_render_attn_share=0.7029
[images] real: anchor | cond1 | cond2 | inv_warp_mirror | mask | mask_inv | warp_img | warp_warp_img | x | y_hat | y_hat_novel -> /home/xzy/warpgan-diffusiong-inpainting/warpgan-diffusion-inpainting-main/experiments/train_inpainting_diffusion/[20260910-123409]_v18w1_ctrl_50k/logs/images/train/real_step0022500.png
[images] synth: cond | mask | target | warp_img | x | y_hat_novel -> /home/xzy/warpgan-diffusiong-inpainting/warpgan-diffusion-inpainting-main/experiments/train_inpainting_diffusion/[20260910-123409]_v18w1_ctrl_50k/logs/images/train/synth_step0022500.png
[step 22550] real_p1_mirror_hole_cov=0.1051 real_p1_eps=0.0284 real_p1_hole_frac=0.2412 real_p2_eps=0.0114 real_p2_pixel_l1=0.0000 real_p2_pixel_pl=0.0000 real_p2_pixel_id=0.0000 real_p2_latent=0.0000 real_p2_low_t_hits=0.0000 real_total=0.0398 synth_eps=0.0317 synth_eps_raw=0.0317 synth_pixel_l1=0.0000 synth_pixel_pl=0.0000 synth_pixel_id=0.0000 synth_latent=0.0000 synth_low_t_hits=0.0000 synth_total=0.0317 extra_render_attn_share=0.7029
[step 22600] real_p1_mirror_hole_cov=0.1892 real_p1_eps=0.5464 real_p1_hole_frac=0.4112 real_p2_eps=0.0232 real_p2_pixel_l1=0.0000 real_p2_pixel_pl=0.0000 real_p2_pixel_id=0.0000 real_p2_latent=0.0000 real_p2_low_t_hits=0.0000 real_total=0.5696 synth_eps=0.1030 synth_eps_raw=0.1030 synth_pixel_l1=0.0000 synth_pixel_pl=0.0000 synth_pixel_id=0.0000 synth_latent=0.0000 synth_low_t_hits=0.0000 synth_total=0.1030 extra_render_attn_share=0.7029
[step 22650] real_p1_mirror_hole_cov=0.0401 real_p1_eps=0.0372 real_p1_hole_frac=0.0904 real_p2_eps=0.0377 real_p2_pixel_l1=0.0000 real_p2_pixel_pl=0.0000 real_p2_pixel_id=0.0000 real_p2_latent=0.0000 real_p2_low_t_hits=0.0000 real_total=0.0749 synth_eps=0.0082 synth_eps_raw=0.0082 synth_pixel_l1=0.0000 synth_pixel_pl=0.0000 synth_pixel_id=0.0000 synth_latent=0.0000 synth_low_t_hits=0.0000 synth_total=0.0082 extra_render_attn_share=0.7029
[step 22700] real_p1_mirror_hole_cov=0.2938 real_p1_eps=0.0986 real_p1_hole_frac=0.6553 real_p2_eps=0.0023 real_p2_pixel_l1=0.0000 real_p2_pixel_pl=0.0000 real_p2_pixel_id=0.0000 real_p2_latent=0.0000 real_p2_low_t_hits=0.0000 real_total=0.1009 synth_eps=0.2148 synth_eps_raw=0.2148 synth_pixel_l1=0.0000 synth_pixel_pl=0.0000 synth_pixel_id=0.0000 synth_latent=0.0000 synth_low_t_hits=0.0000 synth_total=0.2148 extra_render_attn_share=0.7029
[step 22750] real_p1_mirror_hole_cov=0.0391 real_p1_eps=0.0106 real_p1_hole_frac=0.0813 real_p2_eps=0.0214 real_p2_pixel_l1=0.0000 real_p2_pixel_pl=0.0000 real_p2_pixel_id=0.0000 real_p2_latent=0.0000 real_p2_low_t_hits=0.0000 real_total=0.0321 synth_eps=0.1900 synth_eps_raw=0.1900 synth_pixel_l1=0.0000 synth_pixel_pl=0.0000 synth_pixel_id=0.0000 synth_latent=0.0000 synth_low_t_hits=0.0000 synth_total=0.1900 extra_render_attn_share=0.7029
[step 22800] real_p1_mirror_hole_cov=0.3082 real_p1_eps=0.0037 real_p1_hole_frac=0.4309 real_p2_eps=0.2237 real_p2_pixel_l1=0.0000 real_p2_pixel_pl=0.0000 real_p2_pixel_id=0.0000 real_p2_latent=0.0000 real_p2_low_t_hits=1.0000 real_total=0.2273 synth_eps=0.0300 synth_eps_raw=0.0300 synth_pixel_l1=0.0000 synth_pixel_pl=0.0000 synth_pixel_id=0.0000 synth_latent=0.0000 synth_low_t_hits=0.0000 synth_total=0.0300 extra_render_attn_share=0.7029
[step 22850] real_p1_mirror_hole_cov=0.0126 real_p1_eps=0.2289 real_p1_hole_frac=0.3971 real_p2_eps=0.0622 real_p2_pixel_l1=0.0000 real_p2_pixel_pl=0.0000 real_p2_pixel_id=0.0000 real_p2_latent=0.0000 real_p2_low_t_hits=0.0000 real_total=0.2910 synth_eps=0.1472 synth_eps_raw=0.1472 synth_pixel_l1=0.0000 synth_pixel_pl=0.0000 synth_pixel_id=0.0000 synth_latent=0.0000 synth_low_t_hits=0.0000 synth_total=0.1472 extra_render_attn_share=0.7029
[step 22900] real_p1_mirror_hole_cov=0.2021 real_p1_eps=0.1605 real_p1_hole_frac=0.5156 real_p2_eps=0.0727 real_p2_pixel_l1=0.0000 real_p2_pixel_pl=0.0000 real_p2_pixel_id=0.0000 real_p2_latent=0.0000 real_p2_low_t_hits=0.0000 real_total=0.2332 synth_eps=0.0116 synth_eps_raw=0.0116 synth_pixel_l1=0.0000 synth_pixel_pl=0.0000 synth_pixel_id=0.0000 synth_latent=0.0000 synth_low_t_hits=0.0000 synth_total=0.0116 extra_render_attn_share=0.7029
[step 22950] real_p1_mirror_hole_cov=0.1877 real_p1_eps=0.1764 real_p1_hole_frac=0.2274 real_p2_eps=0.0031 real_p2_pixel_l1=0.0000 real_p2_pixel_pl=0.0000 real_p2_pixel_id=0.0000 real_p2_latent=0.0000 real_p2_low_t_hits=0.0000 real_total=0.1795 synth_eps=0.0206 synth_eps_raw=0.0206 synth_pixel_l1=0.0000 synth_pixel_pl=0.0000 synth_pixel_id=0.0000 synth_latent=0.0000 synth_low_t_hits=0.0000 synth_total=0.0206 extra_render_attn_share=0.7029
[step 23000] real_p1_mirror_hole_cov=0.1721 real_p1_eps=0.0107 real_p1_hole_frac=0.5231 real_p2_eps=0.0045 real_p2_pixel_l1=0.0000 real_p2_pixel_pl=0.0000 real_p2_pixel_id=0.0000 real_p2_latent=0.0000 real_p2_low_t_hits=0.0000 real_total=0.0152 synth_eps=0.0083 synth_eps_raw=0.0083 synth_pixel_l1=0.0000 synth_pixel_pl=0.0000 synth_pixel_id=0.0000 synth_latent=0.0000 synth_low_t_hits=0.0000 synth_total=0.0083 extra_render_attn_share=0.7029
[images] real: anchor | cond1 | cond2 | inv_warp_mirror | mask | mask_inv | warp_img | warp_warp_img | x | y_hat | y_hat_novel -> /home/xzy/warpgan-diffusiong-inpainting/warpgan-diffusion-inpainting-main/experiments/train_inpainting_diffusion/[20260910-123409]_v18w1_ctrl_50k/logs/images/train/real_step0023000.png
[images] synth: cond | mask | target | warp_img | x | y_hat_novel -> /home/xzy/warpgan-diffusiong-inpainting/warpgan-diffusion-inpainting-main/experiments/train_inpainting_diffusion/[20260910-123409]_v18w1_ctrl_50k/logs/images/train/synth_step0023000.png
[step 23050] real_p1_mirror_hole_cov=0.1573 real_p1_eps=0.0115 real_p1_hole_frac=0.6934 real_p2_eps=0.1086 real_p2_pixel_l1=0.0000 real_p2_pixel_pl=0.0000 real_p2_pixel_id=0.0000 real_p2_latent=0.0000 real_p2_low_t_hits=0.0000 real_total=0.1201 synth_eps=0.0275 synth_eps_raw=0.0275 synth_pixel_l1=0.0000 synth_pixel_pl=0.0000 synth_pixel_id=0.0000 synth_latent=0.0000 synth_low_t_hits=0.0000 synth_total=0.0275 extra_render_attn_share=0.7029
[step 23100] real_p1_mirror_hole_cov=0.0617 real_p1_eps=0.0009 real_p1_hole_frac=0.6029 real_p2_eps=0.1182 real_p2_pixel_l1=0.0000 real_p2_pixel_pl=0.0000 real_p2_pixel_id=0.0000 real_p2_latent=0.0000 real_p2_low_t_hits=0.0000 real_total=0.1191 synth_eps=0.4543 synth_eps_raw=0.4543 synth_pixel_l1=0.0000 synth_pixel_pl=0.0000 synth_pixel_id=0.0000 synth_latent=0.0000 synth_low_t_hits=1.0000 synth_total=0.4543 extra_render_attn_share=0.7029
[step 23150] real_p1_mirror_hole_cov=0.1636 real_p1_eps=0.0006 real_p1_hole_frac=0.1497 real_p2_eps=0.0177 real_p2_pixel_l1=0.0000 real_p2_pixel_pl=0.0000 real_p2_pixel_id=0.0000 real_p2_latent=0.0000 real_p2_low_t_hits=0.0000 real_total=0.0183 synth_eps=0.2439 synth_eps_raw=0.2439 synth_pixel_l1=0.0000 synth_pixel_pl=0.0000 synth_pixel_id=0.0000 synth_latent=0.0000 synth_low_t_hits=1.0000 synth_total=0.2439 extra_render_attn_share=0.7029
[step 23200] real_p1_mirror_hole_cov=0.0935 real_p1_eps=0.0008 real_p1_hole_frac=0.2571 real_p2_eps=0.0171 real_p2_pixel_l1=0.0000 real_p2_pixel_pl=0.0000 real_p2_pixel_id=0.0000 real_p2_latent=0.0000 real_p2_low_t_hits=0.0000 real_total=0.0179 synth_eps=0.1984 synth_eps_raw=0.1984 synth_pixel_l1=0.0000 synth_pixel_pl=0.0000 synth_pixel_id=0.0000 synth_latent=0.0000 synth_low_t_hits=0.0000 synth_total=0.1984 extra_render_attn_share=0.7029
[step 23250] real_p1_mirror_hole_cov=0.2424 real_p1_eps=0.0319 real_p1_hole_frac=0.0191 real_p2_eps=0.1875 real_p2_pixel_l1=0.0000 real_p2_pixel_pl=0.0000 real_p2_pixel_id=0.0000 real_p2_latent=0.0000 real_p2_low_t_hits=1.0000 real_total=0.2194 synth_eps=0.2427 synth_eps_raw=0.2427 synth_pixel_l1=0.0000 synth_pixel_pl=0.0000 synth_pixel_id=0.0000 synth_latent=0.0000 synth_low_t_hits=1.0000 synth_total=0.2427 extra_render_attn_share=0.7029
[step 23300] real_p1_mirror_hole_cov=0.0447 real_p1_eps=0.1923 real_p1_hole_frac=0.3873 real_p2_eps=0.0200 real_p2_pixel_l1=0.0000 real_p2_pixel_pl=0.0000 real_p2_pixel_id=0.0000 real_p2_latent=0.0000 real_p2_low_t_hits=0.0000 real_total=0.2123 synth_eps=0.0286 synth_eps_raw=0.0286 synth_pixel_l1=0.0000 synth_pixel_pl=0.0000 synth_pixel_id=0.0000 synth_latent=0.0000 synth_low_t_hits=0.0000 synth_total=0.0286 extra_render_attn_share=0.7029
[step 23350] real_p1_mirror_hole_cov=0.0198 real_p1_eps=0.0108 real_p1_hole_frac=0.1261 real_p2_eps=0.1191 real_p2_pixel_l1=0.0000 real_p2_pixel_pl=0.0000 real_p2_pixel_id=0.0000 real_p2_latent=0.0000 real_p2_low_t_hits=1.0000 real_total=0.1300 synth_eps=0.0771 synth_eps_raw=0.0771 synth_pixel_l1=0.0000 synth_pixel_pl=0.0000 synth_pixel_id=0.0000 synth_latent=0.0000 synth_low_t_hits=0.0000 synth_total=0.0771 extra_render_attn_share=0.7029
[step 23400] real_p1_mirror_hole_cov=0.1259 real_p1_eps=0.0511 real_p1_hole_frac=0.1389 real_p2_eps=0.0559 real_p2_pixel_l1=0.0000 real_p2_pixel_pl=0.0000 real_p2_pixel_id=0.0000 real_p2_latent=0.0000 real_p2_low_t_hits=0.0000 real_total=0.1070 synth_eps=0.0135 synth_eps_raw=0.0135 synth_pixel_l1=0.0000 synth_pixel_pl=0.0000 synth_pixel_id=0.0000 synth_latent=0.0000 synth_low_t_hits=0.0000 synth_total=0.0135 extra_render_attn_share=0.7029
[step 23450] real_p1_mirror_hole_cov=0.2405 real_p1_eps=0.3356 real_p1_hole_frac=0.3056 real_p2_eps=0.0465 real_p2_pixel_l1=0.0000 real_p2_pixel_pl=0.0000 real_p2_pixel_id=0.0000 real_p2_latent=0.0000 real_p2_low_t_hits=0.0000 real_total=0.3821 synth_eps=0.1264 synth_eps_raw=0.1264 synth_pixel_l1=0.0000 synth_pixel_pl=0.0000 synth_pixel_id=0.0000 synth_latent=0.0000 synth_low_t_hits=0.0000 synth_total=0.1264 extra_render_attn_share=0.7029
[step 23500] real_p1_mirror_hole_cov=0.0783 real_p1_eps=0.0042 real_p1_hole_frac=0.3501 real_p2_eps=0.0045 real_p2_pixel_l1=0.0000 real_p2_pixel_pl=0.0000 real_p2_pixel_id=0.0000 real_p2_latent=0.0000 real_p2_low_t_hits=0.0000 real_total=0.0087 synth_eps=0.0094 synth_eps_raw=0.0094 synth_pixel_l1=0.0000 synth_pixel_pl=0.0000 synth_pixel_id=0.0000 synth_latent=0.0000 synth_low_t_hits=0.0000 synth_total=0.0094 extra_render_attn_share=0.7029
[images] real: anchor | cond1 | cond2 | inv_warp_mirror | mask | mask_inv | warp_img | warp_warp_img | x | y_hat | y_hat_novel -> /home/xzy/warpgan-diffusiong-inpainting/warpgan-diffusion-inpainting-main/experiments/train_inpainting_diffusion/[20260910-123409]_v18w1_ctrl_50k/logs/images/train/real_step0023500.png
[images] synth: cond | mask | target | warp_img | x | y_hat_novel -> /home/xzy/warpgan-diffusiong-inpainting/warpgan-diffusion-inpainting-main/experiments/train_inpainting_diffusion/[20260910-123409]_v18w1_ctrl_50k/logs/images/train/synth_step0023500.png
[step 23550] real_p1_mirror_hole_cov=0.0068 real_p1_eps=0.0036 real_p1_hole_frac=0.2334 real_p2_eps=0.0701 real_p2_pixel_l1=0.0000 real_p2_pixel_pl=0.0000 real_p2_pixel_id=0.0000 real_p2_latent=0.0000 real_p2_low_t_hits=0.0000 real_total=0.0736 synth_eps=0.1411 synth_eps_raw=0.1411 synth_pixel_l1=0.0000 synth_pixel_pl=0.0000 synth_pixel_id=0.0000 synth_latent=0.0000 synth_low_t_hits=0.0000 synth_total=0.1411 extra_render_attn_share=0.7029
[step 23600] real_p1_mirror_hole_cov=0.0586 real_p1_eps=0.0199 real_p1_hole_frac=0.1041 real_p2_eps=0.0328 real_p2_pixel_l1=0.0000 real_p2_pixel_pl=0.0000 real_p2_pixel_id=0.0000 real_p2_latent=0.0000 real_p2_low_t_hits=0.0000 real_total=0.0528 synth_eps=0.0015 synth_eps_raw=0.0015 synth_pixel_l1=0.0000 synth_pixel_pl=0.0000 synth_pixel_id=0.0000 synth_latent=0.0000 synth_low_t_hits=0.0000 synth_total=0.0015 extra_render_attn_share=0.7029
[step 23650] real_p1_mirror_hole_cov=0.1394 real_p1_eps=0.1241 real_p1_hole_frac=0.1324 real_p2_eps=0.1408 real_p2_pixel_l1=0.0000 real_p2_pixel_pl=0.0000 real_p2_pixel_id=0.0000 real_p2_latent=0.0000 real_p2_low_t_hits=1.0000 real_total=0.2648 synth_eps=0.1803 synth_eps_raw=0.1803 synth_pixel_l1=0.0000 synth_pixel_pl=0.0000 synth_pixel_id=0.0000 synth_latent=0.0000 synth_low_t_hits=0.0000 synth_total=0.1803 extra_render_attn_share=0.7029
[step 23700] real_p1_mirror_hole_cov=0.1249 real_p1_eps=0.0076 real_p1_hole_frac=0.3193 real_p2_eps=0.3157 real_p2_pixel_l1=0.0000 real_p2_pixel_pl=0.0000 real_p2_pixel_id=0.0000 real_p2_latent=0.0000 real_p2_low_t_hits=1.0000 real_total=0.3232 synth_eps=0.0051 synth_eps_raw=0.0051 synth_pixel_l1=0.0000 synth_pixel_pl=0.0000 synth_pixel_id=0.0000 synth_latent=0.0000 synth_low_t_hits=0.0000 synth_total=0.0051 extra_render_attn_share=0.7029
[step 23750] real_p1_mirror_hole_cov=0.1298 real_p1_eps=0.0985 real_p1_hole_frac=0.4815 real_p2_eps=0.0029 real_p2_pixel_l1=0.0000 real_p2_pixel_pl=0.0000 real_p2_pixel_id=0.0000 real_p2_latent=0.0000 real_p2_low_t_hits=0.0000 real_total=0.1014 synth_eps=0.2956 synth_eps_raw=0.2956 synth_pixel_l1=0.0000 synth_pixel_pl=0.0000 synth_pixel_id=0.0000 synth_latent=0.0000 synth_low_t_hits=1.0000 synth_total=0.2956 extra_render_attn_share=0.7029
[step 23800] real_p1_mirror_hole_cov=0.0157 real_p1_eps=0.0040 real_p1_hole_frac=0.4404 real_p2_eps=0.0438 real_p2_pixel_l1=0.0000 real_p2_pixel_pl=0.0000 real_p2_pixel_id=0.0000 real_p2_latent=0.0000 real_p2_low_t_hits=0.0000 real_total=0.0478 synth_eps=0.1275 synth_eps_raw=0.1275 synth_pixel_l1=0.0000 synth_pixel_pl=0.0000 synth_pixel_id=0.0000 synth_latent=0.0000 synth_low_t_hits=0.0000 synth_total=0.1275 extra_render_attn_share=0.7029
[step 23850] real_p1_mirror_hole_cov=0.1258 real_p1_eps=0.0266 real_p1_hole_frac=0.2394 real_p2_eps=0.0036 real_p2_pixel_l1=0.0000 real_p2_pixel_pl=0.0000 real_p2_pixel_id=0.0000 real_p2_latent=0.0000 real_p2_low_t_hits=0.0000 real_total=0.0302 synth_eps=0.4195 synth_eps_raw=0.4195 synth_pixel_l1=0.0000 synth_pixel_pl=0.0000 synth_pixel_id=0.0000 synth_latent=0.0000 synth_low_t_hits=1.0000 synth_total=0.4195 extra_render_attn_share=0.7029
[step 23900] real_p1_mirror_hole_cov=0.0111 real_p1_eps=0.0389 real_p1_hole_frac=0.1340 real_p2_eps=0.0537 real_p2_pixel_l1=0.0000 real_p2_pixel_pl=0.0000 real_p2_pixel_id=0.0000 real_p2_latent=0.0000 real_p2_low_t_hits=0.0000 real_total=0.0926 synth_eps=0.0013 synth_eps_raw=0.0013 synth_pixel_l1=0.0000 synth_pixel_pl=0.0000 synth_pixel_id=0.0000 synth_latent=0.0000 synth_low_t_hits=0.0000 synth_total=0.0013 extra_render_attn_share=0.7029
[step 23950] real_p1_mirror_hole_cov=0.2397 real_p1_eps=0.0011 real_p1_hole_frac=0.4332 real_p2_eps=0.0095 real_p2_pixel_l1=0.0000 real_p2_pixel_pl=0.0000 real_p2_pixel_id=0.0000 real_p2_latent=0.0000 real_p2_low_t_hits=0.0000 real_total=0.0106 synth_eps=0.0368 synth_eps_raw=0.0368 synth_pixel_l1=0.0000 synth_pixel_pl=0.0000 synth_pixel_id=0.0000 synth_latent=0.0000 synth_low_t_hits=0.0000 synth_total=0.0368 extra_render_attn_share=0.7029
[val step 23999] val_novel_full=0.0400 val_novel_hole=0.0627 val_novel_visible=0.0368
[step 24000] real_p1_mirror_hole_cov=0.0473 real_p1_eps=0.0016 real_p1_hole_frac=0.2348 real_p2_eps=0.0072 real_p2_pixel_l1=0.0000 real_p2_pixel_pl=0.0000 real_p2_pixel_id=0.0000 real_p2_latent=0.0000 real_p2_low_t_hits=0.0000 real_total=0.0088 synth_eps=0.0176 synth_eps_raw=0.0176 synth_pixel_l1=0.0000 synth_pixel_pl=0.0000 synth_pixel_id=0.0000 synth_latent=0.0000 synth_low_t_hits=0.0000 synth_total=0.0176 extra_render_attn_share=0.7010
[images] real: anchor | cond1 | cond2 | inv_warp_mirror | mask | mask_inv | warp_img | warp_warp_img | x | y_hat | y_hat_novel -> /home/xzy/warpgan-diffusiong-inpainting/warpgan-diffusion-inpainting-main/experiments/train_inpainting_diffusion/[20260910-123409]_v18w1_ctrl_50k/logs/images/train/real_step0024000.png
[images] synth: cond | mask | target | warp_img | x | y_hat_novel -> /home/xzy/warpgan-diffusiong-inpainting/warpgan-diffusion-inpainting-main/experiments/train_inpainting_diffusion/[20260910-123409]_v18w1_ctrl_50k/logs/images/train/synth_step0024000.png
[step 24050] real_p1_mirror_hole_cov=0.0271 real_p1_eps=0.1221 real_p1_hole_frac=0.3106 real_p2_eps=0.1449 real_p2_pixel_l1=0.0000 real_p2_pixel_pl=0.0000 real_p2_pixel_id=0.0000 real_p2_latent=0.0000 real_p2_low_t_hits=0.0000 real_total=0.2671 synth_eps=0.0626 synth_eps_raw=0.0626 synth_pixel_l1=0.0000 synth_pixel_pl=0.0000 synth_pixel_id=0.0000 synth_latent=0.0000 synth_low_t_hits=0.0000 synth_total=0.0626 extra_render_attn_share=0.7010
[step 24100] real_p1_mirror_hole_cov=0.0372 real_p1_eps=0.4082 real_p1_hole_frac=0.1052 real_p2_eps=0.0328 real_p2_pixel_l1=0.0000 real_p2_pixel_pl=0.0000 real_p2_pixel_id=0.0000 real_p2_latent=0.0000 real_p2_low_t_hits=0.0000 real_total=0.4409 synth_eps=0.0177 synth_eps_raw=0.0177 synth_pixel_l1=0.0000 synth_pixel_pl=0.0000 synth_pixel_id=0.0000 synth_latent=0.0000 synth_low_t_hits=0.0000 synth_total=0.0177 extra_render_attn_share=0.7010
[step 24150] real_p1_mirror_hole_cov=0.3563 real_p1_eps=0.0012 real_p1_hole_frac=0.1436 real_p2_eps=0.0520 real_p2_pixel_l1=0.0000 real_p2_pixel_pl=0.0000 real_p2_pixel_id=0.0000 real_p2_latent=0.0000 real_p2_low_t_hits=0.0000 real_total=0.0532 synth_eps=0.0266 synth_eps_raw=0.0266 synth_pixel_l1=0.0000 synth_pixel_pl=0.0000 synth_pixel_id=0.0000 synth_latent=0.0000 synth_low_t_hits=0.0000 synth_total=0.0266 extra_render_attn_share=0.7010
[step 24200] real_p1_mirror_hole_cov=0.0646 real_p1_eps=0.0005 real_p1_hole_frac=0.0563 real_p2_eps=0.0314 real_p2_pixel_l1=0.0000 real_p2_pixel_pl=0.0000 real_p2_pixel_id=0.0000 real_p2_latent=0.0000 real_p2_low_t_hits=0.0000 real_total=0.0319 synth_eps=0.1809 synth_eps_raw=0.1809 synth_pixel_l1=0.0000 synth_pixel_pl=0.0000 synth_pixel_id=0.0000 synth_latent=0.0000 synth_low_t_hits=0.0000 synth_total=0.1809 extra_render_attn_share=0.7010
[step 24250] real_p1_mirror_hole_cov=0.0483 real_p1_eps=0.1442 real_p1_hole_frac=0.1256 real_p2_eps=0.0860 real_p2_pixel_l1=0.0000 real_p2_pixel_pl=0.0000 real_p2_pixel_id=0.0000 real_p2_latent=0.0000 real_p2_low_t_hits=0.0000 real_total=0.2302 synth_eps=0.0061 synth_eps_raw=0.0061 synth_pixel_l1=0.0000 synth_pixel_pl=0.0000 synth_pixel_id=0.0000 synth_latent=0.0000 synth_low_t_hits=0.0000 synth_total=0.0061 extra_render_attn_share=0.7010
[step 24300] real_p1_mirror_hole_cov=0.2517 real_p1_eps=0.1506 real_p1_hole_frac=0.2604 real_p2_eps=0.2093 real_p2_pixel_l1=0.0000 real_p2_pixel_pl=0.0000 real_p2_pixel_id=0.0000 real_p2_latent=0.0000 real_p2_low_t_hits=1.0000 real_total=0.3599 synth_eps=0.0486 synth_eps_raw=0.0486 synth_pixel_l1=0.0000 synth_pixel_pl=0.0000 synth_pixel_id=0.0000 synth_latent=0.0000 synth_low_t_hits=0.0000 synth_total=0.0486 extra_render_attn_share=0.7010
[step 24350] real_p1_mirror_hole_cov=0.0133 real_p1_eps=0.0352 real_p1_hole_frac=0.0906 real_p2_eps=0.0240 real_p2_pixel_l1=0.0000 real_p2_pixel_pl=0.0000 real_p2_pixel_id=0.0000 real_p2_latent=0.0000 real_p2_low_t_hits=0.0000 real_total=0.0592 synth_eps=0.0194 synth_eps_raw=0.0194 synth_pixel_l1=0.0000 synth_pixel_pl=0.0000 synth_pixel_id=0.0000 synth_latent=0.0000 synth_low_t_hits=0.0000 synth_total=0.0194 extra_render_attn_share=0.7010
[step 24400] real_p1_mirror_hole_cov=0.0722 real_p1_eps=0.6307 real_p1_hole_frac=0.3549 real_p2_eps=0.2162 real_p2_pixel_l1=0.0000 real_p2_pixel_pl=0.0000 real_p2_pixel_id=0.0000 real_p2_latent=0.0000 real_p2_low_t_hits=1.0000 real_total=0.8469 synth_eps=0.1216 synth_eps_raw=0.1216 synth_pixel_l1=0.0000 synth_pixel_pl=0.0000 synth_pixel_id=0.0000 synth_latent=0.0000 synth_low_t_hits=1.0000 synth_total=0.1216 extra_render_attn_share=0.7010
[step 24450] real_p1_mirror_hole_cov=0.0610 real_p1_eps=0.1370 real_p1_hole_frac=0.3290 real_p2_eps=0.0419 real_p2_pixel_l1=0.0000 real_p2_pixel_pl=0.0000 real_p2_pixel_id=0.0000 real_p2_latent=0.0000 real_p2_low_t_hits=0.0000 real_total=0.1789 synth_eps=0.0534 synth_eps_raw=0.0534 synth_pixel_l1=0.0000 synth_pixel_pl=0.0000 synth_pixel_id=0.0000 synth_latent=0.0000 synth_low_t_hits=0.0000 synth_total=0.0534 extra_render_attn_share=0.7010
[step 24500] real_p1_mirror_hole_cov=0.1102 real_p1_eps=0.1890 real_p1_hole_frac=0.2063 real_p2_eps=0.0036 real_p2_pixel_l1=0.0000 real_p2_pixel_pl=0.0000 real_p2_pixel_id=0.0000 real_p2_latent=0.0000 real_p2_low_t_hits=0.0000 real_total=0.1925 synth_eps=0.0343 synth_eps_raw=0.0343 synth_pixel_l1=0.0000 synth_pixel_pl=0.0000 synth_pixel_id=0.0000 synth_latent=0.0000 synth_low_t_hits=0.0000 synth_total=0.0343 extra_render_attn_share=0.7010
[images] real: anchor | cond1 | cond2 | inv_warp_mirror | mask | mask_inv | warp_img | warp_warp_img | x | y_hat | y_hat_novel -> /home/xzy/warpgan-diffusiong-inpainting/warpgan-diffusion-inpainting-main/experiments/train_inpainting_diffusion/[20260910-123409]_v18w1_ctrl_50k/logs/images/train/real_step0024500.png
[images] synth: cond | mask | target | warp_img | x | y_hat_novel -> /home/xzy/warpgan-diffusiong-inpainting/warpgan-diffusion-inpainting-main/experiments/train_inpainting_diffusion/[20260910-123409]_v18w1_ctrl_50k/logs/images/train/synth_step0024500.png
[step 24550] real_p1_mirror_hole_cov=0.1837 real_p1_eps=0.0149 real_p1_hole_frac=0.3481 real_p2_eps=0.1840 real_p2_pixel_l1=0.0000 real_p2_pixel_pl=0.0000 real_p2_pixel_id=0.0000 real_p2_latent=0.0000 real_p2_low_t_hits=1.0000 real_total=0.1989 synth_eps=0.2277 synth_eps_raw=0.2277 synth_pixel_l1=0.0000 synth_pixel_pl=0.0000 synth_pixel_id=0.0000 synth_latent=0.0000 synth_low_t_hits=1.0000 synth_total=0.2277 extra_render_attn_share=0.7010
[step 24600] real_p1_mirror_hole_cov=0.2364 real_p1_eps=0.0088 real_p1_hole_frac=0.3704 real_p2_eps=0.0825 real_p2_pixel_l1=0.0000 real_p2_pixel_pl=0.0000 real_p2_pixel_id=0.0000 real_p2_latent=0.0000 real_p2_low_t_hits=0.0000 real_total=0.0913 synth_eps=0.0142 synth_eps_raw=0.0142 synth_pixel_l1=0.0000 synth_pixel_pl=0.0000 synth_pixel_id=0.0000 synth_latent=0.0000 synth_low_t_hits=0.0000 synth_total=0.0142 extra_render_attn_share=0.7010
[step 24650] real_p1_mirror_hole_cov=0.0574 real_p1_eps=0.0248 real_p1_hole_frac=0.6044 real_p2_eps=0.0063 real_p2_pixel_l1=0.0000 real_p2_pixel_pl=0.0000 real_p2_pixel_id=0.0000 real_p2_latent=0.0000 real_p2_low_t_hits=0.0000 real_total=0.0311 synth_eps=0.0037 synth_eps_raw=0.0037 synth_pixel_l1=0.0000 synth_pixel_pl=0.0000 synth_pixel_id=0.0000 synth_latent=0.0000 synth_low_t_hits=0.0000 synth_total=0.0037 extra_render_attn_share=0.7010
[step 24700] real_p1_mirror_hole_cov=0.3974 real_p1_eps=0.0476 real_p1_hole_frac=0.6365 real_p2_eps=0.0520 real_p2_pixel_l1=0.0000 real_p2_pixel_pl=0.0000 real_p2_pixel_id=0.0000 real_p2_latent=0.0000 real_p2_low_t_hits=0.0000 real_total=0.0996 synth_eps=0.8315 synth_eps_raw=0.8315 synth_pixel_l1=0.0000 synth_pixel_pl=0.0000 synth_pixel_id=0.0000 synth_latent=0.0000 synth_low_t_hits=1.0000 synth_total=0.8315 extra_render_attn_share=0.7010
[step 24750] real_p1_mirror_hole_cov=0.1183 real_p1_eps=0.0028 real_p1_hole_frac=0.2749 real_p2_eps=0.0011 real_p2_pixel_l1=0.0000 real_p2_pixel_pl=0.0000 real_p2_pixel_id=0.0000 real_p2_latent=0.0000 real_p2_low_t_hits=0.0000 real_total=0.0039 synth_eps=0.0473 synth_eps_raw=0.0473 synth_pixel_l1=0.0000 synth_pixel_pl=0.0000 synth_pixel_id=0.0000 synth_latent=0.0000 synth_low_t_hits=0.0000 synth_total=0.0473 extra_render_attn_share=0.7010
[step 24800] real_p1_mirror_hole_cov=0.5168 real_p1_eps=0.5517 real_p1_hole_frac=0.3689 real_p2_eps=0.0011 real_p2_pixel_l1=0.0000 real_p2_pixel_pl=0.0000 real_p2_pixel_id=0.0000 real_p2_latent=0.0000 real_p2_low_t_hits=0.0000 real_total=0.5529 synth_eps=0.1266 synth_eps_raw=0.1266 synth_pixel_l1=0.0000 synth_pixel_pl=0.0000 synth_pixel_id=0.0000 synth_latent=0.0000 synth_low_t_hits=0.0000 synth_total=0.1266 extra_render_attn_share=0.7010
[step 24850] real_p1_mirror_hole_cov=0.0052 real_p1_eps=0.0853 real_p1_hole_frac=0.2287 real_p2_eps=0.0124 real_p2_pixel_l1=0.0000 real_p2_pixel_pl=0.0000 real_p2_pixel_id=0.0000 real_p2_latent=0.0000 real_p2_low_t_hits=0.0000 real_total=0.0977 synth_eps=0.0014 synth_eps_raw=0.0014 synth_pixel_l1=0.0000 synth_pixel_pl=0.0000 synth_pixel_id=0.0000 synth_latent=0.0000 synth_low_t_hits=0.0000 synth_total=0.0014 extra_render_attn_share=0.7010
[step 24900] real_p1_mirror_hole_cov=0.1175 real_p1_eps=0.0575 real_p1_hole_frac=0.2462 real_p2_eps=0.0444 real_p2_pixel_l1=0.0000 real_p2_pixel_pl=0.0000 real_p2_pixel_id=0.0000 real_p2_latent=0.0000 real_p2_low_t_hits=0.0000 real_total=0.1019 synth_eps=0.0094 synth_eps_raw=0.0094 synth_pixel_l1=0.0000 synth_pixel_pl=0.0000 synth_pixel_id=0.0000 synth_latent=0.0000 synth_low_t_hits=0.0000 synth_total=0.0094 extra_render_attn_share=0.7010
[step 24950] real_p1_mirror_hole_cov=0.0335 real_p1_eps=0.1708 real_p1_hole_frac=0.2270 real_p2_eps=0.1588 real_p2_pixel_l1=0.0000 real_p2_pixel_pl=0.0000 real_p2_pixel_id=0.0000 real_p2_latent=0.0000 real_p2_low_t_hits=1.0000 real_total=0.3296 synth_eps=0.4126 synth_eps_raw=0.4126 synth_pixel_l1=0.0000 synth_pixel_pl=0.0000 synth_pixel_id=0.0000 synth_latent=0.0000 synth_low_t_hits=1.0000 synth_total=0.4126 extra_render_attn_share=0.7010
[step 25000] real_p1_mirror_hole_cov=0.0164 real_p1_eps=0.0453 real_p1_hole_frac=0.0918 real_p2_eps=0.0111 real_p2_pixel_l1=0.0000 real_p2_pixel_pl=0.0000 real_p2_pixel_id=0.0000 real_p2_latent=0.0000 real_p2_low_t_hits=0.0000 real_total=0.0564 synth_eps=0.2901 synth_eps_raw=0.2901 synth_pixel_l1=0.0000 synth_pixel_pl=0.0000 synth_pixel_id=0.0000 synth_latent=0.0000 synth_low_t_hits=1.0000 synth_total=0.2901 extra_render_attn_share=0.7010
[images] real: anchor | cond1 | cond2 | inv_warp_mirror | mask | mask_inv | warp_img | warp_warp_img | x | y_hat | y_hat_novel -> /home/xzy/warpgan-diffusiong-inpainting/warpgan-diffusion-inpainting-main/experiments/train_inpainting_diffusion/[20260910-123409]_v18w1_ctrl_50k/logs/images/train/real_step0025000.png
[images] synth: cond | mask | target | warp_img | x | y_hat_novel -> /home/xzy/warpgan-diffusiong-inpainting/warpgan-diffusion-inpainting-main/experiments/train_inpainting_diffusion/[20260910-123409]_v18w1_ctrl_50k/logs/images/train/synth_step0025000.png
[step 25050] real_p1_mirror_hole_cov=0.0319 real_p1_eps=0.0421 real_p1_hole_frac=0.0806 real_p2_eps=0.0813 real_p2_pixel_l1=0.0000 real_p2_pixel_pl=0.0000 real_p2_pixel_id=0.0000 real_p2_latent=0.0000 real_p2_low_t_hits=0.0000 real_total=0.1234 synth_eps=0.5053 synth_eps_raw=0.5053 synth_pixel_l1=0.0000 synth_pixel_pl=0.0000 synth_pixel_id=0.0000 synth_latent=0.0000 synth_low_t_hits=1.0000 synth_total=0.5053 extra_render_attn_share=0.7010
[step 25100] real_p1_mirror_hole_cov=0.0332 real_p1_eps=0.0009 real_p1_hole_frac=0.0431 real_p2_eps=0.1091 real_p2_pixel_l1=0.0000 real_p2_pixel_pl=0.0000 real_p2_pixel_id=0.0000 real_p2_latent=0.0000 real_p2_low_t_hits=1.0000 real_total=0.1100 synth_eps=0.0259 synth_eps_raw=0.0259 synth_pixel_l1=0.0000 synth_pixel_pl=0.0000 synth_pixel_id=0.0000 synth_latent=0.0000 synth_low_t_hits=0.0000 synth_total=0.0259 extra_render_attn_share=0.7010
[step 25150] real_p1_mirror_hole_cov=0.0376 real_p1_eps=0.0040 real_p1_hole_frac=0.3454 real_p2_eps=0.0274 real_p2_pixel_l1=0.0000 real_p2_pixel_pl=0.0000 real_p2_pixel_id=0.0000 real_p2_latent=0.0000 real_p2_low_t_hits=0.0000 real_total=0.0314 synth_eps=0.0058 synth_eps_raw=0.0058 synth_pixel_l1=0.0000 synth_pixel_pl=0.0000 synth_pixel_id=0.0000 synth_latent=0.0000 synth_low_t_hits=0.0000 synth_total=0.0058 extra_render_attn_share=0.7010
[step 25200] real_p1_mirror_hole_cov=0.0050 real_p1_eps=0.0019 real_p1_hole_frac=0.1955 real_p2_eps=0.0119 real_p2_pixel_l1=0.0000 real_p2_pixel_pl=0.0000 real_p2_pixel_id=0.0000 real_p2_latent=0.0000 real_p2_low_t_hits=0.0000 real_total=0.0138 synth_eps=0.0319 synth_eps_raw=0.0319 synth_pixel_l1=0.0000 synth_pixel_pl=0.0000 synth_pixel_id=0.0000 synth_latent=0.0000 synth_low_t_hits=0.0000 synth_total=0.0319 extra_render_attn_share=0.7010
[step 25250] real_p1_mirror_hole_cov=0.0366 real_p1_eps=0.0145 real_p1_hole_frac=0.2365 real_p2_eps=0.0012 real_p2_pixel_l1=0.0000 real_p2_pixel_pl=0.0000 real_p2_pixel_id=0.0000 real_p2_latent=0.0000 real_p2_low_t_hits=0.0000 real_total=0.0157 synth_eps=0.0012 synth_eps_raw=0.0012 synth_pixel_l1=0.0000 synth_pixel_pl=0.0000 synth_pixel_id=0.0000 synth_latent=0.0000 synth_low_t_hits=0.0000 synth_total=0.0012 extra_render_attn_share=0.7010
[step 25300] real_p1_mirror_hole_cov=0.0567 real_p1_eps=0.1747 real_p1_hole_frac=0.5598 real_p2_eps=0.0040 real_p2_pixel_l1=0.0000 real_p2_pixel_pl=0.0000 real_p2_pixel_id=0.0000 real_p2_latent=0.0000 real_p2_low_t_hits=0.0000 real_total=0.1787 synth_eps=0.0472 synth_eps_raw=0.0472 synth_pixel_l1=0.0000 synth_pixel_pl=0.0000 synth_pixel_id=0.0000 synth_latent=0.0000 synth_low_t_hits=0.0000 synth_total=0.0472 extra_render_attn_share=0.7010
[step 25350] real_p1_mirror_hole_cov=0.3239 real_p1_eps=0.1859 real_p1_hole_frac=0.1248 real_p2_eps=0.0525 real_p2_pixel_l1=0.0000 real_p2_pixel_pl=0.0000 real_p2_pixel_id=0.0000 real_p2_latent=0.0000 real_p2_low_t_hits=0.0000 real_total=0.2384 synth_eps=0.9262 synth_eps_raw=0.9262 synth_pixel_l1=0.0000 synth_pixel_pl=0.0000 synth_pixel_id=0.0000 synth_latent=0.0000 synth_low_t_hits=1.0000 synth_total=0.9262 extra_render_attn_share=0.7010
[step 25400] real_p1_mirror_hole_cov=0.3352 real_p1_eps=0.0154 real_p1_hole_frac=0.2396 real_p2_eps=0.0074 real_p2_pixel_l1=0.0000 real_p2_pixel_pl=0.0000 real_p2_pixel_id=0.0000 real_p2_latent=0.0000 real_p2_low_t_hits=0.0000 real_total=0.0228 synth_eps=0.0044 synth_eps_raw=0.0044 synth_pixel_l1=0.0000 synth_pixel_pl=0.0000 synth_pixel_id=0.0000 synth_latent=0.0000 synth_low_t_hits=0.0000 synth_total=0.0044 extra_render_attn_share=0.7010
[step 25450] real_p1_mirror_hole_cov=0.1652 real_p1_eps=0.0143 real_p1_hole_frac=0.5330 real_p2_eps=0.0974 real_p2_pixel_l1=0.0000 real_p2_pixel_pl=0.0000 real_p2_pixel_id=0.0000 real_p2_latent=0.0000 real_p2_low_t_hits=0.0000 real_total=0.1117 synth_eps=0.2725 synth_eps_raw=0.2725 synth_pixel_l1=0.0000 synth_pixel_pl=0.0000 synth_pixel_id=0.0000 synth_latent=0.0000 synth_low_t_hits=1.0000 synth_total=0.2725 extra_render_attn_share=0.7010
[step 25500] real_p1_mirror_hole_cov=0.1477 real_p1_eps=0.0902 real_p1_hole_frac=0.3207 real_p2_eps=0.0012 real_p2_pixel_l1=0.0000 real_p2_pixel_pl=0.0000 real_p2_pixel_id=0.0000 real_p2_latent=0.0000 real_p2_low_t_hits=0.0000 real_total=0.0913 synth_eps=0.2362 synth_eps_raw=0.2362 synth_pixel_l1=0.0000 synth_pixel_pl=0.0000 synth_pixel_id=0.0000 synth_latent=0.0000 synth_low_t_hits=1.0000 synth_total=0.2362 extra_render_attn_share=0.7010
[images] real: anchor | cond1 | cond2 | inv_warp_mirror | mask | mask_inv | warp_img | warp_warp_img | x | y_hat | y_hat_novel -> /home/xzy/warpgan-diffusiong-inpainting/warpgan-diffusion-inpainting-main/experiments/train_inpainting_diffusion/[20260910-123409]_v18w1_ctrl_50k/logs/images/train/real_step0025500.png
[images] synth: cond | mask | target | warp_img | x | y_hat_novel -> /home/xzy/warpgan-diffusiong-inpainting/warpgan-diffusion-inpainting-main/experiments/train_inpainting_diffusion/[20260910-123409]_v18w1_ctrl_50k/logs/images/train/synth_step0025500.png
[step 25550] real_p1_mirror_hole_cov=0.0691 real_p1_eps=0.0146 real_p1_hole_frac=0.1036 real_p2_eps=0.0779 real_p2_pixel_l1=0.0000 real_p2_pixel_pl=0.0000 real_p2_pixel_id=0.0000 real_p2_latent=0.0000 real_p2_low_t_hits=0.0000 real_total=0.0925 synth_eps=0.0558 synth_eps_raw=0.0558 synth_pixel_l1=0.0000 synth_pixel_pl=0.0000 synth_pixel_id=0.0000 synth_latent=0.0000 synth_low_t_hits=0.0000 synth_total=0.0558 extra_render_attn_share=0.7010
[step 25600] real_p1_mirror_hole_cov=0.0066 real_p1_eps=0.0678 real_p1_hole_frac=0.1078 real_p2_eps=0.0010 real_p2_pixel_l1=0.0000 real_p2_pixel_pl=0.0000 real_p2_pixel_id=0.0000 real_p2_latent=0.0000 real_p2_low_t_hits=0.0000 real_total=0.0688 synth_eps=0.0278 synth_eps_raw=0.0278 synth_pixel_l1=0.0000 synth_pixel_pl=0.0000 synth_pixel_id=0.0000 synth_latent=0.0000 synth_low_t_hits=0.0000 synth_total=0.0278 extra_render_attn_share=0.7010
[step 25650] real_p1_mirror_hole_cov=0.2182 real_p1_eps=0.0321 real_p1_hole_frac=0.4310 real_p2_eps=0.0023 real_p2_pixel_l1=0.0000 real_p2_pixel_pl=0.0000 real_p2_pixel_id=0.0000 real_p2_latent=0.0000 real_p2_low_t_hits=0.0000 real_total=0.0344 synth_eps=0.1636 synth_eps_raw=0.1636 synth_pixel_l1=0.0000 synth_pixel_pl=0.0000 synth_pixel_id=0.0000 synth_latent=0.0000 synth_low_t_hits=0.0000 synth_total=0.1636 extra_render_attn_share=0.7010
[step 25700] real_p1_mirror_hole_cov=0.0845 real_p1_eps=0.0041 real_p1_hole_frac=0.1099 real_p2_eps=0.0886 real_p2_pixel_l1=0.0000 real_p2_pixel_pl=0.0000 real_p2_pixel_id=0.0000 real_p2_latent=0.0000 real_p2_low_t_hits=1.0000 real_total=0.0926 synth_eps=0.0102 synth_eps_raw=0.0102 synth_pixel_l1=0.0000 synth_pixel_pl=0.0000 synth_pixel_id=0.0000 synth_latent=0.0000 synth_low_t_hits=0.0000 synth_total=0.0102 extra_render_attn_share=0.7010
[step 25750] real_p1_mirror_hole_cov=0.0632 real_p1_eps=0.2833 real_p1_hole_frac=0.1040 real_p2_eps=0.0012 real_p2_pixel_l1=0.0000 real_p2_pixel_pl=0.0000 real_p2_pixel_id=0.0000 real_p2_latent=0.0000 real_p2_low_t_hits=0.0000 real_total=0.2845 synth_eps=0.0036 synth_eps_raw=0.0036 synth_pixel_l1=0.0000 synth_pixel_pl=0.0000 synth_pixel_id=0.0000 synth_latent=0.0000 synth_low_t_hits=0.0000 synth_total=0.0036 extra_render_attn_share=0.7010
[step 25800] real_p1_mirror_hole_cov=0.1395 real_p1_eps=0.0173 real_p1_hole_frac=0.1728 real_p2_eps=0.0103 real_p2_pixel_l1=0.0000 real_p2_pixel_pl=0.0000 real_p2_pixel_id=0.0000 real_p2_latent=0.0000 real_p2_low_t_hits=0.0000 real_total=0.0276 synth_eps=0.2680 synth_eps_raw=0.2680 synth_pixel_l1=0.0000 synth_pixel_pl=0.0000 synth_pixel_id=0.0000 synth_latent=0.0000 synth_low_t_hits=1.0000 synth_total=0.2680 extra_render_attn_share=0.7010
[step 25850] real_p1_mirror_hole_cov=0.0394 real_p1_eps=0.2421 real_p1_hole_frac=0.2643 real_p2_eps=0.0069 real_p2_pixel_l1=0.0000 real_p2_pixel_pl=0.0000 real_p2_pixel_id=0.0000 real_p2_latent=0.0000 real_p2_low_t_hits=0.0000 real_total=0.2489 synth_eps=0.0529 synth_eps_raw=0.0529 synth_pixel_l1=0.0000 synth_pixel_pl=0.0000 synth_pixel_id=0.0000 synth_latent=0.0000 synth_low_t_hits=0.0000 synth_total=0.0529 extra_render_attn_share=0.7010
[step 25900] real_p1_mirror_hole_cov=0.0009 real_p1_eps=0.0288 real_p1_hole_frac=0.1091 real_p2_eps=0.1293 real_p2_pixel_l1=0.0000 real_p2_pixel_pl=0.0000 real_p2_pixel_id=0.0000 real_p2_latent=0.0000 real_p2_low_t_hits=1.0000 real_total=0.1582 synth_eps=0.3377 synth_eps_raw=0.3377 synth_pixel_l1=0.0000 synth_pixel_pl=0.0000 synth_pixel_id=0.0000 synth_latent=0.0000 synth_low_t_hits=1.0000 synth_total=0.3377 extra_render_attn_share=0.7010
[step 25950] real_p1_mirror_hole_cov=0.0087 real_p1_eps=0.0293 real_p1_hole_frac=0.0612 real_p2_eps=0.0032 real_p2_pixel_l1=0.0000 real_p2_pixel_pl=0.0000 real_p2_pixel_id=0.0000 real_p2_latent=0.0000 real_p2_low_t_hits=0.0000 real_total=0.0325 synth_eps=0.0041 synth_eps_raw=0.0041 synth_pixel_l1=0.0000 synth_pixel_pl=0.0000 synth_pixel_id=0.0000 synth_latent=0.0000 synth_low_t_hits=0.0000 synth_total=0.0041 extra_render_attn_share=0.7010
[val step 25999] val_novel_full=0.0631 val_novel_hole=0.1134 val_novel_visible=0.0414
[step 26000] real_p1_mirror_hole_cov=0.0005 real_p1_eps=0.0012 real_p1_hole_frac=0.2198 real_p2_eps=0.0015 real_p2_pixel_l1=0.0000 real_p2_pixel_pl=0.0000 real_p2_pixel_id=0.0000 real_p2_latent=0.0000 real_p2_low_t_hits=0.0000 real_total=0.0026 synth_eps=0.2291 synth_eps_raw=0.2291 synth_pixel_l1=0.0000 synth_pixel_pl=0.0000 synth_pixel_id=0.0000 synth_latent=0.0000 synth_low_t_hits=1.0000 synth_total=0.2291 extra_render_attn_share=0.7259
[images] real: anchor | cond1 | cond2 | inv_warp_mirror | mask | mask_inv | warp_img | warp_warp_img | x | y_hat | y_hat_novel -> /home/xzy/warpgan-diffusiong-inpainting/warpgan-diffusion-inpainting-main/experiments/train_inpainting_diffusion/[20260910-123409]_v18w1_ctrl_50k/logs/images/train/real_step0026000.png
[images] synth: cond | mask | target | warp_img | x | y_hat_novel -> /home/xzy/warpgan-diffusiong-inpainting/warpgan-diffusion-inpainting-main/experiments/train_inpainting_diffusion/[20260910-123409]_v18w1_ctrl_50k/logs/images/train/synth_step0026000.png
[step 26050] real_p1_mirror_hole_cov=0.1168 real_p1_eps=0.3446 real_p1_hole_frac=0.4122 real_p2_eps=0.0207 real_p2_pixel_l1=0.0000 real_p2_pixel_pl=0.0000 real_p2_pixel_id=0.0000 real_p2_latent=0.0000 real_p2_low_t_hits=0.0000 real_total=0.3653 synth_eps=0.2855 synth_eps_raw=0.2855 synth_pixel_l1=0.0000 synth_pixel_pl=0.0000 synth_pixel_id=0.0000 synth_latent=0.0000 synth_low_t_hits=1.0000 synth_total=0.2855 extra_render_attn_share=0.7259
[step 26100] real_p1_mirror_hole_cov=0.0996 real_p1_eps=0.0057 real_p1_hole_frac=0.2783 real_p2_eps=0.0012 real_p2_pixel_l1=0.0000 real_p2_pixel_pl=0.0000 real_p2_pixel_id=0.0000 real_p2_latent=0.0000 real_p2_low_t_hits=0.0000 real_total=0.0069 synth_eps=0.0133 synth_eps_raw=0.0133 synth_pixel_l1=0.0000 synth_pixel_pl=0.0000 synth_pixel_id=0.0000 synth_latent=0.0000 synth_low_t_hits=0.0000 synth_total=0.0133 extra_render_attn_share=0.7259
[step 26150] real_p1_mirror_hole_cov=0.2985 real_p1_eps=0.0017 real_p1_hole_frac=0.6195 real_p2_eps=0.0077 real_p2_pixel_l1=0.0000 real_p2_pixel_pl=0.0000 real_p2_pixel_id=0.0000 real_p2_latent=0.0000 real_p2_low_t_hits=0.0000 real_total=0.0093 synth_eps=0.1773 synth_eps_raw=0.1773 synth_pixel_l1=0.0000 synth_pixel_pl=0.0000 synth_pixel_id=0.0000 synth_latent=0.0000 synth_low_t_hits=0.0000 synth_total=0.1773 extra_render_attn_share=0.7259
[step 26200] real_p1_mirror_hole_cov=0.1106 real_p1_eps=0.0926 real_p1_hole_frac=0.2288 real_p2_eps=0.1129 real_p2_pixel_l1=0.0000 real_p2_pixel_pl=0.0000 real_p2_pixel_id=0.0000 real_p2_latent=0.0000 real_p2_low_t_hits=0.0000 real_total=0.2055 synth_eps=0.0293 synth_eps_raw=0.0293 synth_pixel_l1=0.0000 synth_pixel_pl=0.0000 synth_pixel_id=0.0000 synth_latent=0.0000 synth_low_t_hits=0.0000 synth_total=0.0293 extra_render_attn_share=0.7259
[step 26250] real_p1_mirror_hole_cov=0.2434 real_p1_eps=0.0040 real_p1_hole_frac=0.2526 real_p2_eps=0.0737 real_p2_pixel_l1=0.0000 real_p2_pixel_pl=0.0000 real_p2_pixel_id=0.0000 real_p2_latent=0.0000 real_p2_low_t_hits=0.0000 real_total=0.0777 synth_eps=0.0050 synth_eps_raw=0.0050 synth_pixel_l1=0.0000 synth_pixel_pl=0.0000 synth_pixel_id=0.0000 synth_latent=0.0000 synth_low_t_hits=0.0000 synth_total=0.0050 extra_render_attn_share=0.7259
[step 26300] real_p1_mirror_hole_cov=0.1331 real_p1_eps=0.0206 real_p1_hole_frac=0.1212 real_p2_eps=0.0096 real_p2_pixel_l1=0.0000 real_p2_pixel_pl=0.0000 real_p2_pixel_id=0.0000 real_p2_latent=0.0000 real_p2_low_t_hits=0.0000 real_total=0.0302 synth_eps=0.0075 synth_eps_raw=0.0075 synth_pixel_l1=0.0000 synth_pixel_pl=0.0000 synth_pixel_id=0.0000 synth_latent=0.0000 synth_low_t_hits=0.0000 synth_total=0.0075 extra_render_attn_share=0.7259
[step 26350] real_p1_mirror_hole_cov=0.0031 real_p1_eps=0.0525 real_p1_hole_frac=0.2312 real_p2_eps=0.2520 real_p2_pixel_l1=0.0000 real_p2_pixel_pl=0.0000 real_p2_pixel_id=0.0000 real_p2_latent=0.0000 real_p2_low_t_hits=1.0000 real_total=0.3045 synth_eps=0.0183 synth_eps_raw=0.0183 synth_pixel_l1=0.0000 synth_pixel_pl=0.0000 synth_pixel_id=0.0000 synth_latent=0.0000 synth_low_t_hits=0.0000 synth_total=0.0183 extra_render_attn_share=0.7259
[step 26400] real_p1_mirror_hole_cov=0.0554 real_p1_eps=0.0016 real_p1_hole_frac=0.1990 real_p2_eps=0.0017 real_p2_pixel_l1=0.0000 real_p2_pixel_pl=0.0000 real_p2_pixel_id=0.0000 real_p2_latent=0.0000 real_p2_low_t_hits=0.0000 real_total=0.0033 synth_eps=0.0024 synth_eps_raw=0.0024 synth_pixel_l1=0.0000 synth_pixel_pl=0.0000 synth_pixel_id=0.0000 synth_latent=0.0000 synth_low_t_hits=0.0000 synth_total=0.0024 extra_render_attn_share=0.7259
[step 26450] real_p1_mirror_hole_cov=0.2100 real_p1_eps=0.5597 real_p1_hole_frac=0.4946 real_p2_eps=0.2597 real_p2_pixel_l1=0.0000 real_p2_pixel_pl=0.0000 real_p2_pixel_id=0.0000 real_p2_latent=0.0000 real_p2_low_t_hits=1.0000 real_total=0.8194 synth_eps=0.0066 synth_eps_raw=0.0066 synth_pixel_l1=0.0000 synth_pixel_pl=0.0000 synth_pixel_id=0.0000 synth_latent=0.0000 synth_low_t_hits=0.0000 synth_total=0.0066 extra_render_attn_share=0.7259
[step 26500] real_p1_mirror_hole_cov=0.1376 real_p1_eps=0.0673 real_p1_hole_frac=0.2855 real_p2_eps=0.0711 real_p2_pixel_l1=0.0000 real_p2_pixel_pl=0.0000 real_p2_pixel_id=0.0000 real_p2_latent=0.0000 real_p2_low_t_hits=0.0000 real_total=0.1384 synth_eps=0.0081 synth_eps_raw=0.0081 synth_pixel_l1=0.0000 synth_pixel_pl=0.0000 synth_pixel_id=0.0000 synth_latent=0.0000 synth_low_t_hits=0.0000 synth_total=0.0081 extra_render_attn_share=0.7259
[images] real: anchor | cond1 | cond2 | inv_warp_mirror | mask | mask_inv | warp_img | warp_warp_img | x | y_hat | y_hat_novel -> /home/xzy/warpgan-diffusiong-inpainting/warpgan-diffusion-inpainting-main/experiments/train_inpainting_diffusion/[20260910-123409]_v18w1_ctrl_50k/logs/images/train/real_step0026500.png
[images] synth: cond | mask | target | warp_img | x | y_hat_novel -> /home/xzy/warpgan-diffusiong-inpainting/warpgan-diffusion-inpainting-main/experiments/train_inpainting_diffusion/[20260910-123409]_v18w1_ctrl_50k/logs/images/train/synth_step0026500.png
[step 26550] real_p1_mirror_hole_cov=0.1352 real_p1_eps=0.1468 real_p1_hole_frac=0.1758 real_p2_eps=0.0124 real_p2_pixel_l1=0.0000 real_p2_pixel_pl=0.0000 real_p2_pixel_id=0.0000 real_p2_latent=0.0000 real_p2_low_t_hits=0.0000 real_total=0.1593 synth_eps=0.0727 synth_eps_raw=0.0727 synth_pixel_l1=0.0000 synth_pixel_pl=0.0000 synth_pixel_id=0.0000 synth_latent=0.0000 synth_low_t_hits=0.0000 synth_total=0.0727 extra_render_attn_share=0.7259
[step 26600] real_p1_mirror_hole_cov=0.1385 real_p1_eps=0.0009 real_p1_hole_frac=0.1872 real_p2_eps=0.0436 real_p2_pixel_l1=0.0000 real_p2_pixel_pl=0.0000 real_p2_pixel_id=0.0000 real_p2_latent=0.0000 real_p2_low_t_hits=0.0000 real_total=0.0445 synth_eps=0.0034 synth_eps_raw=0.0034 synth_pixel_l1=0.0000 synth_pixel_pl=0.0000 synth_pixel_id=0.0000 synth_latent=0.0000 synth_low_t_hits=0.0000 synth_total=0.0034 extra_render_attn_share=0.7259
[step 26650] real_p1_mirror_hole_cov=0.0799 real_p1_eps=0.0084 real_p1_hole_frac=0.1562 real_p2_eps=0.0145 real_p2_pixel_l1=0.0000 real_p2_pixel_pl=0.0000 real_p2_pixel_id=0.0000 real_p2_latent=0.0000 real_p2_low_t_hits=0.0000 real_total=0.0228 synth_eps=0.0212 synth_eps_raw=0.0212 synth_pixel_l1=0.0000 synth_pixel_pl=0.0000 synth_pixel_id=0.0000 synth_latent=0.0000 synth_low_t_hits=0.0000 synth_total=0.0212 extra_render_attn_share=0.7259
[step 26700] real_p1_mirror_hole_cov=0.0200 real_p1_eps=0.0152 real_p1_hole_frac=0.0639 real_p2_eps=0.0021 real_p2_pixel_l1=0.0000 real_p2_pixel_pl=0.0000 real_p2_pixel_id=0.0000 real_p2_latent=0.0000 real_p2_low_t_hits=0.0000 real_total=0.0173 synth_eps=0.0477 synth_eps_raw=0.0477 synth_pixel_l1=0.0000 synth_pixel_pl=0.0000 synth_pixel_id=0.0000 synth_latent=0.0000 synth_low_t_hits=0.0000 synth_total=0.0477 extra_render_attn_share=0.7259
[step 26750] real_p1_mirror_hole_cov=0.2039 real_p1_eps=0.2534 real_p1_hole_frac=0.2847 real_p2_eps=0.0565 real_p2_pixel_l1=0.0000 real_p2_pixel_pl=0.0000 real_p2_pixel_id=0.0000 real_p2_latent=0.0000 real_p2_low_t_hits=0.0000 real_total=0.3098 synth_eps=0.0051 synth_eps_raw=0.0051 synth_pixel_l1=0.0000 synth_pixel_pl=0.0000 synth_pixel_id=0.0000 synth_latent=0.0000 synth_low_t_hits=0.0000 synth_total=0.0051 extra_render_attn_share=0.7259
[step 26800] real_p1_mirror_hole_cov=0.1074 real_p1_eps=0.0911 real_p1_hole_frac=0.1066 real_p2_eps=0.0695 real_p2_pixel_l1=0.0000 real_p2_pixel_pl=0.0000 real_p2_pixel_id=0.0000 real_p2_latent=0.0000 real_p2_low_t_hits=0.0000 real_total=0.1606 synth_eps=0.0058 synth_eps_raw=0.0058 synth_pixel_l1=0.0000 synth_pixel_pl=0.0000 synth_pixel_id=0.0000 synth_latent=0.0000 synth_low_t_hits=0.0000 synth_total=0.0058 extra_render_attn_share=0.7259
[step 26850] real_p1_mirror_hole_cov=0.0671 real_p1_eps=0.1813 real_p1_hole_frac=0.3321 real_p2_eps=0.0026 real_p2_pixel_l1=0.0000 real_p2_pixel_pl=0.0000 real_p2_pixel_id=0.0000 real_p2_latent=0.0000 real_p2_low_t_hits=0.0000 real_total=0.1839 synth_eps=0.0038 synth_eps_raw=0.0038 synth_pixel_l1=0.0000 synth_pixel_pl=0.0000 synth_pixel_id=0.0000 synth_latent=0.0000 synth_low_t_hits=0.0000 synth_total=0.0038 extra_render_attn_share=0.7259
[step 26900] real_p1_mirror_hole_cov=0.0316 real_p1_eps=0.0738 real_p1_hole_frac=0.4820 real_p2_eps=0.1254 real_p2_pixel_l1=0.0000 real_p2_pixel_pl=0.0000 real_p2_pixel_id=0.0000 real_p2_latent=0.0000 real_p2_low_t_hits=0.0000 real_total=0.1991 synth_eps=0.0338 synth_eps_raw=0.0338 synth_pixel_l1=0.0000 synth_pixel_pl=0.0000 synth_pixel_id=0.0000 synth_latent=0.0000 synth_low_t_hits=0.0000 synth_total=0.0338 extra_render_attn_share=0.7259
[step 26950] real_p1_mirror_hole_cov=0.0593 real_p1_eps=0.3746 real_p1_hole_frac=0.1865 real_p2_eps=0.0892 real_p2_pixel_l1=0.0000 real_p2_pixel_pl=0.0000 real_p2_pixel_id=0.0000 real_p2_latent=0.0000 real_p2_low_t_hits=0.0000 real_total=0.4638 synth_eps=0.0567 synth_eps_raw=0.0567 synth_pixel_l1=0.0000 synth_pixel_pl=0.0000 synth_pixel_id=0.0000 synth_latent=0.0000 synth_low_t_hits=0.0000 synth_total=0.0567 extra_render_attn_share=0.7259
[step 27000] real_p1_mirror_hole_cov=0.1286 real_p1_eps=0.0104 real_p1_hole_frac=0.1754 real_p2_eps=0.0063 real_p2_pixel_l1=0.0000 real_p2_pixel_pl=0.0000 real_p2_pixel_id=0.0000 real_p2_latent=0.0000 real_p2_low_t_hits=0.0000 real_total=0.0167 synth_eps=0.0479 synth_eps_raw=0.0479 synth_pixel_l1=0.0000 synth_pixel_pl=0.0000 synth_pixel_id=0.0000 synth_latent=0.0000 synth_low_t_hits=0.0000 synth_total=0.0479 extra_render_attn_share=0.7259
[images] real: anchor | cond1 | cond2 | inv_warp_mirror | mask | mask_inv | warp_img | warp_warp_img | x | y_hat | y_hat_novel -> /home/xzy/warpgan-diffusiong-inpainting/warpgan-diffusion-inpainting-main/experiments/train_inpainting_diffusion/[20260910-123409]_v18w1_ctrl_50k/logs/images/train/real_step0027000.png
[images] synth: cond | mask | target | warp_img | x | y_hat_novel -> /home/xzy/warpgan-diffusiong-inpainting/warpgan-diffusion-inpainting-main/experiments/train_inpainting_diffusion/[20260910-123409]_v18w1_ctrl_50k/logs/images/train/synth_step0027000.png
[step 27050] real_p1_mirror_hole_cov=0.1024 real_p1_eps=0.0591 real_p1_hole_frac=0.2124 real_p2_eps=0.0041 real_p2_pixel_l1=0.0000 real_p2_pixel_pl=0.0000 real_p2_pixel_id=0.0000 real_p2_latent=0.0000 real_p2_low_t_hits=0.0000 real_total=0.0632 synth_eps=0.1153 synth_eps_raw=0.1153 synth_pixel_l1=0.0000 synth_pixel_pl=0.0000 synth_pixel_id=0.0000 synth_latent=0.0000 synth_low_t_hits=0.0000 synth_total=0.1153 extra_render_attn_share=0.7259
[step 27100] real_p1_mirror_hole_cov=0.0118 real_p1_eps=0.0122 real_p1_hole_frac=0.3698 real_p2_eps=0.0854 real_p2_pixel_l1=0.0000 real_p2_pixel_pl=0.0000 real_p2_pixel_id=0.0000 real_p2_latent=0.0000 real_p2_low_t_hits=0.0000 real_total=0.0976 synth_eps=0.0463 synth_eps_raw=0.0463 synth_pixel_l1=0.0000 synth_pixel_pl=0.0000 synth_pixel_id=0.0000 synth_latent=0.0000 synth_low_t_hits=0.0000 synth_total=0.0463 extra_render_attn_share=0.7259
[step 27150] real_p1_mirror_hole_cov=0.2635 real_p1_eps=0.0071 real_p1_hole_frac=0.5253 real_p2_eps=0.2172 real_p2_pixel_l1=0.0000 real_p2_pixel_pl=0.0000 real_p2_pixel_id=0.0000 real_p2_latent=0.0000 real_p2_low_t_hits=1.0000 real_total=0.2243 synth_eps=0.0856 synth_eps_raw=0.0856 synth_pixel_l1=0.0000 synth_pixel_pl=0.0000 synth_pixel_id=0.0000 synth_latent=0.0000 synth_low_t_hits=0.0000 synth_total=0.0856 extra_render_attn_share=0.7259
[step 27200] real_p1_mirror_hole_cov=0.2397 real_p1_eps=0.0101 real_p1_hole_frac=0.0378 real_p2_eps=0.0199 real_p2_pixel_l1=0.0000 real_p2_pixel_pl=0.0000 real_p2_pixel_id=0.0000 real_p2_latent=0.0000 real_p2_low_t_hits=0.0000 real_total=0.0300 synth_eps=0.1942 synth_eps_raw=0.1942 synth_pixel_l1=0.0000 synth_pixel_pl=0.0000 synth_pixel_id=0.0000 synth_latent=0.0000 synth_low_t_hits=0.0000 synth_total=0.1942 extra_render_attn_share=0.7259
[step 27250] real_p1_mirror_hole_cov=0.0632 real_p1_eps=0.1186 real_p1_hole_frac=0.3946 real_p2_eps=0.0391 real_p2_pixel_l1=0.0000 real_p2_pixel_pl=0.0000 real_p2_pixel_id=0.0000 real_p2_latent=0.0000 real_p2_low_t_hits=0.0000 real_total=0.1577 synth_eps=0.8396 synth_eps_raw=0.8396 synth_pixel_l1=0.0000 synth_pixel_pl=0.0000 synth_pixel_id=0.0000 synth_latent=0.0000 synth_low_t_hits=1.0000 synth_total=0.8396 extra_render_attn_share=0.7259
[step 27300] real_p1_mirror_hole_cov=0.1435 real_p1_eps=0.0787 real_p1_hole_frac=0.4823 real_p2_eps=0.1384 real_p2_pixel_l1=0.0000 real_p2_pixel_pl=0.0000 real_p2_pixel_id=0.0000 real_p2_latent=0.0000 real_p2_low_t_hits=0.0000 real_total=0.2171 synth_eps=0.1357 synth_eps_raw=0.1357 synth_pixel_l1=0.0000 synth_pixel_pl=0.0000 synth_pixel_id=0.0000 synth_latent=0.0000 synth_low_t_hits=0.0000 synth_total=0.1357 extra_render_attn_share=0.7259
[step 27350] real_p1_mirror_hole_cov=0.2039 real_p1_eps=0.0084 real_p1_hole_frac=0.3867 real_p2_eps=0.0926 real_p2_pixel_l1=0.0000 real_p2_pixel_pl=0.0000 real_p2_pixel_id=0.0000 real_p2_latent=0.0000 real_p2_low_t_hits=0.0000 real_total=0.1010 synth_eps=0.3283 synth_eps_raw=0.3283 synth_pixel_l1=0.0000 synth_pixel_pl=0.0000 synth_pixel_id=0.0000 synth_latent=0.0000 synth_low_t_hits=1.0000 synth_total=0.3283 extra_render_attn_share=0.7259
[step 27400] real_p1_mirror_hole_cov=0.0000 real_p1_eps=0.0017 real_p1_hole_frac=0.0556 real_p2_eps=0.0009 real_p2_pixel_l1=0.0000 real_p2_pixel_pl=0.0000 real_p2_pixel_id=0.0000 real_p2_latent=0.0000 real_p2_low_t_hits=0.0000 real_total=0.0026 synth_eps=0.0020 synth_eps_raw=0.0020 synth_pixel_l1=0.0000 synth_pixel_pl=0.0000 synth_pixel_id=0.0000 synth_latent=0.0000 synth_low_t_hits=0.0000 synth_total=0.0020 extra_render_attn_share=0.7259
[step 27450] real_p1_mirror_hole_cov=0.0428 real_p1_eps=0.0044 real_p1_hole_frac=0.2700 real_p2_eps=0.1042 real_p2_pixel_l1=0.0000 real_p2_pixel_pl=0.0000 real_p2_pixel_id=0.0000 real_p2_latent=0.0000 real_p2_low_t_hits=0.0000 real_total=0.1086 synth_eps=0.0232 synth_eps_raw=0.0232 synth_pixel_l1=0.0000 synth_pixel_pl=0.0000 synth_pixel_id=0.0000 synth_latent=0.0000 synth_low_t_hits=0.0000 synth_total=0.0232 extra_render_attn_share=0.7259
[step 27500] real_p1_mirror_hole_cov=0.2812 real_p1_eps=0.1333 real_p1_hole_frac=0.5110 real_p2_eps=0.0162 real_p2_pixel_l1=0.0000 real_p2_pixel_pl=0.0000 real_p2_pixel_id=0.0000 real_p2_latent=0.0000 real_p2_low_t_hits=0.0000 real_total=0.1496 synth_eps=0.0208 synth_eps_raw=0.0208 synth_pixel_l1=0.0000 synth_pixel_pl=0.0000 synth_pixel_id=0.0000 synth_latent=0.0000 synth_low_t_hits=0.0000 synth_total=0.0208 extra_render_attn_share=0.7259
[images] real: anchor | cond1 | cond2 | inv_warp_mirror | mask | mask_inv | warp_img | warp_warp_img | x | y_hat | y_hat_novel -> /home/xzy/warpgan-diffusiong-inpainting/warpgan-diffusion-inpainting-main/experiments/train_inpainting_diffusion/[20260910-123409]_v18w1_ctrl_50k/logs/images/train/real_step0027500.png
[images] synth: cond | mask | target | warp_img | x | y_hat_novel -> /home/xzy/warpgan-diffusiong-inpainting/warpgan-diffusion-inpainting-main/experiments/train_inpainting_diffusion/[20260910-123409]_v18w1_ctrl_50k/logs/images/train/synth_step0027500.png
[step 27550] real_p1_mirror_hole_cov=0.0564 real_p1_eps=0.1529 real_p1_hole_frac=0.0801 real_p2_eps=0.0252 real_p2_pixel_l1=0.0000 real_p2_pixel_pl=0.0000 real_p2_pixel_id=0.0000 real_p2_latent=0.0000 real_p2_low_t_hits=0.0000 real_total=0.1781 synth_eps=0.3727 synth_eps_raw=0.3727 synth_pixel_l1=0.0000 synth_pixel_pl=0.0000 synth_pixel_id=0.0000 synth_latent=0.0000 synth_low_t_hits=1.0000 synth_total=0.3727 extra_render_attn_share=0.7259
[step 27600] real_p1_mirror_hole_cov=0.1377 real_p1_eps=0.1308 real_p1_hole_frac=0.3240 real_p2_eps=0.1190 real_p2_pixel_l1=0.0000 real_p2_pixel_pl=0.0000 real_p2_pixel_id=0.0000 real_p2_latent=0.0000 real_p2_low_t_hits=0.0000 real_total=0.2497 synth_eps=0.0347 synth_eps_raw=0.0347 synth_pixel_l1=0.0000 synth_pixel_pl=0.0000 synth_pixel_id=0.0000 synth_latent=0.0000 synth_low_t_hits=0.0000 synth_total=0.0347 extra_render_attn_share=0.7259
[step 27650] real_p1_mirror_hole_cov=0.1011 real_p1_eps=0.0407 real_p1_hole_frac=0.0719 real_p2_eps=0.0230 real_p2_pixel_l1=0.0000 real_p2_pixel_pl=0.0000 real_p2_pixel_id=0.0000 real_p2_latent=0.0000 real_p2_low_t_hits=0.0000 real_total=0.0637 synth_eps=0.0098 synth_eps_raw=0.0098 synth_pixel_l1=0.0000 synth_pixel_pl=0.0000 synth_pixel_id=0.0000 synth_latent=0.0000 synth_low_t_hits=0.0000 synth_total=0.0098 extra_render_attn_share=0.7259
[step 27700] real_p1_mirror_hole_cov=0.3888 real_p1_eps=0.0016 real_p1_hole_frac=0.3752 real_p2_eps=0.0187 real_p2_pixel_l1=0.0000 real_p2_pixel_pl=0.0000 real_p2_pixel_id=0.0000 real_p2_latent=0.0000 real_p2_low_t_hits=0.0000 real_total=0.0203 synth_eps=0.3227 synth_eps_raw=0.3227 synth_pixel_l1=0.0000 synth_pixel_pl=0.0000 synth_pixel_id=0.0000 synth_latent=0.0000 synth_low_t_hits=1.0000 synth_total=0.3227 extra_render_attn_share=0.7259
[step 27750] real_p1_mirror_hole_cov=0.1204 real_p1_eps=0.4577 real_p1_hole_frac=0.3127 real_p2_eps=0.0100 real_p2_pixel_l1=0.0000 real_p2_pixel_pl=0.0000 real_p2_pixel_id=0.0000 real_p2_latent=0.0000 real_p2_low_t_hits=0.0000 real_total=0.4676 synth_eps=0.0017 synth_eps_raw=0.0017 synth_pixel_l1=0.0000 synth_pixel_pl=0.0000 synth_pixel_id=0.0000 synth_latent=0.0000 synth_low_t_hits=0.0000 synth_total=0.0017 extra_render_attn_share=0.7259
[step 27800] real_p1_mirror_hole_cov=0.0075 real_p1_eps=0.0241 real_p1_hole_frac=0.3903 real_p2_eps=0.0021 real_p2_pixel_l1=0.0000 real_p2_pixel_pl=0.0000 real_p2_pixel_id=0.0000 real_p2_latent=0.0000 real_p2_low_t_hits=0.0000 real_total=0.0261 synth_eps=0.0750 synth_eps_raw=0.0750 synth_pixel_l1=0.0000 synth_pixel_pl=0.0000 synth_pixel_id=0.0000 synth_latent=0.0000 synth_low_t_hits=0.0000 synth_total=0.0750 extra_render_attn_share=0.7259
[step 27850] real_p1_mirror_hole_cov=0.0026 real_p1_eps=0.3588 real_p1_hole_frac=0.3103 real_p2_eps=0.0211 real_p2_pixel_l1=0.0000 real_p2_pixel_pl=0.0000 real_p2_pixel_id=0.0000 real_p2_latent=0.0000 real_p2_low_t_hits=0.0000 real_total=0.3800 synth_eps=0.0341 synth_eps_raw=0.0341 synth_pixel_l1=0.0000 synth_pixel_pl=0.0000 synth_pixel_id=0.0000 synth_latent=0.0000 synth_low_t_hits=0.0000 synth_total=0.0341 extra_render_attn_share=0.7259
[step 27900] real_p1_mirror_hole_cov=0.2089 real_p1_eps=0.0151 real_p1_hole_frac=0.3960 real_p2_eps=0.0310 real_p2_pixel_l1=0.0000 real_p2_pixel_pl=0.0000 real_p2_pixel_id=0.0000 real_p2_latent=0.0000 real_p2_low_t_hits=0.0000 real_total=0.0461 synth_eps=0.0092 synth_eps_raw=0.0092 synth_pixel_l1=0.0000 synth_pixel_pl=0.0000 synth_pixel_id=0.0000 synth_latent=0.0000 synth_low_t_hits=0.0000 synth_total=0.0092 extra_render_attn_share=0.7259
[step 27950] real_p1_mirror_hole_cov=0.0202 real_p1_eps=0.0837 real_p1_hole_frac=0.2153 real_p2_eps=0.0387 real_p2_pixel_l1=0.0000 real_p2_pixel_pl=0.0000 real_p2_pixel_id=0.0000 real_p2_latent=0.0000 real_p2_low_t_hits=0.0000 real_total=0.1224 synth_eps=0.3502 synth_eps_raw=0.3502 synth_pixel_l1=0.0000 synth_pixel_pl=0.0000 synth_pixel_id=0.0000 synth_latent=0.0000 synth_low_t_hits=1.0000 synth_total=0.3502 extra_render_attn_share=0.7259
[val step 27999] val_novel_full=0.0482 val_novel_hole=0.0621 val_novel_visible=0.0457
[step 28000] real_p1_mirror_hole_cov=0.0868 real_p1_eps=0.0156 real_p1_hole_frac=0.4316 real_p2_eps=0.1840 real_p2_pixel_l1=0.0000 real_p2_pixel_pl=0.0000 real_p2_pixel_id=0.0000 real_p2_latent=0.0000 real_p2_low_t_hits=1.0000 real_total=0.1996 synth_eps=0.2388 synth_eps_raw=0.2388 synth_pixel_l1=0.0000 synth_pixel_pl=0.0000 synth_pixel_id=0.0000 synth_latent=0.0000 synth_low_t_hits=1.0000 synth_total=0.2388 extra_render_attn_share=0.7158
[images] real: anchor | cond1 | cond2 | inv_warp_mirror | mask | mask_inv | warp_img | warp_warp_img | x | y_hat | y_hat_novel -> /home/xzy/warpgan-diffusiong-inpainting/warpgan-diffusion-inpainting-main/experiments/train_inpainting_diffusion/[20260910-123409]_v18w1_ctrl_50k/logs/images/train/real_step0028000.png
[images] synth: cond | mask | target | warp_img | x | y_hat_novel -> /home/xzy/warpgan-diffusiong-inpainting/warpgan-diffusion-inpainting-main/experiments/train_inpainting_diffusion/[20260910-123409]_v18w1_ctrl_50k/logs/images/train/synth_step0028000.png
[step 28050] real_p1_mirror_hole_cov=0.0061 real_p1_eps=0.0162 real_p1_hole_frac=0.1863 real_p2_eps=0.2240 real_p2_pixel_l1=0.0000 real_p2_pixel_pl=0.0000 real_p2_pixel_id=0.0000 real_p2_latent=0.0000 real_p2_low_t_hits=1.0000 real_total=0.2402 synth_eps=0.0179 synth_eps_raw=0.0179 synth_pixel_l1=0.0000 synth_pixel_pl=0.0000 synth_pixel_id=0.0000 synth_latent=0.0000 synth_low_t_hits=0.0000 synth_total=0.0179 extra_render_attn_share=0.7158
[step 28100] real_p1_mirror_hole_cov=0.2311 real_p1_eps=0.0631 real_p1_hole_frac=0.5059 real_p2_eps=0.0174 real_p2_pixel_l1=0.0000 real_p2_pixel_pl=0.0000 real_p2_pixel_id=0.0000 real_p2_latent=0.0000 real_p2_low_t_hits=0.0000 real_total=0.0805 synth_eps=0.2916 synth_eps_raw=0.2916 synth_pixel_l1=0.0000 synth_pixel_pl=0.0000 synth_pixel_id=0.0000 synth_latent=0.0000 synth_low_t_hits=1.0000 synth_total=0.2916 extra_render_attn_share=0.7158
[step 28150] real_p1_mirror_hole_cov=0.1324 real_p1_eps=0.0266 real_p1_hole_frac=0.1889 real_p2_eps=0.0864 real_p2_pixel_l1=0.0000 real_p2_pixel_pl=0.0000 real_p2_pixel_id=0.0000 real_p2_latent=0.0000 real_p2_low_t_hits=0.0000 real_total=0.1130 synth_eps=0.0123 synth_eps_raw=0.0123 synth_pixel_l1=0.0000 synth_pixel_pl=0.0000 synth_pixel_id=0.0000 synth_latent=0.0000 synth_low_t_hits=0.0000 synth_total=0.0123 extra_render_attn_share=0.7158
[step 28200] real_p1_mirror_hole_cov=0.0143 real_p1_eps=0.0182 real_p1_hole_frac=0.1996 real_p2_eps=0.0593 real_p2_pixel_l1=0.0000 real_p2_pixel_pl=0.0000 real_p2_pixel_id=0.0000 real_p2_latent=0.0000 real_p2_low_t_hits=0.0000 real_total=0.0776 synth_eps=0.0738 synth_eps_raw=0.0738 synth_pixel_l1=0.0000 synth_pixel_pl=0.0000 synth_pixel_id=0.0000 synth_latent=0.0000 synth_low_t_hits=0.0000 synth_total=0.0738 extra_render_attn_share=0.7158
[step 28250] real_p1_mirror_hole_cov=0.0892 real_p1_eps=0.0116 real_p1_hole_frac=0.1675 real_p2_eps=0.0563 real_p2_pixel_l1=0.0000 real_p2_pixel_pl=0.0000 real_p2_pixel_id=0.0000 real_p2_latent=0.0000 real_p2_low_t_hits=0.0000 real_total=0.0679 synth_eps=0.0184 synth_eps_raw=0.0184 synth_pixel_l1=0.0000 synth_pixel_pl=0.0000 synth_pixel_id=0.0000 synth_latent=0.0000 synth_low_t_hits=0.0000 synth_total=0.0184 extra_render_attn_share=0.7158
[step 28300] real_p1_mirror_hole_cov=0.0728 real_p1_eps=0.1909 real_p1_hole_frac=0.5365 real_p2_eps=0.1345 real_p2_pixel_l1=0.0000 real_p2_pixel_pl=0.0000 real_p2_pixel_id=0.0000 real_p2_latent=0.0000 real_p2_low_t_hits=0.0000 real_total=0.3254 synth_eps=0.0367 synth_eps_raw=0.0367 synth_pixel_l1=0.0000 synth_pixel_pl=0.0000 synth_pixel_id=0.0000 synth_latent=0.0000 synth_low_t_hits=0.0000 synth_total=0.0367 extra_render_attn_share=0.7158
[step 28350] real_p1_mirror_hole_cov=0.0198 real_p1_eps=0.0288 real_p1_hole_frac=0.1296 real_p2_eps=0.0683 real_p2_pixel_l1=0.0000 real_p2_pixel_pl=0.0000 real_p2_pixel_id=0.0000 real_p2_latent=0.0000 real_p2_low_t_hits=0.0000 real_total=0.0971 synth_eps=0.1556 synth_eps_raw=0.1556 synth_pixel_l1=0.0000 synth_pixel_pl=0.0000 synth_pixel_id=0.0000 synth_latent=0.0000 synth_low_t_hits=0.0000 synth_total=0.1556 extra_render_attn_share=0.7158
[step 28400] real_p1_mirror_hole_cov=0.0459 real_p1_eps=0.0338 real_p1_hole_frac=0.1238 real_p2_eps=0.0243 real_p2_pixel_l1=0.0000 real_p2_pixel_pl=0.0000 real_p2_pixel_id=0.0000 real_p2_latent=0.0000 real_p2_low_t_hits=0.0000 real_total=0.0581 synth_eps=0.0176 synth_eps_raw=0.0176 synth_pixel_l1=0.0000 synth_pixel_pl=0.0000 synth_pixel_id=0.0000 synth_latent=0.0000 synth_low_t_hits=0.0000 synth_total=0.0176 extra_render_attn_share=0.7158
[step 28450] real_p1_mirror_hole_cov=0.1708 real_p1_eps=0.0297 real_p1_hole_frac=0.3737 real_p2_eps=0.1759 real_p2_pixel_l1=0.0000 real_p2_pixel_pl=0.0000 real_p2_pixel_id=0.0000 real_p2_latent=0.0000 real_p2_low_t_hits=0.0000 real_total=0.2055 synth_eps=0.0158 synth_eps_raw=0.0158 synth_pixel_l1=0.0000 synth_pixel_pl=0.0000 synth_pixel_id=0.0000 synth_latent=0.0000 synth_low_t_hits=0.0000 synth_total=0.0158 extra_render_attn_share=0.7158
[step 28500] real_p1_mirror_hole_cov=0.0577 real_p1_eps=0.0063 real_p1_hole_frac=0.3687 real_p2_eps=0.0729 real_p2_pixel_l1=0.0000 real_p2_pixel_pl=0.0000 real_p2_pixel_id=0.0000 real_p2_latent=0.0000 real_p2_low_t_hits=0.0000 real_total=0.0791 synth_eps=0.0928 synth_eps_raw=0.0928 synth_pixel_l1=0.0000 synth_pixel_pl=0.0000 synth_pixel_id=0.0000 synth_latent=0.0000 synth_low_t_hits=0.0000 synth_total=0.0928 extra_render_attn_share=0.7158
[images] real: anchor | cond1 | cond2 | inv_warp_mirror | mask | mask_inv | warp_img | warp_warp_img | x | y_hat | y_hat_novel -> /home/xzy/warpgan-diffusiong-inpainting/warpgan-diffusion-inpainting-main/experiments/train_inpainting_diffusion/[20260910-123409]_v18w1_ctrl_50k/logs/images/train/real_step0028500.png
[images] synth: cond | mask | target | warp_img | x | y_hat_novel -> /home/xzy/warpgan-diffusiong-inpainting/warpgan-diffusion-inpainting-main/experiments/train_inpainting_diffusion/[20260910-123409]_v18w1_ctrl_50k/logs/images/train/synth_step0028500.png
[step 28550] real_p1_mirror_hole_cov=0.0061 real_p1_eps=0.0019 real_p1_hole_frac=0.3739 real_p2_eps=0.0163 real_p2_pixel_l1=0.0000 real_p2_pixel_pl=0.0000 real_p2_pixel_id=0.0000 real_p2_latent=0.0000 real_p2_low_t_hits=0.0000 real_total=0.0182 synth_eps=0.1482 synth_eps_raw=0.1482 synth_pixel_l1=0.0000 synth_pixel_pl=0.0000 synth_pixel_id=0.0000 synth_latent=0.0000 synth_low_t_hits=0.0000 synth_total=0.1482 extra_render_attn_share=0.7158
[step 28600] real_p1_mirror_hole_cov=0.0936 real_p1_eps=0.0655 real_p1_hole_frac=0.1801 real_p2_eps=0.0443 real_p2_pixel_l1=0.0000 real_p2_pixel_pl=0.0000 real_p2_pixel_id=0.0000 real_p2_latent=0.0000 real_p2_low_t_hits=0.0000 real_total=0.1098 synth_eps=0.0993 synth_eps_raw=0.0993 synth_pixel_l1=0.0000 synth_pixel_pl=0.0000 synth_pixel_id=0.0000 synth_latent=0.0000 synth_low_t_hits=0.0000 synth_total=0.0993 extra_render_attn_share=0.7158
[step 28650] real_p1_mirror_hole_cov=0.2214 real_p1_eps=0.0011 real_p1_hole_frac=0.2666 real_p2_eps=0.0013 real_p2_pixel_l1=0.0000 real_p2_pixel_pl=0.0000 real_p2_pixel_id=0.0000 real_p2_latent=0.0000 real_p2_low_t_hits=0.0000 real_total=0.0023 synth_eps=0.0137 synth_eps_raw=0.0137 synth_pixel_l1=0.0000 synth_pixel_pl=0.0000 synth_pixel_id=0.0000 synth_latent=0.0000 synth_low_t_hits=0.0000 synth_total=0.0137 extra_render_attn_share=0.7158
[step 28700] real_p1_mirror_hole_cov=0.1172 real_p1_eps=0.0018 real_p1_hole_frac=0.1224 real_p2_eps=0.1075 real_p2_pixel_l1=0.0000 real_p2_pixel_pl=0.0000 real_p2_pixel_id=0.0000 real_p2_latent=0.0000 real_p2_low_t_hits=1.0000 real_total=0.1093 synth_eps=0.0024 synth_eps_raw=0.0024 synth_pixel_l1=0.0000 synth_pixel_pl=0.0000 synth_pixel_id=0.0000 synth_latent=0.0000 synth_low_t_hits=0.0000 synth_total=0.0024 extra_render_attn_share=0.7158
[step 28750] real_p1_mirror_hole_cov=0.1654 real_p1_eps=0.0133 real_p1_hole_frac=0.4177 real_p2_eps=0.0051 real_p2_pixel_l1=0.0000 real_p2_pixel_pl=0.0000 real_p2_pixel_id=0.0000 real_p2_latent=0.0000 real_p2_low_t_hits=0.0000 real_total=0.0184 synth_eps=0.0113 synth_eps_raw=0.0113 synth_pixel_l1=0.0000 synth_pixel_pl=0.0000 synth_pixel_id=0.0000 synth_latent=0.0000 synth_low_t_hits=0.0000 synth_total=0.0113 extra_render_attn_share=0.7158
[step 28800] real_p1_mirror_hole_cov=0.0187 real_p1_eps=0.1236 real_p1_hole_frac=0.1648 real_p2_eps=0.0031 real_p2_pixel_l1=0.0000 real_p2_pixel_pl=0.0000 real_p2_pixel_id=0.0000 real_p2_latent=0.0000 real_p2_low_t_hits=0.0000 real_total=0.1267 synth_eps=0.0393 synth_eps_raw=0.0393 synth_pixel_l1=0.0000 synth_pixel_pl=0.0000 synth_pixel_id=0.0000 synth_latent=0.0000 synth_low_t_hits=0.0000 synth_total=0.0393 extra_render_attn_share=0.7158
[step 28850] real_p1_mirror_hole_cov=0.0986 real_p1_eps=0.0005 real_p1_hole_frac=0.0863 real_p2_eps=0.0021 real_p2_pixel_l1=0.0000 real_p2_pixel_pl=0.0000 real_p2_pixel_id=0.0000 real_p2_latent=0.0000 real_p2_low_t_hits=0.0000 real_total=0.0026 synth_eps=0.0104 synth_eps_raw=0.0104 synth_pixel_l1=0.0000 synth_pixel_pl=0.0000 synth_pixel_id=0.0000 synth_latent=0.0000 synth_low_t_hits=0.0000 synth_total=0.0104 extra_render_attn_share=0.7158
[step 28900] real_p1_mirror_hole_cov=0.0547 real_p1_eps=0.0441 real_p1_hole_frac=0.1065 real_p2_eps=0.0406 real_p2_pixel_l1=0.0000 real_p2_pixel_pl=0.0000 real_p2_pixel_id=0.0000 real_p2_latent=0.0000 real_p2_low_t_hits=0.0000 real_total=0.0847 synth_eps=0.0246 synth_eps_raw=0.0246 synth_pixel_l1=0.0000 synth_pixel_pl=0.0000 synth_pixel_id=0.0000 synth_latent=0.0000 synth_low_t_hits=0.0000 synth_total=0.0246 extra_render_attn_share=0.7158
[step 28950] real_p1_mirror_hole_cov=0.0143 real_p1_eps=0.7047 real_p1_hole_frac=0.2737 real_p2_eps=0.2574 real_p2_pixel_l1=0.0000 real_p2_pixel_pl=0.0000 real_p2_pixel_id=0.0000 real_p2_latent=0.0000 real_p2_low_t_hits=1.0000 real_total=0.9622 synth_eps=0.2468 synth_eps_raw=0.2468 synth_pixel_l1=0.0000 synth_pixel_pl=0.0000 synth_pixel_id=0.0000 synth_latent=0.0000 synth_low_t_hits=0.0000 synth_total=0.2468 extra_render_attn_share=0.7158
[step 29000] real_p1_mirror_hole_cov=0.2201 real_p1_eps=0.0016 real_p1_hole_frac=0.4830 real_p2_eps=0.0026 real_p2_pixel_l1=0.0000 real_p2_pixel_pl=0.0000 real_p2_pixel_id=0.0000 real_p2_latent=0.0000 real_p2_low_t_hits=0.0000 real_total=0.0043 synth_eps=0.0527 synth_eps_raw=0.0527 synth_pixel_l1=0.0000 synth_pixel_pl=0.0000 synth_pixel_id=0.0000 synth_latent=0.0000 synth_low_t_hits=0.0000 synth_total=0.0527 extra_render_attn_share=0.7158
[images] real: anchor | cond1 | cond2 | inv_warp_mirror | mask | mask_inv | warp_img | warp_warp_img | x | y_hat | y_hat_novel -> /home/xzy/warpgan-diffusiong-inpainting/warpgan-diffusion-inpainting-main/experiments/train_inpainting_diffusion/[20260910-123409]_v18w1_ctrl_50k/logs/images/train/real_step0029000.png
[images] synth: cond | mask | target | warp_img | x | y_hat_novel -> /home/xzy/warpgan-diffusiong-inpainting/warpgan-diffusion-inpainting-main/experiments/train_inpainting_diffusion/[20260910-123409]_v18w1_ctrl_50k/logs/images/train/synth_step0029000.png
[step 29050] real_p1_mirror_hole_cov=0.0290 real_p1_eps=0.0138 real_p1_hole_frac=0.2054 real_p2_eps=0.0213 real_p2_pixel_l1=0.0000 real_p2_pixel_pl=0.0000 real_p2_pixel_id=0.0000 real_p2_latent=0.0000 real_p2_low_t_hits=0.0000 real_total=0.0350 synth_eps=0.0028 synth_eps_raw=0.0028 synth_pixel_l1=0.0000 synth_pixel_pl=0.0000 synth_pixel_id=0.0000 synth_latent=0.0000 synth_low_t_hits=0.0000 synth_total=0.0028 extra_render_attn_share=0.7158
[step 29100] real_p1_mirror_hole_cov=0.0635 real_p1_eps=0.2157 real_p1_hole_frac=0.2984 real_p2_eps=0.0015 real_p2_pixel_l1=0.0000 real_p2_pixel_pl=0.0000 real_p2_pixel_id=0.0000 real_p2_latent=0.0000 real_p2_low_t_hits=0.0000 real_total=0.2172 synth_eps=0.0098 synth_eps_raw=0.0098 synth_pixel_l1=0.0000 synth_pixel_pl=0.0000 synth_pixel_id=0.0000 synth_latent=0.0000 synth_low_t_hits=0.0000 synth_total=0.0098 extra_render_attn_share=0.7158
[step 29150] real_p1_mirror_hole_cov=0.1788 real_p1_eps=0.0288 real_p1_hole_frac=0.2425 real_p2_eps=0.1308 real_p2_pixel_l1=0.0000 real_p2_pixel_pl=0.0000 real_p2_pixel_id=0.0000 real_p2_latent=0.0000 real_p2_low_t_hits=0.0000 real_total=0.1596 synth_eps=0.0029 synth_eps_raw=0.0029 synth_pixel_l1=0.0000 synth_pixel_pl=0.0000 synth_pixel_id=0.0000 synth_latent=0.0000 synth_low_t_hits=0.0000 synth_total=0.0029 extra_render_attn_share=0.7158
[step 29200] real_p1_mirror_hole_cov=0.0043 real_p1_eps=0.0890 real_p1_hole_frac=0.0142 real_p2_eps=0.0004 real_p2_pixel_l1=0.0000 real_p2_pixel_pl=0.0000 real_p2_pixel_id=0.0000 real_p2_latent=0.0000 real_p2_low_t_hits=0.0000 real_total=0.0894 synth_eps=0.2834 synth_eps_raw=0.2834 synth_pixel_l1=0.0000 synth_pixel_pl=0.0000 synth_pixel_id=0.0000 synth_latent=0.0000 synth_low_t_hits=1.0000 synth_total=0.2834 extra_render_attn_share=0.7158
[step 29250] real_p1_mirror_hole_cov=0.1514 real_p1_eps=0.0202 real_p1_hole_frac=0.5249 real_p2_eps=0.3266 real_p2_pixel_l1=0.0000 real_p2_pixel_pl=0.0000 real_p2_pixel_id=0.0000 real_p2_latent=0.0000 real_p2_low_t_hits=1.0000 real_total=0.3468 synth_eps=0.1024 synth_eps_raw=0.1024 synth_pixel_l1=0.0000 synth_pixel_pl=0.0000 synth_pixel_id=0.0000 synth_latent=0.0000 synth_low_t_hits=0.0000 synth_total=0.1024 extra_render_attn_share=0.7158
[step 29300] real_p1_mirror_hole_cov=0.1434 real_p1_eps=0.5250 real_p1_hole_frac=0.1909 real_p2_eps=0.0693 real_p2_pixel_l1=0.0000 real_p2_pixel_pl=0.0000 real_p2_pixel_id=0.0000 real_p2_latent=0.0000 real_p2_low_t_hits=0.0000 real_total=0.5943 synth_eps=0.2693 synth_eps_raw=0.2693 synth_pixel_l1=0.0000 synth_pixel_pl=0.0000 synth_pixel_id=0.0000 synth_latent=0.0000 synth_low_t_hits=1.0000 synth_total=0.2693 extra_render_attn_share=0.7158
[step 29350] real_p1_mirror_hole_cov=0.0970 real_p1_eps=0.1130 real_p1_hole_frac=0.5407 real_p2_eps=0.1153 real_p2_pixel_l1=0.0000 real_p2_pixel_pl=0.0000 real_p2_pixel_id=0.0000 real_p2_latent=0.0000 real_p2_low_t_hits=0.0000 real_total=0.2283 synth_eps=0.0465 synth_eps_raw=0.0465 synth_pixel_l1=0.0000 synth_pixel_pl=0.0000 synth_pixel_id=0.0000 synth_latent=0.0000 synth_low_t_hits=0.0000 synth_total=0.0465 extra_render_attn_share=0.7158
[step 29400] real_p1_mirror_hole_cov=0.0193 real_p1_eps=0.2692 real_p1_hole_frac=0.4487 real_p2_eps=0.0249 real_p2_pixel_l1=0.0000 real_p2_pixel_pl=0.0000 real_p2_pixel_id=0.0000 real_p2_latent=0.0000 real_p2_low_t_hits=0.0000 real_total=0.2941 synth_eps=0.0072 synth_eps_raw=0.0072 synth_pixel_l1=0.0000 synth_pixel_pl=0.0000 synth_pixel_id=0.0000 synth_latent=0.0000 synth_low_t_hits=0.0000 synth_total=0.0072 extra_render_attn_share=0.7158
[step 29450] real_p1_mirror_hole_cov=0.2680 real_p1_eps=0.2074 real_p1_hole_frac=0.3950 real_p2_eps=0.0057 real_p2_pixel_l1=0.0000 real_p2_pixel_pl=0.0000 real_p2_pixel_id=0.0000 real_p2_latent=0.0000 real_p2_low_t_hits=0.0000 real_total=0.2131 synth_eps=0.1157 synth_eps_raw=0.1157 synth_pixel_l1=0.0000 synth_pixel_pl=0.0000 synth_pixel_id=0.0000 synth_latent=0.0000 synth_low_t_hits=0.0000 synth_total=0.1157 extra_render_attn_share=0.7158
[step 29500] real_p1_mirror_hole_cov=0.1934 real_p1_eps=0.0620 real_p1_hole_frac=0.4234 real_p2_eps=0.0872 real_p2_pixel_l1=0.0000 real_p2_pixel_pl=0.0000 real_p2_pixel_id=0.0000 real_p2_latent=0.0000 real_p2_low_t_hits=0.0000 real_total=0.1491 synth_eps=0.0988 synth_eps_raw=0.0988 synth_pixel_l1=0.0000 synth_pixel_pl=0.0000 synth_pixel_id=0.0000 synth_latent=0.0000 synth_low_t_hits=0.0000 synth_total=0.0988 extra_render_attn_share=0.7158
[images] real: anchor | cond1 | cond2 | inv_warp_mirror | mask | mask_inv | warp_img | warp_warp_img | x | y_hat | y_hat_novel -> /home/xzy/warpgan-diffusiong-inpainting/warpgan-diffusion-inpainting-main/experiments/train_inpainting_diffusion/[20260910-123409]_v18w1_ctrl_50k/logs/images/train/real_step0029500.png
[images] synth: cond | mask | target | warp_img | x | y_hat_novel -> /home/xzy/warpgan-diffusiong-inpainting/warpgan-diffusion-inpainting-main/experiments/train_inpainting_diffusion/[20260910-123409]_v18w1_ctrl_50k/logs/images/train/synth_step0029500.png
[step 29550] real_p1_mirror_hole_cov=0.0047 real_p1_eps=0.0019 real_p1_hole_frac=0.2466 real_p2_eps=0.0018 real_p2_pixel_l1=0.0000 real_p2_pixel_pl=0.0000 real_p2_pixel_id=0.0000 real_p2_latent=0.0000 real_p2_low_t_hits=0.0000 real_total=0.0037 synth_eps=0.2309 synth_eps_raw=0.2309 synth_pixel_l1=0.0000 synth_pixel_pl=0.0000 synth_pixel_id=0.0000 synth_latent=0.0000 synth_low_t_hits=0.0000 synth_total=0.2309 extra_render_attn_share=0.7158
[step 29600] real_p1_mirror_hole_cov=0.0452 real_p1_eps=0.0124 real_p1_hole_frac=0.2718 real_p2_eps=0.2456 real_p2_pixel_l1=0.0000 real_p2_pixel_pl=0.0000 real_p2_pixel_id=0.0000 real_p2_latent=0.0000 real_p2_low_t_hits=1.0000 real_total=0.2580 synth_eps=0.2722 synth_eps_raw=0.2722 synth_pixel_l1=0.0000 synth_pixel_pl=0.0000 synth_pixel_id=0.0000 synth_latent=0.0000 synth_low_t_hits=1.0000 synth_total=0.2722 extra_render_attn_share=0.7158
[step 29650] real_p1_mirror_hole_cov=0.1912 real_p1_eps=0.1014 real_p1_hole_frac=0.4860 real_p2_eps=0.2068 real_p2_pixel_l1=0.0000 real_p2_pixel_pl=0.0000 real_p2_pixel_id=0.0000 real_p2_latent=0.0000 real_p2_low_t_hits=1.0000 real_total=0.3082 synth_eps=0.0020 synth_eps_raw=0.0020 synth_pixel_l1=0.0000 synth_pixel_pl=0.0000 synth_pixel_id=0.0000 synth_latent=0.0000 synth_low_t_hits=0.0000 synth_total=0.0020 extra_render_attn_share=0.7158
[step 29700] real_p1_mirror_hole_cov=0.1636 real_p1_eps=0.0140 real_p1_hole_frac=0.0564 real_p2_eps=0.0860 real_p2_pixel_l1=0.0000 real_p2_pixel_pl=0.0000 real_p2_pixel_id=0.0000 real_p2_latent=0.0000 real_p2_low_t_hits=1.0000 real_total=0.1000 synth_eps=0.0257 synth_eps_raw=0.0257 synth_pixel_l1=0.0000 synth_pixel_pl=0.0000 synth_pixel_id=0.0000 synth_latent=0.0000 synth_low_t_hits=0.0000 synth_total=0.0257 extra_render_attn_share=0.7158
[step 29750] real_p1_mirror_hole_cov=0.0243 real_p1_eps=0.0027 real_p1_hole_frac=0.1887 real_p2_eps=0.0124 real_p2_pixel_l1=0.0000 real_p2_pixel_pl=0.0000 real_p2_pixel_id=0.0000 real_p2_latent=0.0000 real_p2_low_t_hits=0.0000 real_total=0.0151 synth_eps=0.0159 synth_eps_raw=0.0159 synth_pixel_l1=0.0000 synth_pixel_pl=0.0000 synth_pixel_id=0.0000 synth_latent=0.0000 synth_low_t_hits=0.0000 synth_total=0.0159 extra_render_attn_share=0.7158
[step 29800] real_p1_mirror_hole_cov=0.1040 real_p1_eps=0.4274 real_p1_hole_frac=0.0748 real_p2_eps=0.0456 real_p2_pixel_l1=0.0000 real_p2_pixel_pl=0.0000 real_p2_pixel_id=0.0000 real_p2_latent=0.0000 real_p2_low_t_hits=0.0000 real_total=0.4730 synth_eps=0.1589 synth_eps_raw=0.1589 synth_pixel_l1=0.0000 synth_pixel_pl=0.0000 synth_pixel_id=0.0000 synth_latent=0.0000 synth_low_t_hits=0.0000 synth_total=0.1589 extra_render_attn_share=0.7158
[step 29850] real_p1_mirror_hole_cov=0.1077 real_p1_eps=0.2141 real_p1_hole_frac=0.2889 real_p2_eps=0.0256 real_p2_pixel_l1=0.0000 real_p2_pixel_pl=0.0000 real_p2_pixel_id=0.0000 real_p2_latent=0.0000 real_p2_low_t_hits=0.0000 real_total=0.2398 synth_eps=0.0169 synth_eps_raw=0.0169 synth_pixel_l1=0.0000 synth_pixel_pl=0.0000 synth_pixel_id=0.0000 synth_latent=0.0000 synth_low_t_hits=0.0000 synth_total=0.0169 extra_render_attn_share=0.7158
[step 29900] real_p1_mirror_hole_cov=0.0447 real_p1_eps=0.0570 real_p1_hole_frac=0.2071 real_p2_eps=0.4584 real_p2_pixel_l1=0.0000 real_p2_pixel_pl=0.0000 real_p2_pixel_id=0.0000 real_p2_latent=0.0000 real_p2_low_t_hits=1.0000 real_total=0.5154 synth_eps=0.0672 synth_eps_raw=0.0672 synth_pixel_l1=0.0000 synth_pixel_pl=0.0000 synth_pixel_id=0.0000 synth_latent=0.0000 synth_low_t_hits=0.0000 synth_total=0.0672 extra_render_attn_share=0.7158
[step 29950] real_p1_mirror_hole_cov=0.2875 real_p1_eps=0.0304 real_p1_hole_frac=0.2023 real_p2_eps=0.1808 real_p2_pixel_l1=0.0000 real_p2_pixel_pl=0.0000 real_p2_pixel_id=0.0000 real_p2_latent=0.0000 real_p2_low_t_hits=1.0000 real_total=0.2112 synth_eps=0.0533 synth_eps_raw=0.0533 synth_pixel_l1=0.0000 synth_pixel_pl=0.0000 synth_pixel_id=0.0000 synth_latent=0.0000 synth_low_t_hits=0.0000 synth_total=0.0533 extra_render_attn_share=0.7158
[ckpt] saved /home/xzy/warpgan-diffusiong-inpainting/warpgan-diffusion-inpainting-main/experiments/train_inpainting_diffusion/[20260910-123409]_v18w1_ctrl_50k/checkpoints/iteration_0029999.pt
[val step 29999] val_novel_full=0.0353 val_novel_hole=0.0441 val_novel_visible=0.0340
[step 30000] real_p1_mirror_hole_cov=0.0182 real_p1_eps=0.1018 real_p1_hole_frac=0.4255 real_p2_eps=0.0715 real_p2_pixel_l1=0.0000 real_p2_pixel_pl=0.0000 real_p2_pixel_id=0.0000 real_p2_latent=0.0000 real_p2_low_t_hits=0.0000 real_total=0.1732 synth_eps=0.0616 synth_eps_raw=0.0616 synth_pixel_l1=0.0000 synth_pixel_pl=0.0000 synth_pixel_id=0.0000 synth_latent=0.0000 synth_low_t_hits=0.0000 synth_total=0.0616 extra_render_attn_share=0.7221
[images] real: anchor | cond1 | cond2 | inv_warp_mirror | mask | mask_inv | warp_img | warp_warp_img | x | y_hat | y_hat_novel -> /home/xzy/warpgan-diffusiong-inpainting/warpgan-diffusion-inpainting-main/experiments/train_inpainting_diffusion/[20260910-123409]_v18w1_ctrl_50k/logs/images/train/real_step0030000.png
[images] synth: cond | mask | target | warp_img | x | y_hat_novel -> /home/xzy/warpgan-diffusiong-inpainting/warpgan-diffusion-inpainting-main/experiments/train_inpainting_diffusion/[20260910-123409]_v18w1_ctrl_50k/logs/images/train/synth_step0030000.png
[step 30050] real_p1_mirror_hole_cov=0.3102 real_p1_eps=0.0991 real_p1_hole_frac=0.2144 real_p2_eps=0.0191 real_p2_pixel_l1=0.0000 real_p2_pixel_pl=0.0000 real_p2_pixel_id=0.0000 real_p2_latent=0.0000 real_p2_low_t_hits=0.0000 real_total=0.1182 synth_eps=0.0793 synth_eps_raw=0.0793 synth_pixel_l1=0.0000 synth_pixel_pl=0.0000 synth_pixel_id=0.0000 synth_latent=0.0000 synth_low_t_hits=0.0000 synth_total=0.0793 extra_render_attn_share=0.7221
[step 30100] real_p1_mirror_hole_cov=0.0619 real_p1_eps=0.0854 real_p1_hole_frac=0.3579 real_p2_eps=0.0051 real_p2_pixel_l1=0.0000 real_p2_pixel_pl=0.0000 real_p2_pixel_id=0.0000 real_p2_latent=0.0000 real_p2_low_t_hits=0.0000 real_total=0.0905 synth_eps=0.0086 synth_eps_raw=0.0086 synth_pixel_l1=0.0000 synth_pixel_pl=0.0000 synth_pixel_id=0.0000 synth_latent=0.0000 synth_low_t_hits=0.0000 synth_total=0.0086 extra_render_attn_share=0.7221
[step 30150] real_p1_mirror_hole_cov=0.0135 real_p1_eps=0.0996 real_p1_hole_frac=0.3995 real_p2_eps=0.0013 real_p2_pixel_l1=0.0000 real_p2_pixel_pl=0.0000 real_p2_pixel_id=0.0000 real_p2_latent=0.0000 real_p2_low_t_hits=0.0000 real_total=0.1009 synth_eps=0.0163 synth_eps_raw=0.0163 synth_pixel_l1=0.0000 synth_pixel_pl=0.0000 synth_pixel_id=0.0000 synth_latent=0.0000 synth_low_t_hits=0.0000 synth_total=0.0163 extra_render_attn_share=0.7221
[step 30200] real_p1_mirror_hole_cov=0.0678 real_p1_eps=0.0009 real_p1_hole_frac=0.0579 real_p2_eps=0.0277 real_p2_pixel_l1=0.0000 real_p2_pixel_pl=0.0000 real_p2_pixel_id=0.0000 real_p2_latent=0.0000 real_p2_low_t_hits=0.0000 real_total=0.0286 synth_eps=0.0055 synth_eps_raw=0.0055 synth_pixel_l1=0.0000 synth_pixel_pl=0.0000 synth_pixel_id=0.0000 synth_latent=0.0000 synth_low_t_hits=0.0000 synth_total=0.0055 extra_render_attn_share=0.7221
[step 30250] real_p1_mirror_hole_cov=0.1835 real_p1_eps=0.0470 real_p1_hole_frac=0.3028 real_p2_eps=0.0777 real_p2_pixel_l1=0.0000 real_p2_pixel_pl=0.0000 real_p2_pixel_id=0.0000 real_p2_latent=0.0000 real_p2_low_t_hits=0.0000 real_total=0.1246 synth_eps=0.0072 synth_eps_raw=0.0072 synth_pixel_l1=0.0000 synth_pixel_pl=0.0000 synth_pixel_id=0.0000 synth_latent=0.0000 synth_low_t_hits=0.0000 synth_total=0.0072 extra_render_attn_share=0.7221
[step 30300] real_p1_mirror_hole_cov=0.1487 real_p1_eps=0.1953 real_p1_hole_frac=0.3578 real_p2_eps=0.0553 real_p2_pixel_l1=0.0000 real_p2_pixel_pl=0.0000 real_p2_pixel_id=0.0000 real_p2_latent=0.0000 real_p2_low_t_hits=0.0000 real_total=0.2505 synth_eps=0.0734 synth_eps_raw=0.0734 synth_pixel_l1=0.0000 synth_pixel_pl=0.0000 synth_pixel_id=0.0000 synth_latent=0.0000 synth_low_t_hits=0.0000 synth_total=0.0734 extra_render_attn_share=0.7221
[step 30350] real_p1_mirror_hole_cov=0.0101 real_p1_eps=0.0080 real_p1_hole_frac=0.2598 real_p2_eps=0.0180 real_p2_pixel_l1=0.0000 real_p2_pixel_pl=0.0000 real_p2_pixel_id=0.0000 real_p2_latent=0.0000 real_p2_low_t_hits=0.0000 real_total=0.0259 synth_eps=0.0266 synth_eps_raw=0.0266 synth_pixel_l1=0.0000 synth_pixel_pl=0.0000 synth_pixel_id=0.0000 synth_latent=0.0000 synth_low_t_hits=0.0000 synth_total=0.0266 extra_render_attn_share=0.7221
[step 30400] real_p1_mirror_hole_cov=0.1079 real_p1_eps=0.0492 real_p1_hole_frac=0.3811 real_p2_eps=0.0824 real_p2_pixel_l1=0.0000 real_p2_pixel_pl=0.0000 real_p2_pixel_id=0.0000 real_p2_latent=0.0000 real_p2_low_t_hits=0.0000 real_total=0.1316 synth_eps=0.0016 synth_eps_raw=0.0016 synth_pixel_l1=0.0000 synth_pixel_pl=0.0000 synth_pixel_id=0.0000 synth_latent=0.0000 synth_low_t_hits=0.0000 synth_total=0.0016 extra_render_attn_share=0.7221
[step 30450] real_p1_mirror_hole_cov=0.0118 real_p1_eps=0.0446 real_p1_hole_frac=0.1334 real_p2_eps=0.0912 real_p2_pixel_l1=0.0000 real_p2_pixel_pl=0.0000 real_p2_pixel_id=0.0000 real_p2_latent=0.0000 real_p2_low_t_hits=0.0000 real_total=0.1358 synth_eps=0.3158 synth_eps_raw=0.3158 synth_pixel_l1=0.0000 synth_pixel_pl=0.0000 synth_pixel_id=0.0000 synth_latent=0.0000 synth_low_t_hits=1.0000 synth_total=0.3158 extra_render_attn_share=0.7221
[step 30500] real_p1_mirror_hole_cov=0.2068 real_p1_eps=0.0964 real_p1_hole_frac=0.5958 real_p2_eps=0.0268 real_p2_pixel_l1=0.0000 real_p2_pixel_pl=0.0000 real_p2_pixel_id=0.0000 real_p2_latent=0.0000 real_p2_low_t_hits=0.0000 real_total=0.1232 synth_eps=0.6305 synth_eps_raw=0.6305 synth_pixel_l1=0.0000 synth_pixel_pl=0.0000 synth_pixel_id=0.0000 synth_latent=0.0000 synth_low_t_hits=1.0000 synth_total=0.6305 extra_render_attn_share=0.7221
[images] real: anchor | cond1 | cond2 | inv_warp_mirror | mask | mask_inv | warp_img | warp_warp_img | x | y_hat | y_hat_novel -> /home/xzy/warpgan-diffusiong-inpainting/warpgan-diffusion-inpainting-main/experiments/train_inpainting_diffusion/[20260910-123409]_v18w1_ctrl_50k/logs/images/train/real_step0030500.png
[images] synth: cond | mask | target | warp_img | x | y_hat_novel -> /home/xzy/warpgan-diffusiong-inpainting/warpgan-diffusion-inpainting-main/experiments/train_inpainting_diffusion/[20260910-123409]_v18w1_ctrl_50k/logs/images/train/synth_step0030500.png
[step 30550] real_p1_mirror_hole_cov=0.1001 real_p1_eps=0.1571 real_p1_hole_frac=0.4716 real_p2_eps=0.1892 real_p2_pixel_l1=0.0000 real_p2_pixel_pl=0.0000 real_p2_pixel_id=0.0000 real_p2_latent=0.0000 real_p2_low_t_hits=1.0000 real_total=0.3463 synth_eps=0.1999 synth_eps_raw=0.1999 synth_pixel_l1=0.0000 synth_pixel_pl=0.0000 synth_pixel_id=0.0000 synth_latent=0.0000 synth_low_t_hits=0.0000 synth_total=0.1999 extra_render_attn_share=0.7221
[step 30600] real_p1_mirror_hole_cov=0.0587 real_p1_eps=0.0342 real_p1_hole_frac=0.3765 real_p2_eps=0.2517 real_p2_pixel_l1=0.0000 real_p2_pixel_pl=0.0000 real_p2_pixel_id=0.0000 real_p2_latent=0.0000 real_p2_low_t_hits=1.0000 real_total=0.2859 synth_eps=0.7493 synth_eps_raw=0.7493 synth_pixel_l1=0.0000 synth_pixel_pl=0.0000 synth_pixel_id=0.0000 synth_latent=0.0000 synth_low_t_hits=1.0000 synth_total=0.7493 extra_render_attn_share=0.7221
[step 30650] real_p1_mirror_hole_cov=0.0767 real_p1_eps=0.0851 real_p1_hole_frac=0.0519 real_p2_eps=0.0879 real_p2_pixel_l1=0.0000 real_p2_pixel_pl=0.0000 real_p2_pixel_id=0.0000 real_p2_latent=0.0000 real_p2_low_t_hits=0.0000 real_total=0.1730 synth_eps=0.0024 synth_eps_raw=0.0024 synth_pixel_l1=0.0000 synth_pixel_pl=0.0000 synth_pixel_id=0.0000 synth_latent=0.0000 synth_low_t_hits=0.0000 synth_total=0.0024 extra_render_attn_share=0.7221
[step 30700] real_p1_mirror_hole_cov=0.1747 real_p1_eps=0.3381 real_p1_hole_frac=0.1925 real_p2_eps=0.1432 real_p2_pixel_l1=0.0000 real_p2_pixel_pl=0.0000 real_p2_pixel_id=0.0000 real_p2_latent=0.0000 real_p2_low_t_hits=1.0000 real_total=0.4814 synth_eps=0.0461 synth_eps_raw=0.0461 synth_pixel_l1=0.0000 synth_pixel_pl=0.0000 synth_pixel_id=0.0000 synth_latent=0.0000 synth_low_t_hits=0.0000 synth_total=0.0461 extra_render_attn_share=0.7221
[step 30750] real_p1_mirror_hole_cov=0.0260 real_p1_eps=0.0780 real_p1_hole_frac=0.0809 real_p2_eps=0.0097 real_p2_pixel_l1=0.0000 real_p2_pixel_pl=0.0000 real_p2_pixel_id=0.0000 real_p2_latent=0.0000 real_p2_low_t_hits=0.0000 real_total=0.0877 synth_eps=0.2763 synth_eps_raw=0.2763 synth_pixel_l1=0.0000 synth_pixel_pl=0.0000 synth_pixel_id=0.0000 synth_latent=0.0000 synth_low_t_hits=0.0000 synth_total=0.2763 extra_render_attn_share=0.7221
[step 30800] real_p1_mirror_hole_cov=0.0169 real_p1_eps=0.0004 real_p1_hole_frac=0.0309 real_p2_eps=0.0269 real_p2_pixel_l1=0.0000 real_p2_pixel_pl=0.0000 real_p2_pixel_id=0.0000 real_p2_latent=0.0000 real_p2_low_t_hits=0.0000 real_total=0.0273 synth_eps=0.0169 synth_eps_raw=0.0169 synth_pixel_l1=0.0000 synth_pixel_pl=0.0000 synth_pixel_id=0.0000 synth_latent=0.0000 synth_low_t_hits=0.0000 synth_total=0.0169 extra_render_attn_share=0.7221
[step 30850] real_p1_mirror_hole_cov=0.0297 real_p1_eps=0.3023 real_p1_hole_frac=0.3102 real_p2_eps=0.7002 real_p2_pixel_l1=0.0000 real_p2_pixel_pl=0.0000 real_p2_pixel_id=0.0000 real_p2_latent=0.0000 real_p2_low_t_hits=1.0000 real_total=1.0025 synth_eps=0.0011 synth_eps_raw=0.0011 synth_pixel_l1=0.0000 synth_pixel_pl=0.0000 synth_pixel_id=0.0000 synth_latent=0.0000 synth_low_t_hits=0.0000 synth_total=0.0011 extra_render_attn_share=0.7221
[step 30900] real_p1_mirror_hole_cov=0.0609 real_p1_eps=0.0462 real_p1_hole_frac=0.2869 real_p2_eps=0.0723 real_p2_pixel_l1=0.0000 real_p2_pixel_pl=0.0000 real_p2_pixel_id=0.0000 real_p2_latent=0.0000 real_p2_low_t_hits=0.0000 real_total=0.1185 synth_eps=0.1992 synth_eps_raw=0.1992 synth_pixel_l1=0.0000 synth_pixel_pl=0.0000 synth_pixel_id=0.0000 synth_latent=0.0000 synth_low_t_hits=0.0000 synth_total=0.1992 extra_render_attn_share=0.7221
[step 30950] real_p1_mirror_hole_cov=0.1025 real_p1_eps=0.0305 real_p1_hole_frac=0.5085 real_p2_eps=0.0045 real_p2_pixel_l1=0.0000 real_p2_pixel_pl=0.0000 real_p2_pixel_id=0.0000 real_p2_latent=0.0000 real_p2_low_t_hits=0.0000 real_total=0.0350 synth_eps=0.0301 synth_eps_raw=0.0301 synth_pixel_l1=0.0000 synth_pixel_pl=0.0000 synth_pixel_id=0.0000 synth_latent=0.0000 synth_low_t_hits=0.0000 synth_total=0.0301 extra_render_attn_share=0.7221
[step 31000] real_p1_mirror_hole_cov=0.0766 real_p1_eps=0.0043 real_p1_hole_frac=0.2654 real_p2_eps=0.1837 real_p2_pixel_l1=0.0000 real_p2_pixel_pl=0.0000 real_p2_pixel_id=0.0000 real_p2_latent=0.0000 real_p2_low_t_hits=1.0000 real_total=0.1880 synth_eps=0.0135 synth_eps_raw=0.0135 synth_pixel_l1=0.0000 synth_pixel_pl=0.0000 synth_pixel_id=0.0000 synth_latent=0.0000 synth_low_t_hits=0.0000 synth_total=0.0135 extra_render_attn_share=0.7221
[images] real: anchor | cond1 | cond2 | inv_warp_mirror | mask | mask_inv | warp_img | warp_warp_img | x | y_hat | y_hat_novel -> /home/xzy/warpgan-diffusiong-inpainting/warpgan-diffusion-inpainting-main/experiments/train_inpainting_diffusion/[20260910-123409]_v18w1_ctrl_50k/logs/images/train/real_step0031000.png
[images] synth: cond | mask | target | warp_img | x | y_hat_novel -> /home/xzy/warpgan-diffusiong-inpainting/warpgan-diffusion-inpainting-main/experiments/train_inpainting_diffusion/[20260910-123409]_v18w1_ctrl_50k/logs/images/train/synth_step0031000.png
[step 31050] real_p1_mirror_hole_cov=0.1183 real_p1_eps=0.5442 real_p1_hole_frac=0.4903 real_p2_eps=0.0107 real_p2_pixel_l1=0.0000 real_p2_pixel_pl=0.0000 real_p2_pixel_id=0.0000 real_p2_latent=0.0000 real_p2_low_t_hits=0.0000 real_total=0.5549 synth_eps=0.0038 synth_eps_raw=0.0038 synth_pixel_l1=0.0000 synth_pixel_pl=0.0000 synth_pixel_id=0.0000 synth_latent=0.0000 synth_low_t_hits=0.0000 synth_total=0.0038 extra_render_attn_share=0.7221
[step 31100] real_p1_mirror_hole_cov=0.0521 real_p1_eps=0.0012 real_p1_hole_frac=0.4575 real_p2_eps=0.0928 real_p2_pixel_l1=0.0000 real_p2_pixel_pl=0.0000 real_p2_pixel_id=0.0000 real_p2_latent=0.0000 real_p2_low_t_hits=0.0000 real_total=0.0940 synth_eps=0.0389 synth_eps_raw=0.0389 synth_pixel_l1=0.0000 synth_pixel_pl=0.0000 synth_pixel_id=0.0000 synth_latent=0.0000 synth_low_t_hits=0.0000 synth_total=0.0389 extra_render_attn_share=0.7221
[step 31150] real_p1_mirror_hole_cov=0.1300 real_p1_eps=0.0111 real_p1_hole_frac=0.3985 real_p2_eps=0.1804 real_p2_pixel_l1=0.0000 real_p2_pixel_pl=0.0000 real_p2_pixel_id=0.0000 real_p2_latent=0.0000 real_p2_low_t_hits=1.0000 real_total=0.1916 synth_eps=0.0457 synth_eps_raw=0.0457 synth_pixel_l1=0.0000 synth_pixel_pl=0.0000 synth_pixel_id=0.0000 synth_latent=0.0000 synth_low_t_hits=0.0000 synth_total=0.0457 extra_render_attn_share=0.7221
[step 31200] real_p1_mirror_hole_cov=0.0133 real_p1_eps=0.0054 real_p1_hole_frac=0.1359 real_p2_eps=0.0823 real_p2_pixel_l1=0.0000 real_p2_pixel_pl=0.0000 real_p2_pixel_id=0.0000 real_p2_latent=0.0000 real_p2_low_t_hits=0.0000 real_total=0.0877 synth_eps=0.0080 synth_eps_raw=0.0080 synth_pixel_l1=0.0000 synth_pixel_pl=0.0000 synth_pixel_id=0.0000 synth_latent=0.0000 synth_low_t_hits=0.0000 synth_total=0.0080 extra_render_attn_share=0.7221
[step 31250] real_p1_mirror_hole_cov=0.0694 real_p1_eps=0.0991 real_p1_hole_frac=0.2929 real_p2_eps=0.0050 real_p2_pixel_l1=0.0000 real_p2_pixel_pl=0.0000 real_p2_pixel_id=0.0000 real_p2_latent=0.0000 real_p2_low_t_hits=0.0000 real_total=0.1041 synth_eps=0.0070 synth_eps_raw=0.0070 synth_pixel_l1=0.0000 synth_pixel_pl=0.0000 synth_pixel_id=0.0000 synth_latent=0.0000 synth_low_t_hits=0.0000 synth_total=0.0070 extra_render_attn_share=0.7221
[step 31300] real_p1_mirror_hole_cov=0.0145 real_p1_eps=0.0685 real_p1_hole_frac=0.3030 real_p2_eps=0.0072 real_p2_pixel_l1=0.0000 real_p2_pixel_pl=0.0000 real_p2_pixel_id=0.0000 real_p2_latent=0.0000 real_p2_low_t_hits=0.0000 real_total=0.0757 synth_eps=0.0810 synth_eps_raw=0.0810 synth_pixel_l1=0.0000 synth_pixel_pl=0.0000 synth_pixel_id=0.0000 synth_latent=0.0000 synth_low_t_hits=0.0000 synth_total=0.0810 extra_render_attn_share=0.7221
[step 31350] real_p1_mirror_hole_cov=0.1045 real_p1_eps=0.0913 real_p1_hole_frac=0.2438 real_p2_eps=0.0034 real_p2_pixel_l1=0.0000 real_p2_pixel_pl=0.0000 real_p2_pixel_id=0.0000 real_p2_latent=0.0000 real_p2_low_t_hits=0.0000 real_total=0.0947 synth_eps=0.0138 synth_eps_raw=0.0138 synth_pixel_l1=0.0000 synth_pixel_pl=0.0000 synth_pixel_id=0.0000 synth_latent=0.0000 synth_low_t_hits=0.0000 synth_total=0.0138 extra_render_attn_share=0.7221
[step 31400] real_p1_mirror_hole_cov=0.0072 real_p1_eps=0.0035 real_p1_hole_frac=0.1104 real_p2_eps=0.0133 real_p2_pixel_l1=0.0000 real_p2_pixel_pl=0.0000 real_p2_pixel_id=0.0000 real_p2_latent=0.0000 real_p2_low_t_hits=0.0000 real_total=0.0168 synth_eps=0.4547 synth_eps_raw=0.4547 synth_pixel_l1=0.0000 synth_pixel_pl=0.0000 synth_pixel_id=0.0000 synth_latent=0.0000 synth_low_t_hits=1.0000 synth_total=0.4547 extra_render_attn_share=0.7221
[step 31450] real_p1_mirror_hole_cov=0.2238 real_p1_eps=0.0130 real_p1_hole_frac=0.3093 real_p2_eps=0.0681 real_p2_pixel_l1=0.0000 real_p2_pixel_pl=0.0000 real_p2_pixel_id=0.0000 real_p2_latent=0.0000 real_p2_low_t_hits=0.0000 real_total=0.0811 synth_eps=0.0114 synth_eps_raw=0.0114 synth_pixel_l1=0.0000 synth_pixel_pl=0.0000 synth_pixel_id=0.0000 synth_latent=0.0000 synth_low_t_hits=0.0000 synth_total=0.0114 extra_render_attn_share=0.7221
[step 31500] real_p1_mirror_hole_cov=0.3000 real_p1_eps=0.0012 real_p1_hole_frac=0.3471 real_p2_eps=0.1473 real_p2_pixel_l1=0.0000 real_p2_pixel_pl=0.0000 real_p2_pixel_id=0.0000 real_p2_latent=0.0000 real_p2_low_t_hits=1.0000 real_total=0.1485 synth_eps=0.4077 synth_eps_raw=0.4077 synth_pixel_l1=0.0000 synth_pixel_pl=0.0000 synth_pixel_id=0.0000 synth_latent=0.0000 synth_low_t_hits=1.0000 synth_total=0.4077 extra_render_attn_share=0.7221
[images] real: anchor | cond1 | cond2 | inv_warp_mirror | mask | mask_inv | warp_img | warp_warp_img | x | y_hat | y_hat_novel -> /home/xzy/warpgan-diffusiong-inpainting/warpgan-diffusion-inpainting-main/experiments/train_inpainting_diffusion/[20260910-123409]_v18w1_ctrl_50k/logs/images/train/real_step0031500.png
[images] synth: cond | mask | target | warp_img | x | y_hat_novel -> /home/xzy/warpgan-diffusiong-inpainting/warpgan-diffusion-inpainting-main/experiments/train_inpainting_diffusion/[20260910-123409]_v18w1_ctrl_50k/logs/images/train/synth_step0031500.png
[step 31550] real_p1_mirror_hole_cov=0.1557 real_p1_eps=0.0027 real_p1_hole_frac=0.3128 real_p2_eps=0.0599 real_p2_pixel_l1=0.0000 real_p2_pixel_pl=0.0000 real_p2_pixel_id=0.0000 real_p2_latent=0.0000 real_p2_low_t_hits=0.0000 real_total=0.0626 synth_eps=0.1051 synth_eps_raw=0.1051 synth_pixel_l1=0.0000 synth_pixel_pl=0.0000 synth_pixel_id=0.0000 synth_latent=0.0000 synth_low_t_hits=0.0000 synth_total=0.1051 extra_render_attn_share=0.7221
[step 31600] real_p1_mirror_hole_cov=0.0690 real_p1_eps=0.0228 real_p1_hole_frac=0.3889 real_p2_eps=0.7888 real_p2_pixel_l1=0.0000 real_p2_pixel_pl=0.0000 real_p2_pixel_id=0.0000 real_p2_latent=0.0000 real_p2_low_t_hits=1.0000 real_total=0.8116 synth_eps=0.0058 synth_eps_raw=0.0058 synth_pixel_l1=0.0000 synth_pixel_pl=0.0000 synth_pixel_id=0.0000 synth_latent=0.0000 synth_low_t_hits=0.0000 synth_total=0.0058 extra_render_attn_share=0.7221
[step 31650] real_p1_mirror_hole_cov=0.1170 real_p1_eps=0.0037 real_p1_hole_frac=0.2886 real_p2_eps=0.0051 real_p2_pixel_l1=0.0000 real_p2_pixel_pl=0.0000 real_p2_pixel_id=0.0000 real_p2_latent=0.0000 real_p2_low_t_hits=0.0000 real_total=0.0087 synth_eps=0.0120 synth_eps_raw=0.0120 synth_pixel_l1=0.0000 synth_pixel_pl=0.0000 synth_pixel_id=0.0000 synth_latent=0.0000 synth_low_t_hits=0.0000 synth_total=0.0120 extra_render_attn_share=0.7221
[step 31700] real_p1_mirror_hole_cov=0.1783 real_p1_eps=0.0098 real_p1_hole_frac=0.1562 real_p2_eps=0.0196 real_p2_pixel_l1=0.0000 real_p2_pixel_pl=0.0000 real_p2_pixel_id=0.0000 real_p2_latent=0.0000 real_p2_low_t_hits=0.0000 real_total=0.0294 synth_eps=0.0410 synth_eps_raw=0.0410 synth_pixel_l1=0.0000 synth_pixel_pl=0.0000 synth_pixel_id=0.0000 synth_latent=0.0000 synth_low_t_hits=0.0000 synth_total=0.0410 extra_render_attn_share=0.7221
[step 31750] real_p1_mirror_hole_cov=0.0221 real_p1_eps=0.0243 real_p1_hole_frac=0.3549 real_p2_eps=0.0816 real_p2_pixel_l1=0.0000 real_p2_pixel_pl=0.0000 real_p2_pixel_id=0.0000 real_p2_latent=0.0000 real_p2_low_t_hits=0.0000 real_total=0.1059 synth_eps=0.5602 synth_eps_raw=0.5602 synth_pixel_l1=0.0000 synth_pixel_pl=0.0000 synth_pixel_id=0.0000 synth_latent=0.0000 synth_low_t_hits=1.0000 synth_total=0.5602 extra_render_attn_share=0.7221
[step 31800] real_p1_mirror_hole_cov=0.0066 real_p1_eps=0.0049 real_p1_hole_frac=0.1061 real_p2_eps=0.0257 real_p2_pixel_l1=0.0000 real_p2_pixel_pl=0.0000 real_p2_pixel_id=0.0000 real_p2_latent=0.0000 real_p2_low_t_hits=0.0000 real_total=0.0306 synth_eps=0.4115 synth_eps_raw=0.4115 synth_pixel_l1=0.0000 synth_pixel_pl=0.0000 synth_pixel_id=0.0000 synth_latent=0.0000 synth_low_t_hits=1.0000 synth_total=0.4115 extra_render_attn_share=0.7221
[step 31850] real_p1_mirror_hole_cov=0.0314 real_p1_eps=0.0297 real_p1_hole_frac=0.4145 real_p2_eps=0.2041 real_p2_pixel_l1=0.0000 real_p2_pixel_pl=0.0000 real_p2_pixel_id=0.0000 real_p2_latent=0.0000 real_p2_low_t_hits=1.0000 real_total=0.2338 synth_eps=0.3517 synth_eps_raw=0.3517 synth_pixel_l1=0.0000 synth_pixel_pl=0.0000 synth_pixel_id=0.0000 synth_latent=0.0000 synth_low_t_hits=1.0000 synth_total=0.3517 extra_render_attn_share=0.7221
[step 31900] real_p1_mirror_hole_cov=0.6557 real_p1_eps=0.1777 real_p1_hole_frac=0.6397 real_p2_eps=0.0792 real_p2_pixel_l1=0.0000 real_p2_pixel_pl=0.0000 real_p2_pixel_id=0.0000 real_p2_latent=0.0000 real_p2_low_t_hits=0.0000 real_total=0.2569 synth_eps=0.0033 synth_eps_raw=0.0033 synth_pixel_l1=0.0000 synth_pixel_pl=0.0000 synth_pixel_id=0.0000 synth_latent=0.0000 synth_low_t_hits=0.0000 synth_total=0.0033 extra_render_attn_share=0.7221
[step 31950] real_p1_mirror_hole_cov=0.2449 real_p1_eps=0.1306 real_p1_hole_frac=0.3151 real_p2_eps=0.0032 real_p2_pixel_l1=0.0000 real_p2_pixel_pl=0.0000 real_p2_pixel_id=0.0000 real_p2_latent=0.0000 real_p2_low_t_hits=0.0000 real_total=0.1338 synth_eps=0.0371 synth_eps_raw=0.0371 synth_pixel_l1=0.0000 synth_pixel_pl=0.0000 synth_pixel_id=0.0000 synth_latent=0.0000 synth_low_t_hits=0.0000 synth_total=0.0371 extra_render_attn_share=0.7221
[val step 31999] val_novel_full=0.0521 val_novel_hole=0.0665 val_novel_visible=0.0479
[step 32000] real_p1_mirror_hole_cov=0.0954 real_p1_eps=0.0080 real_p1_hole_frac=0.2675 real_p2_eps=0.0819 real_p2_pixel_l1=0.0000 real_p2_pixel_pl=0.0000 real_p2_pixel_id=0.0000 real_p2_latent=0.0000 real_p2_low_t_hits=0.0000 real_total=0.0899 synth_eps=0.4475 synth_eps_raw=0.4475 synth_pixel_l1=0.0000 synth_pixel_pl=0.0000 synth_pixel_id=0.0000 synth_latent=0.0000 synth_low_t_hits=1.0000 synth_total=0.4475 extra_render_attn_share=0.7321
[images] real: anchor | cond1 | cond2 | inv_warp_mirror | mask | mask_inv | warp_img | warp_warp_img | x | y_hat | y_hat_novel -> /home/xzy/warpgan-diffusiong-inpainting/warpgan-diffusion-inpainting-main/experiments/train_inpainting_diffusion/[20260910-123409]_v18w1_ctrl_50k/logs/images/train/real_step0032000.png
[images] synth: cond | mask | target | warp_img | x | y_hat_novel -> /home/xzy/warpgan-diffusiong-inpainting/warpgan-diffusion-inpainting-main/experiments/train_inpainting_diffusion/[20260910-123409]_v18w1_ctrl_50k/logs/images/train/synth_step0032000.png
[step 32050] real_p1_mirror_hole_cov=0.0577 real_p1_eps=0.0008 real_p1_hole_frac=0.1766 real_p2_eps=0.0142 real_p2_pixel_l1=0.0000 real_p2_pixel_pl=0.0000 real_p2_pixel_id=0.0000 real_p2_latent=0.0000 real_p2_low_t_hits=0.0000 real_total=0.0150 synth_eps=0.0075 synth_eps_raw=0.0075 synth_pixel_l1=0.0000 synth_pixel_pl=0.0000 synth_pixel_id=0.0000 synth_latent=0.0000 synth_low_t_hits=0.0000 synth_total=0.0075 extra_render_attn_share=0.7321
[step 32100] real_p1_mirror_hole_cov=0.1656 real_p1_eps=0.0049 real_p1_hole_frac=0.5252 real_p2_eps=0.0009 real_p2_pixel_l1=0.0000 real_p2_pixel_pl=0.0000 real_p2_pixel_id=0.0000 real_p2_latent=0.0000 real_p2_low_t_hits=0.0000 real_total=0.0058 synth_eps=0.0579 synth_eps_raw=0.0579 synth_pixel_l1=0.0000 synth_pixel_pl=0.0000 synth_pixel_id=0.0000 synth_latent=0.0000 synth_low_t_hits=0.0000 synth_total=0.0579 extra_render_attn_share=0.7321
[step 32150] real_p1_mirror_hole_cov=0.2393 real_p1_eps=0.0614 real_p1_hole_frac=0.2768 real_p2_eps=0.5768 real_p2_pixel_l1=0.0000 real_p2_pixel_pl=0.0000 real_p2_pixel_id=0.0000 real_p2_latent=0.0000 real_p2_low_t_hits=1.0000 real_total=0.6382 synth_eps=0.4033 synth_eps_raw=0.4033 synth_pixel_l1=0.0000 synth_pixel_pl=0.0000 synth_pixel_id=0.0000 synth_latent=0.0000 synth_low_t_hits=1.0000 synth_total=0.4033 extra_render_attn_share=0.7321
[step 32200] real_p1_mirror_hole_cov=0.0207 real_p1_eps=0.1587 real_p1_hole_frac=0.1385 real_p2_eps=0.0018 real_p2_pixel_l1=0.0000 real_p2_pixel_pl=0.0000 real_p2_pixel_id=0.0000 real_p2_latent=0.0000 real_p2_low_t_hits=0.0000 real_total=0.1605 synth_eps=0.1341 synth_eps_raw=0.1341 synth_pixel_l1=0.0000 synth_pixel_pl=0.0000 synth_pixel_id=0.0000 synth_latent=0.0000 synth_low_t_hits=0.0000 synth_total=0.1341 extra_render_attn_share=0.7321
[step 32250] real_p1_mirror_hole_cov=0.0123 real_p1_eps=0.1811 real_p1_hole_frac=0.3264 real_p2_eps=0.0589 real_p2_pixel_l1=0.0000 real_p2_pixel_pl=0.0000 real_p2_pixel_id=0.0000 real_p2_latent=0.0000 real_p2_low_t_hits=0.0000 real_total=0.2400 synth_eps=0.0012 synth_eps_raw=0.0012 synth_pixel_l1=0.0000 synth_pixel_pl=0.0000 synth_pixel_id=0.0000 synth_latent=0.0000 synth_low_t_hits=0.0000 synth_total=0.0012 extra_render_attn_share=0.7321
[step 32300] real_p1_mirror_hole_cov=0.0159 real_p1_eps=0.0060 real_p1_hole_frac=0.1244 real_p2_eps=0.0034 real_p2_pixel_l1=0.0000 real_p2_pixel_pl=0.0000 real_p2_pixel_id=0.0000 real_p2_latent=0.0000 real_p2_low_t_hits=0.0000 real_total=0.0093 synth_eps=0.8455 synth_eps_raw=0.8455 synth_pixel_l1=0.0000 synth_pixel_pl=0.0000 synth_pixel_id=0.0000 synth_latent=0.0000 synth_low_t_hits=1.0000 synth_total=0.8455 extra_render_attn_share=0.7321
[step 32350] real_p1_mirror_hole_cov=0.1706 real_p1_eps=0.0344 real_p1_hole_frac=0.5358 real_p2_eps=0.0677 real_p2_pixel_l1=0.0000 real_p2_pixel_pl=0.0000 real_p2_pixel_id=0.0000 real_p2_latent=0.0000 real_p2_low_t_hits=0.0000 real_total=0.1022 synth_eps=0.3127 synth_eps_raw=0.3127 synth_pixel_l1=0.0000 synth_pixel_pl=0.0000 synth_pixel_id=0.0000 synth_latent=0.0000 synth_low_t_hits=1.0000 synth_total=0.3127 extra_render_attn_share=0.7321
[step 32400] real_p1_mirror_hole_cov=0.1009 real_p1_eps=0.0016 real_p1_hole_frac=0.5870 real_p2_eps=0.0040 real_p2_pixel_l1=0.0000 real_p2_pixel_pl=0.0000 real_p2_pixel_id=0.0000 real_p2_latent=0.0000 real_p2_low_t_hits=0.0000 real_total=0.0056 synth_eps=0.1132 synth_eps_raw=0.1132 synth_pixel_l1=0.0000 synth_pixel_pl=0.0000 synth_pixel_id=0.0000 synth_latent=0.0000 synth_low_t_hits=0.0000 synth_total=0.1132 extra_render_attn_share=0.7321
[step 32450] real_p1_mirror_hole_cov=0.1309 real_p1_eps=0.0058 real_p1_hole_frac=0.0545 real_p2_eps=0.0355 real_p2_pixel_l1=0.0000 real_p2_pixel_pl=0.0000 real_p2_pixel_id=0.0000 real_p2_latent=0.0000 real_p2_low_t_hits=0.0000 real_total=0.0412 synth_eps=0.0023 synth_eps_raw=0.0023 synth_pixel_l1=0.0000 synth_pixel_pl=0.0000 synth_pixel_id=0.0000 synth_latent=0.0000 synth_low_t_hits=0.0000 synth_total=0.0023 extra_render_attn_share=0.7321
[step 32500] real_p1_mirror_hole_cov=0.4727 real_p1_eps=0.1202 real_p1_hole_frac=0.4037 real_p2_eps=0.0337 real_p2_pixel_l1=0.0000 real_p2_pixel_pl=0.0000 real_p2_pixel_id=0.0000 real_p2_latent=0.0000 real_p2_low_t_hits=0.0000 real_total=0.1539 synth_eps=0.0731 synth_eps_raw=0.0731 synth_pixel_l1=0.0000 synth_pixel_pl=0.0000 synth_pixel_id=0.0000 synth_latent=0.0000 synth_low_t_hits=0.0000 synth_total=0.0731 extra_render_attn_share=0.7321
[images] real: anchor | cond1 | cond2 | inv_warp_mirror | mask | mask_inv | warp_img | warp_warp_img | x | y_hat | y_hat_novel -> /home/xzy/warpgan-diffusiong-inpainting/warpgan-diffusion-inpainting-main/experiments/train_inpainting_diffusion/[20260910-123409]_v18w1_ctrl_50k/logs/images/train/real_step0032500.png
[images] synth: cond | mask | target | warp_img | x | y_hat_novel -> /home/xzy/warpgan-diffusiong-inpainting/warpgan-diffusion-inpainting-main/experiments/train_inpainting_diffusion/[20260910-123409]_v18w1_ctrl_50k/logs/images/train/synth_step0032500.png
[step 32550] real_p1_mirror_hole_cov=0.0128 real_p1_eps=0.1186 real_p1_hole_frac=0.0724 real_p2_eps=0.0022 real_p2_pixel_l1=0.0000 real_p2_pixel_pl=0.0000 real_p2_pixel_id=0.0000 real_p2_latent=0.0000 real_p2_low_t_hits=0.0000 real_total=0.1208 synth_eps=0.0571 synth_eps_raw=0.0571 synth_pixel_l1=0.0000 synth_pixel_pl=0.0000 synth_pixel_id=0.0000 synth_latent=0.0000 synth_low_t_hits=0.0000 synth_total=0.0571 extra_render_attn_share=0.7321
[step 32600] real_p1_mirror_hole_cov=0.1697 real_p1_eps=0.2892 real_p1_hole_frac=0.1571 real_p2_eps=0.0260 real_p2_pixel_l1=0.0000 real_p2_pixel_pl=0.0000 real_p2_pixel_id=0.0000 real_p2_latent=0.0000 real_p2_low_t_hits=0.0000 real_total=0.3152 synth_eps=0.6628 synth_eps_raw=0.6628 synth_pixel_l1=0.0000 synth_pixel_pl=0.0000 synth_pixel_id=0.0000 synth_latent=0.0000 synth_low_t_hits=1.0000 synth_total=0.6628 extra_render_attn_share=0.7321
[step 32650] real_p1_mirror_hole_cov=0.0226 real_p1_eps=0.4379 real_p1_hole_frac=0.2609 real_p2_eps=0.0172 real_p2_pixel_l1=0.0000 real_p2_pixel_pl=0.0000 real_p2_pixel_id=0.0000 real_p2_latent=0.0000 real_p2_low_t_hits=0.0000 real_total=0.4551 synth_eps=0.0035 synth_eps_raw=0.0035 synth_pixel_l1=0.0000 synth_pixel_pl=0.0000 synth_pixel_id=0.0000 synth_latent=0.0000 synth_low_t_hits=0.0000 synth_total=0.0035 extra_render_attn_share=0.7321
[step 32700] real_p1_mirror_hole_cov=0.1704 real_p1_eps=0.0332 real_p1_hole_frac=0.6188 real_p2_eps=0.2147 real_p2_pixel_l1=0.0000 real_p2_pixel_pl=0.0000 real_p2_pixel_id=0.0000 real_p2_latent=0.0000 real_p2_low_t_hits=1.0000 real_total=0.2479 synth_eps=0.3581 synth_eps_raw=0.3581 synth_pixel_l1=0.0000 synth_pixel_pl=0.0000 synth_pixel_id=0.0000 synth_latent=0.0000 synth_low_t_hits=1.0000 synth_total=0.3581 extra_render_attn_share=0.7321
[step 32750] real_p1_mirror_hole_cov=0.1943 real_p1_eps=0.2069 real_p1_hole_frac=0.2583 real_p2_eps=0.0109 real_p2_pixel_l1=0.0000 real_p2_pixel_pl=0.0000 real_p2_pixel_id=0.0000 real_p2_latent=0.0000 real_p2_low_t_hits=0.0000 real_total=0.2178 synth_eps=0.3763 synth_eps_raw=0.3763 synth_pixel_l1=0.0000 synth_pixel_pl=0.0000 synth_pixel_id=0.0000 synth_latent=0.0000 synth_low_t_hits=1.0000 synth_total=0.3763 extra_render_attn_share=0.7321
[step 32800] real_p1_mirror_hole_cov=0.1024 real_p1_eps=0.0093 real_p1_hole_frac=0.5142 real_p2_eps=0.0151 real_p2_pixel_l1=0.0000 real_p2_pixel_pl=0.0000 real_p2_pixel_id=0.0000 real_p2_latent=0.0000 real_p2_low_t_hits=0.0000 real_total=0.0243 synth_eps=0.1416 synth_eps_raw=0.1416 synth_pixel_l1=0.0000 synth_pixel_pl=0.0000 synth_pixel_id=0.0000 synth_latent=0.0000 synth_low_t_hits=0.0000 synth_total=0.1416 extra_render_attn_share=0.7321
[step 32850] real_p1_mirror_hole_cov=0.0722 real_p1_eps=0.1205 real_p1_hole_frac=0.1733 real_p2_eps=0.0174 real_p2_pixel_l1=0.0000 real_p2_pixel_pl=0.0000 real_p2_pixel_id=0.0000 real_p2_latent=0.0000 real_p2_low_t_hits=0.0000 real_total=0.1378 synth_eps=0.0015 synth_eps_raw=0.0015 synth_pixel_l1=0.0000 synth_pixel_pl=0.0000 synth_pixel_id=0.0000 synth_latent=0.0000 synth_low_t_hits=0.0000 synth_total=0.0015 extra_render_attn_share=0.7321
[step 32900] real_p1_mirror_hole_cov=0.3333 real_p1_eps=0.0029 real_p1_hole_frac=0.1538 real_p2_eps=0.0083 real_p2_pixel_l1=0.0000 real_p2_pixel_pl=0.0000 real_p2_pixel_id=0.0000 real_p2_latent=0.0000 real_p2_low_t_hits=0.0000 real_total=0.0113 synth_eps=0.0844 synth_eps_raw=0.0844 synth_pixel_l1=0.0000 synth_pixel_pl=0.0000 synth_pixel_id=0.0000 synth_latent=0.0000 synth_low_t_hits=0.0000 synth_total=0.0844 extra_render_attn_share=0.7321
[step 32950] real_p1_mirror_hole_cov=0.1369 real_p1_eps=0.2448 real_p1_hole_frac=0.3014 real_p2_eps=0.3149 real_p2_pixel_l1=0.0000 real_p2_pixel_pl=0.0000 real_p2_pixel_id=0.0000 real_p2_latent=0.0000 real_p2_low_t_hits=1.0000 real_total=0.5597 synth_eps=0.0378 synth_eps_raw=0.0378 synth_pixel_l1=0.0000 synth_pixel_pl=0.0000 synth_pixel_id=0.0000 synth_latent=0.0000 synth_low_t_hits=0.0000 synth_total=0.0378 extra_render_attn_share=0.7321
[step 33000] real_p1_mirror_hole_cov=0.1227 real_p1_eps=0.0024 real_p1_hole_frac=0.2292 real_p2_eps=0.0016 real_p2_pixel_l1=0.0000 real_p2_pixel_pl=0.0000 real_p2_pixel_id=0.0000 real_p2_latent=0.0000 real_p2_low_t_hits=0.0000 real_total=0.0040 synth_eps=0.0371 synth_eps_raw=0.0371 synth_pixel_l1=0.0000 synth_pixel_pl=0.0000 synth_pixel_id=0.0000 synth_latent=0.0000 synth_low_t_hits=0.0000 synth_total=0.0371 extra_render_attn_share=0.7321
[images] real: anchor | cond1 | cond2 | inv_warp_mirror | mask | mask_inv | warp_img | warp_warp_img | x | y_hat | y_hat_novel -> /home/xzy/warpgan-diffusiong-inpainting/warpgan-diffusion-inpainting-main/experiments/train_inpainting_diffusion/[20260910-123409]_v18w1_ctrl_50k/logs/images/train/real_step0033000.png
[images] synth: cond | mask | target | warp_img | x | y_hat_novel -> /home/xzy/warpgan-diffusiong-inpainting/warpgan-diffusion-inpainting-main/experiments/train_inpainting_diffusion/[20260910-123409]_v18w1_ctrl_50k/logs/images/train/synth_step0033000.png
[step 33050] real_p1_mirror_hole_cov=0.0385 real_p1_eps=0.0014 real_p1_hole_frac=0.1264 real_p2_eps=0.0300 real_p2_pixel_l1=0.0000 real_p2_pixel_pl=0.0000 real_p2_pixel_id=0.0000 real_p2_latent=0.0000 real_p2_low_t_hits=0.0000 real_total=0.0314 synth_eps=0.1551 synth_eps_raw=0.1551 synth_pixel_l1=0.0000 synth_pixel_pl=0.0000 synth_pixel_id=0.0000 synth_latent=0.0000 synth_low_t_hits=0.0000 synth_total=0.1551 extra_render_attn_share=0.7321
[step 33100] real_p1_mirror_hole_cov=0.0604 real_p1_eps=0.0058 real_p1_hole_frac=0.0376 real_p2_eps=0.0031 real_p2_pixel_l1=0.0000 real_p2_pixel_pl=0.0000 real_p2_pixel_id=0.0000 real_p2_latent=0.0000 real_p2_low_t_hits=0.0000 real_total=0.0088 synth_eps=0.0178 synth_eps_raw=0.0178 synth_pixel_l1=0.0000 synth_pixel_pl=0.0000 synth_pixel_id=0.0000 synth_latent=0.0000 synth_low_t_hits=0.0000 synth_total=0.0178 extra_render_attn_share=0.7321
[step 33150] real_p1_mirror_hole_cov=0.2315 real_p1_eps=0.0735 real_p1_hole_frac=0.4216 real_p2_eps=0.0282 real_p2_pixel_l1=0.0000 real_p2_pixel_pl=0.0000 real_p2_pixel_id=0.0000 real_p2_latent=0.0000 real_p2_low_t_hits=0.0000 real_total=0.1017 synth_eps=0.2514 synth_eps_raw=0.2514 synth_pixel_l1=0.0000 synth_pixel_pl=0.0000 synth_pixel_id=0.0000 synth_latent=0.0000 synth_low_t_hits=0.0000 synth_total=0.2514 extra_render_attn_share=0.7321
[step 33200] real_p1_mirror_hole_cov=0.0827 real_p1_eps=0.0541 real_p1_hole_frac=0.1648 real_p2_eps=0.1965 real_p2_pixel_l1=0.0000 real_p2_pixel_pl=0.0000 real_p2_pixel_id=0.0000 real_p2_latent=0.0000 real_p2_low_t_hits=1.0000 real_total=0.2507 synth_eps=0.1973 synth_eps_raw=0.1973 synth_pixel_l1=0.0000 synth_pixel_pl=0.0000 synth_pixel_id=0.0000 synth_latent=0.0000 synth_low_t_hits=0.0000 synth_total=0.1973 extra_render_attn_share=0.7321
[step 33250] real_p1_mirror_hole_cov=0.1471 real_p1_eps=0.0059 real_p1_hole_frac=0.5278 real_p2_eps=0.2829 real_p2_pixel_l1=0.0000 real_p2_pixel_pl=0.0000 real_p2_pixel_id=0.0000 real_p2_latent=0.0000 real_p2_low_t_hits=1.0000 real_total=0.2888 synth_eps=0.2365 synth_eps_raw=0.2365 synth_pixel_l1=0.0000 synth_pixel_pl=0.0000 synth_pixel_id=0.0000 synth_latent=0.0000 synth_low_t_hits=1.0000 synth_total=0.2365 extra_render_attn_share=0.7321
[step 33300] real_p1_mirror_hole_cov=0.0997 real_p1_eps=0.0504 real_p1_hole_frac=0.2148 real_p2_eps=0.0219 real_p2_pixel_l1=0.0000 real_p2_pixel_pl=0.0000 real_p2_pixel_id=0.0000 real_p2_latent=0.0000 real_p2_low_t_hits=0.0000 real_total=0.0724 synth_eps=0.0053 synth_eps_raw=0.0053 synth_pixel_l1=0.0000 synth_pixel_pl=0.0000 synth_pixel_id=0.0000 synth_latent=0.0000 synth_low_t_hits=0.0000 synth_total=0.0053 extra_render_attn_share=0.7321
[step 33350] real_p1_mirror_hole_cov=0.0127 real_p1_eps=0.0018 real_p1_hole_frac=0.1620 real_p2_eps=0.0125 real_p2_pixel_l1=0.0000 real_p2_pixel_pl=0.0000 real_p2_pixel_id=0.0000 real_p2_latent=0.0000 real_p2_low_t_hits=0.0000 real_total=0.0144 synth_eps=0.0083 synth_eps_raw=0.0083 synth_pixel_l1=0.0000 synth_pixel_pl=0.0000 synth_pixel_id=0.0000 synth_latent=0.0000 synth_low_t_hits=0.0000 synth_total=0.0083 extra_render_attn_share=0.7321
[step 33400] real_p1_mirror_hole_cov=0.0719 real_p1_eps=0.1264 real_p1_hole_frac=0.2997 real_p2_eps=0.1664 real_p2_pixel_l1=0.0000 real_p2_pixel_pl=0.0000 real_p2_pixel_id=0.0000 real_p2_latent=0.0000 real_p2_low_t_hits=1.0000 real_total=0.2928 synth_eps=0.0069 synth_eps_raw=0.0069 synth_pixel_l1=0.0000 synth_pixel_pl=0.0000 synth_pixel_id=0.0000 synth_latent=0.0000 synth_low_t_hits=0.0000 synth_total=0.0069 extra_render_attn_share=0.7321
[step 33450] real_p1_mirror_hole_cov=0.1876 real_p1_eps=0.0120 real_p1_hole_frac=0.5757 real_p2_eps=0.1827 real_p2_pixel_l1=0.0000 real_p2_pixel_pl=0.0000 real_p2_pixel_id=0.0000 real_p2_latent=0.0000 real_p2_low_t_hits=1.0000 real_total=0.1948 synth_eps=0.0717 synth_eps_raw=0.0717 synth_pixel_l1=0.0000 synth_pixel_pl=0.0000 synth_pixel_id=0.0000 synth_latent=0.0000 synth_low_t_hits=0.0000 synth_total=0.0717 extra_render_attn_share=0.7321
[step 33500] real_p1_mirror_hole_cov=0.0052 real_p1_eps=0.0002 real_p1_hole_frac=0.0221 real_p2_eps=0.0188 real_p2_pixel_l1=0.0000 real_p2_pixel_pl=0.0000 real_p2_pixel_id=0.0000 real_p2_latent=0.0000 real_p2_low_t_hits=0.0000 real_total=0.0190 synth_eps=0.0379 synth_eps_raw=0.0379 synth_pixel_l1=0.0000 synth_pixel_pl=0.0000 synth_pixel_id=0.0000 synth_latent=0.0000 synth_low_t_hits=0.0000 synth_total=0.0379 extra_render_attn_share=0.7321
[images] real: anchor | cond1 | cond2 | inv_warp_mirror | mask | mask_inv | warp_img | warp_warp_img | x | y_hat | y_hat_novel -> /home/xzy/warpgan-diffusiong-inpainting/warpgan-diffusion-inpainting-main/experiments/train_inpainting_diffusion/[20260910-123409]_v18w1_ctrl_50k/logs/images/train/real_step0033500.png
[images] synth: cond | mask | target | warp_img | x | y_hat_novel -> /home/xzy/warpgan-diffusiong-inpainting/warpgan-diffusion-inpainting-main/experiments/train_inpainting_diffusion/[20260910-123409]_v18w1_ctrl_50k/logs/images/train/synth_step0033500.png
[step 33550] real_p1_mirror_hole_cov=0.1969 real_p1_eps=0.0992 real_p1_hole_frac=0.3000 real_p2_eps=0.0656 real_p2_pixel_l1=0.0000 real_p2_pixel_pl=0.0000 real_p2_pixel_id=0.0000 real_p2_latent=0.0000 real_p2_low_t_hits=0.0000 real_total=0.1648 synth_eps=0.0065 synth_eps_raw=0.0065 synth_pixel_l1=0.0000 synth_pixel_pl=0.0000 synth_pixel_id=0.0000 synth_latent=0.0000 synth_low_t_hits=0.0000 synth_total=0.0065 extra_render_attn_share=0.7321
[step 33600] real_p1_mirror_hole_cov=0.0934 real_p1_eps=0.0040 real_p1_hole_frac=0.2010 real_p2_eps=0.0217 real_p2_pixel_l1=0.0000 real_p2_pixel_pl=0.0000 real_p2_pixel_id=0.0000 real_p2_latent=0.0000 real_p2_low_t_hits=0.0000 real_total=0.0257 synth_eps=0.0013 synth_eps_raw=0.0013 synth_pixel_l1=0.0000 synth_pixel_pl=0.0000 synth_pixel_id=0.0000 synth_latent=0.0000 synth_low_t_hits=0.0000 synth_total=0.0013 extra_render_attn_share=0.7321
[step 33650] real_p1_mirror_hole_cov=0.0529 real_p1_eps=0.2225 real_p1_hole_frac=0.5480 real_p2_eps=0.2998 real_p2_pixel_l1=0.0000 real_p2_pixel_pl=0.0000 real_p2_pixel_id=0.0000 real_p2_latent=0.0000 real_p2_low_t_hits=1.0000 real_total=0.5223 synth_eps=0.1468 synth_eps_raw=0.1468 synth_pixel_l1=0.0000 synth_pixel_pl=0.0000 synth_pixel_id=0.0000 synth_latent=0.0000 synth_low_t_hits=0.0000 synth_total=0.1468 extra_render_attn_share=0.7321
[step 33700] real_p1_mirror_hole_cov=0.0047 real_p1_eps=0.2610 real_p1_hole_frac=0.0739 real_p2_eps=0.0427 real_p2_pixel_l1=0.0000 real_p2_pixel_pl=0.0000 real_p2_pixel_id=0.0000 real_p2_latent=0.0000 real_p2_low_t_hits=0.0000 real_total=0.3037 synth_eps=0.0164 synth_eps_raw=0.0164 synth_pixel_l1=0.0000 synth_pixel_pl=0.0000 synth_pixel_id=0.0000 synth_latent=0.0000 synth_low_t_hits=0.0000 synth_total=0.0164 extra_render_attn_share=0.7321
[step 33750] real_p1_mirror_hole_cov=0.0150 real_p1_eps=0.0150 real_p1_hole_frac=0.1068 real_p2_eps=0.0620 real_p2_pixel_l1=0.0000 real_p2_pixel_pl=0.0000 real_p2_pixel_id=0.0000 real_p2_latent=0.0000 real_p2_low_t_hits=0.0000 real_total=0.0769 synth_eps=0.1804 synth_eps_raw=0.1804 synth_pixel_l1=0.0000 synth_pixel_pl=0.0000 synth_pixel_id=0.0000 synth_latent=0.0000 synth_low_t_hits=0.0000 synth_total=0.1804 extra_render_attn_share=0.7321
[step 33800] real_p1_mirror_hole_cov=0.1752 real_p1_eps=0.0015 real_p1_hole_frac=0.2536 real_p2_eps=0.2431 real_p2_pixel_l1=0.0000 real_p2_pixel_pl=0.0000 real_p2_pixel_id=0.0000 real_p2_latent=0.0000 real_p2_low_t_hits=1.0000 real_total=0.2446 synth_eps=0.0069 synth_eps_raw=0.0069 synth_pixel_l1=0.0000 synth_pixel_pl=0.0000 synth_pixel_id=0.0000 synth_latent=0.0000 synth_low_t_hits=0.0000 synth_total=0.0069 extra_render_attn_share=0.7321
[step 33850] real_p1_mirror_hole_cov=0.1460 real_p1_eps=0.0661 real_p1_hole_frac=0.0620 real_p2_eps=0.0273 real_p2_pixel_l1=0.0000 real_p2_pixel_pl=0.0000 real_p2_pixel_id=0.0000 real_p2_latent=0.0000 real_p2_low_t_hits=0.0000 real_total=0.0934 synth_eps=0.0399 synth_eps_raw=0.0399 synth_pixel_l1=0.0000 synth_pixel_pl=0.0000 synth_pixel_id=0.0000 synth_latent=0.0000 synth_low_t_hits=0.0000 synth_total=0.0399 extra_render_attn_share=0.7321
[step 33900] real_p1_mirror_hole_cov=0.0740 real_p1_eps=0.0912 real_p1_hole_frac=0.3473 real_p2_eps=0.1476 real_p2_pixel_l1=0.0000 real_p2_pixel_pl=0.0000 real_p2_pixel_id=0.0000 real_p2_latent=0.0000 real_p2_low_t_hits=1.0000 real_total=0.2389 synth_eps=0.0155 synth_eps_raw=0.0155 synth_pixel_l1=0.0000 synth_pixel_pl=0.0000 synth_pixel_id=0.0000 synth_latent=0.0000 synth_low_t_hits=0.0000 synth_total=0.0155 extra_render_attn_share=0.7321
[step 33950] real_p1_mirror_hole_cov=0.0692 real_p1_eps=0.0013 real_p1_hole_frac=0.2728 real_p2_eps=0.0253 real_p2_pixel_l1=0.0000 real_p2_pixel_pl=0.0000 real_p2_pixel_id=0.0000 real_p2_latent=0.0000 real_p2_low_t_hits=0.0000 real_total=0.0266 synth_eps=0.3543 synth_eps_raw=0.3543 synth_pixel_l1=0.0000 synth_pixel_pl=0.0000 synth_pixel_id=0.0000 synth_latent=0.0000 synth_low_t_hits=1.0000 synth_total=0.3543 extra_render_attn_share=0.7321
[val step 33999] val_novel_full=0.0587 val_novel_hole=0.0885 val_novel_visible=0.0440
[step 34000] real_p1_mirror_hole_cov=0.1273 real_p1_eps=0.0126 real_p1_hole_frac=0.3591 real_p2_eps=0.0044 real_p2_pixel_l1=0.0000 real_p2_pixel_pl=0.0000 real_p2_pixel_id=0.0000 real_p2_latent=0.0000 real_p2_low_t_hits=0.0000 real_total=0.0170 synth_eps=0.0687 synth_eps_raw=0.0687 synth_pixel_l1=0.0000 synth_pixel_pl=0.0000 synth_pixel_id=0.0000 synth_latent=0.0000 synth_low_t_hits=0.0000 synth_total=0.0687 extra_render_attn_share=0.7046
[images] real: anchor | cond1 | cond2 | inv_warp_mirror | mask | mask_inv | warp_img | warp_warp_img | x | y_hat | y_hat_novel -> /home/xzy/warpgan-diffusiong-inpainting/warpgan-diffusion-inpainting-main/experiments/train_inpainting_diffusion/[20260910-123409]_v18w1_ctrl_50k/logs/images/train/real_step0034000.png
[images] synth: cond | mask | target | warp_img | x | y_hat_novel -> /home/xzy/warpgan-diffusiong-inpainting/warpgan-diffusion-inpainting-main/experiments/train_inpainting_diffusion/[20260910-123409]_v18w1_ctrl_50k/logs/images/train/synth_step0034000.png
[step 34050] real_p1_mirror_hole_cov=0.0429 real_p1_eps=0.2073 real_p1_hole_frac=0.5044 real_p2_eps=0.0773 real_p2_pixel_l1=0.0000 real_p2_pixel_pl=0.0000 real_p2_pixel_id=0.0000 real_p2_latent=0.0000 real_p2_low_t_hits=0.0000 real_total=0.2846 synth_eps=0.0647 synth_eps_raw=0.0647 synth_pixel_l1=0.0000 synth_pixel_pl=0.0000 synth_pixel_id=0.0000 synth_latent=0.0000 synth_low_t_hits=0.0000 synth_total=0.0647 extra_render_attn_share=0.7046
[step 34100] real_p1_mirror_hole_cov=0.1709 real_p1_eps=0.0012 real_p1_hole_frac=0.0414 real_p2_eps=0.0271 real_p2_pixel_l1=0.0000 real_p2_pixel_pl=0.0000 real_p2_pixel_id=0.0000 real_p2_latent=0.0000 real_p2_low_t_hits=0.0000 real_total=0.0283 synth_eps=0.0818 synth_eps_raw=0.0818 synth_pixel_l1=0.0000 synth_pixel_pl=0.0000 synth_pixel_id=0.0000 synth_latent=0.0000 synth_low_t_hits=0.0000 synth_total=0.0818 extra_render_attn_share=0.7046
[step 34150] real_p1_mirror_hole_cov=0.0030 real_p1_eps=0.0054 real_p1_hole_frac=0.0769 real_p2_eps=0.0026 real_p2_pixel_l1=0.0000 real_p2_pixel_pl=0.0000 real_p2_pixel_id=0.0000 real_p2_latent=0.0000 real_p2_low_t_hits=0.0000 real_total=0.0081 synth_eps=0.0071 synth_eps_raw=0.0071 synth_pixel_l1=0.0000 synth_pixel_pl=0.0000 synth_pixel_id=0.0000 synth_latent=0.0000 synth_low_t_hits=0.0000 synth_total=0.0071 extra_render_attn_share=0.7046
[step 34200] real_p1_mirror_hole_cov=0.0098 real_p1_eps=0.0041 real_p1_hole_frac=0.2004 real_p2_eps=0.0648 real_p2_pixel_l1=0.0000 real_p2_pixel_pl=0.0000 real_p2_pixel_id=0.0000 real_p2_latent=0.0000 real_p2_low_t_hits=0.0000 real_total=0.0689 synth_eps=0.2000 synth_eps_raw=0.2000 synth_pixel_l1=0.0000 synth_pixel_pl=0.0000 synth_pixel_id=0.0000 synth_latent=0.0000 synth_low_t_hits=0.0000 synth_total=0.2000 extra_render_attn_share=0.7046
[step 34250] real_p1_mirror_hole_cov=0.0142 real_p1_eps=0.0373 real_p1_hole_frac=0.2592 real_p2_eps=0.0795 real_p2_pixel_l1=0.0000 real_p2_pixel_pl=0.0000 real_p2_pixel_id=0.0000 real_p2_latent=0.0000 real_p2_low_t_hits=0.0000 real_total=0.1168 synth_eps=0.1426 synth_eps_raw=0.1426 synth_pixel_l1=0.0000 synth_pixel_pl=0.0000 synth_pixel_id=0.0000 synth_latent=0.0000 synth_low_t_hits=0.0000 synth_total=0.1426 extra_render_attn_share=0.7046
[step 34300] real_p1_mirror_hole_cov=0.0796 real_p1_eps=0.0216 real_p1_hole_frac=0.0864 real_p2_eps=0.0233 real_p2_pixel_l1=0.0000 real_p2_pixel_pl=0.0000 real_p2_pixel_id=0.0000 real_p2_latent=0.0000 real_p2_low_t_hits=0.0000 real_total=0.0449 synth_eps=0.5432 synth_eps_raw=0.5432 synth_pixel_l1=0.0000 synth_pixel_pl=0.0000 synth_pixel_id=0.0000 synth_latent=0.0000 synth_low_t_hits=1.0000 synth_total=0.5432 extra_render_attn_share=0.7046
[step 34350] real_p1_mirror_hole_cov=0.0589 real_p1_eps=0.0085 real_p1_hole_frac=0.0740 real_p2_eps=0.0854 real_p2_pixel_l1=0.0000 real_p2_pixel_pl=0.0000 real_p2_pixel_id=0.0000 real_p2_latent=0.0000 real_p2_low_t_hits=0.0000 real_total=0.0940 synth_eps=0.0901 synth_eps_raw=0.0901 synth_pixel_l1=0.0000 synth_pixel_pl=0.0000 synth_pixel_id=0.0000 synth_latent=0.0000 synth_low_t_hits=0.0000 synth_total=0.0901 extra_render_attn_share=0.7046
[step 34400] real_p1_mirror_hole_cov=0.0185 real_p1_eps=0.0084 real_p1_hole_frac=0.0751 real_p2_eps=0.0640 real_p2_pixel_l1=0.0000 real_p2_pixel_pl=0.0000 real_p2_pixel_id=0.0000 real_p2_latent=0.0000 real_p2_low_t_hits=0.0000 real_total=0.0723 synth_eps=0.1291 synth_eps_raw=0.1291 synth_pixel_l1=0.0000 synth_pixel_pl=0.0000 synth_pixel_id=0.0000 synth_latent=0.0000 synth_low_t_hits=0.0000 synth_total=0.1291 extra_render_attn_share=0.7046
[step 34450] real_p1_mirror_hole_cov=0.1085 real_p1_eps=0.0589 real_p1_hole_frac=0.1932 real_p2_eps=0.0385 real_p2_pixel_l1=0.0000 real_p2_pixel_pl=0.0000 real_p2_pixel_id=0.0000 real_p2_latent=0.0000 real_p2_low_t_hits=0.0000 real_total=0.0974 synth_eps=0.2036 synth_eps_raw=0.2036 synth_pixel_l1=0.0000 synth_pixel_pl=0.0000 synth_pixel_id=0.0000 synth_latent=0.0000 synth_low_t_hits=0.0000 synth_total=0.2036 extra_render_attn_share=0.7046
[step 34500] real_p1_mirror_hole_cov=0.0008 real_p1_eps=0.0005 real_p1_hole_frac=0.0362 real_p2_eps=0.0354 real_p2_pixel_l1=0.0000 real_p2_pixel_pl=0.0000 real_p2_pixel_id=0.0000 real_p2_latent=0.0000 real_p2_low_t_hits=0.0000 real_total=0.0359 synth_eps=0.0125 synth_eps_raw=0.0125 synth_pixel_l1=0.0000 synth_pixel_pl=0.0000 synth_pixel_id=0.0000 synth_latent=0.0000 synth_low_t_hits=0.0000 synth_total=0.0125 extra_render_attn_share=0.7046
[images] real: anchor | cond1 | cond2 | inv_warp_mirror | mask | mask_inv | warp_img | warp_warp_img | x | y_hat | y_hat_novel -> /home/xzy/warpgan-diffusiong-inpainting/warpgan-diffusion-inpainting-main/experiments/train_inpainting_diffusion/[20260910-123409]_v18w1_ctrl_50k/logs/images/train/real_step0034500.png
[images] synth: cond | mask | target | warp_img | x | y_hat_novel -> /home/xzy/warpgan-diffusiong-inpainting/warpgan-diffusion-inpainting-main/experiments/train_inpainting_diffusion/[20260910-123409]_v18w1_ctrl_50k/logs/images/train/synth_step0034500.png
[step 34550] real_p1_mirror_hole_cov=0.2392 real_p1_eps=0.0307 real_p1_hole_frac=0.4144 real_p2_eps=0.5763 real_p2_pixel_l1=0.0000 real_p2_pixel_pl=0.0000 real_p2_pixel_id=0.0000 real_p2_latent=0.0000 real_p2_low_t_hits=1.0000 real_total=0.6070 synth_eps=0.3668 synth_eps_raw=0.3668 synth_pixel_l1=0.0000 synth_pixel_pl=0.0000 synth_pixel_id=0.0000 synth_latent=0.0000 synth_low_t_hits=1.0000 synth_total=0.3668 extra_render_attn_share=0.7046
[step 34600] real_p1_mirror_hole_cov=0.2216 real_p1_eps=0.2189 real_p1_hole_frac=0.5079 real_p2_eps=0.0335 real_p2_pixel_l1=0.0000 real_p2_pixel_pl=0.0000 real_p2_pixel_id=0.0000 real_p2_latent=0.0000 real_p2_low_t_hits=0.0000 real_total=0.2524 synth_eps=0.0308 synth_eps_raw=0.0308 synth_pixel_l1=0.0000 synth_pixel_pl=0.0000 synth_pixel_id=0.0000 synth_latent=0.0000 synth_low_t_hits=0.0000 synth_total=0.0308 extra_render_attn_share=0.7046
[step 34650] real_p1_mirror_hole_cov=0.2521 real_p1_eps=0.0325 real_p1_hole_frac=0.2573 real_p2_eps=0.0010 real_p2_pixel_l1=0.0000 real_p2_pixel_pl=0.0000 real_p2_pixel_id=0.0000 real_p2_latent=0.0000 real_p2_low_t_hits=0.0000 real_total=0.0335 synth_eps=0.0110 synth_eps_raw=0.0110 synth_pixel_l1=0.0000 synth_pixel_pl=0.0000 synth_pixel_id=0.0000 synth_latent=0.0000 synth_low_t_hits=0.0000 synth_total=0.0110 extra_render_attn_share=0.7046
[step 34700] real_p1_mirror_hole_cov=0.3061 real_p1_eps=0.0954 real_p1_hole_frac=0.3287 real_p2_eps=0.0612 real_p2_pixel_l1=0.0000 real_p2_pixel_pl=0.0000 real_p2_pixel_id=0.0000 real_p2_latent=0.0000 real_p2_low_t_hits=0.0000 real_total=0.1566 synth_eps=0.0025 synth_eps_raw=0.0025 synth_pixel_l1=0.0000 synth_pixel_pl=0.0000 synth_pixel_id=0.0000 synth_latent=0.0000 synth_low_t_hits=0.0000 synth_total=0.0025 extra_render_attn_share=0.7046
[step 34750] real_p1_mirror_hole_cov=0.0779 real_p1_eps=0.0018 real_p1_hole_frac=0.2971 real_p2_eps=0.1576 real_p2_pixel_l1=0.0000 real_p2_pixel_pl=0.0000 real_p2_pixel_id=0.0000 real_p2_latent=0.0000 real_p2_low_t_hits=1.0000 real_total=0.1595 synth_eps=0.0035 synth_eps_raw=0.0035 synth_pixel_l1=0.0000 synth_pixel_pl=0.0000 synth_pixel_id=0.0000 synth_latent=0.0000 synth_low_t_hits=0.0000 synth_total=0.0035 extra_render_attn_share=0.7046
[step 34800] real_p1_mirror_hole_cov=0.0593 real_p1_eps=0.0494 real_p1_hole_frac=0.1708 real_p2_eps=0.0440 real_p2_pixel_l1=0.0000 real_p2_pixel_pl=0.0000 real_p2_pixel_id=0.0000 real_p2_latent=0.0000 real_p2_low_t_hits=0.0000 real_total=0.0934 synth_eps=0.1385 synth_eps_raw=0.1385 synth_pixel_l1=0.0000 synth_pixel_pl=0.0000 synth_pixel_id=0.0000 synth_latent=0.0000 synth_low_t_hits=0.0000 synth_total=0.1385 extra_render_attn_share=0.7046
[step 34850] real_p1_mirror_hole_cov=0.1729 real_p1_eps=0.0025 real_p1_hole_frac=0.0783 real_p2_eps=0.0058 real_p2_pixel_l1=0.0000 real_p2_pixel_pl=0.0000 real_p2_pixel_id=0.0000 real_p2_latent=0.0000 real_p2_low_t_hits=0.0000 real_total=0.0083 synth_eps=0.0310 synth_eps_raw=0.0310 synth_pixel_l1=0.0000 synth_pixel_pl=0.0000 synth_pixel_id=0.0000 synth_latent=0.0000 synth_low_t_hits=0.0000 synth_total=0.0310 extra_render_attn_share=0.7046
[step 34900] real_p1_mirror_hole_cov=0.5070 real_p1_eps=0.0893 real_p1_hole_frac=0.6398 real_p2_eps=0.0586 real_p2_pixel_l1=0.0000 real_p2_pixel_pl=0.0000 real_p2_pixel_id=0.0000 real_p2_latent=0.0000 real_p2_low_t_hits=0.0000 real_total=0.1479 synth_eps=0.0456 synth_eps_raw=0.0456 synth_pixel_l1=0.0000 synth_pixel_pl=0.0000 synth_pixel_id=0.0000 synth_latent=0.0000 synth_low_t_hits=0.0000 synth_total=0.0456 extra_render_attn_share=0.7046
[step 34950] real_p1_mirror_hole_cov=0.0288 real_p1_eps=0.0032 real_p1_hole_frac=0.2338 real_p2_eps=0.0136 real_p2_pixel_l1=0.0000 real_p2_pixel_pl=0.0000 real_p2_pixel_id=0.0000 real_p2_latent=0.0000 real_p2_low_t_hits=0.0000 real_total=0.0168 synth_eps=0.0582 synth_eps_raw=0.0582 synth_pixel_l1=0.0000 synth_pixel_pl=0.0000 synth_pixel_id=0.0000 synth_latent=0.0000 synth_low_t_hits=0.0000 synth_total=0.0582 extra_render_attn_share=0.7046
[step 35000] real_p1_mirror_hole_cov=0.0535 real_p1_eps=0.0800 real_p1_hole_frac=0.5045 real_p2_eps=0.0833 real_p2_pixel_l1=0.0000 real_p2_pixel_pl=0.0000 real_p2_pixel_id=0.0000 real_p2_latent=0.0000 real_p2_low_t_hits=0.0000 real_total=0.1633 synth_eps=0.0881 synth_eps_raw=0.0881 synth_pixel_l1=0.0000 synth_pixel_pl=0.0000 synth_pixel_id=0.0000 synth_latent=0.0000 synth_low_t_hits=0.0000 synth_total=0.0881 extra_render_attn_share=0.7046
[images] real: anchor | cond1 | cond2 | inv_warp_mirror | mask | mask_inv | warp_img | warp_warp_img | x | y_hat | y_hat_novel -> /home/xzy/warpgan-diffusiong-inpainting/warpgan-diffusion-inpainting-main/experiments/train_inpainting_diffusion/[20260910-123409]_v18w1_ctrl_50k/logs/images/train/real_step0035000.png
[images] synth: cond | mask | target | warp_img | x | y_hat_novel -> /home/xzy/warpgan-diffusiong-inpainting/warpgan-diffusion-inpainting-main/experiments/train_inpainting_diffusion/[20260910-123409]_v18w1_ctrl_50k/logs/images/train/synth_step0035000.png
[step 35050] real_p1_mirror_hole_cov=0.0004 real_p1_eps=0.0012 real_p1_hole_frac=0.1314 real_p2_eps=0.0255 real_p2_pixel_l1=0.0000 real_p2_pixel_pl=0.0000 real_p2_pixel_id=0.0000 real_p2_latent=0.0000 real_p2_low_t_hits=0.0000 real_total=0.0268 synth_eps=0.3335 synth_eps_raw=0.3335 synth_pixel_l1=0.0000 synth_pixel_pl=0.0000 synth_pixel_id=0.0000 synth_latent=0.0000 synth_low_t_hits=1.0000 synth_total=0.3335 extra_render_attn_share=0.7046
[step 35100] real_p1_mirror_hole_cov=0.1540 real_p1_eps=0.2414 real_p1_hole_frac=0.5962 real_p2_eps=0.0023 real_p2_pixel_l1=0.0000 real_p2_pixel_pl=0.0000 real_p2_pixel_id=0.0000 real_p2_latent=0.0000 real_p2_low_t_hits=0.0000 real_total=0.2437 synth_eps=0.1025 synth_eps_raw=0.1025 synth_pixel_l1=0.0000 synth_pixel_pl=0.0000 synth_pixel_id=0.0000 synth_latent=0.0000 synth_low_t_hits=0.0000 synth_total=0.1025 extra_render_attn_share=0.7046
[step 35150] real_p1_mirror_hole_cov=0.1691 real_p1_eps=0.1131 real_p1_hole_frac=0.4651 real_p2_eps=0.0014 real_p2_pixel_l1=0.0000 real_p2_pixel_pl=0.0000 real_p2_pixel_id=0.0000 real_p2_latent=0.0000 real_p2_low_t_hits=0.0000 real_total=0.1145 synth_eps=0.0084 synth_eps_raw=0.0084 synth_pixel_l1=0.0000 synth_pixel_pl=0.0000 synth_pixel_id=0.0000 synth_latent=0.0000 synth_low_t_hits=0.0000 synth_total=0.0084 extra_render_attn_share=0.7046
[step 35200] real_p1_mirror_hole_cov=0.2557 real_p1_eps=0.0136 real_p1_hole_frac=0.3883 real_p2_eps=0.0754 real_p2_pixel_l1=0.0000 real_p2_pixel_pl=0.0000 real_p2_pixel_id=0.0000 real_p2_latent=0.0000 real_p2_low_t_hits=0.0000 real_total=0.0890 synth_eps=0.0081 synth_eps_raw=0.0081 synth_pixel_l1=0.0000 synth_pixel_pl=0.0000 synth_pixel_id=0.0000 synth_latent=0.0000 synth_low_t_hits=0.0000 synth_total=0.0081 extra_render_attn_share=0.7046
[step 35250] real_p1_mirror_hole_cov=0.0428 real_p1_eps=0.0039 real_p1_hole_frac=0.0919 real_p2_eps=0.0232 real_p2_pixel_l1=0.0000 real_p2_pixel_pl=0.0000 real_p2_pixel_id=0.0000 real_p2_latent=0.0000 real_p2_low_t_hits=0.0000 real_total=0.0271 synth_eps=0.0217 synth_eps_raw=0.0217 synth_pixel_l1=0.0000 synth_pixel_pl=0.0000 synth_pixel_id=0.0000 synth_latent=0.0000 synth_low_t_hits=0.0000 synth_total=0.0217 extra_render_attn_share=0.7046
[step 35300] real_p1_mirror_hole_cov=0.1017 real_p1_eps=0.0200 real_p1_hole_frac=0.5508 real_p2_eps=0.1781 real_p2_pixel_l1=0.0000 real_p2_pixel_pl=0.0000 real_p2_pixel_id=0.0000 real_p2_latent=0.0000 real_p2_low_t_hits=1.0000 real_total=0.1982 synth_eps=0.2892 synth_eps_raw=0.2892 synth_pixel_l1=0.0000 synth_pixel_pl=0.0000 synth_pixel_id=0.0000 synth_latent=0.0000 synth_low_t_hits=1.0000 synth_total=0.2892 extra_render_attn_share=0.7046
[step 35350] real_p1_mirror_hole_cov=0.2482 real_p1_eps=0.0159 real_p1_hole_frac=0.5695 real_p2_eps=0.1053 real_p2_pixel_l1=0.0000 real_p2_pixel_pl=0.0000 real_p2_pixel_id=0.0000 real_p2_latent=0.0000 real_p2_low_t_hits=0.0000 real_total=0.1212 synth_eps=0.0013 synth_eps_raw=0.0013 synth_pixel_l1=0.0000 synth_pixel_pl=0.0000 synth_pixel_id=0.0000 synth_latent=0.0000 synth_low_t_hits=0.0000 synth_total=0.0013 extra_render_attn_share=0.7046
[step 35400] real_p1_mirror_hole_cov=0.0533 real_p1_eps=0.0496 real_p1_hole_frac=0.3208 real_p2_eps=0.0298 real_p2_pixel_l1=0.0000 real_p2_pixel_pl=0.0000 real_p2_pixel_id=0.0000 real_p2_latent=0.0000 real_p2_low_t_hits=0.0000 real_total=0.0793 synth_eps=0.1178 synth_eps_raw=0.1178 synth_pixel_l1=0.0000 synth_pixel_pl=0.0000 synth_pixel_id=0.0000 synth_latent=0.0000 synth_low_t_hits=0.0000 synth_total=0.1178 extra_render_attn_share=0.7046
[step 35450] real_p1_mirror_hole_cov=0.0293 real_p1_eps=0.0280 real_p1_hole_frac=0.1004 real_p2_eps=0.0113 real_p2_pixel_l1=0.0000 real_p2_pixel_pl=0.0000 real_p2_pixel_id=0.0000 real_p2_latent=0.0000 real_p2_low_t_hits=0.0000 real_total=0.0394 synth_eps=0.0123 synth_eps_raw=0.0123 synth_pixel_l1=0.0000 synth_pixel_pl=0.0000 synth_pixel_id=0.0000 synth_latent=0.0000 synth_low_t_hits=0.0000 synth_total=0.0123 extra_render_attn_share=0.7046
[step 35500] real_p1_mirror_hole_cov=0.0633 real_p1_eps=0.0899 real_p1_hole_frac=0.3628 real_p2_eps=0.0277 real_p2_pixel_l1=0.0000 real_p2_pixel_pl=0.0000 real_p2_pixel_id=0.0000 real_p2_latent=0.0000 real_p2_low_t_hits=0.0000 real_total=0.1176 synth_eps=0.0943 synth_eps_raw=0.0943 synth_pixel_l1=0.0000 synth_pixel_pl=0.0000 synth_pixel_id=0.0000 synth_latent=0.0000 synth_low_t_hits=0.0000 synth_total=0.0943 extra_render_attn_share=0.7046
[images] real: anchor | cond1 | cond2 | inv_warp_mirror | mask | mask_inv | warp_img | warp_warp_img | x | y_hat | y_hat_novel -> /home/xzy/warpgan-diffusiong-inpainting/warpgan-diffusion-inpainting-main/experiments/train_inpainting_diffusion/[20260910-123409]_v18w1_ctrl_50k/logs/images/train/real_step0035500.png
[images] synth: cond | mask | target | warp_img | x | y_hat_novel -> /home/xzy/warpgan-diffusiong-inpainting/warpgan-diffusion-inpainting-main/experiments/train_inpainting_diffusion/[20260910-123409]_v18w1_ctrl_50k/logs/images/train/synth_step0035500.png
[step 35550] real_p1_mirror_hole_cov=0.1915 real_p1_eps=0.0684 real_p1_hole_frac=0.1913 real_p2_eps=0.0078 real_p2_pixel_l1=0.0000 real_p2_pixel_pl=0.0000 real_p2_pixel_id=0.0000 real_p2_latent=0.0000 real_p2_low_t_hits=0.0000 real_total=0.0762 synth_eps=0.0125 synth_eps_raw=0.0125 synth_pixel_l1=0.0000 synth_pixel_pl=0.0000 synth_pixel_id=0.0000 synth_latent=0.0000 synth_low_t_hits=0.0000 synth_total=0.0125 extra_render_attn_share=0.7046
[step 35600] real_p1_mirror_hole_cov=0.0815 real_p1_eps=0.0343 real_p1_hole_frac=0.5283 real_p2_eps=0.1438 real_p2_pixel_l1=0.0000 real_p2_pixel_pl=0.0000 real_p2_pixel_id=0.0000 real_p2_latent=0.0000 real_p2_low_t_hits=0.0000 real_total=0.1781 synth_eps=0.1733 synth_eps_raw=0.1733 synth_pixel_l1=0.0000 synth_pixel_pl=0.0000 synth_pixel_id=0.0000 synth_latent=0.0000 synth_low_t_hits=0.0000 synth_total=0.1733 extra_render_attn_share=0.7046
[step 35650] real_p1_mirror_hole_cov=0.1493 real_p1_eps=0.0010 real_p1_hole_frac=0.1227 real_p2_eps=0.0739 real_p2_pixel_l1=0.0000 real_p2_pixel_pl=0.0000 real_p2_pixel_id=0.0000 real_p2_latent=0.0000 real_p2_low_t_hits=0.0000 real_total=0.0750 synth_eps=0.0110 synth_eps_raw=0.0110 synth_pixel_l1=0.0000 synth_pixel_pl=0.0000 synth_pixel_id=0.0000 synth_latent=0.0000 synth_low_t_hits=0.0000 synth_total=0.0110 extra_render_attn_share=0.7046
[step 35700] real_p1_mirror_hole_cov=0.4109 real_p1_eps=0.0540 real_p1_hole_frac=0.6493 real_p2_eps=0.0055 real_p2_pixel_l1=0.0000 real_p2_pixel_pl=0.0000 real_p2_pixel_id=0.0000 real_p2_latent=0.0000 real_p2_low_t_hits=0.0000 real_total=0.0595 synth_eps=0.0275 synth_eps_raw=0.0275 synth_pixel_l1=0.0000 synth_pixel_pl=0.0000 synth_pixel_id=0.0000 synth_latent=0.0000 synth_low_t_hits=0.0000 synth_total=0.0275 extra_render_attn_share=0.7046
[step 35750] real_p1_mirror_hole_cov=0.0331 real_p1_eps=0.2323 real_p1_hole_frac=0.4096 real_p2_eps=0.3331 real_p2_pixel_l1=0.0000 real_p2_pixel_pl=0.0000 real_p2_pixel_id=0.0000 real_p2_latent=0.0000 real_p2_low_t_hits=1.0000 real_total=0.5654 synth_eps=0.0113 synth_eps_raw=0.0113 synth_pixel_l1=0.0000 synth_pixel_pl=0.0000 synth_pixel_id=0.0000 synth_latent=0.0000 synth_low_t_hits=0.0000 synth_total=0.0113 extra_render_attn_share=0.7046
[step 35800] real_p1_mirror_hole_cov=0.1130 real_p1_eps=0.0518 real_p1_hole_frac=0.4512 real_p2_eps=0.0166 real_p2_pixel_l1=0.0000 real_p2_pixel_pl=0.0000 real_p2_pixel_id=0.0000 real_p2_latent=0.0000 real_p2_low_t_hits=0.0000 real_total=0.0685 synth_eps=0.0281 synth_eps_raw=0.0281 synth_pixel_l1=0.0000 synth_pixel_pl=0.0000 synth_pixel_id=0.0000 synth_latent=0.0000 synth_low_t_hits=0.0000 synth_total=0.0281 extra_render_attn_share=0.7046
[step 35850] real_p1_mirror_hole_cov=0.3093 real_p1_eps=0.0047 real_p1_hole_frac=0.3113 real_p2_eps=0.0193 real_p2_pixel_l1=0.0000 real_p2_pixel_pl=0.0000 real_p2_pixel_id=0.0000 real_p2_latent=0.0000 real_p2_low_t_hits=0.0000 real_total=0.0240 synth_eps=0.0838 synth_eps_raw=0.0838 synth_pixel_l1=0.0000 synth_pixel_pl=0.0000 synth_pixel_id=0.0000 synth_latent=0.0000 synth_low_t_hits=0.0000 synth_total=0.0838 extra_render_attn_share=0.7046
[step 35900] real_p1_mirror_hole_cov=0.0540 real_p1_eps=0.1475 real_p1_hole_frac=0.3034 real_p2_eps=0.0014 real_p2_pixel_l1=0.0000 real_p2_pixel_pl=0.0000 real_p2_pixel_id=0.0000 real_p2_latent=0.0000 real_p2_low_t_hits=0.0000 real_total=0.1490 synth_eps=0.2530 synth_eps_raw=0.2530 synth_pixel_l1=0.0000 synth_pixel_pl=0.0000 synth_pixel_id=0.0000 synth_latent=0.0000 synth_low_t_hits=1.0000 synth_total=0.2530 extra_render_attn_share=0.7046
[step 35950] real_p1_mirror_hole_cov=0.0288 real_p1_eps=0.1386 real_p1_hole_frac=0.1233 real_p2_eps=0.0007 real_p2_pixel_l1=0.0000 real_p2_pixel_pl=0.0000 real_p2_pixel_id=0.0000 real_p2_latent=0.0000 real_p2_low_t_hits=0.0000 real_total=0.1392 synth_eps=0.2655 synth_eps_raw=0.2655 synth_pixel_l1=0.0000 synth_pixel_pl=0.0000 synth_pixel_id=0.0000 synth_latent=0.0000 synth_low_t_hits=1.0000 synth_total=0.2655 extra_render_attn_share=0.7046
[val step 35999] val_novel_full=0.0343 val_novel_hole=0.0612 val_novel_visible=0.0306
[step 36000] real_p1_mirror_hole_cov=0.1176 real_p1_eps=0.0074 real_p1_hole_frac=0.0597 real_p2_eps=0.0821 real_p2_pixel_l1=0.0000 real_p2_pixel_pl=0.0000 real_p2_pixel_id=0.0000 real_p2_latent=0.0000 real_p2_low_t_hits=0.0000 real_total=0.0895 synth_eps=0.0009 synth_eps_raw=0.0009 synth_pixel_l1=0.0000 synth_pixel_pl=0.0000 synth_pixel_id=0.0000 synth_latent=0.0000 synth_low_t_hits=0.0000 synth_total=0.0009 extra_render_attn_share=0.7207
[images] real: anchor | cond1 | cond2 | inv_warp_mirror | mask | mask_inv | warp_img | warp_warp_img | x | y_hat | y_hat_novel -> /home/xzy/warpgan-diffusiong-inpainting/warpgan-diffusion-inpainting-main/experiments/train_inpainting_diffusion/[20260910-123409]_v18w1_ctrl_50k/logs/images/train/real_step0036000.png
[images] synth: cond | mask | target | warp_img | x | y_hat_novel -> /home/xzy/warpgan-diffusiong-inpainting/warpgan-diffusion-inpainting-main/experiments/train_inpainting_diffusion/[20260910-123409]_v18w1_ctrl_50k/logs/images/train/synth_step0036000.png
[step 36050] real_p1_mirror_hole_cov=0.0134 real_p1_eps=0.1906 real_p1_hole_frac=0.1737 real_p2_eps=0.1217 real_p2_pixel_l1=0.0000 real_p2_pixel_pl=0.0000 real_p2_pixel_id=0.0000 real_p2_latent=0.0000 real_p2_low_t_hits=1.0000 real_total=0.3123 synth_eps=0.1157 synth_eps_raw=0.1157 synth_pixel_l1=0.0000 synth_pixel_pl=0.0000 synth_pixel_id=0.0000 synth_latent=0.0000 synth_low_t_hits=0.0000 synth_total=0.1157 extra_render_attn_share=0.7207
[step 36100] real_p1_mirror_hole_cov=0.3668 real_p1_eps=0.0034 real_p1_hole_frac=0.0772 real_p2_eps=0.0151 real_p2_pixel_l1=0.0000 real_p2_pixel_pl=0.0000 real_p2_pixel_id=0.0000 real_p2_latent=0.0000 real_p2_low_t_hits=0.0000 real_total=0.0185 synth_eps=0.0502 synth_eps_raw=0.0502 synth_pixel_l1=0.0000 synth_pixel_pl=0.0000 synth_pixel_id=0.0000 synth_latent=0.0000 synth_low_t_hits=0.0000 synth_total=0.0502 extra_render_attn_share=0.7207
[step 36150] real_p1_mirror_hole_cov=0.0921 real_p1_eps=0.0109 real_p1_hole_frac=0.4934 real_p2_eps=0.0092 real_p2_pixel_l1=0.0000 real_p2_pixel_pl=0.0000 real_p2_pixel_id=0.0000 real_p2_latent=0.0000 real_p2_low_t_hits=0.0000 real_total=0.0202 synth_eps=0.0014 synth_eps_raw=0.0014 synth_pixel_l1=0.0000 synth_pixel_pl=0.0000 synth_pixel_id=0.0000 synth_latent=0.0000 synth_low_t_hits=0.0000 synth_total=0.0014 extra_render_attn_share=0.7207
[step 36200] real_p1_mirror_hole_cov=0.1295 real_p1_eps=0.0331 real_p1_hole_frac=0.4026 real_p2_eps=0.0408 real_p2_pixel_l1=0.0000 real_p2_pixel_pl=0.0000 real_p2_pixel_id=0.0000 real_p2_latent=0.0000 real_p2_low_t_hits=0.0000 real_total=0.0739 synth_eps=0.1524 synth_eps_raw=0.1524 synth_pixel_l1=0.0000 synth_pixel_pl=0.0000 synth_pixel_id=0.0000 synth_latent=0.0000 synth_low_t_hits=0.0000 synth_total=0.1524 extra_render_attn_share=0.7207
[step 36250] real_p1_mirror_hole_cov=0.1529 real_p1_eps=0.0097 real_p1_hole_frac=0.4789 real_p2_eps=0.1016 real_p2_pixel_l1=0.0000 real_p2_pixel_pl=0.0000 real_p2_pixel_id=0.0000 real_p2_latent=0.0000 real_p2_low_t_hits=0.0000 real_total=0.1113 synth_eps=0.2037 synth_eps_raw=0.2037 synth_pixel_l1=0.0000 synth_pixel_pl=0.0000 synth_pixel_id=0.0000 synth_latent=0.0000 synth_low_t_hits=1.0000 synth_total=0.2037 extra_render_attn_share=0.7207
[step 36300] real_p1_mirror_hole_cov=0.0111 real_p1_eps=0.0064 real_p1_hole_frac=0.1409 real_p2_eps=0.2841 real_p2_pixel_l1=0.0000 real_p2_pixel_pl=0.0000 real_p2_pixel_id=0.0000 real_p2_latent=0.0000 real_p2_low_t_hits=1.0000 real_total=0.2905 synth_eps=0.0243 synth_eps_raw=0.0243 synth_pixel_l1=0.0000 synth_pixel_pl=0.0000 synth_pixel_id=0.0000 synth_latent=0.0000 synth_low_t_hits=0.0000 synth_total=0.0243 extra_render_attn_share=0.7207
[step 36350] real_p1_mirror_hole_cov=0.0312 real_p1_eps=0.0378 real_p1_hole_frac=0.0367 real_p2_eps=0.0400 real_p2_pixel_l1=0.0000 real_p2_pixel_pl=0.0000 real_p2_pixel_id=0.0000 real_p2_latent=0.0000 real_p2_low_t_hits=0.0000 real_total=0.0779 synth_eps=0.1929 synth_eps_raw=0.1929 synth_pixel_l1=0.0000 synth_pixel_pl=0.0000 synth_pixel_id=0.0000 synth_latent=0.0000 synth_low_t_hits=0.0000 synth_total=0.1929 extra_render_attn_share=0.7207
[step 36400] real_p1_mirror_hole_cov=0.0891 real_p1_eps=0.0028 real_p1_hole_frac=0.2626 real_p2_eps=0.0319 real_p2_pixel_l1=0.0000 real_p2_pixel_pl=0.0000 real_p2_pixel_id=0.0000 real_p2_latent=0.0000 real_p2_low_t_hits=0.0000 real_total=0.0346 synth_eps=0.4445 synth_eps_raw=0.4445 synth_pixel_l1=0.0000 synth_pixel_pl=0.0000 synth_pixel_id=0.0000 synth_latent=0.0000 synth_low_t_hits=1.0000 synth_total=0.4445 extra_render_attn_share=0.7207
[step 36450] real_p1_mirror_hole_cov=0.1028 real_p1_eps=0.1686 real_p1_hole_frac=0.3657 real_p2_eps=0.0586 real_p2_pixel_l1=0.0000 real_p2_pixel_pl=0.0000 real_p2_pixel_id=0.0000 real_p2_latent=0.0000 real_p2_low_t_hits=0.0000 real_total=0.2271 synth_eps=0.1176 synth_eps_raw=0.1176 synth_pixel_l1=0.0000 synth_pixel_pl=0.0000 synth_pixel_id=0.0000 synth_latent=0.0000 synth_low_t_hits=0.0000 synth_total=0.1176 extra_render_attn_share=0.7207
[step 36500] real_p1_mirror_hole_cov=0.1219 real_p1_eps=0.1911 real_p1_hole_frac=0.5494 real_p2_eps=0.0327 real_p2_pixel_l1=0.0000 real_p2_pixel_pl=0.0000 real_p2_pixel_id=0.0000 real_p2_latent=0.0000 real_p2_low_t_hits=0.0000 real_total=0.2238 synth_eps=0.3787 synth_eps_raw=0.3787 synth_pixel_l1=0.0000 synth_pixel_pl=0.0000 synth_pixel_id=0.0000 synth_latent=0.0000 synth_low_t_hits=1.0000 synth_total=0.3787 extra_render_attn_share=0.7207
[images] real: anchor | cond1 | cond2 | inv_warp_mirror | mask | mask_inv | warp_img | warp_warp_img | x | y_hat | y_hat_novel -> /home/xzy/warpgan-diffusiong-inpainting/warpgan-diffusion-inpainting-main/experiments/train_inpainting_diffusion/[20260910-123409]_v18w1_ctrl_50k/logs/images/train/real_step0036500.png
[images] synth: cond | mask | target | warp_img | x | y_hat_novel -> /home/xzy/warpgan-diffusiong-inpainting/warpgan-diffusion-inpainting-main/experiments/train_inpainting_diffusion/[20260910-123409]_v18w1_ctrl_50k/logs/images/train/synth_step0036500.png
[step 36550] real_p1_mirror_hole_cov=0.0484 real_p1_eps=0.0589 real_p1_hole_frac=0.2438 real_p2_eps=0.0123 real_p2_pixel_l1=0.0000 real_p2_pixel_pl=0.0000 real_p2_pixel_id=0.0000 real_p2_latent=0.0000 real_p2_low_t_hits=0.0000 real_total=0.0712 synth_eps=0.1955 synth_eps_raw=0.1955 synth_pixel_l1=0.0000 synth_pixel_pl=0.0000 synth_pixel_id=0.0000 synth_latent=0.0000 synth_low_t_hits=1.0000 synth_total=0.1955 extra_render_attn_share=0.7207
[step 36600] real_p1_mirror_hole_cov=0.0929 real_p1_eps=0.0048 real_p1_hole_frac=0.3893 real_p2_eps=0.0039 real_p2_pixel_l1=0.0000 real_p2_pixel_pl=0.0000 real_p2_pixel_id=0.0000 real_p2_latent=0.0000 real_p2_low_t_hits=0.0000 real_total=0.0087 synth_eps=0.3807 synth_eps_raw=0.3807 synth_pixel_l1=0.0000 synth_pixel_pl=0.0000 synth_pixel_id=0.0000 synth_latent=0.0000 synth_low_t_hits=1.0000 synth_total=0.3807 extra_render_attn_share=0.7207
[step 36650] real_p1_mirror_hole_cov=0.0826 real_p1_eps=0.0387 real_p1_hole_frac=0.5235 real_p2_eps=0.1435 real_p2_pixel_l1=0.0000 real_p2_pixel_pl=0.0000 real_p2_pixel_id=0.0000 real_p2_latent=0.0000 real_p2_low_t_hits=0.0000 real_total=0.1821 synth_eps=0.4359 synth_eps_raw=0.4359 synth_pixel_l1=0.0000 synth_pixel_pl=0.0000 synth_pixel_id=0.0000 synth_latent=0.0000 synth_low_t_hits=1.0000 synth_total=0.4359 extra_render_attn_share=0.7207
[step 36700] real_p1_mirror_hole_cov=0.0912 real_p1_eps=0.0028 real_p1_hole_frac=0.1159 real_p2_eps=0.0058 real_p2_pixel_l1=0.0000 real_p2_pixel_pl=0.0000 real_p2_pixel_id=0.0000 real_p2_latent=0.0000 real_p2_low_t_hits=0.0000 real_total=0.0086 synth_eps=0.0149 synth_eps_raw=0.0149 synth_pixel_l1=0.0000 synth_pixel_pl=0.0000 synth_pixel_id=0.0000 synth_latent=0.0000 synth_low_t_hits=0.0000 synth_total=0.0149 extra_render_attn_share=0.7207
[step 36750] real_p1_mirror_hole_cov=0.1691 real_p1_eps=0.0288 real_p1_hole_frac=0.5277 real_p2_eps=0.0044 real_p2_pixel_l1=0.0000 real_p2_pixel_pl=0.0000 real_p2_pixel_id=0.0000 real_p2_latent=0.0000 real_p2_low_t_hits=0.0000 real_total=0.0332 synth_eps=0.6934 synth_eps_raw=0.6934 synth_pixel_l1=0.0000 synth_pixel_pl=0.0000 synth_pixel_id=0.0000 synth_latent=0.0000 synth_low_t_hits=1.0000 synth_total=0.6934 extra_render_attn_share=0.7207
[step 36800] real_p1_mirror_hole_cov=0.0132 real_p1_eps=0.2044 real_p1_hole_frac=0.1342 real_p2_eps=0.0020 real_p2_pixel_l1=0.0000 real_p2_pixel_pl=0.0000 real_p2_pixel_id=0.0000 real_p2_latent=0.0000 real_p2_low_t_hits=0.0000 real_total=0.2064 synth_eps=0.0125 synth_eps_raw=0.0125 synth_pixel_l1=0.0000 synth_pixel_pl=0.0000 synth_pixel_id=0.0000 synth_latent=0.0000 synth_low_t_hits=0.0000 synth_total=0.0125 extra_render_attn_share=0.7207
[step 36850] real_p1_mirror_hole_cov=0.0726 real_p1_eps=0.0007 real_p1_hole_frac=0.1493 real_p2_eps=0.0010 real_p2_pixel_l1=0.0000 real_p2_pixel_pl=0.0000 real_p2_pixel_id=0.0000 real_p2_latent=0.0000 real_p2_low_t_hits=0.0000 real_total=0.0016 synth_eps=0.0654 synth_eps_raw=0.0654 synth_pixel_l1=0.0000 synth_pixel_pl=0.0000 synth_pixel_id=0.0000 synth_latent=0.0000 synth_low_t_hits=0.0000 synth_total=0.0654 extra_render_attn_share=0.7207
[step 36900] real_p1_mirror_hole_cov=0.1319 real_p1_eps=0.0010 real_p1_hole_frac=0.3909 real_p2_eps=0.1165 real_p2_pixel_l1=0.0000 real_p2_pixel_pl=0.0000 real_p2_pixel_id=0.0000 real_p2_latent=0.0000 real_p2_low_t_hits=0.0000 real_total=0.1175 synth_eps=0.0964 synth_eps_raw=0.0964 synth_pixel_l1=0.0000 synth_pixel_pl=0.0000 synth_pixel_id=0.0000 synth_latent=0.0000 synth_low_t_hits=0.0000 synth_total=0.0964 extra_render_attn_share=0.7207
[step 36950] real_p1_mirror_hole_cov=0.0926 real_p1_eps=0.0198 real_p1_hole_frac=0.1259 real_p2_eps=0.0237 real_p2_pixel_l1=0.0000 real_p2_pixel_pl=0.0000 real_p2_pixel_id=0.0000 real_p2_latent=0.0000 real_p2_low_t_hits=0.0000 real_total=0.0435 synth_eps=0.2099 synth_eps_raw=0.2099 synth_pixel_l1=0.0000 synth_pixel_pl=0.0000 synth_pixel_id=0.0000 synth_latent=0.0000 synth_low_t_hits=0.0000 synth_total=0.2099 extra_render_attn_share=0.7207
[step 37000] real_p1_mirror_hole_cov=0.1325 real_p1_eps=0.0483 real_p1_hole_frac=0.2073 real_p2_eps=0.1604 real_p2_pixel_l1=0.0000 real_p2_pixel_pl=0.0000 real_p2_pixel_id=0.0000 real_p2_latent=0.0000 real_p2_low_t_hits=1.0000 real_total=0.2087 synth_eps=0.3303 synth_eps_raw=0.3303 synth_pixel_l1=0.0000 synth_pixel_pl=0.0000 synth_pixel_id=0.0000 synth_latent=0.0000 synth_low_t_hits=1.0000 synth_total=0.3303 extra_render_attn_share=0.7207
[images] real: anchor | cond1 | cond2 | inv_warp_mirror | mask | mask_inv | warp_img | warp_warp_img | x | y_hat | y_hat_novel -> /home/xzy/warpgan-diffusiong-inpainting/warpgan-diffusion-inpainting-main/experiments/train_inpainting_diffusion/[20260910-123409]_v18w1_ctrl_50k/logs/images/train/real_step0037000.png
[images] synth: cond | mask | target | warp_img | x | y_hat_novel -> /home/xzy/warpgan-diffusiong-inpainting/warpgan-diffusion-inpainting-main/experiments/train_inpainting_diffusion/[20260910-123409]_v18w1_ctrl_50k/logs/images/train/synth_step0037000.png
[step 37050] real_p1_mirror_hole_cov=0.0225 real_p1_eps=0.2291 real_p1_hole_frac=0.2237 real_p2_eps=0.0546 real_p2_pixel_l1=0.0000 real_p2_pixel_pl=0.0000 real_p2_pixel_id=0.0000 real_p2_latent=0.0000 real_p2_low_t_hits=0.0000 real_total=0.2836 synth_eps=0.3098 synth_eps_raw=0.3098 synth_pixel_l1=0.0000 synth_pixel_pl=0.0000 synth_pixel_id=0.0000 synth_latent=0.0000 synth_low_t_hits=0.0000 synth_total=0.3098 extra_render_attn_share=0.7207
[step 37100] real_p1_mirror_hole_cov=0.2009 real_p1_eps=0.0975 real_p1_hole_frac=0.3804 real_p2_eps=0.0019 real_p2_pixel_l1=0.0000 real_p2_pixel_pl=0.0000 real_p2_pixel_id=0.0000 real_p2_latent=0.0000 real_p2_low_t_hits=0.0000 real_total=0.0993 synth_eps=0.0081 synth_eps_raw=0.0081 synth_pixel_l1=0.0000 synth_pixel_pl=0.0000 synth_pixel_id=0.0000 synth_latent=0.0000 synth_low_t_hits=0.0000 synth_total=0.0081 extra_render_attn_share=0.7207
[step 37150] real_p1_mirror_hole_cov=0.0267 real_p1_eps=0.0169 real_p1_hole_frac=0.2657 real_p2_eps=0.0253 real_p2_pixel_l1=0.0000 real_p2_pixel_pl=0.0000 real_p2_pixel_id=0.0000 real_p2_latent=0.0000 real_p2_low_t_hits=0.0000 real_total=0.0421 synth_eps=0.2102 synth_eps_raw=0.2102 synth_pixel_l1=0.0000 synth_pixel_pl=0.0000 synth_pixel_id=0.0000 synth_latent=0.0000 synth_low_t_hits=0.0000 synth_total=0.2102 extra_render_attn_share=0.7207
[step 37200] real_p1_mirror_hole_cov=0.1668 real_p1_eps=0.3661 real_p1_hole_frac=0.4774 real_p2_eps=0.0020 real_p2_pixel_l1=0.0000 real_p2_pixel_pl=0.0000 real_p2_pixel_id=0.0000 real_p2_latent=0.0000 real_p2_low_t_hits=0.0000 real_total=0.3681 synth_eps=0.0313 synth_eps_raw=0.0313 synth_pixel_l1=0.0000 synth_pixel_pl=0.0000 synth_pixel_id=0.0000 synth_latent=0.0000 synth_low_t_hits=0.0000 synth_total=0.0313 extra_render_attn_share=0.7207
[step 37250] real_p1_mirror_hole_cov=0.3783 real_p1_eps=0.1006 real_p1_hole_frac=0.5599 real_p2_eps=0.0053 real_p2_pixel_l1=0.0000 real_p2_pixel_pl=0.0000 real_p2_pixel_id=0.0000 real_p2_latent=0.0000 real_p2_low_t_hits=0.0000 real_total=0.1059 synth_eps=0.0170 synth_eps_raw=0.0170 synth_pixel_l1=0.0000 synth_pixel_pl=0.0000 synth_pixel_id=0.0000 synth_latent=0.0000 synth_low_t_hits=0.0000 synth_total=0.0170 extra_render_attn_share=0.7207
[step 37300] real_p1_mirror_hole_cov=0.0183 real_p1_eps=0.2713 real_p1_hole_frac=0.4831 real_p2_eps=0.1302 real_p2_pixel_l1=0.0000 real_p2_pixel_pl=0.0000 real_p2_pixel_id=0.0000 real_p2_latent=0.0000 real_p2_low_t_hits=0.0000 real_total=0.4015 synth_eps=0.0073 synth_eps_raw=0.0073 synth_pixel_l1=0.0000 synth_pixel_pl=0.0000 synth_pixel_id=0.0000 synth_latent=0.0000 synth_low_t_hits=0.0000 synth_total=0.0073 extra_render_attn_share=0.7207
[step 37350] real_p1_mirror_hole_cov=0.0109 real_p1_eps=0.0009 real_p1_hole_frac=0.0301 real_p2_eps=0.0064 real_p2_pixel_l1=0.0000 real_p2_pixel_pl=0.0000 real_p2_pixel_id=0.0000 real_p2_latent=0.0000 real_p2_low_t_hits=0.0000 real_total=0.0074 synth_eps=0.0244 synth_eps_raw=0.0244 synth_pixel_l1=0.0000 synth_pixel_pl=0.0000 synth_pixel_id=0.0000 synth_latent=0.0000 synth_low_t_hits=0.0000 synth_total=0.0244 extra_render_attn_share=0.7207
[step 37400] real_p1_mirror_hole_cov=0.1350 real_p1_eps=0.0202 real_p1_hole_frac=0.6367 real_p2_eps=0.4353 real_p2_pixel_l1=0.0000 real_p2_pixel_pl=0.0000 real_p2_pixel_id=0.0000 real_p2_latent=0.0000 real_p2_low_t_hits=1.0000 real_total=0.4554 synth_eps=0.0322 synth_eps_raw=0.0322 synth_pixel_l1=0.0000 synth_pixel_pl=0.0000 synth_pixel_id=0.0000 synth_latent=0.0000 synth_low_t_hits=0.0000 synth_total=0.0322 extra_render_attn_share=0.7207
[step 37450] real_p1_mirror_hole_cov=0.0485 real_p1_eps=0.0117 real_p1_hole_frac=0.5614 real_p2_eps=0.1313 real_p2_pixel_l1=0.0000 real_p2_pixel_pl=0.0000 real_p2_pixel_id=0.0000 real_p2_latent=0.0000 real_p2_low_t_hits=0.0000 real_total=0.1430 synth_eps=0.0032 synth_eps_raw=0.0032 synth_pixel_l1=0.0000 synth_pixel_pl=0.0000 synth_pixel_id=0.0000 synth_latent=0.0000 synth_low_t_hits=0.0000 synth_total=0.0032 extra_render_attn_share=0.7207
[step 37500] real_p1_mirror_hole_cov=0.0900 real_p1_eps=0.0013 real_p1_hole_frac=0.3755 real_p2_eps=0.1294 real_p2_pixel_l1=0.0000 real_p2_pixel_pl=0.0000 real_p2_pixel_id=0.0000 real_p2_latent=0.0000 real_p2_low_t_hits=0.0000 real_total=0.1307 synth_eps=0.0226 synth_eps_raw=0.0226 synth_pixel_l1=0.0000 synth_pixel_pl=0.0000 synth_pixel_id=0.0000 synth_latent=0.0000 synth_low_t_hits=0.0000 synth_total=0.0226 extra_render_attn_share=0.7207
[images] real: anchor | cond1 | cond2 | inv_warp_mirror | mask | mask_inv | warp_img | warp_warp_img | x | y_hat | y_hat_novel -> /home/xzy/warpgan-diffusiong-inpainting/warpgan-diffusion-inpainting-main/experiments/train_inpainting_diffusion/[20260910-123409]_v18w1_ctrl_50k/logs/images/train/real_step0037500.png
[images] synth: cond | mask | target | warp_img | x | y_hat_novel -> /home/xzy/warpgan-diffusiong-inpainting/warpgan-diffusion-inpainting-main/experiments/train_inpainting_diffusion/[20260910-123409]_v18w1_ctrl_50k/logs/images/train/synth_step0037500.png
[step 37550] real_p1_mirror_hole_cov=0.0738 real_p1_eps=0.0072 real_p1_hole_frac=0.1297 real_p2_eps=0.0030 real_p2_pixel_l1=0.0000 real_p2_pixel_pl=0.0000 real_p2_pixel_id=0.0000 real_p2_latent=0.0000 real_p2_low_t_hits=0.0000 real_total=0.0102 synth_eps=0.2290 synth_eps_raw=0.2290 synth_pixel_l1=0.0000 synth_pixel_pl=0.0000 synth_pixel_id=0.0000 synth_latent=0.0000 synth_low_t_hits=1.0000 synth_total=0.2290 extra_render_attn_share=0.7207
[step 37600] real_p1_mirror_hole_cov=0.0025 real_p1_eps=0.0015 real_p1_hole_frac=0.1331 real_p2_eps=0.0405 real_p2_pixel_l1=0.0000 real_p2_pixel_pl=0.0000 real_p2_pixel_id=0.0000 real_p2_latent=0.0000 real_p2_low_t_hits=0.0000 real_total=0.0421 synth_eps=0.0029 synth_eps_raw=0.0029 synth_pixel_l1=0.0000 synth_pixel_pl=0.0000 synth_pixel_id=0.0000 synth_latent=0.0000 synth_low_t_hits=0.0000 synth_total=0.0029 extra_render_attn_share=0.7207
[step 37650] real_p1_mirror_hole_cov=0.0601 real_p1_eps=0.1743 real_p1_hole_frac=0.1991 real_p2_eps=0.0012 real_p2_pixel_l1=0.0000 real_p2_pixel_pl=0.0000 real_p2_pixel_id=0.0000 real_p2_latent=0.0000 real_p2_low_t_hits=0.0000 real_total=0.1755 synth_eps=0.1503 synth_eps_raw=0.1503 synth_pixel_l1=0.0000 synth_pixel_pl=0.0000 synth_pixel_id=0.0000 synth_latent=0.0000 synth_low_t_hits=0.0000 synth_total=0.1503 extra_render_attn_share=0.7207
[step 37700] real_p1_mirror_hole_cov=0.1432 real_p1_eps=0.0547 real_p1_hole_frac=0.5093 real_p2_eps=0.0778 real_p2_pixel_l1=0.0000 real_p2_pixel_pl=0.0000 real_p2_pixel_id=0.0000 real_p2_latent=0.0000 real_p2_low_t_hits=0.0000 real_total=0.1325 synth_eps=0.0051 synth_eps_raw=0.0051 synth_pixel_l1=0.0000 synth_pixel_pl=0.0000 synth_pixel_id=0.0000 synth_latent=0.0000 synth_low_t_hits=0.0000 synth_total=0.0051 extra_render_attn_share=0.7207
[step 37750] real_p1_mirror_hole_cov=0.0904 real_p1_eps=0.0155 real_p1_hole_frac=0.2332 real_p2_eps=0.0919 real_p2_pixel_l1=0.0000 real_p2_pixel_pl=0.0000 real_p2_pixel_id=0.0000 real_p2_latent=0.0000 real_p2_low_t_hits=0.0000 real_total=0.1074 synth_eps=0.9200 synth_eps_raw=0.9200 synth_pixel_l1=0.0000 synth_pixel_pl=0.0000 synth_pixel_id=0.0000 synth_latent=0.0000 synth_low_t_hits=1.0000 synth_total=0.9200 extra_render_attn_share=0.7207
[step 37800] real_p1_mirror_hole_cov=0.2051 real_p1_eps=0.0160 real_p1_hole_frac=0.5295 real_p2_eps=0.0045 real_p2_pixel_l1=0.0000 real_p2_pixel_pl=0.0000 real_p2_pixel_id=0.0000 real_p2_latent=0.0000 real_p2_low_t_hits=0.0000 real_total=0.0205 synth_eps=0.0114 synth_eps_raw=0.0114 synth_pixel_l1=0.0000 synth_pixel_pl=0.0000 synth_pixel_id=0.0000 synth_latent=0.0000 synth_low_t_hits=0.0000 synth_total=0.0114 extra_render_attn_share=0.7207
[step 37850] real_p1_mirror_hole_cov=0.0351 real_p1_eps=0.2162 real_p1_hole_frac=0.0387 real_p2_eps=0.0331 real_p2_pixel_l1=0.0000 real_p2_pixel_pl=0.0000 real_p2_pixel_id=0.0000 real_p2_latent=0.0000 real_p2_low_t_hits=0.0000 real_total=0.2494 synth_eps=0.1619 synth_eps_raw=0.1619 synth_pixel_l1=0.0000 synth_pixel_pl=0.0000 synth_pixel_id=0.0000 synth_latent=0.0000 synth_low_t_hits=0.0000 synth_total=0.1619 extra_render_attn_share=0.7207
[step 37900] real_p1_mirror_hole_cov=0.2089 real_p1_eps=0.0531 real_p1_hole_frac=0.2870 real_p2_eps=0.2381 real_p2_pixel_l1=0.0000 real_p2_pixel_pl=0.0000 real_p2_pixel_id=0.0000 real_p2_latent=0.0000 real_p2_low_t_hits=1.0000 real_total=0.2912 synth_eps=0.0348 synth_eps_raw=0.0348 synth_pixel_l1=0.0000 synth_pixel_pl=0.0000 synth_pixel_id=0.0000 synth_latent=0.0000 synth_low_t_hits=0.0000 synth_total=0.0348 extra_render_attn_share=0.7207
[step 37950] real_p1_mirror_hole_cov=0.1505 real_p1_eps=0.0297 real_p1_hole_frac=0.0198 real_p2_eps=0.0019 real_p2_pixel_l1=0.0000 real_p2_pixel_pl=0.0000 real_p2_pixel_id=0.0000 real_p2_latent=0.0000 real_p2_low_t_hits=0.0000 real_total=0.0316 synth_eps=0.1147 synth_eps_raw=0.1147 synth_pixel_l1=0.0000 synth_pixel_pl=0.0000 synth_pixel_id=0.0000 synth_latent=0.0000 synth_low_t_hits=0.0000 synth_total=0.1147 extra_render_attn_share=0.7207
[val step 37999] val_novel_full=0.0607 val_novel_hole=0.0928 val_novel_visible=0.0449
[step 38000] real_p1_mirror_hole_cov=0.0776 real_p1_eps=0.0222 real_p1_hole_frac=0.3165 real_p2_eps=0.0018 real_p2_pixel_l1=0.0000 real_p2_pixel_pl=0.0000 real_p2_pixel_id=0.0000 real_p2_latent=0.0000 real_p2_low_t_hits=0.0000 real_total=0.0240 synth_eps=0.8097 synth_eps_raw=0.8097 synth_pixel_l1=0.0000 synth_pixel_pl=0.0000 synth_pixel_id=0.0000 synth_latent=0.0000 synth_low_t_hits=1.0000 synth_total=0.8097 extra_render_attn_share=0.7084
[images] real: anchor | cond1 | cond2 | inv_warp_mirror | mask | mask_inv | warp_img | warp_warp_img | x | y_hat | y_hat_novel -> /home/xzy/warpgan-diffusiong-inpainting/warpgan-diffusion-inpainting-main/experiments/train_inpainting_diffusion/[20260910-123409]_v18w1_ctrl_50k/logs/images/train/real_step0038000.png
[images] synth: cond | mask | target | warp_img | x | y_hat_novel -> /home/xzy/warpgan-diffusiong-inpainting/warpgan-diffusion-inpainting-main/experiments/train_inpainting_diffusion/[20260910-123409]_v18w1_ctrl_50k/logs/images/train/synth_step0038000.png
[step 38050] real_p1_mirror_hole_cov=0.0262 real_p1_eps=0.0053 real_p1_hole_frac=0.1184 real_p2_eps=0.0180 real_p2_pixel_l1=0.0000 real_p2_pixel_pl=0.0000 real_p2_pixel_id=0.0000 real_p2_latent=0.0000 real_p2_low_t_hits=0.0000 real_total=0.0233 synth_eps=0.0232 synth_eps_raw=0.0232 synth_pixel_l1=0.0000 synth_pixel_pl=0.0000 synth_pixel_id=0.0000 synth_latent=0.0000 synth_low_t_hits=0.0000 synth_total=0.0232 extra_render_attn_share=0.7084
[step 38100] real_p1_mirror_hole_cov=0.2513 real_p1_eps=0.0642 real_p1_hole_frac=0.2064 real_p2_eps=0.1055 real_p2_pixel_l1=0.0000 real_p2_pixel_pl=0.0000 real_p2_pixel_id=0.0000 real_p2_latent=0.0000 real_p2_low_t_hits=0.0000 real_total=0.1697 synth_eps=0.1768 synth_eps_raw=0.1768 synth_pixel_l1=0.0000 synth_pixel_pl=0.0000 synth_pixel_id=0.0000 synth_latent=0.0000 synth_low_t_hits=0.0000 synth_total=0.1768 extra_render_attn_share=0.7084
[step 38150] real_p1_mirror_hole_cov=0.0175 real_p1_eps=0.0183 real_p1_hole_frac=0.2175 real_p2_eps=0.1079 real_p2_pixel_l1=0.0000 real_p2_pixel_pl=0.0000 real_p2_pixel_id=0.0000 real_p2_latent=0.0000 real_p2_low_t_hits=1.0000 real_total=0.1262 synth_eps=0.1219 synth_eps_raw=0.1219 synth_pixel_l1=0.0000 synth_pixel_pl=0.0000 synth_pixel_id=0.0000 synth_latent=0.0000 synth_low_t_hits=0.0000 synth_total=0.1219 extra_render_attn_share=0.7084
[step 38200] real_p1_mirror_hole_cov=0.2437 real_p1_eps=0.0265 real_p1_hole_frac=0.0342 real_p2_eps=0.0576 real_p2_pixel_l1=0.0000 real_p2_pixel_pl=0.0000 real_p2_pixel_id=0.0000 real_p2_latent=0.0000 real_p2_low_t_hits=0.0000 real_total=0.0841 synth_eps=0.5386 synth_eps_raw=0.5386 synth_pixel_l1=0.0000 synth_pixel_pl=0.0000 synth_pixel_id=0.0000 synth_latent=0.0000 synth_low_t_hits=1.0000 synth_total=0.5386 extra_render_attn_share=0.7084
[step 38250] real_p1_mirror_hole_cov=0.0422 real_p1_eps=0.0473 real_p1_hole_frac=0.5291 real_p2_eps=0.0878 real_p2_pixel_l1=0.0000 real_p2_pixel_pl=0.0000 real_p2_pixel_id=0.0000 real_p2_latent=0.0000 real_p2_low_t_hits=0.0000 real_total=0.1351 synth_eps=0.0452 synth_eps_raw=0.0452 synth_pixel_l1=0.0000 synth_pixel_pl=0.0000 synth_pixel_id=0.0000 synth_latent=0.0000 synth_low_t_hits=0.0000 synth_total=0.0452 extra_render_attn_share=0.7084
[step 38300] real_p1_mirror_hole_cov=0.0943 real_p1_eps=0.0483 real_p1_hole_frac=0.2913 real_p2_eps=0.0015 real_p2_pixel_l1=0.0000 real_p2_pixel_pl=0.0000 real_p2_pixel_id=0.0000 real_p2_latent=0.0000 real_p2_low_t_hits=0.0000 real_total=0.0498 synth_eps=0.0036 synth_eps_raw=0.0036 synth_pixel_l1=0.0000 synth_pixel_pl=0.0000 synth_pixel_id=0.0000 synth_latent=0.0000 synth_low_t_hits=0.0000 synth_total=0.0036 extra_render_attn_share=0.7084
[step 38350] real_p1_mirror_hole_cov=0.2613 real_p1_eps=0.2401 real_p1_hole_frac=0.2128 real_p2_eps=0.0105 real_p2_pixel_l1=0.0000 real_p2_pixel_pl=0.0000 real_p2_pixel_id=0.0000 real_p2_latent=0.0000 real_p2_low_t_hits=0.0000 real_total=0.2505 synth_eps=0.0159 synth_eps_raw=0.0159 synth_pixel_l1=0.0000 synth_pixel_pl=0.0000 synth_pixel_id=0.0000 synth_latent=0.0000 synth_low_t_hits=0.0000 synth_total=0.0159 extra_render_attn_share=0.7084
[step 38400] real_p1_mirror_hole_cov=0.0012 real_p1_eps=0.0280 real_p1_hole_frac=0.0488 real_p2_eps=0.0759 real_p2_pixel_l1=0.0000 real_p2_pixel_pl=0.0000 real_p2_pixel_id=0.0000 real_p2_latent=0.0000 real_p2_low_t_hits=1.0000 real_total=0.1040 synth_eps=0.0121 synth_eps_raw=0.0121 synth_pixel_l1=0.0000 synth_pixel_pl=0.0000 synth_pixel_id=0.0000 synth_latent=0.0000 synth_low_t_hits=0.0000 synth_total=0.0121 extra_render_attn_share=0.7084
[step 38450] real_p1_mirror_hole_cov=0.1698 real_p1_eps=0.0905 real_p1_hole_frac=0.4049 real_p2_eps=0.3989 real_p2_pixel_l1=0.0000 real_p2_pixel_pl=0.0000 real_p2_pixel_id=0.0000 real_p2_latent=0.0000 real_p2_low_t_hits=1.0000 real_total=0.4895 synth_eps=0.1816 synth_eps_raw=0.1816 synth_pixel_l1=0.0000 synth_pixel_pl=0.0000 synth_pixel_id=0.0000 synth_latent=0.0000 synth_low_t_hits=0.0000 synth_total=0.1816 extra_render_attn_share=0.7084
[step 38500] real_p1_mirror_hole_cov=0.0203 real_p1_eps=0.0159 real_p1_hole_frac=0.4965 real_p2_eps=0.4457 real_p2_pixel_l1=0.0000 real_p2_pixel_pl=0.0000 real_p2_pixel_id=0.0000 real_p2_latent=0.0000 real_p2_low_t_hits=1.0000 real_total=0.4616 synth_eps=0.0842 synth_eps_raw=0.0842 synth_pixel_l1=0.0000 synth_pixel_pl=0.0000 synth_pixel_id=0.0000 synth_latent=0.0000 synth_low_t_hits=0.0000 synth_total=0.0842 extra_render_attn_share=0.7084
[images] real: anchor | cond1 | cond2 | inv_warp_mirror | mask | mask_inv | warp_img | warp_warp_img | x | y_hat | y_hat_novel -> /home/xzy/warpgan-diffusiong-inpainting/warpgan-diffusion-inpainting-main/experiments/train_inpainting_diffusion/[20260910-123409]_v18w1_ctrl_50k/logs/images/train/real_step0038500.png
[images] synth: cond | mask | target | warp_img | x | y_hat_novel -> /home/xzy/warpgan-diffusiong-inpainting/warpgan-diffusion-inpainting-main/experiments/train_inpainting_diffusion/[20260910-123409]_v18w1_ctrl_50k/logs/images/train/synth_step0038500.png
[step 38550] real_p1_mirror_hole_cov=0.1817 real_p1_eps=0.1069 real_p1_hole_frac=0.4826 real_p2_eps=0.0425 real_p2_pixel_l1=0.0000 real_p2_pixel_pl=0.0000 real_p2_pixel_id=0.0000 real_p2_latent=0.0000 real_p2_low_t_hits=0.0000 real_total=0.1495 synth_eps=0.0309 synth_eps_raw=0.0309 synth_pixel_l1=0.0000 synth_pixel_pl=0.0000 synth_pixel_id=0.0000 synth_latent=0.0000 synth_low_t_hits=0.0000 synth_total=0.0309 extra_render_attn_share=0.7084
[step 38600] real_p1_mirror_hole_cov=0.1888 real_p1_eps=0.1549 real_p1_hole_frac=0.3445 real_p2_eps=0.0031 real_p2_pixel_l1=0.0000 real_p2_pixel_pl=0.0000 real_p2_pixel_id=0.0000 real_p2_latent=0.0000 real_p2_low_t_hits=0.0000 real_total=0.1580 synth_eps=0.0407 synth_eps_raw=0.0407 synth_pixel_l1=0.0000 synth_pixel_pl=0.0000 synth_pixel_id=0.0000 synth_latent=0.0000 synth_low_t_hits=0.0000 synth_total=0.0407 extra_render_attn_share=0.7084
[step 38650] real_p1_mirror_hole_cov=0.0726 real_p1_eps=0.0122 real_p1_hole_frac=0.1760 real_p2_eps=0.0090 real_p2_pixel_l1=0.0000 real_p2_pixel_pl=0.0000 real_p2_pixel_id=0.0000 real_p2_latent=0.0000 real_p2_low_t_hits=0.0000 real_total=0.0212 synth_eps=0.0234 synth_eps_raw=0.0234 synth_pixel_l1=0.0000 synth_pixel_pl=0.0000 synth_pixel_id=0.0000 synth_latent=0.0000 synth_low_t_hits=0.0000 synth_total=0.0234 extra_render_attn_share=0.7084
[step 38700] real_p1_mirror_hole_cov=0.0006 real_p1_eps=0.4066 real_p1_hole_frac=0.1692 real_p2_eps=0.0877 real_p2_pixel_l1=0.0000 real_p2_pixel_pl=0.0000 real_p2_pixel_id=0.0000 real_p2_latent=0.0000 real_p2_low_t_hits=0.0000 real_total=0.4943 synth_eps=0.1461 synth_eps_raw=0.1461 synth_pixel_l1=0.0000 synth_pixel_pl=0.0000 synth_pixel_id=0.0000 synth_latent=0.0000 synth_low_t_hits=0.0000 synth_total=0.1461 extra_render_attn_share=0.7084
[step 38750] real_p1_mirror_hole_cov=0.0674 real_p1_eps=0.0129 real_p1_hole_frac=0.4247 real_p2_eps=0.0071 real_p2_pixel_l1=0.0000 real_p2_pixel_pl=0.0000 real_p2_pixel_id=0.0000 real_p2_latent=0.0000 real_p2_low_t_hits=0.0000 real_total=0.0200 synth_eps=0.0389 synth_eps_raw=0.0389 synth_pixel_l1=0.0000 synth_pixel_pl=0.0000 synth_pixel_id=0.0000 synth_latent=0.0000 synth_low_t_hits=0.0000 synth_total=0.0389 extra_render_attn_share=0.7084
[step 38800] real_p1_mirror_hole_cov=0.2963 real_p1_eps=0.2168 real_p1_hole_frac=0.5332 real_p2_eps=0.0499 real_p2_pixel_l1=0.0000 real_p2_pixel_pl=0.0000 real_p2_pixel_id=0.0000 real_p2_latent=0.0000 real_p2_low_t_hits=0.0000 real_total=0.2668 synth_eps=0.1456 synth_eps_raw=0.1456 synth_pixel_l1=0.0000 synth_pixel_pl=0.0000 synth_pixel_id=0.0000 synth_latent=0.0000 synth_low_t_hits=0.0000 synth_total=0.1456 extra_render_attn_share=0.7084
[step 38850] real_p1_mirror_hole_cov=0.0236 real_p1_eps=0.0039 real_p1_hole_frac=0.4859 real_p2_eps=0.1901 real_p2_pixel_l1=0.0000 real_p2_pixel_pl=0.0000 real_p2_pixel_id=0.0000 real_p2_latent=0.0000 real_p2_low_t_hits=1.0000 real_total=0.1939 synth_eps=0.4424 synth_eps_raw=0.4424 synth_pixel_l1=0.0000 synth_pixel_pl=0.0000 synth_pixel_id=0.0000 synth_latent=0.0000 synth_low_t_hits=1.0000 synth_total=0.4424 extra_render_attn_share=0.7084
[step 38900] real_p1_mirror_hole_cov=0.0126 real_p1_eps=0.1161 real_p1_hole_frac=0.2515 real_p2_eps=0.0612 real_p2_pixel_l1=0.0000 real_p2_pixel_pl=0.0000 real_p2_pixel_id=0.0000 real_p2_latent=0.0000 real_p2_low_t_hits=0.0000 real_total=0.1773 synth_eps=0.0015 synth_eps_raw=0.0015 synth_pixel_l1=0.0000 synth_pixel_pl=0.0000 synth_pixel_id=0.0000 synth_latent=0.0000 synth_low_t_hits=0.0000 synth_total=0.0015 extra_render_attn_share=0.7084
[step 38950] real_p1_mirror_hole_cov=0.0369 real_p1_eps=0.0204 real_p1_hole_frac=0.3028 real_p2_eps=0.0044 real_p2_pixel_l1=0.0000 real_p2_pixel_pl=0.0000 real_p2_pixel_id=0.0000 real_p2_latent=0.0000 real_p2_low_t_hits=0.0000 real_total=0.0247 synth_eps=0.0110 synth_eps_raw=0.0110 synth_pixel_l1=0.0000 synth_pixel_pl=0.0000 synth_pixel_id=0.0000 synth_latent=0.0000 synth_low_t_hits=0.0000 synth_total=0.0110 extra_render_attn_share=0.7084
[step 39000] real_p1_mirror_hole_cov=0.0219 real_p1_eps=0.0004 real_p1_hole_frac=0.0809 real_p2_eps=0.1844 real_p2_pixel_l1=0.0000 real_p2_pixel_pl=0.0000 real_p2_pixel_id=0.0000 real_p2_latent=0.0000 real_p2_low_t_hits=1.0000 real_total=0.1848 synth_eps=0.1643 synth_eps_raw=0.1643 synth_pixel_l1=0.0000 synth_pixel_pl=0.0000 synth_pixel_id=0.0000 synth_latent=0.0000 synth_low_t_hits=0.0000 synth_total=0.1643 extra_render_attn_share=0.7084
[images] real: anchor | cond1 | cond2 | inv_warp_mirror | mask | mask_inv | warp_img | warp_warp_img | x | y_hat | y_hat_novel -> /home/xzy/warpgan-diffusiong-inpainting/warpgan-diffusion-inpainting-main/experiments/train_inpainting_diffusion/[20260910-123409]_v18w1_ctrl_50k/logs/images/train/real_step0039000.png
[images] synth: cond | mask | target | warp_img | x | y_hat_novel -> /home/xzy/warpgan-diffusiong-inpainting/warpgan-diffusion-inpainting-main/experiments/train_inpainting_diffusion/[20260910-123409]_v18w1_ctrl_50k/logs/images/train/synth_step0039000.png
[step 39050] real_p1_mirror_hole_cov=0.5130 real_p1_eps=0.0203 real_p1_hole_frac=0.0258 real_p2_eps=0.0190 real_p2_pixel_l1=0.0000 real_p2_pixel_pl=0.0000 real_p2_pixel_id=0.0000 real_p2_latent=0.0000 real_p2_low_t_hits=0.0000 real_total=0.0393 synth_eps=0.2277 synth_eps_raw=0.2277 synth_pixel_l1=0.0000 synth_pixel_pl=0.0000 synth_pixel_id=0.0000 synth_latent=0.0000 synth_low_t_hits=1.0000 synth_total=0.2277 extra_render_attn_share=0.7084
[step 39100] real_p1_mirror_hole_cov=0.0290 real_p1_eps=0.0218 real_p1_hole_frac=0.3017 real_p2_eps=0.0084 real_p2_pixel_l1=0.0000 real_p2_pixel_pl=0.0000 real_p2_pixel_id=0.0000 real_p2_latent=0.0000 real_p2_low_t_hits=0.0000 real_total=0.0302 synth_eps=0.0083 synth_eps_raw=0.0083 synth_pixel_l1=0.0000 synth_pixel_pl=0.0000 synth_pixel_id=0.0000 synth_latent=0.0000 synth_low_t_hits=0.0000 synth_total=0.0083 extra_render_attn_share=0.7084
[step 39150] real_p1_mirror_hole_cov=0.1892 real_p1_eps=0.0057 real_p1_hole_frac=0.5166 real_p2_eps=0.1182 real_p2_pixel_l1=0.0000 real_p2_pixel_pl=0.0000 real_p2_pixel_id=0.0000 real_p2_latent=0.0000 real_p2_low_t_hits=0.0000 real_total=0.1239 synth_eps=0.4368 synth_eps_raw=0.4368 synth_pixel_l1=0.0000 synth_pixel_pl=0.0000 synth_pixel_id=0.0000 synth_latent=0.0000 synth_low_t_hits=1.0000 synth_total=0.4368 extra_render_attn_share=0.7084
[step 39200] real_p1_mirror_hole_cov=0.0204 real_p1_eps=0.0022 real_p1_hole_frac=0.0688 real_p2_eps=0.2113 real_p2_pixel_l1=0.0000 real_p2_pixel_pl=0.0000 real_p2_pixel_id=0.0000 real_p2_latent=0.0000 real_p2_low_t_hits=1.0000 real_total=0.2135 synth_eps=0.0343 synth_eps_raw=0.0343 synth_pixel_l1=0.0000 synth_pixel_pl=0.0000 synth_pixel_id=0.0000 synth_latent=0.0000 synth_low_t_hits=0.0000 synth_total=0.0343 extra_render_attn_share=0.7084
[step 39250] real_p1_mirror_hole_cov=0.0266 real_p1_eps=0.0233 real_p1_hole_frac=0.0529 real_p2_eps=0.0144 real_p2_pixel_l1=0.0000 real_p2_pixel_pl=0.0000 real_p2_pixel_id=0.0000 real_p2_latent=0.0000 real_p2_low_t_hits=0.0000 real_total=0.0377 synth_eps=0.0189 synth_eps_raw=0.0189 synth_pixel_l1=0.0000 synth_pixel_pl=0.0000 synth_pixel_id=0.0000 synth_latent=0.0000 synth_low_t_hits=0.0000 synth_total=0.0189 extra_render_attn_share=0.7084
[step 39300] real_p1_mirror_hole_cov=0.0857 real_p1_eps=0.1026 real_p1_hole_frac=0.1925 real_p2_eps=0.0133 real_p2_pixel_l1=0.0000 real_p2_pixel_pl=0.0000 real_p2_pixel_id=0.0000 real_p2_latent=0.0000 real_p2_low_t_hits=0.0000 real_total=0.1160 synth_eps=0.2882 synth_eps_raw=0.2882 synth_pixel_l1=0.0000 synth_pixel_pl=0.0000 synth_pixel_id=0.0000 synth_latent=0.0000 synth_low_t_hits=1.0000 synth_total=0.2882 extra_render_attn_share=0.7084
[step 39350] real_p1_mirror_hole_cov=0.2901 real_p1_eps=0.0648 real_p1_hole_frac=0.2560 real_p2_eps=0.0109 real_p2_pixel_l1=0.0000 real_p2_pixel_pl=0.0000 real_p2_pixel_id=0.0000 real_p2_latent=0.0000 real_p2_low_t_hits=0.0000 real_total=0.0757 synth_eps=0.2639 synth_eps_raw=0.2639 synth_pixel_l1=0.0000 synth_pixel_pl=0.0000 synth_pixel_id=0.0000 synth_latent=0.0000 synth_low_t_hits=1.0000 synth_total=0.2639 extra_render_attn_share=0.7084
[step 39400] real_p1_mirror_hole_cov=0.0013 real_p1_eps=0.0386 real_p1_hole_frac=0.2348 real_p2_eps=0.0526 real_p2_pixel_l1=0.0000 real_p2_pixel_pl=0.0000 real_p2_pixel_id=0.0000 real_p2_latent=0.0000 real_p2_low_t_hits=0.0000 real_total=0.0912 synth_eps=0.0273 synth_eps_raw=0.0273 synth_pixel_l1=0.0000 synth_pixel_pl=0.0000 synth_pixel_id=0.0000 synth_latent=0.0000 synth_low_t_hits=0.0000 synth_total=0.0273 extra_render_attn_share=0.7084
[step 39450] real_p1_mirror_hole_cov=0.0471 real_p1_eps=0.0183 real_p1_hole_frac=0.0807 real_p2_eps=0.0037 real_p2_pixel_l1=0.0000 real_p2_pixel_pl=0.0000 real_p2_pixel_id=0.0000 real_p2_latent=0.0000 real_p2_low_t_hits=0.0000 real_total=0.0220 synth_eps=0.0868 synth_eps_raw=0.0868 synth_pixel_l1=0.0000 synth_pixel_pl=0.0000 synth_pixel_id=0.0000 synth_latent=0.0000 synth_low_t_hits=0.0000 synth_total=0.0868 extra_render_attn_share=0.7084
[step 39500] real_p1_mirror_hole_cov=0.1075 real_p1_eps=0.2487 real_p1_hole_frac=0.0394 real_p2_eps=0.0682 real_p2_pixel_l1=0.0000 real_p2_pixel_pl=0.0000 real_p2_pixel_id=0.0000 real_p2_latent=0.0000 real_p2_low_t_hits=1.0000 real_total=0.3169 synth_eps=0.0743 synth_eps_raw=0.0743 synth_pixel_l1=0.0000 synth_pixel_pl=0.0000 synth_pixel_id=0.0000 synth_latent=0.0000 synth_low_t_hits=0.0000 synth_total=0.0743 extra_render_attn_share=0.7084
[images] real: anchor | cond1 | cond2 | inv_warp_mirror | mask | mask_inv | warp_img | warp_warp_img | x | y_hat | y_hat_novel -> /home/xzy/warpgan-diffusiong-inpainting/warpgan-diffusion-inpainting-main/experiments/train_inpainting_diffusion/[20260910-123409]_v18w1_ctrl_50k/logs/images/train/real_step0039500.png
[images] synth: cond | mask | target | warp_img | x | y_hat_novel -> /home/xzy/warpgan-diffusiong-inpainting/warpgan-diffusion-inpainting-main/experiments/train_inpainting_diffusion/[20260910-123409]_v18w1_ctrl_50k/logs/images/train/synth_step0039500.png
[step 39550] real_p1_mirror_hole_cov=0.2735 real_p1_eps=0.0130 real_p1_hole_frac=0.2019 real_p2_eps=0.0050 real_p2_pixel_l1=0.0000 real_p2_pixel_pl=0.0000 real_p2_pixel_id=0.0000 real_p2_latent=0.0000 real_p2_low_t_hits=0.0000 real_total=0.0180 synth_eps=0.2630 synth_eps_raw=0.2630 synth_pixel_l1=0.0000 synth_pixel_pl=0.0000 synth_pixel_id=0.0000 synth_latent=0.0000 synth_low_t_hits=1.0000 synth_total=0.2630 extra_render_attn_share=0.7084
[step 39600] real_p1_mirror_hole_cov=0.0498 real_p1_eps=0.0007 real_p1_hole_frac=0.0537 real_p2_eps=0.0188 real_p2_pixel_l1=0.0000 real_p2_pixel_pl=0.0000 real_p2_pixel_id=0.0000 real_p2_latent=0.0000 real_p2_low_t_hits=0.0000 real_total=0.0195 synth_eps=0.0053 synth_eps_raw=0.0053 synth_pixel_l1=0.0000 synth_pixel_pl=0.0000 synth_pixel_id=0.0000 synth_latent=0.0000 synth_low_t_hits=0.0000 synth_total=0.0053 extra_render_attn_share=0.7084
[step 39650] real_p1_mirror_hole_cov=0.0049 real_p1_eps=0.1153 real_p1_hole_frac=0.0315 real_p2_eps=0.0227 real_p2_pixel_l1=0.0000 real_p2_pixel_pl=0.0000 real_p2_pixel_id=0.0000 real_p2_latent=0.0000 real_p2_low_t_hits=0.0000 real_total=0.1380 synth_eps=0.0028 synth_eps_raw=0.0028 synth_pixel_l1=0.0000 synth_pixel_pl=0.0000 synth_pixel_id=0.0000 synth_latent=0.0000 synth_low_t_hits=0.0000 synth_total=0.0028 extra_render_attn_share=0.7084
[step 39700] real_p1_mirror_hole_cov=0.1407 real_p1_eps=0.3144 real_p1_hole_frac=0.3090 real_p2_eps=0.0042 real_p2_pixel_l1=0.0000 real_p2_pixel_pl=0.0000 real_p2_pixel_id=0.0000 real_p2_latent=0.0000 real_p2_low_t_hits=0.0000 real_total=0.3186 synth_eps=0.0087 synth_eps_raw=0.0087 synth_pixel_l1=0.0000 synth_pixel_pl=0.0000 synth_pixel_id=0.0000 synth_latent=0.0000 synth_low_t_hits=0.0000 synth_total=0.0087 extra_render_attn_share=0.7084
[step 39750] real_p1_mirror_hole_cov=0.0258 real_p1_eps=0.0226 real_p1_hole_frac=0.2728 real_p2_eps=0.0104 real_p2_pixel_l1=0.0000 real_p2_pixel_pl=0.0000 real_p2_pixel_id=0.0000 real_p2_latent=0.0000 real_p2_low_t_hits=0.0000 real_total=0.0330 synth_eps=0.0112 synth_eps_raw=0.0112 synth_pixel_l1=0.0000 synth_pixel_pl=0.0000 synth_pixel_id=0.0000 synth_latent=0.0000 synth_low_t_hits=0.0000 synth_total=0.0112 extra_render_attn_share=0.7084
[step 39800] real_p1_mirror_hole_cov=0.2199 real_p1_eps=0.0641 real_p1_hole_frac=0.5077 real_p2_eps=0.1027 real_p2_pixel_l1=0.0000 real_p2_pixel_pl=0.0000 real_p2_pixel_id=0.0000 real_p2_latent=0.0000 real_p2_low_t_hits=0.0000 real_total=0.1668 synth_eps=0.1220 synth_eps_raw=0.1220 synth_pixel_l1=0.0000 synth_pixel_pl=0.0000 synth_pixel_id=0.0000 synth_latent=0.0000 synth_low_t_hits=0.0000 synth_total=0.1220 extra_render_attn_share=0.7084
[step 39850] real_p1_mirror_hole_cov=0.1269 real_p1_eps=0.0041 real_p1_hole_frac=0.4027 real_p2_eps=0.1647 real_p2_pixel_l1=0.0000 real_p2_pixel_pl=0.0000 real_p2_pixel_id=0.0000 real_p2_latent=0.0000 real_p2_low_t_hits=1.0000 real_total=0.1688 synth_eps=0.0729 synth_eps_raw=0.0729 synth_pixel_l1=0.0000 synth_pixel_pl=0.0000 synth_pixel_id=0.0000 synth_latent=0.0000 synth_low_t_hits=0.0000 synth_total=0.0729 extra_render_attn_share=0.7084
[step 39900] real_p1_mirror_hole_cov=0.0961 real_p1_eps=0.2167 real_p1_hole_frac=0.2357 real_p2_eps=0.1696 real_p2_pixel_l1=0.0000 real_p2_pixel_pl=0.0000 real_p2_pixel_id=0.0000 real_p2_latent=0.0000 real_p2_low_t_hits=1.0000 real_total=0.3863 synth_eps=0.0166 synth_eps_raw=0.0166 synth_pixel_l1=0.0000 synth_pixel_pl=0.0000 synth_pixel_id=0.0000 synth_latent=0.0000 synth_low_t_hits=0.0000 synth_total=0.0166 extra_render_attn_share=0.7084
[step 39950] real_p1_mirror_hole_cov=0.0322 real_p1_eps=0.0441 real_p1_hole_frac=0.0646 real_p2_eps=0.1216 real_p2_pixel_l1=0.0000 real_p2_pixel_pl=0.0000 real_p2_pixel_id=0.0000 real_p2_latent=0.0000 real_p2_low_t_hits=1.0000 real_total=0.1657 synth_eps=0.2454 synth_eps_raw=0.2454 synth_pixel_l1=0.0000 synth_pixel_pl=0.0000 synth_pixel_id=0.0000 synth_latent=0.0000 synth_low_t_hits=1.0000 synth_total=0.2454 extra_render_attn_share=0.7084
[ckpt] saved /home/xzy/warpgan-diffusiong-inpainting/warpgan-diffusion-inpainting-main/experiments/train_inpainting_diffusion/[20260910-123409]_v18w1_ctrl_50k/checkpoints/iteration_0039999.pt
[val step 39999] val_novel_full=0.0346 val_novel_hole=0.0444 val_novel_visible=0.0328
[step 40000] real_p1_mirror_hole_cov=0.1140 real_p1_eps=0.0099 real_p1_hole_frac=0.2636 real_p2_eps=0.0708 real_p2_pixel_l1=0.0000 real_p2_pixel_pl=0.0000 real_p2_pixel_id=0.0000 real_p2_latent=0.0000 real_p2_low_t_hits=0.0000 real_total=0.0806 synth_eps=0.0577 synth_eps_raw=0.0577 synth_pixel_l1=0.0000 synth_pixel_pl=0.0000 synth_pixel_id=0.0000 synth_latent=0.0000 synth_low_t_hits=0.0000 synth_total=0.0577 extra_render_attn_share=0.6994
[images] real: anchor | cond1 | cond2 | inv_warp_mirror | mask | mask_inv | warp_img | warp_warp_img | x | y_hat | y_hat_novel -> /home/xzy/warpgan-diffusiong-inpainting/warpgan-diffusion-inpainting-main/experiments/train_inpainting_diffusion/[20260910-123409]_v18w1_ctrl_50k/logs/images/train/real_step0040000.png
[images] synth: cond | mask | target | warp_img | x | y_hat_novel -> /home/xzy/warpgan-diffusiong-inpainting/warpgan-diffusion-inpainting-main/experiments/train_inpainting_diffusion/[20260910-123409]_v18w1_ctrl_50k/logs/images/train/synth_step0040000.png
[step 40050] real_p1_mirror_hole_cov=0.0209 real_p1_eps=0.0790 real_p1_hole_frac=0.2571 real_p2_eps=0.1459 real_p2_pixel_l1=0.0000 real_p2_pixel_pl=0.0000 real_p2_pixel_id=0.0000 real_p2_latent=0.0000 real_p2_low_t_hits=1.0000 real_total=0.2248 synth_eps=0.2056 synth_eps_raw=0.2056 synth_pixel_l1=0.0000 synth_pixel_pl=0.0000 synth_pixel_id=0.0000 synth_latent=0.0000 synth_low_t_hits=0.0000 synth_total=0.2056 extra_render_attn_share=0.6994
[step 40100] real_p1_mirror_hole_cov=0.0018 real_p1_eps=0.0025 real_p1_hole_frac=0.2540 real_p2_eps=0.0033 real_p2_pixel_l1=0.0000 real_p2_pixel_pl=0.0000 real_p2_pixel_id=0.0000 real_p2_latent=0.0000 real_p2_low_t_hits=0.0000 real_total=0.0059 synth_eps=0.5481 synth_eps_raw=0.5481 synth_pixel_l1=0.0000 synth_pixel_pl=0.0000 synth_pixel_id=0.0000 synth_latent=0.0000 synth_low_t_hits=1.0000 synth_total=0.5481 extra_render_attn_share=0.6994
[step 40150] real_p1_mirror_hole_cov=0.0312 real_p1_eps=0.0304 real_p1_hole_frac=0.0266 real_p2_eps=0.0029 real_p2_pixel_l1=0.0000 real_p2_pixel_pl=0.0000 real_p2_pixel_id=0.0000 real_p2_latent=0.0000 real_p2_low_t_hits=0.0000 real_total=0.0333 synth_eps=0.0025 synth_eps_raw=0.0025 synth_pixel_l1=0.0000 synth_pixel_pl=0.0000 synth_pixel_id=0.0000 synth_latent=0.0000 synth_low_t_hits=0.0000 synth_total=0.0025 extra_render_attn_share=0.6994
[step 40200] real_p1_mirror_hole_cov=0.1322 real_p1_eps=0.0085 real_p1_hole_frac=0.3546 real_p2_eps=0.0032 real_p2_pixel_l1=0.0000 real_p2_pixel_pl=0.0000 real_p2_pixel_id=0.0000 real_p2_latent=0.0000 real_p2_low_t_hits=0.0000 real_total=0.0117 synth_eps=0.0014 synth_eps_raw=0.0014 synth_pixel_l1=0.0000 synth_pixel_pl=0.0000 synth_pixel_id=0.0000 synth_latent=0.0000 synth_low_t_hits=0.0000 synth_total=0.0014 extra_render_attn_share=0.6994
[step 40250] real_p1_mirror_hole_cov=0.1559 real_p1_eps=0.0606 real_p1_hole_frac=0.2699 real_p2_eps=0.1042 real_p2_pixel_l1=0.0000 real_p2_pixel_pl=0.0000 real_p2_pixel_id=0.0000 real_p2_latent=0.0000 real_p2_low_t_hits=0.0000 real_total=0.1649 synth_eps=0.0133 synth_eps_raw=0.0133 synth_pixel_l1=0.0000 synth_pixel_pl=0.0000 synth_pixel_id=0.0000 synth_latent=0.0000 synth_low_t_hits=0.0000 synth_total=0.0133 extra_render_attn_share=0.6994
[step 40300] real_p1_mirror_hole_cov=0.0025 real_p1_eps=0.3610 real_p1_hole_frac=0.2701 real_p2_eps=0.1178 real_p2_pixel_l1=0.0000 real_p2_pixel_pl=0.0000 real_p2_pixel_id=0.0000 real_p2_latent=0.0000 real_p2_low_t_hits=1.0000 real_total=0.4787 synth_eps=0.1569 synth_eps_raw=0.1569 synth_pixel_l1=0.0000 synth_pixel_pl=0.0000 synth_pixel_id=0.0000 synth_latent=0.0000 synth_low_t_hits=0.0000 synth_total=0.1569 extra_render_attn_share=0.6994
[step 40350] real_p1_mirror_hole_cov=0.0050 real_p1_eps=0.0756 real_p1_hole_frac=0.1087 real_p2_eps=0.0137 real_p2_pixel_l1=0.0000 real_p2_pixel_pl=0.0000 real_p2_pixel_id=0.0000 real_p2_latent=0.0000 real_p2_low_t_hits=0.0000 real_total=0.0893 synth_eps=0.0314 synth_eps_raw=0.0314 synth_pixel_l1=0.0000 synth_pixel_pl=0.0000 synth_pixel_id=0.0000 synth_latent=0.0000 synth_low_t_hits=0.0000 synth_total=0.0314 extra_render_attn_share=0.6994
[step 40400] real_p1_mirror_hole_cov=0.0793 real_p1_eps=0.0424 real_p1_hole_frac=0.0435 real_p2_eps=0.0627 real_p2_pixel_l1=0.0000 real_p2_pixel_pl=0.0000 real_p2_pixel_id=0.0000 real_p2_latent=0.0000 real_p2_low_t_hits=0.0000 real_total=0.1052 synth_eps=0.0066 synth_eps_raw=0.0066 synth_pixel_l1=0.0000 synth_pixel_pl=0.0000 synth_pixel_id=0.0000 synth_latent=0.0000 synth_low_t_hits=0.0000 synth_total=0.0066 extra_render_attn_share=0.6994
[step 40450] real_p1_mirror_hole_cov=0.1831 real_p1_eps=0.5228 real_p1_hole_frac=0.3302 real_p2_eps=0.0835 real_p2_pixel_l1=0.0000 real_p2_pixel_pl=0.0000 real_p2_pixel_id=0.0000 real_p2_latent=0.0000 real_p2_low_t_hits=0.0000 real_total=0.6062 synth_eps=0.0079 synth_eps_raw=0.0079 synth_pixel_l1=0.0000 synth_pixel_pl=0.0000 synth_pixel_id=0.0000 synth_latent=0.0000 synth_low_t_hits=0.0000 synth_total=0.0079 extra_render_attn_share=0.6994
[step 40500] real_p1_mirror_hole_cov=0.2859 real_p1_eps=0.7422 real_p1_hole_frac=0.3789 real_p2_eps=0.0268 real_p2_pixel_l1=0.0000 real_p2_pixel_pl=0.0000 real_p2_pixel_id=0.0000 real_p2_latent=0.0000 real_p2_low_t_hits=0.0000 real_total=0.7690 synth_eps=0.4007 synth_eps_raw=0.4007 synth_pixel_l1=0.0000 synth_pixel_pl=0.0000 synth_pixel_id=0.0000 synth_latent=0.0000 synth_low_t_hits=1.0000 synth_total=0.4007 extra_render_attn_share=0.6994
[images] real: anchor | cond1 | cond2 | inv_warp_mirror | mask | mask_inv | warp_img | warp_warp_img | x | y_hat | y_hat_novel -> /home/xzy/warpgan-diffusiong-inpainting/warpgan-diffusion-inpainting-main/experiments/train_inpainting_diffusion/[20260910-123409]_v18w1_ctrl_50k/logs/images/train/real_step0040500.png
[images] synth: cond | mask | target | warp_img | x | y_hat_novel -> /home/xzy/warpgan-diffusiong-inpainting/warpgan-diffusion-inpainting-main/experiments/train_inpainting_diffusion/[20260910-123409]_v18w1_ctrl_50k/logs/images/train/synth_step0040500.png
[step 40550] real_p1_mirror_hole_cov=0.1228 real_p1_eps=0.0279 real_p1_hole_frac=0.3110 real_p2_eps=0.0512 real_p2_pixel_l1=0.0000 real_p2_pixel_pl=0.0000 real_p2_pixel_id=0.0000 real_p2_latent=0.0000 real_p2_low_t_hits=0.0000 real_total=0.0791 synth_eps=0.0033 synth_eps_raw=0.0033 synth_pixel_l1=0.0000 synth_pixel_pl=0.0000 synth_pixel_id=0.0000 synth_latent=0.0000 synth_low_t_hits=0.0000 synth_total=0.0033 extra_render_attn_share=0.6994
[step 40600] real_p1_mirror_hole_cov=0.0386 real_p1_eps=0.0016 real_p1_hole_frac=0.1527 real_p2_eps=0.0628 real_p2_pixel_l1=0.0000 real_p2_pixel_pl=0.0000 real_p2_pixel_id=0.0000 real_p2_latent=0.0000 real_p2_low_t_hits=0.0000 real_total=0.0644 synth_eps=0.1098 synth_eps_raw=0.1098 synth_pixel_l1=0.0000 synth_pixel_pl=0.0000 synth_pixel_id=0.0000 synth_latent=0.0000 synth_low_t_hits=0.0000 synth_total=0.1098 extra_render_attn_share=0.6994
[step 40650] real_p1_mirror_hole_cov=0.1086 real_p1_eps=0.1081 real_p1_hole_frac=0.4361 real_p2_eps=0.0857 real_p2_pixel_l1=0.0000 real_p2_pixel_pl=0.0000 real_p2_pixel_id=0.0000 real_p2_latent=0.0000 real_p2_low_t_hits=0.0000 real_total=0.1938 synth_eps=0.0024 synth_eps_raw=0.0024 synth_pixel_l1=0.0000 synth_pixel_pl=0.0000 synth_pixel_id=0.0000 synth_latent=0.0000 synth_low_t_hits=0.0000 synth_total=0.0024 extra_render_attn_share=0.6994
[step 40700] real_p1_mirror_hole_cov=0.0224 real_p1_eps=0.0205 real_p1_hole_frac=0.4611 real_p2_eps=0.2469 real_p2_pixel_l1=0.0000 real_p2_pixel_pl=0.0000 real_p2_pixel_id=0.0000 real_p2_latent=0.0000 real_p2_low_t_hits=1.0000 real_total=0.2674 synth_eps=0.3458 synth_eps_raw=0.3458 synth_pixel_l1=0.0000 synth_pixel_pl=0.0000 synth_pixel_id=0.0000 synth_latent=0.0000 synth_low_t_hits=1.0000 synth_total=0.3458 extra_render_attn_share=0.6994
[step 40750] real_p1_mirror_hole_cov=0.0809 real_p1_eps=0.1628 real_p1_hole_frac=0.3235 real_p2_eps=0.0104 real_p2_pixel_l1=0.0000 real_p2_pixel_pl=0.0000 real_p2_pixel_id=0.0000 real_p2_latent=0.0000 real_p2_low_t_hits=0.0000 real_total=0.1732 synth_eps=0.0062 synth_eps_raw=0.0062 synth_pixel_l1=0.0000 synth_pixel_pl=0.0000 synth_pixel_id=0.0000 synth_latent=0.0000 synth_low_t_hits=0.0000 synth_total=0.0062 extra_render_attn_share=0.6994
[step 40800] real_p1_mirror_hole_cov=0.0144 real_p1_eps=0.0063 real_p1_hole_frac=0.2395 real_p2_eps=0.0540 real_p2_pixel_l1=0.0000 real_p2_pixel_pl=0.0000 real_p2_pixel_id=0.0000 real_p2_latent=0.0000 real_p2_low_t_hits=0.0000 real_total=0.0603 synth_eps=0.0179 synth_eps_raw=0.0179 synth_pixel_l1=0.0000 synth_pixel_pl=0.0000 synth_pixel_id=0.0000 synth_latent=0.0000 synth_low_t_hits=0.0000 synth_total=0.0179 extra_render_attn_share=0.6994
[step 40850] real_p1_mirror_hole_cov=0.0153 real_p1_eps=0.0087 real_p1_hole_frac=0.4858 real_p2_eps=0.0096 real_p2_pixel_l1=0.0000 real_p2_pixel_pl=0.0000 real_p2_pixel_id=0.0000 real_p2_latent=0.0000 real_p2_low_t_hits=0.0000 real_total=0.0183 synth_eps=0.0056 synth_eps_raw=0.0056 synth_pixel_l1=0.0000 synth_pixel_pl=0.0000 synth_pixel_id=0.0000 synth_latent=0.0000 synth_low_t_hits=0.0000 synth_total=0.0056 extra_render_attn_share=0.6994
[step 40900] real_p1_mirror_hole_cov=0.0458 real_p1_eps=0.0047 real_p1_hole_frac=0.1274 real_p2_eps=0.2913 real_p2_pixel_l1=0.0000 real_p2_pixel_pl=0.0000 real_p2_pixel_id=0.0000 real_p2_latent=0.0000 real_p2_low_t_hits=1.0000 real_total=0.2960 synth_eps=0.0136 synth_eps_raw=0.0136 synth_pixel_l1=0.0000 synth_pixel_pl=0.0000 synth_pixel_id=0.0000 synth_latent=0.0000 synth_low_t_hits=0.0000 synth_total=0.0136 extra_render_attn_share=0.6994
[step 40950] real_p1_mirror_hole_cov=0.2252 real_p1_eps=0.0057 real_p1_hole_frac=0.4339 real_p2_eps=0.0399 real_p2_pixel_l1=0.0000 real_p2_pixel_pl=0.0000 real_p2_pixel_id=0.0000 real_p2_latent=0.0000 real_p2_low_t_hits=0.0000 real_total=0.0456 synth_eps=0.1385 synth_eps_raw=0.1385 synth_pixel_l1=0.0000 synth_pixel_pl=0.0000 synth_pixel_id=0.0000 synth_latent=0.0000 synth_low_t_hits=0.0000 synth_total=0.1385 extra_render_attn_share=0.6994
[step 41000] real_p1_mirror_hole_cov=0.2039 real_p1_eps=0.1355 real_p1_hole_frac=0.0893 real_p2_eps=0.0547 real_p2_pixel_l1=0.0000 real_p2_pixel_pl=0.0000 real_p2_pixel_id=0.0000 real_p2_latent=0.0000 real_p2_low_t_hits=0.0000 real_total=0.1902 synth_eps=0.3017 synth_eps_raw=0.3017 synth_pixel_l1=0.0000 synth_pixel_pl=0.0000 synth_pixel_id=0.0000 synth_latent=0.0000 synth_low_t_hits=1.0000 synth_total=0.3017 extra_render_attn_share=0.6994
[images] real: anchor | cond1 | cond2 | inv_warp_mirror | mask | mask_inv | warp_img | warp_warp_img | x | y_hat | y_hat_novel -> /home/xzy/warpgan-diffusiong-inpainting/warpgan-diffusion-inpainting-main/experiments/train_inpainting_diffusion/[20260910-123409]_v18w1_ctrl_50k/logs/images/train/real_step0041000.png
[images] synth: cond | mask | target | warp_img | x | y_hat_novel -> /home/xzy/warpgan-diffusiong-inpainting/warpgan-diffusion-inpainting-main/experiments/train_inpainting_diffusion/[20260910-123409]_v18w1_ctrl_50k/logs/images/train/synth_step0041000.png
[step 41050] real_p1_mirror_hole_cov=0.1401 real_p1_eps=0.1149 real_p1_hole_frac=0.4509 real_p2_eps=0.0040 real_p2_pixel_l1=0.0000 real_p2_pixel_pl=0.0000 real_p2_pixel_id=0.0000 real_p2_latent=0.0000 real_p2_low_t_hits=0.0000 real_total=0.1189 synth_eps=0.1462 synth_eps_raw=0.1462 synth_pixel_l1=0.0000 synth_pixel_pl=0.0000 synth_pixel_id=0.0000 synth_latent=0.0000 synth_low_t_hits=0.0000 synth_total=0.1462 extra_render_attn_share=0.6994
[step 41100] real_p1_mirror_hole_cov=0.0086 real_p1_eps=0.1048 real_p1_hole_frac=0.1345 real_p2_eps=0.0095 real_p2_pixel_l1=0.0000 real_p2_pixel_pl=0.0000 real_p2_pixel_id=0.0000 real_p2_latent=0.0000 real_p2_low_t_hits=0.0000 real_total=0.1143 synth_eps=0.0279 synth_eps_raw=0.0279 synth_pixel_l1=0.0000 synth_pixel_pl=0.0000 synth_pixel_id=0.0000 synth_latent=0.0000 synth_low_t_hits=0.0000 synth_total=0.0279 extra_render_attn_share=0.6994
[step 41150] real_p1_mirror_hole_cov=0.2195 real_p1_eps=0.0680 real_p1_hole_frac=0.1795 real_p2_eps=0.0393 real_p2_pixel_l1=0.0000 real_p2_pixel_pl=0.0000 real_p2_pixel_id=0.0000 real_p2_latent=0.0000 real_p2_low_t_hits=0.0000 real_total=0.1072 synth_eps=0.0012 synth_eps_raw=0.0012 synth_pixel_l1=0.0000 synth_pixel_pl=0.0000 synth_pixel_id=0.0000 synth_latent=0.0000 synth_low_t_hits=0.0000 synth_total=0.0012 extra_render_attn_share=0.6994
[step 41200] real_p1_mirror_hole_cov=0.0330 real_p1_eps=0.0011 real_p1_hole_frac=0.1424 real_p2_eps=0.0009 real_p2_pixel_l1=0.0000 real_p2_pixel_pl=0.0000 real_p2_pixel_id=0.0000 real_p2_latent=0.0000 real_p2_low_t_hits=0.0000 real_total=0.0020 synth_eps=0.2944 synth_eps_raw=0.2944 synth_pixel_l1=0.0000 synth_pixel_pl=0.0000 synth_pixel_id=0.0000 synth_latent=0.0000 synth_low_t_hits=1.0000 synth_total=0.2944 extra_render_attn_share=0.6994
[step 41250] real_p1_mirror_hole_cov=0.3947 real_p1_eps=0.0428 real_p1_hole_frac=0.5105 real_p2_eps=0.0624 real_p2_pixel_l1=0.0000 real_p2_pixel_pl=0.0000 real_p2_pixel_id=0.0000 real_p2_latent=0.0000 real_p2_low_t_hits=0.0000 real_total=0.1052 synth_eps=0.5012 synth_eps_raw=0.5012 synth_pixel_l1=0.0000 synth_pixel_pl=0.0000 synth_pixel_id=0.0000 synth_latent=0.0000 synth_low_t_hits=1.0000 synth_total=0.5012 extra_render_attn_share=0.6994
[step 41300] real_p1_mirror_hole_cov=0.0730 real_p1_eps=0.1280 real_p1_hole_frac=0.1104 real_p2_eps=0.2730 real_p2_pixel_l1=0.0000 real_p2_pixel_pl=0.0000 real_p2_pixel_id=0.0000 real_p2_latent=0.0000 real_p2_low_t_hits=1.0000 real_total=0.4010 synth_eps=0.0872 synth_eps_raw=0.0872 synth_pixel_l1=0.0000 synth_pixel_pl=0.0000 synth_pixel_id=0.0000 synth_latent=0.0000 synth_low_t_hits=0.0000 synth_total=0.0872 extra_render_attn_share=0.6994
[step 41350] real_p1_mirror_hole_cov=0.0699 real_p1_eps=0.2966 real_p1_hole_frac=0.1742 real_p2_eps=0.0783 real_p2_pixel_l1=0.0000 real_p2_pixel_pl=0.0000 real_p2_pixel_id=0.0000 real_p2_latent=0.0000 real_p2_low_t_hits=0.0000 real_total=0.3748 synth_eps=0.0063 synth_eps_raw=0.0063 synth_pixel_l1=0.0000 synth_pixel_pl=0.0000 synth_pixel_id=0.0000 synth_latent=0.0000 synth_low_t_hits=0.0000 synth_total=0.0063 extra_render_attn_share=0.6994
[step 41400] real_p1_mirror_hole_cov=0.0345 real_p1_eps=0.1018 real_p1_hole_frac=0.5445 real_p2_eps=0.0105 real_p2_pixel_l1=0.0000 real_p2_pixel_pl=0.0000 real_p2_pixel_id=0.0000 real_p2_latent=0.0000 real_p2_low_t_hits=0.0000 real_total=0.1123 synth_eps=0.0060 synth_eps_raw=0.0060 synth_pixel_l1=0.0000 synth_pixel_pl=0.0000 synth_pixel_id=0.0000 synth_latent=0.0000 synth_low_t_hits=0.0000 synth_total=0.0060 extra_render_attn_share=0.6994
[step 41450] real_p1_mirror_hole_cov=0.2384 real_p1_eps=0.0030 real_p1_hole_frac=0.5577 real_p2_eps=0.0786 real_p2_pixel_l1=0.0000 real_p2_pixel_pl=0.0000 real_p2_pixel_id=0.0000 real_p2_latent=0.0000 real_p2_low_t_hits=0.0000 real_total=0.0816 synth_eps=0.2187 synth_eps_raw=0.2187 synth_pixel_l1=0.0000 synth_pixel_pl=0.0000 synth_pixel_id=0.0000 synth_latent=0.0000 synth_low_t_hits=0.0000 synth_total=0.2187 extra_render_attn_share=0.6994
[step 41500] real_p1_mirror_hole_cov=0.1821 real_p1_eps=0.0659 real_p1_hole_frac=0.3488 real_p2_eps=0.0650 real_p2_pixel_l1=0.0000 real_p2_pixel_pl=0.0000 real_p2_pixel_id=0.0000 real_p2_latent=0.0000 real_p2_low_t_hits=0.0000 real_total=0.1309 synth_eps=0.1263 synth_eps_raw=0.1263 synth_pixel_l1=0.0000 synth_pixel_pl=0.0000 synth_pixel_id=0.0000 synth_latent=0.0000 synth_low_t_hits=0.0000 synth_total=0.1263 extra_render_attn_share=0.6994
[images] real: anchor | cond1 | cond2 | inv_warp_mirror | mask | mask_inv | warp_img | warp_warp_img | x | y_hat | y_hat_novel -> /home/xzy/warpgan-diffusiong-inpainting/warpgan-diffusion-inpainting-main/experiments/train_inpainting_diffusion/[20260910-123409]_v18w1_ctrl_50k/logs/images/train/real_step0041500.png
[images] synth: cond | mask | target | warp_img | x | y_hat_novel -> /home/xzy/warpgan-diffusiong-inpainting/warpgan-diffusion-inpainting-main/experiments/train_inpainting_diffusion/[20260910-123409]_v18w1_ctrl_50k/logs/images/train/synth_step0041500.png
[step 41550] real_p1_mirror_hole_cov=0.1674 real_p1_eps=0.1016 real_p1_hole_frac=0.4071 real_p2_eps=0.0856 real_p2_pixel_l1=0.0000 real_p2_pixel_pl=0.0000 real_p2_pixel_id=0.0000 real_p2_latent=0.0000 real_p2_low_t_hits=0.0000 real_total=0.1873 synth_eps=0.1331 synth_eps_raw=0.1331 synth_pixel_l1=0.0000 synth_pixel_pl=0.0000 synth_pixel_id=0.0000 synth_latent=0.0000 synth_low_t_hits=0.0000 synth_total=0.1331 extra_render_attn_share=0.6994
[step 41600] real_p1_mirror_hole_cov=0.2408 real_p1_eps=0.0049 real_p1_hole_frac=0.4998 real_p2_eps=0.1093 real_p2_pixel_l1=0.0000 real_p2_pixel_pl=0.0000 real_p2_pixel_id=0.0000 real_p2_latent=0.0000 real_p2_low_t_hits=0.0000 real_total=0.1142 synth_eps=0.0193 synth_eps_raw=0.0193 synth_pixel_l1=0.0000 synth_pixel_pl=0.0000 synth_pixel_id=0.0000 synth_latent=0.0000 synth_low_t_hits=0.0000 synth_total=0.0193 extra_render_attn_share=0.6994
[step 41650] real_p1_mirror_hole_cov=0.0543 real_p1_eps=0.0925 real_p1_hole_frac=0.1827 real_p2_eps=0.0011 real_p2_pixel_l1=0.0000 real_p2_pixel_pl=0.0000 real_p2_pixel_id=0.0000 real_p2_latent=0.0000 real_p2_low_t_hits=0.0000 real_total=0.0937 synth_eps=0.0038 synth_eps_raw=0.0038 synth_pixel_l1=0.0000 synth_pixel_pl=0.0000 synth_pixel_id=0.0000 synth_latent=0.0000 synth_low_t_hits=0.0000 synth_total=0.0038 extra_render_attn_share=0.6994
[step 41700] real_p1_mirror_hole_cov=0.0574 real_p1_eps=0.2620 real_p1_hole_frac=0.5219 real_p2_eps=0.0016 real_p2_pixel_l1=0.0000 real_p2_pixel_pl=0.0000 real_p2_pixel_id=0.0000 real_p2_latent=0.0000 real_p2_low_t_hits=0.0000 real_total=0.2637 synth_eps=0.0100 synth_eps_raw=0.0100 synth_pixel_l1=0.0000 synth_pixel_pl=0.0000 synth_pixel_id=0.0000 synth_latent=0.0000 synth_low_t_hits=0.0000 synth_total=0.0100 extra_render_attn_share=0.6994
[step 41750] real_p1_mirror_hole_cov=0.0639 real_p1_eps=0.0448 real_p1_hole_frac=0.0365 real_p2_eps=0.0171 real_p2_pixel_l1=0.0000 real_p2_pixel_pl=0.0000 real_p2_pixel_id=0.0000 real_p2_latent=0.0000 real_p2_low_t_hits=0.0000 real_total=0.0619 synth_eps=0.0391 synth_eps_raw=0.0391 synth_pixel_l1=0.0000 synth_pixel_pl=0.0000 synth_pixel_id=0.0000 synth_latent=0.0000 synth_low_t_hits=0.0000 synth_total=0.0391 extra_render_attn_share=0.6994
[step 41800] real_p1_mirror_hole_cov=0.2090 real_p1_eps=0.2024 real_p1_hole_frac=0.5633 real_p2_eps=0.1580 real_p2_pixel_l1=0.0000 real_p2_pixel_pl=0.0000 real_p2_pixel_id=0.0000 real_p2_latent=0.0000 real_p2_low_t_hits=1.0000 real_total=0.3603 synth_eps=0.0514 synth_eps_raw=0.0514 synth_pixel_l1=0.0000 synth_pixel_pl=0.0000 synth_pixel_id=0.0000 synth_latent=0.0000 synth_low_t_hits=0.0000 synth_total=0.0514 extra_render_attn_share=0.6994
[step 41850] real_p1_mirror_hole_cov=0.1285 real_p1_eps=0.1131 real_p1_hole_frac=0.3430 real_p2_eps=0.0024 real_p2_pixel_l1=0.0000 real_p2_pixel_pl=0.0000 real_p2_pixel_id=0.0000 real_p2_latent=0.0000 real_p2_low_t_hits=0.0000 real_total=0.1155 synth_eps=0.0023 synth_eps_raw=0.0023 synth_pixel_l1=0.0000 synth_pixel_pl=0.0000 synth_pixel_id=0.0000 synth_latent=0.0000 synth_low_t_hits=0.0000 synth_total=0.0023 extra_render_attn_share=0.6994
[step 41900] real_p1_mirror_hole_cov=0.3245 real_p1_eps=0.3632 real_p1_hole_frac=0.3040 real_p2_eps=0.0287 real_p2_pixel_l1=0.0000 real_p2_pixel_pl=0.0000 real_p2_pixel_id=0.0000 real_p2_latent=0.0000 real_p2_low_t_hits=0.0000 real_total=0.3920 synth_eps=0.1674 synth_eps_raw=0.1674 synth_pixel_l1=0.0000 synth_pixel_pl=0.0000 synth_pixel_id=0.0000 synth_latent=0.0000 synth_low_t_hits=0.0000 synth_total=0.1674 extra_render_attn_share=0.6994
[step 41950] real_p1_mirror_hole_cov=0.0029 real_p1_eps=0.0424 real_p1_hole_frac=0.3045 real_p2_eps=0.0235 real_p2_pixel_l1=0.0000 real_p2_pixel_pl=0.0000 real_p2_pixel_id=0.0000 real_p2_latent=0.0000 real_p2_low_t_hits=0.0000 real_total=0.0659 synth_eps=0.0048 synth_eps_raw=0.0048 synth_pixel_l1=0.0000 synth_pixel_pl=0.0000 synth_pixel_id=0.0000 synth_latent=0.0000 synth_low_t_hits=0.0000 synth_total=0.0048 extra_render_attn_share=0.6994
[val step 41999] val_novel_full=0.0578 val_novel_hole=0.0844 val_novel_visible=0.0446
[step 42000] real_p1_mirror_hole_cov=0.0712 real_p1_eps=0.0111 real_p1_hole_frac=0.4568 real_p2_eps=0.0381 real_p2_pixel_l1=0.0000 real_p2_pixel_pl=0.0000 real_p2_pixel_id=0.0000 real_p2_latent=0.0000 real_p2_low_t_hits=0.0000 real_total=0.0492 synth_eps=0.0851 synth_eps_raw=0.0851 synth_pixel_l1=0.0000 synth_pixel_pl=0.0000 synth_pixel_id=0.0000 synth_latent=0.0000 synth_low_t_hits=0.0000 synth_total=0.0851 extra_render_attn_share=0.7022
[images] real: anchor | cond1 | cond2 | inv_warp_mirror | mask | mask_inv | warp_img | warp_warp_img | x | y_hat | y_hat_novel -> /home/xzy/warpgan-diffusiong-inpainting/warpgan-diffusion-inpainting-main/experiments/train_inpainting_diffusion/[20260910-123409]_v18w1_ctrl_50k/logs/images/train/real_step0042000.png
[images] synth: cond | mask | target | warp_img | x | y_hat_novel -> /home/xzy/warpgan-diffusiong-inpainting/warpgan-diffusion-inpainting-main/experiments/train_inpainting_diffusion/[20260910-123409]_v18w1_ctrl_50k/logs/images/train/synth_step0042000.png
[step 42050] real_p1_mirror_hole_cov=0.1811 real_p1_eps=0.0018 real_p1_hole_frac=0.2869 real_p2_eps=0.2907 real_p2_pixel_l1=0.0000 real_p2_pixel_pl=0.0000 real_p2_pixel_id=0.0000 real_p2_latent=0.0000 real_p2_low_t_hits=1.0000 real_total=0.2924 synth_eps=0.0845 synth_eps_raw=0.0845 synth_pixel_l1=0.0000 synth_pixel_pl=0.0000 synth_pixel_id=0.0000 synth_latent=0.0000 synth_low_t_hits=0.0000 synth_total=0.0845 extra_render_attn_share=0.7022
[step 42100] real_p1_mirror_hole_cov=0.0201 real_p1_eps=0.0008 real_p1_hole_frac=0.3288 real_p2_eps=0.0016 real_p2_pixel_l1=0.0000 real_p2_pixel_pl=0.0000 real_p2_pixel_id=0.0000 real_p2_latent=0.0000 real_p2_low_t_hits=0.0000 real_total=0.0024 synth_eps=0.0104 synth_eps_raw=0.0104 synth_pixel_l1=0.0000 synth_pixel_pl=0.0000 synth_pixel_id=0.0000 synth_latent=0.0000 synth_low_t_hits=0.0000 synth_total=0.0104 extra_render_attn_share=0.7022
[step 42150] real_p1_mirror_hole_cov=0.1815 real_p1_eps=0.4278 real_p1_hole_frac=0.3550 real_p2_eps=0.0193 real_p2_pixel_l1=0.0000 real_p2_pixel_pl=0.0000 real_p2_pixel_id=0.0000 real_p2_latent=0.0000 real_p2_low_t_hits=0.0000 real_total=0.4470 synth_eps=0.1807 synth_eps_raw=0.1807 synth_pixel_l1=0.0000 synth_pixel_pl=0.0000 synth_pixel_id=0.0000 synth_latent=0.0000 synth_low_t_hits=0.0000 synth_total=0.1807 extra_render_attn_share=0.7022
[step 42200] real_p1_mirror_hole_cov=0.0503 real_p1_eps=0.1279 real_p1_hole_frac=0.2022 real_p2_eps=0.0045 real_p2_pixel_l1=0.0000 real_p2_pixel_pl=0.0000 real_p2_pixel_id=0.0000 real_p2_latent=0.0000 real_p2_low_t_hits=0.0000 real_total=0.1323 synth_eps=0.1171 synth_eps_raw=0.1171 synth_pixel_l1=0.0000 synth_pixel_pl=0.0000 synth_pixel_id=0.0000 synth_latent=0.0000 synth_low_t_hits=0.0000 synth_total=0.1171 extra_render_attn_share=0.7022
[step 42250] real_p1_mirror_hole_cov=0.5045 real_p1_eps=0.3868 real_p1_hole_frac=0.4117 real_p2_eps=0.1057 real_p2_pixel_l1=0.0000 real_p2_pixel_pl=0.0000 real_p2_pixel_id=0.0000 real_p2_latent=0.0000 real_p2_low_t_hits=0.0000 real_total=0.4925 synth_eps=0.0033 synth_eps_raw=0.0033 synth_pixel_l1=0.0000 synth_pixel_pl=0.0000 synth_pixel_id=0.0000 synth_latent=0.0000 synth_low_t_hits=0.0000 synth_total=0.0033 extra_render_attn_share=0.7022
[step 42300] real_p1_mirror_hole_cov=0.2491 real_p1_eps=0.2528 real_p1_hole_frac=0.4056 real_p2_eps=0.0155 real_p2_pixel_l1=0.0000 real_p2_pixel_pl=0.0000 real_p2_pixel_id=0.0000 real_p2_latent=0.0000 real_p2_low_t_hits=0.0000 real_total=0.2683 synth_eps=0.2587 synth_eps_raw=0.2587 synth_pixel_l1=0.0000 synth_pixel_pl=0.0000 synth_pixel_id=0.0000 synth_latent=0.0000 synth_low_t_hits=1.0000 synth_total=0.2587 extra_render_attn_share=0.7022
[step 42350] real_p1_mirror_hole_cov=0.0066 real_p1_eps=0.0065 real_p1_hole_frac=0.2043 real_p2_eps=0.0044 real_p2_pixel_l1=0.0000 real_p2_pixel_pl=0.0000 real_p2_pixel_id=0.0000 real_p2_latent=0.0000 real_p2_low_t_hits=0.0000 real_total=0.0109 synth_eps=0.0609 synth_eps_raw=0.0609 synth_pixel_l1=0.0000 synth_pixel_pl=0.0000 synth_pixel_id=0.0000 synth_latent=0.0000 synth_low_t_hits=0.0000 synth_total=0.0609 extra_render_attn_share=0.7022
[step 42400] real_p1_mirror_hole_cov=0.1403 real_p1_eps=0.0641 real_p1_hole_frac=0.2246 real_p2_eps=0.0397 real_p2_pixel_l1=0.0000 real_p2_pixel_pl=0.0000 real_p2_pixel_id=0.0000 real_p2_latent=0.0000 real_p2_low_t_hits=0.0000 real_total=0.1038 synth_eps=0.0256 synth_eps_raw=0.0256 synth_pixel_l1=0.0000 synth_pixel_pl=0.0000 synth_pixel_id=0.0000 synth_latent=0.0000 synth_low_t_hits=0.0000 synth_total=0.0256 extra_render_attn_share=0.7022
[step 42450] real_p1_mirror_hole_cov=0.0469 real_p1_eps=0.1241 real_p1_hole_frac=0.1908 real_p2_eps=0.1167 real_p2_pixel_l1=0.0000 real_p2_pixel_pl=0.0000 real_p2_pixel_id=0.0000 real_p2_latent=0.0000 real_p2_low_t_hits=1.0000 real_total=0.2408 synth_eps=0.0321 synth_eps_raw=0.0321 synth_pixel_l1=0.0000 synth_pixel_pl=0.0000 synth_pixel_id=0.0000 synth_latent=0.0000 synth_low_t_hits=0.0000 synth_total=0.0321 extra_render_attn_share=0.7022
[step 42500] real_p1_mirror_hole_cov=0.0082 real_p1_eps=0.3225 real_p1_hole_frac=0.1730 real_p2_eps=0.1501 real_p2_pixel_l1=0.0000 real_p2_pixel_pl=0.0000 real_p2_pixel_id=0.0000 real_p2_latent=0.0000 real_p2_low_t_hits=1.0000 real_total=0.4726 synth_eps=0.0766 synth_eps_raw=0.0766 synth_pixel_l1=0.0000 synth_pixel_pl=0.0000 synth_pixel_id=0.0000 synth_latent=0.0000 synth_low_t_hits=0.0000 synth_total=0.0766 extra_render_attn_share=0.7022
[images] real: anchor | cond1 | cond2 | inv_warp_mirror | mask | mask_inv | warp_img | warp_warp_img | x | y_hat | y_hat_novel -> /home/xzy/warpgan-diffusiong-inpainting/warpgan-diffusion-inpainting-main/experiments/train_inpainting_diffusion/[20260910-123409]_v18w1_ctrl_50k/logs/images/train/real_step0042500.png
[images] synth: cond | mask | target | warp_img | x | y_hat_novel -> /home/xzy/warpgan-diffusiong-inpainting/warpgan-diffusion-inpainting-main/experiments/train_inpainting_diffusion/[20260910-123409]_v18w1_ctrl_50k/logs/images/train/synth_step0042500.png
[step 42550] real_p1_mirror_hole_cov=0.2240 real_p1_eps=0.0302 real_p1_hole_frac=0.3529 real_p2_eps=0.0494 real_p2_pixel_l1=0.0000 real_p2_pixel_pl=0.0000 real_p2_pixel_id=0.0000 real_p2_latent=0.0000 real_p2_low_t_hits=0.0000 real_total=0.0796 synth_eps=0.0112 synth_eps_raw=0.0112 synth_pixel_l1=0.0000 synth_pixel_pl=0.0000 synth_pixel_id=0.0000 synth_latent=0.0000 synth_low_t_hits=0.0000 synth_total=0.0112 extra_render_attn_share=0.7022
[step 42600] real_p1_mirror_hole_cov=0.1188 real_p1_eps=0.0078 real_p1_hole_frac=0.5667 real_p2_eps=0.1071 real_p2_pixel_l1=0.0000 real_p2_pixel_pl=0.0000 real_p2_pixel_id=0.0000 real_p2_latent=0.0000 real_p2_low_t_hits=0.0000 real_total=0.1149 synth_eps=0.2888 synth_eps_raw=0.2888 synth_pixel_l1=0.0000 synth_pixel_pl=0.0000 synth_pixel_id=0.0000 synth_latent=0.0000 synth_low_t_hits=1.0000 synth_total=0.2888 extra_render_attn_share=0.7022
[step 42650] real_p1_mirror_hole_cov=0.1249 real_p1_eps=0.1064 real_p1_hole_frac=0.5008 real_p2_eps=0.2993 real_p2_pixel_l1=0.0000 real_p2_pixel_pl=0.0000 real_p2_pixel_id=0.0000 real_p2_latent=0.0000 real_p2_low_t_hits=1.0000 real_total=0.4057 synth_eps=0.0108 synth_eps_raw=0.0108 synth_pixel_l1=0.0000 synth_pixel_pl=0.0000 synth_pixel_id=0.0000 synth_latent=0.0000 synth_low_t_hits=0.0000 synth_total=0.0108 extra_render_attn_share=0.7022
[step 42700] real_p1_mirror_hole_cov=0.0595 real_p1_eps=0.1780 real_p1_hole_frac=0.1594 real_p2_eps=0.0119 real_p2_pixel_l1=0.0000 real_p2_pixel_pl=0.0000 real_p2_pixel_id=0.0000 real_p2_latent=0.0000 real_p2_low_t_hits=0.0000 real_total=0.1899 synth_eps=0.1008 synth_eps_raw=0.1008 synth_pixel_l1=0.0000 synth_pixel_pl=0.0000 synth_pixel_id=0.0000 synth_latent=0.0000 synth_low_t_hits=0.0000 synth_total=0.1008 extra_render_attn_share=0.7022
[step 42750] real_p1_mirror_hole_cov=0.0137 real_p1_eps=0.1063 real_p1_hole_frac=0.3440 real_p2_eps=0.0520 real_p2_pixel_l1=0.0000 real_p2_pixel_pl=0.0000 real_p2_pixel_id=0.0000 real_p2_latent=0.0000 real_p2_low_t_hits=0.0000 real_total=0.1584 synth_eps=0.0373 synth_eps_raw=0.0373 synth_pixel_l1=0.0000 synth_pixel_pl=0.0000 synth_pixel_id=0.0000 synth_latent=0.0000 synth_low_t_hits=0.0000 synth_total=0.0373 extra_render_attn_share=0.7022
[step 42800] real_p1_mirror_hole_cov=0.1713 real_p1_eps=0.1872 real_p1_hole_frac=0.3635 real_p2_eps=0.2500 real_p2_pixel_l1=0.0000 real_p2_pixel_pl=0.0000 real_p2_pixel_id=0.0000 real_p2_latent=0.0000 real_p2_low_t_hits=1.0000 real_total=0.4372 synth_eps=0.0753 synth_eps_raw=0.0753 synth_pixel_l1=0.0000 synth_pixel_pl=0.0000 synth_pixel_id=0.0000 synth_latent=0.0000 synth_low_t_hits=0.0000 synth_total=0.0753 extra_render_attn_share=0.7022
[step 42850] real_p1_mirror_hole_cov=0.0496 real_p1_eps=0.0832 real_p1_hole_frac=0.1639 real_p2_eps=0.0533 real_p2_pixel_l1=0.0000 real_p2_pixel_pl=0.0000 real_p2_pixel_id=0.0000 real_p2_latent=0.0000 real_p2_low_t_hits=0.0000 real_total=0.1365 synth_eps=0.0109 synth_eps_raw=0.0109 synth_pixel_l1=0.0000 synth_pixel_pl=0.0000 synth_pixel_id=0.0000 synth_latent=0.0000 synth_low_t_hits=0.0000 synth_total=0.0109 extra_render_attn_share=0.7022
[step 42900] real_p1_mirror_hole_cov=0.1222 real_p1_eps=0.0735 real_p1_hole_frac=0.1911 real_p2_eps=0.0086 real_p2_pixel_l1=0.0000 real_p2_pixel_pl=0.0000 real_p2_pixel_id=0.0000 real_p2_latent=0.0000 real_p2_low_t_hits=0.0000 real_total=0.0821 synth_eps=0.4793 synth_eps_raw=0.4793 synth_pixel_l1=0.0000 synth_pixel_pl=0.0000 synth_pixel_id=0.0000 synth_latent=0.0000 synth_low_t_hits=1.0000 synth_total=0.4793 extra_render_attn_share=0.7022
[step 42950] real_p1_mirror_hole_cov=0.2862 real_p1_eps=0.1237 real_p1_hole_frac=0.3883 real_p2_eps=0.0291 real_p2_pixel_l1=0.0000 real_p2_pixel_pl=0.0000 real_p2_pixel_id=0.0000 real_p2_latent=0.0000 real_p2_low_t_hits=0.0000 real_total=0.1528 synth_eps=0.0272 synth_eps_raw=0.0272 synth_pixel_l1=0.0000 synth_pixel_pl=0.0000 synth_pixel_id=0.0000 synth_latent=0.0000 synth_low_t_hits=0.0000 synth_total=0.0272 extra_render_attn_share=0.7022
[step 43000] real_p1_mirror_hole_cov=0.0847 real_p1_eps=0.0024 real_p1_hole_frac=0.4332 real_p2_eps=0.0257 real_p2_pixel_l1=0.0000 real_p2_pixel_pl=0.0000 real_p2_pixel_id=0.0000 real_p2_latent=0.0000 real_p2_low_t_hits=0.0000 real_total=0.0281 synth_eps=0.2267 synth_eps_raw=0.2267 synth_pixel_l1=0.0000 synth_pixel_pl=0.0000 synth_pixel_id=0.0000 synth_latent=0.0000 synth_low_t_hits=0.0000 synth_total=0.2267 extra_render_attn_share=0.7022
[images] real: anchor | cond1 | cond2 | inv_warp_mirror | mask | mask_inv | warp_img | warp_warp_img | x | y_hat | y_hat_novel -> /home/xzy/warpgan-diffusiong-inpainting/warpgan-diffusion-inpainting-main/experiments/train_inpainting_diffusion/[20260910-123409]_v18w1_ctrl_50k/logs/images/train/real_step0043000.png
[images] synth: cond | mask | target | warp_img | x | y_hat_novel -> /home/xzy/warpgan-diffusiong-inpainting/warpgan-diffusion-inpainting-main/experiments/train_inpainting_diffusion/[20260910-123409]_v18w1_ctrl_50k/logs/images/train/synth_step0043000.png
[step 43050] real_p1_mirror_hole_cov=0.0503 real_p1_eps=0.0906 real_p1_hole_frac=0.5056 real_p2_eps=0.0845 real_p2_pixel_l1=0.0000 real_p2_pixel_pl=0.0000 real_p2_pixel_id=0.0000 real_p2_latent=0.0000 real_p2_low_t_hits=0.0000 real_total=0.1751 synth_eps=0.0349 synth_eps_raw=0.0349 synth_pixel_l1=0.0000 synth_pixel_pl=0.0000 synth_pixel_id=0.0000 synth_latent=0.0000 synth_low_t_hits=0.0000 synth_total=0.0349 extra_render_attn_share=0.7022
[step 43100] real_p1_mirror_hole_cov=0.0871 real_p1_eps=0.0546 real_p1_hole_frac=0.3716 real_p2_eps=0.0024 real_p2_pixel_l1=0.0000 real_p2_pixel_pl=0.0000 real_p2_pixel_id=0.0000 real_p2_latent=0.0000 real_p2_low_t_hits=0.0000 real_total=0.0569 synth_eps=0.1154 synth_eps_raw=0.1154 synth_pixel_l1=0.0000 synth_pixel_pl=0.0000 synth_pixel_id=0.0000 synth_latent=0.0000 synth_low_t_hits=0.0000 synth_total=0.1154 extra_render_attn_share=0.7022
[step 43150] real_p1_mirror_hole_cov=0.1648 real_p1_eps=0.0016 real_p1_hole_frac=0.3209 real_p2_eps=0.0384 real_p2_pixel_l1=0.0000 real_p2_pixel_pl=0.0000 real_p2_pixel_id=0.0000 real_p2_latent=0.0000 real_p2_low_t_hits=0.0000 real_total=0.0400 synth_eps=0.1282 synth_eps_raw=0.1282 synth_pixel_l1=0.0000 synth_pixel_pl=0.0000 synth_pixel_id=0.0000 synth_latent=0.0000 synth_low_t_hits=0.0000 synth_total=0.1282 extra_render_attn_share=0.7022
[step 43200] real_p1_mirror_hole_cov=0.1492 real_p1_eps=0.0388 real_p1_hole_frac=0.4209 real_p2_eps=0.0934 real_p2_pixel_l1=0.0000 real_p2_pixel_pl=0.0000 real_p2_pixel_id=0.0000 real_p2_latent=0.0000 real_p2_low_t_hits=0.0000 real_total=0.1322 synth_eps=0.0016 synth_eps_raw=0.0016 synth_pixel_l1=0.0000 synth_pixel_pl=0.0000 synth_pixel_id=0.0000 synth_latent=0.0000 synth_low_t_hits=0.0000 synth_total=0.0016 extra_render_attn_share=0.7022
[step 43250] real_p1_mirror_hole_cov=0.0218 real_p1_eps=0.0993 real_p1_hole_frac=0.2846 real_p2_eps=0.0184 real_p2_pixel_l1=0.0000 real_p2_pixel_pl=0.0000 real_p2_pixel_id=0.0000 real_p2_latent=0.0000 real_p2_low_t_hits=0.0000 real_total=0.1177 synth_eps=0.0304 synth_eps_raw=0.0304 synth_pixel_l1=0.0000 synth_pixel_pl=0.0000 synth_pixel_id=0.0000 synth_latent=0.0000 synth_low_t_hits=0.0000 synth_total=0.0304 extra_render_attn_share=0.7022
[step 43300] real_p1_mirror_hole_cov=0.0482 real_p1_eps=0.0057 real_p1_hole_frac=0.0657 real_p2_eps=0.0092 real_p2_pixel_l1=0.0000 real_p2_pixel_pl=0.0000 real_p2_pixel_id=0.0000 real_p2_latent=0.0000 real_p2_low_t_hits=0.0000 real_total=0.0149 synth_eps=0.0175 synth_eps_raw=0.0175 synth_pixel_l1=0.0000 synth_pixel_pl=0.0000 synth_pixel_id=0.0000 synth_latent=0.0000 synth_low_t_hits=0.0000 synth_total=0.0175 extra_render_attn_share=0.7022
[step 43350] real_p1_mirror_hole_cov=0.0058 real_p1_eps=0.0165 real_p1_hole_frac=0.1177 real_p2_eps=0.0132 real_p2_pixel_l1=0.0000 real_p2_pixel_pl=0.0000 real_p2_pixel_id=0.0000 real_p2_latent=0.0000 real_p2_low_t_hits=0.0000 real_total=0.0298 synth_eps=0.0392 synth_eps_raw=0.0392 synth_pixel_l1=0.0000 synth_pixel_pl=0.0000 synth_pixel_id=0.0000 synth_latent=0.0000 synth_low_t_hits=0.0000 synth_total=0.0392 extra_render_attn_share=0.7022
[step 43400] real_p1_mirror_hole_cov=0.3699 real_p1_eps=0.0016 real_p1_hole_frac=0.2091 real_p2_eps=0.0728 real_p2_pixel_l1=0.0000 real_p2_pixel_pl=0.0000 real_p2_pixel_id=0.0000 real_p2_latent=0.0000 real_p2_low_t_hits=0.0000 real_total=0.0744 synth_eps=0.0218 synth_eps_raw=0.0218 synth_pixel_l1=0.0000 synth_pixel_pl=0.0000 synth_pixel_id=0.0000 synth_latent=0.0000 synth_low_t_hits=0.0000 synth_total=0.0218 extra_render_attn_share=0.7022
[step 43450] real_p1_mirror_hole_cov=0.4138 real_p1_eps=0.0048 real_p1_hole_frac=0.3182 real_p2_eps=0.0731 real_p2_pixel_l1=0.0000 real_p2_pixel_pl=0.0000 real_p2_pixel_id=0.0000 real_p2_latent=0.0000 real_p2_low_t_hits=0.0000 real_total=0.0780 synth_eps=0.1113 synth_eps_raw=0.1113 synth_pixel_l1=0.0000 synth_pixel_pl=0.0000 synth_pixel_id=0.0000 synth_latent=0.0000 synth_low_t_hits=0.0000 synth_total=0.1113 extra_render_attn_share=0.7022
[step 43500] real_p1_mirror_hole_cov=0.0416 real_p1_eps=0.0228 real_p1_hole_frac=0.2564 real_p2_eps=0.0576 real_p2_pixel_l1=0.0000 real_p2_pixel_pl=0.0000 real_p2_pixel_id=0.0000 real_p2_latent=0.0000 real_p2_low_t_hits=0.0000 real_total=0.0804 synth_eps=0.0063 synth_eps_raw=0.0063 synth_pixel_l1=0.0000 synth_pixel_pl=0.0000 synth_pixel_id=0.0000 synth_latent=0.0000 synth_low_t_hits=0.0000 synth_total=0.0063 extra_render_attn_share=0.7022
[images] real: anchor | cond1 | cond2 | inv_warp_mirror | mask | mask_inv | warp_img | warp_warp_img | x | y_hat | y_hat_novel -> /home/xzy/warpgan-diffusiong-inpainting/warpgan-diffusion-inpainting-main/experiments/train_inpainting_diffusion/[20260910-123409]_v18w1_ctrl_50k/logs/images/train/real_step0043500.png
[images] synth: cond | mask | target | warp_img | x | y_hat_novel -> /home/xzy/warpgan-diffusiong-inpainting/warpgan-diffusion-inpainting-main/experiments/train_inpainting_diffusion/[20260910-123409]_v18w1_ctrl_50k/logs/images/train/synth_step0043500.png
[step 43550] real_p1_mirror_hole_cov=0.0213 real_p1_eps=0.0791 real_p1_hole_frac=0.1957 real_p2_eps=0.0223 real_p2_pixel_l1=0.0000 real_p2_pixel_pl=0.0000 real_p2_pixel_id=0.0000 real_p2_latent=0.0000 real_p2_low_t_hits=0.0000 real_total=0.1013 synth_eps=0.0661 synth_eps_raw=0.0661 synth_pixel_l1=0.0000 synth_pixel_pl=0.0000 synth_pixel_id=0.0000 synth_latent=0.0000 synth_low_t_hits=0.0000 synth_total=0.0661 extra_render_attn_share=0.7022
[step 43600] real_p1_mirror_hole_cov=0.0345 real_p1_eps=0.4166 real_p1_hole_frac=0.4153 real_p2_eps=0.1059 real_p2_pixel_l1=0.0000 real_p2_pixel_pl=0.0000 real_p2_pixel_id=0.0000 real_p2_latent=0.0000 real_p2_low_t_hits=0.0000 real_total=0.5224 synth_eps=0.0144 synth_eps_raw=0.0144 synth_pixel_l1=0.0000 synth_pixel_pl=0.0000 synth_pixel_id=0.0000 synth_latent=0.0000 synth_low_t_hits=0.0000 synth_total=0.0144 extra_render_attn_share=0.7022
[step 43650] real_p1_mirror_hole_cov=0.0748 real_p1_eps=0.0387 real_p1_hole_frac=0.5005 real_p2_eps=0.0779 real_p2_pixel_l1=0.0000 real_p2_pixel_pl=0.0000 real_p2_pixel_id=0.0000 real_p2_latent=0.0000 real_p2_low_t_hits=0.0000 real_total=0.1166 synth_eps=0.0226 synth_eps_raw=0.0226 synth_pixel_l1=0.0000 synth_pixel_pl=0.0000 synth_pixel_id=0.0000 synth_latent=0.0000 synth_low_t_hits=0.0000 synth_total=0.0226 extra_render_attn_share=0.7022
[step 43700] real_p1_mirror_hole_cov=0.1308 real_p1_eps=0.1565 real_p1_hole_frac=0.3213 real_p2_eps=0.0024 real_p2_pixel_l1=0.0000 real_p2_pixel_pl=0.0000 real_p2_pixel_id=0.0000 real_p2_latent=0.0000 real_p2_low_t_hits=0.0000 real_total=0.1589 synth_eps=0.2379 synth_eps_raw=0.2379 synth_pixel_l1=0.0000 synth_pixel_pl=0.0000 synth_pixel_id=0.0000 synth_latent=0.0000 synth_low_t_hits=0.0000 synth_total=0.2379 extra_render_attn_share=0.7022
[step 43750] real_p1_mirror_hole_cov=0.1403 real_p1_eps=0.1905 real_p1_hole_frac=0.1791 real_p2_eps=0.1142 real_p2_pixel_l1=0.0000 real_p2_pixel_pl=0.0000 real_p2_pixel_id=0.0000 real_p2_latent=0.0000 real_p2_low_t_hits=1.0000 real_total=0.3047 synth_eps=0.6868 synth_eps_raw=0.6868 synth_pixel_l1=0.0000 synth_pixel_pl=0.0000 synth_pixel_id=0.0000 synth_latent=0.0000 synth_low_t_hits=1.0000 synth_total=0.6868 extra_render_attn_share=0.7022
[step 43800] real_p1_mirror_hole_cov=0.0732 real_p1_eps=0.0012 real_p1_hole_frac=0.3305 real_p2_eps=0.0525 real_p2_pixel_l1=0.0000 real_p2_pixel_pl=0.0000 real_p2_pixel_id=0.0000 real_p2_latent=0.0000 real_p2_low_t_hits=0.0000 real_total=0.0537 synth_eps=0.0297 synth_eps_raw=0.0297 synth_pixel_l1=0.0000 synth_pixel_pl=0.0000 synth_pixel_id=0.0000 synth_latent=0.0000 synth_low_t_hits=0.0000 synth_total=0.0297 extra_render_attn_share=0.7022
[step 43850] real_p1_mirror_hole_cov=0.0314 real_p1_eps=0.2645 real_p1_hole_frac=0.5436 real_p2_eps=0.0066 real_p2_pixel_l1=0.0000 real_p2_pixel_pl=0.0000 real_p2_pixel_id=0.0000 real_p2_latent=0.0000 real_p2_low_t_hits=0.0000 real_total=0.2710 synth_eps=0.7315 synth_eps_raw=0.7315 synth_pixel_l1=0.0000 synth_pixel_pl=0.0000 synth_pixel_id=0.0000 synth_latent=0.0000 synth_low_t_hits=1.0000 synth_total=0.7315 extra_render_attn_share=0.7022
[step 43900] real_p1_mirror_hole_cov=0.0085 real_p1_eps=0.0056 real_p1_hole_frac=0.3026 real_p2_eps=0.1050 real_p2_pixel_l1=0.0000 real_p2_pixel_pl=0.0000 real_p2_pixel_id=0.0000 real_p2_latent=0.0000 real_p2_low_t_hits=0.0000 real_total=0.1106 synth_eps=0.0062 synth_eps_raw=0.0062 synth_pixel_l1=0.0000 synth_pixel_pl=0.0000 synth_pixel_id=0.0000 synth_latent=0.0000 synth_low_t_hits=0.0000 synth_total=0.0062 extra_render_attn_share=0.7022
[step 43950] real_p1_mirror_hole_cov=0.1088 real_p1_eps=0.0124 real_p1_hole_frac=0.1964 real_p2_eps=0.1420 real_p2_pixel_l1=0.0000 real_p2_pixel_pl=0.0000 real_p2_pixel_id=0.0000 real_p2_latent=0.0000 real_p2_low_t_hits=1.0000 real_total=0.1543 synth_eps=0.0360 synth_eps_raw=0.0360 synth_pixel_l1=0.0000 synth_pixel_pl=0.0000 synth_pixel_id=0.0000 synth_latent=0.0000 synth_low_t_hits=0.0000 synth_total=0.0360 extra_render_attn_share=0.7022
[val step 43999] val_novel_full=0.0364 val_novel_hole=0.0402 val_novel_visible=0.0357
[step 44000] real_p1_mirror_hole_cov=0.1636 real_p1_eps=0.0015 real_p1_hole_frac=0.3171 real_p2_eps=0.6851 real_p2_pixel_l1=0.0000 real_p2_pixel_pl=0.0000 real_p2_pixel_id=0.0000 real_p2_latent=0.0000 real_p2_low_t_hits=1.0000 real_total=0.6865 synth_eps=0.2825 synth_eps_raw=0.2825 synth_pixel_l1=0.0000 synth_pixel_pl=0.0000 synth_pixel_id=0.0000 synth_latent=0.0000 synth_low_t_hits=1.0000 synth_total=0.2825 extra_render_attn_share=0.6882
[images] real: anchor | cond1 | cond2 | inv_warp_mirror | mask | mask_inv | warp_img | warp_warp_img | x | y_hat | y_hat_novel -> /home/xzy/warpgan-diffusiong-inpainting/warpgan-diffusion-inpainting-main/experiments/train_inpainting_diffusion/[20260910-123409]_v18w1_ctrl_50k/logs/images/train/real_step0044000.png
[images] synth: cond | mask | target | warp_img | x | y_hat_novel -> /home/xzy/warpgan-diffusiong-inpainting/warpgan-diffusion-inpainting-main/experiments/train_inpainting_diffusion/[20260910-123409]_v18w1_ctrl_50k/logs/images/train/synth_step0044000.png
[step 44050] real_p1_mirror_hole_cov=0.1240 real_p1_eps=0.0752 real_p1_hole_frac=0.2584 real_p2_eps=0.1413 real_p2_pixel_l1=0.0000 real_p2_pixel_pl=0.0000 real_p2_pixel_id=0.0000 real_p2_latent=0.0000 real_p2_low_t_hits=1.0000 real_total=0.2165 synth_eps=0.0167 synth_eps_raw=0.0167 synth_pixel_l1=0.0000 synth_pixel_pl=0.0000 synth_pixel_id=0.0000 synth_latent=0.0000 synth_low_t_hits=0.0000 synth_total=0.0167 extra_render_attn_share=0.6882
[step 44100] real_p1_mirror_hole_cov=0.1123 real_p1_eps=0.1545 real_p1_hole_frac=0.3007 real_p2_eps=0.0072 real_p2_pixel_l1=0.0000 real_p2_pixel_pl=0.0000 real_p2_pixel_id=0.0000 real_p2_latent=0.0000 real_p2_low_t_hits=0.0000 real_total=0.1617 synth_eps=0.0207 synth_eps_raw=0.0207 synth_pixel_l1=0.0000 synth_pixel_pl=0.0000 synth_pixel_id=0.0000 synth_latent=0.0000 synth_low_t_hits=0.0000 synth_total=0.0207 extra_render_attn_share=0.6882
[step 44150] real_p1_mirror_hole_cov=0.3449 real_p1_eps=0.0150 real_p1_hole_frac=0.2049 real_p2_eps=0.0152 real_p2_pixel_l1=0.0000 real_p2_pixel_pl=0.0000 real_p2_pixel_id=0.0000 real_p2_latent=0.0000 real_p2_low_t_hits=0.0000 real_total=0.0302 synth_eps=0.1484 synth_eps_raw=0.1484 synth_pixel_l1=0.0000 synth_pixel_pl=0.0000 synth_pixel_id=0.0000 synth_latent=0.0000 synth_low_t_hits=0.0000 synth_total=0.1484 extra_render_attn_share=0.6882
[step 44200] real_p1_mirror_hole_cov=0.1038 real_p1_eps=0.0228 real_p1_hole_frac=0.0704 real_p2_eps=0.2986 real_p2_pixel_l1=0.0000 real_p2_pixel_pl=0.0000 real_p2_pixel_id=0.0000 real_p2_latent=0.0000 real_p2_low_t_hits=1.0000 real_total=0.3214 synth_eps=0.3728 synth_eps_raw=0.3728 synth_pixel_l1=0.0000 synth_pixel_pl=0.0000 synth_pixel_id=0.0000 synth_latent=0.0000 synth_low_t_hits=1.0000 synth_total=0.3728 extra_render_attn_share=0.6882
[step 44250] real_p1_mirror_hole_cov=0.0881 real_p1_eps=0.1188 real_p1_hole_frac=0.1590 real_p2_eps=0.0108 real_p2_pixel_l1=0.0000 real_p2_pixel_pl=0.0000 real_p2_pixel_id=0.0000 real_p2_latent=0.0000 real_p2_low_t_hits=0.0000 real_total=0.1296 synth_eps=0.2569 synth_eps_raw=0.2569 synth_pixel_l1=0.0000 synth_pixel_pl=0.0000 synth_pixel_id=0.0000 synth_latent=0.0000 synth_low_t_hits=1.0000 synth_total=0.2569 extra_render_attn_share=0.6882
[step 44300] real_p1_mirror_hole_cov=0.0271 real_p1_eps=0.3919 real_p1_hole_frac=0.0597 real_p2_eps=0.0457 real_p2_pixel_l1=0.0000 real_p2_pixel_pl=0.0000 real_p2_pixel_id=0.0000 real_p2_latent=0.0000 real_p2_low_t_hits=0.0000 real_total=0.4376 synth_eps=0.1708 synth_eps_raw=0.1708 synth_pixel_l1=0.0000 synth_pixel_pl=0.0000 synth_pixel_id=0.0000 synth_latent=0.0000 synth_low_t_hits=0.0000 synth_total=0.1708 extra_render_attn_share=0.6882
[step 44350] real_p1_mirror_hole_cov=0.0050 real_p1_eps=0.0035 real_p1_hole_frac=0.1306 real_p2_eps=0.1139 real_p2_pixel_l1=0.0000 real_p2_pixel_pl=0.0000 real_p2_pixel_id=0.0000 real_p2_latent=0.0000 real_p2_low_t_hits=1.0000 real_total=0.1173 synth_eps=0.0418 synth_eps_raw=0.0418 synth_pixel_l1=0.0000 synth_pixel_pl=0.0000 synth_pixel_id=0.0000 synth_latent=0.0000 synth_low_t_hits=0.0000 synth_total=0.0418 extra_render_attn_share=0.6882
[step 44400] real_p1_mirror_hole_cov=0.1347 real_p1_eps=0.1266 real_p1_hole_frac=0.2539 real_p2_eps=0.1302 real_p2_pixel_l1=0.0000 real_p2_pixel_pl=0.0000 real_p2_pixel_id=0.0000 real_p2_latent=0.0000 real_p2_low_t_hits=0.0000 real_total=0.2568 synth_eps=0.0218 synth_eps_raw=0.0218 synth_pixel_l1=0.0000 synth_pixel_pl=0.0000 synth_pixel_id=0.0000 synth_latent=0.0000 synth_low_t_hits=0.0000 synth_total=0.0218 extra_render_attn_share=0.6882
[step 44450] real_p1_mirror_hole_cov=0.2028 real_p1_eps=0.0888 real_p1_hole_frac=0.1374 real_p2_eps=0.0014 real_p2_pixel_l1=0.0000 real_p2_pixel_pl=0.0000 real_p2_pixel_id=0.0000 real_p2_latent=0.0000 real_p2_low_t_hits=0.0000 real_total=0.0902 synth_eps=0.0633 synth_eps_raw=0.0633 synth_pixel_l1=0.0000 synth_pixel_pl=0.0000 synth_pixel_id=0.0000 synth_latent=0.0000 synth_low_t_hits=0.0000 synth_total=0.0633 extra_render_attn_share=0.6882
[step 44500] real_p1_mirror_hole_cov=0.1492 real_p1_eps=0.2704 real_p1_hole_frac=0.2539 real_p2_eps=0.1145 real_p2_pixel_l1=0.0000 real_p2_pixel_pl=0.0000 real_p2_pixel_id=0.0000 real_p2_latent=0.0000 real_p2_low_t_hits=0.0000 real_total=0.3849 synth_eps=0.3876 synth_eps_raw=0.3876 synth_pixel_l1=0.0000 synth_pixel_pl=0.0000 synth_pixel_id=0.0000 synth_latent=0.0000 synth_low_t_hits=1.0000 synth_total=0.3876 extra_render_attn_share=0.6882
[images] real: anchor | cond1 | cond2 | inv_warp_mirror | mask | mask_inv | warp_img | warp_warp_img | x | y_hat | y_hat_novel -> /home/xzy/warpgan-diffusiong-inpainting/warpgan-diffusion-inpainting-main/experiments/train_inpainting_diffusion/[20260910-123409]_v18w1_ctrl_50k/logs/images/train/real_step0044500.png
[images] synth: cond | mask | target | warp_img | x | y_hat_novel -> /home/xzy/warpgan-diffusiong-inpainting/warpgan-diffusion-inpainting-main/experiments/train_inpainting_diffusion/[20260910-123409]_v18w1_ctrl_50k/logs/images/train/synth_step0044500.png
[step 44550] real_p1_mirror_hole_cov=0.0855 real_p1_eps=0.0259 real_p1_hole_frac=0.2673 real_p2_eps=0.0028 real_p2_pixel_l1=0.0000 real_p2_pixel_pl=0.0000 real_p2_pixel_id=0.0000 real_p2_latent=0.0000 real_p2_low_t_hits=0.0000 real_total=0.0287 synth_eps=0.0107 synth_eps_raw=0.0107 synth_pixel_l1=0.0000 synth_pixel_pl=0.0000 synth_pixel_id=0.0000 synth_latent=0.0000 synth_low_t_hits=0.0000 synth_total=0.0107 extra_render_attn_share=0.6882
[step 44600] real_p1_mirror_hole_cov=0.1456 real_p1_eps=0.0453 real_p1_hole_frac=0.2803 real_p2_eps=0.0521 real_p2_pixel_l1=0.0000 real_p2_pixel_pl=0.0000 real_p2_pixel_id=0.0000 real_p2_latent=0.0000 real_p2_low_t_hits=0.0000 real_total=0.0974 synth_eps=0.0247 synth_eps_raw=0.0247 synth_pixel_l1=0.0000 synth_pixel_pl=0.0000 synth_pixel_id=0.0000 synth_latent=0.0000 synth_low_t_hits=0.0000 synth_total=0.0247 extra_render_attn_share=0.6882
[step 44650] real_p1_mirror_hole_cov=0.1560 real_p1_eps=0.0030 real_p1_hole_frac=0.3807 real_p2_eps=0.0394 real_p2_pixel_l1=0.0000 real_p2_pixel_pl=0.0000 real_p2_pixel_id=0.0000 real_p2_latent=0.0000 real_p2_low_t_hits=0.0000 real_total=0.0424 synth_eps=0.5681 synth_eps_raw=0.5681 synth_pixel_l1=0.0000 synth_pixel_pl=0.0000 synth_pixel_id=0.0000 synth_latent=0.0000 synth_low_t_hits=1.0000 synth_total=0.5681 extra_render_attn_share=0.6882
[step 44700] real_p1_mirror_hole_cov=0.0704 real_p1_eps=0.0063 real_p1_hole_frac=0.3880 real_p2_eps=0.0883 real_p2_pixel_l1=0.0000 real_p2_pixel_pl=0.0000 real_p2_pixel_id=0.0000 real_p2_latent=0.0000 real_p2_low_t_hits=0.0000 real_total=0.0947 synth_eps=0.4483 synth_eps_raw=0.4483 synth_pixel_l1=0.0000 synth_pixel_pl=0.0000 synth_pixel_id=0.0000 synth_latent=0.0000 synth_low_t_hits=1.0000 synth_total=0.4483 extra_render_attn_share=0.6882
[step 44750] real_p1_mirror_hole_cov=0.0392 real_p1_eps=0.0471 real_p1_hole_frac=0.0769 real_p2_eps=0.0007 real_p2_pixel_l1=0.0000 real_p2_pixel_pl=0.0000 real_p2_pixel_id=0.0000 real_p2_latent=0.0000 real_p2_low_t_hits=0.0000 real_total=0.0478 synth_eps=0.4325 synth_eps_raw=0.4325 synth_pixel_l1=0.0000 synth_pixel_pl=0.0000 synth_pixel_id=0.0000 synth_latent=0.0000 synth_low_t_hits=1.0000 synth_total=0.4325 extra_render_attn_share=0.6882
[step 44800] real_p1_mirror_hole_cov=0.1133 real_p1_eps=0.0772 real_p1_hole_frac=0.3513 real_p2_eps=0.2068 real_p2_pixel_l1=0.0000 real_p2_pixel_pl=0.0000 real_p2_pixel_id=0.0000 real_p2_latent=0.0000 real_p2_low_t_hits=1.0000 real_total=0.2840 synth_eps=0.0501 synth_eps_raw=0.0501 synth_pixel_l1=0.0000 synth_pixel_pl=0.0000 synth_pixel_id=0.0000 synth_latent=0.0000 synth_low_t_hits=0.0000 synth_total=0.0501 extra_render_attn_share=0.6882
[step 44850] real_p1_mirror_hole_cov=0.0231 real_p1_eps=0.0883 real_p1_hole_frac=0.1161 real_p2_eps=0.0124 real_p2_pixel_l1=0.0000 real_p2_pixel_pl=0.0000 real_p2_pixel_id=0.0000 real_p2_latent=0.0000 real_p2_low_t_hits=0.0000 real_total=0.1007 synth_eps=0.2315 synth_eps_raw=0.2315 synth_pixel_l1=0.0000 synth_pixel_pl=0.0000 synth_pixel_id=0.0000 synth_latent=0.0000 synth_low_t_hits=0.0000 synth_total=0.2315 extra_render_attn_share=0.6882
[step 44900] real_p1_mirror_hole_cov=0.2121 real_p1_eps=0.0016 real_p1_hole_frac=0.1654 real_p2_eps=0.0041 real_p2_pixel_l1=0.0000 real_p2_pixel_pl=0.0000 real_p2_pixel_id=0.0000 real_p2_latent=0.0000 real_p2_low_t_hits=0.0000 real_total=0.0058 synth_eps=0.0214 synth_eps_raw=0.0214 synth_pixel_l1=0.0000 synth_pixel_pl=0.0000 synth_pixel_id=0.0000 synth_latent=0.0000 synth_low_t_hits=0.0000 synth_total=0.0214 extra_render_attn_share=0.6882
[step 44950] real_p1_mirror_hole_cov=0.1033 real_p1_eps=0.2428 real_p1_hole_frac=0.5464 real_p2_eps=0.0884 real_p2_pixel_l1=0.0000 real_p2_pixel_pl=0.0000 real_p2_pixel_id=0.0000 real_p2_latent=0.0000 real_p2_low_t_hits=0.0000 real_total=0.3312 synth_eps=0.0158 synth_eps_raw=0.0158 synth_pixel_l1=0.0000 synth_pixel_pl=0.0000 synth_pixel_id=0.0000 synth_latent=0.0000 synth_low_t_hits=0.0000 synth_total=0.0158 extra_render_attn_share=0.6882
[step 45000] real_p1_mirror_hole_cov=0.0002 real_p1_eps=0.0051 real_p1_hole_frac=0.2902 real_p2_eps=0.0199 real_p2_pixel_l1=0.0000 real_p2_pixel_pl=0.0000 real_p2_pixel_id=0.0000 real_p2_latent=0.0000 real_p2_low_t_hits=0.0000 real_total=0.0250 synth_eps=0.4912 synth_eps_raw=0.4912 synth_pixel_l1=0.0000 synth_pixel_pl=0.0000 synth_pixel_id=0.0000 synth_latent=0.0000 synth_low_t_hits=1.0000 synth_total=0.4912 extra_render_attn_share=0.6882
[images] real: anchor | cond1 | cond2 | inv_warp_mirror | mask | mask_inv | warp_img | warp_warp_img | x | y_hat | y_hat_novel -> /home/xzy/warpgan-diffusiong-inpainting/warpgan-diffusion-inpainting-main/experiments/train_inpainting_diffusion/[20260910-123409]_v18w1_ctrl_50k/logs/images/train/real_step0045000.png
[images] synth: cond | mask | target | warp_img | x | y_hat_novel -> /home/xzy/warpgan-diffusiong-inpainting/warpgan-diffusion-inpainting-main/experiments/train_inpainting_diffusion/[20260910-123409]_v18w1_ctrl_50k/logs/images/train/synth_step0045000.png
[step 45050] real_p1_mirror_hole_cov=0.0326 real_p1_eps=0.1198 real_p1_hole_frac=0.4608 real_p2_eps=0.1007 real_p2_pixel_l1=0.0000 real_p2_pixel_pl=0.0000 real_p2_pixel_id=0.0000 real_p2_latent=0.0000 real_p2_low_t_hits=0.0000 real_total=0.2205 synth_eps=0.1129 synth_eps_raw=0.1129 synth_pixel_l1=0.0000 synth_pixel_pl=0.0000 synth_pixel_id=0.0000 synth_latent=0.0000 synth_low_t_hits=0.0000 synth_total=0.1129 extra_render_attn_share=0.6882
[step 45100] real_p1_mirror_hole_cov=0.0115 real_p1_eps=0.0047 real_p1_hole_frac=0.2250 real_p2_eps=0.0539 real_p2_pixel_l1=0.0000 real_p2_pixel_pl=0.0000 real_p2_pixel_id=0.0000 real_p2_latent=0.0000 real_p2_low_t_hits=0.0000 real_total=0.0586 synth_eps=0.0235 synth_eps_raw=0.0235 synth_pixel_l1=0.0000 synth_pixel_pl=0.0000 synth_pixel_id=0.0000 synth_latent=0.0000 synth_low_t_hits=0.0000 synth_total=0.0235 extra_render_attn_share=0.6882
[step 45150] real_p1_mirror_hole_cov=0.0208 real_p1_eps=0.0268 real_p1_hole_frac=0.0841 real_p2_eps=0.0004 real_p2_pixel_l1=0.0000 real_p2_pixel_pl=0.0000 real_p2_pixel_id=0.0000 real_p2_latent=0.0000 real_p2_low_t_hits=0.0000 real_total=0.0272 synth_eps=0.0040 synth_eps_raw=0.0040 synth_pixel_l1=0.0000 synth_pixel_pl=0.0000 synth_pixel_id=0.0000 synth_latent=0.0000 synth_low_t_hits=0.0000 synth_total=0.0040 extra_render_attn_share=0.6882
[step 45200] real_p1_mirror_hole_cov=0.1656 real_p1_eps=0.0084 real_p1_hole_frac=0.5123 real_p2_eps=0.1100 real_p2_pixel_l1=0.0000 real_p2_pixel_pl=0.0000 real_p2_pixel_id=0.0000 real_p2_latent=0.0000 real_p2_low_t_hits=0.0000 real_total=0.1184 synth_eps=0.0375 synth_eps_raw=0.0375 synth_pixel_l1=0.0000 synth_pixel_pl=0.0000 synth_pixel_id=0.0000 synth_latent=0.0000 synth_low_t_hits=0.0000 synth_total=0.0375 extra_render_attn_share=0.6882
[step 45250] real_p1_mirror_hole_cov=0.2963 real_p1_eps=0.2681 real_p1_hole_frac=0.4013 real_p2_eps=0.0400 real_p2_pixel_l1=0.0000 real_p2_pixel_pl=0.0000 real_p2_pixel_id=0.0000 real_p2_latent=0.0000 real_p2_low_t_hits=0.0000 real_total=0.3081 synth_eps=0.0442 synth_eps_raw=0.0442 synth_pixel_l1=0.0000 synth_pixel_pl=0.0000 synth_pixel_id=0.0000 synth_latent=0.0000 synth_low_t_hits=0.0000 synth_total=0.0442 extra_render_attn_share=0.6882
[step 45300] real_p1_mirror_hole_cov=0.1522 real_p1_eps=0.0032 real_p1_hole_frac=0.3526 real_p2_eps=0.1530 real_p2_pixel_l1=0.0000 real_p2_pixel_pl=0.0000 real_p2_pixel_id=0.0000 real_p2_latent=0.0000 real_p2_low_t_hits=1.0000 real_total=0.1562 synth_eps=0.4817 synth_eps_raw=0.4817 synth_pixel_l1=0.0000 synth_pixel_pl=0.0000 synth_pixel_id=0.0000 synth_latent=0.0000 synth_low_t_hits=1.0000 synth_total=0.4817 extra_render_attn_share=0.6882
[step 45350] real_p1_mirror_hole_cov=0.0127 real_p1_eps=0.0008 real_p1_hole_frac=0.0483 real_p2_eps=0.0007 real_p2_pixel_l1=0.0000 real_p2_pixel_pl=0.0000 real_p2_pixel_id=0.0000 real_p2_latent=0.0000 real_p2_low_t_hits=0.0000 real_total=0.0015 synth_eps=0.8098 synth_eps_raw=0.8098 synth_pixel_l1=0.0000 synth_pixel_pl=0.0000 synth_pixel_id=0.0000 synth_latent=0.0000 synth_low_t_hits=1.0000 synth_total=0.8098 extra_render_attn_share=0.6882
[step 45400] real_p1_mirror_hole_cov=0.0359 real_p1_eps=0.0544 real_p1_hole_frac=0.4219 real_p2_eps=0.0579 real_p2_pixel_l1=0.0000 real_p2_pixel_pl=0.0000 real_p2_pixel_id=0.0000 real_p2_latent=0.0000 real_p2_low_t_hits=0.0000 real_total=0.1122 synth_eps=0.0936 synth_eps_raw=0.0936 synth_pixel_l1=0.0000 synth_pixel_pl=0.0000 synth_pixel_id=0.0000 synth_latent=0.0000 synth_low_t_hits=0.0000 synth_total=0.0936 extra_render_attn_share=0.6882
[step 45450] real_p1_mirror_hole_cov=0.0315 real_p1_eps=0.0227 real_p1_hole_frac=0.3727 real_p2_eps=0.0080 real_p2_pixel_l1=0.0000 real_p2_pixel_pl=0.0000 real_p2_pixel_id=0.0000 real_p2_latent=0.0000 real_p2_low_t_hits=0.0000 real_total=0.0307 synth_eps=0.0436 synth_eps_raw=0.0436 synth_pixel_l1=0.0000 synth_pixel_pl=0.0000 synth_pixel_id=0.0000 synth_latent=0.0000 synth_low_t_hits=0.0000 synth_total=0.0436 extra_render_attn_share=0.6882
[step 45500] real_p1_mirror_hole_cov=0.1658 real_p1_eps=0.0009 real_p1_hole_frac=0.2900 real_p2_eps=0.0330 real_p2_pixel_l1=0.0000 real_p2_pixel_pl=0.0000 real_p2_pixel_id=0.0000 real_p2_latent=0.0000 real_p2_low_t_hits=0.0000 real_total=0.0339 synth_eps=0.3192 synth_eps_raw=0.3192 synth_pixel_l1=0.0000 synth_pixel_pl=0.0000 synth_pixel_id=0.0000 synth_latent=0.0000 synth_low_t_hits=1.0000 synth_total=0.3192 extra_render_attn_share=0.6882
[images] real: anchor | cond1 | cond2 | inv_warp_mirror | mask | mask_inv | warp_img | warp_warp_img | x | y_hat | y_hat_novel -> /home/xzy/warpgan-diffusiong-inpainting/warpgan-diffusion-inpainting-main/experiments/train_inpainting_diffusion/[20260910-123409]_v18w1_ctrl_50k/logs/images/train/real_step0045500.png
[images] synth: cond | mask | target | warp_img | x | y_hat_novel -> /home/xzy/warpgan-diffusiong-inpainting/warpgan-diffusion-inpainting-main/experiments/train_inpainting_diffusion/[20260910-123409]_v18w1_ctrl_50k/logs/images/train/synth_step0045500.png
[step 45550] real_p1_mirror_hole_cov=0.1481 real_p1_eps=0.0206 real_p1_hole_frac=0.2422 real_p2_eps=0.0352 real_p2_pixel_l1=0.0000 real_p2_pixel_pl=0.0000 real_p2_pixel_id=0.0000 real_p2_latent=0.0000 real_p2_low_t_hits=0.0000 real_total=0.0558 synth_eps=0.0199 synth_eps_raw=0.0199 synth_pixel_l1=0.0000 synth_pixel_pl=0.0000 synth_pixel_id=0.0000 synth_latent=0.0000 synth_low_t_hits=0.0000 synth_total=0.0199 extra_render_attn_share=0.6882
[step 45600] real_p1_mirror_hole_cov=0.0422 real_p1_eps=0.0409 real_p1_hole_frac=0.2747 real_p2_eps=0.0073 real_p2_pixel_l1=0.0000 real_p2_pixel_pl=0.0000 real_p2_pixel_id=0.0000 real_p2_latent=0.0000 real_p2_low_t_hits=0.0000 real_total=0.0482 synth_eps=0.0878 synth_eps_raw=0.0878 synth_pixel_l1=0.0000 synth_pixel_pl=0.0000 synth_pixel_id=0.0000 synth_latent=0.0000 synth_low_t_hits=0.0000 synth_total=0.0878 extra_render_attn_share=0.6882
[step 45650] real_p1_mirror_hole_cov=0.1368 real_p1_eps=0.1461 real_p1_hole_frac=0.3737 real_p2_eps=0.0645 real_p2_pixel_l1=0.0000 real_p2_pixel_pl=0.0000 real_p2_pixel_id=0.0000 real_p2_latent=0.0000 real_p2_low_t_hits=0.0000 real_total=0.2106 synth_eps=0.0061 synth_eps_raw=0.0061 synth_pixel_l1=0.0000 synth_pixel_pl=0.0000 synth_pixel_id=0.0000 synth_latent=0.0000 synth_low_t_hits=0.0000 synth_total=0.0061 extra_render_attn_share=0.6882
[step 45700] real_p1_mirror_hole_cov=0.0236 real_p1_eps=0.0269 real_p1_hole_frac=0.1306 real_p2_eps=0.0016 real_p2_pixel_l1=0.0000 real_p2_pixel_pl=0.0000 real_p2_pixel_id=0.0000 real_p2_latent=0.0000 real_p2_low_t_hits=0.0000 real_total=0.0285 synth_eps=0.0415 synth_eps_raw=0.0415 synth_pixel_l1=0.0000 synth_pixel_pl=0.0000 synth_pixel_id=0.0000 synth_latent=0.0000 synth_low_t_hits=0.0000 synth_total=0.0415 extra_render_attn_share=0.6882
[step 45750] real_p1_mirror_hole_cov=0.0129 real_p1_eps=0.0393 real_p1_hole_frac=0.2623 real_p2_eps=0.0932 real_p2_pixel_l1=0.0000 real_p2_pixel_pl=0.0000 real_p2_pixel_id=0.0000 real_p2_latent=0.0000 real_p2_low_t_hits=0.0000 real_total=0.1325 synth_eps=0.0295 synth_eps_raw=0.0295 synth_pixel_l1=0.0000 synth_pixel_pl=0.0000 synth_pixel_id=0.0000 synth_latent=0.0000 synth_low_t_hits=0.0000 synth_total=0.0295 extra_render_attn_share=0.6882
[step 45800] real_p1_mirror_hole_cov=0.1594 real_p1_eps=0.0537 real_p1_hole_frac=0.1149 real_p2_eps=0.2082 real_p2_pixel_l1=0.0000 real_p2_pixel_pl=0.0000 real_p2_pixel_id=0.0000 real_p2_latent=0.0000 real_p2_low_t_hits=1.0000 real_total=0.2619 synth_eps=0.0040 synth_eps_raw=0.0040 synth_pixel_l1=0.0000 synth_pixel_pl=0.0000 synth_pixel_id=0.0000 synth_latent=0.0000 synth_low_t_hits=0.0000 synth_total=0.0040 extra_render_attn_share=0.6882
[step 45850] real_p1_mirror_hole_cov=0.0171 real_p1_eps=0.3515 real_p1_hole_frac=0.1924 real_p2_eps=0.0041 real_p2_pixel_l1=0.0000 real_p2_pixel_pl=0.0000 real_p2_pixel_id=0.0000 real_p2_latent=0.0000 real_p2_low_t_hits=0.0000 real_total=0.3556 synth_eps=0.3001 synth_eps_raw=0.3001 synth_pixel_l1=0.0000 synth_pixel_pl=0.0000 synth_pixel_id=0.0000 synth_latent=0.0000 synth_low_t_hits=1.0000 synth_total=0.3001 extra_render_attn_share=0.6882
[step 45900] real_p1_mirror_hole_cov=0.1417 real_p1_eps=0.0253 real_p1_hole_frac=0.4677 real_p2_eps=0.0781 real_p2_pixel_l1=0.0000 real_p2_pixel_pl=0.0000 real_p2_pixel_id=0.0000 real_p2_latent=0.0000 real_p2_low_t_hits=0.0000 real_total=0.1034 synth_eps=0.0048 synth_eps_raw=0.0048 synth_pixel_l1=0.0000 synth_pixel_pl=0.0000 synth_pixel_id=0.0000 synth_latent=0.0000 synth_low_t_hits=0.0000 synth_total=0.0048 extra_render_attn_share=0.6882
[step 45950] real_p1_mirror_hole_cov=0.0295 real_p1_eps=0.0860 real_p1_hole_frac=0.0772 real_p2_eps=0.0025 real_p2_pixel_l1=0.0000 real_p2_pixel_pl=0.0000 real_p2_pixel_id=0.0000 real_p2_latent=0.0000 real_p2_low_t_hits=0.0000 real_total=0.0885 synth_eps=0.2683 synth_eps_raw=0.2683 synth_pixel_l1=0.0000 synth_pixel_pl=0.0000 synth_pixel_id=0.0000 synth_latent=0.0000 synth_low_t_hits=1.0000 synth_total=0.2683 extra_render_attn_share=0.6882
[val step 45999] val_novel_full=0.0715 val_novel_hole=0.0775 val_novel_visible=0.0677
[step 46000] real_p1_mirror_hole_cov=0.1140 real_p1_eps=0.0462 real_p1_hole_frac=0.3598 real_p2_eps=0.1533 real_p2_pixel_l1=0.0000 real_p2_pixel_pl=0.0000 real_p2_pixel_id=0.0000 real_p2_latent=0.0000 real_p2_low_t_hits=1.0000 real_total=0.1995 synth_eps=0.2414 synth_eps_raw=0.2414 synth_pixel_l1=0.0000 synth_pixel_pl=0.0000 synth_pixel_id=0.0000 synth_latent=0.0000 synth_low_t_hits=1.0000 synth_total=0.2414 extra_render_attn_share=0.6786
[images] real: anchor | cond1 | cond2 | inv_warp_mirror | mask | mask_inv | warp_img | warp_warp_img | x | y_hat | y_hat_novel -> /home/xzy/warpgan-diffusiong-inpainting/warpgan-diffusion-inpainting-main/experiments/train_inpainting_diffusion/[20260910-123409]_v18w1_ctrl_50k/logs/images/train/real_step0046000.png
[images] synth: cond | mask | target | warp_img | x | y_hat_novel -> /home/xzy/warpgan-diffusiong-inpainting/warpgan-diffusion-inpainting-main/experiments/train_inpainting_diffusion/[20260910-123409]_v18w1_ctrl_50k/logs/images/train/synth_step0046000.png
[step 46050] real_p1_mirror_hole_cov=0.1412 real_p1_eps=0.0970 real_p1_hole_frac=0.2290 real_p2_eps=0.0952 real_p2_pixel_l1=0.0000 real_p2_pixel_pl=0.0000 real_p2_pixel_id=0.0000 real_p2_latent=0.0000 real_p2_low_t_hits=0.0000 real_total=0.1921 synth_eps=0.1138 synth_eps_raw=0.1138 synth_pixel_l1=0.0000 synth_pixel_pl=0.0000 synth_pixel_id=0.0000 synth_latent=0.0000 synth_low_t_hits=0.0000 synth_total=0.1138 extra_render_attn_share=0.6786
[step 46100] real_p1_mirror_hole_cov=0.1311 real_p1_eps=0.1500 real_p1_hole_frac=0.5734 real_p2_eps=0.0097 real_p2_pixel_l1=0.0000 real_p2_pixel_pl=0.0000 real_p2_pixel_id=0.0000 real_p2_latent=0.0000 real_p2_low_t_hits=0.0000 real_total=0.1597 synth_eps=0.0014 synth_eps_raw=0.0014 synth_pixel_l1=0.0000 synth_pixel_pl=0.0000 synth_pixel_id=0.0000 synth_latent=0.0000 synth_low_t_hits=0.0000 synth_total=0.0014 extra_render_attn_share=0.6786
[step 46150] real_p1_mirror_hole_cov=0.0630 real_p1_eps=0.0048 real_p1_hole_frac=0.1694 real_p2_eps=0.0320 real_p2_pixel_l1=0.0000 real_p2_pixel_pl=0.0000 real_p2_pixel_id=0.0000 real_p2_latent=0.0000 real_p2_low_t_hits=0.0000 real_total=0.0368 synth_eps=0.0033 synth_eps_raw=0.0033 synth_pixel_l1=0.0000 synth_pixel_pl=0.0000 synth_pixel_id=0.0000 synth_latent=0.0000 synth_low_t_hits=0.0000 synth_total=0.0033 extra_render_attn_share=0.6786
[step 46200] real_p1_mirror_hole_cov=0.1931 real_p1_eps=0.2783 real_p1_hole_frac=0.4872 real_p2_eps=0.0075 real_p2_pixel_l1=0.0000 real_p2_pixel_pl=0.0000 real_p2_pixel_id=0.0000 real_p2_latent=0.0000 real_p2_low_t_hits=0.0000 real_total=0.2859 synth_eps=0.0745 synth_eps_raw=0.0745 synth_pixel_l1=0.0000 synth_pixel_pl=0.0000 synth_pixel_id=0.0000 synth_latent=0.0000 synth_low_t_hits=0.0000 synth_total=0.0745 extra_render_attn_share=0.6786
[step 46250] real_p1_mirror_hole_cov=0.0112 real_p1_eps=0.0013 real_p1_hole_frac=0.1339 real_p2_eps=0.0275 real_p2_pixel_l1=0.0000 real_p2_pixel_pl=0.0000 real_p2_pixel_id=0.0000 real_p2_latent=0.0000 real_p2_low_t_hits=0.0000 real_total=0.0288 synth_eps=0.0078 synth_eps_raw=0.0078 synth_pixel_l1=0.0000 synth_pixel_pl=0.0000 synth_pixel_id=0.0000 synth_latent=0.0000 synth_low_t_hits=0.0000 synth_total=0.0078 extra_render_attn_share=0.6786
[step 46300] real_p1_mirror_hole_cov=0.0535 real_p1_eps=0.1311 real_p1_hole_frac=0.0531 real_p2_eps=0.0384 real_p2_pixel_l1=0.0000 real_p2_pixel_pl=0.0000 real_p2_pixel_id=0.0000 real_p2_latent=0.0000 real_p2_low_t_hits=0.0000 real_total=0.1695 synth_eps=0.0129 synth_eps_raw=0.0129 synth_pixel_l1=0.0000 synth_pixel_pl=0.0000 synth_pixel_id=0.0000 synth_latent=0.0000 synth_low_t_hits=0.0000 synth_total=0.0129 extra_render_attn_share=0.6786
[step 46350] real_p1_mirror_hole_cov=0.0185 real_p1_eps=0.0017 real_p1_hole_frac=0.3204 real_p2_eps=0.0393 real_p2_pixel_l1=0.0000 real_p2_pixel_pl=0.0000 real_p2_pixel_id=0.0000 real_p2_latent=0.0000 real_p2_low_t_hits=0.0000 real_total=0.0410 synth_eps=0.0126 synth_eps_raw=0.0126 synth_pixel_l1=0.0000 synth_pixel_pl=0.0000 synth_pixel_id=0.0000 synth_latent=0.0000 synth_low_t_hits=0.0000 synth_total=0.0126 extra_render_attn_share=0.6786
[step 46400] real_p1_mirror_hole_cov=0.0501 real_p1_eps=0.0027 real_p1_hole_frac=0.1194 real_p2_eps=0.0240 real_p2_pixel_l1=0.0000 real_p2_pixel_pl=0.0000 real_p2_pixel_id=0.0000 real_p2_latent=0.0000 real_p2_low_t_hits=0.0000 real_total=0.0268 synth_eps=0.3669 synth_eps_raw=0.3669 synth_pixel_l1=0.0000 synth_pixel_pl=0.0000 synth_pixel_id=0.0000 synth_latent=0.0000 synth_low_t_hits=1.0000 synth_total=0.3669 extra_render_attn_share=0.6786
[step 46450] real_p1_mirror_hole_cov=0.0072 real_p1_eps=0.0012 real_p1_hole_frac=0.0751 real_p2_eps=0.0167 real_p2_pixel_l1=0.0000 real_p2_pixel_pl=0.0000 real_p2_pixel_id=0.0000 real_p2_latent=0.0000 real_p2_low_t_hits=0.0000 real_total=0.0179 synth_eps=0.0402 synth_eps_raw=0.0402 synth_pixel_l1=0.0000 synth_pixel_pl=0.0000 synth_pixel_id=0.0000 synth_latent=0.0000 synth_low_t_hits=0.0000 synth_total=0.0402 extra_render_attn_share=0.6786
[step 46500] real_p1_mirror_hole_cov=0.1567 real_p1_eps=0.0568 real_p1_hole_frac=0.4708 real_p2_eps=0.2189 real_p2_pixel_l1=0.0000 real_p2_pixel_pl=0.0000 real_p2_pixel_id=0.0000 real_p2_latent=0.0000 real_p2_low_t_hits=1.0000 real_total=0.2757 synth_eps=0.0027 synth_eps_raw=0.0027 synth_pixel_l1=0.0000 synth_pixel_pl=0.0000 synth_pixel_id=0.0000 synth_latent=0.0000 synth_low_t_hits=0.0000 synth_total=0.0027 extra_render_attn_share=0.6786
[images] real: anchor | cond1 | cond2 | inv_warp_mirror | mask | mask_inv | warp_img | warp_warp_img | x | y_hat | y_hat_novel -> /home/xzy/warpgan-diffusiong-inpainting/warpgan-diffusion-inpainting-main/experiments/train_inpainting_diffusion/[20260910-123409]_v18w1_ctrl_50k/logs/images/train/real_step0046500.png
[images] synth: cond | mask | target | warp_img | x | y_hat_novel -> /home/xzy/warpgan-diffusiong-inpainting/warpgan-diffusion-inpainting-main/experiments/train_inpainting_diffusion/[20260910-123409]_v18w1_ctrl_50k/logs/images/train/synth_step0046500.png
[step 46550] real_p1_mirror_hole_cov=0.0727 real_p1_eps=0.0236 real_p1_hole_frac=0.2707 real_p2_eps=0.2720 real_p2_pixel_l1=0.0000 real_p2_pixel_pl=0.0000 real_p2_pixel_id=0.0000 real_p2_latent=0.0000 real_p2_low_t_hits=1.0000 real_total=0.2956 synth_eps=0.0060 synth_eps_raw=0.0060 synth_pixel_l1=0.0000 synth_pixel_pl=0.0000 synth_pixel_id=0.0000 synth_latent=0.0000 synth_low_t_hits=0.0000 synth_total=0.0060 extra_render_attn_share=0.6786
[step 46600] real_p1_mirror_hole_cov=0.0154 real_p1_eps=0.0093 real_p1_hole_frac=0.2246 real_p2_eps=0.0079 real_p2_pixel_l1=0.0000 real_p2_pixel_pl=0.0000 real_p2_pixel_id=0.0000 real_p2_latent=0.0000 real_p2_low_t_hits=0.0000 real_total=0.0172 synth_eps=0.0498 synth_eps_raw=0.0498 synth_pixel_l1=0.0000 synth_pixel_pl=0.0000 synth_pixel_id=0.0000 synth_latent=0.0000 synth_low_t_hits=0.0000 synth_total=0.0498 extra_render_attn_share=0.6786
[step 46650] real_p1_mirror_hole_cov=0.0977 real_p1_eps=0.0680 real_p1_hole_frac=0.1796 real_p2_eps=0.0721 real_p2_pixel_l1=0.0000 real_p2_pixel_pl=0.0000 real_p2_pixel_id=0.0000 real_p2_latent=0.0000 real_p2_low_t_hits=0.0000 real_total=0.1401 synth_eps=0.1004 synth_eps_raw=0.1004 synth_pixel_l1=0.0000 synth_pixel_pl=0.0000 synth_pixel_id=0.0000 synth_latent=0.0000 synth_low_t_hits=0.0000 synth_total=0.1004 extra_render_attn_share=0.6786
[step 46700] real_p1_mirror_hole_cov=0.0430 real_p1_eps=0.0624 real_p1_hole_frac=0.5031 real_p2_eps=0.0570 real_p2_pixel_l1=0.0000 real_p2_pixel_pl=0.0000 real_p2_pixel_id=0.0000 real_p2_latent=0.0000 real_p2_low_t_hits=0.0000 real_total=0.1193 synth_eps=0.0068 synth_eps_raw=0.0068 synth_pixel_l1=0.0000 synth_pixel_pl=0.0000 synth_pixel_id=0.0000 synth_latent=0.0000 synth_low_t_hits=0.0000 synth_total=0.0068 extra_render_attn_share=0.6786
[step 46750] real_p1_mirror_hole_cov=0.2578 real_p1_eps=0.0039 real_p1_hole_frac=0.2928 real_p2_eps=0.1974 real_p2_pixel_l1=0.0000 real_p2_pixel_pl=0.0000 real_p2_pixel_id=0.0000 real_p2_latent=0.0000 real_p2_low_t_hits=1.0000 real_total=0.2013 synth_eps=0.2355 synth_eps_raw=0.2355 synth_pixel_l1=0.0000 synth_pixel_pl=0.0000 synth_pixel_id=0.0000 synth_latent=0.0000 synth_low_t_hits=0.0000 synth_total=0.2355 extra_render_attn_share=0.6786
[step 46800] real_p1_mirror_hole_cov=0.1559 real_p1_eps=0.1802 real_p1_hole_frac=0.3807 real_p2_eps=0.0943 real_p2_pixel_l1=0.0000 real_p2_pixel_pl=0.0000 real_p2_pixel_id=0.0000 real_p2_latent=0.0000 real_p2_low_t_hits=0.0000 real_total=0.2745 synth_eps=0.0145 synth_eps_raw=0.0145 synth_pixel_l1=0.0000 synth_pixel_pl=0.0000 synth_pixel_id=0.0000 synth_latent=0.0000 synth_low_t_hits=0.0000 synth_total=0.0145 extra_render_attn_share=0.6786
[step 46850] real_p1_mirror_hole_cov=0.0214 real_p1_eps=0.0123 real_p1_hole_frac=0.4933 real_p2_eps=0.1615 real_p2_pixel_l1=0.0000 real_p2_pixel_pl=0.0000 real_p2_pixel_id=0.0000 real_p2_latent=0.0000 real_p2_low_t_hits=1.0000 real_total=0.1739 synth_eps=0.0079 synth_eps_raw=0.0079 synth_pixel_l1=0.0000 synth_pixel_pl=0.0000 synth_pixel_id=0.0000 synth_latent=0.0000 synth_low_t_hits=0.0000 synth_total=0.0079 extra_render_attn_share=0.6786
[step 46900] real_p1_mirror_hole_cov=0.0120 real_p1_eps=0.0082 real_p1_hole_frac=0.2211 real_p2_eps=0.0011 real_p2_pixel_l1=0.0000 real_p2_pixel_pl=0.0000 real_p2_pixel_id=0.0000 real_p2_latent=0.0000 real_p2_low_t_hits=0.0000 real_total=0.0093 synth_eps=0.0071 synth_eps_raw=0.0071 synth_pixel_l1=0.0000 synth_pixel_pl=0.0000 synth_pixel_id=0.0000 synth_latent=0.0000 synth_low_t_hits=0.0000 synth_total=0.0071 extra_render_attn_share=0.6786
[step 46950] real_p1_mirror_hole_cov=0.1347 real_p1_eps=0.0010 real_p1_hole_frac=0.0982 real_p2_eps=0.0170 real_p2_pixel_l1=0.0000 real_p2_pixel_pl=0.0000 real_p2_pixel_id=0.0000 real_p2_latent=0.0000 real_p2_low_t_hits=0.0000 real_total=0.0181 synth_eps=0.0482 synth_eps_raw=0.0482 synth_pixel_l1=0.0000 synth_pixel_pl=0.0000 synth_pixel_id=0.0000 synth_latent=0.0000 synth_low_t_hits=0.0000 synth_total=0.0482 extra_render_attn_share=0.6786
[step 47000] real_p1_mirror_hole_cov=0.0025 real_p1_eps=0.0019 real_p1_hole_frac=0.1868 real_p2_eps=0.0057 real_p2_pixel_l1=0.0000 real_p2_pixel_pl=0.0000 real_p2_pixel_id=0.0000 real_p2_latent=0.0000 real_p2_low_t_hits=0.0000 real_total=0.0076 synth_eps=0.0758 synth_eps_raw=0.0758 synth_pixel_l1=0.0000 synth_pixel_pl=0.0000 synth_pixel_id=0.0000 synth_latent=0.0000 synth_low_t_hits=0.0000 synth_total=0.0758 extra_render_attn_share=0.6786
[images] real: anchor | cond1 | cond2 | inv_warp_mirror | mask | mask_inv | warp_img | warp_warp_img | x | y_hat | y_hat_novel -> /home/xzy/warpgan-diffusiong-inpainting/warpgan-diffusion-inpainting-main/experiments/train_inpainting_diffusion/[20260910-123409]_v18w1_ctrl_50k/logs/images/train/real_step0047000.png
[images] synth: cond | mask | target | warp_img | x | y_hat_novel -> /home/xzy/warpgan-diffusiong-inpainting/warpgan-diffusion-inpainting-main/experiments/train_inpainting_diffusion/[20260910-123409]_v18w1_ctrl_50k/logs/images/train/synth_step0047000.png
[step 47050] real_p1_mirror_hole_cov=0.1344 real_p1_eps=0.0089 real_p1_hole_frac=0.4186 real_p2_eps=0.2577 real_p2_pixel_l1=0.0000 real_p2_pixel_pl=0.0000 real_p2_pixel_id=0.0000 real_p2_latent=0.0000 real_p2_low_t_hits=1.0000 real_total=0.2666 synth_eps=0.1054 synth_eps_raw=0.1054 synth_pixel_l1=0.0000 synth_pixel_pl=0.0000 synth_pixel_id=0.0000 synth_latent=0.0000 synth_low_t_hits=0.0000 synth_total=0.1054 extra_render_attn_share=0.6786
[step 47100] real_p1_mirror_hole_cov=0.1960 real_p1_eps=0.0008 real_p1_hole_frac=0.0905 real_p2_eps=0.0017 real_p2_pixel_l1=0.0000 real_p2_pixel_pl=0.0000 real_p2_pixel_id=0.0000 real_p2_latent=0.0000 real_p2_low_t_hits=0.0000 real_total=0.0024 synth_eps=0.4243 synth_eps_raw=0.4243 synth_pixel_l1=0.0000 synth_pixel_pl=0.0000 synth_pixel_id=0.0000 synth_latent=0.0000 synth_low_t_hits=1.0000 synth_total=0.4243 extra_render_attn_share=0.6786
[step 47150] real_p1_mirror_hole_cov=0.1239 real_p1_eps=0.0116 real_p1_hole_frac=0.5932 real_p2_eps=0.0044 real_p2_pixel_l1=0.0000 real_p2_pixel_pl=0.0000 real_p2_pixel_id=0.0000 real_p2_latent=0.0000 real_p2_low_t_hits=0.0000 real_total=0.0161 synth_eps=0.0459 synth_eps_raw=0.0459 synth_pixel_l1=0.0000 synth_pixel_pl=0.0000 synth_pixel_id=0.0000 synth_latent=0.0000 synth_low_t_hits=0.0000 synth_total=0.0459 extra_render_attn_share=0.6786
[step 47200] real_p1_mirror_hole_cov=0.0383 real_p1_eps=0.0032 real_p1_hole_frac=0.4107 real_p2_eps=0.0405 real_p2_pixel_l1=0.0000 real_p2_pixel_pl=0.0000 real_p2_pixel_id=0.0000 real_p2_latent=0.0000 real_p2_low_t_hits=0.0000 real_total=0.0437 synth_eps=0.1732 synth_eps_raw=0.1732 synth_pixel_l1=0.0000 synth_pixel_pl=0.0000 synth_pixel_id=0.0000 synth_latent=0.0000 synth_low_t_hits=0.0000 synth_total=0.1732 extra_render_attn_share=0.6786
[step 47250] real_p1_mirror_hole_cov=0.0622 real_p1_eps=0.5005 real_p1_hole_frac=0.4865 real_p2_eps=0.1479 real_p2_pixel_l1=0.0000 real_p2_pixel_pl=0.0000 real_p2_pixel_id=0.0000 real_p2_latent=0.0000 real_p2_low_t_hits=1.0000 real_total=0.6484 synth_eps=0.0229 synth_eps_raw=0.0229 synth_pixel_l1=0.0000 synth_pixel_pl=0.0000 synth_pixel_id=0.0000 synth_latent=0.0000 synth_low_t_hits=0.0000 synth_total=0.0229 extra_render_attn_share=0.6786
[step 47300] real_p1_mirror_hole_cov=0.0190 real_p1_eps=0.0460 real_p1_hole_frac=0.3559 real_p2_eps=0.0479 real_p2_pixel_l1=0.0000 real_p2_pixel_pl=0.0000 real_p2_pixel_id=0.0000 real_p2_latent=0.0000 real_p2_low_t_hits=0.0000 real_total=0.0939 synth_eps=0.0079 synth_eps_raw=0.0079 synth_pixel_l1=0.0000 synth_pixel_pl=0.0000 synth_pixel_id=0.0000 synth_latent=0.0000 synth_low_t_hits=0.0000 synth_total=0.0079 extra_render_attn_share=0.6786
[step 47350] real_p1_mirror_hole_cov=0.0339 real_p1_eps=0.0086 real_p1_hole_frac=0.4356 real_p2_eps=0.0072 real_p2_pixel_l1=0.0000 real_p2_pixel_pl=0.0000 real_p2_pixel_id=0.0000 real_p2_latent=0.0000 real_p2_low_t_hits=0.0000 real_total=0.0158 synth_eps=0.1196 synth_eps_raw=0.1196 synth_pixel_l1=0.0000 synth_pixel_pl=0.0000 synth_pixel_id=0.0000 synth_latent=0.0000 synth_low_t_hits=0.0000 synth_total=0.1196 extra_render_attn_share=0.6786
[step 47400] real_p1_mirror_hole_cov=0.0544 real_p1_eps=0.0082 real_p1_hole_frac=0.4068 real_p2_eps=0.0357 real_p2_pixel_l1=0.0000 real_p2_pixel_pl=0.0000 real_p2_pixel_id=0.0000 real_p2_latent=0.0000 real_p2_low_t_hits=0.0000 real_total=0.0439 synth_eps=0.0233 synth_eps_raw=0.0233 synth_pixel_l1=0.0000 synth_pixel_pl=0.0000 synth_pixel_id=0.0000 synth_latent=0.0000 synth_low_t_hits=0.0000 synth_total=0.0233 extra_render_attn_share=0.6786
[step 47450] real_p1_mirror_hole_cov=0.2202 real_p1_eps=0.0591 real_p1_hole_frac=0.3638 real_p2_eps=0.0335 real_p2_pixel_l1=0.0000 real_p2_pixel_pl=0.0000 real_p2_pixel_id=0.0000 real_p2_latent=0.0000 real_p2_low_t_hits=0.0000 real_total=0.0926 synth_eps=0.0105 synth_eps_raw=0.0105 synth_pixel_l1=0.0000 synth_pixel_pl=0.0000 synth_pixel_id=0.0000 synth_latent=0.0000 synth_low_t_hits=0.0000 synth_total=0.0105 extra_render_attn_share=0.6786
[step 47500] real_p1_mirror_hole_cov=0.1748 real_p1_eps=0.0074 real_p1_hole_frac=0.5423 real_p2_eps=0.3222 real_p2_pixel_l1=0.0000 real_p2_pixel_pl=0.0000 real_p2_pixel_id=0.0000 real_p2_latent=0.0000 real_p2_low_t_hits=1.0000 real_total=0.3297 synth_eps=0.0049 synth_eps_raw=0.0049 synth_pixel_l1=0.0000 synth_pixel_pl=0.0000 synth_pixel_id=0.0000 synth_latent=0.0000 synth_low_t_hits=0.0000 synth_total=0.0049 extra_render_attn_share=0.6786
[images] real: anchor | cond1 | cond2 | inv_warp_mirror | mask | mask_inv | warp_img | warp_warp_img | x | y_hat | y_hat_novel -> /home/xzy/warpgan-diffusiong-inpainting/warpgan-diffusion-inpainting-main/experiments/train_inpainting_diffusion/[20260910-123409]_v18w1_ctrl_50k/logs/images/train/real_step0047500.png
[images] synth: cond | mask | target | warp_img | x | y_hat_novel -> /home/xzy/warpgan-diffusiong-inpainting/warpgan-diffusion-inpainting-main/experiments/train_inpainting_diffusion/[20260910-123409]_v18w1_ctrl_50k/logs/images/train/synth_step0047500.png
[step 47550] real_p1_mirror_hole_cov=0.1176 real_p1_eps=0.0757 real_p1_hole_frac=0.2937 real_p2_eps=0.0968 real_p2_pixel_l1=0.0000 real_p2_pixel_pl=0.0000 real_p2_pixel_id=0.0000 real_p2_latent=0.0000 real_p2_low_t_hits=0.0000 real_total=0.1726 synth_eps=0.0092 synth_eps_raw=0.0092 synth_pixel_l1=0.0000 synth_pixel_pl=0.0000 synth_pixel_id=0.0000 synth_latent=0.0000 synth_low_t_hits=0.0000 synth_total=0.0092 extra_render_attn_share=0.6786
[step 47600] real_p1_mirror_hole_cov=0.1882 real_p1_eps=0.0238 real_p1_hole_frac=0.2421 real_p2_eps=0.0958 real_p2_pixel_l1=0.0000 real_p2_pixel_pl=0.0000 real_p2_pixel_id=0.0000 real_p2_latent=0.0000 real_p2_low_t_hits=0.0000 real_total=0.1196 synth_eps=0.0222 synth_eps_raw=0.0222 synth_pixel_l1=0.0000 synth_pixel_pl=0.0000 synth_pixel_id=0.0000 synth_latent=0.0000 synth_low_t_hits=0.0000 synth_total=0.0222 extra_render_attn_share=0.6786
[step 47650] real_p1_mirror_hole_cov=0.0364 real_p1_eps=0.0086 real_p1_hole_frac=0.3739 real_p2_eps=0.0645 real_p2_pixel_l1=0.0000 real_p2_pixel_pl=0.0000 real_p2_pixel_id=0.0000 real_p2_latent=0.0000 real_p2_low_t_hits=0.0000 real_total=0.0732 synth_eps=0.0027 synth_eps_raw=0.0027 synth_pixel_l1=0.0000 synth_pixel_pl=0.0000 synth_pixel_id=0.0000 synth_latent=0.0000 synth_low_t_hits=0.0000 synth_total=0.0027 extra_render_attn_share=0.6786
[step 47700] real_p1_mirror_hole_cov=0.0131 real_p1_eps=0.1664 real_p1_hole_frac=0.3097 real_p2_eps=0.1685 real_p2_pixel_l1=0.0000 real_p2_pixel_pl=0.0000 real_p2_pixel_id=0.0000 real_p2_latent=0.0000 real_p2_low_t_hits=1.0000 real_total=0.3349 synth_eps=0.1366 synth_eps_raw=0.1366 synth_pixel_l1=0.0000 synth_pixel_pl=0.0000 synth_pixel_id=0.0000 synth_latent=0.0000 synth_low_t_hits=0.0000 synth_total=0.1366 extra_render_attn_share=0.6786
[step 47750] real_p1_mirror_hole_cov=0.1378 real_p1_eps=0.2921 real_p1_hole_frac=0.5969 real_p2_eps=0.0037 real_p2_pixel_l1=0.0000 real_p2_pixel_pl=0.0000 real_p2_pixel_id=0.0000 real_p2_latent=0.0000 real_p2_low_t_hits=0.0000 real_total=0.2958 synth_eps=0.0843 synth_eps_raw=0.0843 synth_pixel_l1=0.0000 synth_pixel_pl=0.0000 synth_pixel_id=0.0000 synth_latent=0.0000 synth_low_t_hits=0.0000 synth_total=0.0843 extra_render_attn_share=0.6786
[step 47800] real_p1_mirror_hole_cov=0.0765 real_p1_eps=0.1134 real_p1_hole_frac=0.0888 real_p2_eps=0.0059 real_p2_pixel_l1=0.0000 real_p2_pixel_pl=0.0000 real_p2_pixel_id=0.0000 real_p2_latent=0.0000 real_p2_low_t_hits=0.0000 real_total=0.1194 synth_eps=0.0193 synth_eps_raw=0.0193 synth_pixel_l1=0.0000 synth_pixel_pl=0.0000 synth_pixel_id=0.0000 synth_latent=0.0000 synth_low_t_hits=0.0000 synth_total=0.0193 extra_render_attn_share=0.6786
[step 47850] real_p1_mirror_hole_cov=0.0275 real_p1_eps=0.1704 real_p1_hole_frac=0.1820 real_p2_eps=0.2301 real_p2_pixel_l1=0.0000 real_p2_pixel_pl=0.0000 real_p2_pixel_id=0.0000 real_p2_latent=0.0000 real_p2_low_t_hits=1.0000 real_total=0.4006 synth_eps=0.0959 synth_eps_raw=0.0959 synth_pixel_l1=0.0000 synth_pixel_pl=0.0000 synth_pixel_id=0.0000 synth_latent=0.0000 synth_low_t_hits=0.0000 synth_total=0.0959 extra_render_attn_share=0.6786
[step 47900] real_p1_mirror_hole_cov=0.0245 real_p1_eps=0.0171 real_p1_hole_frac=0.0681 real_p2_eps=0.0016 real_p2_pixel_l1=0.0000 real_p2_pixel_pl=0.0000 real_p2_pixel_id=0.0000 real_p2_latent=0.0000 real_p2_low_t_hits=0.0000 real_total=0.0188 synth_eps=0.2736 synth_eps_raw=0.2736 synth_pixel_l1=0.0000 synth_pixel_pl=0.0000 synth_pixel_id=0.0000 synth_latent=0.0000 synth_low_t_hits=1.0000 synth_total=0.2736 extra_render_attn_share=0.6786
[step 47950] real_p1_mirror_hole_cov=0.0642 real_p1_eps=0.0721 real_p1_hole_frac=0.0824 real_p2_eps=0.0010 real_p2_pixel_l1=0.0000 real_p2_pixel_pl=0.0000 real_p2_pixel_id=0.0000 real_p2_latent=0.0000 real_p2_low_t_hits=0.0000 real_total=0.0730 synth_eps=0.0236 synth_eps_raw=0.0236 synth_pixel_l1=0.0000 synth_pixel_pl=0.0000 synth_pixel_id=0.0000 synth_latent=0.0000 synth_low_t_hits=0.0000 synth_total=0.0236 extra_render_attn_share=0.6786
[val step 47999] val_novel_full=0.0536 val_novel_hole=0.0809 val_novel_visible=0.0418
[step 48000] real_p1_mirror_hole_cov=0.0066 real_p1_eps=0.0110 real_p1_hole_frac=0.1842 real_p2_eps=0.1769 real_p2_pixel_l1=0.0000 real_p2_pixel_pl=0.0000 real_p2_pixel_id=0.0000 real_p2_latent=0.0000 real_p2_low_t_hits=1.0000 real_total=0.1880 synth_eps=0.1332 synth_eps_raw=0.1332 synth_pixel_l1=0.0000 synth_pixel_pl=0.0000 synth_pixel_id=0.0000 synth_latent=0.0000 synth_low_t_hits=0.0000 synth_total=0.1332 extra_render_attn_share=0.7318
[images] real: anchor | cond1 | cond2 | inv_warp_mirror | mask | mask_inv | warp_img | warp_warp_img | x | y_hat | y_hat_novel -> /home/xzy/warpgan-diffusiong-inpainting/warpgan-diffusion-inpainting-main/experiments/train_inpainting_diffusion/[20260910-123409]_v18w1_ctrl_50k/logs/images/train/real_step0048000.png
[images] synth: cond | mask | target | warp_img | x | y_hat_novel -> /home/xzy/warpgan-diffusiong-inpainting/warpgan-diffusion-inpainting-main/experiments/train_inpainting_diffusion/[20260910-123409]_v18w1_ctrl_50k/logs/images/train/synth_step0048000.png
[step 48050] real_p1_mirror_hole_cov=0.0643 real_p1_eps=0.0505 real_p1_hole_frac=0.0490 real_p2_eps=0.0045 real_p2_pixel_l1=0.0000 real_p2_pixel_pl=0.0000 real_p2_pixel_id=0.0000 real_p2_latent=0.0000 real_p2_low_t_hits=0.0000 real_total=0.0550 synth_eps=0.6487 synth_eps_raw=0.6487 synth_pixel_l1=0.0000 synth_pixel_pl=0.0000 synth_pixel_id=0.0000 synth_latent=0.0000 synth_low_t_hits=1.0000 synth_total=0.6487 extra_render_attn_share=0.7318
[step 48100] real_p1_mirror_hole_cov=0.0573 real_p1_eps=0.0132 real_p1_hole_frac=0.0484 real_p2_eps=0.1686 real_p2_pixel_l1=0.0000 real_p2_pixel_pl=0.0000 real_p2_pixel_id=0.0000 real_p2_latent=0.0000 real_p2_low_t_hits=1.0000 real_total=0.1817 synth_eps=0.4978 synth_eps_raw=0.4978 synth_pixel_l1=0.0000 synth_pixel_pl=0.0000 synth_pixel_id=0.0000 synth_latent=0.0000 synth_low_t_hits=1.0000 synth_total=0.4978 extra_render_attn_share=0.7318
[step 48150] real_p1_mirror_hole_cov=0.0279 real_p1_eps=0.0930 real_p1_hole_frac=0.3269 real_p2_eps=0.0302 real_p2_pixel_l1=0.0000 real_p2_pixel_pl=0.0000 real_p2_pixel_id=0.0000 real_p2_latent=0.0000 real_p2_low_t_hits=0.0000 real_total=0.1232 synth_eps=0.0123 synth_eps_raw=0.0123 synth_pixel_l1=0.0000 synth_pixel_pl=0.0000 synth_pixel_id=0.0000 synth_latent=0.0000 synth_low_t_hits=0.0000 synth_total=0.0123 extra_render_attn_share=0.7318
[step 48200] real_p1_mirror_hole_cov=0.2297 real_p1_eps=0.0015 real_p1_hole_frac=0.3382 real_p2_eps=0.2061 real_p2_pixel_l1=0.0000 real_p2_pixel_pl=0.0000 real_p2_pixel_id=0.0000 real_p2_latent=0.0000 real_p2_low_t_hits=1.0000 real_total=0.2076 synth_eps=0.0537 synth_eps_raw=0.0537 synth_pixel_l1=0.0000 synth_pixel_pl=0.0000 synth_pixel_id=0.0000 synth_latent=0.0000 synth_low_t_hits=0.0000 synth_total=0.0537 extra_render_attn_share=0.7318
[step 48250] real_p1_mirror_hole_cov=0.0533 real_p1_eps=0.1617 real_p1_hole_frac=0.1627 real_p2_eps=0.0141 real_p2_pixel_l1=0.0000 real_p2_pixel_pl=0.0000 real_p2_pixel_id=0.0000 real_p2_latent=0.0000 real_p2_low_t_hits=0.0000 real_total=0.1758 synth_eps=0.0140 synth_eps_raw=0.0140 synth_pixel_l1=0.0000 synth_pixel_pl=0.0000 synth_pixel_id=0.0000 synth_latent=0.0000 synth_low_t_hits=0.0000 synth_total=0.0140 extra_render_attn_share=0.7318
[step 48300] real_p1_mirror_hole_cov=0.0305 real_p1_eps=0.2672 real_p1_hole_frac=0.2325 real_p2_eps=0.0463 real_p2_pixel_l1=0.0000 real_p2_pixel_pl=0.0000 real_p2_pixel_id=0.0000 real_p2_latent=0.0000 real_p2_low_t_hits=0.0000 real_total=0.3135 synth_eps=0.0161 synth_eps_raw=0.0161 synth_pixel_l1=0.0000 synth_pixel_pl=0.0000 synth_pixel_id=0.0000 synth_latent=0.0000 synth_low_t_hits=0.0000 synth_total=0.0161 extra_render_attn_share=0.7318
[step 48350] real_p1_mirror_hole_cov=0.0778 real_p1_eps=0.0898 real_p1_hole_frac=0.1091 real_p2_eps=0.0819 real_p2_pixel_l1=0.0000 real_p2_pixel_pl=0.0000 real_p2_pixel_id=0.0000 real_p2_latent=0.0000 real_p2_low_t_hits=0.0000 real_total=0.1717 synth_eps=0.3283 synth_eps_raw=0.3283 synth_pixel_l1=0.0000 synth_pixel_pl=0.0000 synth_pixel_id=0.0000 synth_latent=0.0000 synth_low_t_hits=1.0000 synth_total=0.3283 extra_render_attn_share=0.7318
[step 48400] real_p1_mirror_hole_cov=0.0232 real_p1_eps=0.0283 real_p1_hole_frac=0.1994 real_p2_eps=0.0996 real_p2_pixel_l1=0.0000 real_p2_pixel_pl=0.0000 real_p2_pixel_id=0.0000 real_p2_latent=0.0000 real_p2_low_t_hits=1.0000 real_total=0.1279 synth_eps=0.2873 synth_eps_raw=0.2873 synth_pixel_l1=0.0000 synth_pixel_pl=0.0000 synth_pixel_id=0.0000 synth_latent=0.0000 synth_low_t_hits=1.0000 synth_total=0.2873 extra_render_attn_share=0.7318
[step 48450] real_p1_mirror_hole_cov=0.1304 real_p1_eps=0.0997 real_p1_hole_frac=0.5504 real_p2_eps=0.0046 real_p2_pixel_l1=0.0000 real_p2_pixel_pl=0.0000 real_p2_pixel_id=0.0000 real_p2_latent=0.0000 real_p2_low_t_hits=0.0000 real_total=0.1043 synth_eps=0.2721 synth_eps_raw=0.2721 synth_pixel_l1=0.0000 synth_pixel_pl=0.0000 synth_pixel_id=0.0000 synth_latent=0.0000 synth_low_t_hits=1.0000 synth_total=0.2721 extra_render_attn_share=0.7318
[step 48500] real_p1_mirror_hole_cov=0.0129 real_p1_eps=0.1451 real_p1_hole_frac=0.2660 real_p2_eps=0.0862 real_p2_pixel_l1=0.0000 real_p2_pixel_pl=0.0000 real_p2_pixel_id=0.0000 real_p2_latent=0.0000 real_p2_low_t_hits=0.0000 real_total=0.2313 synth_eps=0.0071 synth_eps_raw=0.0071 synth_pixel_l1=0.0000 synth_pixel_pl=0.0000 synth_pixel_id=0.0000 synth_latent=0.0000 synth_low_t_hits=0.0000 synth_total=0.0071 extra_render_attn_share=0.7318
[images] real: anchor | cond1 | cond2 | inv_warp_mirror | mask | mask_inv | warp_img | warp_warp_img | x | y_hat | y_hat_novel -> /home/xzy/warpgan-diffusiong-inpainting/warpgan-diffusion-inpainting-main/experiments/train_inpainting_diffusion/[20260910-123409]_v18w1_ctrl_50k/logs/images/train/real_step0048500.png
[images] synth: cond | mask | target | warp_img | x | y_hat_novel -> /home/xzy/warpgan-diffusiong-inpainting/warpgan-diffusion-inpainting-main/experiments/train_inpainting_diffusion/[20260910-123409]_v18w1_ctrl_50k/logs/images/train/synth_step0048500.png
[step 48550] real_p1_mirror_hole_cov=0.0087 real_p1_eps=0.0173 real_p1_hole_frac=0.1022 real_p2_eps=0.0010 real_p2_pixel_l1=0.0000 real_p2_pixel_pl=0.0000 real_p2_pixel_id=0.0000 real_p2_latent=0.0000 real_p2_low_t_hits=0.0000 real_total=0.0183 synth_eps=0.0508 synth_eps_raw=0.0508 synth_pixel_l1=0.0000 synth_pixel_pl=0.0000 synth_pixel_id=0.0000 synth_latent=0.0000 synth_low_t_hits=0.0000 synth_total=0.0508 extra_render_attn_share=0.7318
[step 48600] real_p1_mirror_hole_cov=0.0208 real_p1_eps=0.0579 real_p1_hole_frac=0.5122 real_p2_eps=0.0158 real_p2_pixel_l1=0.0000 real_p2_pixel_pl=0.0000 real_p2_pixel_id=0.0000 real_p2_latent=0.0000 real_p2_low_t_hits=0.0000 real_total=0.0737 synth_eps=0.0465 synth_eps_raw=0.0465 synth_pixel_l1=0.0000 synth_pixel_pl=0.0000 synth_pixel_id=0.0000 synth_latent=0.0000 synth_low_t_hits=0.0000 synth_total=0.0465 extra_render_attn_share=0.7318
[step 48650] real_p1_mirror_hole_cov=0.0582 real_p1_eps=0.0034 real_p1_hole_frac=0.1841 real_p2_eps=0.1195 real_p2_pixel_l1=0.0000 real_p2_pixel_pl=0.0000 real_p2_pixel_id=0.0000 real_p2_latent=0.0000 real_p2_low_t_hits=1.0000 real_total=0.1229 synth_eps=0.0226 synth_eps_raw=0.0226 synth_pixel_l1=0.0000 synth_pixel_pl=0.0000 synth_pixel_id=0.0000 synth_latent=0.0000 synth_low_t_hits=0.0000 synth_total=0.0226 extra_render_attn_share=0.7318
[step 48700] real_p1_mirror_hole_cov=0.1171 real_p1_eps=0.0946 real_p1_hole_frac=0.3834 real_p2_eps=0.0423 real_p2_pixel_l1=0.0000 real_p2_pixel_pl=0.0000 real_p2_pixel_id=0.0000 real_p2_latent=0.0000 real_p2_low_t_hits=0.0000 real_total=0.1370 synth_eps=0.0557 synth_eps_raw=0.0557 synth_pixel_l1=0.0000 synth_pixel_pl=0.0000 synth_pixel_id=0.0000 synth_latent=0.0000 synth_low_t_hits=0.0000 synth_total=0.0557 extra_render_attn_share=0.7318
[step 48750] real_p1_mirror_hole_cov=0.0595 real_p1_eps=0.0021 real_p1_hole_frac=0.1563 real_p2_eps=0.0910 real_p2_pixel_l1=0.0000 real_p2_pixel_pl=0.0000 real_p2_pixel_id=0.0000 real_p2_latent=0.0000 real_p2_low_t_hits=1.0000 real_total=0.0931 synth_eps=0.0067 synth_eps_raw=0.0067 synth_pixel_l1=0.0000 synth_pixel_pl=0.0000 synth_pixel_id=0.0000 synth_latent=0.0000 synth_low_t_hits=0.0000 synth_total=0.0067 extra_render_attn_share=0.7318
[step 48800] real_p1_mirror_hole_cov=0.2487 real_p1_eps=0.2299 real_p1_hole_frac=0.1649 real_p2_eps=0.0111 real_p2_pixel_l1=0.0000 real_p2_pixel_pl=0.0000 real_p2_pixel_id=0.0000 real_p2_latent=0.0000 real_p2_low_t_hits=0.0000 real_total=0.2410 synth_eps=0.0089 synth_eps_raw=0.0089 synth_pixel_l1=0.0000 synth_pixel_pl=0.0000 synth_pixel_id=0.0000 synth_latent=0.0000 synth_low_t_hits=0.0000 synth_total=0.0089 extra_render_attn_share=0.7318
[step 48850] real_p1_mirror_hole_cov=0.0066 real_p1_eps=0.0519 real_p1_hole_frac=0.3052 real_p2_eps=0.1068 real_p2_pixel_l1=0.0000 real_p2_pixel_pl=0.0000 real_p2_pixel_id=0.0000 real_p2_latent=0.0000 real_p2_low_t_hits=1.0000 real_total=0.1587 synth_eps=0.0033 synth_eps_raw=0.0033 synth_pixel_l1=0.0000 synth_pixel_pl=0.0000 synth_pixel_id=0.0000 synth_latent=0.0000 synth_low_t_hits=0.0000 synth_total=0.0033 extra_render_attn_share=0.7318
[step 48900] real_p1_mirror_hole_cov=0.0453 real_p1_eps=0.1438 real_p1_hole_frac=0.0801 real_p2_eps=0.0533 real_p2_pixel_l1=0.0000 real_p2_pixel_pl=0.0000 real_p2_pixel_id=0.0000 real_p2_latent=0.0000 real_p2_low_t_hits=0.0000 real_total=0.1971 synth_eps=0.1708 synth_eps_raw=0.1708 synth_pixel_l1=0.0000 synth_pixel_pl=0.0000 synth_pixel_id=0.0000 synth_latent=0.0000 synth_low_t_hits=0.0000 synth_total=0.1708 extra_render_attn_share=0.7318
[step 48950] real_p1_mirror_hole_cov=0.0697 real_p1_eps=0.0087 real_p1_hole_frac=0.3655 real_p2_eps=0.1545 real_p2_pixel_l1=0.0000 real_p2_pixel_pl=0.0000 real_p2_pixel_id=0.0000 real_p2_latent=0.0000 real_p2_low_t_hits=1.0000 real_total=0.1632 synth_eps=0.4752 synth_eps_raw=0.4752 synth_pixel_l1=0.0000 synth_pixel_pl=0.0000 synth_pixel_id=0.0000 synth_latent=0.0000 synth_low_t_hits=1.0000 synth_total=0.4752 extra_render_attn_share=0.7318
[step 49000] real_p1_mirror_hole_cov=0.2805 real_p1_eps=0.0022 real_p1_hole_frac=0.2419 real_p2_eps=0.1425 real_p2_pixel_l1=0.0000 real_p2_pixel_pl=0.0000 real_p2_pixel_id=0.0000 real_p2_latent=0.0000 real_p2_low_t_hits=1.0000 real_total=0.1448 synth_eps=0.0185 synth_eps_raw=0.0185 synth_pixel_l1=0.0000 synth_pixel_pl=0.0000 synth_pixel_id=0.0000 synth_latent=0.0000 synth_low_t_hits=0.0000 synth_total=0.0185 extra_render_attn_share=0.7318
[images] real: anchor | cond1 | cond2 | inv_warp_mirror | mask | mask_inv | warp_img | warp_warp_img | x | y_hat | y_hat_novel -> /home/xzy/warpgan-diffusiong-inpainting/warpgan-diffusion-inpainting-main/experiments/train_inpainting_diffusion/[20260910-123409]_v18w1_ctrl_50k/logs/images/train/real_step0049000.png
[images] synth: cond | mask | target | warp_img | x | y_hat_novel -> /home/xzy/warpgan-diffusiong-inpainting/warpgan-diffusion-inpainting-main/experiments/train_inpainting_diffusion/[20260910-123409]_v18w1_ctrl_50k/logs/images/train/synth_step0049000.png
[step 49050] real_p1_mirror_hole_cov=0.1503 real_p1_eps=0.0022 real_p1_hole_frac=0.4382 real_p2_eps=0.0770 real_p2_pixel_l1=0.0000 real_p2_pixel_pl=0.0000 real_p2_pixel_id=0.0000 real_p2_latent=0.0000 real_p2_low_t_hits=0.0000 real_total=0.0791 synth_eps=0.0033 synth_eps_raw=0.0033 synth_pixel_l1=0.0000 synth_pixel_pl=0.0000 synth_pixel_id=0.0000 synth_latent=0.0000 synth_low_t_hits=0.0000 synth_total=0.0033 extra_render_attn_share=0.7318
[step 49100] real_p1_mirror_hole_cov=0.0265 real_p1_eps=0.2662 real_p1_hole_frac=0.3912 real_p2_eps=0.1109 real_p2_pixel_l1=0.0000 real_p2_pixel_pl=0.0000 real_p2_pixel_id=0.0000 real_p2_latent=0.0000 real_p2_low_t_hits=0.0000 real_total=0.3772 synth_eps=0.1531 synth_eps_raw=0.1531 synth_pixel_l1=0.0000 synth_pixel_pl=0.0000 synth_pixel_id=0.0000 synth_latent=0.0000 synth_low_t_hits=0.0000 synth_total=0.1531 extra_render_attn_share=0.7318
[step 49150] real_p1_mirror_hole_cov=0.0984 real_p1_eps=0.2232 real_p1_hole_frac=0.3730 real_p2_eps=0.1566 real_p2_pixel_l1=0.0000 real_p2_pixel_pl=0.0000 real_p2_pixel_id=0.0000 real_p2_latent=0.0000 real_p2_low_t_hits=1.0000 real_total=0.3798 synth_eps=0.0030 synth_eps_raw=0.0030 synth_pixel_l1=0.0000 synth_pixel_pl=0.0000 synth_pixel_id=0.0000 synth_latent=0.0000 synth_low_t_hits=0.0000 synth_total=0.0030 extra_render_attn_share=0.7318
[step 49200] real_p1_mirror_hole_cov=0.0284 real_p1_eps=0.0159 real_p1_hole_frac=0.0054 real_p2_eps=0.0176 real_p2_pixel_l1=0.0000 real_p2_pixel_pl=0.0000 real_p2_pixel_id=0.0000 real_p2_latent=0.0000 real_p2_low_t_hits=0.0000 real_total=0.0335 synth_eps=0.0268 synth_eps_raw=0.0268 synth_pixel_l1=0.0000 synth_pixel_pl=0.0000 synth_pixel_id=0.0000 synth_latent=0.0000 synth_low_t_hits=0.0000 synth_total=0.0268 extra_render_attn_share=0.7318
[step 49250] real_p1_mirror_hole_cov=0.0664 real_p1_eps=0.2987 real_p1_hole_frac=0.3367 real_p2_eps=0.1449 real_p2_pixel_l1=0.0000 real_p2_pixel_pl=0.0000 real_p2_pixel_id=0.0000 real_p2_latent=0.0000 real_p2_low_t_hits=1.0000 real_total=0.4436 synth_eps=0.7326 synth_eps_raw=0.7326 synth_pixel_l1=0.0000 synth_pixel_pl=0.0000 synth_pixel_id=0.0000 synth_latent=0.0000 synth_low_t_hits=1.0000 synth_total=0.7326 extra_render_attn_share=0.7318
[step 49300] real_p1_mirror_hole_cov=0.1190 real_p1_eps=0.0486 real_p1_hole_frac=0.2666 real_p2_eps=0.0630 real_p2_pixel_l1=0.0000 real_p2_pixel_pl=0.0000 real_p2_pixel_id=0.0000 real_p2_latent=0.0000 real_p2_low_t_hits=0.0000 real_total=0.1116 synth_eps=0.0539 synth_eps_raw=0.0539 synth_pixel_l1=0.0000 synth_pixel_pl=0.0000 synth_pixel_id=0.0000 synth_latent=0.0000 synth_low_t_hits=0.0000 synth_total=0.0539 extra_render_attn_share=0.7318
[step 49350] real_p1_mirror_hole_cov=0.3148 real_p1_eps=0.0261 real_p1_hole_frac=0.5618 real_p2_eps=0.0271 real_p2_pixel_l1=0.0000 real_p2_pixel_pl=0.0000 real_p2_pixel_id=0.0000 real_p2_latent=0.0000 real_p2_low_t_hits=0.0000 real_total=0.0533 synth_eps=0.0153 synth_eps_raw=0.0153 synth_pixel_l1=0.0000 synth_pixel_pl=0.0000 synth_pixel_id=0.0000 synth_latent=0.0000 synth_low_t_hits=0.0000 synth_total=0.0153 extra_render_attn_share=0.7318
[step 49400] real_p1_mirror_hole_cov=0.2060 real_p1_eps=0.2126 real_p1_hole_frac=0.5982 real_p2_eps=0.0022 real_p2_pixel_l1=0.0000 real_p2_pixel_pl=0.0000 real_p2_pixel_id=0.0000 real_p2_latent=0.0000 real_p2_low_t_hits=0.0000 real_total=0.2148 synth_eps=0.1209 synth_eps_raw=0.1209 synth_pixel_l1=0.0000 synth_pixel_pl=0.0000 synth_pixel_id=0.0000 synth_latent=0.0000 synth_low_t_hits=0.0000 synth_total=0.1209 extra_render_attn_share=0.7318
[step 49450] real_p1_mirror_hole_cov=0.0756 real_p1_eps=0.1631 real_p1_hole_frac=0.6300 real_p2_eps=0.1043 real_p2_pixel_l1=0.0000 real_p2_pixel_pl=0.0000 real_p2_pixel_id=0.0000 real_p2_latent=0.0000 real_p2_low_t_hits=0.0000 real_total=0.2674 synth_eps=0.6834 synth_eps_raw=0.6834 synth_pixel_l1=0.0000 synth_pixel_pl=0.0000 synth_pixel_id=0.0000 synth_latent=0.0000 synth_low_t_hits=1.0000 synth_total=0.6834 extra_render_attn_share=0.7318
[step 49500] real_p1_mirror_hole_cov=0.1479 real_p1_eps=0.0539 real_p1_hole_frac=0.5350 real_p2_eps=0.0330 real_p2_pixel_l1=0.0000 real_p2_pixel_pl=0.0000 real_p2_pixel_id=0.0000 real_p2_latent=0.0000 real_p2_low_t_hits=0.0000 real_total=0.0868 synth_eps=0.1110 synth_eps_raw=0.1110 synth_pixel_l1=0.0000 synth_pixel_pl=0.0000 synth_pixel_id=0.0000 synth_latent=0.0000 synth_low_t_hits=0.0000 synth_total=0.1110 extra_render_attn_share=0.7318
[images] real: anchor | cond1 | cond2 | inv_warp_mirror | mask | mask_inv | warp_img | warp_warp_img | x | y_hat | y_hat_novel -> /home/xzy/warpgan-diffusiong-inpainting/warpgan-diffusion-inpainting-main/experiments/train_inpainting_diffusion/[20260910-123409]_v18w1_ctrl_50k/logs/images/train/real_step0049500.png
[images] synth: cond | mask | target | warp_img | x | y_hat_novel -> /home/xzy/warpgan-diffusiong-inpainting/warpgan-diffusion-inpainting-main/experiments/train_inpainting_diffusion/[20260910-123409]_v18w1_ctrl_50k/logs/images/train/synth_step0049500.png
[step 49550] real_p1_mirror_hole_cov=0.0709 real_p1_eps=0.0004 real_p1_hole_frac=0.0394 real_p2_eps=0.0653 real_p2_pixel_l1=0.0000 real_p2_pixel_pl=0.0000 real_p2_pixel_id=0.0000 real_p2_latent=0.0000 real_p2_low_t_hits=1.0000 real_total=0.0657 synth_eps=0.0348 synth_eps_raw=0.0348 synth_pixel_l1=0.0000 synth_pixel_pl=0.0000 synth_pixel_id=0.0000 synth_latent=0.0000 synth_low_t_hits=0.0000 synth_total=0.0348 extra_render_attn_share=0.7318
[step 49600] real_p1_mirror_hole_cov=0.0598 real_p1_eps=0.0272 real_p1_hole_frac=0.1912 real_p2_eps=0.0048 real_p2_pixel_l1=0.0000 real_p2_pixel_pl=0.0000 real_p2_pixel_id=0.0000 real_p2_latent=0.0000 real_p2_low_t_hits=0.0000 real_total=0.0320 synth_eps=0.0718 synth_eps_raw=0.0718 synth_pixel_l1=0.0000 synth_pixel_pl=0.0000 synth_pixel_id=0.0000 synth_latent=0.0000 synth_low_t_hits=0.0000 synth_total=0.0718 extra_render_attn_share=0.7318
[step 49650] real_p1_mirror_hole_cov=0.0155 real_p1_eps=0.0193 real_p1_hole_frac=0.0723 real_p2_eps=0.0006 real_p2_pixel_l1=0.0000 real_p2_pixel_pl=0.0000 real_p2_pixel_id=0.0000 real_p2_latent=0.0000 real_p2_low_t_hits=0.0000 real_total=0.0200 synth_eps=0.1186 synth_eps_raw=0.1186 synth_pixel_l1=0.0000 synth_pixel_pl=0.0000 synth_pixel_id=0.0000 synth_latent=0.0000 synth_low_t_hits=0.0000 synth_total=0.1186 extra_render_attn_share=0.7318
[step 49700] real_p1_mirror_hole_cov=0.2032 real_p1_eps=0.0004 real_p1_hole_frac=0.0263 real_p2_eps=0.1002 real_p2_pixel_l1=0.0000 real_p2_pixel_pl=0.0000 real_p2_pixel_id=0.0000 real_p2_latent=0.0000 real_p2_low_t_hits=1.0000 real_total=0.1005 synth_eps=0.0532 synth_eps_raw=0.0532 synth_pixel_l1=0.0000 synth_pixel_pl=0.0000 synth_pixel_id=0.0000 synth_latent=0.0000 synth_low_t_hits=0.0000 synth_total=0.0532 extra_render_attn_share=0.7318
[step 49750] real_p1_mirror_hole_cov=0.1204 real_p1_eps=0.0052 real_p1_hole_frac=0.3288 real_p2_eps=0.2914 real_p2_pixel_l1=0.0000 real_p2_pixel_pl=0.0000 real_p2_pixel_id=0.0000 real_p2_latent=0.0000 real_p2_low_t_hits=1.0000 real_total=0.2966 synth_eps=0.0020 synth_eps_raw=0.0020 synth_pixel_l1=0.0000 synth_pixel_pl=0.0000 synth_pixel_id=0.0000 synth_latent=0.0000 synth_low_t_hits=0.0000 synth_total=0.0020 extra_render_attn_share=0.7318
[step 49800] real_p1_mirror_hole_cov=0.1631 real_p1_eps=0.0046 real_p1_hole_frac=0.5098 real_p2_eps=0.0093 real_p2_pixel_l1=0.0000 real_p2_pixel_pl=0.0000 real_p2_pixel_id=0.0000 real_p2_latent=0.0000 real_p2_low_t_hits=0.0000 real_total=0.0139 synth_eps=0.0054 synth_eps_raw=0.0054 synth_pixel_l1=0.0000 synth_pixel_pl=0.0000 synth_pixel_id=0.0000 synth_latent=0.0000 synth_low_t_hits=0.0000 synth_total=0.0054 extra_render_attn_share=0.7318
[step 49850] real_p1_mirror_hole_cov=0.1593 real_p1_eps=0.0667 real_p1_hole_frac=0.5606 real_p2_eps=0.0022 real_p2_pixel_l1=0.0000 real_p2_pixel_pl=0.0000 real_p2_pixel_id=0.0000 real_p2_latent=0.0000 real_p2_low_t_hits=0.0000 real_total=0.0689 synth_eps=0.0074 synth_eps_raw=0.0074 synth_pixel_l1=0.0000 synth_pixel_pl=0.0000 synth_pixel_id=0.0000 synth_latent=0.0000 synth_low_t_hits=0.0000 synth_total=0.0074 extra_render_attn_share=0.7318
[step 49900] real_p1_mirror_hole_cov=0.0595 real_p1_eps=0.0287 real_p1_hole_frac=0.3391 real_p2_eps=0.1384 real_p2_pixel_l1=0.0000 real_p2_pixel_pl=0.0000 real_p2_pixel_id=0.0000 real_p2_latent=0.0000 real_p2_low_t_hits=0.0000 real_total=0.1672 synth_eps=0.1190 synth_eps_raw=0.1190 synth_pixel_l1=0.0000 synth_pixel_pl=0.0000 synth_pixel_id=0.0000 synth_latent=0.0000 synth_low_t_hits=0.0000 synth_total=0.1190 extra_render_attn_share=0.7318
[step 49950] real_p1_mirror_hole_cov=0.1120 real_p1_eps=0.1115 real_p1_hole_frac=0.5371 real_p2_eps=0.3498 real_p2_pixel_l1=0.0000 real_p2_pixel_pl=0.0000 real_p2_pixel_id=0.0000 real_p2_latent=0.0000 real_p2_low_t_hits=1.0000 real_total=0.4613 synth_eps=0.0222 synth_eps_raw=0.0222 synth_pixel_l1=0.0000 synth_pixel_pl=0.0000 synth_pixel_id=0.0000 synth_latent=0.0000 synth_low_t_hits=0.0000 synth_total=0.0222 extra_render_attn_share=0.7318
[ckpt] saved /home/xzy/warpgan-diffusiong-inpainting/warpgan-diffusion-inpainting-main/experiments/train_inpainting_diffusion/[20260910-123409]_v18w1_ctrl_50k/checkpoints/iteration_0049999.pt
[val step 49999] val_novel_full=0.0425 val_novel_hole=0.0467 val_novel_visible=0.0415
[done] peak GPU memory: 22.65 GiB (budget <22 GiB on 24GB card)

==============================================================================
[SMOKE AUDIT — Step 0 checks (spec §8)]
  [PASS] real_p1_eps                = 0.13538029789924622
  [PASS] real_p2_eps                = 0.005494971759617329
  [PASS] synth_eps                  = 0.001475306460633874
  [info] real_p2_pixel_l1           = 0.000000 (weight=0 by recipe — red line, correctly inactive)
  [info] real_p2_pixel_pl           = 0.000000 (weight=0 by recipe — red line, correctly inactive)
  [info] real_p2_pixel_id           = 0.000000 (weight=0 by recipe — red line, correctly inactive)
  [info] real_p2_latent             = 0.000000 (weight=0 by recipe — red line, correctly inactive)
  [info] synth_pixel_l1             = 0.000000 (weight=0 by recipe — red line, correctly inactive)
  [info] synth_pixel_pl             = 0.000000 (weight=0 by recipe — red line, correctly inactive)
  [info] synth_pixel_id             = 0.000000 (weight=0 by recipe — red line, correctly inactive)
  [info] synth_latent               = 0.000000 (weight=0 by recipe — red line, correctly inactive)
  [info] v13 identity layer OFF (latent=0, id=0)
  [PASS] v13: dual-band low-anchor OFF (blind_struct_weight=0.0) -> weighted eps path visible@1.0 + hole@1.0 (orig spec §5.3)
  [PASS] peak GPU memory = 22.65 GiB (<23.5 on 24G card)
==============================================================================
SMOKE AUDIT PASSED — all Step-0 criteria met.
[manual-ext] launching ctrl -> 100K at 00:47:58
[v18w1-ctrl] resume from /home/xzy/warpgan-diffusiong-inpainting/warpgan-diffusion-inpainting-main/experiments/train_inpainting_diffusion/[20260910-123409]_v18w1_ctrl_50k/checkpoints/iteration_0049999.pt at Sun 13 Sep 2026 12:47:58 AM CST
2026-09-13 00:48:00.407717: I tensorflow/core/util/util.cc:169] oneDNN custom operations are on. You may see slightly different numerical results due to floating-point round-off errors from different computation orders. To turn them off, set the environment variable `TF_ENABLE_ONEDNN_OPTS=0`.
2026-09-13 00:48:00.412066: W tensorflow/stream_executor/platform/default/dso_loader.cc:64] Could not load dynamic library 'libcudart.so.11.0'; dlerror: libcudart.so.11.0: cannot open shared object file: No such file or directory; LD_LIBRARY_PATH: /usr/local/cuda-12.2/lib64:/usr/local/cuda-12.2/lib64:/usr/local/cuda-12.2/lib64
2026-09-13 00:48:00.412089: I tensorflow/stream_executor/cuda/cudart_stub.cc:29] Ignore above cudart dlerror if you do not have a GPU set up on your machine.
/home/xzy/miniconda3/envs/warpgan/lib/python3.9/site-packages/sklearn/utils/fixes.py:28: UserWarning: pkg_resources is deprecated as an API. See https://setuptools.pypa.io/en/latest/pkg_resources.html. The pkg_resources package is slated for removal as early as 2025-11-30. Refrain from using this package or pin to Setuptools<81.
  from pkg_resources import parse_version  # type: ignore
W0913 00:48:06.737904 177483 site-packages/torch/utils/cpp_extension.py:2425] TORCH_CUDA_ARCH_LIST is not set, all archs for visible cards are included for compilation. 
W0913 00:48:06.737904 177483 site-packages/torch/utils/cpp_extension.py:2425] If this is not desired, please set os.environ['TORCH_CUDA_ARCH_LIST'] to specific architectures.
W0913 00:48:06.984908 177483 site-packages/torch/utils/cpp_extension.py:2425] TORCH_CUDA_ARCH_LIST is not set, all archs for visible cards are included for compilation. 
W0913 00:48:06.984908 177483 site-packages/torch/utils/cpp_extension.py:2425] If this is not desired, please set os.environ['TORCH_CUDA_ARCH_LIST'] to specific architectures.
[compat] patched models/goae WindowAttention.forward (torch>=2.6 CPU-bound clamp fix; numerically identical)
Resuming in existing experiment directory: /home/xzy/warpgan-diffusiong-inpainting/warpgan-diffusion-inpainting-main/experiments/train_inpainting_diffusion/[20260910-123409]_v18w1_ctrl_50k
device: cuda:0
exp_dir: /home/xzy/warpgan-diffusiong-inpainting/warpgan-diffusion-inpainting-main/experiments/train_inpainting_diffusion/[20260910-123409]_v18w1_ctrl_50k
checkpoint_path: /home/xzy/warpgan-diffusiong-inpainting/warpgan-diffusion-inpainting-main/experiments/train_inpainting_diffusion/[20260910-123409]_v18w1_ctrl_50k/checkpoints/iteration_0049999.pt
max_steps: 100000
paths:
  sd: ./pretrained_models/AI-ModelScope/stable-diffusion-v1-5
  brushnet: ./pretrained_models/brushnet
  wplus_stage_c: /data/xzy/warpgan20260803/20260803/experiments/_wplus_identity_pretrain/checkpoints/iteration_50000.pt
  dataset:
    train: ./data/FFHQ-EG3D_all_static_rebalanced
    test: ./data/celeba-hq_1000_static_rebalanced
    synth: ./data/SynthData100000_rebalanced
data:
  batch_size: 1
  workers: 4
  test_batch_size: 2
  test_workers: 2
  rebalanced: false
  add_LPFF: false
  synth:
    able: true
    zplus: false
    batch_size: ${data.batch_size}
gan:
  device: ${device}
  eg3d_type: plus_r
  encoder_type: goae
  psp:
    n_styles: 14
  goae:
    mlp_layer: 2
    cfg: ./configs/swinv2.yaml
  state_dict_key: psp_state_dict
  checkpoint_path: ./pretrained_models/inversion/gan_encoder.pt
warp:
  warp_ori_train: true
  warp_ori_val: true
  warp_pred: false
  hybrid: true
  cond_erode_kernel: 3
  cond_gaussian_blur_kernel: 21
wplus:
  mode: s1_mapper
  gate_value: 3.0
  init_from_stage_c: false
reference:
  use: true
  use_mirror: true
  real_primary: mirror
  gate_init: 0.5
  lr: 5.0e-06
  local_window_k: 0
  local_gate_init: 0.25
brushnet:
  init: pretrained
  lr: 1.0e-05
  use_8bit_adam: true
  gradient_checkpointing: true
losses:
  eps_weight: 1.0
  synth_texture: full
  synth_lowpass_sigma: 2.0
  real_pass1:
    forward: true
    visible_weight: 1.0
    hole_weight: 1.0
    blind_struct_weight: 0
    mirror_anchor: true
  pixel:
    max_timestep: 200
    x0_clip: 3.0
    resolution: 256
    patch_latent: 32
    apply_to_synth: false
    l1_weight: 0
    resnet_pl_weight: 0
    id_weight: 0
    weights_path: ./pretrained_models/LaMa_perceptual_loss_models
  latent:
    weight: 0
  lpips:
    weight: 0
  adversarial:
    weight: 0
    kind: r1
    gp_coef: 0.001
    mask_as_fake_target: false
    allow_scale_mask: true
  feature_matching:
    weight: 0
  x0:
    enable: false
    mode: renoise
    t_max: 300
    w_ldif: 1.0
    w_lfm: 2.0
    w_ldis: 0.1
    dis_warmup: 3000
    latent_bound: 10.0
    l1_weight: 1.0
    clip: 8.0
    res_latent: 32
    d_real: paired_target
  preserve:
    weight: 0
    teacher_wplus: true
  discriminator:
    kind: pix2pixhd_nlayer
    input_nc: 3
    ndf: 64
    n_layers: 4
  optimizers:
    discriminator:
      lr: 0.0001
log:
  image_interval: 500
  board_interval: 50
  val_interval: 2000
  save_interval: 10000
  use_wandb: false
smoke:
  check: true
  fix_timestep: null

==============================================================================
[EFFECTIVE CONFIG — verify line by line before trusting any run]
  exp_dir               : /home/xzy/warpgan-diffusiong-inpainting/warpgan-diffusion-inpainting-main/experiments/train_inpainting_diffusion/[20260910-123409]_v18w1_ctrl_50k
  max_steps             : 100000
  device                : cuda:0
  synth/real 1:1        : use_synth=True
  batch_size (real/synth): 1 / 1
  warp: 512=True hybrid=True warp_pred=False mask=raw_splatting (NO erode/blur)
  warp cond soften     : erode=3px blur_k=21 (v10: CONDITION-side only, supervision keeps raw mask; orig port)
  wplus: mode=s1_mapper gate=fixed tanh(3.0) stage_c_init=False
  reference: use=True use_mirror=True gate_init=0.5 lr=5e-06
  reference real_primary : mirror (user plan: real photo = PRIMARY bank source, render -> extra)
  reference LOCAL       : window=0 gate_init=0.25 (v11 texture-band retrieval from PRIMARY (real-photo) source; activates the formerly-dead reference_local_scale)
  real pass1 dual-band  : visible/mirror FULL-band x1.0 + blind LOW-band x0.0 (v12: target=FULL SHARP render, only low-freq error penalized; hole_weight=1.0 ignored when dual-band active; 0=off -> single-band v11 path)
  loss synth_texture     : full (sigma=2.0 latent px; user plan: structure-only supervision, texture band = 0)
  brushnet: init=pretrained lr=1e-05 8bit=True grad_ckpt=True
  loss eps_weight       : 1.0
  real pass1 FORWARD    : True (False = STRUCT arm: real batch trains pass2 only; inference unchanged)
  loss real_p1 anchor   : visible=1.0 (target=inv_warp) hole=1.0 (target=y_hat_novel) mirror_anchor=True (hole real-photo coverage via inv_warp(x_mirror))
  loss pixel (t<200)   : L1*0 PL*0 ID*0 x0_clip=3.0 res=256
  loss latent closure   : *0 (orig L1195-1200)
  loss lpips/gan/fm     : 0 / 0 / 0  (orig GAN/FM 10/100 -> default 0)
  timestep range        : [0, 1000) FULL RANGE (no low-t clamp; v3.1 lesson)
  smoke: check=True fix_timestep=None
  path [OK ] sd            : ./pretrained_models/AI-ModelScope/stable-diffusion-v1-5
  path [OK ] brushnet      : ./pretrained_models/brushnet
  path [OK ] train         : ./data/FFHQ-EG3D_all_static_rebalanced
  path [OK ] test          : ./data/celeba-hq_1000_static_rebalanced
  path [OK ] synth         : ./data/SynthData100000_rebalanced
  path [OK ] LaMa_PL       : ./pretrained_models/LaMa_perceptual_loss_models
  path [OK ] gan_encoder   : ./pretrained_models/inversion/gan_encoder.pt
==============================================================================
[BrushNet] init: official pretrained inpainting checkpoint
[params] bank-retrieval adapters trainable: 37,183,696 | W+ QKV (s2) trainable: 0 | W+ mapper trainable: 1,967,616 | mirror: own K/V 24,780,800 + softmax competition (16 gauged layers) | RefNet DELETED (860M saved, bank=main-UNet self-read)
[optim] 8-bit AdamW (bitsandbytes)
Synth dataset: ./data/SynthData100000_rebalanced -> 100000 samples
Real train dataset: ./data/FFHQ-EG3D_all_static_rebalanced -> 139914 samples
Test dataset: ./data/celeba-hq_1000_static_rebalanced -> 1000 samples
[resume] step 49999 from /home/xzy/warpgan-diffusiong-inpainting/warpgan-diffusion-inpainting-main/experiments/train_inpainting_diffusion/[20260910-123409]_v18w1_ctrl_50k/checkpoints/iteration_0049999.pt
Start diffusion-port training (orig semantics, BrushNet+SD1.5).
/home/xzy/warpgan-diffusiong-inpainting/warpgan-diffusion-inpainting-main/./training/coach_inpainting_diffusion.py:1626: UserWarning: Converting a tensor with requires_grad=True to a scalar may lead to unexpected behavior.
Consider using tensor.detach() first. (Triggered internally at /pytorch/torch/csrc/autograd/generated/python_variable_methods.cpp:835.)
  metrics['p1_eps'] = float(loss_p1)
[ckpt] saved /home/xzy/warpgan-diffusiong-inpainting/warpgan-diffusion-inpainting-main/experiments/train_inpainting_diffusion/[20260910-123409]_v18w1_ctrl_50k/checkpoints/iteration_0049999.pt
[val step 49999] val_novel_full=0.0455 val_novel_hole=0.0532 val_novel_visible=0.0417
[step 50000] real_p1_mirror_hole_cov=0.1410 real_p1_eps=0.0157 real_p1_hole_frac=0.3741 real_p2_eps=0.0329 real_p2_pixel_l1=0.0000 real_p2_pixel_pl=0.0000 real_p2_pixel_id=0.0000 real_p2_latent=0.0000 real_p2_low_t_hits=0.0000 real_total=0.0486 synth_eps=0.0036 synth_eps_raw=0.0036 synth_pixel_l1=0.0000 synth_pixel_pl=0.0000 synth_pixel_id=0.0000 synth_latent=0.0000 synth_low_t_hits=0.0000 synth_total=0.0036 extra_render_attn_share=0.6978
[images] real: anchor | cond1 | cond2 | inv_warp_mirror | mask | mask_inv | warp_img | warp_warp_img | x | y_hat | y_hat_novel -> /home/xzy/warpgan-diffusiong-inpainting/warpgan-diffusion-inpainting-main/experiments/train_inpainting_diffusion/[20260910-123409]_v18w1_ctrl_50k/logs/images/train/real_step0050000.png
[images] synth: cond | mask | target | warp_img | x | y_hat_novel -> /home/xzy/warpgan-diffusiong-inpainting/warpgan-diffusion-inpainting-main/experiments/train_inpainting_diffusion/[20260910-123409]_v18w1_ctrl_50k/logs/images/train/synth_step0050000.png
[step 50050] real_p1_mirror_hole_cov=0.0108 real_p1_eps=0.0968 real_p1_hole_frac=0.1190 real_p2_eps=0.0106 real_p2_pixel_l1=0.0000 real_p2_pixel_pl=0.0000 real_p2_pixel_id=0.0000 real_p2_latent=0.0000 real_p2_low_t_hits=0.0000 real_total=0.1073 synth_eps=0.1886 synth_eps_raw=0.1886 synth_pixel_l1=0.0000 synth_pixel_pl=0.0000 synth_pixel_id=0.0000 synth_latent=0.0000 synth_low_t_hits=0.0000 synth_total=0.1886 extra_render_attn_share=0.6978
[step 50100] real_p1_mirror_hole_cov=0.3380 real_p1_eps=0.1876 real_p1_hole_frac=0.4700 real_p2_eps=0.0813 real_p2_pixel_l1=0.0000 real_p2_pixel_pl=0.0000 real_p2_pixel_id=0.0000 real_p2_latent=0.0000 real_p2_low_t_hits=0.0000 real_total=0.2689 synth_eps=0.0251 synth_eps_raw=0.0251 synth_pixel_l1=0.0000 synth_pixel_pl=0.0000 synth_pixel_id=0.0000 synth_latent=0.0000 synth_low_t_hits=0.0000 synth_total=0.0251 extra_render_attn_share=0.6978
[step 50150] real_p1_mirror_hole_cov=0.1214 real_p1_eps=0.1519 real_p1_hole_frac=0.3987 real_p2_eps=0.1708 real_p2_pixel_l1=0.0000 real_p2_pixel_pl=0.0000 real_p2_pixel_id=0.0000 real_p2_latent=0.0000 real_p2_low_t_hits=1.0000 real_total=0.3227 synth_eps=0.0450 synth_eps_raw=0.0450 synth_pixel_l1=0.0000 synth_pixel_pl=0.0000 synth_pixel_id=0.0000 synth_latent=0.0000 synth_low_t_hits=0.0000 synth_total=0.0450 extra_render_attn_share=0.6978
[step 50200] real_p1_mirror_hole_cov=0.4567 real_p1_eps=0.0411 real_p1_hole_frac=0.1225 real_p2_eps=0.0988 real_p2_pixel_l1=0.0000 real_p2_pixel_pl=0.0000 real_p2_pixel_id=0.0000 real_p2_latent=0.0000 real_p2_low_t_hits=1.0000 real_total=0.1399 synth_eps=0.0131 synth_eps_raw=0.0131 synth_pixel_l1=0.0000 synth_pixel_pl=0.0000 synth_pixel_id=0.0000 synth_latent=0.0000 synth_low_t_hits=0.0000 synth_total=0.0131 extra_render_attn_share=0.6978
[step 50250] real_p1_mirror_hole_cov=0.1243 real_p1_eps=0.0838 real_p1_hole_frac=0.3258 real_p2_eps=0.0195 real_p2_pixel_l1=0.0000 real_p2_pixel_pl=0.0000 real_p2_pixel_id=0.0000 real_p2_latent=0.0000 real_p2_low_t_hits=0.0000 real_total=0.1033 synth_eps=0.1747 synth_eps_raw=0.1747 synth_pixel_l1=0.0000 synth_pixel_pl=0.0000 synth_pixel_id=0.0000 synth_latent=0.0000 synth_low_t_hits=0.0000 synth_total=0.1747 extra_render_attn_share=0.6978
[step 50300] real_p1_mirror_hole_cov=0.1403 real_p1_eps=0.0035 real_p1_hole_frac=0.5198 real_p2_eps=0.0442 real_p2_pixel_l1=0.0000 real_p2_pixel_pl=0.0000 real_p2_pixel_id=0.0000 real_p2_latent=0.0000 real_p2_low_t_hits=0.0000 real_total=0.0476 synth_eps=0.0092 synth_eps_raw=0.0092 synth_pixel_l1=0.0000 synth_pixel_pl=0.0000 synth_pixel_id=0.0000 synth_latent=0.0000 synth_low_t_hits=0.0000 synth_total=0.0092 extra_render_attn_share=0.6978
[step 50350] real_p1_mirror_hole_cov=0.1312 real_p1_eps=0.0497 real_p1_hole_frac=0.5371 real_p2_eps=0.0269 real_p2_pixel_l1=0.0000 real_p2_pixel_pl=0.0000 real_p2_pixel_id=0.0000 real_p2_latent=0.0000 real_p2_low_t_hits=0.0000 real_total=0.0766 synth_eps=0.0574 synth_eps_raw=0.0574 synth_pixel_l1=0.0000 synth_pixel_pl=0.0000 synth_pixel_id=0.0000 synth_latent=0.0000 synth_low_t_hits=0.0000 synth_total=0.0574 extra_render_attn_share=0.6978
[step 50400] real_p1_mirror_hole_cov=0.1003 real_p1_eps=0.0029 real_p1_hole_frac=0.1919 real_p2_eps=0.0162 real_p2_pixel_l1=0.0000 real_p2_pixel_pl=0.0000 real_p2_pixel_id=0.0000 real_p2_latent=0.0000 real_p2_low_t_hits=0.0000 real_total=0.0192 synth_eps=0.0046 synth_eps_raw=0.0046 synth_pixel_l1=0.0000 synth_pixel_pl=0.0000 synth_pixel_id=0.0000 synth_latent=0.0000 synth_low_t_hits=0.0000 synth_total=0.0046 extra_render_attn_share=0.6978
[step 50450] real_p1_mirror_hole_cov=0.1260 real_p1_eps=0.0117 real_p1_hole_frac=0.3364 real_p2_eps=0.0063 real_p2_pixel_l1=0.0000 real_p2_pixel_pl=0.0000 real_p2_pixel_id=0.0000 real_p2_latent=0.0000 real_p2_low_t_hits=0.0000 real_total=0.0180 synth_eps=0.1465 synth_eps_raw=0.1465 synth_pixel_l1=0.0000 synth_pixel_pl=0.0000 synth_pixel_id=0.0000 synth_latent=0.0000 synth_low_t_hits=0.0000 synth_total=0.1465 extra_render_attn_share=0.6978
[step 50500] real_p1_mirror_hole_cov=0.1261 real_p1_eps=0.0128 real_p1_hole_frac=0.5335 real_p2_eps=0.0041 real_p2_pixel_l1=0.0000 real_p2_pixel_pl=0.0000 real_p2_pixel_id=0.0000 real_p2_latent=0.0000 real_p2_low_t_hits=0.0000 real_total=0.0169 synth_eps=0.0010 synth_eps_raw=0.0010 synth_pixel_l1=0.0000 synth_pixel_pl=0.0000 synth_pixel_id=0.0000 synth_latent=0.0000 synth_low_t_hits=0.0000 synth_total=0.0010 extra_render_attn_share=0.6978
[images] real: anchor | cond1 | cond2 | inv_warp_mirror | mask | mask_inv | warp_img | warp_warp_img | x | y_hat | y_hat_novel -> /home/xzy/warpgan-diffusiong-inpainting/warpgan-diffusion-inpainting-main/experiments/train_inpainting_diffusion/[20260910-123409]_v18w1_ctrl_50k/logs/images/train/real_step0050500.png
[images] synth: cond | mask | target | warp_img | x | y_hat_novel -> /home/xzy/warpgan-diffusiong-inpainting/warpgan-diffusion-inpainting-main/experiments/train_inpainting_diffusion/[20260910-123409]_v18w1_ctrl_50k/logs/images/train/synth_step0050500.png
[step 50550] real_p1_mirror_hole_cov=0.3078 real_p1_eps=0.0470 real_p1_hole_frac=0.4420 real_p2_eps=0.0035 real_p2_pixel_l1=0.0000 real_p2_pixel_pl=0.0000 real_p2_pixel_id=0.0000 real_p2_latent=0.0000 real_p2_low_t_hits=0.0000 real_total=0.0505 synth_eps=0.1094 synth_eps_raw=0.1094 synth_pixel_l1=0.0000 synth_pixel_pl=0.0000 synth_pixel_id=0.0000 synth_latent=0.0000 synth_low_t_hits=0.0000 synth_total=0.1094 extra_render_attn_share=0.6978
[step 50600] real_p1_mirror_hole_cov=0.2083 real_p1_eps=0.0032 real_p1_hole_frac=0.0254 real_p2_eps=0.3670 real_p2_pixel_l1=0.0000 real_p2_pixel_pl=0.0000 real_p2_pixel_id=0.0000 real_p2_latent=0.0000 real_p2_low_t_hits=1.0000 real_total=0.3702 synth_eps=0.0144 synth_eps_raw=0.0144 synth_pixel_l1=0.0000 synth_pixel_pl=0.0000 synth_pixel_id=0.0000 synth_latent=0.0000 synth_low_t_hits=0.0000 synth_total=0.0144 extra_render_attn_share=0.6978
[step 50650] real_p1_mirror_hole_cov=0.1880 real_p1_eps=0.2829 real_p1_hole_frac=0.5986 real_p2_eps=0.0192 real_p2_pixel_l1=0.0000 real_p2_pixel_pl=0.0000 real_p2_pixel_id=0.0000 real_p2_latent=0.0000 real_p2_low_t_hits=0.0000 real_total=0.3021 synth_eps=0.0345 synth_eps_raw=0.0345 synth_pixel_l1=0.0000 synth_pixel_pl=0.0000 synth_pixel_id=0.0000 synth_latent=0.0000 synth_low_t_hits=0.0000 synth_total=0.0345 extra_render_attn_share=0.6978
[step 50700] real_p1_mirror_hole_cov=0.1637 real_p1_eps=0.1378 real_p1_hole_frac=0.0543 real_p2_eps=0.1056 real_p2_pixel_l1=0.0000 real_p2_pixel_pl=0.0000 real_p2_pixel_id=0.0000 real_p2_latent=0.0000 real_p2_low_t_hits=1.0000 real_total=0.2434 synth_eps=0.1354 synth_eps_raw=0.1354 synth_pixel_l1=0.0000 synth_pixel_pl=0.0000 synth_pixel_id=0.0000 synth_latent=0.0000 synth_low_t_hits=0.0000 synth_total=0.1354 extra_render_attn_share=0.6978
[step 50750] real_p1_mirror_hole_cov=0.0087 real_p1_eps=0.2563 real_p1_hole_frac=0.2926 real_p2_eps=0.1727 real_p2_pixel_l1=0.0000 real_p2_pixel_pl=0.0000 real_p2_pixel_id=0.0000 real_p2_latent=0.0000 real_p2_low_t_hits=1.0000 real_total=0.4290 synth_eps=0.0017 synth_eps_raw=0.0017 synth_pixel_l1=0.0000 synth_pixel_pl=0.0000 synth_pixel_id=0.0000 synth_latent=0.0000 synth_low_t_hits=0.0000 synth_total=0.0017 extra_render_attn_share=0.6978
[step 50800] real_p1_mirror_hole_cov=0.0580 real_p1_eps=0.0161 real_p1_hole_frac=0.1176 real_p2_eps=0.0542 real_p2_pixel_l1=0.0000 real_p2_pixel_pl=0.0000 real_p2_pixel_id=0.0000 real_p2_latent=0.0000 real_p2_low_t_hits=0.0000 real_total=0.0703 synth_eps=0.0097 synth_eps_raw=0.0097 synth_pixel_l1=0.0000 synth_pixel_pl=0.0000 synth_pixel_id=0.0000 synth_latent=0.0000 synth_low_t_hits=0.0000 synth_total=0.0097 extra_render_attn_share=0.6978
[step 50850] real_p1_mirror_hole_cov=0.2006 real_p1_eps=0.0062 real_p1_hole_frac=0.5661 real_p2_eps=0.2120 real_p2_pixel_l1=0.0000 real_p2_pixel_pl=0.0000 real_p2_pixel_id=0.0000 real_p2_latent=0.0000 real_p2_low_t_hits=1.0000 real_total=0.2182 synth_eps=0.0985 synth_eps_raw=0.0985 synth_pixel_l1=0.0000 synth_pixel_pl=0.0000 synth_pixel_id=0.0000 synth_latent=0.0000 synth_low_t_hits=0.0000 synth_total=0.0985 extra_render_attn_share=0.6978
[step 50900] real_p1_mirror_hole_cov=0.0724 real_p1_eps=0.0692 real_p1_hole_frac=0.0941 real_p2_eps=0.0414 real_p2_pixel_l1=0.0000 real_p2_pixel_pl=0.0000 real_p2_pixel_id=0.0000 real_p2_latent=0.0000 real_p2_low_t_hits=0.0000 real_total=0.1107 synth_eps=0.0015 synth_eps_raw=0.0015 synth_pixel_l1=0.0000 synth_pixel_pl=0.0000 synth_pixel_id=0.0000 synth_latent=0.0000 synth_low_t_hits=0.0000 synth_total=0.0015 extra_render_attn_share=0.6978
[step 50950] real_p1_mirror_hole_cov=0.0654 real_p1_eps=0.0279 real_p1_hole_frac=0.3862 real_p2_eps=0.0423 real_p2_pixel_l1=0.0000 real_p2_pixel_pl=0.0000 real_p2_pixel_id=0.0000 real_p2_latent=0.0000 real_p2_low_t_hits=0.0000 real_total=0.0702 synth_eps=0.2186 synth_eps_raw=0.2186 synth_pixel_l1=0.0000 synth_pixel_pl=0.0000 synth_pixel_id=0.0000 synth_latent=0.0000 synth_low_t_hits=1.0000 synth_total=0.2186 extra_render_attn_share=0.6978
[step 51000] real_p1_mirror_hole_cov=0.0818 real_p1_eps=0.4421 real_p1_hole_frac=0.3600 real_p2_eps=0.0404 real_p2_pixel_l1=0.0000 real_p2_pixel_pl=0.0000 real_p2_pixel_id=0.0000 real_p2_latent=0.0000 real_p2_low_t_hits=0.0000 real_total=0.4824 synth_eps=0.0233 synth_eps_raw=0.0233 synth_pixel_l1=0.0000 synth_pixel_pl=0.0000 synth_pixel_id=0.0000 synth_latent=0.0000 synth_low_t_hits=0.0000 synth_total=0.0233 extra_render_attn_share=0.6978
[images] real: anchor | cond1 | cond2 | inv_warp_mirror | mask | mask_inv | warp_img | warp_warp_img | x | y_hat | y_hat_novel -> /home/xzy/warpgan-diffusiong-inpainting/warpgan-diffusion-inpainting-main/experiments/train_inpainting_diffusion/[20260910-123409]_v18w1_ctrl_50k/logs/images/train/real_step0051000.png
[images] synth: cond | mask | target | warp_img | x | y_hat_novel -> /home/xzy/warpgan-diffusiong-inpainting/warpgan-diffusion-inpainting-main/experiments/train_inpainting_diffusion/[20260910-123409]_v18w1_ctrl_50k/logs/images/train/synth_step0051000.png
[step 51050] real_p1_mirror_hole_cov=0.2104 real_p1_eps=0.1640 real_p1_hole_frac=0.3671 real_p2_eps=0.0112 real_p2_pixel_l1=0.0000 real_p2_pixel_pl=0.0000 real_p2_pixel_id=0.0000 real_p2_latent=0.0000 real_p2_low_t_hits=0.0000 real_total=0.1752 synth_eps=0.0046 synth_eps_raw=0.0046 synth_pixel_l1=0.0000 synth_pixel_pl=0.0000 synth_pixel_id=0.0000 synth_latent=0.0000 synth_low_t_hits=0.0000 synth_total=0.0046 extra_render_attn_share=0.6978
[step 51100] real_p1_mirror_hole_cov=0.0962 real_p1_eps=0.0021 real_p1_hole_frac=0.3743 real_p2_eps=0.0021 real_p2_pixel_l1=0.0000 real_p2_pixel_pl=0.0000 real_p2_pixel_id=0.0000 real_p2_latent=0.0000 real_p2_low_t_hits=0.0000 real_total=0.0042 synth_eps=0.0578 synth_eps_raw=0.0578 synth_pixel_l1=0.0000 synth_pixel_pl=0.0000 synth_pixel_id=0.0000 synth_latent=0.0000 synth_low_t_hits=0.0000 synth_total=0.0578 extra_render_attn_share=0.6978
[step 51150] real_p1_mirror_hole_cov=0.0493 real_p1_eps=0.0485 real_p1_hole_frac=0.1668 real_p2_eps=0.0040 real_p2_pixel_l1=0.0000 real_p2_pixel_pl=0.0000 real_p2_pixel_id=0.0000 real_p2_latent=0.0000 real_p2_low_t_hits=0.0000 real_total=0.0524 synth_eps=0.1128 synth_eps_raw=0.1128 synth_pixel_l1=0.0000 synth_pixel_pl=0.0000 synth_pixel_id=0.0000 synth_latent=0.0000 synth_low_t_hits=0.0000 synth_total=0.1128 extra_render_attn_share=0.6978
[step 51200] real_p1_mirror_hole_cov=0.1041 real_p1_eps=0.0430 real_p1_hole_frac=0.2850 real_p2_eps=0.0021 real_p2_pixel_l1=0.0000 real_p2_pixel_pl=0.0000 real_p2_pixel_id=0.0000 real_p2_latent=0.0000 real_p2_low_t_hits=0.0000 real_total=0.0450 synth_eps=0.0619 synth_eps_raw=0.0619 synth_pixel_l1=0.0000 synth_pixel_pl=0.0000 synth_pixel_id=0.0000 synth_latent=0.0000 synth_low_t_hits=0.0000 synth_total=0.0619 extra_render_attn_share=0.6978
[step 51250] real_p1_mirror_hole_cov=0.0734 real_p1_eps=0.0044 real_p1_hole_frac=0.3636 real_p2_eps=0.0019 real_p2_pixel_l1=0.0000 real_p2_pixel_pl=0.0000 real_p2_pixel_id=0.0000 real_p2_latent=0.0000 real_p2_low_t_hits=0.0000 real_total=0.0063 synth_eps=0.0067 synth_eps_raw=0.0067 synth_pixel_l1=0.0000 synth_pixel_pl=0.0000 synth_pixel_id=0.0000 synth_latent=0.0000 synth_low_t_hits=0.0000 synth_total=0.0067 extra_render_attn_share=0.6978
