2026-09-14 03:02:50.981139: I tensorflow/core/util/util.cc:169] oneDNN custom operations are on. You may see slightly different numerical results due to floating-point round-off errors from different computation orders. To turn them off, set the environment variable `TF_ENABLE_ONEDNN_OPTS=0`.
2026-09-14 03:02:50.986013: W tensorflow/stream_executor/platform/default/dso_loader.cc:64] Could not load dynamic library 'libcudart.so.11.0'; dlerror: libcudart.so.11.0: cannot open shared object file: No such file or directory; LD_LIBRARY_PATH: /usr/local/cuda-12.2/lib64:/usr/local/cuda-12.2/lib64:/usr/local/cuda-12.2/lib64
2026-09-14 03:02:50.986035: I tensorflow/stream_executor/cuda/cudart_stub.cc:29] Ignore above cudart dlerror if you do not have a GPU set up on your machine.
/home/xzy/miniconda3/envs/warpgan/lib/python3.9/site-packages/sklearn/utils/fixes.py:28: UserWarning: pkg_resources is deprecated as an API. See https://setuptools.pypa.io/en/latest/pkg_resources.html. The pkg_resources package is slated for removal as early as 2025-11-30. Refrain from using this package or pin to Setuptools<81.
  from pkg_resources import parse_version  # type: ignore
[compat] patched models/goae WindowAttention.forward (torch>=2.6 CPU-bound clamp fix; numerically identical)
device: cuda:0
prompt:
  preset: invsr
  text: ''
infer:
  t_start: 300
hf:
  enable: true
  thresh: 50.0
prior_preserve:
  freq: 0
exp_dir: /home/xzy/warpgan-diffusiong-inpainting/warpgan-diffusion-inpainting-main/experiments/train_inpainting_diffusion/[20260914-030356]_v18w8_w5hf_100k
checkpoint_path: null
max_steps: 100000
paths:
  sd: ./pretrained_models/AI-ModelScope/stable-diffusion-v1-5
  brushnet: ./pretrained_models/brushnet
  wplus_stage_c: /data/xzy/warpgan20260803/20260803/experiments/_wplus_identity_pretrain/checkpoints/iteration_50000.pt
  dataset:
    train: ./data/FFHQ-EG3D_all_static_rebalanced
    test: ./data/celeba-hq_1000_static_rebalanced
    synth: ./data/SynthData100000_rebalanced
data:
  batch_size: 1
  workers: 4
  test_batch_size: 2
  test_workers: 2
  rebalanced: false
  add_LPFF: false
  synth:
    able: true
    zplus: false
    batch_size: ${data.batch_size}
gan:
  device: ${device}
  eg3d_type: plus_r
  encoder_type: goae
  psp:
    n_styles: 14
  goae:
    mlp_layer: 2
    cfg: ./configs/swinv2.yaml
  state_dict_key: psp_state_dict
  checkpoint_path: ./pretrained_models/inversion/gan_encoder.pt
warp:
  warp_ori_train: true
  warp_ori_val: true
  warp_pred: false
  hybrid: true
  cond_erode_kernel: 3
  cond_gaussian_blur_kernel: 21
wplus:
  mode: s1_mapper
  gate_value: 3.0
  init_from_stage_c: false
reference:
  use: true
  use_mirror: true
  real_primary: mirror
  gate_init: 0.5
  lr: 5.0e-06
  local_window_k: 0
  local_gate_init: 0.25
brushnet:
  init: pretrained
  lr: 1.0e-05
  use_8bit_adam: true
  gradient_checkpointing: true
losses:
  eps_weight: 1.0
  synth_texture: full
  synth_lowpass_sigma: 2.0
  real_pass1:
    forward: true
    t_max: 300
    anchor_median: 0
    visible_weight: 1.0
    hole_weight: 0
    blind_struct_weight: 0
    mirror_anchor: true
  pixel:
    max_timestep: 200
    x0_clip: 3.0
    resolution: 256
    patch_latent: 32
    apply_to_synth: false
    l1_weight: 0
    resnet_pl_weight: 0
    id_weight: 0
    weights_path: ./pretrained_models/LaMa_perceptual_loss_models
  latent:
    weight: 0
  lpips:
    weight: 0
  adversarial:
    weight: 0
    kind: r1
    gp_coef: 0.001
    mask_as_fake_target: false
    allow_scale_mask: true
  feature_matching:
    weight: 0
  x0:
    enable: true
    mode: invsr
    t_max: 300
    w_ldif: 1.0
    w_lfm: 2.0
    w_ldis: 0.1
    dis_warmup: 3000
    latent_bound: 10.0
    l1_weight: 1.0
    llpips_enable: true
    llpips_ckpt: ./weights/vgg16_sdturbo_lpips.pth
    clip: 8.0
    res_latent: 32
    d_real: paired_target
  preserve:
    weight: 0
    teacher_wplus: true
  discriminator:
    kind: pix2pixhd_nlayer
    input_nc: 3
    ndf: 64
    n_layers: 4
  optimizers:
    discriminator:
      lr: 0.0001
log:
  image_interval: 500
  board_interval: 50
  val_interval: 2000
  save_interval: 10000
  use_wandb: false
smoke:
  check: true
  fix_timestep: null

==============================================================================
[EFFECTIVE CONFIG — verify line by line before trusting any run]
  exp_dir               : /home/xzy/warpgan-diffusiong-inpainting/warpgan-diffusion-inpainting-main/experiments/train_inpainting_diffusion/[20260914-030356]_v18w8_w5hf_100k
  max_steps             : 100000
  device                : cuda:0
  synth/real 1:1        : use_synth=True
  batch_size (real/synth): 1 / 1
  warp: 512=True hybrid=True warp_pred=False mask=raw_splatting (NO erode/blur)
  warp cond soften     : erode=3px blur_k=21 (v10: CONDITION-side only, supervision keeps raw mask; orig port)
  wplus: mode=s1_mapper gate=fixed tanh(3.0) stage_c_init=False
  reference: use=True use_mirror=True gate_init=0.5 lr=5e-06
  reference real_primary : mirror (user plan: real photo = PRIMARY bank source, render -> extra)
  reference LOCAL       : window=0 gate_init=0.25 (v11 texture-band retrieval from PRIMARY (real-photo) source; activates the formerly-dead reference_local_scale)
  real pass1 dual-band  : visible/mirror FULL-band x1.0 + blind LOW-band x0.0 (v12: target=FULL SHARP render, only low-freq error penalized; hole_weight=0.0 ignored when dual-band active; 0=off -> single-band v11 path)
  loss synth_texture     : full (sigma=2.0 latent px; user plan: structure-only supervision, texture band = 0)
  brushnet: init=pretrained lr=1e-05 8bit=True grad_ckpt=True
  loss eps_weight       : 1.0
  real pass1 FORWARD    : True (False = STRUCT arm: real batch trains pass2 only; inference unchanged)
  real pass1 t-domain   : [0, 300] | infer.t_start=300 (0=pure-noise chain; >0=SDEdit from the noised anchor)
  loss real_p1 anchor   : visible=1.0 (target=inv_warp) hole=0 (target=y_hat_novel) mirror_anchor=True (hole real-photo coverage via inv_warp(x_mirror))
  loss pixel (t<200)   : L1*0 PL*0 ID*0 x0_clip=3.0 res=256
  loss latent closure   : *0 (orig L1195-1200)
  loss lpips/gan/fm     : 0 / 0 / 0  (orig GAN/FM 10/100 -> default 0)
  timestep range        : [0, 1000) FULL RANGE (no low-t clamp; v3.1 lesson)
  smoke: check=True fix_timestep=None
  path [OK ] sd            : ./pretrained_models/AI-ModelScope/stable-diffusion-v1-5
  path [OK ] brushnet      : ./pretrained_models/brushnet
  path [OK ] train         : ./data/FFHQ-EG3D_all_static_rebalanced
  path [OK ] test          : ./data/celeba-hq_1000_static_rebalanced
  path [OK ] synth         : ./data/SynthData100000_rebalanced
  path [OK ] LaMa_PL       : ./pretrained_models/LaMa_perceptual_loss_models
  path [OK ] gan_encoder   : ./pretrained_models/inversion/gan_encoder.pt
==============================================================================
[v18.5] CONSTANT prompt ACTIVE (preset=invsr): "Cinematic, high-contrast, photo-realistic, 8k, ultra HD, meticulous de..."
[BrushNet] init: official pretrained inpainting checkpoint
[v18.8] BrushNet conv_in_condition expanded: 9 → 12 input channels (+3 HF, zero-initialized)
[v18.3] InvSR x0 SUPERVISION ACTIVE: latent-space MSE+FM+adv on the single-step x0, t<=300, w=ldif:1.0/lfm:2.0/ldis:0.1
[v18.3 InvSR] latent UNet-D 106,176,612 params | t_max=300 | w ldif:lfm:ldis = 1.0:2.0:0.1 | latent clamp ±10.0 | dis_warmup=3000 (their 10K/100K iters scaled to our 30K budget)
/home/xzy/miniconda3/envs/warpgan/lib/python3.9/site-packages/torchvision/models/_utils.py:208: UserWarning: The parameter 'pretrained' is deprecated since 0.13 and may be removed in the future, please use 'weights' instead.
  warnings.warn(
/home/xzy/miniconda3/envs/warpgan/lib/python3.9/site-packages/torchvision/models/_utils.py:223: UserWarning: Arguments other than a weight enum or `None` for 'weights' are deprecated since 0.13 and may be removed in the future. The current behavior is equivalent to passing `weights=VGG16_Weights.IMAGENET1K_V1`. You can also use `weights=VGG16_Weights.DEFAULT` to get the most up-to-date weights.
  warnings.warn(msg)
[v18.4] InvSR finetuned latent-LPIPS ACTIVE (w=2.0) <- ./weights/vgg16_sdturbo_lpips.pth
[params] bank-retrieval adapters trainable: 37,183,696 | W+ QKV (s2) trainable: 0 | W+ mapper trainable: 1,967,616 | mirror: own K/V 24,780,800 + softmax competition (16 gauged layers) | RefNet DELETED (860M saved, bank=main-UNet self-read)
[optim] 8-bit AdamW (bitsandbytes)
Synth dataset: ./data/SynthData100000_rebalanced -> 100000 samples
Real train dataset: ./data/FFHQ-EG3D_all_static_rebalanced -> 139914 samples
Test dataset: ./data/celeba-hq_1000_static_rebalanced -> 1000 samples
Start diffusion-port training (orig semantics, BrushNet+SD1.5).
[bank input check] source=x_mirror shape=(1, 3, 512, 512) mean=0.3228 std=0.3125 finite=True
[bank input check] source=y_hat_novel shape=(1, 3, 512, 512) mean=0.3133 std=0.2578 finite=True

------------------------------------------------------------------------------
[v10 REAL-DATA AUDIT — condition-side softening]
  [PASS] output range [0,1]                           min=0.0000 max=1.0000
  [info] hole mean growth = 0.0222 (raw 0.1609 bin 0.1609 soft 0.1831; fragmentation-dependent, orig-equivalent by the check below)
  [PASS] vs ORIG ops on real tensor (kornia+tv, max diff < 1e-4) max_diff=2.98e-07
  [PASS] transition band exists (soft, not re-binarized) band_frac=0.04722 band_px/img=12379
  [PASS] no knife edge: max per-px jump <= 0.45 (orig ~0.38) max_jump=0.380
  [PASS] supervision mask_latents == interp(RAW mask) 
  [PASS] BrushNet channel != supervision at boundary (split real) max|soft-raw|@latent=1.000
  [PASS] off-state identity on real tensor            
------------------------------------------------------------------------------
v10 AUDIT PASSED — theory verified on real pipeline tensors.
/home/xzy/warpgan-diffusiong-inpainting/warpgan-diffusion-inpainting-main/./training/coach_inpainting_diffusion.py:1792: UserWarning: Converting a tensor with requires_grad=True to a scalar may lead to unexpected behavior.
Consider using tensor.detach() first. (Triggered internally at /pytorch/torch/csrc/autograd/generated/python_variable_methods.cpp:835.)
  metrics['p1_eps'] = float(loss_p1)
[bank input check] source=warp_warp_img shape=(1, 3, 512, 512) mean=0.2433 std=0.2649 finite=True
[bank input check] source=y_hat shape=(1, 3, 512, 512) mean=0.3224 std=0.2883 finite=True
[bank input check] source=target_hat shape=(1, 3, 512, 512) mean=0.3807 std=0.2304 finite=True
[bank input check] source=x_mirror shape=(1, 3, 512, 512) mean=0.4024 std=0.2549 finite=True
[step 0] real_p1_mirror_hole_cov=0.0702 real_p1_eps=0.2416 real_p1_hole_frac=0.1609 real_p2_eps=0.1985 real_p2_hit=1.0000 real_p2_t=292.0000 real_p2_ldif=0.1302 real_p2_lfm=0.0057 real_total=0.5819 discr_adv=0.9949 p2_d_real=-0.1161 p2_d_fake=-0.1293 g_grad_abs=7497.8790 d_grad_abs=5173.1003 synth_eps=0.2924 synth_eps_raw=0.2924 synth_x0_hit=1.0000 synth_x0_t=217.0000 synth_x0_ldif=0.1097 synth_x0_lfm=0.0060 synth_total=0.4140
[images] real: anchor | cond1 | cond2 | inv_warp_mirror | mask | mask_inv | warp_img | warp_warp_img | x | y_hat | y_hat_novel -> /home/xzy/warpgan-diffusiong-inpainting/warpgan-diffusion-inpainting-main/experiments/train_inpainting_diffusion/[20260914-030356]_v18w8_w5hf_100k/logs/images/train/real_step0000000.png
[images] synth: cond | mask | target | warp_img | x | y_hat_novel -> /home/xzy/warpgan-diffusiong-inpainting/warpgan-diffusion-inpainting-main/experiments/train_inpainting_diffusion/[20260914-030356]_v18w8_w5hf_100k/logs/images/train/synth_step0000000.png
[bank input check] source=x_mirror shape=(1, 3, 512, 512) mean=0.4327 std=0.2166 finite=True
[bank input check] source=y_hat_novel shape=(1, 3, 512, 512) mean=0.4238 std=0.1960 finite=True

------------------------------------------------------------------------------
[v10 REAL-DATA AUDIT — condition-side softening]
  [PASS] output range [0,1]                           min=0.0000 max=1.0000
  [info] hole mean growth = 0.0484 (raw 0.2225 bin 0.2225 soft 0.2709; fragmentation-dependent, orig-equivalent by the check below)
  [PASS] vs ORIG ops on real tensor (kornia+tv, max diff < 1e-4) max_diff=3.58e-07
  [PASS] transition band exists (soft, not re-binarized) band_frac=0.07328 band_px/img=19210
  [PASS] no knife edge: max per-px jump <= 0.45 (orig ~0.38) max_jump=0.380
  [PASS] supervision mask_latents == interp(RAW mask) 
  [PASS] BrushNet channel != supervision at boundary (split real) max|soft-raw|@latent=1.000
  [PASS] off-state identity on real tensor            
------------------------------------------------------------------------------
v10 AUDIT PASSED — theory verified on real pipeline tensors.
[bank input check] source=warp_warp_img shape=(1, 3, 512, 512) mean=0.3508 std=0.2578 finite=True
[bank input check] source=y_hat shape=(1, 3, 512, 512) mean=0.4235 std=0.2024 finite=True
[bank input check] source=target_hat shape=(1, 3, 512, 512) mean=0.4727 std=0.2063 finite=True
[bank input check] source=x_mirror shape=(1, 3, 512, 512) mean=0.4248 std=0.2297 finite=True
[bank input check] source=x_mirror shape=(1, 3, 512, 512) mean=0.5335 std=0.2773 finite=True
[bank input check] source=y_hat_novel shape=(1, 3, 512, 512) mean=0.5502 std=0.2151 finite=True

------------------------------------------------------------------------------
[v10 REAL-DATA AUDIT — condition-side softening]
  [PASS] output range [0,1]                           min=0.0000 max=1.0000
  [info] hole mean growth = 0.0869 (raw 0.5174 bin 0.5174 soft 0.6043; fragmentation-dependent, orig-equivalent by the check below)
  [PASS] vs ORIG ops on real tensor (kornia+tv, max diff < 1e-4) max_diff=2.98e-07
  [PASS] transition band exists (soft, not re-binarized) band_frac=0.08638 band_px/img=22644
  [PASS] no knife edge: max per-px jump <= 0.45 (orig ~0.38) max_jump=0.380
  [PASS] supervision mask_latents == interp(RAW mask) 
  [PASS] BrushNet channel != supervision at boundary (split real) max|soft-raw|@latent=1.000
  [PASS] off-state identity on real tensor            
------------------------------------------------------------------------------
v10 AUDIT PASSED — theory verified on real pipeline tensors.
[bank input check] source=warp_warp_img shape=(1, 3, 512, 512) mean=0.2779 std=0.2948 finite=True
[bank input check] source=y_hat shape=(1, 3, 512, 512) mean=0.5355 std=0.2647 finite=True
[bank input check] source=target_hat shape=(1, 3, 512, 512) mean=0.5501 std=0.2074 finite=True
[bank input check] source=x_mirror shape=(1, 3, 512, 512) mean=0.5603 std=0.2377 finite=True
[step 50] real_p1_mirror_hole_cov=0.0794 real_p1_eps=0.1890 real_p1_hole_frac=0.1880 real_p2_eps=0.2393 real_p2_hit=1.0000 real_p2_t=120.0000 real_p2_ldif=0.0362 real_p2_lfm=0.0040 real_total=0.4725 discr_adv=1.0243 p2_d_real=-0.3020 p2_d_fake=-0.5134 g_grad_abs=1881.4904 d_grad_abs=26323.8247 synth_eps=0.0058 synth_eps_raw=0.0058 synth_x0_hit=0.0000 synth_total=0.0058
[step 100] real_p1_mirror_hole_cov=0.0458 real_p1_eps=0.3258 real_p1_hole_frac=0.2278 real_p2_eps=0.0069 real_p2_hit=0.0000 real_total=0.3327 discr_adv=1.0101 x0_d_real=0.3560 x0_d_fake=0.3331 g_grad_abs=1516.1583 d_grad_abs=6018.7699 synth_eps=0.0182 synth_eps_raw=0.0182 synth_x0_hit=0.0000 synth_total=0.0182
[step 150] real_p1_mirror_hole_cov=0.0717 real_p1_eps=0.2436 real_p1_hole_frac=0.3661 real_p2_eps=0.0019 real_p2_hit=0.0000 real_total=0.2455 discr_adv=0.9925 x0_d_real=0.2096 x0_d_fake=0.1946 g_grad_abs=1332.5598 d_grad_abs=416.9424 synth_eps=0.3089 synth_eps_raw=0.3089 synth_x0_hit=1.0000 synth_x0_t=150.0000 synth_x0_ldif=0.0642 synth_x0_lfm=0.0045 synth_total=0.3821
[step 200] real_p1_mirror_hole_cov=0.0179 real_p1_eps=0.3808 real_p1_hole_frac=0.3508 real_p2_eps=0.0187 real_p2_hit=0.0000 real_total=0.3996 discr_adv=0.9383 x0_d_real=0.4348 x0_d_fake=0.3070 g_grad_abs=1431.5297 d_grad_abs=2149.5800 synth_eps=0.0732 synth_eps_raw=0.0732 synth_x0_hit=0.0000 synth_total=0.0732
[step 250] real_p1_mirror_hole_cov=0.0185 real_p1_eps=0.0937 real_p1_hole_frac=0.0528 real_p2_eps=0.0199 real_p2_hit=0.0000 real_total=0.1136 synth_eps=0.0056 synth_eps_raw=0.0056 synth_x0_hit=0.0000 synth_total=0.0056
[step 300] real_p1_mirror_hole_cov=0.0204 real_p1_eps=0.0451 real_p1_hole_frac=0.0404 real_p2_eps=0.0524 real_p2_hit=1.0000 real_p2_t=245.0000 real_p2_ldif=0.0245 real_p2_lfm=0.0031 real_total=0.1281 discr_adv=1.9473 x0_d_real=0.8023 x0_d_fake=0.6603 p2_d_real=1.0265 p2_d_fake=0.9573 g_grad_abs=1188.2176 d_grad_abs=9953.8018 synth_eps=0.0222 synth_eps_raw=0.0222 synth_x0_hit=0.0000 synth_total=0.0222
[step 350] real_p1_mirror_hole_cov=0.1440 real_p1_eps=0.3362 real_p1_hole_frac=0.0363 real_p2_eps=0.0156 real_p2_hit=0.0000 real_total=0.3518 synth_eps=0.0380 synth_eps_raw=0.0380 synth_x0_hit=0.0000 synth_total=0.0380
[step 400] real_p1_mirror_hole_cov=0.0291 real_p1_eps=0.1063 real_p1_hole_frac=0.4045 real_p2_eps=0.3297 real_p2_hit=1.0000 real_p2_t=97.0000 real_p2_ldif=0.0375 real_p2_lfm=0.0046 real_total=0.4826 discr_adv=1.0491 p2_d_real=1.1341 p2_d_fake=1.0814 g_grad_abs=2031.5579 d_grad_abs=5197.0493 synth_eps=0.0018 synth_eps_raw=0.0018 synth_x0_hit=0.0000 synth_total=0.0018
[step 450] real_p1_mirror_hole_cov=0.1135 real_p1_eps=0.1435 real_p1_hole_frac=0.3964 real_p2_eps=0.0047 real_p2_hit=0.0000 real_total=0.1482 synth_eps=0.0077 synth_eps_raw=0.0077 synth_x0_hit=0.0000 synth_total=0.0077
[step 500] real_p1_mirror_hole_cov=0.2229 real_p1_eps=0.1908 real_p1_hole_frac=0.3319 real_p2_eps=0.7133 real_p2_hit=1.0000 real_p2_t=6.0000 real_p2_ldif=0.0043 real_p2_lfm=0.0006 real_total=0.9096 discr_adv=0.9961 p2_d_real=0.3205 p2_d_fake=0.3127 g_grad_abs=2160.0052 d_grad_abs=124.1470 synth_eps=0.0033 synth_eps_raw=0.0033 synth_x0_hit=0.0000 synth_total=0.0033
[images] real: anchor | cond1 | cond2 | inv_warp_mirror | mask | mask_inv | warp_img | warp_warp_img | x | y_hat | y_hat_novel -> /home/xzy/warpgan-diffusiong-inpainting/warpgan-diffusion-inpainting-main/experiments/train_inpainting_diffusion/[20260914-030356]_v18w8_w5hf_100k/logs/images/train/real_step0000500.png
[images] synth: cond | mask | target | warp_img | x | y_hat_novel -> /home/xzy/warpgan-diffusiong-inpainting/warpgan-diffusion-inpainting-main/experiments/train_inpainting_diffusion/[20260914-030356]_v18w8_w5hf_100k/logs/images/train/synth_step0000500.png
[step 550] real_p1_mirror_hole_cov=0.4685 real_p1_eps=0.3008 real_p1_hole_frac=0.4749 real_p2_eps=0.1433 real_p2_hit=0.0000 real_total=0.4441 synth_eps=0.0362 synth_eps_raw=0.0362 synth_x0_hit=0.0000 synth_total=0.0362
[step 600] real_p1_mirror_hole_cov=0.0207 real_p1_eps=0.0725 real_p1_hole_frac=0.1540 real_p2_eps=0.0099 real_p2_hit=0.0000 real_total=0.0824 synth_eps=0.5204 synth_eps_raw=0.5204 synth_x0_hit=1.0000 synth_x0_t=55.0000 synth_x0_ldif=0.0295 synth_x0_lfm=0.0024 synth_total=0.5549
[step 650] real_p1_mirror_hole_cov=0.2635 real_p1_eps=0.1563 real_p1_hole_frac=0.4091 real_p2_eps=0.0020 real_p2_hit=0.0000 real_total=0.1583 synth_eps=0.0197 synth_eps_raw=0.0197 synth_x0_hit=0.0000 synth_total=0.0197
[step 700] real_p1_mirror_hole_cov=0.1837 real_p1_eps=0.2516 real_p1_hole_frac=0.3127 real_p2_eps=0.0555 real_p2_hit=0.0000 real_total=0.3071 synth_eps=0.1014 synth_eps_raw=0.1014 synth_x0_hit=0.0000 synth_total=0.1014
[step 750] real_p1_mirror_hole_cov=0.2405 real_p1_eps=0.6083 real_p1_hole_frac=0.3056 real_p2_eps=0.6157 real_p2_hit=1.0000 real_p2_t=20.0000 real_p2_ldif=0.0117 real_p2_lfm=0.0009 real_total=1.2376 discr_adv=1.9416 x0_d_real=-0.5847 x0_d_fake=-0.6974 p2_d_real=-0.6520 p2_d_fake=-0.6561 g_grad_abs=2164.6172 d_grad_abs=677.7791 synth_eps=0.0031 synth_eps_raw=0.0031 synth_x0_hit=0.0000 synth_total=0.0031
[step 800] real_p1_mirror_hole_cov=0.0039 real_p1_eps=0.1402 real_p1_hole_frac=0.2392 real_p2_eps=0.1040 real_p2_hit=1.0000 real_p2_t=278.0000 real_p2_ldif=0.0618 real_p2_lfm=0.0047 real_total=0.3153 discr_adv=0.9794 p2_d_real=-0.6939 p2_d_fake=-0.7352 g_grad_abs=1767.4297 d_grad_abs=294.9019 synth_eps=0.0303 synth_eps_raw=0.0303 synth_x0_hit=0.0000 synth_total=0.0303
[step 850] real_p1_mirror_hole_cov=0.2842 real_p1_eps=0.2221 real_p1_hole_frac=0.5606 real_p2_eps=0.0330 real_p2_hit=0.0000 real_total=0.2551 synth_eps=0.1438 synth_eps_raw=0.1438 synth_x0_hit=0.0000 synth_total=0.1438
[step 900] real_p1_mirror_hole_cov=0.1059 real_p1_eps=0.3149 real_p1_hole_frac=0.1530 real_p2_eps=0.0299 real_p2_hit=0.0000 real_total=0.3448 synth_eps=0.0044 synth_eps_raw=0.0044 synth_x0_hit=0.0000 synth_total=0.0044
[step 950] real_p1_mirror_hole_cov=0.0371 real_p1_eps=0.0932 real_p1_hole_frac=0.2860 real_p2_eps=0.1427 real_p2_hit=1.0000 real_p2_t=201.0000 real_p2_ldif=0.0470 real_p2_lfm=0.0057 real_total=0.2943 discr_adv=0.6686 p2_d_real=0.0494 p2_d_fake=-0.6188 g_grad_abs=1508.0998 d_grad_abs=5606.6042 synth_eps=0.3165 synth_eps_raw=0.3165 synth_x0_hit=1.0000 synth_x0_t=146.0000 synth_x0_ldif=0.0632 synth_x0_lfm=0.0048 synth_total=0.3893
[step 1000] real_p1_mirror_hole_cov=0.1267 real_p1_eps=0.1354 real_p1_hole_frac=0.2468 real_p2_eps=0.1731 real_p2_hit=1.0000 real_p2_t=165.0000 real_p2_ldif=0.0416 real_p2_lfm=0.0049 real_total=0.3598 discr_adv=0.9426 p2_d_real=0.8525 p2_d_fake=0.7328 g_grad_abs=1570.0725 d_grad_abs=2004.9692 synth_eps=0.4992 synth_eps_raw=0.4992 synth_x0_hit=1.0000 synth_x0_t=44.0000 synth_x0_ldif=0.0220 synth_x0_lfm=0.0030 synth_total=0.5272
[images] real: anchor | cond1 | cond2 | inv_warp_mirror | mask | mask_inv | warp_img | warp_warp_img | x | y_hat | y_hat_novel -> /home/xzy/warpgan-diffusiong-inpainting/warpgan-diffusion-inpainting-main/experiments/train_inpainting_diffusion/[20260914-030356]_v18w8_w5hf_100k/logs/images/train/real_step0001000.png
[images] synth: cond | mask | target | warp_img | x | y_hat_novel -> /home/xzy/warpgan-diffusiong-inpainting/warpgan-diffusion-inpainting-main/experiments/train_inpainting_diffusion/[20260914-030356]_v18w8_w5hf_100k/logs/images/train/synth_step0001000.png
[step 1050] real_p1_mirror_hole_cov=0.1375 real_p1_eps=0.2234 real_p1_hole_frac=0.3820 real_p2_eps=0.0388 real_p2_hit=0.0000 real_total=0.2622 synth_eps=0.3466 synth_eps_raw=0.3466 synth_x0_hit=1.0000 synth_x0_t=99.0000 synth_x0_ldif=0.0405 synth_x0_lfm=0.0046 synth_total=0.3962
[step 1100] real_p1_mirror_hole_cov=0.0072 real_p1_eps=0.4695 real_p1_hole_frac=0.3042 real_p2_eps=0.0032 real_p2_hit=0.0000 real_total=0.4727 discr_adv=0.8007 x0_d_real=-0.2853 x0_d_fake=-0.7775 g_grad_abs=1356.2574 d_grad_abs=5511.1286 synth_eps=0.1368 synth_eps_raw=0.1368 synth_x0_hit=0.0000 synth_total=0.1368
[step 1150] real_p1_mirror_hole_cov=0.0835 real_p1_eps=0.1625 real_p1_hole_frac=0.4383 real_p2_eps=0.1189 real_p2_hit=0.0000 real_total=0.2814 synth_eps=0.1208 synth_eps_raw=0.1208 synth_x0_hit=0.0000 synth_total=0.1208
[step 1200] real_p1_mirror_hole_cov=0.2441 real_p1_eps=0.1623 real_p1_hole_frac=0.2668 real_p2_eps=0.0424 real_p2_hit=0.0000 real_total=0.2047 synth_eps=0.0098 synth_eps_raw=0.0098 synth_x0_hit=0.0000 synth_total=0.0098
[step 1250] real_p1_mirror_hole_cov=0.0231 real_p1_eps=0.2651 real_p1_hole_frac=0.4663 real_p2_eps=0.3669 real_p2_hit=1.0000 real_p2_t=148.0000 real_p2_ldif=0.0748 real_p2_lfm=0.0040 real_total=0.7149 discr_adv=0.9883 x0_d_real=0.3834 x0_d_fake=-0.8807 p2_d_real=0.2942 p2_d_fake=-0.4769 g_grad_abs=1858.5541 d_grad_abs=23328.3396 synth_eps=0.1129 synth_eps_raw=0.1129 synth_x0_hit=0.0000 synth_total=0.1129
[step 1300] real_p1_mirror_hole_cov=0.0455 real_p1_eps=0.0788 real_p1_hole_frac=0.0847 real_p2_eps=0.0110 real_p2_hit=0.0000 real_total=0.0898 synth_eps=0.1341 synth_eps_raw=0.1341 synth_x0_hit=0.0000 synth_total=0.1341
[step 1350] real_p1_mirror_hole_cov=0.1732 real_p1_eps=0.3448 real_p1_hole_frac=0.6274 real_p2_eps=0.1023 real_p2_hit=0.0000 real_total=0.4471 discr_adv=0.3140 x0_d_real=0.3761 x0_d_fake=-1.2295 g_grad_abs=1200.2444 d_grad_abs=15535.9610 synth_eps=0.2743 synth_eps_raw=0.2743 synth_x0_hit=1.0000 synth_x0_t=145.0000 synth_x0_ldif=0.0543 synth_x0_lfm=0.0057 synth_total=0.3399
[step 1400] real_p1_mirror_hole_cov=0.0695 real_p1_eps=0.1122 real_p1_hole_frac=0.4728 real_p2_eps=0.0240 real_p2_hit=0.0000 real_total=0.1362 discr_adv=0.9713 x0_d_real=-0.6029 x0_d_fake=-0.6605 g_grad_abs=754.1420 d_grad_abs=1160.4749 synth_eps=0.1391 synth_eps_raw=0.1391 synth_x0_hit=0.0000 synth_total=0.1391
[step 1450] real_p1_mirror_hole_cov=0.1319 real_p1_eps=0.1229 real_p1_hole_frac=0.0351 real_p2_eps=0.0013 real_p2_hit=0.0000 real_total=0.1243 synth_eps=0.3701 synth_eps_raw=0.3701 synth_x0_hit=1.0000 synth_x0_t=117.0000 synth_x0_ldif=0.0540 synth_x0_lfm=0.0057 synth_total=0.4355
[step 1500] real_p1_mirror_hole_cov=0.0951 real_p1_eps=0.2086 real_p1_hole_frac=0.3381 real_p2_eps=0.0304 real_p2_hit=0.0000 real_total=0.2390 discr_adv=0.9957 x0_d_real=-0.5212 x0_d_fake=-0.5297 g_grad_abs=1095.0873 d_grad_abs=74.0991 synth_eps=0.1523 synth_eps_raw=0.1523 synth_x0_hit=1.0000 synth_x0_t=276.0000 synth_x0_ldif=0.0892 synth_x0_lfm=0.0068 synth_total=0.2551
[images] real: anchor | cond1 | cond2 | inv_warp_mirror | mask | mask_inv | warp_img | warp_warp_img | x | y_hat | y_hat_novel -> /home/xzy/warpgan-diffusiong-inpainting/warpgan-diffusion-inpainting-main/experiments/train_inpainting_diffusion/[20260914-030356]_v18w8_w5hf_100k/logs/images/train/real_step0001500.png
[images] synth: cond | mask | target | warp_img | x | y_hat_novel -> /home/xzy/warpgan-diffusiong-inpainting/warpgan-diffusion-inpainting-main/experiments/train_inpainting_diffusion/[20260914-030356]_v18w8_w5hf_100k/logs/images/train/synth_step0001500.png
[step 1550] real_p1_mirror_hole_cov=0.0237 real_p1_eps=0.5969 real_p1_hole_frac=0.1716 real_p2_eps=0.2783 real_p2_hit=1.0000 real_p2_t=71.0000 real_p2_ldif=0.0214 real_p2_lfm=0.0021 real_total=0.9008 discr_adv=0.9910 p2_d_real=-0.6924 p2_d_fake=-0.7103 g_grad_abs=2257.6069 d_grad_abs=117.7083 synth_eps=0.0025 synth_eps_raw=0.0025 synth_x0_hit=0.0000 synth_total=0.0025
[step 1600] real_p1_mirror_hole_cov=0.1350 real_p1_eps=0.1916 real_p1_hole_frac=0.2496 real_p2_eps=0.2682 real_p2_hit=1.0000 real_p2_t=88.0000 real_p2_ldif=0.0269 real_p2_lfm=0.0013 real_total=0.4894 discr_adv=1.0485 p2_d_real=1.1579 p2_d_fake=1.0572 g_grad_abs=1526.7098 d_grad_abs=3147.7124 synth_eps=0.2693 synth_eps_raw=0.2693 synth_x0_hit=1.0000 synth_x0_t=164.0000 synth_x0_ldif=0.0641 synth_x0_lfm=0.0050 synth_total=0.3435
[step 1650] real_p1_mirror_hole_cov=0.0738 real_p1_eps=0.1539 real_p1_hole_frac=0.0553 real_p2_eps=0.0052 real_p2_hit=0.0000 real_total=0.1591 synth_eps=0.2417 synth_eps_raw=0.2417 synth_x0_hit=1.0000 synth_x0_t=225.0000 synth_x0_ldif=0.0967 synth_x0_lfm=0.0082 synth_total=0.3547
[step 1700] real_p1_mirror_hole_cov=0.1508 real_p1_eps=0.2545 real_p1_hole_frac=0.5074 real_p2_eps=0.0342 real_p2_hit=0.0000 real_total=0.2887 synth_eps=0.0318 synth_eps_raw=0.0318 synth_x0_hit=0.0000 synth_total=0.0318
[step 1750] real_p1_mirror_hole_cov=0.5050 real_p1_eps=0.3797 real_p1_hole_frac=0.3793 real_p2_eps=0.2338 real_p2_hit=1.0000 real_p2_t=179.0000 real_p2_ldif=0.0638 real_p2_lfm=0.0058 real_total=0.6889 discr_adv=1.9033 x0_d_real=0.4827 x0_d_fake=0.3795 p2_d_real=0.7597 p2_d_fake=0.6694 g_grad_abs=1696.5994 d_grad_abs=918.7779 synth_eps=0.0038 synth_eps_raw=0.0038 synth_x0_hit=0.0000 synth_total=0.0038
[step 1800] real_p1_mirror_hole_cov=0.0077 real_p1_eps=0.6551 real_p1_hole_frac=0.0695 real_p2_eps=0.0043 real_p2_hit=0.0000 real_total=0.6594 discr_adv=0.8958 x0_d_real=1.1620 x0_d_fake=0.7850 g_grad_abs=3516.9998 d_grad_abs=6953.0431 synth_eps=0.0711 synth_eps_raw=0.0711 synth_x0_hit=0.0000 synth_total=0.0711
[step 1850] real_p1_mirror_hole_cov=0.0242 real_p1_eps=0.1604 real_p1_hole_frac=0.3277 real_p2_eps=0.0057 real_p2_hit=0.0000 real_total=0.1661 synth_eps=0.0253 synth_eps_raw=0.0253 synth_x0_hit=0.0000 synth_total=0.0253
[step 1900] real_p1_mirror_hole_cov=0.0004 real_p1_eps=0.1480 real_p1_hole_frac=0.1896 real_p2_eps=0.1013 real_p2_hit=0.0000 real_total=0.2493 discr_adv=0.9718 x0_d_real=0.2247 x0_d_fake=0.1495 g_grad_abs=1094.4338 d_grad_abs=700.2857 synth_eps=0.0021 synth_eps_raw=0.0021 synth_x0_hit=0.0000 synth_total=0.0021
[step 1950] real_p1_mirror_hole_cov=0.1279 real_p1_eps=0.2812 real_p1_hole_frac=0.1991 real_p2_eps=0.5113 real_p2_hit=1.0000 real_p2_t=20.0000 real_p2_ldif=0.0098 real_p2_lfm=0.0018 real_total=0.8058 discr_adv=1.9052 x0_d_real=0.6125 x0_d_fake=0.4283 p2_d_real=0.8103 p2_d_fake=0.8048 g_grad_abs=1554.6487 d_grad_abs=926.0111 synth_eps=0.0508 synth_eps_raw=0.0508 synth_x0_hit=0.0000 synth_total=0.0508
[val step 1999] val_novel_full=0.0312 val_novel_hole=0.0316 val_novel_visible=0.0311
[step 2000] real_p1_mirror_hole_cov=0.2245 real_p1_eps=0.1898 real_p1_hole_frac=0.4083 real_p2_eps=0.0281 real_p2_hit=0.0000 real_total=0.2178 synth_eps=0.0211 synth_eps_raw=0.0211 synth_x0_hit=0.0000 synth_total=0.0211 extra_render_attn_share=0.5052
[images] real: anchor | cond1 | cond2 | inv_warp_mirror | mask | mask_inv | warp_img | warp_warp_img | x | y_hat | y_hat_novel -> /home/xzy/warpgan-diffusiong-inpainting/warpgan-diffusion-inpainting-main/experiments/train_inpainting_diffusion/[20260914-030356]_v18w8_w5hf_100k/logs/images/train/real_step0002000.png
[images] synth: cond | mask | target | warp_img | x | y_hat_novel -> /home/xzy/warpgan-diffusiong-inpainting/warpgan-diffusion-inpainting-main/experiments/train_inpainting_diffusion/[20260914-030356]_v18w8_w5hf_100k/logs/images/train/synth_step0002000.png
[step 2050] real_p1_mirror_hole_cov=0.2214 real_p1_eps=0.1995 real_p1_hole_frac=0.4873 real_p2_eps=0.3008 real_p2_hit=1.0000 real_p2_t=125.0000 real_p2_ldif=0.0481 real_p2_lfm=0.0049 real_total=0.5584 discr_adv=0.7683 p2_d_real=-0.5154 p2_d_fake=-1.0633 g_grad_abs=1599.2369 d_grad_abs=8636.6692 synth_eps=0.0957 synth_eps_raw=0.0957 synth_x0_hit=0.0000 synth_total=0.0957 extra_render_attn_share=0.5052
[step 2100] real_p1_mirror_hole_cov=0.0190 real_p1_eps=0.1168 real_p1_hole_frac=0.2384 real_p2_eps=0.0977 real_p2_hit=0.0000 real_total=0.2144 synth_eps=0.0046 synth_eps_raw=0.0046 synth_x0_hit=0.0000 synth_total=0.0046 extra_render_attn_share=0.5052
[step 2150] real_p1_mirror_hole_cov=0.0088 real_p1_eps=0.4841 real_p1_hole_frac=0.0431 real_p2_eps=0.0507 real_p2_hit=0.0000 real_total=0.5348 discr_adv=0.0896 x0_d_real=1.1546 x0_d_fake=-0.8922 g_grad_abs=3267.1886 d_grad_abs=3077.5155 synth_eps=0.1626 synth_eps_raw=0.1626 synth_x0_hit=1.0000 synth_x0_t=284.0000 synth_x0_ldif=0.1008 synth_x0_lfm=0.0073 synth_total=0.2780 extra_render_attn_share=0.5052
[step 2200] real_p1_mirror_hole_cov=0.0413 real_p1_eps=0.3266 real_p1_hole_frac=0.4643 real_p2_eps=0.3958 real_p2_hit=1.0000 real_p2_t=101.0000 real_p2_ldif=0.0474 real_p2_lfm=0.0038 real_total=0.7774 discr_adv=1.9983 x0_d_real=-0.2404 x0_d_fake=-0.2683 p2_d_real=-0.2058 p2_d_fake=-0.2243 g_grad_abs=1658.2573 d_grad_abs=794.2697 synth_eps=0.0093 synth_eps_raw=0.0093 synth_x0_hit=0.0000 synth_total=0.0093 extra_render_attn_share=0.5052
[step 2250] real_p1_mirror_hole_cov=0.0187 real_p1_eps=0.3723 real_p1_hole_frac=0.0810 real_p2_eps=0.0040 real_p2_hit=0.0000 real_total=0.3763 synth_eps=0.0673 synth_eps_raw=0.0673 synth_x0_hit=0.0000 synth_total=0.0673 extra_render_attn_share=0.5052
[step 2300] real_p1_mirror_hole_cov=0.0893 real_p1_eps=0.2687 real_p1_hole_frac=0.5428 real_p2_eps=0.3281 real_p2_hit=1.0000 real_p2_t=157.0000 real_p2_ldif=0.0731 real_p2_lfm=0.0059 real_total=0.6817 discr_adv=0.9815 p2_d_real=-0.5438 p2_d_fake=-0.5809 g_grad_abs=1634.1530 d_grad_abs=214.9933 synth_eps=0.0020 synth_eps_raw=0.0020 synth_x0_hit=0.0000 synth_total=0.0020 extra_render_attn_share=0.5052
[step 2350] real_p1_mirror_hole_cov=0.0586 real_p1_eps=0.6383 real_p1_hole_frac=0.3087 real_p2_eps=0.1457 real_p2_hit=1.0000 real_p2_t=298.0000 real_p2_ldif=0.0997 real_p2_lfm=0.0058 real_total=0.8955 discr_adv=1.9343 x0_d_real=-0.5830 x0_d_fake=-0.6024 p2_d_real=-0.5251 p2_d_fake=-0.6372 g_grad_abs=2250.0797 d_grad_abs=528.4019 synth_eps=0.0014 synth_eps_raw=0.0014 synth_x0_hit=0.0000 synth_total=0.0014 extra_render_attn_share=0.5052
[step 2400] real_p1_mirror_hole_cov=0.0548 real_p1_eps=0.1997 real_p1_hole_frac=0.1559 real_p2_eps=0.0045 real_p2_hit=0.0000 real_total=0.2042 discr_adv=0.9910 x0_d_real=-0.7151 x0_d_fake=-0.7332 g_grad_abs=927.0710 d_grad_abs=107.1763 synth_eps=0.1237 synth_eps_raw=0.1237 synth_x0_hit=0.0000 synth_total=0.1237 extra_render_attn_share=0.5052
[step 2450] real_p1_mirror_hole_cov=0.0616 real_p1_eps=0.2050 real_p1_hole_frac=0.5147 real_p2_eps=0.0073 real_p2_hit=0.0000 real_total=0.2123 synth_eps=0.0590 synth_eps_raw=0.0590 synth_x0_hit=0.0000 synth_total=0.0590 extra_render_attn_share=0.5052
[step 2500] real_p1_mirror_hole_cov=0.1086 real_p1_eps=0.3336 real_p1_hole_frac=0.5179 real_p2_eps=0.0118 real_p2_hit=0.0000 real_total=0.3455 synth_eps=0.0085 synth_eps_raw=0.0085 synth_x0_hit=0.0000 synth_total=0.0085 extra_render_attn_share=0.5052
[images] real: anchor | cond1 | cond2 | inv_warp_mirror | mask | mask_inv | warp_img | warp_warp_img | x | y_hat | y_hat_novel -> /home/xzy/warpgan-diffusiong-inpainting/warpgan-diffusion-inpainting-main/experiments/train_inpainting_diffusion/[20260914-030356]_v18w8_w5hf_100k/logs/images/train/real_step0002500.png
[images] synth: cond | mask | target | warp_img | x | y_hat_novel -> /home/xzy/warpgan-diffusiong-inpainting/warpgan-diffusion-inpainting-main/experiments/train_inpainting_diffusion/[20260914-030356]_v18w8_w5hf_100k/logs/images/train/synth_step0002500.png
[step 2550] real_p1_mirror_hole_cov=0.2220 real_p1_eps=0.2832 real_p1_hole_frac=0.3743 real_p2_eps=0.0127 real_p2_hit=0.0000 real_total=0.2959 synth_eps=0.4925 synth_eps_raw=0.4925 synth_x0_hit=1.0000 synth_x0_t=66.0000 synth_x0_ldif=0.0347 synth_x0_lfm=0.0045 synth_total=0.5361 extra_render_attn_share=0.5052
[step 2600] real_p1_mirror_hole_cov=0.0163 real_p1_eps=0.0790 real_p1_hole_frac=0.0484 real_p2_eps=0.0250 real_p2_hit=0.0000 real_total=0.1040 discr_adv=0.9395 x0_d_real=-0.6519 x0_d_fake=-0.7916 g_grad_abs=738.7313 d_grad_abs=2315.9136 synth_eps=0.3292 synth_eps_raw=0.3292 synth_x0_hit=1.0000 synth_x0_t=74.0000 synth_x0_ldif=0.0266 synth_x0_lfm=0.0021 synth_total=0.3601 extra_render_attn_share=0.5052
[step 2650] real_p1_mirror_hole_cov=0.3011 real_p1_eps=0.1814 real_p1_hole_frac=0.5266 real_p2_eps=0.2350 real_p2_hit=1.0000 real_p2_t=231.0000 real_p2_ldif=0.0985 real_p2_lfm=0.0081 real_total=0.5312 discr_adv=0.8511 p2_d_real=0.3893 p2_d_fake=0.0731 g_grad_abs=1958.0716 d_grad_abs=2326.4319 synth_eps=0.2245 synth_eps_raw=0.2245 synth_x0_hit=1.0000 synth_x0_t=168.0000 synth_x0_ldif=0.0554 synth_x0_lfm=0.0051 synth_total=0.2902 extra_render_attn_share=0.5052
[step 2700] real_p1_mirror_hole_cov=0.1499 real_p1_eps=0.6664 real_p1_hole_frac=0.4024 real_p2_eps=0.0020 real_p2_hit=0.0000 real_total=0.6683 synth_eps=0.0012 synth_eps_raw=0.0012 synth_x0_hit=0.0000 synth_total=0.0012 extra_render_attn_share=0.5052
[step 2750] real_p1_mirror_hole_cov=0.0655 real_p1_eps=0.2677 real_p1_hole_frac=0.1244 real_p2_eps=0.0539 real_p2_hit=0.0000 real_total=0.3216 synth_eps=0.0731 synth_eps_raw=0.0731 synth_x0_hit=0.0000 synth_total=0.0731 extra_render_attn_share=0.5052
[step 2800] real_p1_mirror_hole_cov=0.0165 real_p1_eps=0.1533 real_p1_hole_frac=0.3017 real_p2_eps=0.2007 real_p2_hit=1.0000 real_p2_t=257.0000 real_p2_ldif=0.1023 real_p2_lfm=0.0073 real_total=0.4709 discr_adv=0.6727 p2_d_real=1.0979 p2_d_fake=0.3272 g_grad_abs=1362.0035 d_grad_abs=5677.7229 synth_eps=0.0162 synth_eps_raw=0.0162 synth_x0_hit=0.0000 synth_total=0.0162 extra_render_attn_share=0.5052
[step 2850] real_p1_mirror_hole_cov=0.1364 real_p1_eps=0.1473 real_p1_hole_frac=0.2358 real_p2_eps=0.0196 real_p2_hit=0.0000 real_total=0.1669 synth_eps=0.0083 synth_eps_raw=0.0083 synth_x0_hit=0.0000 synth_total=0.0083 extra_render_attn_share=0.5052
[step 2900] real_p1_mirror_hole_cov=0.0895 real_p1_eps=0.1323 real_p1_hole_frac=0.0731 real_p2_eps=0.0246 real_p2_hit=0.0000 real_total=0.1569 synth_eps=0.1610 synth_eps_raw=0.1610 synth_x0_hit=0.0000 synth_total=0.1610 extra_render_attn_share=0.5052
[step 2950] real_p1_mirror_hole_cov=0.0242 real_p1_eps=0.1596 real_p1_hole_frac=0.1061 real_p2_eps=0.0776 real_p2_hit=0.0000 real_total=0.2372 synth_eps=0.3270 synth_eps_raw=0.3270 synth_x0_hit=1.0000 synth_x0_t=143.0000 synth_x0_ldif=0.0634 synth_x0_lfm=0.0051 synth_total=0.4006 extra_render_attn_share=0.5052
[step 3000] real_p1_mirror_hole_cov=0.0789 real_p1_eps=0.2789 real_p1_hole_frac=0.0695 real_p2_eps=0.0362 real_p2_hit=0.0000 real_total=0.3150 synth_eps=0.0049 synth_eps_raw=0.0049 synth_x0_hit=0.0000 synth_total=0.0049 extra_render_attn_share=0.5052
[images] real: anchor | cond1 | cond2 | inv_warp_mirror | mask | mask_inv | warp_img | warp_warp_img | x | y_hat | y_hat_novel -> /home/xzy/warpgan-diffusiong-inpainting/warpgan-diffusion-inpainting-main/experiments/train_inpainting_diffusion/[20260914-030356]_v18w8_w5hf_100k/logs/images/train/real_step0003000.png
[images] synth: cond | mask | target | warp_img | x | y_hat_novel -> /home/xzy/warpgan-diffusiong-inpainting/warpgan-diffusion-inpainting-main/experiments/train_inpainting_diffusion/[20260914-030356]_v18w8_w5hf_100k/logs/images/train/synth_step0003000.png
[step 3050] real_p1_mirror_hole_cov=0.1304 real_p1_eps=0.2704 real_p1_hole_frac=0.3107 real_p2_eps=0.4134 real_p2_hit=1.0000 real_p2_t=49.0000 real_p2_ldif=0.0206 real_p2_gen_adv=-0.1110 real_p2_lfm=0.0030 real_total=0.6993 discr_adv=0.9999 p2_d_real=0.1113 p2_d_fake=0.1110 g_grad_abs=2218.1859 d_grad_abs=4.2209 synth_eps=0.0325 synth_eps_raw=0.0325 synth_x0_hit=0.0000 synth_total=0.0325 extra_render_attn_share=0.5052
[step 3100] real_p1_mirror_hole_cov=0.0490 real_p1_eps=0.2590 real_p1_hole_frac=0.0765 real_p2_eps=0.0917 real_p2_hit=1.0000 real_p2_t=272.0000 real_p2_ldif=0.0522 real_p2_gen_adv=-0.1344 real_p2_lfm=0.0049 real_total=0.3993 discr_adv=0.9992 p2_d_real=0.1360 p2_d_fake=0.1344 g_grad_abs=1644.6519 d_grad_abs=16.5472 synth_eps=0.0651 synth_eps_raw=0.0651 synth_x0_hit=0.0000 synth_total=0.0651 extra_render_attn_share=0.5052
[step 3150] real_p1_mirror_hole_cov=0.0745 real_p1_eps=0.2333 real_p1_hole_frac=0.4607 real_p2_eps=0.1337 real_p2_hit=0.0000 real_total=0.3670 discr_adv=0.9967 x0_d_real=0.1648 x0_d_fake=0.1582 g_grad_abs=1172.4915 d_grad_abs=73.3668 synth_eps=0.0178 synth_eps_raw=0.0178 synth_x0_hit=0.0000 synth_total=0.0178 extra_render_attn_share=0.5052
[step 3200] real_p1_mirror_hole_cov=0.1151 real_p1_eps=0.2339 real_p1_hole_frac=0.1630 real_p2_eps=0.0545 real_p2_hit=0.0000 real_total=0.2885 synth_eps=0.3116 synth_eps_raw=0.3116 synth_x0_hit=1.0000 synth_x0_t=172.0000 synth_x0_ldif=0.0798 synth_x0_gen_adv=-0.2055 synth_x0_lfm=0.0062 synth_total=0.3833 extra_render_attn_share=0.5052
[step 3250] real_p1_mirror_hole_cov=0.1550 real_p1_eps=0.1630 real_p1_hole_frac=0.4144 real_p2_eps=0.0727 real_p2_hit=0.0000 real_total=0.2357 synth_eps=0.1024 synth_eps_raw=0.1024 synth_x0_hit=0.0000 synth_total=0.1024 extra_render_attn_share=0.5052
[step 3300] real_p1_mirror_hole_cov=0.0672 real_p1_eps=0.1876 real_p1_hole_frac=0.1287 real_p2_eps=0.0015 real_p2_hit=0.0000 real_total=0.1891 synth_eps=0.0226 synth_eps_raw=0.0226 synth_x0_hit=0.0000 synth_total=0.0226 extra_render_attn_share=0.5052
[step 3350] real_p1_mirror_hole_cov=0.3712 real_p1_eps=0.2709 real_p1_hole_frac=0.2715 real_p2_eps=0.0156 real_p2_hit=0.0000 real_total=0.2865 synth_eps=0.0149 synth_eps_raw=0.0149 synth_x0_hit=0.0000 synth_total=0.0149 extra_render_attn_share=0.5052
[step 3400] real_p1_mirror_hole_cov=0.0457 real_p1_eps=0.0894 real_p1_hole_frac=0.0726 real_p2_eps=0.0040 real_p2_hit=0.0000 real_total=0.0935 discr_adv=0.9983 x0_d_real=0.5859 x0_d_fake=0.5825 g_grad_abs=724.6056 d_grad_abs=26.9771 synth_eps=0.1080 synth_eps_raw=0.1080 synth_x0_hit=0.0000 synth_total=0.1080 extra_render_attn_share=0.5052
[step 3450] real_p1_mirror_hole_cov=0.0388 real_p1_eps=0.1375 real_p1_hole_frac=0.2678 real_p2_eps=0.1325 real_p2_hit=1.0000 real_p2_t=284.0000 real_p2_ldif=0.0821 real_p2_gen_adv=-0.3425 real_p2_lfm=0.0051 real_total=0.3282 discr_adv=1.8187 x0_d_real=0.4318 x0_d_fake=0.2229 p2_d_real=0.5032 p2_d_fake=0.3425 g_grad_abs=1503.1120 d_grad_abs=1542.4234 synth_eps=0.0271 synth_eps_raw=0.0271 synth_x0_hit=0.0000 synth_total=0.0271 extra_render_attn_share=0.5052
[step 3500] real_p1_mirror_hole_cov=0.0815 real_p1_eps=0.2442 real_p1_hole_frac=0.3284 real_p2_eps=0.0016 real_p2_hit=0.0000 real_total=0.2458 synth_eps=0.0180 synth_eps_raw=0.0180 synth_x0_hit=0.0000 synth_total=0.0180 extra_render_attn_share=0.5052
[images] real: anchor | cond1 | cond2 | inv_warp_mirror | mask | mask_inv | warp_img | warp_warp_img | x | y_hat | y_hat_novel -> /home/xzy/warpgan-diffusiong-inpainting/warpgan-diffusion-inpainting-main/experiments/train_inpainting_diffusion/[20260914-030356]_v18w8_w5hf_100k/logs/images/train/real_step0003500.png
[images] synth: cond | mask | target | warp_img | x | y_hat_novel -> /home/xzy/warpgan-diffusiong-inpainting/warpgan-diffusion-inpainting-main/experiments/train_inpainting_diffusion/[20260914-030356]_v18w8_w5hf_100k/logs/images/train/synth_step0003500.png
[step 3550] real_p1_mirror_hole_cov=0.0458 real_p1_eps=0.3451 real_p1_hole_frac=0.4258 real_p2_eps=0.0018 real_p2_hit=0.0000 real_total=0.3469 synth_eps=0.0793 synth_eps_raw=0.0793 synth_x0_hit=0.0000 synth_total=0.0793 extra_render_attn_share=0.5052
[step 3600] real_p1_mirror_hole_cov=0.0169 real_p1_eps=0.1043 real_p1_hole_frac=0.2044 real_p2_eps=0.1657 real_p2_hit=1.0000 real_p2_t=199.0000 real_p2_ldif=0.0537 real_p2_gen_adv=0.1520 real_p2_lfm=0.0035 real_total=0.3461 discr_adv=1.1040 p2_d_real=-0.3600 p2_d_fake=-0.1520 g_grad_abs=2842.5411 d_grad_abs=1505.1972 synth_eps=0.0047 synth_eps_raw=0.0047 synth_x0_hit=0.0000 synth_total=0.0047 extra_render_attn_share=0.5052
[step 3650] real_p1_mirror_hole_cov=0.1139 real_p1_eps=0.5632 real_p1_hole_frac=0.3258 real_p2_eps=0.0919 real_p2_hit=0.0000 real_total=0.6551 discr_adv=0.9833 x0_d_real=0.6606 x0_d_fake=0.6272 g_grad_abs=1442.0914 d_grad_abs=420.2361 synth_eps=0.6013 synth_eps_raw=0.6013 synth_x0_hit=1.0000 synth_x0_t=49.0000 synth_x0_ldif=0.0299 synth_x0_gen_adv=-0.6054 synth_x0_lfm=0.0035 synth_total=0.5776 extra_render_attn_share=0.5052
[step 3700] real_p1_mirror_hole_cov=0.1024 real_p1_eps=0.1925 real_p1_hole_frac=0.5059 real_p2_eps=0.0610 real_p2_hit=0.0000 real_total=0.2535 discr_adv=0.9414 x0_d_real=-0.7139 x0_d_fake=-0.8454 g_grad_abs=1388.8271 d_grad_abs=2569.3587 synth_eps=0.2533 synth_eps_raw=0.2533 synth_x0_hit=1.0000 synth_x0_t=189.0000 synth_x0_ldif=0.0754 synth_x0_gen_adv=1.0806 synth_x0_lfm=0.0049 synth_total=0.4466 extra_render_attn_share=0.5052
[step 3750] real_p1_mirror_hole_cov=0.0036 real_p1_eps=0.0691 real_p1_hole_frac=0.0595 real_p2_eps=0.0057 real_p2_hit=0.0000 real_total=0.0748 synth_eps=0.0024 synth_eps_raw=0.0024 synth_x0_hit=0.0000 synth_total=0.0024 extra_render_attn_share=0.5052
[step 3800] real_p1_mirror_hole_cov=0.1008 real_p1_eps=0.0843 real_p1_hole_frac=0.1401 real_p2_eps=0.2813 real_p2_hit=1.0000 real_p2_t=69.0000 real_p2_ldif=0.0209 real_p2_gen_adv=-0.7748 real_p2_lfm=0.0018 real_total=0.3126 discr_adv=0.9887 p2_d_real=0.7974 p2_d_fake=0.7748 g_grad_abs=1380.3551 d_grad_abs=240.1387 synth_eps=0.0186 synth_eps_raw=0.0186 synth_x0_hit=0.0000 synth_total=0.0186 extra_render_attn_share=0.5052
[step 3850] real_p1_mirror_hole_cov=0.0331 real_p1_eps=0.1047 real_p1_hole_frac=0.0820 real_p2_eps=0.0053 real_p2_hit=0.0000 real_total=0.1100 discr_adv=0.9638 x0_d_real=0.5931 x0_d_fake=0.5206 g_grad_abs=983.1125 d_grad_abs=1082.6419 synth_eps=0.0033 synth_eps_raw=0.0033 synth_x0_hit=0.0000 synth_total=0.0033 extra_render_attn_share=0.5052
[step 3900] real_p1_mirror_hole_cov=0.0446 real_p1_eps=0.0883 real_p1_hole_frac=0.1129 real_p2_eps=0.1941 real_p2_hit=1.0000 real_p2_t=131.0000 real_p2_ldif=0.0332 real_p2_gen_adv=-0.6998 real_p2_lfm=0.0042 real_total=0.2541 discr_adv=1.9539 x0_d_real=0.7312 x0_d_fake=0.6594 p2_d_real=0.7203 p2_d_fake=0.6998 g_grad_abs=1227.5663 d_grad_abs=1242.8748 synth_eps=0.0042 synth_eps_raw=0.0042 synth_x0_hit=0.0000 synth_total=0.0042 extra_render_attn_share=0.5052
[step 3950] real_p1_mirror_hole_cov=0.1489 real_p1_eps=0.1254 real_p1_hole_frac=0.1561 real_p2_eps=0.0692 real_p2_hit=0.0000 real_total=0.1946 discr_adv=0.9309 x0_d_real=0.2469 x0_d_fake=0.1003 g_grad_abs=786.5906 d_grad_abs=815.5185 synth_eps=0.0535 synth_eps_raw=0.0535 synth_x0_hit=0.0000 synth_total=0.0535 extra_render_attn_share=0.5052
[val step 3999] val_novel_full=0.0359 val_novel_hole=0.0262 val_novel_visible=0.0439
[step 4000] real_p1_mirror_hole_cov=0.0201 real_p1_eps=0.1102 real_p1_hole_frac=0.2752 real_p2_eps=0.0546 real_p2_hit=0.0000 real_total=0.1648 discr_adv=0.9752 x0_d_real=0.7359 x0_d_fake=0.6859 g_grad_abs=708.0147 d_grad_abs=1136.5254 synth_eps=0.1222 synth_eps_raw=0.1222 synth_x0_hit=1.0000 synth_x0_t=300.0000 synth_x0_ldif=0.0848 synth_x0_gen_adv=-0.7329 synth_x0_lfm=0.0050 synth_total=0.1436 extra_render_attn_share=0.5226
[images] real: anchor | cond1 | cond2 | inv_warp_mirror | mask | mask_inv | warp_img | warp_warp_img | x | y_hat | y_hat_novel -> /home/xzy/warpgan-diffusiong-inpainting/warpgan-diffusion-inpainting-main/experiments/train_inpainting_diffusion/[20260914-030356]_v18w8_w5hf_100k/logs/images/train/real_step0004000.png
[images] synth: cond | mask | target | warp_img | x | y_hat_novel -> /home/xzy/warpgan-diffusiong-inpainting/warpgan-diffusion-inpainting-main/experiments/train_inpainting_diffusion/[20260914-030356]_v18w8_w5hf_100k/logs/images/train/synth_step0004000.png
[step 4050] real_p1_mirror_hole_cov=0.0642 real_p1_eps=0.2425 real_p1_hole_frac=0.4291 real_p2_eps=0.7504 real_p2_hit=1.0000 real_p2_t=7.0000 real_p2_ldif=0.0052 real_p2_gen_adv=-0.0884 real_p2_lfm=0.0007 real_total=0.9906 discr_adv=1.0184 p2_d_real=0.0519 p2_d_fake=0.0884 g_grad_abs=1919.7113 d_grad_abs=333.5335 synth_eps=0.1085 synth_eps_raw=0.1085 synth_x0_hit=0.0000 synth_total=0.1085 extra_render_attn_share=0.5226
[step 4100] real_p1_mirror_hole_cov=0.0949 real_p1_eps=0.1202 real_p1_hole_frac=0.3930 real_p2_eps=0.0037 real_p2_hit=0.0000 real_total=0.1240 discr_adv=1.0543 x0_d_real=0.2745 x0_d_fake=0.3830 g_grad_abs=656.9506 d_grad_abs=778.8213 synth_eps=0.6620 synth_eps_raw=0.6620 synth_x0_hit=1.0000 synth_x0_t=16.0000 synth_x0_ldif=0.0101 synth_x0_gen_adv=0.5275 synth_x0_lfm=0.0015 synth_total=0.7278 extra_render_attn_share=0.5226
[step 4150] real_p1_mirror_hole_cov=0.0022 real_p1_eps=0.0936 real_p1_hole_frac=0.1853 real_p2_eps=0.0638 real_p2_hit=0.0000 real_total=0.1574 synth_eps=0.0467 synth_eps_raw=0.0467 synth_x0_hit=0.0000 synth_total=0.0467 extra_render_attn_share=0.5226
[step 4200] real_p1_mirror_hole_cov=0.0795 real_p1_eps=0.1542 real_p1_hole_frac=0.1192 real_p2_eps=0.0079 real_p2_hit=0.0000 real_total=0.1621 discr_adv=0.9456 x0_d_real=0.4696 x0_d_fake=0.3608 g_grad_abs=974.1940 d_grad_abs=862.4958 synth_eps=0.0178 synth_eps_raw=0.0178 synth_x0_hit=0.0000 synth_total=0.0178 extra_render_attn_share=0.5226
[step 4250] real_p1_mirror_hole_cov=0.1290 real_p1_eps=0.2238 real_p1_hole_frac=0.1506 real_p2_eps=0.0010 real_p2_hit=0.0000 real_total=0.2248 synth_eps=0.0446 synth_eps_raw=0.0446 synth_x0_hit=0.0000 synth_total=0.0446 extra_render_attn_share=0.5226
[step 4300] real_p1_mirror_hole_cov=0.1799 real_p1_eps=0.2030 real_p1_hole_frac=0.2652 real_p2_eps=0.0541 real_p2_hit=0.0000 real_total=0.2571 synth_eps=0.5888 synth_eps_raw=0.5888 synth_x0_hit=1.0000 synth_x0_t=32.0000 synth_x0_ldif=0.0183 synth_x0_gen_adv=0.2791 synth_x0_lfm=0.0024 synth_total=0.6398 extra_render_attn_share=0.5226
[step 4350] real_p1_mirror_hole_cov=0.0167 real_p1_eps=0.1021 real_p1_hole_frac=0.2287 real_p2_eps=0.0181 real_p2_hit=0.0000 real_total=0.1202 synth_eps=0.3877 synth_eps_raw=0.3877 synth_x0_hit=1.0000 synth_x0_t=132.0000 synth_x0_ldif=0.0670 synth_x0_gen_adv=-0.6221 synth_x0_lfm=0.0051 synth_total=0.4027 extra_render_attn_share=0.5226
[step 4400] real_p1_mirror_hole_cov=0.0648 real_p1_eps=0.1675 real_p1_hole_frac=0.1734 real_p2_eps=0.1716 real_p2_hit=1.0000 real_p2_t=260.0000 real_p2_ldif=0.0894 real_p2_gen_adv=-0.7683 real_p2_lfm=0.0043 real_total=0.3601 discr_adv=0.9241 p2_d_real=0.9202 p2_d_fake=0.7683 g_grad_abs=4179.8086 d_grad_abs=2786.2201 synth_eps=0.0083 synth_eps_raw=0.0083 synth_x0_hit=0.0000 synth_total=0.0083 extra_render_attn_share=0.5226
[step 4450] real_p1_mirror_hole_cov=0.1833 real_p1_eps=0.0730 real_p1_hole_frac=0.0653 real_p2_eps=0.0480 real_p2_hit=0.0000 real_total=0.1210 synth_eps=0.0462 synth_eps_raw=0.0462 synth_x0_hit=0.0000 synth_total=0.0462 extra_render_attn_share=0.5226
[step 4500] real_p1_mirror_hole_cov=0.1499 real_p1_eps=0.1014 real_p1_hole_frac=0.1323 real_p2_eps=0.1177 real_p2_hit=1.0000 real_p2_t=268.0000 real_p2_ldif=0.0650 real_p2_gen_adv=-0.7131 real_p2_lfm=0.0054 real_total=0.2235 discr_adv=2.1363 x0_d_real=-0.4275 x0_d_fake=-0.5077 p2_d_real=0.3646 p2_d_fake=0.7131 g_grad_abs=1804.1871 d_grad_abs=4575.1814 synth_eps=0.2547 synth_eps_raw=0.2547 synth_x0_hit=1.0000 synth_x0_t=194.0000 synth_x0_ldif=0.0791 synth_x0_gen_adv=-0.0751 synth_x0_lfm=0.0056 synth_total=0.3376 extra_render_attn_share=0.5226
[images] real: anchor | cond1 | cond2 | inv_warp_mirror | mask | mask_inv | warp_img | warp_warp_img | x | y_hat | y_hat_novel -> /home/xzy/warpgan-diffusiong-inpainting/warpgan-diffusion-inpainting-main/experiments/train_inpainting_diffusion/[20260914-030356]_v18w8_w5hf_100k/logs/images/train/real_step0004500.png
[images] synth: cond | mask | target | warp_img | x | y_hat_novel -> /home/xzy/warpgan-diffusiong-inpainting/warpgan-diffusion-inpainting-main/experiments/train_inpainting_diffusion/[20260914-030356]_v18w8_w5hf_100k/logs/images/train/synth_step0004500.png
[step 4550] real_p1_mirror_hole_cov=0.1787 real_p1_eps=0.5071 real_p1_hole_frac=0.1098 real_p2_eps=0.0020 real_p2_hit=0.0000 real_total=0.5091 discr_adv=0.9702 x0_d_real=0.3528 x0_d_fake=0.2931 g_grad_abs=1441.6049 d_grad_abs=880.3264 synth_eps=0.0018 synth_eps_raw=0.0018 synth_x0_hit=0.0000 synth_total=0.0018 extra_render_attn_share=0.5226
[step 4600] real_p1_mirror_hole_cov=0.1062 real_p1_eps=0.4864 real_p1_hole_frac=0.3243 real_p2_eps=0.0232 real_p2_hit=0.0000 real_total=0.5096 synth_eps=0.0481 synth_eps_raw=0.0481 synth_x0_hit=0.0000 synth_total=0.0481 extra_render_attn_share=0.5226
[step 4650] real_p1_mirror_hole_cov=0.1497 real_p1_eps=0.6656 real_p1_hole_frac=0.4037 real_p2_eps=0.2133 real_p2_hit=1.0000 real_p2_t=268.0000 real_p2_ldif=0.1179 real_p2_gen_adv=-0.7811 real_p2_lfm=0.0065 real_total=0.9316 discr_adv=1.0057 p2_d_real=0.7698 p2_d_fake=0.7811 g_grad_abs=2796.6437 d_grad_abs=262.5205 synth_eps=0.0204 synth_eps_raw=0.0204 synth_x0_hit=0.0000 synth_total=0.0204 extra_render_attn_share=0.5226
[step 4700] real_p1_mirror_hole_cov=0.1232 real_p1_eps=0.1493 real_p1_hole_frac=0.1114 real_p2_eps=0.0131 real_p2_hit=0.0000 real_total=0.1624 synth_eps=0.0373 synth_eps_raw=0.0373 synth_x0_hit=0.0000 synth_total=0.0373 extra_render_attn_share=0.5226
[step 4750] real_p1_mirror_hole_cov=0.0117 real_p1_eps=0.1104 real_p1_hole_frac=0.3078 real_p2_eps=0.0140 real_p2_hit=0.0000 real_total=0.1245 discr_adv=0.8179 x0_d_real=-0.1836 x0_d_fake=-0.5479 g_grad_abs=809.7455 d_grad_abs=6645.2301 synth_eps=0.0026 synth_eps_raw=0.0026 synth_x0_hit=0.0000 synth_total=0.0026 extra_render_attn_share=0.5226
[step 4800] real_p1_mirror_hole_cov=0.1240 real_p1_eps=0.2888 real_p1_hole_frac=0.4579 real_p2_eps=0.2220 real_p2_hit=1.0000 real_p2_t=225.0000 real_p2_ldif=0.0888 real_p2_gen_adv=-0.8971 real_p2_lfm=0.0061 real_total=0.5222 discr_adv=1.9888 x0_d_real=0.8648 x0_d_fake=0.8561 p2_d_real=0.9145 p2_d_fake=0.8971 g_grad_abs=2042.9858 d_grad_abs=1517.2235 synth_eps=0.0014 synth_eps_raw=0.0014 synth_x0_hit=0.0000 synth_total=0.0014 extra_render_attn_share=0.5226
[step 4850] real_p1_mirror_hole_cov=0.0880 real_p1_eps=0.1865 real_p1_hole_frac=0.2663 real_p2_eps=0.0506 real_p2_hit=0.0000 real_total=0.2372 synth_eps=0.0182 synth_eps_raw=0.0182 synth_x0_hit=0.0000 synth_total=0.0182 extra_render_attn_share=0.5226
[step 4900] real_p1_mirror_hole_cov=0.0076 real_p1_eps=0.2765 real_p1_hole_frac=0.2374 real_p2_eps=0.0182 real_p2_hit=0.0000 real_total=0.2947 discr_adv=0.9962 x0_d_real=0.7226 x0_d_fake=0.7149 g_grad_abs=1213.1236 d_grad_abs=51.7398 synth_eps=0.7476 synth_eps_raw=0.7476 synth_x0_hit=1.0000 synth_x0_t=18.0000 synth_x0_ldif=0.0128 synth_x0_gen_adv=-0.6608 synth_x0_lfm=0.0020 synth_total=0.6984 extra_render_attn_share=0.5226
[step 4950] real_p1_mirror_hole_cov=0.0053 real_p1_eps=0.1395 real_p1_hole_frac=0.1823 real_p2_eps=0.0048 real_p2_hit=0.0000 real_total=0.1443 synth_eps=0.1892 synth_eps_raw=0.1892 synth_x0_hit=1.0000 synth_x0_t=284.0000 synth_x0_ldif=0.1172 synth_x0_gen_adv=-0.2600 synth_x0_lfm=0.0069 synth_total=0.2943 extra_render_attn_share=0.5226
[step 5000] real_p1_mirror_hole_cov=0.2491 real_p1_eps=0.2210 real_p1_hole_frac=0.5495 real_p2_eps=0.0031 real_p2_hit=0.0000 real_total=0.2241 synth_eps=0.1084 synth_eps_raw=0.1084 synth_x0_hit=0.0000 synth_total=0.1084 extra_render_attn_share=0.5226
[images] real: anchor | cond1 | cond2 | inv_warp_mirror | mask | mask_inv | warp_img | warp_warp_img | x | y_hat | y_hat_novel -> /home/xzy/warpgan-diffusiong-inpainting/warpgan-diffusion-inpainting-main/experiments/train_inpainting_diffusion/[20260914-030356]_v18w8_w5hf_100k/logs/images/train/real_step0005000.png
[images] synth: cond | mask | target | warp_img | x | y_hat_novel -> /home/xzy/warpgan-diffusiong-inpainting/warpgan-diffusion-inpainting-main/experiments/train_inpainting_diffusion/[20260914-030356]_v18w8_w5hf_100k/logs/images/train/synth_step0005000.png
[step 5050] real_p1_mirror_hole_cov=0.0011 real_p1_eps=0.1244 real_p1_hole_frac=0.1237 real_p2_eps=0.0128 real_p2_hit=0.0000 real_total=0.1372 synth_eps=0.1346 synth_eps_raw=0.1346 synth_x0_hit=0.0000 synth_total=0.1346 extra_render_attn_share=0.5226
[step 5100] real_p1_mirror_hole_cov=0.1879 real_p1_eps=0.1947 real_p1_hole_frac=0.3940 real_p2_eps=0.0860 real_p2_hit=0.0000 real_total=0.2807 synth_eps=0.0026 synth_eps_raw=0.0026 synth_x0_hit=0.0000 synth_total=0.0026 extra_render_attn_share=0.5226
[step 5150] real_p1_mirror_hole_cov=0.0034 real_p1_eps=0.1375 real_p1_hole_frac=0.0093 real_p2_eps=0.1330 real_p2_hit=1.0000 real_p2_t=191.0000 real_p2_ldif=0.0403 real_p2_gen_adv=0.7916 real_p2_lfm=0.0035 real_total=0.3969 discr_adv=1.0835 p2_d_real=-0.9205 p2_d_fake=-0.7916 g_grad_abs=2789.1494 d_grad_abs=2350.5708 synth_eps=0.0089 synth_eps_raw=0.0089 synth_x0_hit=0.0000 synth_total=0.0089 extra_render_attn_share=0.5226
[step 5200] real_p1_mirror_hole_cov=0.1630 real_p1_eps=0.1420 real_p1_hole_frac=0.1547 real_p2_eps=0.0223 real_p2_hit=0.0000 real_total=0.1643 synth_eps=0.0015 synth_eps_raw=0.0015 synth_x0_hit=0.0000 synth_total=0.0015 extra_render_attn_share=0.5226
[step 5250] real_p1_mirror_hole_cov=0.3421 real_p1_eps=0.1581 real_p1_hole_frac=0.3489 real_p2_eps=0.1146 real_p2_hit=0.0000 real_total=0.2728 synth_eps=0.2318 synth_eps_raw=0.2318 synth_x0_hit=1.0000 synth_x0_t=233.0000 synth_x0_ldif=0.0986 synth_x0_gen_adv=0.7159 synth_x0_lfm=0.0064 synth_total=0.4148 extra_render_attn_share=0.5226
[step 5300] real_p1_mirror_hole_cov=0.2207 real_p1_eps=0.1370 real_p1_hole_frac=0.3204 real_p2_eps=0.0680 real_p2_hit=0.0000 real_total=0.2050 synth_eps=0.0071 synth_eps_raw=0.0071 synth_x0_hit=0.0000 synth_total=0.0071 extra_render_attn_share=0.5226
[step 5350] real_p1_mirror_hole_cov=0.0508 real_p1_eps=0.2163 real_p1_hole_frac=0.3208 real_p2_eps=0.0027 real_p2_hit=0.0000 real_total=0.2190 synth_eps=0.2396 synth_eps_raw=0.2396 synth_x0_hit=1.0000 synth_x0_t=180.0000 synth_x0_ldif=0.0660 synth_x0_gen_adv=-0.1867 synth_x0_lfm=0.0040 synth_total=0.2948 extra_render_attn_share=0.5226
[step 5400] real_p1_mirror_hole_cov=0.1448 real_p1_eps=0.2879 real_p1_hole_frac=0.3637 real_p2_eps=0.0621 real_p2_hit=0.0000 real_total=0.3500 synth_eps=0.1152 synth_eps_raw=0.1152 synth_x0_hit=0.0000 synth_total=0.1152 extra_render_attn_share=0.5226
[step 5450] real_p1_mirror_hole_cov=0.4055 real_p1_eps=0.2549 real_p1_hole_frac=0.7401 real_p2_eps=0.1492 real_p2_hit=0.0000 real_total=0.4042 synth_eps=0.3919 synth_eps_raw=0.3919 synth_x0_hit=1.0000 synth_x0_t=128.0000 synth_x0_ldif=0.0649 synth_x0_gen_adv=0.1336 synth_x0_lfm=0.0054 synth_total=0.4810 extra_render_attn_share=0.5226
[step 5500] real_p1_mirror_hole_cov=0.0970 real_p1_eps=0.1011 real_p1_hole_frac=0.1255 real_p2_eps=0.0582 real_p2_hit=0.0000 real_total=0.1593 synth_eps=0.1559 synth_eps_raw=0.1559 synth_x0_hit=0.0000 synth_total=0.1559 extra_render_attn_share=0.5226
[images] real: anchor | cond1 | cond2 | inv_warp_mirror | mask | mask_inv | warp_img | warp_warp_img | x | y_hat | y_hat_novel -> /home/xzy/warpgan-diffusiong-inpainting/warpgan-diffusion-inpainting-main/experiments/train_inpainting_diffusion/[20260914-030356]_v18w8_w5hf_100k/logs/images/train/real_step0005500.png
[images] synth: cond | mask | target | warp_img | x | y_hat_novel -> /home/xzy/warpgan-diffusiong-inpainting/warpgan-diffusion-inpainting-main/experiments/train_inpainting_diffusion/[20260914-030356]_v18w8_w5hf_100k/logs/images/train/synth_step0005500.png
[step 5550] real_p1_mirror_hole_cov=0.0062 real_p1_eps=0.2581 real_p1_hole_frac=0.1475 real_p2_eps=0.1920 real_p2_hit=1.0000 real_p2_t=146.0000 real_p2_ldif=0.0384 real_p2_gen_adv=-0.4615 real_p2_lfm=0.0036 real_total=0.4496 discr_adv=0.9789 p2_d_real=0.5036 p2_d_fake=0.4615 g_grad_abs=1536.8843 d_grad_abs=480.5390 synth_eps=0.2791 synth_eps_raw=0.2791 synth_x0_hit=1.0000 synth_x0_t=170.0000 synth_x0_ldif=0.0702 synth_x0_gen_adv=-0.3485 synth_x0_lfm=0.0046 synth_total=0.3237 extra_render_attn_share=0.5226
[step 5600] real_p1_mirror_hole_cov=0.1778 real_p1_eps=0.1317 real_p1_hole_frac=0.3936 real_p2_eps=0.0637 real_p2_hit=0.0000 real_total=0.1954 discr_adv=1.4302 x0_d_real=-0.6069 x0_d_fake=0.2535 g_grad_abs=1075.2418 d_grad_abs=16053.1181 synth_eps=0.0186 synth_eps_raw=0.0186 synth_x0_hit=0.0000 synth_total=0.0186 extra_render_attn_share=0.5226
[step 5650] real_p1_mirror_hole_cov=0.1347 real_p1_eps=0.4508 real_p1_hole_frac=0.3491 real_p2_eps=0.0032 real_p2_hit=0.0000 real_total=0.4540 synth_eps=0.0323 synth_eps_raw=0.0323 synth_x0_hit=0.0000 synth_total=0.0323 extra_render_attn_share=0.5226
[step 5700] real_p1_mirror_hole_cov=0.0023 real_p1_eps=0.0701 real_p1_hole_frac=0.1759 real_p2_eps=0.0076 real_p2_hit=0.0000 real_total=0.0777 synth_eps=0.0027 synth_eps_raw=0.0027 synth_x0_hit=0.0000 synth_total=0.0027 extra_render_attn_share=0.5226
[step 5750] real_p1_mirror_hole_cov=0.3899 real_p1_eps=0.1644 real_p1_hole_frac=0.1306 real_p2_eps=0.0264 real_p2_hit=0.0000 real_total=0.1909 discr_adv=0.6429 x0_d_real=0.4592 x0_d_fake=-0.2572 g_grad_abs=1004.7503 d_grad_abs=5642.3732 synth_eps=0.3211 synth_eps_raw=0.3211 synth_x0_hit=1.0000 synth_x0_t=188.0000 synth_x0_ldif=0.0948 synth_x0_gen_adv=-0.5745 synth_x0_lfm=0.0063 synth_total=0.3710 extra_render_attn_share=0.5226
[step 5800] real_p1_mirror_hole_cov=0.0124 real_p1_eps=0.0895 real_p1_hole_frac=0.1324 real_p2_eps=0.0560 real_p2_hit=0.0000 real_total=0.1456 synth_eps=0.0086 synth_eps_raw=0.0086 synth_x0_hit=0.0000 synth_total=0.0086 extra_render_attn_share=0.5226
[step 5850] real_p1_mirror_hole_cov=0.1525 real_p1_eps=0.2024 real_p1_hole_frac=0.3728 real_p2_eps=0.0544 real_p2_hit=0.0000 real_total=0.2568 synth_eps=0.0373 synth_eps_raw=0.0373 synth_x0_hit=0.0000 synth_total=0.0373 extra_render_attn_share=0.5226
[step 5900] real_p1_mirror_hole_cov=0.0098 real_p1_eps=0.0888 real_p1_hole_frac=0.0804 real_p2_eps=0.0011 real_p2_hit=0.0000 real_total=0.0900 synth_eps=0.0314 synth_eps_raw=0.0314 synth_x0_hit=0.0000 synth_total=0.0314 extra_render_attn_share=0.5226
[step 5950] real_p1_mirror_hole_cov=0.2029 real_p1_eps=0.1816 real_p1_hole_frac=0.5356 real_p2_eps=0.1139 real_p2_hit=0.0000 real_total=0.2955 synth_eps=0.1195 synth_eps_raw=0.1195 synth_x0_hit=0.0000 synth_total=0.1195 extra_render_attn_share=0.5226
[val step 5999] val_novel_full=0.0302 val_novel_hole=0.0304 val_novel_visible=0.0301
[step 6000] real_p1_mirror_hole_cov=0.0190 real_p1_eps=0.2564 real_p1_hole_frac=0.3192 real_p2_eps=0.1512 real_p2_hit=1.0000 real_p2_t=285.0000 real_p2_ldif=0.0947 real_p2_gen_adv=0.2674 real_p2_lfm=0.0066 real_total=0.5423 discr_adv=1.9729 x0_d_real=-0.2413 x0_d_fake=-0.2659 p2_d_real=-0.2378 p2_d_fake=-0.2674 g_grad_abs=1986.3473 d_grad_abs=235.4444 synth_eps=0.0132 synth_eps_raw=0.0132 synth_x0_hit=0.0000 synth_total=0.0132 extra_render_attn_share=0.5271
[images] real: anchor | cond1 | cond2 | inv_warp_mirror | mask | mask_inv | warp_img | warp_warp_img | x | y_hat | y_hat_novel -> /home/xzy/warpgan-diffusiong-inpainting/warpgan-diffusion-inpainting-main/experiments/train_inpainting_diffusion/[20260914-030356]_v18w8_w5hf_100k/logs/images/train/real_step0006000.png
[images] synth: cond | mask | target | warp_img | x | y_hat_novel -> /home/xzy/warpgan-diffusiong-inpainting/warpgan-diffusion-inpainting-main/experiments/train_inpainting_diffusion/[20260914-030356]_v18w8_w5hf_100k/logs/images/train/synth_step0006000.png
[step 6050] real_p1_mirror_hole_cov=0.0457 real_p1_eps=0.1238 real_p1_hole_frac=0.5277 real_p2_eps=0.0089 real_p2_hit=0.0000 real_total=0.1327 discr_adv=0.9854 x0_d_real=-0.0694 x0_d_fake=-0.0987 g_grad_abs=796.7781 d_grad_abs=184.7705 synth_eps=0.0362 synth_eps_raw=0.0362 synth_x0_hit=0.0000 synth_total=0.0362 extra_render_attn_share=0.5271
[step 6100] real_p1_mirror_hole_cov=0.1868 real_p1_eps=0.3987 real_p1_hole_frac=0.4825 real_p2_eps=0.2659 real_p2_hit=1.0000 real_p2_t=201.0000 real_p2_ldif=0.0876 real_p2_gen_adv=-0.1199 real_p2_lfm=0.0056 real_total=0.7514 discr_adv=0.9895 p2_d_real=0.1435 p2_d_fake=0.1199 g_grad_abs=1581.2718 d_grad_abs=472.8479 synth_eps=0.0032 synth_eps_raw=0.0032 synth_x0_hit=0.0000 synth_total=0.0032 extra_render_attn_share=0.5271
[step 6150] real_p1_mirror_hole_cov=0.1031 real_p1_eps=0.0804 real_p1_hole_frac=0.0516 real_p2_eps=0.0538 real_p2_hit=1.0000 real_p2_t=292.0000 real_p2_ldif=0.0353 real_p2_gen_adv=0.2552 real_p2_lfm=0.0037 real_total=0.2023 discr_adv=0.9906 p2_d_real=-0.2364 p2_d_fake=-0.2552 g_grad_abs=1086.1216 d_grad_abs=115.1365 synth_eps=0.5267 synth_eps_raw=0.5267 synth_x0_hit=1.0000 synth_x0_t=55.0000 synth_x0_ldif=0.0300 synth_x0_gen_adv=0.2234 synth_x0_lfm=0.0032 synth_total=0.5854 extra_render_attn_share=0.5271
[step 6200] real_p1_mirror_hole_cov=0.0165 real_p1_eps=0.1124 real_p1_hole_frac=0.0270 real_p2_eps=0.0204 real_p2_hit=0.0000 real_total=0.1328 discr_adv=0.9640 x0_d_real=-0.3542 x0_d_fake=-0.4706 g_grad_abs=975.6084 d_grad_abs=1752.7322 synth_eps=0.0184 synth_eps_raw=0.0184 synth_x0_hit=0.0000 synth_total=0.0184 extra_render_attn_share=0.5271
[step 6250] real_p1_mirror_hole_cov=0.0457 real_p1_eps=0.1169 real_p1_hole_frac=0.2378 real_p2_eps=0.0152 real_p2_hit=0.0000 real_total=0.1320 synth_eps=0.0020 synth_eps_raw=0.0020 synth_x0_hit=0.0000 synth_total=0.0020 extra_render_attn_share=0.5271
[step 6300] real_p1_mirror_hole_cov=0.3347 real_p1_eps=0.3190 real_p1_hole_frac=0.6093 real_p2_eps=0.0838 real_p2_hit=0.0000 real_total=0.4028 discr_adv=0.8891 x0_d_real=0.1439 x0_d_fake=-0.0812 g_grad_abs=1169.8411 d_grad_abs=1483.0697 synth_eps=0.3032 synth_eps_raw=0.3032 synth_x0_hit=1.0000 synth_x0_t=151.0000 synth_x0_ldif=0.0637 synth_x0_gen_adv=0.6321 synth_x0_lfm=0.0044 synth_total=0.4389 extra_render_attn_share=0.5271
[step 6350] real_p1_mirror_hole_cov=0.2148 real_p1_eps=0.2923 real_p1_hole_frac=0.3800 real_p2_eps=0.2972 real_p2_hit=1.0000 real_p2_t=108.0000 real_p2_ldif=0.0389 real_p2_gen_adv=-0.4241 real_p2_lfm=0.0031 real_total=0.5923 discr_adv=1.1082 p2_d_real=0.2076 p2_d_fake=0.4241 g_grad_abs=1584.0893 d_grad_abs=12334.7966 synth_eps=0.4138 synth_eps_raw=0.4138 synth_x0_hit=1.0000 synth_x0_t=105.0000 synth_x0_ldif=0.0522 synth_x0_gen_adv=-0.4043 synth_x0_lfm=0.0057 synth_total=0.4369 extra_render_attn_share=0.5271
[step 6400] real_p1_mirror_hole_cov=0.0207 real_p1_eps=0.1480 real_p1_hole_frac=0.0465 real_p2_eps=0.0065 real_p2_hit=0.0000 real_total=0.1544 synth_eps=0.0271 synth_eps_raw=0.0271 synth_x0_hit=0.0000 synth_total=0.0271 extra_render_attn_share=0.5271
[step 6450] real_p1_mirror_hole_cov=0.1286 real_p1_eps=0.1154 real_p1_hole_frac=0.1012 real_p2_eps=0.2421 real_p2_hit=1.0000 real_p2_t=65.0000 real_p2_ldif=0.0167 real_p2_gen_adv=0.3086 real_p2_lfm=0.0017 real_total=0.4084 discr_adv=1.0226 p2_d_real=-0.3374 p2_d_fake=-0.3086 g_grad_abs=2153.8404 d_grad_abs=520.1029 synth_eps=0.2851 synth_eps_raw=0.2851 synth_x0_hit=1.0000 synth_x0_t=179.0000 synth_x0_ldif=0.0778 synth_x0_gen_adv=0.3272 synth_x0_lfm=0.0055 synth_total=0.4065 extra_render_attn_share=0.5271
[step 6500] real_p1_mirror_hole_cov=0.1664 real_p1_eps=0.2091 real_p1_hole_frac=0.3266 real_p2_eps=0.1841 real_p2_hit=1.0000 real_p2_t=134.0000 real_p2_ldif=0.0325 real_p2_gen_adv=0.5339 real_p2_lfm=0.0020 real_total=0.4830 discr_adv=0.9978 p2_d_real=-0.5285 p2_d_fake=-0.5339 g_grad_abs=1930.3924 d_grad_abs=77.1906 synth_eps=0.4495 synth_eps_raw=0.4495 synth_x0_hit=1.0000 synth_x0_t=77.0000 synth_x0_ldif=0.0381 synth_x0_gen_adv=0.3380 synth_x0_lfm=0.0031 synth_total=0.5275 extra_render_attn_share=0.5271
[images] real: anchor | cond1 | cond2 | inv_warp_mirror | mask | mask_inv | warp_img | warp_warp_img | x | y_hat | y_hat_novel -> /home/xzy/warpgan-diffusiong-inpainting/warpgan-diffusion-inpainting-main/experiments/train_inpainting_diffusion/[20260914-030356]_v18w8_w5hf_100k/logs/images/train/real_step0006500.png
[images] synth: cond | mask | target | warp_img | x | y_hat_novel -> /home/xzy/warpgan-diffusiong-inpainting/warpgan-diffusion-inpainting-main/experiments/train_inpainting_diffusion/[20260914-030356]_v18w8_w5hf_100k/logs/images/train/synth_step0006500.png
[step 6550] real_p1_mirror_hole_cov=0.1735 real_p1_eps=0.0640 real_p1_hole_frac=0.0484 real_p2_eps=0.0262 real_p2_hit=0.0000 real_total=0.0902 discr_adv=0.9861 x0_d_real=-0.6778 x0_d_fake=-0.7057 g_grad_abs=965.8505 d_grad_abs=389.2277 synth_eps=0.0415 synth_eps_raw=0.0415 synth_x0_hit=0.0000 synth_total=0.0415 extra_render_attn_share=0.5271
[step 6600] real_p1_mirror_hole_cov=0.0843 real_p1_eps=0.0515 real_p1_hole_frac=0.0130 real_p2_eps=0.0040 real_p2_hit=0.0000 real_total=0.0555 synth_eps=0.0057 synth_eps_raw=0.0057 synth_x0_hit=0.0000 synth_total=0.0057 extra_render_attn_share=0.5271
[step 6650] real_p1_mirror_hole_cov=0.1867 real_p1_eps=0.2320 real_p1_hole_frac=0.2606 real_p2_eps=0.0053 real_p2_hit=0.0000 real_total=0.2373 synth_eps=0.2963 synth_eps_raw=0.2963 synth_x0_hit=1.0000 synth_x0_t=152.0000 synth_x0_ldif=0.0629 synth_x0_gen_adv=0.5458 synth_x0_lfm=0.0059 synth_total=0.4255 extra_render_attn_share=0.5271
[step 6700] real_p1_mirror_hole_cov=0.0691 real_p1_eps=0.0532 real_p1_hole_frac=0.0712 real_p2_eps=0.0027 real_p2_hit=0.0000 real_total=0.0559 synth_eps=0.0474 synth_eps_raw=0.0474 synth_x0_hit=0.0000 synth_total=0.0474 extra_render_attn_share=0.5271
[step 6750] real_p1_mirror_hole_cov=0.1138 real_p1_eps=0.3610 real_p1_hole_frac=0.2820 real_p2_eps=0.1751 real_p2_hit=1.0000 real_p2_t=283.0000 real_p2_ldif=0.1078 real_p2_gen_adv=-0.4875 real_p2_lfm=0.0076 real_total=0.6104 discr_adv=0.9346 p2_d_real=0.6183 p2_d_fake=0.4875 g_grad_abs=2068.5913 d_grad_abs=1334.8639 synth_eps=0.0128 synth_eps_raw=0.0128 synth_x0_hit=0.0000 synth_total=0.0128 extra_render_attn_share=0.5271
[step 6800] real_p1_mirror_hole_cov=0.0041 real_p1_eps=0.0702 real_p1_hole_frac=0.2724 real_p2_eps=0.2465 real_p2_hit=1.0000 real_p2_t=108.0000 real_p2_ldif=0.0323 real_p2_gen_adv=-0.2974 real_p2_lfm=0.0043 real_total=0.3279 discr_adv=0.9962 p2_d_real=0.3049 p2_d_fake=0.2974 g_grad_abs=1474.0077 d_grad_abs=362.3706 synth_eps=0.0063 synth_eps_raw=0.0063 synth_x0_hit=0.0000 synth_total=0.0063 extra_render_attn_share=0.5271
[step 6850] real_p1_mirror_hole_cov=0.0952 real_p1_eps=0.1684 real_p1_hole_frac=0.1883 real_p2_eps=0.0267 real_p2_hit=0.0000 real_total=0.1951 synth_eps=0.9357 synth_eps_raw=0.9357 synth_x0_hit=1.0000 synth_x0_t=1.0000 synth_x0_ldif=0.0016 synth_x0_gen_adv=-0.8640 synth_x0_lfm=0.0001 synth_total=0.8512 extra_render_attn_share=0.5271
[step 6900] real_p1_mirror_hole_cov=0.0412 real_p1_eps=0.1565 real_p1_hole_frac=0.1861 real_p2_eps=0.0124 real_p2_hit=0.0000 real_total=0.1689 synth_eps=0.0590 synth_eps_raw=0.0590 synth_x0_hit=0.0000 synth_total=0.0590 extra_render_attn_share=0.5271
[step 6950] real_p1_mirror_hole_cov=0.3031 real_p1_eps=0.2393 real_p1_hole_frac=0.1937 real_p2_eps=0.0015 real_p2_hit=0.0000 real_total=0.2408 synth_eps=0.4381 synth_eps_raw=0.4381 synth_x0_hit=1.0000 synth_x0_t=77.0000 synth_x0_ldif=0.0372 synth_x0_gen_adv=0.2614 synth_x0_lfm=0.0034 synth_total=0.5082 extra_render_attn_share=0.5271
[step 7000] real_p1_mirror_hole_cov=0.0081 real_p1_eps=0.1310 real_p1_hole_frac=0.4040 real_p2_eps=0.0603 real_p2_hit=0.0000 real_total=0.1913 discr_adv=0.9648 x0_d_real=-0.1315 x0_d_fake=-0.2137 g_grad_abs=833.7039 d_grad_abs=1949.8421 synth_eps=0.4001 synth_eps_raw=0.4001 synth_x0_hit=1.0000 synth_x0_t=94.0000 synth_x0_ldif=0.0437 synth_x0_gen_adv=0.1957 synth_x0_lfm=0.0038 synth_total=0.4709 extra_render_attn_share=0.5271
[images] real: anchor | cond1 | cond2 | inv_warp_mirror | mask | mask_inv | warp_img | warp_warp_img | x | y_hat | y_hat_novel -> /home/xzy/warpgan-diffusiong-inpainting/warpgan-diffusion-inpainting-main/experiments/train_inpainting_diffusion/[20260914-030356]_v18w8_w5hf_100k/logs/images/train/real_step0007000.png
[images] synth: cond | mask | target | warp_img | x | y_hat_novel -> /home/xzy/warpgan-diffusiong-inpainting/warpgan-diffusion-inpainting-main/experiments/train_inpainting_diffusion/[20260914-030356]_v18w8_w5hf_100k/logs/images/train/synth_step0007000.png
[step 7050] real_p1_mirror_hole_cov=0.0033 real_p1_eps=0.1194 real_p1_hole_frac=0.1747 real_p2_eps=0.1304 real_p2_hit=1.0000 real_p2_t=238.0000 real_p2_ldif=0.0577 real_p2_gen_adv=0.4429 real_p2_lfm=0.0057 real_total=0.3631 discr_adv=1.0777 p2_d_real=-0.5982 p2_d_fake=-0.4429 g_grad_abs=1722.0799 d_grad_abs=2034.3847 synth_eps=0.2425 synth_eps_raw=0.2425 synth_x0_hit=1.0000 synth_x0_t=227.0000 synth_x0_ldif=0.0985 synth_x0_gen_adv=0.6471 synth_x0_lfm=0.0086 synth_total=0.4228 extra_render_attn_share=0.5271
[step 7100] real_p1_mirror_hole_cov=0.2451 real_p1_eps=0.1888 real_p1_hole_frac=0.3257 real_p2_eps=0.0115 real_p2_hit=0.0000 real_total=0.2004 synth_eps=0.0354 synth_eps_raw=0.0354 synth_x0_hit=0.0000 synth_total=0.0354 extra_render_attn_share=0.5271
[step 7150] real_p1_mirror_hole_cov=0.1283 real_p1_eps=0.4416 real_p1_hole_frac=0.4545 real_p2_eps=0.2991 real_p2_hit=1.0000 real_p2_t=150.0000 real_p2_ldif=0.0622 real_p2_gen_adv=0.4444 real_p2_lfm=0.0053 real_total=0.8579 discr_adv=0.9041 p2_d_real=-0.2526 p2_d_fake=-0.4444 g_grad_abs=1919.1535 d_grad_abs=1974.2597 synth_eps=0.0098 synth_eps_raw=0.0098 synth_x0_hit=0.0000 synth_total=0.0098 extra_render_attn_share=0.5271
[step 7200] real_p1_mirror_hole_cov=0.0346 real_p1_eps=0.2945 real_p1_hole_frac=0.4332 real_p2_eps=0.4355 real_p2_hit=1.0000 real_p2_t=95.0000 real_p2_ldif=0.0482 real_p2_gen_adv=-0.7317 real_p2_lfm=0.0039 real_total=0.7127 discr_adv=1.9420 x0_d_real=0.5602 x0_d_fake=0.4355 p2_d_real=0.8007 p2_d_fake=0.7317 g_grad_abs=1620.2509 d_grad_abs=2662.7196 synth_eps=0.0458 synth_eps_raw=0.0458 synth_x0_hit=0.0000 synth_total=0.0458 extra_render_attn_share=0.5271
[step 7250] real_p1_mirror_hole_cov=0.0680 real_p1_eps=0.1444 real_p1_hole_frac=0.3362 real_p2_eps=0.0060 real_p2_hit=0.0000 real_total=0.1503 discr_adv=1.0159 x0_d_real=0.3109 x0_d_fake=0.3426 g_grad_abs=871.9397 d_grad_abs=880.0122 synth_eps=0.0219 synth_eps_raw=0.0219 synth_x0_hit=0.0000 synth_total=0.0219 extra_render_attn_share=0.5271
[step 7300] real_p1_mirror_hole_cov=0.0152 real_p1_eps=0.3043 real_p1_hole_frac=0.1162 real_p2_eps=0.0482 real_p2_hit=0.0000 real_total=0.3526 discr_adv=0.8026 x0_d_real=0.6324 x0_d_fake=0.2376 g_grad_abs=1717.0117 d_grad_abs=4436.5555 synth_eps=0.0062 synth_eps_raw=0.0062 synth_x0_hit=0.0000 synth_total=0.0062 extra_render_attn_share=0.5271
[step 7350] real_p1_mirror_hole_cov=0.0666 real_p1_eps=0.2280 real_p1_hole_frac=0.6529 real_p2_eps=0.2198 real_p2_hit=1.0000 real_p2_t=222.0000 real_p2_ldif=0.0860 real_p2_gen_adv=0.2013 real_p2_lfm=0.0060 real_total=0.5659 discr_adv=1.9367 x0_d_real=-0.0057 x0_d_fake=0.0087 p2_d_real=-0.0602 p2_d_fake=-0.2013 g_grad_abs=1775.0895 d_grad_abs=959.2500 synth_eps=0.0044 synth_eps_raw=0.0044 synth_x0_hit=0.0000 synth_total=0.0044 extra_render_attn_share=0.5271
[step 7400] real_p1_mirror_hole_cov=0.0070 real_p1_eps=0.2365 real_p1_hole_frac=0.3398 real_p2_eps=0.0530 real_p2_hit=0.0000 real_total=0.2895 discr_adv=0.8521 x0_d_real=0.4477 x0_d_fake=0.1519 g_grad_abs=1086.8811 d_grad_abs=2170.3297 synth_eps=0.1948 synth_eps_raw=0.1948 synth_x0_hit=1.0000 synth_x0_t=276.0000 synth_x0_ldif=0.1141 synth_x0_gen_adv=-0.8027 synth_x0_lfm=0.0059 synth_total=0.2404 extra_render_attn_share=0.5271
[step 7450] real_p1_mirror_hole_cov=0.1479 real_p1_eps=0.4574 real_p1_hole_frac=0.4405 real_p2_eps=0.0485 real_p2_hit=0.0000 real_total=0.5059 synth_eps=0.0035 synth_eps_raw=0.0035 synth_x0_hit=0.0000 synth_total=0.0035 extra_render_attn_share=0.5271
[step 7500] real_p1_mirror_hole_cov=0.2140 real_p1_eps=0.2394 real_p1_hole_frac=0.4330 real_p2_eps=0.0051 real_p2_hit=0.0000 real_total=0.2445 discr_adv=0.6963 x0_d_real=0.9267 x0_d_fake=0.3137 g_grad_abs=987.5488 d_grad_abs=5891.2101 synth_eps=0.0317 synth_eps_raw=0.0317 synth_x0_hit=0.0000 synth_total=0.0317 extra_render_attn_share=0.5271
[images] real: anchor | cond1 | cond2 | inv_warp_mirror | mask | mask_inv | warp_img | warp_warp_img | x | y_hat | y_hat_novel -> /home/xzy/warpgan-diffusiong-inpainting/warpgan-diffusion-inpainting-main/experiments/train_inpainting_diffusion/[20260914-030356]_v18w8_w5hf_100k/logs/images/train/real_step0007500.png
[images] synth: cond | mask | target | warp_img | x | y_hat_novel -> /home/xzy/warpgan-diffusiong-inpainting/warpgan-diffusion-inpainting-main/experiments/train_inpainting_diffusion/[20260914-030356]_v18w8_w5hf_100k/logs/images/train/synth_step0007500.png
[step 7550] real_p1_mirror_hole_cov=0.1399 real_p1_eps=0.1793 real_p1_hole_frac=0.3399 real_p2_eps=0.0020 real_p2_hit=0.0000 real_total=0.1812 synth_eps=0.1815 synth_eps_raw=0.1815 synth_x0_hit=0.0000 synth_total=0.1815 extra_render_attn_share=0.5271
[step 7600] real_p1_mirror_hole_cov=0.0622 real_p1_eps=0.1203 real_p1_hole_frac=0.0976 real_p2_eps=0.0299 real_p2_hit=0.0000 real_total=0.1503 discr_adv=0.9508 x0_d_real=0.6982 x0_d_fake=0.5997 g_grad_abs=966.4338 d_grad_abs=733.8984 synth_eps=0.7256 synth_eps_raw=0.7256 synth_x0_hit=1.0000 synth_x0_t=11.0000 synth_x0_ldif=0.0077 synth_x0_gen_adv=-0.7382 synth_x0_lfm=0.0010 synth_total=0.6615 extra_render_attn_share=0.5271
[step 7650] real_p1_mirror_hole_cov=0.2758 real_p1_eps=0.0660 real_p1_hole_frac=0.0381 real_p2_eps=0.1074 real_p2_hit=1.0000 real_p2_t=209.0000 real_p2_ldif=0.0378 real_p2_gen_adv=-0.4199 real_p2_lfm=0.0035 real_total=0.1762 discr_adv=0.9760 p2_d_real=0.4716 p2_d_fake=0.4199 g_grad_abs=1117.7236 d_grad_abs=444.4657 synth_eps=0.0634 synth_eps_raw=0.0634 synth_x0_hit=0.0000 synth_total=0.0634 extra_render_attn_share=0.5271
[step 7700] real_p1_mirror_hole_cov=0.0308 real_p1_eps=0.0948 real_p1_hole_frac=0.0527 real_p2_eps=0.0028 real_p2_hit=0.0000 real_total=0.0976 synth_eps=0.2548 synth_eps_raw=0.2548 synth_x0_hit=1.0000 synth_x0_t=226.0000 synth_x0_ldif=0.1027 synth_x0_gen_adv=-0.5603 synth_x0_lfm=0.0070 synth_total=0.3154 extra_render_attn_share=0.5271
[step 7750] real_p1_mirror_hole_cov=0.0724 real_p1_eps=0.1621 real_p1_hole_frac=0.4751 real_p2_eps=0.0714 real_p2_hit=0.0000 real_total=0.2334 synth_eps=0.0273 synth_eps_raw=0.0273 synth_x0_hit=0.0000 synth_total=0.0273 extra_render_attn_share=0.5271
[step 7800] real_p1_mirror_hole_cov=0.0160 real_p1_eps=0.1251 real_p1_hole_frac=0.3533 real_p2_eps=0.0307 real_p2_hit=0.0000 real_total=0.1558 synth_eps=0.0030 synth_eps_raw=0.0030 synth_x0_hit=0.0000 synth_total=0.0030 extra_render_attn_share=0.5271
[step 7850] real_p1_mirror_hole_cov=0.0739 real_p1_eps=0.1402 real_p1_hole_frac=0.2610 real_p2_eps=0.0155 real_p2_hit=0.0000 real_total=0.1557 synth_eps=0.0796 synth_eps_raw=0.0796 synth_x0_hit=0.0000 synth_total=0.0796 extra_render_attn_share=0.5271
[step 7900] real_p1_mirror_hole_cov=0.3161 real_p1_eps=0.1107 real_p1_hole_frac=0.2250 real_p2_eps=0.0610 real_p2_hit=0.0000 real_total=0.1717 synth_eps=0.1079 synth_eps_raw=0.1079 synth_x0_hit=0.0000 synth_total=0.1079 extra_render_attn_share=0.5271
[step 7950] real_p1_mirror_hole_cov=0.0162 real_p1_eps=0.0913 real_p1_hole_frac=0.1047 real_p2_eps=0.0124 real_p2_hit=0.0000 real_total=0.1037 synth_eps=0.2639 synth_eps_raw=0.2639 synth_x0_hit=1.0000 synth_x0_t=189.0000 synth_x0_ldif=0.0786 synth_x0_gen_adv=0.2614 synth_x0_lfm=0.0066 synth_total=0.3818 extra_render_attn_share=0.5271
[val step 7999] val_novel_full=0.0338 val_novel_hole=0.0347 val_novel_visible=0.0334
[step 8000] real_p1_mirror_hole_cov=0.0861 real_p1_eps=0.0812 real_p1_hole_frac=0.2321 real_p2_eps=0.0893 real_p2_hit=1.0000 real_p2_t=257.0000 real_p2_ldif=0.0455 real_p2_gen_adv=-0.5675 real_p2_lfm=0.0059 real_total=0.1711 discr_adv=0.9890 p2_d_real=0.5895 p2_d_fake=0.5675 g_grad_abs=1549.2633 d_grad_abs=303.3977 synth_eps=0.0530 synth_eps_raw=0.0530 synth_x0_hit=0.0000 synth_total=0.0530 extra_render_attn_share=0.5346
[images] real: anchor | cond1 | cond2 | inv_warp_mirror | mask | mask_inv | warp_img | warp_warp_img | x | y_hat | y_hat_novel -> /home/xzy/warpgan-diffusiong-inpainting/warpgan-diffusion-inpainting-main/experiments/train_inpainting_diffusion/[20260914-030356]_v18w8_w5hf_100k/logs/images/train/real_step0008000.png
[images] synth: cond | mask | target | warp_img | x | y_hat_novel -> /home/xzy/warpgan-diffusiong-inpainting/warpgan-diffusion-inpainting-main/experiments/train_inpainting_diffusion/[20260914-030356]_v18w8_w5hf_100k/logs/images/train/synth_step0008000.png
[step 8050] real_p1_mirror_hole_cov=0.0141 real_p1_eps=0.2187 real_p1_hole_frac=0.2448 real_p2_eps=0.0123 real_p2_hit=0.0000 real_total=0.2311 synth_eps=0.0261 synth_eps_raw=0.0261 synth_x0_hit=0.0000 synth_total=0.0261 extra_render_attn_share=0.5346
[step 8100] real_p1_mirror_hole_cov=0.2104 real_p1_eps=0.0495 real_p1_hole_frac=0.0544 real_p2_eps=0.0375 real_p2_hit=0.0000 real_total=0.0869 discr_adv=0.9886 x0_d_real=-0.2130 x0_d_fake=-0.2369 g_grad_abs=687.0295 d_grad_abs=1076.5604 synth_eps=0.1760 synth_eps_raw=0.1760 synth_x0_hit=1.0000 synth_x0_t=237.0000 synth_x0_ldif=0.0774 synth_x0_gen_adv=0.3581 synth_x0_lfm=0.0050 synth_total=0.2992 extra_render_attn_share=0.5346
[step 8150] real_p1_mirror_hole_cov=0.1386 real_p1_eps=0.1290 real_p1_hole_frac=0.5221 real_p2_eps=0.0775 real_p2_hit=0.0000 real_total=0.2065 discr_adv=0.8485 x0_d_real=-0.3204 x0_d_fake=-0.6285 g_grad_abs=1182.2284 d_grad_abs=3710.1571 synth_eps=0.0023 synth_eps_raw=0.0023 synth_x0_hit=0.0000 synth_total=0.0023 extra_render_attn_share=0.5346
[step 8200] real_p1_mirror_hole_cov=0.1353 real_p1_eps=0.1158 real_p1_hole_frac=0.3377 real_p2_eps=0.0126 real_p2_hit=0.0000 real_total=0.1285 synth_eps=0.0310 synth_eps_raw=0.0310 synth_x0_hit=0.0000 synth_total=0.0310 extra_render_attn_share=0.5346
[step 8250] real_p1_mirror_hole_cov=0.0849 real_p1_eps=0.2637 real_p1_hole_frac=0.0960 real_p2_eps=0.0130 real_p2_hit=0.0000 real_total=0.2767 synth_eps=0.0088 synth_eps_raw=0.0088 synth_x0_hit=0.0000 synth_total=0.0088 extra_render_attn_share=0.5346
[step 8300] real_p1_mirror_hole_cov=0.0669 real_p1_eps=0.3896 real_p1_hole_frac=0.1468 real_p2_eps=0.0255 real_p2_hit=0.0000 real_total=0.4151 discr_adv=0.9274 x0_d_real=-0.0003 x0_d_fake=-0.1455 g_grad_abs=1268.1904 d_grad_abs=837.8109 synth_eps=0.0679 synth_eps_raw=0.0679 synth_x0_hit=0.0000 synth_total=0.0679 extra_render_attn_share=0.5346
[step 8350] real_p1_mirror_hole_cov=0.1630 real_p1_eps=0.2847 real_p1_hole_frac=0.3022 real_p2_eps=0.2558 real_p2_hit=1.0000 real_p2_t=173.0000 real_p2_ldif=0.0661 real_p2_gen_adv=-0.2775 real_p2_lfm=0.0051 real_total=0.5891 discr_adv=0.9622 p2_d_real=0.3532 p2_d_fake=0.2775 g_grad_abs=3191.0562 d_grad_abs=696.3251 synth_eps=0.2740 synth_eps_raw=0.2740 synth_x0_hit=1.0000 synth_x0_t=185.0000 synth_x0_ldif=0.0788 synth_x0_gen_adv=0.0363 synth_x0_lfm=0.0069 synth_total=0.3702 extra_render_attn_share=0.5346
[step 8400] real_p1_mirror_hole_cov=0.1515 real_p1_eps=0.1730 real_p1_hole_frac=0.2129 real_p2_eps=0.0707 real_p2_hit=0.0000 real_total=0.2437 discr_adv=0.9417 x0_d_real=0.2592 x0_d_fake=0.1426 g_grad_abs=1031.5001 d_grad_abs=677.0205 synth_eps=0.0920 synth_eps_raw=0.0920 synth_x0_hit=0.0000 synth_total=0.0920 extra_render_attn_share=0.5346
[step 8450] real_p1_mirror_hole_cov=0.1734 real_p1_eps=0.2121 real_p1_hole_frac=0.2226 real_p2_eps=0.0607 real_p2_hit=0.0000 real_total=0.2728 synth_eps=0.2714 synth_eps_raw=0.2714 synth_x0_hit=1.0000 synth_x0_t=266.0000 synth_x0_ldif=0.1478 synth_x0_gen_adv=-0.9438 synth_x0_lfm=0.0089 synth_total=0.3426 extra_render_attn_share=0.5346
[step 8500] real_p1_mirror_hole_cov=0.0249 real_p1_eps=0.2483 real_p1_hole_frac=0.1139 real_p2_eps=0.1487 real_p2_hit=1.0000 real_p2_t=169.0000 real_p2_ldif=0.0378 real_p2_gen_adv=0.6453 real_p2_lfm=0.0024 real_total=0.5041 discr_adv=1.9990 x0_d_real=-0.3664 x0_d_fake=-0.4025 p2_d_real=-0.6794 p2_d_fake=-0.6453 g_grad_abs=2124.6154 d_grad_abs=3064.4519 synth_eps=0.3694 synth_eps_raw=0.3694 synth_x0_hit=1.0000 synth_x0_t=112.0000 synth_x0_ldif=0.0508 synth_x0_gen_adv=0.4997 synth_x0_lfm=0.0049 synth_total=0.4800 extra_render_attn_share=0.5346
[images] real: anchor | cond1 | cond2 | inv_warp_mirror | mask | mask_inv | warp_img | warp_warp_img | x | y_hat | y_hat_novel -> /home/xzy/warpgan-diffusiong-inpainting/warpgan-diffusion-inpainting-main/experiments/train_inpainting_diffusion/[20260914-030356]_v18w8_w5hf_100k/logs/images/train/real_step0008500.png
[images] synth: cond | mask | target | warp_img | x | y_hat_novel -> /home/xzy/warpgan-diffusiong-inpainting/warpgan-diffusion-inpainting-main/experiments/train_inpainting_diffusion/[20260914-030356]_v18w8_w5hf_100k/logs/images/train/synth_step0008500.png
[step 8550] real_p1_mirror_hole_cov=0.1829 real_p1_eps=0.3329 real_p1_hole_frac=0.4485 real_p2_eps=0.1803 real_p2_hit=1.0000 real_p2_t=219.0000 real_p2_ldif=0.0689 real_p2_gen_adv=0.4880 real_p2_lfm=0.0071 real_total=0.6451 discr_adv=1.9692 x0_d_real=-0.5033 x0_d_fake=-0.5113 p2_d_real=-0.4338 p2_d_fake=-0.4880 g_grad_abs=1860.6277 d_grad_abs=293.6659 synth_eps=0.1820 synth_eps_raw=0.1820 synth_x0_hit=0.0000 synth_total=0.1820 extra_render_attn_share=0.5346
[step 8600] real_p1_mirror_hole_cov=0.0060 real_p1_eps=0.0689 real_p1_hole_frac=0.0906 real_p2_eps=0.1241 real_p2_hit=1.0000 real_p2_t=139.0000 real_p2_ldif=0.0231 real_p2_gen_adv=0.3665 real_p2_lfm=0.0022 real_total=0.2572 discr_adv=1.0421 p2_d_real=-0.4506 p2_d_fake=-0.3665 g_grad_abs=1200.7223 d_grad_abs=460.4391 synth_eps=0.0233 synth_eps_raw=0.0233 synth_x0_hit=0.0000 synth_total=0.0233 extra_render_attn_share=0.5346
[step 8650] real_p1_mirror_hole_cov=0.0133 real_p1_eps=0.1582 real_p1_hole_frac=0.1530 real_p2_eps=0.0017 real_p2_hit=0.0000 real_total=0.1600 synth_eps=0.5800 synth_eps_raw=0.5800 synth_x0_hit=1.0000 synth_x0_t=55.0000 synth_x0_ldif=0.0329 synth_x0_gen_adv=-0.8559 synth_x0_lfm=0.0033 synth_total=0.5340 extra_render_attn_share=0.5346
[step 8700] real_p1_mirror_hole_cov=0.5605 real_p1_eps=0.2935 real_p1_hole_frac=0.4234 real_p2_eps=0.2160 real_p2_hit=1.0000 real_p2_t=192.0000 real_p2_ldif=0.0660 real_p2_gen_adv=-0.8751 real_p2_lfm=0.0053 real_total=0.4985 discr_adv=2.0084 x0_d_real=0.8630 x0_d_fake=0.8720 p2_d_real=0.8680 p2_d_fake=0.8751 g_grad_abs=2187.7475 d_grad_abs=385.4184 synth_eps=0.1899 synth_eps_raw=0.1899 synth_x0_hit=1.0000 synth_x0_t=236.0000 synth_x0_ldif=0.0827 synth_x0_gen_adv=0.6647 synth_x0_lfm=0.0056 synth_total=0.3502 extra_render_attn_share=0.5346
[step 8750] real_p1_mirror_hole_cov=0.0143 real_p1_eps=0.1801 real_p1_hole_frac=0.1918 real_p2_eps=0.2283 real_p2_hit=1.0000 real_p2_t=128.0000 real_p2_ldif=0.0378 real_p2_gen_adv=-0.9074 real_p2_lfm=0.0041 real_total=0.3636 discr_adv=1.9742 x0_d_real=0.9047 x0_d_fake=0.8617 p2_d_real=0.9160 p2_d_fake=0.9074 g_grad_abs=1422.8841 d_grad_abs=519.4659 synth_eps=0.0115 synth_eps_raw=0.0115 synth_x0_hit=0.0000 synth_total=0.0115 extra_render_attn_share=0.5346
[step 8800] real_p1_mirror_hole_cov=0.5707 real_p1_eps=0.1254 real_p1_hole_frac=0.2904 real_p2_eps=0.2172 real_p2_hit=1.0000 real_p2_t=101.0000 real_p2_ldif=0.0260 real_p2_gen_adv=-0.7734 real_p2_lfm=0.0022 real_total=0.2958 discr_adv=0.9818 p2_d_real=0.8099 p2_d_fake=0.7734 g_grad_abs=1341.6238 d_grad_abs=144.8066 synth_eps=0.0012 synth_eps_raw=0.0012 synth_x0_hit=0.0000 synth_total=0.0012 extra_render_attn_share=0.5346
[step 8850] real_p1_mirror_hole_cov=0.0113 real_p1_eps=0.0624 real_p1_hole_frac=0.0778 real_p2_eps=0.0046 real_p2_hit=0.0000 real_total=0.0670 discr_adv=0.9605 x0_d_real=0.5269 x0_d_fake=0.4480 g_grad_abs=644.3925 d_grad_abs=301.7313 synth_eps=0.4808 synth_eps_raw=0.4808 synth_x0_hit=1.0000 synth_x0_t=72.0000 synth_x0_ldif=0.0376 synth_x0_gen_adv=-0.6176 synth_x0_lfm=0.0039 synth_total=0.4644 extra_render_attn_share=0.5346
[step 8900] real_p1_mirror_hole_cov=0.1361 real_p1_eps=0.1109 real_p1_hole_frac=0.1043 real_p2_eps=0.3195 real_p2_hit=1.0000 real_p2_t=43.0000 real_p2_ldif=0.0137 real_p2_gen_adv=-0.9100 real_p2_lfm=0.0016 real_total=0.3563 discr_adv=0.9992 p2_d_real=0.9225 p2_d_fake=0.9100 g_grad_abs=1427.3209 d_grad_abs=820.9001 synth_eps=0.0036 synth_eps_raw=0.0036 synth_x0_hit=0.0000 synth_total=0.0036 extra_render_attn_share=0.5346
[step 8950] real_p1_mirror_hole_cov=0.1708 real_p1_eps=0.2989 real_p1_hole_frac=0.4102 real_p2_eps=0.2177 real_p2_hit=1.0000 real_p2_t=234.0000 real_p2_ldif=0.0934 real_p2_gen_adv=-0.2262 real_p2_lfm=0.0061 real_total=0.5995 discr_adv=0.9920 p2_d_real=0.2462 p2_d_fake=0.2262 g_grad_abs=2020.6063 d_grad_abs=736.8949 synth_eps=0.3835 synth_eps_raw=0.3835 synth_x0_hit=1.0000 synth_x0_t=105.0000 synth_x0_ldif=0.0484 synth_x0_gen_adv=0.0300 synth_x0_lfm=0.0040 synth_total=0.4428 extra_render_attn_share=0.5346
[step 9000] real_p1_mirror_hole_cov=0.2751 real_p1_eps=0.1620 real_p1_hole_frac=0.4522 real_p2_eps=0.4342 real_p2_hit=1.0000 real_p2_t=49.0000 real_p2_ldif=0.0216 real_p2_gen_adv=-0.2939 real_p2_lfm=0.0013 real_total=0.5910 discr_adv=1.9797 x0_d_real=-0.4857 x0_d_fake=-0.4888 p2_d_real=0.3317 p2_d_fake=0.2939 g_grad_abs=1492.1527 d_grad_abs=792.2572 synth_eps=0.0048 synth_eps_raw=0.0048 synth_x0_hit=0.0000 synth_total=0.0048 extra_render_attn_share=0.5346
[images] real: anchor | cond1 | cond2 | inv_warp_mirror | mask | mask_inv | warp_img | warp_warp_img | x | y_hat | y_hat_novel -> /home/xzy/warpgan-diffusiong-inpainting/warpgan-diffusion-inpainting-main/experiments/train_inpainting_diffusion/[20260914-030356]_v18w8_w5hf_100k/logs/images/train/real_step0009000.png
[images] synth: cond | mask | target | warp_img | x | y_hat_novel -> /home/xzy/warpgan-diffusiong-inpainting/warpgan-diffusion-inpainting-main/experiments/train_inpainting_diffusion/[20260914-030356]_v18w8_w5hf_100k/logs/images/train/synth_step0009000.png
[step 9050] real_p1_mirror_hole_cov=0.1991 real_p1_eps=0.6157 real_p1_hole_frac=0.5533 real_p2_eps=0.0055 real_p2_hit=0.0000 real_total=0.6212 discr_adv=0.8838 x0_d_real=-0.3737 x0_d_fake=-0.6062 g_grad_abs=1430.3496 d_grad_abs=1271.5505 synth_eps=0.0017 synth_eps_raw=0.0017 synth_x0_hit=0.0000 synth_total=0.0017 extra_render_attn_share=0.5346
[step 9100] real_p1_mirror_hole_cov=0.0881 real_p1_eps=0.2120 real_p1_hole_frac=0.1018 real_p2_eps=0.0663 real_p2_hit=0.0000 real_total=0.2783 synth_eps=0.0251 synth_eps_raw=0.0251 synth_x0_hit=0.0000 synth_total=0.0251 extra_render_attn_share=0.5346
[step 9150] real_p1_mirror_hole_cov=0.2028 real_p1_eps=0.1965 real_p1_hole_frac=0.2966 real_p2_eps=0.0020 real_p2_hit=0.0000 real_total=0.1985 synth_eps=0.0026 synth_eps_raw=0.0026 synth_x0_hit=0.0000 synth_total=0.0026 extra_render_attn_share=0.5346
[step 9200] real_p1_mirror_hole_cov=0.0966 real_p1_eps=0.2293 real_p1_hole_frac=0.4636 real_p2_eps=0.0278 real_p2_hit=0.0000 real_total=0.2571 synth_eps=0.0029 synth_eps_raw=0.0029 synth_x0_hit=0.0000 synth_total=0.0029 extra_render_attn_share=0.5346
[step 9250] real_p1_mirror_hole_cov=0.0448 real_p1_eps=0.2261 real_p1_hole_frac=0.1784 real_p2_eps=0.0097 real_p2_hit=0.0000 real_total=0.2358 discr_adv=0.7972 x0_d_real=0.0004 x0_d_fake=-0.4118 g_grad_abs=1033.1774 d_grad_abs=8240.6026 synth_eps=0.3448 synth_eps_raw=0.3448 synth_x0_hit=1.0000 synth_x0_t=109.0000 synth_x0_ldif=0.0457 synth_x0_gen_adv=-0.4600 synth_x0_lfm=0.0039 synth_total=0.3524 extra_render_attn_share=0.5346
[step 9300] real_p1_mirror_hole_cov=0.0374 real_p1_eps=0.1207 real_p1_hole_frac=0.4500 real_p2_eps=0.2296 real_p2_hit=1.0000 real_p2_t=279.0000 real_p2_ldif=0.1374 real_p2_gen_adv=-0.1917 real_p2_lfm=0.0077 real_total=0.4839 discr_adv=1.2083 p2_d_real=-0.2221 p2_d_fake=0.1917 g_grad_abs=2260.0646 d_grad_abs=3797.4433 synth_eps=0.7253 synth_eps_raw=0.7253 synth_x0_hit=1.0000 synth_x0_t=15.0000 synth_x0_ldif=0.0104 synth_x0_gen_adv=0.5893 synth_x0_lfm=0.0014 synth_total=0.7974 extra_render_attn_share=0.5346
[step 9350] real_p1_mirror_hole_cov=0.0986 real_p1_eps=0.1027 real_p1_hole_frac=0.1162 real_p2_eps=0.2091 real_p2_hit=1.0000 real_p2_t=130.0000 real_p2_ldif=0.0353 real_p2_gen_adv=0.5008 real_p2_lfm=0.0042 real_total=0.4055 discr_adv=1.0070 p2_d_real=-0.5147 p2_d_fake=-0.5008 g_grad_abs=2123.0081 d_grad_abs=97.3453 synth_eps=0.0029 synth_eps_raw=0.0029 synth_x0_hit=0.0000 synth_total=0.0029 extra_render_attn_share=0.5346
[step 9400] real_p1_mirror_hole_cov=0.0024 real_p1_eps=0.0995 real_p1_hole_frac=0.0464 real_p2_eps=0.0504 real_p2_hit=0.0000 real_total=0.1500 synth_eps=0.0303 synth_eps_raw=0.0303 synth_x0_hit=0.0000 synth_total=0.0303 extra_render_attn_share=0.5346
[step 9450] real_p1_mirror_hole_cov=0.0017 real_p1_eps=0.1215 real_p1_hole_frac=0.2620 real_p2_eps=0.0154 real_p2_hit=0.0000 real_total=0.1369 discr_adv=0.9642 x0_d_real=-0.5494 x0_d_fake=-0.6210 g_grad_abs=904.7012 d_grad_abs=260.0343 synth_eps=0.1924 synth_eps_raw=0.1924 synth_x0_hit=1.0000 synth_x0_t=277.0000 synth_x0_ldif=0.1134 synth_x0_gen_adv=0.6296 synth_x0_lfm=0.0073 synth_total=0.3833 extra_render_attn_share=0.5346
[step 9500] real_p1_mirror_hole_cov=0.2157 real_p1_eps=0.1669 real_p1_hole_frac=0.2050 real_p2_eps=0.0552 real_p2_hit=0.0000 real_total=0.2222 synth_eps=0.0021 synth_eps_raw=0.0021 synth_x0_hit=0.0000 synth_total=0.0021 extra_render_attn_share=0.5346
[images] real: anchor | cond1 | cond2 | inv_warp_mirror | mask | mask_inv | warp_img | warp_warp_img | x | y_hat | y_hat_novel -> /home/xzy/warpgan-diffusiong-inpainting/warpgan-diffusion-inpainting-main/experiments/train_inpainting_diffusion/[20260914-030356]_v18w8_w5hf_100k/logs/images/train/real_step0009500.png
[images] synth: cond | mask | target | warp_img | x | y_hat_novel -> /home/xzy/warpgan-diffusiong-inpainting/warpgan-diffusion-inpainting-main/experiments/train_inpainting_diffusion/[20260914-030356]_v18w8_w5hf_100k/logs/images/train/synth_step0009500.png
[step 9550] real_p1_mirror_hole_cov=0.1135 real_p1_eps=0.1374 real_p1_hole_frac=0.3723 real_p2_eps=0.0019 real_p2_hit=0.0000 real_total=0.1393 synth_eps=0.1481 synth_eps_raw=0.1481 synth_x0_hit=0.0000 synth_total=0.1481 extra_render_attn_share=0.5346
[step 9600] real_p1_mirror_hole_cov=0.3806 real_p1_eps=0.1479 real_p1_hole_frac=0.1783 real_p2_eps=0.0025 real_p2_hit=0.0000 real_total=0.1504 discr_adv=0.8326 x0_d_real=-0.2148 x0_d_fake=-0.5685 g_grad_abs=816.1333 d_grad_abs=5725.8388 synth_eps=0.0459 synth_eps_raw=0.0459 synth_x0_hit=0.0000 synth_total=0.0459 extra_render_attn_share=0.5346
[step 9650] real_p1_mirror_hole_cov=0.1538 real_p1_eps=0.2267 real_p1_hole_frac=0.5632 real_p2_eps=0.1263 real_p2_hit=0.0000 real_total=0.3530 discr_adv=0.9205 x0_d_real=0.4272 x0_d_fake=0.2602 g_grad_abs=1308.6531 d_grad_abs=7572.0880 synth_eps=0.0016 synth_eps_raw=0.0016 synth_x0_hit=0.0000 synth_total=0.0016 extra_render_attn_share=0.5346
[step 9700] real_p1_mirror_hole_cov=0.0032 real_p1_eps=0.1316 real_p1_hole_frac=0.1766 real_p2_eps=0.0027 real_p2_hit=0.0000 real_total=0.1343 synth_eps=0.0163 synth_eps_raw=0.0163 synth_x0_hit=0.0000 synth_total=0.0163 extra_render_attn_share=0.5346
[step 9750] real_p1_mirror_hole_cov=0.1528 real_p1_eps=0.2307 real_p1_hole_frac=0.3453 real_p2_eps=0.0795 real_p2_hit=0.0000 real_total=0.3102 discr_adv=0.7571 x0_d_real=0.2374 x0_d_fake=-0.2488 g_grad_abs=1288.7999 d_grad_abs=3948.8938 synth_eps=0.0108 synth_eps_raw=0.0108 synth_x0_hit=0.0000 synth_total=0.0108 extra_render_attn_share=0.5346
[step 9800] real_p1_mirror_hole_cov=0.0104 real_p1_eps=0.0605 real_p1_hole_frac=0.1135 real_p2_eps=0.0091 real_p2_hit=0.0000 real_total=0.0696 discr_adv=0.9916 x0_d_real=-0.4078 x0_d_fake=-0.4269 g_grad_abs=706.1143 d_grad_abs=234.6956 synth_eps=0.5556 synth_eps_raw=0.5556 synth_x0_hit=1.0000 synth_x0_t=26.0000 synth_x0_ldif=0.0139 synth_x0_gen_adv=-0.8823 synth_x0_lfm=0.0025 synth_total=0.4862 extra_render_attn_share=0.5346
[step 9850] real_p1_mirror_hole_cov=0.0643 real_p1_eps=0.2166 real_p1_hole_frac=0.1901 real_p2_eps=0.0021 real_p2_hit=0.0000 real_total=0.2186 synth_eps=0.0982 synth_eps_raw=0.0982 synth_x0_hit=0.0000 synth_total=0.0982 extra_render_attn_share=0.5346
[step 9900] real_p1_mirror_hole_cov=0.0927 real_p1_eps=0.2282 real_p1_hole_frac=0.0553 real_p2_eps=0.0867 real_p2_hit=1.0000 real_p2_t=234.0000 real_p2_ldif=0.0372 real_p2_gen_adv=-0.2519 real_p2_lfm=0.0032 real_total=0.3334 discr_adv=1.0376 p2_d_real=0.1802 p2_d_fake=0.2519 g_grad_abs=1389.8802 d_grad_abs=461.6273 synth_eps=0.2367 synth_eps_raw=0.2367 synth_x0_hit=1.0000 synth_x0_t=278.0000 synth_x0_ldif=0.1406 synth_x0_gen_adv=-0.2742 synth_x0_lfm=0.0092 synth_total=0.3682 extra_render_attn_share=0.5346
[step 9950] real_p1_mirror_hole_cov=0.0901 real_p1_eps=0.2089 real_p1_hole_frac=0.4768 real_p2_eps=0.0236 real_p2_hit=0.0000 real_total=0.2325 synth_eps=0.0029 synth_eps_raw=0.0029 synth_x0_hit=0.0000 synth_total=0.0029 extra_render_attn_share=0.5346
[ckpt] saved /home/xzy/warpgan-diffusiong-inpainting/warpgan-diffusion-inpainting-main/experiments/train_inpainting_diffusion/[20260914-030356]_v18w8_w5hf_100k/checkpoints/iteration_0009999.pt
[val step 9999] val_novel_full=0.0287 val_novel_hole=0.0313 val_novel_visible=0.0281
[step 10000] real_p1_mirror_hole_cov=0.1206 real_p1_eps=0.1378 real_p1_hole_frac=0.1509 real_p2_eps=0.0333 real_p2_hit=0.0000 real_total=0.1711 synth_eps=0.3152 synth_eps_raw=0.3152 synth_x0_hit=1.0000 synth_x0_t=192.0000 synth_x0_ldif=0.0963 synth_x0_gen_adv=-0.6465 synth_x0_lfm=0.0064 synth_total=0.3598 extra_render_attn_share=0.5410
[images] real: anchor | cond1 | cond2 | inv_warp_mirror | mask | mask_inv | warp_img | warp_warp_img | x | y_hat | y_hat_novel -> /home/xzy/warpgan-diffusiong-inpainting/warpgan-diffusion-inpainting-main/experiments/train_inpainting_diffusion/[20260914-030356]_v18w8_w5hf_100k/logs/images/train/real_step0010000.png
[images] synth: cond | mask | target | warp_img | x | y_hat_novel -> /home/xzy/warpgan-diffusiong-inpainting/warpgan-diffusion-inpainting-main/experiments/train_inpainting_diffusion/[20260914-030356]_v18w8_w5hf_100k/logs/images/train/synth_step0010000.png
[step 10050] real_p1_mirror_hole_cov=0.0436 real_p1_eps=0.1319 real_p1_hole_frac=0.1551 real_p2_eps=0.0058 real_p2_hit=0.0000 real_total=0.1376 synth_eps=0.0018 synth_eps_raw=0.0018 synth_x0_hit=0.0000 synth_total=0.0018 extra_render_attn_share=0.5410
[step 10100] real_p1_mirror_hole_cov=0.1151 real_p1_eps=0.1483 real_p1_hole_frac=0.2898 real_p2_eps=0.3916 real_p2_hit=1.0000 real_p2_t=54.0000 real_p2_ldif=0.0218 real_p2_gen_adv=-0.3297 real_p2_lfm=0.0021 real_total=0.5329 discr_adv=0.9992 p2_d_real=0.3313 p2_d_fake=0.3297 g_grad_abs=1624.2986 d_grad_abs=19.9864 synth_eps=0.6238 synth_eps_raw=0.6238 synth_x0_hit=1.0000 synth_x0_t=23.0000 synth_x0_ldif=0.0137 synth_x0_gen_adv=-0.3230 synth_x0_lfm=0.0018 synth_total=0.6087 extra_render_attn_share=0.5410
[step 10150] real_p1_mirror_hole_cov=0.0294 real_p1_eps=0.1924 real_p1_hole_frac=0.0749 real_p2_eps=0.0059 real_p2_hit=0.0000 real_total=0.1982 synth_eps=0.0107 synth_eps_raw=0.0107 synth_x0_hit=0.0000 synth_total=0.0107 extra_render_attn_share=0.5410
[step 10200] real_p1_mirror_hole_cov=0.0881 real_p1_eps=0.1956 real_p1_hole_frac=0.1903 real_p2_eps=0.0928 real_p2_hit=0.0000 real_total=0.2885 discr_adv=0.9305 x0_d_real=0.5673 x0_d_fake=0.4282 g_grad_abs=1132.2693 d_grad_abs=956.9299 synth_eps=0.0648 synth_eps_raw=0.0648 synth_x0_hit=0.0000 synth_total=0.0648 extra_render_attn_share=0.5410
[step 10250] real_p1_mirror_hole_cov=0.1354 real_p1_eps=0.1363 real_p1_hole_frac=0.2320 real_p2_eps=0.1662 real_p2_hit=1.0000 real_p2_t=204.0000 real_p2_ldif=0.0562 real_p2_gen_adv=-0.0221 real_p2_lfm=0.0053 real_total=0.3671 discr_adv=0.9418 p2_d_real=0.1388 p2_d_fake=0.0221 g_grad_abs=1575.9399 d_grad_abs=746.7400 synth_eps=0.0311 synth_eps_raw=0.0311 synth_x0_hit=0.0000 synth_total=0.0311 extra_render_attn_share=0.5410
[step 10300] real_p1_mirror_hole_cov=0.1610 real_p1_eps=0.2463 real_p1_hole_frac=0.0767 real_p2_eps=0.0033 real_p2_hit=0.0000 real_total=0.2496 discr_adv=0.7743 x0_d_real=0.1268 x0_d_fake=-0.3257 g_grad_abs=1180.3062 d_grad_abs=3127.5862 synth_eps=0.0019 synth_eps_raw=0.0019 synth_x0_hit=0.0000 synth_total=0.0019 extra_render_attn_share=0.5410
[step 10350] real_p1_mirror_hole_cov=0.1962 real_p1_eps=0.2420 real_p1_hole_frac=0.3654 real_p2_eps=0.0191 real_p2_hit=0.0000 real_total=0.2612 synth_eps=0.1198 synth_eps_raw=0.1198 synth_x0_hit=0.0000 synth_total=0.1198 extra_render_attn_share=0.5410
[step 10400] real_p1_mirror_hole_cov=0.1672 real_p1_eps=0.2536 real_p1_hole_frac=0.1939 real_p2_eps=0.0014 real_p2_hit=0.0000 real_total=0.2549 synth_eps=0.0017 synth_eps_raw=0.0017 synth_x0_hit=0.0000 synth_total=0.0017 extra_render_attn_share=0.5410
[step 10450] real_p1_mirror_hole_cov=0.0155 real_p1_eps=0.0884 real_p1_hole_frac=0.2976 real_p2_eps=0.0197 real_p2_hit=0.0000 real_total=0.1082 synth_eps=0.0589 synth_eps_raw=0.0589 synth_x0_hit=0.0000 synth_total=0.0589 extra_render_attn_share=0.5410
[step 10500] real_p1_mirror_hole_cov=0.0626 real_p1_eps=0.1431 real_p1_hole_frac=0.2202 real_p2_eps=0.0211 real_p2_hit=0.0000 real_total=0.1642 synth_eps=0.1028 synth_eps_raw=0.1028 synth_x0_hit=0.0000 synth_total=0.1028 extra_render_attn_share=0.5410
[images] real: anchor | cond1 | cond2 | inv_warp_mirror | mask | mask_inv | warp_img | warp_warp_img | x | y_hat | y_hat_novel -> /home/xzy/warpgan-diffusiong-inpainting/warpgan-diffusion-inpainting-main/experiments/train_inpainting_diffusion/[20260914-030356]_v18w8_w5hf_100k/logs/images/train/real_step0010500.png
[images] synth: cond | mask | target | warp_img | x | y_hat_novel -> /home/xzy/warpgan-diffusiong-inpainting/warpgan-diffusion-inpainting-main/experiments/train_inpainting_diffusion/[20260914-030356]_v18w8_w5hf_100k/logs/images/train/synth_step0010500.png
[step 10550] real_p1_mirror_hole_cov=0.2702 real_p1_eps=0.1834 real_p1_hole_frac=0.3791 real_p2_eps=0.1634 real_p2_hit=1.0000 real_p2_t=248.0000 real_p2_ldif=0.0779 real_p2_gen_adv=-0.1942 real_p2_lfm=0.0064 real_total=0.4181 discr_adv=0.7779 p2_d_real=0.6428 p2_d_fake=0.1942 g_grad_abs=2137.3406 d_grad_abs=2228.6218 synth_eps=0.1179 synth_eps_raw=0.1179 synth_x0_hit=0.0000 synth_total=0.1179 extra_render_attn_share=0.5410
[step 10600] real_p1_mirror_hole_cov=0.1023 real_p1_eps=0.2171 real_p1_hole_frac=0.1614 real_p2_eps=0.1312 real_p2_hit=0.0000 real_total=0.3483 synth_eps=0.1532 synth_eps_raw=0.1532 synth_x0_hit=0.0000 synth_total=0.1532 extra_render_attn_share=0.5410
[step 10650] real_p1_mirror_hole_cov=0.1852 real_p1_eps=0.0746 real_p1_hole_frac=0.0366 real_p2_eps=0.0023 real_p2_hit=0.0000 real_total=0.0769 synth_eps=0.0956 synth_eps_raw=0.0956 synth_x0_hit=0.0000 synth_total=0.0956 extra_render_attn_share=0.5410
[step 10700] real_p1_mirror_hole_cov=0.0547 real_p1_eps=0.1420 real_p1_hole_frac=0.3635 real_p2_eps=0.0275 real_p2_hit=0.0000 real_total=0.1695 synth_eps=0.0209 synth_eps_raw=0.0209 synth_x0_hit=0.0000 synth_total=0.0209 extra_render_attn_share=0.5410
[step 10750] real_p1_mirror_hole_cov=0.0087 real_p1_eps=0.0333 real_p1_hole_frac=0.0569 real_p2_eps=0.0032 real_p2_hit=0.0000 real_total=0.0364 synth_eps=0.0301 synth_eps_raw=0.0301 synth_x0_hit=0.0000 synth_total=0.0301 extra_render_attn_share=0.5410
[step 10800] real_p1_mirror_hole_cov=0.0357 real_p1_eps=0.3898 real_p1_hole_frac=0.6157 real_p2_eps=0.0843 real_p2_hit=0.0000 real_total=0.4741 synth_eps=0.0731 synth_eps_raw=0.0731 synth_x0_hit=0.0000 synth_total=0.0731 extra_render_attn_share=0.5410
[step 10850] real_p1_mirror_hole_cov=0.0234 real_p1_eps=0.1590 real_p1_hole_frac=0.0815 real_p2_eps=0.0976 real_p2_hit=1.0000 real_p2_t=271.0000 real_p2_ldif=0.0551 real_p2_gen_adv=0.4953 real_p2_lfm=0.0045 real_total=0.3702 discr_adv=0.9916 p2_d_real=-0.4784 p2_d_fake=-0.4953 g_grad_abs=1591.9986 d_grad_abs=118.1012 synth_eps=0.1931 synth_eps_raw=0.1931 synth_x0_hit=1.0000 synth_x0_t=283.0000 synth_x0_ldif=0.1188 synth_x0_gen_adv=0.4955 synth_x0_lfm=0.0078 synth_total=0.3769 extra_render_attn_share=0.5410
[step 10900] real_p1_mirror_hole_cov=0.0761 real_p1_eps=0.2028 real_p1_hole_frac=0.2249 real_p2_eps=0.0024 real_p2_hit=0.0000 real_total=0.2052 discr_adv=0.9760 x0_d_real=-0.4623 x0_d_fake=-0.5103 g_grad_abs=975.7784 d_grad_abs=217.4246 synth_eps=0.2497 synth_eps_raw=0.2497 synth_x0_hit=1.0000 synth_x0_t=179.0000 synth_x0_ldif=0.0681 synth_x0_gen_adv=0.7852 synth_x0_lfm=0.0038 synth_total=0.4039 extra_render_attn_share=0.5410
[step 10950] real_p1_mirror_hole_cov=0.1219 real_p1_eps=0.0712 real_p1_hole_frac=0.1202 real_p2_eps=0.0678 real_p2_hit=0.0000 real_total=0.1390 synth_eps=0.0026 synth_eps_raw=0.0026 synth_x0_hit=0.0000 synth_total=0.0026 extra_render_attn_share=0.5410
[step 11000] real_p1_mirror_hole_cov=0.1590 real_p1_eps=0.1200 real_p1_hole_frac=0.3894 real_p2_eps=0.0248 real_p2_hit=0.0000 real_total=0.1449 discr_adv=0.9744 x0_d_real=-0.6967 x0_d_fake=-0.8148 g_grad_abs=659.5152 d_grad_abs=1840.0857 synth_eps=0.0249 synth_eps_raw=0.0249 synth_x0_hit=0.0000 synth_total=0.0249 extra_render_attn_share=0.5410
[images] real: anchor | cond1 | cond2 | inv_warp_mirror | mask | mask_inv | warp_img | warp_warp_img | x | y_hat | y_hat_novel -> /home/xzy/warpgan-diffusiong-inpainting/warpgan-diffusion-inpainting-main/experiments/train_inpainting_diffusion/[20260914-030356]_v18w8_w5hf_100k/logs/images/train/real_step0011000.png
[images] synth: cond | mask | target | warp_img | x | y_hat_novel -> /home/xzy/warpgan-diffusiong-inpainting/warpgan-diffusion-inpainting-main/experiments/train_inpainting_diffusion/[20260914-030356]_v18w8_w5hf_100k/logs/images/train/synth_step0011000.png
[step 11050] real_p1_mirror_hole_cov=0.0256 real_p1_eps=0.2875 real_p1_hole_frac=0.4856 real_p2_eps=0.6263 real_p2_hit=1.0000 real_p2_t=28.0000 real_p2_ldif=0.0169 real_p2_gen_adv=-0.7438 real_p2_lfm=0.0025 real_total=0.8612 discr_adv=0.9767 p2_d_real=0.7905 p2_d_fake=0.7438 g_grad_abs=1574.4057 d_grad_abs=551.1127 synth_eps=0.0905 synth_eps_raw=0.0905 synth_x0_hit=0.0000 synth_total=0.0905 extra_render_attn_share=0.5410
[step 11100] real_p1_mirror_hole_cov=0.0332 real_p1_eps=0.3959 real_p1_hole_frac=0.0888 real_p2_eps=0.1415 real_p2_hit=1.0000 real_p2_t=147.0000 real_p2_ldif=0.0286 real_p2_gen_adv=-0.6703 real_p2_lfm=0.0022 real_total=0.5032 discr_adv=1.8919 x0_d_real=0.7110 x0_d_fake=0.5351 p2_d_real=0.7107 p2_d_fake=0.6703 g_grad_abs=1895.8505 d_grad_abs=1433.8345 synth_eps=0.2262 synth_eps_raw=0.2262 synth_x0_hit=1.0000 synth_x0_t=207.0000 synth_x0_ldif=0.0783 synth_x0_gen_adv=-0.2865 synth_x0_lfm=0.0047 synth_total=0.2853 extra_render_attn_share=0.5410
[step 11150] real_p1_mirror_hole_cov=0.1903 real_p1_eps=0.0217 real_p1_hole_frac=0.0141 real_p2_eps=0.0382 real_p2_hit=0.0000 real_total=0.0599 synth_eps=0.0226 synth_eps_raw=0.0226 synth_x0_hit=0.0000 synth_total=0.0226 extra_render_attn_share=0.5410
[step 11200] real_p1_mirror_hole_cov=0.0843 real_p1_eps=0.2075 real_p1_hole_frac=0.3343 real_p2_eps=0.0109 real_p2_hit=0.0000 real_total=0.2185 synth_eps=0.3463 synth_eps_raw=0.3463 synth_x0_hit=1.0000 synth_x0_t=131.0000 synth_x0_ldif=0.0592 synth_x0_gen_adv=0.4797 synth_x0_lfm=0.0054 synth_total=0.4643 extra_render_attn_share=0.5410
[step 11250] real_p1_mirror_hole_cov=0.0322 real_p1_eps=0.2875 real_p1_hole_frac=0.2303 real_p2_eps=0.0308 real_p2_hit=0.0000 real_total=0.3183 synth_eps=0.0307 synth_eps_raw=0.0307 synth_x0_hit=0.0000 synth_total=0.0307 extra_render_attn_share=0.5410
[step 11300] real_p1_mirror_hole_cov=0.1030 real_p1_eps=0.1201 real_p1_hole_frac=0.3273 real_p2_eps=0.0245 real_p2_hit=0.0000 real_total=0.1446 synth_eps=0.0336 synth_eps_raw=0.0336 synth_x0_hit=0.0000 synth_total=0.0336 extra_render_attn_share=0.5410
[step 11350] real_p1_mirror_hole_cov=0.1675 real_p1_eps=0.1681 real_p1_hole_frac=0.6130 real_p2_eps=0.0030 real_p2_hit=0.0000 real_total=0.1710 discr_adv=0.9072 x0_d_real=0.7236 x0_d_fake=0.5380 g_grad_abs=907.2804 d_grad_abs=1031.4131 synth_eps=0.0025 synth_eps_raw=0.0025 synth_x0_hit=0.0000 synth_total=0.0025 extra_render_attn_share=0.5410
[step 11400] real_p1_mirror_hole_cov=0.2589 real_p1_eps=0.1471 real_p1_hole_frac=0.3128 real_p2_eps=0.1246 real_p2_hit=0.0000 real_total=0.2717 synth_eps=0.2726 synth_eps_raw=0.2726 synth_x0_hit=1.0000 synth_x0_t=186.0000 synth_x0_ldif=0.0791 synth_x0_gen_adv=-0.5736 synth_x0_lfm=0.0071 synth_total=0.3086 extra_render_attn_share=0.5410
[step 11450] real_p1_mirror_hole_cov=0.1074 real_p1_eps=0.2283 real_p1_hole_frac=0.4615 real_p2_eps=0.6074 real_p2_hit=1.0000 real_p2_t=21.0000 real_p2_ldif=0.0122 real_p2_gen_adv=-0.5410 real_p2_lfm=0.0015 real_total=0.7967 discr_adv=1.0071 p2_d_real=0.5269 p2_d_fake=0.5410 g_grad_abs=1813.1386 d_grad_abs=139.7223 synth_eps=0.0227 synth_eps_raw=0.0227 synth_x0_hit=0.0000 synth_total=0.0227 extra_render_attn_share=0.5410
[step 11500] real_p1_mirror_hole_cov=0.0004 real_p1_eps=0.0836 real_p1_hole_frac=0.1017 real_p2_eps=0.0032 real_p2_hit=0.0000 real_total=0.0868 synth_eps=0.0016 synth_eps_raw=0.0016 synth_x0_hit=0.0000 synth_total=0.0016 extra_render_attn_share=0.5410
[images] real: anchor | cond1 | cond2 | inv_warp_mirror | mask | mask_inv | warp_img | warp_warp_img | x | y_hat | y_hat_novel -> /home/xzy/warpgan-diffusiong-inpainting/warpgan-diffusion-inpainting-main/experiments/train_inpainting_diffusion/[20260914-030356]_v18w8_w5hf_100k/logs/images/train/real_step0011500.png
[images] synth: cond | mask | target | warp_img | x | y_hat_novel -> /home/xzy/warpgan-diffusiong-inpainting/warpgan-diffusion-inpainting-main/experiments/train_inpainting_diffusion/[20260914-030356]_v18w8_w5hf_100k/logs/images/train/synth_step0011500.png
[step 11550] real_p1_mirror_hole_cov=0.1794 real_p1_eps=0.1234 real_p1_hole_frac=0.2236 real_p2_eps=0.1824 real_p2_hit=1.0000 real_p2_t=192.0000 real_p2_ldif=0.0557 real_p2_gen_adv=-0.5219 real_p2_lfm=0.0046 real_total=0.3184 discr_adv=0.9780 p2_d_real=0.5660 p2_d_fake=0.5219 g_grad_abs=1469.3768 d_grad_abs=291.1799 synth_eps=0.0015 synth_eps_raw=0.0015 synth_x0_hit=0.0000 synth_total=0.0015 extra_render_attn_share=0.5410
[step 11600] real_p1_mirror_hole_cov=0.3170 real_p1_eps=0.2115 real_p1_hole_frac=0.2814 real_p2_eps=0.1286 real_p2_hit=0.0000 real_total=0.3400 synth_eps=0.1914 synth_eps_raw=0.1914 synth_x0_hit=0.0000 synth_total=0.1914 extra_render_attn_share=0.5410
[step 11650] real_p1_mirror_hole_cov=0.1806 real_p1_eps=0.6622 real_p1_hole_frac=0.5778 real_p2_eps=0.7289 real_p2_hit=1.0000 real_p2_t=15.0000 real_p2_ldif=0.0104 real_p2_gen_adv=0.4573 real_p2_lfm=0.0008 real_total=1.4490 discr_adv=0.9903 p2_d_real=-0.4379 p2_d_fake=-0.4573 g_grad_abs=1642.8577 d_grad_abs=62.9784 synth_eps=0.1415 synth_eps_raw=0.1415 synth_x0_hit=0.0000 synth_total=0.1415 extra_render_attn_share=0.5410
[step 11700] real_p1_mirror_hole_cov=0.0735 real_p1_eps=0.2378 real_p1_hole_frac=0.1528 real_p2_eps=0.0143 real_p2_hit=0.0000 real_total=0.2521 synth_eps=0.1072 synth_eps_raw=0.1072 synth_x0_hit=0.0000 synth_total=0.1072 extra_render_attn_share=0.5410
[step 11750] real_p1_mirror_hole_cov=0.1473 real_p1_eps=0.0448 real_p1_hole_frac=0.0423 real_p2_eps=0.0156 real_p2_hit=0.0000 real_total=0.0604 synth_eps=0.5206 synth_eps_raw=0.5206 synth_x0_hit=1.0000 synth_x0_t=40.0000 synth_x0_ldif=0.0206 synth_x0_gen_adv=-0.1977 synth_x0_lfm=0.0022 synth_total=0.5259 extra_render_attn_share=0.5410
[step 11800] real_p1_mirror_hole_cov=0.0693 real_p1_eps=0.1449 real_p1_hole_frac=0.3912 real_p2_eps=0.3120 real_p2_hit=1.0000 real_p2_t=101.0000 real_p2_ldif=0.0374 real_p2_gen_adv=-0.2030 real_p2_lfm=0.0026 real_total=0.4792 discr_adv=0.9679 p2_d_real=0.2672 p2_d_fake=0.2030 g_grad_abs=1428.1797 d_grad_abs=303.2122 synth_eps=0.1664 synth_eps_raw=0.1664 synth_x0_hit=1.0000 synth_x0_t=258.0000 synth_x0_ldif=0.0855 synth_x0_gen_adv=0.0911 synth_x0_lfm=0.0059 synth_total=0.2728 extra_render_attn_share=0.5410
[step 11850] real_p1_mirror_hole_cov=0.1276 real_p1_eps=0.1819 real_p1_hole_frac=0.4286 real_p2_eps=0.0315 real_p2_hit=0.0000 real_total=0.2133 synth_eps=0.0087 synth_eps_raw=0.0087 synth_x0_hit=0.0000 synth_total=0.0087 extra_render_attn_share=0.5410
[step 11900] real_p1_mirror_hole_cov=0.1855 real_p1_eps=0.4506 real_p1_hole_frac=0.4688 real_p2_eps=0.4112 real_p2_hit=1.0000 real_p2_t=63.0000 real_p2_ldif=0.0274 real_p2_gen_adv=-0.6423 real_p2_lfm=0.0025 real_total=0.8299 discr_adv=1.9735 x0_d_real=0.1736 x0_d_fake=0.1513 p2_d_real=0.6735 p2_d_fake=0.6423 g_grad_abs=1714.3616 d_grad_abs=376.2551 synth_eps=0.0119 synth_eps_raw=0.0119 synth_x0_hit=0.0000 synth_total=0.0119 extra_render_attn_share=0.5410
[step 11950] real_p1_mirror_hole_cov=0.0729 real_p1_eps=0.2669 real_p1_hole_frac=0.0665 real_p2_eps=0.5251 real_p2_hit=1.0000 real_p2_t=11.0000 real_p2_ldif=0.0056 real_p2_gen_adv=-0.5847 real_p2_lfm=0.0010 real_total=0.7410 discr_adv=1.9512 x0_d_real=0.6384 x0_d_fake=0.5412 p2_d_real=0.5852 p2_d_fake=0.5847 g_grad_abs=2001.3048 d_grad_abs=1260.8312 synth_eps=0.0720 synth_eps_raw=0.0720 synth_x0_hit=0.0000 synth_total=0.0720 extra_render_attn_share=0.5410
[val step 11999] val_novel_full=0.0323 val_novel_hole=0.0359 val_novel_visible=0.0307
[step 12000] real_p1_mirror_hole_cov=0.1581 real_p1_eps=0.1504 real_p1_hole_frac=0.4431 real_p2_eps=0.0836 real_p2_hit=0.0000 real_total=0.2339 synth_eps=0.0039 synth_eps_raw=0.0039 synth_x0_hit=0.0000 synth_total=0.0039 extra_render_attn_share=0.5472
[images] real: anchor | cond1 | cond2 | inv_warp_mirror | mask | mask_inv | warp_img | warp_warp_img | x | y_hat | y_hat_novel -> /home/xzy/warpgan-diffusiong-inpainting/warpgan-diffusion-inpainting-main/experiments/train_inpainting_diffusion/[20260914-030356]_v18w8_w5hf_100k/logs/images/train/real_step0012000.png
[images] synth: cond | mask | target | warp_img | x | y_hat_novel -> /home/xzy/warpgan-diffusiong-inpainting/warpgan-diffusion-inpainting-main/experiments/train_inpainting_diffusion/[20260914-030356]_v18w8_w5hf_100k/logs/images/train/synth_step0012000.png
[step 12050] real_p1_mirror_hole_cov=0.1944 real_p1_eps=0.1189 real_p1_hole_frac=0.0889 real_p2_eps=0.1334 real_p2_hit=1.0000 real_p2_t=136.0000 real_p2_ldif=0.0240 real_p2_gen_adv=-0.0867 real_p2_lfm=0.0033 real_total=0.2741 discr_adv=1.8799 x0_d_real=0.2763 x0_d_fake=0.0412 p2_d_real=0.0919 p2_d_fake=0.0867 g_grad_abs=1276.1627 d_grad_abs=1771.8595 synth_eps=0.0139 synth_eps_raw=0.0139 synth_x0_hit=0.0000 synth_total=0.0139 extra_render_attn_share=0.5472
[step 12100] real_p1_mirror_hole_cov=0.1250 real_p1_eps=0.6573 real_p1_hole_frac=0.4299 real_p2_eps=0.0019 real_p2_hit=0.0000 real_total=0.6592 discr_adv=1.1034 x0_d_real=-0.5277 x0_d_fake=-0.3208 g_grad_abs=1458.4598 d_grad_abs=843.6336 synth_eps=0.0021 synth_eps_raw=0.0021 synth_x0_hit=0.0000 synth_total=0.0021 extra_render_attn_share=0.5472
[step 12150] real_p1_mirror_hole_cov=0.0464 real_p1_eps=0.2894 real_p1_hole_frac=0.3609 real_p2_eps=0.2949 real_p2_hit=1.0000 real_p2_t=114.0000 real_p2_ldif=0.0416 real_p2_gen_adv=0.5492 real_p2_lfm=0.0028 real_total=0.6865 discr_adv=0.9538 p2_d_real=-0.4568 p2_d_fake=-0.5492 g_grad_abs=1526.2056 d_grad_abs=320.7862 synth_eps=0.4065 synth_eps_raw=0.4065 synth_x0_hit=1.0000 synth_x0_t=85.0000 synth_x0_ldif=0.0390 synth_x0_gen_adv=0.5733 synth_x0_lfm=0.0044 synth_total=0.5117 extra_render_attn_share=0.5472
[step 12200] real_p1_mirror_hole_cov=0.0958 real_p1_eps=0.6935 real_p1_hole_frac=0.3320 real_p2_eps=0.1465 real_p2_hit=0.0000 real_total=0.8400 synth_eps=0.1216 synth_eps_raw=0.1216 synth_x0_hit=0.0000 synth_total=0.1216 extra_render_attn_share=0.5472
[step 12250] real_p1_mirror_hole_cov=0.3986 real_p1_eps=0.4931 real_p1_hole_frac=0.2447 real_p2_eps=0.0016 real_p2_hit=0.0000 real_total=0.4947 synth_eps=0.2145 synth_eps_raw=0.2145 synth_x0_hit=1.0000 synth_x0_t=243.0000 synth_x0_ldif=0.0985 synth_x0_gen_adv=-0.3826 synth_x0_lfm=0.0053 synth_total=0.2853 extra_render_attn_share=0.5472
[step 12300] real_p1_mirror_hole_cov=0.0113 real_p1_eps=0.2515 real_p1_hole_frac=0.0188 real_p2_eps=0.0303 real_p2_hit=0.0000 real_total=0.2818 discr_adv=0.9227 x0_d_real=-0.1954 x0_d_fake=-0.3501 g_grad_abs=1573.0677 d_grad_abs=718.4180 synth_eps=0.0478 synth_eps_raw=0.0478 synth_x0_hit=0.0000 synth_total=0.0478 extra_render_attn_share=0.5472
[step 12350] real_p1_mirror_hole_cov=0.1797 real_p1_eps=0.1089 real_p1_hole_frac=0.3726 real_p2_eps=0.0239 real_p2_hit=0.0000 real_total=0.1328 synth_eps=0.0085 synth_eps_raw=0.0085 synth_x0_hit=0.0000 synth_total=0.0085 extra_render_attn_share=0.5472
[step 12400] real_p1_mirror_hole_cov=0.1317 real_p1_eps=0.2364 real_p1_hole_frac=0.3755 real_p2_eps=0.0016 real_p2_hit=0.0000 real_total=0.2380 discr_adv=1.0264 x0_d_real=0.3215 x0_d_fake=0.3744 g_grad_abs=1165.4041 d_grad_abs=520.8494 synth_eps=0.3327 synth_eps_raw=0.3327 synth_x0_hit=1.0000 synth_x0_t=161.0000 synth_x0_ldif=0.0770 synth_x0_gen_adv=-0.6907 synth_x0_lfm=0.0066 synth_total=0.3538 extra_render_attn_share=0.5472
[step 12450] real_p1_mirror_hole_cov=0.2461 real_p1_eps=0.2911 real_p1_hole_frac=0.3696 real_p2_eps=0.0220 real_p2_hit=0.0000 real_total=0.3130 discr_adv=0.9612 x0_d_real=-0.0632 x0_d_fake=-0.1409 g_grad_abs=1243.1138 d_grad_abs=257.8444 synth_eps=0.0761 synth_eps_raw=0.0761 synth_x0_hit=0.0000 synth_total=0.0761 extra_render_attn_share=0.5472
[step 12500] real_p1_mirror_hole_cov=0.0250 real_p1_eps=0.0692 real_p1_hole_frac=0.0805 real_p2_eps=0.0784 real_p2_hit=1.0000 real_p2_t=291.0000 real_p2_ldif=0.0510 real_p2_gen_adv=-0.4913 real_p2_lfm=0.0049 real_total=0.1592 discr_adv=1.1937 p2_d_real=0.1040 p2_d_fake=0.4913 g_grad_abs=1487.3019 d_grad_abs=2158.6503 synth_eps=0.4692 synth_eps_raw=0.4692 synth_x0_hit=1.0000 synth_x0_t=61.0000 synth_x0_ldif=0.0301 synth_x0_gen_adv=0.0348 synth_x0_lfm=0.0027 synth_total=0.5080 extra_render_attn_share=0.5472
[images] real: anchor | cond1 | cond2 | inv_warp_mirror | mask | mask_inv | warp_img | warp_warp_img | x | y_hat | y_hat_novel -> /home/xzy/warpgan-diffusiong-inpainting/warpgan-diffusion-inpainting-main/experiments/train_inpainting_diffusion/[20260914-030356]_v18w8_w5hf_100k/logs/images/train/real_step0012500.png
[images] synth: cond | mask | target | warp_img | x | y_hat_novel -> /home/xzy/warpgan-diffusiong-inpainting/warpgan-diffusion-inpainting-main/experiments/train_inpainting_diffusion/[20260914-030356]_v18w8_w5hf_100k/logs/images/train/synth_step0012500.png
[step 12550] real_p1_mirror_hole_cov=0.0429 real_p1_eps=0.1219 real_p1_hole_frac=0.0979 real_p2_eps=0.2353 real_p2_hit=1.0000 real_p2_t=88.0000 real_p2_ldif=0.0236 real_p2_gen_adv=-0.3104 real_p2_lfm=0.0022 real_total=0.3541 discr_adv=0.9892 p2_d_real=0.3319 p2_d_fake=0.3104 g_grad_abs=1372.2778 d_grad_abs=84.5038 synth_eps=0.0036 synth_eps_raw=0.0036 synth_x0_hit=0.0000 synth_total=0.0036 extra_render_attn_share=0.5472
[step 12600] real_p1_mirror_hole_cov=0.1734 real_p1_eps=0.2553 real_p1_hole_frac=0.5463 real_p2_eps=0.0497 real_p2_hit=0.0000 real_total=0.3050 synth_eps=0.1090 synth_eps_raw=0.1090 synth_x0_hit=0.0000 synth_total=0.1090 extra_render_attn_share=0.5472
[step 12650] real_p1_mirror_hole_cov=0.0753 real_p1_eps=0.1181 real_p1_hole_frac=0.5500 real_p2_eps=0.8868 real_p2_hit=1.0000 real_p2_t=2.0000 real_p2_ldif=0.0023 real_p2_gen_adv=-0.2114 real_p2_lfm=0.0003 real_total=0.9867 discr_adv=0.9901 p2_d_real=0.2319 p2_d_fake=0.2114 g_grad_abs=1066.9923 d_grad_abs=299.5857 synth_eps=0.0154 synth_eps_raw=0.0154 synth_x0_hit=0.0000 synth_total=0.0154 extra_render_attn_share=0.5472
[step 12700] real_p1_mirror_hole_cov=0.0196 real_p1_eps=0.1959 real_p1_hole_frac=0.1926 real_p2_eps=0.0019 real_p2_hit=0.0000 real_total=0.1978 synth_eps=0.0095 synth_eps_raw=0.0095 synth_x0_hit=0.0000 synth_total=0.0095 extra_render_attn_share=0.5472
[step 12750] real_p1_mirror_hole_cov=0.4494 real_p1_eps=0.3933 real_p1_hole_frac=0.2734 real_p2_eps=0.0279 real_p2_hit=0.0000 real_total=0.4212 synth_eps=0.6396 synth_eps_raw=0.6396 synth_x0_hit=1.0000 synth_x0_t=50.0000 synth_x0_ldif=0.0325 synth_x0_gen_adv=0.0897 synth_x0_lfm=0.0025 synth_total=0.6861 extra_render_attn_share=0.5472
[step 12800] real_p1_mirror_hole_cov=0.0181 real_p1_eps=0.1360 real_p1_hole_frac=0.3890 real_p2_eps=0.2049 real_p2_hit=1.0000 real_p2_t=159.0000 real_p2_ldif=0.0465 real_p2_gen_adv=0.1828 real_p2_lfm=0.0037 real_total=0.4131 discr_adv=1.9065 x0_d_real=-0.0350 x0_d_fake=-0.1843 p2_d_real=-0.1452 p2_d_fake=-0.1828 g_grad_abs=1480.0908 d_grad_abs=881.7550 synth_eps=0.0086 synth_eps_raw=0.0086 synth_x0_hit=0.0000 synth_total=0.0086 extra_render_attn_share=0.5472
[step 12850] real_p1_mirror_hole_cov=0.1909 real_p1_eps=0.1916 real_p1_hole_frac=0.2896 real_p2_eps=0.0426 real_p2_hit=0.0000 real_total=0.2342 discr_adv=0.9967 x0_d_real=-0.8772 x0_d_fake=-0.9085 g_grad_abs=1071.1581 d_grad_abs=686.6151 synth_eps=0.0912 synth_eps_raw=0.0912 synth_x0_hit=0.0000 synth_total=0.0912 extra_render_attn_share=0.5472
[step 12900] real_p1_mirror_hole_cov=0.1774 real_p1_eps=0.1929 real_p1_hole_frac=0.1852 real_p2_eps=0.0249 real_p2_hit=0.0000 real_total=0.2178 discr_adv=0.7113 x0_d_real=0.2631 x0_d_fake=-0.3173 g_grad_abs=948.4478 d_grad_abs=3109.5114 synth_eps=0.5416 synth_eps_raw=0.5416 synth_x0_hit=1.0000 synth_x0_t=48.0000 synth_x0_ldif=0.0263 synth_x0_gen_adv=0.6124 synth_x0_lfm=0.0039 synth_total=0.6370 extra_render_attn_share=0.5472
[step 12950] real_p1_mirror_hole_cov=0.0384 real_p1_eps=0.1703 real_p1_hole_frac=0.0919 real_p2_eps=0.0491 real_p2_hit=0.0000 real_total=0.2194 synth_eps=0.2182 synth_eps_raw=0.2182 synth_x0_hit=1.0000 synth_x0_t=247.0000 synth_x0_ldif=0.1033 synth_x0_gen_adv=-0.3591 synth_x0_lfm=0.0083 synth_total=0.3022 extra_render_attn_share=0.5472
[step 13000] real_p1_mirror_hole_cov=0.0165 real_p1_eps=0.0838 real_p1_hole_frac=0.3965 real_p2_eps=0.0376 real_p2_hit=0.0000 real_total=0.1214 synth_eps=0.1573 synth_eps_raw=0.1573 synth_x0_hit=0.0000 synth_total=0.1573 extra_render_attn_share=0.5472
[images] real: anchor | cond1 | cond2 | inv_warp_mirror | mask | mask_inv | warp_img | warp_warp_img | x | y_hat | y_hat_novel -> /home/xzy/warpgan-diffusiong-inpainting/warpgan-diffusion-inpainting-main/experiments/train_inpainting_diffusion/[20260914-030356]_v18w8_w5hf_100k/logs/images/train/real_step0013000.png
[images] synth: cond | mask | target | warp_img | x | y_hat_novel -> /home/xzy/warpgan-diffusiong-inpainting/warpgan-diffusion-inpainting-main/experiments/train_inpainting_diffusion/[20260914-030356]_v18w8_w5hf_100k/logs/images/train/synth_step0013000.png
[step 13050] real_p1_mirror_hole_cov=0.0660 real_p1_eps=0.1905 real_p1_hole_frac=0.3606 real_p2_eps=0.0582 real_p2_hit=0.0000 real_total=0.2487 synth_eps=0.0255 synth_eps_raw=0.0255 synth_x0_hit=0.0000 synth_total=0.0255 extra_render_attn_share=0.5472
[step 13100] real_p1_mirror_hole_cov=0.0662 real_p1_eps=0.1749 real_p1_hole_frac=0.3655 real_p2_eps=0.1058 real_p2_hit=0.0000 real_total=0.2807 discr_adv=0.9905 x0_d_real=0.6992 x0_d_fake=0.6799 g_grad_abs=1223.5366 d_grad_abs=203.3757 synth_eps=0.0237 synth_eps_raw=0.0237 synth_x0_hit=0.0000 synth_total=0.0237 extra_render_attn_share=0.5472
[step 13150] real_p1_mirror_hole_cov=0.0191 real_p1_eps=0.0914 real_p1_hole_frac=0.3064 real_p2_eps=0.3113 real_p2_hit=1.0000 real_p2_t=106.0000 real_p2_ldif=0.0398 real_p2_gen_adv=0.2860 real_p2_lfm=0.0031 real_total=0.4774 discr_adv=1.0025 p2_d_real=-0.2761 p2_d_fake=-0.2860 g_grad_abs=1464.5233 d_grad_abs=135.0602 synth_eps=0.0028 synth_eps_raw=0.0028 synth_x0_hit=0.0000 synth_total=0.0028 extra_render_attn_share=0.5472
[step 13200] real_p1_mirror_hole_cov=0.0721 real_p1_eps=0.6541 real_p1_hole_frac=0.0462 real_p2_eps=0.0117 real_p2_hit=0.0000 real_total=0.6658 discr_adv=0.9990 x0_d_real=-0.5523 x0_d_fake=-0.5543 g_grad_abs=1841.6373 d_grad_abs=12.4426 synth_eps=0.0095 synth_eps_raw=0.0095 synth_x0_hit=0.0000 synth_total=0.0095 extra_render_attn_share=0.5472
[step 13250] real_p1_mirror_hole_cov=0.0594 real_p1_eps=0.0969 real_p1_hole_frac=0.1160 real_p2_eps=0.0658 real_p2_hit=0.0000 real_total=0.1627 synth_eps=0.0153 synth_eps_raw=0.0153 synth_x0_hit=0.0000 synth_total=0.0153 extra_render_attn_share=0.5472
[step 13300] real_p1_mirror_hole_cov=0.1324 real_p1_eps=0.2329 real_p1_hole_frac=0.4654 real_p2_eps=0.0114 real_p2_hit=0.0000 real_total=0.2443 synth_eps=0.0325 synth_eps_raw=0.0325 synth_x0_hit=0.0000 synth_total=0.0325 extra_render_attn_share=0.5472
[step 13350] real_p1_mirror_hole_cov=0.2005 real_p1_eps=0.3299 real_p1_hole_frac=0.3726 real_p2_eps=0.1220 real_p2_hit=0.0000 real_total=0.4520 synth_eps=0.1211 synth_eps_raw=0.1211 synth_x0_hit=0.0000 synth_total=0.1211 extra_render_attn_share=0.5472
[step 13400] real_p1_mirror_hole_cov=0.0130 real_p1_eps=0.0451 real_p1_hole_frac=0.0125 real_p2_eps=0.0131 real_p2_hit=0.0000 real_total=0.0582 synth_eps=0.0306 synth_eps_raw=0.0306 synth_x0_hit=0.0000 synth_total=0.0306 extra_render_attn_share=0.5472
[step 13450] real_p1_mirror_hole_cov=0.1784 real_p1_eps=0.5394 real_p1_hole_frac=0.4670 real_p2_eps=0.1941 real_p2_hit=1.0000 real_p2_t=199.0000 real_p2_ldif=0.0629 real_p2_gen_adv=0.5335 real_p2_lfm=0.0035 real_total=0.8567 discr_adv=1.9029 x0_d_real=-0.5316 x0_d_fake=-0.6406 p2_d_real=-0.4483 p2_d_fake=-0.5335 g_grad_abs=1842.5509 d_grad_abs=430.8147 synth_eps=0.2334 synth_eps_raw=0.2334 synth_x0_hit=1.0000 synth_x0_t=183.0000 synth_x0_ldif=0.0660 synth_x0_gen_adv=0.9332 synth_x0_lfm=0.0050 synth_total=0.4027 extra_render_attn_share=0.5472
[step 13500] real_p1_mirror_hole_cov=0.2138 real_p1_eps=0.2894 real_p1_hole_frac=0.1240 real_p2_eps=0.0178 real_p2_hit=0.0000 real_total=0.3072 synth_eps=0.0382 synth_eps_raw=0.0382 synth_x0_hit=0.0000 synth_total=0.0382 extra_render_attn_share=0.5472
[images] real: anchor | cond1 | cond2 | inv_warp_mirror | mask | mask_inv | warp_img | warp_warp_img | x | y_hat | y_hat_novel -> /home/xzy/warpgan-diffusiong-inpainting/warpgan-diffusion-inpainting-main/experiments/train_inpainting_diffusion/[20260914-030356]_v18w8_w5hf_100k/logs/images/train/real_step0013500.png
[images] synth: cond | mask | target | warp_img | x | y_hat_novel -> /home/xzy/warpgan-diffusiong-inpainting/warpgan-diffusion-inpainting-main/experiments/train_inpainting_diffusion/[20260914-030356]_v18w8_w5hf_100k/logs/images/train/synth_step0013500.png
[step 13550] real_p1_mirror_hole_cov=0.0279 real_p1_eps=0.2470 real_p1_hole_frac=0.1624 real_p2_eps=0.0034 real_p2_hit=0.0000 real_total=0.2504 synth_eps=0.1174 synth_eps_raw=0.1174 synth_x0_hit=0.0000 synth_total=0.1174 extra_render_attn_share=0.5472
[step 13600] real_p1_mirror_hole_cov=0.1317 real_p1_eps=0.1671 real_p1_hole_frac=0.3887 real_p2_eps=0.0062 real_p2_hit=0.0000 real_total=0.1733 discr_adv=0.7231 x0_d_real=-0.0710 x0_d_fake=-0.6272 g_grad_abs=853.1910 d_grad_abs=3059.2423 synth_eps=0.3517 synth_eps_raw=0.3517 synth_x0_hit=1.0000 synth_x0_t=130.0000 synth_x0_ldif=0.0595 synth_x0_gen_adv=0.3972 synth_x0_lfm=0.0039 synth_total=0.4587 extra_render_attn_share=0.5472
[step 13650] real_p1_mirror_hole_cov=0.1540 real_p1_eps=0.5318 real_p1_hole_frac=0.3716 real_p2_eps=0.0824 real_p2_hit=0.0000 real_total=0.6141 synth_eps=0.0753 synth_eps_raw=0.0753 synth_x0_hit=0.0000 synth_total=0.0753 extra_render_attn_share=0.5472
[step 13700] real_p1_mirror_hole_cov=0.0337 real_p1_eps=0.1535 real_p1_hole_frac=0.1992 real_p2_eps=0.0014 real_p2_hit=0.0000 real_total=0.1550 synth_eps=0.0198 synth_eps_raw=0.0198 synth_x0_hit=0.0000 synth_total=0.0198 extra_render_attn_share=0.5472
[step 13750] real_p1_mirror_hole_cov=0.0736 real_p1_eps=0.3767 real_p1_hole_frac=0.5399 real_p2_eps=0.3040 real_p2_hit=1.0000 real_p2_t=168.0000 real_p2_ldif=0.0751 real_p2_gen_adv=-0.2278 real_p2_lfm=0.0060 real_total=0.7450 discr_adv=0.9746 p2_d_real=0.2786 p2_d_fake=0.2278 g_grad_abs=1749.2234 d_grad_abs=309.6497 synth_eps=0.0048 synth_eps_raw=0.0048 synth_x0_hit=0.0000 synth_total=0.0048 extra_render_attn_share=0.5472
[step 13800] real_p1_mirror_hole_cov=0.1518 real_p1_eps=0.2547 real_p1_hole_frac=0.3573 real_p2_eps=0.0463 real_p2_hit=0.0000 real_total=0.3010 discr_adv=0.8800 x0_d_real=0.0555 x0_d_fake=-0.1845 g_grad_abs=1145.7388 d_grad_abs=951.3464 synth_eps=0.2045 synth_eps_raw=0.2045 synth_x0_hit=1.0000 synth_x0_t=180.0000 synth_x0_ldif=0.0563 synth_x0_gen_adv=0.4685 synth_x0_lfm=0.0047 synth_total=0.3171 extra_render_attn_share=0.5472
[step 13850] real_p1_mirror_hole_cov=0.0485 real_p1_eps=0.1034 real_p1_hole_frac=0.0785 real_p2_eps=0.3572 real_p2_hit=1.0000 real_p2_t=28.0000 real_p2_ldif=0.0096 real_p2_gen_adv=-0.2592 real_p2_lfm=0.0012 real_total=0.4466 discr_adv=1.9354 x0_d_real=0.3086 x0_d_fake=0.1558 p2_d_real=0.2364 p2_d_fake=0.2592 g_grad_abs=1692.0789 d_grad_abs=1234.3556 synth_eps=0.1035 synth_eps_raw=0.1035 synth_x0_hit=0.0000 synth_total=0.1035 extra_render_attn_share=0.5472
[step 13900] real_p1_mirror_hole_cov=0.2135 real_p1_eps=0.1436 real_p1_hole_frac=0.2270 real_p2_eps=0.1068 real_p2_hit=1.0000 real_p2_t=266.0000 real_p2_ldif=0.0584 real_p2_gen_adv=-0.2456 real_p2_lfm=0.0067 real_total=0.2975 discr_adv=1.1215 p2_d_real=0.0026 p2_d_fake=0.2456 g_grad_abs=1455.4620 d_grad_abs=1733.7929 synth_eps=0.1459 synth_eps_raw=0.1459 synth_x0_hit=0.0000 synth_total=0.1459 extra_render_attn_share=0.5472
[step 13950] real_p1_mirror_hole_cov=0.1077 real_p1_eps=0.4458 real_p1_hole_frac=0.4009 real_p2_eps=0.0282 real_p2_hit=0.0000 real_total=0.4740 discr_adv=0.9870 x0_d_real=-0.6318 x0_d_fake=-0.6580 g_grad_abs=1551.5439 d_grad_abs=465.0291 synth_eps=0.2955 synth_eps_raw=0.2955 synth_x0_hit=1.0000 synth_x0_t=186.0000 synth_x0_ldif=0.0857 synth_x0_gen_adv=0.1477 synth_x0_lfm=0.0074 synth_total=0.4108 extra_render_attn_share=0.5472
[val step 13999] val_novel_full=0.0318 val_novel_hole=0.0352 val_novel_visible=0.0303
[step 14000] real_p1_mirror_hole_cov=0.0285 real_p1_eps=0.2970 real_p1_hole_frac=0.1555 real_p2_eps=0.0016 real_p2_hit=0.0000 real_total=0.2986 synth_eps=0.0127 synth_eps_raw=0.0127 synth_x0_hit=0.0000 synth_total=0.0127 extra_render_attn_share=0.5506
[images] real: anchor | cond1 | cond2 | inv_warp_mirror | mask | mask_inv | warp_img | warp_warp_img | x | y_hat | y_hat_novel -> /home/xzy/warpgan-diffusiong-inpainting/warpgan-diffusion-inpainting-main/experiments/train_inpainting_diffusion/[20260914-030356]_v18w8_w5hf_100k/logs/images/train/real_step0014000.png
[images] synth: cond | mask | target | warp_img | x | y_hat_novel -> /home/xzy/warpgan-diffusiong-inpainting/warpgan-diffusion-inpainting-main/experiments/train_inpainting_diffusion/[20260914-030356]_v18w8_w5hf_100k/logs/images/train/synth_step0014000.png
[step 14050] real_p1_mirror_hole_cov=0.0435 real_p1_eps=0.0637 real_p1_hole_frac=0.0714 real_p2_eps=0.3135 real_p2_hit=1.0000 real_p2_t=22.0000 real_p2_ldif=0.0066 real_p2_gen_adv=-0.5094 real_p2_lfm=0.0010 real_total=0.3349 discr_adv=0.9973 p2_d_real=0.5148 p2_d_fake=0.5094 g_grad_abs=1361.6384 d_grad_abs=57.3722 synth_eps=0.0208 synth_eps_raw=0.0208 synth_x0_hit=0.0000 synth_total=0.0208 extra_render_attn_share=0.5506
[step 14100] real_p1_mirror_hole_cov=0.2273 real_p1_eps=0.2689 real_p1_hole_frac=0.3728 real_p2_eps=0.0532 real_p2_hit=0.0000 real_total=0.3222 discr_adv=1.0362 x0_d_real=-0.5528 x0_d_fake=-0.4810 g_grad_abs=1252.7205 d_grad_abs=324.7603 synth_eps=0.1425 synth_eps_raw=0.1425 synth_x0_hit=0.0000 synth_total=0.1425 extra_render_attn_share=0.5506
[step 14150] real_p1_mirror_hole_cov=0.2728 real_p1_eps=0.1166 real_p1_hole_frac=0.2736 real_p2_eps=0.0223 real_p2_hit=0.0000 real_total=0.1389 synth_eps=0.0139 synth_eps_raw=0.0139 synth_x0_hit=0.0000 synth_total=0.0139 extra_render_attn_share=0.5506
[step 14200] real_p1_mirror_hole_cov=0.0439 real_p1_eps=0.1279 real_p1_hole_frac=0.3282 real_p2_eps=0.0286 real_p2_hit=0.0000 real_total=0.1565 discr_adv=0.9512 x0_d_real=0.3408 x0_d_fake=0.2426 g_grad_abs=864.3000 d_grad_abs=608.0818 synth_eps=0.0017 synth_eps_raw=0.0017 synth_x0_hit=0.0000 synth_total=0.0017 extra_render_attn_share=0.5506
[step 14250] real_p1_mirror_hole_cov=0.2816 real_p1_eps=0.2812 real_p1_hole_frac=0.4321 real_p2_eps=0.0057 real_p2_hit=0.0000 real_total=0.2868 synth_eps=0.1128 synth_eps_raw=0.1128 synth_x0_hit=0.0000 synth_total=0.1128 extra_render_attn_share=0.5506
[step 14300] real_p1_mirror_hole_cov=0.0048 real_p1_eps=0.1253 real_p1_hole_frac=0.2418 real_p2_eps=0.0186 real_p2_hit=0.0000 real_total=0.1439 synth_eps=0.2971 synth_eps_raw=0.2971 synth_x0_hit=1.0000 synth_x0_t=147.0000 synth_x0_ldif=0.0600 synth_x0_gen_adv=0.4540 synth_x0_lfm=0.0046 synth_total=0.4116 extra_render_attn_share=0.5506
[step 14350] real_p1_mirror_hole_cov=0.0994 real_p1_eps=0.1025 real_p1_hole_frac=0.2114 real_p2_eps=0.0016 real_p2_hit=0.0000 real_total=0.1042 synth_eps=0.1130 synth_eps_raw=0.1130 synth_x0_hit=0.0000 synth_total=0.1130 extra_render_attn_share=0.5506
[step 14400] real_p1_mirror_hole_cov=0.0267 real_p1_eps=0.3451 real_p1_hole_frac=0.5098 real_p2_eps=0.0717 real_p2_hit=0.0000 real_total=0.4168 synth_eps=0.3972 synth_eps_raw=0.3972 synth_x0_hit=1.0000 synth_x0_t=96.0000 synth_x0_ldif=0.0446 synth_x0_gen_adv=-0.2455 synth_x0_lfm=0.0042 synth_total=0.4257 extra_render_attn_share=0.5506
[step 14450] real_p1_mirror_hole_cov=0.2213 real_p1_eps=0.4263 real_p1_hole_frac=0.3666 real_p2_eps=0.0016 real_p2_hit=0.0000 real_total=0.4279 synth_eps=0.4904 synth_eps_raw=0.4904 synth_x0_hit=1.0000 synth_x0_t=46.0000 synth_x0_ldif=0.0243 synth_x0_gen_adv=0.9395 synth_x0_lfm=0.0033 synth_total=0.6152 extra_render_attn_share=0.5506
[step 14500] real_p1_mirror_hole_cov=0.0023 real_p1_eps=0.0315 real_p1_hole_frac=0.0262 real_p2_eps=0.0057 real_p2_hit=0.0000 real_total=0.0371 synth_eps=0.3687 synth_eps_raw=0.3687 synth_x0_hit=1.0000 synth_x0_t=106.0000 synth_x0_ldif=0.0471 synth_x0_gen_adv=0.7678 synth_x0_lfm=0.0046 synth_total=0.5019 extra_render_attn_share=0.5506
[images] real: anchor | cond1 | cond2 | inv_warp_mirror | mask | mask_inv | warp_img | warp_warp_img | x | y_hat | y_hat_novel -> /home/xzy/warpgan-diffusiong-inpainting/warpgan-diffusion-inpainting-main/experiments/train_inpainting_diffusion/[20260914-030356]_v18w8_w5hf_100k/logs/images/train/real_step0014500.png
[images] synth: cond | mask | target | warp_img | x | y_hat_novel -> /home/xzy/warpgan-diffusiong-inpainting/warpgan-diffusion-inpainting-main/experiments/train_inpainting_diffusion/[20260914-030356]_v18w8_w5hf_100k/logs/images/train/synth_step0014500.png
[step 14550] real_p1_mirror_hole_cov=0.0210 real_p1_eps=0.2251 real_p1_hole_frac=0.4825 real_p2_eps=0.5141 real_p2_hit=1.0000 real_p2_t=43.0000 real_p2_ldif=0.0221 real_p2_gen_adv=-0.8017 real_p2_lfm=0.0024 real_total=0.6859 discr_adv=0.9859 p2_d_real=0.8299 p2_d_fake=0.8017 g_grad_abs=1606.0656 d_grad_abs=251.7294 synth_eps=0.2920 synth_eps_raw=0.2920 synth_x0_hit=1.0000 synth_x0_t=221.0000 synth_x0_ldif=0.1132 synth_x0_gen_adv=-0.9235 synth_x0_lfm=0.0068 synth_total=0.3265 extra_render_attn_share=0.5506
[step 14600] real_p1_mirror_hole_cov=0.2270 real_p1_eps=0.2776 real_p1_hole_frac=0.3818 real_p2_eps=0.0018 real_p2_hit=0.0000 real_total=0.2795 synth_eps=0.3659 synth_eps_raw=0.3659 synth_x0_hit=1.0000 synth_x0_t=143.0000 synth_x0_ldif=0.0709 synth_x0_gen_adv=0.5528 synth_x0_lfm=0.0058 synth_total=0.5037 extra_render_attn_share=0.5506
[step 14650] real_p1_mirror_hole_cov=0.0329 real_p1_eps=0.3825 real_p1_hole_frac=0.2640 real_p2_eps=0.0651 real_p2_hit=0.0000 real_total=0.4477 discr_adv=0.9645 x0_d_real=-0.3723 x0_d_fake=-0.4434 g_grad_abs=1377.4519 d_grad_abs=156.2058 synth_eps=0.0019 synth_eps_raw=0.0019 synth_x0_hit=0.0000 synth_total=0.0019 extra_render_attn_share=0.5506
[step 14700] real_p1_mirror_hole_cov=0.0077 real_p1_eps=0.0391 real_p1_hole_frac=0.0437 real_p2_eps=0.0052 real_p2_hit=0.0000 real_total=0.0443 synth_eps=0.3732 synth_eps_raw=0.3732 synth_x0_hit=1.0000 synth_x0_t=98.0000 synth_x0_ldif=0.0431 synth_x0_gen_adv=0.6387 synth_x0_lfm=0.0048 synth_total=0.4898 extra_render_attn_share=0.5506
[step 14750] real_p1_mirror_hole_cov=0.0043 real_p1_eps=0.0791 real_p1_hole_frac=0.2092 real_p2_eps=0.0056 real_p2_hit=0.0000 real_total=0.0847 discr_adv=0.9371 x0_d_real=0.7351 x0_d_fake=0.5906 g_grad_abs=658.8723 d_grad_abs=2400.5372 synth_eps=0.4969 synth_eps_raw=0.4969 synth_x0_hit=1.0000 synth_x0_t=77.0000 synth_x0_ldif=0.0422 synth_x0_gen_adv=-0.9640 synth_x0_lfm=0.0044 synth_total=0.4515 extra_render_attn_share=0.5506
[step 14800] real_p1_mirror_hole_cov=0.0687 real_p1_eps=0.1863 real_p1_hole_frac=0.1741 real_p2_eps=0.0151 real_p2_hit=0.0000 real_total=0.2014 discr_adv=0.9675 x0_d_real=0.5256 x0_d_fake=0.4607 g_grad_abs=1154.1654 d_grad_abs=666.2984 synth_eps=0.0103 synth_eps_raw=0.0103 synth_x0_hit=0.0000 synth_total=0.0103 extra_render_attn_share=0.5506
[step 14850] real_p1_mirror_hole_cov=0.0433 real_p1_eps=0.0971 real_p1_hole_frac=0.3830 real_p2_eps=0.2354 real_p2_hit=1.0000 real_p2_t=118.0000 real_p2_ldif=0.0348 real_p2_gen_adv=0.1818 real_p2_lfm=0.0024 real_total=0.3902 discr_adv=1.9083 x0_d_real=0.3915 x0_d_fake=0.2597 p2_d_real=-0.1302 p2_d_fake=-0.1818 g_grad_abs=1464.9570 d_grad_abs=928.4147 synth_eps=0.2225 synth_eps_raw=0.2225 synth_x0_hit=1.0000 synth_x0_t=279.0000 synth_x0_ldif=0.1331 synth_x0_gen_adv=-0.1960 synth_x0_lfm=0.0085 synth_total=0.3529 extra_render_attn_share=0.5506
[step 14900] real_p1_mirror_hole_cov=0.0148 real_p1_eps=0.1688 real_p1_hole_frac=0.2442 real_p2_eps=0.0019 real_p2_hit=0.0000 real_total=0.1707 synth_eps=0.0154 synth_eps_raw=0.0154 synth_x0_hit=0.0000 synth_total=0.0154 extra_render_attn_share=0.5506
[step 14950] real_p1_mirror_hole_cov=0.0998 real_p1_eps=0.0830 real_p1_hole_frac=0.2373 real_p2_eps=0.0195 real_p2_hit=0.0000 real_total=0.1025 discr_adv=0.9999 x0_d_real=-0.7636 x0_d_fake=-0.7737 g_grad_abs=711.2641 d_grad_abs=217.9674 synth_eps=0.0047 synth_eps_raw=0.0047 synth_x0_hit=0.0000 synth_total=0.0047 extra_render_attn_share=0.5506
[step 15000] real_p1_mirror_hole_cov=0.0064 real_p1_eps=0.1478 real_p1_hole_frac=0.1176 real_p2_eps=0.0023 real_p2_hit=0.0000 real_total=0.1501 discr_adv=0.9841 x0_d_real=-0.4246 x0_d_fake=-0.4564 g_grad_abs=863.2143 d_grad_abs=84.4542 synth_eps=0.0157 synth_eps_raw=0.0157 synth_x0_hit=0.0000 synth_total=0.0157 extra_render_attn_share=0.5506
[images] real: anchor | cond1 | cond2 | inv_warp_mirror | mask | mask_inv | warp_img | warp_warp_img | x | y_hat | y_hat_novel -> /home/xzy/warpgan-diffusiong-inpainting/warpgan-diffusion-inpainting-main/experiments/train_inpainting_diffusion/[20260914-030356]_v18w8_w5hf_100k/logs/images/train/real_step0015000.png
[images] synth: cond | mask | target | warp_img | x | y_hat_novel -> /home/xzy/warpgan-diffusiong-inpainting/warpgan-diffusion-inpainting-main/experiments/train_inpainting_diffusion/[20260914-030356]_v18w8_w5hf_100k/logs/images/train/synth_step0015000.png
[step 15050] real_p1_mirror_hole_cov=0.1206 real_p1_eps=0.2479 real_p1_hole_frac=0.2164 real_p2_eps=0.0578 real_p2_hit=0.0000 real_total=0.3057 discr_adv=0.6157 x0_d_real=0.0868 x0_d_fake=-0.6820 g_grad_abs=1253.6755 d_grad_abs=1486.5937 synth_eps=0.0036 synth_eps_raw=0.0036 synth_x0_hit=0.0000 synth_total=0.0036 extra_render_attn_share=0.5506
[step 15100] real_p1_mirror_hole_cov=0.1522 real_p1_eps=0.3888 real_p1_hole_frac=0.4057 real_p2_eps=0.6158 real_p2_hit=1.0000 real_p2_t=17.0000 real_p2_ldif=0.0100 real_p2_gen_adv=0.0969 real_p2_lfm=0.0013 real_total=1.0269 discr_adv=1.9908 x0_d_real=0.5122 x0_d_fake=0.5064 p2_d_real=-0.0830 p2_d_fake=-0.0969 g_grad_abs=1734.3583 d_grad_abs=397.5498 synth_eps=0.2154 synth_eps_raw=0.2154 synth_x0_hit=1.0000 synth_x0_t=211.0000 synth_x0_ldif=0.0771 synth_x0_gen_adv=-0.2879 synth_x0_lfm=0.0052 synth_total=0.2741 extra_render_attn_share=0.5506
[step 15150] real_p1_mirror_hole_cov=0.1766 real_p1_eps=0.2107 real_p1_hole_frac=0.6471 real_p2_eps=0.0186 real_p2_hit=0.0000 real_total=0.2293 synth_eps=0.0052 synth_eps_raw=0.0052 synth_x0_hit=0.0000 synth_total=0.0052 extra_render_attn_share=0.5506
[step 15200] real_p1_mirror_hole_cov=0.0976 real_p1_eps=0.3311 real_p1_hole_frac=0.2444 real_p2_eps=0.2171 real_p2_hit=1.0000 real_p2_t=232.0000 real_p2_ldif=0.0917 real_p2_gen_adv=-0.7412 real_p2_lfm=0.0046 real_total=0.5749 discr_adv=1.0078 p2_d_real=0.7255 p2_d_fake=0.7412 g_grad_abs=1887.0794 d_grad_abs=430.8076 synth_eps=0.5347 synth_eps_raw=0.5347 synth_x0_hit=1.0000 synth_x0_t=38.0000 synth_x0_ldif=0.0200 synth_x0_gen_adv=0.5557 synth_x0_lfm=0.0024 synth_total=0.6151 extra_render_attn_share=0.5506
[step 15250] real_p1_mirror_hole_cov=0.2708 real_p1_eps=0.3597 real_p1_hole_frac=0.3171 real_p2_eps=0.0478 real_p2_hit=0.0000 real_total=0.4075 synth_eps=0.0622 synth_eps_raw=0.0622 synth_x0_hit=0.0000 synth_total=0.0622 extra_render_attn_share=0.5506
[step 15300] real_p1_mirror_hole_cov=0.0037 real_p1_eps=0.1518 real_p1_hole_frac=0.0314 real_p2_eps=0.1055 real_p2_hit=1.0000 real_p2_t=169.0000 real_p2_ldif=0.0263 real_p2_gen_adv=0.0584 real_p2_lfm=0.0036 real_total=0.2966 discr_adv=1.1317 p2_d_real=-0.3219 p2_d_fake=-0.0584 g_grad_abs=2149.1519 d_grad_abs=2144.7480 synth_eps=0.1338 synth_eps_raw=0.1338 synth_x0_hit=0.0000 synth_total=0.1338 extra_render_attn_share=0.5506
[step 15350] real_p1_mirror_hole_cov=0.1333 real_p1_eps=0.2243 real_p1_hole_frac=0.3922 real_p2_eps=0.3393 real_p2_hit=1.0000 real_p2_t=117.0000 real_p2_ldif=0.0495 real_p2_gen_adv=-0.0595 real_p2_lfm=0.0050 real_total=0.6172 discr_adv=0.9494 p2_d_real=0.1615 p2_d_fake=0.0595 g_grad_abs=1728.6297 d_grad_abs=391.4722 synth_eps=0.2689 synth_eps_raw=0.2689 synth_x0_hit=1.0000 synth_x0_t=185.0000 synth_x0_ldif=0.0773 synth_x0_gen_adv=-0.4414 synth_x0_lfm=0.0064 synth_total=0.3150 extra_render_attn_share=0.5506
[step 15400] real_p1_mirror_hole_cov=0.2131 real_p1_eps=0.1531 real_p1_hole_frac=0.3849 real_p2_eps=0.0096 real_p2_hit=0.0000 real_total=0.1627 discr_adv=0.9908 x0_d_real=-0.2381 x0_d_fake=-0.2565 g_grad_abs=865.4834 d_grad_abs=92.0044 synth_eps=0.2596 synth_eps_raw=0.2596 synth_x0_hit=1.0000 synth_x0_t=232.0000 synth_x0_ldif=0.1096 synth_x0_gen_adv=0.0533 synth_x0_lfm=0.0076 synth_total=0.3898 extra_render_attn_share=0.5506
[step 15450] real_p1_mirror_hole_cov=0.0126 real_p1_eps=0.1100 real_p1_hole_frac=0.2614 real_p2_eps=0.0026 real_p2_hit=0.0000 real_total=0.1126 synth_eps=0.1661 synth_eps_raw=0.1661 synth_x0_hit=1.0000 synth_x0_t=279.0000 synth_x0_ldif=0.0994 synth_x0_gen_adv=0.3473 synth_x0_lfm=0.0092 synth_total=0.3187 extra_render_attn_share=0.5506
[step 15500] real_p1_mirror_hole_cov=0.1268 real_p1_eps=0.1703 real_p1_hole_frac=0.1669 real_p2_eps=0.1047 real_p2_hit=1.0000 real_p2_t=300.0000 real_p2_ldif=0.0726 real_p2_gen_adv=0.5487 real_p2_lfm=0.0059 real_total=0.4142 discr_adv=1.8462 x0_d_real=0.0778 x0_d_fake=-0.1227 p2_d_real=-0.4408 p2_d_fake=-0.5487 g_grad_abs=1746.5666 d_grad_abs=993.7376 synth_eps=0.0596 synth_eps_raw=0.0596 synth_x0_hit=0.0000 synth_total=0.0596 extra_render_attn_share=0.5506
[images] real: anchor | cond1 | cond2 | inv_warp_mirror | mask | mask_inv | warp_img | warp_warp_img | x | y_hat | y_hat_novel -> /home/xzy/warpgan-diffusiong-inpainting/warpgan-diffusion-inpainting-main/experiments/train_inpainting_diffusion/[20260914-030356]_v18w8_w5hf_100k/logs/images/train/real_step0015500.png
[images] synth: cond | mask | target | warp_img | x | y_hat_novel -> /home/xzy/warpgan-diffusiong-inpainting/warpgan-diffusion-inpainting-main/experiments/train_inpainting_diffusion/[20260914-030356]_v18w8_w5hf_100k/logs/images/train/synth_step0015500.png
[step 15550] real_p1_mirror_hole_cov=0.0212 real_p1_eps=0.1162 real_p1_hole_frac=0.0281 real_p2_eps=0.3594 real_p2_hit=1.0000 real_p2_t=17.0000 real_p2_ldif=0.0058 real_p2_gen_adv=0.0346 real_p2_lfm=0.0010 real_total=0.4869 discr_adv=1.8951 x0_d_real=0.2613 x0_d_fake=0.0584 p2_d_real=-0.0276 p2_d_fake=-0.0346 g_grad_abs=1545.9746 d_grad_abs=890.7597 synth_eps=0.2555 synth_eps_raw=0.2555 synth_x0_hit=1.0000 synth_x0_t=179.0000 synth_x0_ldif=0.0697 synth_x0_gen_adv=0.6310 synth_x0_lfm=0.0059 synth_total=0.4000 extra_render_attn_share=0.5506
[step 15600] real_p1_mirror_hole_cov=0.1654 real_p1_eps=0.4133 real_p1_hole_frac=0.1258 real_p2_eps=0.0519 real_p2_hit=0.0000 real_total=0.4652 discr_adv=0.9432 x0_d_real=-0.2473 x0_d_fake=-0.3608 g_grad_abs=1424.9863 d_grad_abs=344.1910 synth_eps=0.0063 synth_eps_raw=0.0063 synth_x0_hit=0.0000 synth_total=0.0063 extra_render_attn_share=0.5506
[step 15650] real_p1_mirror_hole_cov=0.0797 real_p1_eps=0.2281 real_p1_hole_frac=0.1679 real_p2_eps=0.0183 real_p2_hit=0.0000 real_total=0.2464 discr_adv=1.0751 x0_d_real=-0.0222 x0_d_fake=0.1280 g_grad_abs=1625.3083 d_grad_abs=782.3341 synth_eps=0.0142 synth_eps_raw=0.0142 synth_x0_hit=0.0000 synth_total=0.0142 extra_render_attn_share=0.5506
[step 15700] real_p1_mirror_hole_cov=0.0330 real_p1_eps=0.1139 real_p1_hole_frac=0.3994 real_p2_eps=0.0992 real_p2_hit=0.0000 real_total=0.2131 synth_eps=0.1970 synth_eps_raw=0.1970 synth_x0_hit=1.0000 synth_x0_t=240.0000 synth_x0_ldif=0.0884 synth_x0_gen_adv=-0.4589 synth_x0_lfm=0.0061 synth_total=0.2518 extra_render_attn_share=0.5506
[step 15750] real_p1_mirror_hole_cov=0.0239 real_p1_eps=0.2498 real_p1_hole_frac=0.2067 real_p2_eps=0.0041 real_p2_hit=0.0000 real_total=0.2539 synth_eps=0.0024 synth_eps_raw=0.0024 synth_x0_hit=0.0000 synth_total=0.0024 extra_render_attn_share=0.5506
[step 15800] real_p1_mirror_hole_cov=0.1749 real_p1_eps=0.2076 real_p1_hole_frac=0.2911 real_p2_eps=0.0943 real_p2_hit=0.0000 real_total=0.3019 synth_eps=0.3466 synth_eps_raw=0.3466 synth_x0_hit=1.0000 synth_x0_t=159.0000 synth_x0_ldif=0.0787 synth_x0_gen_adv=0.7196 synth_x0_lfm=0.0054 synth_total=0.5081 extra_render_attn_share=0.5506
[step 15850] real_p1_mirror_hole_cov=0.0892 real_p1_eps=0.2928 real_p1_hole_frac=0.5533 real_p2_eps=0.0319 real_p2_hit=0.0000 real_total=0.3247 synth_eps=0.0517 synth_eps_raw=0.0517 synth_x0_hit=0.0000 synth_total=0.0517 extra_render_attn_share=0.5506
[step 15900] real_p1_mirror_hole_cov=0.2277 real_p1_eps=0.6945 real_p1_hole_frac=0.5052 real_p2_eps=0.0712 real_p2_hit=0.0000 real_total=0.7658 synth_eps=0.0431 synth_eps_raw=0.0431 synth_x0_hit=0.0000 synth_total=0.0431 extra_render_attn_share=0.5506
[step 15950] real_p1_mirror_hole_cov=0.0164 real_p1_eps=0.1379 real_p1_hole_frac=0.3882 real_p2_eps=0.0294 real_p2_hit=0.0000 real_total=0.1673 discr_adv=0.8616 x0_d_real=-0.2571 x0_d_fake=-0.5339 g_grad_abs=913.5104 d_grad_abs=621.0541 synth_eps=0.3396 synth_eps_raw=0.3396 synth_x0_hit=1.0000 synth_x0_t=142.0000 synth_x0_ldif=0.0652 synth_x0_gen_adv=0.3897 synth_x0_lfm=0.0058 synth_total=0.4553 extra_render_attn_share=0.5506
[val step 15999] val_novel_full=0.0340 val_novel_hole=0.0253 val_novel_visible=0.0413
[step 16000] real_p1_mirror_hole_cov=0.0333 real_p1_eps=0.1552 real_p1_hole_frac=0.1570 real_p2_eps=0.0042 real_p2_hit=0.0000 real_total=0.1594 synth_eps=0.0094 synth_eps_raw=0.0094 synth_x0_hit=0.0000 synth_total=0.0094 extra_render_attn_share=0.5563
[images] real: anchor | cond1 | cond2 | inv_warp_mirror | mask | mask_inv | warp_img | warp_warp_img | x | y_hat | y_hat_novel -> /home/xzy/warpgan-diffusiong-inpainting/warpgan-diffusion-inpainting-main/experiments/train_inpainting_diffusion/[20260914-030356]_v18w8_w5hf_100k/logs/images/train/real_step0016000.png
[images] synth: cond | mask | target | warp_img | x | y_hat_novel -> /home/xzy/warpgan-diffusiong-inpainting/warpgan-diffusion-inpainting-main/experiments/train_inpainting_diffusion/[20260914-030356]_v18w8_w5hf_100k/logs/images/train/synth_step0016000.png
[step 16050] real_p1_mirror_hole_cov=0.2437 real_p1_eps=0.2293 real_p1_hole_frac=0.0228 real_p2_eps=0.2049 real_p2_hit=1.0000 real_p2_t=70.0000 real_p2_ldif=0.0155 real_p2_gen_adv=-0.2429 real_p2_lfm=0.0012 real_total=0.4279 discr_adv=0.9957 p2_d_real=0.2515 p2_d_fake=0.2429 g_grad_abs=1380.0719 d_grad_abs=45.5246 synth_eps=0.0845 synth_eps_raw=0.0845 synth_x0_hit=0.0000 synth_total=0.0845 extra_render_attn_share=0.5563
[step 16100] real_p1_mirror_hole_cov=0.1755 real_p1_eps=0.2327 real_p1_hole_frac=0.5509 real_p2_eps=0.0078 real_p2_hit=0.0000 real_total=0.2405 discr_adv=0.9722 x0_d_real=0.3463 x0_d_fake=0.2908 g_grad_abs=1154.3295 d_grad_abs=372.7044 synth_eps=0.0909 synth_eps_raw=0.0909 synth_x0_hit=0.0000 synth_total=0.0909 extra_render_attn_share=0.5563
[step 16150] real_p1_mirror_hole_cov=0.2377 real_p1_eps=0.3546 real_p1_hole_frac=0.5756 real_p2_eps=0.2189 real_p2_hit=1.0000 real_p2_t=224.0000 real_p2_ldif=0.0869 real_p2_gen_adv=0.2168 real_p2_lfm=0.0035 real_total=0.6891 discr_adv=0.9063 p2_d_real=-0.0294 p2_d_fake=-0.2168 g_grad_abs=1689.8461 d_grad_abs=569.5853 synth_eps=0.3261 synth_eps_raw=0.3261 synth_x0_hit=1.0000 synth_x0_t=126.0000 synth_x0_ldif=0.0528 synth_x0_gen_adv=0.0323 synth_x0_lfm=0.0041 synth_total=0.3903 extra_render_attn_share=0.5563
[step 16200] real_p1_mirror_hole_cov=0.3106 real_p1_eps=0.4043 real_p1_hole_frac=0.2612 real_p2_eps=0.0021 real_p2_hit=0.0000 real_total=0.4064 synth_eps=0.0043 synth_eps_raw=0.0043 synth_x0_hit=0.0000 synth_total=0.0043 extra_render_attn_share=0.5563
[step 16250] real_p1_mirror_hole_cov=0.2366 real_p1_eps=0.4758 real_p1_hole_frac=0.4553 real_p2_eps=0.0121 real_p2_hit=0.0000 real_total=0.4879 discr_adv=0.9538 x0_d_real=-0.0185 x0_d_fake=-0.1110 g_grad_abs=1320.1385 d_grad_abs=253.9206 synth_eps=0.1798 synth_eps_raw=0.1798 synth_x0_hit=1.0000 synth_x0_t=294.0000 synth_x0_ldif=0.1196 synth_x0_gen_adv=-0.2962 synth_x0_lfm=0.0074 synth_total=0.2846 extra_render_attn_share=0.5563
[step 16300] real_p1_mirror_hole_cov=0.0106 real_p1_eps=0.1629 real_p1_hole_frac=0.1486 real_p2_eps=0.1828 real_p2_hit=1.0000 real_p2_t=200.0000 real_p2_ldif=0.0597 real_p2_gen_adv=-0.3188 real_p2_lfm=0.0046 real_total=0.3826 discr_adv=2.2461 x0_d_real=-0.0648 x0_d_fake=-0.1012 p2_d_real=-0.2098 p2_d_fake=0.3188 g_grad_abs=1709.3295 d_grad_abs=1773.1552 synth_eps=0.0864 synth_eps_raw=0.0864 synth_x0_hit=0.0000 synth_total=0.0864 extra_render_attn_share=0.5563
[step 16350] real_p1_mirror_hole_cov=0.1588 real_p1_eps=0.1859 real_p1_hole_frac=0.0938 real_p2_eps=0.0146 real_p2_hit=0.0000 real_total=0.2006 synth_eps=0.0214 synth_eps_raw=0.0214 synth_x0_hit=0.0000 synth_total=0.0214 extra_render_attn_share=0.5563
[step 16400] real_p1_mirror_hole_cov=0.1485 real_p1_eps=0.1789 real_p1_hole_frac=0.2515 real_p2_eps=0.0339 real_p2_hit=0.0000 real_total=0.2127 synth_eps=0.0351 synth_eps_raw=0.0351 synth_x0_hit=0.0000 synth_total=0.0351 extra_render_attn_share=0.5563
[step 16450] real_p1_mirror_hole_cov=0.1141 real_p1_eps=0.1597 real_p1_hole_frac=0.1998 real_p2_eps=0.0653 real_p2_hit=0.0000 real_total=0.2250 discr_adv=0.8219 x0_d_real=0.5683 x0_d_fake=0.2122 g_grad_abs=1096.2836 d_grad_abs=1512.4986 synth_eps=0.0071 synth_eps_raw=0.0071 synth_x0_hit=0.0000 synth_total=0.0071 extra_render_attn_share=0.5563
[step 16500] real_p1_mirror_hole_cov=0.1709 real_p1_eps=0.1728 real_p1_hole_frac=0.4286 real_p2_eps=0.0431 real_p2_hit=0.0000 real_total=0.2159 synth_eps=0.0127 synth_eps_raw=0.0127 synth_x0_hit=0.0000 synth_total=0.0127 extra_render_attn_share=0.5563
[images] real: anchor | cond1 | cond2 | inv_warp_mirror | mask | mask_inv | warp_img | warp_warp_img | x | y_hat | y_hat_novel -> /home/xzy/warpgan-diffusiong-inpainting/warpgan-diffusion-inpainting-main/experiments/train_inpainting_diffusion/[20260914-030356]_v18w8_w5hf_100k/logs/images/train/real_step0016500.png
[images] synth: cond | mask | target | warp_img | x | y_hat_novel -> /home/xzy/warpgan-diffusiong-inpainting/warpgan-diffusion-inpainting-main/experiments/train_inpainting_diffusion/[20260914-030356]_v18w8_w5hf_100k/logs/images/train/synth_step0016500.png
[step 16550] real_p1_mirror_hole_cov=0.2565 real_p1_eps=0.0629 real_p1_hole_frac=0.0684 real_p2_eps=0.0019 real_p2_hit=0.0000 real_total=0.0649 discr_adv=0.9757 x0_d_real=-0.4583 x0_d_fake=-0.5068 g_grad_abs=622.6875 d_grad_abs=149.2641 synth_eps=0.0044 synth_eps_raw=0.0044 synth_x0_hit=0.0000 synth_total=0.0044 extra_render_attn_share=0.5563
[step 16600] real_p1_mirror_hole_cov=0.1511 real_p1_eps=0.1272 real_p1_hole_frac=0.2829 real_p2_eps=0.2009 real_p2_hit=1.0000 real_p2_t=185.0000 real_p2_ldif=0.0578 real_p2_gen_adv=0.2619 real_p2_lfm=0.0059 real_total=0.4238 discr_adv=0.9118 p2_d_real=-0.0856 p2_d_fake=-0.2619 g_grad_abs=1531.7025 d_grad_abs=545.3989 synth_eps=0.0115 synth_eps_raw=0.0115 synth_x0_hit=0.0000 synth_total=0.0115 extra_render_attn_share=0.5563
[step 16650] real_p1_mirror_hole_cov=0.0434 real_p1_eps=0.0521 real_p1_hole_frac=0.0502 real_p2_eps=0.0074 real_p2_hit=0.0000 real_total=0.0595 synth_eps=0.0019 synth_eps_raw=0.0019 synth_x0_hit=0.0000 synth_total=0.0019 extra_render_attn_share=0.5563
[step 16700] real_p1_mirror_hole_cov=0.0550 real_p1_eps=0.2707 real_p1_hole_frac=0.3951 real_p2_eps=0.5622 real_p2_hit=1.0000 real_p2_t=30.0000 real_p2_ldif=0.0163 real_p2_gen_adv=-0.7405 real_p2_lfm=0.0019 real_total=0.7789 discr_adv=0.9944 p2_d_real=0.7519 p2_d_fake=0.7405 g_grad_abs=1706.3645 d_grad_abs=94.4633 synth_eps=0.6709 synth_eps_raw=0.6709 synth_x0_hit=1.0000 synth_x0_t=24.0000 synth_x0_ldif=0.0154 synth_x0_gen_adv=-0.5514 synth_x0_lfm=0.0018 synth_total=0.6348 extra_render_attn_share=0.5563
[step 16750] real_p1_mirror_hole_cov=0.0306 real_p1_eps=0.2719 real_p1_hole_frac=0.2587 real_p2_eps=0.0013 real_p2_hit=0.0000 real_total=0.2732 synth_eps=0.0805 synth_eps_raw=0.0805 synth_x0_hit=0.0000 synth_total=0.0805 extra_render_attn_share=0.5563
[step 16800] real_p1_mirror_hole_cov=0.0012 real_p1_eps=0.1818 real_p1_hole_frac=0.2863 real_p2_eps=0.0609 real_p2_hit=0.0000 real_total=0.2427 synth_eps=0.0013 synth_eps_raw=0.0013 synth_x0_hit=0.0000 synth_total=0.0013 extra_render_attn_share=0.5563
[step 16850] real_p1_mirror_hole_cov=0.1405 real_p1_eps=0.1393 real_p1_hole_frac=0.3080 real_p2_eps=0.0379 real_p2_hit=0.0000 real_total=0.1772 synth_eps=0.0649 synth_eps_raw=0.0649 synth_x0_hit=0.0000 synth_total=0.0649 extra_render_attn_share=0.5563
[step 16900] real_p1_mirror_hole_cov=0.0204 real_p1_eps=0.0747 real_p1_hole_frac=0.0904 real_p2_eps=0.0038 real_p2_hit=0.0000 real_total=0.0785 discr_adv=0.8485 x0_d_real=0.2328 x0_d_fake=-0.0703 g_grad_abs=640.6141 d_grad_abs=1005.9040 synth_eps=0.3475 synth_eps_raw=0.3475 synth_x0_hit=1.0000 synth_x0_t=110.0000 synth_x0_ldif=0.0466 synth_x0_gen_adv=0.0736 synth_x0_lfm=0.0046 synth_total=0.4106 extra_render_attn_share=0.5563
[step 16950] real_p1_mirror_hole_cov=0.0167 real_p1_eps=0.2021 real_p1_hole_frac=0.2502 real_p2_eps=0.0015 real_p2_hit=0.0000 real_total=0.2036 discr_adv=1.0191 x0_d_real=0.1967 x0_d_fake=0.2350 g_grad_abs=979.4299 d_grad_abs=180.1655 synth_eps=0.0728 synth_eps_raw=0.0728 synth_x0_hit=0.0000 synth_total=0.0728 extra_render_attn_share=0.5563
[step 17000] real_p1_mirror_hole_cov=0.3732 real_p1_eps=0.1954 real_p1_hole_frac=0.5692 real_p2_eps=0.1186 real_p2_hit=0.0000 real_total=0.3140 synth_eps=0.1127 synth_eps_raw=0.1127 synth_x0_hit=0.0000 synth_total=0.1127 extra_render_attn_share=0.5563
[images] real: anchor | cond1 | cond2 | inv_warp_mirror | mask | mask_inv | warp_img | warp_warp_img | x | y_hat | y_hat_novel -> /home/xzy/warpgan-diffusiong-inpainting/warpgan-diffusion-inpainting-main/experiments/train_inpainting_diffusion/[20260914-030356]_v18w8_w5hf_100k/logs/images/train/real_step0017000.png
[images] synth: cond | mask | target | warp_img | x | y_hat_novel -> /home/xzy/warpgan-diffusiong-inpainting/warpgan-diffusion-inpainting-main/experiments/train_inpainting_diffusion/[20260914-030356]_v18w8_w5hf_100k/logs/images/train/synth_step0017000.png
[step 17050] real_p1_mirror_hole_cov=0.1308 real_p1_eps=0.1155 real_p1_hole_frac=0.1672 real_p2_eps=0.0527 real_p2_hit=0.0000 real_total=0.1682 synth_eps=0.4274 synth_eps_raw=0.4274 synth_x0_hit=1.0000 synth_x0_t=111.0000 synth_x0_ldif=0.0581 synth_x0_gen_adv=0.0941 synth_x0_lfm=0.0041 synth_total=0.5031 extra_render_attn_share=0.5563
[step 17100] real_p1_mirror_hole_cov=0.0834 real_p1_eps=0.3333 real_p1_hole_frac=0.4255 real_p2_eps=0.1821 real_p2_hit=1.0000 real_p2_t=257.0000 real_p2_ldif=0.0928 real_p2_gen_adv=-0.4754 real_p2_lfm=0.0048 real_total=0.5702 discr_adv=1.9637 x0_d_real=0.5078 x0_d_fake=0.4188 p2_d_real=0.4591 p2_d_fake=0.4754 g_grad_abs=2021.6269 d_grad_abs=580.3651 synth_eps=0.4578 synth_eps_raw=0.4578 synth_x0_hit=1.0000 synth_x0_t=99.0000 synth_x0_ldif=0.0534 synth_x0_gen_adv=-0.1093 synth_x0_lfm=0.0039 synth_total=0.5081 extra_render_attn_share=0.5563
[step 17150] real_p1_mirror_hole_cov=0.0156 real_p1_eps=0.1621 real_p1_hole_frac=0.2149 real_p2_eps=0.0080 real_p2_hit=0.0000 real_total=0.1701 synth_eps=0.0026 synth_eps_raw=0.0026 synth_x0_hit=0.0000 synth_total=0.0026 extra_render_attn_share=0.5563
[step 17200] real_p1_mirror_hole_cov=0.0245 real_p1_eps=0.1135 real_p1_hole_frac=0.4445 real_p2_eps=0.0780 real_p2_hit=0.0000 real_total=0.1915 discr_adv=0.7681 x0_d_real=-0.0329 x0_d_fake=-0.4968 g_grad_abs=1012.5286 d_grad_abs=2357.9146 synth_eps=0.5599 synth_eps_raw=0.5599 synth_x0_hit=1.0000 synth_x0_t=45.0000 synth_x0_ldif=0.0253 synth_x0_gen_adv=0.8144 synth_x0_lfm=0.0027 synth_total=0.6721 extra_render_attn_share=0.5563
[step 17250] real_p1_mirror_hole_cov=0.0243 real_p1_eps=0.1598 real_p1_hole_frac=0.2925 real_p2_eps=0.0406 real_p2_hit=0.0000 real_total=0.2004 synth_eps=0.0044 synth_eps_raw=0.0044 synth_x0_hit=0.0000 synth_total=0.0044 extra_render_attn_share=0.5563
[step 17300] real_p1_mirror_hole_cov=0.1403 real_p1_eps=0.1455 real_p1_hole_frac=0.2406 real_p2_eps=0.1087 real_p2_hit=0.0000 real_total=0.2542 synth_eps=0.2860 synth_eps_raw=0.2860 synth_x0_hit=1.0000 synth_x0_t=131.0000 synth_x0_ldif=0.0490 synth_x0_gen_adv=0.5667 synth_x0_lfm=0.0058 synth_total=0.4033 extra_render_attn_share=0.5563
[step 17350] real_p1_mirror_hole_cov=0.0497 real_p1_eps=0.3984 real_p1_hole_frac=0.2752 real_p2_eps=0.1621 real_p2_hit=1.0000 real_p2_t=237.0000 real_p2_ldif=0.0711 real_p2_gen_adv=0.0299 real_p2_lfm=0.0050 real_total=0.6447 discr_adv=0.9751 p2_d_real=0.0198 p2_d_fake=-0.0299 g_grad_abs=1886.8259 d_grad_abs=196.3875 synth_eps=0.0020 synth_eps_raw=0.0020 synth_x0_hit=0.0000 synth_total=0.0020 extra_render_attn_share=0.5563
[step 17400] real_p1_mirror_hole_cov=0.0237 real_p1_eps=0.1070 real_p1_hole_frac=0.2026 real_p2_eps=0.0559 real_p2_hit=0.0000 real_total=0.1629 synth_eps=0.1317 synth_eps_raw=0.1317 synth_x0_hit=0.0000 synth_total=0.1317 extra_render_attn_share=0.5563
[step 17450] real_p1_mirror_hole_cov=0.0122 real_p1_eps=0.4303 real_p1_hole_frac=0.3749 real_p2_eps=0.0472 real_p2_hit=0.0000 real_total=0.4775 synth_eps=0.2437 synth_eps_raw=0.2437 synth_x0_hit=1.0000 synth_x0_t=225.0000 synth_x0_ldif=0.0976 synth_x0_gen_adv=0.0889 synth_x0_lfm=0.0074 synth_total=0.3651 extra_render_attn_share=0.5563
[step 17500] real_p1_mirror_hole_cov=0.1764 real_p1_eps=0.1450 real_p1_hole_frac=0.3045 real_p2_eps=0.0153 real_p2_hit=0.0000 real_total=0.1602 synth_eps=0.0032 synth_eps_raw=0.0032 synth_x0_hit=0.0000 synth_total=0.0032 extra_render_attn_share=0.5563
[images] real: anchor | cond1 | cond2 | inv_warp_mirror | mask | mask_inv | warp_img | warp_warp_img | x | y_hat | y_hat_novel -> /home/xzy/warpgan-diffusiong-inpainting/warpgan-diffusion-inpainting-main/experiments/train_inpainting_diffusion/[20260914-030356]_v18w8_w5hf_100k/logs/images/train/real_step0017500.png
[images] synth: cond | mask | target | warp_img | x | y_hat_novel -> /home/xzy/warpgan-diffusiong-inpainting/warpgan-diffusion-inpainting-main/experiments/train_inpainting_diffusion/[20260914-030356]_v18w8_w5hf_100k/logs/images/train/synth_step0017500.png
[step 17550] real_p1_mirror_hole_cov=0.0185 real_p1_eps=0.1144 real_p1_hole_frac=0.1930 real_p2_eps=0.0076 real_p2_hit=0.0000 real_total=0.1220 synth_eps=0.1265 synth_eps_raw=0.1265 synth_x0_hit=0.0000 synth_total=0.1265 extra_render_attn_share=0.5563
[step 17600] real_p1_mirror_hole_cov=0.0132 real_p1_eps=0.2060 real_p1_hole_frac=0.3655 real_p2_eps=0.0244 real_p2_hit=0.0000 real_total=0.2304 synth_eps=0.0030 synth_eps_raw=0.0030 synth_x0_hit=0.0000 synth_total=0.0030 extra_render_attn_share=0.5563
[step 17650] real_p1_mirror_hole_cov=0.0023 real_p1_eps=0.1089 real_p1_hole_frac=0.2622 real_p2_eps=0.0116 real_p2_hit=0.0000 real_total=0.1205 synth_eps=0.1768 synth_eps_raw=0.1768 synth_x0_hit=1.0000 synth_x0_t=269.0000 synth_x0_ldif=0.0984 synth_x0_gen_adv=-0.4459 synth_x0_lfm=0.0083 synth_total=0.2473 extra_render_attn_share=0.5563
[step 17700] real_p1_mirror_hole_cov=0.1210 real_p1_eps=0.1782 real_p1_hole_frac=0.3680 real_p2_eps=0.2213 real_p2_hit=1.0000 real_p2_t=149.0000 real_p2_ldif=0.0456 real_p2_gen_adv=-0.5067 real_p2_lfm=0.0042 real_total=0.4029 discr_adv=1.9084 x0_d_real=0.5869 x0_d_fake=0.4779 p2_d_real=0.5809 p2_d_fake=0.5067 g_grad_abs=1350.8724 d_grad_abs=648.8207 synth_eps=0.0241 synth_eps_raw=0.0241 synth_x0_hit=0.0000 synth_total=0.0241 extra_render_attn_share=0.5563
[step 17750] real_p1_mirror_hole_cov=0.0268 real_p1_eps=0.2494 real_p1_hole_frac=0.2437 real_p2_eps=0.0860 real_p2_hit=0.0000 real_total=0.3355 synth_eps=0.0459 synth_eps_raw=0.0459 synth_x0_hit=0.0000 synth_total=0.0459 extra_render_attn_share=0.5563
[step 17800] real_p1_mirror_hole_cov=0.2772 real_p1_eps=0.1379 real_p1_hole_frac=0.5062 real_p2_eps=0.4133 real_p2_hit=1.0000 real_p2_t=48.0000 real_p2_ldif=0.0201 real_p2_gen_adv=-0.4342 real_p2_lfm=0.0021 real_total=0.5320 discr_adv=0.9711 p2_d_real=0.4921 p2_d_fake=0.4342 g_grad_abs=1546.3122 d_grad_abs=743.7805 synth_eps=0.1064 synth_eps_raw=0.1064 synth_x0_hit=0.0000 synth_total=0.1064 extra_render_attn_share=0.5563
[step 17850] real_p1_mirror_hole_cov=0.0192 real_p1_eps=0.2487 real_p1_hole_frac=0.2545 real_p2_eps=0.1479 real_p2_hit=1.0000 real_p2_t=243.0000 real_p2_ldif=0.0679 real_p2_gen_adv=0.3588 real_p2_lfm=0.0049 real_total=0.5101 discr_adv=0.9745 p2_d_real=-0.2915 p2_d_fake=-0.3588 g_grad_abs=3707.4844 d_grad_abs=1172.3233 synth_eps=0.0198 synth_eps_raw=0.0198 synth_x0_hit=0.0000 synth_total=0.0198 extra_render_attn_share=0.5563
[step 17900] real_p1_mirror_hole_cov=0.2341 real_p1_eps=0.2347 real_p1_hole_frac=0.1690 real_p2_eps=0.0016 real_p2_hit=0.0000 real_total=0.2364 synth_eps=0.0146 synth_eps_raw=0.0146 synth_x0_hit=0.0000 synth_total=0.0146 extra_render_attn_share=0.5563
[step 17950] real_p1_mirror_hole_cov=0.0033 real_p1_eps=0.1006 real_p1_hole_frac=0.1982 real_p2_eps=0.0024 real_p2_hit=0.0000 real_total=0.1030 synth_eps=0.0013 synth_eps_raw=0.0013 synth_x0_hit=0.0000 synth_total=0.0013 extra_render_attn_share=0.5563
[val step 17999] val_novel_full=0.0296 val_novel_hole=0.0341 val_novel_visible=0.0285
[step 18000] real_p1_mirror_hole_cov=0.0096 real_p1_eps=0.0868 real_p1_hole_frac=0.1964 real_p2_eps=0.1393 real_p2_hit=1.0000 real_p2_t=259.0000 real_p2_ldif=0.0721 real_p2_gen_adv=-0.0656 real_p2_lfm=0.0068 real_total=0.3052 discr_adv=1.1928 p2_d_real=-0.3200 p2_d_fake=0.0656 g_grad_abs=1479.1763 d_grad_abs=2207.1371 synth_eps=0.0049 synth_eps_raw=0.0049 synth_x0_hit=0.0000 synth_total=0.0049 extra_render_attn_share=0.5595
[images] real: anchor | cond1 | cond2 | inv_warp_mirror | mask | mask_inv | warp_img | warp_warp_img | x | y_hat | y_hat_novel -> /home/xzy/warpgan-diffusiong-inpainting/warpgan-diffusion-inpainting-main/experiments/train_inpainting_diffusion/[20260914-030356]_v18w8_w5hf_100k/logs/images/train/real_step0018000.png
[images] synth: cond | mask | target | warp_img | x | y_hat_novel -> /home/xzy/warpgan-diffusiong-inpainting/warpgan-diffusion-inpainting-main/experiments/train_inpainting_diffusion/[20260914-030356]_v18w8_w5hf_100k/logs/images/train/synth_step0018000.png
[step 18050] real_p1_mirror_hole_cov=0.0088 real_p1_eps=0.0853 real_p1_hole_frac=0.2296 real_p2_eps=0.1187 real_p2_hit=1.0000 real_p2_t=297.0000 real_p2_ldif=0.0806 real_p2_gen_adv=-0.7273 real_p2_lfm=0.0049 real_total=0.2218 discr_adv=1.9233 x0_d_real=0.1368 x0_d_fake=-0.0048 p2_d_real=0.7428 p2_d_fake=0.7273 g_grad_abs=1643.2835 d_grad_abs=1383.2028 synth_eps=0.0018 synth_eps_raw=0.0018 synth_x0_hit=0.0000 synth_total=0.0018 extra_render_attn_share=0.5595
[step 18100] real_p1_mirror_hole_cov=0.0840 real_p1_eps=0.1544 real_p1_hole_frac=0.2197 real_p2_eps=0.0027 real_p2_hit=0.0000 real_total=0.1571 synth_eps=0.2593 synth_eps_raw=0.2593 synth_x0_hit=1.0000 synth_x0_t=262.0000 synth_x0_ldif=0.1372 synth_x0_gen_adv=-0.5539 synth_x0_lfm=0.0086 synth_total=0.3583 extra_render_attn_share=0.5595
[step 18150] real_p1_mirror_hole_cov=0.1367 real_p1_eps=0.1296 real_p1_hole_frac=0.2899 real_p2_eps=0.1806 real_p2_hit=1.0000 real_p2_t=238.0000 real_p2_ldif=0.0799 real_p2_gen_adv=0.3081 real_p2_lfm=0.0046 real_total=0.4301 discr_adv=0.8633 p2_d_real=-0.0347 p2_d_fake=-0.3081 g_grad_abs=1978.4736 d_grad_abs=1682.0621 synth_eps=0.0043 synth_eps_raw=0.0043 synth_x0_hit=0.0000 synth_total=0.0043 extra_render_attn_share=0.5595
[step 18200] real_p1_mirror_hole_cov=0.2334 real_p1_eps=0.1090 real_p1_hole_frac=0.2453 real_p2_eps=0.0145 real_p2_hit=0.0000 real_total=0.1235 synth_eps=0.0037 synth_eps_raw=0.0037 synth_x0_hit=0.0000 synth_total=0.0037 extra_render_attn_share=0.5595
[step 18250] real_p1_mirror_hole_cov=0.1764 real_p1_eps=0.2419 real_p1_hole_frac=0.5372 real_p2_eps=0.0141 real_p2_hit=0.0000 real_total=0.2560 synth_eps=0.0115 synth_eps_raw=0.0115 synth_x0_hit=0.0000 synth_total=0.0115 extra_render_attn_share=0.5595
[step 18300] real_p1_mirror_hole_cov=0.1703 real_p1_eps=0.1639 real_p1_hole_frac=0.5209 real_p2_eps=0.5673 real_p2_hit=1.0000 real_p2_t=34.0000 real_p2_ldif=0.0188 real_p2_gen_adv=-0.7130 real_p2_lfm=0.0012 real_total=0.6811 discr_adv=0.9781 p2_d_real=0.7568 p2_d_fake=0.7130 g_grad_abs=1464.3954 d_grad_abs=465.7694 synth_eps=0.0781 synth_eps_raw=0.0781 synth_x0_hit=0.0000 synth_total=0.0781 extra_render_attn_share=0.5595
[step 18350] real_p1_mirror_hole_cov=0.0414 real_p1_eps=0.1311 real_p1_hole_frac=0.4441 real_p2_eps=0.2728 real_p2_hit=1.0000 real_p2_t=144.0000 real_p2_ldif=0.0534 real_p2_gen_adv=-0.7629 real_p2_lfm=0.0044 real_total=0.3899 discr_adv=1.9997 x0_d_real=0.7468 x0_d_fake=0.7468 p2_d_real=0.7635 p2_d_fake=0.7629 g_grad_abs=1657.6504 d_grad_abs=8.2851 synth_eps=0.3880 synth_eps_raw=0.3880 synth_x0_hit=1.0000 synth_x0_t=101.0000 synth_x0_ldif=0.0465 synth_x0_gen_adv=-0.7362 synth_x0_lfm=0.0029 synth_total=0.3667 extra_render_attn_share=0.5595
[step 18400] real_p1_mirror_hole_cov=0.2476 real_p1_eps=0.2125 real_p1_hole_frac=0.5575 real_p2_eps=0.0157 real_p2_hit=0.0000 real_total=0.2282 synth_eps=0.0086 synth_eps_raw=0.0086 synth_x0_hit=0.0000 synth_total=0.0086 extra_render_attn_share=0.5595
[step 18450] real_p1_mirror_hole_cov=0.0094 real_p1_eps=0.1209 real_p1_hole_frac=0.3236 real_p2_eps=0.0040 real_p2_hit=0.0000 real_total=0.1249 synth_eps=0.0040 synth_eps_raw=0.0040 synth_x0_hit=0.0000 synth_total=0.0040 extra_render_attn_share=0.5595
[step 18500] real_p1_mirror_hole_cov=0.0003 real_p1_eps=0.0349 real_p1_hole_frac=0.0373 real_p2_eps=0.0050 real_p2_hit=0.0000 real_total=0.0399 synth_eps=0.0256 synth_eps_raw=0.0256 synth_x0_hit=0.0000 synth_total=0.0256 extra_render_attn_share=0.5595
[images] real: anchor | cond1 | cond2 | inv_warp_mirror | mask | mask_inv | warp_img | warp_warp_img | x | y_hat | y_hat_novel -> /home/xzy/warpgan-diffusiong-inpainting/warpgan-diffusion-inpainting-main/experiments/train_inpainting_diffusion/[20260914-030356]_v18w8_w5hf_100k/logs/images/train/real_step0018500.png
[images] synth: cond | mask | target | warp_img | x | y_hat_novel -> /home/xzy/warpgan-diffusiong-inpainting/warpgan-diffusion-inpainting-main/experiments/train_inpainting_diffusion/[20260914-030356]_v18w8_w5hf_100k/logs/images/train/synth_step0018500.png
[step 18550] real_p1_mirror_hole_cov=0.0853 real_p1_eps=0.1144 real_p1_hole_frac=0.3291 real_p2_eps=0.4299 real_p2_hit=1.0000 real_p2_t=50.0000 real_p2_ldif=0.0219 real_p2_gen_adv=-0.7029 real_p2_lfm=0.0027 real_total=0.5014 discr_adv=0.9905 p2_d_real=0.7220 p2_d_fake=0.7029 g_grad_abs=1341.7556 d_grad_abs=96.0777 synth_eps=0.2102 synth_eps_raw=0.2102 synth_x0_hit=1.0000 synth_x0_t=239.0000 synth_x0_ldif=0.0936 synth_x0_gen_adv=-0.5669 synth_x0_lfm=0.0081 synth_total=0.2632 extra_render_attn_share=0.5595
[step 18600] real_p1_mirror_hole_cov=0.0931 real_p1_eps=0.6654 real_p1_hole_frac=0.3273 real_p2_eps=0.2062 real_p2_hit=1.0000 real_p2_t=203.0000 real_p2_ldif=0.0691 real_p2_gen_adv=-0.3351 real_p2_lfm=0.0054 real_total=0.9179 discr_adv=1.7181 x0_d_real=0.0509 x0_d_fake=-0.2724 p2_d_real=0.5857 p2_d_fake=0.3351 g_grad_abs=2281.4037 d_grad_abs=1565.2788 synth_eps=0.0342 synth_eps_raw=0.0342 synth_x0_hit=0.0000 synth_total=0.0342 extra_render_attn_share=0.5595
[step 18650] real_p1_mirror_hole_cov=0.0201 real_p1_eps=0.1169 real_p1_hole_frac=0.1132 real_p2_eps=0.0244 real_p2_hit=0.0000 real_total=0.1413 synth_eps=0.0039 synth_eps_raw=0.0039 synth_x0_hit=0.0000 synth_total=0.0039 extra_render_attn_share=0.5595
[step 18700] real_p1_mirror_hole_cov=0.2513 real_p1_eps=0.2368 real_p1_hole_frac=0.4318 real_p2_eps=0.0795 real_p2_hit=0.0000 real_total=0.3163 discr_adv=0.9470 x0_d_real=0.4448 x0_d_fake=0.3282 g_grad_abs=1140.3398 d_grad_abs=925.8924 synth_eps=0.0480 synth_eps_raw=0.0480 synth_x0_hit=0.0000 synth_total=0.0480 extra_render_attn_share=0.5595
[step 18750] real_p1_mirror_hole_cov=0.0573 real_p1_eps=0.4771 real_p1_hole_frac=0.4717 real_p2_eps=0.0455 real_p2_hit=0.0000 real_total=0.5225 synth_eps=0.3359 synth_eps_raw=0.3359 synth_x0_hit=1.0000 synth_x0_t=107.0000 synth_x0_ldif=0.0435 synth_x0_gen_adv=0.2665 synth_x0_lfm=0.0037 synth_total=0.4135 extra_render_attn_share=0.5595
[step 18800] real_p1_mirror_hole_cov=0.0145 real_p1_eps=0.0867 real_p1_hole_frac=0.2495 real_p2_eps=0.1053 real_p2_hit=0.0000 real_total=0.1920 synth_eps=0.0573 synth_eps_raw=0.0573 synth_x0_hit=0.0000 synth_total=0.0573 extra_render_attn_share=0.5595
[step 18850] real_p1_mirror_hole_cov=0.0774 real_p1_eps=0.3474 real_p1_hole_frac=0.4237 real_p2_eps=0.2069 real_p2_hit=1.0000 real_p2_t=187.0000 real_p2_ldif=0.0606 real_p2_gen_adv=-0.5676 real_p2_lfm=0.0055 real_total=0.5692 discr_adv=1.9456 x0_d_real=0.6653 x0_d_fake=0.7009 p2_d_real=0.7128 p2_d_fake=0.5676 g_grad_abs=1805.1357 d_grad_abs=966.8551 synth_eps=0.0054 synth_eps_raw=0.0054 synth_x0_hit=0.0000 synth_total=0.0054 extra_render_attn_share=0.5595
[step 18900] real_p1_mirror_hole_cov=0.2077 real_p1_eps=0.1689 real_p1_hole_frac=0.4626 real_p2_eps=0.1759 real_p2_hit=1.0000 real_p2_t=279.0000 real_p2_ldif=0.1052 real_p2_gen_adv=-0.3759 real_p2_lfm=0.0051 real_total=0.4226 discr_adv=1.2824 p2_d_real=-0.1888 p2_d_fake=0.3759 g_grad_abs=1766.5463 d_grad_abs=1735.5253 synth_eps=0.8270 synth_eps_raw=0.8270 synth_x0_hit=1.0000 synth_x0_t=4.0000 synth_x0_ldif=0.0036 synth_x0_gen_adv=0.2527 synth_x0_lfm=0.0004 synth_total=0.8566 extra_render_attn_share=0.5595
[step 18950] real_p1_mirror_hole_cov=0.0709 real_p1_eps=0.0514 real_p1_hole_frac=0.0569 real_p2_eps=0.0135 real_p2_hit=0.0000 real_total=0.0650 discr_adv=0.8866 x0_d_real=-0.3917 x0_d_fake=-0.6273 g_grad_abs=720.8606 d_grad_abs=938.8870 synth_eps=0.4236 synth_eps_raw=0.4236 synth_x0_hit=1.0000 synth_x0_t=69.0000 synth_x0_ldif=0.0314 synth_x0_gen_adv=0.4676 synth_x0_lfm=0.0037 synth_total=0.5092 extra_render_attn_share=0.5595
[step 19000] real_p1_mirror_hole_cov=0.0836 real_p1_eps=0.2145 real_p1_hole_frac=0.2836 real_p2_eps=0.0970 real_p2_hit=0.0000 real_total=0.3115 synth_eps=0.2403 synth_eps_raw=0.2403 synth_x0_hit=1.0000 synth_x0_t=235.0000 synth_x0_ldif=0.1038 synth_x0_gen_adv=0.1851 synth_x0_lfm=0.0072 synth_total=0.3771 extra_render_attn_share=0.5595
[images] real: anchor | cond1 | cond2 | inv_warp_mirror | mask | mask_inv | warp_img | warp_warp_img | x | y_hat | y_hat_novel -> /home/xzy/warpgan-diffusiong-inpainting/warpgan-diffusion-inpainting-main/experiments/train_inpainting_diffusion/[20260914-030356]_v18w8_w5hf_100k/logs/images/train/real_step0019000.png
[images] synth: cond | mask | target | warp_img | x | y_hat_novel -> /home/xzy/warpgan-diffusiong-inpainting/warpgan-diffusion-inpainting-main/experiments/train_inpainting_diffusion/[20260914-030356]_v18w8_w5hf_100k/logs/images/train/synth_step0019000.png
[step 19050] real_p1_mirror_hole_cov=0.0106 real_p1_eps=0.1099 real_p1_hole_frac=0.0975 real_p2_eps=0.1786 real_p2_hit=1.0000 real_p2_t=69.0000 real_p2_ldif=0.0133 real_p2_gen_adv=0.4570 real_p2_lfm=0.0013 real_total=0.3501 discr_adv=0.9931 p2_d_real=-0.4431 p2_d_fake=-0.4570 g_grad_abs=1333.2514 d_grad_abs=38.5898 synth_eps=0.0030 synth_eps_raw=0.0030 synth_x0_hit=0.0000 synth_total=0.0030 extra_render_attn_share=0.5595
[step 19100] real_p1_mirror_hole_cov=0.2566 real_p1_eps=0.1245 real_p1_hole_frac=0.2654 real_p2_eps=0.0782 real_p2_hit=0.0000 real_total=0.2028 discr_adv=1.2353 x0_d_real=0.2147 x0_d_fake=0.6634 g_grad_abs=963.0895 d_grad_abs=7340.0707 synth_eps=0.4960 synth_eps_raw=0.4960 synth_x0_hit=1.0000 synth_x0_t=54.0000 synth_x0_ldif=0.0276 synth_x0_gen_adv=-0.4137 synth_x0_lfm=0.0025 synth_total=0.4873 extra_render_attn_share=0.5595
[step 19150] real_p1_mirror_hole_cov=0.0259 real_p1_eps=0.2092 real_p1_hole_frac=0.1609 real_p2_eps=0.0259 real_p2_hit=0.0000 real_total=0.2350 synth_eps=0.0109 synth_eps_raw=0.0109 synth_x0_hit=0.0000 synth_total=0.0109 extra_render_attn_share=0.5595
[step 19200] real_p1_mirror_hole_cov=0.3362 real_p1_eps=0.1460 real_p1_hole_frac=0.1675 real_p2_eps=0.4176 real_p2_hit=1.0000 real_p2_t=31.0000 real_p2_ldif=0.0126 real_p2_gen_adv=-0.2387 real_p2_lfm=0.0014 real_total=0.5551 discr_adv=0.9915 p2_d_real=0.2558 p2_d_fake=0.2387 g_grad_abs=1636.5990 d_grad_abs=241.5839 synth_eps=0.0539 synth_eps_raw=0.0539 synth_x0_hit=0.0000 synth_total=0.0539 extra_render_attn_share=0.5595
[step 19250] real_p1_mirror_hole_cov=0.2468 real_p1_eps=0.6259 real_p1_hole_frac=0.1645 real_p2_eps=0.0364 real_p2_hit=0.0000 real_total=0.6624 discr_adv=0.9114 x0_d_real=0.6323 x0_d_fake=0.4552 g_grad_abs=1611.8302 d_grad_abs=2807.0992 synth_eps=0.6106 synth_eps_raw=0.6106 synth_x0_hit=1.0000 synth_x0_t=35.0000 synth_x0_ldif=0.0209 synth_x0_gen_adv=-0.9285 synth_x0_lfm=0.0011 synth_total=0.5409 extra_render_attn_share=0.5595
[step 19300] real_p1_mirror_hole_cov=0.1768 real_p1_eps=0.1528 real_p1_hole_frac=0.1917 real_p2_eps=0.2285 real_p2_hit=1.0000 real_p2_t=196.0000 real_p2_ldif=0.0722 real_p2_gen_adv=-0.7735 real_p2_lfm=0.0035 real_total=0.3831 discr_adv=1.2032 p2_d_real=0.3670 p2_d_fake=0.7735 g_grad_abs=3639.7339 d_grad_abs=5920.4856 synth_eps=0.0192 synth_eps_raw=0.0192 synth_x0_hit=0.0000 synth_total=0.0192 extra_render_attn_share=0.5595
[step 19350] real_p1_mirror_hole_cov=0.0510 real_p1_eps=0.1437 real_p1_hole_frac=0.3996 real_p2_eps=0.0240 real_p2_hit=0.0000 real_total=0.1677 synth_eps=0.1470 synth_eps_raw=0.1470 synth_x0_hit=0.0000 synth_total=0.1470 extra_render_attn_share=0.5595
[step 19400] real_p1_mirror_hole_cov=0.0085 real_p1_eps=0.0627 real_p1_hole_frac=0.0321 real_p2_eps=0.0726 real_p2_hit=1.0000 real_p2_t=274.0000 real_p2_ldif=0.0419 real_p2_gen_adv=0.4574 real_p2_lfm=0.0036 real_total=0.2300 discr_adv=1.9732 x0_d_real=-0.5800 x0_d_fake=-0.6115 p2_d_real=-0.4352 p2_d_fake=-0.4574 g_grad_abs=1185.3229 d_grad_abs=184.3457 synth_eps=0.0020 synth_eps_raw=0.0020 synth_x0_hit=0.0000 synth_total=0.0020 extra_render_attn_share=0.5595
[step 19450] real_p1_mirror_hole_cov=0.1358 real_p1_eps=0.1037 real_p1_hole_frac=0.1126 real_p2_eps=0.1016 real_p2_hit=1.0000 real_p2_t=299.0000 real_p2_ldif=0.0699 real_p2_gen_adv=0.6403 real_p2_lfm=0.0053 real_total=0.3498 discr_adv=0.9642 p2_d_real=-0.5686 p2_d_fake=-0.6403 g_grad_abs=1230.7084 d_grad_abs=144.1986 synth_eps=0.0099 synth_eps_raw=0.0099 synth_x0_hit=0.0000 synth_total=0.0099 extra_render_attn_share=0.5595
[step 19500] real_p1_mirror_hole_cov=0.0116 real_p1_eps=0.1828 real_p1_hole_frac=0.1799 real_p2_eps=0.0082 real_p2_hit=0.0000 real_total=0.1910 synth_eps=0.2180 synth_eps_raw=0.2180 synth_x0_hit=1.0000 synth_x0_t=223.0000 synth_x0_ldif=0.0858 synth_x0_gen_adv=0.7197 synth_x0_lfm=0.0081 synth_total=0.3920 extra_render_attn_share=0.5595
[images] real: anchor | cond1 | cond2 | inv_warp_mirror | mask | mask_inv | warp_img | warp_warp_img | x | y_hat | y_hat_novel -> /home/xzy/warpgan-diffusiong-inpainting/warpgan-diffusion-inpainting-main/experiments/train_inpainting_diffusion/[20260914-030356]_v18w8_w5hf_100k/logs/images/train/real_step0019500.png
[images] synth: cond | mask | target | warp_img | x | y_hat_novel -> /home/xzy/warpgan-diffusiong-inpainting/warpgan-diffusion-inpainting-main/experiments/train_inpainting_diffusion/[20260914-030356]_v18w8_w5hf_100k/logs/images/train/synth_step0019500.png
[step 19550] real_p1_mirror_hole_cov=0.0823 real_p1_eps=0.0977 real_p1_hole_frac=0.1795 real_p2_eps=0.0658 real_p2_hit=0.0000 real_total=0.1635 synth_eps=0.3405 synth_eps_raw=0.3405 synth_x0_hit=1.0000 synth_x0_t=169.0000 synth_x0_ldif=0.0849 synth_x0_gen_adv=0.1052 synth_x0_lfm=0.0071 synth_total=0.4501 extra_render_attn_share=0.5595
[step 19600] real_p1_mirror_hole_cov=0.2234 real_p1_eps=0.2800 real_p1_hole_frac=0.3929 real_p2_eps=0.0030 real_p2_hit=0.0000 real_total=0.2830 synth_eps=0.4590 synth_eps_raw=0.4590 synth_x0_hit=1.0000 synth_x0_t=103.0000 synth_x0_ldif=0.0565 synth_x0_gen_adv=0.2152 synth_x0_lfm=0.0043 synth_total=0.5457 extra_render_attn_share=0.5595
[step 19650] real_p1_mirror_hole_cov=0.2169 real_p1_eps=0.1493 real_p1_hole_frac=0.5046 real_p2_eps=0.2228 real_p2_hit=1.0000 real_p2_t=248.0000 real_p2_ldif=0.1063 real_p2_gen_adv=-0.3227 real_p2_lfm=0.0082 real_total=0.4624 discr_adv=0.9570 p2_d_real=0.4145 p2_d_fake=0.3227 g_grad_abs=1750.0955 d_grad_abs=896.0795 synth_eps=0.0631 synth_eps_raw=0.0631 synth_x0_hit=0.0000 synth_total=0.0631 extra_render_attn_share=0.5595
[step 19700] real_p1_mirror_hole_cov=0.1883 real_p1_eps=0.2822 real_p1_hole_frac=0.6174 real_p2_eps=0.0170 real_p2_hit=0.0000 real_total=0.2992 synth_eps=0.0654 synth_eps_raw=0.0654 synth_x0_hit=0.0000 synth_total=0.0654 extra_render_attn_share=0.5595
[step 19750] real_p1_mirror_hole_cov=0.2511 real_p1_eps=0.1923 real_p1_hole_frac=0.3104 real_p2_eps=0.0028 real_p2_hit=0.0000 real_total=0.1951 discr_adv=0.9820 x0_d_real=-0.0235 x0_d_fake=-0.0596 g_grad_abs=938.2176 d_grad_abs=202.0413 synth_eps=0.0465 synth_eps_raw=0.0465 synth_x0_hit=0.0000 synth_total=0.0465 extra_render_attn_share=0.5595
[step 19800] real_p1_mirror_hole_cov=0.2260 real_p1_eps=0.4189 real_p1_hole_frac=0.3026 real_p2_eps=0.2215 real_p2_hit=1.0000 real_p2_t=119.0000 real_p2_ldif=0.0331 real_p2_gen_adv=-0.1408 real_p2_lfm=0.0032 real_total=0.6656 discr_adv=1.9096 x0_d_real=0.1875 x0_d_fake=0.0238 p2_d_real=0.1582 p2_d_fake=0.1408 g_grad_abs=1834.3062 d_grad_abs=2388.6671 synth_eps=0.2564 synth_eps_raw=0.2564 synth_x0_hit=1.0000 synth_x0_t=159.0000 synth_x0_ldif=0.0582 synth_x0_gen_adv=-0.0167 synth_x0_lfm=0.0055 synth_total=0.3240 extra_render_attn_share=0.5595
[step 19850] real_p1_mirror_hole_cov=0.1377 real_p1_eps=0.1051 real_p1_hole_frac=0.4900 real_p2_eps=0.0457 real_p2_hit=0.0000 real_total=0.1508 synth_eps=0.1467 synth_eps_raw=0.1467 synth_x0_hit=0.0000 synth_total=0.1467 extra_render_attn_share=0.5595
[step 19900] real_p1_mirror_hole_cov=0.2562 real_p1_eps=0.1385 real_p1_hole_frac=0.7505 real_p2_eps=0.4367 real_p2_hit=1.0000 real_p2_t=60.0000 real_p2_ldif=0.0274 real_p2_gen_adv=0.7145 real_p2_lfm=0.0030 real_total=0.6801 discr_adv=0.9152 p2_d_real=-0.5089 p2_d_fake=-0.7145 g_grad_abs=1179.2728 d_grad_abs=1706.4899 synth_eps=0.0806 synth_eps_raw=0.0806 synth_x0_hit=0.0000 synth_total=0.0806 extra_render_attn_share=0.5595
[step 19950] real_p1_mirror_hole_cov=0.0503 real_p1_eps=0.1594 real_p1_hole_frac=0.4018 real_p2_eps=0.4112 real_p2_hit=1.0000 real_p2_t=74.0000 real_p2_ldif=0.0332 real_p2_gen_adv=-0.5334 real_p2_lfm=0.0028 real_total=0.5561 discr_adv=0.9565 p2_d_real=0.6207 p2_d_fake=0.5334 g_grad_abs=1613.1332 d_grad_abs=518.2233 synth_eps=0.0843 synth_eps_raw=0.0843 synth_x0_hit=0.0000 synth_total=0.0843 extra_render_attn_share=0.5595
[ckpt] saved /home/xzy/warpgan-diffusiong-inpainting/warpgan-diffusion-inpainting-main/experiments/train_inpainting_diffusion/[20260914-030356]_v18w8_w5hf_100k/checkpoints/iteration_0019999.pt
[val step 19999] val_novel_full=0.0220 val_novel_hole=0.0138 val_novel_visible=0.0235
[step 20000] real_p1_mirror_hole_cov=0.0069 real_p1_eps=0.1135 real_p1_hole_frac=0.1832 real_p2_eps=0.3869 real_p2_hit=1.0000 real_p2_t=22.0000 real_p2_ldif=0.0081 real_p2_gen_adv=-0.4354 real_p2_lfm=0.0010 real_total=0.4669 discr_adv=1.0114 p2_d_real=0.4125 p2_d_fake=0.4354 g_grad_abs=1556.2019 d_grad_abs=134.6832 synth_eps=0.2713 synth_eps_raw=0.2713 synth_x0_hit=1.0000 synth_x0_t=231.0000 synth_x0_ldif=0.1137 synth_x0_gen_adv=-0.7202 synth_x0_lfm=0.0068 synth_total=0.3265 extra_render_attn_share=0.5597
[images] real: anchor | cond1 | cond2 | inv_warp_mirror | mask | mask_inv | warp_img | warp_warp_img | x | y_hat | y_hat_novel -> /home/xzy/warpgan-diffusiong-inpainting/warpgan-diffusion-inpainting-main/experiments/train_inpainting_diffusion/[20260914-030356]_v18w8_w5hf_100k/logs/images/train/real_step0020000.png
[images] synth: cond | mask | target | warp_img | x | y_hat_novel -> /home/xzy/warpgan-diffusiong-inpainting/warpgan-diffusion-inpainting-main/experiments/train_inpainting_diffusion/[20260914-030356]_v18w8_w5hf_100k/logs/images/train/synth_step0020000.png
[step 20050] real_p1_mirror_hole_cov=0.0049 real_p1_eps=0.0613 real_p1_hole_frac=0.1574 real_p2_eps=0.0428 real_p2_hit=0.0000 real_total=0.1041 synth_eps=0.6935 synth_eps_raw=0.6935 synth_x0_hit=1.0000 synth_x0_t=15.0000 synth_x0_ldif=0.0099 synth_x0_gen_adv=-0.1359 synth_x0_lfm=0.0016 synth_total=0.6929 extra_render_attn_share=0.5597
[step 20100] real_p1_mirror_hole_cov=0.1762 real_p1_eps=0.7699 real_p1_hole_frac=0.1301 real_p2_eps=0.0230 real_p2_hit=0.0000 real_total=0.7929 synth_eps=0.2954 synth_eps_raw=0.2954 synth_x0_hit=1.0000 synth_x0_t=125.0000 synth_x0_ldif=0.0472 synth_x0_gen_adv=0.6221 synth_x0_lfm=0.0034 synth_total=0.4117 extra_render_attn_share=0.5597
[step 20150] real_p1_mirror_hole_cov=0.0448 real_p1_eps=0.1364 real_p1_hole_frac=0.2401 real_p2_eps=0.0250 real_p2_hit=0.0000 real_total=0.1614 synth_eps=0.0273 synth_eps_raw=0.0273 synth_x0_hit=0.0000 synth_total=0.0273 extra_render_attn_share=0.5597
[step 20200] real_p1_mirror_hole_cov=0.0449 real_p1_eps=0.2014 real_p1_hole_frac=0.4760 real_p2_eps=0.0333 real_p2_hit=0.0000 real_total=0.2347 synth_eps=0.0031 synth_eps_raw=0.0031 synth_x0_hit=0.0000 synth_total=0.0031 extra_render_attn_share=0.5597
[step 20250] real_p1_mirror_hole_cov=0.2959 real_p1_eps=0.1975 real_p1_hole_frac=0.3994 real_p2_eps=0.2260 real_p2_hit=1.0000 real_p2_t=159.0000 real_p2_ldif=0.0513 real_p2_gen_adv=0.1989 real_p2_lfm=0.0052 real_total=0.5051 discr_adv=0.9522 p2_d_real=-0.1033 p2_d_fake=-0.1989 g_grad_abs=1507.3097 d_grad_abs=210.8435 synth_eps=0.0248 synth_eps_raw=0.0248 synth_x0_hit=0.0000 synth_total=0.0248 extra_render_attn_share=0.5597
[step 20300] real_p1_mirror_hole_cov=0.0105 real_p1_eps=0.1024 real_p1_hole_frac=0.1470 real_p2_eps=0.0008 real_p2_hit=0.0000 real_total=0.1032 discr_adv=1.4733 x0_d_real=-0.9375 x0_d_fake=0.0091 g_grad_abs=692.0885 d_grad_abs=3023.9387 synth_eps=0.0203 synth_eps_raw=0.0203 synth_x0_hit=0.0000 synth_total=0.0203 extra_render_attn_share=0.5597
[step 20350] real_p1_mirror_hole_cov=0.0704 real_p1_eps=0.1741 real_p1_hole_frac=0.2284 real_p2_eps=0.0417 real_p2_hit=0.0000 real_total=0.2159 synth_eps=0.0062 synth_eps_raw=0.0062 synth_x0_hit=0.0000 synth_total=0.0062 extra_render_attn_share=0.5597
[step 20400] real_p1_mirror_hole_cov=0.0851 real_p1_eps=0.4134 real_p1_hole_frac=0.4263 real_p2_eps=0.2633 real_p2_hit=1.0000 real_p2_t=181.0000 real_p2_ldif=0.0731 real_p2_gen_adv=-0.5096 real_p2_lfm=0.0060 real_total=0.7108 discr_adv=0.9681 p2_d_real=0.5734 p2_d_fake=0.5096 g_grad_abs=1963.0012 d_grad_abs=182.9729 synth_eps=0.0045 synth_eps_raw=0.0045 synth_x0_hit=0.0000 synth_total=0.0045 extra_render_attn_share=0.5597
[step 20450] real_p1_mirror_hole_cov=0.0299 real_p1_eps=0.0653 real_p1_hole_frac=0.0749 real_p2_eps=0.0207 real_p2_hit=0.0000 real_total=0.0860 discr_adv=0.9771 x0_d_real=0.0139 x0_d_fake=-0.0318 g_grad_abs=736.8147 d_grad_abs=113.9007 synth_eps=0.0242 synth_eps_raw=0.0242 synth_x0_hit=0.0000 synth_total=0.0242 extra_render_attn_share=0.5597
[step 20500] real_p1_mirror_hole_cov=0.0254 real_p1_eps=0.2920 real_p1_hole_frac=0.2671 real_p2_eps=0.2835 real_p2_hit=1.0000 real_p2_t=96.0000 real_p2_ldif=0.0318 real_p2_gen_adv=-0.0485 real_p2_lfm=0.0032 real_total=0.6089 discr_adv=0.9741 p2_d_real=0.1003 p2_d_fake=0.0485 g_grad_abs=1686.7856 d_grad_abs=146.2035 synth_eps=0.0077 synth_eps_raw=0.0077 synth_x0_hit=0.0000 synth_total=0.0077 extra_render_attn_share=0.5597
[images] real: anchor | cond1 | cond2 | inv_warp_mirror | mask | mask_inv | warp_img | warp_warp_img | x | y_hat | y_hat_novel -> /home/xzy/warpgan-diffusiong-inpainting/warpgan-diffusion-inpainting-main/experiments/train_inpainting_diffusion/[20260914-030356]_v18w8_w5hf_100k/logs/images/train/real_step0020500.png
[images] synth: cond | mask | target | warp_img | x | y_hat_novel -> /home/xzy/warpgan-diffusiong-inpainting/warpgan-diffusion-inpainting-main/experiments/train_inpainting_diffusion/[20260914-030356]_v18w8_w5hf_100k/logs/images/train/synth_step0020500.png
[step 20550] real_p1_mirror_hole_cov=0.1463 real_p1_eps=0.1764 real_p1_hole_frac=0.2540 real_p2_eps=0.0260 real_p2_hit=0.0000 real_total=0.2025 discr_adv=0.9651 x0_d_real=0.0860 x0_d_fake=0.0161 g_grad_abs=1031.3334 d_grad_abs=242.7399 synth_eps=0.7103 synth_eps_raw=0.7103 synth_x0_hit=1.0000 synth_x0_t=18.0000 synth_x0_ldif=0.0122 synth_x0_gen_adv=0.3233 synth_x0_lfm=0.0013 synth_total=0.7574 extra_render_attn_share=0.5597
[step 20600] real_p1_mirror_hole_cov=0.0668 real_p1_eps=0.3260 real_p1_hole_frac=0.3193 real_p2_eps=0.0015 real_p2_hit=0.0000 real_total=0.3275 synth_eps=0.0013 synth_eps_raw=0.0013 synth_x0_hit=0.0000 synth_total=0.0013 extra_render_attn_share=0.5597
[step 20650] real_p1_mirror_hole_cov=0.0150 real_p1_eps=0.1047 real_p1_hole_frac=0.3716 real_p2_eps=0.1654 real_p2_hit=1.0000 real_p2_t=245.0000 real_p2_ldif=0.0771 real_p2_gen_adv=-0.1783 real_p2_lfm=0.0055 real_total=0.3404 discr_adv=0.9703 p2_d_real=0.2378 p2_d_fake=0.1783 g_grad_abs=1656.8004 d_grad_abs=211.9103 synth_eps=0.0138 synth_eps_raw=0.0138 synth_x0_hit=0.0000 synth_total=0.0138 extra_render_attn_share=0.5597
[step 20700] real_p1_mirror_hole_cov=0.2588 real_p1_eps=0.1502 real_p1_hole_frac=0.2213 real_p2_eps=0.0028 real_p2_hit=0.0000 real_total=0.1530 synth_eps=0.1751 synth_eps_raw=0.1751 synth_x0_hit=1.0000 synth_x0_t=298.0000 synth_x0_ldif=0.1198 synth_x0_gen_adv=-0.5431 synth_x0_lfm=0.0076 synth_total=0.2557 extra_render_attn_share=0.5597
[step 20750] real_p1_mirror_hole_cov=0.1675 real_p1_eps=0.1627 real_p1_hole_frac=0.4954 real_p2_eps=0.0073 real_p2_hit=0.0000 real_total=0.1700 synth_eps=0.0210 synth_eps_raw=0.0210 synth_x0_hit=0.0000 synth_total=0.0210 extra_render_attn_share=0.5597
[step 20800] real_p1_mirror_hole_cov=0.1488 real_p1_eps=0.3355 real_p1_hole_frac=0.4118 real_p2_eps=0.0035 real_p2_hit=0.0000 real_total=0.3390 discr_adv=1.0020 x0_d_real=-0.8799 x0_d_fake=-0.8797 g_grad_abs=1288.1184 d_grad_abs=378.0600 synth_eps=0.5245 synth_eps_raw=0.5245 synth_x0_hit=1.0000 synth_x0_t=60.0000 synth_x0_ldif=0.0330 synth_x0_gen_adv=-0.0292 synth_x0_lfm=0.0034 synth_total=0.5612 extra_render_attn_share=0.5597
[step 20850] real_p1_mirror_hole_cov=0.1430 real_p1_eps=0.2317 real_p1_hole_frac=0.2733 real_p2_eps=0.0175 real_p2_hit=0.0000 real_total=0.2491 discr_adv=0.9921 x0_d_real=0.0688 x0_d_fake=0.0529 g_grad_abs=1190.8653 d_grad_abs=76.1586 synth_eps=0.0165 synth_eps_raw=0.0165 synth_x0_hit=0.0000 synth_total=0.0165 extra_render_attn_share=0.5597
[step 20900] real_p1_mirror_hole_cov=0.0079 real_p1_eps=0.2651 real_p1_hole_frac=0.2269 real_p2_eps=0.1832 real_p2_hit=1.0000 real_p2_t=163.0000 real_p2_ldif=0.0432 real_p2_gen_adv=0.2768 real_p2_lfm=0.0028 real_total=0.5248 discr_adv=1.1023 p2_d_real=-0.4812 p2_d_fake=-0.2768 g_grad_abs=1715.0583 d_grad_abs=532.9264 synth_eps=0.2169 synth_eps_raw=0.2169 synth_x0_hit=1.0000 synth_x0_t=208.0000 synth_x0_ldif=0.0757 synth_x0_gen_adv=-0.2494 synth_x0_lfm=0.0060 synth_total=0.2796 extra_render_attn_share=0.5597
[step 20950] real_p1_mirror_hole_cov=0.0308 real_p1_eps=0.5879 real_p1_hole_frac=0.4168 real_p2_eps=0.1334 real_p2_hit=0.0000 real_total=0.7213 synth_eps=0.1302 synth_eps_raw=0.1302 synth_x0_hit=0.0000 synth_total=0.1302 extra_render_attn_share=0.5597
[step 21000] real_p1_mirror_hole_cov=0.3110 real_p1_eps=0.2193 real_p1_hole_frac=0.2665 real_p2_eps=0.0162 real_p2_hit=0.0000 real_total=0.2355 synth_eps=0.0052 synth_eps_raw=0.0052 synth_x0_hit=0.0000 synth_total=0.0052 extra_render_attn_share=0.5597
[images] real: anchor | cond1 | cond2 | inv_warp_mirror | mask | mask_inv | warp_img | warp_warp_img | x | y_hat | y_hat_novel -> /home/xzy/warpgan-diffusiong-inpainting/warpgan-diffusion-inpainting-main/experiments/train_inpainting_diffusion/[20260914-030356]_v18w8_w5hf_100k/logs/images/train/real_step0021000.png
[images] synth: cond | mask | target | warp_img | x | y_hat_novel -> /home/xzy/warpgan-diffusiong-inpainting/warpgan-diffusion-inpainting-main/experiments/train_inpainting_diffusion/[20260914-030356]_v18w8_w5hf_100k/logs/images/train/synth_step0021000.png
[step 21050] real_p1_mirror_hole_cov=0.3561 real_p1_eps=0.3118 real_p1_hole_frac=0.2217 real_p2_eps=0.1966 real_p2_hit=1.0000 real_p2_t=187.0000 real_p2_ldif=0.0575 real_p2_gen_adv=-0.7252 real_p2_lfm=0.0032 real_total=0.4999 discr_adv=2.0743 x0_d_real=-0.0728 x0_d_fake=-0.0128 p2_d_real=0.6369 p2_d_fake=0.7252 g_grad_abs=1790.9981 d_grad_abs=391.5089 synth_eps=0.0268 synth_eps_raw=0.0268 synth_x0_hit=0.0000 synth_total=0.0268 extra_render_attn_share=0.5597
[step 21100] real_p1_mirror_hole_cov=0.3315 real_p1_eps=0.1991 real_p1_hole_frac=0.3238 real_p2_eps=0.0433 real_p2_hit=0.0000 real_total=0.2425 synth_eps=0.0825 synth_eps_raw=0.0825 synth_x0_hit=0.0000 synth_total=0.0825 extra_render_attn_share=0.5597
[step 21150] real_p1_mirror_hole_cov=0.0190 real_p1_eps=0.2007 real_p1_hole_frac=0.3974 real_p2_eps=0.0664 real_p2_hit=0.0000 real_total=0.2670 synth_eps=0.1983 synth_eps_raw=0.1983 synth_x0_hit=1.0000 synth_x0_t=271.0000 synth_x0_ldif=0.1120 synth_x0_gen_adv=-0.4642 synth_x0_lfm=0.0068 synth_total=0.2775 extra_render_attn_share=0.5597
[step 21200] real_p1_mirror_hole_cov=0.0359 real_p1_eps=0.1081 real_p1_hole_frac=0.1066 real_p2_eps=0.1433 real_p2_hit=1.0000 real_p2_t=170.0000 real_p2_ldif=0.0360 real_p2_gen_adv=-0.5063 real_p2_lfm=0.0027 real_total=0.2422 discr_adv=1.0776 p2_d_real=0.3512 p2_d_fake=0.5063 g_grad_abs=1249.5550 d_grad_abs=785.6899 synth_eps=0.2876 synth_eps_raw=0.2876 synth_x0_hit=1.0000 synth_x0_t=144.0000 synth_x0_ldif=0.0563 synth_x0_gen_adv=0.1465 synth_x0_lfm=0.0044 synth_total=0.3674 extra_render_attn_share=0.5597
[step 21250] real_p1_mirror_hole_cov=0.0023 real_p1_eps=0.4288 real_p1_hole_frac=0.2760 real_p2_eps=0.3191 real_p2_hit=1.0000 real_p2_t=75.0000 real_p2_ldif=0.0262 real_p2_gen_adv=-0.6402 real_p2_lfm=0.0033 real_total=0.7166 discr_adv=0.9999 p2_d_real=0.6404 p2_d_fake=0.6402 g_grad_abs=1857.2021 d_grad_abs=37.7627 synth_eps=0.2830 synth_eps_raw=0.2830 synth_x0_hit=1.0000 synth_x0_t=110.0000 synth_x0_ldif=0.0380 synth_x0_gen_adv=-0.0262 synth_x0_lfm=0.0042 synth_total=0.3268 extra_render_attn_share=0.5597
[step 21300] real_p1_mirror_hole_cov=0.1843 real_p1_eps=0.1387 real_p1_hole_frac=0.5427 real_p2_eps=0.4813 real_p2_hit=1.0000 real_p2_t=56.0000 real_p2_ldif=0.0279 real_p2_gen_adv=0.1289 real_p2_lfm=0.0029 real_total=0.6665 discr_adv=0.9506 p2_d_real=-0.0302 p2_d_fake=-0.1289 g_grad_abs=1365.5681 d_grad_abs=309.7038 synth_eps=0.0079 synth_eps_raw=0.0079 synth_x0_hit=0.0000 synth_total=0.0079 extra_render_attn_share=0.5597
[step 21350] real_p1_mirror_hole_cov=0.2089 real_p1_eps=0.1710 real_p1_hole_frac=0.5567 real_p2_eps=0.0084 real_p2_hit=0.0000 real_total=0.1794 discr_adv=1.0138 x0_d_real=0.0985 x0_d_fake=0.1261 g_grad_abs=807.9938 d_grad_abs=124.8634 synth_eps=0.2441 synth_eps_raw=0.2441 synth_x0_hit=1.0000 synth_x0_t=181.0000 synth_x0_ldif=0.0678 synth_x0_gen_adv=0.0707 synth_x0_lfm=0.0060 synth_total=0.3309 extra_render_attn_share=0.5597
[step 21400] real_p1_mirror_hole_cov=0.0096 real_p1_eps=0.1192 real_p1_hole_frac=0.2666 real_p2_eps=0.0147 real_p2_hit=0.0000 real_total=0.1338 discr_adv=0.9542 x0_d_real=-0.0416 x0_d_fake=-0.1331 g_grad_abs=742.4374 d_grad_abs=333.8431 synth_eps=0.1500 synth_eps_raw=0.1500 synth_x0_hit=0.0000 synth_total=0.1500 extra_render_attn_share=0.5597
[step 21450] real_p1_mirror_hole_cov=0.0683 real_p1_eps=0.2740 real_p1_hole_frac=0.4709 real_p2_eps=0.1242 real_p2_hit=0.0000 real_total=0.3982 synth_eps=0.0472 synth_eps_raw=0.0472 synth_x0_hit=0.0000 synth_total=0.0472 extra_render_attn_share=0.5597
[step 21500] real_p1_mirror_hole_cov=0.0328 real_p1_eps=0.1495 real_p1_hole_frac=0.2391 real_p2_eps=0.2386 real_p2_hit=1.0000 real_p2_t=153.0000 real_p2_ldif=0.0511 real_p2_gen_adv=-0.1164 real_p2_lfm=0.0043 real_total=0.4362 discr_adv=1.0311 p2_d_real=0.0542 p2_d_fake=0.1164 g_grad_abs=1505.0545 d_grad_abs=162.9101 synth_eps=0.0072 synth_eps_raw=0.0072 synth_x0_hit=0.0000 synth_total=0.0072 extra_render_attn_share=0.5597
[images] real: anchor | cond1 | cond2 | inv_warp_mirror | mask | mask_inv | warp_img | warp_warp_img | x | y_hat | y_hat_novel -> /home/xzy/warpgan-diffusiong-inpainting/warpgan-diffusion-inpainting-main/experiments/train_inpainting_diffusion/[20260914-030356]_v18w8_w5hf_100k/logs/images/train/real_step0021500.png
[images] synth: cond | mask | target | warp_img | x | y_hat_novel -> /home/xzy/warpgan-diffusiong-inpainting/warpgan-diffusion-inpainting-main/experiments/train_inpainting_diffusion/[20260914-030356]_v18w8_w5hf_100k/logs/images/train/synth_step0021500.png
[step 21550] real_p1_mirror_hole_cov=0.0213 real_p1_eps=0.0494 real_p1_hole_frac=0.0834 real_p2_eps=0.0010 real_p2_hit=0.0000 real_total=0.0504 synth_eps=0.0031 synth_eps_raw=0.0031 synth_x0_hit=0.0000 synth_total=0.0031 extra_render_attn_share=0.5597
[step 21600] real_p1_mirror_hole_cov=0.0156 real_p1_eps=0.0499 real_p1_hole_frac=0.0841 real_p2_eps=0.1717 real_p2_hit=1.0000 real_p2_t=92.0000 real_p2_ldif=0.0182 real_p2_gen_adv=0.1091 real_p2_lfm=0.0023 real_total=0.2553 discr_adv=1.0695 p2_d_real=-0.2482 p2_d_fake=-0.1091 g_grad_abs=1185.4947 d_grad_abs=257.6828 synth_eps=0.0657 synth_eps_raw=0.0657 synth_x0_hit=0.0000 synth_total=0.0657 extra_render_attn_share=0.5597
[step 21650] real_p1_mirror_hole_cov=0.0065 real_p1_eps=0.2455 real_p1_hole_frac=0.2797 real_p2_eps=0.0046 real_p2_hit=0.0000 real_total=0.2501 synth_eps=0.0187 synth_eps_raw=0.0187 synth_x0_hit=0.0000 synth_total=0.0187 extra_render_attn_share=0.5597
[step 21700] real_p1_mirror_hole_cov=0.1741 real_p1_eps=0.2363 real_p1_hole_frac=0.4691 real_p2_eps=0.0048 real_p2_hit=0.0000 real_total=0.2411 synth_eps=0.0432 synth_eps_raw=0.0432 synth_x0_hit=0.0000 synth_total=0.0432 extra_render_attn_share=0.5597
[step 21750] real_p1_mirror_hole_cov=0.2711 real_p1_eps=0.3710 real_p1_hole_frac=0.3025 real_p2_eps=0.2607 real_p2_hit=1.0000 real_p2_t=163.0000 real_p2_ldif=0.0615 real_p2_gen_adv=-0.8313 real_p2_lfm=0.0042 real_total=0.6185 discr_adv=0.9781 p2_d_real=0.8771 p2_d_fake=0.8313 g_grad_abs=2062.7274 d_grad_abs=415.5563 synth_eps=0.0210 synth_eps_raw=0.0210 synth_x0_hit=0.0000 synth_total=0.0210 extra_render_attn_share=0.5597
[step 21800] real_p1_mirror_hole_cov=0.2192 real_p1_eps=0.1586 real_p1_hole_frac=0.4223 real_p2_eps=0.0011 real_p2_hit=0.0000 real_total=0.1598 synth_eps=0.0070 synth_eps_raw=0.0070 synth_x0_hit=0.0000 synth_total=0.0070 extra_render_attn_share=0.5597
[step 21850] real_p1_mirror_hole_cov=0.4346 real_p1_eps=0.8040 real_p1_hole_frac=0.6610 real_p2_eps=0.0064 real_p2_hit=0.0000 real_total=0.8104 discr_adv=0.9732 x0_d_real=0.6071 x0_d_fake=0.5536 g_grad_abs=1342.8452 d_grad_abs=280.5637 synth_eps=0.0046 synth_eps_raw=0.0046 synth_x0_hit=0.0000 synth_total=0.0046 extra_render_attn_share=0.5597
[step 21900] real_p1_mirror_hole_cov=0.1485 real_p1_eps=0.2022 real_p1_hole_frac=0.0868 real_p2_eps=0.0189 real_p2_hit=0.0000 real_total=0.2211 synth_eps=0.0616 synth_eps_raw=0.0616 synth_x0_hit=0.0000 synth_total=0.0616 extra_render_attn_share=0.5597
[step 21950] real_p1_mirror_hole_cov=0.0918 real_p1_eps=0.0497 real_p1_hole_frac=0.0277 real_p2_eps=0.0005 real_p2_hit=0.0000 real_total=0.0502 synth_eps=0.0290 synth_eps_raw=0.0290 synth_x0_hit=0.0000 synth_total=0.0290 extra_render_attn_share=0.5597
[val step 21999] val_novel_full=0.0318 val_novel_hole=0.0315 val_novel_visible=0.0320
[step 22000] real_p1_mirror_hole_cov=0.0105 real_p1_eps=0.1036 real_p1_hole_frac=0.1610 real_p2_eps=0.1861 real_p2_hit=1.0000 real_p2_t=93.0000 real_p2_ldif=0.0200 real_p2_gen_adv=0.2775 real_p2_lfm=0.0019 real_total=0.3414 discr_adv=1.0041 p2_d_real=-0.2855 p2_d_fake=-0.2775 g_grad_abs=1327.1008 d_grad_abs=72.0715 synth_eps=0.1378 synth_eps_raw=0.1378 synth_x0_hit=0.0000 synth_total=0.1378 extra_render_attn_share=0.5646
[images] real: anchor | cond1 | cond2 | inv_warp_mirror | mask | mask_inv | warp_img | warp_warp_img | x | y_hat | y_hat_novel -> /home/xzy/warpgan-diffusiong-inpainting/warpgan-diffusion-inpainting-main/experiments/train_inpainting_diffusion/[20260914-030356]_v18w8_w5hf_100k/logs/images/train/real_step0022000.png
[images] synth: cond | mask | target | warp_img | x | y_hat_novel -> /home/xzy/warpgan-diffusiong-inpainting/warpgan-diffusion-inpainting-main/experiments/train_inpainting_diffusion/[20260914-030356]_v18w8_w5hf_100k/logs/images/train/synth_step0022000.png
[step 22050] real_p1_mirror_hole_cov=0.0054 real_p1_eps=0.0997 real_p1_hole_frac=0.1290 real_p2_eps=0.4381 real_p2_hit=1.0000 real_p2_t=15.0000 real_p2_ldif=0.0063 real_p2_gen_adv=0.0561 real_p2_lfm=0.0009 real_total=0.5513 discr_adv=1.0018 p2_d_real=-0.0594 p2_d_fake=-0.0561 g_grad_abs=1439.8358 d_grad_abs=34.5388 synth_eps=0.0736 synth_eps_raw=0.0736 synth_x0_hit=0.0000 synth_total=0.0736 extra_render_attn_share=0.5646
[step 22100] real_p1_mirror_hole_cov=0.0932 real_p1_eps=0.1634 real_p1_hole_frac=0.2018 real_p2_eps=0.0085 real_p2_hit=0.0000 real_total=0.1718 synth_eps=0.0153 synth_eps_raw=0.0153 synth_x0_hit=0.0000 synth_total=0.0153 extra_render_attn_share=0.5646
[step 22150] real_p1_mirror_hole_cov=0.0322 real_p1_eps=0.1205 real_p1_hole_frac=0.1023 real_p2_eps=0.0545 real_p2_hit=0.0000 real_total=0.1750 discr_adv=0.9057 x0_d_real=0.6629 x0_d_fake=0.4744 g_grad_abs=999.2170 d_grad_abs=590.4558 synth_eps=0.2331 synth_eps_raw=0.2331 synth_x0_hit=1.0000 synth_x0_t=204.0000 synth_x0_ldif=0.0787 synth_x0_gen_adv=-0.1675 synth_x0_lfm=0.0060 synth_total=0.3071 extra_render_attn_share=0.5646
[step 22200] real_p1_mirror_hole_cov=0.0198 real_p1_eps=0.1085 real_p1_hole_frac=0.0744 real_p2_eps=0.2120 real_p2_hit=1.0000 real_p2_t=69.0000 real_p2_ldif=0.0157 real_p2_gen_adv=-0.4645 real_p2_lfm=0.0017 real_total=0.2932 discr_adv=2.0271 x0_d_real=0.4652 x0_d_fake=0.4503 p2_d_real=0.4056 p2_d_fake=0.4645 g_grad_abs=1499.4507 d_grad_abs=182.5610 synth_eps=0.6305 synth_eps_raw=0.6305 synth_x0_hit=1.0000 synth_x0_t=11.0000 synth_x0_ldif=0.0067 synth_x0_gen_adv=0.1846 synth_x0_lfm=0.0010 synth_total=0.6576 extra_render_attn_share=0.5646
[step 22250] real_p1_mirror_hole_cov=0.2081 real_p1_eps=0.1264 real_p1_hole_frac=0.3990 real_p2_eps=0.0629 real_p2_hit=0.0000 real_total=0.1893 synth_eps=0.0738 synth_eps_raw=0.0738 synth_x0_hit=0.0000 synth_total=0.0738 extra_render_attn_share=0.5646
[step 22300] real_p1_mirror_hole_cov=0.1081 real_p1_eps=0.1418 real_p1_hole_frac=0.4941 real_p2_eps=0.0194 real_p2_hit=0.0000 real_total=0.1613 discr_adv=0.9886 x0_d_real=0.1711 x0_d_fake=0.1471 g_grad_abs=936.6114 d_grad_abs=148.0980 synth_eps=0.0156 synth_eps_raw=0.0156 synth_x0_hit=0.0000 synth_total=0.0156 extra_render_attn_share=0.5646
[step 22350] real_p1_mirror_hole_cov=0.0950 real_p1_eps=0.0886 real_p1_hole_frac=0.1784 real_p2_eps=0.0330 real_p2_hit=0.0000 real_total=0.1216 discr_adv=0.8969 x0_d_real=0.0931 x0_d_fake=-0.1130 g_grad_abs=897.6367 d_grad_abs=642.8384 synth_eps=0.0058 synth_eps_raw=0.0058 synth_x0_hit=0.0000 synth_total=0.0058 extra_render_attn_share=0.5646
[step 22400] real_p1_mirror_hole_cov=0.0784 real_p1_eps=0.0694 real_p1_hole_frac=0.1251 real_p2_eps=0.0012 real_p2_hit=0.0000 real_total=0.0707 synth_eps=0.0432 synth_eps_raw=0.0432 synth_x0_hit=0.0000 synth_total=0.0432 extra_render_attn_share=0.5646
[step 22450] real_p1_mirror_hole_cov=0.2799 real_p1_eps=0.6142 real_p1_hole_frac=0.2182 real_p2_eps=0.0496 real_p2_hit=0.0000 real_total=0.6638 synth_eps=0.0255 synth_eps_raw=0.0255 synth_x0_hit=0.0000 synth_total=0.0255 extra_render_attn_share=0.5646
[step 22500] real_p1_mirror_hole_cov=0.1773 real_p1_eps=0.0694 real_p1_hole_frac=0.0406 real_p2_eps=0.0023 real_p2_hit=0.0000 real_total=0.0717 synth_eps=0.0020 synth_eps_raw=0.0020 synth_x0_hit=0.0000 synth_total=0.0020 extra_render_attn_share=0.5646
[images] real: anchor | cond1 | cond2 | inv_warp_mirror | mask | mask_inv | warp_img | warp_warp_img | x | y_hat | y_hat_novel -> /home/xzy/warpgan-diffusiong-inpainting/warpgan-diffusion-inpainting-main/experiments/train_inpainting_diffusion/[20260914-030356]_v18w8_w5hf_100k/logs/images/train/real_step0022500.png
[images] synth: cond | mask | target | warp_img | x | y_hat_novel -> /home/xzy/warpgan-diffusiong-inpainting/warpgan-diffusion-inpainting-main/experiments/train_inpainting_diffusion/[20260914-030356]_v18w8_w5hf_100k/logs/images/train/synth_step0022500.png
[step 22550] real_p1_mirror_hole_cov=0.0053 real_p1_eps=0.0404 real_p1_hole_frac=0.0739 real_p2_eps=0.1027 real_p2_hit=1.0000 real_p2_t=152.0000 real_p2_ldif=0.0218 real_p2_gen_adv=0.1581 real_p2_lfm=0.0023 real_total=0.1853 discr_adv=1.9192 x0_d_real=-0.4796 x0_d_fake=-0.6580 p2_d_real=-0.1737 p2_d_fake=-0.1581 g_grad_abs=966.0267 d_grad_abs=471.9530 synth_eps=0.0363 synth_eps_raw=0.0363 synth_x0_hit=0.0000 synth_total=0.0363 extra_render_attn_share=0.5646
[step 22600] real_p1_mirror_hole_cov=0.0099 real_p1_eps=0.1254 real_p1_hole_frac=0.1173 real_p2_eps=0.0113 real_p2_hit=0.0000 real_total=0.1367 discr_adv=0.9712 x0_d_real=0.1772 x0_d_fake=0.1188 g_grad_abs=840.5746 d_grad_abs=233.0073 synth_eps=0.1045 synth_eps_raw=0.1045 synth_x0_hit=0.0000 synth_total=0.1045 extra_render_attn_share=0.5646
[step 22650] real_p1_mirror_hole_cov=0.0201 real_p1_eps=0.1460 real_p1_hole_frac=0.3425 real_p2_eps=0.3100 real_p2_hit=1.0000 real_p2_t=118.0000 real_p2_ldif=0.0458 real_p2_gen_adv=-0.7405 real_p2_lfm=0.0038 real_total=0.4353 discr_adv=0.9800 p2_d_real=0.7805 p2_d_fake=0.7405 g_grad_abs=1443.0229 d_grad_abs=201.5590 synth_eps=0.0061 synth_eps_raw=0.0061 synth_x0_hit=0.0000 synth_total=0.0061 extra_render_attn_share=0.5646
[step 22700] real_p1_mirror_hole_cov=0.0902 real_p1_eps=0.1047 real_p1_hole_frac=0.0201 real_p2_eps=0.0011 real_p2_hit=0.0000 real_total=0.1058 synth_eps=0.3217 synth_eps_raw=0.3217 synth_x0_hit=1.0000 synth_x0_t=159.0000 synth_x0_ldif=0.0730 synth_x0_gen_adv=-0.3782 synth_x0_lfm=0.0063 synth_total=0.3695 extra_render_attn_share=0.5646
[step 22750] real_p1_mirror_hole_cov=0.1034 real_p1_eps=0.1806 real_p1_hole_frac=0.3694 real_p2_eps=0.0032 real_p2_hit=0.0000 real_total=0.1838 synth_eps=0.1055 synth_eps_raw=0.1055 synth_x0_hit=0.0000 synth_total=0.1055 extra_render_attn_share=0.5646
[step 22800] real_p1_mirror_hole_cov=0.1486 real_p1_eps=0.1087 real_p1_hole_frac=0.1071 real_p2_eps=0.0400 real_p2_hit=0.0000 real_total=0.1487 synth_eps=0.0021 synth_eps_raw=0.0021 synth_x0_hit=0.0000 synth_total=0.0021 extra_render_attn_share=0.5646
[step 22850] real_p1_mirror_hole_cov=0.0258 real_p1_eps=0.1385 real_p1_hole_frac=0.4864 real_p2_eps=0.5527 real_p2_hit=1.0000 real_p2_t=32.0000 real_p2_ldif=0.0172 real_p2_gen_adv=0.2913 real_p2_lfm=0.0013 real_total=0.7400 discr_adv=1.9518 x0_d_real=-0.1819 x0_d_fake=-0.2040 p2_d_real=-0.2168 p2_d_fake=-0.2913 g_grad_abs=1513.2790 d_grad_abs=313.8312 synth_eps=0.0462 synth_eps_raw=0.0462 synth_x0_hit=0.0000 synth_total=0.0462 extra_render_attn_share=0.5646
[step 22900] real_p1_mirror_hole_cov=0.0425 real_p1_eps=0.0973 real_p1_hole_frac=0.0506 real_p2_eps=0.0079 real_p2_hit=0.0000 real_total=0.1052 synth_eps=0.4604 synth_eps_raw=0.4604 synth_x0_hit=1.0000 synth_x0_t=80.0000 synth_x0_ldif=0.0410 synth_x0_gen_adv=-0.1178 synth_x0_lfm=0.0035 synth_total=0.4966 extra_render_attn_share=0.5646
[step 22950] real_p1_mirror_hole_cov=0.5820 real_p1_eps=0.0632 real_p1_hole_frac=0.0639 real_p2_eps=0.0016 real_p2_hit=0.0000 real_total=0.0648 synth_eps=0.0046 synth_eps_raw=0.0046 synth_x0_hit=0.0000 synth_total=0.0046 extra_render_attn_share=0.5646
[step 23000] real_p1_mirror_hole_cov=0.1372 real_p1_eps=0.1201 real_p1_hole_frac=0.2595 real_p2_eps=0.2080 real_p2_hit=1.0000 real_p2_t=242.0000 real_p2_ldif=0.0948 real_p2_gen_adv=-0.8178 real_p2_lfm=0.0064 real_total=0.3540 discr_adv=0.9621 p2_d_real=0.9046 p2_d_fake=0.8178 g_grad_abs=1424.4015 d_grad_abs=657.2410 synth_eps=0.0096 synth_eps_raw=0.0096 synth_x0_hit=0.0000 synth_total=0.0096 extra_render_attn_share=0.5646
[images] real: anchor | cond1 | cond2 | inv_warp_mirror | mask | mask_inv | warp_img | warp_warp_img | x | y_hat | y_hat_novel -> /home/xzy/warpgan-diffusiong-inpainting/warpgan-diffusion-inpainting-main/experiments/train_inpainting_diffusion/[20260914-030356]_v18w8_w5hf_100k/logs/images/train/real_step0023000.png
[images] synth: cond | mask | target | warp_img | x | y_hat_novel -> /home/xzy/warpgan-diffusiong-inpainting/warpgan-diffusion-inpainting-main/experiments/train_inpainting_diffusion/[20260914-030356]_v18w8_w5hf_100k/logs/images/train/synth_step0023000.png
[step 23050] real_p1_mirror_hole_cov=0.1268 real_p1_eps=0.3682 real_p1_hole_frac=0.1737 real_p2_eps=0.1939 real_p2_hit=1.0000 real_p2_t=252.0000 real_p2_ldif=0.0953 real_p2_gen_adv=-0.8848 real_p2_lfm=0.0052 real_total=0.5792 discr_adv=1.9357 x0_d_real=-0.2761 x0_d_fake=-0.3726 p2_d_real=0.9247 p2_d_fake=0.8848 g_grad_abs=2313.3284 d_grad_abs=481.8322 synth_eps=0.0106 synth_eps_raw=0.0106 synth_x0_hit=0.0000 synth_total=0.0106 extra_render_attn_share=0.5646
[step 23100] real_p1_mirror_hole_cov=0.0187 real_p1_eps=0.2913 real_p1_hole_frac=0.3669 real_p2_eps=0.1038 real_p2_hit=0.0000 real_total=0.3951 synth_eps=0.0093 synth_eps_raw=0.0093 synth_x0_hit=0.0000 synth_total=0.0093 extra_render_attn_share=0.5646
[step 23150] real_p1_mirror_hole_cov=0.2234 real_p1_eps=0.2580 real_p1_hole_frac=0.5240 real_p2_eps=0.0394 real_p2_hit=0.0000 real_total=0.2974 synth_eps=0.0016 synth_eps_raw=0.0016 synth_x0_hit=0.0000 synth_total=0.0016 extra_render_attn_share=0.5646
[step 23200] real_p1_mirror_hole_cov=0.2733 real_p1_eps=0.2482 real_p1_hole_frac=0.5559 real_p2_eps=0.3097 real_p2_hit=1.0000 real_p2_t=131.0000 real_p2_ldif=0.0529 real_p2_gen_adv=-0.3208 real_p2_lfm=0.0042 real_total=0.5871 discr_adv=0.9238 p2_d_real=0.4736 p2_d_fake=0.3208 g_grad_abs=1662.6880 d_grad_abs=646.7666 synth_eps=0.0261 synth_eps_raw=0.0261 synth_x0_hit=0.0000 synth_total=0.0261 extra_render_attn_share=0.5646
[step 23250] real_p1_mirror_hole_cov=0.0352 real_p1_eps=0.2675 real_p1_hole_frac=0.1593 real_p2_eps=0.0039 real_p2_hit=0.0000 real_total=0.2714 synth_eps=0.4971 synth_eps_raw=0.4971 synth_x0_hit=1.0000 synth_x0_t=51.0000 synth_x0_ldif=0.0259 synth_x0_gen_adv=0.3615 synth_x0_lfm=0.0003 synth_total=0.5597 extra_render_attn_share=0.5646
[step 23300] real_p1_mirror_hole_cov=0.0894 real_p1_eps=0.1114 real_p1_hole_frac=0.5114 real_p2_eps=0.0209 real_p2_hit=0.0000 real_total=0.1323 discr_adv=0.9968 x0_d_real=0.3825 x0_d_fake=0.3762 g_grad_abs=764.0616 d_grad_abs=160.6910 synth_eps=0.3207 synth_eps_raw=0.3207 synth_x0_hit=1.0000 synth_x0_t=197.0000 synth_x0_ldif=0.1022 synth_x0_gen_adv=-0.5324 synth_x0_lfm=0.0056 synth_total=0.3809 extra_render_attn_share=0.5646
[step 23350] real_p1_mirror_hole_cov=0.2293 real_p1_eps=0.4449 real_p1_hole_frac=0.6321 real_p2_eps=0.1038 real_p2_hit=0.0000 real_total=0.5487 synth_eps=0.1418 synth_eps_raw=0.1418 synth_x0_hit=0.0000 synth_total=0.1418 extra_render_attn_share=0.5646
[step 23400] real_p1_mirror_hole_cov=0.2237 real_p1_eps=0.3087 real_p1_hole_frac=0.2212 real_p2_eps=0.1666 real_p2_hit=1.0000 real_p2_t=232.0000 real_p2_ldif=0.0704 real_p2_gen_adv=-0.7988 real_p2_lfm=0.0050 real_total=0.4758 discr_adv=0.9563 p2_d_real=0.8951 p2_d_fake=0.7988 g_grad_abs=1877.2696 d_grad_abs=681.0028 synth_eps=0.0047 synth_eps_raw=0.0047 synth_x0_hit=0.0000 synth_total=0.0047 extra_render_attn_share=0.5646
[step 23450] real_p1_mirror_hole_cov=0.0025 real_p1_eps=0.1303 real_p1_hole_frac=0.1450 real_p2_eps=0.0038 real_p2_hit=0.0000 real_total=0.1340 synth_eps=0.0168 synth_eps_raw=0.0168 synth_x0_hit=0.0000 synth_total=0.0168 extra_render_attn_share=0.5646
[step 23500] real_p1_mirror_hole_cov=0.4144 real_p1_eps=0.1057 real_p1_hole_frac=0.1831 real_p2_eps=0.0733 real_p2_hit=0.0000 real_total=0.1791 synth_eps=0.0223 synth_eps_raw=0.0223 synth_x0_hit=0.0000 synth_total=0.0223 extra_render_attn_share=0.5646
[images] real: anchor | cond1 | cond2 | inv_warp_mirror | mask | mask_inv | warp_img | warp_warp_img | x | y_hat | y_hat_novel -> /home/xzy/warpgan-diffusiong-inpainting/warpgan-diffusion-inpainting-main/experiments/train_inpainting_diffusion/[20260914-030356]_v18w8_w5hf_100k/logs/images/train/real_step0023500.png
[images] synth: cond | mask | target | warp_img | x | y_hat_novel -> /home/xzy/warpgan-diffusiong-inpainting/warpgan-diffusion-inpainting-main/experiments/train_inpainting_diffusion/[20260914-030356]_v18w8_w5hf_100k/logs/images/train/synth_step0023500.png
[step 23550] real_p1_mirror_hole_cov=0.0192 real_p1_eps=0.1109 real_p1_hole_frac=0.3270 real_p2_eps=0.0453 real_p2_hit=0.0000 real_total=0.1562 synth_eps=0.4855 synth_eps_raw=0.4855 synth_x0_hit=1.0000 synth_x0_t=55.0000 synth_x0_ldif=0.0276 synth_x0_gen_adv=0.4635 synth_x0_lfm=0.0027 synth_total=0.5647 extra_render_attn_share=0.5646
[step 23600] real_p1_mirror_hole_cov=0.0000 real_p1_eps=0.1761 real_p1_hole_frac=0.0663 real_p2_eps=0.0355 real_p2_hit=0.0000 real_total=0.2116 synth_eps=0.2439 synth_eps_raw=0.2439 synth_x0_hit=1.0000 synth_x0_t=252.0000 synth_x0_ldif=0.1198 synth_x0_gen_adv=-0.6733 synth_x0_lfm=0.0087 synth_total=0.3138 extra_render_attn_share=0.5646
[step 23650] real_p1_mirror_hole_cov=0.1388 real_p1_eps=0.1123 real_p1_hole_frac=0.0354 real_p2_eps=0.0088 real_p2_hit=0.0000 real_total=0.1211 synth_eps=0.1721 synth_eps_raw=0.1721 synth_x0_hit=0.0000 synth_total=0.1721 extra_render_attn_share=0.5646
[step 23700] real_p1_mirror_hole_cov=0.2156 real_p1_eps=0.5471 real_p1_hole_frac=0.5131 real_p2_eps=0.0404 real_p2_hit=0.0000 real_total=0.5875 synth_eps=0.1150 synth_eps_raw=0.1150 synth_x0_hit=0.0000 synth_total=0.1150 extra_render_attn_share=0.5646
[step 23750] real_p1_mirror_hole_cov=0.3265 real_p1_eps=0.1455 real_p1_hole_frac=0.4947 real_p2_eps=0.2811 real_p2_hit=1.0000 real_p2_t=152.0000 real_p2_ldif=0.0596 real_p2_gen_adv=0.1019 real_p2_lfm=0.0049 real_total=0.5063 discr_adv=0.9481 p2_d_real=0.0018 p2_d_fake=-0.1019 g_grad_abs=1341.5886 d_grad_abs=614.5022 synth_eps=0.0013 synth_eps_raw=0.0013 synth_x0_hit=0.0000 synth_total=0.0013 extra_render_attn_share=0.5646
[step 23800] real_p1_mirror_hole_cov=0.2310 real_p1_eps=0.7121 real_p1_hole_frac=0.4892 real_p2_eps=0.0441 real_p2_hit=0.0000 real_total=0.7562 discr_adv=0.9908 x0_d_real=0.0844 x0_d_fake=0.0578 g_grad_abs=1516.3577 d_grad_abs=161.1327 synth_eps=0.2934 synth_eps_raw=0.2934 synth_x0_hit=1.0000 synth_x0_t=223.0000 synth_x0_ldif=0.1155 synth_x0_gen_adv=-0.1387 synth_x0_lfm=0.0087 synth_total=0.4124 extra_render_attn_share=0.5646
[step 23850] real_p1_mirror_hole_cov=0.0359 real_p1_eps=0.2199 real_p1_hole_frac=0.3285 real_p2_eps=0.1500 real_p2_hit=1.0000 real_p2_t=296.0000 real_p2_ldif=0.1011 real_p2_gen_adv=0.0013 real_p2_lfm=0.0074 real_total=0.4860 discr_adv=0.8717 p2_d_real=0.2552 p2_d_fake=-0.0013 g_grad_abs=2232.4040 d_grad_abs=610.1008 synth_eps=0.2395 synth_eps_raw=0.2395 synth_x0_hit=1.0000 synth_x0_t=187.0000 synth_x0_ldif=0.0701 synth_x0_gen_adv=-0.0118 synth_x0_lfm=0.0061 synth_total=0.3205 extra_render_attn_share=0.5646
[step 23900] real_p1_mirror_hole_cov=0.0110 real_p1_eps=0.1830 real_p1_hole_frac=0.3018 real_p2_eps=0.0330 real_p2_hit=0.0000 real_total=0.2160 synth_eps=0.0286 synth_eps_raw=0.0286 synth_x0_hit=0.0000 synth_total=0.0286 extra_render_attn_share=0.5646
[step 23950] real_p1_mirror_hole_cov=0.1784 real_p1_eps=0.1974 real_p1_hole_frac=0.5743 real_p2_eps=0.2542 real_p2_hit=1.0000 real_p2_t=130.0000 real_p2_ldif=0.0430 real_p2_gen_adv=-0.2288 real_p2_lfm=0.0026 real_total=0.4768 discr_adv=0.9619 p2_d_real=0.3049 p2_d_fake=0.2288 g_grad_abs=1671.0380 d_grad_abs=221.2069 synth_eps=0.1004 synth_eps_raw=0.1004 synth_x0_hit=0.0000 synth_total=0.1004 extra_render_attn_share=0.5646
[val step 23999] val_novel_full=0.0282 val_novel_hole=0.0314 val_novel_visible=0.0274
[step 24000] real_p1_mirror_hole_cov=0.2045 real_p1_eps=0.1682 real_p1_hole_frac=0.5896 real_p2_eps=0.0015 real_p2_hit=0.0000 real_total=0.1697 synth_eps=0.0339 synth_eps_raw=0.0339 synth_x0_hit=0.0000 synth_total=0.0339 extra_render_attn_share=0.5685
[images] real: anchor | cond1 | cond2 | inv_warp_mirror | mask | mask_inv | warp_img | warp_warp_img | x | y_hat | y_hat_novel -> /home/xzy/warpgan-diffusiong-inpainting/warpgan-diffusion-inpainting-main/experiments/train_inpainting_diffusion/[20260914-030356]_v18w8_w5hf_100k/logs/images/train/real_step0024000.png
[images] synth: cond | mask | target | warp_img | x | y_hat_novel -> /home/xzy/warpgan-diffusiong-inpainting/warpgan-diffusion-inpainting-main/experiments/train_inpainting_diffusion/[20260914-030356]_v18w8_w5hf_100k/logs/images/train/synth_step0024000.png
[step 24050] real_p1_mirror_hole_cov=0.0565 real_p1_eps=0.4856 real_p1_hole_frac=0.1705 real_p2_eps=0.0582 real_p2_hit=0.0000 real_total=0.5437 discr_adv=0.9952 x0_d_real=-0.5419 x0_d_fake=-0.5515 g_grad_abs=1596.9863 d_grad_abs=32.4615 synth_eps=0.0019 synth_eps_raw=0.0019 synth_x0_hit=0.0000 synth_total=0.0019 extra_render_attn_share=0.5685
[step 24100] real_p1_mirror_hole_cov=0.0429 real_p1_eps=0.2523 real_p1_hole_frac=0.2920 real_p2_eps=0.1624 real_p2_hit=1.0000 real_p2_t=213.0000 real_p2_ldif=0.0590 real_p2_gen_adv=0.4708 real_p2_lfm=0.0033 real_total=0.5274 discr_adv=0.9863 p2_d_real=-0.4434 p2_d_fake=-0.4708 g_grad_abs=1737.0694 d_grad_abs=47.1828 synth_eps=0.0318 synth_eps_raw=0.0318 synth_x0_hit=0.0000 synth_total=0.0318 extra_render_attn_share=0.5685
[step 24150] real_p1_mirror_hole_cov=0.0901 real_p1_eps=0.1374 real_p1_hole_frac=0.2119 real_p2_eps=0.4950 real_p2_hit=1.0000 real_p2_t=23.0000 real_p2_ldif=0.0109 real_p2_gen_adv=0.7012 real_p2_lfm=0.0011 real_total=0.7156 discr_adv=0.9974 p2_d_real=-0.6960 p2_d_fake=-0.7012 g_grad_abs=1614.8274 d_grad_abs=15.4800 synth_eps=0.1312 synth_eps_raw=0.1312 synth_x0_hit=0.0000 synth_total=0.1312 extra_render_attn_share=0.5685
[step 24200] real_p1_mirror_hole_cov=0.0736 real_p1_eps=0.1204 real_p1_hole_frac=0.3482 real_p2_eps=0.0304 real_p2_hit=0.0000 real_total=0.1509 discr_adv=0.9822 x0_d_real=-0.6396 x0_d_fake=-0.6752 g_grad_abs=819.6068 d_grad_abs=82.1150 synth_eps=0.0197 synth_eps_raw=0.0197 synth_x0_hit=0.0000 synth_total=0.0197 extra_render_attn_share=0.5685
[step 24250] real_p1_mirror_hole_cov=0.0258 real_p1_eps=0.1174 real_p1_hole_frac=0.2086 real_p2_eps=0.0011 real_p2_hit=0.0000 real_total=0.1186 synth_eps=0.0059 synth_eps_raw=0.0059 synth_x0_hit=0.0000 synth_total=0.0059 extra_render_attn_share=0.5685
[step 24300] real_p1_mirror_hole_cov=0.1599 real_p1_eps=0.4262 real_p1_hole_frac=0.3414 real_p2_eps=0.0635 real_p2_hit=0.0000 real_total=0.4898 synth_eps=0.1269 synth_eps_raw=0.1269 synth_x0_hit=1.0000 synth_x0_t=268.0000 synth_x0_ldif=0.0702 synth_x0_gen_adv=0.7234 synth_x0_lfm=0.0058 synth_total=0.2812 extra_render_attn_share=0.5685
[step 24350] real_p1_mirror_hole_cov=0.0499 real_p1_eps=0.2023 real_p1_hole_frac=0.1381 real_p2_eps=0.0118 real_p2_hit=0.0000 real_total=0.2141 synth_eps=0.4554 synth_eps_raw=0.4554 synth_x0_hit=1.0000 synth_x0_t=89.0000 synth_x0_ldif=0.0463 synth_x0_gen_adv=0.3421 synth_x0_lfm=0.0028 synth_total=0.5415 extra_render_attn_share=0.5685
[step 24400] real_p1_mirror_hole_cov=0.1889 real_p1_eps=0.2000 real_p1_hole_frac=0.4037 real_p2_eps=0.0738 real_p2_hit=0.0000 real_total=0.2738 discr_adv=0.9904 x0_d_real=0.2594 x0_d_fake=0.2279 g_grad_abs=1144.2748 d_grad_abs=508.6892 synth_eps=0.0954 synth_eps_raw=0.0954 synth_x0_hit=0.0000 synth_total=0.0954 extra_render_attn_share=0.5685
[step 24450] real_p1_mirror_hole_cov=0.1214 real_p1_eps=0.4495 real_p1_hole_frac=0.3510 real_p2_eps=0.0018 real_p2_hit=0.0000 real_total=0.4513 synth_eps=0.0374 synth_eps_raw=0.0374 synth_x0_hit=0.0000 synth_total=0.0374 extra_render_attn_share=0.5685
[step 24500] real_p1_mirror_hole_cov=0.0293 real_p1_eps=0.2220 real_p1_hole_frac=0.4380 real_p2_eps=0.0025 real_p2_hit=0.0000 real_total=0.2245 synth_eps=0.0330 synth_eps_raw=0.0330 synth_x0_hit=0.0000 synth_total=0.0330 extra_render_attn_share=0.5685
[images] real: anchor | cond1 | cond2 | inv_warp_mirror | mask | mask_inv | warp_img | warp_warp_img | x | y_hat | y_hat_novel -> /home/xzy/warpgan-diffusiong-inpainting/warpgan-diffusion-inpainting-main/experiments/train_inpainting_diffusion/[20260914-030356]_v18w8_w5hf_100k/logs/images/train/real_step0024500.png
[images] synth: cond | mask | target | warp_img | x | y_hat_novel -> /home/xzy/warpgan-diffusiong-inpainting/warpgan-diffusion-inpainting-main/experiments/train_inpainting_diffusion/[20260914-030356]_v18w8_w5hf_100k/logs/images/train/synth_step0024500.png
[step 24550] real_p1_mirror_hole_cov=0.1954 real_p1_eps=0.1207 real_p1_hole_frac=0.2809 real_p2_eps=0.0279 real_p2_hit=0.0000 real_total=0.1487 synth_eps=0.0299 synth_eps_raw=0.0299 synth_x0_hit=0.0000 synth_total=0.0299 extra_render_attn_share=0.5685
[step 24600] real_p1_mirror_hole_cov=0.0422 real_p1_eps=0.2102 real_p1_hole_frac=0.0615 real_p2_eps=0.0026 real_p2_hit=0.0000 real_total=0.2127 synth_eps=0.0060 synth_eps_raw=0.0060 synth_x0_hit=0.0000 synth_total=0.0060 extra_render_attn_share=0.5685
[step 24650] real_p1_mirror_hole_cov=0.0223 real_p1_eps=0.1087 real_p1_hole_frac=0.1152 real_p2_eps=0.0272 real_p2_hit=0.0000 real_total=0.1359 synth_eps=0.0043 synth_eps_raw=0.0043 synth_x0_hit=0.0000 synth_total=0.0043 extra_render_attn_share=0.5685
[step 24700] real_p1_mirror_hole_cov=0.0666 real_p1_eps=0.3258 real_p1_hole_frac=0.2555 real_p2_eps=0.0113 real_p2_hit=0.0000 real_total=0.3371 synth_eps=0.0569 synth_eps_raw=0.0569 synth_x0_hit=0.0000 synth_total=0.0569 extra_render_attn_share=0.5685
[step 24750] real_p1_mirror_hole_cov=0.0262 real_p1_eps=0.1604 real_p1_hole_frac=0.1036 real_p2_eps=0.2775 real_p2_hit=1.0000 real_p2_t=106.0000 real_p2_ldif=0.0355 real_p2_gen_adv=0.7728 real_p2_lfm=0.0036 real_total=0.5578 discr_adv=0.9202 p2_d_real=-0.6127 p2_d_fake=-0.7728 g_grad_abs=1527.3536 d_grad_abs=594.8109 synth_eps=0.0255 synth_eps_raw=0.0255 synth_x0_hit=0.0000 synth_total=0.0255 extra_render_attn_share=0.5685
[step 24800] real_p1_mirror_hole_cov=0.1151 real_p1_eps=0.3099 real_p1_hole_frac=0.5378 real_p2_eps=0.0076 real_p2_hit=0.0000 real_total=0.3175 synth_eps=0.1325 synth_eps_raw=0.1325 synth_x0_hit=0.0000 synth_total=0.1325 extra_render_attn_share=0.5685
[step 24850] real_p1_mirror_hole_cov=0.1407 real_p1_eps=0.2556 real_p1_hole_frac=0.4435 real_p2_eps=0.1948 real_p2_hit=1.0000 real_p2_t=261.0000 real_p2_ldif=0.1023 real_p2_gen_adv=-0.1185 real_p2_lfm=0.0061 real_total=0.5530 discr_adv=0.8735 p2_d_real=0.3714 p2_d_fake=0.1185 g_grad_abs=2086.3575 d_grad_abs=821.7380 synth_eps=0.1025 synth_eps_raw=0.1025 synth_x0_hit=0.0000 synth_total=0.1025 extra_render_attn_share=0.5685
[step 24900] real_p1_mirror_hole_cov=0.0557 real_p1_eps=0.4072 real_p1_hole_frac=0.3471 real_p2_eps=0.1520 real_p2_hit=1.0000 real_p2_t=198.0000 real_p2_ldif=0.0488 real_p2_gen_adv=-0.5760 real_p2_lfm=0.0031 real_total=0.5566 discr_adv=1.8487 x0_d_real=0.6218 x0_d_fake=0.3409 p2_d_real=0.5978 p2_d_fake=0.5760 g_grad_abs=1813.1434 d_grad_abs=1778.0938 synth_eps=0.1931 synth_eps_raw=0.1931 synth_x0_hit=1.0000 synth_x0_t=273.0000 synth_x0_ldif=0.1106 synth_x0_gen_adv=-0.6069 synth_x0_lfm=0.0061 synth_total=0.2551 extra_render_attn_share=0.5685
[step 24950] real_p1_mirror_hole_cov=0.0596 real_p1_eps=0.1486 real_p1_hole_frac=0.3534 real_p2_eps=0.0762 real_p2_hit=0.0000 real_total=0.2248 discr_adv=0.9390 x0_d_real=0.1383 x0_d_fake=0.0162 g_grad_abs=1256.2002 d_grad_abs=439.7482 synth_eps=0.5306 synth_eps_raw=0.5306 synth_x0_hit=1.0000 synth_x0_t=44.0000 synth_x0_ldif=0.0234 synth_x0_gen_adv=0.3659 synth_x0_lfm=0.0030 synth_total=0.5967 extra_render_attn_share=0.5685
[step 25000] real_p1_mirror_hole_cov=0.1223 real_p1_eps=0.2966 real_p1_hole_frac=0.5744 real_p2_eps=0.0118 real_p2_hit=0.0000 real_total=0.3084 synth_eps=0.5265 synth_eps_raw=0.5265 synth_x0_hit=1.0000 synth_x0_t=68.0000 synth_x0_ldif=0.0384 synth_x0_gen_adv=-0.0224 synth_x0_lfm=0.0032 synth_total=0.5691 extra_render_attn_share=0.5685
[images] real: anchor | cond1 | cond2 | inv_warp_mirror | mask | mask_inv | warp_img | warp_warp_img | x | y_hat | y_hat_novel -> /home/xzy/warpgan-diffusiong-inpainting/warpgan-diffusion-inpainting-main/experiments/train_inpainting_diffusion/[20260914-030356]_v18w8_w5hf_100k/logs/images/train/real_step0025000.png
[images] synth: cond | mask | target | warp_img | x | y_hat_novel -> /home/xzy/warpgan-diffusiong-inpainting/warpgan-diffusion-inpainting-main/experiments/train_inpainting_diffusion/[20260914-030356]_v18w8_w5hf_100k/logs/images/train/synth_step0025000.png
[step 25050] real_p1_mirror_hole_cov=0.0250 real_p1_eps=0.0884 real_p1_hole_frac=0.2647 real_p2_eps=0.0031 real_p2_hit=0.0000 real_total=0.0915 synth_eps=0.1206 synth_eps_raw=0.1206 synth_x0_hit=0.0000 synth_total=0.1206 extra_render_attn_share=0.5685
[step 25100] real_p1_mirror_hole_cov=0.0121 real_p1_eps=0.3642 real_p1_hole_frac=0.1907 real_p2_eps=0.1585 real_p2_hit=1.0000 real_p2_t=188.0000 real_p2_ldif=0.0468 real_p2_gen_adv=-0.3654 real_p2_lfm=0.0031 real_total=0.5392 discr_adv=1.0103 p2_d_real=0.3449 p2_d_fake=0.3654 g_grad_abs=1986.4591 d_grad_abs=194.6898 synth_eps=0.1713 synth_eps_raw=0.1713 synth_x0_hit=0.0000 synth_total=0.1713 extra_render_attn_share=0.5685
[step 25150] real_p1_mirror_hole_cov=0.2821 real_p1_eps=0.2534 real_p1_hole_frac=0.3209 real_p2_eps=0.0020 real_p2_hit=0.0000 real_total=0.2555 discr_adv=1.0399 x0_d_real=-0.1104 x0_d_fake=-0.0305 g_grad_abs=1049.1755 d_grad_abs=258.7921 synth_eps=0.1111 synth_eps_raw=0.1111 synth_x0_hit=0.0000 synth_total=0.1111 extra_render_attn_share=0.5685
[step 25200] real_p1_mirror_hole_cov=0.2774 real_p1_eps=0.3342 real_p1_hole_frac=0.2477 real_p2_eps=0.2089 real_p2_hit=1.0000 real_p2_t=181.0000 real_p2_ldif=0.0580 real_p2_gen_adv=-0.6675 real_p2_lfm=0.0053 real_total=0.5448 discr_adv=1.8334 x0_d_real=-0.0431 x0_d_fake=-0.3181 p2_d_real=0.7257 p2_d_fake=0.6675 g_grad_abs=1668.7918 d_grad_abs=1058.3185 synth_eps=0.6520 synth_eps_raw=0.6520 synth_x0_hit=1.0000 synth_x0_t=28.0000 synth_x0_ldif=0.0176 synth_x0_gen_adv=-0.5349 synth_x0_lfm=0.0015 synth_total=0.6191 extra_render_attn_share=0.5685
[step 25250] real_p1_mirror_hole_cov=0.1332 real_p1_eps=0.1325 real_p1_hole_frac=0.5121 real_p2_eps=0.3142 real_p2_hit=1.0000 real_p2_t=111.0000 real_p2_ldif=0.0427 real_p2_gen_adv=-0.0084 real_p2_lfm=0.0038 real_total=0.4961 discr_adv=1.9411 x0_d_real=0.0965 x0_d_fake=0.0515 p2_d_real=0.0812 p2_d_fake=0.0084 g_grad_abs=1697.2017 d_grad_abs=323.8108 synth_eps=0.0017 synth_eps_raw=0.0017 synth_x0_hit=0.0000 synth_total=0.0017 extra_render_attn_share=0.5685
[step 25300] real_p1_mirror_hole_cov=0.0718 real_p1_eps=0.0598 real_p1_hole_frac=0.0732 real_p2_eps=0.0268 real_p2_hit=0.0000 real_total=0.0867 discr_adv=1.0284 x0_d_real=0.3744 x0_d_fake=0.4311 g_grad_abs=685.5971 d_grad_abs=353.2049 synth_eps=0.0021 synth_eps_raw=0.0021 synth_x0_hit=0.0000 synth_total=0.0021 extra_render_attn_share=0.5685
[step 25350] real_p1_mirror_hole_cov=0.0269 real_p1_eps=0.1743 real_p1_hole_frac=0.1977 real_p2_eps=0.0019 real_p2_hit=0.0000 real_total=0.1762 synth_eps=0.0190 synth_eps_raw=0.0190 synth_x0_hit=0.0000 synth_total=0.0190 extra_render_attn_share=0.5685
[step 25400] real_p1_mirror_hole_cov=0.1026 real_p1_eps=0.1347 real_p1_hole_frac=0.1631 real_p2_eps=0.0302 real_p2_hit=0.0000 real_total=0.1649 synth_eps=0.4657 synth_eps_raw=0.4657 synth_x0_hit=1.0000 synth_x0_t=62.0000 synth_x0_ldif=0.0305 synth_x0_gen_adv=0.5751 synth_x0_lfm=0.0034 synth_total=0.5604 extra_render_attn_share=0.5685
[step 25450] real_p1_mirror_hole_cov=0.2521 real_p1_eps=0.0706 real_p1_hole_frac=0.0158 real_p2_eps=0.0007 real_p2_hit=0.0000 real_total=0.0713 synth_eps=0.0059 synth_eps_raw=0.0059 synth_x0_hit=0.0000 synth_total=0.0059 extra_render_attn_share=0.5685
[step 25500] real_p1_mirror_hole_cov=0.0583 real_p1_eps=0.1071 real_p1_hole_frac=0.0933 real_p2_eps=0.0645 real_p2_hit=0.0000 real_total=0.1716 synth_eps=0.0236 synth_eps_raw=0.0236 synth_x0_hit=0.0000 synth_total=0.0236 extra_render_attn_share=0.5685
[images] real: anchor | cond1 | cond2 | inv_warp_mirror | mask | mask_inv | warp_img | warp_warp_img | x | y_hat | y_hat_novel -> /home/xzy/warpgan-diffusiong-inpainting/warpgan-diffusion-inpainting-main/experiments/train_inpainting_diffusion/[20260914-030356]_v18w8_w5hf_100k/logs/images/train/real_step0025500.png
[images] synth: cond | mask | target | warp_img | x | y_hat_novel -> /home/xzy/warpgan-diffusiong-inpainting/warpgan-diffusion-inpainting-main/experiments/train_inpainting_diffusion/[20260914-030356]_v18w8_w5hf_100k/logs/images/train/synth_step0025500.png
[step 25550] real_p1_mirror_hole_cov=0.1815 real_p1_eps=0.1547 real_p1_hole_frac=0.4036 real_p2_eps=0.0016 real_p2_hit=0.0000 real_total=0.1564 synth_eps=0.0075 synth_eps_raw=0.0075 synth_x0_hit=0.0000 synth_total=0.0075 extra_render_attn_share=0.5685
[step 25600] real_p1_mirror_hole_cov=0.0250 real_p1_eps=0.1724 real_p1_hole_frac=0.1429 real_p2_eps=0.3167 real_p2_hit=1.0000 real_p2_t=33.0000 real_p2_ldif=0.0102 real_p2_gen_adv=-0.2338 real_p2_lfm=0.0012 real_total=0.4782 discr_adv=2.0067 x0_d_real=0.2310 x0_d_fake=0.2163 p2_d_real=0.2066 p2_d_fake=0.2338 g_grad_abs=1735.9069 d_grad_abs=1028.3391 synth_eps=0.0062 synth_eps_raw=0.0062 synth_x0_hit=0.0000 synth_total=0.0062 extra_render_attn_share=0.5685
[step 25650] real_p1_mirror_hole_cov=0.0185 real_p1_eps=0.1462 real_p1_hole_frac=0.0649 real_p2_eps=0.0039 real_p2_hit=0.0000 real_total=0.1502 synth_eps=0.0012 synth_eps_raw=0.0012 synth_x0_hit=0.0000 synth_total=0.0012 extra_render_attn_share=0.5685
[step 25700] real_p1_mirror_hole_cov=0.1247 real_p1_eps=0.2245 real_p1_hole_frac=0.5854 real_p2_eps=0.0502 real_p2_hit=0.0000 real_total=0.2747 discr_adv=0.9263 x0_d_real=0.7206 x0_d_fake=0.5732 g_grad_abs=1081.3378 d_grad_abs=482.5028 synth_eps=0.0203 synth_eps_raw=0.0203 synth_x0_hit=0.0000 synth_total=0.0203 extra_render_attn_share=0.5685
[step 25750] real_p1_mirror_hole_cov=0.0148 real_p1_eps=0.1026 real_p1_hole_frac=0.1090 real_p2_eps=0.1492 real_p2_hit=1.0000 real_p2_t=173.0000 real_p2_ldif=0.0386 real_p2_gen_adv=-0.6870 real_p2_lfm=0.0033 real_total=0.2283 discr_adv=1.8532 x0_d_real=0.6577 x0_d_fake=0.3474 p2_d_real=0.6710 p2_d_fake=0.6870 g_grad_abs=1315.6938 d_grad_abs=1560.6345 synth_eps=0.0754 synth_eps_raw=0.0754 synth_x0_hit=0.0000 synth_total=0.0754 extra_render_attn_share=0.5685
[step 25800] real_p1_mirror_hole_cov=0.0101 real_p1_eps=0.6834 real_p1_hole_frac=0.2236 real_p2_eps=0.0251 real_p2_hit=0.0000 real_total=0.7085 synth_eps=0.0893 synth_eps_raw=0.0893 synth_x0_hit=0.0000 synth_total=0.0893 extra_render_attn_share=0.5685
[step 25850] real_p1_mirror_hole_cov=0.2221 real_p1_eps=0.2231 real_p1_hole_frac=0.2704 real_p2_eps=0.1804 real_p2_hit=1.0000 real_p2_t=202.0000 real_p2_ldif=0.0599 real_p2_gen_adv=0.0271 real_p2_lfm=0.0039 real_total=0.4740 discr_adv=1.0520 p2_d_real=-0.1312 p2_d_fake=-0.0271 g_grad_abs=1728.8349 d_grad_abs=632.0347 synth_eps=0.2510 synth_eps_raw=0.2510 synth_x0_hit=1.0000 synth_x0_t=246.0000 synth_x0_ldif=0.1179 synth_x0_gen_adv=0.6305 synth_x0_lfm=0.0091 synth_total=0.4501 extra_render_attn_share=0.5685
[step 25900] real_p1_mirror_hole_cov=0.0998 real_p1_eps=0.2026 real_p1_hole_frac=0.4285 real_p2_eps=0.2723 real_p2_hit=1.0000 real_p2_t=100.0000 real_p2_ldif=0.0322 real_p2_gen_adv=-0.1958 real_p2_lfm=0.0020 real_total=0.4916 discr_adv=0.9512 p2_d_real=0.2934 p2_d_fake=0.1958 g_grad_abs=1502.0516 d_grad_abs=526.8610 synth_eps=0.2724 synth_eps_raw=0.2724 synth_x0_hit=1.0000 synth_x0_t=181.0000 synth_x0_ldif=0.0756 synth_x0_gen_adv=0.3647 synth_x0_lfm=0.0074 synth_total=0.3993 extra_render_attn_share=0.5685
[step 25950] real_p1_mirror_hole_cov=0.0742 real_p1_eps=0.0586 real_p1_hole_frac=0.1028 real_p2_eps=0.0556 real_p2_hit=0.0000 real_total=0.1142 synth_eps=0.0353 synth_eps_raw=0.0353 synth_x0_hit=0.0000 synth_total=0.0353 extra_render_attn_share=0.5685
[val step 25999] val_novel_full=0.0303 val_novel_hole=0.0324 val_novel_visible=0.0294
[step 26000] real_p1_mirror_hole_cov=0.0451 real_p1_eps=0.1995 real_p1_hole_frac=0.3502 real_p2_eps=0.0071 real_p2_hit=0.0000 real_total=0.2067 discr_adv=0.9447 x0_d_real=-0.1139 x0_d_fake=-0.2245 g_grad_abs=982.1541 d_grad_abs=256.8891 synth_eps=0.0076 synth_eps_raw=0.0076 synth_x0_hit=0.0000 synth_total=0.0076 extra_render_attn_share=0.5684
[images] real: anchor | cond1 | cond2 | inv_warp_mirror | mask | mask_inv | warp_img | warp_warp_img | x | y_hat | y_hat_novel -> /home/xzy/warpgan-diffusiong-inpainting/warpgan-diffusion-inpainting-main/experiments/train_inpainting_diffusion/[20260914-030356]_v18w8_w5hf_100k/logs/images/train/real_step0026000.png
[images] synth: cond | mask | target | warp_img | x | y_hat_novel -> /home/xzy/warpgan-diffusiong-inpainting/warpgan-diffusion-inpainting-main/experiments/train_inpainting_diffusion/[20260914-030356]_v18w8_w5hf_100k/logs/images/train/synth_step0026000.png
[step 26050] real_p1_mirror_hole_cov=0.0383 real_p1_eps=0.1850 real_p1_hole_frac=0.3967 real_p2_eps=0.2018 real_p2_hit=1.0000 real_p2_t=184.0000 real_p2_ldif=0.0575 real_p2_gen_adv=0.4211 real_p2_lfm=0.0049 real_total=0.4963 discr_adv=0.9322 p2_d_real=-0.2854 p2_d_fake=-0.4211 g_grad_abs=1507.9472 d_grad_abs=355.0551 synth_eps=0.2330 synth_eps_raw=0.2330 synth_x0_hit=1.0000 synth_x0_t=191.0000 synth_x0_ldif=0.0706 synth_x0_gen_adv=-0.4182 synth_x0_lfm=0.0057 synth_total=0.2731 extra_render_attn_share=0.5684
[step 26100] real_p1_mirror_hole_cov=0.0342 real_p1_eps=0.0414 real_p1_hole_frac=0.0265 real_p2_eps=0.0076 real_p2_hit=0.0000 real_total=0.0490 discr_adv=0.9988 x0_d_real=-0.6915 x0_d_fake=-0.6964 g_grad_abs=711.6358 d_grad_abs=79.2237 synth_eps=0.1943 synth_eps_raw=0.1943 synth_x0_hit=1.0000 synth_x0_t=256.0000 synth_x0_ldif=0.0985 synth_x0_gen_adv=0.6283 synth_x0_lfm=0.0063 synth_total=0.3681 extra_render_attn_share=0.5684
[step 26150] real_p1_mirror_hole_cov=0.1440 real_p1_eps=0.2150 real_p1_hole_frac=0.3851 real_p2_eps=0.0526 real_p2_hit=0.0000 real_total=0.2676 synth_eps=0.0541 synth_eps_raw=0.0541 synth_x0_hit=0.0000 synth_total=0.0541 extra_render_attn_share=0.5684
[step 26200] real_p1_mirror_hole_cov=0.0436 real_p1_eps=0.3038 real_p1_hole_frac=0.2802 real_p2_eps=0.0345 real_p2_hit=0.0000 real_total=0.3384 synth_eps=0.1085 synth_eps_raw=0.1085 synth_x0_hit=0.0000 synth_total=0.1085 extra_render_attn_share=0.5684
[step 26250] real_p1_mirror_hole_cov=0.2031 real_p1_eps=0.1698 real_p1_hole_frac=0.2102 real_p2_eps=0.1132 real_p2_hit=1.0000 real_p2_t=236.0000 real_p2_ldif=0.0493 real_p2_gen_adv=-0.4019 real_p2_lfm=0.0022 real_total=0.2965 discr_adv=2.0018 x0_d_real=0.3481 x0_d_fake=0.3001 p2_d_real=0.3503 p2_d_fake=0.4019 g_grad_abs=1715.2564 d_grad_abs=286.1733 synth_eps=0.0024 synth_eps_raw=0.0024 synth_x0_hit=0.0000 synth_total=0.0024 extra_render_attn_share=0.5684
[step 26300] real_p1_mirror_hole_cov=0.0385 real_p1_eps=0.0901 real_p1_hole_frac=0.1074 real_p2_eps=0.0215 real_p2_hit=0.0000 real_total=0.1115 synth_eps=0.0146 synth_eps_raw=0.0146 synth_x0_hit=0.0000 synth_total=0.0146 extra_render_attn_share=0.5684
[step 26350] real_p1_mirror_hole_cov=0.1299 real_p1_eps=0.1249 real_p1_hole_frac=0.0545 real_p2_eps=0.0064 real_p2_hit=0.0000 real_total=0.1313 synth_eps=0.0042 synth_eps_raw=0.0042 synth_x0_hit=0.0000 synth_total=0.0042 extra_render_attn_share=0.5684
[step 26400] real_p1_mirror_hole_cov=0.3396 real_p1_eps=0.1322 real_p1_hole_frac=0.0789 real_p2_eps=0.1469 real_p2_hit=1.0000 real_p2_t=117.0000 real_p2_ldif=0.0214 real_p2_gen_adv=-0.2297 real_p2_lfm=0.0022 real_total=0.2820 discr_adv=1.0270 p2_d_real=0.1759 p2_d_fake=0.2297 g_grad_abs=1241.4439 d_grad_abs=206.8026 synth_eps=0.0237 synth_eps_raw=0.0237 synth_x0_hit=0.0000 synth_total=0.0237 extra_render_attn_share=0.5684
[step 26450] real_p1_mirror_hole_cov=0.0178 real_p1_eps=0.0864 real_p1_hole_frac=0.1913 real_p2_eps=0.1232 real_p2_hit=1.0000 real_p2_t=228.0000 real_p2_ldif=0.0504 real_p2_gen_adv=-0.5193 real_p2_lfm=0.0036 real_total=0.2154 discr_adv=1.0273 p2_d_real=0.4673 p2_d_fake=0.5193 g_grad_abs=1588.8212 d_grad_abs=314.4449 synth_eps=0.0202 synth_eps_raw=0.0202 synth_x0_hit=0.0000 synth_total=0.0202 extra_render_attn_share=0.5684
[step 26500] real_p1_mirror_hole_cov=0.2690 real_p1_eps=0.1937 real_p1_hole_frac=0.1068 real_p2_eps=0.0176 real_p2_hit=0.0000 real_total=0.2113 synth_eps=0.0229 synth_eps_raw=0.0229 synth_x0_hit=0.0000 synth_total=0.0229 extra_render_attn_share=0.5684
[images] real: anchor | cond1 | cond2 | inv_warp_mirror | mask | mask_inv | warp_img | warp_warp_img | x | y_hat | y_hat_novel -> /home/xzy/warpgan-diffusiong-inpainting/warpgan-diffusion-inpainting-main/experiments/train_inpainting_diffusion/[20260914-030356]_v18w8_w5hf_100k/logs/images/train/real_step0026500.png
[images] synth: cond | mask | target | warp_img | x | y_hat_novel -> /home/xzy/warpgan-diffusiong-inpainting/warpgan-diffusion-inpainting-main/experiments/train_inpainting_diffusion/[20260914-030356]_v18w8_w5hf_100k/logs/images/train/synth_step0026500.png
[step 26550] real_p1_mirror_hole_cov=0.0162 real_p1_eps=0.0930 real_p1_hole_frac=0.1252 real_p2_eps=0.0025 real_p2_hit=0.0000 real_total=0.0955 synth_eps=0.3594 synth_eps_raw=0.3594 synth_x0_hit=1.0000 synth_x0_t=84.0000 synth_x0_ldif=0.0340 synth_x0_gen_adv=0.4341 synth_x0_lfm=0.0035 synth_total=0.4439 extra_render_attn_share=0.5684
[step 26600] real_p1_mirror_hole_cov=0.0144 real_p1_eps=0.1995 real_p1_hole_frac=0.4302 real_p2_eps=0.3387 real_p2_hit=1.0000 real_p2_t=81.0000 real_p2_ldif=0.0306 real_p2_gen_adv=0.5879 real_p2_lfm=0.0027 real_total=0.6329 discr_adv=1.9191 x0_d_real=-0.2795 x0_d_fake=-0.4064 p2_d_real=-0.5436 p2_d_fake=-0.5879 g_grad_abs=1537.2283 d_grad_abs=831.1481 synth_eps=0.0033 synth_eps_raw=0.0033 synth_x0_hit=0.0000 synth_total=0.0033 extra_render_attn_share=0.5684
[step 26650] real_p1_mirror_hole_cov=0.2480 real_p1_eps=0.2929 real_p1_hole_frac=0.4242 real_p2_eps=0.3880 real_p2_hit=1.0000 real_p2_t=68.0000 real_p2_ldif=0.0283 real_p2_gen_adv=-0.4419 real_p2_lfm=0.0028 real_total=0.6705 discr_adv=0.9806 p2_d_real=0.4807 p2_d_fake=0.4419 g_grad_abs=1729.7345 d_grad_abs=285.3779 synth_eps=0.6002 synth_eps_raw=0.6002 synth_x0_hit=1.0000 synth_x0_t=29.0000 synth_x0_ldif=0.0171 synth_x0_gen_adv=0.5390 synth_x0_lfm=0.0022 synth_total=0.6756 extra_render_attn_share=0.5684
[step 26700] real_p1_mirror_hole_cov=0.0179 real_p1_eps=0.1601 real_p1_hole_frac=0.4231 real_p2_eps=0.0688 real_p2_hit=0.0000 real_total=0.2290 synth_eps=0.0439 synth_eps_raw=0.0439 synth_x0_hit=0.0000 synth_total=0.0439 extra_render_attn_share=0.5684
[step 26750] real_p1_mirror_hole_cov=0.0072 real_p1_eps=0.1767 real_p1_hole_frac=0.1411 real_p2_eps=0.0056 real_p2_hit=0.0000 real_total=0.1822 synth_eps=0.0046 synth_eps_raw=0.0046 synth_x0_hit=0.0000 synth_total=0.0046 extra_render_attn_share=0.5684
[step 26800] real_p1_mirror_hole_cov=0.1221 real_p1_eps=0.3464 real_p1_hole_frac=0.4036 real_p2_eps=0.0460 real_p2_hit=0.0000 real_total=0.3924 synth_eps=0.0050 synth_eps_raw=0.0050 synth_x0_hit=0.0000 synth_total=0.0050 extra_render_attn_share=0.5684
[step 26850] real_p1_mirror_hole_cov=0.1193 real_p1_eps=0.1681 real_p1_hole_frac=0.3491 real_p2_eps=0.1960 real_p2_hit=1.0000 real_p2_t=194.0000 real_p2_ldif=0.0609 real_p2_gen_adv=0.2223 real_p2_lfm=0.0034 real_total=0.4540 discr_adv=0.9623 p2_d_real=-0.1469 p2_d_fake=-0.2223 g_grad_abs=1405.8100 d_grad_abs=190.7874 synth_eps=0.1430 synth_eps_raw=0.1430 synth_x0_hit=0.0000 synth_total=0.1430 extra_render_attn_share=0.5684
[step 26900] real_p1_mirror_hole_cov=0.0160 real_p1_eps=0.4895 real_p1_hole_frac=0.3043 real_p2_eps=0.0077 real_p2_hit=0.0000 real_total=0.4972 discr_adv=0.8987 x0_d_real=0.1876 x0_d_fake=-0.0149 g_grad_abs=1474.2235 d_grad_abs=477.7576 synth_eps=0.2816 synth_eps_raw=0.2816 synth_x0_hit=1.0000 synth_x0_t=213.0000 synth_x0_ldif=0.1024 synth_x0_gen_adv=-0.3303 synth_x0_lfm=0.0050 synth_total=0.3608 extra_render_attn_share=0.5684
[step 26950] real_p1_mirror_hole_cov=0.0333 real_p1_eps=0.1238 real_p1_hole_frac=0.0711 real_p2_eps=0.0677 real_p2_hit=0.0000 real_total=0.1914 discr_adv=0.9031 x0_d_real=0.1315 x0_d_fake=-0.0624 g_grad_abs=952.8216 d_grad_abs=554.1698 synth_eps=0.1662 synth_eps_raw=0.1662 synth_x0_hit=0.0000 synth_total=0.1662 extra_render_attn_share=0.5684
[step 27000] real_p1_mirror_hole_cov=0.1267 real_p1_eps=0.1633 real_p1_hole_frac=0.4199 real_p2_eps=0.1285 real_p2_hit=0.0000 real_total=0.2918 discr_adv=1.1127 x0_d_real=0.3900 x0_d_fake=0.6154 g_grad_abs=1043.9567 d_grad_abs=1284.1222 synth_eps=0.0711 synth_eps_raw=0.0711 synth_x0_hit=0.0000 synth_total=0.0711 extra_render_attn_share=0.5684
[images] real: anchor | cond1 | cond2 | inv_warp_mirror | mask | mask_inv | warp_img | warp_warp_img | x | y_hat | y_hat_novel -> /home/xzy/warpgan-diffusiong-inpainting/warpgan-diffusion-inpainting-main/experiments/train_inpainting_diffusion/[20260914-030356]_v18w8_w5hf_100k/logs/images/train/real_step0027000.png
[images] synth: cond | mask | target | warp_img | x | y_hat_novel -> /home/xzy/warpgan-diffusiong-inpainting/warpgan-diffusion-inpainting-main/experiments/train_inpainting_diffusion/[20260914-030356]_v18w8_w5hf_100k/logs/images/train/synth_step0027000.png
[step 27050] real_p1_mirror_hole_cov=0.0081 real_p1_eps=0.1903 real_p1_hole_frac=0.1258 real_p2_eps=0.1557 real_p2_hit=1.0000 real_p2_t=190.0000 real_p2_ldif=0.0467 real_p2_gen_adv=-0.7467 real_p2_lfm=0.0040 real_total=0.3261 discr_adv=2.0982 x0_d_real=0.1248 x0_d_fake=0.2054 p2_d_real=0.6344 p2_d_fake=0.7467 g_grad_abs=1852.5264 d_grad_abs=929.5882 synth_eps=0.0043 synth_eps_raw=0.0043 synth_x0_hit=0.0000 synth_total=0.0043 extra_render_attn_share=0.5684
[step 27100] real_p1_mirror_hole_cov=0.0060 real_p1_eps=0.0841 real_p1_hole_frac=0.2022 real_p2_eps=0.0267 real_p2_hit=0.0000 real_total=0.1109 synth_eps=0.0629 synth_eps_raw=0.0629 synth_x0_hit=0.0000 synth_total=0.0629 extra_render_attn_share=0.5684
[step 27150] real_p1_mirror_hole_cov=0.1238 real_p1_eps=0.4238 real_p1_hole_frac=0.6337 real_p2_eps=0.2120 real_p2_hit=1.0000 real_p2_t=243.0000 real_p2_ldif=0.0974 real_p2_gen_adv=-0.2401 real_p2_lfm=0.0066 real_total=0.7223 discr_adv=1.0110 p2_d_real=0.2182 p2_d_fake=0.2401 g_grad_abs=2380.3336 d_grad_abs=351.9318 synth_eps=0.0494 synth_eps_raw=0.0494 synth_x0_hit=0.0000 synth_total=0.0494 extra_render_attn_share=0.5684
[step 27200] real_p1_mirror_hole_cov=0.0219 real_p1_eps=0.1675 real_p1_hole_frac=0.4520 real_p2_eps=0.3115 real_p2_hit=1.0000 real_p2_t=131.0000 real_p2_ldif=0.0532 real_p2_gen_adv=-0.4904 real_p2_lfm=0.0039 real_total=0.4909 discr_adv=0.9604 p2_d_real=0.5696 p2_d_fake=0.4904 g_grad_abs=1541.8383 d_grad_abs=445.0959 synth_eps=0.1294 synth_eps_raw=0.1294 synth_x0_hit=0.0000 synth_total=0.1294 extra_render_attn_share=0.5684
[step 27250] real_p1_mirror_hole_cov=0.0172 real_p1_eps=0.1442 real_p1_hole_frac=0.4557 real_p2_eps=0.1057 real_p2_hit=0.0000 real_total=0.2499 synth_eps=0.0100 synth_eps_raw=0.0100 synth_x0_hit=0.0000 synth_total=0.0100 extra_render_attn_share=0.5684
[step 27300] real_p1_mirror_hole_cov=0.0967 real_p1_eps=0.2067 real_p1_hole_frac=0.4666 real_p2_eps=0.0051 real_p2_hit=0.0000 real_total=0.2118 synth_eps=0.2018 synth_eps_raw=0.2018 synth_x0_hit=1.0000 synth_x0_t=266.0000 synth_x0_ldif=0.1100 synth_x0_gen_adv=-0.1144 synth_x0_lfm=0.0071 synth_total=0.3146 extra_render_attn_share=0.5684
[step 27350] real_p1_mirror_hole_cov=0.2015 real_p1_eps=0.1378 real_p1_hole_frac=0.4636 real_p2_eps=0.1115 real_p2_hit=0.0000 real_total=0.2493 synth_eps=0.2797 synth_eps_raw=0.2797 synth_x0_hit=1.0000 synth_x0_t=178.0000 synth_x0_ldif=0.0756 synth_x0_gen_adv=0.1023 synth_x0_lfm=0.0048 synth_total=0.3751 extra_render_attn_share=0.5684
[step 27400] real_p1_mirror_hole_cov=0.0062 real_p1_eps=0.1000 real_p1_hole_frac=0.1692 real_p2_eps=0.0068 real_p2_hit=0.0000 real_total=0.1068 discr_adv=0.9658 x0_d_real=-0.0252 x0_d_fake=-0.0939 g_grad_abs=803.4369 d_grad_abs=263.9415 synth_eps=0.0410 synth_eps_raw=0.0410 synth_x0_hit=0.0000 synth_total=0.0410 extra_render_attn_share=0.5684
[step 27450] real_p1_mirror_hole_cov=0.1392 real_p1_eps=0.2814 real_p1_hole_frac=0.4162 real_p2_eps=0.0113 real_p2_hit=0.0000 real_total=0.2927 discr_adv=0.9930 x0_d_real=-0.5663 x0_d_fake=-0.5804 g_grad_abs=1145.7063 d_grad_abs=103.0467 synth_eps=0.2556 synth_eps_raw=0.2556 synth_x0_hit=1.0000 synth_x0_t=274.0000 synth_x0_ldif=0.1475 synth_x0_gen_adv=-0.6207 synth_x0_lfm=0.0075 synth_total=0.3560 extra_render_attn_share=0.5684
[step 27500] real_p1_mirror_hole_cov=0.0650 real_p1_eps=0.1961 real_p1_hole_frac=0.2868 real_p2_eps=0.0215 real_p2_hit=0.0000 real_total=0.2176 synth_eps=0.0295 synth_eps_raw=0.0295 synth_x0_hit=0.0000 synth_total=0.0295 extra_render_attn_share=0.5684
[images] real: anchor | cond1 | cond2 | inv_warp_mirror | mask | mask_inv | warp_img | warp_warp_img | x | y_hat | y_hat_novel -> /home/xzy/warpgan-diffusiong-inpainting/warpgan-diffusion-inpainting-main/experiments/train_inpainting_diffusion/[20260914-030356]_v18w8_w5hf_100k/logs/images/train/real_step0027500.png
[images] synth: cond | mask | target | warp_img | x | y_hat_novel -> /home/xzy/warpgan-diffusiong-inpainting/warpgan-diffusion-inpainting-main/experiments/train_inpainting_diffusion/[20260914-030356]_v18w8_w5hf_100k/logs/images/train/synth_step0027500.png
[step 27550] real_p1_mirror_hole_cov=0.0716 real_p1_eps=0.1551 real_p1_hole_frac=0.1307 real_p2_eps=0.0077 real_p2_hit=0.0000 real_total=0.1629 discr_adv=1.1055 x0_d_real=-0.2144 x0_d_fake=-0.0050 g_grad_abs=976.8329 d_grad_abs=683.2997 synth_eps=0.0311 synth_eps_raw=0.0311 synth_x0_hit=0.0000 synth_total=0.0311 extra_render_attn_share=0.5684
[step 27600] real_p1_mirror_hole_cov=0.2238 real_p1_eps=0.1794 real_p1_hole_frac=0.3513 real_p2_eps=0.0355 real_p2_hit=0.0000 real_total=0.2150 synth_eps=0.0373 synth_eps_raw=0.0373 synth_x0_hit=0.0000 synth_total=0.0373 extra_render_attn_share=0.5684
[step 27650] real_p1_mirror_hole_cov=0.0174 real_p1_eps=0.4461 real_p1_hole_frac=0.0602 real_p2_eps=0.0066 real_p2_hit=0.0000 real_total=0.4527 discr_adv=0.9634 x0_d_real=0.2034 x0_d_fake=0.1301 g_grad_abs=1671.3994 d_grad_abs=356.2479 synth_eps=0.4152 synth_eps_raw=0.4152 synth_x0_hit=1.0000 synth_x0_t=97.0000 synth_x0_ldif=0.0472 synth_x0_gen_adv=-0.0238 synth_x0_lfm=0.0041 synth_total=0.4682 extra_render_attn_share=0.5684
[step 27700] real_p1_mirror_hole_cov=0.0663 real_p1_eps=0.0456 real_p1_hole_frac=0.0740 real_p2_eps=0.0926 real_p2_hit=1.0000 real_p2_t=217.0000 real_p2_ldif=0.0348 real_p2_gen_adv=0.1629 real_p2_lfm=0.0020 real_total=0.1933 discr_adv=2.0034 x0_d_real=-0.1529 x0_d_fake=-0.2155 p2_d_real=-0.2324 p2_d_fake=-0.1629 g_grad_abs=1110.7823 d_grad_abs=109.5011 synth_eps=0.0132 synth_eps_raw=0.0132 synth_x0_hit=0.0000 synth_total=0.0132 extra_render_attn_share=0.5684
[step 27750] real_p1_mirror_hole_cov=0.0551 real_p1_eps=0.1476 real_p1_hole_frac=0.3134 real_p2_eps=0.0129 real_p2_hit=0.0000 real_total=0.1605 discr_adv=0.8363 x0_d_real=0.3502 x0_d_fake=0.0227 g_grad_abs=832.7848 d_grad_abs=1072.1554 synth_eps=0.0161 synth_eps_raw=0.0161 synth_x0_hit=0.0000 synth_total=0.0161 extra_render_attn_share=0.5684
[step 27800] real_p1_mirror_hole_cov=0.1378 real_p1_eps=0.3516 real_p1_hole_frac=0.3850 real_p2_eps=0.3000 real_p2_hit=1.0000 real_p2_t=114.0000 real_p2_ldif=0.0423 real_p2_gen_adv=-0.6699 real_p2_lfm=0.0022 real_total=0.6312 discr_adv=0.9745 p2_d_real=0.7208 p2_d_fake=0.6699 g_grad_abs=1695.2022 d_grad_abs=180.0238 synth_eps=0.0541 synth_eps_raw=0.0541 synth_x0_hit=0.0000 synth_total=0.0541 extra_render_attn_share=0.5684
[step 27850] real_p1_mirror_hole_cov=0.0486 real_p1_eps=0.2111 real_p1_hole_frac=0.4015 real_p2_eps=0.2790 real_p2_hit=1.0000 real_p2_t=102.0000 real_p2_ldif=0.0339 real_p2_gen_adv=0.1165 real_p2_lfm=0.0021 real_total=0.5398 discr_adv=0.9656 p2_d_real=-0.0457 p2_d_fake=-0.1165 g_grad_abs=1559.0164 d_grad_abs=236.4695 synth_eps=0.0080 synth_eps_raw=0.0080 synth_x0_hit=0.0000 synth_total=0.0080 extra_render_attn_share=0.5684
[step 27900] real_p1_mirror_hole_cov=0.0080 real_p1_eps=0.0505 real_p1_hole_frac=0.0433 real_p2_eps=0.0486 real_p2_hit=0.0000 real_total=0.0991 discr_adv=1.0336 x0_d_real=-0.6769 x0_d_fake=-0.6096 g_grad_abs=699.1501 d_grad_abs=146.3490 synth_eps=0.0913 synth_eps_raw=0.0913 synth_x0_hit=0.0000 synth_total=0.0913 extra_render_attn_share=0.5684
[step 27950] real_p1_mirror_hole_cov=0.1342 real_p1_eps=0.1746 real_p1_hole_frac=0.4715 real_p2_eps=0.0519 real_p2_hit=0.0000 real_total=0.2264 synth_eps=0.0712 synth_eps_raw=0.0712 synth_x0_hit=0.0000 synth_total=0.0712 extra_render_attn_share=0.5684
[val step 27999] val_novel_full=0.0282 val_novel_hole=0.0313 val_novel_visible=0.0275
[step 28000] real_p1_mirror_hole_cov=0.0183 real_p1_eps=0.1441 real_p1_hole_frac=0.3540 real_p2_eps=0.0161 real_p2_hit=0.0000 real_total=0.1602 synth_eps=0.0189 synth_eps_raw=0.0189 synth_x0_hit=0.0000 synth_total=0.0189 extra_render_attn_share=0.5727
[images] real: anchor | cond1 | cond2 | inv_warp_mirror | mask | mask_inv | warp_img | warp_warp_img | x | y_hat | y_hat_novel -> /home/xzy/warpgan-diffusiong-inpainting/warpgan-diffusion-inpainting-main/experiments/train_inpainting_diffusion/[20260914-030356]_v18w8_w5hf_100k/logs/images/train/real_step0028000.png
[images] synth: cond | mask | target | warp_img | x | y_hat_novel -> /home/xzy/warpgan-diffusiong-inpainting/warpgan-diffusion-inpainting-main/experiments/train_inpainting_diffusion/[20260914-030356]_v18w8_w5hf_100k/logs/images/train/synth_step0028000.png
[step 28050] real_p1_mirror_hole_cov=0.0943 real_p1_eps=0.2560 real_p1_hole_frac=0.4083 real_p2_eps=0.0048 real_p2_hit=0.0000 real_total=0.2608 synth_eps=0.0292 synth_eps_raw=0.0292 synth_x0_hit=0.0000 synth_total=0.0292 extra_render_attn_share=0.5727
[step 28100] real_p1_mirror_hole_cov=0.1692 real_p1_eps=0.1069 real_p1_hole_frac=0.2534 real_p2_eps=0.0104 real_p2_hit=0.0000 real_total=0.1173 synth_eps=0.8851 synth_eps_raw=0.8851 synth_x0_hit=1.0000 synth_x0_t=2.0000 synth_x0_ldif=0.0023 synth_x0_gen_adv=-0.0505 synth_x0_lfm=0.0004 synth_total=0.8831 extra_render_attn_share=0.5727
[step 28150] real_p1_mirror_hole_cov=0.2401 real_p1_eps=0.3626 real_p1_hole_frac=0.5017 real_p2_eps=0.0666 real_p2_hit=0.0000 real_total=0.4291 synth_eps=0.0775 synth_eps_raw=0.0775 synth_x0_hit=0.0000 synth_total=0.0775 extra_render_attn_share=0.5727
[step 28200] real_p1_mirror_hole_cov=0.2154 real_p1_eps=0.1937 real_p1_hole_frac=0.0951 real_p2_eps=0.0534 real_p2_hit=0.0000 real_total=0.2472 synth_eps=0.0136 synth_eps_raw=0.0136 synth_x0_hit=0.0000 synth_total=0.0136 extra_render_attn_share=0.5727
[step 28250] real_p1_mirror_hole_cov=0.0059 real_p1_eps=0.1715 real_p1_hole_frac=0.1941 real_p2_eps=0.0022 real_p2_hit=0.0000 real_total=0.1737 synth_eps=0.0186 synth_eps_raw=0.0186 synth_x0_hit=0.0000 synth_total=0.0186 extra_render_attn_share=0.5727
[step 28300] real_p1_mirror_hole_cov=0.1254 real_p1_eps=0.1990 real_p1_hole_frac=0.2384 real_p2_eps=0.1187 real_p2_hit=1.0000 real_p2_t=268.0000 real_p2_ldif=0.0656 real_p2_gen_adv=-0.6710 real_p2_lfm=0.0041 real_total=0.3243 discr_adv=1.1311 p2_d_real=0.4087 p2_d_fake=0.6710 g_grad_abs=1784.1207 d_grad_abs=1005.7319 synth_eps=0.0028 synth_eps_raw=0.0028 synth_x0_hit=0.0000 synth_total=0.0028 extra_render_attn_share=0.5727
[step 28350] real_p1_mirror_hole_cov=0.0284 real_p1_eps=0.0971 real_p1_hole_frac=0.1429 real_p2_eps=0.0988 real_p2_hit=0.0000 real_total=0.1960 synth_eps=0.0266 synth_eps_raw=0.0266 synth_x0_hit=0.0000 synth_total=0.0266 extra_render_attn_share=0.5727
[step 28400] real_p1_mirror_hole_cov=0.0087 real_p1_eps=0.2069 real_p1_hole_frac=0.2951 real_p2_eps=0.1953 real_p2_hit=1.0000 real_p2_t=252.0000 real_p2_ldif=0.0960 real_p2_gen_adv=-0.6419 real_p2_lfm=0.0045 real_total=0.4429 discr_adv=0.9586 p2_d_real=0.7247 p2_d_fake=0.6419 g_grad_abs=1809.8214 d_grad_abs=361.2220 synth_eps=0.5261 synth_eps_raw=0.5261 synth_x0_hit=1.0000 synth_x0_t=60.0000 synth_x0_ldif=0.0331 synth_x0_gen_adv=-0.5729 synth_x0_lfm=0.0033 synth_total=0.5084 extra_render_attn_share=0.5727
[step 28450] real_p1_mirror_hole_cov=0.0598 real_p1_eps=0.2475 real_p1_hole_frac=0.3157 real_p2_eps=0.0117 real_p2_hit=0.0000 real_total=0.2592 synth_eps=0.0518 synth_eps_raw=0.0518 synth_x0_hit=0.0000 synth_total=0.0518 extra_render_attn_share=0.5727
[step 28500] real_p1_mirror_hole_cov=0.0274 real_p1_eps=0.1149 real_p1_hole_frac=0.4804 real_p2_eps=0.0287 real_p2_hit=0.0000 real_total=0.1436 discr_adv=1.3161 x0_d_real=-0.5703 x0_d_fake=0.0619 g_grad_abs=903.3999 d_grad_abs=1658.2157 synth_eps=0.2475 synth_eps_raw=0.2475 synth_x0_hit=1.0000 synth_x0_t=196.0000 synth_x0_ldif=0.0782 synth_x0_gen_adv=-0.5940 synth_x0_lfm=0.0057 synth_total=0.2776 extra_render_attn_share=0.5727
[images] real: anchor | cond1 | cond2 | inv_warp_mirror | mask | mask_inv | warp_img | warp_warp_img | x | y_hat | y_hat_novel -> /home/xzy/warpgan-diffusiong-inpainting/warpgan-diffusion-inpainting-main/experiments/train_inpainting_diffusion/[20260914-030356]_v18w8_w5hf_100k/logs/images/train/real_step0028500.png
[images] synth: cond | mask | target | warp_img | x | y_hat_novel -> /home/xzy/warpgan-diffusiong-inpainting/warpgan-diffusion-inpainting-main/experiments/train_inpainting_diffusion/[20260914-030356]_v18w8_w5hf_100k/logs/images/train/synth_step0028500.png
[step 28550] real_p1_mirror_hole_cov=0.1508 real_p1_eps=0.4251 real_p1_hole_frac=0.3543 real_p2_eps=0.0060 real_p2_hit=0.0000 real_total=0.4312 synth_eps=0.0030 synth_eps_raw=0.0030 synth_x0_hit=0.0000 synth_total=0.0030 extra_render_attn_share=0.5727
[step 28600] real_p1_mirror_hole_cov=0.0321 real_p1_eps=0.1220 real_p1_hole_frac=0.1261 real_p2_eps=0.2706 real_p2_hit=1.0000 real_p2_t=69.0000 real_p2_ldif=0.0201 real_p2_gen_adv=-0.1208 real_p2_lfm=0.0021 real_total=0.4049 discr_adv=1.0251 p2_d_real=0.0708 p2_d_fake=0.1208 g_grad_abs=1390.8403 d_grad_abs=134.7374 synth_eps=0.0902 synth_eps_raw=0.0902 synth_x0_hit=0.0000 synth_total=0.0902 extra_render_attn_share=0.5727
[step 28650] real_p1_mirror_hole_cov=0.0126 real_p1_eps=0.1292 real_p1_hole_frac=0.1443 real_p2_eps=0.0309 real_p2_hit=0.0000 real_total=0.1601 synth_eps=0.3669 synth_eps_raw=0.3669 synth_x0_hit=1.0000 synth_x0_t=78.0000 synth_x0_ldif=0.0316 synth_x0_gen_adv=0.7266 synth_x0_lfm=0.0034 synth_total=0.4780 extra_render_attn_share=0.5727
[step 28700] real_p1_mirror_hole_cov=0.2073 real_p1_eps=0.1979 real_p1_hole_frac=0.1503 real_p2_eps=0.0058 real_p2_hit=0.0000 real_total=0.2037 discr_adv=0.8842 x0_d_real=0.5444 x0_d_fake=0.3114 g_grad_abs=1016.2273 d_grad_abs=1294.4200 synth_eps=0.0249 synth_eps_raw=0.0249 synth_x0_hit=0.0000 synth_total=0.0249 extra_render_attn_share=0.5727
[step 28750] real_p1_mirror_hole_cov=0.2465 real_p1_eps=0.0637 real_p1_hole_frac=0.0301 real_p2_eps=0.0996 real_p2_hit=1.0000 real_p2_t=148.0000 real_p2_ldif=0.0203 real_p2_gen_adv=-0.3769 real_p2_lfm=0.0023 real_total=0.1506 discr_adv=2.3509 x0_d_real=-0.6534 x0_d_fake=-0.1620 p2_d_real=0.1665 p2_d_fake=0.3769 g_grad_abs=1665.8131 d_grad_abs=1591.6181 synth_eps=0.4340 synth_eps_raw=0.4340 synth_x0_hit=1.0000 synth_x0_t=78.0000 synth_x0_ldif=0.0374 synth_x0_gen_adv=0.3253 synth_x0_lfm=0.0040 synth_total=0.5120 extra_render_attn_share=0.5727
[step 28800] real_p1_mirror_hole_cov=0.0827 real_p1_eps=0.0960 real_p1_hole_frac=0.0765 real_p2_eps=0.2101 real_p2_hit=1.0000 real_p2_t=100.0000 real_p2_ldif=0.0249 real_p2_gen_adv=-0.6854 real_p2_lfm=0.0013 real_total=0.2650 discr_adv=0.9907 p2_d_real=0.7041 p2_d_fake=0.6854 g_grad_abs=1261.0519 d_grad_abs=107.5147 synth_eps=0.3085 synth_eps_raw=0.3085 synth_x0_hit=1.0000 synth_x0_t=116.0000 synth_x0_ldif=0.0445 synth_x0_gen_adv=0.3984 synth_x0_lfm=0.0049 synth_total=0.4027 extra_render_attn_share=0.5727
[step 28850] real_p1_mirror_hole_cov=0.1092 real_p1_eps=0.1674 real_p1_hole_frac=0.5906 real_p2_eps=0.0617 real_p2_hit=0.0000 real_total=0.2291 synth_eps=0.0158 synth_eps_raw=0.0158 synth_x0_hit=0.0000 synth_total=0.0158 extra_render_attn_share=0.5727
[step 28900] real_p1_mirror_hole_cov=0.2297 real_p1_eps=0.3167 real_p1_hole_frac=0.4499 real_p2_eps=0.0283 real_p2_hit=0.0000 real_total=0.3450 discr_adv=0.9569 x0_d_real=0.3011 x0_d_fake=0.2145 g_grad_abs=1193.8751 d_grad_abs=248.5839 synth_eps=0.1008 synth_eps_raw=0.1008 synth_x0_hit=0.0000 synth_total=0.1008 extra_render_attn_share=0.5727
[step 28950] real_p1_mirror_hole_cov=0.1447 real_p1_eps=0.1554 real_p1_hole_frac=0.6280 real_p2_eps=0.1763 real_p2_hit=1.0000 real_p2_t=299.0000 real_p2_ldif=0.1214 real_p2_gen_adv=-0.1710 real_p2_lfm=0.0075 real_total=0.4510 discr_adv=0.9932 p2_d_real=0.1845 p2_d_fake=0.1710 g_grad_abs=1577.9250 d_grad_abs=268.9498 synth_eps=0.1195 synth_eps_raw=0.1195 synth_x0_hit=0.0000 synth_total=0.1195 extra_render_attn_share=0.5727
[step 29000] real_p1_mirror_hole_cov=0.2229 real_p1_eps=0.2342 real_p1_hole_frac=0.5755 real_p2_eps=0.0161 real_p2_hit=0.0000 real_total=0.2503 synth_eps=0.2665 synth_eps_raw=0.2665 synth_x0_hit=1.0000 synth_x0_t=171.0000 synth_x0_ldif=0.0677 synth_x0_gen_adv=-0.3495 synth_x0_lfm=0.0053 synth_total=0.3099 extra_render_attn_share=0.5727
[images] real: anchor | cond1 | cond2 | inv_warp_mirror | mask | mask_inv | warp_img | warp_warp_img | x | y_hat | y_hat_novel -> /home/xzy/warpgan-diffusiong-inpainting/warpgan-diffusion-inpainting-main/experiments/train_inpainting_diffusion/[20260914-030356]_v18w8_w5hf_100k/logs/images/train/real_step0029000.png
[images] synth: cond | mask | target | warp_img | x | y_hat_novel -> /home/xzy/warpgan-diffusiong-inpainting/warpgan-diffusion-inpainting-main/experiments/train_inpainting_diffusion/[20260914-030356]_v18w8_w5hf_100k/logs/images/train/synth_step0029000.png
[step 29050] real_p1_mirror_hole_cov=0.0252 real_p1_eps=0.1281 real_p1_hole_frac=0.1991 real_p2_eps=0.0401 real_p2_hit=0.0000 real_total=0.1681 synth_eps=0.0151 synth_eps_raw=0.0151 synth_x0_hit=0.0000 synth_total=0.0151 extra_render_attn_share=0.5727
[step 29100] real_p1_mirror_hole_cov=0.0833 real_p1_eps=0.1270 real_p1_hole_frac=0.2877 real_p2_eps=0.0251 real_p2_hit=0.0000 real_total=0.1521 synth_eps=0.2168 synth_eps_raw=0.2168 synth_x0_hit=1.0000 synth_x0_t=208.0000 synth_x0_ldif=0.0757 synth_x0_gen_adv=-0.1311 synth_x0_lfm=0.0082 synth_total=0.2959 extra_render_attn_share=0.5727
[step 29150] real_p1_mirror_hole_cov=0.0344 real_p1_eps=0.1424 real_p1_hole_frac=0.1636 real_p2_eps=0.3761 real_p2_hit=1.0000 real_p2_t=44.0000 real_p2_ldif=0.0166 real_p2_gen_adv=-0.1226 real_p2_lfm=0.0022 real_total=0.5272 discr_adv=1.9309 x0_d_real=-0.0234 x0_d_fake=-0.1978 p2_d_real=0.0864 p2_d_fake=0.1226 g_grad_abs=1660.2085 d_grad_abs=434.4406 synth_eps=0.0122 synth_eps_raw=0.0122 synth_x0_hit=0.0000 synth_total=0.0122 extra_render_attn_share=0.5727
[step 29200] real_p1_mirror_hole_cov=0.2160 real_p1_eps=0.2091 real_p1_hole_frac=0.2239 real_p2_eps=0.1808 real_p2_hit=1.0000 real_p2_t=166.0000 real_p2_ldif=0.0438 real_p2_gen_adv=0.0846 real_p2_lfm=0.0053 real_total=0.4530 discr_adv=1.0611 p2_d_real=-0.2067 p2_d_fake=-0.0846 g_grad_abs=1762.4166 d_grad_abs=266.7507 synth_eps=0.1097 synth_eps_raw=0.1097 synth_x0_hit=0.0000 synth_total=0.1097 extra_render_attn_share=0.5727
[step 29250] real_p1_mirror_hole_cov=0.0355 real_p1_eps=0.0841 real_p1_hole_frac=0.1835 real_p2_eps=0.0057 real_p2_hit=0.0000 real_total=0.0898 synth_eps=0.1668 synth_eps_raw=0.1668 synth_x0_hit=0.0000 synth_total=0.1668 extra_render_attn_share=0.5727
[step 29300] real_p1_mirror_hole_cov=0.2892 real_p1_eps=0.4866 real_p1_hole_frac=0.2252 real_p2_eps=0.0615 real_p2_hit=0.0000 real_total=0.5481 synth_eps=0.0044 synth_eps_raw=0.0044 synth_x0_hit=0.0000 synth_total=0.0044 extra_render_attn_share=0.5727
[step 29350] real_p1_mirror_hole_cov=0.1302 real_p1_eps=0.1519 real_p1_hole_frac=0.2977 real_p2_eps=0.0068 real_p2_hit=0.0000 real_total=0.1587 discr_adv=1.2370 x0_d_real=-0.3021 x0_d_fake=0.1719 g_grad_abs=932.5349 d_grad_abs=1413.9294 synth_eps=0.0527 synth_eps_raw=0.0527 synth_x0_hit=0.0000 synth_total=0.0527 extra_render_attn_share=0.5727
[step 29400] real_p1_mirror_hole_cov=0.1137 real_p1_eps=0.1935 real_p1_hole_frac=0.5539 real_p2_eps=0.0029 real_p2_hit=0.0000 real_total=0.1963 synth_eps=0.0426 synth_eps_raw=0.0426 synth_x0_hit=0.0000 synth_total=0.0426 extra_render_attn_share=0.5727
[step 29450] real_p1_mirror_hole_cov=0.0229 real_p1_eps=0.1865 real_p1_hole_frac=0.2914 real_p2_eps=0.8599 real_p2_hit=1.0000 real_p2_t=1.0000 real_p2_ldif=0.0015 real_p2_gen_adv=0.1901 real_p2_lfm=0.0002 real_total=1.0672 discr_adv=0.9908 p2_d_real=-0.1716 p2_d_fake=-0.1901 g_grad_abs=1608.1393 d_grad_abs=87.0853 synth_eps=0.0827 synth_eps_raw=0.0827 synth_x0_hit=0.0000 synth_total=0.0827 extra_render_attn_share=0.5727
[step 29500] real_p1_mirror_hole_cov=0.0120 real_p1_eps=0.1602 real_p1_hole_frac=0.2392 real_p2_eps=0.1055 real_p2_hit=1.0000 real_p2_t=291.0000 real_p2_ldif=0.0687 real_p2_gen_adv=0.2759 real_p2_lfm=0.0049 real_total=0.3718 discr_adv=1.0223 p2_d_real=-0.3186 p2_d_fake=-0.2759 g_grad_abs=1857.8094 d_grad_abs=257.9411 synth_eps=0.0083 synth_eps_raw=0.0083 synth_x0_hit=0.0000 synth_total=0.0083 extra_render_attn_share=0.5727
[images] real: anchor | cond1 | cond2 | inv_warp_mirror | mask | mask_inv | warp_img | warp_warp_img | x | y_hat | y_hat_novel -> /home/xzy/warpgan-diffusiong-inpainting/warpgan-diffusion-inpainting-main/experiments/train_inpainting_diffusion/[20260914-030356]_v18w8_w5hf_100k/logs/images/train/real_step0029500.png
[images] synth: cond | mask | target | warp_img | x | y_hat_novel -> /home/xzy/warpgan-diffusiong-inpainting/warpgan-diffusion-inpainting-main/experiments/train_inpainting_diffusion/[20260914-030356]_v18w8_w5hf_100k/logs/images/train/synth_step0029500.png
[step 29550] real_p1_mirror_hole_cov=0.0301 real_p1_eps=0.1202 real_p1_hole_frac=0.0756 real_p2_eps=0.0167 real_p2_hit=0.0000 real_total=0.1369 synth_eps=0.0769 synth_eps_raw=0.0769 synth_x0_hit=0.0000 synth_total=0.0769 extra_render_attn_share=0.5727
[step 29600] real_p1_mirror_hole_cov=0.1418 real_p1_eps=0.6667 real_p1_hole_frac=0.3341 real_p2_eps=0.0607 real_p2_hit=0.0000 real_total=0.7274 synth_eps=0.1273 synth_eps_raw=0.1273 synth_x0_hit=0.0000 synth_total=0.1273 extra_render_attn_share=0.5727
[step 29650] real_p1_mirror_hole_cov=0.1588 real_p1_eps=0.2674 real_p1_hole_frac=0.3415 real_p2_eps=0.4291 real_p2_hit=1.0000 real_p2_t=38.0000 real_p2_ldif=0.0161 real_p2_gen_adv=0.2877 real_p2_lfm=0.0025 real_total=0.7462 discr_adv=0.9915 p2_d_real=-0.2673 p2_d_fake=-0.2877 g_grad_abs=1694.3775 d_grad_abs=98.4638 synth_eps=0.0667 synth_eps_raw=0.0667 synth_x0_hit=0.0000 synth_total=0.0667 extra_render_attn_share=0.5727
[step 29700] real_p1_mirror_hole_cov=0.0561 real_p1_eps=0.1183 real_p1_hole_frac=0.0611 real_p2_eps=0.0059 real_p2_hit=0.0000 real_total=0.1241 discr_adv=0.9699 x0_d_real=0.8302 x0_d_fake=0.7700 g_grad_abs=926.4919 d_grad_abs=366.6222 synth_eps=0.4020 synth_eps_raw=0.4020 synth_x0_hit=1.0000 synth_x0_t=104.0000 synth_x0_ldif=0.0501 synth_x0_gen_adv=-0.2232 synth_x0_lfm=0.0044 synth_total=0.4386 extra_render_attn_share=0.5727
[step 29750] real_p1_mirror_hole_cov=0.0610 real_p1_eps=0.0570 real_p1_hole_frac=0.0820 real_p2_eps=0.0296 real_p2_hit=0.0000 real_total=0.0867 synth_eps=0.0099 synth_eps_raw=0.0099 synth_x0_hit=0.0000 synth_total=0.0099 extra_render_attn_share=0.5727
[step 29800] real_p1_mirror_hole_cov=0.0071 real_p1_eps=0.1545 real_p1_hole_frac=0.2868 real_p2_eps=0.1108 real_p2_hit=0.0000 real_total=0.2653 synth_eps=0.0313 synth_eps_raw=0.0313 synth_x0_hit=0.0000 synth_total=0.0313 extra_render_attn_share=0.5727
[step 29850] real_p1_mirror_hole_cov=0.0561 real_p1_eps=0.2200 real_p1_hole_frac=0.3607 real_p2_eps=0.1287 real_p2_hit=0.0000 real_total=0.3487 synth_eps=0.2968 synth_eps_raw=0.2968 synth_x0_hit=1.0000 synth_x0_t=243.0000 synth_x0_ldif=0.1363 synth_x0_gen_adv=-0.4383 synth_x0_lfm=0.0075 synth_total=0.4043 extra_render_attn_share=0.5727
[step 29900] real_p1_mirror_hole_cov=0.0082 real_p1_eps=0.1424 real_p1_hole_frac=0.3497 real_p2_eps=0.0023 real_p2_hit=0.0000 real_total=0.1447 synth_eps=0.0092 synth_eps_raw=0.0092 synth_x0_hit=0.0000 synth_total=0.0092 extra_render_attn_share=0.5727
[step 29950] real_p1_mirror_hole_cov=0.1198 real_p1_eps=0.1251 real_p1_hole_frac=0.4004 real_p2_eps=0.3460 real_p2_hit=1.0000 real_p2_t=112.0000 real_p2_ldif=0.0476 real_p2_gen_adv=-0.7582 real_p2_lfm=0.0037 real_total=0.4502 discr_adv=0.9915 p2_d_real=0.7751 p2_d_fake=0.7582 g_grad_abs=1530.6516 d_grad_abs=210.4626 synth_eps=0.0493 synth_eps_raw=0.0493 synth_x0_hit=0.0000 synth_total=0.0493 extra_render_attn_share=0.5727
[ckpt] saved /home/xzy/warpgan-diffusiong-inpainting/warpgan-diffusion-inpainting-main/experiments/train_inpainting_diffusion/[20260914-030356]_v18w8_w5hf_100k/checkpoints/iteration_0029999.pt
[val step 29999] val_novel_full=0.0373 val_novel_hole=0.0283 val_novel_visible=0.0486
[step 30000] real_p1_mirror_hole_cov=0.0505 real_p1_eps=0.1086 real_p1_hole_frac=0.2901 real_p2_eps=0.1015 real_p2_hit=0.0000 real_total=0.2101 discr_adv=0.9891 x0_d_real=0.8146 x0_d_fake=0.7928 g_grad_abs=905.4195 d_grad_abs=164.5092 synth_eps=0.2575 synth_eps_raw=0.2575 synth_x0_hit=1.0000 synth_x0_t=238.0000 synth_x0_ldif=0.1139 synth_x0_gen_adv=-0.8253 synth_x0_lfm=0.0073 synth_total=0.3033 extra_render_attn_share=0.5730
[images] real: anchor | cond1 | cond2 | inv_warp_mirror | mask | mask_inv | warp_img | warp_warp_img | x | y_hat | y_hat_novel -> /home/xzy/warpgan-diffusiong-inpainting/warpgan-diffusion-inpainting-main/experiments/train_inpainting_diffusion/[20260914-030356]_v18w8_w5hf_100k/logs/images/train/real_step0030000.png
[images] synth: cond | mask | target | warp_img | x | y_hat_novel -> /home/xzy/warpgan-diffusiong-inpainting/warpgan-diffusion-inpainting-main/experiments/train_inpainting_diffusion/[20260914-030356]_v18w8_w5hf_100k/logs/images/train/synth_step0030000.png
[step 30050] real_p1_mirror_hole_cov=0.1314 real_p1_eps=0.0974 real_p1_hole_frac=0.1521 real_p2_eps=0.0078 real_p2_hit=0.0000 real_total=0.1051 synth_eps=0.0043 synth_eps_raw=0.0043 synth_x0_hit=0.0000 synth_total=0.0043 extra_render_attn_share=0.5730
[step 30100] real_p1_mirror_hole_cov=0.0282 real_p1_eps=0.1507 real_p1_hole_frac=0.3826 real_p2_eps=0.0975 real_p2_hit=0.0000 real_total=0.2481 synth_eps=0.0308 synth_eps_raw=0.0308 synth_x0_hit=0.0000 synth_total=0.0308 extra_render_attn_share=0.5730
[step 30150] real_p1_mirror_hole_cov=0.1336 real_p1_eps=0.0805 real_p1_hole_frac=0.3281 real_p2_eps=0.1927 real_p2_hit=1.0000 real_p2_t=187.0000 real_p2_ldif=0.0564 real_p2_gen_adv=-0.0256 real_p2_lfm=0.0038 real_total=0.3346 discr_adv=1.0703 p2_d_real=-0.1148 p2_d_fake=0.0256 g_grad_abs=1589.4398 d_grad_abs=468.8047 synth_eps=0.1351 synth_eps_raw=0.1351 synth_x0_hit=0.0000 synth_total=0.1351 extra_render_attn_share=0.5730
[step 30200] real_p1_mirror_hole_cov=0.1041 real_p1_eps=0.1989 real_p1_hole_frac=0.0440 real_p2_eps=0.0321 real_p2_hit=0.0000 real_total=0.2310 synth_eps=0.1320 synth_eps_raw=0.1320 synth_x0_hit=0.0000 synth_total=0.1320 extra_render_attn_share=0.5730
[step 30250] real_p1_mirror_hole_cov=0.0079 real_p1_eps=0.3257 real_p1_hole_frac=0.2316 real_p2_eps=0.2900 real_p2_hit=1.0000 real_p2_t=97.0000 real_p2_ldif=0.0330 real_p2_gen_adv=-0.5756 real_p2_lfm=0.0031 real_total=0.5973 discr_adv=0.9963 p2_d_real=0.5830 p2_d_fake=0.5756 g_grad_abs=1806.5907 d_grad_abs=122.3889 synth_eps=0.0269 synth_eps_raw=0.0269 synth_x0_hit=0.0000 synth_total=0.0269 extra_render_attn_share=0.5730
[step 30300] real_p1_mirror_hole_cov=0.1970 real_p1_eps=0.0638 real_p1_hole_frac=0.0285 real_p2_eps=0.2708 real_p2_hit=1.0000 real_p2_t=34.0000 real_p2_ldif=0.0090 real_p2_gen_adv=-0.9200 real_p2_lfm=0.0011 real_total=0.2538 discr_adv=1.0076 p2_d_real=0.9075 p2_d_fake=0.9200 g_grad_abs=1371.3600 d_grad_abs=136.5814 synth_eps=0.5763 synth_eps_raw=0.5763 synth_x0_hit=1.0000 synth_x0_t=37.0000 synth_x0_ldif=0.0210 synth_x0_gen_adv=0.1066 synth_x0_lfm=0.0015 synth_total=0.6109 extra_render_attn_share=0.5730
[step 30350] real_p1_mirror_hole_cov=0.0368 real_p1_eps=0.1354 real_p1_hole_frac=0.3844 real_p2_eps=0.0047 real_p2_hit=0.0000 real_total=0.1401 discr_adv=0.9587 x0_d_real=0.2147 x0_d_fake=0.1321 g_grad_abs=802.9139 d_grad_abs=238.4744 synth_eps=0.0098 synth_eps_raw=0.0098 synth_x0_hit=0.0000 synth_total=0.0098 extra_render_attn_share=0.5730
[step 30400] real_p1_mirror_hole_cov=0.0677 real_p1_eps=0.1138 real_p1_hole_frac=0.2556 real_p2_eps=0.1499 real_p2_hit=1.0000 real_p2_t=268.0000 real_p2_ldif=0.0828 real_p2_gen_adv=-0.5560 real_p2_lfm=0.0038 real_total=0.2984 discr_adv=0.9587 p2_d_real=0.6385 p2_d_fake=0.5560 g_grad_abs=1505.2380 d_grad_abs=270.9950 synth_eps=0.1428 synth_eps_raw=0.1428 synth_x0_hit=0.0000 synth_total=0.1428 extra_render_attn_share=0.5730
[step 30450] real_p1_mirror_hole_cov=0.0059 real_p1_eps=0.0939 real_p1_hole_frac=0.1157 real_p2_eps=0.0250 real_p2_hit=0.0000 real_total=0.1189 discr_adv=0.9503 x0_d_real=-0.1637 x0_d_fake=-0.2630 g_grad_abs=753.3395 d_grad_abs=294.9429 synth_eps=0.2107 synth_eps_raw=0.2107 synth_x0_hit=1.0000 synth_x0_t=225.0000 synth_x0_ldif=0.0843 synth_x0_gen_adv=-0.0050 synth_x0_lfm=0.0063 synth_total=0.3070 extra_render_attn_share=0.5730
[step 30500] real_p1_mirror_hole_cov=0.0055 real_p1_eps=0.1333 real_p1_hole_frac=0.1481 real_p2_eps=0.0112 real_p2_hit=0.0000 real_total=0.1445 synth_eps=0.6466 synth_eps_raw=0.6466 synth_x0_hit=1.0000 synth_x0_t=32.0000 synth_x0_ldif=0.0201 synth_x0_gen_adv=-0.3499 synth_x0_lfm=0.0022 synth_total=0.6362 extra_render_attn_share=0.5730
[images] real: anchor | cond1 | cond2 | inv_warp_mirror | mask | mask_inv | warp_img | warp_warp_img | x | y_hat | y_hat_novel -> /home/xzy/warpgan-diffusiong-inpainting/warpgan-diffusion-inpainting-main/experiments/train_inpainting_diffusion/[20260914-030356]_v18w8_w5hf_100k/logs/images/train/real_step0030500.png
[images] synth: cond | mask | target | warp_img | x | y_hat_novel -> /home/xzy/warpgan-diffusiong-inpainting/warpgan-diffusion-inpainting-main/experiments/train_inpainting_diffusion/[20260914-030356]_v18w8_w5hf_100k/logs/images/train/synth_step0030500.png
[step 30550] real_p1_mirror_hole_cov=0.1058 real_p1_eps=0.1736 real_p1_hole_frac=0.3630 real_p2_eps=0.4327 real_p2_hit=1.0000 real_p2_t=85.0000 real_p2_ldif=0.0415 real_p2_gen_adv=-0.7328 real_p2_lfm=0.0032 real_total=0.5810 discr_adv=0.9707 p2_d_real=0.7913 p2_d_fake=0.7328 g_grad_abs=1502.1814 d_grad_abs=326.7844 synth_eps=0.0419 synth_eps_raw=0.0419 synth_x0_hit=0.0000 synth_total=0.0419 extra_render_attn_share=0.5730
[step 30600] real_p1_mirror_hole_cov=0.1388 real_p1_eps=0.1716 real_p1_hole_frac=0.4651 real_p2_eps=0.0097 real_p2_hit=0.0000 real_total=0.1813 synth_eps=0.1403 synth_eps_raw=0.1403 synth_x0_hit=0.0000 synth_total=0.1403 extra_render_attn_share=0.5730
[step 30650] real_p1_mirror_hole_cov=0.0725 real_p1_eps=0.2131 real_p1_hole_frac=0.2190 real_p2_eps=0.0126 real_p2_hit=0.0000 real_total=0.2257 synth_eps=0.0034 synth_eps_raw=0.0034 synth_x0_hit=0.0000 synth_total=0.0034 extra_render_attn_share=0.5730
[step 30700] real_p1_mirror_hole_cov=0.0108 real_p1_eps=0.1058 real_p1_hole_frac=0.1998 real_p2_eps=0.0184 real_p2_hit=0.0000 real_total=0.1242 synth_eps=0.0894 synth_eps_raw=0.0894 synth_x0_hit=0.0000 synth_total=0.0894 extra_render_attn_share=0.5730
[step 30750] real_p1_mirror_hole_cov=0.1579 real_p1_eps=0.1293 real_p1_hole_frac=0.6742 real_p2_eps=0.4138 real_p2_hit=1.0000 real_p2_t=74.0000 real_p2_ldif=0.0334 real_p2_gen_adv=0.6378 real_p2_lfm=0.0029 real_total=0.6461 discr_adv=0.9489 p2_d_real=-0.5356 p2_d_fake=-0.6378 g_grad_abs=1434.4588 d_grad_abs=235.4841 synth_eps=0.3733 synth_eps_raw=0.3733 synth_x0_hit=1.0000 synth_x0_t=157.0000 synth_x0_ldif=0.0831 synth_x0_gen_adv=0.7510 synth_x0_lfm=0.0070 synth_total=0.5456 extra_render_attn_share=0.5730
[step 30800] real_p1_mirror_hole_cov=0.0061 real_p1_eps=0.2962 real_p1_hole_frac=0.2528 real_p2_eps=0.0042 real_p2_hit=0.0000 real_total=0.3004 synth_eps=0.0038 synth_eps_raw=0.0038 synth_x0_hit=0.0000 synth_total=0.0038 extra_render_attn_share=0.5730
[step 30850] real_p1_mirror_hole_cov=0.0042 real_p1_eps=0.0677 real_p1_hole_frac=0.2188 real_p2_eps=0.0106 real_p2_hit=0.0000 real_total=0.0783 discr_adv=0.9669 x0_d_real=0.5481 x0_d_fake=0.4819 g_grad_abs=703.4562 d_grad_abs=293.6157 synth_eps=0.0983 synth_eps_raw=0.0983 synth_x0_hit=0.0000 synth_total=0.0983 extra_render_attn_share=0.5730
[step 30900] real_p1_mirror_hole_cov=0.0971 real_p1_eps=0.1171 real_p1_hole_frac=0.2350 real_p2_eps=0.0679 real_p2_hit=0.0000 real_total=0.1849 synth_eps=0.2821 synth_eps_raw=0.2821 synth_x0_hit=1.0000 synth_x0_t=114.0000 synth_x0_ldif=0.0398 synth_x0_gen_adv=-0.3676 synth_x0_lfm=0.0042 synth_total=0.2935 extra_render_attn_share=0.5730
[step 30950] real_p1_mirror_hole_cov=0.0948 real_p1_eps=0.2727 real_p1_hole_frac=0.1440 real_p2_eps=0.0158 real_p2_hit=0.0000 real_total=0.2886 synth_eps=0.4609 synth_eps_raw=0.4609 synth_x0_hit=1.0000 synth_x0_t=59.0000 synth_x0_ldif=0.0284 synth_x0_gen_adv=0.1435 synth_x0_lfm=0.0022 synth_total=0.5081 extra_render_attn_share=0.5730
[step 31000] real_p1_mirror_hole_cov=0.0209 real_p1_eps=0.3293 real_p1_hole_frac=0.1389 real_p2_eps=0.2848 real_p2_hit=1.0000 real_p2_t=90.0000 real_p2_ldif=0.0294 real_p2_gen_adv=-0.8496 real_p2_lfm=0.0031 real_total=0.5647 discr_adv=1.9921 x0_d_real=0.3542 x0_d_fake=0.3453 p2_d_real=0.8565 p2_d_fake=0.8496 g_grad_abs=1764.4109 d_grad_abs=163.0242 synth_eps=0.0134 synth_eps_raw=0.0134 synth_x0_hit=0.0000 synth_total=0.0134 extra_render_attn_share=0.5730
[images] real: anchor | cond1 | cond2 | inv_warp_mirror | mask | mask_inv | warp_img | warp_warp_img | x | y_hat | y_hat_novel -> /home/xzy/warpgan-diffusiong-inpainting/warpgan-diffusion-inpainting-main/experiments/train_inpainting_diffusion/[20260914-030356]_v18w8_w5hf_100k/logs/images/train/real_step0031000.png
[images] synth: cond | mask | target | warp_img | x | y_hat_novel -> /home/xzy/warpgan-diffusiong-inpainting/warpgan-diffusion-inpainting-main/experiments/train_inpainting_diffusion/[20260914-030356]_v18w8_w5hf_100k/logs/images/train/synth_step0031000.png
[step 31050] real_p1_mirror_hole_cov=0.1542 real_p1_eps=0.2294 real_p1_hole_frac=0.4798 real_p2_eps=0.0452 real_p2_hit=0.0000 real_total=0.2746 synth_eps=0.0067 synth_eps_raw=0.0067 synth_x0_hit=0.0000 synth_total=0.0067 extra_render_attn_share=0.5730
[step 31100] real_p1_mirror_hole_cov=0.0611 real_p1_eps=0.1952 real_p1_hole_frac=0.4918 real_p2_eps=0.0018 real_p2_hit=0.0000 real_total=0.1970 synth_eps=0.0043 synth_eps_raw=0.0043 synth_x0_hit=0.0000 synth_total=0.0043 extra_render_attn_share=0.5730
[step 31150] real_p1_mirror_hole_cov=0.0647 real_p1_eps=0.3070 real_p1_hole_frac=0.3265 real_p2_eps=0.1064 real_p2_hit=0.0000 real_total=0.4134 synth_eps=0.0139 synth_eps_raw=0.0139 synth_x0_hit=0.0000 synth_total=0.0139 extra_render_attn_share=0.5730
[step 31200] real_p1_mirror_hole_cov=0.0222 real_p1_eps=0.0505 real_p1_hole_frac=0.0406 real_p2_eps=0.0366 real_p2_hit=0.0000 real_total=0.0871 discr_adv=0.9396 x0_d_real=0.3086 x0_d_fake=0.1877 g_grad_abs=704.7561 d_grad_abs=229.8489 synth_eps=0.0700 synth_eps_raw=0.0700 synth_x0_hit=0.0000 synth_total=0.0700 extra_render_attn_share=0.5730
[step 31250] real_p1_mirror_hole_cov=0.0944 real_p1_eps=0.1754 real_p1_hole_frac=0.1136 real_p2_eps=0.2324 real_p2_hit=1.0000 real_p2_t=91.0000 real_p2_ldif=0.0243 real_p2_gen_adv=0.0586 real_p2_lfm=0.0026 real_total=0.4431 discr_adv=1.8112 x0_d_real=0.2274 x0_d_fake=0.0464 p2_d_real=0.1529 p2_d_fake=-0.0586 g_grad_abs=1881.6306 d_grad_abs=1273.5552 synth_eps=0.3456 synth_eps_raw=0.3456 synth_x0_hit=1.0000 synth_x0_t=162.0000 synth_x0_ldif=0.0807 synth_x0_gen_adv=-0.8421 synth_x0_lfm=0.0056 synth_total=0.3534 extra_render_attn_share=0.5730
[step 31300] real_p1_mirror_hole_cov=0.0607 real_p1_eps=0.1124 real_p1_hole_frac=0.1031 real_p2_eps=0.0463 real_p2_hit=0.0000 real_total=0.1588 discr_adv=0.9907 x0_d_real=-0.2885 x0_d_fake=-0.3071 g_grad_abs=751.4961 d_grad_abs=872.8259 synth_eps=0.0014 synth_eps_raw=0.0014 synth_x0_hit=0.0000 synth_total=0.0014 extra_render_attn_share=0.5730
[step 31350] real_p1_mirror_hole_cov=0.0061 real_p1_eps=0.1140 real_p1_hole_frac=0.2203 real_p2_eps=0.0378 real_p2_hit=0.0000 real_total=0.1518 synth_eps=0.3014 synth_eps_raw=0.3014 synth_x0_hit=1.0000 synth_x0_t=138.0000 synth_x0_ldif=0.0555 synth_x0_gen_adv=0.7632 synth_x0_lfm=0.0048 synth_total=0.4427 extra_render_attn_share=0.5730
[step 31400] real_p1_mirror_hole_cov=0.0583 real_p1_eps=0.1026 real_p1_hole_frac=0.3965 real_p2_eps=0.1481 real_p2_hit=1.0000 real_p2_t=248.0000 real_p2_ldif=0.0706 real_p2_gen_adv=-0.5337 real_p2_lfm=0.0046 real_total=0.2771 discr_adv=1.9123 x0_d_real=0.7245 x0_d_fake=0.6593 p2_d_real=0.6439 p2_d_fake=0.5337 g_grad_abs=1445.3008 d_grad_abs=578.7038 synth_eps=0.0091 synth_eps_raw=0.0091 synth_x0_hit=0.0000 synth_total=0.0091 extra_render_attn_share=0.5730
[step 31450] real_p1_mirror_hole_cov=0.0259 real_p1_eps=0.0860 real_p1_hole_frac=0.2902 real_p2_eps=0.0314 real_p2_hit=0.0000 real_total=0.1174 discr_adv=0.9616 x0_d_real=0.7686 x0_d_fake=0.6894 g_grad_abs=871.5372 d_grad_abs=346.0467 synth_eps=0.0038 synth_eps_raw=0.0038 synth_x0_hit=0.0000 synth_total=0.0038 extra_render_attn_share=0.5730
[step 31500] real_p1_mirror_hole_cov=0.0265 real_p1_eps=0.1325 real_p1_hole_frac=0.3352 real_p2_eps=0.3848 real_p2_hit=1.0000 real_p2_t=71.0000 real_p2_ldif=0.0296 real_p2_gen_adv=-0.5992 real_p2_lfm=0.0030 real_total=0.4931 discr_adv=0.9785 p2_d_real=0.6421 p2_d_fake=0.5992 g_grad_abs=1571.0866 d_grad_abs=103.1450 synth_eps=0.0345 synth_eps_raw=0.0345 synth_x0_hit=0.0000 synth_total=0.0345 extra_render_attn_share=0.5730
[images] real: anchor | cond1 | cond2 | inv_warp_mirror | mask | mask_inv | warp_img | warp_warp_img | x | y_hat | y_hat_novel -> /home/xzy/warpgan-diffusiong-inpainting/warpgan-diffusion-inpainting-main/experiments/train_inpainting_diffusion/[20260914-030356]_v18w8_w5hf_100k/logs/images/train/real_step0031500.png
[images] synth: cond | mask | target | warp_img | x | y_hat_novel -> /home/xzy/warpgan-diffusiong-inpainting/warpgan-diffusion-inpainting-main/experiments/train_inpainting_diffusion/[20260914-030356]_v18w8_w5hf_100k/logs/images/train/synth_step0031500.png
[step 31550] real_p1_mirror_hole_cov=0.0133 real_p1_eps=0.1652 real_p1_hole_frac=0.1053 real_p2_eps=0.0079 real_p2_hit=0.0000 real_total=0.1731 discr_adv=1.0421 x0_d_real=-0.2544 x0_d_fake=-0.1709 g_grad_abs=1017.0002 d_grad_abs=261.6337 synth_eps=0.0807 synth_eps_raw=0.0807 synth_x0_hit=0.0000 synth_total=0.0807 extra_render_attn_share=0.5730
[step 31600] real_p1_mirror_hole_cov=0.0779 real_p1_eps=0.2575 real_p1_hole_frac=0.2704 real_p2_eps=0.1132 real_p2_hit=0.0000 real_total=0.3707 synth_eps=0.0109 synth_eps_raw=0.0109 synth_x0_hit=0.0000 synth_total=0.0109 extra_render_attn_share=0.5730
[step 31650] real_p1_mirror_hole_cov=0.0165 real_p1_eps=0.1123 real_p1_hole_frac=0.1886 real_p2_eps=0.0201 real_p2_hit=0.0000 real_total=0.1324 discr_adv=0.8330 x0_d_real=-0.0497 x0_d_fake=-0.3848 g_grad_abs=778.4133 d_grad_abs=1183.1637 synth_eps=0.3664 synth_eps_raw=0.3664 synth_x0_hit=1.0000 synth_x0_t=122.0000 synth_x0_ldif=0.0567 synth_x0_gen_adv=-0.0549 synth_x0_lfm=0.0045 synth_total=0.4267 extra_render_attn_share=0.5730
[step 31700] real_p1_mirror_hole_cov=0.0068 real_p1_eps=0.1162 real_p1_hole_frac=0.2998 real_p2_eps=0.0030 real_p2_hit=0.0000 real_total=0.1192 synth_eps=0.4374 synth_eps_raw=0.4374 synth_x0_hit=1.0000 synth_x0_t=79.0000 synth_x0_ldif=0.0383 synth_x0_gen_adv=0.1341 synth_x0_lfm=0.0050 synth_total=0.4991 extra_render_attn_share=0.5730
[step 31750] real_p1_mirror_hole_cov=0.1113 real_p1_eps=0.2609 real_p1_hole_frac=0.0707 real_p2_eps=0.0224 real_p2_hit=0.0000 real_total=0.2833 synth_eps=0.0296 synth_eps_raw=0.0296 synth_x0_hit=0.0000 synth_total=0.0296 extra_render_attn_share=0.5730
[step 31800] real_p1_mirror_hole_cov=0.2736 real_p1_eps=0.4798 real_p1_hole_frac=0.6973 real_p2_eps=0.1081 real_p2_hit=0.0000 real_total=0.5879 discr_adv=1.1614 x0_d_real=-0.4673 x0_d_fake=-0.1445 g_grad_abs=1455.6843 d_grad_abs=728.0306 synth_eps=0.0049 synth_eps_raw=0.0049 synth_x0_hit=0.0000 synth_total=0.0049 extra_render_attn_share=0.5730
[step 31850] real_p1_mirror_hole_cov=0.2859 real_p1_eps=0.3185 real_p1_hole_frac=0.1646 real_p2_eps=0.0460 real_p2_hit=0.0000 real_total=0.3645 synth_eps=0.0872 synth_eps_raw=0.0872 synth_x0_hit=0.0000 synth_total=0.0872 extra_render_attn_share=0.5730
[step 31900] real_p1_mirror_hole_cov=0.1417 real_p1_eps=0.3454 real_p1_hole_frac=0.3580 real_p2_eps=0.0475 real_p2_hit=0.0000 real_total=0.3929 synth_eps=0.0419 synth_eps_raw=0.0419 synth_x0_hit=0.0000 synth_total=0.0419 extra_render_attn_share=0.5730
[step 31950] real_p1_mirror_hole_cov=0.0907 real_p1_eps=0.2284 real_p1_hole_frac=0.1374 real_p2_eps=0.0930 real_p2_hit=0.0000 real_total=0.3214 synth_eps=0.0046 synth_eps_raw=0.0046 synth_x0_hit=0.0000 synth_total=0.0046 extra_render_attn_share=0.5730
[val step 31999] val_novel_full=0.0228 val_novel_hole=0.0151 val_novel_visible=0.0241
[step 32000] real_p1_mirror_hole_cov=0.0492 real_p1_eps=0.0740 real_p1_hole_frac=0.1028 real_p2_eps=0.0069 real_p2_hit=0.0000 real_total=0.0808 discr_adv=0.9973 x0_d_real=0.4932 x0_d_fake=0.4878 g_grad_abs=691.6473 d_grad_abs=49.2134 synth_eps=0.0656 synth_eps_raw=0.0656 synth_x0_hit=0.0000 synth_total=0.0656 extra_render_attn_share=0.5718
[images] real: anchor | cond1 | cond2 | inv_warp_mirror | mask | mask_inv | warp_img | warp_warp_img | x | y_hat | y_hat_novel -> /home/xzy/warpgan-diffusiong-inpainting/warpgan-diffusion-inpainting-main/experiments/train_inpainting_diffusion/[20260914-030356]_v18w8_w5hf_100k/logs/images/train/real_step0032000.png
[images] synth: cond | mask | target | warp_img | x | y_hat_novel -> /home/xzy/warpgan-diffusiong-inpainting/warpgan-diffusion-inpainting-main/experiments/train_inpainting_diffusion/[20260914-030356]_v18w8_w5hf_100k/logs/images/train/synth_step0032000.png
[step 32050] real_p1_mirror_hole_cov=0.0058 real_p1_eps=0.1229 real_p1_hole_frac=0.2994 real_p2_eps=0.1155 real_p2_hit=1.0000 real_p2_t=261.0000 real_p2_ldif=0.0606 real_p2_gen_adv=-0.4717 real_p2_lfm=0.0036 real_total=0.2589 discr_adv=1.1035 p2_d_real=0.2648 p2_d_fake=0.4717 g_grad_abs=1479.0804 d_grad_abs=483.6106 synth_eps=0.0265 synth_eps_raw=0.0265 synth_x0_hit=0.0000 synth_total=0.0265 extra_render_attn_share=0.5718
[step 32100] real_p1_mirror_hole_cov=0.0540 real_p1_eps=0.2410 real_p1_hole_frac=0.1185 real_p2_eps=0.0339 real_p2_hit=0.0000 real_total=0.2749 discr_adv=1.0309 x0_d_real=-0.1974 x0_d_fake=-0.1357 g_grad_abs=1580.6918 d_grad_abs=188.6249 synth_eps=0.0059 synth_eps_raw=0.0059 synth_x0_hit=0.0000 synth_total=0.0059 extra_render_attn_share=0.5718
[step 32150] real_p1_mirror_hole_cov=0.2463 real_p1_eps=0.1164 real_p1_hole_frac=0.1856 real_p2_eps=0.0407 real_p2_hit=0.0000 real_total=0.1571 synth_eps=0.0524 synth_eps_raw=0.0524 synth_x0_hit=0.0000 synth_total=0.0524 extra_render_attn_share=0.5718
[step 32200] real_p1_mirror_hole_cov=0.0412 real_p1_eps=0.1850 real_p1_hole_frac=0.0689 real_p2_eps=0.0009 real_p2_hit=0.0000 real_total=0.1858 synth_eps=0.2918 synth_eps_raw=0.2918 synth_x0_hit=1.0000 synth_x0_t=126.0000 synth_x0_ldif=0.0472 synth_x0_gen_adv=-0.0921 synth_x0_lfm=0.0040 synth_total=0.3377 extra_render_attn_share=0.5718
[step 32250] real_p1_mirror_hole_cov=0.0632 real_p1_eps=0.4475 real_p1_hole_frac=0.2466 real_p2_eps=0.0281 real_p2_hit=0.0000 real_total=0.4756 discr_adv=0.9754 x0_d_real=0.2941 x0_d_fake=0.2449 g_grad_abs=1574.7106 d_grad_abs=154.5516 synth_eps=0.0429 synth_eps_raw=0.0429 synth_x0_hit=0.0000 synth_total=0.0429 extra_render_attn_share=0.5718
[step 32300] real_p1_mirror_hole_cov=0.0189 real_p1_eps=0.2836 real_p1_hole_frac=0.2902 real_p2_eps=0.0063 real_p2_hit=0.0000 real_total=0.2898 synth_eps=0.0367 synth_eps_raw=0.0367 synth_x0_hit=0.0000 synth_total=0.0367 extra_render_attn_share=0.5718
[step 32350] real_p1_mirror_hole_cov=0.0142 real_p1_eps=0.1338 real_p1_hole_frac=0.4736 real_p2_eps=0.0018 real_p2_hit=0.0000 real_total=0.1356 synth_eps=0.1192 synth_eps_raw=0.1192 synth_x0_hit=0.0000 synth_total=0.1192 extra_render_attn_share=0.5718
[step 32400] real_p1_mirror_hole_cov=0.0900 real_p1_eps=0.1399 real_p1_hole_frac=0.3186 real_p2_eps=0.0498 real_p2_hit=0.0000 real_total=0.1896 synth_eps=0.3254 synth_eps_raw=0.3254 synth_x0_hit=1.0000 synth_x0_t=135.0000 synth_x0_ldif=0.0581 synth_x0_gen_adv=-0.3778 synth_x0_lfm=0.0051 synth_total=0.3558 extra_render_attn_share=0.5718
[step 32450] real_p1_mirror_hole_cov=0.1012 real_p1_eps=0.3297 real_p1_hole_frac=0.4835 real_p2_eps=0.2791 real_p2_hit=1.0000 real_p2_t=123.0000 real_p2_ldif=0.0439 real_p2_gen_adv=0.6588 real_p2_lfm=0.0063 real_total=0.7312 discr_adv=2.0793 x0_d_real=0.1770 x0_d_fake=0.2722 p2_d_real=-0.7223 p2_d_fake=-0.6588 g_grad_abs=1993.4415 d_grad_abs=423.2497 synth_eps=0.2201 synth_eps_raw=0.2201 synth_x0_hit=1.0000 synth_x0_t=296.0000 synth_x0_ldif=0.1485 synth_x0_gen_adv=-0.4491 synth_x0_lfm=0.0078 synth_total=0.3394 extra_render_attn_share=0.5718
[step 32500] real_p1_mirror_hole_cov=0.0423 real_p1_eps=0.1373 real_p1_hole_frac=0.1771 real_p2_eps=0.0258 real_p2_hit=0.0000 real_total=0.1631 discr_adv=0.9917 x0_d_real=-0.0343 x0_d_fake=-0.0524 g_grad_abs=812.2619 d_grad_abs=85.0761 synth_eps=0.0024 synth_eps_raw=0.0024 synth_x0_hit=0.0000 synth_total=0.0024 extra_render_attn_share=0.5718
[images] real: anchor | cond1 | cond2 | inv_warp_mirror | mask | mask_inv | warp_img | warp_warp_img | x | y_hat | y_hat_novel -> /home/xzy/warpgan-diffusiong-inpainting/warpgan-diffusion-inpainting-main/experiments/train_inpainting_diffusion/[20260914-030356]_v18w8_w5hf_100k/logs/images/train/real_step0032500.png
[images] synth: cond | mask | target | warp_img | x | y_hat_novel -> /home/xzy/warpgan-diffusiong-inpainting/warpgan-diffusion-inpainting-main/experiments/train_inpainting_diffusion/[20260914-030356]_v18w8_w5hf_100k/logs/images/train/synth_step0032500.png
[step 32550] real_p1_mirror_hole_cov=0.0861 real_p1_eps=0.2236 real_p1_hole_frac=0.3014 real_p2_eps=0.1540 real_p2_hit=1.0000 real_p2_t=245.0000 real_p2_ldif=0.0718 real_p2_gen_adv=0.1901 real_p2_lfm=0.0041 real_total=0.4768 discr_adv=0.9609 p2_d_real=-0.1120 p2_d_fake=-0.1901 g_grad_abs=1572.0656 d_grad_abs=245.5533 synth_eps=0.0440 synth_eps_raw=0.0440 synth_x0_hit=0.0000 synth_total=0.0440 extra_render_attn_share=0.5718
[step 32600] real_p1_mirror_hole_cov=0.1234 real_p1_eps=0.0974 real_p1_hole_frac=0.2008 real_p2_eps=0.0098 real_p2_hit=0.0000 real_total=0.1073 synth_eps=0.0223 synth_eps_raw=0.0223 synth_x0_hit=0.0000 synth_total=0.0223 extra_render_attn_share=0.5718
[step 32650] real_p1_mirror_hole_cov=0.1568 real_p1_eps=0.3211 real_p1_hole_frac=0.0774 real_p2_eps=0.0114 real_p2_hit=0.0000 real_total=0.3325 synth_eps=0.0658 synth_eps_raw=0.0658 synth_x0_hit=0.0000 synth_total=0.0658 extra_render_attn_share=0.5718
[step 32700] real_p1_mirror_hole_cov=0.1881 real_p1_eps=0.4097 real_p1_hole_frac=0.3386 real_p2_eps=0.0588 real_p2_hit=0.0000 real_total=0.4685 synth_eps=0.0406 synth_eps_raw=0.0406 synth_x0_hit=0.0000 synth_total=0.0406 extra_render_attn_share=0.5718
[step 32750] real_p1_mirror_hole_cov=0.0189 real_p1_eps=0.4112 real_p1_hole_frac=0.2059 real_p2_eps=0.0769 real_p2_hit=0.0000 real_total=0.4881 synth_eps=0.0048 synth_eps_raw=0.0048 synth_x0_hit=0.0000 synth_total=0.0048 extra_render_attn_share=0.5718
