2026-09-15 08:54:47.902267: I tensorflow/core/util/util.cc:169] oneDNN custom operations are on. You may see slightly different numerical results due to floating-point round-off errors from different computation orders. To turn them off, set the environment variable `TF_ENABLE_ONEDNN_OPTS=0`.
2026-09-15 08:54:47.906830: W tensorflow/stream_executor/platform/default/dso_loader.cc:64] Could not load dynamic library 'libcudart.so.11.0'; dlerror: libcudart.so.11.0: cannot open shared object file: No such file or directory; LD_LIBRARY_PATH: /usr/local/cuda-12.2/lib64:/usr/local/cuda-12.2/lib64:/usr/local/cuda-12.2/lib64
2026-09-15 08:54:47.906855: I tensorflow/stream_executor/cuda/cudart_stub.cc:29] Ignore above cudart dlerror if you do not have a GPU set up on your machine.
/home/xzy/miniconda3/envs/warpgan/lib/python3.9/site-packages/sklearn/utils/fixes.py:28: UserWarning: pkg_resources is deprecated as an API. See https://setuptools.pypa.io/en/latest/pkg_resources.html. The pkg_resources package is slated for removal as early as 2025-11-30. Refrain from using this package or pin to Setuptools<81.
  from pkg_resources import parse_version  # type: ignore
W0915 08:54:54.196890 270839 site-packages/torch/utils/cpp_extension.py:2425] TORCH_CUDA_ARCH_LIST is not set, all archs for visible cards are included for compilation. 
W0915 08:54:54.196890 270839 site-packages/torch/utils/cpp_extension.py:2425] If this is not desired, please set os.environ['TORCH_CUDA_ARCH_LIST'] to specific architectures.
W0915 08:54:54.486440 270839 site-packages/torch/utils/cpp_extension.py:2425] TORCH_CUDA_ARCH_LIST is not set, all archs for visible cards are included for compilation. 
W0915 08:54:54.486440 270839 site-packages/torch/utils/cpp_extension.py:2425] If this is not desired, please set os.environ['TORCH_CUDA_ARCH_LIST'] to specific architectures.
[compat] patched models/goae WindowAttention.forward (torch>=2.6 CPU-bound clamp fix; numerically identical)
device: cuda:0
prompt:
  preset: ''
  text: ''
infer:
  t_start: 0
hf:
  enable: false
  thresh: 50.0
prior_preserve:
  freq: 0
exp_dir: /home/xzy/warpgan-diffusiong-inpainting/warpgan-diffusion-inpainting-main/experiments/train_inpainting_diffusion/[20260915-085455]_v19_w6b_300k
checkpoint_path: null
max_steps: 300000
paths:
  sd: ./pretrained_models/AI-ModelScope/stable-diffusion-v1-5
  brushnet: ./pretrained_models/brushnet
  wplus_stage_c: /data/xzy/warpgan20260803/20260803/experiments/_wplus_identity_pretrain/checkpoints/iteration_50000.pt
  dataset:
    train: ./data/FFHQ-EG3D_all_static_rebalanced
    test: ./data/celeba-hq_1000_static_rebalanced
    synth: ./data/SynthData100000_rebalanced
data:
  batch_size: 1
  workers: 4
  test_batch_size: 2
  test_workers: 2
  rebalanced: false
  add_LPFF: false
  synth:
    able: true
    zplus: false
    batch_size: ${data.batch_size}
gan:
  device: ${device}
  eg3d_type: plus_r
  encoder_type: goae
  psp:
    n_styles: 14
  goae:
    mlp_layer: 2
    cfg: ./configs/swinv2.yaml
  state_dict_key: psp_state_dict
  checkpoint_path: ./pretrained_models/inversion/gan_encoder.pt
warp:
  warp_ori_train: true
  warp_ori_val: true
  warp_pred: false
  hybrid: true
  cond_erode_kernel: 3
  cond_gaussian_blur_kernel: 21
wplus:
  mode: s1_mapper
  gate_value: 3.0
  init_from_stage_c: false
reference:
  use: true
  use_mirror: true
  real_primary: mirror
  gate_init: 0.5
  lr: 5.0e-06
  local_window_k: 0
  local_gate_init: 0.25
brushnet:
  init: pretrained
  lr: 1.0e-05
  use_8bit_adam: true
  gradient_checkpointing: true
losses:
  eps_weight: 1.0
  synth_texture: full
  synth_lowpass_sigma: 2.0
  real_pass1:
    forward: true
    t_max: 0
    anchor_median: 5
    visible_weight: 1.0
    hole_weight: 0
    blind_struct_weight: 0
    mirror_anchor: true
  pixel:
    max_timestep: 200
    x0_clip: 3.0
    resolution: 256
    patch_latent: 32
    apply_to_synth: false
    l1_weight: 0
    resnet_pl_weight: 0
    id_weight: 0
    weights_path: ./pretrained_models/LaMa_perceptual_loss_models
  latent:
    weight: 0
  lpips:
    weight: 0
  adversarial:
    weight: 0
    kind: r1
    gp_coef: 0.001
    mask_as_fake_target: false
    allow_scale_mask: true
  feature_matching:
    weight: 0
  x0:
    enable: true
    mode: invsr
    t_max: 300
    w_ldif: 1.0
    w_lfm: 2.0
    w_ldis: 0.1
    dis_warmup: 3000
    latent_bound: 10.0
    l1_weight: 1.0
    llpips_enable: true
    llpips_ckpt: ./weights/vgg16_sdturbo_lpips.pth
    clip: 8.0
    res_latent: 32
    d_real: paired_target
  preserve:
    weight: 0
    teacher_wplus: true
  discriminator:
    kind: pix2pixhd_nlayer
    input_nc: 3
    ndf: 64
    n_layers: 4
  optimizers:
    discriminator:
      lr: 0.0001
log:
  image_interval: 500
  board_interval: 50
  val_interval: 2000
  save_interval: 10000
  use_wandb: false
smoke:
  check: true
  fix_timestep: null

==============================================================================
[EFFECTIVE CONFIG — verify line by line before trusting any run]
  exp_dir               : /home/xzy/warpgan-diffusiong-inpainting/warpgan-diffusion-inpainting-main/experiments/train_inpainting_diffusion/[20260915-085455]_v19_w6b_300k
  max_steps             : 300000
  device                : cuda:0
  synth/real 1:1        : use_synth=True
  batch_size (real/synth): 1 / 1
  warp: 512=True hybrid=True warp_pred=False mask=raw_splatting (NO erode/blur)
  warp cond soften     : erode=3px blur_k=21 (v10: CONDITION-side only, supervision keeps raw mask; orig port)
  wplus: mode=s1_mapper gate=fixed tanh(3.0) stage_c_init=False
  reference: use=True use_mirror=True gate_init=0.5 lr=5e-06
  reference real_primary : mirror (user plan: real photo = PRIMARY bank source, render -> extra)
  reference LOCAL       : window=0 gate_init=0.25 (v11 texture-band retrieval from PRIMARY (real-photo) source; activates the formerly-dead reference_local_scale)
  real pass1 dual-band  : visible/mirror FULL-band x1.0 + blind LOW-band x0.0 (v12: target=FULL SHARP render, only low-freq error penalized; hole_weight=0.0 ignored when dual-band active; 0=off -> single-band v11 path)
  loss synth_texture     : full (sigma=2.0 latent px; user plan: structure-only supervision, texture band = 0)
  brushnet: init=pretrained lr=1e-05 8bit=True grad_ckpt=True
  loss eps_weight       : 1.0
  real pass1 FORWARD    : True (False = STRUCT arm: real batch trains pass2 only; inference unchanged)
  real pass1 t-domain   : FULL [0,1000) | infer.t_start=0 (0=pure-noise chain; >0=SDEdit from the noised anchor)
  loss real_p1 anchor   : visible=1.0 (target=inv_warp) hole=0 (target=y_hat_novel) mirror_anchor=True (hole real-photo coverage via inv_warp(x_mirror))
  loss pixel (t<200)   : L1*0 PL*0 ID*0 x0_clip=3.0 res=256
  loss latent closure   : *0 (orig L1195-1200)
  loss lpips/gan/fm     : 0 / 0 / 0  (orig GAN/FM 10/100 -> default 0)
  timestep range        : [0, 1000) FULL RANGE (no low-t clamp; v3.1 lesson)
  smoke: check=True fix_timestep=None
  path [OK ] sd            : ./pretrained_models/AI-ModelScope/stable-diffusion-v1-5
  path [OK ] brushnet      : ./pretrained_models/brushnet
  path [OK ] train         : ./data/FFHQ-EG3D_all_static_rebalanced
  path [OK ] test          : ./data/celeba-hq_1000_static_rebalanced
  path [OK ] synth         : ./data/SynthData100000_rebalanced
  path [OK ] LaMa_PL       : ./pretrained_models/LaMa_perceptual_loss_models
  path [OK ] gan_encoder   : ./pretrained_models/inversion/gan_encoder.pt
==============================================================================
[BrushNet] init: official pretrained inpainting checkpoint
[v18.3] InvSR x0 SUPERVISION ACTIVE: latent-space MSE+FM+adv on the single-step x0, t<=300, w=ldif:1.0/lfm:2.0/ldis:0.1
[v18.3 InvSR] latent UNet-D 106,176,612 params | t_max=300 | w ldif:lfm:ldis = 1.0:2.0:0.1 | latent clamp ±10.0 | dis_warmup=3000 (their 10K/100K iters scaled to our 30K budget)
/home/xzy/miniconda3/envs/warpgan/lib/python3.9/site-packages/torchvision/models/_utils.py:208: UserWarning: The parameter 'pretrained' is deprecated since 0.13 and may be removed in the future, please use 'weights' instead.
  warnings.warn(
/home/xzy/miniconda3/envs/warpgan/lib/python3.9/site-packages/torchvision/models/_utils.py:223: UserWarning: Arguments other than a weight enum or `None` for 'weights' are deprecated since 0.13 and may be removed in the future. The current behavior is equivalent to passing `weights=VGG16_Weights.IMAGENET1K_V1`. You can also use `weights=VGG16_Weights.DEFAULT` to get the most up-to-date weights.
  warnings.warn(msg)
[v18.4] InvSR finetuned latent-LPIPS ACTIVE (w=2.0) <- ./weights/vgg16_sdturbo_lpips.pth
[params] bank-retrieval adapters trainable: 37,183,696 | W+ QKV (s2) trainable: 0 | W+ mapper trainable: 1,967,616 | mirror: own K/V 24,780,800 + softmax competition (16 gauged layers) | RefNet DELETED (860M saved, bank=main-UNet self-read)
[optim] 8-bit AdamW (bitsandbytes)
Synth dataset: ./data/SynthData100000_rebalanced -> 100000 samples
Real train dataset: ./data/FFHQ-EG3D_all_static_rebalanced -> 139914 samples
Test dataset: ./data/celeba-hq_1000_static_rebalanced -> 1000 samples
Start diffusion-port training (orig semantics, BrushNet+SD1.5).
[bank input check] source=x_mirror shape=(1, 3, 512, 512) mean=0.3228 std=0.3125 finite=True
[bank input check] source=y_hat_novel shape=(1, 3, 512, 512) mean=0.3133 std=0.2578 finite=True

------------------------------------------------------------------------------
[v10 REAL-DATA AUDIT — condition-side softening]
  [PASS] output range [0,1]                           min=0.0000 max=1.0000
  [info] hole mean growth = 0.0222 (raw 0.1609 bin 0.1609 soft 0.1831; fragmentation-dependent, orig-equivalent by the check below)
  [PASS] vs ORIG ops on real tensor (kornia+tv, max diff < 1e-4) max_diff=2.98e-07
  [PASS] transition band exists (soft, not re-binarized) band_frac=0.04722 band_px/img=12379
  [PASS] no knife edge: max per-px jump <= 0.45 (orig ~0.38) max_jump=0.380
  [PASS] supervision mask_latents == interp(RAW mask) 
  [PASS] BrushNet channel != supervision at boundary (split real) max|soft-raw|@latent=1.000
  [PASS] off-state identity on real tensor            
------------------------------------------------------------------------------
v10 AUDIT PASSED — theory verified on real pipeline tensors.
/home/xzy/warpgan-diffusiong-inpainting/warpgan-diffusion-inpainting-main/./training/coach_inpainting_diffusion.py:1792: UserWarning: Converting a tensor with requires_grad=True to a scalar may lead to unexpected behavior.
Consider using tensor.detach() first. (Triggered internally at /pytorch/torch/csrc/autograd/generated/python_variable_methods.cpp:835.)
  metrics['p1_eps'] = float(loss_p1)
[bank input check] source=warp_warp_img shape=(1, 3, 512, 512) mean=0.2433 std=0.2649 finite=True
[bank input check] source=y_hat shape=(1, 3, 512, 512) mean=0.3224 std=0.2883 finite=True
[bank input check] source=target_hat shape=(1, 3, 512, 512) mean=0.3807 std=0.2304 finite=True
[bank input check] source=x_mirror shape=(1, 3, 512, 512) mean=0.4024 std=0.2549 finite=True
[step 0] real_p1_mirror_hole_cov=0.0702 real_p1_eps=0.0453 real_p1_hole_frac=0.1609 real_p2_eps=0.0319 real_p2_hit=0.0000 real_total=0.0773 synth_eps=0.0850 synth_eps_raw=0.0850 synth_x0_hit=0.0000 synth_total=0.0850
[images] real: anchor | cond1 | cond2 | inv_warp_mirror | mask | mask_inv | warp_img | warp_warp_img | x | y_hat | y_hat_novel -> /home/xzy/warpgan-diffusiong-inpainting/warpgan-diffusion-inpainting-main/experiments/train_inpainting_diffusion/[20260915-085455]_v19_w6b_300k/logs/images/train/real_step0000000.png
[images] synth: cond | mask | target | warp_img | x | y_hat_novel -> /home/xzy/warpgan-diffusiong-inpainting/warpgan-diffusion-inpainting-main/experiments/train_inpainting_diffusion/[20260915-085455]_v19_w6b_300k/logs/images/train/synth_step0000000.png
[bank input check] source=x_mirror shape=(1, 3, 512, 512) mean=0.4327 std=0.2166 finite=True
[bank input check] source=y_hat_novel shape=(1, 3, 512, 512) mean=0.4238 std=0.1960 finite=True

------------------------------------------------------------------------------
[v10 REAL-DATA AUDIT — condition-side softening]
  [PASS] output range [0,1]                           min=0.0000 max=1.0000
  [info] hole mean growth = 0.0484 (raw 0.2225 bin 0.2225 soft 0.2709; fragmentation-dependent, orig-equivalent by the check below)
  [PASS] vs ORIG ops on real tensor (kornia+tv, max diff < 1e-4) max_diff=3.58e-07
  [PASS] transition band exists (soft, not re-binarized) band_frac=0.07328 band_px/img=19210
  [PASS] no knife edge: max per-px jump <= 0.45 (orig ~0.38) max_jump=0.380
  [PASS] supervision mask_latents == interp(RAW mask) 
  [PASS] BrushNet channel != supervision at boundary (split real) max|soft-raw|@latent=1.000
  [PASS] off-state identity on real tensor            
------------------------------------------------------------------------------
v10 AUDIT PASSED — theory verified on real pipeline tensors.
[bank input check] source=warp_warp_img shape=(1, 3, 512, 512) mean=0.3508 std=0.2578 finite=True
[bank input check] source=y_hat shape=(1, 3, 512, 512) mean=0.4235 std=0.2024 finite=True
[bank input check] source=target_hat shape=(1, 3, 512, 512) mean=0.4727 std=0.2063 finite=True
[bank input check] source=x_mirror shape=(1, 3, 512, 512) mean=0.4248 std=0.2297 finite=True
[bank input check] source=x_mirror shape=(1, 3, 512, 512) mean=0.5335 std=0.2773 finite=True
[bank input check] source=y_hat_novel shape=(1, 3, 512, 512) mean=0.5502 std=0.2151 finite=True

------------------------------------------------------------------------------
[v10 REAL-DATA AUDIT — condition-side softening]
  [PASS] output range [0,1]                           min=0.0000 max=1.0000
  [info] hole mean growth = 0.0869 (raw 0.5174 bin 0.5174 soft 0.6043; fragmentation-dependent, orig-equivalent by the check below)
  [PASS] vs ORIG ops on real tensor (kornia+tv, max diff < 1e-4) max_diff=2.98e-07
  [PASS] transition band exists (soft, not re-binarized) band_frac=0.08638 band_px/img=22644
  [PASS] no knife edge: max per-px jump <= 0.45 (orig ~0.38) max_jump=0.380
  [PASS] supervision mask_latents == interp(RAW mask) 
  [PASS] BrushNet channel != supervision at boundary (split real) max|soft-raw|@latent=1.000
  [PASS] off-state identity on real tensor            
------------------------------------------------------------------------------
v10 AUDIT PASSED — theory verified on real pipeline tensors.
[bank input check] source=warp_warp_img shape=(1, 3, 512, 512) mean=0.2779 std=0.2948 finite=True
[bank input check] source=y_hat shape=(1, 3, 512, 512) mean=0.5355 std=0.2647 finite=True
[bank input check] source=target_hat shape=(1, 3, 512, 512) mean=0.5501 std=0.2074 finite=True
[bank input check] source=x_mirror shape=(1, 3, 512, 512) mean=0.5603 std=0.2377 finite=True
[step 50] real_p1_mirror_hole_cov=0.0794 real_p1_eps=0.0160 real_p1_hole_frac=0.1880 real_p2_eps=0.0179 real_p2_hit=0.0000 real_total=0.0340 synth_eps=0.0157 synth_eps_raw=0.0157 synth_x0_hit=0.0000 synth_total=0.0157
[step 100] real_p1_mirror_hole_cov=0.0458 real_p1_eps=0.0684 real_p1_hole_frac=0.2278 real_p2_eps=0.1826 real_p2_hit=1.0000 real_p2_t=219.0000 real_p2_ldif=0.0696 real_p2_lfm=0.0044 real_total=0.3295 discr_adv=0.9890 p2_d_real=0.2321 p2_d_fake=0.2099 g_grad_abs=1662.8095 d_grad_abs=359.5540 synth_eps=0.0167 synth_eps_raw=0.0167 synth_x0_hit=0.0000 synth_total=0.0167
[step 150] real_p1_mirror_hole_cov=0.0717 real_p1_eps=0.1135 real_p1_hole_frac=0.3661 real_p2_eps=0.0923 real_p2_hit=0.0000 real_total=0.2058 synth_eps=0.0850 synth_eps_raw=0.0850 synth_x0_hit=0.0000 synth_total=0.0850
[step 200] real_p1_mirror_hole_cov=0.0179 real_p1_eps=0.0041 real_p1_hole_frac=0.3508 real_p2_eps=0.0062 real_p2_hit=0.0000 real_total=0.0103 discr_adv=0.9465 x0_d_real=0.3331 x0_d_fake=0.2227 g_grad_abs=251.7914 d_grad_abs=2001.3979 synth_eps=0.0143 synth_eps_raw=0.0143 synth_x0_hit=0.0000 synth_total=0.0143
[step 250] real_p1_mirror_hole_cov=0.0185 real_p1_eps=0.0022 real_p1_hole_frac=0.0528 real_p2_eps=0.2489 real_p2_hit=1.0000 real_p2_t=63.0000 real_p2_ldif=0.0166 real_p2_lfm=0.0019 real_total=0.2714 discr_adv=1.0109 p2_d_real=0.7356 p2_d_fake=0.7285 g_grad_abs=1545.0399 d_grad_abs=3741.1240 synth_eps=0.1233 synth_eps_raw=0.1233 synth_x0_hit=0.0000 synth_total=0.1233
[step 300] real_p1_mirror_hole_cov=0.0204 real_p1_eps=0.0089 real_p1_hole_frac=0.0404 real_p2_eps=0.0006 real_p2_hit=0.0000 real_total=0.0096 synth_eps=0.4248 synth_eps_raw=0.4248 synth_x0_hit=1.0000 synth_x0_t=88.0000 synth_x0_ldif=0.0426 synth_x0_lfm=0.0044 synth_total=0.4763
[step 350] real_p1_mirror_hole_cov=0.1440 real_p1_eps=0.1073 real_p1_hole_frac=0.0363 real_p2_eps=0.0117 real_p2_hit=0.0000 real_total=0.1190 discr_adv=0.8515 x0_d_real=0.5107 x0_d_fake=0.1949 g_grad_abs=930.6997 d_grad_abs=3367.2266 synth_eps=0.0920 synth_eps_raw=0.0920 synth_x0_hit=0.0000 synth_total=0.0920
[step 400] real_p1_mirror_hole_cov=0.0291 real_p1_eps=0.0043 real_p1_hole_frac=0.4045 real_p2_eps=0.3555 real_p2_hit=1.0000 real_p2_t=85.0000 real_p2_ldif=0.0341 real_p2_lfm=0.0044 real_total=0.4027 discr_adv=1.8849 x0_d_real=0.2573 x0_d_fake=0.2323 p2_d_real=0.5226 p2_d_fake=0.2979 g_grad_abs=1463.0753 d_grad_abs=5323.9181 synth_eps=0.0590 synth_eps_raw=0.0590 synth_x0_hit=0.0000 synth_total=0.0590
[step 450] real_p1_mirror_hole_cov=0.1135 real_p1_eps=0.0093 real_p1_hole_frac=0.3964 real_p2_eps=0.0019 real_p2_hit=0.0000 real_total=0.0111 discr_adv=0.8357 x0_d_real=0.6915 x0_d_fake=0.3115 g_grad_abs=164.5080 d_grad_abs=8807.2823 synth_eps=0.0044 synth_eps_raw=0.0044 synth_x0_hit=0.0000 synth_total=0.0044
[step 500] real_p1_mirror_hole_cov=0.2229 real_p1_eps=0.0023 real_p1_hole_frac=0.3319 real_p2_eps=0.0255 real_p2_hit=0.0000 real_total=0.0278 synth_eps=0.0676 synth_eps_raw=0.0676 synth_x0_hit=0.0000 synth_total=0.0676
[images] real: anchor | cond1 | cond2 | inv_warp_mirror | mask | mask_inv | warp_img | warp_warp_img | x | y_hat | y_hat_novel -> /home/xzy/warpgan-diffusiong-inpainting/warpgan-diffusion-inpainting-main/experiments/train_inpainting_diffusion/[20260915-085455]_v19_w6b_300k/logs/images/train/real_step0000500.png
[images] synth: cond | mask | target | warp_img | x | y_hat_novel -> /home/xzy/warpgan-diffusiong-inpainting/warpgan-diffusion-inpainting-main/experiments/train_inpainting_diffusion/[20260915-085455]_v19_w6b_300k/logs/images/train/synth_step0000500.png
[step 550] real_p1_mirror_hole_cov=0.4685 real_p1_eps=0.0018 real_p1_hole_frac=0.4749 real_p2_eps=0.0256 real_p2_hit=0.0000 real_total=0.0273 synth_eps=0.2351 synth_eps_raw=0.2351 synth_x0_hit=1.0000 synth_x0_t=205.0000 synth_x0_ldif=0.0801 synth_x0_lfm=0.0059 synth_total=0.3270
[step 600] real_p1_mirror_hole_cov=0.0207 real_p1_eps=0.1617 real_p1_hole_frac=0.1540 real_p2_eps=0.0367 real_p2_hit=0.0000 real_total=0.1984 synth_eps=0.0561 synth_eps_raw=0.0561 synth_x0_hit=0.0000 synth_total=0.0561
[step 650] real_p1_mirror_hole_cov=0.2635 real_p1_eps=0.0264 real_p1_hole_frac=0.4091 real_p2_eps=0.1238 real_p2_hit=0.0000 real_total=0.1502 discr_adv=0.7376 x0_d_real=0.6373 x0_d_fake=0.0896 g_grad_abs=634.9453 d_grad_abs=3449.3578 synth_eps=0.1948 synth_eps_raw=0.1948 synth_x0_hit=1.0000 synth_x0_t=235.0000 synth_x0_ldif=0.0842 synth_x0_lfm=0.0083 synth_total=0.2957
[step 700] real_p1_mirror_hole_cov=0.1837 real_p1_eps=0.0026 real_p1_hole_frac=0.3127 real_p2_eps=0.0025 real_p2_hit=0.0000 real_total=0.0051 synth_eps=0.2035 synth_eps_raw=0.2035 synth_x0_hit=1.0000 synth_x0_t=187.0000 synth_x0_ldif=0.0597 synth_x0_lfm=0.0046 synth_total=0.2725
[step 750] real_p1_mirror_hole_cov=0.2405 real_p1_eps=0.2725 real_p1_hole_frac=0.3056 real_p2_eps=0.0108 real_p2_hit=0.0000 real_total=0.2833 synth_eps=0.1533 synth_eps_raw=0.1533 synth_x0_hit=0.0000 synth_total=0.1533
[step 800] real_p1_mirror_hole_cov=0.0039 real_p1_eps=0.0064 real_p1_hole_frac=0.2392 real_p2_eps=0.1173 real_p2_hit=1.0000 real_p2_t=250.0000 real_p2_ldif=0.0568 real_p2_lfm=0.0047 real_total=0.1899 discr_adv=0.7287 p2_d_real=-0.0059 p2_d_fake=-0.5553 g_grad_abs=1140.8152 d_grad_abs=12490.9701 synth_eps=0.0069 synth_eps_raw=0.0069 synth_x0_hit=0.0000 synth_total=0.0069
[step 850] real_p1_mirror_hole_cov=0.2842 real_p1_eps=0.0699 real_p1_hole_frac=0.5606 real_p2_eps=0.0101 real_p2_hit=0.0000 real_total=0.0799 synth_eps=0.0144 synth_eps_raw=0.0144 synth_x0_hit=0.0000 synth_total=0.0144
[step 900] real_p1_mirror_hole_cov=0.1059 real_p1_eps=0.0145 real_p1_hole_frac=0.1530 real_p2_eps=0.0520 real_p2_hit=0.0000 real_total=0.0666 synth_eps=0.0942 synth_eps_raw=0.0942 synth_x0_hit=0.0000 synth_total=0.0942
[step 950] real_p1_mirror_hole_cov=0.0371 real_p1_eps=0.0049 real_p1_hole_frac=0.2860 real_p2_eps=0.3483 real_p2_hit=1.0000 real_p2_t=49.0000 real_p2_ldif=0.0173 real_p2_lfm=0.0036 real_total=0.3776 discr_adv=1.0238 p2_d_real=1.0228 p2_d_fake=0.9665 g_grad_abs=1269.7037 d_grad_abs=3423.5389 synth_eps=0.1377 synth_eps_raw=0.1377 synth_x0_hit=0.0000 synth_total=0.1377
[step 1000] real_p1_mirror_hole_cov=0.1267 real_p1_eps=0.0047 real_p1_hole_frac=0.2468 real_p2_eps=0.1819 real_p2_hit=1.0000 real_p2_t=150.0000 real_p2_ldif=0.0378 real_p2_lfm=0.0029 real_total=0.2303 discr_adv=0.9236 p2_d_real=-0.4186 p2_d_fake=-0.6034 g_grad_abs=1294.0683 d_grad_abs=4707.8799 synth_eps=0.0579 synth_eps_raw=0.0579 synth_x0_hit=0.0000 synth_total=0.0579
[images] real: anchor | cond1 | cond2 | inv_warp_mirror | mask | mask_inv | warp_img | warp_warp_img | x | y_hat | y_hat_novel -> /home/xzy/warpgan-diffusiong-inpainting/warpgan-diffusion-inpainting-main/experiments/train_inpainting_diffusion/[20260915-085455]_v19_w6b_300k/logs/images/train/real_step0001000.png
[images] synth: cond | mask | target | warp_img | x | y_hat_novel -> /home/xzy/warpgan-diffusiong-inpainting/warpgan-diffusion-inpainting-main/experiments/train_inpainting_diffusion/[20260915-085455]_v19_w6b_300k/logs/images/train/synth_step0001000.png
[step 1050] real_p1_mirror_hole_cov=0.1375 real_p1_eps=0.4744 real_p1_hole_frac=0.3820 real_p2_eps=0.0075 real_p2_hit=0.0000 real_total=0.4819 discr_adv=1.0391 x0_d_real=-1.0436 x0_d_fake=-1.1765 g_grad_abs=1493.7824 d_grad_abs=7903.6988 synth_eps=0.0336 synth_eps_raw=0.0336 synth_x0_hit=0.0000 synth_total=0.0336
[step 1100] real_p1_mirror_hole_cov=0.0072 real_p1_eps=0.0103 real_p1_hole_frac=0.3042 real_p2_eps=0.0037 real_p2_hit=0.0000 real_total=0.0141 synth_eps=0.0210 synth_eps_raw=0.0210 synth_x0_hit=0.0000 synth_total=0.0210
[step 1150] real_p1_mirror_hole_cov=0.0835 real_p1_eps=0.0686 real_p1_hole_frac=0.4383 real_p2_eps=0.2549 real_p2_hit=1.0000 real_p2_t=180.0000 real_p2_ldif=0.0702 real_p2_lfm=0.0048 real_total=0.4033 discr_adv=0.7664 p2_d_real=-0.4230 p2_d_fake=-1.4256 g_grad_abs=1262.7473 d_grad_abs=20205.2190 synth_eps=0.4936 synth_eps_raw=0.4936 synth_x0_hit=1.0000 synth_x0_t=81.0000 synth_x0_ldif=0.0446 synth_x0_lfm=0.0041 synth_total=0.5465
[step 1200] real_p1_mirror_hole_cov=0.2441 real_p1_eps=0.0615 real_p1_hole_frac=0.2668 real_p2_eps=0.0999 real_p2_hit=1.0000 real_p2_t=286.0000 real_p2_ldif=0.0628 real_p2_lfm=0.0058 real_total=0.2356 discr_adv=0.8546 p2_d_real=-0.2346 p2_d_fake=-0.5468 g_grad_abs=1976.3886 d_grad_abs=4083.5755 synth_eps=0.0445 synth_eps_raw=0.0445 synth_x0_hit=0.0000 synth_total=0.0445
[step 1250] real_p1_mirror_hole_cov=0.0231 real_p1_eps=0.0312 real_p1_hole_frac=0.4663 real_p2_eps=0.0020 real_p2_hit=0.0000 real_total=0.0333 synth_eps=0.2475 synth_eps_raw=0.2475 synth_x0_hit=1.0000 synth_x0_t=154.0000 synth_x0_ldif=0.0535 synth_x0_lfm=0.0037 synth_total=0.3085
[step 1300] real_p1_mirror_hole_cov=0.0455 real_p1_eps=0.0007 real_p1_hole_frac=0.0847 real_p2_eps=0.0393 real_p2_hit=0.0000 real_total=0.0400 discr_adv=0.5093 x0_d_real=1.1346 x0_d_fake=-0.0054 g_grad_abs=495.0159 d_grad_abs=10492.2480 synth_eps=0.0123 synth_eps_raw=0.0123 synth_x0_hit=0.0000 synth_total=0.0123
[step 1350] real_p1_mirror_hole_cov=0.1732 real_p1_eps=0.0025 real_p1_hole_frac=0.6274 real_p2_eps=0.1068 real_p2_hit=0.0000 real_total=0.1093 discr_adv=0.9174 x0_d_real=-0.5330 x0_d_fake=-0.7197 g_grad_abs=506.4061 d_grad_abs=3056.4804 synth_eps=0.0524 synth_eps_raw=0.0524 synth_x0_hit=0.0000 synth_total=0.0524
[step 1400] real_p1_mirror_hole_cov=0.0695 real_p1_eps=0.0248 real_p1_hole_frac=0.4728 real_p2_eps=0.0015 real_p2_hit=0.0000 real_total=0.0263 synth_eps=0.0401 synth_eps_raw=0.0401 synth_x0_hit=0.0000 synth_total=0.0401
[step 1450] real_p1_mirror_hole_cov=0.1319 real_p1_eps=0.0872 real_p1_hole_frac=0.0351 real_p2_eps=0.0013 real_p2_hit=0.0000 real_total=0.0885 synth_eps=0.1256 synth_eps_raw=0.1256 synth_x0_hit=0.0000 synth_total=0.1256
[step 1500] real_p1_mirror_hole_cov=0.0951 real_p1_eps=0.0739 real_p1_hole_frac=0.3381 real_p2_eps=0.0283 real_p2_hit=0.0000 real_total=0.1023 discr_adv=0.8532 x0_d_real=1.3770 x0_d_fake=0.7042 g_grad_abs=581.8633 d_grad_abs=11965.9733 synth_eps=0.2419 synth_eps_raw=0.2419 synth_x0_hit=1.0000 synth_x0_t=179.0000 synth_x0_ldif=0.0660 synth_x0_lfm=0.0047 synth_total=0.3173
[images] real: anchor | cond1 | cond2 | inv_warp_mirror | mask | mask_inv | warp_img | warp_warp_img | x | y_hat | y_hat_novel -> /home/xzy/warpgan-diffusiong-inpainting/warpgan-diffusion-inpainting-main/experiments/train_inpainting_diffusion/[20260915-085455]_v19_w6b_300k/logs/images/train/real_step0001500.png
[images] synth: cond | mask | target | warp_img | x | y_hat_novel -> /home/xzy/warpgan-diffusiong-inpainting/warpgan-diffusion-inpainting-main/experiments/train_inpainting_diffusion/[20260915-085455]_v19_w6b_300k/logs/images/train/synth_step0001500.png
[step 1550] real_p1_mirror_hole_cov=0.0237 real_p1_eps=0.0036 real_p1_hole_frac=0.1716 real_p2_eps=0.2560 real_p2_hit=1.0000 real_p2_t=84.0000 real_p2_ldif=0.0242 real_p2_lfm=0.0023 real_total=0.2885 discr_adv=0.7378 p2_d_real=0.9200 p2_d_fake=0.3704 g_grad_abs=1017.5162 d_grad_abs=14433.6017 synth_eps=0.1438 synth_eps_raw=0.1438 synth_x0_hit=0.0000 synth_total=0.1438
[step 1600] real_p1_mirror_hole_cov=0.1350 real_p1_eps=0.1036 real_p1_hole_frac=0.2496 real_p2_eps=0.1648 real_p2_hit=1.0000 real_p2_t=191.0000 real_p2_ldif=0.0499 real_p2_lfm=0.0028 real_total=0.3239 discr_adv=0.6490 p2_d_real=-0.0200 p2_d_fake=-0.7573 g_grad_abs=1310.6285 d_grad_abs=8683.2136 synth_eps=0.7055 synth_eps_raw=0.7055 synth_x0_hit=1.0000 synth_x0_t=14.0000 synth_x0_ldif=0.0094 synth_x0_lfm=0.0012 synth_total=0.7173
[step 1650] real_p1_mirror_hole_cov=0.0738 real_p1_eps=0.0316 real_p1_hole_frac=0.0553 real_p2_eps=0.0271 real_p2_hit=0.0000 real_total=0.0586 synth_eps=0.3931 synth_eps_raw=0.3931 synth_x0_hit=1.0000 synth_x0_t=110.0000 synth_x0_ldif=0.0528 synth_x0_lfm=0.0044 synth_total=0.4547
[step 1700] real_p1_mirror_hole_cov=0.1508 real_p1_eps=0.0041 real_p1_hole_frac=0.5074 real_p2_eps=0.4146 real_p2_hit=1.0000 real_p2_t=110.0000 real_p2_ldif=0.0557 real_p2_lfm=0.0055 real_total=0.4854 discr_adv=1.0025 p2_d_real=1.0050 p2_d_fake=0.9842 g_grad_abs=938.8007 d_grad_abs=1164.1593 synth_eps=0.0259 synth_eps_raw=0.0259 synth_x0_hit=0.0000 synth_total=0.0259
[step 1750] real_p1_mirror_hole_cov=0.5050 real_p1_eps=0.0107 real_p1_hole_frac=0.3793 real_p2_eps=0.0028 real_p2_hit=0.0000 real_total=0.0135 synth_eps=0.0077 synth_eps_raw=0.0077 synth_x0_hit=0.0000 synth_total=0.0077
[step 1800] real_p1_mirror_hole_cov=0.0077 real_p1_eps=0.0049 real_p1_hole_frac=0.0695 real_p2_eps=0.0152 real_p2_hit=0.0000 real_total=0.0200 discr_adv=0.6720 x0_d_real=0.8442 x0_d_fake=0.1873 g_grad_abs=251.6802 d_grad_abs=9290.5027 synth_eps=0.0737 synth_eps_raw=0.0737 synth_x0_hit=0.0000 synth_total=0.0737
[step 1850] real_p1_mirror_hole_cov=0.0242 real_p1_eps=0.0561 real_p1_hole_frac=0.3277 real_p2_eps=0.0053 real_p2_hit=0.0000 real_total=0.0614 discr_adv=0.8070 x0_d_real=1.1231 x0_d_fake=0.6038 g_grad_abs=576.8252 d_grad_abs=11790.9480 synth_eps=0.0566 synth_eps_raw=0.0566 synth_x0_hit=0.0000 synth_total=0.0566
[step 1900] real_p1_mirror_hole_cov=0.0004 real_p1_eps=0.0441 real_p1_hole_frac=0.1896 real_p2_eps=0.0861 real_p2_hit=0.0000 real_total=0.1302 synth_eps=0.0500 synth_eps_raw=0.0500 synth_x0_hit=0.0000 synth_total=0.0500
[step 1950] real_p1_mirror_hole_cov=0.1279 real_p1_eps=0.3768 real_p1_hole_frac=0.1991 real_p2_eps=0.0493 real_p2_hit=0.0000 real_total=0.4260 discr_adv=0.0828 x0_d_real=0.8360 x0_d_fake=-1.4370 g_grad_abs=1207.2419 d_grad_abs=4302.1106 synth_eps=0.0576 synth_eps_raw=0.0576 synth_x0_hit=0.0000 synth_total=0.0576
[val step 1999] val_novel_full=0.0689 val_novel_hole=0.1027 val_novel_visible=0.0589
[step 2000] real_p1_mirror_hole_cov=0.2245 real_p1_eps=0.1866 real_p1_hole_frac=0.4083 real_p2_eps=0.0189 real_p2_hit=0.0000 real_total=0.2054 discr_adv=0.9989 x0_d_real=0.5672 x0_d_fake=0.5649 g_grad_abs=2645.8165 d_grad_abs=28.2448 synth_eps=0.0031 synth_eps_raw=0.0031 synth_x0_hit=0.0000 synth_total=0.0031 extra_render_attn_share=0.5028
[images] real: anchor | cond1 | cond2 | inv_warp_mirror | mask | mask_inv | warp_img | warp_warp_img | x | y_hat | y_hat_novel -> /home/xzy/warpgan-diffusiong-inpainting/warpgan-diffusion-inpainting-main/experiments/train_inpainting_diffusion/[20260915-085455]_v19_w6b_300k/logs/images/train/real_step0002000.png
[images] synth: cond | mask | target | warp_img | x | y_hat_novel -> /home/xzy/warpgan-diffusiong-inpainting/warpgan-diffusion-inpainting-main/experiments/train_inpainting_diffusion/[20260915-085455]_v19_w6b_300k/logs/images/train/synth_step0002000.png
[step 2050] real_p1_mirror_hole_cov=0.2214 real_p1_eps=0.0605 real_p1_hole_frac=0.4873 real_p2_eps=0.2281 real_p2_hit=1.0000 real_p2_t=180.0000 real_p2_ldif=0.0628 real_p2_lfm=0.0058 real_total=0.3631 discr_adv=0.9919 p2_d_real=0.3668 p2_d_fake=0.3506 g_grad_abs=1153.4722 d_grad_abs=152.1369 synth_eps=0.1658 synth_eps_raw=0.1658 synth_x0_hit=1.0000 synth_x0_t=291.0000 synth_x0_ldif=0.1079 synth_x0_lfm=0.0081 synth_total=0.2898 extra_render_attn_share=0.5028
[step 2100] real_p1_mirror_hole_cov=0.0190 real_p1_eps=0.1418 real_p1_hole_frac=0.2384 real_p2_eps=0.0058 real_p2_hit=0.0000 real_total=0.1476 discr_adv=0.9933 x0_d_real=0.3958 x0_d_fake=0.3823 g_grad_abs=815.2661 d_grad_abs=119.6515 synth_eps=0.0029 synth_eps_raw=0.0029 synth_x0_hit=0.0000 synth_total=0.0029 extra_render_attn_share=0.5028
[step 2150] real_p1_mirror_hole_cov=0.0088 real_p1_eps=0.0018 real_p1_hole_frac=0.0431 real_p2_eps=0.0008 real_p2_hit=0.0000 real_total=0.0026 synth_eps=0.1079 synth_eps_raw=0.1079 synth_x0_hit=0.0000 synth_total=0.1079 extra_render_attn_share=0.5028
[step 2200] real_p1_mirror_hole_cov=0.0413 real_p1_eps=0.1436 real_p1_hole_frac=0.4643 real_p2_eps=0.0395 real_p2_hit=0.0000 real_total=0.1831 discr_adv=0.9441 x0_d_real=0.3827 x0_d_fake=0.2706 g_grad_abs=706.1624 d_grad_abs=807.9788 synth_eps=0.1064 synth_eps_raw=0.1064 synth_x0_hit=0.0000 synth_total=0.1064 extra_render_attn_share=0.5028
[step 2250] real_p1_mirror_hole_cov=0.0187 real_p1_eps=0.0106 real_p1_hole_frac=0.0810 real_p2_eps=0.0248 real_p2_hit=0.0000 real_total=0.0354 discr_adv=0.9956 x0_d_real=0.5134 x0_d_fake=0.5028 g_grad_abs=300.5448 d_grad_abs=314.5340 synth_eps=0.0403 synth_eps_raw=0.0403 synth_x0_hit=0.0000 synth_total=0.0403 extra_render_attn_share=0.5028
[step 2300] real_p1_mirror_hole_cov=0.0893 real_p1_eps=0.0025 real_p1_hole_frac=0.5428 real_p2_eps=0.0083 real_p2_hit=0.0000 real_total=0.0108 synth_eps=0.1857 synth_eps_raw=0.1857 synth_x0_hit=1.0000 synth_x0_t=236.0000 synth_x0_ldif=0.0809 synth_x0_lfm=0.0079 synth_total=0.2822 extra_render_attn_share=0.5028
[step 2350] real_p1_mirror_hole_cov=0.0586 real_p1_eps=0.0148 real_p1_hole_frac=0.3087 real_p2_eps=0.0015 real_p2_hit=0.0000 real_total=0.0163 synth_eps=0.0072 synth_eps_raw=0.0072 synth_x0_hit=0.0000 synth_total=0.0072 extra_render_attn_share=0.5028
[step 2400] real_p1_mirror_hole_cov=0.0548 real_p1_eps=0.4274 real_p1_hole_frac=0.1559 real_p2_eps=0.3768 real_p2_hit=1.0000 real_p2_t=59.0000 real_p2_ldif=0.0232 real_p2_lfm=0.0022 real_total=0.8320 discr_adv=1.7976 x0_d_real=-0.6731 x0_d_fake=-1.3154 p2_d_real=0.9463 p2_d_fake=0.7921 g_grad_abs=1705.3335 d_grad_abs=11403.6602 synth_eps=0.1324 synth_eps_raw=0.1324 synth_x0_hit=0.0000 synth_total=0.1324 extra_render_attn_share=0.5028
[step 2450] real_p1_mirror_hole_cov=0.0616 real_p1_eps=0.2242 real_p1_hole_frac=0.5147 real_p2_eps=0.1345 real_p2_hit=0.0000 real_total=0.3586 discr_adv=1.0491 x0_d_real=-1.0908 x0_d_fake=-1.1317 g_grad_abs=1123.7555 d_grad_abs=3006.5825 synth_eps=0.1043 synth_eps_raw=0.1043 synth_x0_hit=0.0000 synth_total=0.1043 extra_render_attn_share=0.5028
[step 2500] real_p1_mirror_hole_cov=0.1086 real_p1_eps=0.0082 real_p1_hole_frac=0.5179 real_p2_eps=0.0170 real_p2_hit=0.0000 real_total=0.0252 discr_adv=0.1125 x0_d_real=0.8033 x0_d_fake=-1.0577 g_grad_abs=703.2337 d_grad_abs=8646.3071 synth_eps=0.2294 synth_eps_raw=0.2294 synth_x0_hit=1.0000 synth_x0_t=265.0000 synth_x0_ldif=0.1241 synth_x0_lfm=0.0068 synth_total=0.3671 extra_render_attn_share=0.5028
[images] real: anchor | cond1 | cond2 | inv_warp_mirror | mask | mask_inv | warp_img | warp_warp_img | x | y_hat | y_hat_novel -> /home/xzy/warpgan-diffusiong-inpainting/warpgan-diffusion-inpainting-main/experiments/train_inpainting_diffusion/[20260915-085455]_v19_w6b_300k/logs/images/train/real_step0002500.png
[images] synth: cond | mask | target | warp_img | x | y_hat_novel -> /home/xzy/warpgan-diffusiong-inpainting/warpgan-diffusion-inpainting-main/experiments/train_inpainting_diffusion/[20260915-085455]_v19_w6b_300k/logs/images/train/synth_step0002500.png
[step 2550] real_p1_mirror_hole_cov=0.2220 real_p1_eps=0.5830 real_p1_hole_frac=0.3743 real_p2_eps=0.0108 real_p2_hit=0.0000 real_total=0.5938 synth_eps=0.0594 synth_eps_raw=0.0594 synth_x0_hit=0.0000 synth_total=0.0594 extra_render_attn_share=0.5028
[step 2600] real_p1_mirror_hole_cov=0.0163 real_p1_eps=0.0324 real_p1_hole_frac=0.0484 real_p2_eps=0.2786 real_p2_hit=1.0000 real_p2_t=41.0000 real_p2_ldif=0.0113 real_p2_lfm=0.0010 real_total=0.3243 discr_adv=0.9640 p2_d_real=-0.7782 p2_d_fake=-0.8711 g_grad_abs=1196.3681 d_grad_abs=4928.8663 synth_eps=0.4648 synth_eps_raw=0.4648 synth_x0_hit=1.0000 synth_x0_t=38.0000 synth_x0_ldif=0.0174 synth_x0_lfm=0.0020 synth_total=0.4862 extra_render_attn_share=0.5028
[step 2650] real_p1_mirror_hole_cov=0.3011 real_p1_eps=0.0048 real_p1_hole_frac=0.5266 real_p2_eps=0.0207 real_p2_hit=0.0000 real_total=0.0255 synth_eps=0.0112 synth_eps_raw=0.0112 synth_x0_hit=0.0000 synth_total=0.0112 extra_render_attn_share=0.5028
[step 2700] real_p1_mirror_hole_cov=0.1499 real_p1_eps=0.0274 real_p1_hole_frac=0.4024 real_p2_eps=0.0053 real_p2_hit=0.0000 real_total=0.0327 synth_eps=0.0307 synth_eps_raw=0.0307 synth_x0_hit=0.0000 synth_total=0.0307 extra_render_attn_share=0.5028
[step 2750] real_p1_mirror_hole_cov=0.0655 real_p1_eps=0.0058 real_p1_hole_frac=0.1244 real_p2_eps=0.0103 real_p2_hit=0.0000 real_total=0.0162 synth_eps=0.0059 synth_eps_raw=0.0059 synth_x0_hit=0.0000 synth_total=0.0059 extra_render_attn_share=0.5028
[step 2800] real_p1_mirror_hole_cov=0.0165 real_p1_eps=0.0530 real_p1_hole_frac=0.3017 real_p2_eps=0.0224 real_p2_hit=0.0000 real_total=0.0755 synth_eps=0.0257 synth_eps_raw=0.0257 synth_x0_hit=0.0000 synth_total=0.0257 extra_render_attn_share=0.5028
[step 2850] real_p1_mirror_hole_cov=0.1364 real_p1_eps=0.0136 real_p1_hole_frac=0.2358 real_p2_eps=0.3036 real_p2_hit=1.0000 real_p2_t=74.0000 real_p2_ldif=0.0245 real_p2_lfm=0.0030 real_total=0.3476 discr_adv=0.8026 p2_d_real=0.9712 p2_d_fake=0.5424 g_grad_abs=1227.9984 d_grad_abs=11245.5217 synth_eps=0.2004 synth_eps_raw=0.2004 synth_x0_hit=1.0000 synth_x0_t=231.0000 synth_x0_ldif=0.0840 synth_x0_lfm=0.0057 synth_total=0.2958 extra_render_attn_share=0.5028
[step 2900] real_p1_mirror_hole_cov=0.0895 real_p1_eps=0.1322 real_p1_hole_frac=0.0731 real_p2_eps=0.0758 real_p2_hit=1.0000 real_p2_t=287.0000 real_p2_ldif=0.0480 real_p2_lfm=0.0037 real_total=0.2633 discr_adv=0.9018 p2_d_real=1.1303 p2_d_fake=0.8025 g_grad_abs=1112.8921 d_grad_abs=16696.0800 synth_eps=0.0070 synth_eps_raw=0.0070 synth_x0_hit=0.0000 synth_total=0.0070 extra_render_attn_share=0.5028
[step 2950] real_p1_mirror_hole_cov=0.0242 real_p1_eps=0.0232 real_p1_hole_frac=0.1061 real_p2_eps=0.1690 real_p2_hit=1.0000 real_p2_t=142.0000 real_p2_ldif=0.0324 real_p2_lfm=0.0025 real_total=0.2297 discr_adv=1.9571 x0_d_real=-0.7760 x0_d_fake=-0.8255 p2_d_real=-0.7761 p2_d_fake=-0.8876 g_grad_abs=1326.5200 d_grad_abs=5686.4314 synth_eps=0.2845 synth_eps_raw=0.2845 synth_x0_hit=1.0000 synth_x0_t=174.0000 synth_x0_ldif=0.0742 synth_x0_lfm=0.0059 synth_total=0.3706 extra_render_attn_share=0.5028
[step 3000] real_p1_mirror_hole_cov=0.0789 real_p1_eps=0.0074 real_p1_hole_frac=0.0695 real_p2_eps=0.0014 real_p2_hit=0.0000 real_total=0.0088 synth_eps=0.0017 synth_eps_raw=0.0017 synth_x0_hit=0.0000 synth_total=0.0017 extra_render_attn_share=0.5028
[images] real: anchor | cond1 | cond2 | inv_warp_mirror | mask | mask_inv | warp_img | warp_warp_img | x | y_hat | y_hat_novel -> /home/xzy/warpgan-diffusiong-inpainting/warpgan-diffusion-inpainting-main/experiments/train_inpainting_diffusion/[20260915-085455]_v19_w6b_300k/logs/images/train/real_step0003000.png
[images] synth: cond | mask | target | warp_img | x | y_hat_novel -> /home/xzy/warpgan-diffusiong-inpainting/warpgan-diffusion-inpainting-main/experiments/train_inpainting_diffusion/[20260915-085455]_v19_w6b_300k/logs/images/train/synth_step0003000.png
[step 3050] real_p1_mirror_hole_cov=0.1304 real_p1_eps=0.5043 real_p1_hole_frac=0.3107 real_p2_eps=0.0913 real_p2_hit=0.0000 real_total=0.5956 discr_adv=0.9913 x0_d_real=-0.6407 x0_d_fake=-0.6583 g_grad_abs=2017.3273 d_grad_abs=119.2906 synth_eps=0.1178 synth_eps_raw=0.1178 synth_x0_hit=0.0000 synth_total=0.1178 extra_render_attn_share=0.5028
[step 3100] real_p1_mirror_hole_cov=0.0490 real_p1_eps=0.0047 real_p1_hole_frac=0.0765 real_p2_eps=0.0658 real_p2_hit=0.0000 real_total=0.0705 discr_adv=0.9788 x0_d_real=-0.3866 x0_d_fake=-0.4290 g_grad_abs=560.1993 d_grad_abs=242.3515 synth_eps=0.0370 synth_eps_raw=0.0370 synth_x0_hit=0.0000 synth_total=0.0370 extra_render_attn_share=0.5028
[step 3150] real_p1_mirror_hole_cov=0.0745 real_p1_eps=0.0798 real_p1_hole_frac=0.4607 real_p2_eps=0.0246 real_p2_hit=0.0000 real_total=0.1045 synth_eps=0.0353 synth_eps_raw=0.0353 synth_x0_hit=0.0000 synth_total=0.0353 extra_render_attn_share=0.5028
[step 3200] real_p1_mirror_hole_cov=0.1151 real_p1_eps=0.0026 real_p1_hole_frac=0.1630 real_p2_eps=0.4249 real_p2_hit=1.0000 real_p2_t=35.0000 real_p2_ldif=0.0146 real_p2_gen_adv=0.5229 real_p2_lfm=0.0013 real_total=0.4969 discr_adv=0.9958 p2_d_real=-0.5146 p2_d_fake=-0.5229 g_grad_abs=1120.6482 d_grad_abs=46.9108 synth_eps=0.0030 synth_eps_raw=0.0030 synth_x0_hit=0.0000 synth_total=0.0030 extra_render_attn_share=0.5028
[step 3250] real_p1_mirror_hole_cov=0.1550 real_p1_eps=0.0289 real_p1_hole_frac=0.4144 real_p2_eps=0.2705 real_p2_hit=1.0000 real_p2_t=146.0000 real_p2_ldif=0.0541 real_p2_gen_adv=0.1815 real_p2_lfm=0.0051 real_total=0.3818 discr_adv=1.8358 x0_d_real=-0.1839 x0_d_fake=-0.4764 p2_d_real=-0.0970 p2_d_fake=-0.1815 g_grad_abs=1189.3045 d_grad_abs=2993.6996 synth_eps=0.3004 synth_eps_raw=0.3004 synth_x0_hit=1.0000 synth_x0_t=194.0000 synth_x0_ldif=0.0934 synth_x0_gen_adv=0.2136 synth_x0_lfm=0.0073 synth_total=0.4297 extra_render_attn_share=0.5028
[step 3300] real_p1_mirror_hole_cov=0.0672 real_p1_eps=0.1229 real_p1_hole_frac=0.1287 real_p2_eps=0.0027 real_p2_hit=0.0000 real_total=0.1256 synth_eps=0.0145 synth_eps_raw=0.0145 synth_x0_hit=0.0000 synth_total=0.0145 extra_render_attn_share=0.5028
[step 3350] real_p1_mirror_hole_cov=0.3712 real_p1_eps=0.0021 real_p1_hole_frac=0.2715 real_p2_eps=0.1317 real_p2_hit=0.0000 real_total=0.1339 synth_eps=0.1175 synth_eps_raw=0.1175 synth_x0_hit=0.0000 synth_total=0.1175 extra_render_attn_share=0.5028
[step 3400] real_p1_mirror_hole_cov=0.0457 real_p1_eps=0.0010 real_p1_hole_frac=0.0726 real_p2_eps=0.1113 real_p2_hit=1.0000 real_p2_t=201.0000 real_p2_ldif=0.0367 real_p2_gen_adv=-0.1489 real_p2_lfm=0.0038 real_total=0.1418 discr_adv=1.0044 p2_d_real=0.1509 p2_d_fake=0.1489 g_grad_abs=1247.7180 d_grad_abs=948.3551 synth_eps=0.0061 synth_eps_raw=0.0061 synth_x0_hit=0.0000 synth_total=0.0061 extra_render_attn_share=0.5028
[step 3450] real_p1_mirror_hole_cov=0.0388 real_p1_eps=0.0601 real_p1_hole_frac=0.2678 real_p2_eps=0.0013 real_p2_hit=0.0000 real_total=0.0614 synth_eps=0.3436 synth_eps_raw=0.3436 synth_x0_hit=1.0000 synth_x0_t=121.0000 synth_x0_ldif=0.0525 synth_x0_gen_adv=0.7439 synth_x0_lfm=0.0057 synth_total=0.4820 extra_render_attn_share=0.5028
[step 3500] real_p1_mirror_hole_cov=0.0815 real_p1_eps=0.0440 real_p1_hole_frac=0.3284 real_p2_eps=0.1774 real_p2_hit=1.0000 real_p2_t=270.0000 real_p2_ldif=0.0994 real_p2_gen_adv=-0.3978 real_p2_lfm=0.0065 real_total=0.2941 discr_adv=1.6138 x0_d_real=0.2857 x0_d_fake=-0.5211 p2_d_real=0.4260 p2_d_fake=0.3978 g_grad_abs=1487.6498 d_grad_abs=4489.3487 synth_eps=0.0300 synth_eps_raw=0.0300 synth_x0_hit=0.0000 synth_total=0.0300 extra_render_attn_share=0.5028
[images] real: anchor | cond1 | cond2 | inv_warp_mirror | mask | mask_inv | warp_img | warp_warp_img | x | y_hat | y_hat_novel -> /home/xzy/warpgan-diffusiong-inpainting/warpgan-diffusion-inpainting-main/experiments/train_inpainting_diffusion/[20260915-085455]_v19_w6b_300k/logs/images/train/real_step0003500.png
[images] synth: cond | mask | target | warp_img | x | y_hat_novel -> /home/xzy/warpgan-diffusiong-inpainting/warpgan-diffusion-inpainting-main/experiments/train_inpainting_diffusion/[20260915-085455]_v19_w6b_300k/logs/images/train/synth_step0003500.png
[step 3550] real_p1_mirror_hole_cov=0.0458 real_p1_eps=0.0737 real_p1_hole_frac=0.4258 real_p2_eps=0.0546 real_p2_hit=0.0000 real_total=0.1283 discr_adv=1.0174 x0_d_real=-0.9613 x0_d_fake=-0.9613 g_grad_abs=631.6146 d_grad_abs=1861.6904 synth_eps=0.0022 synth_eps_raw=0.0022 synth_x0_hit=0.0000 synth_total=0.0022 extra_render_attn_share=0.5028
[step 3600] real_p1_mirror_hole_cov=0.0169 real_p1_eps=0.0014 real_p1_hole_frac=0.2044 real_p2_eps=0.0685 real_p2_hit=0.0000 real_total=0.0699 synth_eps=0.1428 synth_eps_raw=0.1428 synth_x0_hit=0.0000 synth_total=0.1428 extra_render_attn_share=0.5028
[step 3650] real_p1_mirror_hole_cov=0.1139 real_p1_eps=0.0726 real_p1_hole_frac=0.3258 real_p2_eps=0.1078 real_p2_hit=0.0000 real_total=0.1803 synth_eps=0.0237 synth_eps_raw=0.0237 synth_x0_hit=0.0000 synth_total=0.0237 extra_render_attn_share=0.5028
[step 3700] real_p1_mirror_hole_cov=0.1024 real_p1_eps=0.0754 real_p1_hole_frac=0.5059 real_p2_eps=0.3294 real_p2_hit=1.0000 real_p2_t=96.0000 real_p2_ldif=0.0369 real_p2_gen_adv=0.7586 real_p2_lfm=0.0027 real_total=0.5230 discr_adv=0.9982 p2_d_real=-0.7515 p2_d_fake=-0.7586 g_grad_abs=1414.0749 d_grad_abs=1093.2620 synth_eps=0.0095 synth_eps_raw=0.0095 synth_x0_hit=0.0000 synth_total=0.0095 extra_render_attn_share=0.5028
[step 3750] real_p1_mirror_hole_cov=0.0036 real_p1_eps=0.0122 real_p1_hole_frac=0.0595 real_p2_eps=0.0079 real_p2_hit=0.0000 real_total=0.0201 synth_eps=0.0878 synth_eps_raw=0.0878 synth_x0_hit=0.0000 synth_total=0.0878 extra_render_attn_share=0.5028
[step 3800] real_p1_mirror_hole_cov=0.1008 real_p1_eps=0.0016 real_p1_hole_frac=0.1401 real_p2_eps=0.0261 real_p2_hit=0.0000 real_total=0.0277 synth_eps=0.1727 synth_eps_raw=0.1727 synth_x0_hit=0.0000 synth_total=0.1727 extra_render_attn_share=0.5028
[step 3850] real_p1_mirror_hole_cov=0.0331 real_p1_eps=0.4617 real_p1_hole_frac=0.0820 real_p2_eps=0.2093 real_p2_hit=1.0000 real_p2_t=105.0000 real_p2_ldif=0.0264 real_p2_gen_adv=0.3177 real_p2_lfm=0.0026 real_total=0.7343 discr_adv=1.0739 p2_d_real=-0.4652 p2_d_fake=-0.3177 g_grad_abs=1788.0065 d_grad_abs=877.6246 synth_eps=0.0175 synth_eps_raw=0.0175 synth_x0_hit=0.0000 synth_total=0.0175 extra_render_attn_share=0.5028
[step 3900] real_p1_mirror_hole_cov=0.0446 real_p1_eps=0.0879 real_p1_hole_frac=0.1129 real_p2_eps=0.0206 real_p2_hit=0.0000 real_total=0.1085 synth_eps=0.0164 synth_eps_raw=0.0164 synth_x0_hit=0.0000 synth_total=0.0164 extra_render_attn_share=0.5028
[step 3950] real_p1_mirror_hole_cov=0.1489 real_p1_eps=0.1896 real_p1_hole_frac=0.1561 real_p2_eps=0.2037 real_p2_hit=1.0000 real_p2_t=166.0000 real_p2_ldif=0.0494 real_p2_gen_adv=-0.2490 real_p2_lfm=0.0046 real_total=0.4270 discr_adv=1.0480 p2_d_real=0.1534 p2_d_fake=0.2490 g_grad_abs=1398.0521 d_grad_abs=1335.6734 synth_eps=0.1065 synth_eps_raw=0.1065 synth_x0_hit=0.0000 synth_total=0.1065 extra_render_attn_share=0.5028
[val step 3999] val_novel_full=0.1413 val_novel_hole=0.1459 val_novel_visible=0.1375
[step 4000] real_p1_mirror_hole_cov=0.0201 real_p1_eps=0.0909 real_p1_hole_frac=0.2752 real_p2_eps=0.0566 real_p2_hit=0.0000 real_total=0.1475 synth_eps=0.5689 synth_eps_raw=0.5689 synth_x0_hit=1.0000 synth_x0_t=30.0000 synth_x0_ldif=0.0165 synth_x0_gen_adv=0.7916 synth_x0_lfm=0.0010 synth_total=0.6665 extra_render_attn_share=0.5140
[images] real: anchor | cond1 | cond2 | inv_warp_mirror | mask | mask_inv | warp_img | warp_warp_img | x | y_hat | y_hat_novel -> /home/xzy/warpgan-diffusiong-inpainting/warpgan-diffusion-inpainting-main/experiments/train_inpainting_diffusion/[20260915-085455]_v19_w6b_300k/logs/images/train/real_step0004000.png
[images] synth: cond | mask | target | warp_img | x | y_hat_novel -> /home/xzy/warpgan-diffusiong-inpainting/warpgan-diffusion-inpainting-main/experiments/train_inpainting_diffusion/[20260915-085455]_v19_w6b_300k/logs/images/train/synth_step0004000.png
[step 4050] real_p1_mirror_hole_cov=0.0642 real_p1_eps=0.0133 real_p1_hole_frac=0.4291 real_p2_eps=0.0034 real_p2_hit=0.0000 real_total=0.0167 synth_eps=0.2259 synth_eps_raw=0.2259 synth_x0_hit=1.0000 synth_x0_t=239.0000 synth_x0_ldif=0.1007 synth_x0_gen_adv=0.7465 synth_x0_lfm=0.0058 synth_total=0.4127 extra_render_attn_share=0.5140
[step 4100] real_p1_mirror_hole_cov=0.0949 real_p1_eps=0.2001 real_p1_hole_frac=0.3930 real_p2_eps=0.6843 real_p2_hit=1.0000 real_p2_t=12.0000 real_p2_ldif=0.0079 real_p2_gen_adv=0.3879 real_p2_lfm=0.0010 real_total=0.9330 discr_adv=0.9901 p2_d_real=-0.3681 p2_d_fake=-0.3879 g_grad_abs=1597.9594 d_grad_abs=142.0495 synth_eps=0.0372 synth_eps_raw=0.0372 synth_x0_hit=0.0000 synth_total=0.0372 extra_render_attn_share=0.5140
[step 4150] real_p1_mirror_hole_cov=0.0022 real_p1_eps=0.0163 real_p1_hole_frac=0.1853 real_p2_eps=0.0114 real_p2_hit=0.0000 real_total=0.0276 synth_eps=0.0610 synth_eps_raw=0.0610 synth_x0_hit=0.0000 synth_total=0.0610 extra_render_attn_share=0.5140
[step 4200] real_p1_mirror_hole_cov=0.0795 real_p1_eps=0.0818 real_p1_hole_frac=0.1192 real_p2_eps=0.5952 real_p2_hit=1.0000 real_p2_t=7.0000 real_p2_ldif=0.0041 real_p2_gen_adv=0.5132 real_p2_lfm=0.0009 real_total=0.7343 discr_adv=1.8272 x0_d_real=0.3544 x0_d_fake=-0.0084 p2_d_real=-0.5252 p2_d_fake=-0.5132 g_grad_abs=1660.8089 d_grad_abs=2344.9349 synth_eps=0.0689 synth_eps_raw=0.0689 synth_x0_hit=0.0000 synth_total=0.0689 extra_render_attn_share=0.5140
[step 4250] real_p1_mirror_hole_cov=0.1290 real_p1_eps=0.1232 real_p1_hole_frac=0.1506 real_p2_eps=0.0020 real_p2_hit=0.0000 real_total=0.1252 synth_eps=0.0166 synth_eps_raw=0.0166 synth_x0_hit=0.0000 synth_total=0.0166 extra_render_attn_share=0.5140
[step 4300] real_p1_mirror_hole_cov=0.1799 real_p1_eps=0.0524 real_p1_hole_frac=0.2652 real_p2_eps=0.0603 real_p2_hit=0.0000 real_total=0.1127 synth_eps=0.2096 synth_eps_raw=0.2096 synth_x0_hit=1.0000 synth_x0_t=233.0000 synth_x0_ldif=0.0892 synth_x0_gen_adv=0.2720 synth_x0_lfm=0.0072 synth_total=0.3405 extra_render_attn_share=0.5140
[step 4350] real_p1_mirror_hole_cov=0.0167 real_p1_eps=0.1519 real_p1_hole_frac=0.2287 real_p2_eps=0.0131 real_p2_hit=0.0000 real_total=0.1650 synth_eps=0.0824 synth_eps_raw=0.0824 synth_x0_hit=0.0000 synth_total=0.0824 extra_render_attn_share=0.5140
[step 4400] real_p1_mirror_hole_cov=0.0648 real_p1_eps=0.0010 real_p1_hole_frac=0.1734 real_p2_eps=0.0354 real_p2_hit=0.0000 real_total=0.0363 synth_eps=0.7235 synth_eps_raw=0.7235 synth_x0_hit=1.0000 synth_x0_t=15.0000 synth_x0_ldif=0.0103 synth_x0_gen_adv=0.0038 synth_x0_lfm=0.0015 synth_total=0.7373 extra_render_attn_share=0.5140
[step 4450] real_p1_mirror_hole_cov=0.1833 real_p1_eps=0.0261 real_p1_hole_frac=0.0653 real_p2_eps=0.0116 real_p2_hit=0.0000 real_total=0.0378 synth_eps=0.0079 synth_eps_raw=0.0079 synth_x0_hit=0.0000 synth_total=0.0079 extra_render_attn_share=0.5140
[step 4500] real_p1_mirror_hole_cov=0.1499 real_p1_eps=0.1276 real_p1_hole_frac=0.1323 real_p2_eps=0.0018 real_p2_hit=0.0000 real_total=0.1294 synth_eps=0.0071 synth_eps_raw=0.0071 synth_x0_hit=0.0000 synth_total=0.0071 extra_render_attn_share=0.5140
[images] real: anchor | cond1 | cond2 | inv_warp_mirror | mask | mask_inv | warp_img | warp_warp_img | x | y_hat | y_hat_novel -> /home/xzy/warpgan-diffusiong-inpainting/warpgan-diffusion-inpainting-main/experiments/train_inpainting_diffusion/[20260915-085455]_v19_w6b_300k/logs/images/train/real_step0004500.png
[images] synth: cond | mask | target | warp_img | x | y_hat_novel -> /home/xzy/warpgan-diffusiong-inpainting/warpgan-diffusion-inpainting-main/experiments/train_inpainting_diffusion/[20260915-085455]_v19_w6b_300k/logs/images/train/synth_step0004500.png
[step 4550] real_p1_mirror_hole_cov=0.1787 real_p1_eps=0.0027 real_p1_hole_frac=0.1098 real_p2_eps=0.2001 real_p2_hit=1.0000 real_p2_t=224.0000 real_p2_ldif=0.0794 real_p2_gen_adv=-0.6530 real_p2_lfm=0.0047 real_total=0.2264 discr_adv=1.0172 p2_d_real=0.6193 p2_d_fake=0.6530 g_grad_abs=1145.2170 d_grad_abs=1194.7557 synth_eps=0.0076 synth_eps_raw=0.0076 synth_x0_hit=0.0000 synth_total=0.0076 extra_render_attn_share=0.5140
[step 4600] real_p1_mirror_hole_cov=0.1062 real_p1_eps=0.0504 real_p1_hole_frac=0.3243 real_p2_eps=0.1355 real_p2_hit=0.0000 real_total=0.1859 synth_eps=0.2810 synth_eps_raw=0.2810 synth_x0_hit=1.0000 synth_x0_t=162.0000 synth_x0_ldif=0.0656 synth_x0_gen_adv=-0.0113 synth_x0_lfm=0.0042 synth_total=0.3539 extra_render_attn_share=0.5140
[step 4650] real_p1_mirror_hole_cov=0.1497 real_p1_eps=0.3653 real_p1_hole_frac=0.4037 real_p2_eps=0.8272 real_p2_hit=1.0000 real_p2_t=4.0000 real_p2_ldif=0.0036 real_p2_gen_adv=-0.4770 real_p2_lfm=0.0004 real_total=1.1491 discr_adv=1.0031 p2_d_real=0.4714 p2_d_fake=0.4770 g_grad_abs=1728.6518 d_grad_abs=90.9078 synth_eps=0.2738 synth_eps_raw=0.2738 synth_x0_hit=1.0000 synth_x0_t=219.0000 synth_x0_ldif=0.1044 synth_x0_gen_adv=-0.5791 synth_x0_lfm=0.0071 synth_total=0.3344 extra_render_attn_share=0.5140
[step 4700] real_p1_mirror_hole_cov=0.1232 real_p1_eps=0.0645 real_p1_hole_frac=0.1114 real_p2_eps=0.0020 real_p2_hit=0.0000 real_total=0.0664 discr_adv=0.9939 x0_d_real=0.8586 x0_d_fake=0.7904 g_grad_abs=503.7080 d_grad_abs=3997.2892 synth_eps=0.0677 synth_eps_raw=0.0677 synth_x0_hit=0.0000 synth_total=0.0677 extra_render_attn_share=0.5140
[step 4750] real_p1_mirror_hole_cov=0.0117 real_p1_eps=0.0922 real_p1_hole_frac=0.3078 real_p2_eps=0.0073 real_p2_hit=0.0000 real_total=0.0995 synth_eps=0.0800 synth_eps_raw=0.0800 synth_x0_hit=0.0000 synth_total=0.0800 extra_render_attn_share=0.5140
[step 4800] real_p1_mirror_hole_cov=0.1240 real_p1_eps=0.5692 real_p1_hole_frac=0.4579 real_p2_eps=0.2174 real_p2_hit=1.0000 real_p2_t=251.0000 real_p2_ldif=0.1061 real_p2_gen_adv=-0.5682 real_p2_lfm=0.0076 real_total=0.8510 discr_adv=2.1530 x0_d_real=0.2844 x0_d_fake=0.5594 p2_d_real=0.5376 p2_d_fake=0.5682 g_grad_abs=2231.5025 d_grad_abs=4683.6491 synth_eps=0.2826 synth_eps_raw=0.2826 synth_x0_hit=1.0000 synth_x0_t=167.0000 synth_x0_ldif=0.0692 synth_x0_gen_adv=0.0290 synth_x0_lfm=0.0055 synth_total=0.3656 extra_render_attn_share=0.5140
[step 4850] real_p1_mirror_hole_cov=0.0880 real_p1_eps=0.0538 real_p1_hole_frac=0.2663 real_p2_eps=0.0337 real_p2_hit=0.0000 real_total=0.0875 discr_adv=0.9883 x0_d_real=0.2692 x0_d_fake=0.2453 g_grad_abs=580.8510 d_grad_abs=489.9106 synth_eps=0.0029 synth_eps_raw=0.0029 synth_x0_hit=0.0000 synth_total=0.0029 extra_render_attn_share=0.5140
[step 4900] real_p1_mirror_hole_cov=0.0076 real_p1_eps=0.0677 real_p1_hole_frac=0.2374 real_p2_eps=0.0031 real_p2_hit=0.0000 real_total=0.0707 discr_adv=1.0072 x0_d_real=0.2677 x0_d_fake=0.2805 g_grad_abs=478.4884 d_grad_abs=463.5999 synth_eps=0.2770 synth_eps_raw=0.2770 synth_x0_hit=1.0000 synth_x0_t=219.0000 synth_x0_ldif=0.1056 synth_x0_gen_adv=-0.2387 synth_x0_lfm=0.0068 synth_total=0.3723 extra_render_attn_share=0.5140
[step 4950] real_p1_mirror_hole_cov=0.0053 real_p1_eps=0.2349 real_p1_hole_frac=0.1823 real_p2_eps=0.1556 real_p2_hit=1.0000 real_p2_t=195.0000 real_p2_ldif=0.0487 real_p2_gen_adv=-0.5265 real_p2_lfm=0.0052 real_total=0.3969 discr_adv=1.0302 p2_d_real=0.4663 p2_d_fake=0.5265 g_grad_abs=1528.7324 d_grad_abs=1301.9968 synth_eps=0.0013 synth_eps_raw=0.0013 synth_x0_hit=0.0000 synth_total=0.0013 extra_render_attn_share=0.5140
[step 5000] real_p1_mirror_hole_cov=0.2491 real_p1_eps=0.0447 real_p1_hole_frac=0.5495 real_p2_eps=0.0556 real_p2_hit=0.0000 real_total=0.1003 discr_adv=0.9203 x0_d_real=0.3880 x0_d_fake=0.2286 g_grad_abs=517.7824 d_grad_abs=2528.9620 synth_eps=0.0224 synth_eps_raw=0.0224 synth_x0_hit=0.0000 synth_total=0.0224 extra_render_attn_share=0.5140
[images] real: anchor | cond1 | cond2 | inv_warp_mirror | mask | mask_inv | warp_img | warp_warp_img | x | y_hat | y_hat_novel -> /home/xzy/warpgan-diffusiong-inpainting/warpgan-diffusion-inpainting-main/experiments/train_inpainting_diffusion/[20260915-085455]_v19_w6b_300k/logs/images/train/real_step0005000.png
[images] synth: cond | mask | target | warp_img | x | y_hat_novel -> /home/xzy/warpgan-diffusiong-inpainting/warpgan-diffusion-inpainting-main/experiments/train_inpainting_diffusion/[20260915-085455]_v19_w6b_300k/logs/images/train/synth_step0005000.png
[step 5050] real_p1_mirror_hole_cov=0.0011 real_p1_eps=0.0024 real_p1_hole_frac=0.1237 real_p2_eps=0.1200 real_p2_hit=1.0000 real_p2_t=228.0000 real_p2_ldif=0.0491 real_p2_gen_adv=-0.4453 real_p2_lfm=0.0036 real_total=0.1343 discr_adv=1.1079 p2_d_real=0.2295 p2_d_fake=0.4453 g_grad_abs=1261.3475 d_grad_abs=2031.3840 synth_eps=0.0031 synth_eps_raw=0.0031 synth_x0_hit=0.0000 synth_total=0.0031 extra_render_attn_share=0.5140
[step 5100] real_p1_mirror_hole_cov=0.1879 real_p1_eps=0.0126 real_p1_hole_frac=0.3940 real_p2_eps=0.0702 real_p2_hit=0.0000 real_total=0.0829 synth_eps=0.2998 synth_eps_raw=0.2998 synth_x0_hit=1.0000 synth_x0_t=162.0000 synth_x0_ldif=0.0700 synth_x0_gen_adv=0.7967 synth_x0_lfm=0.0057 synth_total=0.4610 extra_render_attn_share=0.5140
[step 5150] real_p1_mirror_hole_cov=0.0034 real_p1_eps=0.0051 real_p1_hole_frac=0.0093 real_p2_eps=0.0291 real_p2_hit=0.0000 real_total=0.0343 discr_adv=0.9842 x0_d_real=-0.5354 x0_d_fake=-0.5670 g_grad_abs=431.2597 d_grad_abs=166.2432 synth_eps=0.0865 synth_eps_raw=0.0865 synth_x0_hit=0.0000 synth_total=0.0865 extra_render_attn_share=0.5140
[step 5200] real_p1_mirror_hole_cov=0.1630 real_p1_eps=0.2267 real_p1_hole_frac=0.1547 real_p2_eps=0.1522 real_p2_hit=1.0000 real_p2_t=238.0000 real_p2_ldif=0.0673 real_p2_gen_adv=0.3318 real_p2_lfm=0.0051 real_total=0.4896 discr_adv=1.9506 x0_d_real=-0.5762 x0_d_fake=-0.6040 p2_d_real=-0.2608 p2_d_fake=-0.3318 g_grad_abs=1465.7432 d_grad_abs=494.2585 synth_eps=0.1146 synth_eps_raw=0.1146 synth_x0_hit=0.0000 synth_total=0.1146 extra_render_attn_share=0.5140
[step 5250] real_p1_mirror_hole_cov=0.3421 real_p1_eps=0.0369 real_p1_hole_frac=0.3489 real_p2_eps=0.0201 real_p2_hit=0.0000 real_total=0.0570 synth_eps=0.0034 synth_eps_raw=0.0034 synth_x0_hit=0.0000 synth_total=0.0034 extra_render_attn_share=0.5140
[step 5300] real_p1_mirror_hole_cov=0.2207 real_p1_eps=0.0073 real_p1_hole_frac=0.3204 real_p2_eps=0.1082 real_p2_hit=0.0000 real_total=0.1155 discr_adv=0.9647 x0_d_real=-0.6742 x0_d_fake=-0.7468 g_grad_abs=589.4004 d_grad_abs=561.3349 synth_eps=0.0020 synth_eps_raw=0.0020 synth_x0_hit=0.0000 synth_total=0.0020 extra_render_attn_share=0.5140
[step 5350] real_p1_mirror_hole_cov=0.0508 real_p1_eps=0.1514 real_p1_hole_frac=0.3208 real_p2_eps=0.0265 real_p2_hit=0.0000 real_total=0.1779 synth_eps=0.0266 synth_eps_raw=0.0266 synth_x0_hit=0.0000 synth_total=0.0266 extra_render_attn_share=0.5140
[step 5400] real_p1_mirror_hole_cov=0.1448 real_p1_eps=0.3187 real_p1_hole_frac=0.3637 real_p2_eps=0.0413 real_p2_hit=0.0000 real_total=0.3600 synth_eps=0.0177 synth_eps_raw=0.0177 synth_x0_hit=0.0000 synth_total=0.0177 extra_render_attn_share=0.5140
[step 5450] real_p1_mirror_hole_cov=0.4055 real_p1_eps=0.3884 real_p1_hole_frac=0.7401 real_p2_eps=0.0026 real_p2_hit=0.0000 real_total=0.3910 synth_eps=0.0497 synth_eps_raw=0.0497 synth_x0_hit=0.0000 synth_total=0.0497 extra_render_attn_share=0.5140
[step 5500] real_p1_mirror_hole_cov=0.0970 real_p1_eps=0.1865 real_p1_hole_frac=0.1255 real_p2_eps=0.0029 real_p2_hit=0.0000 real_total=0.1893 synth_eps=0.1046 synth_eps_raw=0.1046 synth_x0_hit=0.0000 synth_total=0.1046 extra_render_attn_share=0.5140
[images] real: anchor | cond1 | cond2 | inv_warp_mirror | mask | mask_inv | warp_img | warp_warp_img | x | y_hat | y_hat_novel -> /home/xzy/warpgan-diffusiong-inpainting/warpgan-diffusion-inpainting-main/experiments/train_inpainting_diffusion/[20260915-085455]_v19_w6b_300k/logs/images/train/real_step0005500.png
[images] synth: cond | mask | target | warp_img | x | y_hat_novel -> /home/xzy/warpgan-diffusiong-inpainting/warpgan-diffusion-inpainting-main/experiments/train_inpainting_diffusion/[20260915-085455]_v19_w6b_300k/logs/images/train/synth_step0005500.png
[step 5550] real_p1_mirror_hole_cov=0.0062 real_p1_eps=0.0264 real_p1_hole_frac=0.1475 real_p2_eps=0.0279 real_p2_hit=0.0000 real_total=0.0542 synth_eps=0.0022 synth_eps_raw=0.0022 synth_x0_hit=0.0000 synth_total=0.0022 extra_render_attn_share=0.5140
[step 5600] real_p1_mirror_hole_cov=0.1778 real_p1_eps=0.4154 real_p1_hole_frac=0.3936 real_p2_eps=0.0015 real_p2_hit=0.0000 real_total=0.4169 discr_adv=0.9862 x0_d_real=0.2073 x0_d_fake=0.1797 g_grad_abs=1203.0282 d_grad_abs=202.1315 synth_eps=0.0046 synth_eps_raw=0.0046 synth_x0_hit=0.0000 synth_total=0.0046 extra_render_attn_share=0.5140
[step 5650] real_p1_mirror_hole_cov=0.1347 real_p1_eps=0.0512 real_p1_hole_frac=0.3491 real_p2_eps=0.0522 real_p2_hit=0.0000 real_total=0.1033 synth_eps=0.0293 synth_eps_raw=0.0293 synth_x0_hit=0.0000 synth_total=0.0293 extra_render_attn_share=0.5140
[step 5700] real_p1_mirror_hole_cov=0.0023 real_p1_eps=0.1802 real_p1_hole_frac=0.1759 real_p2_eps=0.0009 real_p2_hit=0.0000 real_total=0.1812 discr_adv=1.0003 x0_d_real=0.6274 x0_d_fake=0.6278 g_grad_abs=1050.8190 d_grad_abs=1237.1089 synth_eps=0.1066 synth_eps_raw=0.1066 synth_x0_hit=0.0000 synth_total=0.1066 extra_render_attn_share=0.5140
[step 5750] real_p1_mirror_hole_cov=0.3899 real_p1_eps=0.0750 real_p1_hole_frac=0.1306 real_p2_eps=0.1208 real_p2_hit=1.0000 real_p2_t=221.0000 real_p2_ldif=0.0468 real_p2_gen_adv=-0.4215 real_p2_lfm=0.0027 real_total=0.2060 discr_adv=1.0111 p2_d_real=0.3993 p2_d_fake=0.4215 g_grad_abs=1332.1724 d_grad_abs=308.9737 synth_eps=0.4136 synth_eps_raw=0.4136 synth_x0_hit=1.0000 synth_x0_t=116.0000 synth_x0_ldif=0.0597 synth_x0_gen_adv=-0.4679 synth_x0_lfm=0.0043 synth_total=0.4351 extra_render_attn_share=0.5140
[step 5800] real_p1_mirror_hole_cov=0.0124 real_p1_eps=0.0171 real_p1_hole_frac=0.1324 real_p2_eps=0.0485 real_p2_hit=0.0000 real_total=0.0656 synth_eps=0.0041 synth_eps_raw=0.0041 synth_x0_hit=0.0000 synth_total=0.0041 extra_render_attn_share=0.5140
[step 5850] real_p1_mirror_hole_cov=0.1525 real_p1_eps=0.0130 real_p1_hole_frac=0.3728 real_p2_eps=0.0070 real_p2_hit=0.0000 real_total=0.0200 discr_adv=0.9518 x0_d_real=-0.7206 x0_d_fake=-0.8194 g_grad_abs=224.3501 d_grad_abs=1176.9007 synth_eps=0.5673 synth_eps_raw=0.5673 synth_x0_hit=1.0000 synth_x0_t=38.0000 synth_x0_ldif=0.0212 synth_x0_gen_adv=0.7046 synth_x0_lfm=0.0018 synth_total=0.6627 extra_render_attn_share=0.5140
[step 5900] real_p1_mirror_hole_cov=0.0098 real_p1_eps=0.2542 real_p1_hole_frac=0.0804 real_p2_eps=0.0029 real_p2_hit=0.0000 real_total=0.2571 discr_adv=1.0130 x0_d_real=-0.8552 x0_d_fake=-0.8897 g_grad_abs=1104.3884 d_grad_abs=2470.0918 synth_eps=0.0243 synth_eps_raw=0.0243 synth_x0_hit=0.0000 synth_total=0.0243 extra_render_attn_share=0.5140
[step 5950] real_p1_mirror_hole_cov=0.2029 real_p1_eps=0.0066 real_p1_hole_frac=0.5356 real_p2_eps=0.1548 real_p2_hit=0.0000 real_total=0.1614 discr_adv=0.8553 x0_d_real=0.3629 x0_d_fake=0.0735 g_grad_abs=782.7747 d_grad_abs=2580.8136 synth_eps=0.0039 synth_eps_raw=0.0039 synth_x0_hit=0.0000 synth_total=0.0039 extra_render_attn_share=0.5140
[val step 5999] val_novel_full=0.0833 val_novel_hole=0.1135 val_novel_visible=0.0744
[step 6000] real_p1_mirror_hole_cov=0.0190 real_p1_eps=0.0023 real_p1_hole_frac=0.3192 real_p2_eps=0.0393 real_p2_hit=0.0000 real_total=0.0416 synth_eps=0.0814 synth_eps_raw=0.0814 synth_x0_hit=0.0000 synth_total=0.0814 extra_render_attn_share=0.5182
[images] real: anchor | cond1 | cond2 | inv_warp_mirror | mask | mask_inv | warp_img | warp_warp_img | x | y_hat | y_hat_novel -> /home/xzy/warpgan-diffusiong-inpainting/warpgan-diffusion-inpainting-main/experiments/train_inpainting_diffusion/[20260915-085455]_v19_w6b_300k/logs/images/train/real_step0006000.png
[images] synth: cond | mask | target | warp_img | x | y_hat_novel -> /home/xzy/warpgan-diffusiong-inpainting/warpgan-diffusion-inpainting-main/experiments/train_inpainting_diffusion/[20260915-085455]_v19_w6b_300k/logs/images/train/synth_step0006000.png
[step 6050] real_p1_mirror_hole_cov=0.0457 real_p1_eps=0.0183 real_p1_hole_frac=0.5277 real_p2_eps=0.0229 real_p2_hit=0.0000 real_total=0.0412 discr_adv=1.0277 x0_d_real=0.1981 x0_d_fake=0.2533 g_grad_abs=286.3030 d_grad_abs=680.0320 synth_eps=0.0270 synth_eps_raw=0.0270 synth_x0_hit=0.0000 synth_total=0.0270 extra_render_attn_share=0.5182
[step 6100] real_p1_mirror_hole_cov=0.1868 real_p1_eps=0.1409 real_p1_hole_frac=0.4825 real_p2_eps=0.4422 real_p2_hit=1.0000 real_p2_t=81.0000 real_p2_ldif=0.0400 real_p2_gen_adv=-0.6135 real_p2_lfm=0.0037 real_total=0.5691 discr_adv=0.9848 p2_d_real=0.6438 p2_d_fake=0.6135 g_grad_abs=1406.1915 d_grad_abs=483.6106 synth_eps=0.0111 synth_eps_raw=0.0111 synth_x0_hit=0.0000 synth_total=0.0111 extra_render_attn_share=0.5182
[step 6150] real_p1_mirror_hole_cov=0.1031 real_p1_eps=0.0005 real_p1_hole_frac=0.0516 real_p2_eps=0.1950 real_p2_hit=1.0000 real_p2_t=73.0000 real_p2_ldif=0.0155 real_p2_gen_adv=0.0363 real_p2_lfm=0.0019 real_total=0.2184 discr_adv=1.0681 p2_d_real=-0.1726 p2_d_fake=-0.0363 g_grad_abs=1025.4119 d_grad_abs=980.7222 synth_eps=0.0096 synth_eps_raw=0.0096 synth_x0_hit=0.0000 synth_total=0.0096 extra_render_attn_share=0.5182
[step 6200] real_p1_mirror_hole_cov=0.0165 real_p1_eps=0.0005 real_p1_hole_frac=0.0270 real_p2_eps=0.0291 real_p2_hit=0.0000 real_total=0.0297 discr_adv=0.9242 x0_d_real=0.6869 x0_d_fake=0.5353 g_grad_abs=325.5080 d_grad_abs=2150.9869 synth_eps=0.0060 synth_eps_raw=0.0060 synth_x0_hit=0.0000 synth_total=0.0060 extra_render_attn_share=0.5182
[step 6250] real_p1_mirror_hole_cov=0.0457 real_p1_eps=0.0048 real_p1_hole_frac=0.2378 real_p2_eps=0.0627 real_p2_hit=0.0000 real_total=0.0675 synth_eps=0.1078 synth_eps_raw=0.1078 synth_x0_hit=0.0000 synth_total=0.1078 extra_render_attn_share=0.5182
[step 6300] real_p1_mirror_hole_cov=0.3347 real_p1_eps=0.0022 real_p1_hole_frac=0.6093 real_p2_eps=0.0257 real_p2_hit=0.0000 real_total=0.0279 discr_adv=0.8862 x0_d_real=0.0100 x0_d_fake=-0.2176 g_grad_abs=233.4232 d_grad_abs=1235.0133 synth_eps=0.0229 synth_eps_raw=0.0229 synth_x0_hit=0.0000 synth_total=0.0229 extra_render_attn_share=0.5182
[step 6350] real_p1_mirror_hole_cov=0.2148 real_p1_eps=0.0093 real_p1_hole_frac=0.3800 real_p2_eps=0.0266 real_p2_hit=0.0000 real_total=0.0359 synth_eps=0.7413 synth_eps_raw=0.7413 synth_x0_hit=1.0000 synth_x0_t=15.0000 synth_x0_ldif=0.0106 synth_x0_gen_adv=0.4265 synth_x0_lfm=0.0014 synth_total=0.7974 extra_render_attn_share=0.5182
[step 6400] real_p1_mirror_hole_cov=0.0207 real_p1_eps=0.0332 real_p1_hole_frac=0.0465 real_p2_eps=0.0012 real_p2_hit=0.0000 real_total=0.0344 synth_eps=0.3826 synth_eps_raw=0.3826 synth_x0_hit=1.0000 synth_x0_t=110.0000 synth_x0_ldif=0.0514 synth_x0_gen_adv=-0.6269 synth_x0_lfm=0.0048 synth_total=0.3809 extra_render_attn_share=0.5182
[step 6450] real_p1_mirror_hole_cov=0.1286 real_p1_eps=0.0014 real_p1_hole_frac=0.1012 real_p2_eps=0.0709 real_p2_hit=0.0000 real_total=0.0722 synth_eps=0.0505 synth_eps_raw=0.0505 synth_x0_hit=0.0000 synth_total=0.0505 extra_render_attn_share=0.5182
[step 6500] real_p1_mirror_hole_cov=0.1664 real_p1_eps=0.0519 real_p1_hole_frac=0.3266 real_p2_eps=0.0030 real_p2_hit=0.0000 real_total=0.0549 synth_eps=0.0376 synth_eps_raw=0.0376 synth_x0_hit=0.0000 synth_total=0.0376 extra_render_attn_share=0.5182
[images] real: anchor | cond1 | cond2 | inv_warp_mirror | mask | mask_inv | warp_img | warp_warp_img | x | y_hat | y_hat_novel -> /home/xzy/warpgan-diffusiong-inpainting/warpgan-diffusion-inpainting-main/experiments/train_inpainting_diffusion/[20260915-085455]_v19_w6b_300k/logs/images/train/real_step0006500.png
[images] synth: cond | mask | target | warp_img | x | y_hat_novel -> /home/xzy/warpgan-diffusiong-inpainting/warpgan-diffusion-inpainting-main/experiments/train_inpainting_diffusion/[20260915-085455]_v19_w6b_300k/logs/images/train/synth_step0006500.png
[step 6550] real_p1_mirror_hole_cov=0.1735 real_p1_eps=0.0013 real_p1_hole_frac=0.0484 real_p2_eps=0.0014 real_p2_hit=0.0000 real_total=0.0027 synth_eps=0.1379 synth_eps_raw=0.1379 synth_x0_hit=0.0000 synth_total=0.1379 extra_render_attn_share=0.5182
[step 6600] real_p1_mirror_hole_cov=0.0843 real_p1_eps=0.0116 real_p1_hole_frac=0.0130 real_p2_eps=0.0039 real_p2_hit=0.0000 real_total=0.0155 synth_eps=0.8066 synth_eps_raw=0.8066 synth_x0_hit=1.0000 synth_x0_t=6.0000 synth_x0_ldif=0.0049 synth_x0_gen_adv=0.3122 synth_x0_lfm=0.0005 synth_total=0.8437 extra_render_attn_share=0.5182
[step 6650] real_p1_mirror_hole_cov=0.1867 real_p1_eps=0.0206 real_p1_hole_frac=0.2606 real_p2_eps=0.3281 real_p2_hit=1.0000 real_p2_t=66.0000 real_p2_ldif=0.0231 real_p2_gen_adv=-0.2953 real_p2_lfm=0.0020 real_total=0.3462 discr_adv=1.0040 p2_d_real=0.2876 p2_d_fake=0.2953 g_grad_abs=1229.6997 d_grad_abs=139.7117 synth_eps=0.0671 synth_eps_raw=0.0671 synth_x0_hit=0.0000 synth_total=0.0671 extra_render_attn_share=0.5182
[step 6700] real_p1_mirror_hole_cov=0.0691 real_p1_eps=0.0544 real_p1_hole_frac=0.0712 real_p2_eps=0.0019 real_p2_hit=0.0000 real_total=0.0563 synth_eps=0.0969 synth_eps_raw=0.0969 synth_x0_hit=0.0000 synth_total=0.0969 extra_render_attn_share=0.5182
[step 6750] real_p1_mirror_hole_cov=0.1138 real_p1_eps=0.0215 real_p1_hole_frac=0.2820 real_p2_eps=0.2198 real_p2_hit=1.0000 real_p2_t=214.0000 real_p2_ldif=0.0806 real_p2_gen_adv=-0.4206 real_p2_lfm=0.0077 real_total=0.2953 discr_adv=1.8538 x0_d_real=0.3964 x0_d_fake=0.2242 p2_d_real=0.5411 p2_d_fake=0.4206 g_grad_abs=1331.3873 d_grad_abs=2015.3631 synth_eps=0.1512 synth_eps_raw=0.1512 synth_x0_hit=0.0000 synth_total=0.1512 extra_render_attn_share=0.5182
[step 6800] real_p1_mirror_hole_cov=0.0041 real_p1_eps=0.0223 real_p1_hole_frac=0.2724 real_p2_eps=0.0325 real_p2_hit=0.0000 real_total=0.0548 synth_eps=0.0529 synth_eps_raw=0.0529 synth_x0_hit=0.0000 synth_total=0.0529 extra_render_attn_share=0.5182
[step 6850] real_p1_mirror_hole_cov=0.0952 real_p1_eps=0.0574 real_p1_hole_frac=0.1883 real_p2_eps=0.2311 real_p2_hit=1.0000 real_p2_t=157.0000 real_p2_ldif=0.0515 real_p2_gen_adv=0.1955 real_p2_lfm=0.0029 real_total=0.3652 discr_adv=1.0826 p2_d_real=-0.3607 p2_d_fake=-0.1955 g_grad_abs=1210.3982 d_grad_abs=2197.4132 synth_eps=0.4309 synth_eps_raw=0.4309 synth_x0_hit=1.0000 synth_x0_t=93.0000 synth_x0_ldif=0.0464 synth_x0_gen_adv=-0.0799 synth_x0_lfm=0.0024 synth_total=0.4742 extra_render_attn_share=0.5182
[step 6900] real_p1_mirror_hole_cov=0.0412 real_p1_eps=0.0023 real_p1_hole_frac=0.1861 real_p2_eps=0.0913 real_p2_hit=0.0000 real_total=0.0937 discr_adv=0.9823 x0_d_real=-0.6607 x0_d_fake=-0.7071 g_grad_abs=448.3128 d_grad_abs=625.0955 synth_eps=0.4251 synth_eps_raw=0.4251 synth_x0_hit=1.0000 synth_x0_t=60.0000 synth_x0_ldif=0.0267 synth_x0_gen_adv=0.4987 synth_x0_lfm=0.0019 synth_total=0.5054 extra_render_attn_share=0.5182
[step 6950] real_p1_mirror_hole_cov=0.3031 real_p1_eps=0.0053 real_p1_hole_frac=0.1937 real_p2_eps=0.1185 real_p2_hit=1.0000 real_p2_t=258.0000 real_p2_ldif=0.0609 real_p2_gen_adv=-0.1149 real_p2_lfm=0.0045 real_total=0.1821 discr_adv=1.2070 p2_d_real=-0.2990 p2_d_fake=0.1149 g_grad_abs=1796.1271 d_grad_abs=6119.6977 synth_eps=0.0496 synth_eps_raw=0.0496 synth_x0_hit=0.0000 synth_total=0.0496 extra_render_attn_share=0.5182
[step 7000] real_p1_mirror_hole_cov=0.0081 real_p1_eps=0.0482 real_p1_hole_frac=0.4040 real_p2_eps=0.0061 real_p2_hit=0.0000 real_total=0.0543 discr_adv=0.9542 x0_d_real=-0.4978 x0_d_fake=-0.5968 g_grad_abs=420.4044 d_grad_abs=2043.7408 synth_eps=0.3355 synth_eps_raw=0.3355 synth_x0_hit=1.0000 synth_x0_t=126.0000 synth_x0_ldif=0.0543 synth_x0_gen_adv=0.5276 synth_x0_lfm=0.0037 synth_total=0.4499 extra_render_attn_share=0.5182
[images] real: anchor | cond1 | cond2 | inv_warp_mirror | mask | mask_inv | warp_img | warp_warp_img | x | y_hat | y_hat_novel -> /home/xzy/warpgan-diffusiong-inpainting/warpgan-diffusion-inpainting-main/experiments/train_inpainting_diffusion/[20260915-085455]_v19_w6b_300k/logs/images/train/real_step0007000.png
[images] synth: cond | mask | target | warp_img | x | y_hat_novel -> /home/xzy/warpgan-diffusiong-inpainting/warpgan-diffusion-inpainting-main/experiments/train_inpainting_diffusion/[20260915-085455]_v19_w6b_300k/logs/images/train/synth_step0007000.png
[step 7050] real_p1_mirror_hole_cov=0.0033 real_p1_eps=0.0124 real_p1_hole_frac=0.1747 real_p2_eps=0.5636 real_p2_hit=1.0000 real_p2_t=8.0000 real_p2_ldif=0.0044 real_p2_gen_adv=0.0491 real_p2_lfm=0.0007 real_total=0.5867 discr_adv=1.0302 p2_d_real=-0.0461 p2_d_fake=-0.0491 g_grad_abs=1184.2531 d_grad_abs=636.0050 synth_eps=0.0918 synth_eps_raw=0.0918 synth_x0_hit=0.0000 synth_total=0.0918 extra_render_attn_share=0.5182
[step 7100] real_p1_mirror_hole_cov=0.2451 real_p1_eps=0.0037 real_p1_hole_frac=0.3257 real_p2_eps=0.0221 real_p2_hit=0.0000 real_total=0.0258 synth_eps=0.0042 synth_eps_raw=0.0042 synth_x0_hit=0.0000 synth_total=0.0042 extra_render_attn_share=0.5182
[step 7150] real_p1_mirror_hole_cov=0.1283 real_p1_eps=0.2136 real_p1_hole_frac=0.4545 real_p2_eps=0.1956 real_p2_hit=1.0000 real_p2_t=285.0000 real_p2_ldif=0.1221 real_p2_gen_adv=0.2644 real_p2_lfm=0.0071 real_total=0.5718 discr_adv=1.8252 x0_d_real=-0.6785 x0_d_fake=-0.6902 p2_d_real=0.0764 p2_d_fake=-0.2644 g_grad_abs=2693.6848 d_grad_abs=2275.8088 synth_eps=0.0050 synth_eps_raw=0.0050 synth_x0_hit=0.0000 synth_total=0.0050 extra_render_attn_share=0.5182
[step 7200] real_p1_mirror_hole_cov=0.0346 real_p1_eps=0.1439 real_p1_hole_frac=0.4332 real_p2_eps=0.0461 real_p2_hit=0.0000 real_total=0.1900 synth_eps=0.1078 synth_eps_raw=0.1078 synth_x0_hit=0.0000 synth_total=0.1078 extra_render_attn_share=0.5182
[step 7250] real_p1_mirror_hole_cov=0.0680 real_p1_eps=0.2009 real_p1_hole_frac=0.3362 real_p2_eps=0.0408 real_p2_hit=0.0000 real_total=0.2417 synth_eps=0.0033 synth_eps_raw=0.0033 synth_x0_hit=0.0000 synth_total=0.0033 extra_render_attn_share=0.5182
[step 7300] real_p1_mirror_hole_cov=0.0152 real_p1_eps=0.1142 real_p1_hole_frac=0.1162 real_p2_eps=0.2737 real_p2_hit=1.0000 real_p2_t=52.0000 real_p2_ldif=0.0146 real_p2_gen_adv=-0.5169 real_p2_lfm=0.0019 real_total=0.3547 discr_adv=0.9645 p2_d_real=0.5880 p2_d_fake=0.5169 g_grad_abs=1359.9838 d_grad_abs=897.1352 synth_eps=0.0453 synth_eps_raw=0.0453 synth_x0_hit=0.0000 synth_total=0.0453 extra_render_attn_share=0.5182
[step 7350] real_p1_mirror_hole_cov=0.0666 real_p1_eps=0.0942 real_p1_hole_frac=0.6529 real_p2_eps=0.0151 real_p2_hit=0.0000 real_total=0.1094 synth_eps=0.0022 synth_eps_raw=0.0022 synth_x0_hit=0.0000 synth_total=0.0022 extra_render_attn_share=0.5182
[step 7400] real_p1_mirror_hole_cov=0.0070 real_p1_eps=0.0026 real_p1_hole_frac=0.3398 real_p2_eps=0.0856 real_p2_hit=0.0000 real_total=0.0882 synth_eps=0.5982 synth_eps_raw=0.5982 synth_x0_hit=1.0000 synth_x0_t=28.0000 synth_x0_ldif=0.0161 synth_x0_gen_adv=0.3823 synth_x0_lfm=0.0016 synth_total=0.6558 extra_render_attn_share=0.5182
[step 7450] real_p1_mirror_hole_cov=0.1479 real_p1_eps=0.1619 real_p1_hole_frac=0.4405 real_p2_eps=0.1164 real_p2_hit=0.0000 real_total=0.2783 discr_adv=0.9568 x0_d_real=-0.5307 x0_d_fake=-0.6170 g_grad_abs=1089.1906 d_grad_abs=999.6746 synth_eps=0.0012 synth_eps_raw=0.0012 synth_x0_hit=0.0000 synth_total=0.0012 extra_render_attn_share=0.5182
[step 7500] real_p1_mirror_hole_cov=0.2140 real_p1_eps=0.1106 real_p1_hole_frac=0.4330 real_p2_eps=0.0302 real_p2_hit=0.0000 real_total=0.1408 discr_adv=0.9876 x0_d_real=0.6020 x0_d_fake=0.5771 g_grad_abs=653.8689 d_grad_abs=617.7242 synth_eps=0.5290 synth_eps_raw=0.5290 synth_x0_hit=1.0000 synth_x0_t=60.0000 synth_x0_ldif=0.0332 synth_x0_gen_adv=0.2535 synth_x0_lfm=0.0032 synth_total=0.5940 extra_render_attn_share=0.5182
[images] real: anchor | cond1 | cond2 | inv_warp_mirror | mask | mask_inv | warp_img | warp_warp_img | x | y_hat | y_hat_novel -> /home/xzy/warpgan-diffusiong-inpainting/warpgan-diffusion-inpainting-main/experiments/train_inpainting_diffusion/[20260915-085455]_v19_w6b_300k/logs/images/train/real_step0007500.png
[images] synth: cond | mask | target | warp_img | x | y_hat_novel -> /home/xzy/warpgan-diffusiong-inpainting/warpgan-diffusion-inpainting-main/experiments/train_inpainting_diffusion/[20260915-085455]_v19_w6b_300k/logs/images/train/synth_step0007500.png
[step 7550] real_p1_mirror_hole_cov=0.1399 real_p1_eps=0.0066 real_p1_hole_frac=0.3399 real_p2_eps=0.0089 real_p2_hit=0.0000 real_total=0.0155 synth_eps=0.1694 synth_eps_raw=0.1694 synth_x0_hit=0.0000 synth_total=0.1694 extra_render_attn_share=0.5182
[step 7600] real_p1_mirror_hole_cov=0.0622 real_p1_eps=0.0011 real_p1_hole_frac=0.0976 real_p2_eps=0.0028 real_p2_hit=0.0000 real_total=0.0038 synth_eps=0.0070 synth_eps_raw=0.0070 synth_x0_hit=0.0000 synth_total=0.0070 extra_render_attn_share=0.5182
[step 7650] real_p1_mirror_hole_cov=0.2758 real_p1_eps=0.1801 real_p1_hole_frac=0.0381 real_p2_eps=0.0014 real_p2_hit=0.0000 real_total=0.1815 discr_adv=0.9870 x0_d_real=-0.5906 x0_d_fake=-0.6165 g_grad_abs=844.0415 d_grad_abs=135.0358 synth_eps=0.0518 synth_eps_raw=0.0518 synth_x0_hit=0.0000 synth_total=0.0518 extra_render_attn_share=0.5182
[step 7700] real_p1_mirror_hole_cov=0.0308 real_p1_eps=0.0026 real_p1_hole_frac=0.0527 real_p2_eps=0.1356 real_p2_hit=1.0000 real_p2_t=114.0000 real_p2_ldif=0.0191 real_p2_gen_adv=0.2809 real_p2_lfm=0.0019 real_total=0.1893 discr_adv=1.9582 x0_d_real=-0.4884 x0_d_fake=-0.5596 p2_d_real=-0.2684 p2_d_fake=-0.2809 g_grad_abs=927.1402 d_grad_abs=319.0131 synth_eps=0.0012 synth_eps_raw=0.0012 synth_x0_hit=0.0000 synth_total=0.0012 extra_render_attn_share=0.5182
[step 7750] real_p1_mirror_hole_cov=0.0724 real_p1_eps=0.0203 real_p1_hole_frac=0.4751 real_p2_eps=0.0104 real_p2_hit=0.0000 real_total=0.0307 synth_eps=0.0076 synth_eps_raw=0.0076 synth_x0_hit=0.0000 synth_total=0.0076 extra_render_attn_share=0.5182
[step 7800] real_p1_mirror_hole_cov=0.0160 real_p1_eps=0.0134 real_p1_hole_frac=0.3533 real_p2_eps=0.2071 real_p2_hit=1.0000 real_p2_t=262.0000 real_p2_ldif=0.1096 real_p2_gen_adv=-0.1447 real_p2_lfm=0.0055 real_total=0.3267 discr_adv=0.6641 p2_d_real=0.8214 p2_d_fake=0.1447 g_grad_abs=2606.1605 d_grad_abs=8195.1507 synth_eps=0.3808 synth_eps_raw=0.3808 synth_x0_hit=1.0000 synth_x0_t=96.0000 synth_x0_ldif=0.0427 synth_x0_gen_adv=0.5997 synth_x0_lfm=0.0030 synth_total=0.4896 extra_render_attn_share=0.5182
[step 7850] real_p1_mirror_hole_cov=0.0739 real_p1_eps=0.0441 real_p1_hole_frac=0.2610 real_p2_eps=0.0061 real_p2_hit=0.0000 real_total=0.0502 synth_eps=0.1106 synth_eps_raw=0.1106 synth_x0_hit=0.0000 synth_total=0.1106 extra_render_attn_share=0.5182
[step 7900] real_p1_mirror_hole_cov=0.3161 real_p1_eps=0.0096 real_p1_hole_frac=0.2250 real_p2_eps=0.0037 real_p2_hit=0.0000 real_total=0.0133 synth_eps=0.2807 synth_eps_raw=0.2807 synth_x0_hit=1.0000 synth_x0_t=151.0000 synth_x0_ldif=0.0590 synth_x0_gen_adv=0.8147 synth_x0_lfm=0.0054 synth_total=0.4321 extra_render_attn_share=0.5182
[step 7950] real_p1_mirror_hole_cov=0.0162 real_p1_eps=0.0061 real_p1_hole_frac=0.1047 real_p2_eps=0.0010 real_p2_hit=0.0000 real_total=0.0071 synth_eps=0.1399 synth_eps_raw=0.1399 synth_x0_hit=0.0000 synth_total=0.1399 extra_render_attn_share=0.5182
[val step 7999] val_novel_full=0.0867 val_novel_hole=0.1307 val_novel_visible=0.0650
[step 8000] real_p1_mirror_hole_cov=0.0861 real_p1_eps=0.0025 real_p1_hole_frac=0.2321 real_p2_eps=0.0589 real_p2_hit=0.0000 real_total=0.0614 discr_adv=1.0182 x0_d_real=-0.0008 x0_d_fake=0.0346 g_grad_abs=491.5908 d_grad_abs=447.3949 synth_eps=0.3375 synth_eps_raw=0.3375 synth_x0_hit=1.0000 synth_x0_t=136.0000 synth_x0_ldif=0.0608 synth_x0_gen_adv=0.2017 synth_x0_lfm=0.0038 synth_total=0.4261 extra_render_attn_share=0.5216
[images] real: anchor | cond1 | cond2 | inv_warp_mirror | mask | mask_inv | warp_img | warp_warp_img | x | y_hat | y_hat_novel -> /home/xzy/warpgan-diffusiong-inpainting/warpgan-diffusion-inpainting-main/experiments/train_inpainting_diffusion/[20260915-085455]_v19_w6b_300k/logs/images/train/real_step0008000.png
[images] synth: cond | mask | target | warp_img | x | y_hat_novel -> /home/xzy/warpgan-diffusiong-inpainting/warpgan-diffusion-inpainting-main/experiments/train_inpainting_diffusion/[20260915-085455]_v19_w6b_300k/logs/images/train/synth_step0008000.png
[step 8050] real_p1_mirror_hole_cov=0.0141 real_p1_eps=0.1900 real_p1_hole_frac=0.2448 real_p2_eps=0.0263 real_p2_hit=0.0000 real_total=0.2162 synth_eps=0.3153 synth_eps_raw=0.3153 synth_x0_hit=1.0000 synth_x0_t=202.0000 synth_x0_ldif=0.1048 synth_x0_gen_adv=-0.1960 synth_x0_lfm=0.0074 synth_total=0.4152 extra_render_attn_share=0.5216
[step 8100] real_p1_mirror_hole_cov=0.2104 real_p1_eps=0.0496 real_p1_hole_frac=0.0544 real_p2_eps=0.0482 real_p2_hit=0.0000 real_total=0.0978 synth_eps=0.0316 synth_eps_raw=0.0316 synth_x0_hit=0.0000 synth_total=0.0316 extra_render_attn_share=0.5216
[step 8150] real_p1_mirror_hole_cov=0.1386 real_p1_eps=0.0028 real_p1_hole_frac=0.5221 real_p2_eps=0.1359 real_p2_hit=1.0000 real_p2_t=300.0000 real_p2_ldif=0.0943 real_p2_gen_adv=0.1206 real_p2_lfm=0.0048 real_total=0.2546 discr_adv=1.8111 x0_d_real=0.4738 x0_d_fake=0.4385 p2_d_real=0.2220 p2_d_fake=-0.1206 g_grad_abs=1432.3301 d_grad_abs=3144.8823 synth_eps=0.3579 synth_eps_raw=0.3579 synth_x0_hit=1.0000 synth_x0_t=124.0000 synth_x0_ldif=0.0566 synth_x0_gen_adv=-0.3263 synth_x0_lfm=0.0059 synth_total=0.3937 extra_render_attn_share=0.5216
[step 8200] real_p1_mirror_hole_cov=0.1353 real_p1_eps=0.0831 real_p1_hole_frac=0.3377 real_p2_eps=0.0588 real_p2_hit=0.0000 real_total=0.1420 synth_eps=0.0161 synth_eps_raw=0.0161 synth_x0_hit=0.0000 synth_total=0.0161 extra_render_attn_share=0.5216
[step 8250] real_p1_mirror_hole_cov=0.0849 real_p1_eps=0.0252 real_p1_hole_frac=0.0960 real_p2_eps=0.5387 real_p2_hit=1.0000 real_p2_t=13.0000 real_p2_ldif=0.0067 real_p2_gen_adv=-0.1599 real_p2_lfm=0.0008 real_total=0.5563 discr_adv=0.9900 p2_d_real=0.1800 p2_d_fake=0.1599 g_grad_abs=1450.5126 d_grad_abs=147.2010 synth_eps=0.3635 synth_eps_raw=0.3635 synth_x0_hit=1.0000 synth_x0_t=132.0000 synth_x0_ldif=0.0628 synth_x0_gen_adv=0.1379 synth_x0_lfm=0.0040 synth_total=0.4482 extra_render_attn_share=0.5216
[step 8300] real_p1_mirror_hole_cov=0.0669 real_p1_eps=0.0008 real_p1_hole_frac=0.1468 real_p2_eps=0.0198 real_p2_hit=0.0000 real_total=0.0206 synth_eps=0.2123 synth_eps_raw=0.2123 synth_x0_hit=1.0000 synth_x0_t=260.0000 synth_x0_ldif=0.1107 synth_x0_gen_adv=0.4756 synth_x0_lfm=0.0070 synth_total=0.3845 extra_render_attn_share=0.5216
[step 8350] real_p1_mirror_hole_cov=0.1630 real_p1_eps=0.0234 real_p1_hole_frac=0.3022 real_p2_eps=0.1206 real_p2_hit=0.0000 real_total=0.1440 synth_eps=0.0050 synth_eps_raw=0.0050 synth_x0_hit=0.0000 synth_total=0.0050 extra_render_attn_share=0.5216
[step 8400] real_p1_mirror_hole_cov=0.1515 real_p1_eps=0.0616 real_p1_hole_frac=0.2129 real_p2_eps=0.1618 real_p2_hit=1.0000 real_p2_t=270.0000 real_p2_ldif=0.0907 real_p2_gen_adv=-0.1626 real_p2_lfm=0.0045 real_total=0.3068 discr_adv=1.1295 p2_d_real=-0.0963 p2_d_fake=0.1626 g_grad_abs=2110.6732 d_grad_abs=2533.7509 synth_eps=0.1325 synth_eps_raw=0.1325 synth_x0_hit=0.0000 synth_total=0.1325 extra_render_attn_share=0.5216
[step 8450] real_p1_mirror_hole_cov=0.1734 real_p1_eps=0.8521 real_p1_hole_frac=0.2226 real_p2_eps=0.0478 real_p2_hit=0.0000 real_total=0.8999 discr_adv=0.9435 x0_d_real=-0.4933 x0_d_fake=-0.6064 g_grad_abs=1634.1434 d_grad_abs=638.6220 synth_eps=0.3427 synth_eps_raw=0.3427 synth_x0_hit=1.0000 synth_x0_t=164.0000 synth_x0_ldif=0.0816 synth_x0_gen_adv=0.5481 synth_x0_lfm=0.0059 synth_total=0.4909 extra_render_attn_share=0.5216
[step 8500] real_p1_mirror_hole_cov=0.0249 real_p1_eps=0.0442 real_p1_hole_frac=0.1139 real_p2_eps=0.0016 real_p2_hit=0.0000 real_total=0.0458 synth_eps=0.0012 synth_eps_raw=0.0012 synth_x0_hit=0.0000 synth_total=0.0012 extra_render_attn_share=0.5216
[images] real: anchor | cond1 | cond2 | inv_warp_mirror | mask | mask_inv | warp_img | warp_warp_img | x | y_hat | y_hat_novel -> /home/xzy/warpgan-diffusiong-inpainting/warpgan-diffusion-inpainting-main/experiments/train_inpainting_diffusion/[20260915-085455]_v19_w6b_300k/logs/images/train/real_step0008500.png
[images] synth: cond | mask | target | warp_img | x | y_hat_novel -> /home/xzy/warpgan-diffusiong-inpainting/warpgan-diffusion-inpainting-main/experiments/train_inpainting_diffusion/[20260915-085455]_v19_w6b_300k/logs/images/train/synth_step0008500.png
[step 8550] real_p1_mirror_hole_cov=0.1829 real_p1_eps=0.0108 real_p1_hole_frac=0.4485 real_p2_eps=0.0021 real_p2_hit=0.0000 real_total=0.0129 synth_eps=0.1020 synth_eps_raw=0.1020 synth_x0_hit=0.0000 synth_total=0.1020 extra_render_attn_share=0.5216
[step 8600] real_p1_mirror_hole_cov=0.0060 real_p1_eps=0.0347 real_p1_hole_frac=0.0906 real_p2_eps=0.0105 real_p2_hit=0.0000 real_total=0.0451 discr_adv=0.8798 x0_d_real=0.3279 x0_d_fake=0.0876 g_grad_abs=462.0422 d_grad_abs=2512.8877 synth_eps=0.0329 synth_eps_raw=0.0329 synth_x0_hit=0.0000 synth_total=0.0329 extra_render_attn_share=0.5216
[step 8650] real_p1_mirror_hole_cov=0.0133 real_p1_eps=0.0260 real_p1_hole_frac=0.1530 real_p2_eps=0.2620 real_p2_hit=1.0000 real_p2_t=60.0000 real_p2_ldif=0.0165 real_p2_gen_adv=0.0923 real_p2_lfm=0.0016 real_total=0.3170 discr_adv=2.0118 x0_d_real=-0.4936 x0_d_fake=-0.5041 p2_d_real=-0.1264 p2_d_fake=-0.0923 g_grad_abs=1117.2030 d_grad_abs=259.7299 synth_eps=0.0213 synth_eps_raw=0.0213 synth_x0_hit=0.0000 synth_total=0.0213 extra_render_attn_share=0.5216
[step 8700] real_p1_mirror_hole_cov=0.5605 real_p1_eps=0.1961 real_p1_hole_frac=0.4234 real_p2_eps=0.0561 real_p2_hit=0.0000 real_total=0.2521 synth_eps=0.7231 synth_eps_raw=0.7231 synth_x0_hit=1.0000 synth_x0_t=10.0000 synth_x0_ldif=0.0070 synth_x0_gen_adv=0.6634 synth_x0_lfm=0.0008 synth_total=0.7981 extra_render_attn_share=0.5216
[step 8750] real_p1_mirror_hole_cov=0.0143 real_p1_eps=0.0627 real_p1_hole_frac=0.1918 real_p2_eps=0.0687 real_p2_hit=0.0000 real_total=0.1315 discr_adv=1.0169 x0_d_real=0.1493 x0_d_fake=0.1832 g_grad_abs=702.8979 d_grad_abs=1568.5552 synth_eps=0.0037 synth_eps_raw=0.0037 synth_x0_hit=0.0000 synth_total=0.0037 extra_render_attn_share=0.5216
[step 8800] real_p1_mirror_hole_cov=0.5707 real_p1_eps=0.0971 real_p1_hole_frac=0.2904 real_p2_eps=0.3060 real_p2_hit=1.0000 real_p2_t=57.0000 real_p2_ldif=0.0181 real_p2_gen_adv=-0.1001 real_p2_lfm=0.0014 real_total=0.4140 discr_adv=0.9636 p2_d_real=0.1728 p2_d_fake=0.1001 g_grad_abs=1207.0965 d_grad_abs=535.9980 synth_eps=0.0857 synth_eps_raw=0.0857 synth_x0_hit=0.0000 synth_total=0.0857 extra_render_attn_share=0.5216
[step 8850] real_p1_mirror_hole_cov=0.0113 real_p1_eps=0.0067 real_p1_hole_frac=0.0778 real_p2_eps=0.0607 real_p2_hit=1.0000 real_p2_t=266.0000 real_p2_ldif=0.0330 real_p2_gen_adv=-0.2956 real_p2_lfm=0.0010 real_total=0.0729 discr_adv=2.3070 x0_d_real=-0.4917 x0_d_fake=-0.1948 p2_d_real=-0.0173 p2_d_fake=0.2956 g_grad_abs=964.7939 d_grad_abs=3784.1375 synth_eps=0.8944 synth_eps_raw=0.8944 synth_x0_hit=1.0000 synth_x0_t=2.0000 synth_x0_ldif=0.0023 synth_x0_gen_adv=-0.7338 synth_x0_lfm=0.0005 synth_total=0.8244 extra_render_attn_share=0.5216
[step 8900] real_p1_mirror_hole_cov=0.1361 real_p1_eps=0.1381 real_p1_hole_frac=0.1043 real_p2_eps=0.0020 real_p2_hit=0.0000 real_total=0.1401 synth_eps=0.1450 synth_eps_raw=0.1450 synth_x0_hit=0.0000 synth_total=0.1450 extra_render_attn_share=0.5216
[step 8950] real_p1_mirror_hole_cov=0.1708 real_p1_eps=0.0335 real_p1_hole_frac=0.4102 real_p2_eps=0.0356 real_p2_hit=0.0000 real_total=0.0691 synth_eps=0.0263 synth_eps_raw=0.0263 synth_x0_hit=0.0000 synth_total=0.0263 extra_render_attn_share=0.5216
[step 9000] real_p1_mirror_hole_cov=0.2751 real_p1_eps=0.0400 real_p1_hole_frac=0.4522 real_p2_eps=0.1030 real_p2_hit=0.0000 real_total=0.1430 discr_adv=0.9578 x0_d_real=-0.1526 x0_d_fake=-0.2370 g_grad_abs=619.2875 d_grad_abs=481.2367 synth_eps=0.0364 synth_eps_raw=0.0364 synth_x0_hit=0.0000 synth_total=0.0364 extra_render_attn_share=0.5216
[images] real: anchor | cond1 | cond2 | inv_warp_mirror | mask | mask_inv | warp_img | warp_warp_img | x | y_hat | y_hat_novel -> /home/xzy/warpgan-diffusiong-inpainting/warpgan-diffusion-inpainting-main/experiments/train_inpainting_diffusion/[20260915-085455]_v19_w6b_300k/logs/images/train/real_step0009000.png
[images] synth: cond | mask | target | warp_img | x | y_hat_novel -> /home/xzy/warpgan-diffusiong-inpainting/warpgan-diffusion-inpainting-main/experiments/train_inpainting_diffusion/[20260915-085455]_v19_w6b_300k/logs/images/train/synth_step0009000.png
[step 9050] real_p1_mirror_hole_cov=0.1991 real_p1_eps=0.1440 real_p1_hole_frac=0.5533 real_p2_eps=0.2171 real_p2_hit=1.0000 real_p2_t=219.0000 real_p2_ldif=0.0828 real_p2_gen_adv=0.0145 real_p2_lfm=0.0047 real_total=0.4548 discr_adv=0.9554 p2_d_real=0.0748 p2_d_fake=-0.0145 g_grad_abs=1613.8211 d_grad_abs=479.8452 synth_eps=0.0555 synth_eps_raw=0.0555 synth_x0_hit=0.0000 synth_total=0.0555 extra_render_attn_share=0.5216
[step 9100] real_p1_mirror_hole_cov=0.0881 real_p1_eps=0.0018 real_p1_hole_frac=0.1018 real_p2_eps=0.0472 real_p2_hit=0.0000 real_total=0.0490 synth_eps=0.0986 synth_eps_raw=0.0986 synth_x0_hit=0.0000 synth_total=0.0986 extra_render_attn_share=0.5216
[step 9150] real_p1_mirror_hole_cov=0.2028 real_p1_eps=0.0068 real_p1_hole_frac=0.2966 real_p2_eps=0.0023 real_p2_hit=0.0000 real_total=0.0092 discr_adv=1.0839 x0_d_real=-0.5558 x0_d_fake=-0.3881 g_grad_abs=152.7174 d_grad_abs=986.1392 synth_eps=0.0060 synth_eps_raw=0.0060 synth_x0_hit=0.0000 synth_total=0.0060 extra_render_attn_share=0.5216
[step 9200] real_p1_mirror_hole_cov=0.0966 real_p1_eps=0.0025 real_p1_hole_frac=0.4636 real_p2_eps=0.0552 real_p2_hit=0.0000 real_total=0.0578 synth_eps=0.1561 synth_eps_raw=0.1561 synth_x0_hit=0.0000 synth_total=0.1561 extra_render_attn_share=0.5216
[step 9250] real_p1_mirror_hole_cov=0.0448 real_p1_eps=0.0441 real_p1_hole_frac=0.1784 real_p2_eps=0.0201 real_p2_hit=0.0000 real_total=0.0642 synth_eps=0.0686 synth_eps_raw=0.0686 synth_x0_hit=0.0000 synth_total=0.0686 extra_render_attn_share=0.5216
[step 9300] real_p1_mirror_hole_cov=0.0374 real_p1_eps=0.0239 real_p1_hole_frac=0.4500 real_p2_eps=0.0594 real_p2_hit=0.0000 real_total=0.0832 synth_eps=0.3718 synth_eps_raw=0.3718 synth_x0_hit=1.0000 synth_x0_t=118.0000 synth_x0_ldif=0.0549 synth_x0_gen_adv=0.4417 synth_x0_lfm=0.0044 synth_total=0.4796 extra_render_attn_share=0.5216
[step 9350] real_p1_mirror_hole_cov=0.0986 real_p1_eps=0.0276 real_p1_hole_frac=0.1162 real_p2_eps=0.0677 real_p2_hit=0.0000 real_total=0.0953 discr_adv=0.9808 x0_d_real=-0.5191 x0_d_fake=-0.5575 g_grad_abs=732.0616 d_grad_abs=237.2415 synth_eps=0.0351 synth_eps_raw=0.0351 synth_x0_hit=0.0000 synth_total=0.0351 extra_render_attn_share=0.5216
[step 9400] real_p1_mirror_hole_cov=0.0024 real_p1_eps=0.1725 real_p1_hole_frac=0.0464 real_p2_eps=0.0029 real_p2_hit=0.0000 real_total=0.1754 synth_eps=0.0316 synth_eps_raw=0.0316 synth_x0_hit=0.0000 synth_total=0.0316 extra_render_attn_share=0.5216
[step 9450] real_p1_mirror_hole_cov=0.0017 real_p1_eps=0.0019 real_p1_hole_frac=0.2620 real_p2_eps=0.0016 real_p2_hit=0.0000 real_total=0.0034 synth_eps=0.7233 synth_eps_raw=0.7233 synth_x0_hit=1.0000 synth_x0_t=19.0000 synth_x0_ldif=0.0131 synth_x0_gen_adv=0.4609 synth_x0_lfm=0.0017 synth_total=0.7858 extra_render_attn_share=0.5216
[step 9500] real_p1_mirror_hole_cov=0.2157 real_p1_eps=0.0418 real_p1_hole_frac=0.2050 real_p2_eps=0.0775 real_p2_hit=0.0000 real_total=0.1193 synth_eps=0.3318 synth_eps_raw=0.3318 synth_x0_hit=1.0000 synth_x0_t=116.0000 synth_x0_ldif=0.0479 synth_x0_gen_adv=-0.0604 synth_x0_lfm=0.0056 synth_total=0.3847 extra_render_attn_share=0.5216
[images] real: anchor | cond1 | cond2 | inv_warp_mirror | mask | mask_inv | warp_img | warp_warp_img | x | y_hat | y_hat_novel -> /home/xzy/warpgan-diffusiong-inpainting/warpgan-diffusion-inpainting-main/experiments/train_inpainting_diffusion/[20260915-085455]_v19_w6b_300k/logs/images/train/real_step0009500.png
[images] synth: cond | mask | target | warp_img | x | y_hat_novel -> /home/xzy/warpgan-diffusiong-inpainting/warpgan-diffusion-inpainting-main/experiments/train_inpainting_diffusion/[20260915-085455]_v19_w6b_300k/logs/images/train/synth_step0009500.png
[step 9550] real_p1_mirror_hole_cov=0.1135 real_p1_eps=0.5868 real_p1_hole_frac=0.3723 real_p2_eps=0.0070 real_p2_hit=0.0000 real_total=0.5938 synth_eps=0.1539 synth_eps_raw=0.1539 synth_x0_hit=0.0000 synth_total=0.1539 extra_render_attn_share=0.5216
[step 9600] real_p1_mirror_hole_cov=0.3806 real_p1_eps=0.0110 real_p1_hole_frac=0.1783 real_p2_eps=0.1170 real_p2_hit=0.0000 real_total=0.1280 synth_eps=0.0035 synth_eps_raw=0.0035 synth_x0_hit=0.0000 synth_total=0.0035 extra_render_attn_share=0.5216
[step 9650] real_p1_mirror_hole_cov=0.1538 real_p1_eps=0.0035 real_p1_hole_frac=0.5632 real_p2_eps=0.0039 real_p2_hit=0.0000 real_total=0.0074 synth_eps=0.4329 synth_eps_raw=0.4329 synth_x0_hit=1.0000 synth_x0_t=97.0000 synth_x0_ldif=0.0492 synth_x0_gen_adv=0.5828 synth_x0_lfm=0.0053 synth_total=0.5510 extra_render_attn_share=0.5216
[step 9700] real_p1_mirror_hole_cov=0.0032 real_p1_eps=0.0024 real_p1_hole_frac=0.1766 real_p2_eps=0.0166 real_p2_hit=0.0000 real_total=0.0190 synth_eps=0.0256 synth_eps_raw=0.0256 synth_x0_hit=0.0000 synth_total=0.0256 extra_render_attn_share=0.5216
[step 9750] real_p1_mirror_hole_cov=0.1528 real_p1_eps=0.0015 real_p1_hole_frac=0.3453 real_p2_eps=0.0273 real_p2_hit=0.0000 real_total=0.0288 discr_adv=0.9506 x0_d_real=0.2179 x0_d_fake=0.1191 g_grad_abs=327.2919 d_grad_abs=526.3740 synth_eps=0.0031 synth_eps_raw=0.0031 synth_x0_hit=0.0000 synth_total=0.0031 extra_render_attn_share=0.5216
[step 9800] real_p1_mirror_hole_cov=0.0104 real_p1_eps=0.0216 real_p1_hole_frac=0.1135 real_p2_eps=0.0211 real_p2_hit=0.0000 real_total=0.0427 discr_adv=0.9687 x0_d_real=0.1292 x0_d_fake=0.0663 g_grad_abs=453.3852 d_grad_abs=425.5504 synth_eps=0.0086 synth_eps_raw=0.0086 synth_x0_hit=0.0000 synth_total=0.0086 extra_render_attn_share=0.5216
[step 9850] real_p1_mirror_hole_cov=0.0643 real_p1_eps=0.0006 real_p1_hole_frac=0.1901 real_p2_eps=0.2306 real_p2_hit=1.0000 real_p2_t=141.0000 real_p2_ldif=0.0438 real_p2_gen_adv=-0.6179 real_p2_lfm=0.0030 real_total=0.2192 discr_adv=1.9109 x0_d_real=-0.3886 x0_d_fake=-0.5584 p2_d_real=0.6313 p2_d_fake=0.6179 g_grad_abs=1216.1397 d_grad_abs=1073.6174 synth_eps=0.0483 synth_eps_raw=0.0483 synth_x0_hit=0.0000 synth_total=0.0483 extra_render_attn_share=0.5216
[step 9900] real_p1_mirror_hole_cov=0.0927 real_p1_eps=0.0145 real_p1_hole_frac=0.0553 real_p2_eps=0.0084 real_p2_hit=0.0000 real_total=0.0229 synth_eps=0.0055 synth_eps_raw=0.0055 synth_x0_hit=0.0000 synth_total=0.0055 extra_render_attn_share=0.5216
[step 9950] real_p1_mirror_hole_cov=0.0901 real_p1_eps=0.2204 real_p1_hole_frac=0.4768 real_p2_eps=0.3530 real_p2_hit=1.0000 real_p2_t=107.0000 real_p2_ldif=0.0457 real_p2_gen_adv=0.7614 real_p2_lfm=0.0032 real_total=0.7016 discr_adv=1.0093 p2_d_real=-0.7449 p2_d_fake=-0.7614 g_grad_abs=1516.7100 d_grad_abs=509.3607 synth_eps=0.0823 synth_eps_raw=0.0823 synth_x0_hit=0.0000 synth_total=0.0823 extra_render_attn_share=0.5216
[ckpt] saved /home/xzy/warpgan-diffusiong-inpainting/warpgan-diffusion-inpainting-main/experiments/train_inpainting_diffusion/[20260915-085455]_v19_w6b_300k/checkpoints/iteration_0009999.pt
[val step 9999] val_novel_full=0.0644 val_novel_hole=0.1083 val_novel_visible=0.0536
[step 10000] real_p1_mirror_hole_cov=0.1206 real_p1_eps=0.1022 real_p1_hole_frac=0.1509 real_p2_eps=0.0750 real_p2_hit=0.0000 real_total=0.1772 synth_eps=0.8238 synth_eps_raw=0.8238 synth_x0_hit=1.0000 synth_x0_t=8.0000 synth_x0_ldif=0.0065 synth_x0_gen_adv=0.1968 synth_x0_lfm=0.0007 synth_total=0.8513 extra_render_attn_share=0.5263
[images] real: anchor | cond1 | cond2 | inv_warp_mirror | mask | mask_inv | warp_img | warp_warp_img | x | y_hat | y_hat_novel -> /home/xzy/warpgan-diffusiong-inpainting/warpgan-diffusion-inpainting-main/experiments/train_inpainting_diffusion/[20260915-085455]_v19_w6b_300k/logs/images/train/real_step0010000.png
[images] synth: cond | mask | target | warp_img | x | y_hat_novel -> /home/xzy/warpgan-diffusiong-inpainting/warpgan-diffusion-inpainting-main/experiments/train_inpainting_diffusion/[20260915-085455]_v19_w6b_300k/logs/images/train/synth_step0010000.png
[step 10050] real_p1_mirror_hole_cov=0.0436 real_p1_eps=0.2869 real_p1_hole_frac=0.1551 real_p2_eps=0.2561 real_p2_hit=1.0000 real_p2_t=95.0000 real_p2_ldif=0.0283 real_p2_gen_adv=-0.6391 real_p2_lfm=0.0027 real_total=0.5129 discr_adv=0.9929 p2_d_real=0.6534 p2_d_fake=0.6391 g_grad_abs=1766.8900 d_grad_abs=268.3838 synth_eps=0.0953 synth_eps_raw=0.0953 synth_x0_hit=0.0000 synth_total=0.0953 extra_render_attn_share=0.5263
[step 10100] real_p1_mirror_hole_cov=0.1151 real_p1_eps=0.0324 real_p1_hole_frac=0.2898 real_p2_eps=0.0525 real_p2_hit=0.0000 real_total=0.0849 discr_adv=0.9887 x0_d_real=0.0195 x0_d_fake=-0.0035 g_grad_abs=598.8902 d_grad_abs=400.0341 synth_eps=0.5275 synth_eps_raw=0.5275 synth_x0_hit=1.0000 synth_x0_t=41.0000 synth_x0_ldif=0.0215 synth_x0_gen_adv=0.7774 synth_x0_lfm=0.0024 synth_total=0.6315 extra_render_attn_share=0.5263
[step 10150] real_p1_mirror_hole_cov=0.0294 real_p1_eps=0.1903 real_p1_hole_frac=0.0749 real_p2_eps=0.0298 real_p2_hit=0.0000 real_total=0.2201 discr_adv=0.9921 x0_d_real=-0.5821 x0_d_fake=-0.5979 g_grad_abs=1205.6609 d_grad_abs=95.9568 synth_eps=0.0195 synth_eps_raw=0.0195 synth_x0_hit=0.0000 synth_total=0.0195 extra_render_attn_share=0.5263
[step 10200] real_p1_mirror_hole_cov=0.0881 real_p1_eps=0.1280 real_p1_hole_frac=0.1903 real_p2_eps=0.0051 real_p2_hit=0.0000 real_total=0.1331 synth_eps=0.4229 synth_eps_raw=0.4229 synth_x0_hit=1.0000 synth_x0_t=100.0000 synth_x0_ldif=0.0500 synth_x0_gen_adv=0.7351 synth_x0_lfm=0.0051 synth_total=0.5568 extra_render_attn_share=0.5263
[step 10250] real_p1_mirror_hole_cov=0.1354 real_p1_eps=0.0787 real_p1_hole_frac=0.2320 real_p2_eps=0.2088 real_p2_hit=1.0000 real_p2_t=146.0000 real_p2_ldif=0.0417 real_p2_gen_adv=0.5889 real_p2_lfm=0.0043 real_total=0.3966 discr_adv=1.9767 x0_d_real=-0.5579 x0_d_fake=-0.5919 p2_d_real=-0.5761 p2_d_fake=-0.5889 g_grad_abs=1372.9223 d_grad_abs=244.8756 synth_eps=0.7025 synth_eps_raw=0.7025 synth_x0_hit=1.0000 synth_x0_t=20.0000 synth_x0_ldif=0.0134 synth_x0_gen_adv=0.6357 synth_x0_lfm=0.0010 synth_total=0.7814 extra_render_attn_share=0.5263
[step 10300] real_p1_mirror_hole_cov=0.1610 real_p1_eps=0.0053 real_p1_hole_frac=0.0767 real_p2_eps=0.0347 real_p2_hit=0.0000 real_total=0.0400 synth_eps=0.0068 synth_eps_raw=0.0068 synth_x0_hit=0.0000 synth_total=0.0068 extra_render_attn_share=0.5263
[step 10350] real_p1_mirror_hole_cov=0.1962 real_p1_eps=0.0152 real_p1_hole_frac=0.3654 real_p2_eps=0.6820 real_p2_hit=1.0000 real_p2_t=17.0000 real_p2_ldif=0.0110 real_p2_gen_adv=0.3956 real_p2_lfm=0.0008 real_total=0.7495 discr_adv=0.9875 p2_d_real=-0.3707 p2_d_fake=-0.3956 g_grad_abs=1102.2233 d_grad_abs=102.5432 synth_eps=0.1767 synth_eps_raw=0.1767 synth_x0_hit=1.0000 synth_x0_t=262.0000 synth_x0_ldif=0.0935 synth_x0_gen_adv=0.6877 synth_x0_lfm=0.0060 synth_total=0.3509 extra_render_attn_share=0.5263
[step 10400] real_p1_mirror_hole_cov=0.1672 real_p1_eps=0.0055 real_p1_hole_frac=0.1939 real_p2_eps=0.1091 real_p2_hit=0.0000 real_total=0.1146 discr_adv=0.9086 x0_d_real=-0.5702 x0_d_fake=-0.7605 g_grad_abs=538.7375 d_grad_abs=1169.6710 synth_eps=0.0984 synth_eps_raw=0.0984 synth_x0_hit=0.0000 synth_total=0.0984 extra_render_attn_share=0.5263
[step 10450] real_p1_mirror_hole_cov=0.0155 real_p1_eps=0.0022 real_p1_hole_frac=0.2976 real_p2_eps=0.0142 real_p2_hit=0.0000 real_total=0.0164 synth_eps=0.0784 synth_eps_raw=0.0784 synth_x0_hit=0.0000 synth_total=0.0784 extra_render_attn_share=0.5263
[step 10500] real_p1_mirror_hole_cov=0.0626 real_p1_eps=0.0015 real_p1_hole_frac=0.2202 real_p2_eps=0.0016 real_p2_hit=0.0000 real_total=0.0031 discr_adv=1.0324 x0_d_real=0.6103 x0_d_fake=0.6626 g_grad_abs=100.5309 d_grad_abs=832.8072 synth_eps=0.0322 synth_eps_raw=0.0322 synth_x0_hit=0.0000 synth_total=0.0322 extra_render_attn_share=0.5263
[images] real: anchor | cond1 | cond2 | inv_warp_mirror | mask | mask_inv | warp_img | warp_warp_img | x | y_hat | y_hat_novel -> /home/xzy/warpgan-diffusiong-inpainting/warpgan-diffusion-inpainting-main/experiments/train_inpainting_diffusion/[20260915-085455]_v19_w6b_300k/logs/images/train/real_step0010500.png
[images] synth: cond | mask | target | warp_img | x | y_hat_novel -> /home/xzy/warpgan-diffusiong-inpainting/warpgan-diffusion-inpainting-main/experiments/train_inpainting_diffusion/[20260915-085455]_v19_w6b_300k/logs/images/train/synth_step0010500.png
[step 10550] real_p1_mirror_hole_cov=0.2702 real_p1_eps=0.0984 real_p1_hole_frac=0.3791 real_p2_eps=0.0012 real_p2_hit=0.0000 real_total=0.0996 discr_adv=0.8188 x0_d_real=0.6120 x0_d_fake=0.2416 g_grad_abs=612.1744 d_grad_abs=3248.1515 synth_eps=0.3333 synth_eps_raw=0.3333 synth_x0_hit=1.0000 synth_x0_t=142.0000 synth_x0_ldif=0.0640 synth_x0_gen_adv=-0.3370 synth_x0_lfm=0.0055 synth_total=0.3747 extra_render_attn_share=0.5263
[step 10600] real_p1_mirror_hole_cov=0.1023 real_p1_eps=0.2778 real_p1_hole_frac=0.1614 real_p2_eps=0.0326 real_p2_hit=0.0000 real_total=0.3104 discr_adv=0.9488 x0_d_real=0.1113 x0_d_fake=0.0028 g_grad_abs=1016.9920 d_grad_abs=1116.5617 synth_eps=0.0068 synth_eps_raw=0.0068 synth_x0_hit=0.0000 synth_total=0.0068 extra_render_attn_share=0.5263
[step 10650] real_p1_mirror_hole_cov=0.1852 real_p1_eps=0.0276 real_p1_hole_frac=0.0366 real_p2_eps=0.0006 real_p2_hit=0.0000 real_total=0.0281 synth_eps=0.2822 synth_eps_raw=0.2822 synth_x0_hit=1.0000 synth_x0_t=177.0000 synth_x0_ldif=0.0756 synth_x0_gen_adv=0.1631 synth_x0_lfm=0.0064 synth_total=0.3870 extra_render_attn_share=0.5263
[step 10700] real_p1_mirror_hole_cov=0.0547 real_p1_eps=0.0067 real_p1_hole_frac=0.3635 real_p2_eps=0.1763 real_p2_hit=1.0000 real_p2_t=266.0000 real_p2_ldif=0.0960 real_p2_gen_adv=-0.3112 real_p2_lfm=0.0041 real_total=0.2561 discr_adv=0.9587 p2_d_real=0.3938 p2_d_fake=0.3112 g_grad_abs=1325.8291 d_grad_abs=1020.3985 synth_eps=0.0831 synth_eps_raw=0.0831 synth_x0_hit=0.0000 synth_total=0.0831 extra_render_attn_share=0.5263
[step 10750] real_p1_mirror_hole_cov=0.0087 real_p1_eps=0.0093 real_p1_hole_frac=0.0569 real_p2_eps=0.0095 real_p2_hit=0.0000 real_total=0.0188 synth_eps=0.0074 synth_eps_raw=0.0074 synth_x0_hit=0.0000 synth_total=0.0074 extra_render_attn_share=0.5263
[step 10800] real_p1_mirror_hole_cov=0.0357 real_p1_eps=0.0081 real_p1_hole_frac=0.6157 real_p2_eps=0.1238 real_p2_hit=0.0000 real_total=0.1319 synth_eps=0.0073 synth_eps_raw=0.0073 synth_x0_hit=0.0000 synth_total=0.0073 extra_render_attn_share=0.5263
[step 10850] real_p1_mirror_hole_cov=0.0234 real_p1_eps=0.3007 real_p1_hole_frac=0.0815 real_p2_eps=0.0038 real_p2_hit=0.0000 real_total=0.3044 synth_eps=0.0520 synth_eps_raw=0.0520 synth_x0_hit=0.0000 synth_total=0.0520 extra_render_attn_share=0.5263
[step 10900] real_p1_mirror_hole_cov=0.0761 real_p1_eps=0.0171 real_p1_hole_frac=0.2249 real_p2_eps=0.0013 real_p2_hit=0.0000 real_total=0.0184 synth_eps=0.0240 synth_eps_raw=0.0240 synth_x0_hit=0.0000 synth_total=0.0240 extra_render_attn_share=0.5263
[step 10950] real_p1_mirror_hole_cov=0.1219 real_p1_eps=0.4399 real_p1_hole_frac=0.1202 real_p2_eps=0.0297 real_p2_hit=0.0000 real_total=0.4696 synth_eps=0.0093 synth_eps_raw=0.0093 synth_x0_hit=0.0000 synth_total=0.0093 extra_render_attn_share=0.5263
[step 11000] real_p1_mirror_hole_cov=0.1590 real_p1_eps=0.2402 real_p1_hole_frac=0.3894 real_p2_eps=0.1136 real_p2_hit=0.0000 real_total=0.3537 synth_eps=0.0298 synth_eps_raw=0.0298 synth_x0_hit=0.0000 synth_total=0.0298 extra_render_attn_share=0.5263
[images] real: anchor | cond1 | cond2 | inv_warp_mirror | mask | mask_inv | warp_img | warp_warp_img | x | y_hat | y_hat_novel -> /home/xzy/warpgan-diffusiong-inpainting/warpgan-diffusion-inpainting-main/experiments/train_inpainting_diffusion/[20260915-085455]_v19_w6b_300k/logs/images/train/real_step0011000.png
[images] synth: cond | mask | target | warp_img | x | y_hat_novel -> /home/xzy/warpgan-diffusiong-inpainting/warpgan-diffusion-inpainting-main/experiments/train_inpainting_diffusion/[20260915-085455]_v19_w6b_300k/logs/images/train/synth_step0011000.png
[step 11050] real_p1_mirror_hole_cov=0.0256 real_p1_eps=0.1380 real_p1_hole_frac=0.4856 real_p2_eps=0.0851 real_p2_hit=0.0000 real_total=0.2231 synth_eps=0.0032 synth_eps_raw=0.0032 synth_x0_hit=0.0000 synth_total=0.0032 extra_render_attn_share=0.5263
[step 11100] real_p1_mirror_hole_cov=0.0332 real_p1_eps=0.0044 real_p1_hole_frac=0.0888 real_p2_eps=0.2771 real_p2_hit=1.0000 real_p2_t=47.0000 real_p2_ldif=0.0131 real_p2_gen_adv=-0.4927 real_p2_lfm=0.0006 real_total=0.2466 discr_adv=1.8710 x0_d_real=0.2178 x0_d_fake=-0.0564 p2_d_real=0.4765 p2_d_fake=0.4927 g_grad_abs=1057.3412 d_grad_abs=2911.4927 synth_eps=0.0405 synth_eps_raw=0.0405 synth_x0_hit=0.0000 synth_total=0.0405 extra_render_attn_share=0.5263
[step 11150] real_p1_mirror_hole_cov=0.1903 real_p1_eps=0.0383 real_p1_hole_frac=0.0141 real_p2_eps=0.0014 real_p2_hit=0.0000 real_total=0.0397 synth_eps=0.5034 synth_eps_raw=0.5034 synth_x0_hit=1.0000 synth_x0_t=49.0000 synth_x0_ldif=0.0250 synth_x0_gen_adv=0.3999 synth_x0_lfm=0.0039 synth_total=0.5763 extra_render_attn_share=0.5263
[step 11200] real_p1_mirror_hole_cov=0.0843 real_p1_eps=0.1058 real_p1_hole_frac=0.3343 real_p2_eps=0.4590 real_p2_hit=1.0000 real_p2_t=58.0000 real_p2_ldif=0.0277 real_p2_gen_adv=-0.3895 real_p2_lfm=0.0032 real_total=0.5601 discr_adv=0.9549 p2_d_real=0.4798 p2_d_fake=0.3895 g_grad_abs=1550.4228 d_grad_abs=772.7757 synth_eps=0.0621 synth_eps_raw=0.0621 synth_x0_hit=0.0000 synth_total=0.0621 extra_render_attn_share=0.5263
[step 11250] real_p1_mirror_hole_cov=0.0322 real_p1_eps=0.1503 real_p1_hole_frac=0.2303 real_p2_eps=0.1576 real_p2_hit=1.0000 real_p2_t=263.0000 real_p2_ldif=0.0840 real_p2_gen_adv=0.4135 real_p2_lfm=0.0052 real_total=0.4437 discr_adv=1.9535 x0_d_real=-0.5211 x0_d_fake=-0.5418 p2_d_real=-0.3348 p2_d_fake=-0.4135 g_grad_abs=1404.2221 d_grad_abs=602.9456 synth_eps=0.2744 synth_eps_raw=0.2744 synth_x0_hit=1.0000 synth_x0_t=149.0000 synth_x0_ldif=0.0565 synth_x0_gen_adv=0.5353 synth_x0_lfm=0.0050 synth_total=0.3945 extra_render_attn_share=0.5263
[step 11300] real_p1_mirror_hole_cov=0.1030 real_p1_eps=0.3217 real_p1_hole_frac=0.3273 real_p2_eps=0.0011 real_p2_hit=0.0000 real_total=0.3228 synth_eps=0.2206 synth_eps_raw=0.2206 synth_x0_hit=1.0000 synth_x0_t=263.0000 synth_x0_ldif=0.1176 synth_x0_gen_adv=0.8021 synth_x0_lfm=0.0088 synth_total=0.4360 extra_render_attn_share=0.5263
[step 11350] real_p1_mirror_hole_cov=0.1675 real_p1_eps=0.0474 real_p1_hole_frac=0.6130 real_p2_eps=0.0233 real_p2_hit=0.0000 real_total=0.0706 synth_eps=0.0260 synth_eps_raw=0.0260 synth_x0_hit=0.0000 synth_total=0.0260 extra_render_attn_share=0.5263
[step 11400] real_p1_mirror_hole_cov=0.2589 real_p1_eps=0.0009 real_p1_hole_frac=0.3128 real_p2_eps=0.3404 real_p2_hit=1.0000 real_p2_t=80.0000 real_p2_ldif=0.0303 real_p2_gen_adv=-0.6829 real_p2_lfm=0.0043 real_total=0.3120 discr_adv=1.0346 p2_d_real=0.6326 p2_d_fake=0.6829 g_grad_abs=1229.5697 d_grad_abs=660.1368 synth_eps=0.1286 synth_eps_raw=0.1286 synth_x0_hit=0.0000 synth_total=0.1286 extra_render_attn_share=0.5263
[step 11450] real_p1_mirror_hole_cov=0.1074 real_p1_eps=0.0053 real_p1_hole_frac=0.4615 real_p2_eps=0.0660 real_p2_hit=0.0000 real_total=0.0713 discr_adv=0.9629 x0_d_real=-0.0104 x0_d_fake=-0.1415 g_grad_abs=397.9983 d_grad_abs=2064.7684 synth_eps=0.0867 synth_eps_raw=0.0867 synth_x0_hit=0.0000 synth_total=0.0867 extra_render_attn_share=0.5263
[step 11500] real_p1_mirror_hole_cov=0.0004 real_p1_eps=0.0106 real_p1_hole_frac=0.1017 real_p2_eps=0.0013 real_p2_hit=0.0000 real_total=0.0119 discr_adv=0.9627 x0_d_real=0.1441 x0_d_fake=0.0672 g_grad_abs=165.8126 d_grad_abs=474.8684 synth_eps=0.2330 synth_eps_raw=0.2330 synth_x0_hit=1.0000 synth_x0_t=218.0000 synth_x0_ldif=0.0882 synth_x0_gen_adv=0.2039 synth_x0_lfm=0.0057 synth_total=0.3530 extra_render_attn_share=0.5263
[images] real: anchor | cond1 | cond2 | inv_warp_mirror | mask | mask_inv | warp_img | warp_warp_img | x | y_hat | y_hat_novel -> /home/xzy/warpgan-diffusiong-inpainting/warpgan-diffusion-inpainting-main/experiments/train_inpainting_diffusion/[20260915-085455]_v19_w6b_300k/logs/images/train/real_step0011500.png
[images] synth: cond | mask | target | warp_img | x | y_hat_novel -> /home/xzy/warpgan-diffusiong-inpainting/warpgan-diffusion-inpainting-main/experiments/train_inpainting_diffusion/[20260915-085455]_v19_w6b_300k/logs/images/train/synth_step0011500.png
[step 11550] real_p1_mirror_hole_cov=0.1794 real_p1_eps=0.0329 real_p1_hole_frac=0.2236 real_p2_eps=0.0070 real_p2_hit=0.0000 real_total=0.0399 synth_eps=0.0291 synth_eps_raw=0.0291 synth_x0_hit=0.0000 synth_total=0.0291 extra_render_attn_share=0.5263
[step 11600] real_p1_mirror_hole_cov=0.3170 real_p1_eps=0.0539 real_p1_hole_frac=0.2814 real_p2_eps=0.1765 real_p2_hit=1.0000 real_p2_t=276.0000 real_p2_ldif=0.1034 real_p2_gen_adv=-0.6436 real_p2_lfm=0.0049 real_total=0.2793 discr_adv=1.0721 p2_d_real=0.4995 p2_d_fake=0.6436 g_grad_abs=1886.9389 d_grad_abs=1957.8882 synth_eps=0.0233 synth_eps_raw=0.0233 synth_x0_hit=0.0000 synth_total=0.0233 extra_render_attn_share=0.5263
[step 11650] real_p1_mirror_hole_cov=0.1806 real_p1_eps=0.3556 real_p1_hole_frac=0.5778 real_p2_eps=0.6043 real_p2_hit=1.0000 real_p2_t=35.0000 real_p2_ldif=0.0207 real_p2_gen_adv=-0.4917 real_p2_lfm=0.0024 real_total=0.9362 discr_adv=0.9662 p2_d_real=0.5592 p2_d_fake=0.4917 g_grad_abs=1362.1176 d_grad_abs=540.1040 synth_eps=0.0273 synth_eps_raw=0.0273 synth_x0_hit=0.0000 synth_total=0.0273 extra_render_attn_share=0.5263
[step 11700] real_p1_mirror_hole_cov=0.0735 real_p1_eps=0.0043 real_p1_hole_frac=0.1528 real_p2_eps=0.0063 real_p2_hit=0.0000 real_total=0.0107 synth_eps=0.0270 synth_eps_raw=0.0270 synth_x0_hit=0.0000 synth_total=0.0270 extra_render_attn_share=0.5263
[step 11750] real_p1_mirror_hole_cov=0.1473 real_p1_eps=0.2127 real_p1_hole_frac=0.0423 real_p2_eps=0.0108 real_p2_hit=0.0000 real_total=0.2235 synth_eps=0.0312 synth_eps_raw=0.0312 synth_x0_hit=0.0000 synth_total=0.0312 extra_render_attn_share=0.5263
[step 11800] real_p1_mirror_hole_cov=0.0693 real_p1_eps=0.0009 real_p1_hole_frac=0.3912 real_p2_eps=0.5637 real_p2_hit=1.0000 real_p2_t=17.0000 real_p2_ldif=0.0091 real_p2_gen_adv=-0.2799 real_p2_lfm=0.0005 real_total=0.5468 discr_adv=0.9846 p2_d_real=0.3106 p2_d_fake=0.2799 g_grad_abs=1099.2018 d_grad_abs=241.5273 synth_eps=0.0227 synth_eps_raw=0.0227 synth_x0_hit=0.0000 synth_total=0.0227 extra_render_attn_share=0.5263
[step 11850] real_p1_mirror_hole_cov=0.1276 real_p1_eps=0.0097 real_p1_hole_frac=0.4286 real_p2_eps=0.0204 real_p2_hit=0.0000 real_total=0.0301 discr_adv=0.8823 x0_d_real=-0.2338 x0_d_fake=-0.4692 g_grad_abs=277.4061 d_grad_abs=1050.6714 synth_eps=0.0246 synth_eps_raw=0.0246 synth_x0_hit=0.0000 synth_total=0.0246 extra_render_attn_share=0.5263
[step 11900] real_p1_mirror_hole_cov=0.1855 real_p1_eps=0.3709 real_p1_hole_frac=0.4688 real_p2_eps=0.0028 real_p2_hit=0.0000 real_total=0.3737 synth_eps=0.6047 synth_eps_raw=0.6047 synth_x0_hit=1.0000 synth_x0_t=20.0000 synth_x0_ldif=0.0115 synth_x0_gen_adv=-0.1220 synth_x0_lfm=0.0011 synth_total=0.6063 extra_render_attn_share=0.5263
[step 11950] real_p1_mirror_hole_cov=0.0729 real_p1_eps=0.0010 real_p1_hole_frac=0.0665 real_p2_eps=0.0230 real_p2_hit=0.0000 real_total=0.0240 discr_adv=1.0085 x0_d_real=0.1815 x0_d_fake=0.1985 g_grad_abs=254.3166 d_grad_abs=316.8768 synth_eps=0.0048 synth_eps_raw=0.0048 synth_x0_hit=0.0000 synth_total=0.0048 extra_render_attn_share=0.5263
[val step 11999] val_novel_full=0.0822 val_novel_hole=0.1491 val_novel_visible=0.0534
[step 12000] real_p1_mirror_hole_cov=0.1581 real_p1_eps=0.0023 real_p1_hole_frac=0.4431 real_p2_eps=0.0388 real_p2_hit=0.0000 real_total=0.0411 synth_eps=0.0154 synth_eps_raw=0.0154 synth_x0_hit=0.0000 synth_total=0.0154 extra_render_attn_share=0.5313
[images] real: anchor | cond1 | cond2 | inv_warp_mirror | mask | mask_inv | warp_img | warp_warp_img | x | y_hat | y_hat_novel -> /home/xzy/warpgan-diffusiong-inpainting/warpgan-diffusion-inpainting-main/experiments/train_inpainting_diffusion/[20260915-085455]_v19_w6b_300k/logs/images/train/real_step0012000.png
[images] synth: cond | mask | target | warp_img | x | y_hat_novel -> /home/xzy/warpgan-diffusiong-inpainting/warpgan-diffusion-inpainting-main/experiments/train_inpainting_diffusion/[20260915-085455]_v19_w6b_300k/logs/images/train/synth_step0012000.png
[step 12050] real_p1_mirror_hole_cov=0.1944 real_p1_eps=0.0043 real_p1_hole_frac=0.0889 real_p2_eps=0.0591 real_p2_hit=1.0000 real_p2_t=299.0000 real_p2_ldif=0.0407 real_p2_gen_adv=0.1025 real_p2_lfm=0.0058 real_total=0.1260 discr_adv=1.0204 p2_d_real=-0.1433 p2_d_fake=-0.1025 g_grad_abs=1319.9302 d_grad_abs=277.7158 synth_eps=0.4029 synth_eps_raw=0.4029 synth_x0_hit=1.0000 synth_x0_t=102.0000 synth_x0_ldif=0.0489 synth_x0_gen_adv=-0.1656 synth_x0_lfm=0.0042 synth_total=0.4436 extra_render_attn_share=0.5313
[step 12100] real_p1_mirror_hole_cov=0.1250 real_p1_eps=0.0040 real_p1_hole_frac=0.4299 real_p2_eps=0.0035 real_p2_hit=0.0000 real_total=0.0076 synth_eps=0.2951 synth_eps_raw=0.2951 synth_x0_hit=1.0000 synth_x0_t=154.0000 synth_x0_ldif=0.0639 synth_x0_gen_adv=0.8275 synth_x0_lfm=0.0061 synth_total=0.4540 extra_render_attn_share=0.5313
[step 12150] real_p1_mirror_hole_cov=0.0464 real_p1_eps=0.0035 real_p1_hole_frac=0.3609 real_p2_eps=0.1926 real_p2_hit=1.0000 real_p2_t=204.0000 real_p2_ldif=0.0650 real_p2_gen_adv=0.8939 real_p2_lfm=0.0044 real_total=0.3592 discr_adv=1.9544 x0_d_real=-0.6738 x0_d_fake=-0.7429 p2_d_real=-0.8718 p2_d_fake=-0.8939 g_grad_abs=1129.6500 d_grad_abs=540.6793 synth_eps=0.3712 synth_eps_raw=0.3712 synth_x0_hit=1.0000 synth_x0_t=97.0000 synth_x0_ldif=0.0422 synth_x0_gen_adv=0.7818 synth_x0_lfm=0.0049 synth_total=0.5013 extra_render_attn_share=0.5313
[step 12200] real_p1_mirror_hole_cov=0.0958 real_p1_eps=0.0372 real_p1_hole_frac=0.3320 real_p2_eps=0.0182 real_p2_hit=0.0000 real_total=0.0554 discr_adv=0.7669 x0_d_real=-0.0301 x0_d_fake=-0.4962 g_grad_abs=317.8851 d_grad_abs=2004.4698 synth_eps=0.4590 synth_eps_raw=0.4590 synth_x0_hit=1.0000 synth_x0_t=69.0000 synth_x0_ldif=0.0343 synth_x0_gen_adv=0.7715 synth_x0_lfm=0.0041 synth_total=0.5786 extra_render_attn_share=0.5313
[step 12250] real_p1_mirror_hole_cov=0.3986 real_p1_eps=0.0033 real_p1_hole_frac=0.2447 real_p2_eps=0.0936 real_p2_hit=0.0000 real_total=0.0969 discr_adv=0.8182 x0_d_real=0.6473 x0_d_fake=0.2823 g_grad_abs=805.9806 d_grad_abs=5351.6852 synth_eps=0.2163 synth_eps_raw=0.2163 synth_x0_hit=1.0000 synth_x0_t=214.0000 synth_x0_ldif=0.0793 synth_x0_gen_adv=-0.6994 synth_x0_lfm=0.0041 synth_total=0.2339 extra_render_attn_share=0.5313
[step 12300] real_p1_mirror_hole_cov=0.0113 real_p1_eps=0.0224 real_p1_hole_frac=0.0188 real_p2_eps=0.0742 real_p2_hit=1.0000 real_p2_t=184.0000 real_p2_ldif=0.0212 real_p2_gen_adv=-0.5982 real_p2_lfm=0.0025 real_total=0.0630 discr_adv=1.9976 x0_d_real=0.5874 x0_d_fake=0.5831 p2_d_real=0.5987 p2_d_fake=0.5982 g_grad_abs=864.6078 d_grad_abs=132.0661 synth_eps=0.0024 synth_eps_raw=0.0024 synth_x0_hit=0.0000 synth_total=0.0024 extra_render_attn_share=0.5313
[step 12350] real_p1_mirror_hole_cov=0.1797 real_p1_eps=0.0911 real_p1_hole_frac=0.3726 real_p2_eps=0.1728 real_p2_hit=1.0000 real_p2_t=240.0000 real_p2_ldif=0.0776 real_p2_gen_adv=-0.6370 real_p2_lfm=0.0047 real_total=0.2872 discr_adv=0.9931 p2_d_real=0.6508 p2_d_fake=0.6370 g_grad_abs=1131.4644 d_grad_abs=103.6529 synth_eps=0.0245 synth_eps_raw=0.0245 synth_x0_hit=0.0000 synth_total=0.0245 extra_render_attn_share=0.5313
[step 12400] real_p1_mirror_hole_cov=0.1317 real_p1_eps=0.0305 real_p1_hole_frac=0.3755 real_p2_eps=0.2396 real_p2_hit=1.0000 real_p2_t=124.0000 real_p2_ldif=0.0379 real_p2_gen_adv=-0.4624 real_p2_lfm=0.0024 real_total=0.2665 discr_adv=1.9320 x0_d_real=0.6624 x0_d_fake=0.5972 p2_d_real=0.5332 p2_d_fake=0.4624 g_grad_abs=1194.0483 d_grad_abs=607.5839 synth_eps=0.0857 synth_eps_raw=0.0857 synth_x0_hit=0.0000 synth_total=0.0857 extra_render_attn_share=0.5313
[step 12450] real_p1_mirror_hole_cov=0.2461 real_p1_eps=0.0427 real_p1_hole_frac=0.3696 real_p2_eps=0.1162 real_p2_hit=0.0000 real_total=0.1589 synth_eps=0.0898 synth_eps_raw=0.0898 synth_x0_hit=0.0000 synth_total=0.0898 extra_render_attn_share=0.5313
[step 12500] real_p1_mirror_hole_cov=0.0250 real_p1_eps=0.0636 real_p1_hole_frac=0.0805 real_p2_eps=0.0013 real_p2_hit=0.0000 real_total=0.0650 synth_eps=0.0669 synth_eps_raw=0.0669 synth_x0_hit=0.0000 synth_total=0.0669 extra_render_attn_share=0.5313
[images] real: anchor | cond1 | cond2 | inv_warp_mirror | mask | mask_inv | warp_img | warp_warp_img | x | y_hat | y_hat_novel -> /home/xzy/warpgan-diffusiong-inpainting/warpgan-diffusion-inpainting-main/experiments/train_inpainting_diffusion/[20260915-085455]_v19_w6b_300k/logs/images/train/real_step0012500.png
[images] synth: cond | mask | target | warp_img | x | y_hat_novel -> /home/xzy/warpgan-diffusiong-inpainting/warpgan-diffusion-inpainting-main/experiments/train_inpainting_diffusion/[20260915-085455]_v19_w6b_300k/logs/images/train/synth_step0012500.png
[step 12550] real_p1_mirror_hole_cov=0.0429 real_p1_eps=0.0016 real_p1_hole_frac=0.0979 real_p2_eps=0.0021 real_p2_hit=0.0000 real_total=0.0037 discr_adv=0.8808 x0_d_real=0.4813 x0_d_fake=0.2430 g_grad_abs=110.0867 d_grad_abs=2133.4961 synth_eps=0.0302 synth_eps_raw=0.0302 synth_x0_hit=0.0000 synth_total=0.0302 extra_render_attn_share=0.5313
[step 12600] real_p1_mirror_hole_cov=0.1734 real_p1_eps=0.0041 real_p1_hole_frac=0.5463 real_p2_eps=0.0017 real_p2_hit=0.0000 real_total=0.0057 synth_eps=0.0656 synth_eps_raw=0.0656 synth_x0_hit=0.0000 synth_total=0.0656 extra_render_attn_share=0.5313
[step 12650] real_p1_mirror_hole_cov=0.0753 real_p1_eps=0.0425 real_p1_hole_frac=0.5500 real_p2_eps=0.2354 real_p2_hit=1.0000 real_p2_t=211.0000 real_p2_ldif=0.0842 real_p2_gen_adv=-0.3033 real_p2_lfm=0.0067 real_total=0.3451 discr_adv=0.8919 p2_d_real=0.5338 p2_d_fake=0.3033 g_grad_abs=1190.7553 d_grad_abs=2114.3400 synth_eps=0.0419 synth_eps_raw=0.0419 synth_x0_hit=0.0000 synth_total=0.0419 extra_render_attn_share=0.5313
[step 12700] real_p1_mirror_hole_cov=0.0196 real_p1_eps=0.0612 real_p1_hole_frac=0.1926 real_p2_eps=0.0014 real_p2_hit=0.0000 real_total=0.0626 synth_eps=0.0611 synth_eps_raw=0.0611 synth_x0_hit=0.0000 synth_total=0.0611 extra_render_attn_share=0.5313
[step 12750] real_p1_mirror_hole_cov=0.4494 real_p1_eps=0.0773 real_p1_hole_frac=0.2734 real_p2_eps=0.0784 real_p2_hit=0.0000 real_total=0.1558 discr_adv=0.9921 x0_d_real=-0.7686 x0_d_fake=-0.7845 g_grad_abs=813.4015 d_grad_abs=115.0050 synth_eps=0.2049 synth_eps_raw=0.2049 synth_x0_hit=0.0000 synth_total=0.2049 extra_render_attn_share=0.5313
[step 12800] real_p1_mirror_hole_cov=0.0181 real_p1_eps=0.0007 real_p1_hole_frac=0.3890 real_p2_eps=0.0010 real_p2_hit=0.0000 real_total=0.0017 discr_adv=0.9204 x0_d_real=0.3099 x0_d_fake=0.1507 g_grad_abs=83.7615 d_grad_abs=922.9293 synth_eps=0.1551 synth_eps_raw=0.1551 synth_x0_hit=0.0000 synth_total=0.1551 extra_render_attn_share=0.5313
[step 12850] real_p1_mirror_hole_cov=0.1909 real_p1_eps=0.0242 real_p1_hole_frac=0.2896 real_p2_eps=0.0574 real_p2_hit=0.0000 real_total=0.0816 synth_eps=0.0619 synth_eps_raw=0.0619 synth_x0_hit=0.0000 synth_total=0.0619 extra_render_attn_share=0.5313
[step 12900] real_p1_mirror_hole_cov=0.1774 real_p1_eps=0.1280 real_p1_hole_frac=0.1852 real_p2_eps=0.0320 real_p2_hit=0.0000 real_total=0.1600 synth_eps=0.0980 synth_eps_raw=0.0980 synth_x0_hit=0.0000 synth_total=0.0980 extra_render_attn_share=0.5313
[step 12950] real_p1_mirror_hole_cov=0.0384 real_p1_eps=0.0012 real_p1_hole_frac=0.0919 real_p2_eps=0.0049 real_p2_hit=0.0000 real_total=0.0061 synth_eps=0.1465 synth_eps_raw=0.1465 synth_x0_hit=0.0000 synth_total=0.1465 extra_render_attn_share=0.5313
[step 13000] real_p1_mirror_hole_cov=0.0165 real_p1_eps=0.1778 real_p1_hole_frac=0.3965 real_p2_eps=0.0711 real_p2_hit=0.0000 real_total=0.2489 synth_eps=0.0019 synth_eps_raw=0.0019 synth_x0_hit=0.0000 synth_total=0.0019 extra_render_attn_share=0.5313
[images] real: anchor | cond1 | cond2 | inv_warp_mirror | mask | mask_inv | warp_img | warp_warp_img | x | y_hat | y_hat_novel -> /home/xzy/warpgan-diffusiong-inpainting/warpgan-diffusion-inpainting-main/experiments/train_inpainting_diffusion/[20260915-085455]_v19_w6b_300k/logs/images/train/real_step0013000.png
[images] synth: cond | mask | target | warp_img | x | y_hat_novel -> /home/xzy/warpgan-diffusiong-inpainting/warpgan-diffusion-inpainting-main/experiments/train_inpainting_diffusion/[20260915-085455]_v19_w6b_300k/logs/images/train/synth_step0013000.png
[step 13050] real_p1_mirror_hole_cov=0.0660 real_p1_eps=0.0075 real_p1_hole_frac=0.3606 real_p2_eps=0.4037 real_p2_hit=1.0000 real_p2_t=58.0000 real_p2_ldif=0.0244 real_p2_gen_adv=0.0565 real_p2_lfm=0.0012 real_total=0.4437 discr_adv=0.9324 p2_d_real=0.0787 p2_d_fake=-0.0565 g_grad_abs=1092.8332 d_grad_abs=623.4001 synth_eps=0.0836 synth_eps_raw=0.0836 synth_x0_hit=0.0000 synth_total=0.0836 extra_render_attn_share=0.5313
[step 13100] real_p1_mirror_hole_cov=0.0662 real_p1_eps=0.0226 real_p1_hole_frac=0.3655 real_p2_eps=0.0049 real_p2_hit=0.0000 real_total=0.0274 synth_eps=0.0957 synth_eps_raw=0.0957 synth_x0_hit=0.0000 synth_total=0.0957 extra_render_attn_share=0.5313
[step 13150] real_p1_mirror_hole_cov=0.0191 real_p1_eps=0.0480 real_p1_hole_frac=0.3064 real_p2_eps=0.0347 real_p2_hit=0.0000 real_total=0.0827 synth_eps=0.1652 synth_eps_raw=0.1652 synth_x0_hit=1.0000 synth_x0_t=290.0000 synth_x0_ldif=0.1068 synth_x0_gen_adv=0.7623 synth_x0_lfm=0.0078 synth_total=0.3640 extra_render_attn_share=0.5313
[step 13200] real_p1_mirror_hole_cov=0.0721 real_p1_eps=0.0069 real_p1_hole_frac=0.0462 real_p2_eps=0.1837 real_p2_hit=1.0000 real_p2_t=108.0000 real_p2_ldif=0.0241 real_p2_gen_adv=0.1935 real_p2_lfm=0.0013 real_total=0.2365 discr_adv=1.8236 x0_d_real=0.6748 x0_d_fake=0.3182 p2_d_real=-0.1968 p2_d_fake=-0.1935 g_grad_abs=1004.6290 d_grad_abs=3778.5784 synth_eps=0.0073 synth_eps_raw=0.0073 synth_x0_hit=0.0000 synth_total=0.0073 extra_render_attn_share=0.5313
[step 13250] real_p1_mirror_hole_cov=0.0594 real_p1_eps=0.0650 real_p1_hole_frac=0.1160 real_p2_eps=0.2219 real_p2_hit=1.0000 real_p2_t=74.0000 real_p2_ldif=0.0179 real_p2_gen_adv=-0.0517 real_p2_lfm=0.0031 real_total=0.3059 discr_adv=1.9646 x0_d_real=0.1711 x0_d_fake=0.1143 p2_d_real=0.0675 p2_d_fake=0.0517 g_grad_abs=1380.3532 d_grad_abs=385.1355 synth_eps=0.0154 synth_eps_raw=0.0154 synth_x0_hit=0.0000 synth_total=0.0154 extra_render_attn_share=0.5313
[step 13300] real_p1_mirror_hole_cov=0.1324 real_p1_eps=0.1169 real_p1_hole_frac=0.4654 real_p2_eps=0.1775 real_p2_hit=1.0000 real_p2_t=298.0000 real_p2_ldif=0.1214 real_p2_gen_adv=-0.8198 real_p2_lfm=0.0083 real_total=0.3505 discr_adv=0.9827 p2_d_real=0.8670 p2_d_fake=0.8198 g_grad_abs=1727.7401 d_grad_abs=1183.1280 synth_eps=0.0135 synth_eps_raw=0.0135 synth_x0_hit=0.0000 synth_total=0.0135 extra_render_attn_share=0.5313
[step 13350] real_p1_mirror_hole_cov=0.2005 real_p1_eps=0.0175 real_p1_hole_frac=0.3726 real_p2_eps=0.3138 real_p2_hit=1.0000 real_p2_t=164.0000 real_p2_ldif=0.0747 real_p2_gen_adv=-0.4458 real_p2_lfm=0.0042 real_total=0.3698 discr_adv=0.9349 p2_d_real=0.5759 p2_d_fake=0.4458 g_grad_abs=1235.8984 d_grad_abs=698.4813 synth_eps=0.1829 synth_eps_raw=0.1829 synth_x0_hit=1.0000 synth_x0_t=259.0000 synth_x0_ldif=0.0946 synth_x0_gen_adv=-0.3011 synth_x0_lfm=0.0079 synth_total=0.2633 extra_render_attn_share=0.5313
[step 13400] real_p1_mirror_hole_cov=0.0130 real_p1_eps=0.0081 real_p1_hole_frac=0.0125 real_p2_eps=0.0250 real_p2_hit=0.0000 real_total=0.0332 synth_eps=0.5186 synth_eps_raw=0.5186 synth_x0_hit=1.0000 synth_x0_t=37.0000 synth_x0_ldif=0.0189 synth_x0_gen_adv=0.5498 synth_x0_lfm=0.0023 synth_total=0.5972 extra_render_attn_share=0.5313
[step 13450] real_p1_mirror_hole_cov=0.1784 real_p1_eps=0.0577 real_p1_hole_frac=0.4670 real_p2_eps=0.1391 real_p2_hit=1.0000 real_p2_t=278.0000 real_p2_ldif=0.0826 real_p2_gen_adv=-0.2433 real_p2_lfm=0.0046 real_total=0.2644 discr_adv=0.9358 p2_d_real=0.3717 p2_d_fake=0.2433 g_grad_abs=1222.3746 d_grad_abs=711.7067 synth_eps=0.0429 synth_eps_raw=0.0429 synth_x0_hit=0.0000 synth_total=0.0429 extra_render_attn_share=0.5313
[step 13500] real_p1_mirror_hole_cov=0.2138 real_p1_eps=0.0457 real_p1_hole_frac=0.1240 real_p2_eps=0.0376 real_p2_hit=0.0000 real_total=0.0832 synth_eps=0.0114 synth_eps_raw=0.0114 synth_x0_hit=0.0000 synth_total=0.0114 extra_render_attn_share=0.5313
[images] real: anchor | cond1 | cond2 | inv_warp_mirror | mask | mask_inv | warp_img | warp_warp_img | x | y_hat | y_hat_novel -> /home/xzy/warpgan-diffusiong-inpainting/warpgan-diffusion-inpainting-main/experiments/train_inpainting_diffusion/[20260915-085455]_v19_w6b_300k/logs/images/train/real_step0013500.png
[images] synth: cond | mask | target | warp_img | x | y_hat_novel -> /home/xzy/warpgan-diffusiong-inpainting/warpgan-diffusion-inpainting-main/experiments/train_inpainting_diffusion/[20260915-085455]_v19_w6b_300k/logs/images/train/synth_step0013500.png
[step 13550] real_p1_mirror_hole_cov=0.0279 real_p1_eps=0.0727 real_p1_hole_frac=0.1624 real_p2_eps=0.0734 real_p2_hit=0.0000 real_total=0.1460 synth_eps=0.0216 synth_eps_raw=0.0216 synth_x0_hit=0.0000 synth_total=0.0216 extra_render_attn_share=0.5313
[step 13600] real_p1_mirror_hole_cov=0.1317 real_p1_eps=0.1170 real_p1_hole_frac=0.3887 real_p2_eps=0.0036 real_p2_hit=0.0000 real_total=0.1205 discr_adv=0.8724 x0_d_real=-0.5922 x0_d_fake=-0.8521 g_grad_abs=661.1746 d_grad_abs=996.8157 synth_eps=0.0067 synth_eps_raw=0.0067 synth_x0_hit=0.0000 synth_total=0.0067 extra_render_attn_share=0.5313
[step 13650] real_p1_mirror_hole_cov=0.1540 real_p1_eps=0.1463 real_p1_hole_frac=0.3716 real_p2_eps=0.1044 real_p2_hit=0.0000 real_total=0.2507 discr_adv=0.9376 x0_d_real=-0.3045 x0_d_fake=-0.4294 g_grad_abs=989.6479 d_grad_abs=1437.0869 synth_eps=0.3286 synth_eps_raw=0.3286 synth_x0_hit=1.0000 synth_x0_t=157.0000 synth_x0_ldif=0.0732 synth_x0_gen_adv=0.4231 synth_x0_lfm=0.0059 synth_total=0.4560 extra_render_attn_share=0.5313
[step 13700] real_p1_mirror_hole_cov=0.0337 real_p1_eps=0.1900 real_p1_hole_frac=0.1992 real_p2_eps=0.0592 real_p2_hit=0.0000 real_total=0.2492 discr_adv=0.9530 x0_d_real=-0.1671 x0_d_fake=-0.2610 g_grad_abs=1060.2532 d_grad_abs=1840.9996 synth_eps=0.0033 synth_eps_raw=0.0033 synth_x0_hit=0.0000 synth_total=0.0033 extra_render_attn_share=0.5313
[step 13750] real_p1_mirror_hole_cov=0.0736 real_p1_eps=0.0304 real_p1_hole_frac=0.5399 real_p2_eps=0.0145 real_p2_hit=0.0000 real_total=0.0449 synth_eps=0.0267 synth_eps_raw=0.0267 synth_x0_hit=0.0000 synth_total=0.0267 extra_render_attn_share=0.5313
[step 13800] real_p1_mirror_hole_cov=0.1518 real_p1_eps=0.1121 real_p1_hole_frac=0.3573 real_p2_eps=0.0018 real_p2_hit=0.0000 real_total=0.1139 synth_eps=0.0050 synth_eps_raw=0.0050 synth_x0_hit=0.0000 synth_total=0.0050 extra_render_attn_share=0.5313
[step 13850] real_p1_mirror_hole_cov=0.0485 real_p1_eps=0.3446 real_p1_hole_frac=0.0785 real_p2_eps=0.0040 real_p2_hit=0.0000 real_total=0.3486 synth_eps=0.1143 synth_eps_raw=0.1143 synth_x0_hit=0.0000 synth_total=0.1143 extra_render_attn_share=0.5313
[step 13900] real_p1_mirror_hole_cov=0.2135 real_p1_eps=0.0073 real_p1_hole_frac=0.2270 real_p2_eps=0.1973 real_p2_hit=1.0000 real_p2_t=123.0000 real_p2_ldif=0.0311 real_p2_gen_adv=0.5992 real_p2_lfm=0.0043 real_total=0.3043 discr_adv=1.0359 p2_d_real=-0.6711 p2_d_fake=-0.5992 g_grad_abs=1091.1751 d_grad_abs=236.7650 synth_eps=0.0099 synth_eps_raw=0.0099 synth_x0_hit=0.0000 synth_total=0.0099 extra_render_attn_share=0.5313
[step 13950] real_p1_mirror_hole_cov=0.1077 real_p1_eps=0.0019 real_p1_hole_frac=0.4009 real_p2_eps=0.0302 real_p2_hit=0.0000 real_total=0.0322 discr_adv=0.9436 x0_d_real=-0.6948 x0_d_fake=-0.8129 g_grad_abs=279.1749 d_grad_abs=1095.3368 synth_eps=0.0812 synth_eps_raw=0.0812 synth_x0_hit=0.0000 synth_total=0.0812 extra_render_attn_share=0.5313
[val step 13999] val_novel_full=0.0779 val_novel_hole=0.1438 val_novel_visible=0.0495
[step 14000] real_p1_mirror_hole_cov=0.0285 real_p1_eps=0.0117 real_p1_hole_frac=0.1555 real_p2_eps=0.1360 real_p2_hit=0.0000 real_total=0.1477 discr_adv=0.9695 x0_d_real=-0.4439 x0_d_fake=-0.5049 g_grad_abs=738.9187 d_grad_abs=507.6563 synth_eps=0.0734 synth_eps_raw=0.0734 synth_x0_hit=0.0000 synth_total=0.0734 extra_render_attn_share=0.5359
[images] real: anchor | cond1 | cond2 | inv_warp_mirror | mask | mask_inv | warp_img | warp_warp_img | x | y_hat | y_hat_novel -> /home/xzy/warpgan-diffusiong-inpainting/warpgan-diffusion-inpainting-main/experiments/train_inpainting_diffusion/[20260915-085455]_v19_w6b_300k/logs/images/train/real_step0014000.png
[images] synth: cond | mask | target | warp_img | x | y_hat_novel -> /home/xzy/warpgan-diffusiong-inpainting/warpgan-diffusion-inpainting-main/experiments/train_inpainting_diffusion/[20260915-085455]_v19_w6b_300k/logs/images/train/synth_step0014000.png
[step 14050] real_p1_mirror_hole_cov=0.0435 real_p1_eps=0.0161 real_p1_hole_frac=0.0714 real_p2_eps=0.0156 real_p2_hit=0.0000 real_total=0.0317 synth_eps=0.7980 synth_eps_raw=0.7980 synth_x0_hit=1.0000 synth_x0_t=14.0000 synth_x0_ldif=0.0106 synth_x0_gen_adv=0.5494 synth_x0_lfm=0.0011 synth_total=0.8657 extra_render_attn_share=0.5359
[step 14100] real_p1_mirror_hole_cov=0.2273 real_p1_eps=0.0123 real_p1_hole_frac=0.3728 real_p2_eps=0.2754 real_p2_hit=1.0000 real_p2_t=187.0000 real_p2_ldif=0.0806 real_p2_gen_adv=0.3323 real_p2_lfm=0.0052 real_total=0.4118 discr_adv=0.8587 p2_d_real=-0.0495 p2_d_fake=-0.3323 g_grad_abs=1265.0730 d_grad_abs=1504.6392 synth_eps=0.2076 synth_eps_raw=0.2076 synth_x0_hit=1.0000 synth_x0_t=246.0000 synth_x0_ldif=0.0976 synth_x0_gen_adv=0.5742 synth_x0_lfm=0.0067 synth_total=0.3759 extra_render_attn_share=0.5359
[step 14150] real_p1_mirror_hole_cov=0.2728 real_p1_eps=0.0291 real_p1_hole_frac=0.2736 real_p2_eps=0.0060 real_p2_hit=0.0000 real_total=0.0351 synth_eps=0.4091 synth_eps_raw=0.4091 synth_x0_hit=1.0000 synth_x0_t=108.0000 synth_x0_ldif=0.0536 synth_x0_gen_adv=-0.7761 synth_x0_lfm=0.0047 synth_total=0.3944 extra_render_attn_share=0.5359
[step 14200] real_p1_mirror_hole_cov=0.0439 real_p1_eps=0.0037 real_p1_hole_frac=0.3282 real_p2_eps=0.1113 real_p2_hit=0.0000 real_total=0.1151 discr_adv=0.8393 x0_d_real=0.0363 x0_d_fake=-0.2905 g_grad_abs=849.2148 d_grad_abs=3381.3085 synth_eps=0.0038 synth_eps_raw=0.0038 synth_x0_hit=0.0000 synth_total=0.0038 extra_render_attn_share=0.5359
[step 14250] real_p1_mirror_hole_cov=0.2816 real_p1_eps=0.0956 real_p1_hole_frac=0.4321 real_p2_eps=0.0022 real_p2_hit=0.0000 real_total=0.0978 synth_eps=0.0341 synth_eps_raw=0.0341 synth_x0_hit=0.0000 synth_total=0.0341 extra_render_attn_share=0.5359
[step 14300] real_p1_mirror_hole_cov=0.0048 real_p1_eps=0.1271 real_p1_hole_frac=0.2418 real_p2_eps=0.1245 real_p2_hit=1.0000 real_p2_t=287.0000 real_p2_ldif=0.0788 real_p2_gen_adv=-0.7348 real_p2_lfm=0.0058 real_total=0.2687 discr_adv=0.9992 p2_d_real=0.7365 p2_d_fake=0.7348 g_grad_abs=1516.3812 d_grad_abs=19.2458 synth_eps=0.3971 synth_eps_raw=0.3971 synth_x0_hit=1.0000 synth_x0_t=79.0000 synth_x0_ldif=0.0348 synth_x0_gen_adv=-0.7234 synth_x0_lfm=0.0041 synth_total=0.3676 extra_render_attn_share=0.5359
[step 14350] real_p1_mirror_hole_cov=0.0994 real_p1_eps=0.0008 real_p1_hole_frac=0.2114 real_p2_eps=0.0083 real_p2_hit=0.0000 real_total=0.0091 discr_adv=0.9987 x0_d_real=0.6849 x0_d_fake=0.6823 g_grad_abs=95.3551 d_grad_abs=20.0304 synth_eps=0.0374 synth_eps_raw=0.0374 synth_x0_hit=0.0000 synth_total=0.0374 extra_render_attn_share=0.5359
[step 14400] real_p1_mirror_hole_cov=0.0267 real_p1_eps=0.0201 real_p1_hole_frac=0.5098 real_p2_eps=0.2095 real_p2_hit=1.0000 real_p2_t=239.0000 real_p2_ldif=0.0934 real_p2_gen_adv=-0.6823 real_p2_lfm=0.0049 real_total=0.2645 discr_adv=1.9908 x0_d_real=0.6964 x0_d_fake=0.6949 p2_d_real=0.6993 p2_d_fake=0.6823 g_grad_abs=1001.7976 d_grad_abs=116.6450 synth_eps=0.0019 synth_eps_raw=0.0019 synth_x0_hit=0.0000 synth_total=0.0019 extra_render_attn_share=0.5359
[step 14450] real_p1_mirror_hole_cov=0.2213 real_p1_eps=0.5630 real_p1_hole_frac=0.3666 real_p2_eps=0.0073 real_p2_hit=0.0000 real_total=0.5704 synth_eps=0.0127 synth_eps_raw=0.0127 synth_x0_hit=0.0000 synth_total=0.0127 extra_render_attn_share=0.5359
[step 14500] real_p1_mirror_hole_cov=0.0023 real_p1_eps=0.0719 real_p1_hole_frac=0.0262 real_p2_eps=0.0022 real_p2_hit=0.0000 real_total=0.0740 synth_eps=0.3329 synth_eps_raw=0.3329 synth_x0_hit=1.0000 synth_x0_t=123.0000 synth_x0_ldif=0.0521 synth_x0_gen_adv=-0.3770 synth_x0_lfm=0.0051 synth_total=0.3574 extra_render_attn_share=0.5359
[images] real: anchor | cond1 | cond2 | inv_warp_mirror | mask | mask_inv | warp_img | warp_warp_img | x | y_hat | y_hat_novel -> /home/xzy/warpgan-diffusiong-inpainting/warpgan-diffusion-inpainting-main/experiments/train_inpainting_diffusion/[20260915-085455]_v19_w6b_300k/logs/images/train/real_step0014500.png
[images] synth: cond | mask | target | warp_img | x | y_hat_novel -> /home/xzy/warpgan-diffusiong-inpainting/warpgan-diffusion-inpainting-main/experiments/train_inpainting_diffusion/[20260915-085455]_v19_w6b_300k/logs/images/train/synth_step0014500.png
[step 14550] real_p1_mirror_hole_cov=0.0210 real_p1_eps=0.0251 real_p1_hole_frac=0.4825 real_p2_eps=0.0849 real_p2_hit=0.0000 real_total=0.1100 synth_eps=0.9430 synth_eps_raw=0.9430 synth_x0_hit=1.0000 synth_x0_t=1.0000 synth_x0_ldif=0.0016 synth_x0_gen_adv=-0.8399 synth_x0_lfm=0.0003 synth_total=0.8612 extra_render_attn_share=0.5359
[step 14600] real_p1_mirror_hole_cov=0.2270 real_p1_eps=0.0404 real_p1_hole_frac=0.3818 real_p2_eps=0.0060 real_p2_hit=0.0000 real_total=0.0463 discr_adv=0.9826 x0_d_real=0.6627 x0_d_fake=0.6272 g_grad_abs=503.8771 d_grad_abs=551.9054 synth_eps=0.0799 synth_eps_raw=0.0799 synth_x0_hit=0.0000 synth_total=0.0799 extra_render_attn_share=0.5359
[step 14650] real_p1_mirror_hole_cov=0.0329 real_p1_eps=0.0411 real_p1_hole_frac=0.2640 real_p2_eps=0.2622 real_p2_hit=1.0000 real_p2_t=177.0000 real_p2_ldif=0.0703 real_p2_gen_adv=-0.7227 real_p2_lfm=0.0066 real_total=0.3145 discr_adv=0.9828 p2_d_real=0.7614 p2_d_fake=0.7227 g_grad_abs=1295.5934 d_grad_abs=683.4918 synth_eps=0.0743 synth_eps_raw=0.0743 synth_x0_hit=0.0000 synth_total=0.0743 extra_render_attn_share=0.5359
[step 14700] real_p1_mirror_hole_cov=0.0077 real_p1_eps=0.0289 real_p1_hole_frac=0.0437 real_p2_eps=0.0024 real_p2_hit=0.0000 real_total=0.0313 synth_eps=0.0051 synth_eps_raw=0.0051 synth_x0_hit=0.0000 synth_total=0.0051 extra_render_attn_share=0.5359
[step 14750] real_p1_mirror_hole_cov=0.0043 real_p1_eps=0.0142 real_p1_hole_frac=0.2092 real_p2_eps=0.0766 real_p2_hit=0.0000 real_total=0.0908 discr_adv=0.9440 x0_d_real=0.6647 x0_d_fake=0.5528 g_grad_abs=502.8488 d_grad_abs=344.9321 synth_eps=0.0017 synth_eps_raw=0.0017 synth_x0_hit=0.0000 synth_total=0.0017 extra_render_attn_share=0.5359
[step 14800] real_p1_mirror_hole_cov=0.0687 real_p1_eps=0.0097 real_p1_hole_frac=0.1741 real_p2_eps=0.1376 real_p2_hit=1.0000 real_p2_t=185.0000 real_p2_ldif=0.0396 real_p2_gen_adv=-0.5090 real_p2_lfm=0.0042 real_total=0.1445 discr_adv=1.8942 x0_d_real=0.6386 x0_d_fake=0.4642 p2_d_real=0.5482 p2_d_fake=0.5090 g_grad_abs=919.1933 d_grad_abs=908.2886 synth_eps=0.0054 synth_eps_raw=0.0054 synth_x0_hit=0.0000 synth_total=0.0054 extra_render_attn_share=0.5359
[step 14850] real_p1_mirror_hole_cov=0.0433 real_p1_eps=0.0764 real_p1_hole_frac=0.3830 real_p2_eps=0.0033 real_p2_hit=0.0000 real_total=0.0798 synth_eps=0.0033 synth_eps_raw=0.0033 synth_x0_hit=0.0000 synth_total=0.0033 extra_render_attn_share=0.5359
[step 14900] real_p1_mirror_hole_cov=0.0148 real_p1_eps=0.0099 real_p1_hole_frac=0.2442 real_p2_eps=0.0016 real_p2_hit=0.0000 real_total=0.0115 synth_eps=0.0425 synth_eps_raw=0.0425 synth_x0_hit=0.0000 synth_total=0.0425 extra_render_attn_share=0.5359
[step 14950] real_p1_mirror_hole_cov=0.0998 real_p1_eps=0.1522 real_p1_hole_frac=0.2373 real_p2_eps=0.0368 real_p2_hit=0.0000 real_total=0.1891 discr_adv=1.0204 x0_d_real=-0.0945 x0_d_fake=-0.1523 g_grad_abs=901.6833 d_grad_abs=1617.1691 synth_eps=0.0511 synth_eps_raw=0.0511 synth_x0_hit=0.0000 synth_total=0.0511 extra_render_attn_share=0.5359
[step 15000] real_p1_mirror_hole_cov=0.0064 real_p1_eps=0.1960 real_p1_hole_frac=0.1176 real_p2_eps=0.0151 real_p2_hit=0.0000 real_total=0.2111 synth_eps=0.3831 synth_eps_raw=0.3831 synth_x0_hit=1.0000 synth_x0_t=130.0000 synth_x0_ldif=0.0648 synth_x0_gen_adv=-0.9778 synth_x0_lfm=0.0048 synth_total=0.3598 extra_render_attn_share=0.5359
[images] real: anchor | cond1 | cond2 | inv_warp_mirror | mask | mask_inv | warp_img | warp_warp_img | x | y_hat | y_hat_novel -> /home/xzy/warpgan-diffusiong-inpainting/warpgan-diffusion-inpainting-main/experiments/train_inpainting_diffusion/[20260915-085455]_v19_w6b_300k/logs/images/train/real_step0015000.png
[images] synth: cond | mask | target | warp_img | x | y_hat_novel -> /home/xzy/warpgan-diffusiong-inpainting/warpgan-diffusion-inpainting-main/experiments/train_inpainting_diffusion/[20260915-085455]_v19_w6b_300k/logs/images/train/synth_step0015000.png
[step 15050] real_p1_mirror_hole_cov=0.1206 real_p1_eps=0.0008 real_p1_hole_frac=0.2164 real_p2_eps=0.2235 real_p2_hit=1.0000 real_p2_t=139.0000 real_p2_ldif=0.0416 real_p2_gen_adv=-0.0223 real_p2_lfm=0.0046 real_total=0.2729 discr_adv=2.0917 x0_d_real=-0.0106 x0_d_fake=-0.0362 p2_d_real=0.0165 p2_d_fake=0.0223 g_grad_abs=1068.9569 d_grad_abs=1923.1639 synth_eps=0.0218 synth_eps_raw=0.0218 synth_x0_hit=0.0000 synth_total=0.0218 extra_render_attn_share=0.5359
[step 15100] real_p1_mirror_hole_cov=0.1522 real_p1_eps=0.0022 real_p1_hole_frac=0.4057 real_p2_eps=0.0727 real_p2_hit=0.0000 real_total=0.0749 synth_eps=0.8706 synth_eps_raw=0.8706 synth_x0_hit=1.0000 synth_x0_t=2.0000 synth_x0_ldif=0.0022 synth_x0_gen_adv=-0.7462 synth_x0_lfm=0.0003 synth_total=0.7987 extra_render_attn_share=0.5359
[step 15150] real_p1_mirror_hole_cov=0.1766 real_p1_eps=0.2595 real_p1_hole_frac=0.6471 real_p2_eps=0.0892 real_p2_hit=0.0000 real_total=0.3487 synth_eps=0.0425 synth_eps_raw=0.0425 synth_x0_hit=0.0000 synth_total=0.0425 extra_render_attn_share=0.5359
[step 15200] real_p1_mirror_hole_cov=0.0976 real_p1_eps=0.0051 real_p1_hole_frac=0.2444 real_p2_eps=0.3058 real_p2_hit=1.0000 real_p2_t=128.0000 real_p2_ldif=0.0506 real_p2_gen_adv=-0.7701 real_p2_lfm=0.0033 real_total=0.2911 discr_adv=0.9845 p2_d_real=0.8056 p2_d_fake=0.7701 g_grad_abs=1205.9636 d_grad_abs=923.3277 synth_eps=0.1391 synth_eps_raw=0.1391 synth_x0_hit=0.0000 synth_total=0.1391 extra_render_attn_share=0.5359
[step 15250] real_p1_mirror_hole_cov=0.2708 real_p1_eps=0.1070 real_p1_hole_frac=0.3171 real_p2_eps=0.1569 real_p2_hit=1.0000 real_p2_t=280.0000 real_p2_ldif=0.0945 real_p2_gen_adv=-0.0121 real_p2_lfm=0.0052 real_total=0.3675 discr_adv=1.9011 x0_d_real=-0.0773 x0_d_fake=-0.1703 p2_d_real=0.1437 p2_d_fake=0.0121 g_grad_abs=1369.3836 d_grad_abs=2309.2451 synth_eps=0.0018 synth_eps_raw=0.0018 synth_x0_hit=0.0000 synth_total=0.0018 extra_render_attn_share=0.5359
[step 15300] real_p1_mirror_hole_cov=0.0037 real_p1_eps=0.0212 real_p1_hole_frac=0.0314 real_p2_eps=0.0309 real_p2_hit=0.0000 real_total=0.0521 synth_eps=0.0779 synth_eps_raw=0.0779 synth_x0_hit=0.0000 synth_total=0.0779 extra_render_attn_share=0.5359
[step 15350] real_p1_mirror_hole_cov=0.1333 real_p1_eps=0.1215 real_p1_hole_frac=0.3922 real_p2_eps=0.0738 real_p2_hit=0.0000 real_total=0.1953 synth_eps=0.0016 synth_eps_raw=0.0016 synth_x0_hit=0.0000 synth_total=0.0016 extra_render_attn_share=0.5359
[step 15400] real_p1_mirror_hole_cov=0.2131 real_p1_eps=0.0042 real_p1_hole_frac=0.3849 real_p2_eps=0.2397 real_p2_hit=1.0000 real_p2_t=209.0000 real_p2_ldif=0.0844 real_p2_gen_adv=-0.1178 real_p2_lfm=0.0048 real_total=0.3259 discr_adv=0.8950 p2_d_real=0.3293 p2_d_fake=0.1178 g_grad_abs=1158.2615 d_grad_abs=597.6735 synth_eps=0.0082 synth_eps_raw=0.0082 synth_x0_hit=0.0000 synth_total=0.0082 extra_render_attn_share=0.5359
[step 15450] real_p1_mirror_hole_cov=0.0126 real_p1_eps=0.0045 real_p1_hole_frac=0.2614 real_p2_eps=0.2921 real_p2_hit=1.0000 real_p2_t=132.0000 real_p2_ldif=0.0505 real_p2_gen_adv=-0.4835 real_p2_lfm=0.0039 real_total=0.3065 discr_adv=0.9831 p2_d_real=0.5176 p2_d_fake=0.4835 g_grad_abs=1256.8531 d_grad_abs=646.5431 synth_eps=0.0586 synth_eps_raw=0.0586 synth_x0_hit=0.0000 synth_total=0.0586 extra_render_attn_share=0.5359
[step 15500] real_p1_mirror_hole_cov=0.1268 real_p1_eps=0.0040 real_p1_hole_frac=0.1669 real_p2_eps=0.0022 real_p2_hit=0.0000 real_total=0.0062 synth_eps=0.0078 synth_eps_raw=0.0078 synth_x0_hit=0.0000 synth_total=0.0078 extra_render_attn_share=0.5359
[images] real: anchor | cond1 | cond2 | inv_warp_mirror | mask | mask_inv | warp_img | warp_warp_img | x | y_hat | y_hat_novel -> /home/xzy/warpgan-diffusiong-inpainting/warpgan-diffusion-inpainting-main/experiments/train_inpainting_diffusion/[20260915-085455]_v19_w6b_300k/logs/images/train/real_step0015500.png
[images] synth: cond | mask | target | warp_img | x | y_hat_novel -> /home/xzy/warpgan-diffusiong-inpainting/warpgan-diffusion-inpainting-main/experiments/train_inpainting_diffusion/[20260915-085455]_v19_w6b_300k/logs/images/train/synth_step0015500.png
[step 15550] real_p1_mirror_hole_cov=0.0212 real_p1_eps=0.0012 real_p1_hole_frac=0.0281 real_p2_eps=0.0025 real_p2_hit=0.0000 real_total=0.0038 synth_eps=0.0027 synth_eps_raw=0.0027 synth_x0_hit=0.0000 synth_total=0.0027 extra_render_attn_share=0.5359
[step 15600] real_p1_mirror_hole_cov=0.1654 real_p1_eps=0.0487 real_p1_hole_frac=0.1258 real_p2_eps=0.1527 real_p2_hit=1.0000 real_p2_t=141.0000 real_p2_ldif=0.0290 real_p2_gen_adv=-0.3464 real_p2_lfm=0.0026 real_total=0.2009 discr_adv=1.9642 x0_d_real=-0.1092 x0_d_fake=-0.2049 p2_d_real=0.3357 p2_d_fake=0.3464 g_grad_abs=978.3028 d_grad_abs=2073.4264 synth_eps=0.0061 synth_eps_raw=0.0061 synth_x0_hit=0.0000 synth_total=0.0061 extra_render_attn_share=0.5359
[step 15650] real_p1_mirror_hole_cov=0.0797 real_p1_eps=0.0032 real_p1_hole_frac=0.1679 real_p2_eps=0.1202 real_p2_hit=1.0000 real_p2_t=271.0000 real_p2_ldif=0.0679 real_p2_gen_adv=-0.3449 real_p2_lfm=0.0053 real_total=0.1674 discr_adv=1.8856 x0_d_real=0.1497 x0_d_fake=-0.0807 p2_d_real=0.4209 p2_d_fake=0.3449 g_grad_abs=1053.3908 d_grad_abs=2988.5015 synth_eps=0.0610 synth_eps_raw=0.0610 synth_x0_hit=0.0000 synth_total=0.0610 extra_render_attn_share=0.5359
[step 15700] real_p1_mirror_hole_cov=0.0330 real_p1_eps=0.0025 real_p1_hole_frac=0.3994 real_p2_eps=0.1279 real_p2_hit=0.0000 real_total=0.1304 synth_eps=0.0079 synth_eps_raw=0.0079 synth_x0_hit=0.0000 synth_total=0.0079 extra_render_attn_share=0.5359
[step 15750] real_p1_mirror_hole_cov=0.0239 real_p1_eps=0.0153 real_p1_hole_frac=0.2067 real_p2_eps=0.0670 real_p2_hit=0.0000 real_total=0.0823 synth_eps=0.0371 synth_eps_raw=0.0371 synth_x0_hit=0.0000 synth_total=0.0371 extra_render_attn_share=0.5359
[step 15800] real_p1_mirror_hole_cov=0.1749 real_p1_eps=0.2917 real_p1_hole_frac=0.2911 real_p2_eps=0.0674 real_p2_hit=0.0000 real_total=0.3590 synth_eps=0.2282 synth_eps_raw=0.2282 synth_x0_hit=0.0000 synth_total=0.2282 extra_render_attn_share=0.5359
[step 15850] real_p1_mirror_hole_cov=0.0892 real_p1_eps=0.0032 real_p1_hole_frac=0.5533 real_p2_eps=0.1359 real_p2_hit=1.0000 real_p2_t=266.0000 real_p2_ldif=0.0740 real_p2_gen_adv=-0.1743 real_p2_lfm=0.0014 real_total=0.1985 discr_adv=0.9540 p2_d_real=0.2663 p2_d_fake=0.1743 g_grad_abs=1109.6949 d_grad_abs=903.2460 synth_eps=0.2390 synth_eps_raw=0.2390 synth_x0_hit=1.0000 synth_x0_t=226.0000 synth_x0_ldif=0.0963 synth_x0_gen_adv=-0.2138 synth_x0_lfm=0.0053 synth_total=0.3246 extra_render_attn_share=0.5359
[step 15900] real_p1_mirror_hole_cov=0.2277 real_p1_eps=0.0025 real_p1_hole_frac=0.5052 real_p2_eps=0.0620 real_p2_hit=0.0000 real_total=0.0645 synth_eps=0.0178 synth_eps_raw=0.0178 synth_x0_hit=0.0000 synth_total=0.0178 extra_render_attn_share=0.5359
[step 15950] real_p1_mirror_hole_cov=0.0164 real_p1_eps=0.0608 real_p1_hole_frac=0.3882 real_p2_eps=0.0168 real_p2_hit=0.0000 real_total=0.0776 synth_eps=0.0382 synth_eps_raw=0.0382 synth_x0_hit=0.0000 synth_total=0.0382 extra_render_attn_share=0.5359
[val step 15999] val_novel_full=0.0905 val_novel_hole=0.0956 val_novel_visible=0.0863
[step 16000] real_p1_mirror_hole_cov=0.0333 real_p1_eps=0.0250 real_p1_hole_frac=0.1570 real_p2_eps=0.0118 real_p2_hit=0.0000 real_total=0.0368 synth_eps=0.0019 synth_eps_raw=0.0019 synth_x0_hit=0.0000 synth_total=0.0019 extra_render_attn_share=0.5417
[images] real: anchor | cond1 | cond2 | inv_warp_mirror | mask | mask_inv | warp_img | warp_warp_img | x | y_hat | y_hat_novel -> /home/xzy/warpgan-diffusiong-inpainting/warpgan-diffusion-inpainting-main/experiments/train_inpainting_diffusion/[20260915-085455]_v19_w6b_300k/logs/images/train/real_step0016000.png
[images] synth: cond | mask | target | warp_img | x | y_hat_novel -> /home/xzy/warpgan-diffusiong-inpainting/warpgan-diffusion-inpainting-main/experiments/train_inpainting_diffusion/[20260915-085455]_v19_w6b_300k/logs/images/train/synth_step0016000.png
[step 16050] real_p1_mirror_hole_cov=0.2437 real_p1_eps=0.0252 real_p1_hole_frac=0.0228 real_p2_eps=0.0222 real_p2_hit=0.0000 real_total=0.0473 synth_eps=0.1282 synth_eps_raw=0.1282 synth_x0_hit=0.0000 synth_total=0.1282 extra_render_attn_share=0.5417
[step 16100] real_p1_mirror_hole_cov=0.1755 real_p1_eps=0.0068 real_p1_hole_frac=0.5509 real_p2_eps=0.0305 real_p2_hit=0.0000 real_total=0.0373 synth_eps=0.1303 synth_eps_raw=0.1303 synth_x0_hit=0.0000 synth_total=0.1303 extra_render_attn_share=0.5417
[step 16150] real_p1_mirror_hole_cov=0.2377 real_p1_eps=0.0068 real_p1_hole_frac=0.5756 real_p2_eps=0.0169 real_p2_hit=0.0000 real_total=0.0237 synth_eps=0.0143 synth_eps_raw=0.0143 synth_x0_hit=0.0000 synth_total=0.0143 extra_render_attn_share=0.5417
[step 16200] real_p1_mirror_hole_cov=0.3106 real_p1_eps=0.0108 real_p1_hole_frac=0.2612 real_p2_eps=0.1810 real_p2_hit=1.0000 real_p2_t=186.0000 real_p2_ldif=0.0526 real_p2_gen_adv=-0.2883 real_p2_lfm=0.0041 real_total=0.2238 discr_adv=0.9448 p2_d_real=0.3986 p2_d_fake=0.2883 g_grad_abs=1033.5750 d_grad_abs=697.8820 synth_eps=0.4845 synth_eps_raw=0.4845 synth_x0_hit=1.0000 synth_x0_t=44.0000 synth_x0_ldif=0.0213 synth_x0_gen_adv=-0.4649 synth_x0_lfm=0.0028 synth_total=0.4648 extra_render_attn_share=0.5417
[step 16250] real_p1_mirror_hole_cov=0.2366 real_p1_eps=0.0221 real_p1_hole_frac=0.4553 real_p2_eps=0.0342 real_p2_hit=0.0000 real_total=0.0564 synth_eps=0.4903 synth_eps_raw=0.4903 synth_x0_hit=1.0000 synth_x0_t=54.0000 synth_x0_ldif=0.0273 synth_x0_gen_adv=0.1885 synth_x0_lfm=0.0031 synth_total=0.5426 extra_render_attn_share=0.5417
[step 16300] real_p1_mirror_hole_cov=0.0106 real_p1_eps=0.0016 real_p1_hole_frac=0.1486 real_p2_eps=0.0015 real_p2_hit=0.0000 real_total=0.0031 discr_adv=0.9576 x0_d_real=0.0163 x0_d_fake=-0.0685 g_grad_abs=94.4860 d_grad_abs=516.2233 synth_eps=0.2664 synth_eps_raw=0.2664 synth_x0_hit=1.0000 synth_x0_t=147.0000 synth_x0_ldif=0.0538 synth_x0_gen_adv=0.4158 synth_x0_lfm=0.0040 synth_total=0.3697 extra_render_attn_share=0.5417
[step 16350] real_p1_mirror_hole_cov=0.1588 real_p1_eps=0.0010 real_p1_hole_frac=0.0938 real_p2_eps=0.0326 real_p2_hit=0.0000 real_total=0.0337 synth_eps=0.3089 synth_eps_raw=0.3089 synth_x0_hit=1.0000 synth_x0_t=131.0000 synth_x0_ldif=0.0528 synth_x0_gen_adv=-0.0098 synth_x0_lfm=0.0048 synth_total=0.3703 extra_render_attn_share=0.5417
[step 16400] real_p1_mirror_hole_cov=0.1485 real_p1_eps=0.0363 real_p1_hole_frac=0.2515 real_p2_eps=0.0159 real_p2_hit=0.0000 real_total=0.0522 synth_eps=0.4474 synth_eps_raw=0.4474 synth_x0_hit=1.0000 synth_x0_t=93.0000 synth_x0_ldif=0.0482 synth_x0_gen_adv=-0.2918 synth_x0_lfm=0.0041 synth_total=0.4746 extra_render_attn_share=0.5417
[step 16450] real_p1_mirror_hole_cov=0.1141 real_p1_eps=0.0160 real_p1_hole_frac=0.1998 real_p2_eps=0.2624 real_p2_hit=1.0000 real_p2_t=95.0000 real_p2_ldif=0.0290 real_p2_gen_adv=-0.0158 real_p2_lfm=0.0021 real_total=0.3101 discr_adv=1.8644 x0_d_real=-0.0894 x0_d_fake=-0.3043 p2_d_real=0.0721 p2_d_fake=0.0158 g_grad_abs=1176.8135 d_grad_abs=1412.4725 synth_eps=0.0261 synth_eps_raw=0.0261 synth_x0_hit=0.0000 synth_total=0.0261 extra_render_attn_share=0.5417
[step 16500] real_p1_mirror_hole_cov=0.1709 real_p1_eps=0.1692 real_p1_hole_frac=0.4286 real_p2_eps=0.7794 real_p2_hit=1.0000 real_p2_t=7.0000 real_p2_ldif=0.0054 real_p2_gen_adv=-0.9280 real_p2_lfm=0.0007 real_total=0.8626 discr_adv=1.0097 p2_d_real=0.9308 p2_d_fake=0.9280 g_grad_abs=1520.7083 d_grad_abs=314.1151 synth_eps=0.0045 synth_eps_raw=0.0045 synth_x0_hit=0.0000 synth_total=0.0045 extra_render_attn_share=0.5417
[images] real: anchor | cond1 | cond2 | inv_warp_mirror | mask | mask_inv | warp_img | warp_warp_img | x | y_hat | y_hat_novel -> /home/xzy/warpgan-diffusiong-inpainting/warpgan-diffusion-inpainting-main/experiments/train_inpainting_diffusion/[20260915-085455]_v19_w6b_300k/logs/images/train/real_step0016500.png
[images] synth: cond | mask | target | warp_img | x | y_hat_novel -> /home/xzy/warpgan-diffusiong-inpainting/warpgan-diffusion-inpainting-main/experiments/train_inpainting_diffusion/[20260915-085455]_v19_w6b_300k/logs/images/train/synth_step0016500.png
[step 16550] real_p1_mirror_hole_cov=0.2565 real_p1_eps=0.0020 real_p1_hole_frac=0.0684 real_p2_eps=0.0010 real_p2_hit=0.0000 real_total=0.0030 discr_adv=0.8996 x0_d_real=0.3307 x0_d_fake=0.1298 g_grad_abs=110.6316 d_grad_abs=729.2728 synth_eps=0.0502 synth_eps_raw=0.0502 synth_x0_hit=0.0000 synth_total=0.0502 extra_render_attn_share=0.5417
[step 16600] real_p1_mirror_hole_cov=0.1511 real_p1_eps=0.0228 real_p1_hole_frac=0.2829 real_p2_eps=0.0014 real_p2_hit=0.0000 real_total=0.0241 discr_adv=1.0510 x0_d_real=-0.3346 x0_d_fake=-0.2342 g_grad_abs=228.7475 d_grad_abs=406.6145 synth_eps=0.0148 synth_eps_raw=0.0148 synth_x0_hit=0.0000 synth_total=0.0148 extra_render_attn_share=0.5417
[step 16650] real_p1_mirror_hole_cov=0.0434 real_p1_eps=0.0304 real_p1_hole_frac=0.0502 real_p2_eps=0.0320 real_p2_hit=0.0000 real_total=0.0624 synth_eps=0.0215 synth_eps_raw=0.0215 synth_x0_hit=0.0000 synth_total=0.0215 extra_render_attn_share=0.5417
[step 16700] real_p1_mirror_hole_cov=0.0550 real_p1_eps=0.0388 real_p1_hole_frac=0.3951 real_p2_eps=0.2418 real_p2_hit=1.0000 real_p2_t=233.0000 real_p2_ldif=0.1029 real_p2_gen_adv=-0.7609 real_p2_lfm=0.0058 real_total=0.3190 discr_adv=1.0128 p2_d_real=0.7388 p2_d_fake=0.7609 g_grad_abs=1847.9560 d_grad_abs=222.3210 synth_eps=0.5177 synth_eps_raw=0.5177 synth_x0_hit=1.0000 synth_x0_t=64.0000 synth_x0_ldif=0.0351 synth_x0_gen_adv=-0.6480 synth_x0_lfm=0.0029 synth_total=0.4937 extra_render_attn_share=0.5417
[step 16750] real_p1_mirror_hole_cov=0.0306 real_p1_eps=0.1121 real_p1_hole_frac=0.2587 real_p2_eps=0.0332 real_p2_hit=0.0000 real_total=0.1453 synth_eps=0.0048 synth_eps_raw=0.0048 synth_x0_hit=0.0000 synth_total=0.0048 extra_render_attn_share=0.5417
[step 16800] real_p1_mirror_hole_cov=0.0012 real_p1_eps=0.0024 real_p1_hole_frac=0.2863 real_p2_eps=0.0515 real_p2_hit=0.0000 real_total=0.0538 synth_eps=0.1196 synth_eps_raw=0.1196 synth_x0_hit=1.0000 synth_x0_t=295.0000 synth_x0_ldif=0.0801 synth_x0_gen_adv=-0.0395 synth_x0_lfm=0.0057 synth_total=0.2072 extra_render_attn_share=0.5417
[step 16850] real_p1_mirror_hole_cov=0.1405 real_p1_eps=0.1171 real_p1_hole_frac=0.3080 real_p2_eps=0.0097 real_p2_hit=0.0000 real_total=0.1269 discr_adv=0.8741 x0_d_real=0.0739 x0_d_fake=-0.1792 g_grad_abs=590.7666 d_grad_abs=1043.7367 synth_eps=0.0097 synth_eps_raw=0.0097 synth_x0_hit=0.0000 synth_total=0.0097 extra_render_attn_share=0.5417
[step 16900] real_p1_mirror_hole_cov=0.0204 real_p1_eps=0.0195 real_p1_hole_frac=0.0904 real_p2_eps=0.0013 real_p2_hit=0.0000 real_total=0.0208 synth_eps=0.1072 synth_eps_raw=0.1072 synth_x0_hit=0.0000 synth_total=0.1072 extra_render_attn_share=0.5417
[step 16950] real_p1_mirror_hole_cov=0.0167 real_p1_eps=0.1653 real_p1_hole_frac=0.2502 real_p2_eps=0.2709 real_p2_hit=1.0000 real_p2_t=121.0000 real_p2_ldif=0.0415 real_p2_gen_adv=-0.1692 real_p2_lfm=0.0048 real_total=0.4704 discr_adv=1.0120 p2_d_real=0.1453 p2_d_fake=0.1692 g_grad_abs=1443.7694 d_grad_abs=245.3246 synth_eps=0.0266 synth_eps_raw=0.0266 synth_x0_hit=0.0000 synth_total=0.0266 extra_render_attn_share=0.5417
[step 17000] real_p1_mirror_hole_cov=0.3732 real_p1_eps=0.0514 real_p1_hole_frac=0.5692 real_p2_eps=0.0219 real_p2_hit=0.0000 real_total=0.0733 discr_adv=0.9182 x0_d_real=-0.1788 x0_d_fake=-0.3425 g_grad_abs=445.4912 d_grad_abs=1020.1728 synth_eps=0.7331 synth_eps_raw=0.7331 synth_x0_hit=1.0000 synth_x0_t=11.0000 synth_x0_ldif=0.0078 synth_x0_gen_adv=-0.0611 synth_x0_lfm=0.0012 synth_total=0.7371 extra_render_attn_share=0.5417
[images] real: anchor | cond1 | cond2 | inv_warp_mirror | mask | mask_inv | warp_img | warp_warp_img | x | y_hat | y_hat_novel -> /home/xzy/warpgan-diffusiong-inpainting/warpgan-diffusion-inpainting-main/experiments/train_inpainting_diffusion/[20260915-085455]_v19_w6b_300k/logs/images/train/real_step0017000.png
[images] synth: cond | mask | target | warp_img | x | y_hat_novel -> /home/xzy/warpgan-diffusiong-inpainting/warpgan-diffusion-inpainting-main/experiments/train_inpainting_diffusion/[20260915-085455]_v19_w6b_300k/logs/images/train/synth_step0017000.png
[step 17050] real_p1_mirror_hole_cov=0.1308 real_p1_eps=0.0008 real_p1_hole_frac=0.1672 real_p2_eps=0.0878 real_p2_hit=0.0000 real_total=0.0885 synth_eps=0.1059 synth_eps_raw=0.1059 synth_x0_hit=0.0000 synth_total=0.1059 extra_render_attn_share=0.5417
[step 17100] real_p1_mirror_hole_cov=0.0834 real_p1_eps=0.2618 real_p1_hole_frac=0.4255 real_p2_eps=0.1447 real_p2_hit=0.0000 real_total=0.4066 synth_eps=0.3407 synth_eps_raw=0.3407 synth_x0_hit=1.0000 synth_x0_t=174.0000 synth_x0_ldif=0.0889 synth_x0_gen_adv=-0.7230 synth_x0_lfm=0.0061 synth_total=0.3695 extra_render_attn_share=0.5417
[step 17150] real_p1_mirror_hole_cov=0.0156 real_p1_eps=0.0275 real_p1_hole_frac=0.2149 real_p2_eps=0.1745 real_p2_hit=1.0000 real_p2_t=239.0000 real_p2_ldif=0.0778 real_p2_gen_adv=-0.7052 real_p2_lfm=0.0035 real_total=0.2161 discr_adv=2.0623 x0_d_real=0.2463 x0_d_fake=0.2771 p2_d_real=0.6137 p2_d_fake=0.7052 g_grad_abs=1400.5442 d_grad_abs=515.5944 synth_eps=0.0093 synth_eps_raw=0.0093 synth_x0_hit=0.0000 synth_total=0.0093 extra_render_attn_share=0.5417
[step 17200] real_p1_mirror_hole_cov=0.0245 real_p1_eps=0.0026 real_p1_hole_frac=0.4445 real_p2_eps=0.0044 real_p2_hit=0.0000 real_total=0.0070 synth_eps=0.0053 synth_eps_raw=0.0053 synth_x0_hit=0.0000 synth_total=0.0053 extra_render_attn_share=0.5417
[step 17250] real_p1_mirror_hole_cov=0.0243 real_p1_eps=0.0475 real_p1_hole_frac=0.2925 real_p2_eps=0.0426 real_p2_hit=0.0000 real_total=0.0901 synth_eps=0.0298 synth_eps_raw=0.0298 synth_x0_hit=0.0000 synth_total=0.0298 extra_render_attn_share=0.5417
[step 17300] real_p1_mirror_hole_cov=0.1403 real_p1_eps=0.0357 real_p1_hole_frac=0.2406 real_p2_eps=0.2136 real_p2_hit=1.0000 real_p2_t=193.0000 real_p2_ldif=0.0658 real_p2_gen_adv=-0.6082 real_p2_lfm=0.0046 real_total=0.2635 discr_adv=0.9840 p2_d_real=0.6403 p2_d_fake=0.6082 g_grad_abs=1690.4441 d_grad_abs=295.1687 synth_eps=0.0052 synth_eps_raw=0.0052 synth_x0_hit=0.0000 synth_total=0.0052 extra_render_attn_share=0.5417
[step 17350] real_p1_mirror_hole_cov=0.0497 real_p1_eps=0.0049 real_p1_hole_frac=0.2752 real_p2_eps=0.0218 real_p2_hit=0.0000 real_total=0.0267 discr_adv=0.9745 x0_d_real=-0.1781 x0_d_fake=-0.2290 g_grad_abs=275.3383 d_grad_abs=268.4581 synth_eps=0.1028 synth_eps_raw=0.1028 synth_x0_hit=0.0000 synth_total=0.1028 extra_render_attn_share=0.5417
[step 17400] real_p1_mirror_hole_cov=0.0237 real_p1_eps=0.0008 real_p1_hole_frac=0.2026 real_p2_eps=0.0247 real_p2_hit=0.0000 real_total=0.0255 synth_eps=0.0112 synth_eps_raw=0.0112 synth_x0_hit=0.0000 synth_total=0.0112 extra_render_attn_share=0.5417
[step 17450] real_p1_mirror_hole_cov=0.0122 real_p1_eps=0.0740 real_p1_hole_frac=0.3749 real_p2_eps=0.0346 real_p2_hit=0.0000 real_total=0.1087 discr_adv=0.9437 x0_d_real=-0.3447 x0_d_fake=-0.4574 g_grad_abs=574.0541 d_grad_abs=514.4487 synth_eps=0.0927 synth_eps_raw=0.0927 synth_x0_hit=0.0000 synth_total=0.0927 extra_render_attn_share=0.5417
[step 17500] real_p1_mirror_hole_cov=0.1764 real_p1_eps=0.0694 real_p1_hole_frac=0.3045 real_p2_eps=0.3070 real_p2_hit=1.0000 real_p2_t=142.0000 real_p2_ldif=0.0589 real_p2_gen_adv=-0.3590 real_p2_lfm=0.0046 real_total=0.4086 discr_adv=0.9417 p2_d_real=0.4756 p2_d_fake=0.3590 g_grad_abs=1340.9216 d_grad_abs=695.5678 synth_eps=0.0240 synth_eps_raw=0.0240 synth_x0_hit=0.0000 synth_total=0.0240 extra_render_attn_share=0.5417
[images] real: anchor | cond1 | cond2 | inv_warp_mirror | mask | mask_inv | warp_img | warp_warp_img | x | y_hat | y_hat_novel -> /home/xzy/warpgan-diffusiong-inpainting/warpgan-diffusion-inpainting-main/experiments/train_inpainting_diffusion/[20260915-085455]_v19_w6b_300k/logs/images/train/real_step0017500.png
[images] synth: cond | mask | target | warp_img | x | y_hat_novel -> /home/xzy/warpgan-diffusiong-inpainting/warpgan-diffusion-inpainting-main/experiments/train_inpainting_diffusion/[20260915-085455]_v19_w6b_300k/logs/images/train/synth_step0017500.png
[step 17550] real_p1_mirror_hole_cov=0.0185 real_p1_eps=0.0088 real_p1_hole_frac=0.1930 real_p2_eps=0.1453 real_p2_hit=1.0000 real_p2_t=235.0000 real_p2_ldif=0.0628 real_p2_gen_adv=-0.6516 real_p2_lfm=0.0042 real_total=0.1601 discr_adv=1.0090 p2_d_real=0.6336 p2_d_fake=0.6516 g_grad_abs=1223.7367 d_grad_abs=332.7168 synth_eps=0.3912 synth_eps_raw=0.3912 synth_x0_hit=1.0000 synth_x0_t=126.0000 synth_x0_ldif=0.0633 synth_x0_gen_adv=-0.1992 synth_x0_lfm=0.0054 synth_total=0.4455 extra_render_attn_share=0.5417
[step 17600] real_p1_mirror_hole_cov=0.0132 real_p1_eps=0.0387 real_p1_hole_frac=0.3655 real_p2_eps=0.6334 real_p2_hit=1.0000 real_p2_t=9.0000 real_p2_ldif=0.0055 real_p2_gen_adv=0.5365 real_p2_lfm=0.0011 real_total=0.7334 discr_adv=0.9876 p2_d_real=-0.5117 p2_d_fake=-0.5365 g_grad_abs=1257.1811 d_grad_abs=100.6301 synth_eps=0.1256 synth_eps_raw=0.1256 synth_x0_hit=0.0000 synth_total=0.1256 extra_render_attn_share=0.5417
[step 17650] real_p1_mirror_hole_cov=0.0023 real_p1_eps=0.2407 real_p1_hole_frac=0.2622 real_p2_eps=0.0255 real_p2_hit=0.0000 real_total=0.2661 discr_adv=0.9335 x0_d_real=-0.3320 x0_d_fake=-0.4649 g_grad_abs=982.3812 d_grad_abs=755.1143 synth_eps=0.0862 synth_eps_raw=0.0862 synth_x0_hit=0.0000 synth_total=0.0862 extra_render_attn_share=0.5417
[step 17700] real_p1_mirror_hole_cov=0.1210 real_p1_eps=0.2192 real_p1_hole_frac=0.3680 real_p2_eps=0.0021 real_p2_hit=0.0000 real_total=0.2213 discr_adv=0.9670 x0_d_real=-0.2775 x0_d_fake=-0.3436 g_grad_abs=866.3033 d_grad_abs=299.3862 synth_eps=0.0020 synth_eps_raw=0.0020 synth_x0_hit=0.0000 synth_total=0.0020 extra_render_attn_share=0.5417
[step 17750] real_p1_mirror_hole_cov=0.0268 real_p1_eps=0.0153 real_p1_hole_frac=0.2437 real_p2_eps=0.1870 real_p2_hit=1.0000 real_p2_t=147.0000 real_p2_ldif=0.0378 real_p2_gen_adv=-0.2874 real_p2_lfm=0.0034 real_total=0.2180 discr_adv=1.8824 x0_d_real=0.4803 x0_d_fake=0.2686 p2_d_real=0.3110 p2_d_fake=0.2874 g_grad_abs=1172.6166 d_grad_abs=762.8780 synth_eps=0.0362 synth_eps_raw=0.0362 synth_x0_hit=0.0000 synth_total=0.0362 extra_render_attn_share=0.5417
[step 17800] real_p1_mirror_hole_cov=0.2772 real_p1_eps=0.3622 real_p1_hole_frac=0.5062 real_p2_eps=0.0743 real_p2_hit=0.0000 real_total=0.4365 synth_eps=0.0038 synth_eps_raw=0.0038 synth_x0_hit=0.0000 synth_total=0.0038 extra_render_attn_share=0.5417
[step 17850] real_p1_mirror_hole_cov=0.0192 real_p1_eps=0.2673 real_p1_hole_frac=0.2545 real_p2_eps=0.2573 real_p2_hit=1.0000 real_p2_t=121.0000 real_p2_ldif=0.0394 real_p2_gen_adv=-0.2103 real_p2_lfm=0.0032 real_total=0.5494 discr_adv=2.0177 x0_d_real=-0.0919 x0_d_fake=-0.1660 p2_d_real=0.1009 p2_d_fake=0.2103 g_grad_abs=1567.5073 d_grad_abs=756.2487 synth_eps=0.3346 synth_eps_raw=0.3346 synth_x0_hit=1.0000 synth_x0_t=138.0000 synth_x0_ldif=0.0616 synth_x0_gen_adv=0.4332 synth_x0_lfm=0.0047 synth_total=0.4489 extra_render_attn_share=0.5417
[step 17900] real_p1_mirror_hole_cov=0.2341 real_p1_eps=0.0658 real_p1_hole_frac=0.1690 real_p2_eps=0.1101 real_p2_hit=1.0000 real_p2_t=259.0000 real_p2_ldif=0.0570 real_p2_gen_adv=-0.4977 real_p2_lfm=0.0048 real_total=0.1927 discr_adv=2.0590 x0_d_real=-0.1532 x0_d_fake=-0.1459 p2_d_real=0.3877 p2_d_fake=0.4977 g_grad_abs=1176.7625 d_grad_abs=896.5049 synth_eps=0.1273 synth_eps_raw=0.1273 synth_x0_hit=0.0000 synth_total=0.1273 extra_render_attn_share=0.5417
[step 17950] real_p1_mirror_hole_cov=0.0033 real_p1_eps=0.0013 real_p1_hole_frac=0.1982 real_p2_eps=0.0032 real_p2_hit=0.0000 real_total=0.0045 synth_eps=0.1814 synth_eps_raw=0.1814 synth_x0_hit=1.0000 synth_x0_t=273.0000 synth_x0_ldif=0.1039 synth_x0_gen_adv=-0.3787 synth_x0_lfm=0.0069 synth_total=0.2612 extra_render_attn_share=0.5417
[val step 17999] val_novel_full=0.0567 val_novel_hole=0.0910 val_novel_visible=0.0482
[step 18000] real_p1_mirror_hole_cov=0.0096 real_p1_eps=0.0796 real_p1_hole_frac=0.1964 real_p2_eps=0.0740 real_p2_hit=0.0000 real_total=0.1536 synth_eps=0.0376 synth_eps_raw=0.0376 synth_x0_hit=0.0000 synth_total=0.0376 extra_render_attn_share=0.5434
[images] real: anchor | cond1 | cond2 | inv_warp_mirror | mask | mask_inv | warp_img | warp_warp_img | x | y_hat | y_hat_novel -> /home/xzy/warpgan-diffusiong-inpainting/warpgan-diffusion-inpainting-main/experiments/train_inpainting_diffusion/[20260915-085455]_v19_w6b_300k/logs/images/train/real_step0018000.png
[images] synth: cond | mask | target | warp_img | x | y_hat_novel -> /home/xzy/warpgan-diffusiong-inpainting/warpgan-diffusion-inpainting-main/experiments/train_inpainting_diffusion/[20260915-085455]_v19_w6b_300k/logs/images/train/synth_step0018000.png
[step 18050] real_p1_mirror_hole_cov=0.0088 real_p1_eps=0.0024 real_p1_hole_frac=0.2296 real_p2_eps=0.0083 real_p2_hit=0.0000 real_total=0.0108 synth_eps=0.1849 synth_eps_raw=0.1849 synth_x0_hit=1.0000 synth_x0_t=204.0000 synth_x0_ldif=0.0625 synth_x0_gen_adv=0.1516 synth_x0_lfm=0.0035 synth_total=0.2695 extra_render_attn_share=0.5434
[step 18100] real_p1_mirror_hole_cov=0.0840 real_p1_eps=0.0014 real_p1_hole_frac=0.2197 real_p2_eps=0.3033 real_p2_hit=1.0000 real_p2_t=100.0000 real_p2_ldif=0.0359 real_p2_gen_adv=-0.0953 real_p2_lfm=0.0029 real_total=0.3367 discr_adv=0.9854 p2_d_real=0.1246 p2_d_fake=0.0953 g_grad_abs=1070.3002 d_grad_abs=156.3999 synth_eps=0.1933 synth_eps_raw=0.1933 synth_x0_hit=0.0000 synth_total=0.1933 extra_render_attn_share=0.5434
[step 18150] real_p1_mirror_hole_cov=0.1367 real_p1_eps=0.0011 real_p1_hole_frac=0.2899 real_p2_eps=0.0730 real_p2_hit=0.0000 real_total=0.0741 discr_adv=1.0279 x0_d_real=-0.2687 x0_d_fake=-0.2129 g_grad_abs=546.8465 d_grad_abs=381.5984 synth_eps=0.0174 synth_eps_raw=0.0174 synth_x0_hit=0.0000 synth_total=0.0174 extra_render_attn_share=0.5434
[step 18200] real_p1_mirror_hole_cov=0.2334 real_p1_eps=0.2586 real_p1_hole_frac=0.2453 real_p2_eps=0.0466 real_p2_hit=0.0000 real_total=0.3052 discr_adv=0.8917 x0_d_real=0.6290 x0_d_fake=0.4121 g_grad_abs=1160.0610 d_grad_abs=1175.2442 synth_eps=0.0815 synth_eps_raw=0.0815 synth_x0_hit=0.0000 synth_total=0.0815 extra_render_attn_share=0.5434
[step 18250] real_p1_mirror_hole_cov=0.1764 real_p1_eps=0.0814 real_p1_hole_frac=0.5372 real_p2_eps=0.0433 real_p2_hit=0.0000 real_total=0.1247 synth_eps=0.0568 synth_eps_raw=0.0568 synth_x0_hit=0.0000 synth_total=0.0568 extra_render_attn_share=0.5434
[step 18300] real_p1_mirror_hole_cov=0.1703 real_p1_eps=0.0192 real_p1_hole_frac=0.5209 real_p2_eps=0.4861 real_p2_hit=1.0000 real_p2_t=58.0000 real_p2_ldif=0.0294 real_p2_gen_adv=0.2485 real_p2_lfm=0.0019 real_total=0.5634 discr_adv=0.9610 p2_d_real=-0.1705 p2_d_fake=-0.2485 g_grad_abs=1083.1799 d_grad_abs=287.6387 synth_eps=0.0396 synth_eps_raw=0.0396 synth_x0_hit=0.0000 synth_total=0.0396 extra_render_attn_share=0.5434
[step 18350] real_p1_mirror_hole_cov=0.0414 real_p1_eps=0.1062 real_p1_hole_frac=0.4441 real_p2_eps=0.0021 real_p2_hit=0.0000 real_total=0.1082 discr_adv=1.0024 x0_d_real=0.3430 x0_d_fake=0.3466 g_grad_abs=681.0542 d_grad_abs=160.5034 synth_eps=0.0068 synth_eps_raw=0.0068 synth_x0_hit=0.0000 synth_total=0.0068 extra_render_attn_share=0.5434
[step 18400] real_p1_mirror_hole_cov=0.2476 real_p1_eps=0.0540 real_p1_hole_frac=0.5575 real_p2_eps=0.1481 real_p2_hit=0.0000 real_total=0.2021 synth_eps=0.0065 synth_eps_raw=0.0065 synth_x0_hit=0.0000 synth_total=0.0065 extra_render_attn_share=0.5434
[step 18450] real_p1_mirror_hole_cov=0.0094 real_p1_eps=0.0032 real_p1_hole_frac=0.3236 real_p2_eps=0.1884 real_p2_hit=1.0000 real_p2_t=269.0000 real_p2_ldif=0.1049 real_p2_gen_adv=-0.2463 real_p2_lfm=0.0069 real_total=0.2857 discr_adv=0.9992 p2_d_real=0.2480 p2_d_fake=0.2463 g_grad_abs=1339.3624 d_grad_abs=421.4330 synth_eps=0.1411 synth_eps_raw=0.1411 synth_x0_hit=0.0000 synth_total=0.1411 extra_render_attn_share=0.5434
[step 18500] real_p1_mirror_hole_cov=0.0003 real_p1_eps=0.0030 real_p1_hole_frac=0.0373 real_p2_eps=0.0026 real_p2_hit=0.0000 real_total=0.0056 synth_eps=0.0444 synth_eps_raw=0.0444 synth_x0_hit=0.0000 synth_total=0.0444 extra_render_attn_share=0.5434
[images] real: anchor | cond1 | cond2 | inv_warp_mirror | mask | mask_inv | warp_img | warp_warp_img | x | y_hat | y_hat_novel -> /home/xzy/warpgan-diffusiong-inpainting/warpgan-diffusion-inpainting-main/experiments/train_inpainting_diffusion/[20260915-085455]_v19_w6b_300k/logs/images/train/real_step0018500.png
[images] synth: cond | mask | target | warp_img | x | y_hat_novel -> /home/xzy/warpgan-diffusiong-inpainting/warpgan-diffusion-inpainting-main/experiments/train_inpainting_diffusion/[20260915-085455]_v19_w6b_300k/logs/images/train/synth_step0018500.png
[step 18550] real_p1_mirror_hole_cov=0.0853 real_p1_eps=0.0042 real_p1_hole_frac=0.3291 real_p2_eps=0.0870 real_p2_hit=0.0000 real_total=0.0912 synth_eps=0.2134 synth_eps_raw=0.2134 synth_x0_hit=1.0000 synth_x0_t=257.0000 synth_x0_ldif=0.1088 synth_x0_gen_adv=0.1661 synth_x0_lfm=0.0077 synth_total=0.3542 extra_render_attn_share=0.5434
[step 18600] real_p1_mirror_hole_cov=0.0931 real_p1_eps=0.0028 real_p1_hole_frac=0.3273 real_p2_eps=0.0029 real_p2_hit=0.0000 real_total=0.0057 synth_eps=0.0601 synth_eps_raw=0.0601 synth_x0_hit=0.0000 synth_total=0.0601 extra_render_attn_share=0.5434
[step 18650] real_p1_mirror_hole_cov=0.0201 real_p1_eps=0.1525 real_p1_hole_frac=0.1132 real_p2_eps=0.0561 real_p2_hit=0.0000 real_total=0.2087 discr_adv=0.9591 x0_d_real=0.8215 x0_d_fake=0.7388 g_grad_abs=992.5702 d_grad_abs=987.0340 synth_eps=0.1155 synth_eps_raw=0.1155 synth_x0_hit=0.0000 synth_total=0.1155 extra_render_attn_share=0.5434
[step 18700] real_p1_mirror_hole_cov=0.2513 real_p1_eps=0.0032 real_p1_hole_frac=0.4318 real_p2_eps=0.1989 real_p2_hit=1.0000 real_p2_t=235.0000 real_p2_ldif=0.0859 real_p2_gen_adv=0.4039 real_p2_lfm=0.0050 real_total=0.3383 discr_adv=1.0146 p2_d_real=-0.4331 p2_d_fake=-0.4039 g_grad_abs=1476.1689 d_grad_abs=101.9605 synth_eps=0.2231 synth_eps_raw=0.2231 synth_x0_hit=1.0000 synth_x0_t=289.0000 synth_x0_ldif=0.1432 synth_x0_gen_adv=-0.6623 synth_x0_lfm=0.0056 synth_total=0.3113 extra_render_attn_share=0.5434
[step 18750] real_p1_mirror_hole_cov=0.0573 real_p1_eps=0.1282 real_p1_hole_frac=0.4717 real_p2_eps=0.2368 real_p2_hit=1.0000 real_p2_t=206.0000 real_p2_ldif=0.0813 real_p2_gen_adv=0.5369 real_p2_lfm=0.0055 real_total=0.5110 discr_adv=0.9523 p2_d_real=-0.4415 p2_d_fake=-0.5369 g_grad_abs=1699.0033 d_grad_abs=351.8741 synth_eps=0.0643 synth_eps_raw=0.0643 synth_x0_hit=0.0000 synth_total=0.0643 extra_render_attn_share=0.5434
[step 18800] real_p1_mirror_hole_cov=0.0145 real_p1_eps=0.0048 real_p1_hole_frac=0.2495 real_p2_eps=0.0105 real_p2_hit=0.0000 real_total=0.0153 synth_eps=0.1125 synth_eps_raw=0.1125 synth_x0_hit=0.0000 synth_total=0.1125 extra_render_attn_share=0.5434
[step 18850] real_p1_mirror_hole_cov=0.0774 real_p1_eps=0.0027 real_p1_hole_frac=0.4237 real_p2_eps=0.0336 real_p2_hit=0.0000 real_total=0.0363 synth_eps=0.0022 synth_eps_raw=0.0022 synth_x0_hit=0.0000 synth_total=0.0022 extra_render_attn_share=0.5434
[step 18900] real_p1_mirror_hole_cov=0.2077 real_p1_eps=0.0125 real_p1_hole_frac=0.4626 real_p2_eps=0.2357 real_p2_hit=1.0000 real_p2_t=158.0000 real_p2_ldif=0.0530 real_p2_gen_adv=0.0040 real_p2_lfm=0.0029 real_total=0.3075 discr_adv=1.9543 x0_d_real=-0.1105 x0_d_fake=-0.1461 p2_d_real=0.0518 p2_d_fake=-0.0040 g_grad_abs=1029.7713 d_grad_abs=260.2734 synth_eps=0.0034 synth_eps_raw=0.0034 synth_x0_hit=0.0000 synth_total=0.0034 extra_render_attn_share=0.5434
[step 18950] real_p1_mirror_hole_cov=0.0709 real_p1_eps=0.0044 real_p1_hole_frac=0.0569 real_p2_eps=0.0109 real_p2_hit=0.0000 real_total=0.0153 discr_adv=0.9070 x0_d_real=-0.4533 x0_d_fake=-0.6413 g_grad_abs=204.3577 d_grad_abs=1201.3877 synth_eps=0.1790 synth_eps_raw=0.1790 synth_x0_hit=1.0000 synth_x0_t=264.0000 synth_x0_ldif=0.0961 synth_x0_gen_adv=0.3337 synth_x0_lfm=0.0080 synth_total=0.3245 extra_render_attn_share=0.5434
[step 19000] real_p1_mirror_hole_cov=0.0836 real_p1_eps=0.4338 real_p1_hole_frac=0.2836 real_p2_eps=0.0022 real_p2_hit=0.0000 real_total=0.4360 discr_adv=0.9537 x0_d_real=0.6183 x0_d_fake=0.5120 g_grad_abs=1275.1777 d_grad_abs=995.5160 synth_eps=0.1237 synth_eps_raw=0.1237 synth_x0_hit=0.0000 synth_total=0.1237 extra_render_attn_share=0.5434
[images] real: anchor | cond1 | cond2 | inv_warp_mirror | mask | mask_inv | warp_img | warp_warp_img | x | y_hat | y_hat_novel -> /home/xzy/warpgan-diffusiong-inpainting/warpgan-diffusion-inpainting-main/experiments/train_inpainting_diffusion/[20260915-085455]_v19_w6b_300k/logs/images/train/real_step0019000.png
[images] synth: cond | mask | target | warp_img | x | y_hat_novel -> /home/xzy/warpgan-diffusiong-inpainting/warpgan-diffusion-inpainting-main/experiments/train_inpainting_diffusion/[20260915-085455]_v19_w6b_300k/logs/images/train/synth_step0019000.png
[step 19050] real_p1_mirror_hole_cov=0.0106 real_p1_eps=0.2928 real_p1_hole_frac=0.0975 real_p2_eps=0.1404 real_p2_hit=1.0000 real_p2_t=104.0000 real_p2_ldif=0.0175 real_p2_gen_adv=-0.0281 real_p2_lfm=0.0017 real_total=0.4513 discr_adv=1.0378 p2_d_real=-0.0475 p2_d_fake=0.0281 g_grad_abs=1492.9093 d_grad_abs=307.9266 synth_eps=0.0128 synth_eps_raw=0.0128 synth_x0_hit=0.0000 synth_total=0.0128 extra_render_attn_share=0.5434
[step 19100] real_p1_mirror_hole_cov=0.2566 real_p1_eps=0.1101 real_p1_hole_frac=0.2654 real_p2_eps=0.1000 real_p2_hit=0.0000 real_total=0.2102 discr_adv=0.9845 x0_d_real=0.6394 x0_d_fake=0.6057 g_grad_abs=978.4227 d_grad_abs=267.1163 synth_eps=0.1062 synth_eps_raw=0.1062 synth_x0_hit=0.0000 synth_total=0.1062 extra_render_attn_share=0.5434
[step 19150] real_p1_mirror_hole_cov=0.0259 real_p1_eps=0.0022 real_p1_hole_frac=0.1609 real_p2_eps=0.0901 real_p2_hit=0.0000 real_total=0.0923 discr_adv=0.9568 x0_d_real=-0.4444 x0_d_fake=-0.5308 g_grad_abs=550.2360 d_grad_abs=331.4081 synth_eps=0.2598 synth_eps_raw=0.2598 synth_x0_hit=1.0000 synth_x0_t=172.0000 synth_x0_ldif=0.0666 synth_x0_gen_adv=0.6829 synth_x0_lfm=0.0052 synth_total=0.4051 extra_render_attn_share=0.5434
[step 19200] real_p1_mirror_hole_cov=0.3362 real_p1_eps=0.0624 real_p1_hole_frac=0.1675 real_p2_eps=0.0024 real_p2_hit=0.0000 real_total=0.0648 synth_eps=0.0420 synth_eps_raw=0.0420 synth_x0_hit=0.0000 synth_total=0.0420 extra_render_attn_share=0.5434
[step 19250] real_p1_mirror_hole_cov=0.2468 real_p1_eps=0.1493 real_p1_hole_frac=0.1645 real_p2_eps=0.2092 real_p2_hit=1.0000 real_p2_t=163.0000 real_p2_ldif=0.0493 real_p2_gen_adv=-0.3335 real_p2_lfm=0.0046 real_total=0.3838 discr_adv=1.0230 p2_d_real=0.2874 p2_d_fake=0.3335 g_grad_abs=1373.2013 d_grad_abs=233.4948 synth_eps=0.4380 synth_eps_raw=0.4380 synth_x0_hit=1.0000 synth_x0_t=88.0000 synth_x0_ldif=0.0439 synth_x0_gen_adv=-0.2893 synth_x0_lfm=0.0039 synth_total=0.4608 extra_render_attn_share=0.5434
[step 19300] real_p1_mirror_hole_cov=0.1768 real_p1_eps=0.0045 real_p1_hole_frac=0.1917 real_p2_eps=0.2872 real_p2_hit=1.0000 real_p2_t=96.0000 real_p2_ldif=0.0322 real_p2_gen_adv=-0.0723 real_p2_lfm=0.0020 real_total=0.3208 discr_adv=1.0690 p2_d_real=-0.0656 p2_d_fake=0.0723 g_grad_abs=1100.1468 d_grad_abs=512.0802 synth_eps=0.3839 synth_eps_raw=0.3839 synth_x0_hit=1.0000 synth_x0_t=72.0000 synth_x0_ldif=0.0300 synth_x0_gen_adv=0.6281 synth_x0_lfm=0.0022 synth_total=0.4812 extra_render_attn_share=0.5434
[step 19350] real_p1_mirror_hole_cov=0.0510 real_p1_eps=0.0586 real_p1_hole_frac=0.3996 real_p2_eps=0.0018 real_p2_hit=0.0000 real_total=0.0605 synth_eps=0.0917 synth_eps_raw=0.0917 synth_x0_hit=0.0000 synth_total=0.0917 extra_render_attn_share=0.5434
[step 19400] real_p1_mirror_hole_cov=0.0085 real_p1_eps=0.0149 real_p1_hole_frac=0.0321 real_p2_eps=0.0348 real_p2_hit=0.0000 real_total=0.0497 synth_eps=0.0404 synth_eps_raw=0.0404 synth_x0_hit=0.0000 synth_total=0.0404 extra_render_attn_share=0.5434
[step 19450] real_p1_mirror_hole_cov=0.1358 real_p1_eps=0.0157 real_p1_hole_frac=0.1126 real_p2_eps=0.0398 real_p2_hit=0.0000 real_total=0.0555 synth_eps=0.0179 synth_eps_raw=0.0179 synth_x0_hit=0.0000 synth_total=0.0179 extra_render_attn_share=0.5434
[step 19500] real_p1_mirror_hole_cov=0.0116 real_p1_eps=0.0879 real_p1_hole_frac=0.1799 real_p2_eps=0.2967 real_p2_hit=1.0000 real_p2_t=78.0000 real_p2_ldif=0.0256 real_p2_gen_adv=-0.0702 real_p2_lfm=0.0021 real_total=0.4074 discr_adv=2.0320 x0_d_real=-0.4245 x0_d_fake=-0.4063 p2_d_real=0.0244 p2_d_fake=0.0702 g_grad_abs=1257.1071 d_grad_abs=426.8851 synth_eps=0.0021 synth_eps_raw=0.0021 synth_x0_hit=0.0000 synth_total=0.0021 extra_render_attn_share=0.5434
[images] real: anchor | cond1 | cond2 | inv_warp_mirror | mask | mask_inv | warp_img | warp_warp_img | x | y_hat | y_hat_novel -> /home/xzy/warpgan-diffusiong-inpainting/warpgan-diffusion-inpainting-main/experiments/train_inpainting_diffusion/[20260915-085455]_v19_w6b_300k/logs/images/train/real_step0019500.png
[images] synth: cond | mask | target | warp_img | x | y_hat_novel -> /home/xzy/warpgan-diffusiong-inpainting/warpgan-diffusion-inpainting-main/experiments/train_inpainting_diffusion/[20260915-085455]_v19_w6b_300k/logs/images/train/synth_step0019500.png
[step 19550] real_p1_mirror_hole_cov=0.0823 real_p1_eps=0.0013 real_p1_hole_frac=0.1795 real_p2_eps=0.0216 real_p2_hit=0.0000 real_total=0.0229 synth_eps=0.1235 synth_eps_raw=0.1235 synth_x0_hit=0.0000 synth_total=0.1235 extra_render_attn_share=0.5434
[step 19600] real_p1_mirror_hole_cov=0.2234 real_p1_eps=0.0413 real_p1_hole_frac=0.3929 real_p2_eps=0.3131 real_p2_hit=1.0000 real_p2_t=131.0000 real_p2_ldif=0.0535 real_p2_gen_adv=-0.1254 real_p2_lfm=0.0038 real_total=0.4031 discr_adv=2.0342 x0_d_real=-0.0235 x0_d_fake=0.0250 p2_d_real=0.1056 p2_d_fake=0.1254 g_grad_abs=1203.5278 d_grad_abs=440.3604 synth_eps=0.1205 synth_eps_raw=0.1205 synth_x0_hit=0.0000 synth_total=0.1205 extra_render_attn_share=0.5434
[step 19650] real_p1_mirror_hole_cov=0.2169 real_p1_eps=0.0255 real_p1_hole_frac=0.5046 real_p2_eps=0.0776 real_p2_hit=0.0000 real_total=0.1030 synth_eps=0.0775 synth_eps_raw=0.0775 synth_x0_hit=0.0000 synth_total=0.0775 extra_render_attn_share=0.5434
[step 19700] real_p1_mirror_hole_cov=0.1883 real_p1_eps=0.1359 real_p1_hole_frac=0.6174 real_p2_eps=0.0190 real_p2_hit=0.0000 real_total=0.1549 synth_eps=0.0111 synth_eps_raw=0.0111 synth_x0_hit=0.0000 synth_total=0.0111 extra_render_attn_share=0.5434
[step 19750] real_p1_mirror_hole_cov=0.2511 real_p1_eps=0.0035 real_p1_hole_frac=0.3104 real_p2_eps=0.0501 real_p2_hit=0.0000 real_total=0.0536 synth_eps=0.0020 synth_eps_raw=0.0020 synth_x0_hit=0.0000 synth_total=0.0020 extra_render_attn_share=0.5434
[step 19800] real_p1_mirror_hole_cov=0.2260 real_p1_eps=0.1055 real_p1_hole_frac=0.3026 real_p2_eps=0.0022 real_p2_hit=0.0000 real_total=0.1076 synth_eps=0.2850 synth_eps_raw=0.2850 synth_x0_hit=1.0000 synth_x0_t=151.0000 synth_x0_ldif=0.0599 synth_x0_gen_adv=-0.0992 synth_x0_lfm=0.0060 synth_total=0.3470 extra_render_attn_share=0.5434
[step 19850] real_p1_mirror_hole_cov=0.1377 real_p1_eps=0.0073 real_p1_hole_frac=0.4900 real_p2_eps=0.0730 real_p2_hit=0.0000 real_total=0.0803 synth_eps=0.0331 synth_eps_raw=0.0331 synth_x0_hit=0.0000 synth_total=0.0331 extra_render_attn_share=0.5434
[step 19900] real_p1_mirror_hole_cov=0.2562 real_p1_eps=0.0038 real_p1_hole_frac=0.7505 real_p2_eps=0.1291 real_p2_hit=0.0000 real_total=0.1329 synth_eps=0.0371 synth_eps_raw=0.0371 synth_x0_hit=0.0000 synth_total=0.0371 extra_render_attn_share=0.5434
[step 19950] real_p1_mirror_hole_cov=0.0503 real_p1_eps=0.0349 real_p1_hole_frac=0.4018 real_p2_eps=0.0029 real_p2_hit=0.0000 real_total=0.0378 synth_eps=0.2980 synth_eps_raw=0.2980 synth_x0_hit=1.0000 synth_x0_t=182.0000 synth_x0_ldif=0.0835 synth_x0_gen_adv=0.8118 synth_x0_lfm=0.0051 synth_total=0.4728 extra_render_attn_share=0.5434
[ckpt] saved /home/xzy/warpgan-diffusiong-inpainting/warpgan-diffusion-inpainting-main/experiments/train_inpainting_diffusion/[20260915-085455]_v19_w6b_300k/checkpoints/iteration_0019999.pt
[val step 19999] val_novel_full=0.0409 val_novel_hole=0.0412 val_novel_visible=0.0408
[step 20000] real_p1_mirror_hole_cov=0.0069 real_p1_eps=0.0157 real_p1_hole_frac=0.1832 real_p2_eps=0.0042 real_p2_hit=0.0000 real_total=0.0199 synth_eps=0.4352 synth_eps_raw=0.4352 synth_x0_hit=1.0000 synth_x0_t=91.0000 synth_x0_ldif=0.0456 synth_x0_gen_adv=-0.6428 synth_x0_lfm=0.0043 synth_total=0.4251 extra_render_attn_share=0.5412
[images] real: anchor | cond1 | cond2 | inv_warp_mirror | mask | mask_inv | warp_img | warp_warp_img | x | y_hat | y_hat_novel -> /home/xzy/warpgan-diffusiong-inpainting/warpgan-diffusion-inpainting-main/experiments/train_inpainting_diffusion/[20260915-085455]_v19_w6b_300k/logs/images/train/real_step0020000.png
[images] synth: cond | mask | target | warp_img | x | y_hat_novel -> /home/xzy/warpgan-diffusiong-inpainting/warpgan-diffusion-inpainting-main/experiments/train_inpainting_diffusion/[20260915-085455]_v19_w6b_300k/logs/images/train/synth_step0020000.png
[step 20050] real_p1_mirror_hole_cov=0.0049 real_p1_eps=0.0313 real_p1_hole_frac=0.1574 real_p2_eps=0.0028 real_p2_hit=0.0000 real_total=0.0341 discr_adv=0.9125 x0_d_real=0.1174 x0_d_fake=-0.0577 g_grad_abs=356.0422 d_grad_abs=843.8537 synth_eps=0.3383 synth_eps_raw=0.3383 synth_x0_hit=1.0000 synth_x0_t=136.0000 synth_x0_ldif=0.0610 synth_x0_gen_adv=0.5248 synth_x0_lfm=0.0051 synth_total=0.4620 extra_render_attn_share=0.5412
[step 20100] real_p1_mirror_hole_cov=0.1762 real_p1_eps=0.0061 real_p1_hole_frac=0.1301 real_p2_eps=0.0523 real_p2_hit=0.0000 real_total=0.0584 synth_eps=0.2118 synth_eps_raw=0.2118 synth_x0_hit=1.0000 synth_x0_t=185.0000 synth_x0_ldif=0.0609 synth_x0_gen_adv=-0.0616 synth_x0_lfm=0.0046 synth_total=0.2757 extra_render_attn_share=0.5412
[step 20150] real_p1_mirror_hole_cov=0.0448 real_p1_eps=0.0317 real_p1_hole_frac=0.2401 real_p2_eps=0.1899 real_p2_hit=1.0000 real_p2_t=108.0000 real_p2_ldif=0.0249 real_p2_gen_adv=0.3518 real_p2_lfm=0.0017 real_total=0.2850 discr_adv=1.8228 x0_d_real=-0.1135 x0_d_fake=-0.3945 p2_d_real=-0.2741 p2_d_fake=-0.3518 g_grad_abs=973.0217 d_grad_abs=3283.9758 synth_eps=0.0020 synth_eps_raw=0.0020 synth_x0_hit=0.0000 synth_total=0.0020 extra_render_attn_share=0.5412
[step 20200] real_p1_mirror_hole_cov=0.0449 real_p1_eps=0.0442 real_p1_hole_frac=0.4760 real_p2_eps=0.1083 real_p2_hit=0.0000 real_total=0.1525 discr_adv=0.8821 x0_d_real=0.3881 x0_d_fake=0.1509 g_grad_abs=763.8123 d_grad_abs=2265.3274 synth_eps=0.0018 synth_eps_raw=0.0018 synth_x0_hit=0.0000 synth_total=0.0018 extra_render_attn_share=0.5412
[step 20250] real_p1_mirror_hole_cov=0.2959 real_p1_eps=0.0040 real_p1_hole_frac=0.3994 real_p2_eps=0.5021 real_p2_hit=1.0000 real_p2_t=28.0000 real_p2_ldif=0.0135 real_p2_gen_adv=0.0140 real_p2_lfm=0.0016 real_total=0.5243 discr_adv=0.9777 p2_d_real=0.0306 p2_d_fake=-0.0140 g_grad_abs=1012.7894 d_grad_abs=367.4505 synth_eps=0.0019 synth_eps_raw=0.0019 synth_x0_hit=0.0000 synth_total=0.0019 extra_render_attn_share=0.5412
[step 20300] real_p1_mirror_hole_cov=0.0105 real_p1_eps=0.0514 real_p1_hole_frac=0.1470 real_p2_eps=0.0158 real_p2_hit=0.0000 real_total=0.0672 synth_eps=0.5180 synth_eps_raw=0.5180 synth_x0_hit=1.0000 synth_x0_t=42.0000 synth_x0_ldif=0.0217 synth_x0_gen_adv=-0.1895 synth_x0_lfm=0.0014 synth_total=0.5234 extra_render_attn_share=0.5412
[step 20350] real_p1_mirror_hole_cov=0.0704 real_p1_eps=0.0109 real_p1_hole_frac=0.2284 real_p2_eps=0.0861 real_p2_hit=0.0000 real_total=0.0971 synth_eps=0.0347 synth_eps_raw=0.0347 synth_x0_hit=0.0000 synth_total=0.0347 extra_render_attn_share=0.5412
[step 20400] real_p1_mirror_hole_cov=0.0851 real_p1_eps=0.0022 real_p1_hole_frac=0.4263 real_p2_eps=0.0699 real_p2_hit=0.0000 real_total=0.0721 synth_eps=0.0212 synth_eps_raw=0.0212 synth_x0_hit=0.0000 synth_total=0.0212 extra_render_attn_share=0.5412
[step 20450] real_p1_mirror_hole_cov=0.0299 real_p1_eps=0.0406 real_p1_hole_frac=0.0749 real_p2_eps=0.0305 real_p2_hit=0.0000 real_total=0.0710 discr_adv=0.9784 x0_d_real=0.5575 x0_d_fake=0.5144 g_grad_abs=466.8170 d_grad_abs=296.6621 synth_eps=0.1226 synth_eps_raw=0.1226 synth_x0_hit=0.0000 synth_total=0.1226 extra_render_attn_share=0.5412
[step 20500] real_p1_mirror_hole_cov=0.0254 real_p1_eps=0.2577 real_p1_hole_frac=0.2671 real_p2_eps=0.1393 real_p2_hit=1.0000 real_p2_t=290.0000 real_p2_ldif=0.0901 real_p2_gen_adv=-0.3602 real_p2_lfm=0.0061 real_total=0.4633 discr_adv=1.0613 p2_d_real=0.2375 p2_d_fake=0.3602 g_grad_abs=2907.5562 d_grad_abs=670.1033 synth_eps=0.0744 synth_eps_raw=0.0744 synth_x0_hit=0.0000 synth_total=0.0744 extra_render_attn_share=0.5412
[images] real: anchor | cond1 | cond2 | inv_warp_mirror | mask | mask_inv | warp_img | warp_warp_img | x | y_hat | y_hat_novel -> /home/xzy/warpgan-diffusiong-inpainting/warpgan-diffusion-inpainting-main/experiments/train_inpainting_diffusion/[20260915-085455]_v19_w6b_300k/logs/images/train/real_step0020500.png
[images] synth: cond | mask | target | warp_img | x | y_hat_novel -> /home/xzy/warpgan-diffusiong-inpainting/warpgan-diffusion-inpainting-main/experiments/train_inpainting_diffusion/[20260915-085455]_v19_w6b_300k/logs/images/train/synth_step0020500.png
[step 20550] real_p1_mirror_hole_cov=0.1463 real_p1_eps=0.0620 real_p1_hole_frac=0.2540 real_p2_eps=0.3247 real_p2_hit=1.0000 real_p2_t=95.0000 real_p2_ldif=0.0359 real_p2_gen_adv=0.7696 real_p2_lfm=0.0028 real_total=0.5052 discr_adv=1.0016 p2_d_real=-0.7709 p2_d_fake=-0.7696 g_grad_abs=1422.9057 d_grad_abs=213.3264 synth_eps=0.2650 synth_eps_raw=0.2650 synth_x0_hit=1.0000 synth_x0_t=205.0000 synth_x0_ldif=0.0903 synth_x0_gen_adv=-0.2562 synth_x0_lfm=0.0053 synth_total=0.3403 extra_render_attn_share=0.5412
[step 20600] real_p1_mirror_hole_cov=0.0668 real_p1_eps=0.0028 real_p1_hole_frac=0.3193 real_p2_eps=0.1820 real_p2_hit=1.0000 real_p2_t=297.0000 real_p2_ldif=0.1236 real_p2_gen_adv=-0.5972 real_p2_lfm=0.0095 real_total=0.2677 discr_adv=0.9237 p2_d_real=0.7499 p2_d_fake=0.5972 g_grad_abs=1362.0026 d_grad_abs=618.3476 synth_eps=0.0123 synth_eps_raw=0.0123 synth_x0_hit=0.0000 synth_total=0.0123 extra_render_attn_share=0.5412
[step 20650] real_p1_mirror_hole_cov=0.0150 real_p1_eps=0.3289 real_p1_hole_frac=0.3716 real_p2_eps=0.2684 real_p2_hit=1.0000 real_p2_t=134.0000 real_p2_ldif=0.0474 real_p2_gen_adv=0.2589 real_p2_lfm=0.0043 real_total=0.6792 discr_adv=1.0139 p2_d_real=-0.2868 p2_d_fake=-0.2589 g_grad_abs=1741.8701 d_grad_abs=262.6889 synth_eps=0.1054 synth_eps_raw=0.1054 synth_x0_hit=0.0000 synth_total=0.1054 extra_render_attn_share=0.5412
[step 20700] real_p1_mirror_hole_cov=0.2588 real_p1_eps=0.0042 real_p1_hole_frac=0.2213 real_p2_eps=0.0504 real_p2_hit=0.0000 real_total=0.0545 synth_eps=0.1322 synth_eps_raw=0.1322 synth_x0_hit=1.0000 synth_x0_t=289.0000 synth_x0_ldif=0.0849 synth_x0_gen_adv=0.2356 synth_x0_lfm=0.0067 synth_total=0.2541 extra_render_attn_share=0.5412
[step 20750] real_p1_mirror_hole_cov=0.1675 real_p1_eps=0.1118 real_p1_hole_frac=0.4954 real_p2_eps=0.2148 real_p2_hit=1.0000 real_p2_t=252.0000 real_p2_ldif=0.1056 real_p2_gen_adv=0.2819 real_p2_lfm=0.0065 real_total=0.4734 discr_adv=2.2897 x0_d_real=-0.9539 x0_d_fake=-0.7147 p2_d_real=-0.6217 p2_d_fake=-0.2819 g_grad_abs=1609.2104 d_grad_abs=2442.9110 synth_eps=0.4281 synth_eps_raw=0.4281 synth_x0_hit=1.0000 synth_x0_t=67.0000 synth_x0_ldif=0.0307 synth_x0_gen_adv=0.3490 synth_x0_lfm=0.0029 synth_total=0.4995 extra_render_attn_share=0.5412
[step 20800] real_p1_mirror_hole_cov=0.1488 real_p1_eps=0.1041 real_p1_hole_frac=0.4118 real_p2_eps=0.2064 real_p2_hit=1.0000 real_p2_t=225.0000 real_p2_ldif=0.0825 real_p2_gen_adv=0.3629 real_p2_lfm=0.0049 real_total=0.4391 discr_adv=0.9083 p2_d_real=-0.1792 p2_d_fake=-0.3629 g_grad_abs=1319.6378 d_grad_abs=630.0546 synth_eps=0.0119 synth_eps_raw=0.0119 synth_x0_hit=0.0000 synth_total=0.0119 extra_render_attn_share=0.5412
[step 20850] real_p1_mirror_hole_cov=0.1430 real_p1_eps=0.0233 real_p1_hole_frac=0.2733 real_p2_eps=0.1318 real_p2_hit=0.0000 real_total=0.1551 synth_eps=0.0018 synth_eps_raw=0.0018 synth_x0_hit=0.0000 synth_total=0.0018 extra_render_attn_share=0.5412
[step 20900] real_p1_mirror_hole_cov=0.0079 real_p1_eps=0.0119 real_p1_hole_frac=0.2269 real_p2_eps=0.0491 real_p2_hit=0.0000 real_total=0.0610 synth_eps=0.0261 synth_eps_raw=0.0261 synth_x0_hit=0.0000 synth_total=0.0261 extra_render_attn_share=0.5412
[step 20950] real_p1_mirror_hole_cov=0.0308 real_p1_eps=0.0949 real_p1_hole_frac=0.4168 real_p2_eps=0.0868 real_p2_hit=0.0000 real_total=0.1817 synth_eps=0.0132 synth_eps_raw=0.0132 synth_x0_hit=0.0000 synth_total=0.0132 extra_render_attn_share=0.5412
[step 21000] real_p1_mirror_hole_cov=0.3110 real_p1_eps=0.0026 real_p1_hole_frac=0.2665 real_p2_eps=0.1218 real_p2_hit=1.0000 real_p2_t=214.0000 real_p2_ldif=0.0446 real_p2_gen_adv=-0.3045 real_p2_lfm=0.0044 real_total=0.1473 discr_adv=1.8634 x0_d_real=0.3777 x0_d_fake=0.1256 p2_d_real=0.3299 p2_d_fake=0.3045 g_grad_abs=1051.0142 d_grad_abs=1032.3083 synth_eps=0.0322 synth_eps_raw=0.0322 synth_x0_hit=0.0000 synth_total=0.0322 extra_render_attn_share=0.5412
[images] real: anchor | cond1 | cond2 | inv_warp_mirror | mask | mask_inv | warp_img | warp_warp_img | x | y_hat | y_hat_novel -> /home/xzy/warpgan-diffusiong-inpainting/warpgan-diffusion-inpainting-main/experiments/train_inpainting_diffusion/[20260915-085455]_v19_w6b_300k/logs/images/train/real_step0021000.png
[images] synth: cond | mask | target | warp_img | x | y_hat_novel -> /home/xzy/warpgan-diffusiong-inpainting/warpgan-diffusion-inpainting-main/experiments/train_inpainting_diffusion/[20260915-085455]_v19_w6b_300k/logs/images/train/synth_step0021000.png
[step 21050] real_p1_mirror_hole_cov=0.3561 real_p1_eps=0.1381 real_p1_hole_frac=0.2217 real_p2_eps=0.0080 real_p2_hit=0.0000 real_total=0.1460 discr_adv=1.1168 x0_d_real=-0.3863 x0_d_fake=-0.1570 g_grad_abs=746.9306 d_grad_abs=995.1938 synth_eps=0.0864 synth_eps_raw=0.0864 synth_x0_hit=0.0000 synth_total=0.0864 extra_render_attn_share=0.5412
[step 21100] real_p1_mirror_hole_cov=0.3315 real_p1_eps=0.0592 real_p1_hole_frac=0.3238 real_p2_eps=0.1269 real_p2_hit=0.0000 real_total=0.1861 discr_adv=0.9008 x0_d_real=-0.7086 x0_d_fake=-0.9242 g_grad_abs=773.0570 d_grad_abs=1347.9214 synth_eps=0.0826 synth_eps_raw=0.0826 synth_x0_hit=0.0000 synth_total=0.0826 extra_render_attn_share=0.5412
[step 21150] real_p1_mirror_hole_cov=0.0190 real_p1_eps=0.0502 real_p1_hole_frac=0.3974 real_p2_eps=0.0412 real_p2_hit=0.0000 real_total=0.0914 synth_eps=0.2931 synth_eps_raw=0.2931 synth_x0_hit=1.0000 synth_x0_t=147.0000 synth_x0_ldif=0.0592 synth_x0_gen_adv=-0.0857 synth_x0_lfm=0.0044 synth_total=0.3524 extra_render_attn_share=0.5412
[step 21200] real_p1_mirror_hole_cov=0.0359 real_p1_eps=0.0009 real_p1_hole_frac=0.1066 real_p2_eps=0.2827 real_p2_hit=1.0000 real_p2_t=48.0000 real_p2_ldif=0.0137 real_p2_gen_adv=-0.6345 real_p2_lfm=0.0012 real_total=0.2364 discr_adv=2.1744 x0_d_real=0.0993 x0_d_fake=0.2889 p2_d_real=0.4753 p2_d_fake=0.6345 g_grad_abs=1101.8757 d_grad_abs=1447.1219 synth_eps=0.3293 synth_eps_raw=0.3293 synth_x0_hit=1.0000 synth_x0_t=122.0000 synth_x0_ldif=0.0509 synth_x0_gen_adv=0.2120 synth_x0_lfm=0.0040 synth_total=0.4095 extra_render_attn_share=0.5412
[step 21250] real_p1_mirror_hole_cov=0.0023 real_p1_eps=0.0662 real_p1_hole_frac=0.2760 real_p2_eps=0.0170 real_p2_hit=0.0000 real_total=0.0832 discr_adv=0.9933 x0_d_real=0.5538 x0_d_fake=0.5405 g_grad_abs=473.4288 d_grad_abs=222.6587 synth_eps=0.0833 synth_eps_raw=0.0833 synth_x0_hit=0.0000 synth_total=0.0833 extra_render_attn_share=0.5412
[step 21300] real_p1_mirror_hole_cov=0.1843 real_p1_eps=0.0361 real_p1_hole_frac=0.5427 real_p2_eps=0.2110 real_p2_hit=1.0000 real_p2_t=254.0000 real_p2_ldif=0.1052 real_p2_gen_adv=0.1014 real_p2_lfm=0.0073 real_total=0.3771 discr_adv=1.7147 x0_d_real=-0.1300 x0_d_fake=-0.3500 p2_d_real=0.2498 p2_d_fake=-0.1014 g_grad_abs=2395.1570 d_grad_abs=2269.2770 synth_eps=0.2783 synth_eps_raw=0.2783 synth_x0_hit=1.0000 synth_x0_t=211.0000 synth_x0_ldif=0.0996 synth_x0_gen_adv=-0.6517 synth_x0_lfm=0.0075 synth_total=0.3276 extra_render_attn_share=0.5412
[step 21350] real_p1_mirror_hole_cov=0.2089 real_p1_eps=0.0323 real_p1_hole_frac=0.5567 real_p2_eps=0.0480 real_p2_hit=0.0000 real_total=0.0803 synth_eps=0.1236 synth_eps_raw=0.1236 synth_x0_hit=0.0000 synth_total=0.1236 extra_render_attn_share=0.5412
[step 21400] real_p1_mirror_hole_cov=0.0096 real_p1_eps=0.0009 real_p1_hole_frac=0.2666 real_p2_eps=0.4991 real_p2_hit=1.0000 real_p2_t=27.0000 real_p2_ldif=0.0130 real_p2_gen_adv=-0.7007 real_p2_lfm=0.0016 real_total=0.4461 discr_adv=0.9880 p2_d_real=0.7247 p2_d_fake=0.7007 g_grad_abs=1191.6495 d_grad_abs=72.9403 synth_eps=0.0434 synth_eps_raw=0.0434 synth_x0_hit=0.0000 synth_total=0.0434 extra_render_attn_share=0.5412
[step 21450] real_p1_mirror_hole_cov=0.0683 real_p1_eps=0.0006 real_p1_hole_frac=0.4709 real_p2_eps=0.0632 real_p2_hit=0.0000 real_total=0.0638 synth_eps=0.2152 synth_eps_raw=0.2152 synth_x0_hit=1.0000 synth_x0_t=285.0000 synth_x0_ldif=0.1343 synth_x0_gen_adv=-0.5206 synth_x0_lfm=0.0102 synth_total=0.3178 extra_render_attn_share=0.5412
[step 21500] real_p1_mirror_hole_cov=0.0328 real_p1_eps=0.2160 real_p1_hole_frac=0.2391 real_p2_eps=0.0552 real_p2_hit=0.0000 real_total=0.2711 synth_eps=0.0468 synth_eps_raw=0.0468 synth_x0_hit=0.0000 synth_total=0.0468 extra_render_attn_share=0.5412
[images] real: anchor | cond1 | cond2 | inv_warp_mirror | mask | mask_inv | warp_img | warp_warp_img | x | y_hat | y_hat_novel -> /home/xzy/warpgan-diffusiong-inpainting/warpgan-diffusion-inpainting-main/experiments/train_inpainting_diffusion/[20260915-085455]_v19_w6b_300k/logs/images/train/real_step0021500.png
[images] synth: cond | mask | target | warp_img | x | y_hat_novel -> /home/xzy/warpgan-diffusiong-inpainting/warpgan-diffusion-inpainting-main/experiments/train_inpainting_diffusion/[20260915-085455]_v19_w6b_300k/logs/images/train/synth_step0021500.png
[step 21550] real_p1_mirror_hole_cov=0.0213 real_p1_eps=0.0790 real_p1_hole_frac=0.0834 real_p2_eps=0.0296 real_p2_hit=0.0000 real_total=0.1086 synth_eps=0.0431 synth_eps_raw=0.0431 synth_x0_hit=0.0000 synth_total=0.0431 extra_render_attn_share=0.5412
[step 21600] real_p1_mirror_hole_cov=0.0156 real_p1_eps=0.0029 real_p1_hole_frac=0.0841 real_p2_eps=0.2200 real_p2_hit=1.0000 real_p2_t=60.0000 real_p2_ldif=0.0138 real_p2_gen_adv=0.3128 real_p2_lfm=0.0020 real_total=0.2720 discr_adv=2.0082 x0_d_real=-0.6787 x0_d_fake=-0.7148 p2_d_real=-0.3521 p2_d_fake=-0.3128 g_grad_abs=1025.8040 d_grad_abs=438.5205 synth_eps=0.2200 synth_eps_raw=0.2200 synth_x0_hit=1.0000 synth_x0_t=260.0000 synth_x0_ldif=0.1147 synth_x0_gen_adv=0.3275 synth_x0_lfm=0.0066 synth_total=0.3806 extra_render_attn_share=0.5412
[step 21650] real_p1_mirror_hole_cov=0.0065 real_p1_eps=0.0250 real_p1_hole_frac=0.2797 real_p2_eps=0.0057 real_p2_hit=0.0000 real_total=0.0307 synth_eps=0.1080 synth_eps_raw=0.1080 synth_x0_hit=0.0000 synth_total=0.1080 extra_render_attn_share=0.5412
[step 21700] real_p1_mirror_hole_cov=0.1741 real_p1_eps=0.0011 real_p1_hole_frac=0.4691 real_p2_eps=0.1424 real_p2_hit=0.0000 real_total=0.1435 discr_adv=0.9804 x0_d_real=-0.7060 x0_d_fake=-0.7464 g_grad_abs=619.2200 d_grad_abs=505.4260 synth_eps=0.0107 synth_eps_raw=0.0107 synth_x0_hit=0.0000 synth_total=0.0107 extra_render_attn_share=0.5412
[step 21750] real_p1_mirror_hole_cov=0.2711 real_p1_eps=0.0064 real_p1_hole_frac=0.3025 real_p2_eps=0.0026 real_p2_hit=0.0000 real_total=0.0089 discr_adv=0.9468 x0_d_real=-0.2518 x0_d_fake=-0.3582 g_grad_abs=131.4861 d_grad_abs=427.0550 synth_eps=0.0154 synth_eps_raw=0.0154 synth_x0_hit=0.0000 synth_total=0.0154 extra_render_attn_share=0.5412
[step 21800] real_p1_mirror_hole_cov=0.2192 real_p1_eps=0.0539 real_p1_hole_frac=0.4223 real_p2_eps=0.6037 real_p2_hit=1.0000 real_p2_t=17.0000 real_p2_ldif=0.0098 real_p2_gen_adv=0.2515 real_p2_lfm=0.0017 real_total=0.6960 discr_adv=0.9918 p2_d_real=-0.2350 p2_d_fake=-0.2515 g_grad_abs=4931.0951 d_grad_abs=93.2881 synth_eps=0.0377 synth_eps_raw=0.0377 synth_x0_hit=0.0000 synth_total=0.0377 extra_render_attn_share=0.5412
[step 21850] real_p1_mirror_hole_cov=0.4346 real_p1_eps=0.0177 real_p1_hole_frac=0.6610 real_p2_eps=0.1193 real_p2_hit=0.0000 real_total=0.1370 synth_eps=0.1430 synth_eps_raw=0.1430 synth_x0_hit=1.0000 synth_x0_t=260.0000 synth_x0_ldif=0.0746 synth_x0_gen_adv=0.5687 synth_x0_lfm=0.0073 synth_total=0.2891 extra_render_attn_share=0.5412
[step 21900] real_p1_mirror_hole_cov=0.1485 real_p1_eps=0.0038 real_p1_hole_frac=0.0868 real_p2_eps=0.0380 real_p2_hit=0.0000 real_total=0.0418 discr_adv=0.8282 x0_d_real=0.3258 x0_d_fake=-0.0178 g_grad_abs=370.0382 d_grad_abs=909.8421 synth_eps=0.0046 synth_eps_raw=0.0046 synth_x0_hit=0.0000 synth_total=0.0046 extra_render_attn_share=0.5412
[step 21950] real_p1_mirror_hole_cov=0.0918 real_p1_eps=0.0014 real_p1_hole_frac=0.0277 real_p2_eps=0.2702 real_p2_hit=1.0000 real_p2_t=28.0000 real_p2_ldif=0.0073 real_p2_gen_adv=-0.4799 real_p2_lfm=0.0015 real_total=0.2338 discr_adv=1.0164 p2_d_real=0.4471 p2_d_fake=0.4799 g_grad_abs=1062.8506 d_grad_abs=111.5086 synth_eps=0.0637 synth_eps_raw=0.0637 synth_x0_hit=0.0000 synth_total=0.0637 extra_render_attn_share=0.5412
[val step 21999] val_novel_full=0.0809 val_novel_hole=0.1314 val_novel_visible=0.0559
[step 22000] real_p1_mirror_hole_cov=0.0105 real_p1_eps=0.0030 real_p1_hole_frac=0.1610 real_p2_eps=0.1017 real_p2_hit=1.0000 real_p2_t=227.0000 real_p2_ldif=0.0413 real_p2_gen_adv=-0.4789 real_p2_lfm=0.0037 real_total=0.1055 discr_adv=1.9770 x0_d_real=0.2880 x0_d_fake=0.2316 p2_d_real=0.4688 p2_d_fake=0.4789 g_grad_abs=1126.2125 d_grad_abs=199.6263 synth_eps=0.0080 synth_eps_raw=0.0080 synth_x0_hit=0.0000 synth_total=0.0080 extra_render_attn_share=0.5467
[images] real: anchor | cond1 | cond2 | inv_warp_mirror | mask | mask_inv | warp_img | warp_warp_img | x | y_hat | y_hat_novel -> /home/xzy/warpgan-diffusiong-inpainting/warpgan-diffusion-inpainting-main/experiments/train_inpainting_diffusion/[20260915-085455]_v19_w6b_300k/logs/images/train/real_step0022000.png
[images] synth: cond | mask | target | warp_img | x | y_hat_novel -> /home/xzy/warpgan-diffusiong-inpainting/warpgan-diffusion-inpainting-main/experiments/train_inpainting_diffusion/[20260915-085455]_v19_w6b_300k/logs/images/train/synth_step0022000.png
[step 22050] real_p1_mirror_hole_cov=0.0054 real_p1_eps=0.1687 real_p1_hole_frac=0.1290 real_p2_eps=0.0075 real_p2_hit=0.0000 real_total=0.1762 synth_eps=0.0039 synth_eps_raw=0.0039 synth_x0_hit=0.0000 synth_total=0.0039 extra_render_attn_share=0.5467
[step 22100] real_p1_mirror_hole_cov=0.0932 real_p1_eps=0.0008 real_p1_hole_frac=0.2018 real_p2_eps=0.0413 real_p2_hit=0.0000 real_total=0.0422 synth_eps=0.0655 synth_eps_raw=0.0655 synth_x0_hit=0.0000 synth_total=0.0655 extra_render_attn_share=0.5467
[step 22150] real_p1_mirror_hole_cov=0.0322 real_p1_eps=0.0073 real_p1_hole_frac=0.1023 real_p2_eps=0.1181 real_p2_hit=1.0000 real_p2_t=234.0000 real_p2_ldif=0.0507 real_p2_gen_adv=-0.7144 real_p2_lfm=0.0041 real_total=0.1129 discr_adv=2.0053 x0_d_real=0.6606 x0_d_fake=0.4803 p2_d_real=0.5241 p2_d_fake=0.7144 g_grad_abs=1302.5230 d_grad_abs=920.5544 synth_eps=0.0013 synth_eps_raw=0.0013 synth_x0_hit=0.0000 synth_total=0.0013 extra_render_attn_share=0.5467
[step 22200] real_p1_mirror_hole_cov=0.0198 real_p1_eps=0.0253 real_p1_hole_frac=0.0744 real_p2_eps=0.0020 real_p2_hit=0.0000 real_total=0.0272 synth_eps=0.2504 synth_eps_raw=0.2504 synth_x0_hit=1.0000 synth_x0_t=110.0000 synth_x0_ldif=0.0336 synth_x0_gen_adv=-0.0865 synth_x0_lfm=0.0029 synth_total=0.2812 extra_render_attn_share=0.5467
[step 22250] real_p1_mirror_hole_cov=0.2081 real_p1_eps=0.0089 real_p1_hole_frac=0.3990 real_p2_eps=0.1774 real_p2_hit=1.0000 real_p2_t=215.0000 real_p2_ldif=0.0655 real_p2_gen_adv=0.0894 real_p2_lfm=0.0055 real_total=0.2718 discr_adv=2.3564 x0_d_real=-0.1835 x0_d_fake=0.1557 p2_d_real=-0.4630 p2_d_fake=-0.0894 g_grad_abs=2144.7440 d_grad_abs=2741.6207 synth_eps=0.0179 synth_eps_raw=0.0179 synth_x0_hit=0.0000 synth_total=0.0179 extra_render_attn_share=0.5467
[step 22300] real_p1_mirror_hole_cov=0.1081 real_p1_eps=0.0078 real_p1_hole_frac=0.4941 real_p2_eps=0.1320 real_p2_hit=0.0000 real_total=0.1398 discr_adv=0.9439 x0_d_real=0.0066 x0_d_fake=-0.1060 g_grad_abs=622.5262 d_grad_abs=545.8451 synth_eps=0.2121 synth_eps_raw=0.2121 synth_x0_hit=1.0000 synth_x0_t=248.0000 synth_x0_ldif=0.1012 synth_x0_gen_adv=0.0252 synth_x0_lfm=0.0084 synth_total=0.3326 extra_render_attn_share=0.5467
[step 22350] real_p1_mirror_hole_cov=0.0950 real_p1_eps=0.0449 real_p1_hole_frac=0.1784 real_p2_eps=0.0070 real_p2_hit=0.0000 real_total=0.0519 synth_eps=0.1942 synth_eps_raw=0.1942 synth_x0_hit=1.0000 synth_x0_t=274.0000 synth_x0_ldif=0.1121 synth_x0_gen_adv=0.1414 synth_x0_lfm=0.0078 synth_total=0.3360 extra_render_attn_share=0.5467
[step 22400] real_p1_mirror_hole_cov=0.0784 real_p1_eps=0.0040 real_p1_hole_frac=0.1251 real_p2_eps=0.0008 real_p2_hit=0.0000 real_total=0.0047 discr_adv=0.9784 x0_d_real=0.0608 x0_d_fake=0.0161 g_grad_abs=89.3816 d_grad_abs=320.1551 synth_eps=0.0095 synth_eps_raw=0.0095 synth_x0_hit=0.0000 synth_total=0.0095 extra_render_attn_share=0.5467
[step 22450] real_p1_mirror_hole_cov=0.2799 real_p1_eps=0.0181 real_p1_hole_frac=0.2182 real_p2_eps=0.0016 real_p2_hit=0.0000 real_total=0.0197 synth_eps=0.3273 synth_eps_raw=0.3273 synth_x0_hit=1.0000 synth_x0_t=113.0000 synth_x0_ldif=0.0456 synth_x0_gen_adv=0.4282 synth_x0_lfm=0.0040 synth_total=0.4236 extra_render_attn_share=0.5467
[step 22500] real_p1_mirror_hole_cov=0.1773 real_p1_eps=0.8051 real_p1_hole_frac=0.0406 real_p2_eps=0.0102 real_p2_hit=0.0000 real_total=0.8153 discr_adv=0.8805 x0_d_real=0.1523 x0_d_fake=-0.0868 g_grad_abs=1425.4864 d_grad_abs=740.7594 synth_eps=0.0043 synth_eps_raw=0.0043 synth_x0_hit=0.0000 synth_total=0.0043 extra_render_attn_share=0.5467
[images] real: anchor | cond1 | cond2 | inv_warp_mirror | mask | mask_inv | warp_img | warp_warp_img | x | y_hat | y_hat_novel -> /home/xzy/warpgan-diffusiong-inpainting/warpgan-diffusion-inpainting-main/experiments/train_inpainting_diffusion/[20260915-085455]_v19_w6b_300k/logs/images/train/real_step0022500.png
[images] synth: cond | mask | target | warp_img | x | y_hat_novel -> /home/xzy/warpgan-diffusiong-inpainting/warpgan-diffusion-inpainting-main/experiments/train_inpainting_diffusion/[20260915-085455]_v19_w6b_300k/logs/images/train/synth_step0022500.png
[step 22550] real_p1_mirror_hole_cov=0.0053 real_p1_eps=0.0142 real_p1_hole_frac=0.0739 real_p2_eps=0.0052 real_p2_hit=0.0000 real_total=0.0193 synth_eps=0.0271 synth_eps_raw=0.0271 synth_x0_hit=0.0000 synth_total=0.0271 extra_render_attn_share=0.5467
[step 22600] real_p1_mirror_hole_cov=0.0099 real_p1_eps=0.5475 real_p1_hole_frac=0.1173 real_p2_eps=0.0146 real_p2_hit=0.0000 real_total=0.5621 synth_eps=0.1314 synth_eps_raw=0.1314 synth_x0_hit=0.0000 synth_total=0.1314 extra_render_attn_share=0.5467
[step 22650] real_p1_mirror_hole_cov=0.0201 real_p1_eps=0.0671 real_p1_hole_frac=0.3425 real_p2_eps=0.1164 real_p2_hit=0.0000 real_total=0.1836 synth_eps=0.0090 synth_eps_raw=0.0090 synth_x0_hit=0.0000 synth_total=0.0090 extra_render_attn_share=0.5467
[step 22700] real_p1_mirror_hole_cov=0.0902 real_p1_eps=0.0322 real_p1_hole_frac=0.0201 real_p2_eps=0.0005 real_p2_hit=0.0000 real_total=0.0327 synth_eps=0.2003 synth_eps_raw=0.2003 synth_x0_hit=1.0000 synth_x0_t=267.0000 synth_x0_ldif=0.1099 synth_x0_gen_adv=-0.2890 synth_x0_lfm=0.0088 synth_total=0.2989 extra_render_attn_share=0.5467
[step 22750] real_p1_mirror_hole_cov=0.1034 real_p1_eps=0.0182 real_p1_hole_frac=0.3694 real_p2_eps=0.0628 real_p2_hit=0.0000 real_total=0.0810 synth_eps=0.1870 synth_eps_raw=0.1870 synth_x0_hit=1.0000 synth_x0_t=257.0000 synth_x0_ldif=0.0954 synth_x0_gen_adv=-0.2912 synth_x0_lfm=0.0050 synth_total=0.2632 extra_render_attn_share=0.5467
[step 22800] real_p1_mirror_hole_cov=0.1486 real_p1_eps=0.0016 real_p1_hole_frac=0.1071 real_p2_eps=0.1639 real_p2_hit=1.0000 real_p2_t=146.0000 real_p2_ldif=0.0328 real_p2_gen_adv=-0.4383 real_p2_lfm=0.0026 real_total=0.1596 discr_adv=1.0299 p2_d_real=0.3785 p2_d_fake=0.4383 g_grad_abs=833.4391 d_grad_abs=296.6412 synth_eps=0.0245 synth_eps_raw=0.0245 synth_x0_hit=0.0000 synth_total=0.0245 extra_render_attn_share=0.5467
[step 22850] real_p1_mirror_hole_cov=0.0258 real_p1_eps=0.3236 real_p1_hole_frac=0.4864 real_p2_eps=0.0809 real_p2_hit=0.0000 real_total=0.4045 synth_eps=0.1553 synth_eps_raw=0.1553 synth_x0_hit=0.0000 synth_total=0.1553 extra_render_attn_share=0.5467
[step 22900] real_p1_mirror_hole_cov=0.0425 real_p1_eps=0.1026 real_p1_hole_frac=0.0506 real_p2_eps=0.0370 real_p2_hit=0.0000 real_total=0.1396 discr_adv=0.9592 x0_d_real=0.1022 x0_d_fake=0.0206 g_grad_abs=896.1394 d_grad_abs=253.2742 synth_eps=0.0168 synth_eps_raw=0.0168 synth_x0_hit=0.0000 synth_total=0.0168 extra_render_attn_share=0.5467
[step 22950] real_p1_mirror_hole_cov=0.5820 real_p1_eps=0.0805 real_p1_hole_frac=0.0639 real_p2_eps=0.0010 real_p2_hit=0.0000 real_total=0.0815 synth_eps=0.0290 synth_eps_raw=0.0290 synth_x0_hit=0.0000 synth_total=0.0290 extra_render_attn_share=0.5467
[step 23000] real_p1_mirror_hole_cov=0.1372 real_p1_eps=0.0077 real_p1_hole_frac=0.2595 real_p2_eps=0.0047 real_p2_hit=0.0000 real_total=0.0124 synth_eps=0.0103 synth_eps_raw=0.0103 synth_x0_hit=0.0000 synth_total=0.0103 extra_render_attn_share=0.5467
[images] real: anchor | cond1 | cond2 | inv_warp_mirror | mask | mask_inv | warp_img | warp_warp_img | x | y_hat | y_hat_novel -> /home/xzy/warpgan-diffusiong-inpainting/warpgan-diffusion-inpainting-main/experiments/train_inpainting_diffusion/[20260915-085455]_v19_w6b_300k/logs/images/train/real_step0023000.png
[images] synth: cond | mask | target | warp_img | x | y_hat_novel -> /home/xzy/warpgan-diffusiong-inpainting/warpgan-diffusion-inpainting-main/experiments/train_inpainting_diffusion/[20260915-085455]_v19_w6b_300k/logs/images/train/synth_step0023000.png
[step 23050] real_p1_mirror_hole_cov=0.1268 real_p1_eps=0.0093 real_p1_hole_frac=0.1737 real_p2_eps=0.1114 real_p2_hit=0.0000 real_total=0.1207 synth_eps=0.0271 synth_eps_raw=0.0271 synth_x0_hit=0.0000 synth_total=0.0271 extra_render_attn_share=0.5467
[step 23100] real_p1_mirror_hole_cov=0.0187 real_p1_eps=0.0009 real_p1_hole_frac=0.3669 real_p2_eps=0.1385 real_p2_hit=0.0000 real_total=0.1394 synth_eps=0.3095 synth_eps_raw=0.3095 synth_x0_hit=1.0000 synth_x0_t=69.0000 synth_x0_ldif=0.0230 synth_x0_gen_adv=-0.1021 synth_x0_lfm=0.0026 synth_total=0.3275 extra_render_attn_share=0.5467
[step 23150] real_p1_mirror_hole_cov=0.2234 real_p1_eps=0.0009 real_p1_hole_frac=0.5240 real_p2_eps=0.0556 real_p2_hit=0.0000 real_total=0.0564 synth_eps=0.2484 synth_eps_raw=0.2484 synth_x0_hit=1.0000 synth_x0_t=186.0000 synth_x0_ldif=0.0721 synth_x0_gen_adv=0.6662 synth_x0_lfm=0.0076 synth_total=0.4023 extra_render_attn_share=0.5467
[step 23200] real_p1_mirror_hole_cov=0.2733 real_p1_eps=0.0010 real_p1_hole_frac=0.5559 real_p2_eps=0.0239 real_p2_hit=0.0000 real_total=0.0249 synth_eps=0.1869 synth_eps_raw=0.1869 synth_x0_hit=1.0000 synth_x0_t=248.0000 synth_x0_ldif=0.0891 synth_x0_gen_adv=0.2941 synth_x0_lfm=0.0063 synth_total=0.3179 extra_render_attn_share=0.5467
[step 23250] real_p1_mirror_hole_cov=0.0352 real_p1_eps=0.1101 real_p1_hole_frac=0.1593 real_p2_eps=0.4543 real_p2_hit=1.0000 real_p2_t=28.0000 real_p2_ldif=0.0123 real_p2_gen_adv=-0.5538 real_p2_lfm=0.0013 real_total=0.5238 discr_adv=0.9890 p2_d_real=0.5759 p2_d_fake=0.5538 g_grad_abs=1569.5496 d_grad_abs=168.1904 synth_eps=0.2454 synth_eps_raw=0.2454 synth_x0_hit=1.0000 synth_x0_t=182.0000 synth_x0_ldif=0.0688 synth_x0_gen_adv=-0.0029 synth_x0_lfm=0.0015 synth_total=0.3169 extra_render_attn_share=0.5467
[step 23300] real_p1_mirror_hole_cov=0.0894 real_p1_eps=0.1912 real_p1_hole_frac=0.5114 real_p2_eps=0.0227 real_p2_hit=0.0000 real_total=0.2139 discr_adv=0.9562 x0_d_real=-0.0508 x0_d_fake=-0.1383 g_grad_abs=955.6907 d_grad_abs=353.5504 synth_eps=0.0363 synth_eps_raw=0.0363 synth_x0_hit=0.0000 synth_total=0.0363 extra_render_attn_share=0.5467
[step 23350] real_p1_mirror_hole_cov=0.2293 real_p1_eps=0.0122 real_p1_hole_frac=0.6321 real_p2_eps=0.2481 real_p2_hit=1.0000 real_p2_t=181.0000 real_p2_ldif=0.0689 real_p2_gen_adv=0.2452 real_p2_lfm=0.0057 real_total=0.3652 discr_adv=1.7486 x0_d_real=0.5364 x0_d_fake=0.4465 p2_d_real=0.1682 p2_d_fake=-0.2452 g_grad_abs=1625.2983 d_grad_abs=2138.8368 synth_eps=0.0575 synth_eps_raw=0.0575 synth_x0_hit=0.0000 synth_total=0.0575 extra_render_attn_share=0.5467
[step 23400] real_p1_mirror_hole_cov=0.2237 real_p1_eps=0.0648 real_p1_hole_frac=0.2212 real_p2_eps=0.1089 real_p2_hit=0.0000 real_total=0.1737 discr_adv=1.1465 x0_d_real=-0.4208 x0_d_fake=-0.1279 g_grad_abs=715.5922 d_grad_abs=939.5301 synth_eps=0.0219 synth_eps_raw=0.0219 synth_x0_hit=0.0000 synth_total=0.0219 extra_render_attn_share=0.5467
[step 23450] real_p1_mirror_hole_cov=0.0025 real_p1_eps=0.2784 real_p1_hole_frac=0.1450 real_p2_eps=0.0315 real_p2_hit=0.0000 real_total=0.3099 synth_eps=0.1494 synth_eps_raw=0.1494 synth_x0_hit=0.0000 synth_total=0.1494 extra_render_attn_share=0.5467
[step 23500] real_p1_mirror_hole_cov=0.4144 real_p1_eps=0.0032 real_p1_hole_frac=0.1831 real_p2_eps=0.0031 real_p2_hit=0.0000 real_total=0.0063 synth_eps=0.0062 synth_eps_raw=0.0062 synth_x0_hit=0.0000 synth_total=0.0062 extra_render_attn_share=0.5467
[images] real: anchor | cond1 | cond2 | inv_warp_mirror | mask | mask_inv | warp_img | warp_warp_img | x | y_hat | y_hat_novel -> /home/xzy/warpgan-diffusiong-inpainting/warpgan-diffusion-inpainting-main/experiments/train_inpainting_diffusion/[20260915-085455]_v19_w6b_300k/logs/images/train/real_step0023500.png
[images] synth: cond | mask | target | warp_img | x | y_hat_novel -> /home/xzy/warpgan-diffusiong-inpainting/warpgan-diffusion-inpainting-main/experiments/train_inpainting_diffusion/[20260915-085455]_v19_w6b_300k/logs/images/train/synth_step0023500.png
[step 23550] real_p1_mirror_hole_cov=0.0192 real_p1_eps=0.0031 real_p1_hole_frac=0.3270 real_p2_eps=0.0717 real_p2_hit=0.0000 real_total=0.0748 synth_eps=0.1927 synth_eps_raw=0.1927 synth_x0_hit=1.0000 synth_x0_t=273.0000 synth_x0_ldif=0.1104 synth_x0_gen_adv=-0.2850 synth_x0_lfm=0.0077 synth_total=0.2899 extra_render_attn_share=0.5467
[step 23600] real_p1_mirror_hole_cov=0.0000 real_p1_eps=0.0164 real_p1_hole_frac=0.0663 real_p2_eps=0.0276 real_p2_hit=0.0000 real_total=0.0440 synth_eps=0.0031 synth_eps_raw=0.0031 synth_x0_hit=0.0000 synth_total=0.0031 extra_render_attn_share=0.5467
[step 23650] real_p1_mirror_hole_cov=0.1388 real_p1_eps=0.0695 real_p1_hole_frac=0.0354 real_p2_eps=0.0998 real_p2_hit=1.0000 real_p2_t=155.0000 real_p2_ldif=0.0218 real_p2_gen_adv=-0.4472 real_p2_lfm=0.0031 real_total=0.1526 discr_adv=0.9943 p2_d_real=0.4585 p2_d_fake=0.4472 g_grad_abs=1004.9348 d_grad_abs=64.9677 synth_eps=0.1923 synth_eps_raw=0.1923 synth_x0_hit=1.0000 synth_x0_t=298.0000 synth_x0_ldif=0.1315 synth_x0_gen_adv=-0.3604 synth_x0_lfm=0.0093 synth_total=0.3064 extra_render_attn_share=0.5467
[step 23700] real_p1_mirror_hole_cov=0.2156 real_p1_eps=0.0071 real_p1_hole_frac=0.5131 real_p2_eps=0.4350 real_p2_hit=1.0000 real_p2_t=57.0000 real_p2_ldif=0.0257 real_p2_gen_adv=-0.1213 real_p2_lfm=0.0031 real_total=0.4618 discr_adv=1.8801 x0_d_real=0.4140 x0_d_fake=0.2778 p2_d_real=0.2298 p2_d_fake=0.1213 g_grad_abs=988.5621 d_grad_abs=1174.3542 synth_eps=0.0052 synth_eps_raw=0.0052 synth_x0_hit=0.0000 synth_total=0.0052 extra_render_attn_share=0.5467
[step 23750] real_p1_mirror_hole_cov=0.3265 real_p1_eps=0.1324 real_p1_hole_frac=0.4947 real_p2_eps=0.0027 real_p2_hit=0.0000 real_total=0.1351 discr_adv=0.9301 x0_d_real=0.0765 x0_d_fake=-0.0634 g_grad_abs=694.9492 d_grad_abs=712.8600 synth_eps=0.2713 synth_eps_raw=0.2713 synth_x0_hit=1.0000 synth_x0_t=134.0000 synth_x0_ldif=0.0479 synth_x0_gen_adv=0.0967 synth_x0_lfm=0.0030 synth_total=0.3348 extra_render_attn_share=0.5467
[step 23800] real_p1_mirror_hole_cov=0.2310 real_p1_eps=0.0050 real_p1_hole_frac=0.4892 real_p2_eps=0.0466 real_p2_hit=0.0000 real_total=0.0516 synth_eps=0.1493 synth_eps_raw=0.1493 synth_x0_hit=0.0000 synth_total=0.1493 extra_render_attn_share=0.5467
[step 23850] real_p1_mirror_hole_cov=0.0359 real_p1_eps=0.0211 real_p1_hole_frac=0.3285 real_p2_eps=0.0044 real_p2_hit=0.0000 real_total=0.0254 synth_eps=0.4435 synth_eps_raw=0.4435 synth_x0_hit=1.0000 synth_x0_t=64.0000 synth_x0_ldif=0.0301 synth_x0_gen_adv=-0.1213 synth_x0_lfm=0.0026 synth_total=0.4667 extra_render_attn_share=0.5467
[step 23900] real_p1_mirror_hole_cov=0.0110 real_p1_eps=0.0375 real_p1_hole_frac=0.3018 real_p2_eps=0.0858 real_p2_hit=0.0000 real_total=0.1233 discr_adv=0.9312 x0_d_real=-0.0832 x0_d_fake=-0.2209 g_grad_abs=761.3038 d_grad_abs=433.7599 synth_eps=0.0018 synth_eps_raw=0.0018 synth_x0_hit=0.0000 synth_total=0.0018 extra_render_attn_share=0.5467
[step 23950] real_p1_mirror_hole_cov=0.1784 real_p1_eps=0.0008 real_p1_hole_frac=0.5743 real_p2_eps=0.0074 real_p2_hit=0.0000 real_total=0.0082 synth_eps=0.0308 synth_eps_raw=0.0308 synth_x0_hit=0.0000 synth_total=0.0308 extra_render_attn_share=0.5467
[val step 23999] val_novel_full=0.0516 val_novel_hole=0.0858 val_novel_visible=0.0432
[step 24000] real_p1_mirror_hole_cov=0.2045 real_p1_eps=0.0018 real_p1_hole_frac=0.5896 real_p2_eps=0.0126 real_p2_hit=0.0000 real_total=0.0144 synth_eps=0.0235 synth_eps_raw=0.0235 synth_x0_hit=0.0000 synth_total=0.0235 extra_render_attn_share=0.5489
[images] real: anchor | cond1 | cond2 | inv_warp_mirror | mask | mask_inv | warp_img | warp_warp_img | x | y_hat | y_hat_novel -> /home/xzy/warpgan-diffusiong-inpainting/warpgan-diffusion-inpainting-main/experiments/train_inpainting_diffusion/[20260915-085455]_v19_w6b_300k/logs/images/train/real_step0024000.png
[images] synth: cond | mask | target | warp_img | x | y_hat_novel -> /home/xzy/warpgan-diffusiong-inpainting/warpgan-diffusion-inpainting-main/experiments/train_inpainting_diffusion/[20260915-085455]_v19_w6b_300k/logs/images/train/synth_step0024000.png
[step 24050] real_p1_mirror_hole_cov=0.0565 real_p1_eps=0.0901 real_p1_hole_frac=0.1705 real_p2_eps=0.1016 real_p2_hit=1.0000 real_p2_t=270.0000 real_p2_ldif=0.0570 real_p2_gen_adv=0.6682 real_p2_lfm=0.0042 real_total=0.3241 discr_adv=0.9915 p2_d_real=-0.6512 p2_d_fake=-0.6682 g_grad_abs=1499.2736 d_grad_abs=58.8341 synth_eps=0.0591 synth_eps_raw=0.0591 synth_x0_hit=0.0000 synth_total=0.0591 extra_render_attn_share=0.5489
[step 24100] real_p1_mirror_hole_cov=0.0429 real_p1_eps=0.5802 real_p1_hole_frac=0.2920 real_p2_eps=0.0654 real_p2_hit=0.0000 real_total=0.6456 synth_eps=0.0251 synth_eps_raw=0.0251 synth_x0_hit=0.0000 synth_total=0.0251 extra_render_attn_share=0.5489
[step 24150] real_p1_mirror_hole_cov=0.0901 real_p1_eps=0.0017 real_p1_hole_frac=0.2119 real_p2_eps=0.0996 real_p2_hit=0.0000 real_total=0.1013 synth_eps=0.0356 synth_eps_raw=0.0356 synth_x0_hit=0.0000 synth_total=0.0356 extra_render_attn_share=0.5489
[step 24200] real_p1_mirror_hole_cov=0.0736 real_p1_eps=0.0008 real_p1_hole_frac=0.3482 real_p2_eps=0.0611 real_p2_hit=0.0000 real_total=0.0619 synth_eps=0.1269 synth_eps_raw=0.1269 synth_x0_hit=0.0000 synth_total=0.1269 extra_render_attn_share=0.5489
[step 24250] real_p1_mirror_hole_cov=0.0258 real_p1_eps=0.1323 real_p1_hole_frac=0.2086 real_p2_eps=0.1063 real_p2_hit=1.0000 real_p2_t=276.0000 real_p2_ldif=0.0622 real_p2_gen_adv=0.3138 real_p2_lfm=0.0042 real_total=0.3406 discr_adv=1.0034 p2_d_real=-0.3206 p2_d_fake=-0.3138 g_grad_abs=1330.2105 d_grad_abs=48.6809 synth_eps=0.0039 synth_eps_raw=0.0039 synth_x0_hit=0.0000 synth_total=0.0039 extra_render_attn_share=0.5489
[step 24300] real_p1_mirror_hole_cov=0.1599 real_p1_eps=0.1506 real_p1_hole_frac=0.3414 real_p2_eps=0.3267 real_p2_hit=1.0000 real_p2_t=92.0000 real_p2_ldif=0.0347 real_p2_gen_adv=0.4213 real_p2_lfm=0.0025 real_total=0.5592 discr_adv=0.9614 p2_d_real=-0.3441 p2_d_fake=-0.4213 g_grad_abs=1452.0330 d_grad_abs=138.3559 synth_eps=0.0389 synth_eps_raw=0.0389 synth_x0_hit=0.0000 synth_total=0.0389 extra_render_attn_share=0.5489
[step 24350] real_p1_mirror_hole_cov=0.0499 real_p1_eps=0.0507 real_p1_hole_frac=0.1381 real_p2_eps=0.0509 real_p2_hit=0.0000 real_total=0.1016 discr_adv=0.9526 x0_d_real=0.3906 x0_d_fake=0.2897 g_grad_abs=620.6110 d_grad_abs=647.6832 synth_eps=0.0234 synth_eps_raw=0.0234 synth_x0_hit=0.0000 synth_total=0.0234 extra_render_attn_share=0.5489
[step 24400] real_p1_mirror_hole_cov=0.1889 real_p1_eps=0.8172 real_p1_hole_frac=0.4037 real_p2_eps=0.3384 real_p2_hit=1.0000 real_p2_t=132.0000 real_p2_ldif=0.0585 real_p2_gen_adv=-0.4750 real_p2_lfm=0.0055 real_total=1.1776 discr_adv=0.9135 p2_d_real=0.6483 p2_d_fake=0.4750 g_grad_abs=1920.3351 d_grad_abs=1079.4008 synth_eps=0.2801 synth_eps_raw=0.2801 synth_x0_hit=1.0000 synth_x0_t=193.0000 synth_x0_ldif=0.0863 synth_x0_gen_adv=-0.8247 synth_x0_lfm=0.0064 synth_total=0.2968 extra_render_attn_share=0.5489
[step 24450] real_p1_mirror_hole_cov=0.1214 real_p1_eps=0.1349 real_p1_hole_frac=0.3510 real_p2_eps=0.0552 real_p2_hit=0.0000 real_total=0.1902 synth_eps=0.0453 synth_eps_raw=0.0453 synth_x0_hit=0.0000 synth_total=0.0453 extra_render_attn_share=0.5489
[step 24500] real_p1_mirror_hole_cov=0.0293 real_p1_eps=0.2604 real_p1_hole_frac=0.4380 real_p2_eps=0.0086 real_p2_hit=0.0000 real_total=0.2690 synth_eps=0.0516 synth_eps_raw=0.0516 synth_x0_hit=0.0000 synth_total=0.0516 extra_render_attn_share=0.5489
[images] real: anchor | cond1 | cond2 | inv_warp_mirror | mask | mask_inv | warp_img | warp_warp_img | x | y_hat | y_hat_novel -> /home/xzy/warpgan-diffusiong-inpainting/warpgan-diffusion-inpainting-main/experiments/train_inpainting_diffusion/[20260915-085455]_v19_w6b_300k/logs/images/train/real_step0024500.png
[images] synth: cond | mask | target | warp_img | x | y_hat_novel -> /home/xzy/warpgan-diffusiong-inpainting/warpgan-diffusion-inpainting-main/experiments/train_inpainting_diffusion/[20260915-085455]_v19_w6b_300k/logs/images/train/synth_step0024500.png
[step 24550] real_p1_mirror_hole_cov=0.1954 real_p1_eps=0.0114 real_p1_hole_frac=0.2809 real_p2_eps=0.2454 real_p2_hit=1.0000 real_p2_t=140.0000 real_p2_ldif=0.0461 real_p2_gen_adv=-0.0746 real_p2_lfm=0.0040 real_total=0.3036 discr_adv=1.0251 p2_d_real=0.0245 p2_d_fake=0.0746 g_grad_abs=1186.8771 d_grad_abs=224.1880 synth_eps=0.2665 synth_eps_raw=0.2665 synth_x0_hit=1.0000 synth_x0_t=197.0000 synth_x0_ldif=0.0849 synth_x0_gen_adv=0.4804 synth_x0_lfm=0.0061 synth_total=0.4117 extra_render_attn_share=0.5489
[step 24600] real_p1_mirror_hole_cov=0.0422 real_p1_eps=0.0036 real_p1_hole_frac=0.0615 real_p2_eps=0.0896 real_p2_hit=1.0000 real_p2_t=296.0000 real_p2_ldif=0.0604 real_p2_gen_adv=-0.5165 real_p2_lfm=0.0053 real_total=0.1126 discr_adv=2.1090 x0_d_real=-0.1499 x0_d_fake=-0.3061 p2_d_real=0.1424 p2_d_fake=0.5165 g_grad_abs=2149.7492 d_grad_abs=1616.5131 synth_eps=0.0149 synth_eps_raw=0.0149 synth_x0_hit=0.0000 synth_total=0.0149 extra_render_attn_share=0.5489
[step 24650] real_p1_mirror_hole_cov=0.0223 real_p1_eps=0.0152 real_p1_hole_frac=0.1152 real_p2_eps=0.0055 real_p2_hit=0.0000 real_total=0.0207 discr_adv=0.9986 x0_d_real=-0.1483 x0_d_fake=-0.1510 g_grad_abs=200.4911 d_grad_abs=250.5812 synth_eps=0.0065 synth_eps_raw=0.0065 synth_x0_hit=0.0000 synth_total=0.0065 extra_render_attn_share=0.5489
[step 24700] real_p1_mirror_hole_cov=0.0666 real_p1_eps=0.0217 real_p1_hole_frac=0.2555 real_p2_eps=0.0589 real_p2_hit=0.0000 real_total=0.0806 discr_adv=0.9213 x0_d_real=-0.2537 x0_d_fake=-0.4110 g_grad_abs=484.4562 d_grad_abs=507.3669 synth_eps=0.8317 synth_eps_raw=0.8317 synth_x0_hit=1.0000 synth_x0_t=3.0000 synth_x0_ldif=0.0029 synth_x0_gen_adv=-0.1762 synth_x0_lfm=0.0004 synth_total=0.8177 extra_render_attn_share=0.5489
[step 24750] real_p1_mirror_hole_cov=0.0262 real_p1_eps=0.0021 real_p1_hole_frac=0.1036 real_p2_eps=0.0013 real_p2_hit=0.0000 real_total=0.0035 synth_eps=0.0660 synth_eps_raw=0.0660 synth_x0_hit=0.0000 synth_total=0.0660 extra_render_attn_share=0.5489
[step 24800] real_p1_mirror_hole_cov=0.1151 real_p1_eps=0.4935 real_p1_hole_frac=0.5378 real_p2_eps=0.0017 real_p2_hit=0.0000 real_total=0.4952 synth_eps=0.1148 synth_eps_raw=0.1148 synth_x0_hit=0.0000 synth_total=0.1148 extra_render_attn_share=0.5489
[step 24850] real_p1_mirror_hole_cov=0.1407 real_p1_eps=0.1714 real_p1_hole_frac=0.4435 real_p2_eps=0.0217 real_p2_hit=0.0000 real_total=0.1931 synth_eps=0.0011 synth_eps_raw=0.0011 synth_x0_hit=0.0000 synth_total=0.0011 extra_render_attn_share=0.5489
[step 24900] real_p1_mirror_hole_cov=0.0557 real_p1_eps=0.0369 real_p1_hole_frac=0.3471 real_p2_eps=0.0347 real_p2_hit=0.0000 real_total=0.0716 synth_eps=0.0135 synth_eps_raw=0.0135 synth_x0_hit=0.0000 synth_total=0.0135 extra_render_attn_share=0.5489
[step 24950] real_p1_mirror_hole_cov=0.0596 real_p1_eps=0.2128 real_p1_hole_frac=0.3534 real_p2_eps=0.2884 real_p2_hit=1.0000 real_p2_t=182.0000 real_p2_ldif=0.0808 real_p2_gen_adv=-0.2296 real_p2_lfm=0.0065 real_total=0.5720 discr_adv=1.9122 x0_d_real=0.2263 x0_d_fake=0.1193 p2_d_real=0.3056 p2_d_fake=0.2296 g_grad_abs=1564.3262 d_grad_abs=999.3000 synth_eps=0.3839 synth_eps_raw=0.3839 synth_x0_hit=1.0000 synth_x0_t=93.0000 synth_x0_ldif=0.0413 synth_x0_gen_adv=0.4233 synth_x0_lfm=0.0041 synth_total=0.4758 extra_render_attn_share=0.5489
[step 25000] real_p1_mirror_hole_cov=0.1223 real_p1_eps=0.1009 real_p1_hole_frac=0.5744 real_p2_eps=0.0354 real_p2_hit=0.0000 real_total=0.1363 discr_adv=1.0382 x0_d_real=0.2387 x0_d_fake=0.3150 g_grad_abs=825.9137 d_grad_abs=432.4792 synth_eps=0.4146 synth_eps_raw=0.4146 synth_x0_hit=1.0000 synth_x0_t=125.0000 synth_x0_ldif=0.0663 synth_x0_gen_adv=-0.1314 synth_x0_lfm=0.0052 synth_total=0.4782 extra_render_attn_share=0.5489
[images] real: anchor | cond1 | cond2 | inv_warp_mirror | mask | mask_inv | warp_img | warp_warp_img | x | y_hat | y_hat_novel -> /home/xzy/warpgan-diffusiong-inpainting/warpgan-diffusion-inpainting-main/experiments/train_inpainting_diffusion/[20260915-085455]_v19_w6b_300k/logs/images/train/real_step0025000.png
[images] synth: cond | mask | target | warp_img | x | y_hat_novel -> /home/xzy/warpgan-diffusiong-inpainting/warpgan-diffusion-inpainting-main/experiments/train_inpainting_diffusion/[20260915-085455]_v19_w6b_300k/logs/images/train/synth_step0025000.png
[step 25050] real_p1_mirror_hole_cov=0.0250 real_p1_eps=0.0376 real_p1_hole_frac=0.2647 real_p2_eps=0.1505 real_p2_hit=1.0000 real_p2_t=254.0000 real_p2_ldif=0.0751 real_p2_gen_adv=-0.2392 real_p2_lfm=0.0042 real_total=0.2476 discr_adv=1.9373 x0_d_real=0.0556 x0_d_fake=-0.1180 p2_d_real=0.1909 p2_d_fake=0.2392 g_grad_abs=1275.8617 d_grad_abs=587.3962 synth_eps=0.5071 synth_eps_raw=0.5071 synth_x0_hit=1.0000 synth_x0_t=54.0000 synth_x0_ldif=0.0282 synth_x0_gen_adv=0.3604 synth_x0_lfm=0.0025 synth_total=0.5763 extra_render_attn_share=0.5489
[step 25100] real_p1_mirror_hole_cov=0.0121 real_p1_eps=0.0014 real_p1_hole_frac=0.1907 real_p2_eps=0.1894 real_p2_hit=1.0000 real_p2_t=139.0000 real_p2_ldif=0.0352 real_p2_gen_adv=-0.3192 real_p2_lfm=0.0033 real_total=0.2007 discr_adv=0.9926 p2_d_real=0.3340 p2_d_fake=0.3192 g_grad_abs=1082.3839 d_grad_abs=126.5066 synth_eps=0.0277 synth_eps_raw=0.0277 synth_x0_hit=0.0000 synth_total=0.0277 extra_render_attn_share=0.5489
[step 25150] real_p1_mirror_hole_cov=0.2821 real_p1_eps=0.0043 real_p1_hole_frac=0.3209 real_p2_eps=0.0248 real_p2_hit=0.0000 real_total=0.0291 synth_eps=0.0061 synth_eps_raw=0.0061 synth_x0_hit=0.0000 synth_total=0.0061 extra_render_attn_share=0.5489
[step 25200] real_p1_mirror_hole_cov=0.2774 real_p1_eps=0.0024 real_p1_hole_frac=0.2477 real_p2_eps=0.0255 real_p2_hit=0.0000 real_total=0.0279 synth_eps=0.0440 synth_eps_raw=0.0440 synth_x0_hit=0.0000 synth_total=0.0440 extra_render_attn_share=0.5489
[step 25250] real_p1_mirror_hole_cov=0.1332 real_p1_eps=0.0122 real_p1_hole_frac=0.5121 real_p2_eps=0.0023 real_p2_hit=0.0000 real_total=0.0145 synth_eps=0.0009 synth_eps_raw=0.0009 synth_x0_hit=0.0000 synth_total=0.0009 extra_render_attn_share=0.5489
[step 25300] real_p1_mirror_hole_cov=0.0718 real_p1_eps=0.1419 real_p1_hole_frac=0.0732 real_p2_eps=0.0013 real_p2_hit=0.0000 real_total=0.1432 synth_eps=0.0421 synth_eps_raw=0.0421 synth_x0_hit=0.0000 synth_total=0.0421 extra_render_attn_share=0.5489
[step 25350] real_p1_mirror_hole_cov=0.0269 real_p1_eps=0.1731 real_p1_hole_frac=0.1977 real_p2_eps=0.0816 real_p2_hit=0.0000 real_total=0.2547 synth_eps=0.9126 synth_eps_raw=0.9126 synth_x0_hit=1.0000 synth_x0_t=1.0000 synth_x0_ldif=0.0016 synth_x0_gen_adv=0.1834 synth_x0_lfm=0.0002 synth_total=0.9329 extra_render_attn_share=0.5489
[step 25400] real_p1_mirror_hole_cov=0.1026 real_p1_eps=0.0068 real_p1_hole_frac=0.1631 real_p2_eps=0.0062 real_p2_hit=0.0000 real_total=0.0129 discr_adv=0.9495 x0_d_real=0.2900 x0_d_fake=0.1890 g_grad_abs=167.6387 d_grad_abs=829.2316 synth_eps=0.0051 synth_eps_raw=0.0051 synth_x0_hit=0.0000 synth_total=0.0051 extra_render_attn_share=0.5489
[step 25450] real_p1_mirror_hole_cov=0.2521 real_p1_eps=0.0050 real_p1_hole_frac=0.0158 real_p2_eps=0.0315 real_p2_hit=0.0000 real_total=0.0365 synth_eps=0.3419 synth_eps_raw=0.3419 synth_x0_hit=1.0000 synth_x0_t=131.0000 synth_x0_ldif=0.0584 synth_x0_gen_adv=0.8124 synth_x0_lfm=0.0030 synth_total=0.4877 extra_render_attn_share=0.5489
[step 25500] real_p1_mirror_hole_cov=0.0583 real_p1_eps=0.0593 real_p1_hole_frac=0.0933 real_p2_eps=0.0011 real_p2_hit=0.0000 real_total=0.0603 synth_eps=0.2109 synth_eps_raw=0.2109 synth_x0_hit=1.0000 synth_x0_t=186.0000 synth_x0_ldif=0.0612 synth_x0_gen_adv=0.4199 synth_x0_lfm=0.0044 synth_total=0.3229 extra_render_attn_share=0.5489
[images] real: anchor | cond1 | cond2 | inv_warp_mirror | mask | mask_inv | warp_img | warp_warp_img | x | y_hat | y_hat_novel -> /home/xzy/warpgan-diffusiong-inpainting/warpgan-diffusion-inpainting-main/experiments/train_inpainting_diffusion/[20260915-085455]_v19_w6b_300k/logs/images/train/real_step0025500.png
[images] synth: cond | mask | target | warp_img | x | y_hat_novel -> /home/xzy/warpgan-diffusiong-inpainting/warpgan-diffusion-inpainting-main/experiments/train_inpainting_diffusion/[20260915-085455]_v19_w6b_300k/logs/images/train/synth_step0025500.png
[step 25550] real_p1_mirror_hole_cov=0.1815 real_p1_eps=0.0289 real_p1_hole_frac=0.4036 real_p2_eps=0.1702 real_p2_hit=1.0000 real_p2_t=248.0000 real_p2_ldif=0.0812 real_p2_gen_adv=-0.2585 real_p2_lfm=0.0056 real_total=0.2657 discr_adv=1.8378 x0_d_real=0.7875 x0_d_fake=0.7026 p2_d_real=0.4982 p2_d_fake=0.2585 g_grad_abs=1682.7835 d_grad_abs=1767.4343 synth_eps=0.0620 synth_eps_raw=0.0620 synth_x0_hit=0.0000 synth_total=0.0620 extra_render_attn_share=0.5489
[step 25600] real_p1_mirror_hole_cov=0.0250 real_p1_eps=0.0754 real_p1_hole_frac=0.1429 real_p2_eps=0.0012 real_p2_hit=0.0000 real_total=0.0765 synth_eps=0.0320 synth_eps_raw=0.0320 synth_x0_hit=0.0000 synth_total=0.0320 extra_render_attn_share=0.5489
[step 25650] real_p1_mirror_hole_cov=0.0185 real_p1_eps=0.0114 real_p1_hole_frac=0.0649 real_p2_eps=0.0010 real_p2_hit=0.0000 real_total=0.0124 synth_eps=0.1958 synth_eps_raw=0.1958 synth_x0_hit=1.0000 synth_x0_t=263.0000 synth_x0_ldif=0.1043 synth_x0_gen_adv=0.6701 synth_x0_lfm=0.0095 synth_total=0.3861 extra_render_attn_share=0.5489
[step 25700] real_p1_mirror_hole_cov=0.1247 real_p1_eps=0.0060 real_p1_hole_frac=0.5854 real_p2_eps=0.2335 real_p2_hit=1.0000 real_p2_t=188.0000 real_p2_ldif=0.0689 real_p2_gen_adv=0.0061 real_p2_lfm=0.0054 real_total=0.3198 discr_adv=0.8830 p2_d_real=0.2279 p2_d_fake=-0.0061 g_grad_abs=1334.8656 d_grad_abs=961.6097 synth_eps=0.0089 synth_eps_raw=0.0089 synth_x0_hit=0.0000 synth_total=0.0089 extra_render_attn_share=0.5489
[step 25750] real_p1_mirror_hole_cov=0.0148 real_p1_eps=0.3199 real_p1_hole_frac=0.1090 real_p2_eps=0.0015 real_p2_hit=0.0000 real_total=0.3214 synth_eps=0.0058 synth_eps_raw=0.0058 synth_x0_hit=0.0000 synth_total=0.0058 extra_render_attn_share=0.5489
[step 25800] real_p1_mirror_hole_cov=0.0101 real_p1_eps=0.0147 real_p1_hole_frac=0.2236 real_p2_eps=0.0166 real_p2_hit=0.0000 real_total=0.0313 synth_eps=0.3221 synth_eps_raw=0.3221 synth_x0_hit=1.0000 synth_x0_t=177.0000 synth_x0_ldif=0.0863 synth_x0_gen_adv=-0.2463 synth_x0_lfm=0.0057 synth_total=0.3952 extra_render_attn_share=0.5489
[step 25850] real_p1_mirror_hole_cov=0.2221 real_p1_eps=0.2471 real_p1_hole_frac=0.2704 real_p2_eps=0.0090 real_p2_hit=0.0000 real_total=0.2561 synth_eps=0.0716 synth_eps_raw=0.0716 synth_x0_hit=0.0000 synth_total=0.0716 extra_render_attn_share=0.5489
[step 25900] real_p1_mirror_hole_cov=0.0998 real_p1_eps=0.0466 real_p1_hole_frac=0.4285 real_p2_eps=0.2368 real_p2_hit=1.0000 real_p2_t=123.0000 real_p2_ldif=0.0370 real_p2_gen_adv=0.5855 real_p2_lfm=0.0030 real_total=0.3851 discr_adv=0.9887 p2_d_real=-0.5630 p2_d_fake=-0.5855 g_grad_abs=1054.3761 d_grad_abs=73.4360 synth_eps=0.3877 synth_eps_raw=0.3877 synth_x0_hit=1.0000 synth_x0_t=98.0000 synth_x0_ldif=0.0447 synth_x0_gen_adv=0.6751 synth_x0_lfm=0.0052 synth_total=0.5102 extra_render_attn_share=0.5489
[step 25950] real_p1_mirror_hole_cov=0.0742 real_p1_eps=0.0370 real_p1_hole_frac=0.1028 real_p2_eps=0.0033 real_p2_hit=0.0000 real_total=0.0403 synth_eps=0.0037 synth_eps_raw=0.0037 synth_x0_hit=0.0000 synth_total=0.0037 extra_render_attn_share=0.5489
[val step 25999] val_novel_full=0.0726 val_novel_hole=0.1248 val_novel_visible=0.0502
[step 26000] real_p1_mirror_hole_cov=0.0451 real_p1_eps=0.0020 real_p1_hole_frac=0.3502 real_p2_eps=0.0025 real_p2_hit=0.0000 real_total=0.0045 discr_adv=0.9698 x0_d_real=-0.5600 x0_d_fake=-0.6205 g_grad_abs=151.9989 d_grad_abs=180.1913 synth_eps=0.2677 synth_eps_raw=0.2677 synth_x0_hit=1.0000 synth_x0_t=173.0000 synth_x0_ldif=0.0692 synth_x0_gen_adv=0.5982 synth_x0_lfm=0.0059 synth_total=0.4085 extra_render_attn_share=0.5507
[images] real: anchor | cond1 | cond2 | inv_warp_mirror | mask | mask_inv | warp_img | warp_warp_img | x | y_hat | y_hat_novel -> /home/xzy/warpgan-diffusiong-inpainting/warpgan-diffusion-inpainting-main/experiments/train_inpainting_diffusion/[20260915-085455]_v19_w6b_300k/logs/images/train/real_step0026000.png
[images] synth: cond | mask | target | warp_img | x | y_hat_novel -> /home/xzy/warpgan-diffusiong-inpainting/warpgan-diffusion-inpainting-main/experiments/train_inpainting_diffusion/[20260915-085455]_v19_w6b_300k/logs/images/train/synth_step0026000.png
[step 26050] real_p1_mirror_hole_cov=0.0383 real_p1_eps=0.3336 real_p1_hole_frac=0.3967 real_p2_eps=0.0233 real_p2_hit=0.0000 real_total=0.3568 synth_eps=0.2371 synth_eps_raw=0.2371 synth_x0_hit=1.0000 synth_x0_t=191.0000 synth_x0_ldif=0.0718 synth_x0_gen_adv=0.0843 synth_x0_lfm=0.0054 synth_total=0.3282 extra_render_attn_share=0.5507
[step 26100] real_p1_mirror_hole_cov=0.0342 real_p1_eps=0.0029 real_p1_hole_frac=0.0265 real_p2_eps=0.0010 real_p2_hit=0.0000 real_total=0.0039 synth_eps=0.0151 synth_eps_raw=0.0151 synth_x0_hit=0.0000 synth_total=0.0151 extra_render_attn_share=0.5507
[step 26150] real_p1_mirror_hole_cov=0.1440 real_p1_eps=0.0010 real_p1_hole_frac=0.3851 real_p2_eps=0.0091 real_p2_hit=0.0000 real_total=0.0101 discr_adv=0.8984 x0_d_real=0.5763 x0_d_fake=0.3628 g_grad_abs=171.0731 d_grad_abs=604.9956 synth_eps=0.1694 synth_eps_raw=0.1694 synth_x0_hit=1.0000 synth_x0_t=273.0000 synth_x0_ldif=0.0972 synth_x0_gen_adv=-0.3673 synth_x0_lfm=0.0086 synth_total=0.2470 extra_render_attn_share=0.5507
[step 26200] real_p1_mirror_hole_cov=0.0436 real_p1_eps=0.0973 real_p1_hole_frac=0.2802 real_p2_eps=0.1661 real_p2_hit=1.0000 real_p2_t=259.0000 real_p2_ldif=0.0860 real_p2_gen_adv=-0.2990 real_p2_lfm=0.0050 real_total=0.3295 discr_adv=0.9841 p2_d_real=0.3327 p2_d_fake=0.2990 g_grad_abs=1528.9360 d_grad_abs=169.5571 synth_eps=0.0355 synth_eps_raw=0.0355 synth_x0_hit=0.0000 synth_total=0.0355 extra_render_attn_share=0.5507
[step 26250] real_p1_mirror_hole_cov=0.2031 real_p1_eps=0.0029 real_p1_hole_frac=0.2102 real_p2_eps=0.0706 real_p2_hit=0.0000 real_total=0.0735 synth_eps=0.0100 synth_eps_raw=0.0100 synth_x0_hit=0.0000 synth_total=0.0100 extra_render_attn_share=0.5507
[step 26300] real_p1_mirror_hole_cov=0.0385 real_p1_eps=0.0119 real_p1_hole_frac=0.1074 real_p2_eps=0.0087 real_p2_hit=0.0000 real_total=0.0207 synth_eps=0.0097 synth_eps_raw=0.0097 synth_x0_hit=0.0000 synth_total=0.0097 extra_render_attn_share=0.5507
[step 26350] real_p1_mirror_hole_cov=0.1299 real_p1_eps=0.0312 real_p1_hole_frac=0.0545 real_p2_eps=0.1710 real_p2_hit=1.0000 real_p2_t=89.0000 real_p2_ldif=0.0174 real_p2_gen_adv=-0.5582 real_p2_lfm=0.0018 real_total=0.1674 discr_adv=1.0182 p2_d_real=0.5219 p2_d_fake=0.5582 g_grad_abs=856.6296 d_grad_abs=93.9424 synth_eps=0.0164 synth_eps_raw=0.0164 synth_x0_hit=0.0000 synth_total=0.0164 extra_render_attn_share=0.5507
[step 26400] real_p1_mirror_hole_cov=0.3396 real_p1_eps=0.0012 real_p1_hole_frac=0.0789 real_p2_eps=0.0013 real_p2_hit=0.0000 real_total=0.0025 synth_eps=0.0023 synth_eps_raw=0.0023 synth_x0_hit=0.0000 synth_total=0.0023 extra_render_attn_share=0.5507
[step 26450] real_p1_mirror_hole_cov=0.0178 real_p1_eps=0.5369 real_p1_hole_frac=0.1913 real_p2_eps=0.1910 real_p2_hit=1.0000 real_p2_t=110.0000 real_p2_ldif=0.0256 real_p2_gen_adv=-0.5424 real_p2_lfm=0.0033 real_total=0.7059 discr_adv=1.9625 x0_d_real=-0.2560 x0_d_fake=-0.3719 p2_d_real=0.5016 p2_d_fake=0.5424 g_grad_abs=1904.6187 d_grad_abs=353.6609 synth_eps=0.0061 synth_eps_raw=0.0061 synth_x0_hit=0.0000 synth_total=0.0061 extra_render_attn_share=0.5507
[step 26500] real_p1_mirror_hole_cov=0.2690 real_p1_eps=0.0512 real_p1_hole_frac=0.1068 real_p2_eps=0.0770 real_p2_hit=0.0000 real_total=0.1282 synth_eps=0.0044 synth_eps_raw=0.0044 synth_x0_hit=0.0000 synth_total=0.0044 extra_render_attn_share=0.5507
[images] real: anchor | cond1 | cond2 | inv_warp_mirror | mask | mask_inv | warp_img | warp_warp_img | x | y_hat | y_hat_novel -> /home/xzy/warpgan-diffusiong-inpainting/warpgan-diffusion-inpainting-main/experiments/train_inpainting_diffusion/[20260915-085455]_v19_w6b_300k/logs/images/train/real_step0026500.png
[images] synth: cond | mask | target | warp_img | x | y_hat_novel -> /home/xzy/warpgan-diffusiong-inpainting/warpgan-diffusion-inpainting-main/experiments/train_inpainting_diffusion/[20260915-085455]_v19_w6b_300k/logs/images/train/synth_step0026500.png
[step 26550] real_p1_mirror_hole_cov=0.0162 real_p1_eps=0.1493 real_p1_hole_frac=0.1252 real_p2_eps=0.0156 real_p2_hit=0.0000 real_total=0.1649 discr_adv=0.8669 x0_d_real=0.2135 x0_d_fake=-0.0528 g_grad_abs=830.9196 d_grad_abs=1448.2339 synth_eps=0.0560 synth_eps_raw=0.0560 synth_x0_hit=0.0000 synth_total=0.0560 extra_render_attn_share=0.5507
[step 26600] real_p1_mirror_hole_cov=0.0144 real_p1_eps=0.0008 real_p1_hole_frac=0.4302 real_p2_eps=0.0805 real_p2_hit=0.0000 real_total=0.0813 synth_eps=0.0041 synth_eps_raw=0.0041 synth_x0_hit=0.0000 synth_total=0.0041 extra_render_attn_share=0.5507
[step 26650] real_p1_mirror_hole_cov=0.2480 real_p1_eps=0.0120 real_p1_hole_frac=0.4242 real_p2_eps=0.0361 real_p2_hit=0.0000 real_total=0.0481 synth_eps=0.0221 synth_eps_raw=0.0221 synth_x0_hit=0.0000 synth_total=0.0221 extra_render_attn_share=0.5507
[step 26700] real_p1_mirror_hole_cov=0.0179 real_p1_eps=0.0245 real_p1_hole_frac=0.4231 real_p2_eps=0.0079 real_p2_hit=0.0000 real_total=0.0325 synth_eps=0.0482 synth_eps_raw=0.0482 synth_x0_hit=0.0000 synth_total=0.0482 extra_render_attn_share=0.5507
[step 26750] real_p1_mirror_hole_cov=0.0072 real_p1_eps=0.1788 real_p1_hole_frac=0.1411 real_p2_eps=0.0642 real_p2_hit=0.0000 real_total=0.2430 synth_eps=0.0049 synth_eps_raw=0.0049 synth_x0_hit=0.0000 synth_total=0.0049 extra_render_attn_share=0.5507
[step 26800] real_p1_mirror_hole_cov=0.1221 real_p1_eps=0.1349 real_p1_hole_frac=0.4036 real_p2_eps=0.1638 real_p2_hit=1.0000 real_p2_t=246.0000 real_p2_ldif=0.0769 real_p2_gen_adv=-0.3542 real_p2_lfm=0.0050 real_total=0.3503 discr_adv=1.0220 p2_d_real=0.3102 p2_d_fake=0.3542 g_grad_abs=1389.0914 d_grad_abs=176.3308 synth_eps=0.0085 synth_eps_raw=0.0085 synth_x0_hit=0.0000 synth_total=0.0085 extra_render_attn_share=0.5507
[step 26850] real_p1_mirror_hole_cov=0.1193 real_p1_eps=0.1983 real_p1_hole_frac=0.3491 real_p2_eps=0.0029 real_p2_hit=0.0000 real_total=0.2013 discr_adv=0.9939 x0_d_real=0.2656 x0_d_fake=0.2535 g_grad_abs=914.7873 d_grad_abs=104.2018 synth_eps=0.0036 synth_eps_raw=0.0036 synth_x0_hit=0.0000 synth_total=0.0036 extra_render_attn_share=0.5507
[step 26900] real_p1_mirror_hole_cov=0.0160 real_p1_eps=0.0491 real_p1_hole_frac=0.3043 real_p2_eps=0.1579 real_p2_hit=1.0000 real_p2_t=239.0000 real_p2_ldif=0.0704 real_p2_gen_adv=-0.2353 real_p2_lfm=0.0058 real_total=0.2654 discr_adv=1.0677 p2_d_real=0.0999 p2_d_fake=0.2353 g_grad_abs=1262.2211 d_grad_abs=565.9969 synth_eps=0.0426 synth_eps_raw=0.0426 synth_x0_hit=0.0000 synth_total=0.0426 extra_render_attn_share=0.5507
[step 26950] real_p1_mirror_hole_cov=0.0333 real_p1_eps=0.4561 real_p1_hole_frac=0.0711 real_p2_eps=0.1181 real_p2_hit=1.0000 real_p2_t=220.0000 real_p2_ldif=0.0454 real_p2_gen_adv=-0.2707 real_p2_lfm=0.0032 real_total=0.5989 discr_adv=1.0064 p2_d_real=0.2578 p2_d_fake=0.2707 g_grad_abs=1711.8977 d_grad_abs=62.3192 synth_eps=0.0652 synth_eps_raw=0.0652 synth_x0_hit=0.0000 synth_total=0.0652 extra_render_attn_share=0.5507
[step 27000] real_p1_mirror_hole_cov=0.1267 real_p1_eps=0.0132 real_p1_hole_frac=0.4199 real_p2_eps=0.0086 real_p2_hit=0.0000 real_total=0.0218 discr_adv=0.9873 x0_d_real=-0.2739 x0_d_fake=-0.2993 g_grad_abs=211.7924 d_grad_abs=75.2661 synth_eps=0.0305 synth_eps_raw=0.0305 synth_x0_hit=0.0000 synth_total=0.0305 extra_render_attn_share=0.5507
[images] real: anchor | cond1 | cond2 | inv_warp_mirror | mask | mask_inv | warp_img | warp_warp_img | x | y_hat | y_hat_novel -> /home/xzy/warpgan-diffusiong-inpainting/warpgan-diffusion-inpainting-main/experiments/train_inpainting_diffusion/[20260915-085455]_v19_w6b_300k/logs/images/train/real_step0027000.png
[images] synth: cond | mask | target | warp_img | x | y_hat_novel -> /home/xzy/warpgan-diffusiong-inpainting/warpgan-diffusion-inpainting-main/experiments/train_inpainting_diffusion/[20260915-085455]_v19_w6b_300k/logs/images/train/synth_step0027000.png
[step 27050] real_p1_mirror_hole_cov=0.0081 real_p1_eps=0.0418 real_p1_hole_frac=0.1258 real_p2_eps=0.0054 real_p2_hit=0.0000 real_total=0.0472 discr_adv=0.9534 x0_d_real=0.0780 x0_d_fake=-0.0152 g_grad_abs=463.6879 d_grad_abs=269.7946 synth_eps=0.0809 synth_eps_raw=0.0809 synth_x0_hit=0.0000 synth_total=0.0809 extra_render_attn_share=0.5507
[step 27100] real_p1_mirror_hole_cov=0.0060 real_p1_eps=0.0066 real_p1_hole_frac=0.2022 real_p2_eps=0.0940 real_p2_hit=0.0000 real_total=0.1006 synth_eps=0.0619 synth_eps_raw=0.0619 synth_x0_hit=0.0000 synth_total=0.0619 extra_render_attn_share=0.5507
[step 27150] real_p1_mirror_hole_cov=0.1238 real_p1_eps=0.0044 real_p1_hole_frac=0.6337 real_p2_eps=0.3089 real_p2_hit=1.0000 real_p2_t=132.0000 real_p2_ldif=0.0534 real_p2_gen_adv=0.0718 real_p2_lfm=0.0045 real_total=0.3829 discr_adv=0.9775 p2_d_real=-0.0268 p2_d_fake=-0.0718 g_grad_abs=1092.1512 d_grad_abs=163.4703 synth_eps=0.0780 synth_eps_raw=0.0780 synth_x0_hit=0.0000 synth_total=0.0780 extra_render_attn_share=0.5507
[step 27200] real_p1_mirror_hole_cov=0.0219 real_p1_eps=0.0210 real_p1_hole_frac=0.4520 real_p2_eps=0.0766 real_p2_hit=0.0000 real_total=0.0976 synth_eps=0.2407 synth_eps_raw=0.2407 synth_x0_hit=1.0000 synth_x0_t=210.0000 synth_x0_ldif=0.0854 synth_x0_gen_adv=-0.1817 synth_x0_lfm=0.0073 synth_total=0.3225 extra_render_attn_share=0.5507
[step 27250] real_p1_mirror_hole_cov=0.0172 real_p1_eps=0.0872 real_p1_hole_frac=0.4557 real_p2_eps=0.0319 real_p2_hit=0.0000 real_total=0.1191 synth_eps=0.8263 synth_eps_raw=0.8263 synth_x0_hit=1.0000 synth_x0_t=3.0000 synth_x0_ldif=0.0028 synth_x0_gen_adv=0.1643 synth_x0_lfm=0.0003 synth_total=0.8463 extra_render_attn_share=0.5507
[step 27300] real_p1_mirror_hole_cov=0.0967 real_p1_eps=0.0641 real_p1_hole_frac=0.4666 real_p2_eps=0.2222 real_p2_hit=1.0000 real_p2_t=211.0000 real_p2_ldif=0.0795 real_p2_gen_adv=0.0484 real_p2_lfm=0.0058 real_total=0.3823 discr_adv=0.9467 p2_d_real=0.0581 p2_d_fake=-0.0484 g_grad_abs=1342.4244 d_grad_abs=250.5416 synth_eps=0.1313 synth_eps_raw=0.1313 synth_x0_hit=0.0000 synth_total=0.1313 extra_render_attn_share=0.5507
[step 27350] real_p1_mirror_hole_cov=0.2015 real_p1_eps=0.0066 real_p1_hole_frac=0.4636 real_p2_eps=0.1105 real_p2_hit=0.0000 real_total=0.1171 synth_eps=0.2973 synth_eps_raw=0.2973 synth_x0_hit=1.0000 synth_x0_t=166.0000 synth_x0_ldif=0.0721 synth_x0_gen_adv=-0.0406 synth_x0_lfm=0.0043 synth_total=0.3739 extra_render_attn_share=0.5507
[step 27400] real_p1_mirror_hole_cov=0.0062 real_p1_eps=0.0024 real_p1_hole_frac=0.1692 real_p2_eps=0.0026 real_p2_hit=0.0000 real_total=0.0050 synth_eps=0.0018 synth_eps_raw=0.0018 synth_x0_hit=0.0000 synth_total=0.0018 extra_render_attn_share=0.5507
[step 27450] real_p1_mirror_hole_cov=0.1392 real_p1_eps=0.0052 real_p1_hole_frac=0.4162 real_p2_eps=0.2706 real_p2_hit=1.0000 real_p2_t=215.0000 real_p2_ldif=0.1000 real_p2_gen_adv=-0.2655 real_p2_lfm=0.0065 real_total=0.3621 discr_adv=1.9225 x0_d_real=-0.4809 x0_d_fake=-0.5840 p2_d_real=0.3175 p2_d_fake=0.2655 g_grad_abs=1243.2391 d_grad_abs=308.5251 synth_eps=0.0250 synth_eps_raw=0.0250 synth_x0_hit=0.0000 synth_total=0.0250 extra_render_attn_share=0.5507
[step 27500] real_p1_mirror_hole_cov=0.0650 real_p1_eps=0.0749 real_p1_hole_frac=0.2868 real_p2_eps=0.0149 real_p2_hit=0.0000 real_total=0.0897 synth_eps=0.0208 synth_eps_raw=0.0208 synth_x0_hit=0.0000 synth_total=0.0208 extra_render_attn_share=0.5507
[images] real: anchor | cond1 | cond2 | inv_warp_mirror | mask | mask_inv | warp_img | warp_warp_img | x | y_hat | y_hat_novel -> /home/xzy/warpgan-diffusiong-inpainting/warpgan-diffusion-inpainting-main/experiments/train_inpainting_diffusion/[20260915-085455]_v19_w6b_300k/logs/images/train/real_step0027500.png
[images] synth: cond | mask | target | warp_img | x | y_hat_novel -> /home/xzy/warpgan-diffusiong-inpainting/warpgan-diffusion-inpainting-main/experiments/train_inpainting_diffusion/[20260915-085455]_v19_w6b_300k/logs/images/train/synth_step0027500.png
[step 27550] real_p1_mirror_hole_cov=0.0716 real_p1_eps=0.2351 real_p1_hole_frac=0.1307 real_p2_eps=0.0415 real_p2_hit=0.0000 real_total=0.2766 synth_eps=0.3062 synth_eps_raw=0.3062 synth_x0_hit=1.0000 synth_x0_t=119.0000 synth_x0_ldif=0.0458 synth_x0_gen_adv=0.2219 synth_x0_lfm=0.0048 synth_total=0.3837 extra_render_attn_share=0.5507
[step 27600] real_p1_mirror_hole_cov=0.2238 real_p1_eps=0.1168 real_p1_hole_frac=0.3513 real_p2_eps=0.1350 real_p2_hit=1.0000 real_p2_t=284.0000 real_p2_ldif=0.0837 real_p2_gen_adv=-0.2765 real_p2_lfm=0.0052 real_total=0.3182 discr_adv=1.9142 x0_d_real=0.2401 x0_d_fake=0.1428 p2_d_real=0.3508 p2_d_fake=0.2765 g_grad_abs=1805.6621 d_grad_abs=755.3429 synth_eps=0.0236 synth_eps_raw=0.0236 synth_x0_hit=0.0000 synth_total=0.0236 extra_render_attn_share=0.5507
[step 27650] real_p1_mirror_hole_cov=0.0174 real_p1_eps=0.0240 real_p1_hole_frac=0.0602 real_p2_eps=0.0127 real_p2_hit=0.0000 real_total=0.0366 discr_adv=0.9442 x0_d_real=-0.2302 x0_d_fake=-0.3418 g_grad_abs=352.6650 d_grad_abs=313.0507 synth_eps=0.0128 synth_eps_raw=0.0128 synth_x0_hit=0.0000 synth_total=0.0128 extra_render_attn_share=0.5507
[step 27700] real_p1_mirror_hole_cov=0.0663 real_p1_eps=0.0013 real_p1_hole_frac=0.0740 real_p2_eps=0.0068 real_p2_hit=0.0000 real_total=0.0081 synth_eps=0.3584 synth_eps_raw=0.3584 synth_x0_hit=1.0000 synth_x0_t=144.0000 synth_x0_ldif=0.0702 synth_x0_gen_adv=-0.1051 synth_x0_lfm=0.0062 synth_total=0.4306 extra_render_attn_share=0.5507
[step 27750] real_p1_mirror_hole_cov=0.0551 real_p1_eps=0.5137 real_p1_hole_frac=0.3134 real_p2_eps=0.0119 real_p2_hit=0.0000 real_total=0.5256 synth_eps=0.0016 synth_eps_raw=0.0016 synth_x0_hit=0.0000 synth_total=0.0016 extra_render_attn_share=0.5507
[step 27800] real_p1_mirror_hole_cov=0.1378 real_p1_eps=0.0202 real_p1_hole_frac=0.3850 real_p2_eps=0.0020 real_p2_hit=0.0000 real_total=0.0222 synth_eps=0.0723 synth_eps_raw=0.0723 synth_x0_hit=0.0000 synth_total=0.0723 extra_render_attn_share=0.5507
[step 27850] real_p1_mirror_hole_cov=0.0486 real_p1_eps=0.4116 real_p1_hole_frac=0.4015 real_p2_eps=0.0247 real_p2_hit=0.0000 real_total=0.4362 synth_eps=0.0300 synth_eps_raw=0.0300 synth_x0_hit=0.0000 synth_total=0.0300 extra_render_attn_share=0.5507
[step 27900] real_p1_mirror_hole_cov=0.0080 real_p1_eps=0.0059 real_p1_hole_frac=0.0433 real_p2_eps=0.0146 real_p2_hit=0.0000 real_total=0.0205 discr_adv=1.0366 x0_d_real=0.0279 x0_d_fake=0.1011 g_grad_abs=196.8618 d_grad_abs=166.7767 synth_eps=0.0109 synth_eps_raw=0.0109 synth_x0_hit=0.0000 synth_total=0.0109 extra_render_attn_share=0.5507
[step 27950] real_p1_mirror_hole_cov=0.1342 real_p1_eps=0.1351 real_p1_hole_frac=0.4715 real_p2_eps=0.0685 real_p2_hit=0.0000 real_total=0.2037 discr_adv=0.9221 x0_d_real=0.0179 x0_d_fake=-0.1380 g_grad_abs=809.4003 d_grad_abs=368.9910 synth_eps=0.3679 synth_eps_raw=0.3679 synth_x0_hit=1.0000 synth_x0_t=117.0000 synth_x0_ldif=0.0537 synth_x0_gen_adv=0.1888 synth_x0_lfm=0.0045 synth_total=0.4495 extra_render_attn_share=0.5507
[val step 27999] val_novel_full=0.0546 val_novel_hole=0.0896 val_novel_visible=0.0459
[step 28000] real_p1_mirror_hole_cov=0.0183 real_p1_eps=0.0128 real_p1_hole_frac=0.3540 real_p2_eps=0.3551 real_p2_hit=1.0000 real_p2_t=120.0000 real_p2_ldif=0.0537 real_p2_gen_adv=-0.2357 real_p2_lfm=0.0040 real_total=0.4061 discr_adv=0.9452 p2_d_real=0.3454 p2_d_fake=0.2357 g_grad_abs=1307.1756 d_grad_abs=329.8697 synth_eps=0.3087 synth_eps_raw=0.3087 synth_x0_hit=1.0000 synth_x0_t=183.0000 synth_x0_ldif=0.0872 synth_x0_gen_adv=-0.0493 synth_x0_lfm=0.0065 synth_total=0.4040 extra_render_attn_share=0.5551
[images] real: anchor | cond1 | cond2 | inv_warp_mirror | mask | mask_inv | warp_img | warp_warp_img | x | y_hat | y_hat_novel -> /home/xzy/warpgan-diffusiong-inpainting/warpgan-diffusion-inpainting-main/experiments/train_inpainting_diffusion/[20260915-085455]_v19_w6b_300k/logs/images/train/real_step0028000.png
[images] synth: cond | mask | target | warp_img | x | y_hat_novel -> /home/xzy/warpgan-diffusiong-inpainting/warpgan-diffusion-inpainting-main/experiments/train_inpainting_diffusion/[20260915-085455]_v19_w6b_300k/logs/images/train/synth_step0028000.png
[step 28050] real_p1_mirror_hole_cov=0.0943 real_p1_eps=0.0221 real_p1_hole_frac=0.4083 real_p2_eps=0.4564 real_p2_hit=1.0000 real_p2_t=79.0000 real_p2_ldif=0.0400 real_p2_gen_adv=-1.0187 real_p2_lfm=0.0026 real_total=0.4217 discr_adv=1.0238 p2_d_real=1.0221 p2_d_fake=1.0187 g_grad_abs=1365.0177 d_grad_abs=618.5392 synth_eps=0.0160 synth_eps_raw=0.0160 synth_x0_hit=0.0000 synth_total=0.0160 extra_render_attn_share=0.5551
[step 28100] real_p1_mirror_hole_cov=0.1692 real_p1_eps=0.0387 real_p1_hole_frac=0.2534 real_p2_eps=0.0135 real_p2_hit=0.0000 real_total=0.0522 discr_adv=0.9603 x0_d_real=0.5301 x0_d_fake=0.4506 g_grad_abs=356.2955 d_grad_abs=517.7515 synth_eps=0.2964 synth_eps_raw=0.2964 synth_x0_hit=1.0000 synth_x0_t=144.0000 synth_x0_ldif=0.0580 synth_x0_gen_adv=-0.5657 synth_x0_lfm=0.0050 synth_total=0.3079 extra_render_attn_share=0.5551
[step 28150] real_p1_mirror_hole_cov=0.2401 real_p1_eps=0.0329 real_p1_hole_frac=0.5017 real_p2_eps=0.2318 real_p2_hit=1.0000 real_p2_t=243.0000 real_p2_ldif=0.1065 real_p2_gen_adv=-0.2389 real_p2_lfm=0.0062 real_total=0.3598 discr_adv=0.9494 p2_d_real=0.3401 p2_d_fake=0.2389 g_grad_abs=1425.7597 d_grad_abs=438.6311 synth_eps=0.0099 synth_eps_raw=0.0099 synth_x0_hit=0.0000 synth_total=0.0099 extra_render_attn_share=0.5551
[step 28200] real_p1_mirror_hole_cov=0.2154 real_p1_eps=0.0245 real_p1_hole_frac=0.0951 real_p2_eps=0.0872 real_p2_hit=0.0000 real_total=0.1117 synth_eps=0.0680 synth_eps_raw=0.0680 synth_x0_hit=0.0000 synth_total=0.0680 extra_render_attn_share=0.5551
[step 28250] real_p1_mirror_hole_cov=0.0059 real_p1_eps=0.0088 real_p1_hole_frac=0.1941 real_p2_eps=0.0815 real_p2_hit=0.0000 real_total=0.0903 synth_eps=0.0242 synth_eps_raw=0.0242 synth_x0_hit=0.0000 synth_total=0.0242 extra_render_attn_share=0.5551
[step 28300] real_p1_mirror_hole_cov=0.1254 real_p1_eps=0.0957 real_p1_hole_frac=0.2384 real_p2_eps=0.1288 real_p2_hit=1.0000 real_p2_t=233.0000 real_p2_ldif=0.0548 real_p2_gen_adv=0.1648 real_p2_lfm=0.0031 real_total=0.3019 discr_adv=1.9949 x0_d_real=-0.3475 x0_d_fake=-0.3905 p2_d_real=-0.1971 p2_d_fake=-0.1648 g_grad_abs=1366.3086 d_grad_abs=253.4385 synth_eps=0.0540 synth_eps_raw=0.0540 synth_x0_hit=0.0000 synth_total=0.0540 extra_render_attn_share=0.5551
[step 28350] real_p1_mirror_hole_cov=0.0284 real_p1_eps=0.0239 real_p1_hole_frac=0.1429 real_p2_eps=0.1005 real_p2_hit=0.0000 real_total=0.1244 synth_eps=0.2239 synth_eps_raw=0.2239 synth_x0_hit=1.0000 synth_x0_t=281.0000 synth_x0_ldif=0.1358 synth_x0_gen_adv=-0.6927 synth_x0_lfm=0.0089 synth_total=0.3082 extra_render_attn_share=0.5551
[step 28400] real_p1_mirror_hole_cov=0.0087 real_p1_eps=0.0379 real_p1_hole_frac=0.2951 real_p2_eps=0.0539 real_p2_hit=0.0000 real_total=0.0918 synth_eps=0.0245 synth_eps_raw=0.0245 synth_x0_hit=0.0000 synth_total=0.0245 extra_render_attn_share=0.5551
[step 28450] real_p1_mirror_hole_cov=0.0598 real_p1_eps=0.0122 real_p1_hole_frac=0.3157 real_p2_eps=0.2368 real_p2_hit=1.0000 real_p2_t=227.0000 real_p2_ldif=0.0962 real_p2_gen_adv=0.0131 real_p2_lfm=0.0061 real_total=0.3587 discr_adv=1.8962 x0_d_real=-0.3475 x0_d_fake=-0.4126 p2_d_real=0.1294 p2_d_fake=-0.0131 g_grad_abs=1069.4283 d_grad_abs=523.0124 synth_eps=0.0159 synth_eps_raw=0.0159 synth_x0_hit=0.0000 synth_total=0.0159 extra_render_attn_share=0.5551
[step 28500] real_p1_mirror_hole_cov=0.0274 real_p1_eps=0.0049 real_p1_hole_frac=0.4804 real_p2_eps=0.0780 real_p2_hit=0.0000 real_total=0.0830 synth_eps=0.0623 synth_eps_raw=0.0623 synth_x0_hit=0.0000 synth_total=0.0623 extra_render_attn_share=0.5551
[images] real: anchor | cond1 | cond2 | inv_warp_mirror | mask | mask_inv | warp_img | warp_warp_img | x | y_hat | y_hat_novel -> /home/xzy/warpgan-diffusiong-inpainting/warpgan-diffusion-inpainting-main/experiments/train_inpainting_diffusion/[20260915-085455]_v19_w6b_300k/logs/images/train/real_step0028500.png
[images] synth: cond | mask | target | warp_img | x | y_hat_novel -> /home/xzy/warpgan-diffusiong-inpainting/warpgan-diffusion-inpainting-main/experiments/train_inpainting_diffusion/[20260915-085455]_v19_w6b_300k/logs/images/train/synth_step0028500.png
[step 28550] real_p1_mirror_hole_cov=0.1508 real_p1_eps=0.0019 real_p1_hole_frac=0.3543 real_p2_eps=0.0197 real_p2_hit=0.0000 real_total=0.0216 discr_adv=0.9384 x0_d_real=0.2858 x0_d_fake=0.1618 g_grad_abs=238.4263 d_grad_abs=286.9329 synth_eps=0.1153 synth_eps_raw=0.1153 synth_x0_hit=0.0000 synth_total=0.1153 extra_render_attn_share=0.5551
[step 28600] real_p1_mirror_hole_cov=0.0321 real_p1_eps=0.0557 real_p1_hole_frac=0.1261 real_p2_eps=0.0761 real_p2_hit=0.0000 real_total=0.1318 synth_eps=0.0771 synth_eps_raw=0.0771 synth_x0_hit=0.0000 synth_total=0.0771 extra_render_attn_share=0.5551
[step 28650] real_p1_mirror_hole_cov=0.0126 real_p1_eps=0.0005 real_p1_hole_frac=0.1443 real_p2_eps=0.0010 real_p2_hit=0.0000 real_total=0.0016 synth_eps=0.0073 synth_eps_raw=0.0073 synth_x0_hit=0.0000 synth_total=0.0073 extra_render_attn_share=0.5551
[step 28700] real_p1_mirror_hole_cov=0.2073 real_p1_eps=0.0022 real_p1_hole_frac=0.1503 real_p2_eps=0.1967 real_p2_hit=1.0000 real_p2_t=168.0000 real_p2_ldif=0.0486 real_p2_gen_adv=-0.3381 real_p2_lfm=0.0037 real_total=0.2209 discr_adv=0.9673 p2_d_real=0.4074 p2_d_fake=0.3381 g_grad_abs=1072.1296 d_grad_abs=485.1260 synth_eps=0.0032 synth_eps_raw=0.0032 synth_x0_hit=0.0000 synth_total=0.0032 extra_render_attn_share=0.5551
[step 28750] real_p1_mirror_hole_cov=0.2465 real_p1_eps=0.0043 real_p1_hole_frac=0.0301 real_p2_eps=0.0017 real_p2_hit=0.0000 real_total=0.0060 discr_adv=0.8536 x0_d_real=0.1555 x0_d_fake=-0.1373 g_grad_abs=97.4797 d_grad_abs=937.7132 synth_eps=0.0157 synth_eps_raw=0.0157 synth_x0_hit=0.0000 synth_total=0.0157 extra_render_attn_share=0.5551
[step 28800] real_p1_mirror_hole_cov=0.0827 real_p1_eps=0.1528 real_p1_hole_frac=0.0765 real_p2_eps=0.0033 real_p2_hit=0.0000 real_total=0.1562 discr_adv=0.7937 x0_d_real=0.0397 x0_d_fake=-0.3764 g_grad_abs=857.7230 d_grad_abs=2550.4989 synth_eps=0.0370 synth_eps_raw=0.0370 synth_x0_hit=0.0000 synth_total=0.0370 extra_render_attn_share=0.5551
[step 28850] real_p1_mirror_hole_cov=0.1092 real_p1_eps=0.0008 real_p1_hole_frac=0.5906 real_p2_eps=0.0081 real_p2_hit=0.0000 real_total=0.0089 synth_eps=0.0071 synth_eps_raw=0.0071 synth_x0_hit=0.0000 synth_total=0.0071 extra_render_attn_share=0.5551
[step 28900] real_p1_mirror_hole_cov=0.2297 real_p1_eps=0.0883 real_p1_hole_frac=0.4499 real_p2_eps=0.0841 real_p2_hit=0.0000 real_total=0.1724 discr_adv=0.8867 x0_d_real=-0.3171 x0_d_fake=-0.5450 g_grad_abs=760.6021 d_grad_abs=659.0642 synth_eps=0.0263 synth_eps_raw=0.0263 synth_x0_hit=0.0000 synth_total=0.0263 extra_render_attn_share=0.5551
[step 28950] real_p1_mirror_hole_cov=0.1447 real_p1_eps=0.8499 real_p1_hole_frac=0.6280 real_p2_eps=0.4027 real_p2_hit=1.0000 real_p2_t=68.0000 real_p2_ldif=0.0294 real_p2_gen_adv=-0.2038 real_p2_lfm=0.0032 real_total=1.2680 discr_adv=1.5786 x0_d_real=-0.0518 x0_d_fake=-0.6955 p2_d_real=0.4217 p2_d_fake=0.2038 g_grad_abs=1522.3447 d_grad_abs=2112.3658 synth_eps=0.1962 synth_eps_raw=0.1962 synth_x0_hit=1.0000 synth_x0_t=207.0000 synth_x0_ldif=0.0679 synth_x0_gen_adv=0.7491 synth_x0_lfm=0.0045 synth_total=0.3481 extra_render_attn_share=0.5551
[step 29000] real_p1_mirror_hole_cov=0.2229 real_p1_eps=0.0011 real_p1_hole_frac=0.5755 real_p2_eps=0.0029 real_p2_hit=0.0000 real_total=0.0040 synth_eps=0.0563 synth_eps_raw=0.0563 synth_x0_hit=0.0000 synth_total=0.0563 extra_render_attn_share=0.5551
[images] real: anchor | cond1 | cond2 | inv_warp_mirror | mask | mask_inv | warp_img | warp_warp_img | x | y_hat | y_hat_novel -> /home/xzy/warpgan-diffusiong-inpainting/warpgan-diffusion-inpainting-main/experiments/train_inpainting_diffusion/[20260915-085455]_v19_w6b_300k/logs/images/train/real_step0029000.png
[images] synth: cond | mask | target | warp_img | x | y_hat_novel -> /home/xzy/warpgan-diffusiong-inpainting/warpgan-diffusion-inpainting-main/experiments/train_inpainting_diffusion/[20260915-085455]_v19_w6b_300k/logs/images/train/synth_step0029000.png
[step 29050] real_p1_mirror_hole_cov=0.0252 real_p1_eps=0.0121 real_p1_hole_frac=0.1991 real_p2_eps=0.0394 real_p2_hit=0.0000 real_total=0.0515 synth_eps=0.0030 synth_eps_raw=0.0030 synth_x0_hit=0.0000 synth_total=0.0030 extra_render_attn_share=0.5551
[step 29100] real_p1_mirror_hole_cov=0.0833 real_p1_eps=0.2276 real_p1_hole_frac=0.2877 real_p2_eps=0.0012 real_p2_hit=0.0000 real_total=0.2288 synth_eps=0.0063 synth_eps_raw=0.0063 synth_x0_hit=0.0000 synth_total=0.0063 extra_render_attn_share=0.5551
[step 29150] real_p1_mirror_hole_cov=0.0344 real_p1_eps=0.0219 real_p1_hole_frac=0.1636 real_p2_eps=0.1469 real_p2_hit=1.0000 real_p2_t=233.0000 real_p2_ldif=0.0625 real_p2_gen_adv=-0.1612 real_p2_lfm=0.0062 real_total=0.2278 discr_adv=0.9955 p2_d_real=0.1706 p2_d_fake=0.1612 g_grad_abs=1376.2386 d_grad_abs=255.2771 synth_eps=0.0016 synth_eps_raw=0.0016 synth_x0_hit=0.0000 synth_total=0.0016 extra_render_attn_share=0.5551
[step 29200] real_p1_mirror_hole_cov=0.2160 real_p1_eps=0.4049 real_p1_hole_frac=0.2239 real_p2_eps=0.0010 real_p2_hit=0.0000 real_total=0.4059 synth_eps=0.2727 synth_eps_raw=0.2727 synth_x0_hit=1.0000 synth_x0_t=159.0000 synth_x0_ldif=0.0619 synth_x0_gen_adv=0.2672 synth_x0_lfm=0.0051 synth_total=0.3715 extra_render_attn_share=0.5551
[step 29250] real_p1_mirror_hole_cov=0.0355 real_p1_eps=0.0095 real_p1_hole_frac=0.1835 real_p2_eps=0.2823 real_p2_hit=1.0000 real_p2_t=90.0000 real_p2_ldif=0.0291 real_p2_gen_adv=-0.0529 real_p2_lfm=0.0034 real_total=0.3224 discr_adv=1.0086 p2_d_real=0.0356 p2_d_fake=0.0529 g_grad_abs=1172.2675 d_grad_abs=114.4033 synth_eps=0.1162 synth_eps_raw=0.1162 synth_x0_hit=0.0000 synth_total=0.1162 extra_render_attn_share=0.5551
[step 29300] real_p1_mirror_hole_cov=0.2892 real_p1_eps=0.6460 real_p1_hole_frac=0.2252 real_p2_eps=0.0961 real_p2_hit=0.0000 real_total=0.7421 synth_eps=0.3242 synth_eps_raw=0.3242 synth_x0_hit=1.0000 synth_x0_t=178.0000 synth_x0_ldif=0.0877 synth_x0_gen_adv=0.2035 synth_x0_lfm=0.0071 synth_total=0.4464 extra_render_attn_share=0.5551
[step 29350] real_p1_mirror_hole_cov=0.1302 real_p1_eps=0.1153 real_p1_hole_frac=0.2977 real_p2_eps=0.1508 real_p2_hit=0.0000 real_total=0.2661 synth_eps=0.0433 synth_eps_raw=0.0433 synth_x0_hit=0.0000 synth_total=0.0433 extra_render_attn_share=0.5551
[step 29400] real_p1_mirror_hole_cov=0.1137 real_p1_eps=0.3060 real_p1_hole_frac=0.5539 real_p2_eps=0.0410 real_p2_hit=0.0000 real_total=0.3470 synth_eps=0.0087 synth_eps_raw=0.0087 synth_x0_hit=0.0000 synth_total=0.0087 extra_render_attn_share=0.5551
[step 29450] real_p1_mirror_hole_cov=0.0229 real_p1_eps=0.1200 real_p1_hole_frac=0.2914 real_p2_eps=0.0038 real_p2_hit=0.0000 real_total=0.1238 synth_eps=0.0810 synth_eps_raw=0.0810 synth_x0_hit=0.0000 synth_total=0.0810 extra_render_attn_share=0.5551
[step 29500] real_p1_mirror_hole_cov=0.0120 real_p1_eps=0.0386 real_p1_hole_frac=0.2392 real_p2_eps=0.0778 real_p2_hit=0.0000 real_total=0.1164 discr_adv=0.8800 x0_d_real=-0.3269 x0_d_fake=-0.5686 g_grad_abs=709.4250 d_grad_abs=891.3428 synth_eps=0.0882 synth_eps_raw=0.0882 synth_x0_hit=0.0000 synth_total=0.0882 extra_render_attn_share=0.5551
[images] real: anchor | cond1 | cond2 | inv_warp_mirror | mask | mask_inv | warp_img | warp_warp_img | x | y_hat | y_hat_novel -> /home/xzy/warpgan-diffusiong-inpainting/warpgan-diffusion-inpainting-main/experiments/train_inpainting_diffusion/[20260915-085455]_v19_w6b_300k/logs/images/train/real_step0029500.png
[images] synth: cond | mask | target | warp_img | x | y_hat_novel -> /home/xzy/warpgan-diffusiong-inpainting/warpgan-diffusion-inpainting-main/experiments/train_inpainting_diffusion/[20260915-085455]_v19_w6b_300k/logs/images/train/synth_step0029500.png
[step 29550] real_p1_mirror_hole_cov=0.0301 real_p1_eps=0.0016 real_p1_hole_frac=0.0756 real_p2_eps=0.0020 real_p2_hit=0.0000 real_total=0.0036 discr_adv=0.9589 x0_d_real=0.7425 x0_d_fake=0.6543 g_grad_abs=94.1481 d_grad_abs=652.1383 synth_eps=0.2548 synth_eps_raw=0.2548 synth_x0_hit=1.0000 synth_x0_t=217.0000 synth_x0_ldif=0.0956 synth_x0_gen_adv=-0.6447 synth_x0_lfm=0.0069 synth_total=0.2998 extra_render_attn_share=0.5551
[step 29600] real_p1_mirror_hole_cov=0.1418 real_p1_eps=0.0113 real_p1_hole_frac=0.3341 real_p2_eps=0.3320 real_p2_hit=1.0000 real_p2_t=96.0000 real_p2_ldif=0.0372 real_p2_gen_adv=0.0292 real_p2_lfm=0.0037 real_total=0.3908 discr_adv=0.9052 p2_d_real=0.1605 p2_d_fake=-0.0292 g_grad_abs=1368.9203 d_grad_abs=684.1237 synth_eps=0.3503 synth_eps_raw=0.3503 synth_x0_hit=1.0000 synth_x0_t=107.0000 synth_x0_ldif=0.0453 synth_x0_gen_adv=-0.2291 synth_x0_lfm=0.0055 synth_total=0.3836 extra_render_attn_share=0.5551
[step 29650] real_p1_mirror_hole_cov=0.1588 real_p1_eps=0.0537 real_p1_hole_frac=0.3415 real_p2_eps=0.2348 real_p2_hit=1.0000 real_p2_t=139.0000 real_p2_ldif=0.0437 real_p2_gen_adv=-0.4369 real_p2_lfm=0.0052 real_total=0.2988 discr_adv=0.9460 p2_d_real=0.5449 p2_d_fake=0.4369 g_grad_abs=1186.4149 d_grad_abs=416.6379 synth_eps=0.0016 synth_eps_raw=0.0016 synth_x0_hit=0.0000 synth_total=0.0016 extra_render_attn_share=0.5551
[step 29700] real_p1_mirror_hole_cov=0.0561 real_p1_eps=0.0136 real_p1_hole_frac=0.0611 real_p2_eps=0.0950 real_p2_hit=1.0000 real_p2_t=190.0000 real_p2_ldif=0.0285 real_p2_gen_adv=0.0321 real_p2_lfm=0.0028 real_total=0.1461 discr_adv=2.1218 x0_d_real=0.6508 x0_d_fake=0.6043 p2_d_real=-0.3194 p2_d_fake=-0.0321 g_grad_abs=1058.0968 d_grad_abs=795.3886 synth_eps=0.0301 synth_eps_raw=0.0301 synth_x0_hit=0.0000 synth_total=0.0301 extra_render_attn_share=0.5551
[step 29750] real_p1_mirror_hole_cov=0.0610 real_p1_eps=0.0020 real_p1_hole_frac=0.0820 real_p2_eps=0.0099 real_p2_hit=0.0000 real_total=0.0119 discr_adv=0.9744 x0_d_real=0.0367 x0_d_fake=-0.0145 g_grad_abs=162.5951 d_grad_abs=123.0977 synth_eps=0.0204 synth_eps_raw=0.0204 synth_x0_hit=0.0000 synth_total=0.0204 extra_render_attn_share=0.5551
[step 29800] real_p1_mirror_hole_cov=0.0071 real_p1_eps=0.7104 real_p1_hole_frac=0.2868 real_p2_eps=0.1154 real_p2_hit=0.0000 real_total=0.8257 synth_eps=0.1741 synth_eps_raw=0.1741 synth_x0_hit=1.0000 synth_x0_t=284.0000 synth_x0_ldif=0.1079 synth_x0_gen_adv=0.3125 synth_x0_lfm=0.0075 synth_total=0.3283 extra_render_attn_share=0.5551
[step 29850] real_p1_mirror_hole_cov=0.0561 real_p1_eps=0.2421 real_p1_hole_frac=0.3607 real_p2_eps=0.0487 real_p2_hit=0.0000 real_total=0.2908 synth_eps=0.0202 synth_eps_raw=0.0202 synth_x0_hit=0.0000 synth_total=0.0202 extra_render_attn_share=0.5551
[step 29900] real_p1_mirror_hole_cov=0.0082 real_p1_eps=0.0429 real_p1_hole_frac=0.3497 real_p2_eps=0.5246 real_p2_hit=1.0000 real_p2_t=21.0000 real_p2_ldif=0.0105 real_p2_gen_adv=-0.5316 real_p2_lfm=0.0015 real_total=0.5278 discr_adv=0.9857 p2_d_real=0.5602 p2_d_fake=0.5316 g_grad_abs=1371.0165 d_grad_abs=136.2169 synth_eps=0.0557 synth_eps_raw=0.0557 synth_x0_hit=0.0000 synth_total=0.0557 extra_render_attn_share=0.5551
[step 29950] real_p1_mirror_hole_cov=0.1198 real_p1_eps=0.0390 real_p1_hole_frac=0.4004 real_p2_eps=0.3693 real_p2_hit=1.0000 real_p2_t=78.0000 real_p2_ldif=0.0318 real_p2_gen_adv=-0.6973 real_p2_lfm=0.0023 real_total=0.3751 discr_adv=1.9787 x0_d_real=0.2084 x0_d_fake=0.1984 p2_d_real=0.7300 p2_d_fake=0.6973 g_grad_abs=1297.1795 d_grad_abs=516.4753 synth_eps=0.0612 synth_eps_raw=0.0612 synth_x0_hit=0.0000 synth_total=0.0612 extra_render_attn_share=0.5551
[ckpt] saved /home/xzy/warpgan-diffusiong-inpainting/warpgan-diffusion-inpainting-main/experiments/train_inpainting_diffusion/[20260915-085455]_v19_w6b_300k/checkpoints/iteration_0029999.pt
[val step 29999] val_novel_full=0.1036 val_novel_hole=0.1033 val_novel_visible=0.1039
[step 30000] real_p1_mirror_hole_cov=0.0505 real_p1_eps=0.0996 real_p1_hole_frac=0.2901 real_p2_eps=0.1166 real_p2_hit=0.0000 real_total=0.2163 synth_eps=0.0721 synth_eps_raw=0.0721 synth_x0_hit=0.0000 synth_total=0.0721 extra_render_attn_share=0.5551
[images] real: anchor | cond1 | cond2 | inv_warp_mirror | mask | mask_inv | warp_img | warp_warp_img | x | y_hat | y_hat_novel -> /home/xzy/warpgan-diffusiong-inpainting/warpgan-diffusion-inpainting-main/experiments/train_inpainting_diffusion/[20260915-085455]_v19_w6b_300k/logs/images/train/real_step0030000.png
[images] synth: cond | mask | target | warp_img | x | y_hat_novel -> /home/xzy/warpgan-diffusiong-inpainting/warpgan-diffusion-inpainting-main/experiments/train_inpainting_diffusion/[20260915-085455]_v19_w6b_300k/logs/images/train/synth_step0030000.png
[step 30050] real_p1_mirror_hole_cov=0.1314 real_p1_eps=0.0678 real_p1_hole_frac=0.1521 real_p2_eps=0.0161 real_p2_hit=0.0000 real_total=0.0839 synth_eps=0.0775 synth_eps_raw=0.0775 synth_x0_hit=0.0000 synth_total=0.0775 extra_render_attn_share=0.5551
[step 30100] real_p1_mirror_hole_cov=0.0282 real_p1_eps=0.0774 real_p1_hole_frac=0.3826 real_p2_eps=0.0059 real_p2_hit=0.0000 real_total=0.0833 discr_adv=0.9866 x0_d_real=0.6795 x0_d_fake=0.6528 g_grad_abs=602.1739 d_grad_abs=142.9692 synth_eps=0.0053 synth_eps_raw=0.0053 synth_x0_hit=0.0000 synth_total=0.0053 extra_render_attn_share=0.5551
[step 30150] real_p1_mirror_hole_cov=0.1336 real_p1_eps=0.0764 real_p1_hole_frac=0.3281 real_p2_eps=0.0009 real_p2_hit=0.0000 real_total=0.0773 discr_adv=0.9834 x0_d_real=-0.2759 x0_d_fake=-0.3091 g_grad_abs=686.0407 d_grad_abs=119.0079 synth_eps=0.0150 synth_eps_raw=0.0150 synth_x0_hit=0.0000 synth_total=0.0150 extra_render_attn_share=0.5551
[step 30200] real_p1_mirror_hole_cov=0.1041 real_p1_eps=0.0007 real_p1_hole_frac=0.0440 real_p2_eps=0.0264 real_p2_hit=0.0000 real_total=0.0272 discr_adv=0.9568 x0_d_real=-0.0909 x0_d_fake=-0.1772 g_grad_abs=250.6674 d_grad_abs=259.8723 synth_eps=0.0060 synth_eps_raw=0.0060 synth_x0_hit=0.0000 synth_total=0.0060 extra_render_attn_share=0.5551
[step 30250] real_p1_mirror_hole_cov=0.0079 real_p1_eps=0.0351 real_p1_hole_frac=0.2316 real_p2_eps=0.0905 real_p2_hit=0.0000 real_total=0.1256 synth_eps=0.0081 synth_eps_raw=0.0081 synth_x0_hit=0.0000 synth_total=0.0081 extra_render_attn_share=0.5551
[step 30300] real_p1_mirror_hole_cov=0.1970 real_p1_eps=0.1277 real_p1_hole_frac=0.0285 real_p2_eps=0.0201 real_p2_hit=0.0000 real_total=0.1478 synth_eps=0.0866 synth_eps_raw=0.0866 synth_x0_hit=0.0000 synth_total=0.0866 extra_render_attn_share=0.5551
[step 30350] real_p1_mirror_hole_cov=0.0368 real_p1_eps=0.0080 real_p1_hole_frac=0.3844 real_p2_eps=0.0220 real_p2_hit=0.0000 real_total=0.0301 synth_eps=0.0266 synth_eps_raw=0.0266 synth_x0_hit=0.0000 synth_total=0.0266 extra_render_attn_share=0.5551
[step 30400] real_p1_mirror_hole_cov=0.0677 real_p1_eps=0.0393 real_p1_hole_frac=0.2556 real_p2_eps=0.1160 real_p2_hit=0.0000 real_total=0.1553 discr_adv=1.0529 x0_d_real=-0.0578 x0_d_fake=0.0480 g_grad_abs=925.9246 d_grad_abs=442.9737 synth_eps=0.0017 synth_eps_raw=0.0017 synth_x0_hit=0.0000 synth_total=0.0017 extra_render_attn_share=0.5551
[step 30450] real_p1_mirror_hole_cov=0.0059 real_p1_eps=0.0444 real_p1_hole_frac=0.1157 real_p2_eps=0.1092 real_p2_hit=1.0000 real_p2_t=252.0000 real_p2_ldif=0.0537 real_p2_gen_adv=-0.2365 real_p2_lfm=0.0037 real_total=0.1911 discr_adv=2.0049 x0_d_real=0.1513 x0_d_fake=0.0907 p2_d_real=0.1660 p2_d_fake=0.2365 g_grad_abs=1186.9322 d_grad_abs=169.5134 synth_eps=0.2666 synth_eps_raw=0.2666 synth_x0_hit=1.0000 synth_x0_t=161.0000 synth_x0_ldif=0.0617 synth_x0_gen_adv=0.3685 synth_x0_lfm=0.0047 synth_total=0.3746 extra_render_attn_share=0.5551
[step 30500] real_p1_mirror_hole_cov=0.0055 real_p1_eps=0.0421 real_p1_hole_frac=0.1481 real_p2_eps=0.0240 real_p2_hit=0.0000 real_total=0.0662 discr_adv=0.9962 x0_d_real=0.6314 x0_d_fake=0.6238 g_grad_abs=432.5430 d_grad_abs=29.3527 synth_eps=0.6425 synth_eps_raw=0.6425 synth_x0_hit=1.0000 synth_x0_t=29.0000 synth_x0_ldif=0.0180 synth_x0_gen_adv=-0.5736 synth_x0_lfm=0.0025 synth_total=0.6081 extra_render_attn_share=0.5551
[images] real: anchor | cond1 | cond2 | inv_warp_mirror | mask | mask_inv | warp_img | warp_warp_img | x | y_hat | y_hat_novel -> /home/xzy/warpgan-diffusiong-inpainting/warpgan-diffusion-inpainting-main/experiments/train_inpainting_diffusion/[20260915-085455]_v19_w6b_300k/logs/images/train/real_step0030500.png
[images] synth: cond | mask | target | warp_img | x | y_hat_novel -> /home/xzy/warpgan-diffusiong-inpainting/warpgan-diffusion-inpainting-main/experiments/train_inpainting_diffusion/[20260915-085455]_v19_w6b_300k/logs/images/train/synth_step0030500.png
[step 30550] real_p1_mirror_hole_cov=0.1058 real_p1_eps=0.1613 real_p1_hole_frac=0.3630 real_p2_eps=0.2933 real_p2_hit=1.0000 real_p2_t=188.0000 real_p2_ldif=0.0866 real_p2_gen_adv=-0.7147 real_p2_lfm=0.0051 real_total=0.4800 discr_adv=0.9398 p2_d_real=0.8355 p2_d_fake=0.7147 g_grad_abs=1400.2105 d_grad_abs=434.5658 synth_eps=0.1934 synth_eps_raw=0.1934 synth_x0_hit=1.0000 synth_x0_t=218.0000 synth_x0_ldif=0.0732 synth_x0_gen_adv=-0.1255 synth_x0_lfm=0.0049 synth_total=0.2638 extra_render_attn_share=0.5551
[step 30600] real_p1_mirror_hole_cov=0.1388 real_p1_eps=0.0264 real_p1_hole_frac=0.4651 real_p2_eps=0.3729 real_p2_hit=1.0000 real_p2_t=72.0000 real_p2_ldif=0.0291 real_p2_gen_adv=0.3564 real_p2_lfm=0.0030 real_total=0.4702 discr_adv=2.0533 x0_d_real=-0.2560 x0_d_fake=-0.0255 p2_d_real=-0.2325 p2_d_fake=-0.3564 g_grad_abs=1228.2887 d_grad_abs=542.3384 synth_eps=0.7536 synth_eps_raw=0.7536 synth_x0_hit=1.0000 synth_x0_t=10.0000 synth_x0_ldif=0.0073 synth_x0_gen_adv=0.1906 synth_x0_lfm=0.0012 synth_total=0.7824 extra_render_attn_share=0.5551
[step 30650] real_p1_mirror_hole_cov=0.0725 real_p1_eps=0.0742 real_p1_hole_frac=0.2190 real_p2_eps=0.1086 real_p2_hit=1.0000 real_p2_t=247.0000 real_p2_ldif=0.0514 real_p2_gen_adv=-0.2067 real_p2_lfm=0.0035 real_total=0.2207 discr_adv=1.0423 p2_d_real=0.1221 p2_d_fake=0.2067 g_grad_abs=1263.5057 d_grad_abs=238.9379 synth_eps=0.0024 synth_eps_raw=0.0024 synth_x0_hit=0.0000 synth_total=0.0024 extra_render_attn_share=0.5551
[step 30700] real_p1_mirror_hole_cov=0.0108 real_p1_eps=0.3477 real_p1_hole_frac=0.1998 real_p2_eps=0.2253 real_p2_hit=1.0000 real_p2_t=180.0000 real_p2_ldif=0.0620 real_p2_gen_adv=-0.4248 real_p2_lfm=0.0036 real_total=0.5997 discr_adv=0.9633 p2_d_real=0.4984 p2_d_fake=0.4248 g_grad_abs=1536.0872 d_grad_abs=198.7942 synth_eps=0.0511 synth_eps_raw=0.0511 synth_x0_hit=0.0000 synth_total=0.0511 extra_render_attn_share=0.5551
[step 30750] real_p1_mirror_hole_cov=0.1579 real_p1_eps=0.1242 real_p1_hole_frac=0.6742 real_p2_eps=0.0327 real_p2_hit=0.0000 real_total=0.1569 discr_adv=1.0460 x0_d_real=0.1793 x0_d_fake=0.2714 g_grad_abs=723.8360 d_grad_abs=794.8530 synth_eps=0.3118 synth_eps_raw=0.3118 synth_x0_hit=1.0000 synth_x0_t=233.0000 synth_x0_ldif=0.1327 synth_x0_gen_adv=-0.3494 synth_x0_lfm=0.0081 synth_total=0.4258 extra_render_attn_share=0.5551
[step 30800] real_p1_mirror_hole_cov=0.0061 real_p1_eps=0.0008 real_p1_hole_frac=0.2528 real_p2_eps=0.1106 real_p2_hit=0.0000 real_total=0.1113 discr_adv=0.9713 x0_d_real=0.1097 x0_d_fake=0.0523 g_grad_abs=530.1243 d_grad_abs=270.9887 synth_eps=0.0112 synth_eps_raw=0.0112 synth_x0_hit=0.0000 synth_total=0.0112 extra_render_attn_share=0.5551
[step 30850] real_p1_mirror_hole_cov=0.0042 real_p1_eps=0.2290 real_p1_hole_frac=0.2188 real_p2_eps=0.5525 real_p2_hit=1.0000 real_p2_t=6.0000 real_p2_ldif=0.0034 real_p2_gen_adv=0.3382 real_p2_lfm=0.0009 real_total=0.8204 discr_adv=1.9137 x0_d_real=-0.0118 x0_d_fake=-0.1740 p2_d_real=-0.3278 p2_d_fake=-0.3382 g_grad_abs=1655.7255 d_grad_abs=413.4584 synth_eps=0.0013 synth_eps_raw=0.0013 synth_x0_hit=0.0000 synth_total=0.0013 extra_render_attn_share=0.5551
[step 30900] real_p1_mirror_hole_cov=0.0971 real_p1_eps=0.0276 real_p1_hole_frac=0.2350 real_p2_eps=0.0576 real_p2_hit=0.0000 real_total=0.0852 synth_eps=0.1934 synth_eps_raw=0.1934 synth_x0_hit=1.0000 synth_x0_t=235.0000 synth_x0_ldif=0.0836 synth_x0_gen_adv=-0.8633 synth_x0_lfm=0.0067 synth_total=0.2041 extra_render_attn_share=0.5551
[step 30950] real_p1_mirror_hole_cov=0.0948 real_p1_eps=0.0149 real_p1_hole_frac=0.1440 real_p2_eps=0.0031 real_p2_hit=0.0000 real_total=0.0180 synth_eps=0.0318 synth_eps_raw=0.0318 synth_x0_hit=0.0000 synth_total=0.0318 extra_render_attn_share=0.5551
[step 31000] real_p1_mirror_hole_cov=0.0209 real_p1_eps=0.0022 real_p1_hole_frac=0.1389 real_p2_eps=0.1982 real_p2_hit=1.0000 real_p2_t=170.0000 real_p2_ldif=0.0499 real_p2_gen_adv=-0.8350 real_p2_lfm=0.0037 real_total=0.1740 discr_adv=1.0050 p2_d_real=0.8260 p2_d_fake=0.8350 g_grad_abs=1161.0455 d_grad_abs=151.8637 synth_eps=0.0093 synth_eps_raw=0.0093 synth_x0_hit=0.0000 synth_total=0.0093 extra_render_attn_share=0.5551
[images] real: anchor | cond1 | cond2 | inv_warp_mirror | mask | mask_inv | warp_img | warp_warp_img | x | y_hat | y_hat_novel -> /home/xzy/warpgan-diffusiong-inpainting/warpgan-diffusion-inpainting-main/experiments/train_inpainting_diffusion/[20260915-085455]_v19_w6b_300k/logs/images/train/real_step0031000.png
[images] synth: cond | mask | target | warp_img | x | y_hat_novel -> /home/xzy/warpgan-diffusiong-inpainting/warpgan-diffusion-inpainting-main/experiments/train_inpainting_diffusion/[20260915-085455]_v19_w6b_300k/logs/images/train/synth_step0031000.png
[step 31050] real_p1_mirror_hole_cov=0.1542 real_p1_eps=0.6508 real_p1_hole_frac=0.4798 real_p2_eps=0.0164 real_p2_hit=0.0000 real_total=0.6672 synth_eps=0.0023 synth_eps_raw=0.0023 synth_x0_hit=0.0000 synth_total=0.0023 extra_render_attn_share=0.5551
[step 31100] real_p1_mirror_hole_cov=0.0611 real_p1_eps=0.0007 real_p1_hole_frac=0.4918 real_p2_eps=0.1340 real_p2_hit=0.0000 real_total=0.1348 synth_eps=0.0373 synth_eps_raw=0.0373 synth_x0_hit=0.0000 synth_total=0.0373 extra_render_attn_share=0.5551
[step 31150] real_p1_mirror_hole_cov=0.0647 real_p1_eps=0.0063 real_p1_hole_frac=0.3265 real_p2_eps=0.2656 real_p2_hit=1.0000 real_p2_t=145.0000 real_p2_ldif=0.0525 real_p2_gen_adv=0.3830 real_p2_lfm=0.0033 real_total=0.3693 discr_adv=0.9307 p2_d_real=-0.2443 p2_d_fake=-0.3830 g_grad_abs=1041.2571 d_grad_abs=425.3748 synth_eps=0.0542 synth_eps_raw=0.0542 synth_x0_hit=0.0000 synth_total=0.0542 extra_render_attn_share=0.5551
[step 31200] real_p1_mirror_hole_cov=0.0222 real_p1_eps=0.0034 real_p1_hole_frac=0.0406 real_p2_eps=0.0667 real_p2_hit=1.0000 real_p2_t=282.0000 real_p2_ldif=0.0408 real_p2_gen_adv=-0.9124 real_p2_lfm=0.0022 real_total=0.0241 discr_adv=2.0542 x0_d_real=0.1762 x0_d_fake=0.0824 p2_d_real=0.7130 p2_d_fake=0.9124 g_grad_abs=1108.7492 d_grad_abs=1113.4069 synth_eps=0.0044 synth_eps_raw=0.0044 synth_x0_hit=0.0000 synth_total=0.0044 extra_render_attn_share=0.5551
[step 31250] real_p1_mirror_hole_cov=0.0944 real_p1_eps=0.0847 real_p1_hole_frac=0.1136 real_p2_eps=0.0040 real_p2_hit=0.0000 real_total=0.0886 synth_eps=0.0091 synth_eps_raw=0.0091 synth_x0_hit=0.0000 synth_total=0.0091 extra_render_attn_share=0.5551
[step 31300] real_p1_mirror_hole_cov=0.0607 real_p1_eps=0.0437 real_p1_hole_frac=0.1031 real_p2_eps=0.0039 real_p2_hit=0.0000 real_total=0.0476 synth_eps=0.0641 synth_eps_raw=0.0641 synth_x0_hit=0.0000 synth_total=0.0641 extra_render_attn_share=0.5551
[step 31350] real_p1_mirror_hole_cov=0.0061 real_p1_eps=0.0786 real_p1_hole_frac=0.2203 real_p2_eps=0.0034 real_p2_hit=0.0000 real_total=0.0820 discr_adv=1.0391 x0_d_real=0.0479 x0_d_fake=0.1260 g_grad_abs=587.9812 d_grad_abs=490.8757 synth_eps=0.0125 synth_eps_raw=0.0125 synth_x0_hit=0.0000 synth_total=0.0125 extra_render_attn_share=0.5551
[step 31400] real_p1_mirror_hole_cov=0.0583 real_p1_eps=0.0048 real_p1_hole_frac=0.3965 real_p2_eps=0.0263 real_p2_hit=0.0000 real_total=0.0311 synth_eps=0.4818 synth_eps_raw=0.4818 synth_x0_hit=1.0000 synth_x0_t=64.0000 synth_x0_ldif=0.0327 synth_x0_gen_adv=-0.2860 synth_x0_lfm=0.0028 synth_total=0.4914 extra_render_attn_share=0.5551
[step 31450] real_p1_mirror_hole_cov=0.0259 real_p1_eps=0.0089 real_p1_hole_frac=0.2902 real_p2_eps=0.1028 real_p2_hit=0.0000 real_total=0.1117 discr_adv=0.9199 x0_d_real=0.2930 x0_d_fake=0.1327 g_grad_abs=620.7181 d_grad_abs=470.3229 synth_eps=0.0163 synth_eps_raw=0.0163 synth_x0_hit=0.0000 synth_total=0.0163 extra_render_attn_share=0.5551
[step 31500] real_p1_mirror_hole_cov=0.0265 real_p1_eps=0.0006 real_p1_hole_frac=0.3352 real_p2_eps=0.2275 real_p2_hit=1.0000 real_p2_t=199.0000 real_p2_ldif=0.0737 real_p2_gen_adv=0.0379 real_p2_lfm=0.0054 real_total=0.3164 discr_adv=0.8477 p2_d_real=0.2667 p2_d_fake=-0.0379 g_grad_abs=1387.7307 d_grad_abs=774.9383 synth_eps=0.3269 synth_eps_raw=0.3269 synth_x0_hit=1.0000 synth_x0_t=95.0000 synth_x0_ldif=0.0362 synth_x0_gen_adv=0.6344 synth_x0_lfm=0.0027 synth_total=0.4320 extra_render_attn_share=0.5551
[images] real: anchor | cond1 | cond2 | inv_warp_mirror | mask | mask_inv | warp_img | warp_warp_img | x | y_hat | y_hat_novel -> /home/xzy/warpgan-diffusiong-inpainting/warpgan-diffusion-inpainting-main/experiments/train_inpainting_diffusion/[20260915-085455]_v19_w6b_300k/logs/images/train/real_step0031500.png
[images] synth: cond | mask | target | warp_img | x | y_hat_novel -> /home/xzy/warpgan-diffusiong-inpainting/warpgan-diffusion-inpainting-main/experiments/train_inpainting_diffusion/[20260915-085455]_v19_w6b_300k/logs/images/train/synth_step0031500.png
[step 31550] real_p1_mirror_hole_cov=0.0133 real_p1_eps=0.0014 real_p1_hole_frac=0.1053 real_p2_eps=0.0597 real_p2_hit=0.0000 real_total=0.0611 discr_adv=1.0181 x0_d_real=-0.6954 x0_d_fake=-0.6602 g_grad_abs=452.8303 d_grad_abs=208.7687 synth_eps=0.1338 synth_eps_raw=0.1338 synth_x0_hit=0.0000 synth_total=0.1338 extra_render_attn_share=0.5551
[step 31600] real_p1_mirror_hole_cov=0.0779 real_p1_eps=0.0128 real_p1_hole_frac=0.2704 real_p2_eps=0.7953 real_p2_hit=1.0000 real_p2_t=3.0000 real_p2_ldif=0.0027 real_p2_gen_adv=0.1557 real_p2_lfm=0.0002 real_total=0.8268 discr_adv=0.9946 p2_d_real=-0.1448 p2_d_fake=-0.1557 g_grad_abs=1324.4243 d_grad_abs=83.1677 synth_eps=0.0088 synth_eps_raw=0.0088 synth_x0_hit=0.0000 synth_total=0.0088 extra_render_attn_share=0.5551
[step 31650] real_p1_mirror_hole_cov=0.0165 real_p1_eps=0.0021 real_p1_hole_frac=0.1886 real_p2_eps=0.0045 real_p2_hit=0.0000 real_total=0.0066 synth_eps=0.0149 synth_eps_raw=0.0149 synth_x0_hit=0.0000 synth_total=0.0149 extra_render_attn_share=0.5551
[step 31700] real_p1_mirror_hole_cov=0.0068 real_p1_eps=0.0065 real_p1_hole_frac=0.2998 real_p2_eps=0.0494 real_p2_hit=0.0000 real_total=0.0559 synth_eps=0.0278 synth_eps_raw=0.0278 synth_x0_hit=0.0000 synth_total=0.0278 extra_render_attn_share=0.5551
[step 31750] real_p1_mirror_hole_cov=0.1113 real_p1_eps=0.0142 real_p1_hole_frac=0.0707 real_p2_eps=0.0451 real_p2_hit=0.0000 real_total=0.0593 synth_eps=0.4995 synth_eps_raw=0.4995 synth_x0_hit=1.0000 synth_x0_t=42.0000 synth_x0_ldif=0.0209 synth_x0_gen_adv=-0.2470 synth_x0_lfm=0.0019 synth_total=0.4994 extra_render_attn_share=0.5551
[step 31800] real_p1_mirror_hole_cov=0.2736 real_p1_eps=0.0133 real_p1_hole_frac=0.6973 real_p2_eps=0.0808 real_p2_hit=0.0000 real_total=0.0941 discr_adv=0.9347 x0_d_real=-0.1444 x0_d_fake=-0.2750 g_grad_abs=411.6807 d_grad_abs=489.4568 synth_eps=0.4903 synth_eps_raw=0.4903 synth_x0_hit=1.0000 synth_x0_t=60.0000 synth_x0_ldif=0.0308 synth_x0_gen_adv=0.2825 synth_x0_lfm=0.0033 synth_total=0.5559 extra_render_attn_share=0.5551
[step 31850] real_p1_mirror_hole_cov=0.2859 real_p1_eps=0.0209 real_p1_hole_frac=0.1646 real_p2_eps=0.2432 real_p2_hit=1.0000 real_p2_t=138.0000 real_p2_ldif=0.0448 real_p2_gen_adv=-0.6595 real_p2_lfm=0.0038 real_total=0.2505 discr_adv=1.0165 p2_d_real=0.6266 p2_d_fake=0.6595 g_grad_abs=1178.2404 d_grad_abs=211.5106 synth_eps=0.3778 synth_eps_raw=0.3778 synth_x0_hit=1.0000 synth_x0_t=104.0000 synth_x0_ldif=0.0471 synth_x0_gen_adv=0.5253 synth_x0_lfm=0.0043 synth_total=0.4861 extra_render_attn_share=0.5551
[step 31900] real_p1_mirror_hole_cov=0.1417 real_p1_eps=0.1263 real_p1_hole_frac=0.3580 real_p2_eps=0.0972 real_p2_hit=0.0000 real_total=0.2235 synth_eps=0.0041 synth_eps_raw=0.0041 synth_x0_hit=0.0000 synth_total=0.0041 extra_render_attn_share=0.5551
[step 31950] real_p1_mirror_hole_cov=0.0907 real_p1_eps=0.0891 real_p1_hole_frac=0.1374 real_p2_eps=0.0020 real_p2_hit=0.0000 real_total=0.0910 discr_adv=1.0786 x0_d_real=-0.1055 x0_d_fake=0.0518 g_grad_abs=687.8166 d_grad_abs=1342.7978 synth_eps=0.0552 synth_eps_raw=0.0552 synth_x0_hit=0.0000 synth_total=0.0552 extra_render_attn_share=0.5551
[val step 31999] val_novel_full=0.0436 val_novel_hole=0.0592 val_novel_visible=0.0407
[step 32000] real_p1_mirror_hole_cov=0.0492 real_p1_eps=0.0041 real_p1_hole_frac=0.1028 real_p2_eps=0.0713 real_p2_hit=1.0000 real_p2_t=293.0000 real_p2_ldif=0.0471 real_p2_gen_adv=-0.6031 real_p2_lfm=0.0044 real_total=0.0711 discr_adv=1.1264 p2_d_real=0.3503 p2_d_fake=0.6031 g_grad_abs=1529.7764 d_grad_abs=521.4811 synth_eps=0.4260 synth_eps_raw=0.4260 synth_x0_hit=1.0000 synth_x0_t=70.0000 synth_x0_ldif=0.0322 synth_x0_gen_adv=-0.3723 synth_x0_lfm=0.0030 synth_total=0.4270 extra_render_attn_share=0.5539
[images] real: anchor | cond1 | cond2 | inv_warp_mirror | mask | mask_inv | warp_img | warp_warp_img | x | y_hat | y_hat_novel -> /home/xzy/warpgan-diffusiong-inpainting/warpgan-diffusion-inpainting-main/experiments/train_inpainting_diffusion/[20260915-085455]_v19_w6b_300k/logs/images/train/real_step0032000.png
[images] synth: cond | mask | target | warp_img | x | y_hat_novel -> /home/xzy/warpgan-diffusiong-inpainting/warpgan-diffusion-inpainting-main/experiments/train_inpainting_diffusion/[20260915-085455]_v19_w6b_300k/logs/images/train/synth_step0032000.png
[step 32050] real_p1_mirror_hole_cov=0.0058 real_p1_eps=0.0005 real_p1_hole_frac=0.2994 real_p2_eps=0.0235 real_p2_hit=0.0000 real_total=0.0241 discr_adv=0.9694 x0_d_real=-0.3792 x0_d_fake=-0.4403 g_grad_abs=223.5148 d_grad_abs=227.0775 synth_eps=0.0057 synth_eps_raw=0.0057 synth_x0_hit=0.0000 synth_total=0.0057 extra_render_attn_share=0.5539
[step 32100] real_p1_mirror_hole_cov=0.0540 real_p1_eps=0.0039 real_p1_hole_frac=0.1185 real_p2_eps=0.0008 real_p2_hit=0.0000 real_total=0.0048 synth_eps=0.0819 synth_eps_raw=0.0819 synth_x0_hit=0.0000 synth_total=0.0819 extra_render_attn_share=0.5539
[step 32150] real_p1_mirror_hole_cov=0.2463 real_p1_eps=0.0458 real_p1_hole_frac=0.1856 real_p2_eps=0.6557 real_p2_hit=1.0000 real_p2_t=11.0000 real_p2_ldif=0.0069 real_p2_gen_adv=-0.4659 real_p2_lfm=0.0006 real_total=0.6631 discr_adv=1.9799 x0_d_real=0.0309 x0_d_fake=0.0103 p2_d_real=0.4858 p2_d_fake=0.4659 g_grad_abs=1471.0338 d_grad_abs=155.0144 synth_eps=0.4646 synth_eps_raw=0.4646 synth_x0_hit=1.0000 synth_x0_t=60.0000 synth_x0_ldif=0.0292 synth_x0_gen_adv=-0.1137 synth_x0_lfm=0.0026 synth_total=0.4876 extra_render_attn_share=0.5539
[step 32200] real_p1_mirror_hole_cov=0.0412 real_p1_eps=0.1049 real_p1_hole_frac=0.0689 real_p2_eps=0.0014 real_p2_hit=0.0000 real_total=0.1063 synth_eps=0.1089 synth_eps_raw=0.1089 synth_x0_hit=0.0000 synth_total=0.1089 extra_render_attn_share=0.5539
[step 32250] real_p1_mirror_hole_cov=0.0632 real_p1_eps=0.1506 real_p1_hole_frac=0.2466 real_p2_eps=0.0625 real_p2_hit=0.0000 real_total=0.2131 synth_eps=0.0011 synth_eps_raw=0.0011 synth_x0_hit=0.0000 synth_total=0.0011 extra_render_attn_share=0.5539
[step 32300] real_p1_mirror_hole_cov=0.0189 real_p1_eps=0.0088 real_p1_hole_frac=0.2902 real_p2_eps=0.0086 real_p2_hit=0.0000 real_total=0.0174 synth_eps=0.8521 synth_eps_raw=0.8521 synth_x0_hit=1.0000 synth_x0_t=4.0000 synth_x0_ldif=0.0037 synth_x0_gen_adv=-0.5523 synth_x0_lfm=0.0005 synth_total=0.8015 extra_render_attn_share=0.5539
[step 32350] real_p1_mirror_hole_cov=0.0142 real_p1_eps=0.0184 real_p1_hole_frac=0.4736 real_p2_eps=0.0888 real_p2_hit=0.0000 real_total=0.1072 synth_eps=0.3197 synth_eps_raw=0.3197 synth_x0_hit=1.0000 synth_x0_t=149.0000 synth_x0_ldif=0.0658 synth_x0_gen_adv=0.1252 synth_x0_lfm=0.0046 synth_total=0.4073 extra_render_attn_share=0.5539
[step 32400] real_p1_mirror_hole_cov=0.0900 real_p1_eps=0.0011 real_p1_hole_frac=0.3186 real_p2_eps=0.0043 real_p2_hit=0.0000 real_total=0.0054 synth_eps=0.1164 synth_eps_raw=0.1164 synth_x0_hit=0.0000 synth_total=0.1164 extra_render_attn_share=0.5539
[step 32450] real_p1_mirror_hole_cov=0.1012 real_p1_eps=0.0174 real_p1_hole_frac=0.4835 real_p2_eps=0.1016 real_p2_hit=0.0000 real_total=0.1190 synth_eps=0.0038 synth_eps_raw=0.0038 synth_x0_hit=0.0000 synth_total=0.0038 extra_render_attn_share=0.5539
[step 32500] real_p1_mirror_hole_cov=0.0423 real_p1_eps=0.0638 real_p1_hole_frac=0.1771 real_p2_eps=0.0370 real_p2_hit=0.0000 real_total=0.1007 discr_adv=0.9666 x0_d_real=0.5625 x0_d_fake=0.4957 g_grad_abs=548.5809 d_grad_abs=304.9174 synth_eps=0.1086 synth_eps_raw=0.1086 synth_x0_hit=0.0000 synth_total=0.1086 extra_render_attn_share=0.5539
[images] real: anchor | cond1 | cond2 | inv_warp_mirror | mask | mask_inv | warp_img | warp_warp_img | x | y_hat | y_hat_novel -> /home/xzy/warpgan-diffusiong-inpainting/warpgan-diffusion-inpainting-main/experiments/train_inpainting_diffusion/[20260915-085455]_v19_w6b_300k/logs/images/train/real_step0032500.png
[images] synth: cond | mask | target | warp_img | x | y_hat_novel -> /home/xzy/warpgan-diffusiong-inpainting/warpgan-diffusion-inpainting-main/experiments/train_inpainting_diffusion/[20260915-085455]_v19_w6b_300k/logs/images/train/synth_step0032500.png
[step 32550] real_p1_mirror_hole_cov=0.0861 real_p1_eps=0.2751 real_p1_hole_frac=0.3014 real_p2_eps=0.0054 real_p2_hit=0.0000 real_total=0.2805 synth_eps=0.0705 synth_eps_raw=0.0705 synth_x0_hit=0.0000 synth_total=0.0705 extra_render_attn_share=0.5539
[step 32600] real_p1_mirror_hole_cov=0.1234 real_p1_eps=0.2892 real_p1_hole_frac=0.2008 real_p2_eps=0.0287 real_p2_hit=0.0000 real_total=0.3179 synth_eps=0.7256 synth_eps_raw=0.7256 synth_x0_hit=1.0000 synth_x0_t=18.0000 synth_x0_ldif=0.0124 synth_x0_gen_adv=0.7025 synth_x0_lfm=0.0009 synth_total=0.8101 extra_render_attn_share=0.5539
[step 32650] real_p1_mirror_hole_cov=0.1568 real_p1_eps=0.4285 real_p1_hole_frac=0.0774 real_p2_eps=0.0104 real_p2_hit=0.0000 real_total=0.4389 discr_adv=0.8764 x0_d_real=-0.0255 x0_d_fake=-0.2728 g_grad_abs=1273.1520 d_grad_abs=3356.0328 synth_eps=0.0041 synth_eps_raw=0.0041 synth_x0_hit=0.0000 synth_total=0.0041 extra_render_attn_share=0.5539
[step 32700] real_p1_mirror_hole_cov=0.1881 real_p1_eps=0.0294 real_p1_hole_frac=0.3386 real_p2_eps=0.2828 real_p2_hit=1.0000 real_p2_t=146.0000 real_p2_ldif=0.0565 real_p2_gen_adv=0.7979 real_p2_lfm=0.0052 real_total=0.4588 discr_adv=0.9792 p2_d_real=-0.7483 p2_d_fake=-0.7979 g_grad_abs=1136.1148 d_grad_abs=344.8326 synth_eps=0.2820 synth_eps_raw=0.2820 synth_x0_hit=1.0000 synth_x0_t=133.0000 synth_x0_ldif=0.0493 synth_x0_gen_adv=0.8044 synth_x0_lfm=0.0036 synth_total=0.4189 extra_render_attn_share=0.5539
[step 32750] real_p1_mirror_hole_cov=0.0189 real_p1_eps=0.1822 real_p1_hole_frac=0.2059 real_p2_eps=0.0167 real_p2_hit=0.0000 real_total=0.1989 discr_adv=0.8531 x0_d_real=-0.1804 x0_d_fake=-0.4743 g_grad_abs=1015.7688 d_grad_abs=968.6823 synth_eps=0.4223 synth_eps_raw=0.4223 synth_x0_hit=1.0000 synth_x0_t=64.0000 synth_x0_ldif=0.0286 synth_x0_gen_adv=0.4723 synth_x0_lfm=0.0026 synth_total=0.5034 extra_render_attn_share=0.5539
[step 32800] real_p1_mirror_hole_cov=0.0157 real_p1_eps=0.0048 real_p1_hole_frac=0.2893 real_p2_eps=0.0198 real_p2_hit=0.0000 real_total=0.0246 discr_adv=0.9247 x0_d_real=-0.2353 x0_d_fake=-0.3866 g_grad_abs=250.6574 d_grad_abs=745.7814 synth_eps=0.1986 synth_eps_raw=0.1986 synth_x0_hit=1.0000 synth_x0_t=291.0000 synth_x0_ldif=0.1293 synth_x0_gen_adv=0.5291 synth_x0_lfm=0.0086 synth_total=0.3979 extra_render_attn_share=0.5539
[step 32850] real_p1_mirror_hole_cov=0.1805 real_p1_eps=0.1704 real_p1_hole_frac=0.5214 real_p2_eps=0.0432 real_p2_hit=0.0000 real_total=0.2135 synth_eps=0.0013 synth_eps_raw=0.0013 synth_x0_hit=0.0000 synth_total=0.0013 extra_render_attn_share=0.5539
[step 32900] real_p1_mirror_hole_cov=0.2276 real_p1_eps=0.0042 real_p1_hole_frac=0.3700 real_p2_eps=0.0180 real_p2_hit=0.0000 real_total=0.0222 discr_adv=1.0273 x0_d_real=-0.3336 x0_d_fake=-0.3283 g_grad_abs=163.3522 d_grad_abs=488.8066 synth_eps=0.0643 synth_eps_raw=0.0643 synth_x0_hit=0.0000 synth_total=0.0643 extra_render_attn_share=0.5539
[step 32950] real_p1_mirror_hole_cov=0.2371 real_p1_eps=0.2806 real_p1_hole_frac=0.3552 real_p2_eps=0.4633 real_p2_hit=1.0000 real_p2_t=48.0000 real_p2_ldif=0.0225 real_p2_gen_adv=-0.2266 real_p2_lfm=0.0026 real_total=0.7489 discr_adv=0.9463 p2_d_real=0.3341 p2_d_fake=0.2266 g_grad_abs=1571.8917 d_grad_abs=411.3199 synth_eps=0.0335 synth_eps_raw=0.0335 synth_x0_hit=0.0000 synth_total=0.0335 extra_render_attn_share=0.5539
[step 33000] real_p1_mirror_hole_cov=0.1223 real_p1_eps=0.0022 real_p1_hole_frac=0.2203 real_p2_eps=0.0025 real_p2_hit=0.0000 real_total=0.0047 synth_eps=0.0278 synth_eps_raw=0.0278 synth_x0_hit=0.0000 synth_total=0.0278 extra_render_attn_share=0.5539
[images] real: anchor | cond1 | cond2 | inv_warp_mirror | mask | mask_inv | warp_img | warp_warp_img | x | y_hat | y_hat_novel -> /home/xzy/warpgan-diffusiong-inpainting/warpgan-diffusion-inpainting-main/experiments/train_inpainting_diffusion/[20260915-085455]_v19_w6b_300k/logs/images/train/real_step0033000.png
[images] synth: cond | mask | target | warp_img | x | y_hat_novel -> /home/xzy/warpgan-diffusiong-inpainting/warpgan-diffusion-inpainting-main/experiments/train_inpainting_diffusion/[20260915-085455]_v19_w6b_300k/logs/images/train/synth_step0033000.png
[step 33050] real_p1_mirror_hole_cov=0.2748 real_p1_eps=0.0020 real_p1_hole_frac=0.4023 real_p2_eps=0.0619 real_p2_hit=0.0000 real_total=0.0638 synth_eps=0.1060 synth_eps_raw=0.1060 synth_x0_hit=0.0000 synth_total=0.1060 extra_render_attn_share=0.5539
[step 33100] real_p1_mirror_hole_cov=0.2249 real_p1_eps=0.0213 real_p1_hole_frac=0.2665 real_p2_eps=0.0075 real_p2_hit=0.0000 real_total=0.0287 synth_eps=0.0176 synth_eps_raw=0.0176 synth_x0_hit=0.0000 synth_total=0.0176 extra_render_attn_share=0.5539
[step 33150] real_p1_mirror_hole_cov=0.0299 real_p1_eps=0.0450 real_p1_hole_frac=0.1778 real_p2_eps=0.0256 real_p2_hit=0.0000 real_total=0.0706 synth_eps=0.2985 synth_eps_raw=0.2985 synth_x0_hit=1.0000 synth_x0_t=208.0000 synth_x0_ldif=0.1042 synth_x0_gen_adv=-0.7160 synth_x0_lfm=0.0081 synth_total=0.3473 extra_render_attn_share=0.5539
[step 33200] real_p1_mirror_hole_cov=0.0206 real_p1_eps=0.0523 real_p1_hole_frac=0.4151 real_p2_eps=0.3893 real_p2_hit=1.0000 real_p2_t=99.0000 real_p2_ldif=0.0454 real_p2_gen_adv=0.7191 real_p2_lfm=0.0028 real_total=0.5645 discr_adv=1.0145 p2_d_real=-0.7472 p2_d_fake=-0.7191 g_grad_abs=1604.7678 d_grad_abs=202.5763 synth_eps=0.2408 synth_eps_raw=0.2408 synth_x0_hit=1.0000 synth_x0_t=214.0000 synth_x0_ldif=0.0882 synth_x0_gen_adv=0.5336 synth_x0_lfm=0.0074 synth_total=0.3972 extra_render_attn_share=0.5539
[step 33250] real_p1_mirror_hole_cov=0.0485 real_p1_eps=0.0030 real_p1_hole_frac=0.1609 real_p2_eps=0.2323 real_p2_hit=1.0000 real_p2_t=74.0000 real_p2_ldif=0.0188 real_p2_gen_adv=0.4814 real_p2_lfm=0.0021 real_total=0.3064 discr_adv=0.9873 p2_d_real=-0.4560 p2_d_fake=-0.4814 g_grad_abs=982.4511 d_grad_abs=80.4089 synth_eps=0.1956 synth_eps_raw=0.1956 synth_x0_hit=1.0000 synth_x0_t=170.0000 synth_x0_ldif=0.0492 synth_x0_gen_adv=0.5601 synth_x0_lfm=0.0048 synth_total=0.3105 extra_render_attn_share=0.5539
[step 33300] real_p1_mirror_hole_cov=0.0622 real_p1_eps=0.0377 real_p1_hole_frac=0.4180 real_p2_eps=0.0297 real_p2_hit=0.0000 real_total=0.0673 synth_eps=0.0045 synth_eps_raw=0.0045 synth_x0_hit=0.0000 synth_total=0.0045 extra_render_attn_share=0.5539
[step 33350] real_p1_mirror_hole_cov=0.1774 real_p1_eps=0.0020 real_p1_hole_frac=0.3787 real_p2_eps=0.0186 real_p2_hit=0.0000 real_total=0.0206 discr_adv=0.8669 x0_d_real=-0.2628 x0_d_fake=-0.5291 g_grad_abs=198.9383 d_grad_abs=1180.9626 synth_eps=0.0082 synth_eps_raw=0.0082 synth_x0_hit=0.0000 synth_total=0.0082 extra_render_attn_share=0.5539
[step 33400] real_p1_mirror_hole_cov=0.0450 real_p1_eps=0.1203 real_p1_hole_frac=0.3590 real_p2_eps=0.2665 real_p2_hit=1.0000 real_p2_t=180.0000 real_p2_ldif=0.0734 real_p2_gen_adv=0.3985 real_p2_lfm=0.0038 real_total=0.5077 discr_adv=0.9966 p2_d_real=-0.3918 p2_d_fake=-0.3985 g_grad_abs=1586.5291 d_grad_abs=582.2470 synth_eps=0.0096 synth_eps_raw=0.0096 synth_x0_hit=0.0000 synth_total=0.0096 extra_render_attn_share=0.5539
[step 33450] real_p1_mirror_hole_cov=0.1361 real_p1_eps=0.0071 real_p1_hole_frac=0.4149 real_p2_eps=0.2864 real_p2_hit=1.0000 real_p2_t=135.0000 real_p2_ldif=0.0511 real_p2_gen_adv=0.6955 real_p2_lfm=0.0031 real_total=0.4204 discr_adv=0.9789 p2_d_real=-0.6533 p2_d_fake=-0.6955 g_grad_abs=981.4515 d_grad_abs=78.6188 synth_eps=0.0642 synth_eps_raw=0.0642 synth_x0_hit=0.0000 synth_total=0.0642 extra_render_attn_share=0.5539
[step 33500] real_p1_mirror_hole_cov=0.2745 real_p1_eps=0.0012 real_p1_hole_frac=0.4959 real_p2_eps=0.0967 real_p2_hit=0.0000 real_total=0.0979 synth_eps=0.0347 synth_eps_raw=0.0347 synth_x0_hit=0.0000 synth_total=0.0347 extra_render_attn_share=0.5539
[images] real: anchor | cond1 | cond2 | inv_warp_mirror | mask | mask_inv | warp_img | warp_warp_img | x | y_hat | y_hat_novel -> /home/xzy/warpgan-diffusiong-inpainting/warpgan-diffusion-inpainting-main/experiments/train_inpainting_diffusion/[20260915-085455]_v19_w6b_300k/logs/images/train/real_step0033500.png
[images] synth: cond | mask | target | warp_img | x | y_hat_novel -> /home/xzy/warpgan-diffusiong-inpainting/warpgan-diffusion-inpainting-main/experiments/train_inpainting_diffusion/[20260915-085455]_v19_w6b_300k/logs/images/train/synth_step0033500.png
[step 33550] real_p1_mirror_hole_cov=0.0812 real_p1_eps=0.0772 real_p1_hole_frac=0.1608 real_p2_eps=0.0737 real_p2_hit=0.0000 real_total=0.1510 discr_adv=0.9808 x0_d_real=0.3202 x0_d_fake=0.2818 g_grad_abs=827.5381 d_grad_abs=360.1045 synth_eps=0.0057 synth_eps_raw=0.0057 synth_x0_hit=0.0000 synth_total=0.0057 extra_render_attn_share=0.5539
[step 33600] real_p1_mirror_hole_cov=0.0459 real_p1_eps=0.0032 real_p1_hole_frac=0.4706 real_p2_eps=0.0298 real_p2_hit=0.0000 real_total=0.0330 synth_eps=0.0010 synth_eps_raw=0.0010 synth_x0_hit=0.0000 synth_total=0.0010 extra_render_attn_share=0.5539
[step 33650] real_p1_mirror_hole_cov=0.1341 real_p1_eps=0.1940 real_p1_hole_frac=0.2696 real_p2_eps=0.3118 real_p2_hit=1.0000 real_p2_t=66.0000 real_p2_ldif=0.0219 real_p2_gen_adv=0.5191 real_p2_lfm=0.0018 real_total=0.5834 discr_adv=0.9895 p2_d_real=-0.4982 p2_d_fake=-0.5191 g_grad_abs=1425.7339 d_grad_abs=98.2443 synth_eps=0.1711 synth_eps_raw=0.1711 synth_x0_hit=1.0000 synth_x0_t=251.0000 synth_x0_ldif=0.0835 synth_x0_gen_adv=0.4958 synth_x0_lfm=0.0071 synth_total=0.3184 extra_render_attn_share=0.5539
[step 33700] real_p1_mirror_hole_cov=0.2020 real_p1_eps=0.5270 real_p1_hole_frac=0.2713 real_p2_eps=0.1185 real_p2_hit=0.0000 real_total=0.6455 synth_eps=0.0129 synth_eps_raw=0.0129 synth_x0_hit=0.0000 synth_total=0.0129 extra_render_attn_share=0.5539
[step 33750] real_p1_mirror_hole_cov=0.2276 real_p1_eps=0.0181 real_p1_hole_frac=0.2577 real_p2_eps=0.1436 real_p2_hit=1.0000 real_p2_t=273.0000 real_p2_ldif=0.0823 real_p2_gen_adv=-0.6715 real_p2_lfm=0.0051 real_total=0.1869 discr_adv=1.1461 p2_d_real=0.3793 p2_d_fake=0.6715 g_grad_abs=1612.7182 d_grad_abs=2341.4608 synth_eps=0.2635 synth_eps_raw=0.2635 synth_x0_hit=1.0000 synth_x0_t=223.0000 synth_x0_ldif=0.1037 synth_x0_gen_adv=-0.8053 synth_x0_lfm=0.0072 synth_total=0.3012 extra_render_attn_share=0.5539
[step 33800] real_p1_mirror_hole_cov=0.0102 real_p1_eps=0.0007 real_p1_hole_frac=0.2348 real_p2_eps=0.2599 real_p2_hit=1.0000 real_p2_t=69.0000 real_p2_ldif=0.0193 real_p2_gen_adv=-0.1492 real_p2_lfm=0.0026 real_total=0.2703 discr_adv=1.0528 p2_d_real=0.0435 p2_d_fake=0.1492 g_grad_abs=1044.6957 d_grad_abs=646.7138 synth_eps=0.0114 synth_eps_raw=0.0114 synth_x0_hit=0.0000 synth_total=0.0114 extra_render_attn_share=0.5539
[step 33850] real_p1_mirror_hole_cov=0.0135 real_p1_eps=0.0786 real_p1_hole_frac=0.0366 real_p2_eps=0.0209 real_p2_hit=0.0000 real_total=0.0995 synth_eps=0.0594 synth_eps_raw=0.0594 synth_x0_hit=0.0000 synth_total=0.0594 extra_render_attn_share=0.5539
[step 33900] real_p1_mirror_hole_cov=0.0367 real_p1_eps=0.0652 real_p1_hole_frac=0.0661 real_p2_eps=0.1546 real_p2_hit=1.0000 real_p2_t=125.0000 real_p2_ldif=0.0247 real_p2_gen_adv=0.5589 real_p2_lfm=0.0013 real_total=0.3029 discr_adv=1.1191 p2_d_real=-0.7963 p2_d_fake=-0.5589 g_grad_abs=1107.3715 d_grad_abs=995.0317 synth_eps=0.0170 synth_eps_raw=0.0170 synth_x0_hit=0.0000 synth_total=0.0170 extra_render_attn_share=0.5539
[step 33950] real_p1_mirror_hole_cov=0.1842 real_p1_eps=0.0013 real_p1_hole_frac=0.2693 real_p2_eps=0.0395 real_p2_hit=0.0000 real_total=0.0408 synth_eps=0.4565 synth_eps_raw=0.4565 synth_x0_hit=1.0000 synth_x0_t=93.0000 synth_x0_ldif=0.0491 synth_x0_gen_adv=-0.0400 synth_x0_lfm=0.0036 synth_total=0.5089 extra_render_attn_share=0.5539
[val step 33999] val_novel_full=0.0757 val_novel_hole=0.1331 val_novel_visible=0.0510
[step 34000] real_p1_mirror_hole_cov=0.0409 real_p1_eps=0.0082 real_p1_hole_frac=0.2840 real_p2_eps=0.0041 real_p2_hit=0.0000 real_total=0.0123 discr_adv=0.9790 x0_d_real=-0.7010 x0_d_fake=-0.7430 g_grad_abs=206.5660 d_grad_abs=131.1572 synth_eps=0.0693 synth_eps_raw=0.0693 synth_x0_hit=0.0000 synth_total=0.0693 extra_render_attn_share=0.5556
[images] real: anchor | cond1 | cond2 | inv_warp_mirror | mask | mask_inv | warp_img | warp_warp_img | x | y_hat | y_hat_novel -> /home/xzy/warpgan-diffusiong-inpainting/warpgan-diffusion-inpainting-main/experiments/train_inpainting_diffusion/[20260915-085455]_v19_w6b_300k/logs/images/train/real_step0034000.png
[images] synth: cond | mask | target | warp_img | x | y_hat_novel -> /home/xzy/warpgan-diffusiong-inpainting/warpgan-diffusion-inpainting-main/experiments/train_inpainting_diffusion/[20260915-085455]_v19_w6b_300k/logs/images/train/synth_step0034000.png
[step 34050] real_p1_mirror_hole_cov=0.0380 real_p1_eps=0.1717 real_p1_hole_frac=0.5061 real_p2_eps=0.0905 real_p2_hit=0.0000 real_total=0.2622 synth_eps=0.0720 synth_eps_raw=0.0720 synth_x0_hit=0.0000 synth_total=0.0720 extra_render_attn_share=0.5556
[step 34100] real_p1_mirror_hole_cov=0.0704 real_p1_eps=0.0016 real_p1_hole_frac=0.2949 real_p2_eps=0.0817 real_p2_hit=0.0000 real_total=0.0834 synth_eps=0.0853 synth_eps_raw=0.0853 synth_x0_hit=0.0000 synth_total=0.0853 extra_render_attn_share=0.5556
[step 34150] real_p1_mirror_hole_cov=0.1294 real_p1_eps=0.0098 real_p1_hole_frac=0.1721 real_p2_eps=0.0065 real_p2_hit=0.0000 real_total=0.0163 synth_eps=0.0044 synth_eps_raw=0.0044 synth_x0_hit=0.0000 synth_total=0.0044 extra_render_attn_share=0.5556
[step 34200] real_p1_mirror_hole_cov=0.1103 real_p1_eps=0.0048 real_p1_hole_frac=0.2886 real_p2_eps=0.1116 real_p2_hit=0.0000 real_total=0.1163 synth_eps=0.2280 synth_eps_raw=0.2280 synth_x0_hit=1.0000 synth_x0_t=209.0000 synth_x0_ldif=0.0802 synth_x0_gen_adv=-0.0057 synth_x0_lfm=0.0069 synth_total=0.3215 extra_render_attn_share=0.5556
[step 34250] real_p1_mirror_hole_cov=0.1754 real_p1_eps=0.0210 real_p1_hole_frac=0.0932 real_p2_eps=0.0781 real_p2_hit=1.0000 real_p2_t=290.0000 real_p2_ldif=0.0505 real_p2_gen_adv=-0.4518 real_p2_lfm=0.0037 real_total=0.1117 discr_adv=1.0874 p2_d_real=0.2770 p2_d_fake=0.4518 g_grad_abs=1199.9544 d_grad_abs=712.5662 synth_eps=0.1362 synth_eps_raw=0.1362 synth_x0_hit=0.0000 synth_total=0.1362 extra_render_attn_share=0.5556
[step 34300] real_p1_mirror_hole_cov=0.0073 real_p1_eps=0.0299 real_p1_hole_frac=0.3422 real_p2_eps=0.0791 real_p2_hit=0.0000 real_total=0.1089 synth_eps=0.6112 synth_eps_raw=0.6112 synth_x0_hit=1.0000 synth_x0_t=33.0000 synth_x0_ldif=0.0196 synth_x0_gen_adv=0.5530 synth_x0_lfm=0.0018 synth_total=0.6897 extra_render_attn_share=0.5556
[step 34350] real_p1_mirror_hole_cov=0.1372 real_p1_eps=0.0087 real_p1_hole_frac=0.2151 real_p2_eps=0.1873 real_p2_hit=1.0000 real_p2_t=244.0000 real_p2_ldif=0.0867 real_p2_gen_adv=-0.1574 real_p2_lfm=0.0046 real_total=0.2762 discr_adv=1.0034 p2_d_real=0.1506 p2_d_fake=0.1574 g_grad_abs=1250.3523 d_grad_abs=51.8381 synth_eps=0.0827 synth_eps_raw=0.0827 synth_x0_hit=0.0000 synth_total=0.0827 extra_render_attn_share=0.5556
[step 34400] real_p1_mirror_hole_cov=0.1554 real_p1_eps=0.0096 real_p1_hole_frac=0.5240 real_p2_eps=0.1055 real_p2_hit=0.0000 real_total=0.1151 discr_adv=0.8809 x0_d_real=0.1988 x0_d_fake=-0.0394 g_grad_abs=465.0318 d_grad_abs=775.8247 synth_eps=0.1257 synth_eps_raw=0.1257 synth_x0_hit=0.0000 synth_total=0.1257 extra_render_attn_share=0.5556
[step 34450] real_p1_mirror_hole_cov=0.0776 real_p1_eps=0.0500 real_p1_hole_frac=0.4173 real_p2_eps=0.0575 real_p2_hit=0.0000 real_total=0.1075 discr_adv=1.1769 x0_d_real=-0.5084 x0_d_fake=-0.1546 g_grad_abs=491.9947 d_grad_abs=1803.5223 synth_eps=0.2942 synth_eps_raw=0.2942 synth_x0_hit=1.0000 synth_x0_t=225.0000 synth_x0_ldif=0.1177 synth_x0_gen_adv=-0.6936 synth_x0_lfm=0.0077 synth_total=0.3579 extra_render_attn_share=0.5556
[step 34500] real_p1_mirror_hole_cov=0.0489 real_p1_eps=0.0011 real_p1_hole_frac=0.2836 real_p2_eps=0.1106 real_p2_hit=0.0000 real_total=0.1117 synth_eps=0.0099 synth_eps_raw=0.0099 synth_x0_hit=0.0000 synth_total=0.0099 extra_render_attn_share=0.5556
[images] real: anchor | cond1 | cond2 | inv_warp_mirror | mask | mask_inv | warp_img | warp_warp_img | x | y_hat | y_hat_novel -> /home/xzy/warpgan-diffusiong-inpainting/warpgan-diffusion-inpainting-main/experiments/train_inpainting_diffusion/[20260915-085455]_v19_w6b_300k/logs/images/train/real_step0034500.png
[images] synth: cond | mask | target | warp_img | x | y_hat_novel -> /home/xzy/warpgan-diffusiong-inpainting/warpgan-diffusion-inpainting-main/experiments/train_inpainting_diffusion/[20260915-085455]_v19_w6b_300k/logs/images/train/synth_step0034500.png
[step 34550] real_p1_mirror_hole_cov=0.0054 real_p1_eps=0.0098 real_p1_hole_frac=0.1047 real_p2_eps=0.4163 real_p2_hit=1.0000 real_p2_t=15.0000 real_p2_ldif=0.0059 real_p2_gen_adv=0.1913 real_p2_lfm=0.0007 real_total=0.4526 discr_adv=1.0031 p2_d_real=-0.1962 p2_d_fake=-0.1913 g_grad_abs=1206.0258 d_grad_abs=64.3797 synth_eps=0.3484 synth_eps_raw=0.3484 synth_x0_hit=1.0000 synth_x0_t=107.0000 synth_x0_ldif=0.0451 synth_x0_gen_adv=0.5291 synth_x0_lfm=0.0043 synth_total=0.4549 extra_render_attn_share=0.5556
[step 34600] real_p1_mirror_hole_cov=0.0917 real_p1_eps=0.1900 real_p1_hole_frac=0.2243 real_p2_eps=0.0511 real_p2_hit=0.0000 real_total=0.2411 synth_eps=0.0188 synth_eps_raw=0.0188 synth_x0_hit=0.0000 synth_total=0.0188 extra_render_attn_share=0.5556
[step 34650] real_p1_mirror_hole_cov=0.0992 real_p1_eps=0.0282 real_p1_hole_frac=0.4226 real_p2_eps=0.0013 real_p2_hit=0.0000 real_total=0.0294 synth_eps=0.0143 synth_eps_raw=0.0143 synth_x0_hit=0.0000 synth_total=0.0143 extra_render_attn_share=0.5556
[step 34700] real_p1_mirror_hole_cov=0.0684 real_p1_eps=0.0772 real_p1_hole_frac=0.2630 real_p2_eps=0.1025 real_p2_hit=0.0000 real_total=0.1797 synth_eps=0.0033 synth_eps_raw=0.0033 synth_x0_hit=0.0000 synth_total=0.0033 extra_render_attn_share=0.5556
[step 34750] real_p1_mirror_hole_cov=0.0097 real_p1_eps=0.0008 real_p1_hole_frac=0.1674 real_p2_eps=0.1312 real_p2_hit=1.0000 real_p2_t=161.0000 real_p2_ldif=0.0303 real_p2_gen_adv=0.4577 real_p2_lfm=0.0033 real_total=0.2147 discr_adv=1.0267 p2_d_real=-0.5111 p2_d_fake=-0.4577 g_grad_abs=897.9912 d_grad_abs=125.1990 synth_eps=0.0036 synth_eps_raw=0.0036 synth_x0_hit=0.0000 synth_total=0.0036 extra_render_attn_share=0.5556
[step 34800] real_p1_mirror_hole_cov=0.0862 real_p1_eps=0.0403 real_p1_hole_frac=0.3166 real_p2_eps=0.0590 real_p2_hit=0.0000 real_total=0.0993 synth_eps=0.2026 synth_eps_raw=0.2026 synth_x0_hit=1.0000 synth_x0_t=285.0000 synth_x0_ldif=0.1265 synth_x0_gen_adv=0.0951 synth_x0_lfm=0.0055 synth_total=0.3495 extra_render_attn_share=0.5556
[step 34850] real_p1_mirror_hole_cov=0.0013 real_p1_eps=0.0024 real_p1_hole_frac=0.0865 real_p2_eps=0.0047 real_p2_hit=0.0000 real_total=0.0071 synth_eps=0.0494 synth_eps_raw=0.0494 synth_x0_hit=0.0000 synth_total=0.0494 extra_render_attn_share=0.5556
[step 34900] real_p1_mirror_hole_cov=0.0975 real_p1_eps=0.0603 real_p1_hole_frac=0.5734 real_p2_eps=0.0718 real_p2_hit=0.0000 real_total=0.1321 discr_adv=1.0176 x0_d_real=-0.1140 x0_d_fake=-0.0787 g_grad_abs=484.4690 d_grad_abs=132.2679 synth_eps=0.0318 synth_eps_raw=0.0318 synth_x0_hit=0.0000 synth_total=0.0318 extra_render_attn_share=0.5556
[step 34950] real_p1_mirror_hole_cov=0.0000 real_p1_eps=0.0011 real_p1_hole_frac=0.0565 real_p2_eps=0.0149 real_p2_hit=0.0000 real_total=0.0160 synth_eps=0.0406 synth_eps_raw=0.0406 synth_x0_hit=0.0000 synth_total=0.0406 extra_render_attn_share=0.5556
[step 35000] real_p1_mirror_hole_cov=0.0400 real_p1_eps=0.0562 real_p1_hole_frac=0.1628 real_p2_eps=0.0947 real_p2_hit=0.0000 real_total=0.1509 discr_adv=0.9870 x0_d_real=0.6216 x0_d_fake=0.5956 g_grad_abs=825.2867 d_grad_abs=190.1355 synth_eps=0.0889 synth_eps_raw=0.0889 synth_x0_hit=0.0000 synth_total=0.0889 extra_render_attn_share=0.5556
[images] real: anchor | cond1 | cond2 | inv_warp_mirror | mask | mask_inv | warp_img | warp_warp_img | x | y_hat | y_hat_novel -> /home/xzy/warpgan-diffusiong-inpainting/warpgan-diffusion-inpainting-main/experiments/train_inpainting_diffusion/[20260915-085455]_v19_w6b_300k/logs/images/train/real_step0035000.png
[images] synth: cond | mask | target | warp_img | x | y_hat_novel -> /home/xzy/warpgan-diffusiong-inpainting/warpgan-diffusion-inpainting-main/experiments/train_inpainting_diffusion/[20260915-085455]_v19_w6b_300k/logs/images/train/synth_step0035000.png
[step 35050] real_p1_mirror_hole_cov=0.1536 real_p1_eps=0.0018 real_p1_hole_frac=0.3670 real_p2_eps=0.0700 real_p2_hit=0.0000 real_total=0.0718 synth_eps=0.3706 synth_eps_raw=0.3706 synth_x0_hit=1.0000 synth_x0_t=111.0000 synth_x0_ldif=0.0504 synth_x0_gen_adv=-0.4263 synth_x0_lfm=0.0031 synth_total=0.3845 extra_render_attn_share=0.5556
[step 35100] real_p1_mirror_hole_cov=0.1700 real_p1_eps=0.2227 real_p1_hole_frac=0.0975 real_p2_eps=0.0018 real_p2_hit=0.0000 real_total=0.2245 discr_adv=0.9569 x0_d_real=0.3497 x0_d_fake=0.2634 g_grad_abs=990.9464 d_grad_abs=328.7016 synth_eps=0.0762 synth_eps_raw=0.0762 synth_x0_hit=0.0000 synth_total=0.0762 extra_render_attn_share=0.5556
[step 35150] real_p1_mirror_hole_cov=0.0076 real_p1_eps=0.0621 real_p1_hole_frac=0.1838 real_p2_eps=0.0013 real_p2_hit=0.0000 real_total=0.0634 discr_adv=1.0503 x0_d_real=-0.4212 x0_d_fake=-0.3207 g_grad_abs=481.0635 d_grad_abs=294.8470 synth_eps=0.0053 synth_eps_raw=0.0053 synth_x0_hit=0.0000 synth_total=0.0053 extra_render_attn_share=0.5556
[step 35200] real_p1_mirror_hole_cov=0.0280 real_p1_eps=0.0052 real_p1_hole_frac=0.1295 real_p2_eps=0.1027 real_p2_hit=1.0000 real_p2_t=257.0000 real_p2_ldif=0.0524 real_p2_gen_adv=-0.5418 real_p2_lfm=0.0038 real_total=0.1137 discr_adv=1.9944 x0_d_real=0.0359 x0_d_fake=-0.0009 p2_d_real=0.5188 p2_d_fake=0.5418 g_grad_abs=934.6378 d_grad_abs=331.2554 synth_eps=0.0065 synth_eps_raw=0.0065 synth_x0_hit=0.0000 synth_total=0.0065 extra_render_attn_share=0.5556
[step 35250] real_p1_mirror_hole_cov=0.0222 real_p1_eps=0.0042 real_p1_hole_frac=0.2606 real_p2_eps=0.0605 real_p2_hit=0.0000 real_total=0.0647 synth_eps=0.0321 synth_eps_raw=0.0321 synth_x0_hit=0.0000 synth_total=0.0321 extra_render_attn_share=0.5556
[step 35300] real_p1_mirror_hole_cov=0.0099 real_p1_eps=0.0100 real_p1_hole_frac=0.1196 real_p2_eps=0.1878 real_p2_hit=1.0000 real_p2_t=179.0000 real_p2_ldif=0.0512 real_p2_gen_adv=-0.4952 real_p2_lfm=0.0038 real_total=0.2071 discr_adv=1.0585 p2_d_real=0.3782 p2_d_fake=0.4952 g_grad_abs=1532.9949 d_grad_abs=458.2617 synth_eps=0.3352 synth_eps_raw=0.3352 synth_x0_hit=1.0000 synth_x0_t=156.0000 synth_x0_ldif=0.0739 synth_x0_gen_adv=-0.0600 synth_x0_lfm=0.0065 synth_total=0.4163 extra_render_attn_share=0.5556
[step 35350] real_p1_mirror_hole_cov=0.0030 real_p1_eps=0.0064 real_p1_hole_frac=0.2219 real_p2_eps=0.1055 real_p2_hit=0.0000 real_total=0.1119 synth_eps=0.0013 synth_eps_raw=0.0013 synth_x0_hit=0.0000 synth_total=0.0013 extra_render_attn_share=0.5556
[step 35400] real_p1_mirror_hole_cov=0.3029 real_p1_eps=0.0736 real_p1_hole_frac=0.4077 real_p2_eps=0.0543 real_p2_hit=0.0000 real_total=0.1279 synth_eps=0.0779 synth_eps_raw=0.0779 synth_x0_hit=0.0000 synth_total=0.0779 extra_render_attn_share=0.5556
[step 35450] real_p1_mirror_hole_cov=0.2189 real_p1_eps=0.0419 real_p1_hole_frac=0.4591 real_p2_eps=0.0310 real_p2_hit=0.0000 real_total=0.0729 discr_adv=1.0404 x0_d_real=0.7091 x0_d_fake=0.7900 g_grad_abs=409.4376 d_grad_abs=288.9699 synth_eps=0.0103 synth_eps_raw=0.0103 synth_x0_hit=0.0000 synth_total=0.0103 extra_render_attn_share=0.5556
[step 35500] real_p1_mirror_hole_cov=0.0616 real_p1_eps=0.0661 real_p1_hole_frac=0.2001 real_p2_eps=0.0471 real_p2_hit=0.0000 real_total=0.1132 discr_adv=0.8140 x0_d_real=0.5653 x0_d_fake=0.1931 g_grad_abs=676.4166 d_grad_abs=1468.8305 synth_eps=0.0739 synth_eps_raw=0.0739 synth_x0_hit=0.0000 synth_total=0.0739 extra_render_attn_share=0.5556
[images] real: anchor | cond1 | cond2 | inv_warp_mirror | mask | mask_inv | warp_img | warp_warp_img | x | y_hat | y_hat_novel -> /home/xzy/warpgan-diffusiong-inpainting/warpgan-diffusion-inpainting-main/experiments/train_inpainting_diffusion/[20260915-085455]_v19_w6b_300k/logs/images/train/real_step0035500.png
[images] synth: cond | mask | target | warp_img | x | y_hat_novel -> /home/xzy/warpgan-diffusiong-inpainting/warpgan-diffusion-inpainting-main/experiments/train_inpainting_diffusion/[20260915-085455]_v19_w6b_300k/logs/images/train/synth_step0035500.png
[step 35550] real_p1_mirror_hole_cov=0.0268 real_p1_eps=0.0526 real_p1_hole_frac=0.4712 real_p2_eps=0.0089 real_p2_hit=0.0000 real_total=0.0615 discr_adv=0.9262 x0_d_real=-0.2204 x0_d_fake=-0.3999 g_grad_abs=441.7210 d_grad_abs=864.5931 synth_eps=0.0119 synth_eps_raw=0.0119 synth_x0_hit=0.0000 synth_total=0.0119 extra_render_attn_share=0.5556
[step 35600] real_p1_mirror_hole_cov=0.0051 real_p1_eps=0.0110 real_p1_hole_frac=0.0442 real_p2_eps=0.0780 real_p2_hit=1.0000 real_p2_t=243.0000 real_p2_ldif=0.0358 real_p2_gen_adv=-0.9303 real_p2_lfm=0.0025 real_total=0.0369 discr_adv=2.0570 x0_d_real=-0.1254 x0_d_fake=-0.0641 p2_d_real=0.8963 p2_d_fake=0.9303 g_grad_abs=890.1899 d_grad_abs=373.7855 synth_eps=0.2547 synth_eps_raw=0.2547 synth_x0_hit=1.0000 synth_x0_t=218.0000 synth_x0_ldif=0.0964 synth_x0_gen_adv=-0.3083 synth_x0_lfm=0.0067 synth_total=0.3337 extra_render_attn_share=0.5556
[step 35650] real_p1_mirror_hole_cov=0.0181 real_p1_eps=0.0009 real_p1_hole_frac=0.2073 real_p2_eps=0.1569 real_p2_hit=1.0000 real_p2_t=239.0000 real_p2_ldif=0.0699 real_p2_gen_adv=-0.6839 real_p2_lfm=0.0063 real_total=0.1719 discr_adv=2.1361 x0_d_real=-0.1556 x0_d_fake=-0.0264 p2_d_real=0.5411 p2_d_fake=0.6839 g_grad_abs=1348.0730 d_grad_abs=1372.2227 synth_eps=0.0157 synth_eps_raw=0.0157 synth_x0_hit=0.0000 synth_total=0.0157 extra_render_attn_share=0.5556
[step 35700] real_p1_mirror_hole_cov=0.0970 real_p1_eps=0.0392 real_p1_hole_frac=0.4875 real_p2_eps=0.0053 real_p2_hit=0.0000 real_total=0.0445 discr_adv=0.9664 x0_d_real=-0.2285 x0_d_fake=-0.2976 g_grad_abs=416.4582 d_grad_abs=254.8804 synth_eps=0.0261 synth_eps_raw=0.0261 synth_x0_hit=0.0000 synth_total=0.0261 extra_render_attn_share=0.5556
[step 35750] real_p1_mirror_hole_cov=0.0030 real_p1_eps=0.2055 real_p1_hole_frac=0.1271 real_p2_eps=0.2969 real_p2_hit=1.0000 real_p2_t=36.0000 real_p2_ldif=0.0105 real_p2_gen_adv=0.5310 real_p2_lfm=0.0011 real_total=0.5682 discr_adv=1.0080 p2_d_real=-0.5471 p2_d_fake=-0.5310 g_grad_abs=1381.9844 d_grad_abs=145.9634 synth_eps=0.0109 synth_eps_raw=0.0109 synth_x0_hit=0.0000 synth_total=0.0109 extra_render_attn_share=0.5556
[step 35800] real_p1_mirror_hole_cov=0.0191 real_p1_eps=0.0308 real_p1_hole_frac=0.3227 real_p2_eps=0.0195 real_p2_hit=0.0000 real_total=0.0503 discr_adv=1.0219 x0_d_real=0.3126 x0_d_fake=0.3564 g_grad_abs=405.5902 d_grad_abs=249.2848 synth_eps=0.0298 synth_eps_raw=0.0298 synth_x0_hit=0.0000 synth_total=0.0298 extra_render_attn_share=0.5556
[step 35850] real_p1_mirror_hole_cov=0.1109 real_p1_eps=0.0035 real_p1_hole_frac=0.3200 real_p2_eps=0.0307 real_p2_hit=0.0000 real_total=0.0342 synth_eps=0.1076 synth_eps_raw=0.1076 synth_x0_hit=0.0000 synth_total=0.1076 extra_render_attn_share=0.5556
[step 35900] real_p1_mirror_hole_cov=0.0049 real_p1_eps=0.1223 real_p1_hole_frac=0.2968 real_p2_eps=0.0022 real_p2_hit=0.0000 real_total=0.1245 synth_eps=0.2723 synth_eps_raw=0.2723 synth_x0_hit=1.0000 synth_x0_t=161.0000 synth_x0_ldif=0.0630 synth_x0_gen_adv=0.6483 synth_x0_lfm=0.0042 synth_total=0.4087 extra_render_attn_share=0.5556
[step 35950] real_p1_mirror_hole_cov=0.0624 real_p1_eps=0.1140 real_p1_hole_frac=0.2094 real_p2_eps=0.0012 real_p2_hit=0.0000 real_total=0.1152 synth_eps=0.2980 synth_eps_raw=0.2980 synth_x0_hit=1.0000 synth_x0_t=169.0000 synth_x0_ldif=0.0743 synth_x0_gen_adv=-0.5769 synth_x0_lfm=0.0063 synth_total=0.3272 extra_render_attn_share=0.5556
[val step 35999] val_novel_full=0.0672 val_novel_hole=0.0964 val_novel_visible=0.0528
[step 36000] real_p1_mirror_hole_cov=0.0917 real_p1_eps=0.0077 real_p1_hole_frac=0.4778 real_p2_eps=0.2398 real_p2_hit=1.0000 real_p2_t=215.0000 real_p2_ldif=0.0886 real_p2_gen_adv=-0.4688 real_p2_lfm=0.0060 real_total=0.3012 discr_adv=0.9329 p2_d_real=0.6030 p2_d_fake=0.4688 g_grad_abs=1234.8201 d_grad_abs=628.5555 synth_eps=0.0014 synth_eps_raw=0.0014 synth_x0_hit=0.0000 synth_total=0.0014 extra_render_attn_share=0.5559
[images] real: anchor | cond1 | cond2 | inv_warp_mirror | mask | mask_inv | warp_img | warp_warp_img | x | y_hat | y_hat_novel -> /home/xzy/warpgan-diffusiong-inpainting/warpgan-diffusion-inpainting-main/experiments/train_inpainting_diffusion/[20260915-085455]_v19_w6b_300k/logs/images/train/real_step0036000.png
[images] synth: cond | mask | target | warp_img | x | y_hat_novel -> /home/xzy/warpgan-diffusiong-inpainting/warpgan-diffusion-inpainting-main/experiments/train_inpainting_diffusion/[20260915-085455]_v19_w6b_300k/logs/images/train/synth_step0036000.png
[step 36050] real_p1_mirror_hole_cov=0.1810 real_p1_eps=0.2262 real_p1_hole_frac=0.5056 real_p2_eps=0.2974 real_p2_hit=1.0000 real_p2_t=197.0000 real_p2_ldif=0.0948 real_p2_gen_adv=-0.5793 real_p2_lfm=0.0059 real_total=0.5722 discr_adv=1.0107 p2_d_real=0.5580 p2_d_fake=0.5793 g_grad_abs=1630.8974 d_grad_abs=132.8635 synth_eps=0.0850 synth_eps_raw=0.0850 synth_x0_hit=0.0000 synth_total=0.0850 extra_render_attn_share=0.5559
[step 36100] real_p1_mirror_hole_cov=0.0491 real_p1_eps=0.0031 real_p1_hole_frac=0.0561 real_p2_eps=0.0184 real_p2_hit=0.0000 real_total=0.0215 synth_eps=0.0759 synth_eps_raw=0.0759 synth_x0_hit=0.0000 synth_total=0.0759 extra_render_attn_share=0.5559
[step 36150] real_p1_mirror_hole_cov=0.0670 real_p1_eps=0.0053 real_p1_hole_frac=0.2197 real_p2_eps=0.0100 real_p2_hit=0.0000 real_total=0.0153 discr_adv=1.1446 x0_d_real=-0.0102 x0_d_fake=0.2790 g_grad_abs=174.2445 d_grad_abs=3082.6181 synth_eps=0.0019 synth_eps_raw=0.0019 synth_x0_hit=0.0000 synth_total=0.0019 extra_render_attn_share=0.5559
[step 36200] real_p1_mirror_hole_cov=0.0170 real_p1_eps=0.0232 real_p1_hole_frac=0.1657 real_p2_eps=0.0667 real_p2_hit=0.0000 real_total=0.0899 discr_adv=0.9087 x0_d_real=0.7554 x0_d_fake=0.5729 g_grad_abs=388.6918 d_grad_abs=697.2488 synth_eps=0.1435 synth_eps_raw=0.1435 synth_x0_hit=1.0000 synth_x0_t=275.0000 synth_x0_ldif=0.0834 synth_x0_gen_adv=-0.3872 synth_x0_lfm=0.0054 synth_total=0.1989 extra_render_attn_share=0.5559
[step 36250] real_p1_mirror_hole_cov=0.1601 real_p1_eps=0.0074 real_p1_hole_frac=0.4359 real_p2_eps=0.0863 real_p2_hit=0.0000 real_total=0.0937 synth_eps=0.2964 synth_eps_raw=0.2964 synth_x0_hit=1.0000 synth_x0_t=163.0000 synth_x0_ldif=0.0699 synth_x0_gen_adv=-0.1111 synth_x0_lfm=0.0054 synth_total=0.3660 extra_render_attn_share=0.5559
[step 36300] real_p1_mirror_hole_cov=0.0436 real_p1_eps=0.0067 real_p1_hole_frac=0.2207 real_p2_eps=0.3665 real_p2_hit=1.0000 real_p2_t=39.0000 real_p2_ldif=0.0141 real_p2_gen_adv=0.1939 real_p2_lfm=0.0018 real_total=0.4103 discr_adv=1.0115 p2_d_real=-0.2167 p2_d_fake=-0.1939 g_grad_abs=1202.3585 d_grad_abs=124.3927 synth_eps=0.0094 synth_eps_raw=0.0094 synth_x0_hit=0.0000 synth_total=0.0094 extra_render_attn_share=0.5559
[step 36350] real_p1_mirror_hole_cov=0.0605 real_p1_eps=0.1229 real_p1_hole_frac=0.3591 real_p2_eps=0.1846 real_p2_hit=1.0000 real_p2_t=274.0000 real_p2_ldif=0.1065 real_p2_gen_adv=0.1714 real_p2_lfm=0.0053 real_total=0.4418 discr_adv=1.0128 p2_d_real=-0.1969 p2_d_fake=-0.1714 g_grad_abs=2031.8799 d_grad_abs=367.0066 synth_eps=0.2608 synth_eps_raw=0.2608 synth_x0_hit=1.0000 synth_x0_t=236.0000 synth_x0_ldif=0.1136 synth_x0_gen_adv=0.3894 synth_x0_lfm=0.0051 synth_total=0.4237 extra_render_attn_share=0.5559
[step 36400] real_p1_mirror_hole_cov=0.0010 real_p1_eps=0.0009 real_p1_hole_frac=0.0462 real_p2_eps=0.0155 real_p2_hit=0.0000 real_total=0.0164 discr_adv=0.9191 x0_d_real=-0.1679 x0_d_fake=-0.3345 g_grad_abs=183.8090 d_grad_abs=625.4590 synth_eps=0.4853 synth_eps_raw=0.4853 synth_x0_hit=1.0000 synth_x0_t=74.0000 synth_x0_ldif=0.0392 synth_x0_gen_adv=-0.0528 synth_x0_lfm=0.0040 synth_total=0.5273 extra_render_attn_share=0.5559
[step 36450] real_p1_mirror_hole_cov=0.0521 real_p1_eps=0.1812 real_p1_hole_frac=0.4031 real_p2_eps=0.1108 real_p2_hit=0.0000 real_total=0.2920 synth_eps=0.0874 synth_eps_raw=0.0874 synth_x0_hit=0.0000 synth_total=0.0874 extra_render_attn_share=0.5559
[step 36500] real_p1_mirror_hole_cov=0.0652 real_p1_eps=0.1657 real_p1_hole_frac=0.3400 real_p2_eps=0.0399 real_p2_hit=0.0000 real_total=0.2056 discr_adv=0.9099 x0_d_real=0.2246 x0_d_fake=0.0442 g_grad_abs=861.3074 d_grad_abs=311.4879 synth_eps=0.4564 synth_eps_raw=0.4564 synth_x0_hit=1.0000 synth_x0_t=85.0000 synth_x0_ldif=0.0438 synth_x0_gen_adv=-0.4381 synth_x0_lfm=0.0034 synth_total=0.4633 extra_render_attn_share=0.5559
[images] real: anchor | cond1 | cond2 | inv_warp_mirror | mask | mask_inv | warp_img | warp_warp_img | x | y_hat | y_hat_novel -> /home/xzy/warpgan-diffusiong-inpainting/warpgan-diffusion-inpainting-main/experiments/train_inpainting_diffusion/[20260915-085455]_v19_w6b_300k/logs/images/train/real_step0036500.png
[images] synth: cond | mask | target | warp_img | x | y_hat_novel -> /home/xzy/warpgan-diffusiong-inpainting/warpgan-diffusion-inpainting-main/experiments/train_inpainting_diffusion/[20260915-085455]_v19_w6b_300k/logs/images/train/synth_step0036500.png
[step 36550] real_p1_mirror_hole_cov=0.1475 real_p1_eps=0.0393 real_p1_hole_frac=0.1992 real_p2_eps=0.0077 real_p2_hit=0.0000 real_total=0.0470 synth_eps=0.2543 synth_eps_raw=0.2543 synth_x0_hit=1.0000 synth_x0_t=171.0000 synth_x0_ldif=0.0646 synth_x0_gen_adv=0.4939 synth_x0_lfm=0.0060 synth_total=0.3802 extra_render_attn_share=0.5559
[step 36600] real_p1_mirror_hole_cov=0.0926 real_p1_eps=0.0039 real_p1_hole_frac=0.2439 real_p2_eps=0.0038 real_p2_hit=0.0000 real_total=0.0078 discr_adv=0.9871 x0_d_real=0.3726 x0_d_fake=0.3466 g_grad_abs=104.5011 d_grad_abs=93.9297 synth_eps=0.4361 synth_eps_raw=0.4361 synth_x0_hit=1.0000 synth_x0_t=90.0000 synth_x0_ldif=0.0451 synth_x0_gen_adv=-0.5332 synth_x0_lfm=0.0042 synth_total=0.4362 extra_render_attn_share=0.5559
[step 36650] real_p1_mirror_hole_cov=0.0005 real_p1_eps=0.0175 real_p1_hole_frac=0.0565 real_p2_eps=0.0904 real_p2_hit=1.0000 real_p2_t=236.0000 real_p2_ldif=0.0394 real_p2_gen_adv=-0.4204 real_p2_lfm=0.0030 real_total=0.1112 discr_adv=1.8426 x0_d_real=0.5953 x0_d_fake=0.1890 p2_d_real=0.3314 p2_d_fake=0.4204 g_grad_abs=1272.8879 d_grad_abs=729.6490 synth_eps=0.3412 synth_eps_raw=0.3412 synth_x0_hit=1.0000 synth_x0_t=95.0000 synth_x0_ldif=0.0377 synth_x0_gen_adv=0.2273 synth_x0_lfm=0.0029 synth_total=0.4075 extra_render_attn_share=0.5559
[step 36700] real_p1_mirror_hole_cov=0.1165 real_p1_eps=0.0021 real_p1_hole_frac=0.0840 real_p2_eps=0.0062 real_p2_hit=0.0000 real_total=0.0083 discr_adv=1.0314 x0_d_real=0.0549 x0_d_fake=0.1178 g_grad_abs=119.7115 d_grad_abs=162.7795 synth_eps=0.0128 synth_eps_raw=0.0128 synth_x0_hit=0.0000 synth_total=0.0128 extra_render_attn_share=0.5559
[step 36750] real_p1_mirror_hole_cov=0.0133 real_p1_eps=0.0107 real_p1_hole_frac=0.1795 real_p2_eps=0.0031 real_p2_hit=0.0000 real_total=0.0138 synth_eps=0.5897 synth_eps_raw=0.5897 synth_x0_hit=1.0000 synth_x0_t=31.0000 synth_x0_ldif=0.0177 synth_x0_gen_adv=0.1588 synth_x0_lfm=0.0019 synth_total=0.6271 extra_render_attn_share=0.5559
[step 36800] real_p1_mirror_hole_cov=0.0083 real_p1_eps=0.2582 real_p1_hole_frac=0.4037 real_p2_eps=0.0031 real_p2_hit=0.0000 real_total=0.2613 discr_adv=1.0048 x0_d_real=-0.6376 x0_d_fake=-0.6280 g_grad_abs=1026.1826 d_grad_abs=53.6265 synth_eps=0.0098 synth_eps_raw=0.0098 synth_x0_hit=0.0000 synth_total=0.0098 extra_render_attn_share=0.5559
[step 36850] real_p1_mirror_hole_cov=0.2938 real_p1_eps=0.0009 real_p1_hole_frac=0.2890 real_p2_eps=0.0021 real_p2_hit=0.0000 real_total=0.0030 synth_eps=0.0775 synth_eps_raw=0.0775 synth_x0_hit=0.0000 synth_total=0.0775 extra_render_attn_share=0.5559
[step 36900] real_p1_mirror_hole_cov=0.1088 real_p1_eps=0.0006 real_p1_hole_frac=0.3730 real_p2_eps=0.1513 real_p2_hit=1.0000 real_p2_t=252.0000 real_p2_ldif=0.0744 real_p2_gen_adv=0.2778 real_p2_lfm=0.0051 real_total=0.2642 discr_adv=1.0328 p2_d_real=-0.3433 p2_d_fake=-0.2778 g_grad_abs=1178.6533 d_grad_abs=241.3275 synth_eps=0.0917 synth_eps_raw=0.0917 synth_x0_hit=0.0000 synth_total=0.0917 extra_render_attn_share=0.5559
[step 36950] real_p1_mirror_hole_cov=0.2583 real_p1_eps=0.0220 real_p1_hole_frac=0.2071 real_p2_eps=0.0403 real_p2_hit=0.0000 real_total=0.0623 synth_eps=0.1970 synth_eps_raw=0.1970 synth_x0_hit=1.0000 synth_x0_t=257.0000 synth_x0_ldif=0.1005 synth_x0_gen_adv=0.1040 synth_x0_lfm=0.0078 synth_total=0.3234 extra_render_attn_share=0.5559
[step 37000] real_p1_mirror_hole_cov=0.1439 real_p1_eps=0.0423 real_p1_hole_frac=0.3939 real_p2_eps=0.3394 real_p2_hit=1.0000 real_p2_t=118.0000 real_p2_ldif=0.0501 real_p2_gen_adv=0.1689 real_p2_lfm=0.0032 real_total=0.4550 discr_adv=1.9964 x0_d_real=-0.0808 x0_d_fake=-0.0774 p2_d_real=-0.1582 p2_d_fake=-0.1689 g_grad_abs=1137.2972 d_grad_abs=70.3483 synth_eps=0.2760 synth_eps_raw=0.2760 synth_x0_hit=1.0000 synth_x0_t=162.0000 synth_x0_ldif=0.0645 synth_x0_gen_adv=0.2872 synth_x0_lfm=0.0041 synth_total=0.3773 extra_render_attn_share=0.5559
[images] real: anchor | cond1 | cond2 | inv_warp_mirror | mask | mask_inv | warp_img | warp_warp_img | x | y_hat | y_hat_novel -> /home/xzy/warpgan-diffusiong-inpainting/warpgan-diffusion-inpainting-main/experiments/train_inpainting_diffusion/[20260915-085455]_v19_w6b_300k/logs/images/train/real_step0037000.png
[images] synth: cond | mask | target | warp_img | x | y_hat_novel -> /home/xzy/warpgan-diffusiong-inpainting/warpgan-diffusion-inpainting-main/experiments/train_inpainting_diffusion/[20260915-085455]_v19_w6b_300k/logs/images/train/synth_step0037000.png
[step 37050] real_p1_mirror_hole_cov=0.3909 real_p1_eps=0.2916 real_p1_hole_frac=0.1929 real_p2_eps=0.0381 real_p2_hit=0.0000 real_total=0.3296 synth_eps=0.2662 synth_eps_raw=0.2662 synth_x0_hit=1.0000 synth_x0_t=204.0000 synth_x0_ldif=0.0899 synth_x0_gen_adv=0.2270 synth_x0_lfm=0.0061 synth_total=0.3910 extra_render_attn_share=0.5559
[step 37100] real_p1_mirror_hole_cov=0.0016 real_p1_eps=0.0486 real_p1_hole_frac=0.1998 real_p2_eps=0.0019 real_p2_hit=0.0000 real_total=0.0505 synth_eps=0.0067 synth_eps_raw=0.0067 synth_x0_hit=0.0000 synth_total=0.0067 extra_render_attn_share=0.5559
[step 37150] real_p1_mirror_hole_cov=0.0119 real_p1_eps=0.0100 real_p1_hole_frac=0.3318 real_p2_eps=0.0272 real_p2_hit=0.0000 real_total=0.0372 synth_eps=0.1905 synth_eps_raw=0.1905 synth_x0_hit=1.0000 synth_x0_t=250.0000 synth_x0_ldif=0.0922 synth_x0_gen_adv=-0.0787 synth_x0_lfm=0.0061 synth_total=0.2870 extra_render_attn_share=0.5559
[step 37200] real_p1_mirror_hole_cov=0.0285 real_p1_eps=0.3998 real_p1_hole_frac=0.3444 real_p2_eps=0.0028 real_p2_hit=0.0000 real_total=0.4026 discr_adv=0.9348 x0_d_real=0.7535 x0_d_fake=0.6226 g_grad_abs=1338.7453 d_grad_abs=426.8023 synth_eps=0.0292 synth_eps_raw=0.0292 synth_x0_hit=0.0000 synth_total=0.0292 extra_render_attn_share=0.5559
[step 37250] real_p1_mirror_hole_cov=0.1434 real_p1_eps=0.0853 real_p1_hole_frac=0.4942 real_p2_eps=0.0080 real_p2_hit=0.0000 real_total=0.0932 synth_eps=0.0117 synth_eps_raw=0.0117 synth_x0_hit=0.0000 synth_total=0.0117 extra_render_attn_share=0.5559
[step 37300] real_p1_mirror_hole_cov=0.0714 real_p1_eps=0.3045 real_p1_hole_frac=0.5609 real_p2_eps=0.2045 real_p2_hit=1.0000 real_p2_t=231.0000 real_p2_ldif=0.0857 real_p2_gen_adv=-0.4888 real_p2_lfm=0.0042 real_total=0.5543 discr_adv=0.9953 p2_d_real=0.4982 p2_d_fake=0.4888 g_grad_abs=1951.4566 d_grad_abs=132.5785 synth_eps=0.0130 synth_eps_raw=0.0130 synth_x0_hit=0.0000 synth_total=0.0130 extra_render_attn_share=0.5559
[step 37350] real_p1_mirror_hole_cov=0.0089 real_p1_eps=0.0008 real_p1_hole_frac=0.0414 real_p2_eps=0.0065 real_p2_hit=0.0000 real_total=0.0073 synth_eps=0.0191 synth_eps_raw=0.0191 synth_x0_hit=0.0000 synth_total=0.0191 extra_render_attn_share=0.5559
[step 37400] real_p1_mirror_hole_cov=0.1344 real_p1_eps=0.0123 real_p1_hole_frac=0.1994 real_p2_eps=0.4456 real_p2_hit=1.0000 real_p2_t=32.0000 real_p2_ldif=0.0139 real_p2_gen_adv=0.0796 real_p2_lfm=0.0011 real_total=0.4820 discr_adv=0.9964 p2_d_real=-0.0723 p2_d_fake=-0.0796 g_grad_abs=1320.5868 d_grad_abs=34.8786 synth_eps=0.0324 synth_eps_raw=0.0324 synth_x0_hit=0.0000 synth_total=0.0324 extra_render_attn_share=0.5559
[step 37450] real_p1_mirror_hole_cov=0.0050 real_p1_eps=0.0059 real_p1_hole_frac=0.2353 real_p2_eps=0.1923 real_p2_hit=1.0000 real_p2_t=217.0000 real_p2_ldif=0.0722 real_p2_gen_adv=-0.2774 real_p2_lfm=0.0059 real_total=0.2545 discr_adv=2.0104 x0_d_real=0.1054 x0_d_fake=-0.0779 p2_d_real=0.0737 p2_d_fake=0.2774 g_grad_abs=1056.8623 d_grad_abs=538.3732 synth_eps=0.0031 synth_eps_raw=0.0031 synth_x0_hit=0.0000 synth_total=0.0031 extra_render_attn_share=0.5559
[step 37500] real_p1_mirror_hole_cov=0.0353 real_p1_eps=0.0010 real_p1_hole_frac=0.5584 real_p2_eps=0.1739 real_p2_hit=1.0000 real_p2_t=265.0000 real_p2_ldif=0.0940 real_p2_gen_adv=-0.1993 real_p2_lfm=0.0042 real_total=0.2574 discr_adv=0.9187 p2_d_real=0.3619 p2_d_fake=0.1993 g_grad_abs=1024.8153 d_grad_abs=375.1095 synth_eps=0.0276 synth_eps_raw=0.0276 synth_x0_hit=0.0000 synth_total=0.0276 extra_render_attn_share=0.5559
[images] real: anchor | cond1 | cond2 | inv_warp_mirror | mask | mask_inv | warp_img | warp_warp_img | x | y_hat | y_hat_novel -> /home/xzy/warpgan-diffusiong-inpainting/warpgan-diffusion-inpainting-main/experiments/train_inpainting_diffusion/[20260915-085455]_v19_w6b_300k/logs/images/train/real_step0037500.png
[images] synth: cond | mask | target | warp_img | x | y_hat_novel -> /home/xzy/warpgan-diffusiong-inpainting/warpgan-diffusion-inpainting-main/experiments/train_inpainting_diffusion/[20260915-085455]_v19_w6b_300k/logs/images/train/synth_step0037500.png
[step 37550] real_p1_mirror_hole_cov=0.0134 real_p1_eps=0.0063 real_p1_hole_frac=0.3557 real_p2_eps=0.0052 real_p2_hit=0.0000 real_total=0.0114 synth_eps=0.2835 synth_eps_raw=0.2835 synth_x0_hit=1.0000 synth_x0_t=195.0000 synth_x0_ldif=0.0888 synth_x0_gen_adv=0.0740 synth_x0_lfm=0.0065 synth_total=0.3927 extra_render_attn_share=0.5559
[step 37600] real_p1_mirror_hole_cov=0.2490 real_p1_eps=0.0025 real_p1_hole_frac=0.2220 real_p2_eps=0.0605 real_p2_hit=0.0000 real_total=0.0630 synth_eps=0.0023 synth_eps_raw=0.0023 synth_x0_hit=0.0000 synth_total=0.0023 extra_render_attn_share=0.5559
[step 37650] real_p1_mirror_hole_cov=0.0011 real_p1_eps=0.2126 real_p1_hole_frac=0.1435 real_p2_eps=0.0015 real_p2_hit=0.0000 real_total=0.2141 synth_eps=0.0979 synth_eps_raw=0.0979 synth_x0_hit=0.0000 synth_total=0.0979 extra_render_attn_share=0.5559
[step 37700] real_p1_mirror_hole_cov=0.0116 real_p1_eps=0.0264 real_p1_hole_frac=0.0697 real_p2_eps=0.0424 real_p2_hit=0.0000 real_total=0.0688 discr_adv=0.9136 x0_d_real=0.3457 x0_d_fake=0.1728 g_grad_abs=522.2824 d_grad_abs=471.5946 synth_eps=0.0026 synth_eps_raw=0.0026 synth_x0_hit=0.0000 synth_total=0.0026 extra_render_attn_share=0.5559
[step 37750] real_p1_mirror_hole_cov=0.1976 real_p1_eps=0.0157 real_p1_hole_frac=0.2521 real_p2_eps=0.1799 real_p2_hit=1.0000 real_p2_t=271.0000 real_p2_ldif=0.1016 real_p2_gen_adv=-0.6558 real_p2_lfm=0.0060 real_total=0.2436 discr_adv=1.0241 p2_d_real=0.6076 p2_d_fake=0.6558 g_grad_abs=1546.0844 d_grad_abs=179.5425 synth_eps=0.8701 synth_eps_raw=0.8701 synth_x0_hit=1.0000 synth_x0_t=3.0000 synth_x0_ldif=0.0030 synth_x0_gen_adv=0.0536 synth_x0_lfm=0.0007 synth_total=0.8800 extra_render_attn_share=0.5559
[step 37800] real_p1_mirror_hole_cov=0.4320 real_p1_eps=0.0070 real_p1_hole_frac=0.0774 real_p2_eps=0.0021 real_p2_hit=0.0000 real_total=0.0091 synth_eps=0.0089 synth_eps_raw=0.0089 synth_x0_hit=0.0000 synth_total=0.0089 extra_render_attn_share=0.5559
[step 37850] real_p1_mirror_hole_cov=0.3264 real_p1_eps=0.3512 real_p1_hole_frac=0.0432 real_p2_eps=0.0353 real_p2_hit=0.0000 real_total=0.3864 synth_eps=0.1774 synth_eps_raw=0.1774 synth_x0_hit=1.0000 synth_x0_t=267.0000 synth_x0_ldif=0.0973 synth_x0_gen_adv=-0.0362 synth_x0_lfm=0.0073 synth_total=0.2857 extra_render_attn_share=0.5559
[step 37900] real_p1_mirror_hole_cov=0.0090 real_p1_eps=0.0286 real_p1_hole_frac=0.2200 real_p2_eps=0.3324 real_p2_hit=1.0000 real_p2_t=64.0000 real_p2_ldif=0.0225 real_p2_gen_adv=-0.5016 real_p2_lfm=0.0019 real_total=0.3373 discr_adv=0.9704 p2_d_real=0.5609 p2_d_fake=0.5016 g_grad_abs=1107.4828 d_grad_abs=175.3427 synth_eps=0.0378 synth_eps_raw=0.0378 synth_x0_hit=0.0000 synth_total=0.0378 extra_render_attn_share=0.5559
[step 37950] real_p1_mirror_hole_cov=0.0210 real_p1_eps=0.0264 real_p1_hole_frac=0.0534 real_p2_eps=0.0020 real_p2_hit=0.0000 real_total=0.0285 discr_adv=0.9789 x0_d_real=0.4921 x0_d_fake=0.4499 g_grad_abs=295.3211 d_grad_abs=228.4467 synth_eps=0.0856 synth_eps_raw=0.0856 synth_x0_hit=0.0000 synth_total=0.0856 extra_render_attn_share=0.5559
[val step 37999] val_novel_full=0.0623 val_novel_hole=0.0898 val_novel_visible=0.0543
[step 38000] real_p1_mirror_hole_cov=0.0665 real_p1_eps=0.0128 real_p1_hole_frac=0.3566 real_p2_eps=0.0022 real_p2_hit=0.0000 real_total=0.0150 synth_eps=0.7741 synth_eps_raw=0.7741 synth_x0_hit=1.0000 synth_x0_t=7.0000 synth_x0_ldif=0.0054 synth_x0_gen_adv=0.7343 synth_x0_lfm=0.0006 synth_total=0.8541 extra_render_attn_share=0.5566
[images] real: anchor | cond1 | cond2 | inv_warp_mirror | mask | mask_inv | warp_img | warp_warp_img | x | y_hat | y_hat_novel -> /home/xzy/warpgan-diffusiong-inpainting/warpgan-diffusion-inpainting-main/experiments/train_inpainting_diffusion/[20260915-085455]_v19_w6b_300k/logs/images/train/real_step0038000.png
[images] synth: cond | mask | target | warp_img | x | y_hat_novel -> /home/xzy/warpgan-diffusiong-inpainting/warpgan-diffusion-inpainting-main/experiments/train_inpainting_diffusion/[20260915-085455]_v19_w6b_300k/logs/images/train/synth_step0038000.png
[step 38050] real_p1_mirror_hole_cov=0.0345 real_p1_eps=0.0076 real_p1_hole_frac=0.4632 real_p2_eps=0.0414 real_p2_hit=0.0000 real_total=0.0490 synth_eps=0.0212 synth_eps_raw=0.0212 synth_x0_hit=0.0000 synth_total=0.0212 extra_render_attn_share=0.5566
[step 38100] real_p1_mirror_hole_cov=0.0272 real_p1_eps=0.0259 real_p1_hole_frac=0.1550 real_p2_eps=0.1537 real_p2_hit=1.0000 real_p2_t=227.0000 real_p2_ldif=0.0624 real_p2_gen_adv=-0.6796 real_p2_lfm=0.0044 real_total=0.1830 discr_adv=1.0161 p2_d_real=0.6473 p2_d_fake=0.6796 g_grad_abs=1464.8395 d_grad_abs=170.2259 synth_eps=0.2526 synth_eps_raw=0.2526 synth_x0_hit=1.0000 synth_x0_t=211.0000 synth_x0_ldif=0.0903 synth_x0_gen_adv=-0.2513 synth_x0_lfm=0.0072 synth_total=0.3321 extra_render_attn_share=0.5566
[step 38150] real_p1_mirror_hole_cov=0.0251 real_p1_eps=0.0269 real_p1_hole_frac=0.1021 real_p2_eps=0.1813 real_p2_hit=1.0000 real_p2_t=188.0000 real_p2_ldif=0.0535 real_p2_gen_adv=-0.1308 real_p2_lfm=0.0037 real_total=0.2561 discr_adv=1.0050 p2_d_real=0.1208 p2_d_fake=0.1308 g_grad_abs=1430.5687 d_grad_abs=470.2301 synth_eps=0.1673 synth_eps_raw=0.1673 synth_x0_hit=0.0000 synth_total=0.1673 extra_render_attn_share=0.5566
[step 38200] real_p1_mirror_hole_cov=0.2749 real_p1_eps=0.0386 real_p1_hole_frac=0.1075 real_p2_eps=0.1063 real_p2_hit=1.0000 real_p2_t=271.0000 real_p2_ldif=0.0600 real_p2_gen_adv=-0.4520 real_p2_lfm=0.0046 real_total=0.1690 discr_adv=1.0444 p2_d_real=0.3634 p2_d_fake=0.4520 g_grad_abs=1204.2982 d_grad_abs=242.3516 synth_eps=0.5308 synth_eps_raw=0.5308 synth_x0_hit=1.0000 synth_x0_t=34.0000 synth_x0_ldif=0.0177 synth_x0_gen_adv=0.1240 synth_x0_lfm=0.0016 synth_total=0.5641 extra_render_attn_share=0.5566
[step 38250] real_p1_mirror_hole_cov=0.0261 real_p1_eps=0.0427 real_p1_hole_frac=0.4507 real_p2_eps=0.1319 real_p2_hit=0.0000 real_total=0.1746 synth_eps=0.0842 synth_eps_raw=0.0842 synth_x0_hit=0.0000 synth_total=0.0842 extra_render_attn_share=0.5566
[step 38300] real_p1_mirror_hole_cov=0.0077 real_p1_eps=0.0299 real_p1_hole_frac=0.2990 real_p2_eps=0.0016 real_p2_hit=0.0000 real_total=0.0314 synth_eps=0.0037 synth_eps_raw=0.0037 synth_x0_hit=0.0000 synth_total=0.0037 extra_render_attn_share=0.5566
[step 38350] real_p1_mirror_hole_cov=0.1710 real_p1_eps=0.1880 real_p1_hole_frac=0.3691 real_p2_eps=0.0098 real_p2_hit=0.0000 real_total=0.1978 synth_eps=0.0182 synth_eps_raw=0.0182 synth_x0_hit=0.0000 synth_total=0.0182 extra_render_attn_share=0.5566
[step 38400] real_p1_mirror_hole_cov=0.1858 real_p1_eps=0.0703 real_p1_hole_frac=0.2643 real_p2_eps=0.2426 real_p2_hit=1.0000 real_p2_t=170.0000 real_p2_ldif=0.0610 real_p2_gen_adv=-0.6307 real_p2_lfm=0.0063 real_total=0.3234 discr_adv=0.9559 p2_d_real=0.7189 p2_d_fake=0.6307 g_grad_abs=1430.2953 d_grad_abs=525.4555 synth_eps=0.0114 synth_eps_raw=0.0114 synth_x0_hit=0.0000 synth_total=0.0114 extra_render_attn_share=0.5566
[step 38450] real_p1_mirror_hole_cov=0.2573 real_p1_eps=0.0606 real_p1_hole_frac=0.1565 real_p2_eps=0.4218 real_p2_hit=1.0000 real_p2_t=22.0000 real_p2_ldif=0.0089 real_p2_gen_adv=0.7397 real_p2_lfm=0.0014 real_total=0.5681 discr_adv=1.9120 x0_d_real=-0.2467 x0_d_fake=-0.4198 p2_d_real=-0.7369 p2_d_fake=-0.7397 g_grad_abs=1436.0004 d_grad_abs=356.7435 synth_eps=0.2265 synth_eps_raw=0.2265 synth_x0_hit=1.0000 synth_x0_t=253.0000 synth_x0_ldif=0.1121 synth_x0_gen_adv=0.4902 synth_x0_lfm=0.0075 synth_total=0.4026 extra_render_attn_share=0.5566
[step 38500] real_p1_mirror_hole_cov=0.1487 real_p1_eps=0.0124 real_p1_hole_frac=0.1686 real_p2_eps=0.5327 real_p2_hit=1.0000 real_p2_t=25.0000 real_p2_ldif=0.0128 real_p2_gen_adv=-0.1138 real_p2_lfm=0.0016 real_total=0.5496 discr_adv=0.9587 p2_d_real=0.1965 p2_d_fake=0.1138 g_grad_abs=1288.2392 d_grad_abs=217.6590 synth_eps=0.0849 synth_eps_raw=0.0849 synth_x0_hit=0.0000 synth_total=0.0849 extra_render_attn_share=0.5566
[images] real: anchor | cond1 | cond2 | inv_warp_mirror | mask | mask_inv | warp_img | warp_warp_img | x | y_hat | y_hat_novel -> /home/xzy/warpgan-diffusiong-inpainting/warpgan-diffusion-inpainting-main/experiments/train_inpainting_diffusion/[20260915-085455]_v19_w6b_300k/logs/images/train/real_step0038500.png
[images] synth: cond | mask | target | warp_img | x | y_hat_novel -> /home/xzy/warpgan-diffusiong-inpainting/warpgan-diffusion-inpainting-main/experiments/train_inpainting_diffusion/[20260915-085455]_v19_w6b_300k/logs/images/train/synth_step0038500.png
[step 38550] real_p1_mirror_hole_cov=0.0747 real_p1_eps=0.0838 real_p1_hole_frac=0.4502 real_p2_eps=0.0709 real_p2_hit=0.0000 real_total=0.1546 synth_eps=0.0229 synth_eps_raw=0.0229 synth_x0_hit=0.0000 synth_total=0.0229 extra_render_attn_share=0.5566
[step 38600] real_p1_mirror_hole_cov=0.4739 real_p1_eps=0.1689 real_p1_hole_frac=0.6371 real_p2_eps=0.0037 real_p2_hit=0.0000 real_total=0.1725 discr_adv=1.0044 x0_d_real=-0.7675 x0_d_fake=-0.7588 g_grad_abs=994.5822 d_grad_abs=22.7334 synth_eps=0.0457 synth_eps_raw=0.0457 synth_x0_hit=0.0000 synth_total=0.0457 extra_render_attn_share=0.5566
[step 38650] real_p1_mirror_hole_cov=0.0369 real_p1_eps=0.0179 real_p1_hole_frac=0.3551 real_p2_eps=0.0253 real_p2_hit=0.0000 real_total=0.0431 synth_eps=0.0184 synth_eps_raw=0.0184 synth_x0_hit=0.0000 synth_total=0.0184 extra_render_attn_share=0.5566
[step 38700] real_p1_mirror_hole_cov=0.2028 real_p1_eps=0.5844 real_p1_hole_frac=0.4088 real_p2_eps=0.2025 real_p2_hit=1.0000 real_p2_t=242.0000 real_p2_ldif=0.0923 real_p2_gen_adv=-0.5647 real_p2_lfm=0.0076 real_total=0.8381 discr_adv=0.9121 p2_d_real=0.7406 p2_d_fake=0.5647 g_grad_abs=1894.0418 d_grad_abs=637.6148 synth_eps=0.2003 synth_eps_raw=0.2003 synth_x0_hit=1.0000 synth_x0_t=250.0000 synth_x0_ldif=0.0969 synth_x0_gen_adv=-0.8595 synth_x0_lfm=0.0069 synth_total=0.2251 extra_render_attn_share=0.5566
[step 38750] real_p1_mirror_hole_cov=0.3311 real_p1_eps=0.0083 real_p1_hole_frac=0.2640 real_p2_eps=0.0055 real_p2_hit=0.0000 real_total=0.0138 discr_adv=1.1025 x0_d_real=-0.4280 x0_d_fake=-0.2229 g_grad_abs=196.7998 d_grad_abs=388.7218 synth_eps=0.0301 synth_eps_raw=0.0301 synth_x0_hit=0.0000 synth_total=0.0301 extra_render_attn_share=0.5566
[step 38800] real_p1_mirror_hole_cov=0.2646 real_p1_eps=0.1327 real_p1_hole_frac=0.1632 real_p2_eps=0.0375 real_p2_hit=0.0000 real_total=0.1702 discr_adv=0.8948 x0_d_real=-0.4980 x0_d_fake=-0.7084 g_grad_abs=778.2937 d_grad_abs=369.4905 synth_eps=0.0952 synth_eps_raw=0.0952 synth_x0_hit=0.0000 synth_total=0.0952 extra_render_attn_share=0.5566
[step 38850] real_p1_mirror_hole_cov=0.0084 real_p1_eps=0.0013 real_p1_hole_frac=0.0489 real_p2_eps=0.1078 real_p2_hit=1.0000 real_p2_t=169.0000 real_p2_ldif=0.0269 real_p2_gen_adv=-1.0531 real_p2_lfm=0.0027 real_total=0.0361 discr_adv=2.0280 x0_d_real=0.8831 x0_d_fake=0.8359 p2_d_real=0.9834 p2_d_fake=1.0531 g_grad_abs=904.6828 d_grad_abs=623.5756 synth_eps=0.4186 synth_eps_raw=0.4186 synth_x0_hit=1.0000 synth_x0_t=87.0000 synth_x0_ldif=0.0414 synth_x0_gen_adv=-0.8393 synth_x0_lfm=0.0040 synth_total=0.3840 extra_render_attn_share=0.5566
[step 38900] real_p1_mirror_hole_cov=0.1851 real_p1_eps=0.1234 real_p1_hole_frac=0.1225 real_p2_eps=0.0571 real_p2_hit=0.0000 real_total=0.1805 synth_eps=0.0019 synth_eps_raw=0.0019 synth_x0_hit=0.0000 synth_total=0.0019 extra_render_attn_share=0.5566
[step 38950] real_p1_mirror_hole_cov=0.1106 real_p1_eps=0.0193 real_p1_hole_frac=0.2288 real_p2_eps=0.0057 real_p2_hit=0.0000 real_total=0.0250 synth_eps=0.0135 synth_eps_raw=0.0135 synth_x0_hit=0.0000 synth_total=0.0135 extra_render_attn_share=0.5566
[step 39000] real_p1_mirror_hole_cov=0.0198 real_p1_eps=0.0013 real_p1_hole_frac=0.4714 real_p2_eps=0.4578 real_p2_hit=1.0000 real_p2_t=57.0000 real_p2_ldif=0.0271 real_p2_gen_adv=0.4450 real_p2_lfm=0.0015 real_total=0.5336 discr_adv=0.9865 p2_d_real=-0.4179 p2_d_fake=-0.4450 g_grad_abs=1190.0412 d_grad_abs=135.3335 synth_eps=0.2318 synth_eps_raw=0.2318 synth_x0_hit=1.0000 synth_x0_t=238.0000 synth_x0_ldif=0.1025 synth_x0_gen_adv=-0.2096 synth_x0_lfm=0.0077 synth_total=0.3287 extra_render_attn_share=0.5566
[images] real: anchor | cond1 | cond2 | inv_warp_mirror | mask | mask_inv | warp_img | warp_warp_img | x | y_hat | y_hat_novel -> /home/xzy/warpgan-diffusiong-inpainting/warpgan-diffusion-inpainting-main/experiments/train_inpainting_diffusion/[20260915-085455]_v19_w6b_300k/logs/images/train/real_step0039000.png
[images] synth: cond | mask | target | warp_img | x | y_hat_novel -> /home/xzy/warpgan-diffusiong-inpainting/warpgan-diffusion-inpainting-main/experiments/train_inpainting_diffusion/[20260915-085455]_v19_w6b_300k/logs/images/train/synth_step0039000.png
[step 39050] real_p1_mirror_hole_cov=0.0240 real_p1_eps=0.0448 real_p1_hole_frac=0.0226 real_p2_eps=0.0365 real_p2_hit=0.0000 real_total=0.0813 discr_adv=0.9737 x0_d_real=-0.5493 x0_d_fake=-0.6020 g_grad_abs=515.0691 d_grad_abs=274.9972 synth_eps=0.3301 synth_eps_raw=0.3301 synth_x0_hit=1.0000 synth_x0_t=174.0000 synth_x0_ldif=0.0862 synth_x0_gen_adv=-0.3652 synth_x0_lfm=0.0051 synth_total=0.3901 extra_render_attn_share=0.5566
[step 39100] real_p1_mirror_hole_cov=0.0709 real_p1_eps=0.0149 real_p1_hole_frac=0.3274 real_p2_eps=0.0176 real_p2_hit=0.0000 real_total=0.0325 synth_eps=0.0068 synth_eps_raw=0.0068 synth_x0_hit=0.0000 synth_total=0.0068 extra_render_attn_share=0.5566
[step 39150] real_p1_mirror_hole_cov=0.0895 real_p1_eps=0.0018 real_p1_hole_frac=0.0836 real_p2_eps=0.0761 real_p2_hit=1.0000 real_p2_t=296.0000 real_p2_ldif=0.0513 real_p2_gen_adv=-0.8453 real_p2_lfm=0.0055 real_total=0.0556 discr_adv=2.0730 x0_d_real=0.6574 x0_d_fake=0.6511 p2_d_real=0.6930 p2_d_fake=0.8453 g_grad_abs=1111.1616 d_grad_abs=708.1574 synth_eps=0.5739 synth_eps_raw=0.5739 synth_x0_hit=1.0000 synth_x0_t=49.0000 synth_x0_ldif=0.0285 synth_x0_gen_adv=-0.8409 synth_x0_lfm=0.0029 synth_total=0.5241 extra_render_attn_share=0.5566
[step 39200] real_p1_mirror_hole_cov=0.0106 real_p1_eps=0.0074 real_p1_hole_frac=0.2168 real_p2_eps=0.4605 real_p2_hit=1.0000 real_p2_t=27.0000 real_p2_ldif=0.0120 real_p2_gen_adv=-0.7869 real_p2_lfm=0.0014 real_total=0.4040 discr_adv=1.0013 p2_d_real=0.7844 p2_d_fake=0.7869 g_grad_abs=1412.0592 d_grad_abs=86.8901 synth_eps=0.0328 synth_eps_raw=0.0328 synth_x0_hit=0.0000 synth_total=0.0328 extra_render_attn_share=0.5566
[step 39250] real_p1_mirror_hole_cov=0.0269 real_p1_eps=0.0164 real_p1_hole_frac=0.0807 real_p2_eps=0.0141 real_p2_hit=0.0000 real_total=0.0305 synth_eps=0.0201 synth_eps_raw=0.0201 synth_x0_hit=0.0000 synth_total=0.0201 extra_render_attn_share=0.5566
[step 39300] real_p1_mirror_hole_cov=0.1311 real_p1_eps=0.1657 real_p1_hole_frac=0.4742 real_p2_eps=0.0346 real_p2_hit=0.0000 real_total=0.2003 synth_eps=0.3355 synth_eps_raw=0.3355 synth_x0_hit=1.0000 synth_x0_t=122.0000 synth_x0_ldif=0.0519 synth_x0_gen_adv=0.5657 synth_x0_lfm=0.0036 synth_total=0.4512 extra_render_attn_share=0.5566
[step 39350] real_p1_mirror_hole_cov=0.0386 real_p1_eps=0.0375 real_p1_hole_frac=0.0605 real_p2_eps=0.0082 real_p2_hit=0.0000 real_total=0.0457 synth_eps=0.3013 synth_eps_raw=0.3013 synth_x0_hit=1.0000 synth_x0_t=158.0000 synth_x0_ldif=0.0677 synth_x0_gen_adv=0.4384 synth_x0_lfm=0.0068 synth_total=0.4265 extra_render_attn_share=0.5566
[step 39400] real_p1_mirror_hole_cov=0.0588 real_p1_eps=0.0655 real_p1_hole_frac=0.3397 real_p2_eps=0.1523 real_p2_hit=0.0000 real_total=0.2178 synth_eps=0.0265 synth_eps_raw=0.0265 synth_x0_hit=0.0000 synth_total=0.0265 extra_render_attn_share=0.5566
[step 39450] real_p1_mirror_hole_cov=0.1733 real_p1_eps=0.0305 real_p1_hole_frac=0.2978 real_p2_eps=0.0091 real_p2_hit=0.0000 real_total=0.0397 synth_eps=0.0978 synth_eps_raw=0.0978 synth_x0_hit=0.0000 synth_total=0.0978 extra_render_attn_share=0.5566
[step 39500] real_p1_mirror_hole_cov=0.1446 real_p1_eps=0.5564 real_p1_hole_frac=0.2808 real_p2_eps=0.2510 real_p2_hit=1.0000 real_p2_t=145.0000 real_p2_ldif=0.0497 real_p2_gen_adv=-0.3885 real_p2_lfm=0.0050 real_total=0.8282 discr_adv=0.9140 p2_d_real=0.5604 p2_d_fake=0.3885 g_grad_abs=1981.4656 d_grad_abs=1103.5307 synth_eps=0.0551 synth_eps_raw=0.0551 synth_x0_hit=0.0000 synth_total=0.0551 extra_render_attn_share=0.5566
[images] real: anchor | cond1 | cond2 | inv_warp_mirror | mask | mask_inv | warp_img | warp_warp_img | x | y_hat | y_hat_novel -> /home/xzy/warpgan-diffusiong-inpainting/warpgan-diffusion-inpainting-main/experiments/train_inpainting_diffusion/[20260915-085455]_v19_w6b_300k/logs/images/train/real_step0039500.png
[images] synth: cond | mask | target | warp_img | x | y_hat_novel -> /home/xzy/warpgan-diffusiong-inpainting/warpgan-diffusion-inpainting-main/experiments/train_inpainting_diffusion/[20260915-085455]_v19_w6b_300k/logs/images/train/synth_step0039500.png
[step 39550] real_p1_mirror_hole_cov=0.0330 real_p1_eps=0.0089 real_p1_hole_frac=0.5409 real_p2_eps=0.0084 real_p2_hit=0.0000 real_total=0.0173 synth_eps=0.3223 synth_eps_raw=0.3223 synth_x0_hit=1.0000 synth_x0_t=139.0000 synth_x0_ldif=0.0600 synth_x0_gen_adv=0.5217 synth_x0_lfm=0.0054 synth_total=0.4451 extra_render_attn_share=0.5566
[step 39600] real_p1_mirror_hole_cov=0.3117 real_p1_eps=0.0014 real_p1_hole_frac=0.3602 real_p2_eps=0.0610 real_p2_hit=0.0000 real_total=0.0624 synth_eps=0.0033 synth_eps_raw=0.0033 synth_x0_hit=0.0000 synth_total=0.0033 extra_render_attn_share=0.5566
[step 39650] real_p1_mirror_hole_cov=0.0253 real_p1_eps=0.1954 real_p1_hole_frac=0.3685 real_p2_eps=0.0750 real_p2_hit=0.0000 real_total=0.2704 synth_eps=0.0036 synth_eps_raw=0.0036 synth_x0_hit=0.0000 synth_total=0.0036 extra_render_attn_share=0.5566
[step 39700] real_p1_mirror_hole_cov=0.1013 real_p1_eps=0.3382 real_p1_hole_frac=0.3101 real_p2_eps=0.0050 real_p2_hit=0.0000 real_total=0.3432 synth_eps=0.0067 synth_eps_raw=0.0067 synth_x0_hit=0.0000 synth_total=0.0067 extra_render_attn_share=0.5566
[step 39750] real_p1_mirror_hole_cov=0.1526 real_p1_eps=0.0293 real_p1_hole_frac=0.3716 real_p2_eps=0.0150 real_p2_hit=0.0000 real_total=0.0443 synth_eps=0.0112 synth_eps_raw=0.0112 synth_x0_hit=0.0000 synth_total=0.0112 extra_render_attn_share=0.5566
[step 39800] real_p1_mirror_hole_cov=0.0560 real_p1_eps=0.0441 real_p1_hole_frac=0.1066 real_p2_eps=0.1084 real_p2_hit=1.0000 real_p2_t=300.0000 real_p2_ldif=0.0752 real_p2_gen_adv=-0.0174 real_p2_lfm=0.0050 real_total=0.2359 discr_adv=1.0681 p2_d_real=-0.1188 p2_d_fake=0.0174 g_grad_abs=1812.7978 d_grad_abs=317.6042 synth_eps=0.1047 synth_eps_raw=0.1047 synth_x0_hit=0.0000 synth_total=0.1047 extra_render_attn_share=0.5566
[step 39850] real_p1_mirror_hole_cov=0.0116 real_p1_eps=0.0020 real_p1_hole_frac=0.2953 real_p2_eps=0.1236 real_p2_hit=1.0000 real_p2_t=156.0000 real_p2_ldif=0.0273 real_p2_gen_adv=0.8490 real_p2_lfm=0.0019 real_total=0.2415 discr_adv=1.0730 p2_d_real=-0.9414 p2_d_fake=-0.8490 g_grad_abs=1160.8563 d_grad_abs=523.8261 synth_eps=0.0719 synth_eps_raw=0.0719 synth_x0_hit=0.0000 synth_total=0.0719 extra_render_attn_share=0.5566
[step 39900] real_p1_mirror_hole_cov=0.0847 real_p1_eps=0.2831 real_p1_hole_frac=0.3617 real_p2_eps=0.3329 real_p2_hit=1.0000 real_p2_t=113.0000 real_p2_ldif=0.0463 real_p2_gen_adv=1.0873 real_p2_lfm=0.0043 real_total=0.7797 discr_adv=1.0347 p2_d_real=-0.9880 p2_d_fake=-1.0873 g_grad_abs=1797.9992 d_grad_abs=2229.4022 synth_eps=0.0147 synth_eps_raw=0.0147 synth_x0_hit=0.0000 synth_total=0.0147 extra_render_attn_share=0.5566
[step 39950] real_p1_mirror_hole_cov=0.0098 real_p1_eps=0.0499 real_p1_hole_frac=0.3434 real_p2_eps=0.2207 real_p2_hit=1.0000 real_p2_t=126.0000 real_p2_ldif=0.0357 real_p2_gen_adv=0.3246 real_p2_lfm=0.0038 real_total=0.3464 discr_adv=0.9768 p2_d_real=-0.2782 p2_d_fake=-0.3246 g_grad_abs=1891.1789 d_grad_abs=265.6784 synth_eps=0.2508 synth_eps_raw=0.2508 synth_x0_hit=1.0000 synth_x0_t=197.0000 synth_x0_ldif=0.0799 synth_x0_gen_adv=-0.1960 synth_x0_lfm=0.0063 synth_total=0.3238 extra_render_attn_share=0.5566
[ckpt] saved /home/xzy/warpgan-diffusiong-inpainting/warpgan-diffusion-inpainting-main/experiments/train_inpainting_diffusion/[20260915-085455]_v19_w6b_300k/checkpoints/iteration_0039999.pt
[val step 39999] val_novel_full=0.0767 val_novel_hole=0.0883 val_novel_visible=0.0696
[step 40000] real_p1_mirror_hole_cov=0.0192 real_p1_eps=0.0053 real_p1_hole_frac=0.4261 real_p2_eps=0.0938 real_p2_hit=0.0000 real_total=0.0991 synth_eps=0.0588 synth_eps_raw=0.0588 synth_x0_hit=0.0000 synth_total=0.0588 extra_render_attn_share=0.5531
[images] real: anchor | cond1 | cond2 | inv_warp_mirror | mask | mask_inv | warp_img | warp_warp_img | x | y_hat | y_hat_novel -> /home/xzy/warpgan-diffusiong-inpainting/warpgan-diffusion-inpainting-main/experiments/train_inpainting_diffusion/[20260915-085455]_v19_w6b_300k/logs/images/train/real_step0040000.png
[images] synth: cond | mask | target | warp_img | x | y_hat_novel -> /home/xzy/warpgan-diffusiong-inpainting/warpgan-diffusion-inpainting-main/experiments/train_inpainting_diffusion/[20260915-085455]_v19_w6b_300k/logs/images/train/synth_step0040000.png
[step 40050] real_p1_mirror_hole_cov=0.0249 real_p1_eps=0.0204 real_p1_hole_frac=0.0278 real_p2_eps=0.0667 real_p2_hit=1.0000 real_p2_t=189.0000 real_p2_ldif=0.0198 real_p2_gen_adv=-0.4944 real_p2_lfm=0.0025 real_total=0.0624 discr_adv=1.9865 x0_d_real=0.3473 x0_d_fake=0.2469 p2_d_real=0.4212 p2_d_fake=0.4944 g_grad_abs=793.1290 d_grad_abs=202.0996 synth_eps=0.2049 synth_eps_raw=0.2049 synth_x0_hit=1.0000 synth_x0_t=255.0000 synth_x0_ldif=0.1030 synth_x0_gen_adv=-0.1993 synth_x0_lfm=0.0072 synth_total=0.3024 extra_render_attn_share=0.5531
[step 40100] real_p1_mirror_hole_cov=0.2092 real_p1_eps=0.0058 real_p1_hole_frac=0.5571 real_p2_eps=0.0088 real_p2_hit=0.0000 real_total=0.0146 synth_eps=0.5738 synth_eps_raw=0.5738 synth_x0_hit=1.0000 synth_x0_t=23.0000 synth_x0_ldif=0.0126 synth_x0_gen_adv=-0.0882 synth_x0_lfm=0.0017 synth_total=0.5810 extra_render_attn_share=0.5531
[step 40150] real_p1_mirror_hole_cov=0.0027 real_p1_eps=0.0378 real_p1_hole_frac=0.1211 real_p2_eps=0.0059 real_p2_hit=0.0000 real_total=0.0437 discr_adv=0.8148 x0_d_real=0.3374 x0_d_fake=-0.0330 g_grad_abs=519.1124 d_grad_abs=1625.4012 synth_eps=0.0015 synth_eps_raw=0.0015 synth_x0_hit=0.0000 synth_total=0.0015 extra_render_attn_share=0.5531
[step 40200] real_p1_mirror_hole_cov=0.0175 real_p1_eps=0.0054 real_p1_hole_frac=0.3597 real_p2_eps=0.0035 real_p2_hit=0.0000 real_total=0.0089 synth_eps=0.0018 synth_eps_raw=0.0018 synth_x0_hit=0.0000 synth_total=0.0018 extra_render_attn_share=0.5531
[step 40250] real_p1_mirror_hole_cov=0.3185 real_p1_eps=0.0575 real_p1_hole_frac=0.2441 real_p2_eps=0.1773 real_p2_hit=1.0000 real_p2_t=209.0000 real_p2_ldif=0.0624 real_p2_gen_adv=0.2455 real_p2_lfm=0.0037 real_total=0.3292 discr_adv=1.0089 p2_d_real=-0.2633 p2_d_fake=-0.2455 g_grad_abs=1348.1326 d_grad_abs=109.6686 synth_eps=0.0146 synth_eps_raw=0.0146 synth_x0_hit=0.0000 synth_total=0.0146 extra_render_attn_share=0.5531
[step 40300] real_p1_mirror_hole_cov=0.0148 real_p1_eps=0.4479 real_p1_hole_frac=0.2612 real_p2_eps=0.2179 real_p2_hit=1.0000 real_p2_t=196.0000 real_p2_ldif=0.0689 real_p2_gen_adv=-0.5247 real_p2_lfm=0.0040 real_total=0.6902 discr_adv=1.0778 p2_d_real=0.3692 p2_d_fake=0.5247 g_grad_abs=2214.6272 d_grad_abs=972.8513 synth_eps=0.1990 synth_eps_raw=0.1990 synth_x0_hit=1.0000 synth_x0_t=239.0000 synth_x0_ldif=0.0887 synth_x0_gen_adv=0.5566 synth_x0_lfm=0.0040 synth_total=0.3514 extra_render_attn_share=0.5531
[step 40350] real_p1_mirror_hole_cov=0.2139 real_p1_eps=0.1393 real_p1_hole_frac=0.4922 real_p2_eps=0.0377 real_p2_hit=0.0000 real_total=0.1770 synth_eps=0.0256 synth_eps_raw=0.0256 synth_x0_hit=0.0000 synth_total=0.0256 extra_render_attn_share=0.5531
[step 40400] real_p1_mirror_hole_cov=0.0116 real_p1_eps=0.0373 real_p1_hole_frac=0.2520 real_p2_eps=0.0987 real_p2_hit=1.0000 real_p2_t=254.0000 real_p2_ldif=0.0492 real_p2_gen_adv=-0.2881 real_p2_lfm=0.0031 real_total=0.1626 discr_adv=1.1018 p2_d_real=0.0846 p2_d_fake=0.2881 g_grad_abs=1605.6867 d_grad_abs=678.8591 synth_eps=0.0060 synth_eps_raw=0.0060 synth_x0_hit=0.0000 synth_total=0.0060 extra_render_attn_share=0.5531
[step 40450] real_p1_mirror_hole_cov=0.0200 real_p1_eps=0.4466 real_p1_hole_frac=0.1045 real_p2_eps=0.0556 real_p2_hit=0.0000 real_total=0.5022 discr_adv=0.9738 x0_d_real=-0.6796 x0_d_fake=-0.7321 g_grad_abs=1504.5172 d_grad_abs=190.2701 synth_eps=0.0076 synth_eps_raw=0.0076 synth_x0_hit=0.0000 synth_total=0.0076 extra_render_attn_share=0.5531
[step 40500] real_p1_mirror_hole_cov=0.2570 real_p1_eps=0.8059 real_p1_hole_frac=0.2249 real_p2_eps=0.0341 real_p2_hit=0.0000 real_total=0.8400 synth_eps=0.3396 synth_eps_raw=0.3396 synth_x0_hit=1.0000 synth_x0_t=98.0000 synth_x0_ldif=0.0391 synth_x0_gen_adv=-0.7956 synth_x0_lfm=0.0038 synth_total=0.3068 extra_render_attn_share=0.5531
[images] real: anchor | cond1 | cond2 | inv_warp_mirror | mask | mask_inv | warp_img | warp_warp_img | x | y_hat | y_hat_novel -> /home/xzy/warpgan-diffusiong-inpainting/warpgan-diffusion-inpainting-main/experiments/train_inpainting_diffusion/[20260915-085455]_v19_w6b_300k/logs/images/train/real_step0040500.png
[images] synth: cond | mask | target | warp_img | x | y_hat_novel -> /home/xzy/warpgan-diffusiong-inpainting/warpgan-diffusion-inpainting-main/experiments/train_inpainting_diffusion/[20260915-085455]_v19_w6b_300k/logs/images/train/synth_step0040500.png
[step 40550] real_p1_mirror_hole_cov=0.2932 real_p1_eps=0.0217 real_p1_hole_frac=0.2910 real_p2_eps=0.0595 real_p2_hit=0.0000 real_total=0.0811 discr_adv=1.0707 x0_d_real=-0.9046 x0_d_fake=-0.7650 g_grad_abs=527.7051 d_grad_abs=681.1929 synth_eps=0.0035 synth_eps_raw=0.0035 synth_x0_hit=0.0000 synth_total=0.0035 extra_render_attn_share=0.5531
[step 40600] real_p1_mirror_hole_cov=0.2754 real_p1_eps=0.0021 real_p1_hole_frac=0.5352 real_p2_eps=0.1149 real_p2_hit=0.0000 real_total=0.1170 synth_eps=0.0834 synth_eps_raw=0.0834 synth_x0_hit=0.0000 synth_total=0.0834 extra_render_attn_share=0.5531
[step 40650] real_p1_mirror_hole_cov=0.1041 real_p1_eps=0.0999 real_p1_hole_frac=0.4518 real_p2_eps=0.0929 real_p2_hit=0.0000 real_total=0.1928 synth_eps=0.0024 synth_eps_raw=0.0024 synth_x0_hit=0.0000 synth_total=0.0024 extra_render_attn_share=0.5531
[step 40700] real_p1_mirror_hole_cov=0.1380 real_p1_eps=0.0207 real_p1_hole_frac=0.3403 real_p2_eps=0.4296 real_p2_hit=1.0000 real_p2_t=87.0000 real_p2_ldif=0.0425 real_p2_gen_adv=-0.4190 real_p2_lfm=0.0043 real_total=0.4596 discr_adv=1.0917 p2_d_real=0.2523 p2_d_fake=0.4190 g_grad_abs=1211.4277 d_grad_abs=5823.5992 synth_eps=0.3172 synth_eps_raw=0.3172 synth_x0_hit=1.0000 synth_x0_t=105.0000 synth_x0_ldif=0.0400 synth_x0_gen_adv=0.5264 synth_x0_lfm=0.0047 synth_total=0.4193 extra_render_attn_share=0.5531
[step 40750] real_p1_mirror_hole_cov=0.0649 real_p1_eps=0.1201 real_p1_hole_frac=0.0698 real_p2_eps=0.0052 real_p2_hit=0.0000 real_total=0.1253 discr_adv=0.9796 x0_d_real=0.3467 x0_d_fake=0.3059 g_grad_abs=698.0474 d_grad_abs=491.9200 synth_eps=0.0063 synth_eps_raw=0.0063 synth_x0_hit=0.0000 synth_total=0.0063 extra_render_attn_share=0.5531
[step 40800] real_p1_mirror_hole_cov=0.2346 real_p1_eps=0.0058 real_p1_hole_frac=0.1423 real_p2_eps=0.0625 real_p2_hit=0.0000 real_total=0.0682 discr_adv=0.9102 x0_d_real=0.7231 x0_d_fake=0.5436 g_grad_abs=334.6879 d_grad_abs=2449.5741 synth_eps=0.0264 synth_eps_raw=0.0264 synth_x0_hit=0.0000 synth_total=0.0264 extra_render_attn_share=0.5531
[step 40850] real_p1_mirror_hole_cov=0.3638 real_p1_eps=0.0054 real_p1_hole_frac=0.1601 real_p2_eps=0.0075 real_p2_hit=0.0000 real_total=0.0130 discr_adv=0.9680 x0_d_real=0.5171 x0_d_fake=0.4491 g_grad_abs=134.1023 d_grad_abs=428.5033 synth_eps=0.0069 synth_eps_raw=0.0069 synth_x0_hit=0.0000 synth_total=0.0069 extra_render_attn_share=0.5531
[step 40900] real_p1_mirror_hole_cov=0.0228 real_p1_eps=0.0058 real_p1_hole_frac=0.4531 real_p2_eps=0.6180 real_p2_hit=1.0000 real_p2_t=28.0000 real_p2_ldif=0.0167 real_p2_gen_adv=-0.5191 real_p2_lfm=0.0016 real_total=0.5916 discr_adv=1.8773 x0_d_real=0.0490 x0_d_fake=-0.1514 p2_d_real=0.5647 p2_d_fake=0.5191 g_grad_abs=1163.2993 d_grad_abs=1758.2476 synth_eps=0.0183 synth_eps_raw=0.0183 synth_x0_hit=0.0000 synth_total=0.0183 extra_render_attn_share=0.5531
[step 40950] real_p1_mirror_hole_cov=0.1353 real_p1_eps=0.0029 real_p1_hole_frac=0.4200 real_p2_eps=0.0356 real_p2_hit=0.0000 real_total=0.0385 synth_eps=0.1210 synth_eps_raw=0.1210 synth_x0_hit=1.0000 synth_x0_t=292.0000 synth_x0_ldif=0.0793 synth_x0_gen_adv=0.6665 synth_x0_lfm=0.0054 synth_total=0.2778 extra_render_attn_share=0.5531
[step 41000] real_p1_mirror_hole_cov=0.3423 real_p1_eps=0.2504 real_p1_hole_frac=0.2663 real_p2_eps=0.1665 real_p2_hit=1.0000 real_p2_t=257.0000 real_p2_ldif=0.0849 real_p2_gen_adv=-0.4668 real_p2_lfm=0.0054 real_total=0.4658 discr_adv=0.9012 p2_d_real=0.6644 p2_d_fake=0.4668 g_grad_abs=1584.7924 d_grad_abs=718.8060 synth_eps=0.3300 synth_eps_raw=0.3300 synth_x0_hit=1.0000 synth_x0_t=152.0000 synth_x0_ldif=0.0700 synth_x0_gen_adv=-0.0721 synth_x0_lfm=0.0048 synth_total=0.4023 extra_render_attn_share=0.5531
[images] real: anchor | cond1 | cond2 | inv_warp_mirror | mask | mask_inv | warp_img | warp_warp_img | x | y_hat | y_hat_novel -> /home/xzy/warpgan-diffusiong-inpainting/warpgan-diffusion-inpainting-main/experiments/train_inpainting_diffusion/[20260915-085455]_v19_w6b_300k/logs/images/train/real_step0041000.png
[images] synth: cond | mask | target | warp_img | x | y_hat_novel -> /home/xzy/warpgan-diffusiong-inpainting/warpgan-diffusion-inpainting-main/experiments/train_inpainting_diffusion/[20260915-085455]_v19_w6b_300k/logs/images/train/synth_step0041000.png
[step 41050] real_p1_mirror_hole_cov=0.0016 real_p1_eps=0.0585 real_p1_hole_frac=0.1101 real_p2_eps=0.0016 real_p2_hit=0.0000 real_total=0.0601 discr_adv=0.9370 x0_d_real=0.4634 x0_d_fake=0.3374 g_grad_abs=549.3113 d_grad_abs=1275.8969 synth_eps=0.0665 synth_eps_raw=0.0665 synth_x0_hit=0.0000 synth_total=0.0665 extra_render_attn_share=0.5531
[step 41100] real_p1_mirror_hole_cov=0.0952 real_p1_eps=0.2121 real_p1_hole_frac=0.2717 real_p2_eps=0.0229 real_p2_hit=0.0000 real_total=0.2350 synth_eps=0.0215 synth_eps_raw=0.0215 synth_x0_hit=0.0000 synth_total=0.0215 extra_render_attn_share=0.5531
[step 41150] real_p1_mirror_hole_cov=0.1671 real_p1_eps=0.0618 real_p1_hole_frac=0.1742 real_p2_eps=0.0499 real_p2_hit=0.0000 real_total=0.1117 synth_eps=0.0027 synth_eps_raw=0.0027 synth_x0_hit=0.0000 synth_total=0.0027 extra_render_attn_share=0.5531
[step 41200] real_p1_mirror_hole_cov=0.2519 real_p1_eps=0.0018 real_p1_hole_frac=0.6113 real_p2_eps=0.0021 real_p2_hit=0.0000 real_total=0.0040 synth_eps=0.2904 synth_eps_raw=0.2904 synth_x0_hit=1.0000 synth_x0_t=159.0000 synth_x0_ldif=0.0659 synth_x0_gen_adv=-0.4402 synth_x0_lfm=0.0059 synth_total=0.3241 extra_render_attn_share=0.5531
[step 41250] real_p1_mirror_hole_cov=0.0211 real_p1_eps=0.0104 real_p1_hole_frac=0.0842 real_p2_eps=0.0334 real_p2_hit=0.0000 real_total=0.0438 discr_adv=0.7430 x0_d_real=0.7358 x0_d_fake=0.2083 g_grad_abs=343.8278 d_grad_abs=4050.8909 synth_eps=0.5331 synth_eps_raw=0.5331 synth_x0_hit=1.0000 synth_x0_t=49.0000 synth_x0_ldif=0.0265 synth_x0_gen_adv=-0.6127 synth_x0_lfm=0.0021 synth_total=0.5026 extra_render_attn_share=0.5531
[step 41300] real_p1_mirror_hole_cov=0.0023 real_p1_eps=0.1118 real_p1_hole_frac=0.2980 real_p2_eps=0.4340 real_p2_hit=1.0000 real_p2_t=48.0000 real_p2_ldif=0.0211 real_p2_gen_adv=0.5659 real_p2_lfm=0.0024 real_total=0.6282 discr_adv=1.9491 x0_d_real=-0.7015 x0_d_fake=-0.7490 p2_d_real=-0.5039 p2_d_fake=-0.5659 g_grad_abs=1279.2944 d_grad_abs=474.4896 synth_eps=0.0756 synth_eps_raw=0.0756 synth_x0_hit=0.0000 synth_total=0.0756 extra_render_attn_share=0.5531
[step 41350] real_p1_mirror_hole_cov=0.1051 real_p1_eps=0.3686 real_p1_hole_frac=0.3566 real_p2_eps=0.1260 real_p2_hit=0.0000 real_total=0.4947 discr_adv=0.9553 x0_d_real=-0.4966 x0_d_fake=-0.5867 g_grad_abs=1399.3564 d_grad_abs=214.5354 synth_eps=0.0081 synth_eps_raw=0.0081 synth_x0_hit=0.0000 synth_total=0.0081 extra_render_attn_share=0.5531
[step 41400] real_p1_mirror_hole_cov=0.0934 real_p1_eps=0.0924 real_p1_hole_frac=0.3755 real_p2_eps=0.0072 real_p2_hit=0.0000 real_total=0.0996 synth_eps=0.0057 synth_eps_raw=0.0057 synth_x0_hit=0.0000 synth_total=0.0057 extra_render_attn_share=0.5531
[step 41450] real_p1_mirror_hole_cov=0.1617 real_p1_eps=0.0032 real_p1_hole_frac=0.2628 real_p2_eps=0.0718 real_p2_hit=0.0000 real_total=0.0750 synth_eps=0.2517 synth_eps_raw=0.2517 synth_x0_hit=1.0000 synth_x0_t=231.0000 synth_x0_ldif=0.1055 synth_x0_gen_adv=-0.4241 synth_x0_lfm=0.0052 synth_total=0.3252 extra_render_attn_share=0.5531
[step 41500] real_p1_mirror_hole_cov=0.2414 real_p1_eps=0.0757 real_p1_hole_frac=0.4717 real_p2_eps=0.1318 real_p2_hit=0.0000 real_total=0.2075 synth_eps=0.1614 synth_eps_raw=0.1614 synth_x0_hit=0.0000 synth_total=0.1614 extra_render_attn_share=0.5531
[images] real: anchor | cond1 | cond2 | inv_warp_mirror | mask | mask_inv | warp_img | warp_warp_img | x | y_hat | y_hat_novel -> /home/xzy/warpgan-diffusiong-inpainting/warpgan-diffusion-inpainting-main/experiments/train_inpainting_diffusion/[20260915-085455]_v19_w6b_300k/logs/images/train/real_step0041500.png
[images] synth: cond | mask | target | warp_img | x | y_hat_novel -> /home/xzy/warpgan-diffusiong-inpainting/warpgan-diffusion-inpainting-main/experiments/train_inpainting_diffusion/[20260915-085455]_v19_w6b_300k/logs/images/train/synth_step0041500.png
[step 41550] real_p1_mirror_hole_cov=0.0163 real_p1_eps=0.0522 real_p1_hole_frac=0.2156 real_p2_eps=0.0711 real_p2_hit=0.0000 real_total=0.1233 discr_adv=0.9658 x0_d_real=-0.3447 x0_d_fake=-0.4140 g_grad_abs=759.7767 d_grad_abs=229.2715 synth_eps=0.1334 synth_eps_raw=0.1334 synth_x0_hit=0.0000 synth_total=0.1334 extra_render_attn_share=0.5531
[step 41600] real_p1_mirror_hole_cov=0.0655 real_p1_eps=0.0019 real_p1_hole_frac=0.5285 real_p2_eps=0.1148 real_p2_hit=0.0000 real_total=0.1167 discr_adv=0.9070 x0_d_real=-0.2987 x0_d_fake=-0.4888 g_grad_abs=630.6801 d_grad_abs=1418.3626 synth_eps=0.0158 synth_eps_raw=0.0158 synth_x0_hit=0.0000 synth_total=0.0158 extra_render_attn_share=0.5531
[step 41650] real_p1_mirror_hole_cov=0.0314 real_p1_eps=0.1255 real_p1_hole_frac=0.5694 real_p2_eps=0.0032 real_p2_hit=0.0000 real_total=0.1288 synth_eps=0.0027 synth_eps_raw=0.0027 synth_x0_hit=0.0000 synth_total=0.0027 extra_render_attn_share=0.5531
[step 41700] real_p1_mirror_hole_cov=0.0296 real_p1_eps=0.3060 real_p1_hole_frac=0.4692 real_p2_eps=0.0020 real_p2_hit=0.0000 real_total=0.3081 discr_adv=0.9894 x0_d_real=0.8006 x0_d_fake=0.7794 g_grad_abs=988.3210 d_grad_abs=94.8496 synth_eps=0.0082 synth_eps_raw=0.0082 synth_x0_hit=0.0000 synth_total=0.0082 extra_render_attn_share=0.5531
[step 41750] real_p1_mirror_hole_cov=0.1113 real_p1_eps=0.0917 real_p1_hole_frac=0.3482 real_p2_eps=0.0536 real_p2_hit=0.0000 real_total=0.1453 synth_eps=0.0244 synth_eps_raw=0.0244 synth_x0_hit=0.0000 synth_total=0.0244 extra_render_attn_share=0.5531
[step 41800] real_p1_mirror_hole_cov=0.0291 real_p1_eps=0.1594 real_p1_hole_frac=0.4736 real_p2_eps=0.2817 real_p2_hit=1.0000 real_p2_t=193.0000 real_p2_ldif=0.0868 real_p2_gen_adv=-0.2544 real_p2_lfm=0.0071 real_total=0.5167 discr_adv=2.0172 x0_d_real=0.0442 x0_d_fake=-0.0059 p2_d_real=0.1698 p2_d_fake=0.2544 g_grad_abs=1429.2936 d_grad_abs=244.1052 synth_eps=0.0433 synth_eps_raw=0.0433 synth_x0_hit=0.0000 synth_total=0.0433 extra_render_attn_share=0.5531
[step 41850] real_p1_mirror_hole_cov=0.0440 real_p1_eps=0.0687 real_p1_hole_frac=0.3096 real_p2_eps=0.0030 real_p2_hit=0.0000 real_total=0.0717 synth_eps=0.0028 synth_eps_raw=0.0028 synth_x0_hit=0.0000 synth_total=0.0028 extra_render_attn_share=0.5531
[step 41900] real_p1_mirror_hole_cov=0.2321 real_p1_eps=0.2000 real_p1_hole_frac=0.0260 real_p2_eps=0.0071 real_p2_hit=0.0000 real_total=0.2071 discr_adv=0.9715 x0_d_real=-0.2692 x0_d_fake=-0.3263 g_grad_abs=891.6110 d_grad_abs=147.3676 synth_eps=0.2479 synth_eps_raw=0.2479 synth_x0_hit=1.0000 synth_x0_t=229.0000 synth_x0_ldif=0.1023 synth_x0_gen_adv=-0.1121 synth_x0_lfm=0.0070 synth_total=0.3529 extra_render_attn_share=0.5531
[step 41950] real_p1_mirror_hole_cov=0.0545 real_p1_eps=0.0325 real_p1_hole_frac=0.1869 real_p2_eps=0.0289 real_p2_hit=0.0000 real_total=0.0614 discr_adv=0.8845 x0_d_real=0.3067 x0_d_fake=0.0756 g_grad_abs=468.9929 d_grad_abs=483.2832 synth_eps=0.0030 synth_eps_raw=0.0030 synth_x0_hit=0.0000 synth_total=0.0030 extra_render_attn_share=0.5531
[val step 41999] val_novel_full=0.0839 val_novel_hole=0.0905 val_novel_visible=0.0784
[step 42000] real_p1_mirror_hole_cov=0.1614 real_p1_eps=0.0106 real_p1_hole_frac=0.1955 real_p2_eps=0.0513 real_p2_hit=0.0000 real_total=0.0619 synth_eps=0.1134 synth_eps_raw=0.1134 synth_x0_hit=0.0000 synth_total=0.1134 extra_render_attn_share=0.5596
[images] real: anchor | cond1 | cond2 | inv_warp_mirror | mask | mask_inv | warp_img | warp_warp_img | x | y_hat | y_hat_novel -> /home/xzy/warpgan-diffusiong-inpainting/warpgan-diffusion-inpainting-main/experiments/train_inpainting_diffusion/[20260915-085455]_v19_w6b_300k/logs/images/train/real_step0042000.png
[images] synth: cond | mask | target | warp_img | x | y_hat_novel -> /home/xzy/warpgan-diffusiong-inpainting/warpgan-diffusion-inpainting-main/experiments/train_inpainting_diffusion/[20260915-085455]_v19_w6b_300k/logs/images/train/synth_step0042000.png
[step 42050] real_p1_mirror_hole_cov=0.0345 real_p1_eps=0.0009 real_p1_hole_frac=0.2642 real_p2_eps=0.3944 real_p2_hit=1.0000 real_p2_t=52.0000 real_p2_ldif=0.0210 real_p2_gen_adv=-0.6566 real_p2_lfm=0.0025 real_total=0.3558 discr_adv=0.9704 p2_d_real=0.7158 p2_d_fake=0.6566 g_grad_abs=1108.2747 d_grad_abs=293.7782 synth_eps=0.1250 synth_eps_raw=0.1250 synth_x0_hit=0.0000 synth_total=0.1250 extra_render_attn_share=0.5596
[step 42100] real_p1_mirror_hole_cov=0.0235 real_p1_eps=0.0006 real_p1_hole_frac=0.4049 real_p2_eps=0.0020 real_p2_hit=0.0000 real_total=0.0026 discr_adv=1.0970 x0_d_real=-0.1647 x0_d_fake=0.0294 g_grad_abs=43.1454 d_grad_abs=561.6801 synth_eps=0.0126 synth_eps_raw=0.0126 synth_x0_hit=0.0000 synth_total=0.0126 extra_render_attn_share=0.5596
[step 42150] real_p1_mirror_hole_cov=0.0081 real_p1_eps=0.3456 real_p1_hole_frac=0.1446 real_p2_eps=0.0100 real_p2_hit=0.0000 real_total=0.3556 synth_eps=0.2376 synth_eps_raw=0.2376 synth_x0_hit=1.0000 synth_x0_t=248.0000 synth_x0_ldif=0.1133 synth_x0_gen_adv=-0.2485 synth_x0_lfm=0.0072 synth_total=0.3404 extra_render_attn_share=0.5596
[step 42200] real_p1_mirror_hole_cov=0.0784 real_p1_eps=0.1953 real_p1_hole_frac=0.5817 real_p2_eps=0.0088 real_p2_hit=0.0000 real_total=0.2040 discr_adv=0.9634 x0_d_real=-0.0931 x0_d_fake=-0.1663 g_grad_abs=1005.5784 d_grad_abs=528.3993 synth_eps=0.1719 synth_eps_raw=0.1719 synth_x0_hit=1.0000 synth_x0_t=281.0000 synth_x0_ldif=0.1043 synth_x0_gen_adv=0.1022 synth_x0_lfm=0.0061 synth_total=0.2987 extra_render_attn_share=0.5596
[step 42250] real_p1_mirror_hole_cov=0.0255 real_p1_eps=0.2406 real_p1_hole_frac=0.2582 real_p2_eps=0.0893 real_p2_hit=0.0000 real_total=0.3298 synth_eps=0.0030 synth_eps_raw=0.0030 synth_x0_hit=0.0000 synth_total=0.0030 extra_render_attn_share=0.5596
[step 42300] real_p1_mirror_hole_cov=0.0055 real_p1_eps=0.1688 real_p1_hole_frac=0.0915 real_p2_eps=0.0091 real_p2_hit=0.0000 real_total=0.1780 synth_eps=0.2586 synth_eps_raw=0.2586 synth_x0_hit=1.0000 synth_x0_t=153.0000 synth_x0_ldif=0.0554 synth_x0_gen_adv=0.2178 synth_x0_lfm=0.0043 synth_total=0.3443 extra_render_attn_share=0.5596
[step 42350] real_p1_mirror_hole_cov=0.2627 real_p1_eps=0.0114 real_p1_hole_frac=0.5089 real_p2_eps=0.0195 real_p2_hit=0.0000 real_total=0.0309 discr_adv=0.9629 x0_d_real=-0.3621 x0_d_fake=-0.4368 g_grad_abs=203.8872 d_grad_abs=388.7924 synth_eps=0.0671 synth_eps_raw=0.0671 synth_x0_hit=0.0000 synth_total=0.0671 extra_render_attn_share=0.5596
[step 42400] real_p1_mirror_hole_cov=0.0737 real_p1_eps=0.0488 real_p1_hole_frac=0.1105 real_p2_eps=0.0439 real_p2_hit=0.0000 real_total=0.0927 synth_eps=0.0195 synth_eps_raw=0.0195 synth_x0_hit=0.0000 synth_total=0.0195 extra_render_attn_share=0.5596
[step 42450] real_p1_mirror_hole_cov=0.0230 real_p1_eps=0.1605 real_p1_hole_frac=0.3598 real_p2_eps=0.2750 real_p2_hit=1.0000 real_p2_t=151.0000 real_p2_ldif=0.0578 real_p2_gen_adv=-0.2846 real_p2_lfm=0.0039 real_total=0.4727 discr_adv=0.9998 p2_d_real=0.2850 p2_d_fake=0.2846 g_grad_abs=1422.9385 d_grad_abs=207.9750 synth_eps=0.0494 synth_eps_raw=0.0494 synth_x0_hit=0.0000 synth_total=0.0494 extra_render_attn_share=0.5596
[step 42500] real_p1_mirror_hole_cov=0.0665 real_p1_eps=0.3940 real_p1_hole_frac=0.2443 real_p2_eps=0.2170 real_p2_hit=1.0000 real_p2_t=138.0000 real_p2_ldif=0.0399 real_p2_gen_adv=-0.1232 real_p2_lfm=0.0033 real_total=0.6452 discr_adv=1.0585 p2_d_real=0.0061 p2_d_fake=0.1232 g_grad_abs=1776.1050 d_grad_abs=451.0968 synth_eps=0.0784 synth_eps_raw=0.0784 synth_x0_hit=0.0000 synth_total=0.0784 extra_render_attn_share=0.5596
[images] real: anchor | cond1 | cond2 | inv_warp_mirror | mask | mask_inv | warp_img | warp_warp_img | x | y_hat | y_hat_novel -> /home/xzy/warpgan-diffusiong-inpainting/warpgan-diffusion-inpainting-main/experiments/train_inpainting_diffusion/[20260915-085455]_v19_w6b_300k/logs/images/train/real_step0042500.png
[images] synth: cond | mask | target | warp_img | x | y_hat_novel -> /home/xzy/warpgan-diffusiong-inpainting/warpgan-diffusion-inpainting-main/experiments/train_inpainting_diffusion/[20260915-085455]_v19_w6b_300k/logs/images/train/synth_step0042500.png
[step 42550] real_p1_mirror_hole_cov=0.0477 real_p1_eps=0.0170 real_p1_hole_frac=0.3585 real_p2_eps=0.0846 real_p2_hit=0.0000 real_total=0.1016 synth_eps=0.0052 synth_eps_raw=0.0052 synth_x0_hit=0.0000 synth_total=0.0052 extra_render_attn_share=0.5596
[step 42600] real_p1_mirror_hole_cov=0.0694 real_p1_eps=0.0027 real_p1_hole_frac=0.0344 real_p2_eps=0.0495 real_p2_hit=0.0000 real_total=0.0523 synth_eps=0.4302 synth_eps_raw=0.4302 synth_x0_hit=1.0000 synth_x0_t=125.0000 synth_x0_ldif=0.0688 synth_x0_gen_adv=0.0821 synth_x0_lfm=0.0052 synth_total=0.5177 extra_render_attn_share=0.5596
[step 42650] real_p1_mirror_hole_cov=0.0155 real_p1_eps=0.0875 real_p1_hole_frac=0.3568 real_p2_eps=0.3755 real_p2_hit=1.0000 real_p2_t=58.0000 real_p2_ldif=0.0227 real_p2_gen_adv=-0.1216 real_p2_lfm=0.0024 real_total=0.4783 discr_adv=1.8843 x0_d_real=0.4195 x0_d_fake=0.3540 p2_d_real=0.2876 p2_d_fake=0.1216 g_grad_abs=1366.0317 d_grad_abs=718.8400 synth_eps=0.0134 synth_eps_raw=0.0134 synth_x0_hit=0.0000 synth_total=0.0134 extra_render_attn_share=0.5596
[step 42700] real_p1_mirror_hole_cov=0.0729 real_p1_eps=0.1909 real_p1_hole_frac=0.1214 real_p2_eps=0.0125 real_p2_hit=0.0000 real_total=0.2035 synth_eps=0.0587 synth_eps_raw=0.0587 synth_x0_hit=0.0000 synth_total=0.0587 extra_render_attn_share=0.5596
[step 42750] real_p1_mirror_hole_cov=0.1138 real_p1_eps=0.0981 real_p1_hole_frac=0.2846 real_p2_eps=0.0433 real_p2_hit=0.0000 real_total=0.1413 synth_eps=0.0423 synth_eps_raw=0.0423 synth_x0_hit=0.0000 synth_total=0.0423 extra_render_attn_share=0.5596
[step 42800] real_p1_mirror_hole_cov=0.0259 real_p1_eps=0.1482 real_p1_hole_frac=0.2599 real_p2_eps=0.3178 real_p2_hit=1.0000 real_p2_t=80.0000 real_p2_ldif=0.0283 real_p2_gen_adv=-0.5504 real_p2_lfm=0.0024 real_total=0.4441 discr_adv=1.9440 x0_d_real=0.4335 x0_d_fake=0.3148 p2_d_real=0.5437 p2_d_fake=0.5504 g_grad_abs=1521.4293 d_grad_abs=345.4984 synth_eps=0.0953 synth_eps_raw=0.0953 synth_x0_hit=0.0000 synth_total=0.0953 extra_render_attn_share=0.5596
[step 42850] real_p1_mirror_hole_cov=0.1813 real_p1_eps=0.1249 real_p1_hole_frac=0.1973 real_p2_eps=0.0957 real_p2_hit=0.0000 real_total=0.2206 discr_adv=0.9693 x0_d_real=0.0331 x0_d_fake=-0.0282 g_grad_abs=949.6428 d_grad_abs=212.9529 synth_eps=0.0093 synth_eps_raw=0.0093 synth_x0_hit=0.0000 synth_total=0.0093 extra_render_attn_share=0.5596
[step 42900] real_p1_mirror_hole_cov=0.0755 real_p1_eps=0.0791 real_p1_hole_frac=0.3739 real_p2_eps=0.0156 real_p2_hit=0.0000 real_total=0.0947 discr_adv=0.9788 x0_d_real=0.8038 x0_d_fake=0.7605 g_grad_abs=558.7660 d_grad_abs=374.7260 synth_eps=0.4906 synth_eps_raw=0.4906 synth_x0_hit=1.0000 synth_x0_t=46.0000 synth_x0_ldif=0.0227 synth_x0_gen_adv=-0.2528 synth_x0_lfm=0.0019 synth_total=0.4919 extra_render_attn_share=0.5596
[step 42950] real_p1_mirror_hole_cov=0.2375 real_p1_eps=0.1198 real_p1_hole_frac=0.3633 real_p2_eps=0.0423 real_p2_hit=0.0000 real_total=0.1620 discr_adv=0.9602 x0_d_real=0.6143 x0_d_fake=0.5348 g_grad_abs=734.3951 d_grad_abs=319.3213 synth_eps=0.0300 synth_eps_raw=0.0300 synth_x0_hit=0.0000 synth_total=0.0300 extra_render_attn_share=0.5596
[step 43000] real_p1_mirror_hole_cov=0.0848 real_p1_eps=0.0011 real_p1_hole_frac=0.1685 real_p2_eps=0.0174 real_p2_hit=0.0000 real_total=0.0185 synth_eps=0.2447 synth_eps_raw=0.2447 synth_x0_hit=1.0000 synth_x0_t=236.0000 synth_x0_ldif=0.1066 synth_x0_gen_adv=-0.1051 synth_x0_lfm=0.0070 synth_total=0.3548 extra_render_attn_share=0.5596
[images] real: anchor | cond1 | cond2 | inv_warp_mirror | mask | mask_inv | warp_img | warp_warp_img | x | y_hat | y_hat_novel -> /home/xzy/warpgan-diffusiong-inpainting/warpgan-diffusion-inpainting-main/experiments/train_inpainting_diffusion/[20260915-085455]_v19_w6b_300k/logs/images/train/real_step0043000.png
[images] synth: cond | mask | target | warp_img | x | y_hat_novel -> /home/xzy/warpgan-diffusiong-inpainting/warpgan-diffusion-inpainting-main/experiments/train_inpainting_diffusion/[20260915-085455]_v19_w6b_300k/logs/images/train/synth_step0043000.png
[step 43050] real_p1_mirror_hole_cov=0.3843 real_p1_eps=0.0669 real_p1_hole_frac=0.1768 real_p2_eps=0.0618 real_p2_hit=0.0000 real_total=0.1287 synth_eps=0.0376 synth_eps_raw=0.0376 synth_x0_hit=0.0000 synth_total=0.0376 extra_render_attn_share=0.5596
[step 43100] real_p1_mirror_hole_cov=0.0412 real_p1_eps=0.0471 real_p1_hole_frac=0.4906 real_p2_eps=0.0062 real_p2_hit=0.0000 real_total=0.0533 synth_eps=0.1109 synth_eps_raw=0.1109 synth_x0_hit=0.0000 synth_total=0.1109 extra_render_attn_share=0.5596
[step 43150] real_p1_mirror_hole_cov=0.0356 real_p1_eps=0.0007 real_p1_hole_frac=0.1155 real_p2_eps=0.0266 real_p2_hit=0.0000 real_total=0.0273 synth_eps=0.2137 synth_eps_raw=0.2137 synth_x0_hit=0.0000 synth_total=0.2137 extra_render_attn_share=0.5596
[step 43200] real_p1_mirror_hole_cov=0.0345 real_p1_eps=0.0167 real_p1_hole_frac=0.1339 real_p2_eps=0.1032 real_p2_hit=1.0000 real_p2_t=297.0000 real_p2_ldif=0.0701 real_p2_gen_adv=-0.8218 real_p2_lfm=0.0054 real_total=0.1185 discr_adv=1.0843 p2_d_real=0.6541 p2_d_fake=0.8218 g_grad_abs=1157.8411 d_grad_abs=754.3773 synth_eps=0.0014 synth_eps_raw=0.0014 synth_x0_hit=0.0000 synth_total=0.0014 extra_render_attn_share=0.5596
[step 43250] real_p1_mirror_hole_cov=0.1421 real_p1_eps=0.0931 real_p1_hole_frac=0.1476 real_p2_eps=0.0212 real_p2_hit=0.0000 real_total=0.1143 synth_eps=0.0317 synth_eps_raw=0.0317 synth_x0_hit=0.0000 synth_total=0.0317 extra_render_attn_share=0.5596
[step 43300] real_p1_mirror_hole_cov=0.0836 real_p1_eps=0.0062 real_p1_hole_frac=0.1889 real_p2_eps=0.0166 real_p2_hit=0.0000 real_total=0.0228 discr_adv=0.9802 x0_d_real=-0.6552 x0_d_fake=-0.6954 g_grad_abs=200.3895 d_grad_abs=110.1618 synth_eps=0.0235 synth_eps_raw=0.0235 synth_x0_hit=0.0000 synth_total=0.0235 extra_render_attn_share=0.5596
[step 43350] real_p1_mirror_hole_cov=0.0036 real_p1_eps=0.0166 real_p1_hole_frac=0.1048 real_p2_eps=0.0137 real_p2_hit=0.0000 real_total=0.0303 synth_eps=0.0285 synth_eps_raw=0.0285 synth_x0_hit=0.0000 synth_total=0.0285 extra_render_attn_share=0.5596
[step 43400] real_p1_mirror_hole_cov=0.2870 real_p1_eps=0.0012 real_p1_hole_frac=0.2041 real_p2_eps=0.0740 real_p2_hit=0.0000 real_total=0.0752 discr_adv=1.0345 x0_d_real=-0.0784 x0_d_fake=-0.0101 g_grad_abs=457.3217 d_grad_abs=236.6677 synth_eps=0.0324 synth_eps_raw=0.0324 synth_x0_hit=0.0000 synth_total=0.0324 extra_render_attn_share=0.5596
[step 43450] real_p1_mirror_hole_cov=0.1792 real_p1_eps=0.0017 real_p1_hole_frac=0.1368 real_p2_eps=0.0436 real_p2_hit=0.0000 real_total=0.0454 synth_eps=0.1066 synth_eps_raw=0.1066 synth_x0_hit=0.0000 synth_total=0.1066 extra_render_attn_share=0.5596
[step 43500] real_p1_mirror_hole_cov=0.2889 real_p1_eps=0.0178 real_p1_hole_frac=0.1850 real_p2_eps=0.0710 real_p2_hit=0.0000 real_total=0.0887 discr_adv=0.9906 x0_d_real=0.9731 x0_d_fake=0.9373 g_grad_abs=461.7542 d_grad_abs=544.4432 synth_eps=0.0063 synth_eps_raw=0.0063 synth_x0_hit=0.0000 synth_total=0.0063 extra_render_attn_share=0.5596
[images] real: anchor | cond1 | cond2 | inv_warp_mirror | mask | mask_inv | warp_img | warp_warp_img | x | y_hat | y_hat_novel -> /home/xzy/warpgan-diffusiong-inpainting/warpgan-diffusion-inpainting-main/experiments/train_inpainting_diffusion/[20260915-085455]_v19_w6b_300k/logs/images/train/real_step0043500.png
[images] synth: cond | mask | target | warp_img | x | y_hat_novel -> /home/xzy/warpgan-diffusiong-inpainting/warpgan-diffusion-inpainting-main/experiments/train_inpainting_diffusion/[20260915-085455]_v19_w6b_300k/logs/images/train/synth_step0043500.png
[step 43550] real_p1_mirror_hole_cov=0.0176 real_p1_eps=0.0622 real_p1_hole_frac=0.1079 real_p2_eps=0.0250 real_p2_hit=0.0000 real_total=0.0872 synth_eps=0.0937 synth_eps_raw=0.0937 synth_x0_hit=0.0000 synth_total=0.0937 extra_render_attn_share=0.5596
[step 43600] real_p1_mirror_hole_cov=0.1132 real_p1_eps=0.4713 real_p1_hole_frac=0.3005 real_p2_eps=0.1326 real_p2_hit=1.0000 real_p2_t=274.0000 real_p2_ldif=0.0765 real_p2_gen_adv=-0.4741 real_p2_lfm=0.0051 real_total=0.6432 discr_adv=0.9229 p2_d_real=0.6283 p2_d_fake=0.4741 g_grad_abs=1982.4374 d_grad_abs=526.4724 synth_eps=0.0127 synth_eps_raw=0.0127 synth_x0_hit=0.0000 synth_total=0.0127 extra_render_attn_share=0.5596
[step 43650] real_p1_mirror_hole_cov=0.0631 real_p1_eps=0.0196 real_p1_hole_frac=0.0355 real_p2_eps=0.0733 real_p2_hit=0.0000 real_total=0.0929 synth_eps=0.0246 synth_eps_raw=0.0246 synth_x0_hit=0.0000 synth_total=0.0246 extra_render_attn_share=0.5596
[step 43700] real_p1_mirror_hole_cov=0.0375 real_p1_eps=0.0988 real_p1_hole_frac=0.1098 real_p2_eps=0.0021 real_p2_hit=0.0000 real_total=0.1010 synth_eps=0.2228 synth_eps_raw=0.2228 synth_x0_hit=1.0000 synth_x0_t=214.0000 synth_x0_ldif=0.0817 synth_x0_gen_adv=0.2972 synth_x0_lfm=0.0048 synth_total=0.3438 extra_render_attn_share=0.5596
[step 43750] real_p1_mirror_hole_cov=0.1573 real_p1_eps=0.2068 real_p1_hole_frac=0.3091 real_p2_eps=0.2216 real_p2_hit=1.0000 real_p2_t=161.0000 real_p2_ldif=0.0513 real_p2_gen_adv=-0.8816 real_p2_lfm=0.0050 real_total=0.4015 discr_adv=1.9824 x0_d_real=0.3614 x0_d_fake=0.2977 p2_d_real=0.8621 p2_d_fake=0.8816 g_grad_abs=1513.3151 d_grad_abs=405.2377 synth_eps=0.6217 synth_eps_raw=0.6217 synth_x0_hit=1.0000 synth_x0_t=19.0000 synth_x0_ldif=0.0112 synth_x0_gen_adv=0.4512 synth_x0_lfm=0.0012 synth_total=0.6804 extra_render_attn_share=0.5596
[step 43800] real_p1_mirror_hole_cov=0.0043 real_p1_eps=0.0009 real_p1_hole_frac=0.2866 real_p2_eps=0.0898 real_p2_hit=0.0000 real_total=0.0907 synth_eps=0.0265 synth_eps_raw=0.0265 synth_x0_hit=0.0000 synth_total=0.0265 extra_render_attn_share=0.5596
[step 43850] real_p1_mirror_hole_cov=0.3246 real_p1_eps=0.2130 real_p1_hole_frac=0.3233 real_p2_eps=0.0040 real_p2_hit=0.0000 real_total=0.2170 synth_eps=0.6968 synth_eps_raw=0.6968 synth_x0_hit=1.0000 synth_x0_t=10.0000 synth_x0_ldif=0.0067 synth_x0_gen_adv=0.5403 synth_x0_lfm=0.0010 synth_total=0.7596 extra_render_attn_share=0.5596
[step 43900] real_p1_mirror_hole_cov=0.1572 real_p1_eps=0.0064 real_p1_hole_frac=0.4750 real_p2_eps=0.2131 real_p2_hit=1.0000 real_p2_t=200.0000 real_p2_ldif=0.0696 real_p2_gen_adv=0.1494 real_p2_lfm=0.0045 real_total=0.3131 discr_adv=0.9945 p2_d_real=-0.1384 p2_d_fake=-0.1494 g_grad_abs=1286.2826 d_grad_abs=70.8134 synth_eps=0.0070 synth_eps_raw=0.0070 synth_x0_hit=0.0000 synth_total=0.0070 extra_render_attn_share=0.5596
[step 43950] real_p1_mirror_hole_cov=0.2247 real_p1_eps=0.0111 real_p1_hole_frac=0.4653 real_p2_eps=0.3465 real_p2_hit=1.0000 real_p2_t=134.0000 real_p2_ldif=0.0612 real_p2_gen_adv=-0.0294 real_p2_lfm=0.0043 real_total=0.4245 discr_adv=0.8804 p2_d_real=0.2686 p2_d_fake=0.0294 g_grad_abs=1065.1894 d_grad_abs=420.1075 synth_eps=0.0360 synth_eps_raw=0.0360 synth_x0_hit=0.0000 synth_total=0.0360 extra_render_attn_share=0.5596
[val step 43999] val_novel_full=0.0786 val_novel_hole=0.0832 val_novel_visible=0.0758
[step 44000] real_p1_mirror_hole_cov=0.1687 real_p1_eps=0.0013 real_p1_hole_frac=0.4222 real_p2_eps=0.7965 real_p2_hit=1.0000 real_p2_t=5.0000 real_p2_ldif=0.0041 real_p2_gen_adv=0.0218 real_p2_lfm=0.0003 real_total=0.8048 discr_adv=1.9839 x0_d_real=-0.6068 x0_d_fake=-0.6225 p2_d_real=-0.0053 p2_d_fake=-0.0218 g_grad_abs=1148.9024 d_grad_abs=124.7193 synth_eps=0.2951 synth_eps_raw=0.2951 synth_x0_hit=1.0000 synth_x0_t=165.0000 synth_x0_ldif=0.0709 synth_x0_gen_adv=0.6396 synth_x0_lfm=0.0067 synth_total=0.4434 extra_render_attn_share=0.5549
[images] real: anchor | cond1 | cond2 | inv_warp_mirror | mask | mask_inv | warp_img | warp_warp_img | x | y_hat | y_hat_novel -> /home/xzy/warpgan-diffusiong-inpainting/warpgan-diffusion-inpainting-main/experiments/train_inpainting_diffusion/[20260915-085455]_v19_w6b_300k/logs/images/train/real_step0044000.png
[images] synth: cond | mask | target | warp_img | x | y_hat_novel -> /home/xzy/warpgan-diffusiong-inpainting/warpgan-diffusion-inpainting-main/experiments/train_inpainting_diffusion/[20260915-085455]_v19_w6b_300k/logs/images/train/synth_step0044000.png
[step 44050] real_p1_mirror_hole_cov=0.0021 real_p1_eps=0.0514 real_p1_hole_frac=0.1691 real_p2_eps=0.1488 real_p2_hit=1.0000 real_p2_t=158.0000 real_p2_ldif=0.0334 real_p2_gen_adv=0.1886 real_p2_lfm=0.0027 real_total=0.2578 discr_adv=1.0431 p2_d_real=-0.2747 p2_d_fake=-0.1886 g_grad_abs=1223.1407 d_grad_abs=279.8662 synth_eps=0.0116 synth_eps_raw=0.0116 synth_x0_hit=0.0000 synth_total=0.0116 extra_render_attn_share=0.5549
[step 44100] real_p1_mirror_hole_cov=0.0515 real_p1_eps=0.1454 real_p1_hole_frac=0.4874 real_p2_eps=0.0085 real_p2_hit=0.0000 real_total=0.1539 synth_eps=0.0204 synth_eps_raw=0.0204 synth_x0_hit=0.0000 synth_total=0.0204 extra_render_attn_share=0.5549
[step 44150] real_p1_mirror_hole_cov=0.0410 real_p1_eps=0.0094 real_p1_hole_frac=0.4251 real_p2_eps=0.0214 real_p2_hit=0.0000 real_total=0.0308 synth_eps=0.1080 synth_eps_raw=0.1080 synth_x0_hit=0.0000 synth_total=0.1080 extra_render_attn_share=0.5549
[step 44200] real_p1_mirror_hole_cov=0.0826 real_p1_eps=0.0364 real_p1_hole_frac=0.3075 real_p2_eps=0.5264 real_p2_hit=1.0000 real_p2_t=23.0000 real_p2_ldif=0.0116 real_p2_gen_adv=0.6384 real_p2_lfm=0.0009 real_total=0.6400 discr_adv=0.9455 p2_d_real=-0.5294 p2_d_fake=-0.6384 g_grad_abs=1257.6052 d_grad_abs=965.5901 synth_eps=0.4483 synth_eps_raw=0.4483 synth_x0_hit=1.0000 synth_x0_t=76.0000 synth_x0_ldif=0.0374 synth_x0_gen_adv=0.7008 synth_x0_lfm=0.0027 synth_total=0.5613 extra_render_attn_share=0.5549
[step 44250] real_p1_mirror_hole_cov=0.0911 real_p1_eps=0.1801 real_p1_hole_frac=0.2416 real_p2_eps=0.0266 real_p2_hit=0.0000 real_total=0.2067 synth_eps=0.2594 synth_eps_raw=0.2594 synth_x0_hit=1.0000 synth_x0_t=178.0000 synth_x0_ldif=0.0701 synth_x0_gen_adv=-0.6760 synth_x0_lfm=0.0060 synth_total=0.2739 extra_render_attn_share=0.5549
[step 44300] real_p1_mirror_hole_cov=0.1464 real_p1_eps=0.6503 real_p1_hole_frac=0.3114 real_p2_eps=0.1339 real_p2_hit=1.0000 real_p2_t=286.0000 real_p2_ldif=0.0842 real_p2_gen_adv=-0.0803 real_p2_lfm=0.0059 real_total=0.8720 discr_adv=0.9893 p2_d_real=0.1016 p2_d_fake=0.0803 g_grad_abs=1990.9773 d_grad_abs=105.3821 synth_eps=0.1982 synth_eps_raw=0.1982 synth_x0_hit=1.0000 synth_x0_t=229.0000 synth_x0_ldif=0.0818 synth_x0_gen_adv=-0.0355 synth_x0_lfm=0.0082 synth_total=0.2928 extra_render_attn_share=0.5549
[step 44350] real_p1_mirror_hole_cov=0.1184 real_p1_eps=0.0055 real_p1_hole_frac=0.3698 real_p2_eps=0.2611 real_p2_hit=1.0000 real_p2_t=170.0000 real_p2_ldif=0.0657 real_p2_gen_adv=0.8276 real_p2_lfm=0.0045 real_total=0.4241 discr_adv=0.9389 p2_d_real=-0.7052 p2_d_fake=-0.8276 g_grad_abs=1166.3150 d_grad_abs=570.1649 synth_eps=0.0255 synth_eps_raw=0.0255 synth_x0_hit=0.0000 synth_total=0.0255 extra_render_attn_share=0.5549
[step 44400] real_p1_mirror_hole_cov=0.0966 real_p1_eps=0.1167 real_p1_hole_frac=0.4231 real_p2_eps=0.2645 real_p2_hit=1.0000 real_p2_t=201.0000 real_p2_ldif=0.0871 real_p2_gen_adv=0.4067 real_p2_lfm=0.0040 real_total=0.5170 discr_adv=0.9307 p2_d_real=-0.2681 p2_d_fake=-0.4067 g_grad_abs=1452.3899 d_grad_abs=444.7154 synth_eps=0.0186 synth_eps_raw=0.0186 synth_x0_hit=0.0000 synth_total=0.0186 extra_render_attn_share=0.5549
[step 44450] real_p1_mirror_hole_cov=0.2783 real_p1_eps=0.0983 real_p1_hole_frac=0.3014 real_p2_eps=0.0021 real_p2_hit=0.0000 real_total=0.1005 synth_eps=0.0683 synth_eps_raw=0.0683 synth_x0_hit=0.0000 synth_total=0.0683 extra_render_attn_share=0.5549
[step 44500] real_p1_mirror_hole_cov=0.0211 real_p1_eps=0.1760 real_p1_hole_frac=0.3203 real_p2_eps=0.1825 real_p2_hit=1.0000 real_p2_t=263.0000 real_p2_ldif=0.0973 real_p2_gen_adv=-0.0730 real_p2_lfm=0.0057 real_total=0.4599 discr_adv=0.9761 p2_d_real=0.1222 p2_d_fake=0.0730 g_grad_abs=2389.8066 d_grad_abs=490.2375 synth_eps=0.2982 synth_eps_raw=0.2982 synth_x0_hit=1.0000 synth_x0_t=134.0000 synth_x0_ldif=0.0526 synth_x0_gen_adv=0.8088 synth_x0_lfm=0.0041 synth_total=0.4399 extra_render_attn_share=0.5549
[images] real: anchor | cond1 | cond2 | inv_warp_mirror | mask | mask_inv | warp_img | warp_warp_img | x | y_hat | y_hat_novel -> /home/xzy/warpgan-diffusiong-inpainting/warpgan-diffusion-inpainting-main/experiments/train_inpainting_diffusion/[20260915-085455]_v19_w6b_300k/logs/images/train/real_step0044500.png
[images] synth: cond | mask | target | warp_img | x | y_hat_novel -> /home/xzy/warpgan-diffusiong-inpainting/warpgan-diffusion-inpainting-main/experiments/train_inpainting_diffusion/[20260915-085455]_v19_w6b_300k/logs/images/train/synth_step0044500.png
[step 44550] real_p1_mirror_hole_cov=0.0151 real_p1_eps=0.0176 real_p1_hole_frac=0.1172 real_p2_eps=0.0028 real_p2_hit=0.0000 real_total=0.0204 synth_eps=0.0112 synth_eps_raw=0.0112 synth_x0_hit=0.0000 synth_total=0.0112 extra_render_attn_share=0.5549
[step 44600] real_p1_mirror_hole_cov=0.0048 real_p1_eps=0.0332 real_p1_hole_frac=0.1323 real_p2_eps=0.0589 real_p2_hit=0.0000 real_total=0.0921 discr_adv=1.0106 x0_d_real=0.2950 x0_d_fake=0.3161 g_grad_abs=774.7739 d_grad_abs=530.5733 synth_eps=0.0165 synth_eps_raw=0.0165 synth_x0_hit=0.0000 synth_total=0.0165 extra_render_attn_share=0.5549
[step 44650] real_p1_mirror_hole_cov=0.0098 real_p1_eps=0.0015 real_p1_hole_frac=0.2175 real_p2_eps=0.0451 real_p2_hit=0.0000 real_total=0.0466 synth_eps=0.5165 synth_eps_raw=0.5165 synth_x0_hit=1.0000 synth_x0_t=44.0000 synth_x0_ldif=0.0228 synth_x0_gen_adv=-0.8477 synth_x0_lfm=0.0034 synth_total=0.4612 extra_render_attn_share=0.5549
[step 44700] real_p1_mirror_hole_cov=0.0177 real_p1_eps=0.0031 real_p1_hole_frac=0.1007 real_p2_eps=0.0713 real_p2_hit=1.0000 real_p2_t=284.0000 real_p2_ldif=0.0442 real_p2_gen_adv=0.8348 real_p2_lfm=0.0064 real_total=0.2149 discr_adv=2.1413 x0_d_real=-0.6477 x0_d_fake=-0.5000 p2_d_real=-0.9525 p2_d_fake=-0.8348 g_grad_abs=1362.6145 d_grad_abs=1457.8783 synth_eps=0.4937 synth_eps_raw=0.4937 synth_x0_hit=1.0000 synth_x0_t=74.0000 synth_x0_ldif=0.0399 synth_x0_gen_adv=0.6842 synth_x0_lfm=0.0042 synth_total=0.6105 extra_render_attn_share=0.5549
[step 44750] real_p1_mirror_hole_cov=0.0465 real_p1_eps=0.0704 real_p1_hole_frac=0.0928 real_p2_eps=0.0009 real_p2_hit=0.0000 real_total=0.0713 synth_eps=0.5066 synth_eps_raw=0.5066 synth_x0_hit=1.0000 synth_x0_t=63.0000 synth_x0_ldif=0.0337 synth_x0_gen_adv=0.6596 synth_x0_lfm=0.0028 synth_total=0.6119 extra_render_attn_share=0.5549
[step 44800] real_p1_mirror_hole_cov=0.1736 real_p1_eps=0.0556 real_p1_hole_frac=0.0813 real_p2_eps=0.1892 real_p2_hit=1.0000 real_p2_t=105.0000 real_p2_ldif=0.0239 real_p2_gen_adv=0.6379 real_p2_lfm=0.0024 real_total=0.3372 discr_adv=1.9781 x0_d_real=-0.7097 x0_d_fake=-0.7392 p2_d_real=-0.6235 p2_d_fake=-0.6379 g_grad_abs=1053.7699 d_grad_abs=169.5481 synth_eps=0.0486 synth_eps_raw=0.0486 synth_x0_hit=0.0000 synth_total=0.0486 extra_render_attn_share=0.5549
[step 44850] real_p1_mirror_hole_cov=0.0946 real_p1_eps=0.1346 real_p1_hole_frac=0.5255 real_p2_eps=0.0325 real_p2_hit=0.0000 real_total=0.1671 synth_eps=0.2165 synth_eps_raw=0.2165 synth_x0_hit=1.0000 synth_x0_t=226.0000 synth_x0_ldif=0.0873 synth_x0_gen_adv=0.8429 synth_x0_lfm=0.0071 synth_total=0.4022 extra_render_attn_share=0.5549
[step 44900] real_p1_mirror_hole_cov=0.0019 real_p1_eps=0.0014 real_p1_hole_frac=0.2036 real_p2_eps=0.0058 real_p2_hit=0.0000 real_total=0.0072 synth_eps=0.0208 synth_eps_raw=0.0208 synth_x0_hit=0.0000 synth_total=0.0208 extra_render_attn_share=0.5549
[step 44950] real_p1_mirror_hole_cov=0.2564 real_p1_eps=0.2525 real_p1_hole_frac=0.5606 real_p2_eps=0.1163 real_p2_hit=0.0000 real_total=0.3688 synth_eps=0.0137 synth_eps_raw=0.0137 synth_x0_hit=0.0000 synth_total=0.0137 extra_render_attn_share=0.5549
[step 45000] real_p1_mirror_hole_cov=0.0933 real_p1_eps=0.0056 real_p1_hole_frac=0.2064 real_p2_eps=0.0254 real_p2_hit=0.0000 real_total=0.0310 synth_eps=0.4664 synth_eps_raw=0.4664 synth_x0_hit=1.0000 synth_x0_t=62.0000 synth_x0_ldif=0.0305 synth_x0_gen_adv=-0.6782 synth_x0_lfm=0.0041 synth_total=0.4373 extra_render_attn_share=0.5549
[images] real: anchor | cond1 | cond2 | inv_warp_mirror | mask | mask_inv | warp_img | warp_warp_img | x | y_hat | y_hat_novel -> /home/xzy/warpgan-diffusiong-inpainting/warpgan-diffusion-inpainting-main/experiments/train_inpainting_diffusion/[20260915-085455]_v19_w6b_300k/logs/images/train/real_step0045000.png
[images] synth: cond | mask | target | warp_img | x | y_hat_novel -> /home/xzy/warpgan-diffusiong-inpainting/warpgan-diffusion-inpainting-main/experiments/train_inpainting_diffusion/[20260915-085455]_v19_w6b_300k/logs/images/train/synth_step0045000.png
[step 45050] real_p1_mirror_hole_cov=0.0002 real_p1_eps=0.0792 real_p1_hole_frac=0.0418 real_p2_eps=0.0853 real_p2_hit=1.0000 real_p2_t=263.0000 real_p2_ldif=0.0455 real_p2_gen_adv=0.8531 real_p2_lfm=0.0041 real_total=0.3037 discr_adv=1.0144 p2_d_real=-0.8817 p2_d_fake=-0.8531 g_grad_abs=1660.2420 d_grad_abs=157.6164 synth_eps=0.1060 synth_eps_raw=0.1060 synth_x0_hit=0.0000 synth_total=0.1060 extra_render_attn_share=0.5549
[step 45100] real_p1_mirror_hole_cov=0.1857 real_p1_eps=0.0056 real_p1_hole_frac=0.3211 real_p2_eps=0.0785 real_p2_hit=0.0000 real_total=0.0841 synth_eps=0.0298 synth_eps_raw=0.0298 synth_x0_hit=0.0000 synth_total=0.0298 extra_render_attn_share=0.5549
[step 45150] real_p1_mirror_hole_cov=0.3006 real_p1_eps=0.0400 real_p1_hole_frac=0.0918 real_p2_eps=0.0005 real_p2_hit=0.0000 real_total=0.0405 synth_eps=0.0066 synth_eps_raw=0.0066 synth_x0_hit=0.0000 synth_total=0.0066 extra_render_attn_share=0.5549
[step 45200] real_p1_mirror_hole_cov=0.1842 real_p1_eps=0.0083 real_p1_hole_frac=0.2475 real_p2_eps=0.1343 real_p2_hit=1.0000 real_p2_t=278.0000 real_p2_ldif=0.0798 real_p2_gen_adv=0.7142 real_p2_lfm=0.0055 real_total=0.3048 discr_adv=1.9183 x0_d_real=-0.6968 x0_d_fake=-0.7964 p2_d_real=-0.6504 p2_d_fake=-0.7142 g_grad_abs=1217.5843 d_grad_abs=242.9212 synth_eps=0.0364 synth_eps_raw=0.0364 synth_x0_hit=0.0000 synth_total=0.0364 extra_render_attn_share=0.5549
[step 45250] real_p1_mirror_hole_cov=0.0911 real_p1_eps=0.2828 real_p1_hole_frac=0.2514 real_p2_eps=0.1134 real_p2_hit=0.0000 real_total=0.3962 synth_eps=0.0487 synth_eps_raw=0.0487 synth_x0_hit=0.0000 synth_total=0.0487 extra_render_attn_share=0.5549
[step 45300] real_p1_mirror_hole_cov=0.0571 real_p1_eps=0.0018 real_p1_hole_frac=0.2968 real_p2_eps=0.2501 real_p2_hit=1.0000 real_p2_t=145.0000 real_p2_ldif=0.0495 real_p2_gen_adv=0.4215 real_p2_lfm=0.0038 real_total=0.3511 discr_adv=0.9603 p2_d_real=-0.3420 p2_d_fake=-0.4215 g_grad_abs=1039.9685 d_grad_abs=166.1395 synth_eps=0.4217 synth_eps_raw=0.4217 synth_x0_hit=1.0000 synth_x0_t=73.0000 synth_x0_ldif=0.0335 synth_x0_gen_adv=0.7517 synth_x0_lfm=0.0043 synth_total=0.5389 extra_render_attn_share=0.5549
[step 45350] real_p1_mirror_hole_cov=0.0111 real_p1_eps=0.0018 real_p1_hole_frac=0.3126 real_p2_eps=0.0027 real_p2_hit=0.0000 real_total=0.0045 discr_adv=1.0057 x0_d_real=0.8323 x0_d_fake=0.8301 g_grad_abs=78.8860 d_grad_abs=151.8579 synth_eps=0.8557 synth_eps_raw=0.8557 synth_x0_hit=1.0000 synth_x0_t=5.0000 synth_x0_ldif=0.0044 synth_x0_gen_adv=-0.4329 synth_x0_lfm=0.0005 synth_total=0.8178 extra_render_attn_share=0.5549
[step 45400] real_p1_mirror_hole_cov=0.0187 real_p1_eps=0.0209 real_p1_hole_frac=0.1293 real_p2_eps=0.0242 real_p2_hit=0.0000 real_total=0.0452 discr_adv=1.2409 x0_d_real=0.2392 x0_d_fake=0.7211 g_grad_abs=334.1355 d_grad_abs=2324.1152 synth_eps=0.0866 synth_eps_raw=0.0866 synth_x0_hit=0.0000 synth_total=0.0866 extra_render_attn_share=0.5549
[step 45450] real_p1_mirror_hole_cov=0.0885 real_p1_eps=0.0146 real_p1_hole_frac=0.2562 real_p2_eps=0.0070 real_p2_hit=0.0000 real_total=0.0217 synth_eps=0.0538 synth_eps_raw=0.0538 synth_x0_hit=0.0000 synth_total=0.0538 extra_render_attn_share=0.5549
[step 45500] real_p1_mirror_hole_cov=0.0257 real_p1_eps=0.0006 real_p1_hole_frac=0.3731 real_p2_eps=0.0610 real_p2_hit=0.0000 real_total=0.0617 synth_eps=0.3547 synth_eps_raw=0.3547 synth_x0_hit=1.0000 synth_x0_t=93.0000 synth_x0_ldif=0.0382 synth_x0_gen_adv=-0.2602 synth_x0_lfm=0.0040 synth_total=0.3748 extra_render_attn_share=0.5549
[images] real: anchor | cond1 | cond2 | inv_warp_mirror | mask | mask_inv | warp_img | warp_warp_img | x | y_hat | y_hat_novel -> /home/xzy/warpgan-diffusiong-inpainting/warpgan-diffusion-inpainting-main/experiments/train_inpainting_diffusion/[20260915-085455]_v19_w6b_300k/logs/images/train/real_step0045500.png
[images] synth: cond | mask | target | warp_img | x | y_hat_novel -> /home/xzy/warpgan-diffusiong-inpainting/warpgan-diffusion-inpainting-main/experiments/train_inpainting_diffusion/[20260915-085455]_v19_w6b_300k/logs/images/train/synth_step0045500.png
[step 45550] real_p1_mirror_hole_cov=0.0123 real_p1_eps=0.0145 real_p1_hole_frac=0.3641 real_p2_eps=0.0565 real_p2_hit=0.0000 real_total=0.0710 discr_adv=1.1586 x0_d_real=-0.2524 x0_d_fake=0.0632 g_grad_abs=481.0047 d_grad_abs=575.1517 synth_eps=0.0288 synth_eps_raw=0.0288 synth_x0_hit=0.0000 synth_total=0.0288 extra_render_attn_share=0.5549
[step 45600] real_p1_mirror_hole_cov=0.1107 real_p1_eps=0.0323 real_p1_hole_frac=0.1261 real_p2_eps=0.0054 real_p2_hit=0.0000 real_total=0.0377 synth_eps=0.0783 synth_eps_raw=0.0783 synth_x0_hit=0.0000 synth_total=0.0783 extra_render_attn_share=0.5549
[step 45650] real_p1_mirror_hole_cov=0.1806 real_p1_eps=0.1238 real_p1_hole_frac=0.4491 real_p2_eps=0.0996 real_p2_hit=0.0000 real_total=0.2234 synth_eps=0.0122 synth_eps_raw=0.0122 synth_x0_hit=0.0000 synth_total=0.0122 extra_render_attn_share=0.5549
[step 45700] real_p1_mirror_hole_cov=0.0428 real_p1_eps=0.0272 real_p1_hole_frac=0.3414 real_p2_eps=0.0025 real_p2_hit=0.0000 real_total=0.0297 synth_eps=0.0461 synth_eps_raw=0.0461 synth_x0_hit=0.0000 synth_total=0.0461 extra_render_attn_share=0.5549
[step 45750] real_p1_mirror_hole_cov=0.0134 real_p1_eps=0.0334 real_p1_hole_frac=0.0955 real_p2_eps=0.0937 real_p2_hit=1.0000 real_p2_t=280.0000 real_p2_ldif=0.0564 real_p2_gen_adv=-0.1379 real_p2_lfm=0.0041 real_total=0.1779 discr_adv=0.9939 p2_d_real=0.1502 p2_d_fake=0.1379 g_grad_abs=1153.4129 d_grad_abs=41.4102 synth_eps=0.0385 synth_eps_raw=0.0385 synth_x0_hit=0.0000 synth_total=0.0385 extra_render_attn_share=0.5549
[step 45800] real_p1_mirror_hole_cov=0.0544 real_p1_eps=0.0428 real_p1_hole_frac=0.0949 real_p2_eps=0.2577 real_p2_hit=1.0000 real_p2_t=60.0000 real_p2_ldif=0.0162 real_p2_gen_adv=0.1091 real_p2_lfm=0.0020 real_total=0.3316 discr_adv=0.9949 p2_d_real=-0.0989 p2_d_fake=-0.1091 g_grad_abs=1245.4836 d_grad_abs=50.7819 synth_eps=0.0041 synth_eps_raw=0.0041 synth_x0_hit=0.0000 synth_total=0.0041 extra_render_attn_share=0.5549
[step 45850] real_p1_mirror_hole_cov=0.1032 real_p1_eps=0.4561 real_p1_hole_frac=0.1487 real_p2_eps=0.0051 real_p2_hit=0.0000 real_total=0.4612 discr_adv=1.0273 x0_d_real=0.5445 x0_d_fake=0.5991 g_grad_abs=1339.6287 d_grad_abs=352.3678 synth_eps=0.2430 synth_eps_raw=0.2430 synth_x0_hit=1.0000 synth_x0_t=140.0000 synth_x0_ldif=0.0457 synth_x0_gen_adv=-0.5320 synth_x0_lfm=0.0043 synth_total=0.2440 extra_render_attn_share=0.5549
[step 45900] real_p1_mirror_hole_cov=0.0039 real_p1_eps=0.0073 real_p1_hole_frac=0.0968 real_p2_eps=0.0335 real_p2_hit=0.0000 real_total=0.0408 discr_adv=0.9755 x0_d_real=0.4464 x0_d_fake=0.3973 g_grad_abs=311.2938 d_grad_abs=218.2656 synth_eps=0.0064 synth_eps_raw=0.0064 synth_x0_hit=0.0000 synth_total=0.0064 extra_render_attn_share=0.5549
[step 45950] real_p1_mirror_hole_cov=0.2216 real_p1_eps=0.1656 real_p1_hole_frac=0.5339 real_p2_eps=0.0084 real_p2_hit=0.0000 real_total=0.1741 synth_eps=0.2834 synth_eps_raw=0.2834 synth_x0_hit=1.0000 synth_x0_t=197.0000 synth_x0_ldif=0.0903 synth_x0_gen_adv=0.1068 synth_x0_lfm=0.0066 synth_total=0.3975 extra_render_attn_share=0.5549
[val step 45999] val_novel_full=0.0927 val_novel_hole=0.0927 val_novel_visible=0.0926
[step 46000] real_p1_mirror_hole_cov=0.0538 real_p1_eps=0.0248 real_p1_hole_frac=0.1967 real_p2_eps=0.2130 real_p2_hit=1.0000 real_p2_t=128.0000 real_p2_ldif=0.0352 real_p2_gen_adv=0.1044 real_p2_lfm=0.0031 real_total=0.2897 discr_adv=1.0156 p2_d_real=-0.1357 p2_d_fake=-0.1044 g_grad_abs=1002.3464 d_grad_abs=72.0932 synth_eps=0.2890 synth_eps_raw=0.2890 synth_x0_hit=1.0000 synth_x0_t=186.0000 synth_x0_ldif=0.0839 synth_x0_gen_adv=0.4923 synth_x0_lfm=0.0062 synth_total=0.4346 extra_render_attn_share=0.5579
[images] real: anchor | cond1 | cond2 | inv_warp_mirror | mask | mask_inv | warp_img | warp_warp_img | x | y_hat | y_hat_novel -> /home/xzy/warpgan-diffusiong-inpainting/warpgan-diffusion-inpainting-main/experiments/train_inpainting_diffusion/[20260915-085455]_v19_w6b_300k/logs/images/train/real_step0046000.png
[images] synth: cond | mask | target | warp_img | x | y_hat_novel -> /home/xzy/warpgan-diffusiong-inpainting/warpgan-diffusion-inpainting-main/experiments/train_inpainting_diffusion/[20260915-085455]_v19_w6b_300k/logs/images/train/synth_step0046000.png
[step 46050] real_p1_mirror_hole_cov=0.1263 real_p1_eps=0.1355 real_p1_hole_frac=0.4291 real_p2_eps=0.2549 real_p2_hit=1.0000 real_p2_t=212.0000 real_p2_ldif=0.0919 real_p2_gen_adv=-0.0524 real_p2_lfm=0.0061 real_total=0.4893 discr_adv=1.0902 p2_d_real=-0.1281 p2_d_fake=0.0524 g_grad_abs=1731.3986 d_grad_abs=829.0727 synth_eps=0.0873 synth_eps_raw=0.0873 synth_x0_hit=0.0000 synth_total=0.0873 extra_render_attn_share=0.5579
[step 46100] real_p1_mirror_hole_cov=0.1603 real_p1_eps=0.1361 real_p1_hole_frac=0.4957 real_p2_eps=0.0121 real_p2_hit=0.0000 real_total=0.1482 synth_eps=0.0007 synth_eps_raw=0.0007 synth_x0_hit=0.0000 synth_total=0.0007 extra_render_attn_share=0.5579
[step 46150] real_p1_mirror_hole_cov=0.0003 real_p1_eps=0.0029 real_p1_hole_frac=0.2244 real_p2_eps=0.0384 real_p2_hit=0.0000 real_total=0.0414 synth_eps=0.0042 synth_eps_raw=0.0042 synth_x0_hit=0.0000 synth_total=0.0042 extra_render_attn_share=0.5579
[step 46200] real_p1_mirror_hole_cov=0.0585 real_p1_eps=0.2068 real_p1_hole_frac=0.4008 real_p2_eps=0.0088 real_p2_hit=0.0000 real_total=0.2156 synth_eps=0.0575 synth_eps_raw=0.0575 synth_x0_hit=0.0000 synth_total=0.0575 extra_render_attn_share=0.5579
[step 46250] real_p1_mirror_hole_cov=0.2387 real_p1_eps=0.0018 real_p1_hole_frac=0.3063 real_p2_eps=0.0563 real_p2_hit=0.0000 real_total=0.0581 synth_eps=0.0095 synth_eps_raw=0.0095 synth_x0_hit=0.0000 synth_total=0.0095 extra_render_attn_share=0.5579
[step 46300] real_p1_mirror_hole_cov=0.0340 real_p1_eps=0.1255 real_p1_hole_frac=0.1759 real_p2_eps=0.0486 real_p2_hit=0.0000 real_total=0.1742 synth_eps=0.0125 synth_eps_raw=0.0125 synth_x0_hit=0.0000 synth_total=0.0125 extra_render_attn_share=0.5579
[step 46350] real_p1_mirror_hole_cov=0.1361 real_p1_eps=0.0019 real_p1_hole_frac=0.2995 real_p2_eps=0.0479 real_p2_hit=0.0000 real_total=0.0499 discr_adv=0.9461 x0_d_real=0.7319 x0_d_fake=0.6240 g_grad_abs=437.5514 d_grad_abs=348.7597 synth_eps=0.0167 synth_eps_raw=0.0167 synth_x0_hit=0.0000 synth_total=0.0167 extra_render_attn_share=0.5579
[step 46400] real_p1_mirror_hole_cov=0.2708 real_p1_eps=0.0041 real_p1_hole_frac=0.6021 real_p2_eps=0.0613 real_p2_hit=0.0000 real_total=0.0654 synth_eps=0.4659 synth_eps_raw=0.4659 synth_x0_hit=1.0000 synth_x0_t=86.0000 synth_x0_ldif=0.0454 synth_x0_gen_adv=-0.2748 synth_x0_lfm=0.0034 synth_total=0.4906 extra_render_attn_share=0.5579
[step 46450] real_p1_mirror_hole_cov=0.0472 real_p1_eps=0.0027 real_p1_hole_frac=0.3835 real_p2_eps=0.0722 real_p2_hit=0.0000 real_total=0.0749 synth_eps=0.0368 synth_eps_raw=0.0368 synth_x0_hit=0.0000 synth_total=0.0368 extra_render_attn_share=0.5579
[step 46500] real_p1_mirror_hole_cov=0.1224 real_p1_eps=0.0279 real_p1_hole_frac=0.0484 real_p2_eps=0.1975 real_p2_hit=1.0000 real_p2_t=86.0000 real_p2_ldif=0.0192 real_p2_gen_adv=-0.4109 real_p2_lfm=0.0027 real_total=0.2090 discr_adv=1.1089 p2_d_real=0.1930 p2_d_fake=0.4109 g_grad_abs=1065.7653 d_grad_abs=506.7966 synth_eps=0.0026 synth_eps_raw=0.0026 synth_x0_hit=0.0000 synth_total=0.0026 extra_render_attn_share=0.5579
[images] real: anchor | cond1 | cond2 | inv_warp_mirror | mask | mask_inv | warp_img | warp_warp_img | x | y_hat | y_hat_novel -> /home/xzy/warpgan-diffusiong-inpainting/warpgan-diffusion-inpainting-main/experiments/train_inpainting_diffusion/[20260915-085455]_v19_w6b_300k/logs/images/train/real_step0046500.png
[images] synth: cond | mask | target | warp_img | x | y_hat_novel -> /home/xzy/warpgan-diffusiong-inpainting/warpgan-diffusion-inpainting-main/experiments/train_inpainting_diffusion/[20260915-085455]_v19_w6b_300k/logs/images/train/synth_step0046500.png
[step 46550] real_p1_mirror_hole_cov=0.1993 real_p1_eps=0.0200 real_p1_hole_frac=0.2552 real_p2_eps=0.3799 real_p2_hit=1.0000 real_p2_t=57.0000 real_p2_ldif=0.0225 real_p2_gen_adv=-0.5470 real_p2_lfm=0.0024 real_total=0.3725 discr_adv=0.9855 p2_d_real=0.5761 p2_d_fake=0.5470 g_grad_abs=1403.7572 d_grad_abs=169.2959 synth_eps=0.0071 synth_eps_raw=0.0071 synth_x0_hit=0.0000 synth_total=0.0071 extra_render_attn_share=0.5579
[step 46600] real_p1_mirror_hole_cov=0.0421 real_p1_eps=0.0092 real_p1_hole_frac=0.0946 real_p2_eps=0.0090 real_p2_hit=0.0000 real_total=0.0183 synth_eps=0.0480 synth_eps_raw=0.0480 synth_x0_hit=0.0000 synth_total=0.0480 extra_render_attn_share=0.5579
[step 46650] real_p1_mirror_hole_cov=0.0272 real_p1_eps=0.0433 real_p1_hole_frac=0.0513 real_p2_eps=0.0503 real_p2_hit=0.0000 real_total=0.0936 discr_adv=0.9255 x0_d_real=-0.0438 x0_d_fake=-0.1933 g_grad_abs=484.2267 d_grad_abs=350.8402 synth_eps=0.1392 synth_eps_raw=0.1392 synth_x0_hit=0.0000 synth_total=0.1392 extra_render_attn_share=0.5579
[step 46700] real_p1_mirror_hole_cov=0.0093 real_p1_eps=0.0302 real_p1_hole_frac=0.0730 real_p2_eps=0.0320 real_p2_hit=0.0000 real_total=0.0622 synth_eps=0.0080 synth_eps_raw=0.0080 synth_x0_hit=0.0000 synth_total=0.0080 extra_render_attn_share=0.5579
[step 46750] real_p1_mirror_hole_cov=0.0041 real_p1_eps=0.0024 real_p1_hole_frac=0.1217 real_p2_eps=0.1930 real_p2_hit=1.0000 real_p2_t=91.0000 real_p2_ldif=0.0202 real_p2_gen_adv=0.0098 real_p2_lfm=0.0016 real_total=0.2198 discr_adv=1.8970 x0_d_real=-0.0985 x0_d_fake=-0.3317 p2_d_real=-0.0369 p2_d_fake=-0.0098 g_grad_abs=1170.4108 d_grad_abs=467.2377 synth_eps=0.2310 synth_eps_raw=0.2310 synth_x0_hit=1.0000 synth_x0_t=226.0000 synth_x0_ldif=0.0931 synth_x0_gen_adv=0.0262 synth_x0_lfm=0.0075 synth_total=0.3416 extra_render_attn_share=0.5579
[step 46800] real_p1_mirror_hole_cov=0.0802 real_p1_eps=0.1388 real_p1_hole_frac=0.5199 real_p2_eps=0.1350 real_p2_hit=0.0000 real_total=0.2738 synth_eps=0.0161 synth_eps_raw=0.0161 synth_x0_hit=0.0000 synth_total=0.0161 extra_render_attn_share=0.5579
[step 46850] real_p1_mirror_hole_cov=0.0111 real_p1_eps=0.0054 real_p1_hole_frac=0.1182 real_p2_eps=0.1916 real_p2_hit=1.0000 real_p2_t=133.0000 real_p2_ldif=0.0335 real_p2_gen_adv=-0.8878 real_p2_lfm=0.0030 real_total=0.1477 discr_adv=1.0730 p2_d_real=0.7418 p2_d_fake=0.8878 g_grad_abs=1188.5470 d_grad_abs=1280.0255 synth_eps=0.0130 synth_eps_raw=0.0130 synth_x0_hit=0.0000 synth_total=0.0130 extra_render_attn_share=0.5579
[step 46900] real_p1_mirror_hole_cov=0.1311 real_p1_eps=0.0083 real_p1_hole_frac=0.1514 real_p2_eps=0.0017 real_p2_hit=0.0000 real_total=0.0100 synth_eps=0.0057 synth_eps_raw=0.0057 synth_x0_hit=0.0000 synth_total=0.0057 extra_render_attn_share=0.5579
[step 46950] real_p1_mirror_hole_cov=0.1524 real_p1_eps=0.0017 real_p1_hole_frac=0.5382 real_p2_eps=0.0289 real_p2_hit=0.0000 real_total=0.0306 discr_adv=1.0424 x0_d_real=-0.1264 x0_d_fake=-0.0417 g_grad_abs=841.7493 d_grad_abs=251.7412 synth_eps=0.0384 synth_eps_raw=0.0384 synth_x0_hit=0.0000 synth_total=0.0384 extra_render_attn_share=0.5579
[step 47000] real_p1_mirror_hole_cov=0.0049 real_p1_eps=0.0017 real_p1_hole_frac=0.1429 real_p2_eps=0.0093 real_p2_hit=0.0000 real_total=0.0110 synth_eps=0.0725 synth_eps_raw=0.0725 synth_x0_hit=0.0000 synth_total=0.0725 extra_render_attn_share=0.5579
[images] real: anchor | cond1 | cond2 | inv_warp_mirror | mask | mask_inv | warp_img | warp_warp_img | x | y_hat | y_hat_novel -> /home/xzy/warpgan-diffusiong-inpainting/warpgan-diffusion-inpainting-main/experiments/train_inpainting_diffusion/[20260915-085455]_v19_w6b_300k/logs/images/train/real_step0047000.png
[images] synth: cond | mask | target | warp_img | x | y_hat_novel -> /home/xzy/warpgan-diffusiong-inpainting/warpgan-diffusion-inpainting-main/experiments/train_inpainting_diffusion/[20260915-085455]_v19_w6b_300k/logs/images/train/synth_step0047000.png
[step 47050] real_p1_mirror_hole_cov=0.1118 real_p1_eps=0.0049 real_p1_hole_frac=0.1484 real_p2_eps=0.3228 real_p2_hit=1.0000 real_p2_t=51.0000 real_p2_ldif=0.0168 real_p2_gen_adv=-0.0777 real_p2_lfm=0.0029 real_total=0.3426 discr_adv=2.0064 x0_d_real=0.0781 x0_d_fake=0.0727 p2_d_real=0.0594 p2_d_fake=0.0777 g_grad_abs=1411.3822 d_grad_abs=111.6079 synth_eps=0.1442 synth_eps_raw=0.1442 synth_x0_hit=0.0000 synth_total=0.1442 extra_render_attn_share=0.5579
[step 47100] real_p1_mirror_hole_cov=0.0128 real_p1_eps=0.0016 real_p1_hole_frac=0.3319 real_p2_eps=0.0059 real_p2_hit=0.0000 real_total=0.0074 synth_eps=0.4102 synth_eps_raw=0.4102 synth_x0_hit=1.0000 synth_x0_t=87.0000 synth_x0_ldif=0.0405 synth_x0_gen_adv=0.2471 synth_x0_lfm=0.0031 synth_total=0.4817 extra_render_attn_share=0.5579
[step 47150] real_p1_mirror_hole_cov=0.1800 real_p1_eps=0.0123 real_p1_hole_frac=0.2810 real_p2_eps=0.0059 real_p2_hit=0.0000 real_total=0.0183 synth_eps=0.0563 synth_eps_raw=0.0563 synth_x0_hit=0.0000 synth_total=0.0563 extra_render_attn_share=0.5579
[step 47200] real_p1_mirror_hole_cov=0.0280 real_p1_eps=0.0022 real_p1_hole_frac=0.0812 real_p2_eps=0.0172 real_p2_hit=0.0000 real_total=0.0194 synth_eps=0.1579 synth_eps_raw=0.1579 synth_x0_hit=1.0000 synth_x0_t=280.0000 synth_x0_ldif=0.0951 synth_x0_gen_adv=0.1241 synth_x0_lfm=0.0047 synth_total=0.2747 extra_render_attn_share=0.5579
[step 47250] real_p1_mirror_hole_cov=0.1368 real_p1_eps=0.6087 real_p1_hole_frac=0.3298 real_p2_eps=0.2632 real_p2_hit=1.0000 real_p2_t=133.0000 real_p2_ldif=0.0460 real_p2_gen_adv=0.0963 real_p2_lfm=0.0041 real_total=0.9357 discr_adv=0.9703 p2_d_real=-0.0368 p2_d_fake=-0.0963 g_grad_abs=1820.6774 d_grad_abs=177.6096 synth_eps=0.0241 synth_eps_raw=0.0241 synth_x0_hit=0.0000 synth_total=0.0241 extra_render_attn_share=0.5579
[step 47300] real_p1_mirror_hole_cov=0.0480 real_p1_eps=0.0293 real_p1_hole_frac=0.0780 real_p2_eps=0.0308 real_p2_hit=0.0000 real_total=0.0601 synth_eps=0.0094 synth_eps_raw=0.0094 synth_x0_hit=0.0000 synth_total=0.0094 extra_render_attn_share=0.5579
[step 47350] real_p1_mirror_hole_cov=0.0106 real_p1_eps=0.0025 real_p1_hole_frac=0.0683 real_p2_eps=0.0021 real_p2_hit=0.0000 real_total=0.0047 synth_eps=0.1032 synth_eps_raw=0.1032 synth_x0_hit=0.0000 synth_total=0.1032 extra_render_attn_share=0.5579
[step 47400] real_p1_mirror_hole_cov=0.1018 real_p1_eps=0.0068 real_p1_hole_frac=0.3400 real_p2_eps=0.0411 real_p2_hit=0.0000 real_total=0.0479 discr_adv=0.9497 x0_d_real=-0.5742 x0_d_fake=-0.6933 g_grad_abs=317.2611 d_grad_abs=1074.8429 synth_eps=0.0249 synth_eps_raw=0.0249 synth_x0_hit=0.0000 synth_total=0.0249 extra_render_attn_share=0.5579
[step 47450] real_p1_mirror_hole_cov=0.1157 real_p1_eps=0.0289 real_p1_hole_frac=0.1301 real_p2_eps=0.0256 real_p2_hit=0.0000 real_total=0.0544 synth_eps=0.0107 synth_eps_raw=0.0107 synth_x0_hit=0.0000 synth_total=0.0107 extra_render_attn_share=0.5579
[step 47500] real_p1_mirror_hole_cov=0.2346 real_p1_eps=0.0049 real_p1_hole_frac=0.3114 real_p2_eps=0.5183 real_p2_hit=1.0000 real_p2_t=46.0000 real_p2_ldif=0.0240 real_p2_gen_adv=-0.8488 real_p2_lfm=0.0014 real_total=0.4651 discr_adv=0.9829 p2_d_real=0.8848 p2_d_fake=0.8488 g_grad_abs=1166.7054 d_grad_abs=219.0073 synth_eps=0.0091 synth_eps_raw=0.0091 synth_x0_hit=0.0000 synth_total=0.0091 extra_render_attn_share=0.5579
[images] real: anchor | cond1 | cond2 | inv_warp_mirror | mask | mask_inv | warp_img | warp_warp_img | x | y_hat | y_hat_novel -> /home/xzy/warpgan-diffusiong-inpainting/warpgan-diffusion-inpainting-main/experiments/train_inpainting_diffusion/[20260915-085455]_v19_w6b_300k/logs/images/train/real_step0047500.png
[images] synth: cond | mask | target | warp_img | x | y_hat_novel -> /home/xzy/warpgan-diffusiong-inpainting/warpgan-diffusion-inpainting-main/experiments/train_inpainting_diffusion/[20260915-085455]_v19_w6b_300k/logs/images/train/synth_step0047500.png
[step 47550] real_p1_mirror_hole_cov=0.0250 real_p1_eps=0.0307 real_p1_hole_frac=0.1984 real_p2_eps=0.0665 real_p2_hit=0.0000 real_total=0.0972 synth_eps=0.0080 synth_eps_raw=0.0080 synth_x0_hit=0.0000 synth_total=0.0080 extra_render_attn_share=0.5579
[step 47600] real_p1_mirror_hole_cov=0.3376 real_p1_eps=0.0194 real_p1_hole_frac=0.4667 real_p2_eps=0.1340 real_p2_hit=0.0000 real_total=0.1534 synth_eps=0.0319 synth_eps_raw=0.0319 synth_x0_hit=0.0000 synth_total=0.0319 extra_render_attn_share=0.5579
[step 47650] real_p1_mirror_hole_cov=0.0910 real_p1_eps=0.0097 real_p1_hole_frac=0.5054 real_p2_eps=0.0884 real_p2_hit=0.0000 real_total=0.0982 synth_eps=0.0027 synth_eps_raw=0.0027 synth_x0_hit=0.0000 synth_total=0.0027 extra_render_attn_share=0.5579
[step 47700] real_p1_mirror_hole_cov=0.3593 real_p1_eps=0.3004 real_p1_hole_frac=0.7031 real_p2_eps=0.3219 real_p2_hit=1.0000 real_p2_t=130.0000 real_p2_ldif=0.0544 real_p2_gen_adv=0.0687 real_p2_lfm=0.0038 real_total=0.6912 discr_adv=1.7620 x0_d_real=0.0500 x0_d_fake=-0.1073 p2_d_real=0.2500 p2_d_fake=-0.0687 g_grad_abs=1541.2556 d_grad_abs=1162.1774 synth_eps=0.0986 synth_eps_raw=0.0986 synth_x0_hit=0.0000 synth_total=0.0986 extra_render_attn_share=0.5579
[step 47750] real_p1_mirror_hole_cov=0.1961 real_p1_eps=0.2894 real_p1_hole_frac=0.4940 real_p2_eps=0.0039 real_p2_hit=0.0000 real_total=0.2933 synth_eps=0.0628 synth_eps_raw=0.0628 synth_x0_hit=0.0000 synth_total=0.0628 extra_render_attn_share=0.5579
[step 47800] real_p1_mirror_hole_cov=0.0712 real_p1_eps=0.0742 real_p1_hole_frac=0.0302 real_p2_eps=0.0026 real_p2_hit=0.0000 real_total=0.0768 synth_eps=0.0181 synth_eps_raw=0.0181 synth_x0_hit=0.0000 synth_total=0.0181 extra_render_attn_share=0.5579
[step 47850] real_p1_mirror_hole_cov=0.2249 real_p1_eps=0.2163 real_p1_hole_frac=0.4393 real_p2_eps=0.3554 real_p2_hit=1.0000 real_p2_t=74.0000 real_p2_ldif=0.0287 real_p2_gen_adv=0.8492 real_p2_lfm=0.0030 real_total=0.6912 discr_adv=1.8592 x0_d_real=-0.6789 x0_d_fake=-0.9020 p2_d_real=-0.7772 p2_d_fake=-0.8492 g_grad_abs=1441.5297 d_grad_abs=966.7463 synth_eps=0.0989 synth_eps_raw=0.0989 synth_x0_hit=0.0000 synth_total=0.0989 extra_render_attn_share=0.5579
[step 47900] real_p1_mirror_hole_cov=0.0938 real_p1_eps=0.0278 real_p1_hole_frac=0.3427 real_p2_eps=0.0021 real_p2_hit=0.0000 real_total=0.0299 synth_eps=0.3605 synth_eps_raw=0.3605 synth_x0_hit=1.0000 synth_x0_t=140.0000 synth_x0_ldif=0.0678 synth_x0_gen_adv=-0.9320 synth_x0_lfm=0.0053 synth_total=0.3457 extra_render_attn_share=0.5579
[step 47950] real_p1_mirror_hole_cov=0.1319 real_p1_eps=0.0894 real_p1_hole_frac=0.1731 real_p2_eps=0.0015 real_p2_hit=0.0000 real_total=0.0910 synth_eps=0.0245 synth_eps_raw=0.0245 synth_x0_hit=0.0000 synth_total=0.0245 extra_render_attn_share=0.5579
[val step 47999] val_novel_full=0.0640 val_novel_hole=0.0644 val_novel_visible=0.0638
[step 48000] real_p1_mirror_hole_cov=0.2049 real_p1_eps=0.0082 real_p1_hole_frac=0.1228 real_p2_eps=0.1632 real_p2_hit=1.0000 real_p2_t=90.0000 real_p2_ldif=0.0168 real_p2_gen_adv=0.9171 real_p2_lfm=0.0021 real_total=0.2841 discr_adv=1.0116 p2_d_real=-0.9096 p2_d_fake=-0.9171 g_grad_abs=1181.6461 d_grad_abs=274.4771 synth_eps=0.1566 synth_eps_raw=0.1566 synth_x0_hit=0.0000 synth_total=0.1566 extra_render_attn_share=0.5538
[images] real: anchor | cond1 | cond2 | inv_warp_mirror | mask | mask_inv | warp_img | warp_warp_img | x | y_hat | y_hat_novel -> /home/xzy/warpgan-diffusiong-inpainting/warpgan-diffusion-inpainting-main/experiments/train_inpainting_diffusion/[20260915-085455]_v19_w6b_300k/logs/images/train/real_step0048000.png
[images] synth: cond | mask | target | warp_img | x | y_hat_novel -> /home/xzy/warpgan-diffusiong-inpainting/warpgan-diffusion-inpainting-main/experiments/train_inpainting_diffusion/[20260915-085455]_v19_w6b_300k/logs/images/train/synth_step0048000.png
[step 48050] real_p1_mirror_hole_cov=0.0135 real_p1_eps=0.0967 real_p1_hole_frac=0.2083 real_p2_eps=0.0129 real_p2_hit=0.0000 real_total=0.1095 discr_adv=0.7915 x0_d_real=0.0459 x0_d_fake=-0.3712 g_grad_abs=628.5856 d_grad_abs=953.4311 synth_eps=0.6666 synth_eps_raw=0.6666 synth_x0_hit=1.0000 synth_x0_t=18.0000 synth_x0_ldif=0.0114 synth_x0_gen_adv=0.1771 synth_x0_lfm=0.0017 synth_total=0.6990 extra_render_attn_share=0.5538
[step 48100] real_p1_mirror_hole_cov=0.0947 real_p1_eps=0.0268 real_p1_hole_frac=0.3831 real_p2_eps=0.4590 real_p2_hit=1.0000 real_p2_t=61.0000 real_p2_ldif=0.0294 real_p2_gen_adv=0.6792 real_p2_lfm=0.0034 real_total=0.5900 discr_adv=1.0795 p2_d_real=-0.8306 p2_d_fake=-0.6792 g_grad_abs=1207.5250 d_grad_abs=973.9250 synth_eps=0.5145 synth_eps_raw=0.5145 synth_x0_hit=1.0000 synth_x0_t=55.0000 synth_x0_ldif=0.0292 synth_x0_gen_adv=0.7457 synth_x0_lfm=0.0038 synth_total=0.6259 extra_render_attn_share=0.5538
[step 48150] real_p1_mirror_hole_cov=0.0031 real_p1_eps=0.0554 real_p1_hole_frac=0.1097 real_p2_eps=0.0147 real_p2_hit=0.0000 real_total=0.0701 synth_eps=0.0102 synth_eps_raw=0.0102 synth_x0_hit=0.0000 synth_total=0.0102 extra_render_attn_share=0.5538
[step 48200] real_p1_mirror_hole_cov=0.0096 real_p1_eps=0.0006 real_p1_hole_frac=0.1686 real_p2_eps=0.1866 real_p2_hit=1.0000 real_p2_t=112.0000 real_p2_ldif=0.0257 real_p2_gen_adv=0.5482 real_p2_lfm=0.0026 real_total=0.2729 discr_adv=1.8912 x0_d_real=-0.7131 x0_d_fake=-0.8651 p2_d_real=-0.4825 p2_d_fake=-0.5482 g_grad_abs=835.5558 d_grad_abs=337.2582 synth_eps=0.0781 synth_eps_raw=0.0781 synth_x0_hit=0.0000 synth_total=0.0781 extra_render_attn_share=0.5538
[step 48250] real_p1_mirror_hole_cov=0.0077 real_p1_eps=0.1209 real_p1_hole_frac=0.2835 real_p2_eps=0.0161 real_p2_hit=0.0000 real_total=0.1370 discr_adv=0.8197 x0_d_real=-0.2098 x0_d_fake=-0.5704 g_grad_abs=684.9118 d_grad_abs=623.9732 synth_eps=0.0120 synth_eps_raw=0.0120 synth_x0_hit=0.0000 synth_total=0.0120 extra_render_attn_share=0.5538
[step 48300] real_p1_mirror_hole_cov=0.2018 real_p1_eps=0.3921 real_p1_hole_frac=0.4454 real_p2_eps=0.0972 real_p2_hit=0.0000 real_total=0.4893 discr_adv=0.9924 x0_d_real=0.7575 x0_d_fake=0.7424 g_grad_abs=1425.0682 d_grad_abs=99.6132 synth_eps=0.0221 synth_eps_raw=0.0221 synth_x0_hit=0.0000 synth_total=0.0221 extra_render_attn_share=0.5538
[step 48350] real_p1_mirror_hole_cov=0.0124 real_p1_eps=0.0853 real_p1_hole_frac=0.1299 real_p2_eps=0.1394 real_p2_hit=1.0000 real_p2_t=230.0000 real_p2_ldif=0.0580 real_p2_gen_adv=-0.3174 real_p2_lfm=0.0038 real_total=0.2586 discr_adv=1.1186 p2_d_real=0.0802 p2_d_fake=0.3174 g_grad_abs=1161.9201 d_grad_abs=355.5691 synth_eps=0.4187 synth_eps_raw=0.4187 synth_x0_hit=1.0000 synth_x0_t=111.0000 synth_x0_ldif=0.0569 synth_x0_gen_adv=0.3179 synth_x0_lfm=0.0055 synth_total=0.5185 extra_render_attn_share=0.5538
[step 48400] real_p1_mirror_hole_cov=0.0226 real_p1_eps=0.0212 real_p1_hole_frac=0.0488 real_p2_eps=0.0948 real_p2_hit=1.0000 real_p2_t=190.0000 real_p2_ldif=0.0285 real_p2_gen_adv=-0.5268 real_p2_lfm=0.0021 real_total=0.0960 discr_adv=1.1247 p2_d_real=0.2774 p2_d_fake=0.5268 g_grad_abs=1004.9748 d_grad_abs=564.0339 synth_eps=0.3045 synth_eps_raw=0.3045 synth_x0_hit=1.0000 synth_x0_t=125.0000 synth_x0_ldif=0.0487 synth_x0_gen_adv=-0.1165 synth_x0_lfm=0.0039 synth_total=0.3494 extra_render_attn_share=0.5538
[step 48450] real_p1_mirror_hole_cov=0.2763 real_p1_eps=0.0918 real_p1_hole_frac=0.2625 real_p2_eps=0.0050 real_p2_hit=0.0000 real_total=0.0969 synth_eps=0.3133 synth_eps_raw=0.3133 synth_x0_hit=1.0000 synth_x0_t=133.0000 synth_x0_ldif=0.0547 synth_x0_gen_adv=-0.1732 synth_x0_lfm=0.0043 synth_total=0.3592 extra_render_attn_share=0.5538
[step 48500] real_p1_mirror_hole_cov=0.1592 real_p1_eps=0.2233 real_p1_hole_frac=0.3710 real_p2_eps=0.2371 real_p2_hit=1.0000 real_p2_t=250.0000 real_p2_ldif=0.1148 real_p2_gen_adv=-0.6461 real_p2_lfm=0.0062 real_total=0.5228 discr_adv=0.9298 p2_d_real=0.7864 p2_d_fake=0.6461 g_grad_abs=1690.7388 d_grad_abs=765.8934 synth_eps=0.0068 synth_eps_raw=0.0068 synth_x0_hit=0.0000 synth_total=0.0068 extra_render_attn_share=0.5538
[images] real: anchor | cond1 | cond2 | inv_warp_mirror | mask | mask_inv | warp_img | warp_warp_img | x | y_hat | y_hat_novel -> /home/xzy/warpgan-diffusiong-inpainting/warpgan-diffusion-inpainting-main/experiments/train_inpainting_diffusion/[20260915-085455]_v19_w6b_300k/logs/images/train/real_step0048500.png
[images] synth: cond | mask | target | warp_img | x | y_hat_novel -> /home/xzy/warpgan-diffusiong-inpainting/warpgan-diffusion-inpainting-main/experiments/train_inpainting_diffusion/[20260915-085455]_v19_w6b_300k/logs/images/train/synth_step0048500.png
[step 48550] real_p1_mirror_hole_cov=0.0588 real_p1_eps=0.0116 real_p1_hole_frac=0.0089 real_p2_eps=0.0007 real_p2_hit=0.0000 real_total=0.0123 synth_eps=0.0650 synth_eps_raw=0.0650 synth_x0_hit=0.0000 synth_total=0.0650 extra_render_attn_share=0.5538
[step 48600] real_p1_mirror_hole_cov=0.0609 real_p1_eps=0.0339 real_p1_hole_frac=0.1062 real_p2_eps=0.0080 real_p2_hit=0.0000 real_total=0.0420 discr_adv=0.9426 x0_d_real=0.0037 x0_d_fake=-0.1111 g_grad_abs=505.5607 d_grad_abs=271.0043 synth_eps=0.0259 synth_eps_raw=0.0259 synth_x0_hit=0.0000 synth_total=0.0259 extra_render_attn_share=0.5538
[step 48650] real_p1_mirror_hole_cov=0.0209 real_p1_eps=0.0031 real_p1_hole_frac=0.4447 real_p2_eps=0.2909 real_p2_hit=1.0000 real_p2_t=153.0000 real_p2_ldif=0.0623 real_p2_gen_adv=-0.3845 real_p2_lfm=0.0032 real_total=0.3243 discr_adv=0.9912 p2_d_real=0.4020 p2_d_fake=0.3845 g_grad_abs=1459.1346 d_grad_abs=73.2847 synth_eps=0.0176 synth_eps_raw=0.0176 synth_x0_hit=0.0000 synth_total=0.0176 extra_render_attn_share=0.5538
[step 48700] real_p1_mirror_hole_cov=0.0928 real_p1_eps=0.0491 real_p1_hole_frac=0.1797 real_p2_eps=0.0291 real_p2_hit=0.0000 real_total=0.0781 synth_eps=0.0536 synth_eps_raw=0.0536 synth_x0_hit=0.0000 synth_total=0.0536 extra_render_attn_share=0.5538
[step 48750] real_p1_mirror_hole_cov=0.0115 real_p1_eps=0.0020 real_p1_hole_frac=0.1854 real_p2_eps=0.1283 real_p2_hit=1.0000 real_p2_t=196.0000 real_p2_ldif=0.0405 real_p2_gen_adv=0.1805 real_p2_lfm=0.0035 real_total=0.1959 discr_adv=1.0257 p2_d_real=-0.2319 p2_d_fake=-0.1805 g_grad_abs=943.4429 d_grad_abs=110.1467 synth_eps=0.0053 synth_eps_raw=0.0053 synth_x0_hit=0.0000 synth_total=0.0053 extra_render_attn_share=0.5538
[step 48800] real_p1_mirror_hole_cov=0.1252 real_p1_eps=0.2066 real_p1_hole_frac=0.1763 real_p2_eps=0.0143 real_p2_hit=0.0000 real_total=0.2209 synth_eps=0.0093 synth_eps_raw=0.0093 synth_x0_hit=0.0000 synth_total=0.0093 extra_render_attn_share=0.5538
[step 48850] real_p1_mirror_hole_cov=0.0858 real_p1_eps=0.0452 real_p1_hole_frac=0.0834 real_p2_eps=0.1218 real_p2_hit=1.0000 real_p2_t=188.0000 real_p2_ldif=0.0360 real_p2_gen_adv=-0.7206 real_p2_lfm=0.0030 real_total=0.1369 discr_adv=0.9926 p2_d_real=0.7354 p2_d_fake=0.7206 g_grad_abs=1167.9621 d_grad_abs=89.8177 synth_eps=0.0030 synth_eps_raw=0.0030 synth_x0_hit=0.0000 synth_total=0.0030 extra_render_attn_share=0.5538
[step 48900] real_p1_mirror_hole_cov=0.0519 real_p1_eps=0.1864 real_p1_hole_frac=0.2883 real_p2_eps=0.1665 real_p2_hit=1.0000 real_p2_t=274.0000 real_p2_ldif=0.0961 real_p2_gen_adv=0.0215 real_p2_lfm=0.0061 real_total=0.4634 discr_adv=0.9543 p2_d_real=0.0700 p2_d_fake=-0.0215 g_grad_abs=1569.9633 d_grad_abs=184.0703 synth_eps=0.1848 synth_eps_raw=0.1848 synth_x0_hit=1.0000 synth_x0_t=207.0000 synth_x0_ldif=0.0640 synth_x0_gen_adv=0.0444 synth_x0_lfm=0.0057 synth_total=0.2645 extra_render_attn_share=0.5538
[step 48950] real_p1_mirror_hole_cov=0.2366 real_p1_eps=0.0049 real_p1_hole_frac=0.2241 real_p2_eps=0.2295 real_p2_hit=1.0000 real_p2_t=159.0000 real_p2_ldif=0.0521 real_p2_gen_adv=-0.3727 real_p2_lfm=0.0040 real_total=0.2572 discr_adv=1.0859 p2_d_real=0.2009 p2_d_fake=0.3727 g_grad_abs=1261.3929 d_grad_abs=446.5313 synth_eps=0.5392 synth_eps_raw=0.5392 synth_x0_hit=1.0000 synth_x0_t=52.0000 synth_x0_ldif=0.0287 synth_x0_gen_adv=-0.1156 synth_x0_lfm=0.0035 synth_total=0.5633 extra_render_attn_share=0.5538
[step 49000] real_p1_mirror_hole_cov=0.1717 real_p1_eps=0.0029 real_p1_hole_frac=0.3195 real_p2_eps=0.3170 real_p2_hit=1.0000 real_p2_t=131.0000 real_p2_ldif=0.0542 real_p2_gen_adv=-0.3970 real_p2_lfm=0.0038 real_total=0.3420 discr_adv=1.9325 x0_d_real=-0.2370 x0_d_fake=-0.4368 p2_d_real=0.3336 p2_d_fake=0.3970 g_grad_abs=1631.2797 d_grad_abs=633.5098 synth_eps=0.0165 synth_eps_raw=0.0165 synth_x0_hit=0.0000 synth_total=0.0165 extra_render_attn_share=0.5538
[images] real: anchor | cond1 | cond2 | inv_warp_mirror | mask | mask_inv | warp_img | warp_warp_img | x | y_hat | y_hat_novel -> /home/xzy/warpgan-diffusiong-inpainting/warpgan-diffusion-inpainting-main/experiments/train_inpainting_diffusion/[20260915-085455]_v19_w6b_300k/logs/images/train/real_step0049000.png
[images] synth: cond | mask | target | warp_img | x | y_hat_novel -> /home/xzy/warpgan-diffusiong-inpainting/warpgan-diffusion-inpainting-main/experiments/train_inpainting_diffusion/[20260915-085455]_v19_w6b_300k/logs/images/train/synth_step0049000.png
[step 49050] real_p1_mirror_hole_cov=0.1664 real_p1_eps=0.0014 real_p1_hole_frac=0.4495 real_p2_eps=0.0905 real_p2_hit=0.0000 real_total=0.0919 synth_eps=0.0028 synth_eps_raw=0.0028 synth_x0_hit=0.0000 synth_total=0.0028 extra_render_attn_share=0.5538
[step 49100] real_p1_mirror_hole_cov=0.0799 real_p1_eps=0.2158 real_p1_hole_frac=0.1403 real_p2_eps=0.1058 real_p2_hit=1.0000 real_p2_t=234.0000 real_p2_ldif=0.0454 real_p2_gen_adv=-0.1008 real_p2_lfm=0.0037 real_total=0.3642 discr_adv=1.1681 p2_d_real=-0.2353 p2_d_fake=0.1008 g_grad_abs=1847.1154 d_grad_abs=602.8266 synth_eps=0.1818 synth_eps_raw=0.1818 synth_x0_hit=1.0000 synth_x0_t=282.0000 synth_x0_ldif=0.1111 synth_x0_gen_adv=0.1748 synth_x0_lfm=0.0082 synth_total=0.3268 extra_render_attn_share=0.5538
[step 49150] real_p1_mirror_hole_cov=0.0083 real_p1_eps=0.2117 real_p1_hole_frac=0.2098 real_p2_eps=0.2445 real_p2_hit=1.0000 real_p2_t=110.0000 real_p2_ldif=0.0328 real_p2_gen_adv=-0.3985 real_p2_lfm=0.0023 real_total=0.4538 discr_adv=1.0210 p2_d_real=0.3564 p2_d_fake=0.3985 g_grad_abs=1523.2237 d_grad_abs=258.9034 synth_eps=0.0032 synth_eps_raw=0.0032 synth_x0_hit=0.0000 synth_total=0.0032 extra_render_attn_share=0.5538
[step 49200] real_p1_mirror_hole_cov=0.0655 real_p1_eps=0.1497 real_p1_hole_frac=0.5088 real_p2_eps=0.1004 real_p2_hit=0.0000 real_total=0.2501 synth_eps=0.0280 synth_eps_raw=0.0280 synth_x0_hit=0.0000 synth_total=0.0280 extra_render_attn_share=0.5538
[step 49250] real_p1_mirror_hole_cov=0.0546 real_p1_eps=0.2931 real_p1_hole_frac=0.0991 real_p2_eps=0.1945 real_p2_hit=1.0000 real_p2_t=154.0000 real_p2_ldif=0.0421 real_p2_gen_adv=-0.3735 real_p2_lfm=0.0031 real_total=0.4986 discr_adv=1.0105 p2_d_real=0.3524 p2_d_fake=0.3735 g_grad_abs=1724.5227 d_grad_abs=125.1851 synth_eps=0.7312 synth_eps_raw=0.7312 synth_x0_hit=1.0000 synth_x0_t=13.0000 synth_x0_ldif=0.0091 synth_x0_gen_adv=0.7692 synth_x0_lfm=0.0016 synth_total=0.8203 extra_render_attn_share=0.5538
[step 49300] real_p1_mirror_hole_cov=0.0279 real_p1_eps=0.0366 real_p1_hole_frac=0.2394 real_p2_eps=0.0753 real_p2_hit=0.0000 real_total=0.1119 synth_eps=0.0484 synth_eps_raw=0.0484 synth_x0_hit=0.0000 synth_total=0.0484 extra_render_attn_share=0.5538
[step 49350] real_p1_mirror_hole_cov=0.1325 real_p1_eps=0.0190 real_p1_hole_frac=0.4325 real_p2_eps=0.0269 real_p2_hit=0.0000 real_total=0.0458 synth_eps=0.0137 synth_eps_raw=0.0137 synth_x0_hit=0.0000 synth_total=0.0137 extra_render_attn_share=0.5538
[step 49400] real_p1_mirror_hole_cov=0.1548 real_p1_eps=0.1305 real_p1_hole_frac=0.4676 real_p2_eps=0.0027 real_p2_hit=0.0000 real_total=0.1332 synth_eps=0.1381 synth_eps_raw=0.1381 synth_x0_hit=0.0000 synth_total=0.1381 extra_render_attn_share=0.5538
[step 49450] real_p1_mirror_hole_cov=0.0260 real_p1_eps=0.1051 real_p1_hole_frac=0.0636 real_p2_eps=0.0819 real_p2_hit=1.0000 real_p2_t=285.0000 real_p2_ldif=0.0511 real_p2_gen_adv=-0.8263 real_p2_lfm=0.0043 real_total=0.1642 discr_adv=2.1118 x0_d_real=-0.3956 x0_d_fake=-0.3007 p2_d_real=0.7049 p2_d_fake=0.8263 g_grad_abs=1256.7592 d_grad_abs=1438.0731 synth_eps=0.6506 synth_eps_raw=0.6506 synth_x0_hit=1.0000 synth_x0_t=18.0000 synth_x0_ldif=0.0111 synth_x0_gen_adv=-0.2240 synth_x0_lfm=0.0017 synth_total=0.6427 extra_render_attn_share=0.5538
[step 49500] real_p1_mirror_hole_cov=0.2440 real_p1_eps=0.0226 real_p1_hole_frac=0.0287 real_p2_eps=0.0115 real_p2_hit=0.0000 real_total=0.0341 synth_eps=0.0899 synth_eps_raw=0.0899 synth_x0_hit=0.0000 synth_total=0.0899 extra_render_attn_share=0.5538
[images] real: anchor | cond1 | cond2 | inv_warp_mirror | mask | mask_inv | warp_img | warp_warp_img | x | y_hat | y_hat_novel -> /home/xzy/warpgan-diffusiong-inpainting/warpgan-diffusion-inpainting-main/experiments/train_inpainting_diffusion/[20260915-085455]_v19_w6b_300k/logs/images/train/real_step0049500.png
[images] synth: cond | mask | target | warp_img | x | y_hat_novel -> /home/xzy/warpgan-diffusiong-inpainting/warpgan-diffusion-inpainting-main/experiments/train_inpainting_diffusion/[20260915-085455]_v19_w6b_300k/logs/images/train/synth_step0049500.png
[step 49550] real_p1_mirror_hole_cov=0.1535 real_p1_eps=0.0012 real_p1_hole_frac=0.2042 real_p2_eps=0.2597 real_p2_hit=1.0000 real_p2_t=189.0000 real_p2_ldif=0.0773 real_p2_gen_adv=-0.1609 real_p2_lfm=0.0045 real_total=0.3311 discr_adv=0.9483 p2_d_real=0.2644 p2_d_fake=0.1609 g_grad_abs=1566.7276 d_grad_abs=724.9107 synth_eps=0.0405 synth_eps_raw=0.0405 synth_x0_hit=0.0000 synth_total=0.0405 extra_render_attn_share=0.5538
[step 49600] real_p1_mirror_hole_cov=0.2031 real_p1_eps=0.0382 real_p1_hole_frac=0.3328 real_p2_eps=0.0109 real_p2_hit=0.0000 real_total=0.0491 synth_eps=0.0985 synth_eps_raw=0.0985 synth_x0_hit=0.0000 synth_total=0.0985 extra_render_attn_share=0.5538
[step 49650] real_p1_mirror_hole_cov=0.0942 real_p1_eps=0.0254 real_p1_hole_frac=0.4095 real_p2_eps=0.0011 real_p2_hit=0.0000 real_total=0.0265 synth_eps=0.1223 synth_eps_raw=0.1223 synth_x0_hit=0.0000 synth_total=0.1223 extra_render_attn_share=0.5538
[step 49700] real_p1_mirror_hole_cov=0.0960 real_p1_eps=0.0010 real_p1_hole_frac=0.1528 real_p2_eps=0.2338 real_p2_hit=1.0000 real_p2_t=118.0000 real_p2_ldif=0.0345 real_p2_gen_adv=0.2637 real_p2_lfm=0.0030 real_total=0.3017 discr_adv=1.0238 p2_d_real=-0.3114 p2_d_fake=-0.2637 g_grad_abs=1122.1090 d_grad_abs=134.1937 synth_eps=0.0461 synth_eps_raw=0.0461 synth_x0_hit=0.0000 synth_total=0.0461 extra_render_attn_share=0.5538
[step 49750] real_p1_mirror_hole_cov=0.0324 real_p1_eps=0.0019 real_p1_hole_frac=0.0678 real_p2_eps=0.1983 real_p2_hit=1.0000 real_p2_t=66.0000 real_p2_ldif=0.0140 real_p2_gen_adv=-0.7859 real_p2_lfm=0.0017 real_total=0.1389 discr_adv=1.9769 x0_d_real=0.9458 x0_d_fake=0.8942 p2_d_real=0.7925 p2_d_fake=0.7859 g_grad_abs=983.6024 d_grad_abs=402.2697 synth_eps=0.0020 synth_eps_raw=0.0020 synth_x0_hit=0.0000 synth_total=0.0020 extra_render_attn_share=0.5538
[step 49800] real_p1_mirror_hole_cov=0.2811 real_p1_eps=0.0033 real_p1_hole_frac=0.1628 real_p2_eps=0.0094 real_p2_hit=0.0000 real_total=0.0126 discr_adv=0.9823 x0_d_real=0.6704 x0_d_fake=0.6350 g_grad_abs=213.6601 d_grad_abs=161.4404 synth_eps=0.0036 synth_eps_raw=0.0036 synth_x0_hit=0.0000 synth_total=0.0036 extra_render_attn_share=0.5538
[step 49850] real_p1_mirror_hole_cov=0.1127 real_p1_eps=0.0522 real_p1_hole_frac=0.5542 real_p2_eps=0.0022 real_p2_hit=0.0000 real_total=0.0543 discr_adv=0.9667 x0_d_real=0.8524 x0_d_fake=0.7857 g_grad_abs=392.8854 d_grad_abs=184.5058 synth_eps=0.0099 synth_eps_raw=0.0099 synth_x0_hit=0.0000 synth_total=0.0099 extra_render_attn_share=0.5538
[step 49900] real_p1_mirror_hole_cov=0.0405 real_p1_eps=0.0214 real_p1_hole_frac=0.3859 real_p2_eps=0.2053 real_p2_hit=1.0000 real_p2_t=202.0000 real_p2_ldif=0.0682 real_p2_gen_adv=-0.0861 real_p2_lfm=0.0053 real_total=0.2968 discr_adv=0.8748 p2_d_real=0.3366 p2_d_fake=0.0861 g_grad_abs=1774.9063 d_grad_abs=951.2031 synth_eps=0.1285 synth_eps_raw=0.1285 synth_x0_hit=0.0000 synth_total=0.1285 extra_render_attn_share=0.5538
[step 49950] real_p1_mirror_hole_cov=0.0811 real_p1_eps=0.0930 real_p1_hole_frac=0.4594 real_p2_eps=0.3431 real_p2_hit=1.0000 real_p2_t=58.0000 real_p2_ldif=0.0207 real_p2_gen_adv=0.6354 real_p2_lfm=0.0026 real_total=0.5256 discr_adv=0.9757 p2_d_real=-0.5868 p2_d_fake=-0.6354 g_grad_abs=1170.6663 d_grad_abs=112.1839 synth_eps=0.0172 synth_eps_raw=0.0172 synth_x0_hit=0.0000 synth_total=0.0172 extra_render_attn_share=0.5538
[ckpt] saved /home/xzy/warpgan-diffusiong-inpainting/warpgan-diffusion-inpainting-main/experiments/train_inpainting_diffusion/[20260915-085455]_v19_w6b_300k/checkpoints/iteration_0049999.pt
[val step 49999] val_novel_full=0.0363 val_novel_hole=0.0445 val_novel_visible=0.0343
[step 50000] real_p1_mirror_hole_cov=0.0789 real_p1_eps=0.0065 real_p1_hole_frac=0.1958 real_p2_eps=0.0013 real_p2_hit=0.0000 real_total=0.0078 synth_eps=0.1050 synth_eps_raw=0.1050 synth_x0_hit=0.0000 synth_total=0.1050 extra_render_attn_share=0.5631
[images] real: anchor | cond1 | cond2 | inv_warp_mirror | mask | mask_inv | warp_img | warp_warp_img | x | y_hat | y_hat_novel -> /home/xzy/warpgan-diffusiong-inpainting/warpgan-diffusion-inpainting-main/experiments/train_inpainting_diffusion/[20260915-085455]_v19_w6b_300k/logs/images/train/real_step0050000.png
[images] synth: cond | mask | target | warp_img | x | y_hat_novel -> /home/xzy/warpgan-diffusiong-inpainting/warpgan-diffusion-inpainting-main/experiments/train_inpainting_diffusion/[20260915-085455]_v19_w6b_300k/logs/images/train/synth_step0050000.png
[step 50050] real_p1_mirror_hole_cov=0.1064 real_p1_eps=0.1855 real_p1_hole_frac=0.5022 real_p2_eps=0.0865 real_p2_hit=0.0000 real_total=0.2720 synth_eps=0.4279 synth_eps_raw=0.4279 synth_x0_hit=1.0000 synth_x0_t=94.0000 synth_x0_ldif=0.0467 synth_x0_gen_adv=-0.1964 synth_x0_lfm=0.0049 synth_total=0.4648 extra_render_attn_share=0.5631
[step 50100] real_p1_mirror_hole_cov=0.1272 real_p1_eps=0.0061 real_p1_hole_frac=0.2296 real_p2_eps=0.0141 real_p2_hit=0.0000 real_total=0.0202 synth_eps=0.1391 synth_eps_raw=0.1391 synth_x0_hit=0.0000 synth_total=0.1391 extra_render_attn_share=0.5631
[step 50150] real_p1_mirror_hole_cov=0.0767 real_p1_eps=0.1399 real_p1_hole_frac=0.4354 real_p2_eps=0.1430 real_p2_hit=0.0000 real_total=0.2828 synth_eps=0.2303 synth_eps_raw=0.2303 synth_x0_hit=1.0000 synth_x0_t=220.0000 synth_x0_ldif=0.0886 synth_x0_gen_adv=0.6687 synth_x0_lfm=0.0041 synth_total=0.3940 extra_render_attn_share=0.5631
[step 50200] real_p1_mirror_hole_cov=0.1608 real_p1_eps=0.0159 real_p1_hole_frac=0.2406 real_p2_eps=0.0135 real_p2_hit=0.0000 real_total=0.0295 discr_adv=0.9342 x0_d_real=0.0654 x0_d_fake=-0.0661 g_grad_abs=256.5697 d_grad_abs=308.8814 synth_eps=0.0431 synth_eps_raw=0.0431 synth_x0_hit=0.0000 synth_total=0.0431 extra_render_attn_share=0.5631
[step 50250] real_p1_mirror_hole_cov=0.0273 real_p1_eps=0.0017 real_p1_hole_frac=0.3906 real_p2_eps=0.0482 real_p2_hit=0.0000 real_total=0.0498 synth_eps=0.0101 synth_eps_raw=0.0101 synth_x0_hit=0.0000 synth_total=0.0101 extra_render_attn_share=0.5631
[step 50300] real_p1_mirror_hole_cov=0.0223 real_p1_eps=0.0543 real_p1_hole_frac=0.0876 real_p2_eps=0.0057 real_p2_hit=0.0000 real_total=0.0600 discr_adv=0.9560 x0_d_real=0.3688 x0_d_fake=0.2808 g_grad_abs=506.2407 d_grad_abs=271.3318 synth_eps=0.0058 synth_eps_raw=0.0058 synth_x0_hit=0.0000 synth_total=0.0058 extra_render_attn_share=0.5631
[step 50350] real_p1_mirror_hole_cov=0.0523 real_p1_eps=0.0521 real_p1_hole_frac=0.0933 real_p2_eps=0.0085 real_p2_hit=0.0000 real_total=0.0607 synth_eps=0.0112 synth_eps_raw=0.0112 synth_x0_hit=0.0000 synth_total=0.0112 extra_render_attn_share=0.5631
[step 50400] real_p1_mirror_hole_cov=0.0955 real_p1_eps=0.0162 real_p1_hole_frac=0.2286 real_p2_eps=0.0563 real_p2_hit=0.0000 real_total=0.0725 synth_eps=0.2621 synth_eps_raw=0.2621 synth_x0_hit=1.0000 synth_x0_t=177.0000 synth_x0_ldif=0.0703 synth_x0_gen_adv=0.1549 synth_x0_lfm=0.0055 synth_total=0.3589 extra_render_attn_share=0.5631
[step 50450] real_p1_mirror_hole_cov=0.4240 real_p1_eps=0.5039 real_p1_hole_frac=0.1604 real_p2_eps=0.0167 real_p2_hit=0.0000 real_total=0.5206 discr_adv=0.8943 x0_d_real=-0.3773 x0_d_fake=-0.5893 g_grad_abs=1382.5143 d_grad_abs=486.2719 synth_eps=0.2365 synth_eps_raw=0.2365 synth_x0_hit=1.0000 synth_x0_t=193.0000 synth_x0_ldif=0.0729 synth_x0_gen_adv=0.0902 synth_x0_lfm=0.0072 synth_total=0.3328 extra_render_attn_share=0.5631
[step 50500] real_p1_mirror_hole_cov=0.0090 real_p1_eps=0.0415 real_p1_hole_frac=0.2265 real_p2_eps=0.2825 real_p2_hit=1.0000 real_p2_t=105.0000 real_p2_ldif=0.0356 real_p2_gen_adv=-0.4376 real_p2_lfm=0.0038 real_total=0.3233 discr_adv=1.9510 x0_d_real=0.7427 x0_d_fake=0.6521 p2_d_real=0.4449 p2_d_fake=0.4376 g_grad_abs=1319.8275 d_grad_abs=521.9742 synth_eps=0.0222 synth_eps_raw=0.0222 synth_x0_hit=0.0000 synth_total=0.0222 extra_render_attn_share=0.5631
[images] real: anchor | cond1 | cond2 | inv_warp_mirror | mask | mask_inv | warp_img | warp_warp_img | x | y_hat | y_hat_novel -> /home/xzy/warpgan-diffusiong-inpainting/warpgan-diffusion-inpainting-main/experiments/train_inpainting_diffusion/[20260915-085455]_v19_w6b_300k/logs/images/train/real_step0050500.png
[images] synth: cond | mask | target | warp_img | x | y_hat_novel -> /home/xzy/warpgan-diffusiong-inpainting/warpgan-diffusion-inpainting-main/experiments/train_inpainting_diffusion/[20260915-085455]_v19_w6b_300k/logs/images/train/synth_step0050500.png
[step 50550] real_p1_mirror_hole_cov=0.0212 real_p1_eps=0.0341 real_p1_hole_frac=0.2197 real_p2_eps=0.1631 real_p2_hit=1.0000 real_p2_t=180.0000 real_p2_ldif=0.0449 real_p2_gen_adv=-0.4391 real_p2_lfm=0.0032 real_total=0.2046 discr_adv=1.9969 x0_d_real=-0.0400 x0_d_fake=-0.1046 p2_d_real=0.3807 p2_d_fake=0.4391 g_grad_abs=1237.4986 d_grad_abs=316.8114 synth_eps=0.2115 synth_eps_raw=0.2115 synth_x0_hit=1.0000 synth_x0_t=259.0000 synth_x0_ldif=0.1095 synth_x0_gen_adv=-0.4015 synth_x0_lfm=0.0068 synth_total=0.2945 extra_render_attn_share=0.5631
[step 50600] real_p1_mirror_hole_cov=0.0422 real_p1_eps=0.1220 real_p1_hole_frac=0.3405 real_p2_eps=0.2381 real_p2_hit=1.0000 real_p2_t=200.0000 real_p2_ldif=0.0778 real_p2_gen_adv=-0.0765 real_p2_lfm=0.0046 real_total=0.4394 discr_adv=2.0067 x0_d_real=-0.0121 x0_d_fake=-0.0957 p2_d_real=-0.0204 p2_d_fake=0.0765 g_grad_abs=1965.6406 d_grad_abs=317.3668 synth_eps=0.0411 synth_eps_raw=0.0411 synth_x0_hit=0.0000 synth_total=0.0411 extra_render_attn_share=0.5631
[step 50650] real_p1_mirror_hole_cov=0.0550 real_p1_eps=0.0200 real_p1_hole_frac=0.2716 real_p2_eps=0.1352 real_p2_hit=0.0000 real_total=0.1552 synth_eps=0.0186 synth_eps_raw=0.0186 synth_x0_hit=0.0000 synth_total=0.0186 extra_render_attn_share=0.5631
[step 50700] real_p1_mirror_hole_cov=0.1001 real_p1_eps=0.0047 real_p1_hole_frac=0.3688 real_p2_eps=0.1234 real_p2_hit=0.0000 real_total=0.1281 synth_eps=0.0047 synth_eps_raw=0.0047 synth_x0_hit=0.0000 synth_total=0.0047 extra_render_attn_share=0.5631
[step 50750] real_p1_mirror_hole_cov=0.1008 real_p1_eps=0.2341 real_p1_hole_frac=0.3165 real_p2_eps=0.5721 real_p2_hit=1.0000 real_p2_t=27.0000 real_p2_ldif=0.0149 real_p2_gen_adv=-0.7182 real_p2_lfm=0.0019 real_total=0.7530 discr_adv=0.9897 p2_d_real=0.7406 p2_d_fake=0.7182 g_grad_abs=1547.5251 d_grad_abs=228.7205 synth_eps=0.0279 synth_eps_raw=0.0279 synth_x0_hit=0.0000 synth_total=0.0279 extra_render_attn_share=0.5631
[step 50800] real_p1_mirror_hole_cov=0.0097 real_p1_eps=0.4934 real_p1_hole_frac=0.1555 real_p2_eps=0.0239 real_p2_hit=0.0000 real_total=0.5173 synth_eps=0.0019 synth_eps_raw=0.0019 synth_x0_hit=0.0000 synth_total=0.0019 extra_render_attn_share=0.5631
[step 50850] real_p1_mirror_hole_cov=0.1177 real_p1_eps=0.5215 real_p1_hole_frac=0.4208 real_p2_eps=0.0027 real_p2_hit=0.0000 real_total=0.5243 discr_adv=0.9123 x0_d_real=-0.2609 x0_d_fake=-0.4373 g_grad_abs=1307.6202 d_grad_abs=359.4025 synth_eps=0.0445 synth_eps_raw=0.0445 synth_x0_hit=0.0000 synth_total=0.0445 extra_render_attn_share=0.5631
[step 50900] real_p1_mirror_hole_cov=0.1513 real_p1_eps=0.0237 real_p1_hole_frac=0.1839 real_p2_eps=0.0012 real_p2_hit=0.0000 real_total=0.0249 synth_eps=0.2141 synth_eps_raw=0.2141 synth_x0_hit=1.0000 synth_x0_t=229.0000 synth_x0_ldif=0.0883 synth_x0_gen_adv=0.5931 synth_x0_lfm=0.0056 synth_total=0.3730 extra_render_attn_share=0.5631
[step 50950] real_p1_mirror_hole_cov=0.0826 real_p1_eps=0.0276 real_p1_hole_frac=0.0962 real_p2_eps=0.0024 real_p2_hit=0.0000 real_total=0.0300 synth_eps=0.2574 synth_eps_raw=0.2574 synth_x0_hit=1.0000 synth_x0_t=210.0000 synth_x0_ldif=0.0913 synth_x0_gen_adv=1.0982 synth_x0_lfm=0.0054 synth_total=0.4694 extra_render_attn_share=0.5631
[step 51000] real_p1_mirror_hole_cov=0.0906 real_p1_eps=0.0978 real_p1_hole_frac=0.1804 real_p2_eps=0.1582 real_p2_hit=1.0000 real_p2_t=188.0000 real_p2_ldif=0.0467 real_p2_gen_adv=0.8530 real_p2_lfm=0.0054 real_total=0.3986 discr_adv=0.9696 p2_d_real=-0.7892 p2_d_fake=-0.8530 g_grad_abs=1139.2109 d_grad_abs=224.9420 synth_eps=0.0015 synth_eps_raw=0.0015 synth_x0_hit=0.0000 synth_total=0.0015 extra_render_attn_share=0.5631
[images] real: anchor | cond1 | cond2 | inv_warp_mirror | mask | mask_inv | warp_img | warp_warp_img | x | y_hat | y_hat_novel -> /home/xzy/warpgan-diffusiong-inpainting/warpgan-diffusion-inpainting-main/experiments/train_inpainting_diffusion/[20260915-085455]_v19_w6b_300k/logs/images/train/real_step0051000.png
[images] synth: cond | mask | target | warp_img | x | y_hat_novel -> /home/xzy/warpgan-diffusiong-inpainting/warpgan-diffusion-inpainting-main/experiments/train_inpainting_diffusion/[20260915-085455]_v19_w6b_300k/logs/images/train/synth_step0051000.png
[step 51050] real_p1_mirror_hole_cov=0.0612 real_p1_eps=0.0053 real_p1_hole_frac=0.1203 real_p2_eps=0.3390 real_p2_hit=1.0000 real_p2_t=30.0000 real_p2_ldif=0.0098 real_p2_gen_adv=-0.7043 real_p2_lfm=0.0013 real_total=0.2864 discr_adv=0.9961 p2_d_real=0.7122 p2_d_fake=0.7043 g_grad_abs=1164.6152 d_grad_abs=35.3597 synth_eps=0.0208 synth_eps_raw=0.0208 synth_x0_hit=0.0000 synth_total=0.0208 extra_render_attn_share=0.5631
[step 51100] real_p1_mirror_hole_cov=0.2423 real_p1_eps=0.0008 real_p1_hole_frac=0.3122 real_p2_eps=0.3532 real_p2_hit=1.0000 real_p2_t=71.0000 real_p2_ldif=0.0271 real_p2_gen_adv=-0.2882 real_p2_lfm=0.0032 real_total=0.3589 discr_adv=0.9586 p2_d_real=0.3710 p2_d_fake=0.2882 g_grad_abs=1197.1804 d_grad_abs=181.6250 synth_eps=0.0230 synth_eps_raw=0.0230 synth_x0_hit=0.0000 synth_total=0.0230 extra_render_attn_share=0.5631
[step 51150] real_p1_mirror_hole_cov=0.1117 real_p1_eps=0.0049 real_p1_hole_frac=0.3278 real_p2_eps=0.0875 real_p2_hit=0.0000 real_total=0.0924 discr_adv=0.8861 x0_d_real=-0.1177 x0_d_fake=-0.3455 g_grad_abs=404.9411 d_grad_abs=629.0269 synth_eps=0.0407 synth_eps_raw=0.0407 synth_x0_hit=0.0000 synth_total=0.0407 extra_render_attn_share=0.5631
[step 51200] real_p1_mirror_hole_cov=0.0229 real_p1_eps=0.0079 real_p1_hole_frac=0.4885 real_p2_eps=0.2853 real_p2_hit=1.0000 real_p2_t=170.0000 real_p2_ldif=0.0718 real_p2_gen_adv=-0.0098 real_p2_lfm=0.0047 real_total=0.3733 discr_adv=0.9162 p2_d_real=0.1773 p2_d_fake=0.0098 g_grad_abs=1571.3972 d_grad_abs=357.9106 synth_eps=0.0311 synth_eps_raw=0.0311 synth_x0_hit=0.0000 synth_total=0.0311 extra_render_attn_share=0.5631
[step 51250] real_p1_mirror_hole_cov=0.1308 real_p1_eps=0.0010 real_p1_hole_frac=0.1614 real_p2_eps=0.0412 real_p2_hit=0.0000 real_total=0.0422 discr_adv=0.9119 x0_d_real=0.5122 x0_d_fake=0.3359 g_grad_abs=354.1299 d_grad_abs=830.4643 synth_eps=0.1118 synth_eps_raw=0.1118 synth_x0_hit=0.0000 synth_total=0.1118 extra_render_attn_share=0.5631
[step 51300] real_p1_mirror_hole_cov=0.0042 real_p1_eps=0.1871 real_p1_hole_frac=0.0628 real_p2_eps=0.0049 real_p2_hit=0.0000 real_total=0.1920 synth_eps=0.3138 synth_eps_raw=0.3138 synth_x0_hit=1.0000 synth_x0_t=163.0000 synth_x0_ldif=0.0742 synth_x0_gen_adv=0.3659 synth_x0_lfm=0.0067 synth_total=0.4379 extra_render_attn_share=0.5631
[step 51350] real_p1_mirror_hole_cov=0.0241 real_p1_eps=0.0479 real_p1_hole_frac=0.3658 real_p2_eps=0.3676 real_p2_hit=1.0000 real_p2_t=55.0000 real_p2_ldif=0.0209 real_p2_gen_adv=0.3873 real_p2_lfm=0.0018 real_total=0.4788 discr_adv=0.9819 p2_d_real=-0.3511 p2_d_fake=-0.3873 g_grad_abs=1270.3069 d_grad_abs=169.5662 synth_eps=0.2838 synth_eps_raw=0.2838 synth_x0_hit=1.0000 synth_x0_t=128.0000 synth_x0_ldif=0.0469 synth_x0_gen_adv=-0.3404 synth_x0_lfm=0.0045 synth_total=0.3056 extra_render_attn_share=0.5631
[step 51400] real_p1_mirror_hole_cov=0.1482 real_p1_eps=0.2181 real_p1_hole_frac=0.3978 real_p2_eps=0.2164 real_p2_hit=1.0000 real_p2_t=272.0000 real_p2_ldif=0.1231 real_p2_gen_adv=-0.6399 real_p2_lfm=0.0067 real_total=0.5069 discr_adv=2.0631 x0_d_real=0.5210 x0_d_fake=0.6299 p2_d_real=0.6227 p2_d_fake=0.6399 g_grad_abs=2114.7702 d_grad_abs=413.3991 synth_eps=0.0010 synth_eps_raw=0.0010 synth_x0_hit=0.0000 synth_total=0.0010 extra_render_attn_share=0.5631
[step 51450] real_p1_mirror_hole_cov=0.1783 real_p1_eps=0.2071 real_p1_hole_frac=0.1402 real_p2_eps=0.0715 real_p2_hit=0.0000 real_total=0.2786 synth_eps=0.0332 synth_eps_raw=0.0332 synth_x0_hit=0.0000 synth_total=0.0332 extra_render_attn_share=0.5631
[step 51500] real_p1_mirror_hole_cov=0.1171 real_p1_eps=0.0008 real_p1_hole_frac=0.0603 real_p2_eps=0.0005 real_p2_hit=0.0000 real_total=0.0013 discr_adv=0.9776 x0_d_real=-0.4928 x0_d_fake=-0.5375 g_grad_abs=56.7310 d_grad_abs=68.3867 synth_eps=0.0013 synth_eps_raw=0.0013 synth_x0_hit=0.0000 synth_total=0.0013 extra_render_attn_share=0.5631
[images] real: anchor | cond1 | cond2 | inv_warp_mirror | mask | mask_inv | warp_img | warp_warp_img | x | y_hat | y_hat_novel -> /home/xzy/warpgan-diffusiong-inpainting/warpgan-diffusion-inpainting-main/experiments/train_inpainting_diffusion/[20260915-085455]_v19_w6b_300k/logs/images/train/real_step0051500.png
[images] synth: cond | mask | target | warp_img | x | y_hat_novel -> /home/xzy/warpgan-diffusiong-inpainting/warpgan-diffusion-inpainting-main/experiments/train_inpainting_diffusion/[20260915-085455]_v19_w6b_300k/logs/images/train/synth_step0051500.png
[step 51550] real_p1_mirror_hole_cov=0.0110 real_p1_eps=0.0010 real_p1_hole_frac=0.3970 real_p2_eps=0.0450 real_p2_hit=0.0000 real_total=0.0460 synth_eps=0.2160 synth_eps_raw=0.2160 synth_x0_hit=1.0000 synth_x0_t=214.0000 synth_x0_ldif=0.0792 synth_x0_gen_adv=0.2620 synth_x0_lfm=0.0071 synth_total=0.3355 extra_render_attn_share=0.5631
[step 51600] real_p1_mirror_hole_cov=0.1619 real_p1_eps=0.0236 real_p1_hole_frac=0.3142 real_p2_eps=0.0871 real_p2_hit=0.0000 real_total=0.1107 synth_eps=0.0087 synth_eps_raw=0.0087 synth_x0_hit=0.0000 synth_total=0.0087 extra_render_attn_share=0.5631
[step 51650] real_p1_mirror_hole_cov=0.0288 real_p1_eps=0.0029 real_p1_hole_frac=0.0899 real_p2_eps=0.0038 real_p2_hit=0.0000 real_total=0.0067 synth_eps=0.0891 synth_eps_raw=0.0891 synth_x0_hit=0.0000 synth_total=0.0891 extra_render_attn_share=0.5631
[step 51700] real_p1_mirror_hole_cov=0.0111 real_p1_eps=0.1332 real_p1_hole_frac=0.1458 real_p2_eps=0.0135 real_p2_hit=0.0000 real_total=0.1466 synth_eps=0.0186 synth_eps_raw=0.0186 synth_x0_hit=0.0000 synth_total=0.0186 extra_render_attn_share=0.5631
[step 51750] real_p1_mirror_hole_cov=0.0615 real_p1_eps=0.0188 real_p1_hole_frac=0.2598 real_p2_eps=0.0286 real_p2_hit=0.0000 real_total=0.0474 discr_adv=0.9764 x0_d_real=-0.2562 x0_d_fake=-0.3035 g_grad_abs=302.7144 d_grad_abs=97.0405 synth_eps=0.0024 synth_eps_raw=0.0024 synth_x0_hit=0.0000 synth_total=0.0024 extra_render_attn_share=0.5631
[step 51800] real_p1_mirror_hole_cov=0.0337 real_p1_eps=0.4338 real_p1_hole_frac=0.2754 real_p2_eps=0.0431 real_p2_hit=0.0000 real_total=0.4769 synth_eps=0.2513 synth_eps_raw=0.2513 synth_x0_hit=1.0000 synth_x0_t=193.0000 synth_x0_ldif=0.0775 synth_x0_gen_adv=0.1423 synth_x0_lfm=0.0077 synth_total=0.3585 extra_render_attn_share=0.5631
[step 51850] real_p1_mirror_hole_cov=0.0859 real_p1_eps=0.2200 real_p1_hole_frac=0.3366 real_p2_eps=0.0351 real_p2_hit=0.0000 real_total=0.2552 synth_eps=0.2594 synth_eps_raw=0.2594 synth_x0_hit=1.0000 synth_x0_t=200.0000 synth_x0_ldif=0.0848 synth_x0_gen_adv=-0.3947 synth_x0_lfm=0.0056 synth_total=0.3159 extra_render_attn_share=0.5631
[step 51900] real_p1_mirror_hole_cov=0.1947 real_p1_eps=0.0158 real_p1_hole_frac=0.4879 real_p2_eps=0.0957 real_p2_hit=0.0000 real_total=0.1115 synth_eps=0.2190 synth_eps_raw=0.2190 synth_x0_hit=1.0000 synth_x0_t=207.0000 synth_x0_ldif=0.0758 synth_x0_gen_adv=0.6675 synth_x0_lfm=0.0069 synth_total=0.3755 extra_render_attn_share=0.5631
[step 51950] real_p1_mirror_hole_cov=0.0550 real_p1_eps=0.1940 real_p1_hole_frac=0.0380 real_p2_eps=0.0807 real_p2_hit=1.0000 real_p2_t=192.0000 real_p2_ldif=0.0247 real_p2_gen_adv=0.0336 real_p2_lfm=0.0027 real_total=0.3080 discr_adv=1.0666 p2_d_real=-0.1660 p2_d_fake=-0.0336 g_grad_abs=1109.8416 d_grad_abs=234.3245 synth_eps=0.0013 synth_eps_raw=0.0013 synth_x0_hit=0.0000 synth_total=0.0013 extra_render_attn_share=0.5631
[val step 51999] val_novel_full=0.0378 val_novel_hole=0.0410 val_novel_visible=0.0372
[step 52000] real_p1_mirror_hole_cov=0.1371 real_p1_eps=0.0961 real_p1_hole_frac=0.1819 real_p2_eps=0.1710 real_p2_hit=1.0000 real_p2_t=153.0000 real_p2_ldif=0.0366 real_p2_gen_adv=0.2365 real_p2_lfm=0.0027 real_total=0.3327 discr_adv=1.8974 x0_d_real=-0.2662 x0_d_fake=-0.4835 p2_d_real=-0.2485 p2_d_fake=-0.2365 g_grad_abs=1144.9186 d_grad_abs=358.9541 synth_eps=0.0424 synth_eps_raw=0.0424 synth_x0_hit=0.0000 synth_total=0.0424 extra_render_attn_share=0.5553
[images] real: anchor | cond1 | cond2 | inv_warp_mirror | mask | mask_inv | warp_img | warp_warp_img | x | y_hat | y_hat_novel -> /home/xzy/warpgan-diffusiong-inpainting/warpgan-diffusion-inpainting-main/experiments/train_inpainting_diffusion/[20260915-085455]_v19_w6b_300k/logs/images/train/real_step0052000.png
[images] synth: cond | mask | target | warp_img | x | y_hat_novel -> /home/xzy/warpgan-diffusiong-inpainting/warpgan-diffusion-inpainting-main/experiments/train_inpainting_diffusion/[20260915-085455]_v19_w6b_300k/logs/images/train/synth_step0052000.png
[step 52050] real_p1_mirror_hole_cov=0.1769 real_p1_eps=0.0013 real_p1_hole_frac=0.5663 real_p2_eps=0.1079 real_p2_hit=0.0000 real_total=0.1092 synth_eps=0.0705 synth_eps_raw=0.0705 synth_x0_hit=0.0000 synth_total=0.0705 extra_render_attn_share=0.5553
[step 52100] real_p1_mirror_hole_cov=0.2178 real_p1_eps=0.0622 real_p1_hole_frac=0.1003 real_p2_eps=0.0017 real_p2_hit=0.0000 real_total=0.0639 synth_eps=0.5146 synth_eps_raw=0.5146 synth_x0_hit=1.0000 synth_x0_t=58.0000 synth_x0_ldif=0.0313 synth_x0_gen_adv=-0.2417 synth_x0_lfm=0.0048 synth_total=0.5313 extra_render_attn_share=0.5553
[step 52150] real_p1_mirror_hole_cov=0.0082 real_p1_eps=0.1560 real_p1_hole_frac=0.1381 real_p2_eps=0.1627 real_p2_hit=1.0000 real_p2_t=138.0000 real_p2_ldif=0.0300 real_p2_gen_adv=0.3381 real_p2_lfm=0.0038 real_total=0.3900 discr_adv=1.1428 p2_d_real=-0.6236 p2_d_fake=-0.3381 g_grad_abs=1437.3774 d_grad_abs=566.3142 synth_eps=0.1433 synth_eps_raw=0.1433 synth_x0_hit=0.0000 synth_total=0.1433 extra_render_attn_share=0.5553
[step 52200] real_p1_mirror_hole_cov=0.1854 real_p1_eps=0.0017 real_p1_hole_frac=0.5436 real_p2_eps=0.0087 real_p2_hit=0.0000 real_total=0.0104 discr_adv=0.9309 x0_d_real=-0.3258 x0_d_fake=-0.4640 g_grad_abs=145.7610 d_grad_abs=209.7444 synth_eps=0.3695 synth_eps_raw=0.3695 synth_x0_hit=1.0000 synth_x0_t=99.0000 synth_x0_ldif=0.0432 synth_x0_gen_adv=0.7840 synth_x0_lfm=0.0040 synth_total=0.4991 extra_render_attn_share=0.5553
[step 52250] real_p1_mirror_hole_cov=0.0206 real_p1_eps=0.0018 real_p1_hole_frac=0.0605 real_p2_eps=0.0168 real_p2_hit=0.0000 real_total=0.0186 discr_adv=0.9297 x0_d_real=-0.2991 x0_d_fake=-0.4397 g_grad_abs=156.2442 d_grad_abs=379.6737 synth_eps=0.1208 synth_eps_raw=0.1208 synth_x0_hit=0.0000 synth_total=0.1208 extra_render_attn_share=0.5553
[step 52300] real_p1_mirror_hole_cov=0.0495 real_p1_eps=0.2998 real_p1_hole_frac=0.0616 real_p2_eps=0.0229 real_p2_hit=0.0000 real_total=0.3227 synth_eps=0.0330 synth_eps_raw=0.0330 synth_x0_hit=0.0000 synth_total=0.0330 extra_render_attn_share=0.5553
[step 52350] real_p1_mirror_hole_cov=0.1372 real_p1_eps=0.0195 real_p1_hole_frac=0.1662 real_p2_eps=0.0529 real_p2_hit=0.0000 real_total=0.0723 synth_eps=0.0086 synth_eps_raw=0.0086 synth_x0_hit=0.0000 synth_total=0.0086 extra_render_attn_share=0.5553
[step 52400] real_p1_mirror_hole_cov=0.0317 real_p1_eps=0.0644 real_p1_hole_frac=0.5437 real_p2_eps=0.3062 real_p2_hit=1.0000 real_p2_t=147.0000 real_p2_ldif=0.0618 real_p2_gen_adv=-0.0876 real_p2_lfm=0.0039 real_total=0.4314 discr_adv=0.9754 p2_d_real=0.1369 p2_d_fake=0.0876 g_grad_abs=1211.5721 d_grad_abs=158.6562 synth_eps=0.0018 synth_eps_raw=0.0018 synth_x0_hit=0.0000 synth_total=0.0018 extra_render_attn_share=0.5553
[step 52450] real_p1_mirror_hole_cov=0.0937 real_p1_eps=0.0021 real_p1_hole_frac=0.1426 real_p2_eps=0.0076 real_p2_hit=0.0000 real_total=0.0097 synth_eps=0.3297 synth_eps_raw=0.3297 synth_x0_hit=1.0000 synth_x0_t=89.0000 synth_x0_ldif=0.0335 synth_x0_gen_adv=1.0591 synth_x0_lfm=0.0029 synth_total=0.4750 extra_render_attn_share=0.5553
[step 52500] real_p1_mirror_hole_cov=0.0532 real_p1_eps=0.0052 real_p1_hole_frac=0.0964 real_p2_eps=0.0305 real_p2_hit=0.0000 real_total=0.0357 synth_eps=0.0254 synth_eps_raw=0.0254 synth_x0_hit=0.0000 synth_total=0.0254 extra_render_attn_share=0.5553
[images] real: anchor | cond1 | cond2 | inv_warp_mirror | mask | mask_inv | warp_img | warp_warp_img | x | y_hat | y_hat_novel -> /home/xzy/warpgan-diffusiong-inpainting/warpgan-diffusion-inpainting-main/experiments/train_inpainting_diffusion/[20260915-085455]_v19_w6b_300k/logs/images/train/real_step0052500.png
[images] synth: cond | mask | target | warp_img | x | y_hat_novel -> /home/xzy/warpgan-diffusiong-inpainting/warpgan-diffusion-inpainting-main/experiments/train_inpainting_diffusion/[20260915-085455]_v19_w6b_300k/logs/images/train/synth_step0052500.png
[step 52550] real_p1_mirror_hole_cov=0.1607 real_p1_eps=0.0610 real_p1_hole_frac=0.2584 real_p2_eps=0.0276 real_p2_hit=0.0000 real_total=0.0886 discr_adv=0.9527 x0_d_real=0.1611 x0_d_fake=0.0665 g_grad_abs=559.3163 d_grad_abs=147.0762 synth_eps=0.0024 synth_eps_raw=0.0024 synth_x0_hit=0.0000 synth_total=0.0024 extra_render_attn_share=0.5553
[step 52600] real_p1_mirror_hole_cov=0.0164 real_p1_eps=0.0427 real_p1_hole_frac=0.2761 real_p2_eps=0.0094 real_p2_hit=0.0000 real_total=0.0521 discr_adv=0.9441 x0_d_real=0.2778 x0_d_fake=0.1660 g_grad_abs=508.3059 d_grad_abs=263.0083 synth_eps=0.0042 synth_eps_raw=0.0042 synth_x0_hit=0.0000 synth_total=0.0042 extra_render_attn_share=0.5553
[step 52650] real_p1_mirror_hole_cov=0.0257 real_p1_eps=0.0951 real_p1_hole_frac=0.0566 real_p2_eps=0.0881 real_p2_hit=1.0000 real_p2_t=263.0000 real_p2_ldif=0.0469 real_p2_gen_adv=-0.1835 real_p2_lfm=0.0052 real_total=0.2220 discr_adv=2.0717 x0_d_real=-0.1278 x0_d_fake=-0.1937 p2_d_real=-0.0258 p2_d_fake=0.1835 g_grad_abs=1205.8590 d_grad_abs=314.9307 synth_eps=0.0257 synth_eps_raw=0.0257 synth_x0_hit=0.0000 synth_total=0.0257 extra_render_attn_share=0.5553
[step 52700] real_p1_mirror_hole_cov=0.0495 real_p1_eps=0.0330 real_p1_hole_frac=0.4257 real_p2_eps=0.0983 real_p2_hit=0.0000 real_total=0.1313 discr_adv=0.9470 x0_d_real=0.0641 x0_d_fake=-0.0420 g_grad_abs=575.4527 d_grad_abs=207.5676 synth_eps=0.0134 synth_eps_raw=0.0134 synth_x0_hit=0.0000 synth_total=0.0134 extra_render_attn_share=0.5553
[step 52750] real_p1_mirror_hole_cov=0.3003 real_p1_eps=0.1118 real_p1_hole_frac=0.6041 real_p2_eps=0.0458 real_p2_hit=0.0000 real_total=0.1576 discr_adv=0.9461 x0_d_real=-0.1057 x0_d_fake=-0.2136 g_grad_abs=780.7863 d_grad_abs=224.4958 synth_eps=0.3118 synth_eps_raw=0.3118 synth_x0_hit=1.0000 synth_x0_t=184.0000 synth_x0_ldif=0.0889 synth_x0_gen_adv=0.1806 synth_x0_lfm=0.0066 synth_total=0.4320 extra_render_attn_share=0.5553
[step 52800] real_p1_mirror_hole_cov=0.1165 real_p1_eps=0.0085 real_p1_hole_frac=0.3827 real_p2_eps=0.0035 real_p2_hit=0.0000 real_total=0.0120 synth_eps=0.0171 synth_eps_raw=0.0171 synth_x0_hit=0.0000 synth_total=0.0171 extra_render_attn_share=0.5553
[step 52850] real_p1_mirror_hole_cov=0.0691 real_p1_eps=0.0271 real_p1_hole_frac=0.1452 real_p2_eps=0.0106 real_p2_hit=0.0000 real_total=0.0376 synth_eps=0.2204 synth_eps_raw=0.2204 synth_x0_hit=1.0000 synth_x0_t=232.0000 synth_x0_ldif=0.0931 synth_x0_gen_adv=0.1309 synth_x0_lfm=0.0062 synth_total=0.3389 extra_render_attn_share=0.5553
[step 52900] real_p1_mirror_hole_cov=0.0301 real_p1_eps=0.0115 real_p1_hole_frac=0.0938 real_p2_eps=0.0250 real_p2_hit=0.0000 real_total=0.0365 discr_adv=0.8891 x0_d_real=0.1053 x0_d_fake=-0.1167 g_grad_abs=404.1182 d_grad_abs=391.0996 synth_eps=0.0133 synth_eps_raw=0.0133 synth_x0_hit=0.0000 synth_total=0.0133 extra_render_attn_share=0.5553
[step 52950] real_p1_mirror_hole_cov=0.1194 real_p1_eps=0.0023 real_p1_hole_frac=0.4314 real_p2_eps=0.1770 real_p2_hit=1.0000 real_p2_t=227.0000 real_p2_ldif=0.0719 real_p2_gen_adv=0.0299 real_p2_lfm=0.0055 real_total=0.2653 discr_adv=0.9693 p2_d_real=0.0315 p2_d_fake=-0.0299 g_grad_abs=1349.5573 d_grad_abs=240.4488 synth_eps=0.1149 synth_eps_raw=0.1149 synth_x0_hit=0.0000 synth_total=0.1149 extra_render_attn_share=0.5553
[step 53000] real_p1_mirror_hole_cov=0.0843 real_p1_eps=0.0006 real_p1_hole_frac=0.0769 real_p2_eps=0.1018 real_p2_hit=1.0000 real_p2_t=198.0000 real_p2_ldif=0.0327 real_p2_gen_adv=0.3639 real_p2_lfm=0.0035 real_total=0.1784 discr_adv=1.1147 p2_d_real=-0.5932 p2_d_fake=-0.3639 g_grad_abs=829.1954 d_grad_abs=438.8476 synth_eps=0.0895 synth_eps_raw=0.0895 synth_x0_hit=0.0000 synth_total=0.0895 extra_render_attn_share=0.5553
[images] real: anchor | cond1 | cond2 | inv_warp_mirror | mask | mask_inv | warp_img | warp_warp_img | x | y_hat | y_hat_novel -> /home/xzy/warpgan-diffusiong-inpainting/warpgan-diffusion-inpainting-main/experiments/train_inpainting_diffusion/[20260915-085455]_v19_w6b_300k/logs/images/train/real_step0053000.png
[images] synth: cond | mask | target | warp_img | x | y_hat_novel -> /home/xzy/warpgan-diffusiong-inpainting/warpgan-diffusion-inpainting-main/experiments/train_inpainting_diffusion/[20260915-085455]_v19_w6b_300k/logs/images/train/synth_step0053000.png
[step 53050] real_p1_mirror_hole_cov=0.0123 real_p1_eps=0.1325 real_p1_hole_frac=0.1282 real_p2_eps=0.0036 real_p2_hit=0.0000 real_total=0.1361 synth_eps=0.3990 synth_eps_raw=0.3990 synth_x0_hit=1.0000 synth_x0_t=107.0000 synth_x0_ldif=0.0516 synth_x0_gen_adv=-0.6284 synth_x0_lfm=0.0053 synth_total=0.3984 extra_render_attn_share=0.5553
[step 53100] real_p1_mirror_hole_cov=0.2057 real_p1_eps=0.0083 real_p1_hole_frac=0.3526 real_p2_eps=0.0017 real_p2_hit=0.0000 real_total=0.0100 synth_eps=0.0624 synth_eps_raw=0.0624 synth_x0_hit=0.0000 synth_total=0.0624 extra_render_attn_share=0.5553
[step 53150] real_p1_mirror_hole_cov=0.5539 real_p1_eps=0.1004 real_p1_hole_frac=0.3649 real_p2_eps=0.0454 real_p2_hit=0.0000 real_total=0.1458 discr_adv=0.9822 x0_d_real=-0.0607 x0_d_fake=-0.0963 g_grad_abs=760.3999 d_grad_abs=201.4295 synth_eps=0.0518 synth_eps_raw=0.0518 synth_x0_hit=0.0000 synth_total=0.0518 extra_render_attn_share=0.5553
[step 53200] real_p1_mirror_hole_cov=0.0270 real_p1_eps=0.0015 real_p1_hole_frac=0.1122 real_p2_eps=0.1152 real_p2_hit=1.0000 real_p2_t=193.0000 real_p2_ldif=0.0355 real_p2_gen_adv=0.5556 real_p2_lfm=0.0057 real_total=0.2192 discr_adv=1.1772 p2_d_real=-0.9099 p2_d_fake=-0.5556 g_grad_abs=920.8203 d_grad_abs=916.1087 synth_eps=0.0188 synth_eps_raw=0.0188 synth_x0_hit=0.0000 synth_total=0.0188 extra_render_attn_share=0.5553
[step 53250] real_p1_mirror_hole_cov=0.0268 real_p1_eps=0.0309 real_p1_hole_frac=0.3509 real_p2_eps=0.0332 real_p2_hit=0.0000 real_total=0.0642 synth_eps=0.4025 synth_eps_raw=0.4025 synth_x0_hit=1.0000 synth_x0_t=145.0000 synth_x0_ldif=0.0796 synth_x0_gen_adv=-0.4426 synth_x0_lfm=0.0064 synth_total=0.4507 extra_render_attn_share=0.5553
[step 53300] real_p1_mirror_hole_cov=0.1358 real_p1_eps=0.0071 real_p1_hole_frac=0.1597 real_p2_eps=0.3316 real_p2_hit=1.0000 real_p2_t=50.0000 real_p2_ldif=0.0169 real_p2_gen_adv=-0.8513 real_p2_lfm=0.0020 real_total=0.2743 discr_adv=1.0042 p2_d_real=0.8430 p2_d_fake=0.8513 g_grad_abs=1365.3998 d_grad_abs=76.2567 synth_eps=0.2690 synth_eps_raw=0.2690 synth_x0_hit=1.0000 synth_x0_t=236.0000 synth_x0_ldif=0.1172 synth_x0_gen_adv=-0.7900 synth_x0_lfm=0.0061 synth_total=0.3194 extra_render_attn_share=0.5553
[step 53350] real_p1_mirror_hole_cov=0.0922 real_p1_eps=0.0219 real_p1_hole_frac=0.2124 real_p2_eps=0.0120 real_p2_hit=0.0000 real_total=0.0339 synth_eps=0.1750 synth_eps_raw=0.1750 synth_x0_hit=1.0000 synth_x0_t=249.0000 synth_x0_ldif=0.0841 synth_x0_gen_adv=-0.3258 synth_x0_lfm=0.0076 synth_total=0.2418 extra_render_attn_share=0.5553
[step 53400] real_p1_mirror_hole_cov=0.0495 real_p1_eps=0.0007 real_p1_hole_frac=0.2014 real_p2_eps=0.0676 real_p2_hit=0.0000 real_total=0.0683 discr_adv=0.8857 x0_d_real=0.1017 x0_d_fake=-0.1284 g_grad_abs=362.7507 d_grad_abs=417.7186 synth_eps=0.0614 synth_eps_raw=0.0614 synth_x0_hit=0.0000 synth_total=0.0614 extra_render_attn_share=0.5553
[step 53450] real_p1_mirror_hole_cov=0.0600 real_p1_eps=0.4748 real_p1_hole_frac=0.4616 real_p2_eps=0.0017 real_p2_hit=0.0000 real_total=0.4764 synth_eps=0.0510 synth_eps_raw=0.0510 synth_x0_hit=0.0000 synth_total=0.0510 extra_render_attn_share=0.5553
[step 53500] real_p1_mirror_hole_cov=0.3434 real_p1_eps=0.2019 real_p1_hole_frac=0.2616 real_p2_eps=0.0034 real_p2_hit=0.0000 real_total=0.2053 discr_adv=0.9270 x0_d_real=0.4432 x0_d_fake=0.2971 g_grad_abs=845.2158 d_grad_abs=215.5275 synth_eps=0.0124 synth_eps_raw=0.0124 synth_x0_hit=0.0000 synth_total=0.0124 extra_render_attn_share=0.5553
[images] real: anchor | cond1 | cond2 | inv_warp_mirror | mask | mask_inv | warp_img | warp_warp_img | x | y_hat | y_hat_novel -> /home/xzy/warpgan-diffusiong-inpainting/warpgan-diffusion-inpainting-main/experiments/train_inpainting_diffusion/[20260915-085455]_v19_w6b_300k/logs/images/train/real_step0053500.png
[images] synth: cond | mask | target | warp_img | x | y_hat_novel -> /home/xzy/warpgan-diffusiong-inpainting/warpgan-diffusion-inpainting-main/experiments/train_inpainting_diffusion/[20260915-085455]_v19_w6b_300k/logs/images/train/synth_step0053500.png
[step 53550] real_p1_mirror_hole_cov=0.0239 real_p1_eps=0.1220 real_p1_hole_frac=0.3950 real_p2_eps=0.1788 real_p2_hit=1.0000 real_p2_t=292.0000 real_p2_ldif=0.1172 real_p2_gen_adv=-0.4071 real_p2_lfm=0.0054 real_total=0.3882 discr_adv=0.9897 p2_d_real=0.4276 p2_d_fake=0.4071 g_grad_abs=1633.1953 d_grad_abs=168.4122 synth_eps=0.0297 synth_eps_raw=0.0297 synth_x0_hit=0.0000 synth_total=0.0297 extra_render_attn_share=0.5553
[step 53600] real_p1_mirror_hole_cov=0.1055 real_p1_eps=0.0559 real_p1_hole_frac=0.4012 real_p2_eps=0.1420 real_p2_hit=0.0000 real_total=0.1979 synth_eps=0.0508 synth_eps_raw=0.0508 synth_x0_hit=0.0000 synth_total=0.0508 extra_render_attn_share=0.5553
[step 53650] real_p1_mirror_hole_cov=0.3299 real_p1_eps=0.1564 real_p1_hole_frac=0.4357 real_p2_eps=0.0024 real_p2_hit=0.0000 real_total=0.1588 synth_eps=0.0485 synth_eps_raw=0.0485 synth_x0_hit=0.0000 synth_total=0.0485 extra_render_attn_share=0.5553
[step 53700] real_p1_mirror_hole_cov=0.2272 real_p1_eps=0.0023 real_p1_hole_frac=0.0694 real_p2_eps=0.2848 real_p2_hit=1.0000 real_p2_t=32.0000 real_p2_ldif=0.0089 real_p2_gen_adv=0.0089 real_p2_lfm=0.0012 real_total=0.2993 discr_adv=1.0438 p2_d_real=-0.0964 p2_d_fake=-0.0089 g_grad_abs=1113.4938 d_grad_abs=140.1345 synth_eps=0.0513 synth_eps_raw=0.0513 synth_x0_hit=0.0000 synth_total=0.0513 extra_render_attn_share=0.5553
[step 53750] real_p1_mirror_hole_cov=0.1073 real_p1_eps=0.0063 real_p1_hole_frac=0.0761 real_p2_eps=0.0059 real_p2_hit=0.0000 real_total=0.0122 synth_eps=0.0895 synth_eps_raw=0.0895 synth_x0_hit=0.0000 synth_total=0.0895 extra_render_attn_share=0.5553
[step 53800] real_p1_mirror_hole_cov=0.1961 real_p1_eps=0.1172 real_p1_hole_frac=0.6250 real_p2_eps=0.0226 real_p2_hit=0.0000 real_total=0.1398 discr_adv=1.0969 x0_d_real=0.0569 x0_d_fake=0.2507 g_grad_abs=711.0891 d_grad_abs=346.5879 synth_eps=0.0499 synth_eps_raw=0.0499 synth_x0_hit=0.0000 synth_total=0.0499 extra_render_attn_share=0.5553
[step 53850] real_p1_mirror_hole_cov=0.0945 real_p1_eps=0.0051 real_p1_hole_frac=0.5044 real_p2_eps=0.1915 real_p2_hit=1.0000 real_p2_t=297.0000 real_p2_ldif=0.1301 real_p2_gen_adv=-0.5326 real_p2_lfm=0.0065 real_total=0.2864 discr_adv=0.9578 p2_d_real=0.6171 p2_d_fake=0.5326 g_grad_abs=1555.3238 d_grad_abs=208.2931 synth_eps=0.2054 synth_eps_raw=0.2054 synth_x0_hit=1.0000 synth_x0_t=253.0000 synth_x0_ldif=0.1017 synth_x0_gen_adv=-0.3174 synth_x0_lfm=0.0065 synth_total=0.2883 extra_render_attn_share=0.5553
[step 53900] real_p1_mirror_hole_cov=0.0618 real_p1_eps=0.0374 real_p1_hole_frac=0.1028 real_p2_eps=0.0423 real_p2_hit=0.0000 real_total=0.0797 synth_eps=0.0320 synth_eps_raw=0.0320 synth_x0_hit=0.0000 synth_total=0.0320 extra_render_attn_share=0.5553
[step 53950] real_p1_mirror_hole_cov=0.0723 real_p1_eps=0.0008 real_p1_hole_frac=0.1147 real_p2_eps=0.0206 real_p2_hit=0.0000 real_total=0.0214 synth_eps=0.0050 synth_eps_raw=0.0050 synth_x0_hit=0.0000 synth_total=0.0050 extra_render_attn_share=0.5553
[val step 53999] val_novel_full=0.0713 val_novel_hole=0.1254 val_novel_visible=0.0480
[step 54000] real_p1_mirror_hole_cov=0.1585 real_p1_eps=0.0079 real_p1_hole_frac=0.5610 real_p2_eps=0.0943 real_p2_hit=0.0000 real_total=0.1022 synth_eps=0.1567 synth_eps_raw=0.1567 synth_x0_hit=1.0000 synth_x0_t=258.0000 synth_x0_ldif=0.0805 synth_x0_gen_adv=0.2701 synth_x0_lfm=0.0062 synth_total=0.2766 extra_render_attn_share=0.5573
[images] real: anchor | cond1 | cond2 | inv_warp_mirror | mask | mask_inv | warp_img | warp_warp_img | x | y_hat | y_hat_novel -> /home/xzy/warpgan-diffusiong-inpainting/warpgan-diffusion-inpainting-main/experiments/train_inpainting_diffusion/[20260915-085455]_v19_w6b_300k/logs/images/train/real_step0054000.png
[images] synth: cond | mask | target | warp_img | x | y_hat_novel -> /home/xzy/warpgan-diffusiong-inpainting/warpgan-diffusion-inpainting-main/experiments/train_inpainting_diffusion/[20260915-085455]_v19_w6b_300k/logs/images/train/synth_step0054000.png
[step 54050] real_p1_mirror_hole_cov=0.0758 real_p1_eps=0.0020 real_p1_hole_frac=0.1795 real_p2_eps=0.1262 real_p2_hit=1.0000 real_p2_t=269.0000 real_p2_ldif=0.0702 real_p2_gen_adv=-0.3844 real_p2_lfm=0.0052 real_total=0.1705 discr_adv=1.1468 p2_d_real=0.0908 p2_d_fake=0.3844 g_grad_abs=1358.4652 d_grad_abs=528.4854 synth_eps=0.0050 synth_eps_raw=0.0050 synth_x0_hit=0.0000 synth_total=0.0050 extra_render_attn_share=0.5573
[step 54100] real_p1_mirror_hole_cov=0.0068 real_p1_eps=0.0834 real_p1_hole_frac=0.2371 real_p2_eps=0.0010 real_p2_hit=0.0000 real_total=0.0844 synth_eps=0.0220 synth_eps_raw=0.0220 synth_x0_hit=0.0000 synth_total=0.0220 extra_render_attn_share=0.5573
[step 54150] real_p1_mirror_hole_cov=0.1302 real_p1_eps=0.0057 real_p1_hole_frac=0.3307 real_p2_eps=0.1718 real_p2_hit=1.0000 real_p2_t=212.0000 real_p2_ldif=0.0619 real_p2_gen_adv=-0.2123 real_p2_lfm=0.0033 real_total=0.2248 discr_adv=0.9752 p2_d_real=0.2619 p2_d_fake=0.2123 g_grad_abs=1381.6509 d_grad_abs=122.1400 synth_eps=0.0013 synth_eps_raw=0.0013 synth_x0_hit=0.0000 synth_total=0.0013 extra_render_attn_share=0.5573
[step 54200] real_p1_mirror_hole_cov=0.0111 real_p1_eps=0.0009 real_p1_hole_frac=0.0711 real_p2_eps=0.0173 real_p2_hit=0.0000 real_total=0.0182 synth_eps=0.0368 synth_eps_raw=0.0368 synth_x0_hit=0.0000 synth_total=0.0368 extra_render_attn_share=0.5573
[step 54250] real_p1_mirror_hole_cov=0.1692 real_p1_eps=0.0014 real_p1_hole_frac=0.1017 real_p2_eps=0.2258 real_p2_hit=1.0000 real_p2_t=69.0000 real_p2_ldif=0.0168 real_p2_gen_adv=-0.2904 real_p2_lfm=0.0023 real_total=0.2195 discr_adv=1.0150 p2_d_real=0.2603 p2_d_fake=0.2904 g_grad_abs=1338.8503 d_grad_abs=92.9499 synth_eps=0.1197 synth_eps_raw=0.1197 synth_x0_hit=0.0000 synth_total=0.1197 extra_render_attn_share=0.5573
[step 54300] real_p1_mirror_hole_cov=0.1206 real_p1_eps=0.1353 real_p1_hole_frac=0.4271 real_p2_eps=0.0206 real_p2_hit=0.0000 real_total=0.1559 synth_eps=0.0015 synth_eps_raw=0.0015 synth_x0_hit=0.0000 synth_total=0.0015 extra_render_attn_share=0.5573
[step 54350] real_p1_mirror_hole_cov=0.2154 real_p1_eps=0.1261 real_p1_hole_frac=0.2680 real_p2_eps=0.1816 real_p2_hit=1.0000 real_p2_t=222.0000 real_p2_ldif=0.0709 real_p2_gen_adv=-0.7515 real_p2_lfm=0.0059 real_total=0.3153 discr_adv=0.9680 p2_d_real=0.8213 p2_d_fake=0.7515 g_grad_abs=1501.6254 d_grad_abs=258.2027 synth_eps=0.0023 synth_eps_raw=0.0023 synth_x0_hit=0.0000 synth_total=0.0023 extra_render_attn_share=0.5573
[step 54400] real_p1_mirror_hole_cov=0.1281 real_p1_eps=0.0708 real_p1_hole_frac=0.0967 real_p2_eps=0.1230 real_p2_hit=1.0000 real_p2_t=159.0000 real_p2_ldif=0.0279 real_p2_gen_adv=0.6362 real_p2_lfm=0.0027 real_total=0.2907 discr_adv=1.0741 p2_d_real=-0.7844 p2_d_fake=-0.6362 g_grad_abs=1146.1576 d_grad_abs=314.6562 synth_eps=0.0497 synth_eps_raw=0.0497 synth_x0_hit=0.0000 synth_total=0.0497 extra_render_attn_share=0.5573
[step 54450] real_p1_mirror_hole_cov=0.2279 real_p1_eps=0.0040 real_p1_hole_frac=0.0275 real_p2_eps=0.0053 real_p2_hit=0.0000 real_total=0.0093 discr_adv=0.9470 x0_d_real=-0.5086 x0_d_fake=-0.6152 g_grad_abs=103.6518 d_grad_abs=325.2429 synth_eps=0.1205 synth_eps_raw=0.1205 synth_x0_hit=0.0000 synth_total=0.1205 extra_render_attn_share=0.5573
[step 54500] real_p1_mirror_hole_cov=0.0027 real_p1_eps=0.0456 real_p1_hole_frac=0.1301 real_p2_eps=0.0837 real_p2_hit=0.0000 real_total=0.1293 synth_eps=0.0487 synth_eps_raw=0.0487 synth_x0_hit=0.0000 synth_total=0.0487 extra_render_attn_share=0.5573
[images] real: anchor | cond1 | cond2 | inv_warp_mirror | mask | mask_inv | warp_img | warp_warp_img | x | y_hat | y_hat_novel -> /home/xzy/warpgan-diffusiong-inpainting/warpgan-diffusion-inpainting-main/experiments/train_inpainting_diffusion/[20260915-085455]_v19_w6b_300k/logs/images/train/real_step0054500.png
[images] synth: cond | mask | target | warp_img | x | y_hat_novel -> /home/xzy/warpgan-diffusiong-inpainting/warpgan-diffusion-inpainting-main/experiments/train_inpainting_diffusion/[20260915-085455]_v19_w6b_300k/logs/images/train/synth_step0054500.png
[step 54550] real_p1_mirror_hole_cov=0.3516 real_p1_eps=0.0152 real_p1_hole_frac=0.3943 real_p2_eps=0.0516 real_p2_hit=0.0000 real_total=0.0668 discr_adv=0.9561 x0_d_real=0.1480 x0_d_fake=0.0601 g_grad_abs=412.0030 d_grad_abs=198.6834 synth_eps=0.2720 synth_eps_raw=0.2720 synth_x0_hit=1.0000 synth_x0_t=213.0000 synth_x0_ldif=0.0989 synth_x0_gen_adv=0.4210 synth_x0_lfm=0.0069 synth_total=0.4267 extra_render_attn_share=0.5573
[step 54600] real_p1_mirror_hole_cov=0.0829 real_p1_eps=0.0017 real_p1_hole_frac=0.1494 real_p2_eps=0.0252 real_p2_hit=0.0000 real_total=0.0269 discr_adv=0.9624 x0_d_real=0.3493 x0_d_fake=0.2742 g_grad_abs=295.5821 d_grad_abs=209.5223 synth_eps=0.8816 synth_eps_raw=0.8816 synth_x0_hit=1.0000 synth_x0_t=1.0000 synth_x0_ldif=0.0015 synth_x0_gen_adv=0.4208 synth_x0_lfm=0.0003 synth_total=0.9258 extra_render_attn_share=0.5573
[step 54650] real_p1_mirror_hole_cov=0.1047 real_p1_eps=0.2255 real_p1_hole_frac=0.1483 real_p2_eps=0.3042 real_p2_hit=1.0000 real_p2_t=52.0000 real_p2_ldif=0.0162 real_p2_gen_adv=-0.0649 real_p2_lfm=0.0010 real_total=0.5416 discr_adv=0.9877 p2_d_real=0.0897 p2_d_fake=0.0649 g_grad_abs=1839.0912 d_grad_abs=220.2381 synth_eps=0.0012 synth_eps_raw=0.0012 synth_x0_hit=0.0000 synth_total=0.0012 extra_render_attn_share=0.5573
[step 54700] real_p1_mirror_hole_cov=0.1978 real_p1_eps=0.0930 real_p1_hole_frac=0.2084 real_p2_eps=0.0093 real_p2_hit=0.0000 real_total=0.1023 synth_eps=0.9154 synth_eps_raw=0.9154 synth_x0_hit=1.0000 synth_x0_t=2.0000 synth_x0_ldif=0.0024 synth_x0_gen_adv=0.1087 synth_x0_lfm=0.0003 synth_total=0.9293 extra_render_attn_share=0.5573
[step 54750] real_p1_mirror_hole_cov=0.0053 real_p1_eps=0.0202 real_p1_hole_frac=0.2117 real_p2_eps=0.0286 real_p2_hit=0.0000 real_total=0.0488 synth_eps=0.0077 synth_eps_raw=0.0077 synth_x0_hit=0.0000 synth_total=0.0077 extra_render_attn_share=0.5573
[step 54800] real_p1_mirror_hole_cov=0.2151 real_p1_eps=0.0188 real_p1_hole_frac=0.4710 real_p2_eps=0.0025 real_p2_hit=0.0000 real_total=0.0213 discr_adv=0.9410 x0_d_real=0.2063 x0_d_fake=0.0883 g_grad_abs=257.7530 d_grad_abs=374.0830 synth_eps=0.0025 synth_eps_raw=0.0025 synth_x0_hit=0.0000 synth_total=0.0025 extra_render_attn_share=0.5573
[step 54850] real_p1_mirror_hole_cov=0.1610 real_p1_eps=0.0041 real_p1_hole_frac=0.2814 real_p2_eps=0.2100 real_p2_hit=1.0000 real_p2_t=182.0000 real_p2_ldif=0.0588 real_p2_gen_adv=-0.4685 real_p2_lfm=0.0044 real_total=0.2348 discr_adv=0.9855 p2_d_real=0.4975 p2_d_fake=0.4685 g_grad_abs=1432.0964 d_grad_abs=152.5688 synth_eps=0.0664 synth_eps_raw=0.0664 synth_x0_hit=0.0000 synth_total=0.0664 extra_render_attn_share=0.5573
[step 54900] real_p1_mirror_hole_cov=0.0203 real_p1_eps=0.0253 real_p1_hole_frac=0.3282 real_p2_eps=0.0084 real_p2_hit=0.0000 real_total=0.0338 synth_eps=0.0046 synth_eps_raw=0.0046 synth_x0_hit=0.0000 synth_total=0.0046 extra_render_attn_share=0.5573
[step 54950] real_p1_mirror_hole_cov=0.0385 real_p1_eps=0.4442 real_p1_hole_frac=0.1076 real_p2_eps=0.0484 real_p2_hit=0.0000 real_total=0.4926 synth_eps=0.0279 synth_eps_raw=0.0279 synth_x0_hit=0.0000 synth_total=0.0279 extra_render_attn_share=0.5573
[step 55000] real_p1_mirror_hole_cov=0.0986 real_p1_eps=0.0560 real_p1_hole_frac=0.1219 real_p2_eps=0.0037 real_p2_hit=0.0000 real_total=0.0598 synth_eps=0.0457 synth_eps_raw=0.0457 synth_x0_hit=0.0000 synth_total=0.0457 extra_render_attn_share=0.5573
[images] real: anchor | cond1 | cond2 | inv_warp_mirror | mask | mask_inv | warp_img | warp_warp_img | x | y_hat | y_hat_novel -> /home/xzy/warpgan-diffusiong-inpainting/warpgan-diffusion-inpainting-main/experiments/train_inpainting_diffusion/[20260915-085455]_v19_w6b_300k/logs/images/train/real_step0055000.png
[images] synth: cond | mask | target | warp_img | x | y_hat_novel -> /home/xzy/warpgan-diffusiong-inpainting/warpgan-diffusion-inpainting-main/experiments/train_inpainting_diffusion/[20260915-085455]_v19_w6b_300k/logs/images/train/synth_step0055000.png
[step 55050] real_p1_mirror_hole_cov=0.2244 real_p1_eps=0.0193 real_p1_hole_frac=0.3775 real_p2_eps=0.3546 real_p2_hit=1.0000 real_p2_t=100.0000 real_p2_ldif=0.0419 real_p2_gen_adv=-0.5576 real_p2_lfm=0.0020 real_total=0.3641 discr_adv=1.9298 x0_d_real=0.5170 x0_d_fake=0.5210 p2_d_real=0.7019 p2_d_fake=0.5576 g_grad_abs=1124.3363 d_grad_abs=2043.1753 synth_eps=0.0300 synth_eps_raw=0.0300 synth_x0_hit=0.0000 synth_total=0.0300 extra_render_attn_share=0.5573
[step 55100] real_p1_mirror_hole_cov=0.0330 real_p1_eps=0.0166 real_p1_hole_frac=0.2406 real_p2_eps=0.0015 real_p2_hit=0.0000 real_total=0.0181 synth_eps=0.4137 synth_eps_raw=0.4137 synth_x0_hit=1.0000 synth_x0_t=85.0000 synth_x0_ldif=0.0397 synth_x0_gen_adv=0.1902 synth_x0_lfm=0.0038 synth_total=0.4799 extra_render_attn_share=0.5573
[step 55150] real_p1_mirror_hole_cov=0.0055 real_p1_eps=0.0444 real_p1_hole_frac=0.1800 real_p2_eps=0.0870 real_p2_hit=1.0000 real_p2_t=257.0000 real_p2_ldif=0.0444 real_p2_gen_adv=0.3338 real_p2_lfm=0.0046 real_total=0.2183 discr_adv=1.0022 p2_d_real=-0.3383 p2_d_fake=-0.3338 g_grad_abs=1077.0614 d_grad_abs=86.1111 synth_eps=0.4818 synth_eps_raw=0.4818 synth_x0_hit=1.0000 synth_x0_t=51.0000 synth_x0_ldif=0.0251 synth_x0_gen_adv=0.5117 synth_x0_lfm=0.0025 synth_total=0.5631 extra_render_attn_share=0.5573
[step 55200] real_p1_mirror_hole_cov=0.0254 real_p1_eps=0.0158 real_p1_hole_frac=0.2039 real_p2_eps=0.0856 real_p2_hit=0.0000 real_total=0.1014 synth_eps=0.0642 synth_eps_raw=0.0642 synth_x0_hit=0.0000 synth_total=0.0642 extra_render_attn_share=0.5573
[step 55250] real_p1_mirror_hole_cov=0.0026 real_p1_eps=0.0992 real_p1_hole_frac=0.1937 real_p2_eps=0.0189 real_p2_hit=0.0000 real_total=0.1181 discr_adv=0.9199 x0_d_real=0.1921 x0_d_fake=0.0319 g_grad_abs=647.4451 d_grad_abs=336.6114 synth_eps=0.0058 synth_eps_raw=0.0058 synth_x0_hit=0.0000 synth_total=0.0058 extra_render_attn_share=0.5573
[step 55300] real_p1_mirror_hole_cov=0.0340 real_p1_eps=0.0052 real_p1_hole_frac=0.2891 real_p2_eps=0.3829 real_p2_hit=1.0000 real_p2_t=91.0000 real_p2_ldif=0.0401 real_p2_gen_adv=-0.8290 real_p2_lfm=0.0040 real_total=0.3533 discr_adv=0.9993 p2_d_real=0.8305 p2_d_fake=0.8290 g_grad_abs=1323.5555 d_grad_abs=20.0120 synth_eps=0.3379 synth_eps_raw=0.3379 synth_x0_hit=1.0000 synth_x0_t=146.0000 synth_x0_ldif=0.0675 synth_x0_gen_adv=-0.6422 synth_x0_lfm=0.0055 synth_total=0.3522 extra_render_attn_share=0.5573
[step 55350] real_p1_mirror_hole_cov=0.0067 real_p1_eps=0.0121 real_p1_hole_frac=0.2128 real_p2_eps=0.5871 real_p2_hit=1.0000 real_p2_t=7.0000 real_p2_ldif=0.0041 real_p2_gen_adv=0.3655 real_p2_lfm=0.0005 real_total=0.6407 discr_adv=0.9871 p2_d_real=-0.3398 p2_d_fake=-0.3655 g_grad_abs=1373.8682 d_grad_abs=101.3782 synth_eps=0.0021 synth_eps_raw=0.0021 synth_x0_hit=0.0000 synth_total=0.0021 extra_render_attn_share=0.5573
[step 55400] real_p1_mirror_hole_cov=0.0550 real_p1_eps=0.0097 real_p1_hole_frac=0.5319 real_p2_eps=0.0101 real_p2_hit=0.0000 real_total=0.0198 synth_eps=0.2901 synth_eps_raw=0.2901 synth_x0_hit=1.0000 synth_x0_t=172.0000 synth_x0_ldif=0.0743 synth_x0_gen_adv=0.2835 synth_x0_lfm=0.0051 synth_total=0.4030 extra_render_attn_share=0.5573
[step 55450] real_p1_mirror_hole_cov=0.2890 real_p1_eps=0.0107 real_p1_hole_frac=0.3863 real_p2_eps=0.0056 real_p2_hit=0.0000 real_total=0.0163 synth_eps=0.2124 synth_eps_raw=0.2124 synth_x0_hit=1.0000 synth_x0_t=218.0000 synth_x0_ldif=0.0804 synth_x0_gen_adv=-0.6099 synth_x0_lfm=0.0049 synth_total=0.2416 extra_render_attn_share=0.5573
[step 55500] real_p1_mirror_hole_cov=0.3738 real_p1_eps=0.4259 real_p1_hole_frac=0.4978 real_p2_eps=0.1938 real_p2_hit=1.0000 real_p2_t=294.0000 real_p2_ldif=0.1289 real_p2_gen_adv=0.1824 real_p2_lfm=0.0075 real_total=0.7819 discr_adv=1.0285 p2_d_real=-0.2395 p2_d_fake=-0.1824 g_grad_abs=1888.5839 d_grad_abs=166.6694 synth_eps=0.0017 synth_eps_raw=0.0017 synth_x0_hit=0.0000 synth_total=0.0017 extra_render_attn_share=0.5573
[images] real: anchor | cond1 | cond2 | inv_warp_mirror | mask | mask_inv | warp_img | warp_warp_img | x | y_hat | y_hat_novel -> /home/xzy/warpgan-diffusiong-inpainting/warpgan-diffusion-inpainting-main/experiments/train_inpainting_diffusion/[20260915-085455]_v19_w6b_300k/logs/images/train/real_step0055500.png
[images] synth: cond | mask | target | warp_img | x | y_hat_novel -> /home/xzy/warpgan-diffusiong-inpainting/warpgan-diffusion-inpainting-main/experiments/train_inpainting_diffusion/[20260915-085455]_v19_w6b_300k/logs/images/train/synth_step0055500.png
[step 55550] real_p1_mirror_hole_cov=0.0699 real_p1_eps=0.0178 real_p1_hole_frac=0.5399 real_p2_eps=0.4016 real_p2_hit=1.0000 real_p2_t=72.0000 real_p2_ldif=0.0314 real_p2_gen_adv=0.1093 real_p2_lfm=0.0030 real_total=0.4677 discr_adv=0.9356 p2_d_real=0.0196 p2_d_fake=-0.1093 g_grad_abs=852.4461 d_grad_abs=194.6772 synth_eps=0.0047 synth_eps_raw=0.0047 synth_x0_hit=0.0000 synth_total=0.0047 extra_render_attn_share=0.5573
[step 55600] real_p1_mirror_hole_cov=0.0530 real_p1_eps=0.1244 real_p1_hole_frac=0.3653 real_p2_eps=0.0331 real_p2_hit=0.0000 real_total=0.1575 discr_adv=0.9901 x0_d_real=0.7065 x0_d_fake=0.6866 g_grad_abs=745.2827 d_grad_abs=140.4885 synth_eps=0.0016 synth_eps_raw=0.0016 synth_x0_hit=0.0000 synth_total=0.0016 extra_render_attn_share=0.5573
[step 55650] real_p1_mirror_hole_cov=0.0915 real_p1_eps=0.0038 real_p1_hole_frac=0.5072 real_p2_eps=0.0240 real_p2_hit=0.0000 real_total=0.0277 discr_adv=1.2215 x0_d_real=-0.5236 x0_d_fake=-0.0806 g_grad_abs=324.6953 d_grad_abs=812.0891 synth_eps=0.0929 synth_eps_raw=0.0929 synth_x0_hit=0.0000 synth_total=0.0929 extra_render_attn_share=0.5573
[step 55700] real_p1_mirror_hole_cov=0.0088 real_p1_eps=0.1387 real_p1_hole_frac=0.1885 real_p2_eps=0.2340 real_p2_hit=1.0000 real_p2_t=82.0000 real_p2_ldif=0.0215 real_p2_gen_adv=0.8419 real_p2_lfm=0.0021 real_total=0.4825 discr_adv=1.9594 x0_d_real=-0.6251 x0_d_fake=-0.6973 p2_d_real=-0.8329 p2_d_fake=-0.8419 g_grad_abs=1300.8884 d_grad_abs=124.1825 synth_eps=0.5346 synth_eps_raw=0.5346 synth_x0_hit=1.0000 synth_x0_t=40.0000 synth_x0_ldif=0.0212 synth_x0_gen_adv=0.8735 synth_x0_lfm=0.0029 synth_total=0.6489 extra_render_attn_share=0.5573
[step 55750] real_p1_mirror_hole_cov=0.0611 real_p1_eps=0.1275 real_p1_hole_frac=0.4073 real_p2_eps=0.2747 real_p2_hit=1.0000 real_p2_t=213.0000 real_p2_ldif=0.0999 real_p2_gen_adv=0.4463 real_p2_lfm=0.0063 real_total=0.5595 discr_adv=0.8821 p2_d_real=-0.2105 p2_d_fake=-0.4463 g_grad_abs=1422.4709 d_grad_abs=389.2121 synth_eps=0.4054 synth_eps_raw=0.4054 synth_x0_hit=1.0000 synth_x0_t=86.0000 synth_x0_ldif=0.0395 synth_x0_gen_adv=0.8581 synth_x0_lfm=0.0025 synth_total=0.5357 extra_render_attn_share=0.5573
[step 55800] real_p1_mirror_hole_cov=0.1466 real_p1_eps=0.0117 real_p1_hole_frac=0.3834 real_p2_eps=0.0433 real_p2_hit=0.0000 real_total=0.0549 discr_adv=0.9548 x0_d_real=0.6182 x0_d_fake=0.5276 g_grad_abs=510.7330 d_grad_abs=209.1404 synth_eps=0.0707 synth_eps_raw=0.0707 synth_x0_hit=0.0000 synth_total=0.0707 extra_render_attn_share=0.5573
[step 55850] real_p1_mirror_hole_cov=0.0286 real_p1_eps=0.0176 real_p1_hole_frac=0.4327 real_p2_eps=0.0932 real_p2_hit=0.0000 real_total=0.1108 synth_eps=0.3420 synth_eps_raw=0.3420 synth_x0_hit=1.0000 synth_x0_t=135.0000 synth_x0_ldif=0.0610 synth_x0_gen_adv=-0.7698 synth_x0_lfm=0.0053 synth_total=0.3367 extra_render_attn_share=0.5573
[step 55900] real_p1_mirror_hole_cov=0.1384 real_p1_eps=0.0022 real_p1_hole_frac=0.1445 real_p2_eps=0.0872 real_p2_hit=0.0000 real_total=0.0893 discr_adv=0.9695 x0_d_real=0.0354 x0_d_fake=-0.0256 g_grad_abs=576.4668 d_grad_abs=132.9381 synth_eps=0.0546 synth_eps_raw=0.0546 synth_x0_hit=0.0000 synth_total=0.0546 extra_render_attn_share=0.5573
[step 55950] real_p1_mirror_hole_cov=0.0015 real_p1_eps=0.0042 real_p1_hole_frac=0.0829 real_p2_eps=0.0374 real_p2_hit=0.0000 real_total=0.0415 synth_eps=0.2872 synth_eps_raw=0.2872 synth_x0_hit=1.0000 synth_x0_t=182.0000 synth_x0_ldif=0.0805 synth_x0_gen_adv=-0.4254 synth_x0_lfm=0.0056 synth_total=0.3364 extra_render_attn_share=0.5573
[val step 55999] val_novel_full=0.0479 val_novel_hole=0.0422 val_novel_visible=0.0490
[step 56000] real_p1_mirror_hole_cov=0.2132 real_p1_eps=0.1542 real_p1_hole_frac=0.2847 real_p2_eps=0.0012 real_p2_hit=0.0000 real_total=0.1554 synth_eps=0.0120 synth_eps_raw=0.0120 synth_x0_hit=0.0000 synth_total=0.0120 extra_render_attn_share=0.5529
[images] real: anchor | cond1 | cond2 | inv_warp_mirror | mask | mask_inv | warp_img | warp_warp_img | x | y_hat | y_hat_novel -> /home/xzy/warpgan-diffusiong-inpainting/warpgan-diffusion-inpainting-main/experiments/train_inpainting_diffusion/[20260915-085455]_v19_w6b_300k/logs/images/train/real_step0056000.png
[images] synth: cond | mask | target | warp_img | x | y_hat_novel -> /home/xzy/warpgan-diffusiong-inpainting/warpgan-diffusion-inpainting-main/experiments/train_inpainting_diffusion/[20260915-085455]_v19_w6b_300k/logs/images/train/synth_step0056000.png
[step 56050] real_p1_mirror_hole_cov=0.0047 real_p1_eps=0.0037 real_p1_hole_frac=0.2575 real_p2_eps=0.0874 real_p2_hit=0.0000 real_total=0.0911 synth_eps=0.2795 synth_eps_raw=0.2795 synth_x0_hit=1.0000 synth_x0_t=172.0000 synth_x0_ldif=0.0716 synth_x0_gen_adv=0.0637 synth_x0_lfm=0.0060 synth_total=0.3695 extra_render_attn_share=0.5529
[step 56100] real_p1_mirror_hole_cov=0.1208 real_p1_eps=0.0039 real_p1_hole_frac=0.0504 real_p2_eps=0.0125 real_p2_hit=0.0000 real_total=0.0164 synth_eps=0.0014 synth_eps_raw=0.0014 synth_x0_hit=0.0000 synth_total=0.0014 extra_render_attn_share=0.5529
[step 56150] real_p1_mirror_hole_cov=0.0634 real_p1_eps=0.0725 real_p1_hole_frac=0.1185 real_p2_eps=0.1592 real_p2_hit=1.0000 real_p2_t=142.0000 real_p2_ldif=0.0305 real_p2_gen_adv=0.1878 real_p2_lfm=0.0036 real_total=0.2881 discr_adv=1.1015 p2_d_real=-0.3907 p2_d_fake=-0.1878 g_grad_abs=1412.2023 d_grad_abs=381.1327 synth_eps=0.0010 synth_eps_raw=0.0010 synth_x0_hit=0.0000 synth_total=0.0010 extra_render_attn_share=0.5529
[step 56200] real_p1_mirror_hole_cov=0.2071 real_p1_eps=0.0379 real_p1_hole_frac=0.4287 real_p2_eps=0.0726 real_p2_hit=0.0000 real_total=0.1106 synth_eps=0.0875 synth_eps_raw=0.0875 synth_x0_hit=0.0000 synth_total=0.0875 extra_render_attn_share=0.5529
[step 56250] real_p1_mirror_hole_cov=0.0394 real_p1_eps=0.0081 real_p1_hole_frac=0.5797 real_p2_eps=0.2161 real_p2_hit=1.0000 real_p2_t=299.0000 real_p2_ldif=0.1488 real_p2_gen_adv=-0.3735 real_p2_lfm=0.0092 real_total=0.3542 discr_adv=1.7500 x0_d_real=-0.2612 x0_d_fake=-0.4421 p2_d_real=0.6926 p2_d_fake=0.3735 g_grad_abs=1321.9384 d_grad_abs=669.1501 synth_eps=0.1317 synth_eps_raw=0.1317 synth_x0_hit=0.0000 synth_total=0.1317 extra_render_attn_share=0.5529
[step 56300] real_p1_mirror_hole_cov=0.0546 real_p1_eps=0.0012 real_p1_hole_frac=0.2241 real_p2_eps=0.1896 real_p2_hit=1.0000 real_p2_t=225.0000 real_p2_ldif=0.0758 real_p2_gen_adv=-0.4806 real_p2_lfm=0.0068 real_total=0.2323 discr_adv=1.0026 p2_d_real=0.4754 p2_d_fake=0.4806 g_grad_abs=1498.9298 d_grad_abs=151.2548 synth_eps=0.0423 synth_eps_raw=0.0423 synth_x0_hit=0.0000 synth_total=0.0423 extra_render_attn_share=0.5529
[step 56350] real_p1_mirror_hole_cov=0.0246 real_p1_eps=0.0032 real_p1_hole_frac=0.2969 real_p2_eps=0.0515 real_p2_hit=0.0000 real_total=0.0548 synth_eps=0.3234 synth_eps_raw=0.3234 synth_x0_hit=1.0000 synth_x0_t=138.0000 synth_x0_ldif=0.0595 synth_x0_gen_adv=0.2364 synth_x0_lfm=0.0057 synth_total=0.4179 extra_render_attn_share=0.5529
[step 56400] real_p1_mirror_hole_cov=0.1492 real_p1_eps=0.0295 real_p1_hole_frac=0.2612 real_p2_eps=0.0097 real_p2_hit=0.0000 real_total=0.0391 synth_eps=0.0355 synth_eps_raw=0.0355 synth_x0_hit=0.0000 synth_total=0.0355 extra_render_attn_share=0.5529
[step 56450] real_p1_mirror_hole_cov=0.1647 real_p1_eps=0.1341 real_p1_hole_frac=0.2220 real_p2_eps=0.3060 real_p2_hit=1.0000 real_p2_t=89.0000 real_p2_ldif=0.0311 real_p2_gen_adv=-0.5747 real_p2_lfm=0.0028 real_total=0.4195 discr_adv=0.9706 p2_d_real=0.6335 p2_d_fake=0.5747 g_grad_abs=1523.0235 d_grad_abs=251.8441 synth_eps=0.0375 synth_eps_raw=0.0375 synth_x0_hit=0.0000 synth_total=0.0375 extra_render_attn_share=0.5529
[step 56500] real_p1_mirror_hole_cov=0.4978 real_p1_eps=0.2703 real_p1_hole_frac=0.2109 real_p2_eps=0.0618 real_p2_hit=0.0000 real_total=0.3322 discr_adv=0.9577 x0_d_real=0.1772 x0_d_fake=0.0926 g_grad_abs=1146.6626 d_grad_abs=159.2065 synth_eps=0.0200 synth_eps_raw=0.0200 synth_x0_hit=0.0000 synth_total=0.0200 extra_render_attn_share=0.5529
[images] real: anchor | cond1 | cond2 | inv_warp_mirror | mask | mask_inv | warp_img | warp_warp_img | x | y_hat | y_hat_novel -> /home/xzy/warpgan-diffusiong-inpainting/warpgan-diffusion-inpainting-main/experiments/train_inpainting_diffusion/[20260915-085455]_v19_w6b_300k/logs/images/train/real_step0056500.png
[images] synth: cond | mask | target | warp_img | x | y_hat_novel -> /home/xzy/warpgan-diffusiong-inpainting/warpgan-diffusion-inpainting-main/experiments/train_inpainting_diffusion/[20260915-085455]_v19_w6b_300k/logs/images/train/synth_step0056500.png
[step 56550] real_p1_mirror_hole_cov=0.1207 real_p1_eps=0.1342 real_p1_hole_frac=0.1489 real_p2_eps=0.2302 real_p2_hit=1.0000 real_p2_t=180.0000 real_p2_ldif=0.0634 real_p2_gen_adv=-0.8318 real_p2_lfm=0.0052 real_total=0.3550 discr_adv=1.8599 x0_d_real=0.5439 x0_d_fake=0.3112 p2_d_real=0.8792 p2_d_fake=0.8318 g_grad_abs=1423.9463 d_grad_abs=509.7773 synth_eps=0.0280 synth_eps_raw=0.0280 synth_x0_hit=0.0000 synth_total=0.0280 extra_render_attn_share=0.5529
[step 56600] real_p1_mirror_hole_cov=0.3919 real_p1_eps=0.0344 real_p1_hole_frac=0.3803 real_p2_eps=0.0190 real_p2_hit=0.0000 real_total=0.0534 synth_eps=0.2120 synth_eps_raw=0.2120 synth_x0_hit=1.0000 synth_x0_t=224.0000 synth_x0_ldif=0.0841 synth_x0_gen_adv=0.3872 synth_x0_lfm=0.0061 synth_total=0.3470 extra_render_attn_share=0.5529
[step 56650] real_p1_mirror_hole_cov=0.1448 real_p1_eps=0.4515 real_p1_hole_frac=0.3455 real_p2_eps=0.0263 real_p2_hit=0.0000 real_total=0.4778 discr_adv=0.9455 x0_d_real=0.1953 x0_d_fake=0.0864 g_grad_abs=1359.8653 d_grad_abs=175.0351 synth_eps=0.7164 synth_eps_raw=0.7164 synth_x0_hit=1.0000 synth_x0_t=11.0000 synth_x0_ldif=0.0076 synth_x0_gen_adv=-0.1481 synth_x0_lfm=0.0006 synth_total=0.7104 extra_render_attn_share=0.5529
[step 56700] real_p1_mirror_hole_cov=0.0496 real_p1_eps=0.0904 real_p1_hole_frac=0.1567 real_p2_eps=0.0092 real_p2_hit=0.0000 real_total=0.0996 synth_eps=0.0768 synth_eps_raw=0.0768 synth_x0_hit=0.0000 synth_total=0.0768 extra_render_attn_share=0.5529
[step 56750] real_p1_mirror_hole_cov=0.0625 real_p1_eps=0.4453 real_p1_hole_frac=0.3826 real_p2_eps=0.0538 real_p2_hit=0.0000 real_total=0.4991 synth_eps=0.0057 synth_eps_raw=0.0057 synth_x0_hit=0.0000 synth_total=0.0057 extra_render_attn_share=0.5529
[step 56800] real_p1_mirror_hole_cov=0.0307 real_p1_eps=0.0123 real_p1_hole_frac=0.1197 real_p2_eps=0.0032 real_p2_hit=0.0000 real_total=0.0154 synth_eps=0.0166 synth_eps_raw=0.0166 synth_x0_hit=0.0000 synth_total=0.0166 extra_render_attn_share=0.5529
[step 56850] real_p1_mirror_hole_cov=0.1287 real_p1_eps=0.0021 real_p1_hole_frac=0.4380 real_p2_eps=0.4776 real_p2_hit=1.0000 real_p2_t=27.0000 real_p2_ldif=0.0124 real_p2_gen_adv=-0.9061 real_p2_lfm=0.0023 real_total=0.4060 discr_adv=0.9929 p2_d_real=0.9247 p2_d_fake=0.9061 g_grad_abs=1178.1275 d_grad_abs=191.2717 synth_eps=0.0825 synth_eps_raw=0.0825 synth_x0_hit=0.0000 synth_total=0.0825 extra_render_attn_share=0.5529
[step 56900] real_p1_mirror_hole_cov=0.1656 real_p1_eps=0.0071 real_p1_hole_frac=0.2473 real_p2_eps=0.2578 real_p2_hit=1.0000 real_p2_t=156.0000 real_p2_ldif=0.0569 real_p2_gen_adv=-0.3823 real_p2_lfm=0.0050 real_total=0.2935 discr_adv=1.1467 p2_d_real=0.0889 p2_d_fake=0.3823 g_grad_abs=1236.9264 d_grad_abs=577.2569 synth_eps=0.1439 synth_eps_raw=0.1439 synth_x0_hit=0.0000 synth_total=0.1439 extra_render_attn_share=0.5529
[step 56950] real_p1_mirror_hole_cov=0.0016 real_p1_eps=0.0234 real_p1_hole_frac=0.2814 real_p2_eps=0.0012 real_p2_hit=0.0000 real_total=0.0246 discr_adv=0.9465 x0_d_real=0.1505 x0_d_fake=0.0436 g_grad_abs=363.6968 d_grad_abs=213.0288 synth_eps=0.4151 synth_eps_raw=0.4151 synth_x0_hit=1.0000 synth_x0_t=73.0000 synth_x0_ldif=0.0330 synth_x0_gen_adv=-0.1539 synth_x0_lfm=0.0032 synth_total=0.4391 extra_render_attn_share=0.5529
[step 57000] real_p1_mirror_hole_cov=0.1745 real_p1_eps=0.0021 real_p1_hole_frac=0.4305 real_p2_eps=0.3544 real_p2_hit=1.0000 real_p2_t=121.0000 real_p2_ldif=0.0542 real_p2_gen_adv=-0.0981 real_p2_lfm=0.0033 real_total=0.4074 discr_adv=0.9542 p2_d_real=0.1897 p2_d_fake=0.0981 g_grad_abs=1384.8010 d_grad_abs=260.4136 synth_eps=0.0180 synth_eps_raw=0.0180 synth_x0_hit=0.0000 synth_total=0.0180 extra_render_attn_share=0.5529
[images] real: anchor | cond1 | cond2 | inv_warp_mirror | mask | mask_inv | warp_img | warp_warp_img | x | y_hat | y_hat_novel -> /home/xzy/warpgan-diffusiong-inpainting/warpgan-diffusion-inpainting-main/experiments/train_inpainting_diffusion/[20260915-085455]_v19_w6b_300k/logs/images/train/real_step0057000.png
[images] synth: cond | mask | target | warp_img | x | y_hat_novel -> /home/xzy/warpgan-diffusiong-inpainting/warpgan-diffusion-inpainting-main/experiments/train_inpainting_diffusion/[20260915-085455]_v19_w6b_300k/logs/images/train/synth_step0057000.png
[step 57050] real_p1_mirror_hole_cov=0.1256 real_p1_eps=0.0027 real_p1_hole_frac=0.6385 real_p2_eps=0.3340 real_p2_hit=1.0000 real_p2_t=180.0000 real_p2_ldif=0.0919 real_p2_gen_adv=-0.8900 real_p2_lfm=0.0057 real_total=0.3510 discr_adv=0.9762 p2_d_real=0.9439 p2_d_fake=0.8900 g_grad_abs=1149.8866 d_grad_abs=327.4139 synth_eps=0.2753 synth_eps_raw=0.2753 synth_x0_hit=1.0000 synth_x0_t=177.0000 synth_x0_ldif=0.0738 synth_x0_gen_adv=-0.6600 synth_x0_lfm=0.0046 synth_total=0.2923 extra_render_attn_share=0.5529
[step 57100] real_p1_mirror_hole_cov=0.0486 real_p1_eps=0.0243 real_p1_hole_frac=0.3699 real_p2_eps=0.1758 real_p2_hit=0.0000 real_total=0.2002 synth_eps=0.0532 synth_eps_raw=0.0532 synth_x0_hit=0.0000 synth_total=0.0532 extra_render_attn_share=0.5529
[step 57150] real_p1_mirror_hole_cov=0.1568 real_p1_eps=0.1174 real_p1_hole_frac=0.3782 real_p2_eps=0.2005 real_p2_hit=1.0000 real_p2_t=241.0000 real_p2_ldif=0.0907 real_p2_gen_adv=0.0085 real_p2_lfm=0.0065 real_total=0.4225 discr_adv=0.9409 p2_d_real=0.1098 p2_d_fake=-0.0085 g_grad_abs=1466.0800 d_grad_abs=290.6714 synth_eps=0.0393 synth_eps_raw=0.0393 synth_x0_hit=0.0000 synth_total=0.0393 extra_render_attn_share=0.5529
[step 57200] real_p1_mirror_hole_cov=0.1838 real_p1_eps=0.1222 real_p1_hole_frac=0.0532 real_p2_eps=0.0049 real_p2_hit=0.0000 real_total=0.1270 discr_adv=0.9441 x0_d_real=-0.2719 x0_d_fake=-0.3842 g_grad_abs=658.0668 d_grad_abs=198.5451 synth_eps=0.2340 synth_eps_raw=0.2340 synth_x0_hit=1.0000 synth_x0_t=221.0000 synth_x0_ldif=0.0907 synth_x0_gen_adv=0.4422 synth_x0_lfm=0.0066 synth_total=0.3822 extra_render_attn_share=0.5529
[step 57250] real_p1_mirror_hole_cov=0.0376 real_p1_eps=0.1280 real_p1_hole_frac=0.1707 real_p2_eps=0.0519 real_p2_hit=0.0000 real_total=0.1798 synth_eps=0.0525 synth_eps_raw=0.0525 synth_x0_hit=0.0000 synth_total=0.0525 extra_render_attn_share=0.5529
[step 57300] real_p1_mirror_hole_cov=0.1102 real_p1_eps=0.1257 real_p1_hole_frac=0.2191 real_p2_eps=0.2167 real_p2_hit=1.0000 real_p2_t=143.0000 real_p2_ldif=0.0420 real_p2_gen_adv=0.5905 real_p2_lfm=0.0048 real_total=0.4530 discr_adv=1.9336 x0_d_real=-0.7541 x0_d_fake=-0.8818 p2_d_real=-0.5468 p2_d_fake=-0.5905 g_grad_abs=1280.6850 d_grad_abs=530.4428 synth_eps=0.0090 synth_eps_raw=0.0090 synth_x0_hit=0.0000 synth_total=0.0090 extra_render_attn_share=0.5529
[step 57350] real_p1_mirror_hole_cov=0.1654 real_p1_eps=0.2221 real_p1_hole_frac=0.0368 real_p2_eps=0.0010 real_p2_hit=0.0000 real_total=0.2231 synth_eps=0.0025 synth_eps_raw=0.0025 synth_x0_hit=0.0000 synth_total=0.0025 extra_render_attn_share=0.5529
[step 57400] real_p1_mirror_hole_cov=0.0988 real_p1_eps=0.0006 real_p1_hole_frac=0.1678 real_p2_eps=0.0226 real_p2_hit=0.0000 real_total=0.0232 synth_eps=0.0036 synth_eps_raw=0.0036 synth_x0_hit=0.0000 synth_total=0.0036 extra_render_attn_share=0.5529
[step 57450] real_p1_mirror_hole_cov=0.0247 real_p1_eps=0.4233 real_p1_hole_frac=0.3202 real_p2_eps=0.0125 real_p2_hit=0.0000 real_total=0.4358 discr_adv=0.9085 x0_d_real=0.5316 x0_d_fake=0.3486 g_grad_abs=1375.9995 d_grad_abs=411.5152 synth_eps=0.5440 synth_eps_raw=0.5440 synth_x0_hit=1.0000 synth_x0_t=40.0000 synth_x0_ldif=0.0219 synth_x0_gen_adv=0.2500 synth_x0_lfm=0.0025 synth_total=0.5958 extra_render_attn_share=0.5529
[step 57500] real_p1_mirror_hole_cov=0.0928 real_p1_eps=0.0006 real_p1_hole_frac=0.0863 real_p2_eps=0.1253 real_p2_hit=1.0000 real_p2_t=184.0000 real_p2_ldif=0.0357 real_p2_gen_adv=-0.1615 real_p2_lfm=0.0032 real_total=0.1518 discr_adv=1.0478 p2_d_real=0.0659 p2_d_fake=0.1615 g_grad_abs=987.2411 d_grad_abs=283.1022 synth_eps=0.0483 synth_eps_raw=0.0483 synth_x0_hit=0.0000 synth_total=0.0483 extra_render_attn_share=0.5529
[images] real: anchor | cond1 | cond2 | inv_warp_mirror | mask | mask_inv | warp_img | warp_warp_img | x | y_hat | y_hat_novel -> /home/xzy/warpgan-diffusiong-inpainting/warpgan-diffusion-inpainting-main/experiments/train_inpainting_diffusion/[20260915-085455]_v19_w6b_300k/logs/images/train/real_step0057500.png
[images] synth: cond | mask | target | warp_img | x | y_hat_novel -> /home/xzy/warpgan-diffusiong-inpainting/warpgan-diffusion-inpainting-main/experiments/train_inpainting_diffusion/[20260915-085455]_v19_w6b_300k/logs/images/train/synth_step0057500.png
[step 57550] real_p1_mirror_hole_cov=0.0049 real_p1_eps=0.0355 real_p1_hole_frac=0.1217 real_p2_eps=0.0284 real_p2_hit=0.0000 real_total=0.0639 discr_adv=0.9737 x0_d_real=-0.8088 x0_d_fake=-0.8721 g_grad_abs=479.3845 d_grad_abs=512.2774 synth_eps=0.0041 synth_eps_raw=0.0041 synth_x0_hit=0.0000 synth_total=0.0041 extra_render_attn_share=0.5529
[step 57600] real_p1_mirror_hole_cov=0.0344 real_p1_eps=0.0017 real_p1_hole_frac=0.3363 real_p2_eps=0.1470 real_p2_hit=1.0000 real_p2_t=272.0000 real_p2_ldif=0.0836 real_p2_gen_adv=-0.5235 real_p2_lfm=0.0084 real_total=0.1968 discr_adv=2.0425 x0_d_real=0.9126 x0_d_fake=0.9052 p2_d_real=0.4344 p2_d_fake=0.5235 g_grad_abs=1496.0106 d_grad_abs=284.1837 synth_eps=0.1064 synth_eps_raw=0.1064 synth_x0_hit=0.0000 synth_total=0.1064 extra_render_attn_share=0.5529
[step 57650] real_p1_mirror_hole_cov=0.0784 real_p1_eps=0.0005 real_p1_hole_frac=0.1684 real_p2_eps=0.0037 real_p2_hit=0.0000 real_total=0.0043 synth_eps=0.0716 synth_eps_raw=0.0716 synth_x0_hit=0.0000 synth_total=0.0716 extra_render_attn_share=0.5529
[step 57700] real_p1_mirror_hole_cov=0.0153 real_p1_eps=0.0011 real_p1_hole_frac=0.1284 real_p2_eps=0.0621 real_p2_hit=0.0000 real_total=0.0632 synth_eps=0.1009 synth_eps_raw=0.1009 synth_x0_hit=0.0000 synth_total=0.1009 extra_render_attn_share=0.5529
[step 57750] real_p1_mirror_hole_cov=0.0220 real_p1_eps=0.1202 real_p1_hole_frac=0.1196 real_p2_eps=0.0240 real_p2_hit=0.0000 real_total=0.1442 synth_eps=0.0013 synth_eps_raw=0.0013 synth_x0_hit=0.0000 synth_total=0.0013 extra_render_attn_share=0.5529
[step 57800] real_p1_mirror_hole_cov=0.0888 real_p1_eps=0.0169 real_p1_hole_frac=0.1311 real_p2_eps=0.6241 real_p2_hit=1.0000 real_p2_t=7.0000 real_p2_ldif=0.0043 real_p2_gen_adv=-0.2370 real_p2_lfm=0.0005 real_total=0.6227 discr_adv=1.9892 x0_d_real=0.3065 x0_d_fake=0.2982 p2_d_real=0.2502 p2_d_fake=0.2370 g_grad_abs=1320.2531 d_grad_abs=135.5600 synth_eps=0.2463 synth_eps_raw=0.2463 synth_x0_hit=1.0000 synth_x0_t=190.0000 synth_x0_ldif=0.0740 synth_x0_gen_adv=-0.5058 synth_x0_lfm=0.0061 synth_total=0.2819 extra_render_attn_share=0.5529
[step 57850] real_p1_mirror_hole_cov=0.0499 real_p1_eps=0.0200 real_p1_hole_frac=0.4006 real_p2_eps=0.1565 real_p2_hit=0.0000 real_total=0.1765 synth_eps=0.0141 synth_eps_raw=0.0141 synth_x0_hit=0.0000 synth_total=0.0141 extra_render_attn_share=0.5529
[step 57900] real_p1_mirror_hole_cov=0.2754 real_p1_eps=0.2509 real_p1_hole_frac=0.2475 real_p2_eps=0.0036 real_p2_hit=0.0000 real_total=0.2545 synth_eps=0.0145 synth_eps_raw=0.0145 synth_x0_hit=0.0000 synth_total=0.0145 extra_render_attn_share=0.5529
[step 57950] real_p1_mirror_hole_cov=0.0331 real_p1_eps=0.0702 real_p1_hole_frac=0.1898 real_p2_eps=0.0056 real_p2_hit=0.0000 real_total=0.0758 synth_eps=0.0441 synth_eps_raw=0.0441 synth_x0_hit=0.0000 synth_total=0.0441 extra_render_attn_share=0.5529
[val step 57999] val_novel_full=0.0679 val_novel_hole=0.0781 val_novel_visible=0.0616
[step 58000] real_p1_mirror_hole_cov=0.0388 real_p1_eps=0.0041 real_p1_hole_frac=0.1508 real_p2_eps=0.0273 real_p2_hit=0.0000 real_total=0.0314 discr_adv=0.8736 x0_d_real=-0.3945 x0_d_fake=-0.6473 g_grad_abs=285.6756 d_grad_abs=535.6061 synth_eps=0.4273 synth_eps_raw=0.4273 synth_x0_hit=1.0000 synth_x0_t=94.0000 synth_x0_ldif=0.0469 synth_x0_gen_adv=0.7218 synth_x0_lfm=0.0047 synth_total=0.5558 extra_render_attn_share=0.5593
[images] real: anchor | cond1 | cond2 | inv_warp_mirror | mask | mask_inv | warp_img | warp_warp_img | x | y_hat | y_hat_novel -> /home/xzy/warpgan-diffusiong-inpainting/warpgan-diffusion-inpainting-main/experiments/train_inpainting_diffusion/[20260915-085455]_v19_w6b_300k/logs/images/train/real_step0058000.png
[images] synth: cond | mask | target | warp_img | x | y_hat_novel -> /home/xzy/warpgan-diffusiong-inpainting/warpgan-diffusion-inpainting-main/experiments/train_inpainting_diffusion/[20260915-085455]_v19_w6b_300k/logs/images/train/synth_step0058000.png
[step 58050] real_p1_mirror_hole_cov=0.0292 real_p1_eps=0.1944 real_p1_hole_frac=0.4444 real_p2_eps=0.1743 real_p2_hit=1.0000 real_p2_t=256.0000 real_p2_ldif=0.0883 real_p2_gen_adv=-0.4430 real_p2_lfm=0.0035 real_total=0.4198 discr_adv=1.9822 x0_d_real=0.4899 x0_d_fake=0.5183 p2_d_real=0.5071 p2_d_fake=0.4430 g_grad_abs=1957.9921 d_grad_abs=236.1819 synth_eps=0.5279 synth_eps_raw=0.5279 synth_x0_hit=1.0000 synth_x0_t=54.0000 synth_x0_ldif=0.0293 synth_x0_gen_adv=-0.5333 synth_x0_lfm=0.0026 synth_total=0.5091 extra_render_attn_share=0.5593
[step 58100] real_p1_mirror_hole_cov=0.0576 real_p1_eps=0.0013 real_p1_hole_frac=0.1739 real_p2_eps=0.0295 real_p2_hit=0.0000 real_total=0.0309 discr_adv=0.9601 x0_d_real=-0.2783 x0_d_fake=-0.3581 g_grad_abs=375.8855 d_grad_abs=939.0857 synth_eps=0.0201 synth_eps_raw=0.0201 synth_x0_hit=0.0000 synth_total=0.0201 extra_render_attn_share=0.5593
[step 58150] real_p1_mirror_hole_cov=0.1566 real_p1_eps=0.1891 real_p1_hole_frac=0.2953 real_p2_eps=0.1363 real_p2_hit=1.0000 real_p2_t=247.0000 real_p2_ldif=0.0645 real_p2_gen_adv=0.4954 real_p2_lfm=0.0039 real_total=0.4473 discr_adv=1.6880 x0_d_real=0.0534 x0_d_fake=-0.4681 p2_d_real=-0.3928 p2_d_fake=-0.4954 g_grad_abs=1571.5123 d_grad_abs=1332.5751 synth_eps=0.3096 synth_eps_raw=0.3096 synth_x0_hit=1.0000 synth_x0_t=114.0000 synth_x0_ldif=0.0436 synth_x0_gen_adv=0.3008 synth_x0_lfm=0.0039 synth_total=0.3910 extra_render_attn_share=0.5593
[step 58200] real_p1_mirror_hole_cov=0.0245 real_p1_eps=0.0329 real_p1_hole_frac=0.3414 real_p2_eps=0.0157 real_p2_hit=0.0000 real_total=0.0486 synth_eps=0.2073 synth_eps_raw=0.2073 synth_x0_hit=1.0000 synth_x0_t=291.0000 synth_x0_ldif=0.1350 synth_x0_gen_adv=-0.0949 synth_x0_lfm=0.0088 synth_total=0.3503 extra_render_attn_share=0.5593
[step 58250] real_p1_mirror_hole_cov=0.0635 real_p1_eps=0.0553 real_p1_hole_frac=0.0288 real_p2_eps=0.1936 real_p2_hit=1.0000 real_p2_t=90.0000 real_p2_ldif=0.0200 real_p2_gen_adv=-0.8930 real_p2_lfm=0.0023 real_total=0.1840 discr_adv=1.1236 p2_d_real=0.6462 p2_d_fake=0.8930 g_grad_abs=1314.3146 d_grad_abs=1305.1294 synth_eps=0.0096 synth_eps_raw=0.0096 synth_x0_hit=0.0000 synth_total=0.0096 extra_render_attn_share=0.5593
[step 58300] real_p1_mirror_hole_cov=0.1128 real_p1_eps=0.0075 real_p1_hole_frac=0.3844 real_p2_eps=0.0101 real_p2_hit=0.0000 real_total=0.0176 synth_eps=0.1191 synth_eps_raw=0.1191 synth_x0_hit=0.0000 synth_total=0.1191 extra_render_attn_share=0.5593
[step 58350] real_p1_mirror_hole_cov=0.1976 real_p1_eps=0.0020 real_p1_hole_frac=0.2923 real_p2_eps=0.0050 real_p2_hit=0.0000 real_total=0.0069 synth_eps=0.0116 synth_eps_raw=0.0116 synth_x0_hit=0.0000 synth_total=0.0116 extra_render_attn_share=0.5593
[step 58400] real_p1_mirror_hole_cov=0.0242 real_p1_eps=0.0170 real_p1_hole_frac=0.2851 real_p2_eps=0.1703 real_p2_hit=1.0000 real_p2_t=241.0000 real_p2_ldif=0.0770 real_p2_gen_adv=0.2516 real_p2_lfm=0.0042 real_total=0.2979 discr_adv=0.9560 p2_d_real=-0.1636 p2_d_fake=-0.2516 g_grad_abs=1674.0848 d_grad_abs=173.6170 synth_eps=0.0182 synth_eps_raw=0.0182 synth_x0_hit=0.0000 synth_total=0.0182 extra_render_attn_share=0.5593
[step 58450] real_p1_mirror_hole_cov=0.1475 real_p1_eps=0.0014 real_p1_hole_frac=0.2421 real_p2_eps=0.0788 real_p2_hit=0.0000 real_total=0.0801 synth_eps=0.0557 synth_eps_raw=0.0557 synth_x0_hit=0.0000 synth_total=0.0557 extra_render_attn_share=0.5593
[step 58500] real_p1_mirror_hole_cov=0.0159 real_p1_eps=0.5198 real_p1_hole_frac=0.2043 real_p2_eps=0.2659 real_p2_hit=1.0000 real_p2_t=109.0000 real_p2_ldif=0.0353 real_p2_gen_adv=-0.0557 real_p2_lfm=0.0026 real_total=0.8205 discr_adv=1.0170 p2_d_real=0.0216 p2_d_fake=0.0557 g_grad_abs=2055.3658 d_grad_abs=180.3714 synth_eps=0.0380 synth_eps_raw=0.0380 synth_x0_hit=0.0000 synth_total=0.0380 extra_render_attn_share=0.5593
[images] real: anchor | cond1 | cond2 | inv_warp_mirror | mask | mask_inv | warp_img | warp_warp_img | x | y_hat | y_hat_novel -> /home/xzy/warpgan-diffusiong-inpainting/warpgan-diffusion-inpainting-main/experiments/train_inpainting_diffusion/[20260915-085455]_v19_w6b_300k/logs/images/train/real_step0058500.png
[images] synth: cond | mask | target | warp_img | x | y_hat_novel -> /home/xzy/warpgan-diffusiong-inpainting/warpgan-diffusion-inpainting-main/experiments/train_inpainting_diffusion/[20260915-085455]_v19_w6b_300k/logs/images/train/synth_step0058500.png
[step 58550] real_p1_mirror_hole_cov=0.0187 real_p1_eps=0.1231 real_p1_hole_frac=0.1593 real_p2_eps=0.0168 real_p2_hit=0.0000 real_total=0.1399 synth_eps=0.0072 synth_eps_raw=0.0072 synth_x0_hit=0.0000 synth_total=0.0072 extra_render_attn_share=0.5593
[step 58600] real_p1_mirror_hole_cov=0.0097 real_p1_eps=0.0007 real_p1_hole_frac=0.1978 real_p2_eps=0.0903 real_p2_hit=0.0000 real_total=0.0910 synth_eps=0.0024 synth_eps_raw=0.0024 synth_x0_hit=0.0000 synth_total=0.0024 extra_render_attn_share=0.5593
[step 58650] real_p1_mirror_hole_cov=0.0121 real_p1_eps=0.2746 real_p1_hole_frac=0.1345 real_p2_eps=0.0017 real_p2_hit=0.0000 real_total=0.2762 synth_eps=0.0765 synth_eps_raw=0.0765 synth_x0_hit=0.0000 synth_total=0.0765 extra_render_attn_share=0.5593
[step 58700] real_p1_mirror_hole_cov=0.1661 real_p1_eps=0.0793 real_p1_hole_frac=0.2521 real_p2_eps=0.0026 real_p2_hit=0.0000 real_total=0.0819 synth_eps=0.0016 synth_eps_raw=0.0016 synth_x0_hit=0.0000 synth_total=0.0016 extra_render_attn_share=0.5593
[step 58750] real_p1_mirror_hole_cov=0.1049 real_p1_eps=0.0410 real_p1_hole_frac=0.3990 real_p2_eps=0.1189 real_p2_hit=0.0000 real_total=0.1599 synth_eps=0.3040 synth_eps_raw=0.3040 synth_x0_hit=1.0000 synth_x0_t=209.0000 synth_x0_ldif=0.1070 synth_x0_gen_adv=-0.1852 synth_x0_lfm=0.0046 synth_total=0.4016 extra_render_attn_share=0.5593
[step 58800] real_p1_mirror_hole_cov=0.0005 real_p1_eps=0.2392 real_p1_hole_frac=0.2242 real_p2_eps=0.1979 real_p2_hit=1.0000 real_p2_t=195.0000 real_p2_ldif=0.0620 real_p2_gen_adv=-0.1762 real_p2_lfm=0.0044 real_total=0.4903 discr_adv=1.1857 p2_d_real=-0.1952 p2_d_fake=0.1762 g_grad_abs=1601.6126 d_grad_abs=598.0165 synth_eps=0.2058 synth_eps_raw=0.2058 synth_x0_hit=1.0000 synth_x0_t=241.0000 synth_x0_ldif=0.0931 synth_x0_gen_adv=0.7216 synth_x0_lfm=0.0061 synth_total=0.3833 extra_render_attn_share=0.5593
[step 58850] real_p1_mirror_hole_cov=0.3037 real_p1_eps=0.0038 real_p1_hole_frac=0.2981 real_p2_eps=0.8655 real_p2_hit=1.0000 real_p2_t=1.0000 real_p2_ldif=0.0015 real_p2_gen_adv=0.1770 real_p2_lfm=0.0002 real_total=0.8888 discr_adv=1.9767 x0_d_real=-0.5946 x0_d_fake=-0.6334 p2_d_real=-0.1691 p2_d_fake=-0.1770 g_grad_abs=1130.4181 d_grad_abs=109.0899 synth_eps=0.1674 synth_eps_raw=0.1674 synth_x0_hit=1.0000 synth_x0_t=295.0000 synth_x0_ldif=0.1121 synth_x0_gen_adv=0.7218 synth_x0_lfm=0.0073 synth_total=0.3663 extra_render_attn_share=0.5593
[step 58900] real_p1_mirror_hole_cov=0.1271 real_p1_eps=0.0494 real_p1_hole_frac=0.1615 real_p2_eps=0.0525 real_p2_hit=0.0000 real_total=0.1018 synth_eps=0.6855 synth_eps_raw=0.6855 synth_x0_hit=1.0000 synth_x0_t=16.0000 synth_x0_ldif=0.0104 synth_x0_gen_adv=-0.2389 synth_x0_lfm=0.0011 synth_total=0.6743 extra_render_attn_share=0.5593
[step 58950] real_p1_mirror_hole_cov=0.0817 real_p1_eps=0.0204 real_p1_hole_frac=0.5395 real_p2_eps=0.0347 real_p2_hit=0.0000 real_total=0.0551 synth_eps=0.0707 synth_eps_raw=0.0707 synth_x0_hit=0.0000 synth_total=0.0707 extra_render_attn_share=0.5593
[step 59000] real_p1_mirror_hole_cov=0.0021 real_p1_eps=0.2020 real_p1_hole_frac=0.1877 real_p2_eps=0.1989 real_p2_hit=1.0000 real_p2_t=175.0000 real_p2_ldif=0.0524 real_p2_gen_adv=-0.3907 real_p2_lfm=0.0045 real_total=0.4233 discr_adv=2.0504 x0_d_real=-0.9450 x0_d_fake=-0.9332 p2_d_real=0.3226 p2_d_fake=0.3907 g_grad_abs=1304.5340 d_grad_abs=503.1462 synth_eps=0.0415 synth_eps_raw=0.0415 synth_x0_hit=0.0000 synth_total=0.0415 extra_render_attn_share=0.5593
[images] real: anchor | cond1 | cond2 | inv_warp_mirror | mask | mask_inv | warp_img | warp_warp_img | x | y_hat | y_hat_novel -> /home/xzy/warpgan-diffusiong-inpainting/warpgan-diffusion-inpainting-main/experiments/train_inpainting_diffusion/[20260915-085455]_v19_w6b_300k/logs/images/train/real_step0059000.png
[images] synth: cond | mask | target | warp_img | x | y_hat_novel -> /home/xzy/warpgan-diffusiong-inpainting/warpgan-diffusion-inpainting-main/experiments/train_inpainting_diffusion/[20260915-085455]_v19_w6b_300k/logs/images/train/synth_step0059000.png
[step 59050] real_p1_mirror_hole_cov=0.0937 real_p1_eps=0.1502 real_p1_hole_frac=0.1460 real_p2_eps=0.0096 real_p2_hit=0.0000 real_total=0.1599 synth_eps=0.0060 synth_eps_raw=0.0060 synth_x0_hit=0.0000 synth_total=0.0060 extra_render_attn_share=0.5593
[step 59100] real_p1_mirror_hole_cov=0.0770 real_p1_eps=0.0048 real_p1_hole_frac=0.0363 real_p2_eps=0.0054 real_p2_hit=0.0000 real_total=0.0103 synth_eps=0.0684 synth_eps_raw=0.0684 synth_x0_hit=0.0000 synth_total=0.0684 extra_render_attn_share=0.5593
[step 59150] real_p1_mirror_hole_cov=0.0263 real_p1_eps=0.0052 real_p1_hole_frac=0.4488 real_p2_eps=0.1126 real_p2_hit=0.0000 real_total=0.1179 discr_adv=0.9919 x0_d_real=0.8706 x0_d_fake=0.8544 g_grad_abs=505.1660 d_grad_abs=74.1561 synth_eps=0.0215 synth_eps_raw=0.0215 synth_x0_hit=0.0000 synth_total=0.0215 extra_render_attn_share=0.5593
[step 59200] real_p1_mirror_hole_cov=0.0193 real_p1_eps=0.0332 real_p1_hole_frac=0.4319 real_p2_eps=0.1321 real_p2_hit=0.0000 real_total=0.1653 discr_adv=0.8840 x0_d_real=0.1475 x0_d_fake=-0.0845 g_grad_abs=624.2692 d_grad_abs=407.5985 synth_eps=0.0148 synth_eps_raw=0.0148 synth_x0_hit=0.0000 synth_total=0.0148 extra_render_attn_share=0.5593
[step 59250] real_p1_mirror_hole_cov=0.2046 real_p1_eps=0.0204 real_p1_hole_frac=0.5554 real_p2_eps=0.0084 real_p2_hit=0.0000 real_total=0.0288 synth_eps=0.0461 synth_eps_raw=0.0461 synth_x0_hit=0.0000 synth_total=0.0461 extra_render_attn_share=0.5593
[step 59300] real_p1_mirror_hole_cov=0.2549 real_p1_eps=0.0362 real_p1_hole_frac=0.4160 real_p2_eps=0.0572 real_p2_hit=0.0000 real_total=0.0934 synth_eps=0.3253 synth_eps_raw=0.3253 synth_x0_hit=1.0000 synth_x0_t=130.0000 synth_x0_ldif=0.0550 synth_x0_gen_adv=0.4202 synth_x0_lfm=0.0054 synth_total=0.4331 extra_render_attn_share=0.5593
[step 59350] real_p1_mirror_hole_cov=0.0563 real_p1_eps=0.0045 real_p1_hole_frac=0.1945 real_p2_eps=0.0072 real_p2_hit=0.0000 real_total=0.0117 synth_eps=0.5251 synth_eps_raw=0.5251 synth_x0_hit=1.0000 synth_x0_t=44.0000 synth_x0_ldif=0.0231 synth_x0_gen_adv=0.6783 synth_x0_lfm=0.0021 synth_total=0.6202 extra_render_attn_share=0.5593
[step 59400] real_p1_mirror_hole_cov=0.0996 real_p1_eps=0.1817 real_p1_hole_frac=0.3919 real_p2_eps=0.0170 real_p2_hit=0.0000 real_total=0.1987 synth_eps=0.0157 synth_eps_raw=0.0157 synth_x0_hit=0.0000 synth_total=0.0157 extra_render_attn_share=0.5593
[step 59450] real_p1_mirror_hole_cov=0.0018 real_p1_eps=0.0014 real_p1_hole_frac=0.2640 real_p2_eps=0.0016 real_p2_hit=0.0000 real_total=0.0030 synth_eps=0.0329 synth_eps_raw=0.0329 synth_x0_hit=0.0000 synth_total=0.0329 extra_render_attn_share=0.5593
[step 59500] real_p1_mirror_hole_cov=0.0000 real_p1_eps=0.0016 real_p1_hole_frac=0.0484 real_p2_eps=0.0327 real_p2_hit=0.0000 real_total=0.0343 synth_eps=0.0040 synth_eps_raw=0.0040 synth_x0_hit=0.0000 synth_total=0.0040 extra_render_attn_share=0.5593
[images] real: anchor | cond1 | cond2 | inv_warp_mirror | mask | mask_inv | warp_img | warp_warp_img | x | y_hat | y_hat_novel -> /home/xzy/warpgan-diffusiong-inpainting/warpgan-diffusion-inpainting-main/experiments/train_inpainting_diffusion/[20260915-085455]_v19_w6b_300k/logs/images/train/real_step0059500.png
[images] synth: cond | mask | target | warp_img | x | y_hat_novel -> /home/xzy/warpgan-diffusiong-inpainting/warpgan-diffusion-inpainting-main/experiments/train_inpainting_diffusion/[20260915-085455]_v19_w6b_300k/logs/images/train/synth_step0059500.png
[step 59550] real_p1_mirror_hole_cov=0.3053 real_p1_eps=0.0721 real_p1_hole_frac=0.3432 real_p2_eps=0.0232 real_p2_hit=0.0000 real_total=0.0953 synth_eps=0.1867 synth_eps_raw=0.1867 synth_x0_hit=1.0000 synth_x0_t=262.0000 synth_x0_ldif=0.0987 synth_x0_gen_adv=0.1987 synth_x0_lfm=0.0049 synth_total=0.3150 extra_render_attn_share=0.5593
[step 59600] real_p1_mirror_hole_cov=0.0402 real_p1_eps=0.0411 real_p1_hole_frac=0.4046 real_p2_eps=0.0098 real_p2_hit=0.0000 real_total=0.0509 synth_eps=0.1523 synth_eps_raw=0.1523 synth_x0_hit=0.0000 synth_total=0.1523 extra_render_attn_share=0.5593
[step 59650] real_p1_mirror_hole_cov=0.2037 real_p1_eps=0.0336 real_p1_hole_frac=0.4993 real_p2_eps=0.0232 real_p2_hit=0.0000 real_total=0.0568 synth_eps=0.0037 synth_eps_raw=0.0037 synth_x0_hit=0.0000 synth_total=0.0037 extra_render_attn_share=0.5593
[step 59700] real_p1_mirror_hole_cov=0.0803 real_p1_eps=0.0335 real_p1_hole_frac=0.0761 real_p2_eps=0.0391 real_p2_hit=0.0000 real_total=0.0726 synth_eps=0.0079 synth_eps_raw=0.0079 synth_x0_hit=0.0000 synth_total=0.0079 extra_render_attn_share=0.5593
[step 59750] real_p1_mirror_hole_cov=0.0311 real_p1_eps=0.0310 real_p1_hole_frac=0.2884 real_p2_eps=0.0826 real_p2_hit=0.0000 real_total=0.1136 discr_adv=0.9838 x0_d_real=-0.3889 x0_d_fake=-0.4213 g_grad_abs=640.9903 d_grad_abs=109.6516 synth_eps=0.0775 synth_eps_raw=0.0775 synth_x0_hit=0.0000 synth_total=0.0775 extra_render_attn_share=0.5593
[step 59800] real_p1_mirror_hole_cov=0.0148 real_p1_eps=0.0080 real_p1_hole_frac=0.2359 real_p2_eps=0.0657 real_p2_hit=0.0000 real_total=0.0737 synth_eps=0.0221 synth_eps_raw=0.0221 synth_x0_hit=0.0000 synth_total=0.0221 extra_render_attn_share=0.5593
[step 59850] real_p1_mirror_hole_cov=0.0227 real_p1_eps=0.0094 real_p1_hole_frac=0.0679 real_p2_eps=0.0071 real_p2_hit=0.0000 real_total=0.0166 discr_adv=0.9717 x0_d_real=0.5723 x0_d_fake=0.5157 g_grad_abs=165.8255 d_grad_abs=501.2664 synth_eps=0.0261 synth_eps_raw=0.0261 synth_x0_hit=0.0000 synth_total=0.0261 extra_render_attn_share=0.5593
[step 59900] real_p1_mirror_hole_cov=0.2582 real_p1_eps=0.0128 real_p1_hole_frac=0.1732 real_p2_eps=0.0017 real_p2_hit=0.0000 real_total=0.0145 synth_eps=0.0423 synth_eps_raw=0.0423 synth_x0_hit=0.0000 synth_total=0.0423 extra_render_attn_share=0.5593
[step 59950] real_p1_mirror_hole_cov=0.0038 real_p1_eps=0.1263 real_p1_hole_frac=0.1992 real_p2_eps=0.0437 real_p2_hit=0.0000 real_total=0.1700 discr_adv=0.8901 x0_d_real=-0.3293 x0_d_fake=-0.5491 g_grad_abs=863.9621 d_grad_abs=352.3439 synth_eps=0.0053 synth_eps_raw=0.0053 synth_x0_hit=0.0000 synth_total=0.0053 extra_render_attn_share=0.5593
[ckpt] saved /home/xzy/warpgan-diffusiong-inpainting/warpgan-diffusion-inpainting-main/experiments/train_inpainting_diffusion/[20260915-085455]_v19_w6b_300k/checkpoints/iteration_0059999.pt
[val step 59999] val_novel_full=0.0395 val_novel_hole=0.0368 val_novel_visible=0.0399
[step 60000] real_p1_mirror_hole_cov=0.0689 real_p1_eps=0.0012 real_p1_hole_frac=0.5351 real_p2_eps=0.2357 real_p2_hit=1.0000 real_p2_t=245.0000 real_p2_ldif=0.1099 real_p2_gen_adv=-0.3289 real_p2_lfm=0.0059 real_total=0.3257 discr_adv=1.8679 x0_d_real=0.2594 x0_d_fake=0.1116 p2_d_real=0.4462 p2_d_fake=0.3289 g_grad_abs=1247.6729 d_grad_abs=746.3354 synth_eps=0.0023 synth_eps_raw=0.0023 synth_x0_hit=0.0000 synth_total=0.0023 extra_render_attn_share=0.5523
[images] real: anchor | cond1 | cond2 | inv_warp_mirror | mask | mask_inv | warp_img | warp_warp_img | x | y_hat | y_hat_novel -> /home/xzy/warpgan-diffusiong-inpainting/warpgan-diffusion-inpainting-main/experiments/train_inpainting_diffusion/[20260915-085455]_v19_w6b_300k/logs/images/train/real_step0060000.png
[images] synth: cond | mask | target | warp_img | x | y_hat_novel -> /home/xzy/warpgan-diffusiong-inpainting/warpgan-diffusion-inpainting-main/experiments/train_inpainting_diffusion/[20260915-085455]_v19_w6b_300k/logs/images/train/synth_step0060000.png
[step 60050] real_p1_mirror_hole_cov=0.3883 real_p1_eps=0.0035 real_p1_hole_frac=0.3661 real_p2_eps=0.0225 real_p2_hit=0.0000 real_total=0.0259 synth_eps=0.2646 synth_eps_raw=0.2646 synth_x0_hit=1.0000 synth_x0_t=168.0000 synth_x0_ldif=0.0654 synth_x0_gen_adv=-0.0295 synth_x0_lfm=0.0050 synth_total=0.3370 extra_render_attn_share=0.5523
[step 60100] real_p1_mirror_hole_cov=0.1529 real_p1_eps=0.1310 real_p1_hole_frac=0.3125 real_p2_eps=0.0485 real_p2_hit=0.0000 real_total=0.1794 synth_eps=0.0831 synth_eps_raw=0.0831 synth_x0_hit=0.0000 synth_total=0.0831 extra_render_attn_share=0.5523
[step 60150] real_p1_mirror_hole_cov=0.0087 real_p1_eps=0.0004 real_p1_hole_frac=0.1171 real_p2_eps=0.0530 real_p2_hit=0.0000 real_total=0.0534 discr_adv=0.8656 x0_d_real=-0.5657 x0_d_fake=-0.8345 g_grad_abs=537.5755 d_grad_abs=576.3146 synth_eps=0.3749 synth_eps_raw=0.3749 synth_x0_hit=1.0000 synth_x0_t=104.0000 synth_x0_ldif=0.0467 synth_x0_gen_adv=0.6839 synth_x0_lfm=0.0040 synth_total=0.4980 extra_render_attn_share=0.5523
[step 60200] real_p1_mirror_hole_cov=0.3170 real_p1_eps=0.0104 real_p1_hole_frac=0.3391 real_p2_eps=0.1259 real_p2_hit=0.0000 real_total=0.1363 discr_adv=0.9703 x0_d_real=-0.6544 x0_d_fake=-0.7139 g_grad_abs=574.3794 d_grad_abs=174.1933 synth_eps=0.2529 synth_eps_raw=0.2529 synth_x0_hit=1.0000 synth_x0_t=223.0000 synth_x0_ldif=0.0996 synth_x0_gen_adv=0.3591 synth_x0_lfm=0.0078 synth_total=0.4039 extra_render_attn_share=0.5523
[step 60250] real_p1_mirror_hole_cov=0.0596 real_p1_eps=0.0607 real_p1_hole_frac=0.0502 real_p2_eps=0.1486 real_p2_hit=1.0000 real_p2_t=169.0000 real_p2_ldif=0.0370 real_p2_gen_adv=-0.6819 real_p2_lfm=0.0032 real_total=0.1847 discr_adv=1.0145 p2_d_real=0.6528 p2_d_fake=0.6819 g_grad_abs=1285.0951 d_grad_abs=127.6983 synth_eps=0.0481 synth_eps_raw=0.0481 synth_x0_hit=0.0000 synth_total=0.0481 extra_render_attn_share=0.5523
[step 60300] real_p1_mirror_hole_cov=0.1656 real_p1_eps=0.2402 real_p1_hole_frac=0.4920 real_p2_eps=0.0575 real_p2_hit=0.0000 real_total=0.2977 synth_eps=0.0022 synth_eps_raw=0.0022 synth_x0_hit=0.0000 synth_total=0.0022 extra_render_attn_share=0.5523
[step 60350] real_p1_mirror_hole_cov=0.2736 real_p1_eps=0.2043 real_p1_hole_frac=0.4779 real_p2_eps=0.0455 real_p2_hit=0.0000 real_total=0.2498 synth_eps=0.0142 synth_eps_raw=0.0142 synth_x0_hit=0.0000 synth_total=0.0142 extra_render_attn_share=0.5523
[step 60400] real_p1_mirror_hole_cov=0.0668 real_p1_eps=0.3854 real_p1_hole_frac=0.3040 real_p2_eps=0.0683 real_p2_hit=0.0000 real_total=0.4537 synth_eps=0.0270 synth_eps_raw=0.0270 synth_x0_hit=0.0000 synth_total=0.0270 extra_render_attn_share=0.5523
[step 60450] real_p1_mirror_hole_cov=0.1670 real_p1_eps=0.0221 real_p1_hole_frac=0.0577 real_p2_eps=0.0519 real_p2_hit=0.0000 real_total=0.0741 synth_eps=0.0823 synth_eps_raw=0.0823 synth_x0_hit=0.0000 synth_total=0.0823 extra_render_attn_share=0.5523
[step 60500] real_p1_mirror_hole_cov=0.0958 real_p1_eps=0.0133 real_p1_hole_frac=0.1987 real_p2_eps=0.7325 real_p2_hit=1.0000 real_p2_t=3.0000 real_p2_ldif=0.0025 real_p2_gen_adv=-0.1265 real_p2_lfm=0.0003 real_total=0.7361 discr_adv=1.9733 x0_d_real=-0.3142 x0_d_fake=-0.3494 p2_d_real=0.1448 p2_d_fake=0.1265 g_grad_abs=1423.4840 d_grad_abs=148.5088 synth_eps=0.0483 synth_eps_raw=0.0483 synth_x0_hit=0.0000 synth_total=0.0483 extra_render_attn_share=0.5523
[images] real: anchor | cond1 | cond2 | inv_warp_mirror | mask | mask_inv | warp_img | warp_warp_img | x | y_hat | y_hat_novel -> /home/xzy/warpgan-diffusiong-inpainting/warpgan-diffusion-inpainting-main/experiments/train_inpainting_diffusion/[20260915-085455]_v19_w6b_300k/logs/images/train/real_step0060500.png
[images] synth: cond | mask | target | warp_img | x | y_hat_novel -> /home/xzy/warpgan-diffusiong-inpainting/warpgan-diffusion-inpainting-main/experiments/train_inpainting_diffusion/[20260915-085455]_v19_w6b_300k/logs/images/train/synth_step0060500.png
[step 60550] real_p1_mirror_hole_cov=0.2860 real_p1_eps=0.0288 real_p1_hole_frac=0.1493 real_p2_eps=0.0323 real_p2_hit=0.0000 real_total=0.0612 synth_eps=0.3852 synth_eps_raw=0.3852 synth_x0_hit=1.0000 synth_x0_t=91.0000 synth_x0_ldif=0.0403 synth_x0_gen_adv=-0.1686 synth_x0_lfm=0.0038 synth_total=0.4163 extra_render_attn_share=0.5523
[step 60600] real_p1_mirror_hole_cov=0.0935 real_p1_eps=0.0059 real_p1_hole_frac=0.4542 real_p2_eps=0.0011 real_p2_hit=0.0000 real_total=0.0070 synth_eps=0.0048 synth_eps_raw=0.0048 synth_x0_hit=0.0000 synth_total=0.0048 extra_render_attn_share=0.5523
[step 60650] real_p1_mirror_hole_cov=0.0552 real_p1_eps=0.0892 real_p1_hole_frac=0.4002 real_p2_eps=0.0070 real_p2_hit=0.0000 real_total=0.0961 synth_eps=0.0227 synth_eps_raw=0.0227 synth_x0_hit=0.0000 synth_total=0.0227 extra_render_attn_share=0.5523
[step 60700] real_p1_mirror_hole_cov=0.0024 real_p1_eps=0.0132 real_p1_hole_frac=0.0634 real_p2_eps=0.0016 real_p2_hit=0.0000 real_total=0.0147 synth_eps=0.0033 synth_eps_raw=0.0033 synth_x0_hit=0.0000 synth_total=0.0033 extra_render_attn_share=0.5523
[step 60750] real_p1_mirror_hole_cov=0.1069 real_p1_eps=0.3615 real_p1_hole_frac=0.3619 real_p2_eps=0.1060 real_p2_hit=0.0000 real_total=0.4675 synth_eps=0.0309 synth_eps_raw=0.0309 synth_x0_hit=0.0000 synth_total=0.0309 extra_render_attn_share=0.5523
[step 60800] real_p1_mirror_hole_cov=0.0493 real_p1_eps=0.0051 real_p1_hole_frac=0.3669 real_p2_eps=0.0583 real_p2_hit=0.0000 real_total=0.0635 discr_adv=0.9939 x0_d_real=-0.3963 x0_d_fake=-0.4086 g_grad_abs=405.2976 d_grad_abs=115.0916 synth_eps=0.0048 synth_eps_raw=0.0048 synth_x0_hit=0.0000 synth_total=0.0048 extra_render_attn_share=0.5523
[step 60850] real_p1_mirror_hole_cov=0.0255 real_p1_eps=0.0070 real_p1_hole_frac=0.1902 real_p2_eps=0.0026 real_p2_hit=0.0000 real_total=0.0095 synth_eps=0.0211 synth_eps_raw=0.0211 synth_x0_hit=0.0000 synth_total=0.0211 extra_render_attn_share=0.5523
[step 60900] real_p1_mirror_hole_cov=0.0206 real_p1_eps=0.1185 real_p1_hole_frac=0.3865 real_p2_eps=0.2077 real_p2_hit=1.0000 real_p2_t=196.0000 real_p2_ldif=0.0657 real_p2_gen_adv=0.2888 real_p2_lfm=0.0036 real_total=0.4279 discr_adv=0.9694 p2_d_real=-0.2275 p2_d_fake=-0.2888 g_grad_abs=1409.5258 d_grad_abs=123.4092 synth_eps=0.3016 synth_eps_raw=0.3016 synth_x0_hit=1.0000 synth_x0_t=173.0000 synth_x0_ldif=0.0780 synth_x0_gen_adv=0.3562 synth_x0_lfm=0.0050 synth_total=0.4252 extra_render_attn_share=0.5523
[step 60950] real_p1_mirror_hole_cov=0.1359 real_p1_eps=0.0033 real_p1_hole_frac=0.2061 real_p2_eps=0.0906 real_p2_hit=0.0000 real_total=0.0940 synth_eps=0.0205 synth_eps_raw=0.0205 synth_x0_hit=0.0000 synth_total=0.0205 extra_render_attn_share=0.5523
[step 61000] real_p1_mirror_hole_cov=0.1981 real_p1_eps=0.0008 real_p1_hole_frac=0.0851 real_p2_eps=0.0064 real_p2_hit=0.0000 real_total=0.0072 synth_eps=0.0253 synth_eps_raw=0.0253 synth_x0_hit=0.0000 synth_total=0.0253 extra_render_attn_share=0.5523
[images] real: anchor | cond1 | cond2 | inv_warp_mirror | mask | mask_inv | warp_img | warp_warp_img | x | y_hat | y_hat_novel -> /home/xzy/warpgan-diffusiong-inpainting/warpgan-diffusion-inpainting-main/experiments/train_inpainting_diffusion/[20260915-085455]_v19_w6b_300k/logs/images/train/real_step0061000.png
[images] synth: cond | mask | target | warp_img | x | y_hat_novel -> /home/xzy/warpgan-diffusiong-inpainting/warpgan-diffusion-inpainting-main/experiments/train_inpainting_diffusion/[20260915-085455]_v19_w6b_300k/logs/images/train/synth_step0061000.png
[step 61050] real_p1_mirror_hole_cov=0.1325 real_p1_eps=0.0172 real_p1_hole_frac=0.3288 real_p2_eps=0.0417 real_p2_hit=0.0000 real_total=0.0589 synth_eps=0.1471 synth_eps_raw=0.1471 synth_x0_hit=0.0000 synth_total=0.1471 extra_render_attn_share=0.5523
[step 61100] real_p1_mirror_hole_cov=0.1991 real_p1_eps=0.0086 real_p1_hole_frac=0.4567 real_p2_eps=0.0090 real_p2_hit=0.0000 real_total=0.0175 synth_eps=0.1007 synth_eps_raw=0.1007 synth_x0_hit=0.0000 synth_total=0.1007 extra_render_attn_share=0.5523
[step 61150] real_p1_mirror_hole_cov=0.1284 real_p1_eps=0.0083 real_p1_hole_frac=0.0460 real_p2_eps=0.0007 real_p2_hit=0.0000 real_total=0.0090 synth_eps=0.2034 synth_eps_raw=0.2034 synth_x0_hit=1.0000 synth_x0_t=278.0000 synth_x0_ldif=0.1208 synth_x0_gen_adv=0.7470 synth_x0_lfm=0.0072 synth_total=0.4133 extra_render_attn_share=0.5523
[step 61200] real_p1_mirror_hole_cov=0.0210 real_p1_eps=0.1182 real_p1_hole_frac=0.1802 real_p2_eps=0.1006 real_p2_hit=1.0000 real_p2_t=237.0000 real_p2_ldif=0.0441 real_p2_gen_adv=0.5034 real_p2_lfm=0.0042 real_total=0.3217 discr_adv=1.9652 x0_d_real=0.5291 x0_d_fake=0.3933 p2_d_real=-0.5679 p2_d_fake=-0.5034 g_grad_abs=1228.8696 d_grad_abs=479.1073 synth_eps=0.0070 synth_eps_raw=0.0070 synth_x0_hit=0.0000 synth_total=0.0070 extra_render_attn_share=0.5523
[step 61250] real_p1_mirror_hole_cov=0.0337 real_p1_eps=0.0146 real_p1_hole_frac=0.2946 real_p2_eps=0.0093 real_p2_hit=0.0000 real_total=0.0238 synth_eps=0.0051 synth_eps_raw=0.0051 synth_x0_hit=0.0000 synth_total=0.0051 extra_render_attn_share=0.5523
[step 61300] real_p1_mirror_hole_cov=0.0035 real_p1_eps=0.1064 real_p1_hole_frac=0.2107 real_p2_eps=0.0098 real_p2_hit=0.0000 real_total=0.1162 synth_eps=0.0505 synth_eps_raw=0.0505 synth_x0_hit=0.0000 synth_total=0.0505 extra_render_attn_share=0.5523
[step 61350] real_p1_mirror_hole_cov=0.1481 real_p1_eps=0.0379 real_p1_hole_frac=0.4148 real_p2_eps=0.0357 real_p2_hit=0.0000 real_total=0.0735 discr_adv=0.9518 x0_d_real=-0.5655 x0_d_fake=-0.6620 g_grad_abs=418.6840 d_grad_abs=249.6817 synth_eps=0.0255 synth_eps_raw=0.0255 synth_x0_hit=0.0000 synth_total=0.0255 extra_render_attn_share=0.5523
[step 61400] real_p1_mirror_hole_cov=0.0354 real_p1_eps=0.0030 real_p1_hole_frac=0.2744 real_p2_eps=0.0179 real_p2_hit=0.0000 real_total=0.0209 synth_eps=0.0236 synth_eps_raw=0.0236 synth_x0_hit=0.0000 synth_total=0.0236 extra_render_attn_share=0.5523
[step 61450] real_p1_mirror_hole_cov=0.1652 real_p1_eps=0.0011 real_p1_hole_frac=0.6547 real_p2_eps=0.0027 real_p2_hit=0.0000 real_total=0.0038 synth_eps=0.0947 synth_eps_raw=0.0947 synth_x0_hit=0.0000 synth_total=0.0947 extra_render_attn_share=0.5523
[step 61500] real_p1_mirror_hole_cov=0.1094 real_p1_eps=0.0036 real_p1_hole_frac=0.2650 real_p2_eps=0.0021 real_p2_hit=0.0000 real_total=0.0057 synth_eps=0.1652 synth_eps_raw=0.1652 synth_x0_hit=0.0000 synth_total=0.1652 extra_render_attn_share=0.5523
[images] real: anchor | cond1 | cond2 | inv_warp_mirror | mask | mask_inv | warp_img | warp_warp_img | x | y_hat | y_hat_novel -> /home/xzy/warpgan-diffusiong-inpainting/warpgan-diffusion-inpainting-main/experiments/train_inpainting_diffusion/[20260915-085455]_v19_w6b_300k/logs/images/train/real_step0061500.png
[images] synth: cond | mask | target | warp_img | x | y_hat_novel -> /home/xzy/warpgan-diffusiong-inpainting/warpgan-diffusion-inpainting-main/experiments/train_inpainting_diffusion/[20260915-085455]_v19_w6b_300k/logs/images/train/synth_step0061500.png
[step 61550] real_p1_mirror_hole_cov=0.0354 real_p1_eps=0.1391 real_p1_hole_frac=0.2593 real_p2_eps=0.0019 real_p2_hit=0.0000 real_total=0.1409 synth_eps=0.0074 synth_eps_raw=0.0074 synth_x0_hit=0.0000 synth_total=0.0074 extra_render_attn_share=0.5523
[step 61600] real_p1_mirror_hole_cov=0.4806 real_p1_eps=0.3373 real_p1_hole_frac=0.4415 real_p2_eps=0.0067 real_p2_hit=0.0000 real_total=0.3439 synth_eps=0.0030 synth_eps_raw=0.0030 synth_x0_hit=0.0000 synth_total=0.0030 extra_render_attn_share=0.5523
[step 61650] real_p1_mirror_hole_cov=0.0507 real_p1_eps=0.1087 real_p1_hole_frac=0.3053 real_p2_eps=0.0083 real_p2_hit=0.0000 real_total=0.1170 synth_eps=0.4401 synth_eps_raw=0.4401 synth_x0_hit=1.0000 synth_x0_t=96.0000 synth_x0_ldif=0.0494 synth_x0_gen_adv=-1.0024 synth_x0_lfm=0.0044 synth_total=0.3981 extra_render_attn_share=0.5523
[step 61700] real_p1_mirror_hole_cov=0.0851 real_p1_eps=0.0154 real_p1_hole_frac=0.4852 real_p2_eps=0.1089 real_p2_hit=0.0000 real_total=0.1243 synth_eps=0.0044 synth_eps_raw=0.0044 synth_x0_hit=0.0000 synth_total=0.0044 extra_render_attn_share=0.5523
[step 61750] real_p1_mirror_hole_cov=0.0757 real_p1_eps=0.1743 real_p1_hole_frac=0.2153 real_p2_eps=0.2202 real_p2_hit=1.0000 real_p2_t=149.0000 real_p2_ldif=0.0453 real_p2_gen_adv=-0.3587 real_p2_lfm=0.0032 real_total=0.4103 discr_adv=1.0197 p2_d_real=0.3193 p2_d_fake=0.3587 g_grad_abs=1460.1751 d_grad_abs=157.1835 synth_eps=0.3068 synth_eps_raw=0.3068 synth_x0_hit=1.0000 synth_x0_t=189.0000 synth_x0_ldif=0.0913 synth_x0_gen_adv=-0.3686 synth_x0_lfm=0.0077 synth_total=0.3767 extra_render_attn_share=0.5523
[step 61800] real_p1_mirror_hole_cov=0.0239 real_p1_eps=0.8600 real_p1_hole_frac=0.1348 real_p2_eps=0.0056 real_p2_hit=0.0000 real_total=0.8655 synth_eps=0.0039 synth_eps_raw=0.0039 synth_x0_hit=0.0000 synth_total=0.0039 extra_render_attn_share=0.5523
[step 61850] real_p1_mirror_hole_cov=0.0110 real_p1_eps=0.0038 real_p1_hole_frac=0.1602 real_p2_eps=0.2092 real_p2_hit=1.0000 real_p2_t=176.0000 real_p2_ldif=0.0556 real_p2_gen_adv=0.3013 real_p2_lfm=0.0043 real_total=0.3073 discr_adv=1.0161 p2_d_real=-0.3336 p2_d_fake=-0.3013 g_grad_abs=1167.5411 d_grad_abs=98.5596 synth_eps=0.0030 synth_eps_raw=0.0030 synth_x0_hit=0.0000 synth_total=0.0030 extra_render_attn_share=0.5523
[step 61900] real_p1_mirror_hole_cov=0.2693 real_p1_eps=0.1543 real_p1_hole_frac=0.3159 real_p2_eps=0.0611 real_p2_hit=0.0000 real_total=0.2154 synth_eps=0.0972 synth_eps_raw=0.0972 synth_x0_hit=0.0000 synth_total=0.0972 extra_render_attn_share=0.5523
[step 61950] real_p1_mirror_hole_cov=0.0223 real_p1_eps=0.0020 real_p1_hole_frac=0.1353 real_p2_eps=0.0009 real_p2_hit=0.0000 real_total=0.0029 discr_adv=0.9372 x0_d_real=0.8202 x0_d_fake=0.6929 g_grad_abs=46.6194 d_grad_abs=327.8293 synth_eps=0.0061 synth_eps_raw=0.0061 synth_x0_hit=0.0000 synth_total=0.0061 extra_render_attn_share=0.5523
[val step 61999] val_novel_full=0.1015 val_novel_hole=0.1019 val_novel_visible=0.1010
[step 62000] real_p1_mirror_hole_cov=0.0186 real_p1_eps=0.0015 real_p1_hole_frac=0.3544 real_p2_eps=0.0064 real_p2_hit=0.0000 real_total=0.0080 synth_eps=0.2389 synth_eps_raw=0.2389 synth_x0_hit=1.0000 synth_x0_t=230.0000 synth_x0_ldif=0.0993 synth_x0_gen_adv=-0.2418 synth_x0_lfm=0.0068 synth_total=0.3276 extra_render_attn_share=0.5545
[images] real: anchor | cond1 | cond2 | inv_warp_mirror | mask | mask_inv | warp_img | warp_warp_img | x | y_hat | y_hat_novel -> /home/xzy/warpgan-diffusiong-inpainting/warpgan-diffusion-inpainting-main/experiments/train_inpainting_diffusion/[20260915-085455]_v19_w6b_300k/logs/images/train/real_step0062000.png
[images] synth: cond | mask | target | warp_img | x | y_hat_novel -> /home/xzy/warpgan-diffusiong-inpainting/warpgan-diffusion-inpainting-main/experiments/train_inpainting_diffusion/[20260915-085455]_v19_w6b_300k/logs/images/train/synth_step0062000.png
[step 62050] real_p1_mirror_hole_cov=0.0816 real_p1_eps=0.0914 real_p1_hole_frac=0.2780 real_p2_eps=0.1132 real_p2_hit=0.0000 real_total=0.2045 synth_eps=0.0439 synth_eps_raw=0.0439 synth_x0_hit=0.0000 synth_total=0.0439 extra_render_attn_share=0.5545
[step 62100] real_p1_mirror_hole_cov=0.1162 real_p1_eps=0.0053 real_p1_hole_frac=0.4542 real_p2_eps=0.0047 real_p2_hit=0.0000 real_total=0.0100 synth_eps=0.0058 synth_eps_raw=0.0058 synth_x0_hit=0.0000 synth_total=0.0058 extra_render_attn_share=0.5545
[step 62150] real_p1_mirror_hole_cov=0.2359 real_p1_eps=0.1878 real_p1_hole_frac=0.2940 real_p2_eps=0.0027 real_p2_hit=0.0000 real_total=0.1904 synth_eps=0.1354 synth_eps_raw=0.1354 synth_x0_hit=0.0000 synth_total=0.1354 extra_render_attn_share=0.5545
[step 62200] real_p1_mirror_hole_cov=0.2090 real_p1_eps=0.0104 real_p1_hole_frac=0.4768 real_p2_eps=0.0808 real_p2_hit=0.0000 real_total=0.0912 synth_eps=0.0486 synth_eps_raw=0.0486 synth_x0_hit=0.0000 synth_total=0.0486 extra_render_attn_share=0.5545
[step 62250] real_p1_mirror_hole_cov=0.0293 real_p1_eps=0.0195 real_p1_hole_frac=0.1004 real_p2_eps=0.0870 real_p2_hit=1.0000 real_p2_t=270.0000 real_p2_ldif=0.0488 real_p2_gen_adv=-0.8123 real_p2_lfm=0.0025 real_total=0.0791 discr_adv=1.0192 p2_d_real=0.7739 p2_d_fake=0.8123 g_grad_abs=1011.2313 d_grad_abs=269.3565 synth_eps=0.0804 synth_eps_raw=0.0804 synth_x0_hit=0.0000 synth_total=0.0804 extra_render_attn_share=0.5545
[step 62300] real_p1_mirror_hole_cov=0.2760 real_p1_eps=0.0010 real_p1_hole_frac=0.2512 real_p2_eps=0.0234 real_p2_hit=0.0000 real_total=0.0244 synth_eps=0.2528 synth_eps_raw=0.2528 synth_x0_hit=1.0000 synth_x0_t=219.0000 synth_x0_ldif=0.0964 synth_x0_gen_adv=-0.4505 synth_x0_lfm=0.0064 synth_total=0.3170 extra_render_attn_share=0.5545
[step 62350] real_p1_mirror_hole_cov=0.0102 real_p1_eps=0.0007 real_p1_hole_frac=0.1148 real_p2_eps=0.0030 real_p2_hit=0.0000 real_total=0.0037 synth_eps=0.6442 synth_eps_raw=0.6442 synth_x0_hit=1.0000 synth_x0_t=20.0000 synth_x0_ldif=0.0123 synth_x0_gen_adv=0.3489 synth_x0_lfm=0.0016 synth_total=0.6945 extra_render_attn_share=0.5545
[step 62400] real_p1_mirror_hole_cov=0.0401 real_p1_eps=0.0038 real_p1_hole_frac=0.0938 real_p2_eps=0.0053 real_p2_hit=0.0000 real_total=0.0092 synth_eps=0.0118 synth_eps_raw=0.0118 synth_x0_hit=0.0000 synth_total=0.0118 extra_render_attn_share=0.5545
[step 62450] real_p1_mirror_hole_cov=0.0375 real_p1_eps=0.2061 real_p1_hole_frac=0.4650 real_p2_eps=0.1229 real_p2_hit=0.0000 real_total=0.3290 synth_eps=0.0206 synth_eps_raw=0.0206 synth_x0_hit=0.0000 synth_total=0.0206 extra_render_attn_share=0.5545
[step 62500] real_p1_mirror_hole_cov=0.0168 real_p1_eps=0.0071 real_p1_hole_frac=0.1556 real_p2_eps=0.0018 real_p2_hit=0.0000 real_total=0.0089 discr_adv=1.0285 x0_d_real=-0.2312 x0_d_fake=-0.1742 g_grad_abs=117.5505 d_grad_abs=259.3092 synth_eps=0.4469 synth_eps_raw=0.4469 synth_x0_hit=1.0000 synth_x0_t=90.0000 synth_x0_ldif=0.0461 synth_x0_gen_adv=0.4649 synth_x0_lfm=0.0044 synth_total=0.5483 extra_render_attn_share=0.5545
[images] real: anchor | cond1 | cond2 | inv_warp_mirror | mask | mask_inv | warp_img | warp_warp_img | x | y_hat | y_hat_novel -> /home/xzy/warpgan-diffusiong-inpainting/warpgan-diffusion-inpainting-main/experiments/train_inpainting_diffusion/[20260915-085455]_v19_w6b_300k/logs/images/train/real_step0062500.png
[images] synth: cond | mask | target | warp_img | x | y_hat_novel -> /home/xzy/warpgan-diffusiong-inpainting/warpgan-diffusion-inpainting-main/experiments/train_inpainting_diffusion/[20260915-085455]_v19_w6b_300k/logs/images/train/synth_step0062500.png
[step 62550] real_p1_mirror_hole_cov=0.2240 real_p1_eps=0.5136 real_p1_hole_frac=0.2391 real_p2_eps=0.0014 real_p2_hit=0.0000 real_total=0.5151 discr_adv=0.9135 x0_d_real=0.4358 x0_d_fake=0.2628 g_grad_abs=1319.3052 d_grad_abs=671.0602 synth_eps=0.0611 synth_eps_raw=0.0611 synth_x0_hit=0.0000 synth_total=0.0611 extra_render_attn_share=0.5545
[step 62600] real_p1_mirror_hole_cov=0.0066 real_p1_eps=0.0014 real_p1_hole_frac=0.2377 real_p2_eps=0.3446 real_p2_hit=1.0000 real_p2_t=50.0000 real_p2_ldif=0.0175 real_p2_gen_adv=0.0492 real_p2_lfm=0.0014 real_total=0.3712 discr_adv=2.1381 x0_d_real=-0.6017 x0_d_fake=-0.4241 p2_d_real=-0.1477 p2_d_fake=-0.0492 g_grad_abs=1157.4672 d_grad_abs=905.6852 synth_eps=0.0196 synth_eps_raw=0.0196 synth_x0_hit=0.0000 synth_total=0.0196 extra_render_attn_share=0.5545
[step 62650] real_p1_mirror_hole_cov=0.1070 real_p1_eps=0.0012 real_p1_hole_frac=0.2153 real_p2_eps=0.6171 real_p2_hit=1.0000 real_p2_t=8.0000 real_p2_ldif=0.0048 real_p2_gen_adv=0.2542 real_p2_lfm=0.0007 real_total=0.6500 discr_adv=0.9955 p2_d_real=-0.2453 p2_d_fake=-0.2542 g_grad_abs=1350.0967 d_grad_abs=17.4772 synth_eps=0.0112 synth_eps_raw=0.0112 synth_x0_hit=0.0000 synth_total=0.0112 extra_render_attn_share=0.5545
[step 62700] real_p1_mirror_hole_cov=0.4835 real_p1_eps=0.1589 real_p1_hole_frac=0.2269 real_p2_eps=0.5283 real_p2_hit=1.0000 real_p2_t=9.0000 real_p2_ldif=0.0046 real_p2_gen_adv=0.2438 real_p2_lfm=0.0005 real_total=0.7172 discr_adv=0.9809 p2_d_real=-0.2055 p2_d_fake=-0.2438 g_grad_abs=1504.8893 d_grad_abs=155.8427 synth_eps=0.0165 synth_eps_raw=0.0165 synth_x0_hit=0.0000 synth_total=0.0165 extra_render_attn_share=0.5545
[step 62750] real_p1_mirror_hole_cov=0.0071 real_p1_eps=0.0011 real_p1_hole_frac=0.1978 real_p2_eps=0.3851 real_p2_hit=1.0000 real_p2_t=46.0000 real_p2_ldif=0.0178 real_p2_gen_adv=0.4878 real_p2_lfm=0.0024 real_total=0.4576 discr_adv=0.9928 p2_d_real=-0.4734 p2_d_fake=-0.4878 g_grad_abs=1282.2868 d_grad_abs=40.3697 synth_eps=0.0646 synth_eps_raw=0.0646 synth_x0_hit=0.0000 synth_total=0.0646 extra_render_attn_share=0.5545
[step 62800] real_p1_mirror_hole_cov=0.0035 real_p1_eps=0.0597 real_p1_hole_frac=0.1732 real_p2_eps=0.0463 real_p2_hit=0.0000 real_total=0.1060 discr_adv=0.9253 x0_d_real=-0.4529 x0_d_fake=-0.6024 g_grad_abs=637.7634 d_grad_abs=212.1544 synth_eps=0.1889 synth_eps_raw=0.1889 synth_x0_hit=1.0000 synth_x0_t=222.0000 synth_x0_ldif=0.0738 synth_x0_gen_adv=0.6011 synth_x0_lfm=0.0069 synth_total=0.3365 extra_render_attn_share=0.5545
[step 62850] real_p1_mirror_hole_cov=0.0022 real_p1_eps=0.0249 real_p1_hole_frac=0.2576 real_p2_eps=0.0018 real_p2_hit=0.0000 real_total=0.0267 synth_eps=0.0943 synth_eps_raw=0.0943 synth_x0_hit=0.0000 synth_total=0.0943 extra_render_attn_share=0.5545
[step 62900] real_p1_mirror_hole_cov=0.0294 real_p1_eps=0.0221 real_p1_hole_frac=0.1446 real_p2_eps=0.2170 real_p2_hit=1.0000 real_p2_t=120.0000 real_p2_ldif=0.0328 real_p2_gen_adv=-0.6245 real_p2_lfm=0.0023 real_total=0.2141 discr_adv=1.0228 p2_d_real=0.5789 p2_d_fake=0.6245 g_grad_abs=1012.1846 d_grad_abs=133.0909 synth_eps=0.1884 synth_eps_raw=0.1884 synth_x0_hit=1.0000 synth_x0_t=279.0000 synth_x0_ldif=0.1127 synth_x0_gen_adv=-0.2484 synth_x0_lfm=0.0089 synth_total=0.2940 extra_render_attn_share=0.5545
[step 62950] real_p1_mirror_hole_cov=0.3271 real_p1_eps=0.0323 real_p1_hole_frac=0.3472 real_p2_eps=0.0512 real_p2_hit=0.0000 real_total=0.0835 synth_eps=0.0380 synth_eps_raw=0.0380 synth_x0_hit=0.0000 synth_total=0.0380 extra_render_attn_share=0.5545
[step 63000] real_p1_mirror_hole_cov=0.2783 real_p1_eps=0.1560 real_p1_hole_frac=0.2174 real_p2_eps=0.0036 real_p2_hit=0.0000 real_total=0.1596 synth_eps=0.0563 synth_eps_raw=0.0563 synth_x0_hit=0.0000 synth_total=0.0563 extra_render_attn_share=0.5545
[images] real: anchor | cond1 | cond2 | inv_warp_mirror | mask | mask_inv | warp_img | warp_warp_img | x | y_hat | y_hat_novel -> /home/xzy/warpgan-diffusiong-inpainting/warpgan-diffusion-inpainting-main/experiments/train_inpainting_diffusion/[20260915-085455]_v19_w6b_300k/logs/images/train/real_step0063000.png
[images] synth: cond | mask | target | warp_img | x | y_hat_novel -> /home/xzy/warpgan-diffusiong-inpainting/warpgan-diffusion-inpainting-main/experiments/train_inpainting_diffusion/[20260915-085455]_v19_w6b_300k/logs/images/train/synth_step0063000.png
[step 63050] real_p1_mirror_hole_cov=0.0301 real_p1_eps=0.0135 real_p1_hole_frac=0.1933 real_p2_eps=0.0112 real_p2_hit=0.0000 real_total=0.0247 synth_eps=0.0281 synth_eps_raw=0.0281 synth_x0_hit=0.0000 synth_total=0.0281 extra_render_attn_share=0.5545
[step 63100] real_p1_mirror_hole_cov=0.1337 real_p1_eps=0.0196 real_p1_hole_frac=0.3461 real_p2_eps=0.2957 real_p2_hit=1.0000 real_p2_t=163.0000 real_p2_ldif=0.0697 real_p2_gen_adv=0.7671 real_p2_lfm=0.0057 real_total=0.4732 discr_adv=0.9455 p2_d_real=-0.6581 p2_d_fake=-0.7671 g_grad_abs=1226.4595 d_grad_abs=374.5323 synth_eps=0.0251 synth_eps_raw=0.0251 synth_x0_hit=0.0000 synth_total=0.0251 extra_render_attn_share=0.5545
[step 63150] real_p1_mirror_hole_cov=0.0995 real_p1_eps=0.0901 real_p1_hole_frac=0.1802 real_p2_eps=0.0569 real_p2_hit=0.0000 real_total=0.1470 synth_eps=0.0052 synth_eps_raw=0.0052 synth_x0_hit=0.0000 synth_total=0.0052 extra_render_attn_share=0.5545
[step 63200] real_p1_mirror_hole_cov=0.1078 real_p1_eps=0.0061 real_p1_hole_frac=0.1043 real_p2_eps=0.0940 real_p2_hit=1.0000 real_p2_t=266.0000 real_p2_ldif=0.0512 real_p2_gen_adv=-0.6728 real_p2_lfm=0.0047 real_total=0.0933 discr_adv=1.1228 p2_d_real=0.4272 p2_d_fake=0.6728 g_grad_abs=1331.2045 d_grad_abs=430.6444 synth_eps=0.1481 synth_eps_raw=0.1481 synth_x0_hit=0.0000 synth_total=0.1481 extra_render_attn_share=0.5545
[step 63250] real_p1_mirror_hole_cov=0.3361 real_p1_eps=0.2474 real_p1_hole_frac=0.4601 real_p2_eps=0.0081 real_p2_hit=0.0000 real_total=0.2555 synth_eps=0.0041 synth_eps_raw=0.0041 synth_x0_hit=0.0000 synth_total=0.0041 extra_render_attn_share=0.5545
[step 63300] real_p1_mirror_hole_cov=0.0274 real_p1_eps=0.0455 real_p1_hole_frac=0.1778 real_p2_eps=0.1737 real_p2_hit=1.0000 real_p2_t=195.0000 real_p2_ldif=0.0544 real_p2_gen_adv=-0.3836 real_p2_lfm=0.0036 real_total=0.2424 discr_adv=2.0972 x0_d_real=-0.2990 x0_d_fake=-0.2199 p2_d_real=0.2682 p2_d_fake=0.3836 g_grad_abs=1295.8513 d_grad_abs=406.9922 synth_eps=0.3467 synth_eps_raw=0.3467 synth_x0_hit=1.0000 synth_x0_t=122.0000 synth_x0_ldif=0.0536 synth_x0_gen_adv=0.7530 synth_x0_lfm=0.0056 synth_total=0.4867 extra_render_attn_share=0.5545
[step 63350] real_p1_mirror_hole_cov=0.1032 real_p1_eps=0.0584 real_p1_hole_frac=0.3729 real_p2_eps=0.2485 real_p2_hit=1.0000 real_p2_t=166.0000 real_p2_ldif=0.0602 real_p2_gen_adv=-0.7633 real_p2_lfm=0.0020 real_total=0.2947 discr_adv=1.9602 x0_d_real=0.4789 x0_d_fake=0.4054 p2_d_real=0.7694 p2_d_fake=0.7633 g_grad_abs=1395.1016 d_grad_abs=302.8123 synth_eps=0.3226 synth_eps_raw=0.3226 synth_x0_hit=1.0000 synth_x0_t=130.0000 synth_x0_ldif=0.0545 synth_x0_gen_adv=-0.3877 synth_x0_lfm=0.0035 synth_total=0.3453 extra_render_attn_share=0.5545
[step 63400] real_p1_mirror_hole_cov=0.1544 real_p1_eps=0.0095 real_p1_hole_frac=0.3945 real_p2_eps=0.0037 real_p2_hit=0.0000 real_total=0.0132 discr_adv=0.9672 x0_d_real=-0.8112 x0_d_fake=-0.8808 g_grad_abs=193.8800 d_grad_abs=315.4059 synth_eps=0.1064 synth_eps_raw=0.1064 synth_x0_hit=0.0000 synth_total=0.1064 extra_render_attn_share=0.5545
[step 63450] real_p1_mirror_hole_cov=0.2421 real_p1_eps=0.0017 real_p1_hole_frac=0.2731 real_p2_eps=0.2177 real_p2_hit=1.0000 real_p2_t=149.0000 real_p2_ldif=0.0448 real_p2_gen_adv=0.3859 real_p2_lfm=0.0046 real_total=0.3120 discr_adv=0.9434 p2_d_real=-0.2727 p2_d_fake=-0.3859 g_grad_abs=1234.0526 d_grad_abs=225.7318 synth_eps=0.2630 synth_eps_raw=0.2630 synth_x0_hit=1.0000 synth_x0_t=147.0000 synth_x0_ldif=0.0531 synth_x0_gen_adv=0.6523 synth_x0_lfm=0.0064 synth_total=0.3940 extra_render_attn_share=0.5545
[step 63500] real_p1_mirror_hole_cov=0.0077 real_p1_eps=0.0278 real_p1_hole_frac=0.2277 real_p2_eps=0.2641 real_p2_hit=1.0000 real_p2_t=129.0000 real_p2_ldif=0.0442 real_p2_gen_adv=-0.3932 real_p2_lfm=0.0031 real_total=0.3029 discr_adv=1.9002 x0_d_real=0.1999 x0_d_fake=-0.0569 p2_d_real=0.3373 p2_d_fake=0.3932 g_grad_abs=1831.3617 d_grad_abs=1115.0483 synth_eps=0.0020 synth_eps_raw=0.0020 synth_x0_hit=0.0000 synth_total=0.0020 extra_render_attn_share=0.5545
[images] real: anchor | cond1 | cond2 | inv_warp_mirror | mask | mask_inv | warp_img | warp_warp_img | x | y_hat | y_hat_novel -> /home/xzy/warpgan-diffusiong-inpainting/warpgan-diffusion-inpainting-main/experiments/train_inpainting_diffusion/[20260915-085455]_v19_w6b_300k/logs/images/train/real_step0063500.png
[images] synth: cond | mask | target | warp_img | x | y_hat_novel -> /home/xzy/warpgan-diffusiong-inpainting/warpgan-diffusion-inpainting-main/experiments/train_inpainting_diffusion/[20260915-085455]_v19_w6b_300k/logs/images/train/synth_step0063500.png
[step 63550] real_p1_mirror_hole_cov=0.0813 real_p1_eps=0.0254 real_p1_hole_frac=0.3568 real_p2_eps=0.1011 real_p2_hit=0.0000 real_total=0.1264 synth_eps=0.0534 synth_eps_raw=0.0534 synth_x0_hit=0.0000 synth_total=0.0534 extra_render_attn_share=0.5545
[step 63600] real_p1_mirror_hole_cov=0.1768 real_p1_eps=0.0134 real_p1_hole_frac=0.4293 real_p2_eps=0.1419 real_p2_hit=0.0000 real_total=0.1553 discr_adv=0.9841 x0_d_real=-0.0745 x0_d_fake=-0.1063 g_grad_abs=772.0602 d_grad_abs=134.3341 synth_eps=0.0367 synth_eps_raw=0.0367 synth_x0_hit=0.0000 synth_total=0.0367 extra_render_attn_share=0.5545
[step 63650] real_p1_mirror_hole_cov=0.0186 real_p1_eps=0.0188 real_p1_hole_frac=0.1171 real_p2_eps=0.0122 real_p2_hit=0.0000 real_total=0.0310 synth_eps=0.0430 synth_eps_raw=0.0430 synth_x0_hit=0.0000 synth_total=0.0430 extra_render_attn_share=0.5545
[step 63700] real_p1_mirror_hole_cov=0.3642 real_p1_eps=0.0393 real_p1_hole_frac=0.3353 real_p2_eps=0.1742 real_p2_hit=1.0000 real_p2_t=267.0000 real_p2_ldif=0.0956 real_p2_gen_adv=-0.3212 real_p2_lfm=0.0071 real_total=0.2913 discr_adv=1.0685 p2_d_real=0.1842 p2_d_fake=0.3212 g_grad_abs=1382.4914 d_grad_abs=565.9287 synth_eps=0.0367 synth_eps_raw=0.0367 synth_x0_hit=0.0000 synth_total=0.0367 extra_render_attn_share=0.5545
[step 63750] real_p1_mirror_hole_cov=0.0297 real_p1_eps=0.0006 real_p1_hole_frac=0.1840 real_p2_eps=0.0861 real_p2_hit=0.0000 real_total=0.0867 synth_eps=0.0078 synth_eps_raw=0.0078 synth_x0_hit=0.0000 synth_total=0.0078 extra_render_attn_share=0.5545
[step 63800] real_p1_mirror_hole_cov=0.0339 real_p1_eps=0.1597 real_p1_hole_frac=0.1097 real_p2_eps=0.1411 real_p2_hit=1.0000 real_p2_t=200.0000 real_p2_ldif=0.0461 real_p2_gen_adv=-0.8198 real_p2_lfm=0.0043 real_total=0.2735 discr_adv=1.0897 p2_d_real=0.6408 p2_d_fake=0.8198 g_grad_abs=1552.1771 d_grad_abs=767.3812 synth_eps=0.0214 synth_eps_raw=0.0214 synth_x0_hit=0.0000 synth_total=0.0214 extra_render_attn_share=0.5545
[step 63850] real_p1_mirror_hole_cov=0.0555 real_p1_eps=0.0013 real_p1_hole_frac=0.3326 real_p2_eps=0.0472 real_p2_hit=0.0000 real_total=0.0484 synth_eps=0.0143 synth_eps_raw=0.0143 synth_x0_hit=0.0000 synth_total=0.0143 extra_render_attn_share=0.5545
[step 63900] real_p1_mirror_hole_cov=0.0276 real_p1_eps=0.0025 real_p1_hole_frac=0.0775 real_p2_eps=0.0033 real_p2_hit=0.0000 real_total=0.0058 synth_eps=0.0076 synth_eps_raw=0.0076 synth_x0_hit=0.0000 synth_total=0.0076 extra_render_attn_share=0.5545
[step 63950] real_p1_mirror_hole_cov=0.1571 real_p1_eps=0.0757 real_p1_hole_frac=0.3358 real_p2_eps=0.0990 real_p2_hit=0.0000 real_total=0.1747 synth_eps=0.2736 synth_eps_raw=0.2736 synth_x0_hit=1.0000 synth_x0_t=217.0000 synth_x0_ldif=0.1027 synth_x0_gen_adv=0.1750 synth_x0_lfm=0.0076 synth_total=0.4090 extra_render_attn_share=0.5545
[val step 63999] val_novel_full=0.0685 val_novel_hole=0.0714 val_novel_visible=0.0667
[step 64000] real_p1_mirror_hole_cov=0.1992 real_p1_eps=0.1685 real_p1_hole_frac=0.2197 real_p2_eps=0.0032 real_p2_hit=0.0000 real_total=0.1718 discr_adv=0.9327 x0_d_real=-0.0112 x0_d_fake=-0.1458 g_grad_abs=875.2778 d_grad_abs=401.3885 synth_eps=0.0027 synth_eps_raw=0.0027 synth_x0_hit=0.0000 synth_total=0.0027 extra_render_attn_share=0.5504
[images] real: anchor | cond1 | cond2 | inv_warp_mirror | mask | mask_inv | warp_img | warp_warp_img | x | y_hat | y_hat_novel -> /home/xzy/warpgan-diffusiong-inpainting/warpgan-diffusion-inpainting-main/experiments/train_inpainting_diffusion/[20260915-085455]_v19_w6b_300k/logs/images/train/real_step0064000.png
[images] synth: cond | mask | target | warp_img | x | y_hat_novel -> /home/xzy/warpgan-diffusiong-inpainting/warpgan-diffusion-inpainting-main/experiments/train_inpainting_diffusion/[20260915-085455]_v19_w6b_300k/logs/images/train/synth_step0064000.png
[step 64050] real_p1_mirror_hole_cov=0.0223 real_p1_eps=0.0776 real_p1_hole_frac=0.4708 real_p2_eps=0.1270 real_p2_hit=0.0000 real_total=0.2046 discr_adv=0.9779 x0_d_real=0.1845 x0_d_fake=0.1402 g_grad_abs=1078.4431 d_grad_abs=194.5107 synth_eps=0.0009 synth_eps_raw=0.0009 synth_x0_hit=0.0000 synth_total=0.0009 extra_render_attn_share=0.5504
[step 64100] real_p1_mirror_hole_cov=0.2923 real_p1_eps=0.0047 real_p1_hole_frac=0.3944 real_p2_eps=0.0195 real_p2_hit=0.0000 real_total=0.0242 synth_eps=0.0357 synth_eps_raw=0.0357 synth_x0_hit=0.0000 synth_total=0.0357 extra_render_attn_share=0.5504
[step 64150] real_p1_mirror_hole_cov=0.1419 real_p1_eps=0.0086 real_p1_hole_frac=0.5679 real_p2_eps=0.2008 real_p2_hit=1.0000 real_p2_t=244.0000 real_p2_ldif=0.0929 real_p2_gen_adv=0.0594 real_p2_lfm=0.0063 real_total=0.3208 discr_adv=1.1104 p2_d_real=-0.2802 p2_d_fake=-0.0594 g_grad_abs=1282.1515 d_grad_abs=389.9024 synth_eps=0.0082 synth_eps_raw=0.0082 synth_x0_hit=0.0000 synth_total=0.0082 extra_render_attn_share=0.5504
[step 64200] real_p1_mirror_hole_cov=0.0878 real_p1_eps=0.0403 real_p1_hole_frac=0.4327 real_p2_eps=0.0019 real_p2_hit=0.0000 real_total=0.0422 synth_eps=0.0015 synth_eps_raw=0.0015 synth_x0_hit=0.0000 synth_total=0.0015 extra_render_attn_share=0.5504
[step 64250] real_p1_mirror_hole_cov=0.0063 real_p1_eps=0.0065 real_p1_hole_frac=0.3269 real_p2_eps=0.0267 real_p2_hit=0.0000 real_total=0.0332 synth_eps=0.0494 synth_eps_raw=0.0494 synth_x0_hit=0.0000 synth_total=0.0494 extra_render_attn_share=0.5504
[step 64300] real_p1_mirror_hole_cov=0.0499 real_p1_eps=0.0015 real_p1_hole_frac=0.1546 real_p2_eps=0.0167 real_p2_hit=0.0000 real_total=0.0182 synth_eps=0.4532 synth_eps_raw=0.4532 synth_x0_hit=1.0000 synth_x0_t=55.0000 synth_x0_ldif=0.0257 synth_x0_gen_adv=0.8474 synth_x0_lfm=0.0037 synth_total=0.5710 extra_render_attn_share=0.5504
[step 64350] real_p1_mirror_hole_cov=0.2295 real_p1_eps=0.0166 real_p1_hole_frac=0.4798 real_p2_eps=0.2507 real_p2_hit=1.0000 real_p2_t=147.0000 real_p2_ldif=0.0510 real_p2_gen_adv=0.4324 real_p2_lfm=0.0032 real_total=0.3680 discr_adv=0.8952 p2_d_real=-0.2220 p2_d_fake=-0.4324 g_grad_abs=1076.4104 d_grad_abs=528.6621 synth_eps=0.1601 synth_eps_raw=0.1601 synth_x0_hit=1.0000 synth_x0_t=245.0000 synth_x0_ldif=0.0747 synth_x0_gen_adv=0.0356 synth_x0_lfm=0.0050 synth_total=0.2484 extra_render_attn_share=0.5504
[step 64400] real_p1_mirror_hole_cov=0.0595 real_p1_eps=0.0415 real_p1_hole_frac=0.1534 real_p2_eps=0.0447 real_p2_hit=0.0000 real_total=0.0862 discr_adv=1.0470 x0_d_real=-0.3123 x0_d_fake=-0.2190 g_grad_abs=696.2966 d_grad_abs=182.1098 synth_eps=0.0538 synth_eps_raw=0.0538 synth_x0_hit=0.0000 synth_total=0.0538 extra_render_attn_share=0.5504
[step 64450] real_p1_mirror_hole_cov=0.0314 real_p1_eps=0.0228 real_p1_hole_frac=0.1471 real_p2_eps=0.0170 real_p2_hit=0.0000 real_total=0.0398 discr_adv=0.9924 x0_d_real=-0.0724 x0_d_fake=-0.0876 g_grad_abs=353.3791 d_grad_abs=92.5893 synth_eps=0.1330 synth_eps_raw=0.1330 synth_x0_hit=1.0000 synth_x0_t=264.0000 synth_x0_ldif=0.0714 synth_x0_gen_adv=-0.2377 synth_x0_lfm=0.0072 synth_total=0.1951 extra_render_attn_share=0.5504
[step 64500] real_p1_mirror_hole_cov=0.1242 real_p1_eps=0.0110 real_p1_hole_frac=0.5656 real_p2_eps=0.0481 real_p2_hit=0.0000 real_total=0.0592 discr_adv=0.9744 x0_d_real=-0.0235 x0_d_fake=-0.0746 g_grad_abs=361.7869 d_grad_abs=146.5373 synth_eps=0.0642 synth_eps_raw=0.0642 synth_x0_hit=0.0000 synth_total=0.0642 extra_render_attn_share=0.5504
[images] real: anchor | cond1 | cond2 | inv_warp_mirror | mask | mask_inv | warp_img | warp_warp_img | x | y_hat | y_hat_novel -> /home/xzy/warpgan-diffusiong-inpainting/warpgan-diffusion-inpainting-main/experiments/train_inpainting_diffusion/[20260915-085455]_v19_w6b_300k/logs/images/train/real_step0064500.png
[images] synth: cond | mask | target | warp_img | x | y_hat_novel -> /home/xzy/warpgan-diffusiong-inpainting/warpgan-diffusion-inpainting-main/experiments/train_inpainting_diffusion/[20260915-085455]_v19_w6b_300k/logs/images/train/synth_step0064500.png
[step 64550] real_p1_mirror_hole_cov=0.3416 real_p1_eps=0.0049 real_p1_hole_frac=0.3782 real_p2_eps=0.0765 real_p2_hit=0.0000 real_total=0.0814 synth_eps=0.0704 synth_eps_raw=0.0704 synth_x0_hit=0.0000 synth_total=0.0704 extra_render_attn_share=0.5504
[step 64600] real_p1_mirror_hole_cov=0.0888 real_p1_eps=0.0389 real_p1_hole_frac=0.4226 real_p2_eps=0.0041 real_p2_hit=0.0000 real_total=0.0430 synth_eps=0.0830 synth_eps_raw=0.0830 synth_x0_hit=0.0000 synth_total=0.0830 extra_render_attn_share=0.5504
[step 64650] real_p1_mirror_hole_cov=0.1989 real_p1_eps=0.2508 real_p1_hole_frac=0.3620 real_p2_eps=0.1156 real_p2_hit=0.0000 real_total=0.3664 synth_eps=0.0209 synth_eps_raw=0.0209 synth_x0_hit=0.0000 synth_total=0.0209 extra_render_attn_share=0.5504
[step 64700] real_p1_mirror_hole_cov=0.0012 real_p1_eps=0.0011 real_p1_hole_frac=0.1866 real_p2_eps=0.4349 real_p2_hit=1.0000 real_p2_t=40.0000 real_p2_ldif=0.0172 real_p2_gen_adv=-0.5909 real_p2_lfm=0.0014 real_total=0.3971 discr_adv=0.9671 p2_d_real=0.6568 p2_d_fake=0.5909 g_grad_abs=1222.7110 d_grad_abs=278.0382 synth_eps=0.0952 synth_eps_raw=0.0952 synth_x0_hit=0.0000 synth_total=0.0952 extra_render_attn_share=0.5504
[step 64750] real_p1_mirror_hole_cov=0.0650 real_p1_eps=0.0060 real_p1_hole_frac=0.0805 real_p2_eps=0.1433 real_p2_hit=1.0000 real_p2_t=139.0000 real_p2_ldif=0.0267 real_p2_gen_adv=-0.5140 real_p2_lfm=0.0029 real_total=0.1302 discr_adv=2.0728 x0_d_real=0.2284 x0_d_fake=0.1431 p2_d_real=0.2831 p2_d_fake=0.5140 g_grad_abs=1045.8061 d_grad_abs=400.3927 synth_eps=0.0684 synth_eps_raw=0.0684 synth_x0_hit=0.0000 synth_total=0.0684 extra_render_attn_share=0.5504
[step 64800] real_p1_mirror_hole_cov=0.0970 real_p1_eps=0.0017 real_p1_hole_frac=0.3281 real_p2_eps=0.3504 real_p2_hit=1.0000 real_p2_t=89.0000 real_p2_ldif=0.0356 real_p2_gen_adv=-0.0187 real_p2_lfm=0.0031 real_total=0.3920 discr_adv=1.0202 p2_d_real=-0.0210 p2_d_fake=0.0187 g_grad_abs=1141.8644 d_grad_abs=124.4613 synth_eps=0.0093 synth_eps_raw=0.0093 synth_x0_hit=0.0000 synth_total=0.0093 extra_render_attn_share=0.5504
[step 64850] real_p1_mirror_hole_cov=0.1287 real_p1_eps=0.5179 real_p1_hole_frac=0.4707 real_p2_eps=0.0167 real_p2_hit=0.0000 real_total=0.5346 discr_adv=0.9533 x0_d_real=-0.1945 x0_d_fake=-0.2879 g_grad_abs=1254.9436 d_grad_abs=166.5086 synth_eps=0.0963 synth_eps_raw=0.0963 synth_x0_hit=0.0000 synth_total=0.0963 extra_render_attn_share=0.5504
[step 64900] real_p1_mirror_hole_cov=0.0089 real_p1_eps=0.1917 real_p1_hole_frac=0.1266 real_p2_eps=0.1504 real_p2_hit=1.0000 real_p2_t=171.0000 real_p2_ldif=0.0382 real_p2_gen_adv=-0.6650 real_p2_lfm=0.0039 real_total=0.3216 discr_adv=1.8689 x0_d_real=0.0870 x0_d_fake=-0.1619 p2_d_real=0.6783 p2_d_fake=0.6650 g_grad_abs=1373.3118 d_grad_abs=350.0433 synth_eps=0.1575 synth_eps_raw=0.1575 synth_x0_hit=0.0000 synth_total=0.1575 extra_render_attn_share=0.5504
[step 64950] real_p1_mirror_hole_cov=0.1993 real_p1_eps=0.0208 real_p1_hole_frac=0.2446 real_p2_eps=0.4348 real_p2_hit=1.0000 real_p2_t=45.0000 real_p2_ldif=0.0196 real_p2_gen_adv=-0.2082 real_p2_lfm=0.0028 real_total=0.4600 discr_adv=1.0514 p2_d_real=0.1055 p2_d_fake=0.2082 g_grad_abs=1294.9035 d_grad_abs=297.9565 synth_eps=0.2513 synth_eps_raw=0.2513 synth_x0_hit=1.0000 synth_x0_t=204.0000 synth_x0_ldif=0.0849 synth_x0_gen_adv=-0.0772 synth_x0_lfm=0.0063 synth_total=0.3410 extra_render_attn_share=0.5504
[step 65000] real_p1_mirror_hole_cov=0.3005 real_p1_eps=0.0033 real_p1_hole_frac=0.0166 real_p2_eps=0.0022 real_p2_hit=0.0000 real_total=0.0056 synth_eps=0.5986 synth_eps_raw=0.5986 synth_x0_hit=1.0000 synth_x0_t=28.0000 synth_x0_ldif=0.0161 synth_x0_gen_adv=0.3284 synth_x0_lfm=0.0019 synth_total=0.6514 extra_render_attn_share=0.5504
[images] real: anchor | cond1 | cond2 | inv_warp_mirror | mask | mask_inv | warp_img | warp_warp_img | x | y_hat | y_hat_novel -> /home/xzy/warpgan-diffusiong-inpainting/warpgan-diffusion-inpainting-main/experiments/train_inpainting_diffusion/[20260915-085455]_v19_w6b_300k/logs/images/train/real_step0065000.png
[images] synth: cond | mask | target | warp_img | x | y_hat_novel -> /home/xzy/warpgan-diffusiong-inpainting/warpgan-diffusion-inpainting-main/experiments/train_inpainting_diffusion/[20260915-085455]_v19_w6b_300k/logs/images/train/synth_step0065000.png
[step 65050] real_p1_mirror_hole_cov=0.0806 real_p1_eps=0.1196 real_p1_hole_frac=0.1811 real_p2_eps=0.0028 real_p2_hit=0.0000 real_total=0.1224 synth_eps=0.0080 synth_eps_raw=0.0080 synth_x0_hit=0.0000 synth_total=0.0080 extra_render_attn_share=0.5504
[step 65100] real_p1_mirror_hole_cov=0.1409 real_p1_eps=0.0009 real_p1_hole_frac=0.1972 real_p2_eps=0.0050 real_p2_hit=0.0000 real_total=0.0058 synth_eps=0.0511 synth_eps_raw=0.0511 synth_x0_hit=0.0000 synth_total=0.0511 extra_render_attn_share=0.5504
[step 65150] real_p1_mirror_hole_cov=0.0154 real_p1_eps=0.0092 real_p1_hole_frac=0.2119 real_p2_eps=0.0262 real_p2_hit=0.0000 real_total=0.0354 discr_adv=0.9554 x0_d_real=0.3889 x0_d_fake=0.2998 g_grad_abs=276.3869 d_grad_abs=263.6447 synth_eps=0.2210 synth_eps_raw=0.2210 synth_x0_hit=1.0000 synth_x0_t=254.0000 synth_x0_ldif=0.1102 synth_x0_gen_adv=-0.3936 synth_x0_lfm=0.0071 synth_total=0.3061 extra_render_attn_share=0.5504
[step 65200] real_p1_mirror_hole_cov=0.2796 real_p1_eps=0.0039 real_p1_hole_frac=0.1505 real_p2_eps=0.7933 real_p2_hit=1.0000 real_p2_t=1.0000 real_p2_ldif=0.0014 real_p2_gen_adv=-0.3033 real_p2_lfm=0.0002 real_total=0.7686 discr_adv=1.0000 p2_d_real=0.3034 p2_d_fake=0.3033 g_grad_abs=1311.5244 d_grad_abs=20.4955 synth_eps=0.0277 synth_eps_raw=0.0277 synth_x0_hit=0.0000 synth_total=0.0277 extra_render_attn_share=0.5504
[step 65250] real_p1_mirror_hole_cov=0.3196 real_p1_eps=0.0542 real_p1_hole_frac=0.0826 real_p2_eps=0.3519 real_p2_hit=1.0000 real_p2_t=17.0000 real_p2_ldif=0.0057 real_p2_gen_adv=0.7300 real_p2_lfm=0.0007 real_total=0.4860 discr_adv=1.0165 p2_d_real=-0.7630 p2_d_fake=-0.7300 g_grad_abs=1340.5615 d_grad_abs=159.1106 synth_eps=0.0190 synth_eps_raw=0.0190 synth_x0_hit=0.0000 synth_total=0.0190 extra_render_attn_share=0.5504
[step 65300] real_p1_mirror_hole_cov=0.2585 real_p1_eps=0.4986 real_p1_hole_frac=0.4687 real_p2_eps=0.1613 real_p2_hit=1.0000 real_p2_t=205.0000 real_p2_ldif=0.0549 real_p2_gen_adv=0.1360 real_p2_lfm=0.0037 real_total=0.7359 discr_adv=0.9832 p2_d_real=-0.1023 p2_d_fake=-0.1360 g_grad_abs=1667.0969 d_grad_abs=111.0832 synth_eps=0.3558 synth_eps_raw=0.3558 synth_x0_hit=1.0000 synth_x0_t=90.0000 synth_x0_ldif=0.0367 synth_x0_gen_adv=-0.0814 synth_x0_lfm=0.0037 synth_total=0.3919 extra_render_attn_share=0.5504
[step 65350] real_p1_mirror_hole_cov=0.0368 real_p1_eps=0.0007 real_p1_hole_frac=0.0700 real_p2_eps=0.0859 real_p2_hit=1.0000 real_p2_t=234.0000 real_p2_ldif=0.0368 real_p2_gen_adv=-0.6000 real_p2_lfm=0.0031 real_total=0.0697 discr_adv=1.2504 p2_d_real=0.0991 p2_d_fake=0.6000 g_grad_abs=912.3473 d_grad_abs=1250.4745 synth_eps=0.2397 synth_eps_raw=0.2397 synth_x0_hit=1.0000 synth_x0_t=230.0000 synth_x0_ldif=0.0997 synth_x0_gen_adv=-0.8396 synth_x0_lfm=0.0075 synth_total=0.2704 extra_render_attn_share=0.5504
[step 65400] real_p1_mirror_hole_cov=0.0150 real_p1_eps=0.0022 real_p1_hole_frac=0.3202 real_p2_eps=0.2144 real_p2_hit=1.0000 real_p2_t=154.0000 real_p2_ldif=0.0464 real_p2_gen_adv=-0.3171 real_p2_lfm=0.0033 real_total=0.2380 discr_adv=0.9756 p2_d_real=0.3659 p2_d_fake=0.3171 g_grad_abs=1282.5385 d_grad_abs=155.1573 synth_eps=0.1360 synth_eps_raw=0.1360 synth_x0_hit=0.0000 synth_total=0.1360 extra_render_attn_share=0.5504
[step 65450] real_p1_mirror_hole_cov=0.0360 real_p1_eps=0.3748 real_p1_hole_frac=0.4297 real_p2_eps=0.2016 real_p2_hit=1.0000 real_p2_t=218.0000 real_p2_ldif=0.0763 real_p2_gen_adv=0.7079 real_p2_lfm=0.0053 real_total=0.7340 discr_adv=0.8444 p2_d_real=-0.3966 p2_d_fake=-0.7079 g_grad_abs=1694.2730 d_grad_abs=566.2298 synth_eps=0.0387 synth_eps_raw=0.0387 synth_x0_hit=0.0000 synth_total=0.0387 extra_render_attn_share=0.5504
[step 65500] real_p1_mirror_hole_cov=0.0039 real_p1_eps=0.0454 real_p1_hole_frac=0.0780 real_p2_eps=0.0464 real_p2_hit=0.0000 real_total=0.0918 synth_eps=0.2378 synth_eps_raw=0.2378 synth_x0_hit=1.0000 synth_x0_t=197.0000 synth_x0_ldif=0.0758 synth_x0_gen_adv=0.0476 synth_x0_lfm=0.0073 synth_total=0.3329 extra_render_attn_share=0.5504
[images] real: anchor | cond1 | cond2 | inv_warp_mirror | mask | mask_inv | warp_img | warp_warp_img | x | y_hat | y_hat_novel -> /home/xzy/warpgan-diffusiong-inpainting/warpgan-diffusion-inpainting-main/experiments/train_inpainting_diffusion/[20260915-085455]_v19_w6b_300k/logs/images/train/real_step0065500.png
[images] synth: cond | mask | target | warp_img | x | y_hat_novel -> /home/xzy/warpgan-diffusiong-inpainting/warpgan-diffusion-inpainting-main/experiments/train_inpainting_diffusion/[20260915-085455]_v19_w6b_300k/logs/images/train/synth_step0065500.png
[step 65550] real_p1_mirror_hole_cov=0.1075 real_p1_eps=0.0024 real_p1_hole_frac=0.2813 real_p2_eps=0.0581 real_p2_hit=0.0000 real_total=0.0605 discr_adv=1.0122 x0_d_real=0.2656 x0_d_fake=0.2900 g_grad_abs=407.0362 d_grad_abs=101.4678 synth_eps=0.0014 synth_eps_raw=0.0014 synth_x0_hit=0.0000 synth_total=0.0014 extra_render_attn_share=0.5504
[step 65600] real_p1_mirror_hole_cov=0.0045 real_p1_eps=0.0188 real_p1_hole_frac=0.1352 real_p2_eps=0.2780 real_p2_hit=1.0000 real_p2_t=92.0000 real_p2_ldif=0.0295 real_p2_gen_adv=-0.9701 real_p2_lfm=0.0023 real_total=0.2338 discr_adv=1.0051 p2_d_real=0.9779 p2_d_fake=0.9701 g_grad_abs=1188.6334 d_grad_abs=290.0706 synth_eps=0.3332 synth_eps_raw=0.3332 synth_x0_hit=1.0000 synth_x0_t=137.0000 synth_x0_ldif=0.0607 synth_x0_gen_adv=0.5186 synth_x0_lfm=0.0050 synth_total=0.4559 extra_render_attn_share=0.5504
[step 65650] real_p1_mirror_hole_cov=0.1213 real_p1_eps=0.1104 real_p1_hole_frac=0.4434 real_p2_eps=0.0025 real_p2_hit=0.0000 real_total=0.1128 discr_adv=0.9546 x0_d_real=-0.6953 x0_d_fake=-0.7862 g_grad_abs=649.2660 d_grad_abs=290.5101 synth_eps=0.0050 synth_eps_raw=0.0050 synth_x0_hit=0.0000 synth_total=0.0050 extra_render_attn_share=0.5504
[step 65700] real_p1_mirror_hole_cov=0.0189 real_p1_eps=0.0118 real_p1_hole_frac=0.0137 real_p2_eps=0.0074 real_p2_hit=0.0000 real_total=0.0192 synth_eps=0.0223 synth_eps_raw=0.0223 synth_x0_hit=0.0000 synth_total=0.0223 extra_render_attn_share=0.5504
[step 65750] real_p1_mirror_hole_cov=0.1452 real_p1_eps=0.4985 real_p1_hole_frac=0.3679 real_p2_eps=0.0019 real_p2_hit=0.0000 real_total=0.5004 synth_eps=0.8734 synth_eps_raw=0.8734 synth_x0_hit=1.0000 synth_x0_t=3.0000 synth_x0_ldif=0.0030 synth_x0_gen_adv=-0.4406 synth_x0_lfm=0.0006 synth_total=0.8335 extra_render_attn_share=0.5504
[step 65800] real_p1_mirror_hole_cov=0.0058 real_p1_eps=0.0455 real_p1_hole_frac=0.1421 real_p2_eps=0.1528 real_p2_hit=1.0000 real_p2_t=192.0000 real_p2_ldif=0.0467 real_p2_gen_adv=-0.7115 real_p2_lfm=0.0037 real_total=0.1812 discr_adv=2.0853 x0_d_real=0.0418 x0_d_fake=0.1488 p2_d_real=0.6483 p2_d_fake=0.7115 g_grad_abs=1116.9175 d_grad_abs=874.8902 synth_eps=0.0015 synth_eps_raw=0.0015 synth_x0_hit=0.0000 synth_total=0.0015 extra_render_attn_share=0.5504
[step 65850] real_p1_mirror_hole_cov=0.0298 real_p1_eps=0.0021 real_p1_hole_frac=0.1688 real_p2_eps=0.0469 real_p2_hit=0.0000 real_total=0.0490 synth_eps=0.1341 synth_eps_raw=0.1341 synth_x0_hit=0.0000 synth_total=0.1341 extra_render_attn_share=0.5504
[step 65900] real_p1_mirror_hole_cov=0.0188 real_p1_eps=0.0047 real_p1_hole_frac=0.3266 real_p2_eps=0.0341 real_p2_hit=0.0000 real_total=0.0388 synth_eps=0.2953 synth_eps_raw=0.2953 synth_x0_hit=1.0000 synth_x0_t=140.0000 synth_x0_ldif=0.0555 synth_x0_gen_adv=0.3336 synth_x0_lfm=0.0059 synth_total=0.3959 extra_render_attn_share=0.5504
[step 65950] real_p1_mirror_hole_cov=0.0532 real_p1_eps=0.0043 real_p1_hole_frac=0.2379 real_p2_eps=0.0049 real_p2_hit=0.0000 real_total=0.0093 synth_eps=0.4585 synth_eps_raw=0.4585 synth_x0_hit=1.0000 synth_x0_t=71.0000 synth_x0_ldif=0.0352 synth_x0_gen_adv=-0.1369 synth_x0_lfm=0.0041 synth_total=0.4881 extra_render_attn_share=0.5504
[val step 65999] val_novel_full=0.0893 val_novel_hole=0.0931 val_novel_visible=0.0861
[step 66000] real_p1_mirror_hole_cov=0.0443 real_p1_eps=0.0009 real_p1_hole_frac=0.1722 real_p2_eps=0.3449 real_p2_hit=1.0000 real_p2_t=44.0000 real_p2_ldif=0.0152 real_p2_gen_adv=-0.2303 real_p2_lfm=0.0013 real_total=0.3406 discr_adv=1.0108 p2_d_real=0.2086 p2_d_fake=0.2303 g_grad_abs=1043.1711 d_grad_abs=93.0455 synth_eps=0.0733 synth_eps_raw=0.0733 synth_x0_hit=0.0000 synth_total=0.0733 extra_render_attn_share=0.5517
[images] real: anchor | cond1 | cond2 | inv_warp_mirror | mask | mask_inv | warp_img | warp_warp_img | x | y_hat | y_hat_novel -> /home/xzy/warpgan-diffusiong-inpainting/warpgan-diffusion-inpainting-main/experiments/train_inpainting_diffusion/[20260915-085455]_v19_w6b_300k/logs/images/train/real_step0066000.png
[images] synth: cond | mask | target | warp_img | x | y_hat_novel -> /home/xzy/warpgan-diffusiong-inpainting/warpgan-diffusion-inpainting-main/experiments/train_inpainting_diffusion/[20260915-085455]_v19_w6b_300k/logs/images/train/synth_step0066000.png
[step 66050] real_p1_mirror_hole_cov=0.0972 real_p1_eps=0.0346 real_p1_hole_frac=0.3890 real_p2_eps=0.1917 real_p2_hit=1.0000 real_p2_t=240.0000 real_p2_ldif=0.0861 real_p2_gen_adv=-0.3569 real_p2_lfm=0.0056 real_total=0.2878 discr_adv=1.9361 x0_d_real=0.3585 x0_d_fake=0.2561 p2_d_real=0.3823 p2_d_fake=0.3569 g_grad_abs=1385.9909 d_grad_abs=342.4440 synth_eps=0.0077 synth_eps_raw=0.0077 synth_x0_hit=0.0000 synth_total=0.0077 extra_render_attn_share=0.5517
[step 66100] real_p1_mirror_hole_cov=0.2801 real_p1_eps=0.0068 real_p1_hole_frac=0.4223 real_p2_eps=0.3029 real_p2_hit=1.0000 real_p2_t=155.0000 real_p2_ldif=0.0662 real_p2_gen_adv=-0.1482 real_p2_lfm=0.0040 real_total=0.3691 discr_adv=1.0017 p2_d_real=0.1448 p2_d_fake=0.1482 g_grad_abs=1130.8849 d_grad_abs=95.1532 synth_eps=0.4530 synth_eps_raw=0.4530 synth_x0_hit=1.0000 synth_x0_t=59.0000 synth_x0_ldif=0.0279 synth_x0_gen_adv=0.7960 synth_x0_lfm=0.0041 synth_total=0.5688 extra_render_attn_share=0.5517
[step 66150] real_p1_mirror_hole_cov=0.1636 real_p1_eps=0.0010 real_p1_hole_frac=0.5412 real_p2_eps=0.1135 real_p2_hit=0.0000 real_total=0.1146 synth_eps=0.1233 synth_eps_raw=0.1233 synth_x0_hit=0.0000 synth_total=0.1233 extra_render_attn_share=0.5517
[step 66200] real_p1_mirror_hole_cov=0.0305 real_p1_eps=0.1190 real_p1_hole_frac=0.1788 real_p2_eps=0.0011 real_p2_hit=0.0000 real_total=0.1201 synth_eps=0.0329 synth_eps_raw=0.0329 synth_x0_hit=0.0000 synth_total=0.0329 extra_render_attn_share=0.5517
[step 66250] real_p1_mirror_hole_cov=0.1297 real_p1_eps=0.0233 real_p1_hole_frac=0.3296 real_p2_eps=0.5341 real_p2_hit=1.0000 real_p2_t=30.0000 real_p2_ldif=0.0155 real_p2_gen_adv=-0.7901 real_p2_lfm=0.0018 real_total=0.4974 discr_adv=1.9916 x0_d_real=0.4048 x0_d_fake=0.4021 p2_d_real=0.8043 p2_d_fake=0.7901 g_grad_abs=1218.9474 d_grad_abs=118.5148 synth_eps=0.1928 synth_eps_raw=0.1928 synth_x0_hit=1.0000 synth_x0_t=256.0000 synth_x0_ldif=0.0976 synth_x0_gen_adv=-0.3693 synth_x0_lfm=0.0087 synth_total=0.2710 extra_render_attn_share=0.5517
[step 66300] real_p1_mirror_hole_cov=0.0151 real_p1_eps=0.0043 real_p1_hole_frac=0.0857 real_p2_eps=0.0691 real_p2_hit=0.0000 real_total=0.0734 synth_eps=0.3189 synth_eps_raw=0.3189 synth_x0_hit=1.0000 synth_x0_t=133.0000 synth_x0_ldif=0.0557 synth_x0_gen_adv=-0.2900 synth_x0_lfm=0.0052 synth_total=0.3559 extra_render_attn_share=0.5517
[step 66350] real_p1_mirror_hole_cov=0.0126 real_p1_eps=0.0263 real_p1_hole_frac=0.2781 real_p2_eps=0.0785 real_p2_hit=0.0000 real_total=0.1048 synth_eps=0.1651 synth_eps_raw=0.1651 synth_x0_hit=1.0000 synth_x0_t=298.0000 synth_x0_ldif=0.1129 synth_x0_gen_adv=0.0560 synth_x0_lfm=0.0075 synth_total=0.2986 extra_render_attn_share=0.5517
[step 66400] real_p1_mirror_hole_cov=0.0007 real_p1_eps=0.0937 real_p1_hole_frac=0.2223 real_p2_eps=0.0531 real_p2_hit=0.0000 real_total=0.1468 synth_eps=0.0104 synth_eps_raw=0.0104 synth_x0_hit=0.0000 synth_total=0.0104 extra_render_attn_share=0.5517
[step 66450] real_p1_mirror_hole_cov=0.1153 real_p1_eps=0.0043 real_p1_hole_frac=0.1604 real_p2_eps=0.0013 real_p2_hit=0.0000 real_total=0.0055 synth_eps=0.0316 synth_eps_raw=0.0316 synth_x0_hit=0.0000 synth_total=0.0316 extra_render_attn_share=0.5517
[step 66500] real_p1_mirror_hole_cov=0.0222 real_p1_eps=0.1184 real_p1_hole_frac=0.2739 real_p2_eps=0.0292 real_p2_hit=0.0000 real_total=0.1476 synth_eps=0.0249 synth_eps_raw=0.0249 synth_x0_hit=0.0000 synth_total=0.0249 extra_render_attn_share=0.5517
[images] real: anchor | cond1 | cond2 | inv_warp_mirror | mask | mask_inv | warp_img | warp_warp_img | x | y_hat | y_hat_novel -> /home/xzy/warpgan-diffusiong-inpainting/warpgan-diffusion-inpainting-main/experiments/train_inpainting_diffusion/[20260915-085455]_v19_w6b_300k/logs/images/train/real_step0066500.png
[images] synth: cond | mask | target | warp_img | x | y_hat_novel -> /home/xzy/warpgan-diffusiong-inpainting/warpgan-diffusion-inpainting-main/experiments/train_inpainting_diffusion/[20260915-085455]_v19_w6b_300k/logs/images/train/synth_step0066500.png
[step 66550] real_p1_mirror_hole_cov=0.0966 real_p1_eps=0.0209 real_p1_hole_frac=0.1487 real_p2_eps=0.0629 real_p2_hit=0.0000 real_total=0.0838 discr_adv=0.8932 x0_d_real=0.7280 x0_d_fake=0.5144 g_grad_abs=517.6027 d_grad_abs=1798.0813 synth_eps=0.0968 synth_eps_raw=0.0968 synth_x0_hit=0.0000 synth_total=0.0968 extra_render_attn_share=0.5517
[step 66600] real_p1_mirror_hole_cov=0.3118 real_p1_eps=0.0018 real_p1_hole_frac=0.0936 real_p2_eps=0.0033 real_p2_hit=0.0000 real_total=0.0051 synth_eps=0.3751 synth_eps_raw=0.3751 synth_x0_hit=1.0000 synth_x0_t=125.0000 synth_x0_ldif=0.0600 synth_x0_gen_adv=0.3644 synth_x0_lfm=0.0045 synth_total=0.4806 extra_render_attn_share=0.5517
[step 66650] real_p1_mirror_hole_cov=0.0952 real_p1_eps=0.0055 real_p1_hole_frac=0.0654 real_p2_eps=0.0104 real_p2_hit=0.0000 real_total=0.0159 synth_eps=0.0970 synth_eps_raw=0.0970 synth_x0_hit=0.0000 synth_total=0.0970 extra_render_attn_share=0.5517
[step 66700] real_p1_mirror_hole_cov=0.0686 real_p1_eps=0.0038 real_p1_hole_frac=0.3435 real_p2_eps=0.1110 real_p2_hit=1.0000 real_p2_t=280.0000 real_p2_ldif=0.0669 real_p2_gen_adv=-0.0647 real_p2_lfm=0.0044 real_total=0.1840 discr_adv=0.9771 p2_d_real=0.1105 p2_d_fake=0.0647 g_grad_abs=1261.2394 d_grad_abs=95.2196 synth_eps=0.0222 synth_eps_raw=0.0222 synth_x0_hit=0.0000 synth_total=0.0222 extra_render_attn_share=0.5517
[step 66750] real_p1_mirror_hole_cov=0.3670 real_p1_eps=0.0012 real_p1_hole_frac=0.3822 real_p2_eps=0.0044 real_p2_hit=0.0000 real_total=0.0056 discr_adv=0.9723 x0_d_real=-0.8649 x0_d_fake=-0.9209 g_grad_abs=67.6249 d_grad_abs=406.3137 synth_eps=0.0975 synth_eps_raw=0.0975 synth_x0_hit=0.0000 synth_total=0.0975 extra_render_attn_share=0.5517
[step 66800] real_p1_mirror_hole_cov=0.1822 real_p1_eps=0.0989 real_p1_hole_frac=0.2856 real_p2_eps=0.5132 real_p2_hit=1.0000 real_p2_t=28.0000 real_p2_ldif=0.0138 real_p2_gen_adv=-0.8442 real_p2_lfm=0.0013 real_total=0.5441 discr_adv=0.9892 p2_d_real=0.8682 p2_d_fake=0.8442 g_grad_abs=1289.5435 d_grad_abs=207.6498 synth_eps=0.5674 synth_eps_raw=0.5674 synth_x0_hit=1.0000 synth_x0_t=36.0000 synth_x0_ldif=0.0200 synth_x0_gen_adv=-0.7213 synth_x0_lfm=0.0024 synth_total=0.5200 extra_render_attn_share=0.5517
[step 66850] real_p1_mirror_hole_cov=0.4329 real_p1_eps=0.3531 real_p1_hole_frac=0.2584 real_p2_eps=0.0016 real_p2_hit=0.0000 real_total=0.3547 discr_adv=1.0265 x0_d_real=0.7320 x0_d_fake=0.7849 g_grad_abs=1067.2354 d_grad_abs=504.5885 synth_eps=0.0257 synth_eps_raw=0.0257 synth_x0_hit=0.0000 synth_total=0.0257 extra_render_attn_share=0.5517
[step 66900] real_p1_mirror_hole_cov=0.2179 real_p1_eps=0.0039 real_p1_hole_frac=0.2520 real_p2_eps=0.0120 real_p2_hit=0.0000 real_total=0.0159 discr_adv=0.9925 x0_d_real=0.2208 x0_d_fake=0.2059 g_grad_abs=284.4320 d_grad_abs=62.7619 synth_eps=0.1639 synth_eps_raw=0.1639 synth_x0_hit=0.0000 synth_total=0.1639 extra_render_attn_share=0.5517
[step 66950] real_p1_mirror_hole_cov=0.0478 real_p1_eps=0.5248 real_p1_hole_frac=0.1778 real_p2_eps=0.0165 real_p2_hit=0.0000 real_total=0.5413 discr_adv=0.9720 x0_d_real=0.8632 x0_d_fake=0.8072 g_grad_abs=1371.2048 d_grad_abs=318.0114 synth_eps=0.0391 synth_eps_raw=0.0391 synth_x0_hit=0.0000 synth_total=0.0391 extra_render_attn_share=0.5517
[step 67000] real_p1_mirror_hole_cov=0.0727 real_p1_eps=0.0082 real_p1_hole_frac=0.1394 real_p2_eps=0.0034 real_p2_hit=0.0000 real_total=0.0116 synth_eps=0.1639 synth_eps_raw=0.1639 synth_x0_hit=1.0000 synth_x0_t=299.0000 synth_x0_ldif=0.1128 synth_x0_gen_adv=0.7918 synth_x0_lfm=0.0070 synth_total=0.3699 extra_render_attn_share=0.5517
[images] real: anchor | cond1 | cond2 | inv_warp_mirror | mask | mask_inv | warp_img | warp_warp_img | x | y_hat | y_hat_novel -> /home/xzy/warpgan-diffusiong-inpainting/warpgan-diffusion-inpainting-main/experiments/train_inpainting_diffusion/[20260915-085455]_v19_w6b_300k/logs/images/train/real_step0067000.png
[images] synth: cond | mask | target | warp_img | x | y_hat_novel -> /home/xzy/warpgan-diffusiong-inpainting/warpgan-diffusion-inpainting-main/experiments/train_inpainting_diffusion/[20260915-085455]_v19_w6b_300k/logs/images/train/synth_step0067000.png
[step 67050] real_p1_mirror_hole_cov=0.0335 real_p1_eps=0.1821 real_p1_hole_frac=0.0891 real_p2_eps=0.0250 real_p2_hit=0.0000 real_total=0.2071 discr_adv=0.9537 x0_d_real=-0.7145 x0_d_fake=-0.8072 g_grad_abs=845.4321 d_grad_abs=390.2622 synth_eps=0.0163 synth_eps_raw=0.0163 synth_x0_hit=0.0000 synth_total=0.0163 extra_render_attn_share=0.5517
[step 67100] real_p1_mirror_hole_cov=0.0649 real_p1_eps=0.0018 real_p1_hole_frac=0.2729 real_p2_eps=0.0029 real_p2_hit=0.0000 real_total=0.0048 synth_eps=0.0141 synth_eps_raw=0.0141 synth_x0_hit=0.0000 synth_total=0.0141 extra_render_attn_share=0.5517
[step 67150] real_p1_mirror_hole_cov=0.1016 real_p1_eps=0.0542 real_p1_hole_frac=0.2217 real_p2_eps=0.0579 real_p2_hit=0.0000 real_total=0.1121 discr_adv=0.9868 x0_d_real=0.6566 x0_d_fake=0.6303 g_grad_abs=620.7687 d_grad_abs=127.4082 synth_eps=0.0494 synth_eps_raw=0.0494 synth_x0_hit=0.0000 synth_total=0.0494 extra_render_attn_share=0.5517
[step 67200] real_p1_mirror_hole_cov=0.1147 real_p1_eps=0.2375 real_p1_hole_frac=0.4924 real_p2_eps=0.0080 real_p2_hit=0.0000 real_total=0.2455 synth_eps=0.4580 synth_eps_raw=0.4580 synth_x0_hit=1.0000 synth_x0_t=96.0000 synth_x0_ldif=0.0514 synth_x0_gen_adv=-0.9368 synth_x0_lfm=0.0040 synth_total=0.4236 extra_render_attn_share=0.5517
[step 67250] real_p1_mirror_hole_cov=0.1410 real_p1_eps=0.0018 real_p1_hole_frac=0.5992 real_p2_eps=0.3262 real_p2_hit=1.0000 real_p2_t=149.0000 real_p2_ldif=0.0672 real_p2_gen_adv=0.3236 real_p2_lfm=0.0026 real_total=0.4327 discr_adv=1.0169 p2_d_real=-0.3574 p2_d_fake=-0.3236 g_grad_abs=1704.6199 d_grad_abs=191.2787 synth_eps=0.1259 synth_eps_raw=0.1259 synth_x0_hit=0.0000 synth_total=0.1259 extra_render_attn_share=0.5517
[step 67300] real_p1_mirror_hole_cov=0.0063 real_p1_eps=0.0167 real_p1_hole_frac=0.0806 real_p2_eps=0.0070 real_p2_hit=0.0000 real_total=0.0237 synth_eps=0.0605 synth_eps_raw=0.0605 synth_x0_hit=0.0000 synth_total=0.0605 extra_render_attn_share=0.5517
[step 67350] real_p1_mirror_hole_cov=0.0914 real_p1_eps=0.0552 real_p1_hole_frac=0.5296 real_p2_eps=0.0993 real_p2_hit=0.0000 real_total=0.1545 discr_adv=0.9732 x0_d_real=0.1597 x0_d_fake=0.1061 g_grad_abs=619.5820 d_grad_abs=174.9820 synth_eps=0.1838 synth_eps_raw=0.1838 synth_x0_hit=1.0000 synth_x0_t=297.0000 synth_x0_ldif=0.1248 synth_x0_gen_adv=-0.2867 synth_x0_lfm=0.0061 synth_total=0.2922 extra_render_attn_share=0.5517
[step 67400] real_p1_mirror_hole_cov=0.2939 real_p1_eps=0.0143 real_p1_hole_frac=0.5844 real_p2_eps=0.0564 real_p2_hit=0.0000 real_total=0.0707 synth_eps=0.1800 synth_eps_raw=0.1800 synth_x0_hit=1.0000 synth_x0_t=215.0000 synth_x0_ldif=0.0665 synth_x0_gen_adv=-0.4950 synth_x0_lfm=0.0059 synth_total=0.2087 extra_render_attn_share=0.5517
[step 67450] real_p1_mirror_hole_cov=0.0709 real_p1_eps=0.0168 real_p1_hole_frac=0.0559 real_p2_eps=0.0165 real_p2_hit=0.0000 real_total=0.0332 synth_eps=0.0868 synth_eps_raw=0.0868 synth_x0_hit=0.0000 synth_total=0.0868 extra_render_attn_share=0.5517
[step 67500] real_p1_mirror_hole_cov=0.1261 real_p1_eps=0.0465 real_p1_hole_frac=0.0407 real_p2_eps=0.0257 real_p2_hit=0.0000 real_total=0.0722 synth_eps=0.4932 synth_eps_raw=0.4932 synth_x0_hit=1.0000 synth_x0_t=46.0000 synth_x0_ldif=0.0228 synth_x0_gen_adv=0.4627 synth_x0_lfm=0.0030 synth_total=0.5684 extra_render_attn_share=0.5517
[images] real: anchor | cond1 | cond2 | inv_warp_mirror | mask | mask_inv | warp_img | warp_warp_img | x | y_hat | y_hat_novel -> /home/xzy/warpgan-diffusiong-inpainting/warpgan-diffusion-inpainting-main/experiments/train_inpainting_diffusion/[20260915-085455]_v19_w6b_300k/logs/images/train/real_step0067500.png
[images] synth: cond | mask | target | warp_img | x | y_hat_novel -> /home/xzy/warpgan-diffusiong-inpainting/warpgan-diffusion-inpainting-main/experiments/train_inpainting_diffusion/[20260915-085455]_v19_w6b_300k/logs/images/train/synth_step0067500.png
[step 67550] real_p1_mirror_hole_cov=0.1384 real_p1_eps=0.0256 real_p1_hole_frac=0.4621 real_p2_eps=0.0981 real_p2_hit=0.0000 real_total=0.1237 discr_adv=0.8725 x0_d_real=0.0251 x0_d_fake=-0.2299 g_grad_abs=628.7822 d_grad_abs=424.9288 synth_eps=0.0402 synth_eps_raw=0.0402 synth_x0_hit=0.0000 synth_total=0.0402 extra_render_attn_share=0.5517
[step 67600] real_p1_mirror_hole_cov=0.0519 real_p1_eps=0.0327 real_p1_hole_frac=0.3839 real_p2_eps=0.0372 real_p2_hit=0.0000 real_total=0.0699 discr_adv=1.1470 x0_d_real=0.1218 x0_d_fake=0.4159 g_grad_abs=486.9642 d_grad_abs=531.9083 synth_eps=0.7141 synth_eps_raw=0.7141 synth_x0_hit=1.0000 synth_x0_t=10.0000 synth_x0_ldif=0.0069 synth_x0_gen_adv=0.2881 synth_x0_lfm=0.0008 synth_total=0.7514 extra_render_attn_share=0.5517
[step 67650] real_p1_mirror_hole_cov=0.1098 real_p1_eps=0.0015 real_p1_hole_frac=0.5318 real_p2_eps=0.0014 real_p2_hit=0.0000 real_total=0.0029 synth_eps=0.0027 synth_eps_raw=0.0027 synth_x0_hit=0.0000 synth_total=0.0027 extra_render_attn_share=0.5517
[step 67700] real_p1_mirror_hole_cov=0.1661 real_p1_eps=0.0667 real_p1_hole_frac=0.2461 real_p2_eps=0.0042 real_p2_hit=0.0000 real_total=0.0709 synth_eps=0.0134 synth_eps_raw=0.0134 synth_x0_hit=0.0000 synth_total=0.0134 extra_render_attn_share=0.5517
[step 67750] real_p1_mirror_hole_cov=0.1017 real_p1_eps=0.1351 real_p1_hole_frac=0.3540 real_p2_eps=0.0158 real_p2_hit=0.0000 real_total=0.1509 synth_eps=0.0409 synth_eps_raw=0.0409 synth_x0_hit=0.0000 synth_total=0.0409 extra_render_attn_share=0.5517
[step 67800] real_p1_mirror_hole_cov=0.2461 real_p1_eps=0.0522 real_p1_hole_frac=0.6668 real_p2_eps=0.0967 real_p2_hit=0.0000 real_total=0.1489 synth_eps=0.0043 synth_eps_raw=0.0043 synth_x0_hit=0.0000 synth_total=0.0043 extra_render_attn_share=0.5517
[step 67850] real_p1_mirror_hole_cov=0.1527 real_p1_eps=0.0856 real_p1_hole_frac=0.2473 real_p2_eps=0.0695 real_p2_hit=0.0000 real_total=0.1551 synth_eps=0.0514 synth_eps_raw=0.0514 synth_x0_hit=0.0000 synth_total=0.0514 extra_render_attn_share=0.5517
[step 67900] real_p1_mirror_hole_cov=0.0223 real_p1_eps=0.0036 real_p1_hole_frac=0.3282 real_p2_eps=0.0033 real_p2_hit=0.0000 real_total=0.0069 synth_eps=0.0475 synth_eps_raw=0.0475 synth_x0_hit=0.0000 synth_total=0.0475 extra_render_attn_share=0.5517
[step 67950] real_p1_mirror_hole_cov=0.0185 real_p1_eps=0.0327 real_p1_hole_frac=0.2384 real_p2_eps=0.0096 real_p2_hit=0.0000 real_total=0.0423 synth_eps=0.0135 synth_eps_raw=0.0135 synth_x0_hit=0.0000 synth_total=0.0135 extra_render_attn_share=0.5517
[val step 67999] val_novel_full=0.0543 val_novel_hole=0.0817 val_novel_visible=0.0463
[step 68000] real_p1_mirror_hole_cov=0.0382 real_p1_eps=0.0498 real_p1_hole_frac=0.5146 real_p2_eps=0.0139 real_p2_hit=0.0000 real_total=0.0637 synth_eps=0.0780 synth_eps_raw=0.0780 synth_x0_hit=0.0000 synth_total=0.0780 extra_render_attn_share=0.5529
[images] real: anchor | cond1 | cond2 | inv_warp_mirror | mask | mask_inv | warp_img | warp_warp_img | x | y_hat | y_hat_novel -> /home/xzy/warpgan-diffusiong-inpainting/warpgan-diffusion-inpainting-main/experiments/train_inpainting_diffusion/[20260915-085455]_v19_w6b_300k/logs/images/train/real_step0068000.png
[images] synth: cond | mask | target | warp_img | x | y_hat_novel -> /home/xzy/warpgan-diffusiong-inpainting/warpgan-diffusion-inpainting-main/experiments/train_inpainting_diffusion/[20260915-085455]_v19_w6b_300k/logs/images/train/synth_step0068000.png
[step 68050] real_p1_mirror_hole_cov=0.2547 real_p1_eps=0.0647 real_p1_hole_frac=0.5040 real_p2_eps=0.3413 real_p2_hit=1.0000 real_p2_t=100.0000 real_p2_ldif=0.0404 real_p2_gen_adv=-0.1885 real_p2_lfm=0.0027 real_total=0.4330 discr_adv=0.9109 p2_d_real=0.3668 p2_d_fake=0.1885 g_grad_abs=1495.2143 d_grad_abs=577.8111 synth_eps=0.2818 synth_eps_raw=0.2818 synth_x0_hit=1.0000 synth_x0_t=166.0000 synth_x0_ldif=0.0683 synth_x0_gen_adv=-0.4202 synth_x0_lfm=0.0057 synth_total=0.3195 extra_render_attn_share=0.5529
[step 68100] real_p1_mirror_hole_cov=0.1461 real_p1_eps=0.0025 real_p1_hole_frac=0.3709 real_p2_eps=0.0082 real_p2_hit=0.0000 real_total=0.0107 synth_eps=0.0106 synth_eps_raw=0.0106 synth_x0_hit=0.0000 synth_total=0.0106 extra_render_attn_share=0.5529
[step 68150] real_p1_mirror_hole_cov=0.1743 real_p1_eps=0.0591 real_p1_hole_frac=0.0670 real_p2_eps=0.0012 real_p2_hit=0.0000 real_total=0.0603 synth_eps=0.1335 synth_eps_raw=0.1335 synth_x0_hit=0.0000 synth_total=0.1335 extra_render_attn_share=0.5529
[step 68200] real_p1_mirror_hole_cov=0.1083 real_p1_eps=0.0084 real_p1_hole_frac=0.1961 real_p2_eps=0.2969 real_p2_hit=1.0000 real_p2_t=82.0000 real_p2_ldif=0.0272 real_p2_gen_adv=-0.7812 real_p2_lfm=0.0027 real_total=0.2598 discr_adv=1.0469 p2_d_real=0.6874 p2_d_fake=0.7812 g_grad_abs=1260.3793 d_grad_abs=509.2560 synth_eps=0.0075 synth_eps_raw=0.0075 synth_x0_hit=0.0000 synth_total=0.0075 extra_render_attn_share=0.5529
[step 68250] real_p1_mirror_hole_cov=0.1611 real_p1_eps=0.0909 real_p1_hole_frac=0.5032 real_p2_eps=0.0034 real_p2_hit=0.0000 real_total=0.0944 synth_eps=0.6234 synth_eps_raw=0.6234 synth_x0_hit=1.0000 synth_x0_t=27.0000 synth_x0_ldif=0.0162 synth_x0_gen_adv=-0.8494 synth_x0_lfm=0.0019 synth_total=0.5585 extra_render_attn_share=0.5529
[step 68300] real_p1_mirror_hole_cov=0.0048 real_p1_eps=0.0134 real_p1_hole_frac=0.1309 real_p2_eps=0.3686 real_p2_hit=1.0000 real_p2_t=58.0000 real_p2_ldif=0.0223 real_p2_gen_adv=-0.3964 real_p2_lfm=0.0020 real_total=0.3686 discr_adv=1.8754 x0_d_real=0.1676 x0_d_fake=-0.0116 p2_d_real=0.4664 p2_d_fake=0.3964 g_grad_abs=1169.5428 d_grad_abs=361.2425 synth_eps=0.0023 synth_eps_raw=0.0023 synth_x0_hit=0.0000 synth_total=0.0023 extra_render_attn_share=0.5529
[step 68350] real_p1_mirror_hole_cov=0.0704 real_p1_eps=0.0013 real_p1_hole_frac=0.3529 real_p2_eps=0.0039 real_p2_hit=0.0000 real_total=0.0052 synth_eps=0.0232 synth_eps_raw=0.0232 synth_x0_hit=0.0000 synth_total=0.0232 extra_render_attn_share=0.5529
[step 68400] real_p1_mirror_hole_cov=0.2080 real_p1_eps=0.0053 real_p1_hole_frac=0.1920 real_p2_eps=0.2072 real_p2_hit=1.0000 real_p2_t=66.0000 real_p2_ldif=0.0146 real_p2_gen_adv=-0.2884 real_p2_lfm=0.0012 real_total=0.2006 discr_adv=1.9484 x0_d_real=0.5977 x0_d_fake=0.3438 p2_d_real=0.1377 p2_d_fake=0.2884 g_grad_abs=1086.8245 d_grad_abs=614.6695 synth_eps=0.5259 synth_eps_raw=0.5259 synth_x0_hit=1.0000 synth_x0_t=53.0000 synth_x0_ldif=0.0286 synth_x0_gen_adv=-0.9085 synth_x0_lfm=0.0030 synth_total=0.4696 extra_render_attn_share=0.5529
[step 68450] real_p1_mirror_hole_cov=0.0097 real_p1_eps=0.0036 real_p1_hole_frac=0.0858 real_p2_eps=0.1420 real_p2_hit=1.0000 real_p2_t=134.0000 real_p2_ldif=0.0251 real_p2_gen_adv=-0.5864 real_p2_lfm=0.0025 real_total=0.1169 discr_adv=2.1517 x0_d_real=0.4710 x0_d_fake=0.4557 p2_d_real=0.2679 p2_d_fake=0.5864 g_grad_abs=944.1217 d_grad_abs=656.7263 synth_eps=0.3968 synth_eps_raw=0.3968 synth_x0_hit=1.0000 synth_x0_t=91.0000 synth_x0_ldif=0.0415 synth_x0_gen_adv=-0.1521 synth_x0_lfm=0.0045 synth_total=0.4320 extra_render_attn_share=0.5529
[step 68500] real_p1_mirror_hole_cov=0.4487 real_p1_eps=0.4832 real_p1_hole_frac=0.4255 real_p2_eps=0.0492 real_p2_hit=0.0000 real_total=0.5324 synth_eps=0.5134 synth_eps_raw=0.5134 synth_x0_hit=1.0000 synth_x0_t=35.0000 synth_x0_ldif=0.0176 synth_x0_gen_adv=0.4325 synth_x0_lfm=0.0022 synth_total=0.5787 extra_render_attn_share=0.5529
[images] real: anchor | cond1 | cond2 | inv_warp_mirror | mask | mask_inv | warp_img | warp_warp_img | x | y_hat | y_hat_novel -> /home/xzy/warpgan-diffusiong-inpainting/warpgan-diffusion-inpainting-main/experiments/train_inpainting_diffusion/[20260915-085455]_v19_w6b_300k/logs/images/train/real_step0068500.png
[images] synth: cond | mask | target | warp_img | x | y_hat_novel -> /home/xzy/warpgan-diffusiong-inpainting/warpgan-diffusion-inpainting-main/experiments/train_inpainting_diffusion/[20260915-085455]_v19_w6b_300k/logs/images/train/synth_step0068500.png
[step 68550] real_p1_mirror_hole_cov=0.1109 real_p1_eps=0.4964 real_p1_hole_frac=0.4046 real_p2_eps=0.0293 real_p2_hit=0.0000 real_total=0.5257 synth_eps=0.0057 synth_eps_raw=0.0057 synth_x0_hit=0.0000 synth_total=0.0057 extra_render_attn_share=0.5529
[step 68600] real_p1_mirror_hole_cov=0.1006 real_p1_eps=0.0083 real_p1_hole_frac=0.1263 real_p2_eps=0.0028 real_p2_hit=0.0000 real_total=0.0111 synth_eps=0.0946 synth_eps_raw=0.0946 synth_x0_hit=0.0000 synth_total=0.0946 extra_render_attn_share=0.5529
[step 68650] real_p1_mirror_hole_cov=0.1645 real_p1_eps=0.0220 real_p1_hole_frac=0.4582 real_p2_eps=0.0540 real_p2_hit=0.0000 real_total=0.0760 synth_eps=0.0088 synth_eps_raw=0.0088 synth_x0_hit=0.0000 synth_total=0.0088 extra_render_attn_share=0.5529
[step 68700] real_p1_mirror_hole_cov=0.2198 real_p1_eps=0.0224 real_p1_hole_frac=0.0518 real_p2_eps=0.0383 real_p2_hit=0.0000 real_total=0.0607 synth_eps=0.0845 synth_eps_raw=0.0845 synth_x0_hit=0.0000 synth_total=0.0845 extra_render_attn_share=0.5529
[step 68750] real_p1_mirror_hole_cov=0.0021 real_p1_eps=0.0121 real_p1_hole_frac=0.0904 real_p2_eps=0.0379 real_p2_hit=0.0000 real_total=0.0500 synth_eps=0.0264 synth_eps_raw=0.0264 synth_x0_hit=0.0000 synth_total=0.0264 extra_render_attn_share=0.5529
[step 68800] real_p1_mirror_hole_cov=0.1035 real_p1_eps=0.0356 real_p1_hole_frac=0.5000 real_p2_eps=0.4103 real_p2_hit=1.0000 real_p2_t=74.0000 real_p2_ldif=0.0332 real_p2_gen_adv=-0.9038 real_p2_lfm=0.0043 real_total=0.3972 discr_adv=1.9816 x0_d_real=0.9506 x0_d_fake=0.9262 p2_d_real=0.9203 p2_d_fake=0.9038 g_grad_abs=1216.9150 d_grad_abs=254.1603 synth_eps=0.8041 synth_eps_raw=0.8041 synth_x0_hit=1.0000 synth_x0_t=6.0000 synth_x0_ldif=0.0049 synth_x0_gen_adv=-0.9114 synth_x0_lfm=0.0007 synth_total=0.7193 extra_render_attn_share=0.5529
[step 68850] real_p1_mirror_hole_cov=0.0608 real_p1_eps=0.2330 real_p1_hole_frac=0.1353 real_p2_eps=0.0014 real_p2_hit=0.0000 real_total=0.2344 synth_eps=0.0084 synth_eps_raw=0.0084 synth_x0_hit=0.0000 synth_total=0.0084 extra_render_attn_share=0.5529
[step 68900] real_p1_mirror_hole_cov=0.1129 real_p1_eps=0.1540 real_p1_hole_frac=0.5085 real_p2_eps=0.0016 real_p2_hit=0.0000 real_total=0.1556 synth_eps=0.0034 synth_eps_raw=0.0034 synth_x0_hit=0.0000 synth_total=0.0034 extra_render_attn_share=0.5529
[step 68950] real_p1_mirror_hole_cov=0.3438 real_p1_eps=0.0084 real_p1_hole_frac=0.2580 real_p2_eps=0.1460 real_p2_hit=1.0000 real_p2_t=249.0000 real_p2_ldif=0.0702 real_p2_gen_adv=-0.1320 real_p2_lfm=0.0052 real_total=0.2218 discr_adv=1.9267 x0_d_real=-0.0440 x0_d_fake=-0.1656 p2_d_real=0.1569 p2_d_fake=0.1320 g_grad_abs=1326.2070 d_grad_abs=219.7338 synth_eps=0.0536 synth_eps_raw=0.0536 synth_x0_hit=0.0000 synth_total=0.0536 extra_render_attn_share=0.5529
[step 69000] real_p1_mirror_hole_cov=0.0018 real_p1_eps=0.0214 real_p1_hole_frac=0.1306 real_p2_eps=0.1264 real_p2_hit=1.0000 real_p2_t=241.0000 real_p2_ldif=0.0572 real_p2_gen_adv=-0.6907 real_p2_lfm=0.0050 real_total=0.1458 discr_adv=1.9775 x0_d_real=0.3844 x0_d_fake=0.3089 p2_d_real=0.6601 p2_d_fake=0.6907 g_grad_abs=1244.8850 d_grad_abs=281.5106 synth_eps=0.3344 synth_eps_raw=0.3344 synth_x0_hit=1.0000 synth_x0_t=148.0000 synth_x0_ldif=0.0682 synth_x0_gen_adv=0.3661 synth_x0_lfm=0.0063 synth_total=0.4518 extra_render_attn_share=0.5529
[images] real: anchor | cond1 | cond2 | inv_warp_mirror | mask | mask_inv | warp_img | warp_warp_img | x | y_hat | y_hat_novel -> /home/xzy/warpgan-diffusiong-inpainting/warpgan-diffusion-inpainting-main/experiments/train_inpainting_diffusion/[20260915-085455]_v19_w6b_300k/logs/images/train/real_step0069000.png
[images] synth: cond | mask | target | warp_img | x | y_hat_novel -> /home/xzy/warpgan-diffusiong-inpainting/warpgan-diffusion-inpainting-main/experiments/train_inpainting_diffusion/[20260915-085455]_v19_w6b_300k/logs/images/train/synth_step0069000.png
[step 69050] real_p1_mirror_hole_cov=0.1276 real_p1_eps=0.0034 real_p1_hole_frac=0.2963 real_p2_eps=0.2841 real_p2_hit=1.0000 real_p2_t=112.0000 real_p2_ldif=0.0391 real_p2_gen_adv=0.1600 real_p2_lfm=0.0030 real_total=0.3484 discr_adv=1.8748 x0_d_real=0.5987 x0_d_fake=0.3141 p2_d_real=-0.1941 p2_d_fake=-0.1600 g_grad_abs=1289.5077 d_grad_abs=458.8816 synth_eps=0.0118 synth_eps_raw=0.0118 synth_x0_hit=0.0000 synth_total=0.0118 extra_render_attn_share=0.5529
[step 69100] real_p1_mirror_hole_cov=0.2069 real_p1_eps=0.0047 real_p1_hole_frac=0.3816 real_p2_eps=0.1489 real_p2_hit=0.0000 real_total=0.1536 synth_eps=0.0055 synth_eps_raw=0.0055 synth_x0_hit=0.0000 synth_total=0.0055 extra_render_attn_share=0.5529
[step 69150] real_p1_mirror_hole_cov=0.2023 real_p1_eps=0.0008 real_p1_hole_frac=0.5203 real_p2_eps=0.0260 real_p2_hit=0.0000 real_total=0.0268 discr_adv=1.0234 x0_d_real=-0.2909 x0_d_fake=-0.2441 g_grad_abs=192.0343 d_grad_abs=128.3044 synth_eps=0.0471 synth_eps_raw=0.0471 synth_x0_hit=0.0000 synth_total=0.0471 extra_render_attn_share=0.5529
[step 69200] real_p1_mirror_hole_cov=0.1560 real_p1_eps=0.3227 real_p1_hole_frac=0.4187 real_p2_eps=0.0137 real_p2_hit=0.0000 real_total=0.3365 discr_adv=0.8567 x0_d_real=-0.2613 x0_d_fake=-0.5481 g_grad_abs=1276.5250 d_grad_abs=621.7189 synth_eps=0.2136 synth_eps_raw=0.2136 synth_x0_hit=1.0000 synth_x0_t=227.0000 synth_x0_ldif=0.0868 synth_x0_gen_adv=0.3567 synth_x0_lfm=0.0054 synth_total=0.3468 extra_render_attn_share=0.5529
[step 69250] real_p1_mirror_hole_cov=0.2044 real_p1_eps=0.0012 real_p1_hole_frac=0.1553 real_p2_eps=0.1026 real_p2_hit=1.0000 real_p2_t=259.0000 real_p2_ldif=0.0531 real_p2_gen_adv=-0.1755 real_p2_lfm=0.0043 real_total=0.1481 discr_adv=2.0050 x0_d_real=0.8747 x0_d_fake=0.6819 p2_d_real=-0.0270 p2_d_fake=0.1755 g_grad_abs=1306.6504 d_grad_abs=1719.4013 synth_eps=0.0043 synth_eps_raw=0.0043 synth_x0_hit=0.0000 synth_total=0.0043 extra_render_attn_share=0.5529
[step 69300] real_p1_mirror_hole_cov=0.1525 real_p1_eps=0.0057 real_p1_hole_frac=0.3036 real_p2_eps=0.1658 real_p2_hit=1.0000 real_p2_t=248.0000 real_p2_ldif=0.0791 real_p2_gen_adv=0.1425 real_p2_lfm=0.0038 real_total=0.2724 discr_adv=1.9506 x0_d_real=-0.6699 x0_d_fake=-0.7766 p2_d_real=-0.1504 p2_d_fake=-0.1425 g_grad_abs=1364.3769 d_grad_abs=332.2494 synth_eps=0.0238 synth_eps_raw=0.0238 synth_x0_hit=0.0000 synth_total=0.0238 extra_render_attn_share=0.5529
[step 69350] real_p1_mirror_hole_cov=0.0105 real_p1_eps=0.0279 real_p1_hole_frac=0.2157 real_p2_eps=0.0031 real_p2_hit=0.0000 real_total=0.0310 synth_eps=0.0332 synth_eps_raw=0.0332 synth_x0_hit=0.0000 synth_total=0.0332 extra_render_attn_share=0.5529
[step 69400] real_p1_mirror_hole_cov=0.0518 real_p1_eps=0.2444 real_p1_hole_frac=0.2333 real_p2_eps=0.2480 real_p2_hit=1.0000 real_p2_t=109.0000 real_p2_ldif=0.0329 real_p2_gen_adv=0.0078 real_p2_lfm=0.0020 real_total=0.5302 discr_adv=1.0259 p2_d_real=-0.0596 p2_d_fake=-0.0078 g_grad_abs=1553.0653 d_grad_abs=219.7675 synth_eps=0.0216 synth_eps_raw=0.0216 synth_x0_hit=0.0000 synth_total=0.0216 extra_render_attn_share=0.5529
[step 69450] real_p1_mirror_hole_cov=0.1296 real_p1_eps=0.0155 real_p1_hole_frac=0.1853 real_p2_eps=0.0078 real_p2_hit=0.0000 real_total=0.0232 discr_adv=0.9852 x0_d_real=-0.8999 x0_d_fake=-0.9447 g_grad_abs=245.1966 d_grad_abs=426.9893 synth_eps=0.1986 synth_eps_raw=0.1986 synth_x0_hit=1.0000 synth_x0_t=250.0000 synth_x0_ldif=0.0961 synth_x0_gen_adv=0.9150 synth_x0_lfm=0.0069 synth_total=0.4001 extra_render_attn_share=0.5529
[step 69500] real_p1_mirror_hole_cov=0.1933 real_p1_eps=0.0027 real_p1_hole_frac=0.4638 real_p2_eps=0.2394 real_p2_hit=1.0000 real_p2_t=181.0000 real_p2_ldif=0.0665 real_p2_gen_adv=0.0587 real_p2_lfm=0.0057 real_total=0.3259 discr_adv=0.8745 p2_d_real=0.1930 p2_d_fake=-0.0587 g_grad_abs=1361.5049 d_grad_abs=676.0125 synth_eps=0.0025 synth_eps_raw=0.0025 synth_x0_hit=0.0000 synth_total=0.0025 extra_render_attn_share=0.5529
[images] real: anchor | cond1 | cond2 | inv_warp_mirror | mask | mask_inv | warp_img | warp_warp_img | x | y_hat | y_hat_novel -> /home/xzy/warpgan-diffusiong-inpainting/warpgan-diffusion-inpainting-main/experiments/train_inpainting_diffusion/[20260915-085455]_v19_w6b_300k/logs/images/train/real_step0069500.png
[images] synth: cond | mask | target | warp_img | x | y_hat_novel -> /home/xzy/warpgan-diffusiong-inpainting/warpgan-diffusion-inpainting-main/experiments/train_inpainting_diffusion/[20260915-085455]_v19_w6b_300k/logs/images/train/synth_step0069500.png
[step 69550] real_p1_mirror_hole_cov=0.0489 real_p1_eps=0.2422 real_p1_hole_frac=0.2077 real_p2_eps=0.2747 real_p2_hit=1.0000 real_p2_t=117.0000 real_p2_ldif=0.0401 real_p2_gen_adv=-0.8452 real_p2_lfm=0.0041 real_total=0.4807 discr_adv=0.9992 p2_d_real=0.8469 p2_d_fake=0.8452 g_grad_abs=1860.9452 d_grad_abs=65.8751 synth_eps=0.3988 synth_eps_raw=0.3988 synth_x0_hit=1.0000 synth_x0_t=86.0000 synth_x0_ldif=0.0388 synth_x0_gen_adv=-0.7408 synth_x0_lfm=0.0039 synth_total=0.3713 extra_render_attn_share=0.5529
[step 69600] real_p1_mirror_hole_cov=0.0315 real_p1_eps=0.0672 real_p1_hole_frac=0.2176 real_p2_eps=0.0747 real_p2_hit=0.0000 real_total=0.1420 synth_eps=0.0678 synth_eps_raw=0.0678 synth_x0_hit=0.0000 synth_total=0.0678 extra_render_attn_share=0.5529
[step 69650] real_p1_mirror_hole_cov=0.2889 real_p1_eps=0.0267 real_p1_hole_frac=0.1374 real_p2_eps=0.1603 real_p2_hit=1.0000 real_p2_t=208.0000 real_p2_ldif=0.0560 real_p2_gen_adv=-0.9784 real_p2_lfm=0.0044 real_total=0.1540 discr_adv=1.0194 p2_d_real=0.9523 p2_d_fake=0.9784 g_grad_abs=1546.9505 d_grad_abs=116.3489 synth_eps=0.0007 synth_eps_raw=0.0007 synth_x0_hit=0.0000 synth_total=0.0007 extra_render_attn_share=0.5529
[step 69700] real_p1_mirror_hole_cov=0.1832 real_p1_eps=0.0061 real_p1_hole_frac=0.0942 real_p2_eps=0.1692 real_p2_hit=1.0000 real_p2_t=116.0000 real_p2_ldif=0.0244 real_p2_gen_adv=0.1409 real_p2_lfm=0.0016 real_total=0.2169 discr_adv=1.2263 p2_d_real=-0.5935 p2_d_fake=-0.1409 g_grad_abs=1549.7616 d_grad_abs=2364.8869 synth_eps=0.0059 synth_eps_raw=0.0059 synth_x0_hit=0.0000 synth_total=0.0059 extra_render_attn_share=0.5529
[step 69750] real_p1_mirror_hole_cov=0.0608 real_p1_eps=0.0424 real_p1_hole_frac=0.2893 real_p2_eps=0.2338 real_p2_hit=1.0000 real_p2_t=208.0000 real_p2_ldif=0.0816 real_p2_gen_adv=0.8141 real_p2_lfm=0.0042 real_total=0.4475 discr_adv=0.9207 p2_d_real=-0.6554 p2_d_fake=-0.8141 g_grad_abs=1325.8664 d_grad_abs=1249.2524 synth_eps=0.0170 synth_eps_raw=0.0170 synth_x0_hit=0.0000 synth_total=0.0170 extra_render_attn_share=0.5529
[step 69800] real_p1_mirror_hole_cov=0.0493 real_p1_eps=0.1937 real_p1_hole_frac=0.2362 real_p2_eps=0.0058 real_p2_hit=0.0000 real_total=0.1995 discr_adv=0.6846 x0_d_real=0.6932 x0_d_fake=0.0623 g_grad_abs=938.5963 d_grad_abs=1050.1550 synth_eps=0.0288 synth_eps_raw=0.0288 synth_x0_hit=0.0000 synth_total=0.0288 extra_render_attn_share=0.5529
[step 69850] real_p1_mirror_hole_cov=0.0926 real_p1_eps=0.0087 real_p1_hole_frac=0.4007 real_p2_eps=0.1309 real_p2_hit=1.0000 real_p2_t=275.0000 real_p2_ldif=0.0761 real_p2_gen_adv=-0.7408 real_p2_lfm=0.0066 real_total=0.1548 discr_adv=2.0354 x0_d_real=0.9268 x0_d_fake=0.8981 p2_d_real=0.6457 p2_d_fake=0.7408 g_grad_abs=1250.5974 d_grad_abs=612.2860 synth_eps=0.0832 synth_eps_raw=0.0832 synth_x0_hit=0.0000 synth_total=0.0832 extra_render_attn_share=0.5529
[step 69900] real_p1_mirror_hole_cov=0.0257 real_p1_eps=0.0297 real_p1_hole_frac=0.2245 real_p2_eps=0.0025 real_p2_hit=0.0000 real_total=0.0322 synth_eps=0.0849 synth_eps_raw=0.0849 synth_x0_hit=0.0000 synth_total=0.0849 extra_render_attn_share=0.5529
[step 69950] real_p1_mirror_hole_cov=0.0347 real_p1_eps=0.1498 real_p1_hole_frac=0.1409 real_p2_eps=0.0118 real_p2_hit=0.0000 real_total=0.1616 discr_adv=0.9868 x0_d_real=-0.9061 x0_d_fake=-0.9630 g_grad_abs=893.1184 d_grad_abs=359.4069 synth_eps=0.0804 synth_eps_raw=0.0804 synth_x0_hit=0.0000 synth_total=0.0804 extra_render_attn_share=0.5529
[ckpt] saved /home/xzy/warpgan-diffusiong-inpainting/warpgan-diffusion-inpainting-main/experiments/train_inpainting_diffusion/[20260915-085455]_v19_w6b_300k/checkpoints/iteration_0069999.pt
[val step 69999] val_novel_full=0.0619 val_novel_hole=0.1009 val_novel_visible=0.0426
[step 70000] real_p1_mirror_hole_cov=0.0064 real_p1_eps=0.1731 real_p1_hole_frac=0.1633 real_p2_eps=0.3287 real_p2_hit=1.0000 real_p2_t=83.0000 real_p2_ldif=0.0306 real_p2_gen_adv=0.2480 real_p2_lfm=0.0017 real_total=0.5607 discr_adv=0.9520 p2_d_real=-0.1520 p2_d_fake=-0.2480 g_grad_abs=1463.6947 d_grad_abs=314.1782 synth_eps=0.0027 synth_eps_raw=0.0027 synth_x0_hit=0.0000 synth_total=0.0027 extra_render_attn_share=0.5554
[images] real: anchor | cond1 | cond2 | inv_warp_mirror | mask | mask_inv | warp_img | warp_warp_img | x | y_hat | y_hat_novel -> /home/xzy/warpgan-diffusiong-inpainting/warpgan-diffusion-inpainting-main/experiments/train_inpainting_diffusion/[20260915-085455]_v19_w6b_300k/logs/images/train/real_step0070000.png
[images] synth: cond | mask | target | warp_img | x | y_hat_novel -> /home/xzy/warpgan-diffusiong-inpainting/warpgan-diffusion-inpainting-main/experiments/train_inpainting_diffusion/[20260915-085455]_v19_w6b_300k/logs/images/train/synth_step0070000.png
[step 70050] real_p1_mirror_hole_cov=0.0884 real_p1_eps=0.0047 real_p1_hole_frac=0.1063 real_p2_eps=0.0400 real_p2_hit=0.0000 real_total=0.0447 synth_eps=0.0630 synth_eps_raw=0.0630 synth_x0_hit=0.0000 synth_total=0.0630 extra_render_attn_share=0.5554
[step 70100] real_p1_mirror_hole_cov=0.0120 real_p1_eps=0.0998 real_p1_hole_frac=0.3857 real_p2_eps=0.1787 real_p2_hit=1.0000 real_p2_t=201.0000 real_p2_ldif=0.0589 real_p2_gen_adv=-0.7785 real_p2_lfm=0.0035 real_total=0.2666 discr_adv=0.9753 p2_d_real=0.8279 p2_d_fake=0.7785 g_grad_abs=1617.0804 d_grad_abs=207.8471 synth_eps=0.8931 synth_eps_raw=0.8931 synth_x0_hit=1.0000 synth_x0_t=1.0000 synth_x0_ldif=0.0015 synth_x0_gen_adv=-0.1735 synth_x0_lfm=0.0003 synth_total=0.8778 extra_render_attn_share=0.5554
[step 70150] real_p1_mirror_hole_cov=0.0000 real_p1_eps=0.0046 real_p1_hole_frac=0.0176 real_p2_eps=0.0026 real_p2_hit=0.0000 real_total=0.0072 synth_eps=0.0045 synth_eps_raw=0.0045 synth_x0_hit=0.0000 synth_total=0.0045 extra_render_attn_share=0.5554
[step 70200] real_p1_mirror_hole_cov=0.0187 real_p1_eps=0.0128 real_p1_hole_frac=0.0740 real_p2_eps=0.0076 real_p2_hit=0.0000 real_total=0.0204 synth_eps=0.0291 synth_eps_raw=0.0291 synth_x0_hit=0.0000 synth_total=0.0291 extra_render_attn_share=0.5554
[step 70250] real_p1_mirror_hole_cov=0.6090 real_p1_eps=0.0094 real_p1_hole_frac=0.0830 real_p2_eps=0.0359 real_p2_hit=0.0000 real_total=0.0453 discr_adv=0.9368 x0_d_real=-0.2555 x0_d_fake=-0.3819 g_grad_abs=384.9653 d_grad_abs=334.2297 synth_eps=0.2593 synth_eps_raw=0.2593 synth_x0_hit=1.0000 synth_x0_t=133.0000 synth_x0_ldif=0.0453 synth_x0_gen_adv=0.9158 synth_x0_lfm=0.0054 synth_total=0.4069 extra_render_attn_share=0.5554
[step 70300] real_p1_mirror_hole_cov=0.1485 real_p1_eps=0.0038 real_p1_hole_frac=0.4595 real_p2_eps=0.1789 real_p2_hit=0.0000 real_total=0.1826 synth_eps=0.5556 synth_eps_raw=0.5556 synth_x0_hit=1.0000 synth_x0_t=41.0000 synth_x0_ldif=0.0226 synth_x0_gen_adv=-0.0841 synth_x0_lfm=0.0023 synth_total=0.5744 extra_render_attn_share=0.5554
[step 70350] real_p1_mirror_hole_cov=0.0205 real_p1_eps=0.0048 real_p1_hole_frac=0.3164 real_p2_eps=0.1103 real_p2_hit=0.0000 real_total=0.1150 synth_eps=0.0129 synth_eps_raw=0.0129 synth_x0_hit=0.0000 synth_total=0.0129 extra_render_attn_share=0.5554
[step 70400] real_p1_mirror_hole_cov=0.1898 real_p1_eps=0.0018 real_p1_hole_frac=0.3410 real_p2_eps=0.0741 real_p2_hit=0.0000 real_total=0.0759 synth_eps=0.0090 synth_eps_raw=0.0090 synth_x0_hit=0.0000 synth_total=0.0090 extra_render_attn_share=0.5554
[step 70450] real_p1_mirror_hole_cov=0.0188 real_p1_eps=0.0939 real_p1_hole_frac=0.1730 real_p2_eps=0.0067 real_p2_hit=0.0000 real_total=0.1006 discr_adv=0.9479 x0_d_real=0.5891 x0_d_fake=0.4848 g_grad_abs=798.0262 d_grad_abs=873.7163 synth_eps=0.0063 synth_eps_raw=0.0063 synth_x0_hit=0.0000 synth_total=0.0063 extra_render_attn_share=0.5554
[step 70500] real_p1_mirror_hole_cov=0.0980 real_p1_eps=0.0026 real_p1_hole_frac=0.3237 real_p2_eps=0.1890 real_p2_hit=1.0000 real_p2_t=278.0000 real_p2_ldif=0.1123 real_p2_gen_adv=-0.2494 real_p2_lfm=0.0053 real_total=0.2896 discr_adv=1.8715 x0_d_real=0.0207 x0_d_fake=-0.0909 p2_d_real=0.3948 p2_d_fake=0.2494 g_grad_abs=1763.9981 d_grad_abs=459.4881 synth_eps=0.0071 synth_eps_raw=0.0071 synth_x0_hit=0.0000 synth_total=0.0071 extra_render_attn_share=0.5554
[images] real: anchor | cond1 | cond2 | inv_warp_mirror | mask | mask_inv | warp_img | warp_warp_img | x | y_hat | y_hat_novel -> /home/xzy/warpgan-diffusiong-inpainting/warpgan-diffusion-inpainting-main/experiments/train_inpainting_diffusion/[20260915-085455]_v19_w6b_300k/logs/images/train/real_step0070500.png
[images] synth: cond | mask | target | warp_img | x | y_hat_novel -> /home/xzy/warpgan-diffusiong-inpainting/warpgan-diffusion-inpainting-main/experiments/train_inpainting_diffusion/[20260915-085455]_v19_w6b_300k/logs/images/train/synth_step0070500.png
[step 70550] real_p1_mirror_hole_cov=0.0294 real_p1_eps=0.0383 real_p1_hole_frac=0.3161 real_p2_eps=0.2633 real_p2_hit=1.0000 real_p2_t=131.0000 real_p2_ldif=0.0450 real_p2_gen_adv=-0.3929 real_p2_lfm=0.0035 real_total=0.3143 discr_adv=1.0103 p2_d_real=0.3724 p2_d_fake=0.3929 g_grad_abs=1399.9371 d_grad_abs=169.2585 synth_eps=0.0707 synth_eps_raw=0.0707 synth_x0_hit=0.0000 synth_total=0.0707 extra_render_attn_share=0.5554
[step 70600] real_p1_mirror_hole_cov=0.0005 real_p1_eps=0.0006 real_p1_hole_frac=0.1223 real_p2_eps=0.0255 real_p2_hit=0.0000 real_total=0.0261 discr_adv=0.9886 x0_d_real=-0.5478 x0_d_fake=-0.5705 g_grad_abs=224.7340 d_grad_abs=96.1384 synth_eps=0.0727 synth_eps_raw=0.0727 synth_x0_hit=0.0000 synth_total=0.0727 extra_render_attn_share=0.5554
[step 70650] real_p1_mirror_hole_cov=0.0768 real_p1_eps=0.1635 real_p1_hole_frac=0.3858 real_p2_eps=0.2247 real_p2_hit=1.0000 real_p2_t=114.0000 real_p2_ldif=0.0317 real_p2_gen_adv=0.2177 real_p2_lfm=0.0030 real_total=0.4477 discr_adv=1.0076 p2_d_real=-0.2330 p2_d_fake=-0.2177 g_grad_abs=1426.2225 d_grad_abs=69.9820 synth_eps=0.0314 synth_eps_raw=0.0314 synth_x0_hit=0.0000 synth_total=0.0314 extra_render_attn_share=0.5554
[step 70700] real_p1_mirror_hole_cov=0.3161 real_p1_eps=0.0145 real_p1_hole_frac=0.2830 real_p2_eps=0.1254 real_p2_hit=0.0000 real_total=0.1398 discr_adv=0.9448 x0_d_real=0.3885 x0_d_fake=0.2782 g_grad_abs=618.0162 d_grad_abs=262.7766 synth_eps=0.7057 synth_eps_raw=0.7057 synth_x0_hit=1.0000 synth_x0_t=13.0000 synth_x0_ldif=0.0088 synth_x0_gen_adv=0.4823 synth_x0_lfm=0.0003 synth_total=0.7634 extra_render_attn_share=0.5554
[step 70750] real_p1_mirror_hole_cov=0.0528 real_p1_eps=0.1189 real_p1_hole_frac=0.2581 real_p2_eps=0.0116 real_p2_hit=0.0000 real_total=0.1305 synth_eps=0.0083 synth_eps_raw=0.0083 synth_x0_hit=0.0000 synth_total=0.0083 extra_render_attn_share=0.5554
[step 70800] real_p1_mirror_hole_cov=0.0582 real_p1_eps=0.1186 real_p1_hole_frac=0.1841 real_p2_eps=0.0359 real_p2_hit=0.0000 real_total=0.1546 synth_eps=0.3779 synth_eps_raw=0.3779 synth_x0_hit=1.0000 synth_x0_t=112.0000 synth_x0_ldif=0.0520 synth_x0_gen_adv=0.0809 synth_x0_lfm=0.0050 synth_total=0.4480 extra_render_attn_share=0.5554
[step 70850] real_p1_mirror_hole_cov=0.1102 real_p1_eps=0.0184 real_p1_hole_frac=0.1375 real_p2_eps=0.0181 real_p2_hit=0.0000 real_total=0.0365 synth_eps=0.0033 synth_eps_raw=0.0033 synth_x0_hit=0.0000 synth_total=0.0033 extra_render_attn_share=0.5554
[step 70900] real_p1_mirror_hole_cov=0.0939 real_p1_eps=0.0523 real_p1_hole_frac=0.5452 real_p2_eps=0.0238 real_p2_hit=0.0000 real_total=0.0760 synth_eps=0.2087 synth_eps_raw=0.2087 synth_x0_hit=1.0000 synth_x0_t=228.0000 synth_x0_ldif=0.0854 synth_x0_gen_adv=-0.2439 synth_x0_lfm=0.0049 synth_total=0.2795 extra_render_attn_share=0.5554
[step 70950] real_p1_mirror_hole_cov=0.1783 real_p1_eps=0.0360 real_p1_hole_frac=0.3762 real_p2_eps=0.3811 real_p2_hit=1.0000 real_p2_t=79.0000 real_p2_ldif=0.0337 real_p2_gen_adv=-0.2420 real_p2_lfm=0.0026 real_total=0.4318 discr_adv=0.9893 p2_d_real=0.2635 p2_d_fake=0.2420 g_grad_abs=1352.6699 d_grad_abs=99.8623 synth_eps=0.1749 synth_eps_raw=0.1749 synth_x0_hit=0.0000 synth_total=0.1749 extra_render_attn_share=0.5554
[step 71000] real_p1_mirror_hole_cov=0.1663 real_p1_eps=0.0705 real_p1_hole_frac=0.5649 real_p2_eps=0.0344 real_p2_hit=0.0000 real_total=0.1049 synth_eps=0.0039 synth_eps_raw=0.0039 synth_x0_hit=0.0000 synth_total=0.0039 extra_render_attn_share=0.5554
[images] real: anchor | cond1 | cond2 | inv_warp_mirror | mask | mask_inv | warp_img | warp_warp_img | x | y_hat | y_hat_novel -> /home/xzy/warpgan-diffusiong-inpainting/warpgan-diffusion-inpainting-main/experiments/train_inpainting_diffusion/[20260915-085455]_v19_w6b_300k/logs/images/train/real_step0071000.png
[images] synth: cond | mask | target | warp_img | x | y_hat_novel -> /home/xzy/warpgan-diffusiong-inpainting/warpgan-diffusion-inpainting-main/experiments/train_inpainting_diffusion/[20260915-085455]_v19_w6b_300k/logs/images/train/synth_step0071000.png
[step 71050] real_p1_mirror_hole_cov=0.1531 real_p1_eps=0.2816 real_p1_hole_frac=0.4934 real_p2_eps=0.3156 real_p2_hit=1.0000 real_p2_t=180.0000 real_p2_ldif=0.0869 real_p2_gen_adv=-0.6194 real_p2_lfm=0.0056 real_total=0.6334 discr_adv=2.1131 x0_d_real=-0.5536 x0_d_fake=-0.2108 p2_d_real=0.7362 p2_d_fake=0.6194 g_grad_abs=1953.9446 d_grad_abs=1560.6174 synth_eps=0.0013 synth_eps_raw=0.0013 synth_x0_hit=0.0000 synth_total=0.0013 extra_render_attn_share=0.5554
[step 71100] real_p1_mirror_hole_cov=0.0747 real_p1_eps=0.0136 real_p1_hole_frac=0.5380 real_p2_eps=0.1420 real_p2_hit=0.0000 real_total=0.1555 synth_eps=0.0019 synth_eps_raw=0.0019 synth_x0_hit=0.0000 synth_total=0.0019 extra_render_attn_share=0.5554
[step 71150] real_p1_mirror_hole_cov=0.2259 real_p1_eps=0.0077 real_p1_hole_frac=0.4980 real_p2_eps=0.0197 real_p2_hit=0.0000 real_total=0.0275 synth_eps=0.0114 synth_eps_raw=0.0114 synth_x0_hit=0.0000 synth_total=0.0114 extra_render_attn_share=0.5554
[step 71200] real_p1_mirror_hole_cov=0.0179 real_p1_eps=0.0330 real_p1_hole_frac=0.1914 real_p2_eps=0.0099 real_p2_hit=0.0000 real_total=0.0429 synth_eps=0.3766 synth_eps_raw=0.3766 synth_x0_hit=1.0000 synth_x0_t=97.0000 synth_x0_ldif=0.0431 synth_x0_gen_adv=-0.5142 synth_x0_lfm=0.0033 synth_total=0.3748 extra_render_attn_share=0.5554
[step 71250] real_p1_mirror_hole_cov=0.0269 real_p1_eps=0.1197 real_p1_hole_frac=0.2003 real_p2_eps=0.0729 real_p2_hit=0.0000 real_total=0.1926 discr_adv=0.9725 x0_d_real=0.9430 x0_d_fake=0.8875 g_grad_abs=835.9575 d_grad_abs=246.0529 synth_eps=0.0226 synth_eps_raw=0.0226 synth_x0_hit=0.0000 synth_total=0.0226 extra_render_attn_share=0.5554
[step 71300] real_p1_mirror_hole_cov=0.0276 real_p1_eps=0.0307 real_p1_hole_frac=0.0757 real_p2_eps=0.0014 real_p2_hit=0.0000 real_total=0.0321 synth_eps=0.0434 synth_eps_raw=0.0434 synth_x0_hit=0.0000 synth_total=0.0434 extra_render_attn_share=0.5554
[step 71350] real_p1_mirror_hole_cov=0.1234 real_p1_eps=0.0117 real_p1_hole_frac=0.3359 real_p2_eps=0.1892 real_p2_hit=1.0000 real_p2_t=212.0000 real_p2_ldif=0.0682 real_p2_gen_adv=0.8280 real_p2_lfm=0.0058 real_total=0.3636 discr_adv=1.9104 x0_d_real=-0.5261 x0_d_fake=-0.6365 p2_d_real=-0.7592 p2_d_fake=-0.8280 g_grad_abs=1263.6849 d_grad_abs=522.7981 synth_eps=0.2931 synth_eps_raw=0.2931 synth_x0_hit=1.0000 synth_x0_t=171.0000 synth_x0_ldif=0.0744 synth_x0_gen_adv=0.3150 synth_x0_lfm=0.0054 synth_total=0.4098 extra_render_attn_share=0.5554
[step 71400] real_p1_mirror_hole_cov=0.0100 real_p1_eps=0.0020 real_p1_hole_frac=0.2653 real_p2_eps=0.0069 real_p2_hit=0.0000 real_total=0.0088 synth_eps=0.2017 synth_eps_raw=0.2017 synth_x0_hit=1.0000 synth_x0_t=241.0000 synth_x0_ldif=0.0913 synth_x0_gen_adv=-0.0938 synth_x0_lfm=0.0054 synth_total=0.2944 extra_render_attn_share=0.5554
[step 71450] real_p1_mirror_hole_cov=0.0222 real_p1_eps=0.0220 real_p1_hole_frac=0.3931 real_p2_eps=0.2113 real_p2_hit=1.0000 real_p2_t=162.0000 real_p2_ldif=0.0493 real_p2_gen_adv=0.3092 real_p2_lfm=0.0051 real_total=0.3238 discr_adv=1.1232 p2_d_real=-0.5557 p2_d_fake=-0.3092 g_grad_abs=1504.3047 d_grad_abs=445.4063 synth_eps=0.6363 synth_eps_raw=0.6363 synth_x0_hit=1.0000 synth_x0_t=29.0000 synth_x0_ldif=0.0178 synth_x0_gen_adv=-0.3481 synth_x0_lfm=0.0020 synth_total=0.6233 extra_render_attn_share=0.5554
[step 71500] real_p1_mirror_hole_cov=0.1510 real_p1_eps=0.2964 real_p1_hole_frac=0.3371 real_p2_eps=0.1123 real_p2_hit=0.0000 real_total=0.4087 discr_adv=1.0410 x0_d_real=-0.1379 x0_d_fake=-0.0559 g_grad_abs=1271.0965 d_grad_abs=484.8438 synth_eps=0.2241 synth_eps_raw=0.2241 synth_x0_hit=1.0000 synth_x0_t=227.0000 synth_x0_ldif=0.0910 synth_x0_gen_adv=0.2578 synth_x0_lfm=0.0062 synth_total=0.3533 extra_render_attn_share=0.5554
[images] real: anchor | cond1 | cond2 | inv_warp_mirror | mask | mask_inv | warp_img | warp_warp_img | x | y_hat | y_hat_novel -> /home/xzy/warpgan-diffusiong-inpainting/warpgan-diffusion-inpainting-main/experiments/train_inpainting_diffusion/[20260915-085455]_v19_w6b_300k/logs/images/train/real_step0071500.png
[images] synth: cond | mask | target | warp_img | x | y_hat_novel -> /home/xzy/warpgan-diffusiong-inpainting/warpgan-diffusion-inpainting-main/experiments/train_inpainting_diffusion/[20260915-085455]_v19_w6b_300k/logs/images/train/synth_step0071500.png
[step 71550] real_p1_mirror_hole_cov=0.0979 real_p1_eps=0.0009 real_p1_hole_frac=0.3196 real_p2_eps=0.0014 real_p2_hit=0.0000 real_total=0.0023 discr_adv=0.9328 x0_d_real=-0.0056 x0_d_fake=-0.1399 g_grad_abs=244.0959 d_grad_abs=198.5439 synth_eps=0.1118 synth_eps_raw=0.1118 synth_x0_hit=0.0000 synth_total=0.1118 extra_render_attn_share=0.5554
[step 71600] real_p1_mirror_hole_cov=0.1283 real_p1_eps=0.0505 real_p1_hole_frac=0.2745 real_p2_eps=0.0301 real_p2_hit=0.0000 real_total=0.0806 discr_adv=0.9951 x0_d_real=0.5158 x0_d_fake=0.5059 g_grad_abs=649.0525 d_grad_abs=327.9466 synth_eps=0.0216 synth_eps_raw=0.0216 synth_x0_hit=0.0000 synth_total=0.0216 extra_render_attn_share=0.5554
[step 71650] real_p1_mirror_hole_cov=0.0971 real_p1_eps=0.0323 real_p1_hole_frac=0.1722 real_p2_eps=0.1888 real_p2_hit=1.0000 real_p2_t=143.0000 real_p2_ldif=0.0366 real_p2_gen_adv=0.3011 real_p2_lfm=0.0039 real_total=0.2955 discr_adv=1.0021 p2_d_real=-0.3053 p2_d_fake=-0.3011 g_grad_abs=1097.0010 d_grad_abs=41.3317 synth_eps=0.5173 synth_eps_raw=0.5173 synth_x0_hit=1.0000 synth_x0_t=65.0000 synth_x0_ldif=0.0357 synth_x0_gen_adv=0.4924 synth_x0_lfm=0.0028 synth_total=0.6079 extra_render_attn_share=0.5554
[step 71700] real_p1_mirror_hole_cov=0.0807 real_p1_eps=0.0237 real_p1_hole_frac=0.1801 real_p2_eps=0.0184 real_p2_hit=0.0000 real_total=0.0421 synth_eps=0.3188 synth_eps_raw=0.3188 synth_x0_hit=1.0000 synth_x0_t=131.0000 synth_x0_ldif=0.0545 synth_x0_gen_adv=0.0584 synth_x0_lfm=0.0055 synth_total=0.3901 extra_render_attn_share=0.5554
[step 71750] real_p1_mirror_hole_cov=0.2511 real_p1_eps=0.0306 real_p1_hole_frac=0.0690 real_p2_eps=0.0460 real_p2_hit=0.0000 real_total=0.0766 discr_adv=0.9714 x0_d_real=-0.7679 x0_d_fake=-0.8251 g_grad_abs=562.4570 d_grad_abs=222.6831 synth_eps=0.0048 synth_eps_raw=0.0048 synth_x0_hit=0.0000 synth_total=0.0048 extra_render_attn_share=0.5554
[step 71800] real_p1_mirror_hole_cov=0.0221 real_p1_eps=0.0010 real_p1_hole_frac=0.3632 real_p2_eps=0.0339 real_p2_hit=0.0000 real_total=0.0349 synth_eps=0.0027 synth_eps_raw=0.0027 synth_x0_hit=0.0000 synth_total=0.0027 extra_render_attn_share=0.5554
[step 71850] real_p1_mirror_hole_cov=0.0651 real_p1_eps=0.2869 real_p1_hole_frac=0.1458 real_p2_eps=0.0087 real_p2_hit=0.0000 real_total=0.2956 discr_adv=1.0035 x0_d_real=0.6111 x0_d_fake=0.6179 g_grad_abs=1053.0215 d_grad_abs=224.8635 synth_eps=0.0260 synth_eps_raw=0.0260 synth_x0_hit=0.0000 synth_total=0.0260 extra_render_attn_share=0.5554
[step 71900] real_p1_mirror_hole_cov=0.1453 real_p1_eps=0.0928 real_p1_hole_frac=0.3750 real_p2_eps=0.0927 real_p2_hit=0.0000 real_total=0.1855 discr_adv=0.9232 x0_d_real=0.0724 x0_d_fake=-0.0812 g_grad_abs=855.9621 d_grad_abs=567.8034 synth_eps=0.1799 synth_eps_raw=0.1799 synth_x0_hit=1.0000 synth_x0_t=230.0000 synth_x0_ldif=0.0748 synth_x0_gen_adv=-0.0448 synth_x0_lfm=0.0053 synth_total=0.2607 extra_render_attn_share=0.5554
[step 71950] real_p1_mirror_hole_cov=0.3039 real_p1_eps=0.0170 real_p1_hole_frac=0.7027 real_p2_eps=0.2319 real_p2_hit=1.0000 real_p2_t=234.0000 real_p2_ldif=0.0995 real_p2_gen_adv=-0.3480 real_p2_lfm=0.0056 real_total=0.3249 discr_adv=0.9215 p2_d_real=0.5051 p2_d_fake=0.3480 g_grad_abs=1021.8933 d_grad_abs=454.5297 synth_eps=0.1881 synth_eps_raw=0.1881 synth_x0_hit=1.0000 synth_x0_t=269.0000 synth_x0_ldif=0.1050 synth_x0_gen_adv=-0.1620 synth_x0_lfm=0.0068 synth_total=0.2904 extra_render_attn_share=0.5554
[val step 71999] val_novel_full=0.0704 val_novel_hole=0.1178 val_novel_visible=0.0501
[step 72000] real_p1_mirror_hole_cov=0.0072 real_p1_eps=0.0010 real_p1_hole_frac=0.3622 real_p2_eps=0.0231 real_p2_hit=0.0000 real_total=0.0241 synth_eps=0.0365 synth_eps_raw=0.0365 synth_x0_hit=0.0000 synth_total=0.0365 extra_render_attn_share=0.5540
[images] real: anchor | cond1 | cond2 | inv_warp_mirror | mask | mask_inv | warp_img | warp_warp_img | x | y_hat | y_hat_novel -> /home/xzy/warpgan-diffusiong-inpainting/warpgan-diffusion-inpainting-main/experiments/train_inpainting_diffusion/[20260915-085455]_v19_w6b_300k/logs/images/train/real_step0072000.png
[images] synth: cond | mask | target | warp_img | x | y_hat_novel -> /home/xzy/warpgan-diffusiong-inpainting/warpgan-diffusion-inpainting-main/experiments/train_inpainting_diffusion/[20260915-085455]_v19_w6b_300k/logs/images/train/synth_step0072000.png
[step 72050] real_p1_mirror_hole_cov=0.2519 real_p1_eps=0.0318 real_p1_hole_frac=0.1867 real_p2_eps=0.0104 real_p2_hit=0.0000 real_total=0.0422 synth_eps=0.0127 synth_eps_raw=0.0127 synth_x0_hit=0.0000 synth_total=0.0127 extra_render_attn_share=0.5540
[step 72100] real_p1_mirror_hole_cov=0.1682 real_p1_eps=0.1063 real_p1_hole_frac=0.1725 real_p2_eps=0.0403 real_p2_hit=0.0000 real_total=0.1466 discr_adv=1.3221 x0_d_real=-0.6772 x0_d_fake=-0.0331 g_grad_abs=736.2847 d_grad_abs=726.0435 synth_eps=0.0296 synth_eps_raw=0.0296 synth_x0_hit=0.0000 synth_total=0.0296 extra_render_attn_share=0.5540
[step 72150] real_p1_mirror_hole_cov=0.1456 real_p1_eps=0.0453 real_p1_hole_frac=0.2598 real_p2_eps=0.0186 real_p2_hit=0.0000 real_total=0.0639 discr_adv=0.9895 x0_d_real=-0.8095 x0_d_fake=-0.8304 g_grad_abs=484.7760 d_grad_abs=66.4583 synth_eps=0.0894 synth_eps_raw=0.0894 synth_x0_hit=0.0000 synth_total=0.0894 extra_render_attn_share=0.5540
[step 72200] real_p1_mirror_hole_cov=0.1949 real_p1_eps=0.0399 real_p1_hole_frac=0.3438 real_p2_eps=0.1625 real_p2_hit=0.0000 real_total=0.2024 synth_eps=0.0700 synth_eps_raw=0.0700 synth_x0_hit=0.0000 synth_total=0.0700 extra_render_attn_share=0.5540
[step 72250] real_p1_mirror_hole_cov=0.1852 real_p1_eps=0.1282 real_p1_hole_frac=0.6025 real_p2_eps=0.4696 real_p2_hit=1.0000 real_p2_t=63.0000 real_p2_ldif=0.0313 real_p2_gen_adv=0.6411 real_p2_lfm=0.0026 real_total=0.6985 discr_adv=0.9655 p2_d_real=-0.5721 p2_d_fake=-0.6411 g_grad_abs=1122.3698 d_grad_abs=189.5906 synth_eps=0.0265 synth_eps_raw=0.0265 synth_x0_hit=0.0000 synth_total=0.0265 extra_render_attn_share=0.5540
[step 72300] real_p1_mirror_hole_cov=0.0106 real_p1_eps=0.0320 real_p1_hole_frac=0.3302 real_p2_eps=0.0028 real_p2_hit=0.0000 real_total=0.0348 discr_adv=0.8507 x0_d_real=-0.5691 x0_d_fake=-0.8681 g_grad_abs=333.4207 d_grad_abs=855.3438 synth_eps=0.2014 synth_eps_raw=0.2014 synth_x0_hit=1.0000 synth_x0_t=251.0000 synth_x0_ldif=0.0982 synth_x0_gen_adv=0.5887 synth_x0_lfm=0.0079 synth_total=0.3742 extra_render_attn_share=0.5540
[step 72350] real_p1_mirror_hole_cov=0.0563 real_p1_eps=0.0957 real_p1_hole_frac=0.0660 real_p2_eps=0.2932 real_p2_hit=1.0000 real_p2_t=45.0000 real_p2_ldif=0.0132 real_p2_gen_adv=0.0599 real_p2_lfm=0.0021 real_total=0.4124 discr_adv=1.0084 p2_d_real=-0.0764 p2_d_fake=-0.0599 g_grad_abs=1353.2045 d_grad_abs=279.3332 synth_eps=0.0156 synth_eps_raw=0.0156 synth_x0_hit=0.0000 synth_total=0.0156 extra_render_attn_share=0.5540
[step 72400] real_p1_mirror_hole_cov=0.0689 real_p1_eps=0.1514 real_p1_hole_frac=0.1225 real_p2_eps=0.1424 real_p2_hit=1.0000 real_p2_t=207.0000 real_p2_ldif=0.0493 real_p2_gen_adv=-0.2808 real_p2_lfm=0.0032 real_total=0.3216 discr_adv=1.9700 x0_d_real=0.2096 x0_d_fake=0.1737 p2_d_real=0.3151 p2_d_fake=0.2808 g_grad_abs=1318.1645 d_grad_abs=681.1359 synth_eps=0.1794 synth_eps_raw=0.1794 synth_x0_hit=1.0000 synth_x0_t=297.0000 synth_x0_ldif=0.1218 synth_x0_gen_adv=-0.2271 synth_x0_lfm=0.0089 synth_total=0.2964 extra_render_attn_share=0.5540
[step 72450] real_p1_mirror_hole_cov=0.3078 real_p1_eps=0.0009 real_p1_hole_frac=0.4983 real_p2_eps=0.1549 real_p2_hit=0.0000 real_total=0.1558 synth_eps=0.1008 synth_eps_raw=0.1008 synth_x0_hit=0.0000 synth_total=0.1008 extra_render_attn_share=0.5540
[step 72500] real_p1_mirror_hole_cov=0.1748 real_p1_eps=0.0024 real_p1_hole_frac=0.5474 real_p2_eps=0.0744 real_p2_hit=0.0000 real_total=0.0768 synth_eps=0.0255 synth_eps_raw=0.0255 synth_x0_hit=0.0000 synth_total=0.0255 extra_render_attn_share=0.5540
[images] real: anchor | cond1 | cond2 | inv_warp_mirror | mask | mask_inv | warp_img | warp_warp_img | x | y_hat | y_hat_novel -> /home/xzy/warpgan-diffusiong-inpainting/warpgan-diffusion-inpainting-main/experiments/train_inpainting_diffusion/[20260915-085455]_v19_w6b_300k/logs/images/train/real_step0072500.png
[images] synth: cond | mask | target | warp_img | x | y_hat_novel -> /home/xzy/warpgan-diffusiong-inpainting/warpgan-diffusion-inpainting-main/experiments/train_inpainting_diffusion/[20260915-085455]_v19_w6b_300k/logs/images/train/synth_step0072500.png
[step 72550] real_p1_mirror_hole_cov=0.0214 real_p1_eps=0.0014 real_p1_hole_frac=0.0448 real_p2_eps=0.0938 real_p2_hit=1.0000 real_p2_t=172.0000 real_p2_ldif=0.0240 real_p2_gen_adv=-0.0248 real_p2_lfm=0.0028 real_total=0.1224 discr_adv=1.8741 x0_d_real=0.0756 x0_d_fake=-0.3322 p2_d_real=-0.1313 p2_d_fake=0.0248 g_grad_abs=843.0778 d_grad_abs=953.7488 synth_eps=0.2361 synth_eps_raw=0.2361 synth_x0_hit=1.0000 synth_x0_t=142.0000 synth_x0_ldif=0.0453 synth_x0_gen_adv=0.4051 synth_x0_lfm=0.0056 synth_total=0.3331 extra_render_attn_share=0.5540
[step 72600] real_p1_mirror_hole_cov=0.1150 real_p1_eps=0.4083 real_p1_hole_frac=0.1024 real_p2_eps=0.1860 real_p2_hit=1.0000 real_p2_t=139.0000 real_p2_ldif=0.0346 real_p2_gen_adv=-0.8595 real_p2_lfm=0.0036 real_total=0.5502 discr_adv=1.9596 x0_d_real=0.7540 x0_d_fake=0.6618 p2_d_real=0.8492 p2_d_fake=0.8595 g_grad_abs=1629.8501 d_grad_abs=473.0917 synth_eps=0.1212 synth_eps_raw=0.1212 synth_x0_hit=0.0000 synth_total=0.1212 extra_render_attn_share=0.5540
[step 72650] real_p1_mirror_hole_cov=0.0596 real_p1_eps=0.0471 real_p1_hole_frac=0.3645 real_p2_eps=0.0563 real_p2_hit=0.0000 real_total=0.1035 synth_eps=0.0263 synth_eps_raw=0.0263 synth_x0_hit=0.0000 synth_total=0.0263 extra_render_attn_share=0.5540
[step 72700] real_p1_mirror_hole_cov=0.1613 real_p1_eps=0.0044 real_p1_hole_frac=0.0336 real_p2_eps=0.0132 real_p2_hit=0.0000 real_total=0.0175 synth_eps=0.0328 synth_eps_raw=0.0328 synth_x0_hit=0.0000 synth_total=0.0328 extra_render_attn_share=0.5540
[step 72750] real_p1_mirror_hole_cov=0.0137 real_p1_eps=0.0190 real_p1_hole_frac=0.3380 real_p2_eps=0.0935 real_p2_hit=0.0000 real_total=0.1125 synth_eps=0.0013 synth_eps_raw=0.0013 synth_x0_hit=0.0000 synth_total=0.0013 extra_render_attn_share=0.5540
[step 72800] real_p1_mirror_hole_cov=0.0525 real_p1_eps=0.0269 real_p1_hole_frac=0.3024 real_p2_eps=0.0325 real_p2_hit=0.0000 real_total=0.0594 discr_adv=0.9527 x0_d_real=-0.3669 x0_d_fake=-0.4626 g_grad_abs=497.3827 d_grad_abs=403.3144 synth_eps=0.0739 synth_eps_raw=0.0739 synth_x0_hit=0.0000 synth_total=0.0739 extra_render_attn_share=0.5540
[step 72850] real_p1_mirror_hole_cov=0.1277 real_p1_eps=0.4369 real_p1_hole_frac=0.5299 real_p2_eps=0.4642 real_p2_hit=1.0000 real_p2_t=100.0000 real_p2_ldif=0.0549 real_p2_gen_adv=-0.3689 real_p2_lfm=0.0042 real_total=0.9274 discr_adv=1.8757 x0_d_real=0.1230 x0_d_fake=-0.0349 p2_d_real=0.4813 p2_d_fake=0.3689 g_grad_abs=1495.5451 d_grad_abs=1191.1494 synth_eps=0.0318 synth_eps_raw=0.0318 synth_x0_hit=0.0000 synth_total=0.0318 extra_render_attn_share=0.5540
[step 72900] real_p1_mirror_hole_cov=0.0187 real_p1_eps=0.0025 real_p1_hole_frac=0.2016 real_p2_eps=0.0861 real_p2_hit=0.0000 real_total=0.0887 synth_eps=0.1555 synth_eps_raw=0.1555 synth_x0_hit=0.0000 synth_total=0.1555 extra_render_attn_share=0.5540
[step 72950] real_p1_mirror_hole_cov=0.1001 real_p1_eps=0.1349 real_p1_hole_frac=0.4493 real_p2_eps=0.3026 real_p2_hit=1.0000 real_p2_t=76.0000 real_p2_ldif=0.0253 real_p2_gen_adv=0.7021 real_p2_lfm=0.0031 real_total=0.5393 discr_adv=0.9176 p2_d_real=-0.5270 p2_d_fake=-0.7021 g_grad_abs=1455.9020 d_grad_abs=625.2153 synth_eps=0.0157 synth_eps_raw=0.0157 synth_x0_hit=0.0000 synth_total=0.0157 extra_render_attn_share=0.5540
[step 73000] real_p1_mirror_hole_cov=0.0115 real_p1_eps=0.0083 real_p1_hole_frac=0.1346 real_p2_eps=0.0283 real_p2_hit=0.0000 real_total=0.0366 synth_eps=0.0778 synth_eps_raw=0.0778 synth_x0_hit=0.0000 synth_total=0.0778 extra_render_attn_share=0.5540
[images] real: anchor | cond1 | cond2 | inv_warp_mirror | mask | mask_inv | warp_img | warp_warp_img | x | y_hat | y_hat_novel -> /home/xzy/warpgan-diffusiong-inpainting/warpgan-diffusion-inpainting-main/experiments/train_inpainting_diffusion/[20260915-085455]_v19_w6b_300k/logs/images/train/real_step0073000.png
[images] synth: cond | mask | target | warp_img | x | y_hat_novel -> /home/xzy/warpgan-diffusiong-inpainting/warpgan-diffusion-inpainting-main/experiments/train_inpainting_diffusion/[20260915-085455]_v19_w6b_300k/logs/images/train/synth_step0073000.png
[step 73050] real_p1_mirror_hole_cov=0.0669 real_p1_eps=0.0009 real_p1_hole_frac=0.4491 real_p2_eps=0.1049 real_p2_hit=0.0000 real_total=0.1058 synth_eps=0.0067 synth_eps_raw=0.0067 synth_x0_hit=0.0000 synth_total=0.0067 extra_render_attn_share=0.5540
[step 73100] real_p1_mirror_hole_cov=0.2962 real_p1_eps=0.0822 real_p1_hole_frac=0.5069 real_p2_eps=0.1087 real_p2_hit=0.0000 real_total=0.1909 synth_eps=0.0157 synth_eps_raw=0.0157 synth_x0_hit=0.0000 synth_total=0.0157 extra_render_attn_share=0.5540
[step 73150] real_p1_mirror_hole_cov=0.0209 real_p1_eps=0.0479 real_p1_hole_frac=0.3224 real_p2_eps=0.0443 real_p2_hit=0.0000 real_total=0.0922 discr_adv=1.0925 x0_d_real=-0.2696 x0_d_fake=-0.0847 g_grad_abs=644.0073 d_grad_abs=338.9249 synth_eps=0.0918 synth_eps_raw=0.0918 synth_x0_hit=0.0000 synth_total=0.0918 extra_render_attn_share=0.5540
[step 73200] real_p1_mirror_hole_cov=0.0469 real_p1_eps=0.0018 real_p1_hole_frac=0.3232 real_p2_eps=0.0356 real_p2_hit=0.0000 real_total=0.0374 synth_eps=0.2124 synth_eps_raw=0.2124 synth_x0_hit=1.0000 synth_x0_t=201.0000 synth_x0_ldif=0.0700 synth_x0_gen_adv=0.6496 synth_x0_lfm=0.0043 synth_total=0.3559 extra_render_attn_share=0.5540
[step 73250] real_p1_mirror_hole_cov=0.0822 real_p1_eps=0.0053 real_p1_hole_frac=0.3315 real_p2_eps=0.5043 real_p2_hit=1.0000 real_p2_t=33.0000 real_p2_ldif=0.0162 real_p2_gen_adv=-0.6375 real_p2_lfm=0.0012 real_total=0.4645 discr_adv=0.9842 p2_d_real=0.6691 p2_d_fake=0.6375 g_grad_abs=1249.9818 d_grad_abs=218.9207 synth_eps=0.0258 synth_eps_raw=0.0258 synth_x0_hit=0.0000 synth_total=0.0258 extra_render_attn_share=0.5540
[step 73300] real_p1_mirror_hole_cov=0.3328 real_p1_eps=0.0782 real_p1_hole_frac=0.3384 real_p2_eps=0.0032 real_p2_hit=0.0000 real_total=0.0814 synth_eps=0.0076 synth_eps_raw=0.0076 synth_x0_hit=0.0000 synth_total=0.0076 extra_render_attn_share=0.5540
[step 73350] real_p1_mirror_hole_cov=0.0554 real_p1_eps=0.1911 real_p1_hole_frac=0.2161 real_p2_eps=0.0067 real_p2_hit=0.0000 real_total=0.1978 synth_eps=0.2913 synth_eps_raw=0.2913 synth_x0_hit=1.0000 synth_x0_t=158.0000 synth_x0_ldif=0.0655 synth_x0_gen_adv=-0.6524 synth_x0_lfm=0.0039 synth_total=0.2992 extra_render_attn_share=0.5540
[step 73400] real_p1_mirror_hole_cov=0.0523 real_p1_eps=0.0013 real_p1_hole_frac=0.4181 real_p2_eps=0.0240 real_p2_hit=0.0000 real_total=0.0252 discr_adv=1.0209 x0_d_real=-0.3873 x0_d_fake=-0.3456 g_grad_abs=247.6637 d_grad_abs=179.1603 synth_eps=0.2756 synth_eps_raw=0.2756 synth_x0_hit=1.0000 synth_x0_t=135.0000 synth_x0_ldif=0.0492 synth_x0_gen_adv=0.5334 synth_x0_lfm=0.0051 synth_total=0.3883 extra_render_attn_share=0.5540
[step 73450] real_p1_mirror_hole_cov=0.0141 real_p1_eps=0.0167 real_p1_hole_frac=0.2403 real_p2_eps=0.2912 real_p2_hit=1.0000 real_p2_t=80.0000 real_p2_ldif=0.0259 real_p2_gen_adv=0.0388 real_p2_lfm=0.0026 real_total=0.3429 discr_adv=0.9626 p2_d_real=0.0360 p2_d_fake=-0.0388 g_grad_abs=1130.0309 d_grad_abs=334.2837 synth_eps=0.0311 synth_eps_raw=0.0311 synth_x0_hit=0.0000 synth_total=0.0311 extra_render_attn_share=0.5540
[step 73500] real_p1_mirror_hole_cov=0.0412 real_p1_eps=0.0089 real_p1_hole_frac=0.2771 real_p2_eps=0.0863 real_p2_hit=0.0000 real_total=0.0952 synth_eps=0.0079 synth_eps_raw=0.0079 synth_x0_hit=0.0000 synth_total=0.0079 extra_render_attn_share=0.5540
[images] real: anchor | cond1 | cond2 | inv_warp_mirror | mask | mask_inv | warp_img | warp_warp_img | x | y_hat | y_hat_novel -> /home/xzy/warpgan-diffusiong-inpainting/warpgan-diffusion-inpainting-main/experiments/train_inpainting_diffusion/[20260915-085455]_v19_w6b_300k/logs/images/train/real_step0073500.png
[images] synth: cond | mask | target | warp_img | x | y_hat_novel -> /home/xzy/warpgan-diffusiong-inpainting/warpgan-diffusion-inpainting-main/experiments/train_inpainting_diffusion/[20260915-085455]_v19_w6b_300k/logs/images/train/synth_step0073500.png
[step 73550] real_p1_mirror_hole_cov=0.3433 real_p1_eps=0.0556 real_p1_hole_frac=0.1028 real_p2_eps=0.0402 real_p2_hit=0.0000 real_total=0.0958 synth_eps=0.0914 synth_eps_raw=0.0914 synth_x0_hit=0.0000 synth_total=0.0914 extra_render_attn_share=0.5540
[step 73600] real_p1_mirror_hole_cov=0.0414 real_p1_eps=0.1327 real_p1_hole_frac=0.0659 real_p2_eps=0.0025 real_p2_hit=0.0000 real_total=0.1353 synth_eps=0.0982 synth_eps_raw=0.0982 synth_x0_hit=0.0000 synth_total=0.0982 extra_render_attn_share=0.5540
[step 73650] real_p1_mirror_hole_cov=0.1063 real_p1_eps=0.0579 real_p1_hole_frac=0.5702 real_p2_eps=0.0247 real_p2_hit=0.0000 real_total=0.0827 discr_adv=0.9358 x0_d_real=0.2807 x0_d_fake=0.1522 g_grad_abs=573.7389 d_grad_abs=258.9146 synth_eps=0.1967 synth_eps_raw=0.1967 synth_x0_hit=1.0000 synth_x0_t=292.0000 synth_x0_ldif=0.1290 synth_x0_gen_adv=0.2060 synth_x0_lfm=0.0087 synth_total=0.3637 extra_render_attn_share=0.5540
[step 73700] real_p1_mirror_hole_cov=0.1139 real_p1_eps=0.0989 real_p1_hole_frac=0.4469 real_p2_eps=0.0755 real_p2_hit=0.0000 real_total=0.1745 discr_adv=0.8985 x0_d_real=0.2988 x0_d_fake=0.0957 g_grad_abs=857.8897 d_grad_abs=628.2845 synth_eps=0.0264 synth_eps_raw=0.0264 synth_x0_hit=0.0000 synth_total=0.0264 extra_render_attn_share=0.5540
[step 73750] real_p1_mirror_hole_cov=0.1552 real_p1_eps=0.1982 real_p1_hole_frac=0.3741 real_p2_eps=0.1369 real_p2_hit=0.0000 real_total=0.3351 synth_eps=0.1304 synth_eps_raw=0.1304 synth_x0_hit=0.0000 synth_total=0.1304 extra_render_attn_share=0.5540
[step 73800] real_p1_mirror_hole_cov=0.0907 real_p1_eps=0.0159 real_p1_hole_frac=0.3721 real_p2_eps=0.4472 real_p2_hit=1.0000 real_p2_t=54.0000 real_p2_ldif=0.0249 real_p2_gen_adv=-0.9024 real_p2_lfm=0.0021 real_total=0.4018 discr_adv=0.9947 p2_d_real=0.9132 p2_d_fake=0.9024 g_grad_abs=1213.4373 d_grad_abs=100.4036 synth_eps=0.0029 synth_eps_raw=0.0029 synth_x0_hit=0.0000 synth_total=0.0029 extra_render_attn_share=0.5540
[step 73850] real_p1_mirror_hole_cov=0.0498 real_p1_eps=0.1432 real_p1_hole_frac=0.5090 real_p2_eps=0.0203 real_p2_hit=0.0000 real_total=0.1634 discr_adv=0.9926 x0_d_real=-0.0968 x0_d_fake=-0.1115 g_grad_abs=744.0434 d_grad_abs=59.2560 synth_eps=0.0375 synth_eps_raw=0.0375 synth_x0_hit=0.0000 synth_total=0.0375 extra_render_attn_share=0.5540
[step 73900] real_p1_mirror_hole_cov=0.2048 real_p1_eps=0.0166 real_p1_hole_frac=0.1188 real_p2_eps=0.1651 real_p2_hit=1.0000 real_p2_t=190.0000 real_p2_ldif=0.0496 real_p2_gen_adv=-0.1971 real_p2_lfm=0.0038 real_total=0.2192 discr_adv=1.8553 x0_d_real=-0.1581 x0_d_fake=-0.4108 p2_d_real=0.2337 p2_d_fake=0.1971 g_grad_abs=1094.7158 d_grad_abs=536.2239 synth_eps=0.0679 synth_eps_raw=0.0679 synth_x0_hit=0.0000 synth_total=0.0679 extra_render_attn_share=0.5540
[step 73950] real_p1_mirror_hole_cov=0.0056 real_p1_eps=0.2619 real_p1_hole_frac=0.3029 real_p2_eps=0.0024 real_p2_hit=0.0000 real_total=0.2643 discr_adv=0.9590 x0_d_real=-0.1967 x0_d_fake=-0.2788 g_grad_abs=1064.6198 d_grad_abs=171.0281 synth_eps=0.3704 synth_eps_raw=0.3704 synth_x0_hit=1.0000 synth_x0_t=112.0000 synth_x0_ldif=0.0510 synth_x0_gen_adv=-0.3151 synth_x0_lfm=0.0038 synth_total=0.3973 extra_render_attn_share=0.5540
[val step 73999] val_novel_full=0.0394 val_novel_hole=0.0420 val_novel_visible=0.0389
[step 74000] real_p1_mirror_hole_cov=0.0152 real_p1_eps=0.0479 real_p1_hole_frac=0.1868 real_p2_eps=0.0008 real_p2_hit=0.0000 real_total=0.0487 discr_adv=1.0060 x0_d_real=0.0266 x0_d_fake=0.0387 g_grad_abs=381.4488 d_grad_abs=159.1827 synth_eps=0.3866 synth_eps_raw=0.3866 synth_x0_hit=1.0000 synth_x0_t=131.0000 synth_x0_ldif=0.0661 synth_x0_gen_adv=-0.5671 synth_x0_lfm=0.0058 synth_total=0.4075 extra_render_attn_share=0.5489
[images] real: anchor | cond1 | cond2 | inv_warp_mirror | mask | mask_inv | warp_img | warp_warp_img | x | y_hat | y_hat_novel -> /home/xzy/warpgan-diffusiong-inpainting/warpgan-diffusion-inpainting-main/experiments/train_inpainting_diffusion/[20260915-085455]_v19_w6b_300k/logs/images/train/real_step0074000.png
[images] synth: cond | mask | target | warp_img | x | y_hat_novel -> /home/xzy/warpgan-diffusiong-inpainting/warpgan-diffusion-inpainting-main/experiments/train_inpainting_diffusion/[20260915-085455]_v19_w6b_300k/logs/images/train/synth_step0074000.png
[step 74050] real_p1_mirror_hole_cov=0.1501 real_p1_eps=0.0022 real_p1_hole_frac=0.4031 real_p2_eps=0.0677 real_p2_hit=0.0000 real_total=0.0699 synth_eps=0.0169 synth_eps_raw=0.0169 synth_x0_hit=0.0000 synth_total=0.0169 extra_render_attn_share=0.5489
[step 74100] real_p1_mirror_hole_cov=0.0931 real_p1_eps=0.0379 real_p1_hole_frac=0.2548 real_p2_eps=0.1048 real_p2_hit=0.0000 real_total=0.1428 synth_eps=0.0029 synth_eps_raw=0.0029 synth_x0_hit=0.0000 synth_total=0.0029 extra_render_attn_share=0.5489
[step 74150] real_p1_mirror_hole_cov=0.0333 real_p1_eps=0.0036 real_p1_hole_frac=0.4039 real_p2_eps=0.0352 real_p2_hit=0.0000 real_total=0.0388 synth_eps=0.0981 synth_eps_raw=0.0981 synth_x0_hit=0.0000 synth_total=0.0981 extra_render_attn_share=0.5489
[step 74200] real_p1_mirror_hole_cov=0.2079 real_p1_eps=0.2048 real_p1_hole_frac=0.5268 real_p2_eps=0.3210 real_p2_hit=1.0000 real_p2_t=155.0000 real_p2_ldif=0.0701 real_p2_gen_adv=-0.3498 real_p2_lfm=0.0057 real_total=0.5723 discr_adv=0.9263 p2_d_real=0.4973 p2_d_fake=0.3498 g_grad_abs=1647.9176 d_grad_abs=401.7424 synth_eps=0.1158 synth_eps_raw=0.1158 synth_x0_hit=0.0000 synth_total=0.1158 extra_render_attn_share=0.5489
[step 74250] real_p1_mirror_hole_cov=0.1538 real_p1_eps=0.1246 real_p1_hole_frac=0.0823 real_p2_eps=0.0977 real_p2_hit=1.0000 real_p2_t=281.0000 real_p2_ldif=0.0593 real_p2_gen_adv=0.1810 real_p2_lfm=0.0047 real_total=0.3092 discr_adv=1.1128 p2_d_real=-0.4067 p2_d_fake=-0.1810 g_grad_abs=1329.7543 d_grad_abs=909.6827 synth_eps=0.1239 synth_eps_raw=0.1239 synth_x0_hit=0.0000 synth_total=0.1239 extra_render_attn_share=0.5489
[step 74300] real_p1_mirror_hole_cov=0.1153 real_p1_eps=0.0821 real_p1_hole_frac=0.0245 real_p2_eps=0.0118 real_p2_hit=0.0000 real_total=0.0939 discr_adv=0.8983 x0_d_real=-0.2525 x0_d_fake=-0.4559 g_grad_abs=549.5564 d_grad_abs=673.8274 synth_eps=0.0819 synth_eps_raw=0.0819 synth_x0_hit=0.0000 synth_total=0.0819 extra_render_attn_share=0.5489
[step 74350] real_p1_mirror_hole_cov=0.0141 real_p1_eps=0.1864 real_p1_hole_frac=0.1152 real_p2_eps=0.0045 real_p2_hit=0.0000 real_total=0.1910 synth_eps=0.0289 synth_eps_raw=0.0289 synth_x0_hit=0.0000 synth_total=0.0289 extra_render_attn_share=0.5489
[step 74400] real_p1_mirror_hole_cov=0.0013 real_p1_eps=0.0336 real_p1_hole_frac=0.1061 real_p2_eps=0.0019 real_p2_hit=0.0000 real_total=0.0356 synth_eps=0.2242 synth_eps_raw=0.2242 synth_x0_hit=1.0000 synth_x0_t=170.0000 synth_x0_ldif=0.0564 synth_x0_gen_adv=0.3636 synth_x0_lfm=0.0047 synth_total=0.3263 extra_render_attn_share=0.5489
[step 74450] real_p1_mirror_hole_cov=0.0459 real_p1_eps=0.0131 real_p1_hole_frac=0.2624 real_p2_eps=0.1803 real_p2_hit=1.0000 real_p2_t=207.0000 real_p2_ldif=0.0624 real_p2_gen_adv=-0.0942 real_p2_lfm=0.0049 real_total=0.2562 discr_adv=1.9890 x0_d_real=-0.0987 x0_d_fake=-0.1796 p2_d_real=0.0352 p2_d_fake=0.0942 g_grad_abs=1467.4369 d_grad_abs=576.3170 synth_eps=0.0482 synth_eps_raw=0.0482 synth_x0_hit=0.0000 synth_total=0.0482 extra_render_attn_share=0.5489
[step 74500] real_p1_mirror_hole_cov=0.0172 real_p1_eps=0.0076 real_p1_hole_frac=0.3723 real_p2_eps=0.0087 real_p2_hit=0.0000 real_total=0.0163 synth_eps=0.0060 synth_eps_raw=0.0060 synth_x0_hit=0.0000 synth_total=0.0060 extra_render_attn_share=0.5489
[images] real: anchor | cond1 | cond2 | inv_warp_mirror | mask | mask_inv | warp_img | warp_warp_img | x | y_hat | y_hat_novel -> /home/xzy/warpgan-diffusiong-inpainting/warpgan-diffusion-inpainting-main/experiments/train_inpainting_diffusion/[20260915-085455]_v19_w6b_300k/logs/images/train/real_step0074500.png
[images] synth: cond | mask | target | warp_img | x | y_hat_novel -> /home/xzy/warpgan-diffusiong-inpainting/warpgan-diffusion-inpainting-main/experiments/train_inpainting_diffusion/[20260915-085455]_v19_w6b_300k/logs/images/train/synth_step0074500.png
[step 74550] real_p1_mirror_hole_cov=0.0980 real_p1_eps=0.0493 real_p1_hole_frac=0.2858 real_p2_eps=0.2134 real_p2_hit=1.0000 real_p2_t=274.0000 real_p2_ldif=0.1231 real_p2_gen_adv=-0.1284 real_p2_lfm=0.0055 real_total=0.3839 discr_adv=1.9543 x0_d_real=-0.3335 x0_d_fake=-0.3443 p2_d_real=0.2088 p2_d_fake=0.1284 g_grad_abs=1463.7583 d_grad_abs=392.8865 synth_eps=0.2720 synth_eps_raw=0.2720 synth_x0_hit=1.0000 synth_x0_t=157.0000 synth_x0_ldif=0.0606 synth_x0_gen_adv=0.4868 synth_x0_lfm=0.0065 synth_total=0.3943 extra_render_attn_share=0.5489
[step 74600] real_p1_mirror_hole_cov=0.0507 real_p1_eps=0.1113 real_p1_hole_frac=0.3739 real_p2_eps=0.1657 real_p2_hit=1.0000 real_p2_t=269.0000 real_p2_ldif=0.0922 real_p2_gen_adv=-0.3963 real_p2_lfm=0.0059 real_total=0.3414 discr_adv=1.0026 p2_d_real=0.3911 p2_d_fake=0.3963 g_grad_abs=1524.2168 d_grad_abs=112.3016 synth_eps=0.0780 synth_eps_raw=0.0780 synth_x0_hit=0.0000 synth_total=0.0780 extra_render_attn_share=0.5489
[step 74650] real_p1_mirror_hole_cov=0.1473 real_p1_eps=0.0336 real_p1_hole_frac=0.4359 real_p2_eps=0.0334 real_p2_hit=0.0000 real_total=0.0670 synth_eps=0.0738 synth_eps_raw=0.0738 synth_x0_hit=0.0000 synth_total=0.0738 extra_render_attn_share=0.5489
[step 74700] real_p1_mirror_hole_cov=0.0411 real_p1_eps=0.1214 real_p1_hole_frac=0.1276 real_p2_eps=0.2302 real_p2_hit=1.0000 real_p2_t=118.0000 real_p2_ldif=0.0340 real_p2_gen_adv=-0.1261 real_p2_lfm=0.0033 real_total=0.3796 discr_adv=2.0001 x0_d_real=0.3152 x0_d_fake=0.2277 p2_d_real=0.0384 p2_d_fake=0.1261 g_grad_abs=1492.9253 d_grad_abs=346.4184 synth_eps=0.0724 synth_eps_raw=0.0724 synth_x0_hit=0.0000 synth_total=0.0724 extra_render_attn_share=0.5489
[step 74750] real_p1_mirror_hole_cov=0.0185 real_p1_eps=0.1021 real_p1_hole_frac=0.2548 real_p2_eps=0.0885 real_p2_hit=1.0000 real_p2_t=300.0000 real_p2_ldif=0.0614 real_p2_gen_adv=-0.1601 real_p2_lfm=0.0056 real_total=0.2472 discr_adv=1.0004 p2_d_real=0.1594 p2_d_fake=0.1601 g_grad_abs=2318.5789 d_grad_abs=192.1957 synth_eps=0.5129 synth_eps_raw=0.5129 synth_x0_hit=1.0000 synth_x0_t=51.0000 synth_x0_ldif=0.0267 synth_x0_gen_adv=0.2367 synth_x0_lfm=0.0026 synth_total=0.5685 extra_render_attn_share=0.5489
[step 74800] real_p1_mirror_hole_cov=0.0565 real_p1_eps=0.0225 real_p1_hole_frac=0.3581 real_p2_eps=0.0938 real_p2_hit=0.0000 real_total=0.1163 synth_eps=0.2173 synth_eps_raw=0.2173 synth_x0_hit=1.0000 synth_x0_t=239.0000 synth_x0_ldif=0.0968 synth_x0_gen_adv=-0.4599 synth_x0_lfm=0.0075 synth_total=0.2830 extra_render_attn_share=0.5489
[step 74850] real_p1_mirror_hole_cov=0.1631 real_p1_eps=0.1594 real_p1_hole_frac=0.3982 real_p2_eps=0.1153 real_p2_hit=0.0000 real_total=0.2747 discr_adv=0.9638 x0_d_real=-0.0392 x0_d_fake=-0.1116 g_grad_abs=1031.8281 d_grad_abs=180.8117 synth_eps=0.0170 synth_eps_raw=0.0170 synth_x0_hit=0.0000 synth_total=0.0170 extra_render_attn_share=0.5489
[step 74900] real_p1_mirror_hole_cov=0.0743 real_p1_eps=0.0086 real_p1_hole_frac=0.4057 real_p2_eps=0.0064 real_p2_hit=0.0000 real_total=0.0150 synth_eps=0.1006 synth_eps_raw=0.1006 synth_x0_hit=0.0000 synth_total=0.1006 extra_render_attn_share=0.5489
[step 74950] real_p1_mirror_hole_cov=0.4877 real_p1_eps=0.4438 real_p1_hole_frac=0.5452 real_p2_eps=0.1093 real_p2_hit=0.0000 real_total=0.5532 synth_eps=0.0180 synth_eps_raw=0.0180 synth_x0_hit=0.0000 synth_total=0.0180 extra_render_attn_share=0.5489
[step 75000] real_p1_mirror_hole_cov=0.0346 real_p1_eps=0.0009 real_p1_hole_frac=0.0926 real_p2_eps=0.0022 real_p2_hit=0.0000 real_total=0.0031 synth_eps=0.0454 synth_eps_raw=0.0454 synth_x0_hit=0.0000 synth_total=0.0454 extra_render_attn_share=0.5489
[images] real: anchor | cond1 | cond2 | inv_warp_mirror | mask | mask_inv | warp_img | warp_warp_img | x | y_hat | y_hat_novel -> /home/xzy/warpgan-diffusiong-inpainting/warpgan-diffusion-inpainting-main/experiments/train_inpainting_diffusion/[20260915-085455]_v19_w6b_300k/logs/images/train/real_step0075000.png
[images] synth: cond | mask | target | warp_img | x | y_hat_novel -> /home/xzy/warpgan-diffusiong-inpainting/warpgan-diffusion-inpainting-main/experiments/train_inpainting_diffusion/[20260915-085455]_v19_w6b_300k/logs/images/train/synth_step0075000.png
[step 75050] real_p1_mirror_hole_cov=0.0133 real_p1_eps=0.5004 real_p1_hole_frac=0.3964 real_p2_eps=0.0125 real_p2_hit=0.0000 real_total=0.5130 discr_adv=0.9855 x0_d_real=-0.5442 x0_d_fake=-0.5753 g_grad_abs=1462.4264 d_grad_abs=183.0938 synth_eps=0.0112 synth_eps_raw=0.0112 synth_x0_hit=0.0000 synth_total=0.0112 extra_render_attn_share=0.5489
[step 75100] real_p1_mirror_hole_cov=0.0799 real_p1_eps=0.0297 real_p1_hole_frac=0.3800 real_p2_eps=0.0807 real_p2_hit=0.0000 real_total=0.1104 synth_eps=0.2006 synth_eps_raw=0.2006 synth_x0_hit=1.0000 synth_x0_t=243.0000 synth_x0_ldif=0.0921 synth_x0_gen_adv=0.7415 synth_x0_lfm=0.0064 synth_total=0.3796 extra_render_attn_share=0.5489
[step 75150] real_p1_mirror_hole_cov=0.2249 real_p1_eps=0.0560 real_p1_hole_frac=0.2417 real_p2_eps=0.0029 real_p2_hit=0.0000 real_total=0.0589 synth_eps=0.0256 synth_eps_raw=0.0256 synth_x0_hit=0.0000 synth_total=0.0256 extra_render_attn_share=0.5489
[step 75200] real_p1_mirror_hole_cov=0.1130 real_p1_eps=0.1337 real_p1_hole_frac=0.2599 real_p2_eps=0.0177 real_p2_hit=0.0000 real_total=0.1514 synth_eps=0.1468 synth_eps_raw=0.1468 synth_x0_hit=0.0000 synth_total=0.1468 extra_render_attn_share=0.5489
[step 75250] real_p1_mirror_hole_cov=0.0620 real_p1_eps=0.0120 real_p1_hole_frac=0.1465 real_p2_eps=0.0229 real_p2_hit=0.0000 real_total=0.0350 synth_eps=0.2097 synth_eps_raw=0.2097 synth_x0_hit=1.0000 synth_x0_t=244.0000 synth_x0_ldif=0.0971 synth_x0_gen_adv=-0.0604 synth_x0_lfm=0.0064 synth_total=0.3135 extra_render_attn_share=0.5489
[step 75300] real_p1_mirror_hole_cov=0.0321 real_p1_eps=0.0121 real_p1_hole_frac=0.0529 real_p2_eps=0.0201 real_p2_hit=0.0000 real_total=0.0323 synth_eps=0.0020 synth_eps_raw=0.0020 synth_x0_hit=0.0000 synth_total=0.0020 extra_render_attn_share=0.5489
[step 75350] real_p1_mirror_hole_cov=0.0583 real_p1_eps=0.0154 real_p1_hole_frac=0.2020 real_p2_eps=0.0764 real_p2_hit=0.0000 real_total=0.0917 discr_adv=0.9857 x0_d_real=-0.8291 x0_d_fake=-0.8817 g_grad_abs=539.1835 d_grad_abs=613.7332 synth_eps=0.0017 synth_eps_raw=0.0017 synth_x0_hit=0.0000 synth_total=0.0017 extra_render_attn_share=0.5489
[step 75400] real_p1_mirror_hole_cov=0.2834 real_p1_eps=0.1482 real_p1_hole_frac=0.6136 real_p2_eps=0.0032 real_p2_hit=0.0000 real_total=0.1514 synth_eps=0.5630 synth_eps_raw=0.5630 synth_x0_hit=1.0000 synth_x0_t=44.0000 synth_x0_ldif=0.0248 synth_x0_gen_adv=-0.1869 synth_x0_lfm=0.0026 synth_total=0.5742 extra_render_attn_share=0.5489
[step 75450] real_p1_mirror_hole_cov=0.0240 real_p1_eps=0.1628 real_p1_hole_frac=0.4632 real_p2_eps=0.0330 real_p2_hit=0.0000 real_total=0.1958 synth_eps=0.8641 synth_eps_raw=0.8641 synth_x0_hit=1.0000 synth_x0_t=3.0000 synth_x0_ldif=0.0030 synth_x0_gen_adv=-0.7890 synth_x0_lfm=0.0005 synth_total=0.7892 extra_render_attn_share=0.5489
[step 75500] real_p1_mirror_hole_cov=0.0886 real_p1_eps=0.0042 real_p1_hole_frac=0.3888 real_p2_eps=0.0028 real_p2_hit=0.0000 real_total=0.0070 synth_eps=0.0165 synth_eps_raw=0.0165 synth_x0_hit=0.0000 synth_total=0.0165 extra_render_attn_share=0.5489
[images] real: anchor | cond1 | cond2 | inv_warp_mirror | mask | mask_inv | warp_img | warp_warp_img | x | y_hat | y_hat_novel -> /home/xzy/warpgan-diffusiong-inpainting/warpgan-diffusion-inpainting-main/experiments/train_inpainting_diffusion/[20260915-085455]_v19_w6b_300k/logs/images/train/real_step0075500.png
[images] synth: cond | mask | target | warp_img | x | y_hat_novel -> /home/xzy/warpgan-diffusiong-inpainting/warpgan-diffusion-inpainting-main/experiments/train_inpainting_diffusion/[20260915-085455]_v19_w6b_300k/logs/images/train/synth_step0075500.png
[step 75550] real_p1_mirror_hole_cov=0.0014 real_p1_eps=0.0014 real_p1_hole_frac=0.1375 real_p2_eps=0.0031 real_p2_hit=0.0000 real_total=0.0045 synth_eps=0.3374 synth_eps_raw=0.3374 synth_x0_hit=1.0000 synth_x0_t=134.0000 synth_x0_ldif=0.0595 synth_x0_gen_adv=-0.5193 synth_x0_lfm=0.0046 synth_total=0.3541 extra_render_attn_share=0.5489
[step 75600] real_p1_mirror_hole_cov=0.0362 real_p1_eps=0.0292 real_p1_hole_frac=0.4576 real_p2_eps=0.1071 real_p2_hit=0.0000 real_total=0.1363 discr_adv=0.9752 x0_d_real=0.0806 x0_d_fake=0.0311 g_grad_abs=530.9939 d_grad_abs=189.8477 synth_eps=0.6180 synth_eps_raw=0.6180 synth_x0_hit=1.0000 synth_x0_t=34.0000 synth_x0_ldif=0.0205 synth_x0_gen_adv=-0.1983 synth_x0_lfm=0.0015 synth_total=0.6217 extra_render_attn_share=0.5489
[step 75650] real_p1_mirror_hole_cov=0.0071 real_p1_eps=0.1226 real_p1_hole_frac=0.3537 real_p2_eps=0.0224 real_p2_hit=0.0000 real_total=0.1450 discr_adv=0.9513 x0_d_real=-0.0209 x0_d_fake=-0.1182 g_grad_abs=865.1425 d_grad_abs=1730.4990 synth_eps=0.0229 synth_eps_raw=0.0229 synth_x0_hit=0.0000 synth_total=0.0229 extra_render_attn_share=0.5489
[step 75700] real_p1_mirror_hole_cov=0.1648 real_p1_eps=0.1223 real_p1_hole_frac=0.3713 real_p2_eps=0.0448 real_p2_hit=0.0000 real_total=0.1671 synth_eps=0.0886 synth_eps_raw=0.0886 synth_x0_hit=0.0000 synth_total=0.0886 extra_render_attn_share=0.5489
[step 75750] real_p1_mirror_hole_cov=0.0570 real_p1_eps=0.0561 real_p1_hole_frac=0.1505 real_p2_eps=0.1027 real_p2_hit=1.0000 real_p2_t=253.0000 real_p2_ldif=0.0509 real_p2_gen_adv=-0.9297 real_p2_lfm=0.0043 real_total=0.1253 discr_adv=1.9988 x0_d_real=0.9485 x0_d_fake=0.9465 p2_d_real=0.9328 p2_d_fake=0.9297 g_grad_abs=1205.4162 d_grad_abs=66.8490 synth_eps=0.2370 synth_eps_raw=0.2370 synth_x0_hit=1.0000 synth_x0_t=226.0000 synth_x0_ldif=0.0955 synth_x0_gen_adv=-0.9083 synth_x0_lfm=0.0063 synth_total=0.2544 extra_render_attn_share=0.5489
[step 75800] real_p1_mirror_hole_cov=0.0158 real_p1_eps=0.0489 real_p1_hole_frac=0.1826 real_p2_eps=0.0030 real_p2_hit=0.0000 real_total=0.0519 synth_eps=0.1852 synth_eps_raw=0.1852 synth_x0_hit=1.0000 synth_x0_t=232.0000 synth_x0_ldif=0.0782 synth_x0_gen_adv=-0.7673 synth_x0_lfm=0.0057 synth_total=0.1982 extra_render_attn_share=0.5489
[step 75850] real_p1_mirror_hole_cov=0.1324 real_p1_eps=0.0025 real_p1_hole_frac=0.0844 real_p2_eps=0.0882 real_p2_hit=1.0000 real_p2_t=260.0000 real_p2_ldif=0.0460 real_p2_gen_adv=0.2133 real_p2_lfm=0.0052 real_total=0.1685 discr_adv=1.1141 p2_d_real=-0.4414 p2_d_fake=-0.2133 g_grad_abs=1320.7628 d_grad_abs=500.9559 synth_eps=0.4326 synth_eps_raw=0.4326 synth_x0_hit=1.0000 synth_x0_t=72.0000 synth_x0_ldif=0.0338 synth_x0_gen_adv=0.9558 synth_x0_lfm=0.0040 synth_total=0.5701 extra_render_attn_share=0.5489
[step 75900] real_p1_mirror_hole_cov=0.1274 real_p1_eps=0.0014 real_p1_hole_frac=0.1996 real_p2_eps=0.0468 real_p2_hit=0.0000 real_total=0.0482 synth_eps=0.0016 synth_eps_raw=0.0016 synth_x0_hit=0.0000 synth_total=0.0016 extra_render_attn_share=0.5489
[step 75950] real_p1_mirror_hole_cov=0.2525 real_p1_eps=0.0130 real_p1_hole_frac=0.4398 real_p2_eps=0.0676 real_p2_hit=0.0000 real_total=0.0805 synth_eps=0.0031 synth_eps_raw=0.0031 synth_x0_hit=0.0000 synth_total=0.0031 extra_render_attn_share=0.5489
[val step 75999] val_novel_full=0.1002 val_novel_hole=0.1037 val_novel_visible=0.0958
[step 76000] real_p1_mirror_hole_cov=0.3206 real_p1_eps=0.0011 real_p1_hole_frac=0.2790 real_p2_eps=0.1613 real_p2_hit=1.0000 real_p2_t=255.0000 real_p2_ldif=0.0810 real_p2_gen_adv=-0.7363 real_p2_lfm=0.0055 real_total=0.1808 discr_adv=0.9617 p2_d_real=0.8128 p2_d_fake=0.7363 g_grad_abs=1379.5279 d_grad_abs=396.1688 synth_eps=0.4898 synth_eps_raw=0.4898 synth_x0_hit=1.0000 synth_x0_t=65.0000 synth_x0_ldif=0.0338 synth_x0_gen_adv=-0.7315 synth_x0_lfm=0.0023 synth_total=0.4551 extra_render_attn_share=0.5488
[images] real: anchor | cond1 | cond2 | inv_warp_mirror | mask | mask_inv | warp_img | warp_warp_img | x | y_hat | y_hat_novel -> /home/xzy/warpgan-diffusiong-inpainting/warpgan-diffusion-inpainting-main/experiments/train_inpainting_diffusion/[20260915-085455]_v19_w6b_300k/logs/images/train/real_step0076000.png
[images] synth: cond | mask | target | warp_img | x | y_hat_novel -> /home/xzy/warpgan-diffusiong-inpainting/warpgan-diffusion-inpainting-main/experiments/train_inpainting_diffusion/[20260915-085455]_v19_w6b_300k/logs/images/train/synth_step0076000.png
[step 76050] real_p1_mirror_hole_cov=0.0030 real_p1_eps=0.0030 real_p1_hole_frac=0.2108 real_p2_eps=0.2709 real_p2_hit=1.0000 real_p2_t=103.0000 real_p2_ldif=0.0333 real_p2_gen_adv=-0.6368 real_p2_lfm=0.0036 real_total=0.2506 discr_adv=2.0630 x0_d_real=0.0517 x0_d_fake=0.0632 p2_d_real=0.5223 p2_d_fake=0.6368 g_grad_abs=1176.6763 d_grad_abs=471.5481 synth_eps=0.0046 synth_eps_raw=0.0046 synth_x0_hit=0.0000 synth_total=0.0046 extra_render_attn_share=0.5488
[step 76100] real_p1_mirror_hole_cov=0.0094 real_p1_eps=0.0536 real_p1_hole_frac=0.3389 real_p2_eps=0.0058 real_p2_hit=0.0000 real_total=0.0593 synth_eps=0.1309 synth_eps_raw=0.1309 synth_x0_hit=0.0000 synth_total=0.1309 extra_render_attn_share=0.5488
[step 76150] real_p1_mirror_hole_cov=0.1076 real_p1_eps=0.0067 real_p1_hole_frac=0.1155 real_p2_eps=0.1715 real_p2_hit=1.0000 real_p2_t=166.0000 real_p2_ldif=0.0416 real_p2_gen_adv=0.0706 real_p2_lfm=0.0035 real_total=0.2338 discr_adv=1.0242 p2_d_real=-0.1190 p2_d_fake=-0.0706 g_grad_abs=989.7411 d_grad_abs=559.4499 synth_eps=0.0561 synth_eps_raw=0.0561 synth_x0_hit=0.0000 synth_total=0.0561 extra_render_attn_share=0.5488
[step 76200] real_p1_mirror_hole_cov=0.1655 real_p1_eps=0.0333 real_p1_hole_frac=0.0667 real_p2_eps=0.0346 real_p2_hit=0.0000 real_total=0.0678 synth_eps=0.2541 synth_eps_raw=0.2541 synth_x0_hit=1.0000 synth_x0_t=222.0000 synth_x0_ldif=0.0992 synth_x0_gen_adv=-0.1286 synth_x0_lfm=0.0076 synth_total=0.3557 extra_render_attn_share=0.5488
[step 76250] real_p1_mirror_hole_cov=0.0409 real_p1_eps=0.0652 real_p1_hole_frac=0.0975 real_p2_eps=0.0294 real_p2_hit=0.0000 real_total=0.0946 synth_eps=0.0492 synth_eps_raw=0.0492 synth_x0_hit=0.0000 synth_total=0.0492 extra_render_attn_share=0.5488
[step 76300] real_p1_mirror_hole_cov=0.0194 real_p1_eps=0.8279 real_p1_hole_frac=0.3189 real_p2_eps=0.2219 real_p2_hit=1.0000 real_p2_t=94.0000 real_p2_ldif=0.0242 real_p2_gen_adv=0.9244 real_p2_lfm=0.0031 real_total=1.1727 discr_adv=2.0245 x0_d_real=-0.0520 x0_d_fake=-0.0233 p2_d_real=-0.9420 p2_d_fake=-0.9244 g_grad_abs=1899.4548 d_grad_abs=312.3781 synth_eps=0.0245 synth_eps_raw=0.0245 synth_x0_hit=0.0000 synth_total=0.0245 extra_render_attn_share=0.5488
[step 76350] real_p1_mirror_hole_cov=0.0216 real_p1_eps=0.0006 real_p1_hole_frac=0.3394 real_p2_eps=0.0232 real_p2_hit=0.0000 real_total=0.0238 synth_eps=0.0012 synth_eps_raw=0.0012 synth_x0_hit=0.0000 synth_total=0.0012 extra_render_attn_share=0.5488
[step 76400] real_p1_mirror_hole_cov=0.1019 real_p1_eps=0.0009 real_p1_hole_frac=0.3497 real_p2_eps=0.0099 real_p2_hit=0.0000 real_total=0.0107 synth_eps=0.1814 synth_eps_raw=0.1814 synth_x0_hit=1.0000 synth_x0_t=251.0000 synth_x0_ldif=0.0886 synth_x0_gen_adv=0.2675 synth_x0_lfm=0.0047 synth_total=0.3062 extra_render_attn_share=0.5488
[step 76450] real_p1_mirror_hole_cov=0.1114 real_p1_eps=0.0524 real_p1_hole_frac=0.1744 real_p2_eps=0.0455 real_p2_hit=0.0000 real_total=0.0979 synth_eps=0.0021 synth_eps_raw=0.0021 synth_x0_hit=0.0000 synth_total=0.0021 extra_render_attn_share=0.5488
[step 76500] real_p1_mirror_hole_cov=0.0103 real_p1_eps=0.0474 real_p1_hole_frac=0.2664 real_p2_eps=0.1025 real_p2_hit=0.0000 real_total=0.1499 synth_eps=0.0636 synth_eps_raw=0.0636 synth_x0_hit=0.0000 synth_total=0.0636 extra_render_attn_share=0.5488
[images] real: anchor | cond1 | cond2 | inv_warp_mirror | mask | mask_inv | warp_img | warp_warp_img | x | y_hat | y_hat_novel -> /home/xzy/warpgan-diffusiong-inpainting/warpgan-diffusion-inpainting-main/experiments/train_inpainting_diffusion/[20260915-085455]_v19_w6b_300k/logs/images/train/real_step0076500.png
[images] synth: cond | mask | target | warp_img | x | y_hat_novel -> /home/xzy/warpgan-diffusiong-inpainting/warpgan-diffusion-inpainting-main/experiments/train_inpainting_diffusion/[20260915-085455]_v19_w6b_300k/logs/images/train/synth_step0076500.png
[step 76550] real_p1_mirror_hole_cov=0.3165 real_p1_eps=0.0617 real_p1_hole_frac=0.5393 real_p2_eps=0.0510 real_p2_hit=0.0000 real_total=0.1126 discr_adv=0.9574 x0_d_real=0.1957 x0_d_fake=0.1105 g_grad_abs=646.8340 d_grad_abs=799.0376 synth_eps=0.1395 synth_eps_raw=0.1395 synth_x0_hit=0.0000 synth_total=0.1395 extra_render_attn_share=0.5488
[step 76600] real_p1_mirror_hole_cov=0.3397 real_p1_eps=0.0043 real_p1_hole_frac=0.4143 real_p2_eps=0.0072 real_p2_hit=0.0000 real_total=0.0115 synth_eps=0.0250 synth_eps_raw=0.0250 synth_x0_hit=0.0000 synth_total=0.0250 extra_render_attn_share=0.5488
[step 76650] real_p1_mirror_hole_cov=0.0551 real_p1_eps=0.0042 real_p1_hole_frac=0.3042 real_p2_eps=0.4014 real_p2_hit=1.0000 real_p2_t=43.0000 real_p2_ldif=0.0172 real_p2_gen_adv=-0.8599 real_p2_lfm=0.0014 real_total=0.3397 discr_adv=1.7605 x0_d_real=0.5163 x0_d_fake=0.0445 p2_d_real=0.8736 p2_d_fake=0.8599 g_grad_abs=1306.3937 d_grad_abs=915.2214 synth_eps=0.1359 synth_eps_raw=0.1359 synth_x0_hit=0.0000 synth_total=0.1359 extra_render_attn_share=0.5488
[step 76700] real_p1_mirror_hole_cov=0.1897 real_p1_eps=0.1825 real_p1_hole_frac=0.3108 real_p2_eps=0.0189 real_p2_hit=0.0000 real_total=0.2014 synth_eps=0.0086 synth_eps_raw=0.0086 synth_x0_hit=0.0000 synth_total=0.0086 extra_render_attn_share=0.5488
[step 76750] real_p1_mirror_hole_cov=0.4027 real_p1_eps=0.0093 real_p1_hole_frac=0.5985 real_p2_eps=0.2546 real_p2_hit=1.0000 real_p2_t=215.0000 real_p2_ldif=0.0940 real_p2_gen_adv=-0.2721 real_p2_lfm=0.0048 real_total=0.3404 discr_adv=0.9021 p2_d_real=0.4678 p2_d_fake=0.2721 g_grad_abs=1289.4189 d_grad_abs=317.0579 synth_eps=0.0242 synth_eps_raw=0.0242 synth_x0_hit=0.0000 synth_total=0.0242 extra_render_attn_share=0.5488
[step 76800] real_p1_mirror_hole_cov=0.0114 real_p1_eps=0.1487 real_p1_hole_frac=0.0930 real_p2_eps=0.0046 real_p2_hit=0.0000 real_total=0.1533 synth_eps=0.0246 synth_eps_raw=0.0246 synth_x0_hit=0.0000 synth_total=0.0246 extra_render_attn_share=0.5488
[step 76850] real_p1_mirror_hole_cov=0.0189 real_p1_eps=0.0009 real_p1_hole_frac=0.6190 real_p2_eps=0.2915 real_p2_hit=1.0000 real_p2_t=207.0000 real_p2_ldif=0.1009 real_p2_gen_adv=-0.1966 real_p2_lfm=0.0058 real_total=0.3852 discr_adv=0.8640 p2_d_real=0.4697 p2_d_fake=0.1966 g_grad_abs=1061.4261 d_grad_abs=762.3481 synth_eps=0.0145 synth_eps_raw=0.0145 synth_x0_hit=0.0000 synth_total=0.0145 extra_render_attn_share=0.5488
[step 76900] real_p1_mirror_hole_cov=0.0128 real_p1_eps=0.5091 real_p1_hole_frac=0.1813 real_p2_eps=0.1675 real_p2_hit=1.0000 real_p2_t=215.0000 real_p2_ldif=0.0619 real_p2_gen_adv=-0.8167 real_p2_lfm=0.0040 real_total=0.6648 discr_adv=0.9943 p2_d_real=0.8390 p2_d_fake=0.8167 g_grad_abs=1999.2525 d_grad_abs=187.5137 synth_eps=0.2542 synth_eps_raw=0.2542 synth_x0_hit=1.0000 synth_x0_t=147.0000 synth_x0_ldif=0.0514 synth_x0_gen_adv=0.7270 synth_x0_lfm=0.0064 synth_total=0.3912 extra_render_attn_share=0.5488
[step 76950] real_p1_mirror_hole_cov=0.2215 real_p1_eps=0.3062 real_p1_hole_frac=0.4245 real_p2_eps=0.1954 real_p2_hit=1.0000 real_p2_t=230.0000 real_p2_ldif=0.0812 real_p2_gen_adv=-0.0538 real_p2_lfm=0.0060 real_total=0.5893 discr_adv=0.9204 p2_d_real=0.2130 p2_d_fake=0.0538 g_grad_abs=1847.5557 d_grad_abs=834.9333 synth_eps=0.0035 synth_eps_raw=0.0035 synth_x0_hit=0.0000 synth_total=0.0035 extra_render_attn_share=0.5488
[step 77000] real_p1_mirror_hole_cov=0.0111 real_p1_eps=0.0014 real_p1_hole_frac=0.1016 real_p2_eps=0.0717 real_p2_hit=0.0000 real_total=0.0732 synth_eps=0.0620 synth_eps_raw=0.0620 synth_x0_hit=0.0000 synth_total=0.0620 extra_render_attn_share=0.5488
[images] real: anchor | cond1 | cond2 | inv_warp_mirror | mask | mask_inv | warp_img | warp_warp_img | x | y_hat | y_hat_novel -> /home/xzy/warpgan-diffusiong-inpainting/warpgan-diffusion-inpainting-main/experiments/train_inpainting_diffusion/[20260915-085455]_v19_w6b_300k/logs/images/train/real_step0077000.png
[images] synth: cond | mask | target | warp_img | x | y_hat_novel -> /home/xzy/warpgan-diffusiong-inpainting/warpgan-diffusion-inpainting-main/experiments/train_inpainting_diffusion/[20260915-085455]_v19_w6b_300k/logs/images/train/synth_step0077000.png
[step 77050] real_p1_mirror_hole_cov=0.1575 real_p1_eps=0.3105 real_p1_hole_frac=0.1285 real_p2_eps=0.0085 real_p2_hit=0.0000 real_total=0.3189 synth_eps=0.1929 synth_eps_raw=0.1929 synth_x0_hit=1.0000 synth_x0_t=283.0000 synth_x0_ldif=0.1187 synth_x0_gen_adv=0.4970 synth_x0_lfm=0.0065 synth_total=0.3742 extra_render_attn_share=0.5488
[step 77100] real_p1_mirror_hole_cov=0.0592 real_p1_eps=0.0016 real_p1_hole_frac=0.3037 real_p2_eps=0.1374 real_p2_hit=0.0000 real_total=0.1391 synth_eps=0.4142 synth_eps_raw=0.4142 synth_x0_hit=1.0000 synth_x0_t=95.0000 synth_x0_ldif=0.0463 synth_x0_gen_adv=-0.5121 synth_x0_lfm=0.0043 synth_total=0.4178 extra_render_attn_share=0.5488
[step 77150] real_p1_mirror_hole_cov=0.1035 real_p1_eps=0.0172 real_p1_hole_frac=0.3090 real_p2_eps=0.1030 real_p2_hit=0.0000 real_total=0.1202 discr_adv=0.9832 x0_d_real=0.9558 x0_d_fake=0.9198 g_grad_abs=736.8799 d_grad_abs=297.7283 synth_eps=0.0025 synth_eps_raw=0.0025 synth_x0_hit=0.0000 synth_total=0.0025 extra_render_attn_share=0.5488
[step 77200] real_p1_mirror_hole_cov=0.0096 real_p1_eps=0.4354 real_p1_hole_frac=0.0573 real_p2_eps=0.0190 real_p2_hit=0.0000 real_total=0.4544 synth_eps=0.0396 synth_eps_raw=0.0396 synth_x0_hit=0.0000 synth_total=0.0396 extra_render_attn_share=0.5488
[step 77250] real_p1_mirror_hole_cov=0.0850 real_p1_eps=0.1339 real_p1_hole_frac=0.4237 real_p2_eps=0.1381 real_p2_hit=1.0000 real_p2_t=243.0000 real_p2_ldif=0.0634 real_p2_gen_adv=0.9311 real_p2_lfm=0.0043 real_total=0.4370 discr_adv=0.9900 p2_d_real=-0.8998 p2_d_fake=-0.9311 g_grad_abs=1534.0634 d_grad_abs=355.6043 synth_eps=0.0180 synth_eps_raw=0.0180 synth_x0_hit=0.0000 synth_total=0.0180 extra_render_attn_share=0.5488
[step 77300] real_p1_mirror_hole_cov=0.2127 real_p1_eps=0.2400 real_p1_hole_frac=0.3655 real_p2_eps=0.0433 real_p2_hit=0.0000 real_total=0.2833 discr_adv=0.9751 x0_d_real=0.0905 x0_d_fake=0.0407 g_grad_abs=1033.7858 d_grad_abs=147.1028 synth_eps=0.0258 synth_eps_raw=0.0258 synth_x0_hit=0.0000 synth_total=0.0258 extra_render_attn_share=0.5488
[step 77350] real_p1_mirror_hole_cov=0.0436 real_p1_eps=0.1471 real_p1_hole_frac=0.3517 real_p2_eps=0.0753 real_p2_hit=0.0000 real_total=0.2224 synth_eps=0.0025 synth_eps_raw=0.0025 synth_x0_hit=0.0000 synth_total=0.0025 extra_render_attn_share=0.5488
[step 77400] real_p1_mirror_hole_cov=0.1873 real_p1_eps=0.2054 real_p1_hole_frac=0.3438 real_p2_eps=0.1075 real_p2_hit=0.0000 real_total=0.3129 discr_adv=1.0112 x0_d_real=0.9476 x0_d_fake=0.9324 g_grad_abs=1022.6411 d_grad_abs=209.6998 synth_eps=0.0027 synth_eps_raw=0.0027 synth_x0_hit=0.0000 synth_total=0.0027 extra_render_attn_share=0.5488
[step 77450] real_p1_mirror_hole_cov=0.0249 real_p1_eps=0.3289 real_p1_hole_frac=0.4539 real_p2_eps=0.0213 real_p2_hit=0.0000 real_total=0.3502 synth_eps=0.0021 synth_eps_raw=0.0021 synth_x0_hit=0.0000 synth_total=0.0021 extra_render_attn_share=0.5488
[step 77500] real_p1_mirror_hole_cov=0.0940 real_p1_eps=0.0041 real_p1_hole_frac=0.2310 real_p2_eps=0.1397 real_p2_hit=1.0000 real_p2_t=221.0000 real_p2_ldif=0.0541 real_p2_gen_adv=0.8544 real_p2_lfm=0.0042 real_total=0.2917 discr_adv=0.9643 p2_d_real=-0.7826 p2_d_fake=-0.8544 g_grad_abs=1097.6236 d_grad_abs=689.2826 synth_eps=0.0047 synth_eps_raw=0.0047 synth_x0_hit=0.0000 synth_total=0.0047 extra_render_attn_share=0.5488
[images] real: anchor | cond1 | cond2 | inv_warp_mirror | mask | mask_inv | warp_img | warp_warp_img | x | y_hat | y_hat_novel -> /home/xzy/warpgan-diffusiong-inpainting/warpgan-diffusion-inpainting-main/experiments/train_inpainting_diffusion/[20260915-085455]_v19_w6b_300k/logs/images/train/real_step0077500.png
[images] synth: cond | mask | target | warp_img | x | y_hat_novel -> /home/xzy/warpgan-diffusiong-inpainting/warpgan-diffusion-inpainting-main/experiments/train_inpainting_diffusion/[20260915-085455]_v19_w6b_300k/logs/images/train/synth_step0077500.png
[step 77550] real_p1_mirror_hole_cov=0.1559 real_p1_eps=0.0434 real_p1_hole_frac=0.3727 real_p2_eps=0.0318 real_p2_hit=0.0000 real_total=0.0752 discr_adv=0.9109 x0_d_real=-0.4241 x0_d_fake=-0.6022 g_grad_abs=413.5813 d_grad_abs=366.3215 synth_eps=0.0356 synth_eps_raw=0.0356 synth_x0_hit=0.0000 synth_total=0.0356 extra_render_attn_share=0.5488
[step 77600] real_p1_mirror_hole_cov=0.0297 real_p1_eps=0.0284 real_p1_hole_frac=0.1897 real_p2_eps=0.3507 real_p2_hit=1.0000 real_p2_t=43.0000 real_p2_ldif=0.0151 real_p2_gen_adv=-0.0672 real_p2_lfm=0.0019 real_total=0.3912 discr_adv=0.9598 p2_d_real=0.1502 p2_d_fake=0.0672 g_grad_abs=1193.1847 d_grad_abs=1488.2175 synth_eps=0.0451 synth_eps_raw=0.0451 synth_x0_hit=0.0000 synth_total=0.0451 extra_render_attn_share=0.5488
[step 77650] real_p1_mirror_hole_cov=0.1730 real_p1_eps=0.0664 real_p1_hole_frac=0.3171 real_p2_eps=0.0210 real_p2_hit=0.0000 real_total=0.0875 synth_eps=0.0422 synth_eps_raw=0.0422 synth_x0_hit=0.0000 synth_total=0.0422 extra_render_attn_share=0.5488
[step 77700] real_p1_mirror_hole_cov=0.0376 real_p1_eps=0.0276 real_p1_hole_frac=0.2182 real_p2_eps=0.0215 real_p2_hit=0.0000 real_total=0.0491 discr_adv=0.9984 x0_d_real=0.0107 x0_d_fake=0.0067 g_grad_abs=384.1897 d_grad_abs=18.0574 synth_eps=0.2740 synth_eps_raw=0.2740 synth_x0_hit=1.0000 synth_x0_t=159.0000 synth_x0_ldif=0.0622 synth_x0_gen_adv=-0.0145 synth_x0_lfm=0.0055 synth_total=0.3457 extra_render_attn_share=0.5488
[step 77750] real_p1_mirror_hole_cov=0.0008 real_p1_eps=0.1441 real_p1_hole_frac=0.1193 real_p2_eps=0.0007 real_p2_hit=0.0000 real_total=0.1448 synth_eps=0.0270 synth_eps_raw=0.0270 synth_x0_hit=0.0000 synth_total=0.0270 extra_render_attn_share=0.5488
[step 77800] real_p1_mirror_hole_cov=0.0246 real_p1_eps=0.1478 real_p1_hole_frac=0.1975 real_p2_eps=0.0297 real_p2_hit=0.0000 real_total=0.1775 synth_eps=0.0016 synth_eps_raw=0.0016 synth_x0_hit=0.0000 synth_total=0.0016 extra_render_attn_share=0.5488
[step 77850] real_p1_mirror_hole_cov=0.0006 real_p1_eps=0.0015 real_p1_hole_frac=0.0332 real_p2_eps=0.0500 real_p2_hit=1.0000 real_p2_t=258.0000 real_p2_ldif=0.0257 real_p2_gen_adv=0.6743 real_p2_lfm=0.0032 real_total=0.1511 discr_adv=1.9648 x0_d_real=-0.7591 x0_d_fake=-0.8172 p2_d_real=-0.6619 p2_d_fake=-0.6743 g_grad_abs=584.1667 d_grad_abs=125.7095 synth_eps=0.0321 synth_eps_raw=0.0321 synth_x0_hit=0.0000 synth_total=0.0321 extra_render_attn_share=0.5488
[step 77900] real_p1_mirror_hole_cov=0.1786 real_p1_eps=0.0905 real_p1_hole_frac=0.1984 real_p2_eps=0.0023 real_p2_hit=0.0000 real_total=0.0929 synth_eps=0.1811 synth_eps_raw=0.1811 synth_x0_hit=1.0000 synth_x0_t=228.0000 synth_x0_ldif=0.0741 synth_x0_gen_adv=0.7669 synth_x0_lfm=0.0050 synth_total=0.3419 extra_render_attn_share=0.5488
[step 77950] real_p1_mirror_hole_cov=0.1982 real_p1_eps=0.1476 real_p1_hole_frac=0.3613 real_p2_eps=0.0657 real_p2_hit=0.0000 real_total=0.2132 discr_adv=0.9854 x0_d_real=-0.8945 x0_d_fake=-0.9466 g_grad_abs=895.4239 d_grad_abs=363.4471 synth_eps=0.2589 synth_eps_raw=0.2589 synth_x0_hit=1.0000 synth_x0_t=147.0000 synth_x0_ldif=0.0523 synth_x0_gen_adv=0.9440 synth_x0_lfm=0.0070 synth_total=0.4197 extra_render_attn_share=0.5488
[val step 77999] val_novel_full=0.0345 val_novel_hole=0.0437 val_novel_visible=0.0332
[step 78000] real_p1_mirror_hole_cov=0.0484 real_p1_eps=0.0018 real_p1_hole_frac=0.0644 real_p2_eps=0.0006 real_p2_hit=0.0000 real_total=0.0024 synth_eps=0.3782 synth_eps_raw=0.3782 synth_x0_hit=1.0000 synth_x0_t=117.0000 synth_x0_ldif=0.0552 synth_x0_gen_adv=0.2011 synth_x0_lfm=0.0041 synth_total=0.4618 extra_render_attn_share=0.5483
[images] real: anchor | cond1 | cond2 | inv_warp_mirror | mask | mask_inv | warp_img | warp_warp_img | x | y_hat | y_hat_novel -> /home/xzy/warpgan-diffusiong-inpainting/warpgan-diffusion-inpainting-main/experiments/train_inpainting_diffusion/[20260915-085455]_v19_w6b_300k/logs/images/train/real_step0078000.png
[images] synth: cond | mask | target | warp_img | x | y_hat_novel -> /home/xzy/warpgan-diffusiong-inpainting/warpgan-diffusion-inpainting-main/experiments/train_inpainting_diffusion/[20260915-085455]_v19_w6b_300k/logs/images/train/synth_step0078000.png
[step 78050] real_p1_mirror_hole_cov=0.0714 real_p1_eps=0.0050 real_p1_hole_frac=0.0847 real_p2_eps=0.0116 real_p2_hit=0.0000 real_total=0.0166 discr_adv=0.9924 x0_d_real=-0.8930 x0_d_fake=-0.9201 g_grad_abs=155.6742 d_grad_abs=422.0502 synth_eps=0.3039 synth_eps_raw=0.3039 synth_x0_hit=1.0000 synth_x0_t=205.0000 synth_x0_ldif=0.1035 synth_x0_gen_adv=0.6602 synth_x0_lfm=0.0067 synth_total=0.4869 extra_render_attn_share=0.5483
[step 78100] real_p1_mirror_hole_cov=0.2200 real_p1_eps=0.0037 real_p1_hole_frac=0.6514 real_p2_eps=0.1412 real_p2_hit=0.0000 real_total=0.1448 synth_eps=0.0210 synth_eps_raw=0.0210 synth_x0_hit=0.0000 synth_total=0.0210 extra_render_attn_share=0.5483
[step 78150] real_p1_mirror_hole_cov=0.0108 real_p1_eps=0.0071 real_p1_hole_frac=0.1265 real_p2_eps=0.0880 real_p2_hit=1.0000 real_p2_t=280.0000 real_p2_ldif=0.0530 real_p2_gen_adv=-0.1041 real_p2_lfm=0.0046 real_total=0.1469 discr_adv=1.1587 p2_d_real=-0.2134 p2_d_fake=0.1041 g_grad_abs=1322.9507 d_grad_abs=1492.5996 synth_eps=0.0201 synth_eps_raw=0.0201 synth_x0_hit=0.0000 synth_total=0.0201 extra_render_attn_share=0.5483
[step 78200] real_p1_mirror_hole_cov=0.0092 real_p1_eps=0.0009 real_p1_hole_frac=0.0872 real_p2_eps=0.0105 real_p2_hit=0.0000 real_total=0.0114 synth_eps=0.0112 synth_eps_raw=0.0112 synth_x0_hit=0.0000 synth_total=0.0112 extra_render_attn_share=0.5483
[step 78250] real_p1_mirror_hole_cov=0.0410 real_p1_eps=0.0025 real_p1_hole_frac=0.1102 real_p2_eps=0.0145 real_p2_hit=0.0000 real_total=0.0169 synth_eps=0.0855 synth_eps_raw=0.0855 synth_x0_hit=0.0000 synth_total=0.0855 extra_render_attn_share=0.5483
[step 78300] real_p1_mirror_hole_cov=0.0511 real_p1_eps=0.1064 real_p1_hole_frac=0.1560 real_p2_eps=0.0270 real_p2_hit=0.0000 real_total=0.1334 synth_eps=0.0391 synth_eps_raw=0.0391 synth_x0_hit=0.0000 synth_total=0.0391 extra_render_attn_share=0.5483
[step 78350] real_p1_mirror_hole_cov=0.0094 real_p1_eps=0.7516 real_p1_hole_frac=0.2108 real_p2_eps=0.0027 real_p2_hit=0.0000 real_total=0.7543 synth_eps=0.0085 synth_eps_raw=0.0085 synth_x0_hit=0.0000 synth_total=0.0085 extra_render_attn_share=0.5483
[step 78400] real_p1_mirror_hole_cov=0.0764 real_p1_eps=0.0064 real_p1_hole_frac=0.5113 real_p2_eps=0.2177 real_p2_hit=1.0000 real_p2_t=248.0000 real_p2_ldif=0.1038 real_p2_gen_adv=0.0712 real_p2_lfm=0.0065 real_total=0.3481 discr_adv=1.0410 p2_d_real=-0.1531 p2_d_fake=-0.0712 g_grad_abs=1450.7452 d_grad_abs=212.8307 synth_eps=0.2449 synth_eps_raw=0.2449 synth_x0_hit=1.0000 synth_x0_t=219.0000 synth_x0_ldif=0.0934 synth_x0_gen_adv=0.0815 synth_x0_lfm=0.0067 synth_total=0.3598 extra_render_attn_share=0.5483
[step 78450] real_p1_mirror_hole_cov=0.0148 real_p1_eps=0.0846 real_p1_hole_frac=0.1640 real_p2_eps=0.2429 real_p2_hit=1.0000 real_p2_t=84.0000 real_p2_ldif=0.0230 real_p2_gen_adv=-0.2116 real_p2_lfm=0.0029 real_total=0.3350 discr_adv=1.0010 p2_d_real=0.2097 p2_d_fake=0.2116 g_grad_abs=1130.5414 d_grad_abs=36.7514 synth_eps=0.3603 synth_eps_raw=0.3603 synth_x0_hit=1.0000 synth_x0_t=119.0000 synth_x0_ldif=0.0538 synth_x0_gen_adv=-0.0222 synth_x0_lfm=0.0048 synth_total=0.4216 extra_render_attn_share=0.5483
[step 78500] real_p1_mirror_hole_cov=0.0322 real_p1_eps=0.0510 real_p1_hole_frac=0.0654 real_p2_eps=0.1091 real_p2_hit=1.0000 real_p2_t=215.0000 real_p2_ldif=0.0403 real_p2_gen_adv=-0.5263 real_p2_lfm=0.0048 real_total=0.1574 discr_adv=1.3555 p2_d_real=-0.1847 p2_d_fake=0.5263 g_grad_abs=1324.9839 d_grad_abs=1817.1645 synth_eps=0.0017 synth_eps_raw=0.0017 synth_x0_hit=0.0000 synth_total=0.0017 extra_render_attn_share=0.5483
[images] real: anchor | cond1 | cond2 | inv_warp_mirror | mask | mask_inv | warp_img | warp_warp_img | x | y_hat | y_hat_novel -> /home/xzy/warpgan-diffusiong-inpainting/warpgan-diffusion-inpainting-main/experiments/train_inpainting_diffusion/[20260915-085455]_v19_w6b_300k/logs/images/train/real_step0078500.png
[images] synth: cond | mask | target | warp_img | x | y_hat_novel -> /home/xzy/warpgan-diffusiong-inpainting/warpgan-diffusion-inpainting-main/experiments/train_inpainting_diffusion/[20260915-085455]_v19_w6b_300k/logs/images/train/synth_step0078500.png
[step 78550] real_p1_mirror_hole_cov=0.0474 real_p1_eps=0.0008 real_p1_hole_frac=0.3290 real_p2_eps=0.0528 real_p2_hit=0.0000 real_total=0.0536 synth_eps=0.3710 synth_eps_raw=0.3710 synth_x0_hit=1.0000 synth_x0_t=56.0000 synth_x0_ldif=0.0215 synth_x0_gen_adv=0.4107 synth_x0_lfm=0.0026 synth_total=0.4387 extra_render_attn_share=0.5483
[step 78600] real_p1_mirror_hole_cov=0.0451 real_p1_eps=0.0008 real_p1_hole_frac=0.0557 real_p2_eps=0.1428 real_p2_hit=1.0000 real_p2_t=134.0000 real_p2_ldif=0.0252 real_p2_gen_adv=-0.2415 real_p2_lfm=0.0018 real_total=0.1481 discr_adv=1.8339 x0_d_real=0.1025 x0_d_fake=-0.3104 p2_d_real=0.1608 p2_d_fake=0.2415 g_grad_abs=890.4533 d_grad_abs=805.1963 synth_eps=0.4836 synth_eps_raw=0.4836 synth_x0_hit=1.0000 synth_x0_t=77.0000 synth_x0_ldif=0.0410 synth_x0_gen_adv=-0.1816 synth_x0_lfm=0.0038 synth_total=0.5141 extra_render_attn_share=0.5483
[step 78650] real_p1_mirror_hole_cov=0.0034 real_p1_eps=0.0658 real_p1_hole_frac=0.2609 real_p2_eps=0.1649 real_p2_hit=1.0000 real_p2_t=253.0000 real_p2_ldif=0.0820 real_p2_gen_adv=-0.3750 real_p2_lfm=0.0065 real_total=0.2883 discr_adv=1.4413 p2_d_real=-0.5076 p2_d_fake=0.3750 g_grad_abs=1686.0426 d_grad_abs=1791.8154 synth_eps=0.5809 synth_eps_raw=0.5809 synth_x0_hit=1.0000 synth_x0_t=48.0000 synth_x0_ldif=0.0282 synth_x0_gen_adv=-0.6433 synth_x0_lfm=0.0020 synth_total=0.5487 extra_render_attn_share=0.5483
[step 78700] real_p1_mirror_hole_cov=0.0624 real_p1_eps=0.2160 real_p1_hole_frac=0.3350 real_p2_eps=0.0312 real_p2_hit=0.0000 real_total=0.2471 discr_adv=0.9372 x0_d_real=0.5204 x0_d_fake=0.3949 g_grad_abs=1029.8471 d_grad_abs=384.6318 synth_eps=0.0727 synth_eps_raw=0.0727 synth_x0_hit=0.0000 synth_total=0.0727 extra_render_attn_share=0.5483
[step 78750] real_p1_mirror_hole_cov=0.0097 real_p1_eps=0.0492 real_p1_hole_frac=0.3536 real_p2_eps=0.0019 real_p2_hit=0.0000 real_total=0.0511 synth_eps=0.1572 synth_eps_raw=0.1572 synth_x0_hit=0.0000 synth_total=0.1572 extra_render_attn_share=0.5483
[step 78800] real_p1_mirror_hole_cov=0.0051 real_p1_eps=0.0440 real_p1_hole_frac=0.2968 real_p2_eps=0.0033 real_p2_hit=0.0000 real_total=0.0474 synth_eps=0.1536 synth_eps_raw=0.1536 synth_x0_hit=1.0000 synth_x0_t=287.0000 synth_x0_ldif=0.0972 synth_x0_gen_adv=0.3283 synth_x0_lfm=0.0047 synth_total=0.2930 extra_render_attn_share=0.5483
[step 78850] real_p1_mirror_hole_cov=0.3913 real_p1_eps=0.0287 real_p1_hole_frac=0.1696 real_p2_eps=0.3095 real_p2_hit=1.0000 real_p2_t=36.0000 real_p2_ldif=0.0109 real_p2_gen_adv=-0.7252 real_p2_lfm=0.0013 real_total=0.2792 discr_adv=1.9585 x0_d_real=0.7323 x0_d_fake=0.6868 p2_d_real=0.7627 p2_d_fake=0.7252 g_grad_abs=1031.7591 d_grad_abs=406.9893 synth_eps=0.5500 synth_eps_raw=0.5500 synth_x0_hit=1.0000 synth_x0_t=38.0000 synth_x0_ldif=0.0206 synth_x0_gen_adv=-0.6515 synth_x0_lfm=0.0021 synth_total=0.5098 extra_render_attn_share=0.5483
[step 78900] real_p1_mirror_hole_cov=0.0478 real_p1_eps=0.1797 real_p1_hole_frac=0.2060 real_p2_eps=0.0296 real_p2_hit=0.0000 real_total=0.2093 synth_eps=0.2446 synth_eps_raw=0.2446 synth_x0_hit=1.0000 synth_x0_t=198.0000 synth_x0_ldif=0.0786 synth_x0_gen_adv=-0.0563 synth_x0_lfm=0.0054 synth_total=0.3284 extra_render_attn_share=0.5483
[step 78950] real_p1_mirror_hole_cov=0.0005 real_p1_eps=0.0156 real_p1_hole_frac=0.0329 real_p2_eps=0.0074 real_p2_hit=0.0000 real_total=0.0230 synth_eps=0.1006 synth_eps_raw=0.1006 synth_x0_hit=0.0000 synth_total=0.1006 extra_render_attn_share=0.5483
[step 79000] real_p1_mirror_hole_cov=0.0288 real_p1_eps=0.0204 real_p1_hole_frac=0.1910 real_p2_eps=0.0077 real_p2_hit=0.0000 real_total=0.0281 synth_eps=0.1545 synth_eps_raw=0.1545 synth_x0_hit=1.0000 synth_x0_t=277.0000 synth_x0_ldif=0.0911 synth_x0_gen_adv=0.3604 synth_x0_lfm=0.0066 synth_total=0.2948 extra_render_attn_share=0.5483
[images] real: anchor | cond1 | cond2 | inv_warp_mirror | mask | mask_inv | warp_img | warp_warp_img | x | y_hat | y_hat_novel -> /home/xzy/warpgan-diffusiong-inpainting/warpgan-diffusion-inpainting-main/experiments/train_inpainting_diffusion/[20260915-085455]_v19_w6b_300k/logs/images/train/real_step0079000.png
[images] synth: cond | mask | target | warp_img | x | y_hat_novel -> /home/xzy/warpgan-diffusiong-inpainting/warpgan-diffusion-inpainting-main/experiments/train_inpainting_diffusion/[20260915-085455]_v19_w6b_300k/logs/images/train/synth_step0079000.png
[step 79050] real_p1_mirror_hole_cov=0.0286 real_p1_eps=0.1145 real_p1_hole_frac=0.1270 real_p2_eps=0.2492 real_p2_hit=1.0000 real_p2_t=85.0000 real_p2_ldif=0.0239 real_p2_gen_adv=-0.0065 real_p2_lfm=0.0021 real_total=0.3912 discr_adv=1.0110 p2_d_real=-0.0156 p2_d_fake=0.0065 g_grad_abs=1232.8664 d_grad_abs=70.2253 synth_eps=0.0151 synth_eps_raw=0.0151 synth_x0_hit=0.0000 synth_total=0.0151 extra_render_attn_share=0.5483
[step 79100] real_p1_mirror_hole_cov=0.0551 real_p1_eps=0.0997 real_p1_hole_frac=0.1358 real_p2_eps=0.0210 real_p2_hit=0.0000 real_total=0.1207 synth_eps=0.0100 synth_eps_raw=0.0100 synth_x0_hit=0.0000 synth_total=0.0100 extra_render_attn_share=0.5483
[step 79150] real_p1_mirror_hole_cov=0.1551 real_p1_eps=0.0018 real_p1_hole_frac=0.3946 real_p2_eps=0.2307 real_p2_hit=1.0000 real_p2_t=227.0000 real_p2_ldif=0.0937 real_p2_gen_adv=-0.1377 real_p2_lfm=0.0048 real_total=0.3221 discr_adv=0.9357 p2_d_real=0.2662 p2_d_fake=0.1377 g_grad_abs=1183.9547 d_grad_abs=243.9334 synth_eps=0.0079 synth_eps_raw=0.0079 synth_x0_hit=0.0000 synth_total=0.0079 extra_render_attn_share=0.5483
[step 79200] real_p1_mirror_hole_cov=0.0394 real_p1_eps=0.1787 real_p1_hole_frac=0.3334 real_p2_eps=0.0644 real_p2_hit=0.0000 real_total=0.2432 discr_adv=0.9429 x0_d_real=0.6856 x0_d_fake=0.5713 g_grad_abs=953.3833 d_grad_abs=468.5828 synth_eps=0.1300 synth_eps_raw=0.1300 synth_x0_hit=0.0000 synth_total=0.1300 extra_render_attn_share=0.5483
[step 79250] real_p1_mirror_hole_cov=0.0177 real_p1_eps=0.0105 real_p1_hole_frac=0.0402 real_p2_eps=0.0855 real_p2_hit=1.0000 real_p2_t=255.0000 real_p2_ldif=0.0430 real_p2_gen_adv=0.0169 real_p2_lfm=0.0046 real_total=0.1499 discr_adv=2.2944 x0_d_real=-0.3779 x0_d_fake=-0.3905 p2_d_real=-0.6183 p2_d_fake=-0.0169 g_grad_abs=861.1705 d_grad_abs=987.1732 synth_eps=0.5298 synth_eps_raw=0.5298 synth_x0_hit=1.0000 synth_x0_t=46.0000 synth_x0_ldif=0.0245 synth_x0_gen_adv=-0.0880 synth_x0_lfm=0.0029 synth_total=0.5513 extra_render_attn_share=0.5483
[step 79300] real_p1_mirror_hole_cov=0.0482 real_p1_eps=0.0109 real_p1_hole_frac=0.0418 real_p2_eps=0.0239 real_p2_hit=0.0000 real_total=0.0348 synth_eps=0.2958 synth_eps_raw=0.2958 synth_x0_hit=1.0000 synth_x0_t=146.0000 synth_x0_ldif=0.0591 synth_x0_gen_adv=-0.0599 synth_x0_lfm=0.0055 synth_total=0.3598 extra_render_attn_share=0.5483
[step 79350] real_p1_mirror_hole_cov=0.0227 real_p1_eps=0.0105 real_p1_hole_frac=0.0522 real_p2_eps=0.0035 real_p2_hit=0.0000 real_total=0.0140 discr_adv=0.9913 x0_d_real=0.7846 x0_d_fake=0.7672 g_grad_abs=197.1140 d_grad_abs=99.8372 synth_eps=0.0025 synth_eps_raw=0.0025 synth_x0_hit=0.0000 synth_total=0.0025 extra_render_attn_share=0.5483
[step 79400] real_p1_mirror_hole_cov=0.0450 real_p1_eps=0.0031 real_p1_hole_frac=0.5101 real_p2_eps=0.2169 real_p2_hit=1.0000 real_p2_t=256.0000 real_p2_ldif=0.1098 real_p2_gen_adv=-0.0040 real_p2_lfm=0.0058 real_total=0.3409 discr_adv=0.9945 p2_d_real=0.0151 p2_d_fake=0.0040 g_grad_abs=1410.4178 d_grad_abs=93.7800 synth_eps=0.3391 synth_eps_raw=0.3391 synth_x0_hit=1.0000 synth_x0_t=168.0000 synth_x0_ldif=0.0838 synth_x0_gen_adv=0.0006 synth_x0_lfm=0.0064 synth_total=0.4357 extra_render_attn_share=0.5483
[step 79450] real_p1_mirror_hole_cov=0.3957 real_p1_eps=0.1521 real_p1_hole_frac=0.3842 real_p2_eps=0.0181 real_p2_hit=0.0000 real_total=0.1702 discr_adv=0.9888 x0_d_real=0.0868 x0_d_fake=0.0643 g_grad_abs=769.6987 d_grad_abs=82.5358 synth_eps=0.0732 synth_eps_raw=0.0732 synth_x0_hit=0.0000 synth_total=0.0732 extra_render_attn_share=0.5483
[step 79500] real_p1_mirror_hole_cov=0.1255 real_p1_eps=0.0761 real_p1_hole_frac=0.5565 real_p2_eps=0.0048 real_p2_hit=0.0000 real_total=0.0808 synth_eps=0.0817 synth_eps_raw=0.0817 synth_x0_hit=0.0000 synth_total=0.0817 extra_render_attn_share=0.5483
[images] real: anchor | cond1 | cond2 | inv_warp_mirror | mask | mask_inv | warp_img | warp_warp_img | x | y_hat | y_hat_novel -> /home/xzy/warpgan-diffusiong-inpainting/warpgan-diffusion-inpainting-main/experiments/train_inpainting_diffusion/[20260915-085455]_v19_w6b_300k/logs/images/train/real_step0079500.png
[images] synth: cond | mask | target | warp_img | x | y_hat_novel -> /home/xzy/warpgan-diffusiong-inpainting/warpgan-diffusion-inpainting-main/experiments/train_inpainting_diffusion/[20260915-085455]_v19_w6b_300k/logs/images/train/synth_step0079500.png
[step 79550] real_p1_mirror_hole_cov=0.0678 real_p1_eps=0.0007 real_p1_hole_frac=0.1689 real_p2_eps=0.0040 real_p2_hit=0.0000 real_total=0.0047 synth_eps=0.0047 synth_eps_raw=0.0047 synth_x0_hit=0.0000 synth_total=0.0047 extra_render_attn_share=0.5483
[step 79600] real_p1_mirror_hole_cov=0.2255 real_p1_eps=0.0934 real_p1_hole_frac=0.2200 real_p2_eps=0.2529 real_p2_hit=1.0000 real_p2_t=148.0000 real_p2_ldif=0.0516 real_p2_gen_adv=0.1463 real_p2_lfm=0.0037 real_total=0.4198 discr_adv=0.9857 p2_d_real=-0.1177 p2_d_fake=-0.1463 g_grad_abs=1322.7980 d_grad_abs=88.0433 synth_eps=0.7371 synth_eps_raw=0.7371 synth_x0_hit=1.0000 synth_x0_t=18.0000 synth_x0_ldif=0.0126 synth_x0_gen_adv=-0.2470 synth_x0_lfm=0.0014 synth_total=0.7277 extra_render_attn_share=0.5483
[step 79650] real_p1_mirror_hole_cov=0.2143 real_p1_eps=0.0916 real_p1_hole_frac=0.3681 real_p2_eps=0.2778 real_p2_hit=1.0000 real_p2_t=173.0000 real_p2_ldif=0.0718 real_p2_gen_adv=-0.3182 real_p2_lfm=0.0064 real_total=0.4222 discr_adv=1.8771 x0_d_real=-0.2691 x0_d_fake=-0.3979 p2_d_real=0.4360 p2_d_fake=0.3182 g_grad_abs=1556.6221 d_grad_abs=453.7086 synth_eps=0.0338 synth_eps_raw=0.0338 synth_x0_hit=0.0000 synth_total=0.0338 extra_render_attn_share=0.5483
[step 79700] real_p1_mirror_hole_cov=0.1417 real_p1_eps=0.1052 real_p1_hole_frac=0.1820 real_p2_eps=0.0493 real_p2_hit=0.0000 real_total=0.1545 discr_adv=0.9798 x0_d_real=0.8635 x0_d_fake=0.8225 g_grad_abs=787.2653 d_grad_abs=258.5023 synth_eps=0.1141 synth_eps_raw=0.1141 synth_x0_hit=0.0000 synth_total=0.1141 extra_render_attn_share=0.5483
[step 79750] real_p1_mirror_hole_cov=0.1081 real_p1_eps=0.0620 real_p1_hole_frac=0.2369 real_p2_eps=0.0018 real_p2_hit=0.0000 real_total=0.0638 synth_eps=0.0229 synth_eps_raw=0.0229 synth_x0_hit=0.0000 synth_total=0.0229 extra_render_attn_share=0.5483
[step 79800] real_p1_mirror_hole_cov=0.3239 real_p1_eps=0.0041 real_p1_hole_frac=0.4046 real_p2_eps=0.1125 real_p2_hit=1.0000 real_p2_t=300.0000 real_p2_ldif=0.0780 real_p2_gen_adv=0.6997 real_p2_lfm=0.0053 real_total=0.2752 discr_adv=1.6441 x0_d_real=0.1817 x0_d_fake=-0.0968 p2_d_real=-0.2658 p2_d_fake=-0.6997 g_grad_abs=1520.2194 d_grad_abs=999.7367 synth_eps=0.3728 synth_eps_raw=0.3728 synth_x0_hit=1.0000 synth_x0_t=120.0000 synth_x0_ldif=0.0564 synth_x0_gen_adv=-0.0560 synth_x0_lfm=0.0041 synth_total=0.4318 extra_render_attn_share=0.5483
[step 79850] real_p1_mirror_hole_cov=0.0853 real_p1_eps=0.0028 real_p1_hole_frac=0.3809 real_p2_eps=0.0598 real_p2_hit=0.0000 real_total=0.0625 synth_eps=0.0881 synth_eps_raw=0.0881 synth_x0_hit=0.0000 synth_total=0.0881 extra_render_attn_share=0.5483
[step 79900] real_p1_mirror_hole_cov=0.3817 real_p1_eps=0.0033 real_p1_hole_frac=0.4981 real_p2_eps=0.0024 real_p2_hit=0.0000 real_total=0.0057 synth_eps=0.0143 synth_eps_raw=0.0143 synth_x0_hit=0.0000 synth_total=0.0143 extra_render_attn_share=0.5483
[step 79950] real_p1_mirror_hole_cov=0.0045 real_p1_eps=0.0200 real_p1_hole_frac=0.1002 real_p2_eps=0.0402 real_p2_hit=0.0000 real_total=0.0601 synth_eps=0.4878 synth_eps_raw=0.4878 synth_x0_hit=1.0000 synth_x0_t=57.0000 synth_x0_ldif=0.0289 synth_x0_gen_adv=0.0586 synth_x0_lfm=0.0027 synth_total=0.5279 extra_render_attn_share=0.5483
[ckpt] saved /home/xzy/warpgan-diffusiong-inpainting/warpgan-diffusion-inpainting-main/experiments/train_inpainting_diffusion/[20260915-085455]_v19_w6b_300k/checkpoints/iteration_0079999.pt
[val step 79999] val_novel_full=0.0395 val_novel_hole=0.0363 val_novel_visible=0.0401
[step 80000] real_p1_mirror_hole_cov=0.0417 real_p1_eps=0.0201 real_p1_hole_frac=0.1194 real_p2_eps=0.0019 real_p2_hit=0.0000 real_total=0.0220 discr_adv=0.8709 x0_d_real=0.0979 x0_d_fake=-0.1604 g_grad_abs=327.8389 d_grad_abs=561.2308 synth_eps=0.1847 synth_eps_raw=0.1847 synth_x0_hit=1.0000 synth_x0_t=235.0000 synth_x0_ldif=0.0798 synth_x0_gen_adv=0.3862 synth_x0_lfm=0.0051 synth_total=0.3132 extra_render_attn_share=0.5467
[images] real: anchor | cond1 | cond2 | inv_warp_mirror | mask | mask_inv | warp_img | warp_warp_img | x | y_hat | y_hat_novel -> /home/xzy/warpgan-diffusiong-inpainting/warpgan-diffusion-inpainting-main/experiments/train_inpainting_diffusion/[20260915-085455]_v19_w6b_300k/logs/images/train/real_step0080000.png
[images] synth: cond | mask | target | warp_img | x | y_hat_novel -> /home/xzy/warpgan-diffusiong-inpainting/warpgan-diffusion-inpainting-main/experiments/train_inpainting_diffusion/[20260915-085455]_v19_w6b_300k/logs/images/train/synth_step0080000.png
[step 80050] real_p1_mirror_hole_cov=0.0342 real_p1_eps=0.1791 real_p1_hole_frac=0.3128 real_p2_eps=0.0170 real_p2_hit=0.0000 real_total=0.1961 synth_eps=0.2384 synth_eps_raw=0.2384 synth_x0_hit=1.0000 synth_x0_t=206.0000 synth_x0_ldif=0.0819 synth_x0_gen_adv=-0.5116 synth_x0_lfm=0.0056 synth_total=0.2803 extra_render_attn_share=0.5467
[step 80100] real_p1_mirror_hole_cov=0.0854 real_p1_eps=0.3574 real_p1_hole_frac=0.5051 real_p2_eps=0.0254 real_p2_hit=0.0000 real_total=0.3828 discr_adv=1.0078 x0_d_real=0.2057 x0_d_fake=0.2214 g_grad_abs=1251.4155 d_grad_abs=88.9510 synth_eps=0.0016 synth_eps_raw=0.0016 synth_x0_hit=0.0000 synth_total=0.0016 extra_render_attn_share=0.5467
[step 80150] real_p1_mirror_hole_cov=0.0102 real_p1_eps=0.0069 real_p1_hole_frac=0.1298 real_p2_eps=0.0910 real_p2_hit=1.0000 real_p2_t=279.0000 real_p2_ldif=0.0544 real_p2_gen_adv=-0.4069 real_p2_lfm=0.0036 real_total=0.1188 discr_adv=1.1564 p2_d_real=0.0940 p2_d_fake=0.4069 g_grad_abs=931.0968 d_grad_abs=441.9898 synth_eps=0.0828 synth_eps_raw=0.0828 synth_x0_hit=0.0000 synth_total=0.0828 extra_render_attn_share=0.5467
[step 80200] real_p1_mirror_hole_cov=0.0353 real_p1_eps=0.2983 real_p1_hole_frac=0.4066 real_p2_eps=0.3974 real_p2_hit=1.0000 real_p2_t=70.0000 real_p2_ldif=0.0300 real_p2_gen_adv=-0.6627 real_p2_lfm=0.0035 real_total=0.6665 discr_adv=0.9330 p2_d_real=0.7969 p2_d_fake=0.6627 g_grad_abs=1544.0131 d_grad_abs=1050.4049 synth_eps=0.0018 synth_eps_raw=0.0018 synth_x0_hit=0.0000 synth_total=0.0018 extra_render_attn_share=0.5467
[step 80250] real_p1_mirror_hole_cov=0.4214 real_p1_eps=0.2024 real_p1_hole_frac=0.1235 real_p2_eps=0.1647 real_p2_hit=1.0000 real_p2_t=122.0000 real_p2_ldif=0.0255 real_p2_gen_adv=0.3286 real_p2_lfm=0.0031 real_total=0.4317 discr_adv=1.1721 p2_d_real=-0.6728 p2_d_fake=-0.3286 g_grad_abs=1277.0675 d_grad_abs=774.3323 synth_eps=0.0475 synth_eps_raw=0.0475 synth_x0_hit=0.0000 synth_total=0.0475 extra_render_attn_share=0.5467
[step 80300] real_p1_mirror_hole_cov=0.0073 real_p1_eps=0.0433 real_p1_hole_frac=0.2010 real_p2_eps=0.0951 real_p2_hit=0.0000 real_total=0.1384 synth_eps=0.0062 synth_eps_raw=0.0062 synth_x0_hit=0.0000 synth_total=0.0062 extra_render_attn_share=0.5467
[step 80350] real_p1_mirror_hole_cov=0.0098 real_p1_eps=0.0010 real_p1_hole_frac=0.1418 real_p2_eps=0.0113 real_p2_hit=0.0000 real_total=0.0123 discr_adv=0.9934 x0_d_real=-0.5534 x0_d_fake=-0.5671 g_grad_abs=188.5886 d_grad_abs=225.9169 synth_eps=0.0677 synth_eps_raw=0.0677 synth_x0_hit=0.0000 synth_total=0.0677 extra_render_attn_share=0.5467
[step 80400] real_p1_mirror_hole_cov=0.1507 real_p1_eps=0.0301 real_p1_hole_frac=0.1052 real_p2_eps=0.0682 real_p2_hit=0.0000 real_total=0.0983 discr_adv=0.9555 x0_d_real=0.0976 x0_d_fake=0.0086 g_grad_abs=476.6337 d_grad_abs=189.8858 synth_eps=0.0308 synth_eps_raw=0.0308 synth_x0_hit=0.0000 synth_total=0.0308 extra_render_attn_share=0.5467
[step 80450] real_p1_mirror_hole_cov=0.0418 real_p1_eps=0.0351 real_p1_hole_frac=0.1420 real_p2_eps=0.2156 real_p2_hit=1.0000 real_p2_t=124.0000 real_p2_ldif=0.0341 real_p2_gen_adv=-0.8651 real_p2_lfm=0.0039 real_total=0.2059 discr_adv=1.9970 x0_d_real=0.8671 x0_d_fake=0.8373 p2_d_real=0.8421 p2_d_fake=0.8651 g_grad_abs=1471.9840 d_grad_abs=112.3615 synth_eps=0.0113 synth_eps_raw=0.0113 synth_x0_hit=0.0000 synth_total=0.0113 extra_render_attn_share=0.5467
[step 80500] real_p1_mirror_hole_cov=0.0247 real_p1_eps=0.3355 real_p1_hole_frac=0.5074 real_p2_eps=0.0023 real_p2_hit=0.0000 real_total=0.3378 synth_eps=0.0122 synth_eps_raw=0.0122 synth_x0_hit=0.0000 synth_total=0.0122 extra_render_attn_share=0.5467
[images] real: anchor | cond1 | cond2 | inv_warp_mirror | mask | mask_inv | warp_img | warp_warp_img | x | y_hat | y_hat_novel -> /home/xzy/warpgan-diffusiong-inpainting/warpgan-diffusion-inpainting-main/experiments/train_inpainting_diffusion/[20260915-085455]_v19_w6b_300k/logs/images/train/real_step0080500.png
[images] synth: cond | mask | target | warp_img | x | y_hat_novel -> /home/xzy/warpgan-diffusiong-inpainting/warpgan-diffusion-inpainting-main/experiments/train_inpainting_diffusion/[20260915-085455]_v19_w6b_300k/logs/images/train/synth_step0080500.png
[step 80550] real_p1_mirror_hole_cov=0.1448 real_p1_eps=0.1166 real_p1_hole_frac=0.5305 real_p2_eps=0.0207 real_p2_hit=0.0000 real_total=0.1372 discr_adv=0.8497 x0_d_real=0.3249 x0_d_fake=0.0242 g_grad_abs=754.9101 d_grad_abs=622.4245 synth_eps=0.0185 synth_eps_raw=0.0185 synth_x0_hit=0.0000 synth_total=0.0185 extra_render_attn_share=0.5467
[step 80600] real_p1_mirror_hole_cov=0.0939 real_p1_eps=0.0260 real_p1_hole_frac=0.1049 real_p2_eps=0.0096 real_p2_hit=0.0000 real_total=0.0356 synth_eps=0.0155 synth_eps_raw=0.0155 synth_x0_hit=0.0000 synth_total=0.0155 extra_render_attn_share=0.5467
[step 80650] real_p1_mirror_hole_cov=0.0153 real_p1_eps=0.0170 real_p1_hole_frac=0.3534 real_p2_eps=0.0142 real_p2_hit=0.0000 real_total=0.0312 synth_eps=0.0035 synth_eps_raw=0.0035 synth_x0_hit=0.0000 synth_total=0.0035 extra_render_attn_share=0.5467
[step 80700] real_p1_mirror_hole_cov=0.4553 real_p1_eps=0.0052 real_p1_hole_frac=0.3936 real_p2_eps=0.0650 real_p2_hit=0.0000 real_total=0.0702 synth_eps=0.5519 synth_eps_raw=0.5519 synth_x0_hit=1.0000 synth_x0_t=40.0000 synth_x0_ldif=0.0219 synth_x0_gen_adv=0.2989 synth_x0_lfm=0.0020 synth_total=0.6076 extra_render_attn_share=0.5467
[step 80750] real_p1_mirror_hole_cov=0.1175 real_p1_eps=0.0261 real_p1_hole_frac=0.1043 real_p2_eps=0.0353 real_p2_hit=0.0000 real_total=0.0614 synth_eps=0.0160 synth_eps_raw=0.0160 synth_x0_hit=0.0000 synth_total=0.0160 extra_render_attn_share=0.5467
[step 80800] real_p1_mirror_hole_cov=0.0222 real_p1_eps=0.0086 real_p1_hole_frac=0.3482 real_p2_eps=0.2539 real_p2_hit=1.0000 real_p2_t=119.0000 real_p2_ldif=0.0379 real_p2_gen_adv=-0.0028 real_p2_lfm=0.0025 real_total=0.3052 discr_adv=0.9993 p2_d_real=0.0042 p2_d_fake=0.0028 g_grad_abs=1025.5808 d_grad_abs=44.7896 synth_eps=0.0440 synth_eps_raw=0.0440 synth_x0_hit=0.0000 synth_total=0.0440 extra_render_attn_share=0.5467
[step 80850] real_p1_mirror_hole_cov=0.0608 real_p1_eps=0.1147 real_p1_hole_frac=0.4218 real_p2_eps=0.1123 real_p2_hit=0.0000 real_total=0.2270 synth_eps=0.2308 synth_eps_raw=0.2308 synth_x0_hit=1.0000 synth_x0_t=176.0000 synth_x0_ldif=0.0613 synth_x0_gen_adv=0.2629 synth_x0_lfm=0.0053 synth_total=0.3290 extra_render_attn_share=0.5467
[step 80900] real_p1_mirror_hole_cov=0.0075 real_p1_eps=0.0017 real_p1_hole_frac=0.0961 real_p2_eps=0.0092 real_p2_hit=0.0000 real_total=0.0109 synth_eps=0.0034 synth_eps_raw=0.0034 synth_x0_hit=0.0000 synth_total=0.0034 extra_render_attn_share=0.5467
[step 80950] real_p1_mirror_hole_cov=0.0151 real_p1_eps=0.0008 real_p1_hole_frac=0.2361 real_p2_eps=0.0184 real_p2_hit=0.0000 real_total=0.0192 synth_eps=0.0018 synth_eps_raw=0.0018 synth_x0_hit=0.0000 synth_total=0.0018 extra_render_attn_share=0.5467
[step 81000] real_p1_mirror_hole_cov=0.0428 real_p1_eps=0.0234 real_p1_hole_frac=0.2660 real_p2_eps=0.0020 real_p2_hit=0.0000 real_total=0.0255 discr_adv=0.9791 x0_d_real=-0.5665 x0_d_fake=-0.6083 g_grad_abs=307.3464 d_grad_abs=264.1120 synth_eps=0.0256 synth_eps_raw=0.0256 synth_x0_hit=0.0000 synth_total=0.0256 extra_render_attn_share=0.5467
[images] real: anchor | cond1 | cond2 | inv_warp_mirror | mask | mask_inv | warp_img | warp_warp_img | x | y_hat | y_hat_novel -> /home/xzy/warpgan-diffusiong-inpainting/warpgan-diffusion-inpainting-main/experiments/train_inpainting_diffusion/[20260915-085455]_v19_w6b_300k/logs/images/train/real_step0081000.png
[images] synth: cond | mask | target | warp_img | x | y_hat_novel -> /home/xzy/warpgan-diffusiong-inpainting/warpgan-diffusion-inpainting-main/experiments/train_inpainting_diffusion/[20260915-085455]_v19_w6b_300k/logs/images/train/synth_step0081000.png
[step 81050] real_p1_mirror_hole_cov=0.2029 real_p1_eps=0.0022 real_p1_hole_frac=0.5193 real_p2_eps=0.2465 real_p2_hit=1.0000 real_p2_t=246.0000 real_p2_ldif=0.1158 real_p2_gen_adv=-0.2082 real_p2_lfm=0.0074 real_total=0.3586 discr_adv=0.8513 p2_d_real=0.5056 p2_d_fake=0.2082 g_grad_abs=1377.3347 d_grad_abs=432.4034 synth_eps=0.0025 synth_eps_raw=0.0025 synth_x0_hit=0.0000 synth_total=0.0025 extra_render_attn_share=0.5467
[step 81100] real_p1_mirror_hole_cov=0.1500 real_p1_eps=0.2001 real_p1_hole_frac=0.3645 real_p2_eps=0.3433 real_p2_hit=1.0000 real_p2_t=62.0000 real_p2_ldif=0.0224 real_p2_gen_adv=-0.8746 real_p2_lfm=0.0028 real_total=0.4841 discr_adv=0.9891 p2_d_real=0.8964 p2_d_fake=0.8746 g_grad_abs=1464.9822 d_grad_abs=147.2710 synth_eps=0.0158 synth_eps_raw=0.0158 synth_x0_hit=0.0000 synth_total=0.0158 extra_render_attn_share=0.5467
[step 81150] real_p1_mirror_hole_cov=0.0384 real_p1_eps=0.0017 real_p1_hole_frac=0.5071 real_p2_eps=0.4629 real_p2_hit=1.0000 real_p2_t=36.0000 real_p2_ldif=0.0163 real_p2_gen_adv=0.6781 real_p2_lfm=0.0020 real_total=0.5529 discr_adv=0.9989 p2_d_real=-0.6755 p2_d_fake=-0.6781 g_grad_abs=1047.5139 d_grad_abs=139.0306 synth_eps=0.0221 synth_eps_raw=0.0221 synth_x0_hit=0.0000 synth_total=0.0221 extra_render_attn_share=0.5467
[step 81200] real_p1_mirror_hole_cov=0.0089 real_p1_eps=0.0651 real_p1_hole_frac=0.0958 real_p2_eps=0.1606 real_p2_hit=1.0000 real_p2_t=113.0000 real_p2_ldif=0.0224 real_p2_gen_adv=0.0404 real_p2_lfm=0.0018 real_total=0.2557 discr_adv=1.0513 p2_d_real=-0.1430 p2_d_fake=-0.0404 g_grad_abs=1052.4048 d_grad_abs=167.4921 synth_eps=0.0030 synth_eps_raw=0.0030 synth_x0_hit=0.0000 synth_total=0.0030 extra_render_attn_share=0.5467
[step 81250] real_p1_mirror_hole_cov=0.0107 real_p1_eps=0.0140 real_p1_hole_frac=0.3234 real_p2_eps=0.0116 real_p2_hit=0.0000 real_total=0.0256 synth_eps=0.0310 synth_eps_raw=0.0310 synth_x0_hit=0.0000 synth_total=0.0310 extra_render_attn_share=0.5467
[step 81300] real_p1_mirror_hole_cov=0.1366 real_p1_eps=0.1875 real_p1_hole_frac=0.2660 real_p2_eps=0.5113 real_p2_hit=1.0000 real_p2_t=28.0000 real_p2_ldif=0.0138 real_p2_gen_adv=-0.6153 real_p2_lfm=0.0014 real_total=0.6538 discr_adv=0.9782 p2_d_real=0.6589 p2_d_fake=0.6153 g_grad_abs=1490.1619 d_grad_abs=130.0352 synth_eps=0.1295 synth_eps_raw=0.1295 synth_x0_hit=0.0000 synth_total=0.1295 extra_render_attn_share=0.5467
[step 81350] real_p1_mirror_hole_cov=0.0527 real_p1_eps=0.0019 real_p1_hole_frac=0.1207 real_p2_eps=0.1542 real_p2_hit=1.0000 real_p2_t=192.0000 real_p2_ldif=0.0471 real_p2_gen_adv=-0.2405 real_p2_lfm=0.0034 real_total=0.1859 discr_adv=2.0399 x0_d_real=-0.2480 x0_d_fake=-0.2814 p2_d_real=0.1275 p2_d_fake=0.2405 g_grad_abs=1124.6683 d_grad_abs=235.3857 synth_eps=0.0288 synth_eps_raw=0.0288 synth_x0_hit=0.0000 synth_total=0.0288 extra_render_attn_share=0.5467
[step 81400] real_p1_mirror_hole_cov=0.0249 real_p1_eps=0.4449 real_p1_hole_frac=0.5558 real_p2_eps=0.0307 real_p2_hit=0.0000 real_total=0.4756 synth_eps=0.0111 synth_eps_raw=0.0111 synth_x0_hit=0.0000 synth_total=0.0111 extra_render_attn_share=0.5467
[step 81450] real_p1_mirror_hole_cov=0.0308 real_p1_eps=0.0388 real_p1_hole_frac=0.3799 real_p2_eps=0.8934 real_p2_hit=1.0000 real_p2_t=1.0000 real_p2_ldif=0.0015 real_p2_gen_adv=-0.4166 real_p2_lfm=0.0002 real_total=0.8925 discr_adv=0.9922 p2_d_real=0.4321 p2_d_fake=0.4166 g_grad_abs=964.7778 d_grad_abs=37.7016 synth_eps=0.0678 synth_eps_raw=0.0678 synth_x0_hit=0.0000 synth_total=0.0678 extra_render_attn_share=0.5467
[step 81500] real_p1_mirror_hole_cov=0.2594 real_p1_eps=0.2035 real_p1_hole_frac=0.2006 real_p2_eps=0.2513 real_p2_hit=1.0000 real_p2_t=112.0000 real_p2_ldif=0.0346 real_p2_gen_adv=-0.7294 real_p2_lfm=0.0041 real_total=0.4246 discr_adv=1.1168 p2_d_real=0.4958 p2_d_fake=0.7294 g_grad_abs=1535.6243 d_grad_abs=1091.3316 synth_eps=0.2703 synth_eps_raw=0.2703 synth_x0_hit=1.0000 synth_x0_t=186.0000 synth_x0_ldif=0.0784 synth_x0_gen_adv=-0.2576 synth_x0_lfm=0.0067 synth_total=0.3365 extra_render_attn_share=0.5467
[images] real: anchor | cond1 | cond2 | inv_warp_mirror | mask | mask_inv | warp_img | warp_warp_img | x | y_hat | y_hat_novel -> /home/xzy/warpgan-diffusiong-inpainting/warpgan-diffusion-inpainting-main/experiments/train_inpainting_diffusion/[20260915-085455]_v19_w6b_300k/logs/images/train/real_step0081500.png
[images] synth: cond | mask | target | warp_img | x | y_hat_novel -> /home/xzy/warpgan-diffusiong-inpainting/warpgan-diffusion-inpainting-main/experiments/train_inpainting_diffusion/[20260915-085455]_v19_w6b_300k/logs/images/train/synth_step0081500.png
[step 81550] real_p1_mirror_hole_cov=0.1419 real_p1_eps=0.0063 real_p1_hole_frac=0.2060 real_p2_eps=0.0205 real_p2_hit=0.0000 real_total=0.0268 discr_adv=0.8386 x0_d_real=0.3781 x0_d_fake=0.0552 g_grad_abs=247.9979 d_grad_abs=524.9478 synth_eps=0.4177 synth_eps_raw=0.4177 synth_x0_hit=1.0000 synth_x0_t=68.0000 synth_x0_ldif=0.0305 synth_x0_gen_adv=-0.0583 synth_x0_lfm=0.0036 synth_total=0.4496 extra_render_attn_share=0.5467
[step 81600] real_p1_mirror_hole_cov=0.0314 real_p1_eps=0.0292 real_p1_hole_frac=0.1719 real_p2_eps=0.0563 real_p2_hit=0.0000 real_total=0.0855 synth_eps=0.0552 synth_eps_raw=0.0552 synth_x0_hit=0.0000 synth_total=0.0552 extra_render_attn_share=0.5467
[step 81650] real_p1_mirror_hole_cov=0.0089 real_p1_eps=0.0008 real_p1_hole_frac=0.2712 real_p2_eps=0.0236 real_p2_hit=0.0000 real_total=0.0245 synth_eps=0.4215 synth_eps_raw=0.4215 synth_x0_hit=1.0000 synth_x0_t=64.0000 synth_x0_ldif=0.0286 synth_x0_gen_adv=0.0717 synth_x0_lfm=0.0036 synth_total=0.4646 extra_render_attn_share=0.5467
[step 81700] real_p1_mirror_hole_cov=0.0045 real_p1_eps=0.0868 real_p1_hole_frac=0.0406 real_p2_eps=0.0054 real_p2_hit=0.0000 real_total=0.0922 synth_eps=0.1955 synth_eps_raw=0.1955 synth_x0_hit=1.0000 synth_x0_t=253.0000 synth_x0_ldif=0.0968 synth_x0_gen_adv=0.7530 synth_x0_lfm=0.0064 synth_total=0.3804 extra_render_attn_share=0.5467
[step 81750] real_p1_mirror_hole_cov=0.1796 real_p1_eps=0.0015 real_p1_hole_frac=0.4522 real_p2_eps=0.0152 real_p2_hit=0.0000 real_total=0.0166 discr_adv=0.9883 x0_d_real=-0.8451 x0_d_fake=-0.8686 g_grad_abs=195.8454 d_grad_abs=86.9942 synth_eps=0.0220 synth_eps_raw=0.0220 synth_x0_hit=0.0000 synth_total=0.0220 extra_render_attn_share=0.5467
[step 81800] real_p1_mirror_hole_cov=0.1180 real_p1_eps=0.1051 real_p1_hole_frac=0.5397 real_p2_eps=0.0960 real_p2_hit=0.0000 real_total=0.2011 synth_eps=0.0017 synth_eps_raw=0.0017 synth_x0_hit=0.0000 synth_total=0.0017 extra_render_attn_share=0.5467
[step 81850] real_p1_mirror_hole_cov=0.1334 real_p1_eps=0.1056 real_p1_hole_frac=0.3257 real_p2_eps=0.0103 real_p2_hit=0.0000 real_total=0.1159 synth_eps=0.0028 synth_eps_raw=0.0028 synth_x0_hit=0.0000 synth_total=0.0028 extra_render_attn_share=0.5467
[step 81900] real_p1_mirror_hole_cov=0.0039 real_p1_eps=0.0327 real_p1_hole_frac=0.1083 real_p2_eps=0.0403 real_p2_hit=0.0000 real_total=0.0730 synth_eps=0.0456 synth_eps_raw=0.0456 synth_x0_hit=0.0000 synth_total=0.0456 extra_render_attn_share=0.5467
[step 81950] real_p1_mirror_hole_cov=0.0209 real_p1_eps=0.0286 real_p1_hole_frac=0.0913 real_p2_eps=0.0192 real_p2_hit=0.0000 real_total=0.0478 discr_adv=0.8442 x0_d_real=-0.3643 x0_d_fake=-0.6760 g_grad_abs=377.1755 d_grad_abs=533.1475 synth_eps=0.0048 synth_eps_raw=0.0048 synth_x0_hit=0.0000 synth_total=0.0048 extra_render_attn_share=0.5467
[val step 81999] val_novel_full=0.0618 val_novel_hole=0.0584 val_novel_visible=0.0647
[step 82000] real_p1_mirror_hole_cov=0.0970 real_p1_eps=0.0014 real_p1_hole_frac=0.5276 real_p2_eps=0.3117 real_p2_hit=1.0000 real_p2_t=185.0000 real_p2_ldif=0.0897 real_p2_gen_adv=-0.9521 real_p2_lfm=0.0044 real_total=0.3164 discr_adv=0.9973 p2_d_real=0.9731 p2_d_fake=0.9521 g_grad_abs=1502.4703 d_grad_abs=340.7812 synth_eps=0.0065 synth_eps_raw=0.0065 synth_x0_hit=0.0000 synth_total=0.0065 extra_render_attn_share=0.5521
[images] real: anchor | cond1 | cond2 | inv_warp_mirror | mask | mask_inv | warp_img | warp_warp_img | x | y_hat | y_hat_novel -> /home/xzy/warpgan-diffusiong-inpainting/warpgan-diffusion-inpainting-main/experiments/train_inpainting_diffusion/[20260915-085455]_v19_w6b_300k/logs/images/train/real_step0082000.png
[images] synth: cond | mask | target | warp_img | x | y_hat_novel -> /home/xzy/warpgan-diffusiong-inpainting/warpgan-diffusion-inpainting-main/experiments/train_inpainting_diffusion/[20260915-085455]_v19_w6b_300k/logs/images/train/synth_step0082000.png
[step 82050] real_p1_mirror_hole_cov=0.0421 real_p1_eps=0.0264 real_p1_hole_frac=0.1918 real_p2_eps=0.0041 real_p2_hit=0.0000 real_total=0.0304 discr_adv=0.9734 x0_d_real=0.9363 x0_d_fake=0.8812 g_grad_abs=309.7967 d_grad_abs=251.8803 synth_eps=0.0053 synth_eps_raw=0.0053 synth_x0_hit=0.0000 synth_total=0.0053 extra_render_attn_share=0.5521
[step 82100] real_p1_mirror_hole_cov=0.0106 real_p1_eps=0.0427 real_p1_hole_frac=0.1504 real_p2_eps=0.0389 real_p2_hit=0.0000 real_total=0.0816 discr_adv=1.0078 x0_d_real=0.5063 x0_d_fake=0.5220 g_grad_abs=547.9636 d_grad_abs=260.1680 synth_eps=0.0599 synth_eps_raw=0.0599 synth_x0_hit=0.0000 synth_total=0.0599 extra_render_attn_share=0.5521
[step 82150] real_p1_mirror_hole_cov=0.0905 real_p1_eps=0.4299 real_p1_hole_frac=0.4017 real_p2_eps=0.0200 real_p2_hit=0.0000 real_total=0.4499 synth_eps=0.2378 synth_eps_raw=0.2378 synth_x0_hit=1.0000 synth_x0_t=149.0000 synth_x0_ldif=0.0490 synth_x0_gen_adv=-0.0839 synth_x0_lfm=0.0048 synth_total=0.2880 extra_render_attn_share=0.5521
[step 82200] real_p1_mirror_hole_cov=0.0053 real_p1_eps=0.0005 real_p1_hole_frac=0.0334 real_p2_eps=0.0020 real_p2_hit=0.0000 real_total=0.0025 synth_eps=0.0088 synth_eps_raw=0.0088 synth_x0_hit=0.0000 synth_total=0.0088 extra_render_attn_share=0.5521
[step 82250] real_p1_mirror_hole_cov=0.1245 real_p1_eps=0.0296 real_p1_hole_frac=0.2087 real_p2_eps=0.0560 real_p2_hit=0.0000 real_total=0.0856 synth_eps=0.6134 synth_eps_raw=0.6134 synth_x0_hit=1.0000 synth_x0_t=33.0000 synth_x0_ldif=0.0197 synth_x0_gen_adv=0.2026 synth_x0_lfm=0.0016 synth_total=0.6565 extra_render_attn_share=0.5521
[step 82300] real_p1_mirror_hole_cov=0.0548 real_p1_eps=0.0311 real_p1_hole_frac=0.1705 real_p2_eps=0.0396 real_p2_hit=0.0000 real_total=0.0708 discr_adv=1.0018 x0_d_real=0.6805 x0_d_fake=0.6840 g_grad_abs=462.3086 d_grad_abs=210.8076 synth_eps=0.0384 synth_eps_raw=0.0384 synth_x0_hit=0.0000 synth_total=0.0384 extra_render_attn_share=0.5521
[step 82350] real_p1_mirror_hole_cov=0.2493 real_p1_eps=0.0878 real_p1_hole_frac=0.3908 real_p2_eps=0.0041 real_p2_hit=0.0000 real_total=0.0918 synth_eps=0.0318 synth_eps_raw=0.0318 synth_x0_hit=0.0000 synth_total=0.0318 extra_render_attn_share=0.5521
[step 82400] real_p1_mirror_hole_cov=0.0496 real_p1_eps=0.0050 real_p1_hole_frac=0.3886 real_p2_eps=0.1048 real_p2_hit=0.0000 real_total=0.1099 synth_eps=0.3366 synth_eps_raw=0.3366 synth_x0_hit=1.0000 synth_x0_t=168.0000 synth_x0_ldif=0.0831 synth_x0_gen_adv=-0.5716 synth_x0_lfm=0.0068 synth_total=0.3762 extra_render_attn_share=0.5521
[step 82450] real_p1_mirror_hole_cov=0.3700 real_p1_eps=0.0584 real_p1_hole_frac=0.4114 real_p2_eps=0.0027 real_p2_hit=0.0000 real_total=0.0610 synth_eps=0.0118 synth_eps_raw=0.0118 synth_x0_hit=0.0000 synth_total=0.0118 extra_render_attn_share=0.5521
[step 82500] real_p1_mirror_hole_cov=0.1843 real_p1_eps=0.0046 real_p1_hole_frac=0.1708 real_p2_eps=0.0015 real_p2_hit=0.0000 real_total=0.0060 discr_adv=1.0651 x0_d_real=0.2937 x0_d_fake=0.4240 g_grad_abs=84.6928 d_grad_abs=306.2909 synth_eps=0.0038 synth_eps_raw=0.0038 synth_x0_hit=0.0000 synth_total=0.0038 extra_render_attn_share=0.5521
[images] real: anchor | cond1 | cond2 | inv_warp_mirror | mask | mask_inv | warp_img | warp_warp_img | x | y_hat | y_hat_novel -> /home/xzy/warpgan-diffusiong-inpainting/warpgan-diffusion-inpainting-main/experiments/train_inpainting_diffusion/[20260915-085455]_v19_w6b_300k/logs/images/train/real_step0082500.png
[images] synth: cond | mask | target | warp_img | x | y_hat_novel -> /home/xzy/warpgan-diffusiong-inpainting/warpgan-diffusion-inpainting-main/experiments/train_inpainting_diffusion/[20260915-085455]_v19_w6b_300k/logs/images/train/synth_step0082500.png
[step 82550] real_p1_mirror_hole_cov=0.0173 real_p1_eps=0.0563 real_p1_hole_frac=0.1912 real_p2_eps=0.0039 real_p2_hit=0.0000 real_total=0.0602 discr_adv=0.9581 x0_d_real=-0.0652 x0_d_fake=-0.1491 g_grad_abs=478.5773 d_grad_abs=137.8847 synth_eps=0.1780 synth_eps_raw=0.1780 synth_x0_hit=1.0000 synth_x0_t=290.0000 synth_x0_ldif=0.1151 synth_x0_gen_adv=0.1699 synth_x0_lfm=0.0076 synth_total=0.3254 extra_render_attn_share=0.5521
[step 82600] real_p1_mirror_hole_cov=0.1392 real_p1_eps=0.6980 real_p1_hole_frac=0.4737 real_p2_eps=0.5499 real_p2_hit=1.0000 real_p2_t=30.0000 real_p2_ldif=0.0160 real_p2_gen_adv=-0.0512 real_p2_lfm=0.0016 real_total=1.2617 discr_adv=1.9671 x0_d_real=-0.4207 x0_d_fake=-0.4441 p2_d_real=0.0936 p2_d_fake=0.0512 g_grad_abs=2024.0157 d_grad_abs=197.6094 synth_eps=0.0559 synth_eps_raw=0.0559 synth_x0_hit=0.0000 synth_total=0.0559 extra_render_attn_share=0.5521
[step 82650] real_p1_mirror_hole_cov=0.0529 real_p1_eps=0.0074 real_p1_hole_frac=0.1160 real_p2_eps=0.2025 real_p2_hit=1.0000 real_p2_t=143.0000 real_p2_ldif=0.0393 real_p2_gen_adv=-0.2603 real_p2_lfm=0.0031 real_total=0.2293 discr_adv=1.0809 p2_d_real=0.0986 p2_d_fake=0.2603 g_grad_abs=1141.7500 d_grad_abs=215.5072 synth_eps=0.0286 synth_eps_raw=0.0286 synth_x0_hit=0.0000 synth_total=0.0286 extra_render_attn_share=0.5521
[step 82700] real_p1_mirror_hole_cov=0.0085 real_p1_eps=0.0026 real_p1_hole_frac=0.1641 real_p2_eps=0.0263 real_p2_hit=0.0000 real_total=0.0289 discr_adv=0.9651 x0_d_real=0.3770 x0_d_fake=0.3071 g_grad_abs=320.1781 d_grad_abs=152.6853 synth_eps=0.0564 synth_eps_raw=0.0564 synth_x0_hit=0.0000 synth_total=0.0564 extra_render_attn_share=0.5521
[step 82750] real_p1_mirror_hole_cov=0.0131 real_p1_eps=0.0056 real_p1_hole_frac=0.0725 real_p2_eps=0.0537 real_p2_hit=0.0000 real_total=0.0592 synth_eps=0.0643 synth_eps_raw=0.0643 synth_x0_hit=0.0000 synth_total=0.0643 extra_render_attn_share=0.5521
[step 82800] real_p1_mirror_hole_cov=0.2329 real_p1_eps=0.0074 real_p1_hole_frac=0.1695 real_p2_eps=0.0037 real_p2_hit=0.0000 real_total=0.0111 discr_adv=0.9421 x0_d_real=0.0456 x0_d_fake=-0.0702 g_grad_abs=144.9542 d_grad_abs=348.2839 synth_eps=0.0088 synth_eps_raw=0.0088 synth_x0_hit=0.0000 synth_total=0.0088 extra_render_attn_share=0.5521
[step 82850] real_p1_mirror_hole_cov=0.0820 real_p1_eps=0.0189 real_p1_hole_frac=0.2060 real_p2_eps=0.1482 real_p2_hit=1.0000 real_p2_t=226.0000 real_p2_ldif=0.0597 real_p2_gen_adv=-0.2768 real_p2_lfm=0.0068 real_total=0.2128 discr_adv=1.0824 p2_d_real=0.1120 p2_d_fake=0.2768 g_grad_abs=1169.8332 d_grad_abs=246.4581 synth_eps=0.0330 synth_eps_raw=0.0330 synth_x0_hit=0.0000 synth_total=0.0330 extra_render_attn_share=0.5521
[step 82900] real_p1_mirror_hole_cov=0.0776 real_p1_eps=0.0021 real_p1_hole_frac=0.0673 real_p2_eps=0.0005 real_p2_hit=0.0000 real_total=0.0026 synth_eps=0.0367 synth_eps_raw=0.0367 synth_x0_hit=0.0000 synth_total=0.0367 extra_render_attn_share=0.5521
[step 82950] real_p1_mirror_hole_cov=0.0786 real_p1_eps=0.0011 real_p1_hole_frac=0.5622 real_p2_eps=0.0675 real_p2_hit=0.0000 real_total=0.0687 discr_adv=0.9894 x0_d_real=0.0974 x0_d_fake=0.0763 g_grad_abs=312.1435 d_grad_abs=85.5552 synth_eps=0.0645 synth_eps_raw=0.0645 synth_x0_hit=0.0000 synth_total=0.0645 extra_render_attn_share=0.5521
[step 83000] real_p1_mirror_hole_cov=0.1149 real_p1_eps=0.0155 real_p1_hole_frac=0.0667 real_p2_eps=0.0976 real_p2_hit=1.0000 real_p2_t=226.0000 real_p2_ldif=0.0393 real_p2_gen_adv=-0.8760 real_p2_lfm=0.0035 real_total=0.0720 discr_adv=1.1947 p2_d_real=0.4866 p2_d_fake=0.8760 g_grad_abs=879.3995 d_grad_abs=1493.2936 synth_eps=0.0073 synth_eps_raw=0.0073 synth_x0_hit=0.0000 synth_total=0.0073 extra_render_attn_share=0.5521
[images] real: anchor | cond1 | cond2 | inv_warp_mirror | mask | mask_inv | warp_img | warp_warp_img | x | y_hat | y_hat_novel -> /home/xzy/warpgan-diffusiong-inpainting/warpgan-diffusion-inpainting-main/experiments/train_inpainting_diffusion/[20260915-085455]_v19_w6b_300k/logs/images/train/real_step0083000.png
[images] synth: cond | mask | target | warp_img | x | y_hat_novel -> /home/xzy/warpgan-diffusiong-inpainting/warpgan-diffusion-inpainting-main/experiments/train_inpainting_diffusion/[20260915-085455]_v19_w6b_300k/logs/images/train/synth_step0083000.png
[step 83050] real_p1_mirror_hole_cov=0.1796 real_p1_eps=0.5308 real_p1_hole_frac=0.3215 real_p2_eps=0.0270 real_p2_hit=0.0000 real_total=0.5578 discr_adv=0.9888 x0_d_real=0.6006 x0_d_fake=0.5781 g_grad_abs=1385.0066 d_grad_abs=110.3714 synth_eps=0.0126 synth_eps_raw=0.0126 synth_x0_hit=0.0000 synth_total=0.0126 extra_render_attn_share=0.5521
[step 83100] real_p1_mirror_hole_cov=0.1066 real_p1_eps=0.0011 real_p1_hole_frac=0.3610 real_p2_eps=0.0324 real_p2_hit=0.0000 real_total=0.0335 synth_eps=0.6581 synth_eps_raw=0.6581 synth_x0_hit=1.0000 synth_x0_t=22.0000 synth_x0_ldif=0.0138 synth_x0_gen_adv=-0.0937 synth_x0_lfm=0.0017 synth_total=0.6659 extra_render_attn_share=0.5521
[step 83150] real_p1_mirror_hole_cov=0.1771 real_p1_eps=0.0529 real_p1_hole_frac=0.2821 real_p2_eps=0.0022 real_p2_hit=0.0000 real_total=0.0551 synth_eps=0.0552 synth_eps_raw=0.0552 synth_x0_hit=0.0000 synth_total=0.0552 extra_render_attn_share=0.5521
[step 83200] real_p1_mirror_hole_cov=0.2627 real_p1_eps=0.0991 real_p1_hole_frac=0.4155 real_p2_eps=0.0600 real_p2_hit=0.0000 real_total=0.1592 synth_eps=0.0081 synth_eps_raw=0.0081 synth_x0_hit=0.0000 synth_total=0.0081 extra_render_attn_share=0.5521
[step 83250] real_p1_mirror_hole_cov=0.0230 real_p1_eps=0.0027 real_p1_hole_frac=0.0581 real_p2_eps=0.0187 real_p2_hit=0.0000 real_total=0.0214 discr_adv=1.0198 x0_d_real=-0.8477 x0_d_fake=-0.8095 g_grad_abs=230.6346 d_grad_abs=258.4454 synth_eps=0.0426 synth_eps_raw=0.0426 synth_x0_hit=0.0000 synth_total=0.0426 extra_render_attn_share=0.5521
[step 83300] real_p1_mirror_hole_cov=0.0632 real_p1_eps=0.5188 real_p1_hole_frac=0.2953 real_p2_eps=0.2010 real_p2_hit=1.0000 real_p2_t=219.0000 real_p2_ldif=0.0767 real_p2_gen_adv=0.0691 real_p2_lfm=0.0052 real_total=0.8138 discr_adv=0.9013 p2_d_real=0.1284 p2_d_fake=-0.0691 g_grad_abs=2017.6194 d_grad_abs=322.5950 synth_eps=0.0018 synth_eps_raw=0.0018 synth_x0_hit=0.0000 synth_total=0.0018 extra_render_attn_share=0.5521
[step 83350] real_p1_mirror_hole_cov=0.0049 real_p1_eps=0.0062 real_p1_hole_frac=0.1059 real_p2_eps=0.0641 real_p2_hit=0.0000 real_total=0.0703 synth_eps=0.2647 synth_eps_raw=0.2647 synth_x0_hit=1.0000 synth_x0_t=189.0000 synth_x0_ldif=0.0788 synth_x0_gen_adv=-0.7520 synth_x0_lfm=0.0046 synth_total=0.2774 extra_render_attn_share=0.5521
[step 83400] real_p1_mirror_hole_cov=0.1333 real_p1_eps=0.1409 real_p1_hole_frac=0.3366 real_p2_eps=0.0279 real_p2_hit=0.0000 real_total=0.1688 discr_adv=0.9621 x0_d_real=-0.2480 x0_d_fake=-0.3247 g_grad_abs=906.8792 d_grad_abs=213.7305 synth_eps=0.0287 synth_eps_raw=0.0287 synth_x0_hit=0.0000 synth_total=0.0287 extra_render_attn_share=0.5521
[step 83450] real_p1_mirror_hole_cov=0.0317 real_p1_eps=0.0007 real_p1_hole_frac=0.0987 real_p2_eps=0.1395 real_p2_hit=1.0000 real_p2_t=169.0000 real_p2_ldif=0.0348 real_p2_gen_adv=-0.3741 real_p2_lfm=0.0024 real_total=0.1423 discr_adv=1.1932 p2_d_real=-0.0122 p2_d_fake=0.3741 g_grad_abs=1070.1936 d_grad_abs=591.4241 synth_eps=0.0108 synth_eps_raw=0.0108 synth_x0_hit=0.0000 synth_total=0.0108 extra_render_attn_share=0.5521
[step 83500] real_p1_mirror_hole_cov=0.3564 real_p1_eps=0.0306 real_p1_hole_frac=0.6215 real_p2_eps=0.0106 real_p2_hit=0.0000 real_total=0.0412 synth_eps=0.0016 synth_eps_raw=0.0016 synth_x0_hit=0.0000 synth_total=0.0016 extra_render_attn_share=0.5521
[images] real: anchor | cond1 | cond2 | inv_warp_mirror | mask | mask_inv | warp_img | warp_warp_img | x | y_hat | y_hat_novel -> /home/xzy/warpgan-diffusiong-inpainting/warpgan-diffusion-inpainting-main/experiments/train_inpainting_diffusion/[20260915-085455]_v19_w6b_300k/logs/images/train/real_step0083500.png
[images] synth: cond | mask | target | warp_img | x | y_hat_novel -> /home/xzy/warpgan-diffusiong-inpainting/warpgan-diffusion-inpainting-main/experiments/train_inpainting_diffusion/[20260915-085455]_v19_w6b_300k/logs/images/train/synth_step0083500.png
[step 83550] real_p1_mirror_hole_cov=0.0319 real_p1_eps=0.1352 real_p1_hole_frac=0.2073 real_p2_eps=0.0500 real_p2_hit=0.0000 real_total=0.1852 synth_eps=0.0063 synth_eps_raw=0.0063 synth_x0_hit=0.0000 synth_total=0.0063 extra_render_attn_share=0.5521
[step 83600] real_p1_mirror_hole_cov=0.1144 real_p1_eps=0.0279 real_p1_hole_frac=0.2604 real_p2_eps=0.0286 real_p2_hit=0.0000 real_total=0.0565 synth_eps=0.3465 synth_eps_raw=0.3465 synth_x0_hit=1.0000 synth_x0_t=117.0000 synth_x0_ldif=0.0506 synth_x0_gen_adv=-0.4172 synth_x0_lfm=0.0041 synth_total=0.3636 extra_render_attn_share=0.5521
[step 83650] real_p1_mirror_hole_cov=0.1134 real_p1_eps=0.0072 real_p1_hole_frac=0.4769 real_p2_eps=0.1949 real_p2_hit=1.0000 real_p2_t=239.0000 real_p2_ldif=0.0871 real_p2_gen_adv=0.1143 real_p2_lfm=0.0052 real_total=0.3111 discr_adv=0.9957 p2_d_real=-0.1057 p2_d_fake=-0.1143 g_grad_abs=1292.3122 d_grad_abs=80.7715 synth_eps=0.2024 synth_eps_raw=0.2024 synth_x0_hit=1.0000 synth_x0_t=278.0000 synth_x0_ldif=0.1202 synth_x0_gen_adv=0.2009 synth_x0_lfm=0.0058 synth_total=0.3542 extra_render_attn_share=0.5521
[step 83700] real_p1_mirror_hole_cov=0.2327 real_p1_eps=0.0356 real_p1_hole_frac=0.2816 real_p2_eps=0.4225 real_p2_hit=1.0000 real_p2_t=67.0000 real_p2_ldif=0.0303 real_p2_gen_adv=-0.2096 real_p2_lfm=0.0030 real_total=0.4734 discr_adv=0.9457 p2_d_real=0.3182 p2_d_fake=0.2096 g_grad_abs=1278.3090 d_grad_abs=195.8307 synth_eps=0.5493 synth_eps_raw=0.5493 synth_x0_hit=1.0000 synth_x0_t=47.0000 synth_x0_ldif=0.0261 synth_x0_gen_adv=-0.1035 synth_x0_lfm=0.0029 synth_total=0.5707 extra_render_attn_share=0.5521
[step 83750] real_p1_mirror_hole_cov=0.1547 real_p1_eps=0.0059 real_p1_hole_frac=0.1469 real_p2_eps=0.0305 real_p2_hit=0.0000 real_total=0.0364 discr_adv=0.9342 x0_d_real=0.8601 x0_d_fake=0.7282 g_grad_abs=391.5815 d_grad_abs=515.0609 synth_eps=0.0901 synth_eps_raw=0.0901 synth_x0_hit=0.0000 synth_total=0.0901 extra_render_attn_share=0.5521
[step 83800] real_p1_mirror_hole_cov=0.1182 real_p1_eps=0.0006 real_p1_hole_frac=0.0830 real_p2_eps=0.0691 real_p2_hit=0.0000 real_total=0.0697 synth_eps=0.1109 synth_eps_raw=0.1109 synth_x0_hit=0.0000 synth_total=0.1109 extra_render_attn_share=0.5521
[step 83850] real_p1_mirror_hole_cov=0.0726 real_p1_eps=0.4549 real_p1_hole_frac=0.1940 real_p2_eps=0.0066 real_p2_hit=0.0000 real_total=0.4616 synth_eps=0.2847 synth_eps_raw=0.2847 synth_x0_hit=1.0000 synth_x0_t=151.0000 synth_x0_ldif=0.0598 synth_x0_gen_adv=0.0764 synth_x0_lfm=0.0048 synth_total=0.3616 extra_render_attn_share=0.5521
[step 83900] real_p1_mirror_hole_cov=0.0712 real_p1_eps=0.0010 real_p1_hole_frac=0.4762 real_p2_eps=0.0050 real_p2_hit=0.0000 real_total=0.0061 synth_eps=0.0801 synth_eps_raw=0.0801 synth_x0_hit=0.0000 synth_total=0.0801 extra_render_attn_share=0.5521
[step 83950] real_p1_mirror_hole_cov=0.1882 real_p1_eps=0.0349 real_p1_hole_frac=0.2980 real_p2_eps=0.0695 real_p2_hit=0.0000 real_total=0.1044 synth_eps=0.0179 synth_eps_raw=0.0179 synth_x0_hit=0.0000 synth_total=0.0179 extra_render_attn_share=0.5521
[val step 83999] val_novel_full=0.0380 val_novel_hole=0.0486 val_novel_visible=0.0349
[step 84000] real_p1_mirror_hole_cov=0.0780 real_p1_eps=0.0561 real_p1_hole_frac=0.0326 real_p2_eps=0.1475 real_p2_hit=1.0000 real_p2_t=100.0000 real_p2_ldif=0.0175 real_p2_gen_adv=-0.5054 real_p2_lfm=0.0019 real_total=0.1743 discr_adv=1.0652 p2_d_real=0.3751 p2_d_fake=0.5054 g_grad_abs=989.0800 d_grad_abs=301.6636 synth_eps=0.0010 synth_eps_raw=0.0010 synth_x0_hit=0.0000 synth_total=0.0010 extra_render_attn_share=0.5522
[images] real: anchor | cond1 | cond2 | inv_warp_mirror | mask | mask_inv | warp_img | warp_warp_img | x | y_hat | y_hat_novel -> /home/xzy/warpgan-diffusiong-inpainting/warpgan-diffusion-inpainting-main/experiments/train_inpainting_diffusion/[20260915-085455]_v19_w6b_300k/logs/images/train/real_step0084000.png
[images] synth: cond | mask | target | warp_img | x | y_hat_novel -> /home/xzy/warpgan-diffusiong-inpainting/warpgan-diffusion-inpainting-main/experiments/train_inpainting_diffusion/[20260915-085455]_v19_w6b_300k/logs/images/train/synth_step0084000.png
[step 84050] real_p1_mirror_hole_cov=0.2651 real_p1_eps=0.1693 real_p1_hole_frac=0.1602 real_p2_eps=0.0089 real_p2_hit=0.0000 real_total=0.1783 synth_eps=0.0225 synth_eps_raw=0.0225 synth_x0_hit=0.0000 synth_total=0.0225 extra_render_attn_share=0.5522
[step 84100] real_p1_mirror_hole_cov=0.0537 real_p1_eps=0.0409 real_p1_hole_frac=0.3167 real_p2_eps=0.0018 real_p2_hit=0.0000 real_total=0.0427 synth_eps=0.0723 synth_eps_raw=0.0723 synth_x0_hit=0.0000 synth_total=0.0723 extra_render_attn_share=0.5522
[step 84150] real_p1_mirror_hole_cov=0.0093 real_p1_eps=0.0873 real_p1_hole_frac=0.2511 real_p2_eps=0.1823 real_p2_hit=1.0000 real_p2_t=156.0000 real_p2_ldif=0.0404 real_p2_gen_adv=0.3513 real_p2_lfm=0.0044 real_total=0.3540 discr_adv=2.1939 x0_d_real=-0.8184 x0_d_fake=-0.6672 p2_d_real=-0.5874 p2_d_fake=-0.3513 g_grad_abs=1469.7662 d_grad_abs=871.0078 synth_eps=0.0070 synth_eps_raw=0.0070 synth_x0_hit=0.0000 synth_total=0.0070 extra_render_attn_share=0.5522
[step 84200] real_p1_mirror_hole_cov=0.0590 real_p1_eps=0.0090 real_p1_hole_frac=0.1474 real_p2_eps=0.0014 real_p2_hit=0.0000 real_total=0.0105 discr_adv=0.9696 x0_d_real=-0.2895 x0_d_fake=-0.3503 g_grad_abs=189.3892 d_grad_abs=126.9247 synth_eps=0.3485 synth_eps_raw=0.3485 synth_x0_hit=1.0000 synth_x0_t=122.0000 synth_x0_ldif=0.0539 synth_x0_gen_adv=-0.2599 synth_x0_lfm=0.0056 synth_total=0.3875 extra_render_attn_share=0.5522
[step 84250] real_p1_mirror_hole_cov=0.1380 real_p1_eps=0.4063 real_p1_hole_frac=0.1941 real_p2_eps=0.0877 real_p2_hit=0.0000 real_total=0.4940 synth_eps=0.1085 synth_eps_raw=0.1085 synth_x0_hit=0.0000 synth_total=0.1085 extra_render_attn_share=0.5522
[step 84300] real_p1_mirror_hole_cov=0.3950 real_p1_eps=0.0922 real_p1_hole_frac=0.2184 real_p2_eps=0.0107 real_p2_hit=0.0000 real_total=0.1028 synth_eps=0.3743 synth_eps_raw=0.3743 synth_x0_hit=1.0000 synth_x0_t=119.0000 synth_x0_ldif=0.0559 synth_x0_gen_adv=0.3819 synth_x0_lfm=0.0047 synth_total=0.4778 extra_render_attn_share=0.5522
[step 84350] real_p1_mirror_hole_cov=0.0756 real_p1_eps=0.0017 real_p1_hole_frac=0.1556 real_p2_eps=0.0808 real_p2_hit=0.0000 real_total=0.0825 synth_eps=0.0478 synth_eps_raw=0.0478 synth_x0_hit=0.0000 synth_total=0.0478 extra_render_attn_share=0.5522
[step 84400] real_p1_mirror_hole_cov=0.0828 real_p1_eps=0.0434 real_p1_hole_frac=0.5456 real_p2_eps=0.0351 real_p2_hit=0.0000 real_total=0.0785 synth_eps=0.6410 synth_eps_raw=0.6410 synth_x0_hit=1.0000 synth_x0_t=16.0000 synth_x0_ldif=0.0098 synth_x0_gen_adv=0.9674 synth_x0_lfm=0.0015 synth_total=0.7506 extra_render_attn_share=0.5522
[step 84450] real_p1_mirror_hole_cov=0.0386 real_p1_eps=0.4782 real_p1_hole_frac=0.1074 real_p2_eps=0.0030 real_p2_hit=0.0000 real_total=0.4811 synth_eps=0.0531 synth_eps_raw=0.0531 synth_x0_hit=0.0000 synth_total=0.0531 extra_render_attn_share=0.5522
[step 84500] real_p1_mirror_hole_cov=0.0013 real_p1_eps=0.0008 real_p1_hole_frac=0.1225 real_p2_eps=0.0042 real_p2_hit=0.0000 real_total=0.0050 synth_eps=0.0598 synth_eps_raw=0.0598 synth_x0_hit=0.0000 synth_total=0.0598 extra_render_attn_share=0.5522
[images] real: anchor | cond1 | cond2 | inv_warp_mirror | mask | mask_inv | warp_img | warp_warp_img | x | y_hat | y_hat_novel -> /home/xzy/warpgan-diffusiong-inpainting/warpgan-diffusion-inpainting-main/experiments/train_inpainting_diffusion/[20260915-085455]_v19_w6b_300k/logs/images/train/real_step0084500.png
[images] synth: cond | mask | target | warp_img | x | y_hat_novel -> /home/xzy/warpgan-diffusiong-inpainting/warpgan-diffusion-inpainting-main/experiments/train_inpainting_diffusion/[20260915-085455]_v19_w6b_300k/logs/images/train/synth_step0084500.png
[step 84550] real_p1_mirror_hole_cov=0.2265 real_p1_eps=0.0204 real_p1_hole_frac=0.0489 real_p2_eps=0.0009 real_p2_hit=0.0000 real_total=0.0213 synth_eps=0.6238 synth_eps_raw=0.6238 synth_x0_hit=1.0000 synth_x0_t=30.0000 synth_x0_ldif=0.0181 synth_x0_gen_adv=0.5115 synth_x0_lfm=0.0021 synth_total=0.6973 extra_render_attn_share=0.5522
[step 84600] real_p1_mirror_hole_cov=0.0649 real_p1_eps=0.0080 real_p1_hole_frac=0.4650 real_p2_eps=0.0063 real_p2_hit=0.0000 real_total=0.0144 synth_eps=0.0288 synth_eps_raw=0.0288 synth_x0_hit=0.0000 synth_total=0.0288 extra_render_attn_share=0.5522
[step 84650] real_p1_mirror_hole_cov=0.0574 real_p1_eps=0.0012 real_p1_hole_frac=0.1885 real_p2_eps=0.0052 real_p2_hit=0.0000 real_total=0.0064 synth_eps=0.1664 synth_eps_raw=0.1664 synth_x0_hit=1.0000 synth_x0_t=277.0000 synth_x0_ldif=0.0981 synth_x0_gen_adv=-0.5109 synth_x0_lfm=0.0078 synth_total=0.2292 extra_render_attn_share=0.5522
[step 84700] real_p1_mirror_hole_cov=0.3672 real_p1_eps=0.0443 real_p1_hole_frac=0.3781 real_p2_eps=0.0045 real_p2_hit=0.0000 real_total=0.0488 discr_adv=0.8927 x0_d_real=0.2259 x0_d_fake=0.0114 g_grad_abs=411.8063 d_grad_abs=490.4237 synth_eps=0.0086 synth_eps_raw=0.0086 synth_x0_hit=0.0000 synth_total=0.0086 extra_render_attn_share=0.5522
[step 84750] real_p1_mirror_hole_cov=0.0822 real_p1_eps=0.0171 real_p1_hole_frac=0.4618 real_p2_eps=0.3996 real_p2_hit=1.0000 real_p2_t=85.0000 real_p2_ldif=0.0384 real_p2_gen_adv=-0.8147 real_p2_lfm=0.0035 real_total=0.3806 discr_adv=0.9682 p2_d_real=0.8783 p2_d_fake=0.8147 g_grad_abs=1092.4267 d_grad_abs=344.4459 synth_eps=0.0052 synth_eps_raw=0.0052 synth_x0_hit=0.0000 synth_total=0.0052 extra_render_attn_share=0.5522
[step 84800] real_p1_mirror_hole_cov=0.0616 real_p1_eps=0.0178 real_p1_hole_frac=0.2763 real_p2_eps=0.0119 real_p2_hit=0.0000 real_total=0.0296 synth_eps=0.2604 synth_eps_raw=0.2604 synth_x0_hit=1.0000 synth_x0_t=195.0000 synth_x0_ldif=0.0816 synth_x0_gen_adv=0.2130 synth_x0_lfm=0.0078 synth_total=0.3789 extra_render_attn_share=0.5522
[step 84850] real_p1_mirror_hole_cov=0.0938 real_p1_eps=0.0111 real_p1_hole_frac=0.2636 real_p2_eps=0.0383 real_p2_hit=0.0000 real_total=0.0494 synth_eps=0.1294 synth_eps_raw=0.1294 synth_x0_hit=0.0000 synth_total=0.1294 extra_render_attn_share=0.5522
[step 84900] real_p1_mirror_hole_cov=0.1028 real_p1_eps=0.0131 real_p1_hole_frac=0.4554 real_p2_eps=0.0131 real_p2_hit=0.0000 real_total=0.0262 synth_eps=0.0462 synth_eps_raw=0.0462 synth_x0_hit=0.0000 synth_total=0.0462 extra_render_attn_share=0.5522
[step 84950] real_p1_mirror_hole_cov=0.2126 real_p1_eps=0.0055 real_p1_hole_frac=0.1456 real_p2_eps=0.0168 real_p2_hit=0.0000 real_total=0.0223 synth_eps=0.3351 synth_eps_raw=0.3351 synth_x0_hit=1.0000 synth_x0_t=146.0000 synth_x0_ldif=0.0670 synth_x0_gen_adv=0.0264 synth_x0_lfm=0.0058 synth_total=0.4163 extra_render_attn_share=0.5522
[step 85000] real_p1_mirror_hole_cov=0.0435 real_p1_eps=0.1800 real_p1_hole_frac=0.2090 real_p2_eps=0.1013 real_p2_hit=0.0000 real_total=0.2814 discr_adv=0.9114 x0_d_real=0.5076 x0_d_fake=0.3304 g_grad_abs=1286.0942 d_grad_abs=557.2282 synth_eps=0.4658 synth_eps_raw=0.4658 synth_x0_hit=1.0000 synth_x0_t=61.0000 synth_x0_ldif=0.0298 synth_x0_gen_adv=-0.1441 synth_x0_lfm=0.0040 synth_total=0.4892 extra_render_attn_share=0.5522
[images] real: anchor | cond1 | cond2 | inv_warp_mirror | mask | mask_inv | warp_img | warp_warp_img | x | y_hat | y_hat_novel -> /home/xzy/warpgan-diffusiong-inpainting/warpgan-diffusion-inpainting-main/experiments/train_inpainting_diffusion/[20260915-085455]_v19_w6b_300k/logs/images/train/real_step0085000.png
[images] synth: cond | mask | target | warp_img | x | y_hat_novel -> /home/xzy/warpgan-diffusiong-inpainting/warpgan-diffusion-inpainting-main/experiments/train_inpainting_diffusion/[20260915-085455]_v19_w6b_300k/logs/images/train/synth_step0085000.png
[step 85050] real_p1_mirror_hole_cov=0.1248 real_p1_eps=0.0041 real_p1_hole_frac=0.2843 real_p2_eps=0.0528 real_p2_hit=0.0000 real_total=0.0569 synth_eps=0.0884 synth_eps_raw=0.0884 synth_x0_hit=0.0000 synth_total=0.0884 extra_render_attn_share=0.5522
[step 85100] real_p1_mirror_hole_cov=0.0632 real_p1_eps=0.0034 real_p1_hole_frac=0.1084 real_p2_eps=0.0062 real_p2_hit=0.0000 real_total=0.0096 synth_eps=0.0457 synth_eps_raw=0.0457 synth_x0_hit=0.0000 synth_total=0.0457 extra_render_attn_share=0.5522
[step 85150] real_p1_mirror_hole_cov=0.0337 real_p1_eps=0.0389 real_p1_hole_frac=0.1720 real_p2_eps=0.0043 real_p2_hit=0.0000 real_total=0.0433 synth_eps=0.0037 synth_eps_raw=0.0037 synth_x0_hit=0.0000 synth_total=0.0037 extra_render_attn_share=0.5522
[step 85200] real_p1_mirror_hole_cov=0.0167 real_p1_eps=0.2306 real_p1_hole_frac=0.4068 real_p2_eps=0.1461 real_p2_hit=0.0000 real_total=0.3766 discr_adv=0.8490 x0_d_real=0.3362 x0_d_fake=0.0342 g_grad_abs=1208.1281 d_grad_abs=389.0166 synth_eps=0.0086 synth_eps_raw=0.0086 synth_x0_hit=0.0000 synth_total=0.0086 extra_render_attn_share=0.5522
[step 85250] real_p1_mirror_hole_cov=0.4126 real_p1_eps=0.0166 real_p1_hole_frac=0.1529 real_p2_eps=0.1678 real_p2_hit=1.0000 real_p2_t=209.0000 real_p2_ldif=0.0590 real_p2_gen_adv=-1.0009 real_p2_lfm=0.0055 real_total=0.1543 discr_adv=1.0326 p2_d_real=0.9485 p2_d_fake=1.0009 g_grad_abs=1430.8625 d_grad_abs=191.8202 synth_eps=0.0084 synth_eps_raw=0.0084 synth_x0_hit=0.0000 synth_total=0.0084 extra_render_attn_share=0.5522
[step 85300] real_p1_mirror_hole_cov=0.0324 real_p1_eps=0.0370 real_p1_hole_frac=0.4878 real_p2_eps=0.3019 real_p2_hit=1.0000 real_p2_t=187.0000 real_p2_ldif=0.0883 real_p2_gen_adv=-0.4906 real_p2_lfm=0.0053 real_total=0.3886 discr_adv=2.0406 x0_d_real=-0.1865 x0_d_fake=-0.0135 p2_d_real=0.5823 p2_d_fake=0.4906 g_grad_abs=1340.0079 d_grad_abs=457.7875 synth_eps=0.0081 synth_eps_raw=0.0081 synth_x0_hit=0.0000 synth_total=0.0081 extra_render_attn_share=0.5522
[step 85350] real_p1_mirror_hole_cov=0.1693 real_p1_eps=0.0441 real_p1_hole_frac=0.1761 real_p2_eps=0.0013 real_p2_hit=0.0000 real_total=0.0455 discr_adv=0.9430 x0_d_real=-0.4504 x0_d_fake=-0.5644 g_grad_abs=422.7412 d_grad_abs=194.8789 synth_eps=0.0811 synth_eps_raw=0.0811 synth_x0_hit=0.0000 synth_total=0.0811 extra_render_attn_share=0.5522
[step 85400] real_p1_mirror_hole_cov=0.0327 real_p1_eps=0.0015 real_p1_hole_frac=0.3712 real_p2_eps=0.0062 real_p2_hit=0.0000 real_total=0.0077 synth_eps=0.0947 synth_eps_raw=0.0947 synth_x0_hit=0.0000 synth_total=0.0947 extra_render_attn_share=0.5522
[step 85450] real_p1_mirror_hole_cov=0.0053 real_p1_eps=0.1224 real_p1_hole_frac=0.1300 real_p2_eps=0.0744 real_p2_hit=0.0000 real_total=0.1968 synth_eps=0.1094 synth_eps_raw=0.1094 synth_x0_hit=0.0000 synth_total=0.1094 extra_render_attn_share=0.5522
[step 85500] real_p1_mirror_hole_cov=0.0423 real_p1_eps=0.0967 real_p1_hole_frac=0.3723 real_p2_eps=0.0360 real_p2_hit=0.0000 real_total=0.1327 synth_eps=0.0458 synth_eps_raw=0.0458 synth_x0_hit=0.0000 synth_total=0.0458 extra_render_attn_share=0.5522
[images] real: anchor | cond1 | cond2 | inv_warp_mirror | mask | mask_inv | warp_img | warp_warp_img | x | y_hat | y_hat_novel -> /home/xzy/warpgan-diffusiong-inpainting/warpgan-diffusion-inpainting-main/experiments/train_inpainting_diffusion/[20260915-085455]_v19_w6b_300k/logs/images/train/real_step0085500.png
[images] synth: cond | mask | target | warp_img | x | y_hat_novel -> /home/xzy/warpgan-diffusiong-inpainting/warpgan-diffusion-inpainting-main/experiments/train_inpainting_diffusion/[20260915-085455]_v19_w6b_300k/logs/images/train/synth_step0085500.png
[step 85550] real_p1_mirror_hole_cov=0.0212 real_p1_eps=0.0007 real_p1_hole_frac=0.3036 real_p2_eps=0.0059 real_p2_hit=0.0000 real_total=0.0065 synth_eps=0.1270 synth_eps_raw=0.1270 synth_x0_hit=0.0000 synth_total=0.1270 extra_render_attn_share=0.5522
[step 85600] real_p1_mirror_hole_cov=0.0061 real_p1_eps=0.0024 real_p1_hole_frac=0.0740 real_p2_eps=0.0007 real_p2_hit=0.0000 real_total=0.0031 synth_eps=0.0017 synth_eps_raw=0.0017 synth_x0_hit=0.0000 synth_total=0.0017 extra_render_attn_share=0.5522
[step 85650] real_p1_mirror_hole_cov=0.1619 real_p1_eps=0.7697 real_p1_hole_frac=0.4051 real_p2_eps=0.6320 real_p2_hit=1.0000 real_p2_t=24.0000 real_p2_ldif=0.0145 real_p2_gen_adv=-0.6235 real_p2_lfm=0.0021 real_total=1.3582 discr_adv=0.9864 p2_d_real=0.6507 p2_d_fake=0.6235 g_grad_abs=1822.9004 d_grad_abs=156.6385 synth_eps=0.3340 synth_eps_raw=0.3340 synth_x0_hit=1.0000 synth_x0_t=144.0000 synth_x0_ldif=0.0654 synth_x0_gen_adv=0.0271 synth_x0_lfm=0.0051 synth_total=0.4124 extra_render_attn_share=0.5522
[step 85700] real_p1_mirror_hole_cov=0.4034 real_p1_eps=0.0074 real_p1_hole_frac=0.0896 real_p2_eps=0.0984 real_p2_hit=1.0000 real_p2_t=206.0000 real_p2_ldif=0.0338 real_p2_gen_adv=-0.0503 real_p2_lfm=0.0027 real_total=0.1399 discr_adv=1.0994 p2_d_real=-0.1485 p2_d_fake=0.0503 g_grad_abs=1032.4049 d_grad_abs=275.9321 synth_eps=0.1283 synth_eps_raw=0.1283 synth_x0_hit=0.0000 synth_total=0.1283 extra_render_attn_share=0.5522
[step 85750] real_p1_mirror_hole_cov=0.2151 real_p1_eps=0.0956 real_p1_hole_frac=0.1931 real_p2_eps=0.3163 real_p2_hit=1.0000 real_p2_t=85.0000 real_p2_ldif=0.0304 real_p2_gen_adv=-0.5593 real_p2_lfm=0.0024 real_total=0.3912 discr_adv=0.9789 p2_d_real=0.6015 p2_d_fake=0.5593 g_grad_abs=1148.1821 d_grad_abs=125.2111 synth_eps=0.0816 synth_eps_raw=0.0816 synth_x0_hit=0.0000 synth_total=0.0816 extra_render_attn_share=0.5522
[step 85800] real_p1_mirror_hole_cov=0.0405 real_p1_eps=0.1912 real_p1_hole_frac=0.0292 real_p2_eps=0.0082 real_p2_hit=0.0000 real_total=0.1994 synth_eps=0.0916 synth_eps_raw=0.0916 synth_x0_hit=0.0000 synth_total=0.0916 extra_render_attn_share=0.5522
[step 85850] real_p1_mirror_hole_cov=0.3763 real_p1_eps=0.0011 real_p1_hole_frac=0.0856 real_p2_eps=0.0758 real_p2_hit=1.0000 real_p2_t=299.0000 real_p2_ldif=0.0522 real_p2_gen_adv=-0.7130 real_p2_lfm=0.0026 real_total=0.0630 discr_adv=1.0290 p2_d_real=0.6550 p2_d_fake=0.7130 g_grad_abs=1207.4850 d_grad_abs=175.1737 synth_eps=0.0054 synth_eps_raw=0.0054 synth_x0_hit=0.0000 synth_total=0.0054 extra_render_attn_share=0.5522
[step 85900] real_p1_mirror_hole_cov=0.0745 real_p1_eps=0.3535 real_p1_hole_frac=0.4080 real_p2_eps=0.0255 real_p2_hit=0.0000 real_total=0.3790 synth_eps=0.0424 synth_eps_raw=0.0424 synth_x0_hit=0.0000 synth_total=0.0424 extra_render_attn_share=0.5522
[step 85950] real_p1_mirror_hole_cov=0.0046 real_p1_eps=0.0063 real_p1_hole_frac=0.2245 real_p2_eps=0.1535 real_p2_hit=1.0000 real_p2_t=290.0000 real_p2_ldif=0.0992 real_p2_gen_adv=-0.6368 real_p2_lfm=0.0060 real_total=0.2074 discr_adv=1.9153 x0_d_real=0.7734 x0_d_fake=0.6644 p2_d_real=0.6971 p2_d_fake=0.6368 g_grad_abs=1168.2508 d_grad_abs=831.0518 synth_eps=0.0855 synth_eps_raw=0.0855 synth_x0_hit=0.0000 synth_total=0.0855 extra_render_attn_share=0.5522
[val step 85999] val_novel_full=0.0353 val_novel_hole=0.0411 val_novel_visible=0.0345
[step 86000] real_p1_mirror_hole_cov=0.0121 real_p1_eps=0.0834 real_p1_hole_frac=0.1175 real_p2_eps=0.0509 real_p2_hit=0.0000 real_total=0.1344 synth_eps=0.0033 synth_eps_raw=0.0033 synth_x0_hit=0.0000 synth_total=0.0033 extra_render_attn_share=0.5505
[images] real: anchor | cond1 | cond2 | inv_warp_mirror | mask | mask_inv | warp_img | warp_warp_img | x | y_hat | y_hat_novel -> /home/xzy/warpgan-diffusiong-inpainting/warpgan-diffusion-inpainting-main/experiments/train_inpainting_diffusion/[20260915-085455]_v19_w6b_300k/logs/images/train/real_step0086000.png
[images] synth: cond | mask | target | warp_img | x | y_hat_novel -> /home/xzy/warpgan-diffusiong-inpainting/warpgan-diffusion-inpainting-main/experiments/train_inpainting_diffusion/[20260915-085455]_v19_w6b_300k/logs/images/train/synth_step0086000.png
[step 86050] real_p1_mirror_hole_cov=0.0959 real_p1_eps=0.1724 real_p1_hole_frac=0.1571 real_p2_eps=0.1476 real_p2_hit=1.0000 real_p2_t=201.0000 real_p2_ldif=0.0486 real_p2_gen_adv=-0.3908 real_p2_lfm=0.0039 real_total=0.3373 discr_adv=1.0082 p2_d_real=0.3743 p2_d_fake=0.3908 g_grad_abs=1342.8738 d_grad_abs=58.4830 synth_eps=0.0340 synth_eps_raw=0.0340 synth_x0_hit=0.0000 synth_total=0.0340 extra_render_attn_share=0.5505
[step 86100] real_p1_mirror_hole_cov=0.2351 real_p1_eps=0.0020 real_p1_hole_frac=0.3084 real_p2_eps=0.3476 real_p2_hit=1.0000 real_p2_t=98.0000 real_p2_ldif=0.0400 real_p2_gen_adv=-0.4448 real_p2_lfm=0.0039 real_total=0.3529 discr_adv=1.9513 x0_d_real=0.0646 x0_d_fake=0.0331 p2_d_real=0.5107 p2_d_fake=0.4448 g_grad_abs=1162.5144 d_grad_abs=177.0190 synth_eps=0.4127 synth_eps_raw=0.4127 synth_x0_hit=1.0000 synth_x0_t=74.0000 synth_x0_ldif=0.0333 synth_x0_gen_adv=-0.0562 synth_x0_lfm=0.0038 synth_total=0.4481 extra_render_attn_share=0.5505
[step 86150] real_p1_mirror_hole_cov=0.0229 real_p1_eps=0.1210 real_p1_hole_frac=0.4566 real_p2_eps=0.1678 real_p2_hit=1.0000 real_p2_t=255.0000 real_p2_ldif=0.0843 real_p2_gen_adv=0.0481 real_p2_lfm=0.0060 real_total=0.3899 discr_adv=0.9675 p2_d_real=0.0170 p2_d_fake=-0.0481 g_grad_abs=1375.6832 d_grad_abs=124.8522 synth_eps=0.5450 synth_eps_raw=0.5450 synth_x0_hit=1.0000 synth_x0_t=29.0000 synth_x0_ldif=0.0153 synth_x0_gen_adv=0.1344 synth_x0_lfm=0.0014 synth_total=0.5765 extra_render_attn_share=0.5505
[step 86200] real_p1_mirror_hole_cov=0.0023 real_p1_eps=0.0085 real_p1_hole_frac=0.1576 real_p2_eps=0.0309 real_p2_hit=0.0000 real_total=0.0394 synth_eps=0.0371 synth_eps_raw=0.0371 synth_x0_hit=0.0000 synth_total=0.0371 extra_render_attn_share=0.5505
[step 86250] real_p1_mirror_hole_cov=0.1781 real_p1_eps=0.0024 real_p1_hole_frac=0.3856 real_p2_eps=0.0121 real_p2_hit=0.0000 real_total=0.0145 synth_eps=0.0028 synth_eps_raw=0.0028 synth_x0_hit=0.0000 synth_total=0.0028 extra_render_attn_share=0.5505
[step 86300] real_p1_mirror_hole_cov=0.0076 real_p1_eps=0.0308 real_p1_hole_frac=0.3250 real_p2_eps=0.0609 real_p2_hit=0.0000 real_total=0.0917 discr_adv=0.9239 x0_d_real=0.1608 x0_d_fake=0.0087 g_grad_abs=563.4761 d_grad_abs=349.4994 synth_eps=0.0334 synth_eps_raw=0.0334 synth_x0_hit=0.0000 synth_total=0.0334 extra_render_attn_share=0.5505
[step 86350] real_p1_mirror_hole_cov=0.0852 real_p1_eps=0.0035 real_p1_hole_frac=0.3734 real_p2_eps=0.2658 real_p2_hit=1.0000 real_p2_t=169.0000 real_p2_ldif=0.0663 real_p2_gen_adv=-0.1026 real_p2_lfm=0.0046 real_total=0.3345 discr_adv=0.9591 p2_d_real=0.1844 p2_d_fake=0.1026 g_grad_abs=1264.7227 d_grad_abs=140.7085 synth_eps=0.6290 synth_eps_raw=0.6290 synth_x0_hit=1.0000 synth_x0_t=21.0000 synth_x0_ldif=0.0126 synth_x0_gen_adv=0.8077 synth_x0_lfm=0.0017 synth_total=0.7258 extra_render_attn_share=0.5505
[step 86400] real_p1_mirror_hole_cov=0.1028 real_p1_eps=0.2068 real_p1_hole_frac=0.3778 real_p2_eps=0.1830 real_p2_hit=1.0000 real_p2_t=259.0000 real_p2_ldif=0.0947 real_p2_gen_adv=-0.5874 real_p2_lfm=0.0048 real_total=0.4355 discr_adv=1.0200 p2_d_real=0.5474 p2_d_fake=0.5874 g_grad_abs=1596.2044 d_grad_abs=192.3352 synth_eps=0.0473 synth_eps_raw=0.0473 synth_x0_hit=0.0000 synth_total=0.0473 extra_render_attn_share=0.5505
[step 86450] real_p1_mirror_hole_cov=0.3325 real_p1_eps=0.0433 real_p1_hole_frac=0.2472 real_p2_eps=0.0011 real_p2_hit=0.0000 real_total=0.0444 discr_adv=0.9739 x0_d_real=0.6490 x0_d_fake=0.5967 g_grad_abs=410.0719 d_grad_abs=169.2890 synth_eps=0.0420 synth_eps_raw=0.0420 synth_x0_hit=0.0000 synth_total=0.0420 extra_render_attn_share=0.5505
[step 86500] real_p1_mirror_hole_cov=0.1677 real_p1_eps=0.0126 real_p1_hole_frac=0.4135 real_p2_eps=0.0943 real_p2_hit=0.0000 real_total=0.1068 synth_eps=0.0020 synth_eps_raw=0.0020 synth_x0_hit=0.0000 synth_total=0.0020 extra_render_attn_share=0.5505
[images] real: anchor | cond1 | cond2 | inv_warp_mirror | mask | mask_inv | warp_img | warp_warp_img | x | y_hat | y_hat_novel -> /home/xzy/warpgan-diffusiong-inpainting/warpgan-diffusion-inpainting-main/experiments/train_inpainting_diffusion/[20260915-085455]_v19_w6b_300k/logs/images/train/real_step0086500.png
[images] synth: cond | mask | target | warp_img | x | y_hat_novel -> /home/xzy/warpgan-diffusiong-inpainting/warpgan-diffusion-inpainting-main/experiments/train_inpainting_diffusion/[20260915-085455]_v19_w6b_300k/logs/images/train/synth_step0086500.png
[step 86550] real_p1_mirror_hole_cov=0.2880 real_p1_eps=0.2655 real_p1_hole_frac=0.4780 real_p2_eps=0.0138 real_p2_hit=0.0000 real_total=0.2793 synth_eps=0.2778 synth_eps_raw=0.2778 synth_x0_hit=1.0000 synth_x0_t=206.0000 synth_x0_ldif=0.0954 synth_x0_gen_adv=-0.2126 synth_x0_lfm=0.0068 synth_total=0.3656 extra_render_attn_share=0.5505
[step 86600] real_p1_mirror_hole_cov=0.0321 real_p1_eps=0.0274 real_p1_hole_frac=0.1887 real_p2_eps=0.0113 real_p2_hit=0.0000 real_total=0.0388 synth_eps=0.0546 synth_eps_raw=0.0546 synth_x0_hit=0.0000 synth_total=0.0546 extra_render_attn_share=0.5505
[step 86650] real_p1_mirror_hole_cov=0.0222 real_p1_eps=0.0008 real_p1_hole_frac=0.1397 real_p2_eps=0.2885 real_p2_hit=1.0000 real_p2_t=80.0000 real_p2_ldif=0.0257 real_p2_gen_adv=-1.0151 real_p2_lfm=0.0024 real_total=0.2183 discr_adv=1.0222 p2_d_real=1.0208 p2_d_fake=1.0151 g_grad_abs=1077.8834 d_grad_abs=248.3378 synth_eps=0.0965 synth_eps_raw=0.0965 synth_x0_hit=0.0000 synth_total=0.0965 extra_render_attn_share=0.5505
[step 86700] real_p1_mirror_hole_cov=0.0228 real_p1_eps=0.0553 real_p1_hole_frac=0.2914 real_p2_eps=0.0677 real_p2_hit=0.0000 real_total=0.1230 synth_eps=0.4797 synth_eps_raw=0.4797 synth_x0_hit=1.0000 synth_x0_t=63.0000 synth_x0_ldif=0.0319 synth_x0_gen_adv=-0.9522 synth_x0_lfm=0.0025 synth_total=0.4215 extra_render_attn_share=0.5505
[step 86750] real_p1_mirror_hole_cov=0.0072 real_p1_eps=0.0085 real_p1_hole_frac=0.1583 real_p2_eps=0.0124 real_p2_hit=0.0000 real_total=0.0209 synth_eps=0.4282 synth_eps_raw=0.4282 synth_x0_hit=1.0000 synth_x0_t=84.0000 synth_x0_ldif=0.0405 synth_x0_gen_adv=0.8808 synth_x0_lfm=0.0042 synth_total=0.5652 extra_render_attn_share=0.5505
[step 86800] real_p1_mirror_hole_cov=0.2283 real_p1_eps=0.0074 real_p1_hole_frac=0.4794 real_p2_eps=0.0649 real_p2_hit=0.0000 real_total=0.0723 discr_adv=0.9460 x0_d_real=-0.0460 x0_d_fake=-0.1541 g_grad_abs=333.2903 d_grad_abs=218.0795 synth_eps=0.1054 synth_eps_raw=0.1054 synth_x0_hit=0.0000 synth_total=0.1054 extra_render_attn_share=0.5505
[step 86850] real_p1_mirror_hole_cov=0.0652 real_p1_eps=0.1822 real_p1_hole_frac=0.4036 real_p2_eps=0.0103 real_p2_hit=0.0000 real_total=0.1925 synth_eps=0.4451 synth_eps_raw=0.4451 synth_x0_hit=1.0000 synth_x0_t=73.0000 synth_x0_ldif=0.0354 synth_x0_gen_adv=0.1248 synth_x0_lfm=0.0027 synth_total=0.4983 extra_render_attn_share=0.5505
[step 86900] real_p1_mirror_hole_cov=0.0121 real_p1_eps=0.0259 real_p1_hole_frac=0.0596 real_p2_eps=0.0015 real_p2_hit=0.0000 real_total=0.0273 discr_adv=0.9714 x0_d_real=-0.2250 x0_d_fake=-0.2822 g_grad_abs=260.2509 d_grad_abs=102.0955 synth_eps=0.8425 synth_eps_raw=0.8425 synth_x0_hit=1.0000 synth_x0_t=6.0000 synth_x0_ldif=0.0051 synth_x0_gen_adv=0.2529 synth_x0_lfm=0.0008 synth_total=0.8745 extra_render_attn_share=0.5505
[step 86950] real_p1_mirror_hole_cov=0.3157 real_p1_eps=0.3658 real_p1_hole_frac=0.3281 real_p2_eps=0.0134 real_p2_hit=0.0000 real_total=0.3792 synth_eps=0.0559 synth_eps_raw=0.0559 synth_x0_hit=0.0000 synth_total=0.0559 extra_render_attn_share=0.5505
[step 87000] real_p1_mirror_hole_cov=0.2946 real_p1_eps=0.0757 real_p1_hole_frac=0.3701 real_p2_eps=0.0264 real_p2_hit=0.0000 real_total=0.1021 synth_eps=0.3094 synth_eps_raw=0.3094 synth_x0_hit=1.0000 synth_x0_t=123.0000 synth_x0_ldif=0.0484 synth_x0_gen_adv=-0.4049 synth_x0_lfm=0.0040 synth_total=0.3253 extra_render_attn_share=0.5505
[images] real: anchor | cond1 | cond2 | inv_warp_mirror | mask | mask_inv | warp_img | warp_warp_img | x | y_hat | y_hat_novel -> /home/xzy/warpgan-diffusiong-inpainting/warpgan-diffusion-inpainting-main/experiments/train_inpainting_diffusion/[20260915-085455]_v19_w6b_300k/logs/images/train/real_step0087000.png
[images] synth: cond | mask | target | warp_img | x | y_hat_novel -> /home/xzy/warpgan-diffusiong-inpainting/warpgan-diffusion-inpainting-main/experiments/train_inpainting_diffusion/[20260915-085455]_v19_w6b_300k/logs/images/train/synth_step0087000.png
[step 87050] real_p1_mirror_hole_cov=0.0864 real_p1_eps=0.0373 real_p1_hole_frac=0.2038 real_p2_eps=0.1111 real_p2_hit=1.0000 real_p2_t=288.0000 real_p2_ldif=0.0709 real_p2_gen_adv=-0.1198 real_p2_lfm=0.0046 real_total=0.2164 discr_adv=1.0198 p2_d_real=0.0801 p2_d_fake=0.1198 g_grad_abs=1023.2306 d_grad_abs=107.4836 synth_eps=0.0182 synth_eps_raw=0.0182 synth_x0_hit=0.0000 synth_total=0.0182 extra_render_attn_share=0.5505
[step 87100] real_p1_mirror_hole_cov=0.1578 real_p1_eps=0.1595 real_p1_hole_frac=0.4131 real_p2_eps=0.2589 real_p2_hit=1.0000 real_p2_t=116.0000 real_p2_ldif=0.0374 real_p2_gen_adv=0.6767 real_p2_lfm=0.0050 real_total=0.5334 discr_adv=1.8995 x0_d_real=-0.1207 x0_d_fake=-0.3014 p2_d_real=-0.6564 p2_d_fake=-0.6767 g_grad_abs=1456.6216 d_grad_abs=690.6474 synth_eps=0.0822 synth_eps_raw=0.0822 synth_x0_hit=0.0000 synth_total=0.0822 extra_render_attn_share=0.5505
[step 87150] real_p1_mirror_hole_cov=0.0389 real_p1_eps=0.0195 real_p1_hole_frac=0.0752 real_p2_eps=0.0565 real_p2_hit=0.0000 real_total=0.0760 synth_eps=0.0117 synth_eps_raw=0.0117 synth_x0_hit=0.0000 synth_total=0.0117 extra_render_attn_share=0.5505
[step 87200] real_p1_mirror_hole_cov=0.0768 real_p1_eps=0.0082 real_p1_hole_frac=0.3571 real_p2_eps=0.0016 real_p2_hit=0.0000 real_total=0.0098 discr_adv=1.0294 x0_d_real=0.2816 x0_d_fake=0.3405 g_grad_abs=209.3321 d_grad_abs=114.5831 synth_eps=0.0759 synth_eps_raw=0.0759 synth_x0_hit=0.0000 synth_total=0.0759 extra_render_attn_share=0.5505
[step 87250] real_p1_mirror_hole_cov=0.1165 real_p1_eps=0.1057 real_p1_hole_frac=0.1339 real_p2_eps=0.0027 real_p2_hit=0.0000 real_total=0.1084 synth_eps=0.0134 synth_eps_raw=0.0134 synth_x0_hit=0.0000 synth_total=0.0134 extra_render_attn_share=0.5505
[step 87300] real_p1_mirror_hole_cov=0.3277 real_p1_eps=0.0013 real_p1_hole_frac=0.0127 real_p2_eps=0.0059 real_p2_hit=0.0000 real_total=0.0072 synth_eps=0.0035 synth_eps_raw=0.0035 synth_x0_hit=0.0000 synth_total=0.0035 extra_render_attn_share=0.5505
[step 87350] real_p1_mirror_hole_cov=0.1513 real_p1_eps=0.0061 real_p1_hole_frac=0.5469 real_p2_eps=0.0338 real_p2_hit=0.0000 real_total=0.0400 synth_eps=0.0330 synth_eps_raw=0.0330 synth_x0_hit=0.0000 synth_total=0.0330 extra_render_attn_share=0.5505
[step 87400] real_p1_mirror_hole_cov=0.0379 real_p1_eps=0.0131 real_p1_hole_frac=0.2695 real_p2_eps=0.0023 real_p2_hit=0.0000 real_total=0.0154 synth_eps=0.2110 synth_eps_raw=0.2110 synth_x0_hit=1.0000 synth_x0_t=270.0000 synth_x0_ldif=0.1183 synth_x0_gen_adv=-0.2092 synth_x0_lfm=0.0062 synth_total=0.3209 extra_render_attn_share=0.5505
[step 87450] real_p1_mirror_hole_cov=0.0120 real_p1_eps=0.0887 real_p1_hole_frac=0.2493 real_p2_eps=0.0649 real_p2_hit=0.0000 real_total=0.1537 synth_eps=0.0011 synth_eps_raw=0.0011 synth_x0_hit=0.0000 synth_total=0.0011 extra_render_attn_share=0.5505
[step 87500] real_p1_mirror_hole_cov=0.0937 real_p1_eps=0.0195 real_p1_hole_frac=0.2613 real_p2_eps=0.0450 real_p2_hit=0.0000 real_total=0.0645 synth_eps=0.0037 synth_eps_raw=0.0037 synth_x0_hit=0.0000 synth_total=0.0037 extra_render_attn_share=0.5505
[images] real: anchor | cond1 | cond2 | inv_warp_mirror | mask | mask_inv | warp_img | warp_warp_img | x | y_hat | y_hat_novel -> /home/xzy/warpgan-diffusiong-inpainting/warpgan-diffusion-inpainting-main/experiments/train_inpainting_diffusion/[20260915-085455]_v19_w6b_300k/logs/images/train/real_step0087500.png
[images] synth: cond | mask | target | warp_img | x | y_hat_novel -> /home/xzy/warpgan-diffusiong-inpainting/warpgan-diffusion-inpainting-main/experiments/train_inpainting_diffusion/[20260915-085455]_v19_w6b_300k/logs/images/train/synth_step0087500.png
[step 87550] real_p1_mirror_hole_cov=0.0733 real_p1_eps=0.7319 real_p1_hole_frac=0.2728 real_p2_eps=0.1373 real_p2_hit=0.0000 real_total=0.8692 discr_adv=0.9628 x0_d_real=-0.6181 x0_d_fake=-0.6990 g_grad_abs=1606.5411 d_grad_abs=775.1587 synth_eps=0.0038 synth_eps_raw=0.0038 synth_x0_hit=0.0000 synth_total=0.0038 extra_render_attn_share=0.5505
[step 87600] real_p1_mirror_hole_cov=0.0392 real_p1_eps=0.0103 real_p1_hole_frac=0.0667 real_p2_eps=0.1258 real_p2_hit=1.0000 real_p2_t=222.0000 real_p2_ldif=0.0491 real_p2_gen_adv=-0.1355 real_p2_lfm=0.0037 real_total=0.1790 discr_adv=0.9824 p2_d_real=0.1707 p2_d_fake=0.1355 g_grad_abs=1084.3710 d_grad_abs=154.6867 synth_eps=0.0165 synth_eps_raw=0.0165 synth_x0_hit=0.0000 synth_total=0.0165 extra_render_attn_share=0.5505
[step 87650] real_p1_mirror_hole_cov=0.0278 real_p1_eps=0.0026 real_p1_hole_frac=0.0157 real_p2_eps=0.0014 real_p2_hit=0.0000 real_total=0.0040 synth_eps=0.4566 synth_eps_raw=0.4566 synth_x0_hit=1.0000 synth_x0_t=94.0000 synth_x0_ldif=0.0498 synth_x0_gen_adv=-0.8695 synth_x0_lfm=0.0039 synth_total=0.4274 extra_render_attn_share=0.5505
[step 87700] real_p1_mirror_hole_cov=0.1493 real_p1_eps=0.0298 real_p1_hole_frac=0.3926 real_p2_eps=0.0869 real_p2_hit=0.0000 real_total=0.1167 discr_adv=0.9344 x0_d_real=0.7817 x0_d_fake=0.6505 g_grad_abs=582.8231 d_grad_abs=674.0655 synth_eps=0.4089 synth_eps_raw=0.4089 synth_x0_hit=1.0000 synth_x0_t=75.0000 synth_x0_ldif=0.0336 synth_x0_gen_adv=0.0701 synth_x0_lfm=0.0032 synth_total=0.4559 extra_render_attn_share=0.5505
[step 87750] real_p1_mirror_hole_cov=0.4330 real_p1_eps=0.2535 real_p1_hole_frac=0.3770 real_p2_eps=0.0093 real_p2_hit=0.0000 real_total=0.2628 synth_eps=0.0115 synth_eps_raw=0.0115 synth_x0_hit=0.0000 synth_total=0.0115 extra_render_attn_share=0.5505
[step 87800] real_p1_mirror_hole_cov=0.1853 real_p1_eps=0.2678 real_p1_hole_frac=0.1676 real_p2_eps=0.0108 real_p2_hit=0.0000 real_total=0.2786 synth_eps=0.0282 synth_eps_raw=0.0282 synth_x0_hit=0.0000 synth_total=0.0282 extra_render_attn_share=0.5505
[step 87850] real_p1_mirror_hole_cov=0.1450 real_p1_eps=0.5034 real_p1_hole_frac=0.1956 real_p2_eps=0.0652 real_p2_hit=0.0000 real_total=0.5686 synth_eps=0.0025 synth_eps_raw=0.0025 synth_x0_hit=0.0000 synth_total=0.0025 extra_render_attn_share=0.5505
[step 87900] real_p1_mirror_hole_cov=0.0501 real_p1_eps=0.0036 real_p1_hole_frac=0.4451 real_p2_eps=0.0180 real_p2_hit=0.0000 real_total=0.0217 discr_adv=0.9281 x0_d_real=-0.5699 x0_d_fake=-0.7138 g_grad_abs=209.0222 d_grad_abs=435.8253 synth_eps=0.1095 synth_eps_raw=0.1095 synth_x0_hit=0.0000 synth_total=0.1095 extra_render_attn_share=0.5505
[step 87950] real_p1_mirror_hole_cov=0.0992 real_p1_eps=0.0812 real_p1_hole_frac=0.1282 real_p2_eps=0.0154 real_p2_hit=0.0000 real_total=0.0966 synth_eps=0.2683 synth_eps_raw=0.2683 synth_x0_hit=1.0000 synth_x0_t=205.0000 synth_x0_ldif=0.0915 synth_x0_gen_adv=-0.0719 synth_x0_lfm=0.0056 synth_total=0.3638 extra_render_attn_share=0.5505
[val step 87999] val_novel_full=0.0312 val_novel_hole=0.0321 val_novel_visible=0.0310
[step 88000] real_p1_mirror_hole_cov=0.0378 real_p1_eps=0.0398 real_p1_hole_frac=0.1885 real_p2_eps=0.0178 real_p2_hit=0.0000 real_total=0.0576 synth_eps=0.0771 synth_eps_raw=0.0771 synth_x0_hit=0.0000 synth_total=0.0771 extra_render_attn_share=0.5491
[images] real: anchor | cond1 | cond2 | inv_warp_mirror | mask | mask_inv | warp_img | warp_warp_img | x | y_hat | y_hat_novel -> /home/xzy/warpgan-diffusiong-inpainting/warpgan-diffusion-inpainting-main/experiments/train_inpainting_diffusion/[20260915-085455]_v19_w6b_300k/logs/images/train/real_step0088000.png
[images] synth: cond | mask | target | warp_img | x | y_hat_novel -> /home/xzy/warpgan-diffusiong-inpainting/warpgan-diffusion-inpainting-main/experiments/train_inpainting_diffusion/[20260915-085455]_v19_w6b_300k/logs/images/train/synth_step0088000.png
[step 88050] real_p1_mirror_hole_cov=0.1357 real_p1_eps=0.0057 real_p1_hole_frac=0.5030 real_p2_eps=0.2564 real_p2_hit=1.0000 real_p2_t=192.0000 real_p2_ldif=0.0783 real_p2_gen_adv=-0.4160 real_p2_lfm=0.0048 real_total=0.3084 discr_adv=0.9165 p2_d_real=0.5829 p2_d_fake=0.4160 g_grad_abs=1155.5379 d_grad_abs=503.8660 synth_eps=0.1150 synth_eps_raw=0.1150 synth_x0_hit=0.0000 synth_total=0.1150 extra_render_attn_share=0.5491
[step 88100] real_p1_mirror_hole_cov=0.2056 real_p1_eps=0.0095 real_p1_hole_frac=0.4543 real_p2_eps=0.0711 real_p2_hit=0.0000 real_total=0.0806 synth_eps=0.0306 synth_eps_raw=0.0306 synth_x0_hit=0.0000 synth_total=0.0306 extra_render_attn_share=0.5491
[step 88150] real_p1_mirror_hole_cov=0.1638 real_p1_eps=0.0014 real_p1_hole_frac=0.6359 real_p2_eps=0.4714 real_p2_hit=1.0000 real_p2_t=59.0000 real_p2_ldif=0.0290 real_p2_gen_adv=-0.6462 real_p2_lfm=0.0024 real_total=0.4421 discr_adv=0.9390 p2_d_real=0.7682 p2_d_fake=0.6462 g_grad_abs=775.6127 d_grad_abs=657.6329 synth_eps=0.1181 synth_eps_raw=0.1181 synth_x0_hit=0.0000 synth_total=0.1181 extra_render_attn_share=0.5491
[step 88200] real_p1_mirror_hole_cov=0.0689 real_p1_eps=0.1241 real_p1_hole_frac=0.1141 real_p2_eps=0.1352 real_p2_hit=1.0000 real_p2_t=263.0000 real_p2_ldif=0.0720 real_p2_gen_adv=0.0898 real_p2_lfm=0.0054 real_total=0.3510 discr_adv=1.1475 p2_d_real=-0.3848 p2_d_fake=-0.0898 g_grad_abs=1843.9473 d_grad_abs=469.5980 synth_eps=0.0035 synth_eps_raw=0.0035 synth_x0_hit=0.0000 synth_total=0.0035 extra_render_attn_share=0.5491
[step 88250] real_p1_mirror_hole_cov=0.0266 real_p1_eps=0.0908 real_p1_hole_frac=0.1325 real_p2_eps=0.0432 real_p2_hit=0.0000 real_total=0.1340 synth_eps=0.1752 synth_eps_raw=0.1752 synth_x0_hit=1.0000 synth_x0_t=281.0000 synth_x0_ldif=0.1063 synth_x0_gen_adv=0.7148 synth_x0_lfm=0.0073 synth_total=0.3676 extra_render_attn_share=0.5491
[step 88300] real_p1_mirror_hole_cov=0.0392 real_p1_eps=0.0516 real_p1_hole_frac=0.1114 real_p2_eps=0.0168 real_p2_hit=0.0000 real_total=0.0685 synth_eps=0.1624 synth_eps_raw=0.1624 synth_x0_hit=1.0000 synth_x0_t=252.0000 synth_x0_ldif=0.0798 synth_x0_gen_adv=0.1532 synth_x0_lfm=0.0074 synth_total=0.2723 extra_render_attn_share=0.5491
[step 88350] real_p1_mirror_hole_cov=0.0136 real_p1_eps=0.0302 real_p1_hole_frac=0.3262 real_p2_eps=0.0379 real_p2_hit=0.0000 real_total=0.0682 synth_eps=0.0637 synth_eps_raw=0.0637 synth_x0_hit=0.0000 synth_total=0.0637 extra_render_attn_share=0.5491
[step 88400] real_p1_mirror_hole_cov=0.1689 real_p1_eps=0.1269 real_p1_hole_frac=0.3481 real_p2_eps=0.3376 real_p2_hit=1.0000 real_p2_t=101.0000 real_p2_ldif=0.0405 real_p2_gen_adv=0.5491 real_p2_lfm=0.0036 real_total=0.5670 discr_adv=2.0248 x0_d_real=0.0679 x0_d_fake=0.0760 p2_d_real=-0.5906 p2_d_fake=-0.5491 g_grad_abs=1354.7238 d_grad_abs=135.1135 synth_eps=0.2139 synth_eps_raw=0.2139 synth_x0_hit=1.0000 synth_x0_t=272.0000 synth_x0_ldif=0.1217 synth_x0_gen_adv=0.5560 synth_x0_lfm=0.0063 synth_total=0.4037 extra_render_attn_share=0.5491
[step 88450] real_p1_mirror_hole_cov=0.0927 real_p1_eps=0.1166 real_p1_hole_frac=0.2025 real_p2_eps=0.2569 real_p2_hit=1.0000 real_p2_t=109.0000 real_p2_ldif=0.0341 real_p2_gen_adv=0.1033 real_p2_lfm=0.0028 real_total=0.4235 discr_adv=0.9835 p2_d_real=-0.0704 p2_d_fake=-0.1033 g_grad_abs=1228.5360 d_grad_abs=57.1944 synth_eps=0.1987 synth_eps_raw=0.1987 synth_x0_hit=1.0000 synth_x0_t=227.0000 synth_x0_ldif=0.0807 synth_x0_gen_adv=0.6298 synth_x0_lfm=0.0058 synth_total=0.3540 extra_render_attn_share=0.5491
[step 88500] real_p1_mirror_hole_cov=0.0035 real_p1_eps=0.0007 real_p1_hole_frac=0.2598 real_p2_eps=0.0055 real_p2_hit=0.0000 real_total=0.0062 synth_eps=0.2732 synth_eps_raw=0.2732 synth_x0_hit=1.0000 synth_x0_t=192.0000 synth_x0_ldif=0.0835 synth_x0_gen_adv=-0.6497 synth_x0_lfm=0.0075 synth_total=0.3067 extra_render_attn_share=0.5491
[images] real: anchor | cond1 | cond2 | inv_warp_mirror | mask | mask_inv | warp_img | warp_warp_img | x | y_hat | y_hat_novel -> /home/xzy/warpgan-diffusiong-inpainting/warpgan-diffusion-inpainting-main/experiments/train_inpainting_diffusion/[20260915-085455]_v19_w6b_300k/logs/images/train/real_step0088500.png
[images] synth: cond | mask | target | warp_img | x | y_hat_novel -> /home/xzy/warpgan-diffusiong-inpainting/warpgan-diffusion-inpainting-main/experiments/train_inpainting_diffusion/[20260915-085455]_v19_w6b_300k/logs/images/train/synth_step0088500.png
[step 88550] real_p1_mirror_hole_cov=0.0197 real_p1_eps=0.0415 real_p1_hole_frac=0.1928 real_p2_eps=0.3343 real_p2_hit=1.0000 real_p2_t=61.0000 real_p2_ldif=0.0214 real_p2_gen_adv=-0.7119 real_p2_lfm=0.0021 real_total=0.3304 discr_adv=0.9866 p2_d_real=0.7386 p2_d_fake=0.7119 g_grad_abs=1518.2345 d_grad_abs=91.1369 synth_eps=0.0543 synth_eps_raw=0.0543 synth_x0_hit=0.0000 synth_total=0.0543 extra_render_attn_share=0.5491
[step 88600] real_p1_mirror_hole_cov=0.0176 real_p1_eps=0.0033 real_p1_hole_frac=0.3816 real_p2_eps=0.0374 real_p2_hit=0.0000 real_total=0.0407 synth_eps=0.1931 synth_eps_raw=0.1931 synth_x0_hit=1.0000 synth_x0_t=262.0000 synth_x0_ldif=0.1022 synth_x0_gen_adv=-0.5003 synth_x0_lfm=0.0056 synth_total=0.2565 extra_render_attn_share=0.5491
[step 88650] real_p1_mirror_hole_cov=0.0051 real_p1_eps=0.0019 real_p1_hole_frac=0.1654 real_p2_eps=0.3352 real_p2_hit=1.0000 real_p2_t=86.0000 real_p2_ldif=0.0326 real_p2_gen_adv=-0.6929 real_p2_lfm=0.0016 real_total=0.3036 discr_adv=1.9588 x0_d_real=0.2165 x0_d_fake=0.1785 p2_d_real=0.7373 p2_d_fake=0.6929 g_grad_abs=1107.6005 d_grad_abs=318.4642 synth_eps=0.1332 synth_eps_raw=0.1332 synth_x0_hit=0.0000 synth_total=0.1332 extra_render_attn_share=0.5491
[step 88700] real_p1_mirror_hole_cov=0.0297 real_p1_eps=0.0019 real_p1_hole_frac=0.2077 real_p2_eps=0.3509 real_p2_hit=1.0000 real_p2_t=46.0000 real_p2_ldif=0.0162 real_p2_gen_adv=-0.7459 real_p2_lfm=0.0018 real_total=0.2982 discr_adv=0.9897 p2_d_real=0.7664 p2_d_fake=0.7459 g_grad_abs=1110.7231 d_grad_abs=99.2688 synth_eps=0.1751 synth_eps_raw=0.1751 synth_x0_hit=1.0000 synth_x0_t=269.0000 synth_x0_ldif=0.0975 synth_x0_gen_adv=-0.2235 synth_x0_lfm=0.0064 synth_total=0.2630 extra_render_attn_share=0.5491
[step 88750] real_p1_mirror_hole_cov=0.1255 real_p1_eps=0.0040 real_p1_hole_frac=0.1608 real_p2_eps=0.0028 real_p2_hit=0.0000 real_total=0.0069 synth_eps=0.1498 synth_eps_raw=0.1498 synth_x0_hit=0.0000 synth_total=0.1498 extra_render_attn_share=0.5491
[step 88800] real_p1_mirror_hole_cov=0.2897 real_p1_eps=0.0057 real_p1_hole_frac=0.0923 real_p2_eps=0.0154 real_p2_hit=0.0000 real_total=0.0211 synth_eps=0.0098 synth_eps_raw=0.0098 synth_x0_hit=0.0000 synth_total=0.0098 extra_render_attn_share=0.5491
[step 88850] real_p1_mirror_hole_cov=0.3681 real_p1_eps=0.0011 real_p1_hole_frac=0.6014 real_p2_eps=0.1105 real_p2_hit=0.0000 real_total=0.1116 synth_eps=0.0250 synth_eps_raw=0.0250 synth_x0_hit=0.0000 synth_total=0.0250 extra_render_attn_share=0.5491
[step 88900] real_p1_mirror_hole_cov=0.1207 real_p1_eps=0.1080 real_p1_hole_frac=0.3103 real_p2_eps=0.0028 real_p2_hit=0.0000 real_total=0.1108 discr_adv=0.9150 x0_d_real=-0.4097 x0_d_fake=-0.5797 g_grad_abs=660.5803 d_grad_abs=465.3143 synth_eps=0.1916 synth_eps_raw=0.1916 synth_x0_hit=1.0000 synth_x0_t=268.0000 synth_x0_ldif=0.1059 synth_x0_gen_adv=0.6113 synth_x0_lfm=0.0075 synth_total=0.3735 extra_render_attn_share=0.5491
[step 88950] real_p1_mirror_hole_cov=0.2086 real_p1_eps=0.0019 real_p1_hole_frac=0.2647 real_p2_eps=0.0138 real_p2_hit=0.0000 real_total=0.0157 synth_eps=0.1946 synth_eps_raw=0.1946 synth_x0_hit=1.0000 synth_x0_t=210.0000 synth_x0_ldif=0.0690 synth_x0_gen_adv=0.1360 synth_x0_lfm=0.0047 synth_total=0.2866 extra_render_attn_share=0.5491
[step 89000] real_p1_mirror_hole_cov=0.1523 real_p1_eps=0.0143 real_p1_hole_frac=0.3236 real_p2_eps=0.0081 real_p2_hit=0.0000 real_total=0.0225 synth_eps=0.2272 synth_eps_raw=0.2272 synth_x0_hit=1.0000 synth_x0_t=224.0000 synth_x0_ldif=0.0902 synth_x0_gen_adv=0.5561 synth_x0_lfm=0.0076 synth_total=0.3882 extra_render_attn_share=0.5491
[images] real: anchor | cond1 | cond2 | inv_warp_mirror | mask | mask_inv | warp_img | warp_warp_img | x | y_hat | y_hat_novel -> /home/xzy/warpgan-diffusiong-inpainting/warpgan-diffusion-inpainting-main/experiments/train_inpainting_diffusion/[20260915-085455]_v19_w6b_300k/logs/images/train/real_step0089000.png
[images] synth: cond | mask | target | warp_img | x | y_hat_novel -> /home/xzy/warpgan-diffusiong-inpainting/warpgan-diffusion-inpainting-main/experiments/train_inpainting_diffusion/[20260915-085455]_v19_w6b_300k/logs/images/train/synth_step0089000.png
[step 89050] real_p1_mirror_hole_cov=0.0576 real_p1_eps=0.1130 real_p1_hole_frac=0.2327 real_p2_eps=0.0250 real_p2_hit=0.0000 real_total=0.1380 synth_eps=0.0875 synth_eps_raw=0.0875 synth_x0_hit=1.0000 synth_x0_t=300.0000 synth_x0_ldif=0.0606 synth_x0_gen_adv=0.8799 synth_x0_lfm=0.0048 synth_total=0.2458 extra_render_attn_share=0.5491
[step 89100] real_p1_mirror_hole_cov=0.0144 real_p1_eps=0.0276 real_p1_hole_frac=0.4398 real_p2_eps=0.0085 real_p2_hit=0.0000 real_total=0.0361 synth_eps=0.1555 synth_eps_raw=0.1555 synth_x0_hit=1.0000 synth_x0_t=277.0000 synth_x0_ldif=0.0917 synth_x0_gen_adv=0.8800 synth_x0_lfm=0.0081 synth_total=0.3514 extra_render_attn_share=0.5491
[step 89150] real_p1_mirror_hole_cov=0.2892 real_p1_eps=0.0139 real_p1_hole_frac=0.2852 real_p2_eps=0.0048 real_p2_hit=0.0000 real_total=0.0187 synth_eps=0.0119 synth_eps_raw=0.0119 synth_x0_hit=0.0000 synth_total=0.0119 extra_render_attn_share=0.5491
[step 89200] real_p1_mirror_hole_cov=0.1534 real_p1_eps=0.0034 real_p1_hole_frac=0.0518 real_p2_eps=0.0081 real_p2_hit=0.0000 real_total=0.0115 synth_eps=0.0032 synth_eps_raw=0.0032 synth_x0_hit=0.0000 synth_total=0.0032 extra_render_attn_share=0.5491
[step 89250] real_p1_mirror_hole_cov=0.0287 real_p1_eps=0.2223 real_p1_hole_frac=0.0339 real_p2_eps=0.1051 real_p2_hit=1.0000 real_p2_t=138.0000 real_p2_ldif=0.0193 real_p2_gen_adv=-0.7068 real_p2_lfm=0.0019 real_total=0.2799 discr_adv=2.1435 x0_d_real=-0.1225 x0_d_fake=-0.0207 p2_d_real=0.5217 p2_d_fake=0.7068 g_grad_abs=1290.7814 d_grad_abs=538.1344 synth_eps=0.0414 synth_eps_raw=0.0414 synth_x0_hit=0.0000 synth_total=0.0414 extra_render_attn_share=0.5491
[step 89300] real_p1_mirror_hole_cov=0.0246 real_p1_eps=0.3746 real_p1_hole_frac=0.3964 real_p2_eps=0.8969 real_p2_hit=1.0000 real_p2_t=1.0000 real_p2_ldif=0.0015 real_p2_gen_adv=-0.1704 real_p2_lfm=0.0001 real_total=1.2563 discr_adv=0.9938 p2_d_real=0.1827 p2_d_fake=0.1704 g_grad_abs=1568.0330 d_grad_abs=39.2040 synth_eps=0.0418 synth_eps_raw=0.0418 synth_x0_hit=0.0000 synth_total=0.0418 extra_render_attn_share=0.5491
[step 89350] real_p1_mirror_hole_cov=0.0036 real_p1_eps=0.0106 real_p1_hole_frac=0.2511 real_p2_eps=0.0588 real_p2_hit=0.0000 real_total=0.0694 discr_adv=0.9398 x0_d_real=-0.5963 x0_d_fake=-0.7168 g_grad_abs=599.7942 d_grad_abs=617.3642 synth_eps=0.0027 synth_eps_raw=0.0027 synth_x0_hit=0.0000 synth_total=0.0027 extra_render_attn_share=0.5491
[step 89400] real_p1_mirror_hole_cov=0.2275 real_p1_eps=0.0047 real_p1_hole_frac=0.3549 real_p2_eps=0.6765 real_p2_hit=1.0000 real_p2_t=6.0000 real_p2_ldif=0.0041 real_p2_gen_adv=-0.5958 real_p2_lfm=0.0008 real_total=0.6273 discr_adv=0.9863 p2_d_real=0.6232 p2_d_fake=0.5958 g_grad_abs=1088.7170 d_grad_abs=121.7885 synth_eps=0.2650 synth_eps_raw=0.2650 synth_x0_hit=1.0000 synth_x0_t=208.0000 synth_x0_ldif=0.0925 synth_x0_gen_adv=-0.7950 synth_x0_lfm=0.0062 synth_total=0.2903 extra_render_attn_share=0.5491
[step 89450] real_p1_mirror_hole_cov=0.1484 real_p1_eps=0.0146 real_p1_hole_frac=0.3312 real_p2_eps=0.0824 real_p2_hit=0.0000 real_total=0.0970 synth_eps=0.0110 synth_eps_raw=0.0110 synth_x0_hit=0.0000 synth_total=0.0110 extra_render_attn_share=0.5491
[step 89500] real_p1_mirror_hole_cov=0.0960 real_p1_eps=0.0037 real_p1_hole_frac=0.0435 real_p2_eps=0.0100 real_p2_hit=0.0000 real_total=0.0137 synth_eps=0.2720 synth_eps_raw=0.2720 synth_x0_hit=1.0000 synth_x0_t=213.0000 synth_x0_ldif=0.0991 synth_x0_gen_adv=-0.0392 synth_x0_lfm=0.0066 synth_total=0.3805 extra_render_attn_share=0.5491
[images] real: anchor | cond1 | cond2 | inv_warp_mirror | mask | mask_inv | warp_img | warp_warp_img | x | y_hat | y_hat_novel -> /home/xzy/warpgan-diffusiong-inpainting/warpgan-diffusion-inpainting-main/experiments/train_inpainting_diffusion/[20260915-085455]_v19_w6b_300k/logs/images/train/real_step0089500.png
[images] synth: cond | mask | target | warp_img | x | y_hat_novel -> /home/xzy/warpgan-diffusiong-inpainting/warpgan-diffusion-inpainting-main/experiments/train_inpainting_diffusion/[20260915-085455]_v19_w6b_300k/logs/images/train/synth_step0089500.png
[step 89550] real_p1_mirror_hole_cov=0.0811 real_p1_eps=0.0102 real_p1_hole_frac=0.1568 real_p2_eps=0.0030 real_p2_hit=0.0000 real_total=0.0132 synth_eps=0.2336 synth_eps_raw=0.2336 synth_x0_hit=1.0000 synth_x0_t=251.0000 synth_x0_ldif=0.1140 synth_x0_gen_adv=0.0078 synth_x0_lfm=0.0078 synth_total=0.3640 extra_render_attn_share=0.5491
[step 89600] real_p1_mirror_hole_cov=0.1920 real_p1_eps=0.0786 real_p1_hole_frac=0.2654 real_p2_eps=0.3557 real_p2_hit=1.0000 real_p2_t=64.0000 real_p2_ldif=0.0241 real_p2_gen_adv=0.2810 real_p2_lfm=0.0024 real_total=0.4913 discr_adv=0.9431 p2_d_real=-0.1671 p2_d_fake=-0.2810 g_grad_abs=1240.1049 d_grad_abs=452.6044 synth_eps=0.0509 synth_eps_raw=0.0509 synth_x0_hit=0.0000 synth_total=0.0509 extra_render_attn_share=0.5491
[step 89650] real_p1_mirror_hole_cov=0.0482 real_p1_eps=0.1478 real_p1_hole_frac=0.3548 real_p2_eps=0.2296 real_p2_hit=1.0000 real_p2_t=200.0000 real_p2_ldif=0.0750 real_p2_gen_adv=0.7154 real_p2_lfm=0.0052 real_total=0.5344 discr_adv=0.9858 p2_d_real=-0.6870 p2_d_fake=-0.7154 g_grad_abs=2063.7973 d_grad_abs=262.4742 synth_eps=0.0102 synth_eps_raw=0.0102 synth_x0_hit=0.0000 synth_total=0.0102 extra_render_attn_share=0.5491
[step 89700] real_p1_mirror_hole_cov=0.1809 real_p1_eps=0.0084 real_p1_hole_frac=0.2980 real_p2_eps=0.0056 real_p2_hit=0.0000 real_total=0.0139 synth_eps=0.1201 synth_eps_raw=0.1201 synth_x0_hit=0.0000 synth_total=0.1201 extra_render_attn_share=0.5491
[step 89750] real_p1_mirror_hole_cov=0.0136 real_p1_eps=0.0029 real_p1_hole_frac=0.0708 real_p2_eps=0.0621 real_p2_hit=0.0000 real_total=0.0650 synth_eps=0.2004 synth_eps_raw=0.2004 synth_x0_hit=1.0000 synth_x0_t=255.0000 synth_x0_ldif=0.1008 synth_x0_gen_adv=-0.0096 synth_x0_lfm=0.0085 synth_total=0.3172 extra_render_attn_share=0.5491
[step 89800] real_p1_mirror_hole_cov=0.1309 real_p1_eps=0.0707 real_p1_hole_frac=0.1993 real_p2_eps=0.0186 real_p2_hit=0.0000 real_total=0.0893 synth_eps=0.9094 synth_eps_raw=0.9094 synth_x0_hit=1.0000 synth_x0_t=2.0000 synth_x0_ldif=0.0023 synth_x0_gen_adv=0.4835 synth_x0_lfm=0.0005 synth_total=0.9610 extra_render_attn_share=0.5491
[step 89850] real_p1_mirror_hole_cov=0.0027 real_p1_eps=0.0014 real_p1_hole_frac=0.1456 real_p2_eps=0.0682 real_p2_hit=0.0000 real_total=0.0696 synth_eps=0.1191 synth_eps_raw=0.1191 synth_x0_hit=0.0000 synth_total=0.1191 extra_render_attn_share=0.5491
[step 89900] real_p1_mirror_hole_cov=0.0154 real_p1_eps=0.1517 real_p1_hole_frac=0.1783 real_p2_eps=0.0039 real_p2_hit=0.0000 real_total=0.1556 discr_adv=0.9506 x0_d_real=0.2510 x0_d_fake=0.1521 g_grad_abs=851.9940 d_grad_abs=322.4197 synth_eps=0.0063 synth_eps_raw=0.0063 synth_x0_hit=0.0000 synth_total=0.0063 extra_render_attn_share=0.5491
[step 89950] real_p1_mirror_hole_cov=0.0626 real_p1_eps=0.0550 real_p1_hole_frac=0.2052 real_p2_eps=0.2204 real_p2_hit=1.0000 real_p2_t=119.0000 real_p2_ldif=0.0329 real_p2_gen_adv=-0.5050 real_p2_lfm=0.0035 real_total=0.2648 discr_adv=1.0126 p2_d_real=0.4798 p2_d_fake=0.5050 g_grad_abs=1188.9081 d_grad_abs=82.4351 synth_eps=0.1200 synth_eps_raw=0.1200 synth_x0_hit=0.0000 synth_total=0.1200 extra_render_attn_share=0.5491
[ckpt] saved /home/xzy/warpgan-diffusiong-inpainting/warpgan-diffusion-inpainting-main/experiments/train_inpainting_diffusion/[20260915-085455]_v19_w6b_300k/checkpoints/iteration_0089999.pt
[val step 89999] val_novel_full=0.0812 val_novel_hole=0.0774 val_novel_visible=0.0859
[step 90000] real_p1_mirror_hole_cov=0.0103 real_p1_eps=0.0011 real_p1_hole_frac=0.2911 real_p2_eps=0.0601 real_p2_hit=0.0000 real_total=0.0612 synth_eps=0.0069 synth_eps_raw=0.0069 synth_x0_hit=0.0000 synth_total=0.0069 extra_render_attn_share=0.5441
[images] real: anchor | cond1 | cond2 | inv_warp_mirror | mask | mask_inv | warp_img | warp_warp_img | x | y_hat | y_hat_novel -> /home/xzy/warpgan-diffusiong-inpainting/warpgan-diffusion-inpainting-main/experiments/train_inpainting_diffusion/[20260915-085455]_v19_w6b_300k/logs/images/train/real_step0090000.png
[images] synth: cond | mask | target | warp_img | x | y_hat_novel -> /home/xzy/warpgan-diffusiong-inpainting/warpgan-diffusion-inpainting-main/experiments/train_inpainting_diffusion/[20260915-085455]_v19_w6b_300k/logs/images/train/synth_step0090000.png
[step 90050] real_p1_mirror_hole_cov=0.0446 real_p1_eps=0.0069 real_p1_hole_frac=0.4809 real_p2_eps=0.0036 real_p2_hit=0.0000 real_total=0.0106 discr_adv=0.9762 x0_d_real=-0.1089 x0_d_fake=-0.1565 g_grad_abs=206.8363 d_grad_abs=104.6984 synth_eps=0.0032 synth_eps_raw=0.0032 synth_x0_hit=0.0000 synth_total=0.0032 extra_render_attn_share=0.5441
[step 90100] real_p1_mirror_hole_cov=0.0610 real_p1_eps=0.3647 real_p1_hole_frac=0.2240 real_p2_eps=0.5019 real_p2_hit=1.0000 real_p2_t=52.0000 real_p2_ldif=0.0267 real_p2_gen_adv=-0.8815 real_p2_lfm=0.0028 real_total=0.8108 discr_adv=1.9801 x0_d_real=-0.2141 x0_d_fake=-0.2129 p2_d_real=0.9267 p2_d_fake=0.8815 g_grad_abs=2294.8556 d_grad_abs=442.1605 synth_eps=0.0576 synth_eps_raw=0.0576 synth_x0_hit=0.0000 synth_total=0.0576 extra_render_attn_share=0.5441
[step 90150] real_p1_mirror_hole_cov=0.0048 real_p1_eps=0.0021 real_p1_hole_frac=0.0729 real_p2_eps=0.0273 real_p2_hit=0.0000 real_total=0.0295 synth_eps=0.0060 synth_eps_raw=0.0060 synth_x0_hit=0.0000 synth_total=0.0060 extra_render_attn_share=0.5441
[step 90200] real_p1_mirror_hole_cov=0.1875 real_p1_eps=0.0118 real_p1_hole_frac=0.1329 real_p2_eps=0.1048 real_p2_hit=1.0000 real_p2_t=243.0000 real_p2_ldif=0.0482 real_p2_gen_adv=-0.2370 real_p2_lfm=0.0047 real_total=0.1504 discr_adv=2.1341 x0_d_real=-0.4982 x0_d_fake=-0.5084 p2_d_real=-0.0415 p2_d_fake=0.2370 g_grad_abs=1012.7470 d_grad_abs=474.1395 synth_eps=0.0020 synth_eps_raw=0.0020 synth_x0_hit=0.0000 synth_total=0.0020 extra_render_attn_share=0.5441
[step 90250] real_p1_mirror_hole_cov=0.0737 real_p1_eps=0.3031 real_p1_hole_frac=0.1576 real_p2_eps=0.0023 real_p2_hit=0.0000 real_total=0.3054 synth_eps=0.0172 synth_eps_raw=0.0172 synth_x0_hit=0.0000 synth_total=0.0172 extra_render_attn_share=0.5441
[step 90300] real_p1_mirror_hole_cov=0.0072 real_p1_eps=0.0018 real_p1_hole_frac=0.3150 real_p2_eps=0.0081 real_p2_hit=0.0000 real_total=0.0099 discr_adv=1.0202 x0_d_real=-0.2046 x0_d_fake=-0.1642 g_grad_abs=152.4480 d_grad_abs=140.8828 synth_eps=0.0035 synth_eps_raw=0.0035 synth_x0_hit=0.0000 synth_total=0.0035 extra_render_attn_share=0.5441
[step 90350] real_p1_mirror_hole_cov=0.0164 real_p1_eps=0.0047 real_p1_hole_frac=0.2898 real_p2_eps=0.0069 real_p2_hit=0.0000 real_total=0.0116 synth_eps=0.0750 synth_eps_raw=0.0750 synth_x0_hit=0.0000 synth_total=0.0750 extra_render_attn_share=0.5441
[step 90400] real_p1_mirror_hole_cov=0.0199 real_p1_eps=0.0034 real_p1_hole_frac=0.2315 real_p2_eps=0.0495 real_p2_hit=0.0000 real_total=0.0529 synth_eps=0.2905 synth_eps_raw=0.2905 synth_x0_hit=1.0000 synth_x0_t=176.0000 synth_x0_ldif=0.0772 synth_x0_gen_adv=0.1564 synth_x0_lfm=0.0055 synth_total=0.3943 extra_render_attn_share=0.5441
[step 90450] real_p1_mirror_hole_cov=0.0453 real_p1_eps=0.1517 real_p1_hole_frac=0.0243 real_p2_eps=0.0638 real_p2_hit=1.0000 real_p2_t=267.0000 real_p2_ldif=0.0350 real_p2_gen_adv=0.3418 real_p2_lfm=0.0029 real_total=0.2904 discr_adv=1.1876 p2_d_real=-0.7169 p2_d_fake=-0.3418 g_grad_abs=1423.4429 d_grad_abs=877.7347 synth_eps=0.4569 synth_eps_raw=0.4569 synth_x0_hit=1.0000 synth_x0_t=88.0000 synth_x0_ldif=0.0458 synth_x0_gen_adv=-0.5350 synth_x0_lfm=0.0034 synth_total=0.4561 extra_render_attn_share=0.5441
[step 90500] real_p1_mirror_hole_cov=0.0818 real_p1_eps=0.4662 real_p1_hole_frac=0.0709 real_p2_eps=0.1726 real_p2_hit=1.0000 real_p2_t=111.0000 real_p2_ldif=0.0235 real_p2_gen_adv=-0.9601 real_p2_lfm=0.0037 real_total=0.5737 discr_adv=1.0102 p2_d_real=0.9420 p2_d_fake=0.9601 g_grad_abs=1768.0449 d_grad_abs=62.9442 synth_eps=0.2066 synth_eps_raw=0.2066 synth_x0_hit=1.0000 synth_x0_t=255.0000 synth_x0_ldif=0.1038 synth_x0_gen_adv=-0.3821 synth_x0_lfm=0.0063 synth_total=0.2847 extra_render_attn_share=0.5441
[images] real: anchor | cond1 | cond2 | inv_warp_mirror | mask | mask_inv | warp_img | warp_warp_img | x | y_hat | y_hat_novel -> /home/xzy/warpgan-diffusiong-inpainting/warpgan-diffusion-inpainting-main/experiments/train_inpainting_diffusion/[20260915-085455]_v19_w6b_300k/logs/images/train/real_step0090500.png
[images] synth: cond | mask | target | warp_img | x | y_hat_novel -> /home/xzy/warpgan-diffusiong-inpainting/warpgan-diffusion-inpainting-main/experiments/train_inpainting_diffusion/[20260915-085455]_v19_w6b_300k/logs/images/train/synth_step0090500.png
[step 90550] real_p1_mirror_hole_cov=0.0328 real_p1_eps=0.0064 real_p1_hole_frac=0.2742 real_p2_eps=0.0073 real_p2_hit=0.0000 real_total=0.0137 synth_eps=0.0916 synth_eps_raw=0.0916 synth_x0_hit=0.0000 synth_total=0.0916 extra_render_attn_share=0.5441
[step 90600] real_p1_mirror_hole_cov=0.0129 real_p1_eps=0.0195 real_p1_hole_frac=0.2181 real_p2_eps=0.0033 real_p2_hit=0.0000 real_total=0.0228 discr_adv=0.9542 x0_d_real=0.7507 x0_d_fake=0.6583 g_grad_abs=279.5470 d_grad_abs=299.4716 synth_eps=0.0067 synth_eps_raw=0.0067 synth_x0_hit=0.0000 synth_total=0.0067 extra_render_attn_share=0.5441
[step 90650] real_p1_mirror_hole_cov=0.0405 real_p1_eps=0.0447 real_p1_hole_frac=0.1163 real_p2_eps=0.0071 real_p2_hit=0.0000 real_total=0.0518 discr_adv=0.9371 x0_d_real=0.9013 x0_d_fake=0.7755 g_grad_abs=646.4176 d_grad_abs=666.2974 synth_eps=0.0076 synth_eps_raw=0.0076 synth_x0_hit=0.0000 synth_total=0.0076 extra_render_attn_share=0.5441
[step 90700] real_p1_mirror_hole_cov=0.3110 real_p1_eps=0.0293 real_p1_hole_frac=0.6953 real_p2_eps=0.0070 real_p2_hit=0.0000 real_total=0.0363 synth_eps=0.0081 synth_eps_raw=0.0081 synth_x0_hit=0.0000 synth_total=0.0081 extra_render_attn_share=0.5441
[step 90750] real_p1_mirror_hole_cov=0.0560 real_p1_eps=0.0869 real_p1_hole_frac=0.4617 real_p2_eps=0.0055 real_p2_hit=0.0000 real_total=0.0924 synth_eps=0.1180 synth_eps_raw=0.1180 synth_x0_hit=0.0000 synth_total=0.1180 extra_render_attn_share=0.5441
[step 90800] real_p1_mirror_hole_cov=0.4418 real_p1_eps=0.0022 real_p1_hole_frac=0.2975 real_p2_eps=0.0349 real_p2_hit=0.0000 real_total=0.0371 synth_eps=0.0114 synth_eps_raw=0.0114 synth_x0_hit=0.0000 synth_total=0.0114 extra_render_attn_share=0.5441
[step 90850] real_p1_mirror_hole_cov=0.1236 real_p1_eps=0.1817 real_p1_hole_frac=0.3868 real_p2_eps=0.0062 real_p2_hit=0.0000 real_total=0.1878 synth_eps=0.0327 synth_eps_raw=0.0327 synth_x0_hit=0.0000 synth_total=0.0327 extra_render_attn_share=0.5441
[step 90900] real_p1_mirror_hole_cov=0.0523 real_p1_eps=0.0426 real_p1_hole_frac=0.1217 real_p2_eps=0.0023 real_p2_hit=0.0000 real_total=0.0449 discr_adv=0.8900 x0_d_real=-0.2114 x0_d_fake=-0.4347 g_grad_abs=298.3024 d_grad_abs=577.1582 synth_eps=0.1193 synth_eps_raw=0.1193 synth_x0_hit=0.0000 synth_total=0.1193 extra_render_attn_share=0.5441
[step 90950] real_p1_mirror_hole_cov=0.0201 real_p1_eps=0.0087 real_p1_hole_frac=0.1151 real_p2_eps=0.0248 real_p2_hit=0.0000 real_total=0.0335 synth_eps=0.1337 synth_eps_raw=0.1337 synth_x0_hit=0.0000 synth_total=0.1337 extra_render_attn_share=0.5441
[step 91000] real_p1_mirror_hole_cov=0.1143 real_p1_eps=0.0009 real_p1_hole_frac=0.3896 real_p2_eps=0.0696 real_p2_hit=0.0000 real_total=0.0705 synth_eps=0.0689 synth_eps_raw=0.0689 synth_x0_hit=0.0000 synth_total=0.0689 extra_render_attn_share=0.5441
[images] real: anchor | cond1 | cond2 | inv_warp_mirror | mask | mask_inv | warp_img | warp_warp_img | x | y_hat | y_hat_novel -> /home/xzy/warpgan-diffusiong-inpainting/warpgan-diffusion-inpainting-main/experiments/train_inpainting_diffusion/[20260915-085455]_v19_w6b_300k/logs/images/train/real_step0091000.png
[images] synth: cond | mask | target | warp_img | x | y_hat_novel -> /home/xzy/warpgan-diffusiong-inpainting/warpgan-diffusion-inpainting-main/experiments/train_inpainting_diffusion/[20260915-085455]_v19_w6b_300k/logs/images/train/synth_step0091000.png
[step 91050] real_p1_mirror_hole_cov=0.0331 real_p1_eps=0.0924 real_p1_hole_frac=0.1901 real_p2_eps=0.0012 real_p2_hit=0.0000 real_total=0.0935 synth_eps=0.0734 synth_eps_raw=0.0734 synth_x0_hit=0.0000 synth_total=0.0734 extra_render_attn_share=0.5441
[step 91100] real_p1_mirror_hole_cov=0.1039 real_p1_eps=0.0807 real_p1_hole_frac=0.2759 real_p2_eps=0.0972 real_p2_hit=0.0000 real_total=0.1778 synth_eps=0.0015 synth_eps_raw=0.0015 synth_x0_hit=0.0000 synth_total=0.0015 extra_render_attn_share=0.5441
[step 91150] real_p1_mirror_hole_cov=0.2279 real_p1_eps=0.0224 real_p1_hole_frac=0.3855 real_p2_eps=0.0022 real_p2_hit=0.0000 real_total=0.0246 synth_eps=0.1425 synth_eps_raw=0.1425 synth_x0_hit=1.0000 synth_x0_t=229.0000 synth_x0_ldif=0.0588 synth_x0_gen_adv=0.6993 synth_x0_lfm=0.0059 synth_total=0.2830 extra_render_attn_share=0.5441
[step 91200] real_p1_mirror_hole_cov=0.0686 real_p1_eps=0.1917 real_p1_hole_frac=0.3042 real_p2_eps=0.0491 real_p2_hit=0.0000 real_total=0.2408 synth_eps=0.0314 synth_eps_raw=0.0314 synth_x0_hit=0.0000 synth_total=0.0314 extra_render_attn_share=0.5441
